id,code,country_id,country_code,state_id,state_code,city_id,locality_name,type,latitude,longitude,source,wikiDataId,created_at,updated_at,flag
99429,05751,62,DO,4092,18,,Barrio Padre Granjero,full,,,inposdom-via-manuelpgs,,2026-04-28T06:49:00,2026-04-28T06:49:00,1
99430,05751,62,DO,4092,18,,Urb. Atlantica,full,,,inposdom-via-manuelpgs,,2026-04-28T06:49:00,2026-04-28T06:49:00,1
99431,09205,62,DO,4111,29,,Reparadero,full,,,inposdom-via-manuelpgs,,2026-04-28T06:49:00,2026-04-28T06:49:00,1
99432,10100,62,DO,4095,01,,Distrito Nacional,full,,,inposdom-via-manuelpgs,,2026-04-28T06:49:00,2026-04-28T06:49:00,1
99433,10101,62,DO,4093,32,,Centro de Los Heroes,full,,,inposdom-via-manuelpgs,,2026-04-28T06:49:00,2026-04-28T06:49:00,1
99434,10102,62,DO,4093,32,,Mata Hambre,full,,,inposdom-via-manuelpgs,,2026-04-28T06:49:00,2026-04-28T06:49:00,1
99435,10103,62,DO,4093,32,,Zona Universitaria,full,,,inposdom-via-manuelpgs,,2026-04-28T06:49:00,2026-04-28T06:49:00,1
99436,10104,62,DO,4093,32,,San Geronimo,full,,,inposdom-via-manuelpgs,,2026-04-28T06:49:00,2026-04-28T06:49:00,1
99437,10105,62,DO,4093,32,,Ciudad Universitaria,full,,,inposdom-via-manuelpgs,,2026-04-28T06:49:00,2026-04-28T06:49:00,1
99438,10106,62,DO,4093,32,,Los Robles,full,,,inposdom-via-manuelpgs,,2026-04-28T06:49:00,2026-04-28T06:49:00,1
99439,10107,62,DO,4093,32,,El Vergel,full,,,inposdom-via-manuelpgs,,2026-04-28T06:49:00,2026-04-28T06:49:00,1
99440,10107,62,DO,4093,32,,Esperilla,full,,,inposdom-via-manuelpgs,,2026-04-28T06:49:00,2026-04-28T06:49:00,1
99441,10108,62,DO,4093,32,,El Manguito,full,,,inposdom-via-manuelpgs,,2026-04-28T06:49:00,2026-04-28T06:49:00,1
99442,10108,62,DO,4093,32,,Esperilla,full,,,inposdom-via-manuelpgs,,2026-04-28T06:49:00,2026-04-28T06:49:00,1
99443,10110,62,DO,4093,32,,El Embajador,full,,,inposdom-via-manuelpgs,,2026-04-28T06:49:00,2026-04-28T06:49:00,1
99444,10111,62,DO,4093,32,,Bella Vista,full,,,inposdom-via-manuelpgs,,2026-04-28T06:49:00,2026-04-28T06:49:00,1
99445,10112,62,DO,4093,32,,Bella Vista,full,,,inposdom-via-manuelpgs,,2026-04-28T06:49:00,2026-04-28T06:49:00,1
99446,10113,62,DO,4093,32,,Sarasota,full,,,inposdom-via-manuelpgs,,2026-04-28T06:49:00,2026-04-28T06:49:00,1
99447,10114,62,DO,4093,32,,Mirador Norte,full,,,inposdom-via-manuelpgs,,2026-04-28T06:49:00,2026-04-28T06:49:00,1
99448,10115,62,DO,4093,32,,Atala,full,,,inposdom-via-manuelpgs,,2026-04-28T06:49:00,2026-04-28T06:49:00,1
99449,10115,62,DO,4093,32,,El Portal,full,,,inposdom-via-manuelpgs,,2026-04-28T06:49:00,2026-04-28T06:49:00,1
99450,10115,62,DO,4093,32,,Rocamar,full,,,inposdom-via-manuelpgs,,2026-04-28T06:49:00,2026-04-28T06:49:00,1
99451,10116,62,DO,4093,32,,30 de Mayo,full,,,inposdom-via-manuelpgs,,2026-04-28T06:49:00,2026-04-28T06:49:00,1
99452,10116,62,DO,4093,32,,Ciudad Ganadera,full,,,inposdom-via-manuelpgs,,2026-04-28T06:49:00,2026-04-28T06:49:00,1
99453,10117,62,DO,4093,32,,Ens. La Paz,full,,,inposdom-via-manuelpgs,,2026-04-28T06:49:00,2026-04-28T06:49:00,1
99454,10117,62,DO,4093,32,,Honduras,full,,,inposdom-via-manuelpgs,,2026-04-28T06:49:00,2026-04-28T06:49:00,1
99455,10118,62,DO,4093,32,,Antillas,full,,,inposdom-via-manuelpgs,,2026-04-28T06:49:00,2026-04-28T06:49:00,1
99456,10118,62,DO,4093,32,,Costa Brava,full,,,inposdom-via-manuelpgs,,2026-04-28T06:49:00,2026-04-28T06:49:00,1
99457,10118,62,DO,4093,32,,El Cacique,full,,,inposdom-via-manuelpgs,,2026-04-28T06:49:00,2026-04-28T06:49:00,1
99458,10118,62,DO,4093,32,,Los Arrecifes,full,,,inposdom-via-manuelpgs,,2026-04-28T06:49:00,2026-04-28T06:49:00,1
99459,10119,62,DO,4093,32,,Naco,full,,,inposdom-via-manuelpgs,,2026-04-28T06:49:00,2026-04-28T06:49:00,1
99460,10120,62,DO,4093,32,,La Yuca,full,,,inposdom-via-manuelpgs,,2026-04-28T06:49:00,2026-04-28T06:49:00,1
99461,10121,62,DO,4093,32,,Arboleda,full,,,inposdom-via-manuelpgs,,2026-04-28T06:49:00,2026-04-28T06:49:00,1
99462,10122,62,DO,4093,32,,Centro Olimpico,full,,,inposdom-via-manuelpgs,,2026-04-28T06:49:00,2026-04-28T06:49:00,1
99463,10122,62,DO,4093,32,,Naco,full,,,inposdom-via-manuelpgs,,2026-04-28T06:49:00,2026-04-28T06:49:00,1
99464,10123,62,DO,4093,32,,Naco,full,,,inposdom-via-manuelpgs,,2026-04-28T06:49:00,2026-04-28T06:49:00,1
99465,10124,62,DO,4093,32,,Naco,full,,,inposdom-via-manuelpgs,,2026-04-28T06:49:00,2026-04-28T06:49:00,1
99466,10125,62,DO,4093,32,,Lope de Vega,full,,,inposdom-via-manuelpgs,,2026-04-28T06:49:00,2026-04-28T06:49:00,1
99467,10126,62,DO,4093,32,,Paraiso,full,,,inposdom-via-manuelpgs,,2026-04-28T06:49:00,2026-04-28T06:49:00,1
99468,10127,62,DO,4093,32,,Piantini,full,,,inposdom-via-manuelpgs,,2026-04-28T06:49:00,2026-04-28T06:49:00,1
99469,10128,62,DO,4093,32,,Carmelita,full,,,inposdom-via-manuelpgs,,2026-04-28T06:49:00,2026-04-28T06:49:00,1
99470,10129,62,DO,4093,32,,Urb. Fernandez,full,,,inposdom-via-manuelpgs,,2026-04-28T06:49:00,2026-04-28T06:49:00,1
99471,10130,62,DO,4093,32,,Julieta Morales,full,,,inposdom-via-manuelpgs,,2026-04-28T06:49:00,2026-04-28T06:49:00,1
99472,10130,62,DO,4093,32,,Los Praditos,full,,,inposdom-via-manuelpgs,,2026-04-28T06:49:00,2026-04-28T06:49:00,1
99473,10131,62,DO,4093,32,,Los Prados,full,,,inposdom-via-manuelpgs,,2026-04-28T06:49:00,2026-04-28T06:49:00,1
99474,10132,62,DO,4093,32,,Los Prados,full,,,inposdom-via-manuelpgs,,2026-04-28T06:49:00,2026-04-28T06:49:00,1
99475,10133,62,DO,4093,32,,Castellana,full,,,inposdom-via-manuelpgs,,2026-04-28T06:49:00,2026-04-28T06:49:00,1
99476,10134,62,DO,4093,32,,San Geronimo,full,,,inposdom-via-manuelpgs,,2026-04-28T06:49:00,2026-04-28T06:49:00,1
99477,10135,62,DO,4093,32,,Ciudad Moderna,full,,,inposdom-via-manuelpgs,,2026-04-28T06:49:00,2026-04-28T06:49:00,1
99478,10135,62,DO,4093,32,,Encarnacion,full,,,inposdom-via-manuelpgs,,2026-04-28T06:49:00,2026-04-28T06:49:00,1
99479,10135,62,DO,4093,32,,Urb. Las Praderas,full,,,inposdom-via-manuelpgs,,2026-04-28T06:49:00,2026-04-28T06:49:00,1
99480,10136,62,DO,4093,32,,Res. Rosmil,full,,,inposdom-via-manuelpgs,,2026-04-28T06:49:00,2026-04-28T06:49:00,1
99481,10137,62,DO,4093,32,,Los Restauradores,full,,,inposdom-via-manuelpgs,,2026-04-28T06:49:00,2026-04-28T06:49:00,1
99482,10138,62,DO,4093,32,,Manganagua,full,,,inposdom-via-manuelpgs,,2026-04-28T06:49:00,2026-04-28T06:49:00,1
99483,10139,62,DO,4093,32,,Los Millones,full,,,inposdom-via-manuelpgs,,2026-04-28T06:49:00,2026-04-28T06:49:00,1
99484,10140,62,DO,4093,32,,Los Millones,full,,,inposdom-via-manuelpgs,,2026-04-28T06:49:00,2026-04-28T06:49:00,1
99485,10141,62,DO,4093,32,,Los Millones,full,,,inposdom-via-manuelpgs,,2026-04-28T06:49:00,2026-04-28T06:49:00,1
99486,10142,62,DO,4093,32,,Los Millones,full,,,inposdom-via-manuelpgs,,2026-04-28T06:49:00,2026-04-28T06:49:00,1
99487,10143,62,DO,4093,32,,Estela Marina,full,,,inposdom-via-manuelpgs,,2026-04-28T06:49:00,2026-04-28T06:49:00,1
99488,10144,62,DO,4093,32,,Los Millones,full,,,inposdom-via-manuelpgs,,2026-04-28T06:49:00,2026-04-28T06:49:00,1
99489,10145,62,DO,4093,32,,Ens. Quisqueya,full,,,inposdom-via-manuelpgs,,2026-04-28T06:49:00,2026-04-28T06:49:00,1
99490,10146,62,DO,4093,32,,Ens. Quisqueya,full,,,inposdom-via-manuelpgs,,2026-04-28T06:49:00,2026-04-28T06:49:00,1
99491,10147,62,DO,4093,32,,Evaristo Morales,full,,,inposdom-via-manuelpgs,,2026-04-28T06:49:00,2026-04-28T06:49:00,1
99492,10148,62,DO,4093,32,,Piantini,full,,,inposdom-via-manuelpgs,,2026-04-28T06:49:00,2026-04-28T06:49:00,1
99493,10149,62,DO,4093,32,,El Millon,full,,,inposdom-via-manuelpgs,,2026-04-28T06:49:00,2026-04-28T06:49:00,1
99494,10150,62,DO,4093,32,,Piantini,full,,,inposdom-via-manuelpgs,,2026-04-28T06:49:00,2026-04-28T06:49:00,1
99495,10201,62,DO,4093,32,,Don Bosco,full,,,inposdom-via-manuelpgs,,2026-04-28T06:49:00,2026-04-28T06:49:00,1
99496,10202,62,DO,4093,32,,Don Bosco,full,,,inposdom-via-manuelpgs,,2026-04-28T06:49:00,2026-04-28T06:49:00,1
99497,10203,62,DO,4093,32,,Miraflores,full,,,inposdom-via-manuelpgs,,2026-04-28T06:49:00,2026-04-28T06:49:00,1
99498,10205,62,DO,4093,32,,Gazcue,full,,,inposdom-via-manuelpgs,,2026-04-28T06:49:00,2026-04-28T06:49:00,1
99499,10206,62,DO,4093,32,,Ensanche Independencia,full,,,inposdom-via-manuelpgs,,2026-04-28T06:49:00,2026-04-28T06:49:00,1
99500,10207,62,DO,4093,32,,La Primavera,full,,,inposdom-via-manuelpgs,,2026-04-28T06:49:00,2026-04-28T06:49:00,1
99501,10208,62,DO,4093,32,,Ciudad Nueva,full,,,inposdom-via-manuelpgs,,2026-04-28T06:49:00,2026-04-28T06:49:00,1
99502,10209,62,DO,4093,32,,Ens. Lugo,full,,,inposdom-via-manuelpgs,,2026-04-28T06:49:00,2026-04-28T06:49:00,1
99503,10210,62,DO,4093,32,,Zona Colonial,full,,,inposdom-via-manuelpgs,,2026-04-28T06:49:00,2026-04-28T06:49:00,1
99504,10211,62,DO,4093,32,,San Lazaro,full,,,inposdom-via-manuelpgs,,2026-04-28T06:49:00,2026-04-28T06:49:00,1
99505,10212,62,DO,4093,32,,San Miguel,full,,,inposdom-via-manuelpgs,,2026-04-28T06:49:00,2026-04-28T06:49:00,1
99506,10213,62,DO,4093,32,,Borojol,full,,,inposdom-via-manuelpgs,,2026-04-28T06:49:00,2026-04-28T06:49:00,1
99507,10214,62,DO,4093,32,,Villa Francisca,full,,,inposdom-via-manuelpgs,,2026-04-28T06:49:00,2026-04-28T06:49:00,1
99508,10215,62,DO,4093,32,,Villa Francisca,full,,,inposdom-via-manuelpgs,,2026-04-28T06:49:00,2026-04-28T06:49:00,1
99509,10216,62,DO,4093,32,,San Carlos,full,,,inposdom-via-manuelpgs,,2026-04-28T06:49:00,2026-04-28T06:49:00,1
99510,10217,62,DO,4093,32,,San Carlos,full,,,inposdom-via-manuelpgs,,2026-04-28T06:49:00,2026-04-28T06:49:00,1
99511,10218,62,DO,4093,32,,Reparto Aguedita,full,,,inposdom-via-manuelpgs,,2026-04-28T06:49:00,2026-04-28T06:49:00,1
99512,10301,62,DO,4093,32,,Mejoramiento Social,full,,,inposdom-via-manuelpgs,,2026-04-28T06:49:00,2026-04-28T06:49:00,1
99513,10302,62,DO,4093,32,,Guachupita,full,,,inposdom-via-manuelpgs,,2026-04-28T06:49:00,2026-04-28T06:49:00,1
99514,10302,62,DO,4093,32,,La Fuente,full,,,inposdom-via-manuelpgs,,2026-04-28T06:49:00,2026-04-28T06:49:00,1
99515,10302,62,DO,4093,32,,Maria Auxiliadora,full,,,inposdom-via-manuelpgs,,2026-04-28T06:49:00,2026-04-28T06:49:00,1
99516,10302,62,DO,4093,32,,San Martin de Porres,full,,,inposdom-via-manuelpgs,,2026-04-28T06:49:00,2026-04-28T06:49:00,1
99517,10303,62,DO,4093,32,,La Cienaga,full,,,inposdom-via-manuelpgs,,2026-04-28T06:49:00,2026-04-28T06:49:00,1
99518,10304,62,DO,4093,32,,Domingo Savio,full,,,inposdom-via-manuelpgs,,2026-04-28T06:49:00,2026-04-28T06:49:00,1
99519,10304,62,DO,4093,32,,Los Guandules,full,,,inposdom-via-manuelpgs,,2026-04-28T06:49:00,2026-04-28T06:49:00,1
99520,10305,62,DO,4093,32,,27 de Febrero,full,,,inposdom-via-manuelpgs,,2026-04-28T06:49:00,2026-04-28T06:49:00,1
99521,10305,62,DO,4093,32,,Agua Dulce,full,,,inposdom-via-manuelpgs,,2026-04-28T06:49:00,2026-04-28T06:49:00,1
99522,10305,62,DO,4093,32,,Maria Auxiliadora,full,,,inposdom-via-manuelpgs,,2026-04-28T06:49:00,2026-04-28T06:49:00,1
99523,10306,62,DO,4093,32,,Mejoramiento Social,full,,,inposdom-via-manuelpgs,,2026-04-28T06:49:00,2026-04-28T06:49:00,1
99524,10307,62,DO,4093,32,,Villa Maria,full,,,inposdom-via-manuelpgs,,2026-04-28T06:49:00,2026-04-28T06:49:00,1
99525,10308,62,DO,4093,32,,Villa Consuelo,full,,,inposdom-via-manuelpgs,,2026-04-28T06:49:00,2026-04-28T06:49:00,1
99526,10309,62,DO,4093,32,,Villa Consuelo,full,,,inposdom-via-manuelpgs,,2026-04-28T06:49:00,2026-04-28T06:49:00,1
99527,10401,62,DO,4093,32,,Ens. Luperon,full,,,inposdom-via-manuelpgs,,2026-04-28T06:49:00,2026-04-28T06:49:00,1
99528,10402,62,DO,4093,32,,Ens. Espaillat,full,,,inposdom-via-manuelpgs,,2026-04-28T06:49:00,2026-04-28T06:49:00,1
99529,10403,62,DO,4093,32,,Gualey,full,,,inposdom-via-manuelpgs,,2026-04-28T06:49:00,2026-04-28T06:49:00,1
99530,10404,62,DO,4093,32,,24 de Abril,full,,,inposdom-via-manuelpgs,,2026-04-28T06:49:00,2026-04-28T06:49:00,1
99531,10405,62,DO,4093,32,,Simon Bolivar,full,,,inposdom-via-manuelpgs,,2026-04-28T06:49:00,2026-04-28T06:49:00,1
99532,10406,62,DO,4093,32,,Ens. Luperon,full,,,inposdom-via-manuelpgs,,2026-04-28T06:49:00,2026-04-28T06:49:00,1
99533,10407,62,DO,4093,32,,Capotillo,full,,,inposdom-via-manuelpgs,,2026-04-28T06:49:00,2026-04-28T06:49:00,1
99534,10408,62,DO,4093,32,,La Zurza,full,,,inposdom-via-manuelpgs,,2026-04-28T06:49:00,2026-04-28T06:49:00,1
99535,10409,62,DO,4093,32,,Villas Agricolas,full,,,inposdom-via-manuelpgs,,2026-04-28T06:49:00,2026-04-28T06:49:00,1
99536,10410,62,DO,4093,32,,La Caridad,full,,,inposdom-via-manuelpgs,,2026-04-28T06:49:00,2026-04-28T06:49:00,1
99537,10410,62,DO,4093,32,,Villas Agricolas,full,,,inposdom-via-manuelpgs,,2026-04-28T06:49:00,2026-04-28T06:49:00,1
99538,10411,62,DO,4093,32,,El Ensanchito,full,,,inposdom-via-manuelpgs,,2026-04-28T06:49:00,2026-04-28T06:49:00,1
99539,10412,62,DO,4093,32,,Villa Juana,full,,,inposdom-via-manuelpgs,,2026-04-28T06:49:00,2026-04-28T06:49:00,1
99540,10413,62,DO,4093,32,,Villa Juana,full,,,inposdom-via-manuelpgs,,2026-04-28T06:49:00,2026-04-28T06:49:00,1
99541,10501,62,DO,4093,32,,Cristo Rey,full,,,inposdom-via-manuelpgs,,2026-04-28T06:49:00,2026-04-28T06:49:00,1
99542,10501,62,DO,4093,32,,El Caliche,full,,,inposdom-via-manuelpgs,,2026-04-28T06:49:00,2026-04-28T06:49:00,1
99543,10501,62,DO,4093,32,,Trueva,full,,,inposdom-via-manuelpgs,,2026-04-28T06:49:00,2026-04-28T06:49:00,1
99544,10502,62,DO,4093,32,,La Cuarenta,full,,,inposdom-via-manuelpgs,,2026-04-28T06:49:00,2026-04-28T06:49:00,1
99545,10502,62,DO,4093,32,,Las Flores,full,,,inposdom-via-manuelpgs,,2026-04-28T06:49:00,2026-04-28T06:49:00,1
99546,10502,62,DO,4093,32,,Santa Rosa,full,,,inposdom-via-manuelpgs,,2026-04-28T06:49:00,2026-04-28T06:49:00,1
99547,10502,62,DO,4093,32,,Yaquito,full,,,inposdom-via-manuelpgs,,2026-04-28T06:49:00,2026-04-28T06:49:00,1
99548,10503,62,DO,4093,32,,La Isabela,full,,,inposdom-via-manuelpgs,,2026-04-28T06:49:00,2026-04-28T06:49:00,1
99549,10503,62,DO,4093,32,,Parque Isabela,full,,,inposdom-via-manuelpgs,,2026-04-28T06:49:00,2026-04-28T06:49:00,1
99550,10504,62,DO,4093,32,,Cerros de Arroyo,full,,,inposdom-via-manuelpgs,,2026-04-28T06:49:00,2026-04-28T06:49:00,1
99551,10504,62,DO,4093,32,,Cuesta Hermosa III,full,,,inposdom-via-manuelpgs,,2026-04-28T06:49:00,2026-04-28T06:49:00,1
99552,10504,62,DO,4093,32,,Isabel Villas,full,,,inposdom-via-manuelpgs,,2026-04-28T06:49:00,2026-04-28T06:49:00,1
99553,10505,62,DO,4093,32,,Arroyo Manzano,full,,,inposdom-via-manuelpgs,,2026-04-28T06:49:00,2026-04-28T06:49:00,1
99554,10505,62,DO,4093,32,,Buenavista,full,,,inposdom-via-manuelpgs,,2026-04-28T06:49:00,2026-04-28T06:49:00,1
99555,10505,62,DO,4093,32,,Cuesta Brava,full,,,inposdom-via-manuelpgs,,2026-04-28T06:49:00,2026-04-28T06:49:00,1
99556,10505,62,DO,4093,32,,Fundacion,full,,,inposdom-via-manuelpgs,,2026-04-28T06:49:00,2026-04-28T06:49:00,1
99557,10505,62,DO,4093,32,,La Meseta,full,,,inposdom-via-manuelpgs,,2026-04-28T06:49:00,2026-04-28T06:49:00,1
99558,10505,62,DO,4093,32,,Manzano,full,,,inposdom-via-manuelpgs,,2026-04-28T06:49:00,2026-04-28T06:49:00,1
99559,10505,62,DO,4093,32,,Pista de Motocros La Yuca,full,,,inposdom-via-manuelpgs,,2026-04-28T06:49:00,2026-04-28T06:49:00,1
99560,10505,62,DO,4093,32,,Urb. Puerta de Hierro,full,,,inposdom-via-manuelpgs,,2026-04-28T06:49:00,2026-04-28T06:49:00,1
99561,10506,62,DO,4093,32,,Altos de Arroyo Hondo II,full,,,inposdom-via-manuelpgs,,2026-04-28T06:49:00,2026-04-28T06:49:00,1
99562,10507,62,DO,4093,32,,Colinas de Arroyo Hondo,full,,,inposdom-via-manuelpgs,,2026-04-28T06:49:00,2026-04-28T06:49:00,1
99563,10507,62,DO,4093,32,,Cuesta Hermosa,full,,,inposdom-via-manuelpgs,,2026-04-28T06:49:00,2026-04-28T06:49:00,1
99564,10507,62,DO,4093,32,,La Puya,full,,,inposdom-via-manuelpgs,,2026-04-28T06:49:00,2026-04-28T06:49:00,1
99565,10507,62,DO,4093,32,,Lomas de Arroyo Hondo,full,,,inposdom-via-manuelpgs,,2026-04-28T06:49:00,2026-04-28T06:49:00,1
99566,10507,62,DO,4093,32,,Los Arroyos,full,,,inposdom-via-manuelpgs,,2026-04-28T06:49:00,2026-04-28T06:49:00,1
99567,10508,62,DO,4093,32,,El Pino,full,,,inposdom-via-manuelpgs,,2026-04-28T06:49:00,2026-04-28T06:49:00,1
99568,10508,62,DO,4093,32,,La Aldaba,full,,,inposdom-via-manuelpgs,,2026-04-28T06:49:00,2026-04-28T06:49:00,1
99569,10508,62,DO,4093,32,,Los Pinos,full,,,inposdom-via-manuelpgs,,2026-04-28T06:49:00,2026-04-28T06:49:00,1
99570,10509,62,DO,4093,32,,Carmen Amelia,full,,,inposdom-via-manuelpgs,,2026-04-28T06:49:00,2026-04-28T06:49:00,1
99571,10509,62,DO,4093,32,,La Agustinita,full,,,inposdom-via-manuelpgs,,2026-04-28T06:49:00,2026-04-28T06:49:00,1
99572,10510,62,DO,4093,32,,Los Caminos,full,,,inposdom-via-manuelpgs,,2026-04-28T06:49:00,2026-04-28T06:49:00,1
99573,10510,62,DO,4093,32,,Viejo Arroyo Hondo,full,,,inposdom-via-manuelpgs,,2026-04-28T06:49:00,2026-04-28T06:49:00,1
99574,10511,62,DO,4093,32,,La Fe,full,,,inposdom-via-manuelpgs,,2026-04-28T06:49:00,2026-04-28T06:49:00,1
99575,10512,62,DO,4093,32,,La Fe,full,,,inposdom-via-manuelpgs,,2026-04-28T06:49:00,2026-04-28T06:49:00,1
99576,10513,62,DO,4093,32,,Ens. Kennedy,full,,,inposdom-via-manuelpgs,,2026-04-28T06:49:00,2026-04-28T06:49:00,1
99577,10514,62,DO,4093,32,,Cachiman,full,,,inposdom-via-manuelpgs,,2026-04-28T06:49:00,2026-04-28T06:49:00,1
99578,10514,62,DO,4093,32,,Ens. La Fe,full,,,inposdom-via-manuelpgs,,2026-04-28T06:49:00,2026-04-28T06:49:00,1
99579,10515,62,DO,4093,32,,Barrio Obrero,full,,,inposdom-via-manuelpgs,,2026-04-28T06:49:00,2026-04-28T06:49:00,1
99580,10516,62,DO,4093,32,,La Agustina,full,,,inposdom-via-manuelpgs,,2026-04-28T06:49:00,2026-04-28T06:49:00,1
99581,10516,62,DO,4093,32,,La Cementera,full,,,inposdom-via-manuelpgs,,2026-04-28T06:49:00,2026-04-28T06:49:00,1
99582,10516,62,DO,4093,32,,Lanina Gautier,full,,,inposdom-via-manuelpgs,,2026-04-28T06:49:00,2026-04-28T06:49:00,1
99583,10601,62,DO,4093,32,,Constelacion,full,,,inposdom-via-manuelpgs,,2026-04-28T06:49:00,2026-04-28T06:49:00,1
99584,10601,62,DO,4093,32,,Los Proceres,full,,,inposdom-via-manuelpgs,,2026-04-28T06:49:00,2026-04-28T06:49:00,1
99585,10602,62,DO,4093,32,,Los Jardines Del Norte,full,,,inposdom-via-manuelpgs,,2026-04-28T06:49:00,2026-04-28T06:49:00,1
99586,10603,62,DO,4093,32,,Las Villas,full,,,inposdom-via-manuelpgs,,2026-04-28T06:49:00,2026-04-28T06:49:00,1
99587,10604,62,DO,4093,32,,La Esperanza,full,,,inposdom-via-manuelpgs,,2026-04-28T06:49:00,2026-04-28T06:49:00,1
99588,10604,62,DO,4093,32,,Los Rios,full,,,inposdom-via-manuelpgs,,2026-04-28T06:49:00,2026-04-28T06:49:00,1
99589,10605,62,DO,4093,32,,Altos de Arroyo Hondo I,full,,,inposdom-via-manuelpgs,,2026-04-28T06:49:00,2026-04-28T06:49:00,1
99590,10605,62,DO,4093,32,,Altos de Arroyo Hondo III,full,,,inposdom-via-manuelpgs,,2026-04-28T06:49:00,2026-04-28T06:49:00,1
99591,10605,62,DO,4093,32,,Cerros de Arroyo Hondo III,full,,,inposdom-via-manuelpgs,,2026-04-28T06:49:00,2026-04-28T06:49:00,1
99592,10606,62,DO,4093,32,,Colinas Del Seminario,full,,,inposdom-via-manuelpgs,,2026-04-28T06:49:00,2026-04-28T06:49:00,1
99593,10606,62,DO,4093,32,,Res. La Yuca,full,,,inposdom-via-manuelpgs,,2026-04-28T06:49:00,2026-04-28T06:49:00,1
99594,10607,62,DO,4093,32,,Don Honorio,full,,,inposdom-via-manuelpgs,,2026-04-28T06:49:00,2026-04-28T06:49:00,1
99595,10607,62,DO,4093,32,,El Condado,full,,,inposdom-via-manuelpgs,,2026-04-28T06:49:00,2026-04-28T06:49:00,1
99596,10607,62,DO,4093,32,,La Ceiba,full,,,inposdom-via-manuelpgs,,2026-04-28T06:49:00,2026-04-28T06:49:00,1
99597,10607,62,DO,4093,32,,Los Guayabos,full,,,inposdom-via-manuelpgs,,2026-04-28T06:49:00,2026-04-28T06:49:00,1
99598,10607,62,DO,4093,32,,Villa Claudina,full,,,inposdom-via-manuelpgs,,2026-04-28T06:49:00,2026-04-28T06:49:00,1
99599,10608,62,DO,4093,32,,Las Colinas,full,,,inposdom-via-manuelpgs,,2026-04-28T06:49:00,2026-04-28T06:49:00,1
99600,10608,62,DO,4093,32,,Los Pinos,full,,,inposdom-via-manuelpgs,,2026-04-28T06:49:00,2026-04-28T06:49:00,1
99601,10608,62,DO,4093,32,,Pradera Hermosa,full,,,inposdom-via-manuelpgs,,2026-04-28T06:49:00,2026-04-28T06:49:00,1
99602,10608,62,DO,4093,32,,Villa Elena,full,,,inposdom-via-manuelpgs,,2026-04-28T06:49:00,2026-04-28T06:49:00,1
99603,10608,62,DO,4093,32,,Villa Marina,full,,,inposdom-via-manuelpgs,,2026-04-28T06:49:00,2026-04-28T06:49:00,1
99604,10700,62,DO,4093,32,,Santo Domingo Oeste,full,,,inposdom-via-manuelpgs,,2026-04-28T06:49:00,2026-04-28T06:49:00,1
99605,10701,62,DO,4093,32,,Batey Palmarejo,full,,,inposdom-via-manuelpgs,,2026-04-28T06:49:00,2026-04-28T06:49:00,1
99606,10701,62,DO,4093,32,,Colinas Del Norte,full,,,inposdom-via-manuelpgs,,2026-04-28T06:49:00,2026-04-28T06:49:00,1
99607,10701,62,DO,4093,32,,La Isabela,full,,,inposdom-via-manuelpgs,,2026-04-28T06:49:00,2026-04-28T06:49:00,1
99608,10701,62,DO,4093,32,,La Redencion,full,,,inposdom-via-manuelpgs,,2026-04-28T06:49:00,2026-04-28T06:49:00,1
99609,10701,62,DO,4093,32,,Lotificacion Vista Verde,full,,,inposdom-via-manuelpgs,,2026-04-28T06:49:00,2026-04-28T06:49:00,1
99610,10701,62,DO,4093,32,,Pantoja,full,,,inposdom-via-manuelpgs,,2026-04-28T06:49:00,2026-04-28T06:49:00,1
99611,10702,62,DO,4093,32,,Los Angeles,full,,,inposdom-via-manuelpgs,,2026-04-28T06:49:00,2026-04-28T06:49:00,1
99612,10702,62,DO,4093,32,,Los Girasoles,full,,,inposdom-via-manuelpgs,,2026-04-28T06:49:00,2026-04-28T06:49:00,1
99613,10702,62,DO,4093,32,,Los Peralejos,full,,,inposdom-via-manuelpgs,,2026-04-28T06:49:00,2026-04-28T06:49:00,1
99614,10702,62,DO,4093,32,,Palma Real,full,,,inposdom-via-manuelpgs,,2026-04-28T06:49:00,2026-04-28T06:49:00,1
99615,10702,62,DO,4093,32,,Reparto Miguelina,full,,,inposdom-via-manuelpgs,,2026-04-28T06:49:00,2026-04-28T06:49:00,1
99616,10702,62,DO,4093,32,,Reparto Samaria,full,,,inposdom-via-manuelpgs,,2026-04-28T06:49:00,2026-04-28T06:49:00,1
99617,10702,62,DO,4093,32,,Urb. Brisa Del Norte,full,,,inposdom-via-manuelpgs,,2026-04-28T06:49:00,2026-04-28T06:49:00,1
99618,10702,62,DO,4093,32,,Urb. Palma Real,full,,,inposdom-via-manuelpgs,,2026-04-28T06:49:00,2026-04-28T06:49:00,1
99619,10801,62,DO,4093,32,,Barrio Chavon,full,,,inposdom-via-manuelpgs,,2026-04-28T06:49:00,2026-04-28T06:49:00,1
99620,10801,62,DO,4093,32,,Barrio La Esperanza,full,,,inposdom-via-manuelpgs,,2026-04-28T06:49:00,2026-04-28T06:49:00,1
99621,10801,62,DO,4093,32,,Barrio La Fe,full,,,inposdom-via-manuelpgs,,2026-04-28T06:49:00,2026-04-28T06:49:00,1
99622,10801,62,DO,4093,32,,Barrio La Torre,full,,,inposdom-via-manuelpgs,,2026-04-28T06:49:00,2026-04-28T06:49:00,1
99623,10801,62,DO,4093,32,,Barrio La Union,full,,,inposdom-via-manuelpgs,,2026-04-28T06:49:00,2026-04-28T06:49:00,1
99624,10801,62,DO,4093,32,,El Tamarindo,full,,,inposdom-via-manuelpgs,,2026-04-28T06:49:00,2026-04-28T06:49:00,1
99625,10801,62,DO,4093,32,,Invi,full,,,inposdom-via-manuelpgs,,2026-04-28T06:49:00,2026-04-28T06:49:00,1
99626,10801,62,DO,4093,32,,Lebron,full,,,inposdom-via-manuelpgs,,2026-04-28T06:49:00,2026-04-28T06:49:00,1
99627,10801,62,DO,4093,32,,Los Alcarrizos,full,,,inposdom-via-manuelpgs,,2026-04-28T06:49:00,2026-04-28T06:49:00,1
99628,10801,62,DO,4093,32,,Obras Publicas,full,,,inposdom-via-manuelpgs,,2026-04-28T06:49:00,2026-04-28T06:49:00,1
99629,10802,62,DO,4093,32,,Barrio Gran Poder de Dios,full,,,inposdom-via-manuelpgs,,2026-04-28T06:49:00,2026-04-28T06:49:00,1
99630,10802,62,DO,4093,32,,Barrio La Piña,full,,,inposdom-via-manuelpgs,,2026-04-28T06:49:00,2026-04-28T06:49:00,1
99631,10802,62,DO,4093,32,,Barrio Paraiso,full,,,inposdom-via-manuelpgs,,2026-04-28T06:49:00,2026-04-28T06:49:00,1
99632,10802,62,DO,4093,32,,Barriolandia,full,,,inposdom-via-manuelpgs,,2026-04-28T06:49:00,2026-04-28T06:49:00,1
99633,10802,62,DO,4093,32,,La Compuerta,full,,,inposdom-via-manuelpgs,,2026-04-28T06:49:00,2026-04-28T06:49:00,1
99634,10802,62,DO,4093,32,,La Piita,full,,,inposdom-via-manuelpgs,,2026-04-28T06:49:00,2026-04-28T06:49:00,1
99635,10802,62,DO,4093,32,,Los Alcarrizos,full,,,inposdom-via-manuelpgs,,2026-04-28T06:49:00,2026-04-28T06:49:00,1
99636,10802,62,DO,4093,32,,Los Americanos,full,,,inposdom-via-manuelpgs,,2026-04-28T06:49:00,2026-04-28T06:49:00,1
99637,10802,62,DO,4093,32,,Los Libertadores,full,,,inposdom-via-manuelpgs,,2026-04-28T06:49:00,2026-04-28T06:49:00,1
99638,10802,62,DO,4093,32,,Valle Encantado,full,,,inposdom-via-manuelpgs,,2026-04-28T06:49:00,2026-04-28T06:49:00,1
99639,10802,62,DO,4093,32,,Villa San Felipe,full,,,inposdom-via-manuelpgs,,2026-04-28T06:49:00,2026-04-28T06:49:00,1
99640,10802,62,DO,4093,32,,Zona Franca de Los Alcarrizos,full,,,inposdom-via-manuelpgs,,2026-04-28T06:49:00,2026-04-28T06:49:00,1
99641,10803,62,DO,4093,32,,24 de Abril,full,,,inposdom-via-manuelpgs,,2026-04-28T06:49:00,2026-04-28T06:49:00,1
99642,10803,62,DO,4093,32,,Barrio Las Mercedes,full,,,inposdom-via-manuelpgs,,2026-04-28T06:49:00,2026-04-28T06:49:00,1
99643,10803,62,DO,4093,32,,El Chucho,full,,,inposdom-via-manuelpgs,,2026-04-28T06:49:00,2026-04-28T06:49:00,1
99644,10803,62,DO,4093,32,,Savica,full,,,inposdom-via-manuelpgs,,2026-04-28T06:49:00,2026-04-28T06:49:00,1
99645,10803,62,DO,4093,32,,Urb. Las Mercedes,full,,,inposdom-via-manuelpgs,,2026-04-28T06:49:00,2026-04-28T06:49:00,1
99646,10803,62,DO,4093,32,,Varia,full,,,inposdom-via-manuelpgs,,2026-04-28T06:49:00,2026-04-28T06:49:00,1
99647,10804,62,DO,4093,32,,Altos Del Oeste,full,,,inposdom-via-manuelpgs,,2026-04-28T06:49:00,2026-04-28T06:49:00,1
99648,10804,62,DO,4093,32,,El 14,full,,,inposdom-via-manuelpgs,,2026-04-28T06:49:00,2026-04-28T06:49:00,1
99649,10804,62,DO,4093,32,,El Catorce,full,,,inposdom-via-manuelpgs,,2026-04-28T06:49:00,2026-04-28T06:49:00,1
99650,10804,62,DO,4093,32,,La Cienaga,full,,,inposdom-via-manuelpgs,,2026-04-28T06:49:00,2026-04-28T06:49:00,1
99651,10804,62,DO,4093,32,,La Concordia,full,,,inposdom-via-manuelpgs,,2026-04-28T06:49:00,2026-04-28T06:49:00,1
99652,10804,62,DO,4093,32,,Villas Naco,full,,,inposdom-via-manuelpgs,,2026-04-28T06:49:00,2026-04-28T06:49:00,1
99653,10805,62,DO,4093,32,,Barrio Arenoso,full,,,inposdom-via-manuelpgs,,2026-04-28T06:49:00,2026-04-28T06:49:00,1
99654,10805,62,DO,4093,32,,Barrio Progreso,full,,,inposdom-via-manuelpgs,,2026-04-28T06:49:00,2026-04-28T06:49:00,1
99655,10805,62,DO,4093,32,,Cerros de Palmarejo,full,,,inposdom-via-manuelpgs,,2026-04-28T06:49:00,2026-04-28T06:49:00,1
99656,10805,62,DO,4093,32,,Ciudad Codiana,full,,,inposdom-via-manuelpgs,,2026-04-28T06:49:00,2026-04-28T06:49:00,1
99657,10805,62,DO,4093,32,,Las Crorias,full,,,inposdom-via-manuelpgs,,2026-04-28T06:49:00,2026-04-28T06:49:00,1
99658,10805,62,DO,4093,32,,Nuevo Amanecer,full,,,inposdom-via-manuelpgs,,2026-04-28T06:49:00,2026-04-28T06:49:00,1
99659,10805,62,DO,4093,32,,Nuevo Horizonte,full,,,inposdom-via-manuelpgs,,2026-04-28T06:49:00,2026-04-28T06:49:00,1
99660,10805,62,DO,4093,32,,Palmarejito,full,,,inposdom-via-manuelpgs,,2026-04-28T06:49:00,2026-04-28T06:49:00,1
99661,10805,62,DO,4093,32,,Pueblo Nuevo,full,,,inposdom-via-manuelpgs,,2026-04-28T06:49:00,2026-04-28T06:49:00,1
99662,10805,62,DO,4093,32,,Puerto Rico,full,,,inposdom-via-manuelpgs,,2026-04-28T06:49:00,2026-04-28T06:49:00,1
99663,10805,62,DO,4093,32,,Urb. San Rafael,full,,,inposdom-via-manuelpgs,,2026-04-28T06:49:00,2026-04-28T06:49:00,1
99664,10901,62,DO,4093,32,,El Caliche,full,,,inposdom-via-manuelpgs,,2026-04-28T06:49:00,2026-04-28T06:49:00,1
99665,10901,62,DO,4093,32,,Urb. Las Palmas,full,,,inposdom-via-manuelpgs,,2026-04-28T06:49:00,2026-04-28T06:49:00,1
99666,10901,62,DO,4093,32,,Urb. Olimpo,full,,,inposdom-via-manuelpgs,,2026-04-28T06:49:00,2026-04-28T06:49:00,1
99667,10901,62,DO,4093,32,,Villa Aura,full,,,inposdom-via-manuelpgs,,2026-04-28T06:49:00,2026-04-28T06:49:00,1
99668,10902,62,DO,4093,32,,Alameda,full,,,inposdom-via-manuelpgs,,2026-04-28T06:49:00,2026-04-28T06:49:00,1
99669,10902,62,DO,4093,32,,Barrio Antillano,full,,,inposdom-via-manuelpgs,,2026-04-28T06:49:00,2026-04-28T06:49:00,1
99670,10902,62,DO,4093,32,,Batey Bienvenido,full,,,inposdom-via-manuelpgs,,2026-04-28T06:49:00,2026-04-28T06:49:00,1
99671,10902,62,DO,4093,32,,Bella Colina,full,,,inposdom-via-manuelpgs,,2026-04-28T06:49:00,2026-04-28T06:49:00,1
99672,10902,62,DO,4093,32,,Buenas Noches,full,,,inposdom-via-manuelpgs,,2026-04-28T06:49:00,2026-04-28T06:49:00,1
99673,10902,62,DO,4093,32,,Hato Nuevo,full,,,inposdom-via-manuelpgs,,2026-04-28T06:49:00,2026-04-28T06:49:00,1
99674,10902,62,DO,4093,32,,La Venta,full,,,inposdom-via-manuelpgs,,2026-04-28T06:49:00,2026-04-28T06:49:00,1
99675,10902,62,DO,4093,32,,Manoguayabo,full,,,inposdom-via-manuelpgs,,2026-04-28T06:49:00,2026-04-28T06:49:00,1
99676,10902,62,DO,4093,32,,Res. Alameda,full,,,inposdom-via-manuelpgs,,2026-04-28T06:49:00,2026-04-28T06:49:00,1
99677,10902,62,DO,4093,32,,Res. Almendra,full,,,inposdom-via-manuelpgs,,2026-04-28T06:49:00,2026-04-28T06:49:00,1
99678,10902,62,DO,4093,32,,San Miguel,full,,,inposdom-via-manuelpgs,,2026-04-28T06:49:00,2026-04-28T06:49:00,1
99679,10902,62,DO,4093,32,,Villa Peravia,full,,,inposdom-via-manuelpgs,,2026-04-28T06:49:00,2026-04-28T06:49:00,1
99680,10903,62,DO,4093,32,,Bayona,full,,,inposdom-via-manuelpgs,,2026-04-28T06:49:00,2026-04-28T06:49:00,1
99681,10903,62,DO,4093,32,,Paraiso Del Caribe,full,,,inposdom-via-manuelpgs,,2026-04-28T06:49:00,2026-04-28T06:49:00,1
99682,10903,62,DO,4093,32,,Rivera Del Haina,full,,,inposdom-via-manuelpgs,,2026-04-28T06:49:00,2026-04-28T06:49:00,1
99683,10903,62,DO,4093,32,,Villa Nazaret,full,,,inposdom-via-manuelpgs,,2026-04-28T06:49:00,2026-04-28T06:49:00,1
99684,10904,62,DO,4093,32,,El Abanico de Herrera,full,,,inposdom-via-manuelpgs,,2026-04-28T06:49:00,2026-04-28T06:49:00,1
99685,10904,62,DO,4093,32,,El Palmar,full,,,inposdom-via-manuelpgs,,2026-04-28T06:49:00,2026-04-28T06:49:00,1
99686,10904,62,DO,4093,32,,Engombe,full,,,inposdom-via-manuelpgs,,2026-04-28T06:49:00,2026-04-28T06:49:00,1
99687,10904,62,DO,4093,32,,Ens. Ivan Guzman Klan,full,,,inposdom-via-manuelpgs,,2026-04-28T06:49:00,2026-04-28T06:49:00,1
99688,10904,62,DO,4093,32,,Lotificacion Engombe,full,,,inposdom-via-manuelpgs,,2026-04-28T06:49:00,2026-04-28T06:49:00,1
99689,10904,62,DO,4093,32,,Res. Loyola,full,,,inposdom-via-manuelpgs,,2026-04-28T06:49:00,2026-04-28T06:49:00,1
99690,10904,62,DO,4093,32,,Rosa Maria,full,,,inposdom-via-manuelpgs,,2026-04-28T06:49:00,2026-04-28T06:49:00,1
99691,10905,62,DO,4093,32,,Ciudad Agraria,full,,,inposdom-via-manuelpgs,,2026-04-28T06:49:00,2026-04-28T06:49:00,1
99692,10905,62,DO,4093,32,,Las Caobas,full,,,inposdom-via-manuelpgs,,2026-04-28T06:49:00,2026-04-28T06:49:00,1
99693,10905,62,DO,4093,32,,Las Capbotas,full,,,inposdom-via-manuelpgs,,2026-04-28T06:49:00,2026-04-28T06:49:00,1
99694,11001,62,DO,4093,32,,Zona Industrial de Herrera,full,,,inposdom-via-manuelpgs,,2026-04-28T06:49:00,2026-04-28T06:49:00,1
99695,11002,62,DO,4093,32,,Barrio Enriquillo,full,,,inposdom-via-manuelpgs,,2026-04-28T06:49:00,2026-04-28T06:49:00,1
99696,11002,62,DO,4093,32,,Barrio Holguin,full,,,inposdom-via-manuelpgs,,2026-04-28T06:49:00,2026-04-28T06:49:00,1
99697,11003,62,DO,4093,32,,Duarte,full,,,inposdom-via-manuelpgs,,2026-04-28T06:49:00,2026-04-28T06:49:00,1
99698,11003,62,DO,4093,32,,Juan Pablo Duarte,full,,,inposdom-via-manuelpgs,,2026-04-28T06:49:00,2026-04-28T06:49:00,1
99699,11003,62,DO,4093,32,,Las Palmas,full,,,inposdom-via-manuelpgs,,2026-04-28T06:49:00,2026-04-28T06:49:00,1
99700,11004,62,DO,4093,32,,Galaxia,full,,,inposdom-via-manuelpgs,,2026-04-28T06:49:00,2026-04-28T06:49:00,1
99701,11004,62,DO,4093,32,,La Rosa,full,,,inposdom-via-manuelpgs,,2026-04-28T06:49:00,2026-04-28T06:49:00,1
99702,11004,62,DO,4093,32,,Luz Divina,full,,,inposdom-via-manuelpgs,,2026-04-28T06:49:00,2026-04-28T06:49:00,1
99703,11004,62,DO,4093,32,,San Francisco,full,,,inposdom-via-manuelpgs,,2026-04-28T06:49:00,2026-04-28T06:49:00,1
99704,11004,62,DO,4093,32,,Urb. El Rosal,full,,,inposdom-via-manuelpgs,,2026-04-28T06:49:00,2026-04-28T06:49:00,1
99705,11005,62,DO,4093,32,,Barrio Josue,full,,,inposdom-via-manuelpgs,,2026-04-28T06:49:00,2026-04-28T06:49:00,1
99706,11005,62,DO,4093,32,,Barrio Libertador,full,,,inposdom-via-manuelpgs,,2026-04-28T06:49:00,2026-04-28T06:49:00,1
99707,11005,62,DO,4093,32,,Ens. Paraiso,full,,,inposdom-via-manuelpgs,,2026-04-28T06:49:00,2026-04-28T06:49:00,1
99708,11005,62,DO,4093,32,,Herrera,full,,,inposdom-via-manuelpgs,,2026-04-28T06:49:00,2026-04-28T06:49:00,1
99709,11101,62,DO,4093,32,,16 de Agosto,full,,,inposdom-via-manuelpgs,,2026-04-28T06:49:00,2026-04-28T06:49:00,1
99710,11101,62,DO,4093,32,,Aesa,full,,,inposdom-via-manuelpgs,,2026-04-28T06:49:00,2026-04-28T06:49:00,1
99711,11101,62,DO,4093,32,,Atlantida,full,,,inposdom-via-manuelpgs,,2026-04-28T06:49:00,2026-04-28T06:49:00,1
99712,11101,62,DO,4093,32,,Barrio Invi,full,,,inposdom-via-manuelpgs,,2026-04-28T06:49:00,2026-04-28T06:49:00,1
99713,11102,62,DO,4093,32,,Buenos Aires Del,full,,,inposdom-via-manuelpgs,,2026-04-28T06:49:00,2026-04-28T06:49:00,1
99714,11102,62,DO,4093,32,,Costa Caribe,full,,,inposdom-via-manuelpgs,,2026-04-28T06:49:00,2026-04-28T06:49:00,1
99715,11102,62,DO,4093,32,,Gacela,full,,,inposdom-via-manuelpgs,,2026-04-28T06:49:00,2026-04-28T06:49:00,1
99716,11102,62,DO,4093,32,,Mirador,full,,,inposdom-via-manuelpgs,,2026-04-28T06:49:00,2026-04-28T06:49:00,1
99717,11102,62,DO,4093,32,,Res. Jose Contreras,full,,,inposdom-via-manuelpgs,,2026-04-28T06:49:00,2026-04-28T06:49:00,1
99718,11103,62,DO,4093,32,,Km. 8,full,,,inposdom-via-manuelpgs,,2026-04-28T06:49:00,2026-04-28T06:49:00,1
99719,11103,62,DO,4093,32,,Miramar,full,,,inposdom-via-manuelpgs,,2026-04-28T06:49:00,2026-04-28T06:49:00,1
99720,11103,62,DO,4093,32,,Nordesa III,full,,,inposdom-via-manuelpgs,,2026-04-28T06:49:00,2026-04-28T06:49:00,1
99721,11104,62,DO,4093,32,,Las Acacias,full,,,inposdom-via-manuelpgs,,2026-04-28T06:49:00,2026-04-28T06:49:00,1
99722,11104,62,DO,4093,32,,Mar Azul,full,,,inposdom-via-manuelpgs,,2026-04-28T06:49:00,2026-04-28T06:49:00,1
99723,11105,62,DO,4093,32,,Dominicanos Ausentes,full,,,inposdom-via-manuelpgs,,2026-04-28T06:49:00,2026-04-28T06:49:00,1
99724,11105,62,DO,4093,32,,Jardines Del Sur,full,,,inposdom-via-manuelpgs,,2026-04-28T06:49:00,2026-04-28T06:49:00,1
99725,11105,62,DO,4093,32,,Km. 7,full,,,inposdom-via-manuelpgs,,2026-04-28T06:49:00,2026-04-28T06:49:00,1
99726,11105,62,DO,4093,32,,San Jose,full,,,inposdom-via-manuelpgs,,2026-04-28T06:49:00,2026-04-28T06:49:00,1
99727,11105,62,DO,4093,32,,Tropicana,full,,,inposdom-via-manuelpgs,,2026-04-28T06:49:00,2026-04-28T06:49:00,1
99728,11106,62,DO,4093,32,,Loteria,full,,,inposdom-via-manuelpgs,,2026-04-28T06:49:00,2026-04-28T06:49:00,1
99729,11106,62,DO,4093,32,,Res. Enriquillo,full,,,inposdom-via-manuelpgs,,2026-04-28T06:49:00,2026-04-28T06:49:00,1
99730,11106,62,DO,4093,32,,San Miguel,full,,,inposdom-via-manuelpgs,,2026-04-28T06:49:00,2026-04-28T06:49:00,1
99731,11107,62,DO,4093,32,,El Pedregal,full,,,inposdom-via-manuelpgs,,2026-04-28T06:49:00,2026-04-28T06:49:00,1
99732,11107,62,DO,4093,32,,Luz Consuelo,full,,,inposdom-via-manuelpgs,,2026-04-28T06:49:00,2026-04-28T06:49:00,1
99733,11107,62,DO,4093,32,,Sandra,full,,,inposdom-via-manuelpgs,,2026-04-28T06:49:00,2026-04-28T06:49:00,1
99734,11107,62,DO,4093,32,,Sandra I,full,,,inposdom-via-manuelpgs,,2026-04-28T06:49:00,2026-04-28T06:49:00,1
99735,11108,62,DO,4093,32,,Los Cacicazgos,full,,,inposdom-via-manuelpgs,,2026-04-28T06:49:00,2026-04-28T06:49:00,1
99736,11109,62,DO,4093,32,,Mirador Sur,full,,,inposdom-via-manuelpgs,,2026-04-28T06:49:00,2026-04-28T06:49:00,1
99737,11110,62,DO,4093,32,,Los Maestros,full,,,inposdom-via-manuelpgs,,2026-04-28T06:49:00,2026-04-28T06:49:00,1
99738,11111,62,DO,4093,32,,Renacimiento,full,,,inposdom-via-manuelpgs,,2026-04-28T06:49:00,2026-04-28T06:49:00,1
99739,11112,62,DO,4093,32,,Renacimiento,full,,,inposdom-via-manuelpgs,,2026-04-28T06:49:00,2026-04-28T06:49:00,1
99740,11112,62,DO,4093,32,,Urb. Real,full,,,inposdom-via-manuelpgs,,2026-04-28T06:49:00,2026-04-28T06:49:00,1
99741,11113,62,DO,4093,32,,Zona Industrial de Herrera,full,,,inposdom-via-manuelpgs,,2026-04-28T06:49:00,2026-04-28T06:49:00,1
99742,11114,62,DO,4093,32,,Ens. Altagracia,full,,,inposdom-via-manuelpgs,,2026-04-28T06:49:00,2026-04-28T06:49:00,1
99743,11114,62,DO,4093,32,,Res. Santo Domingo,full,,,inposdom-via-manuelpgs,,2026-04-28T06:49:00,2026-04-28T06:49:00,1
99744,11115,62,DO,4093,32,,Barrio Paraiso,full,,,inposdom-via-manuelpgs,,2026-04-28T06:49:00,2026-04-28T06:49:00,1
99745,11115,62,DO,4093,32,,Colinas de Canaan,full,,,inposdom-via-manuelpgs,,2026-04-28T06:49:00,2026-04-28T06:49:00,1
99746,11115,62,DO,4093,32,,El Cafe,full,,,inposdom-via-manuelpgs,,2026-04-28T06:49:00,2026-04-28T06:49:00,1
99747,11116,62,DO,4093,32,,12 de Haina,full,,,inposdom-via-manuelpgs,,2026-04-28T06:49:00,2026-04-28T06:49:00,1
99748,11116,62,DO,4093,32,,Res. Canaan,full,,,inposdom-via-manuelpgs,,2026-04-28T06:49:00,2026-04-28T06:49:00,1
99749,11116,62,DO,4093,32,,Villas Del Cafe,full,,,inposdom-via-manuelpgs,,2026-04-28T06:49:00,2026-04-28T06:49:00,1
99750,11117,62,DO,4093,32,,Costa Azul,full,,,inposdom-via-manuelpgs,,2026-04-28T06:49:00,2026-04-28T06:49:00,1
99751,11117,62,DO,4093,32,,Costa Verde,full,,,inposdom-via-manuelpgs,,2026-04-28T06:49:00,2026-04-28T06:49:00,1
99752,11117,62,DO,4093,32,,La Placeta,full,,,inposdom-via-manuelpgs,,2026-04-28T06:49:00,2026-04-28T06:49:00,1
99753,11117,62,DO,4093,32,,Manresa,full,,,inposdom-via-manuelpgs,,2026-04-28T06:49:00,2026-04-28T06:49:00,1
99754,11117,62,DO,4093,32,,Puerto de Haina,full,,,inposdom-via-manuelpgs,,2026-04-28T06:49:00,2026-04-28T06:49:00,1
99755,11200,62,DO,4093,32,,Santo Domingo Norte,full,,,inposdom-via-manuelpgs,,2026-04-28T06:49:00,2026-04-28T06:49:00,1
99756,11201,62,DO,4093,32,,El Mamey,full,,,inposdom-via-manuelpgs,,2026-04-28T06:49:00,2026-04-28T06:49:00,1
99757,11201,62,DO,4093,32,,Haras Nacionales,full,,,inposdom-via-manuelpgs,,2026-04-28T06:49:00,2026-04-28T06:49:00,1
99758,11201,62,DO,4093,32,,Jardines de Genovena,full,,,inposdom-via-manuelpgs,,2026-04-28T06:49:00,2026-04-28T06:49:00,1
99759,11201,62,DO,4093,32,,Maraon,full,,,inposdom-via-manuelpgs,,2026-04-28T06:49:00,2026-04-28T06:49:00,1
99760,11201,62,DO,4093,32,,Rep. Villa Maria,full,,,inposdom-via-manuelpgs,,2026-04-28T06:49:00,2026-04-28T06:49:00,1
99761,11201,62,DO,4093,32,,Urb. Sarah Gabriela,full,,,inposdom-via-manuelpgs,,2026-04-28T06:49:00,2026-04-28T06:49:00,1
99762,11201,62,DO,4093,32,,Valle Verde,full,,,inposdom-via-manuelpgs,,2026-04-28T06:49:00,2026-04-28T06:49:00,1
99763,11201,62,DO,4093,32,,Villa Carmela,full,,,inposdom-via-manuelpgs,,2026-04-28T06:49:00,2026-04-28T06:49:00,1
99764,11201,62,DO,4093,32,,Villa Mella,full,,,inposdom-via-manuelpgs,,2026-04-28T06:49:00,2026-04-28T06:49:00,1
99765,11201,62,DO,4093,32,,Villa Nueva,full,,,inposdom-via-manuelpgs,,2026-04-28T06:49:00,2026-04-28T06:49:00,1
99766,11201,62,DO,4093,32,,Villa Satelite,full,,,inposdom-via-manuelpgs,,2026-04-28T06:49:00,2026-04-28T06:49:00,1
99767,11201,62,DO,4093,32,,Vista Bella,full,,,inposdom-via-manuelpgs,,2026-04-28T06:49:00,2026-04-28T06:49:00,1
99768,11202,62,DO,4093,32,,Carlos Alvarez,full,,,inposdom-via-manuelpgs,,2026-04-28T06:49:00,2026-04-28T06:49:00,1
99769,11202,62,DO,4093,32,,Ens. Paraiso,full,,,inposdom-via-manuelpgs,,2026-04-28T06:49:00,2026-04-28T06:49:00,1
99770,11202,62,DO,4093,32,,Maraon II,full,,,inposdom-via-manuelpgs,,2026-04-28T06:49:00,2026-04-28T06:49:00,1
99771,11202,62,DO,4093,32,,Mata Los Indios,full,,,inposdom-via-manuelpgs,,2026-04-28T06:49:00,2026-04-28T06:49:00,1
99772,11202,62,DO,4093,32,,Res. El Dorado,full,,,inposdom-via-manuelpgs,,2026-04-28T06:49:00,2026-04-28T06:49:00,1
99773,11202,62,DO,4093,32,,Urb. El Remanso,full,,,inposdom-via-manuelpgs,,2026-04-28T06:49:00,2026-04-28T06:49:00,1
99774,11203,62,DO,4093,32,,Barrio Nuevo,full,,,inposdom-via-manuelpgs,,2026-04-28T06:49:00,2026-04-28T06:49:00,1
99775,11203,62,DO,4093,32,,Colonia de Los Doctores,full,,,inposdom-via-manuelpgs,,2026-04-28T06:49:00,2026-04-28T06:49:00,1
99776,11203,62,DO,4093,32,,Maria Isabela,full,,,inposdom-via-manuelpgs,,2026-04-28T06:49:00,2026-04-28T06:49:00,1
99777,11203,62,DO,4093,32,,Urb. Primavera,full,,,inposdom-via-manuelpgs,,2026-04-28T06:49:00,2026-04-28T06:49:00,1
99778,11204,62,DO,4093,32,,El Fundo,full,,,inposdom-via-manuelpgs,,2026-04-28T06:49:00,2026-04-28T06:49:00,1
99779,11204,62,DO,4093,32,,Los Conucos,full,,,inposdom-via-manuelpgs,,2026-04-28T06:49:00,2026-04-28T06:49:00,1
99780,11204,62,DO,4093,32,,Suriel,full,,,inposdom-via-manuelpgs,,2026-04-28T06:49:00,2026-04-28T06:49:00,1
99781,11204,62,DO,4093,32,,Urb. Santa Cruz,full,,,inposdom-via-manuelpgs,,2026-04-28T06:49:00,2026-04-28T06:49:00,1
99782,11205,62,DO,4093,32,,El Torito,full,,,inposdom-via-manuelpgs,,2026-04-28T06:49:00,2026-04-28T06:49:00,1
99783,11205,62,DO,4093,32,,Res. Sol de Luz,full,,,inposdom-via-manuelpgs,,2026-04-28T06:49:00,2026-04-28T06:49:00,1
99784,11205,62,DO,4093,32,,Santa Cruz,full,,,inposdom-via-manuelpgs,,2026-04-28T06:49:00,2026-04-28T06:49:00,1
99785,11205,62,DO,4093,32,,Urb. Maximo Gomez,full,,,inposdom-via-manuelpgs,,2026-04-28T06:49:00,2026-04-28T06:49:00,1
99786,11205,62,DO,4093,32,,Zona Industrial de la Isabela,full,,,inposdom-via-manuelpgs,,2026-04-28T06:49:00,2026-04-28T06:49:00,1
99787,11206,62,DO,4093,32,,Cerros de Buena Vista I,full,,,inposdom-via-manuelpgs,,2026-04-28T06:49:00,2026-04-28T06:49:00,1
99788,11206,62,DO,4093,32,,Cerros de Buena Vista II,full,,,inposdom-via-manuelpgs,,2026-04-28T06:49:00,2026-04-28T06:49:00,1
99789,11206,62,DO,4093,32,,Ceuta,full,,,inposdom-via-manuelpgs,,2026-04-28T06:49:00,2026-04-28T06:49:00,1
99790,11206,62,DO,4093,32,,Zona Industrial de Villa Mella,full,,,inposdom-via-manuelpgs,,2026-04-28T06:49:00,2026-04-28T06:49:00,1
99791,11207,62,DO,4093,32,,Campechito II,full,,,inposdom-via-manuelpgs,,2026-04-28T06:49:00,2026-04-28T06:49:00,1
99792,11207,62,DO,4093,32,,Cruz Grande,full,,,inposdom-via-manuelpgs,,2026-04-28T06:49:00,2026-04-28T06:49:00,1
99793,11207,62,DO,4093,32,,El Eden,full,,,inposdom-via-manuelpgs,,2026-04-28T06:49:00,2026-04-28T06:49:00,1
99794,11207,62,DO,4093,32,,La Antena,full,,,inposdom-via-manuelpgs,,2026-04-28T06:49:00,2026-04-28T06:49:00,1
99795,11207,62,DO,4093,32,,La Javilla,full,,,inposdom-via-manuelpgs,,2026-04-28T06:49:00,2026-04-28T06:49:00,1
99796,11207,62,DO,4093,32,,La Julia,full,,,inposdom-via-manuelpgs,,2026-04-28T06:49:00,2026-04-28T06:49:00,1
99797,11207,62,DO,4093,32,,Radiante,full,,,inposdom-via-manuelpgs,,2026-04-28T06:49:00,2026-04-28T06:49:00,1
99798,11207,62,DO,4093,32,,Reparto Rudima,full,,,inposdom-via-manuelpgs,,2026-04-28T06:49:00,2026-04-28T06:49:00,1
99799,11301,62,DO,4093,32,,Barrio Norte,full,,,inposdom-via-manuelpgs,,2026-04-28T06:49:00,2026-04-28T06:49:00,1
99800,11301,62,DO,4093,32,,Guaricanos,full,,,inposdom-via-manuelpgs,,2026-04-28T06:49:00,2026-04-28T06:49:00,1
99801,11301,62,DO,4093,32,,Modelo,full,,,inposdom-via-manuelpgs,,2026-04-28T06:49:00,2026-04-28T06:49:00,1
99802,11301,62,DO,4093,32,,Nueva Isabela,full,,,inposdom-via-manuelpgs,,2026-04-28T06:49:00,2026-04-28T06:49:00,1
99803,11301,62,DO,4093,32,,Proyecto Ciudad,full,,,inposdom-via-manuelpgs,,2026-04-28T06:49:00,2026-04-28T06:49:00,1
99804,11302,62,DO,4093,32,,Altos Del Parque,full,,,inposdom-via-manuelpgs,,2026-04-28T06:49:00,2026-04-28T06:49:00,1
99805,11302,62,DO,4093,32,,Barrio Hermanas Mirabal,full,,,inposdom-via-manuelpgs,,2026-04-28T06:49:00,2026-04-28T06:49:00,1
99806,11302,62,DO,4093,32,,Barrio Nuevo,full,,,inposdom-via-manuelpgs,,2026-04-28T06:49:00,2026-04-28T06:49:00,1
99807,11302,62,DO,4093,32,,Jacagua,full,,,inposdom-via-manuelpgs,,2026-04-28T06:49:00,2026-04-28T06:49:00,1
99808,11302,62,DO,4093,32,,Las Palmeras,full,,,inposdom-via-manuelpgs,,2026-04-28T06:49:00,2026-04-28T06:49:00,1
99809,11302,62,DO,4093,32,,Los Casabes,full,,,inposdom-via-manuelpgs,,2026-04-28T06:49:00,2026-04-28T06:49:00,1
99810,11302,62,DO,4093,32,,Ponce,full,,,inposdom-via-manuelpgs,,2026-04-28T06:49:00,2026-04-28T06:49:00,1
99811,11302,62,DO,4093,32,,Proyecto Bnv,full,,,inposdom-via-manuelpgs,,2026-04-28T06:49:00,2026-04-28T06:49:00,1
99812,11401,62,DO,4093,32,,El Majagual,full,,,inposdom-via-manuelpgs,,2026-04-28T06:49:00,2026-04-28T06:49:00,1
99813,11401,62,DO,4093,32,,Lotes Y Servicios,full,,,inposdom-via-manuelpgs,,2026-04-28T06:49:00,2026-04-28T06:49:00,1
99814,11402,62,DO,4093,32,,Altos de Chavon,full,,,inposdom-via-manuelpgs,,2026-04-28T06:49:00,2026-04-28T06:49:00,1
99815,11402,62,DO,4093,32,,Barrio Nuevo,full,,,inposdom-via-manuelpgs,,2026-04-28T06:49:00,2026-04-28T06:49:00,1
99816,11402,62,DO,4093,32,,Cerros de la Yuca,full,,,inposdom-via-manuelpgs,,2026-04-28T06:49:00,2026-04-28T06:49:00,1
99817,11402,62,DO,4093,32,,El Milloncito,full,,,inposdom-via-manuelpgs,,2026-04-28T06:49:00,2026-04-28T06:49:00,1
99818,11402,62,DO,4093,32,,La Mina,full,,,inposdom-via-manuelpgs,,2026-04-28T06:49:00,2026-04-28T06:49:00,1
99819,11402,62,DO,4093,32,,Res. Noelia,full,,,inposdom-via-manuelpgs,,2026-04-28T06:49:00,2026-04-28T06:49:00,1
99820,11402,62,DO,4093,32,,Villa Esperanza,full,,,inposdom-via-manuelpgs,,2026-04-28T06:49:00,2026-04-28T06:49:00,1
99821,11403,62,DO,4093,32,,Libertad,full,,,inposdom-via-manuelpgs,,2026-04-28T06:49:00,2026-04-28T06:49:00,1
99822,11403,62,DO,4093,32,,Los Palmares,full,,,inposdom-via-manuelpgs,,2026-04-28T06:49:00,2026-04-28T06:49:00,1
99823,11403,62,DO,4093,32,,Progreso,full,,,inposdom-via-manuelpgs,,2026-04-28T06:49:00,2026-04-28T06:49:00,1
99824,11403,62,DO,4093,32,,Urb. Charles de Gaulle,full,,,inposdom-via-manuelpgs,,2026-04-28T06:49:00,2026-04-28T06:49:00,1
99825,11404,62,DO,4093,32,,2 de Enero,full,,,inposdom-via-manuelpgs,,2026-04-28T06:49:00,2026-04-28T06:49:00,1
99826,11404,62,DO,4093,32,,Altos de Sabana Perdida,full,,,inposdom-via-manuelpgs,,2026-04-28T06:49:00,2026-04-28T06:49:00,1
99827,11404,62,DO,4093,32,,Cerros de Sabana Perdida,full,,,inposdom-via-manuelpgs,,2026-04-28T06:49:00,2026-04-28T06:49:00,1
99828,11404,62,DO,4093,32,,Colinas Del Ozama,full,,,inposdom-via-manuelpgs,,2026-04-28T06:49:00,2026-04-28T06:49:00,1
99829,11404,62,DO,4093,32,,Ens. Cristal,full,,,inposdom-via-manuelpgs,,2026-04-28T06:49:00,2026-04-28T06:49:00,1
99830,11404,62,DO,4093,32,,La Barquita,full,,,inposdom-via-manuelpgs,,2026-04-28T06:49:00,2026-04-28T06:49:00,1
99831,11404,62,DO,4093,32,,Sabana Centro,full,,,inposdom-via-manuelpgs,,2026-04-28T06:49:00,2026-04-28T06:49:00,1
99832,11404,62,DO,4093,32,,Sabana Perdida,full,,,inposdom-via-manuelpgs,,2026-04-28T06:49:00,2026-04-28T06:49:00,1
99833,11405,62,DO,4093,32,,Enriquillo,full,,,inposdom-via-manuelpgs,,2026-04-28T06:49:00,2026-04-28T06:49:00,1
99834,11405,62,DO,4093,32,,Los Coordinadores,full,,,inposdom-via-manuelpgs,,2026-04-28T06:49:00,2026-04-28T06:49:00,1
99835,11405,62,DO,4093,32,,Loteria,full,,,inposdom-via-manuelpgs,,2026-04-28T06:49:00,2026-04-28T06:49:00,1
99836,11405,62,DO,4093,32,,Salome Urea,full,,,inposdom-via-manuelpgs,,2026-04-28T06:49:00,2026-04-28T06:49:00,1
99837,11405,62,DO,4093,32,,Villa Blanca,full,,,inposdom-via-manuelpgs,,2026-04-28T06:49:00,2026-04-28T06:49:00,1
99838,11500,62,DO,4093,32,,Santo Domingo Este,full,,,inposdom-via-manuelpgs,,2026-04-28T06:49:00,2026-04-28T06:49:00,1
99839,11501,62,DO,4093,32,,Ens. Ozama,full,,,inposdom-via-manuelpgs,,2026-04-28T06:49:00,2026-04-28T06:49:00,1
99840,11502,62,DO,4093,32,,Molinuevo,full,,,inposdom-via-manuelpgs,,2026-04-28T06:49:00,2026-04-28T06:49:00,1
99841,11503,62,DO,4093,32,,Ens. Alma Rosa,full,,,inposdom-via-manuelpgs,,2026-04-28T06:49:00,2026-04-28T06:49:00,1
99842,11503,62,DO,4093,32,,Jardines de Alma Rosa,full,,,inposdom-via-manuelpgs,,2026-04-28T06:49:00,2026-04-28T06:49:00,1
99843,11504,62,DO,4093,32,,Ens. Alma Rosa,full,,,inposdom-via-manuelpgs,,2026-04-28T06:49:00,2026-04-28T06:49:00,1
99844,11505,62,DO,4093,32,,Villa Faro,full,,,inposdom-via-manuelpgs,,2026-04-28T06:49:00,2026-04-28T06:49:00,1
99845,11506,62,DO,4093,32,,Alma Rosa II,full,,,inposdom-via-manuelpgs,,2026-04-28T06:49:00,2026-04-28T06:49:00,1
99846,11506,62,DO,4093,32,,El Rosal,full,,,inposdom-via-manuelpgs,,2026-04-28T06:49:00,2026-04-28T06:49:00,1
99847,11506,62,DO,4093,32,,Ivette,full,,,inposdom-via-manuelpgs,,2026-04-28T06:49:00,2026-04-28T06:49:00,1
99848,11506,62,DO,4093,32,,Urb. Italia,full,,,inposdom-via-manuelpgs,,2026-04-28T06:49:00,2026-04-28T06:49:00,1
99849,11507,62,DO,4093,32,,Ralma,full,,,inposdom-via-manuelpgs,,2026-04-28T06:49:00,2026-04-28T06:49:00,1
99850,11507,62,DO,4093,32,,Savica,full,,,inposdom-via-manuelpgs,,2026-04-28T06:49:00,2026-04-28T06:49:00,1
99851,11508,62,DO,4093,32,,Franconia,full,,,inposdom-via-manuelpgs,,2026-04-28T06:49:00,2026-04-28T06:49:00,1
99852,11508,62,DO,4093,32,,La Esperanza,full,,,inposdom-via-manuelpgs,,2026-04-28T06:49:00,2026-04-28T06:49:00,1
99853,11508,62,DO,4093,32,,Loteria,full,,,inposdom-via-manuelpgs,,2026-04-28T06:49:00,2026-04-28T06:49:00,1
99854,11508,62,DO,4093,32,,Paraiso Oriental,full,,,inposdom-via-manuelpgs,,2026-04-28T06:49:00,2026-04-28T06:49:00,1
99855,11508,62,DO,4093,32,,Urb. Amanda,full,,,inposdom-via-manuelpgs,,2026-04-28T06:49:00,2026-04-28T06:49:00,1
99856,11508,62,DO,4093,32,,Vecinos Unidos,full,,,inposdom-via-manuelpgs,,2026-04-28T06:49:00,2026-04-28T06:49:00,1
99857,11509,62,DO,4093,32,,Alpes I,full,,,inposdom-via-manuelpgs,,2026-04-28T06:49:00,2026-04-28T06:49:00,1
99858,11509,62,DO,4093,32,,Bello Campo,full,,,inposdom-via-manuelpgs,,2026-04-28T06:49:00,2026-04-28T06:49:00,1
99859,11509,62,DO,4093,32,,Hamarap,full,,,inposdom-via-manuelpgs,,2026-04-28T06:49:00,2026-04-28T06:49:00,1
99860,11509,62,DO,4093,32,,Isabel,full,,,inposdom-via-manuelpgs,,2026-04-28T06:49:00,2026-04-28T06:49:00,1
99861,11509,62,DO,4093,32,,Mi Sueo,full,,,inposdom-via-manuelpgs,,2026-04-28T06:49:00,2026-04-28T06:49:00,1
99862,11509,62,DO,4093,32,,Res. Oriente,full,,,inposdom-via-manuelpgs,,2026-04-28T06:49:00,2026-04-28T06:49:00,1
99863,11509,62,DO,4093,32,,Sol Naciente,full,,,inposdom-via-manuelpgs,,2026-04-28T06:49:00,2026-04-28T06:49:00,1
99864,11510,62,DO,4093,32,,Carolina,full,,,inposdom-via-manuelpgs,,2026-04-28T06:49:00,2026-04-28T06:49:00,1
99865,11510,62,DO,4093,32,,El Brisal,full,,,inposdom-via-manuelpgs,,2026-04-28T06:49:00,2026-04-28T06:49:00,1
99866,11510,62,DO,4093,32,,Mendoza,full,,,inposdom-via-manuelpgs,,2026-04-28T06:49:00,2026-04-28T06:49:00,1
99867,11510,62,DO,4093,32,,Mi Hogar,full,,,inposdom-via-manuelpgs,,2026-04-28T06:49:00,2026-04-28T06:49:00,1
99868,11510,62,DO,4093,32,,Res. Del Este,full,,,inposdom-via-manuelpgs,,2026-04-28T06:49:00,2026-04-28T06:49:00,1
99869,11511,62,DO,4093,32,,Las Palmas,full,,,inposdom-via-manuelpgs,,2026-04-28T06:49:00,2026-04-28T06:49:00,1
99870,11511,62,DO,4093,32,,Rep. Alma Rosa,full,,,inposdom-via-manuelpgs,,2026-04-28T06:49:00,2026-04-28T06:49:00,1
99871,11512,62,DO,4093,32,,Cancino I,full,,,inposdom-via-manuelpgs,,2026-04-28T06:49:00,2026-04-28T06:49:00,1
99872,11512,62,DO,4093,32,,Cancino II,full,,,inposdom-via-manuelpgs,,2026-04-28T06:49:00,2026-04-28T06:49:00,1
99873,11512,62,DO,4093,32,,Duarte,full,,,inposdom-via-manuelpgs,,2026-04-28T06:49:00,2026-04-28T06:49:00,1
99874,11512,62,DO,4093,32,,Los Trinitarios,full,,,inposdom-via-manuelpgs,,2026-04-28T06:49:00,2026-04-28T06:49:00,1
99875,11512,62,DO,4093,32,,Mandinga,full,,,inposdom-via-manuelpgs,,2026-04-28T06:49:00,2026-04-28T06:49:00,1
99876,11512,62,DO,4093,32,,Narcisa,full,,,inposdom-via-manuelpgs,,2026-04-28T06:49:00,2026-04-28T06:49:00,1
99877,11513,62,DO,4093,32,,Cabirma Del Este I,full,,,inposdom-via-manuelpgs,,2026-04-28T06:49:00,2026-04-28T06:49:00,1
99878,11513,62,DO,4093,32,,Res. Lomisa,full,,,inposdom-via-manuelpgs,,2026-04-28T06:49:00,2026-04-28T06:49:00,1
99879,11514,62,DO,4093,32,,Res. Idalia A 1,full,,,inposdom-via-manuelpgs,,2026-04-28T06:49:00,2026-04-28T06:49:00,1
99880,11515,62,DO,4093,32,,El Cachon,full,,,inposdom-via-manuelpgs,,2026-04-28T06:49:00,2026-04-28T06:49:00,1
99881,11515,62,DO,4093,32,,Prados Del Cachon,full,,,inposdom-via-manuelpgs,,2026-04-28T06:49:00,2026-04-28T06:49:00,1
99882,11516,62,DO,4093,32,,Cancino,full,,,inposdom-via-manuelpgs,,2026-04-28T06:49:00,2026-04-28T06:49:00,1
99883,11516,62,DO,4093,32,,Lucerna,full,,,inposdom-via-manuelpgs,,2026-04-28T06:49:00,2026-04-28T06:49:00,1
99884,11517,62,DO,4093,32,,Cancino Adentro,full,,,inposdom-via-manuelpgs,,2026-04-28T06:49:00,2026-04-28T06:49:00,1
99885,11517,62,DO,4093,32,,Colinas Del Este,full,,,inposdom-via-manuelpgs,,2026-04-28T06:49:00,2026-04-28T06:49:00,1
99886,11517,62,DO,4093,32,,El Cachon de la Rubia,full,,,inposdom-via-manuelpgs,,2026-04-28T06:49:00,2026-04-28T06:49:00,1
99887,11517,62,DO,4093,32,,Res. Don Oscar,full,,,inposdom-via-manuelpgs,,2026-04-28T06:49:00,2026-04-28T06:49:00,1
99888,11517,62,DO,4093,32,,Vista Hermosa,full,,,inposdom-via-manuelpgs,,2026-04-28T06:49:00,2026-04-28T06:49:00,1
99889,11518,62,DO,4093,32,,Res. Amapola,full,,,inposdom-via-manuelpgs,,2026-04-28T06:49:00,2026-04-28T06:49:00,1
99890,11518,62,DO,4093,32,,San Pablo II,full,,,inposdom-via-manuelpgs,,2026-04-28T06:49:00,2026-04-28T06:49:00,1
99891,11519,62,DO,4093,32,,Altos de Cancino,full,,,inposdom-via-manuelpgs,,2026-04-28T06:49:00,2026-04-28T06:49:00,1
99892,11601,62,DO,4093,32,,Calero,full,,,inposdom-via-manuelpgs,,2026-04-28T06:49:00,2026-04-28T06:49:00,1
99893,11601,62,DO,4093,32,,Pueblo Nuevo,full,,,inposdom-via-manuelpgs,,2026-04-28T06:49:00,2026-04-28T06:49:00,1
99894,11602,62,DO,4093,32,,La Francia,full,,,inposdom-via-manuelpgs,,2026-04-28T06:49:00,2026-04-28T06:49:00,1
99895,11602,62,DO,4093,32,,Simonico,full,,,inposdom-via-manuelpgs,,2026-04-28T06:49:00,2026-04-28T06:49:00,1
99896,11602,62,DO,4093,32,,Villa Duarte,full,,,inposdom-via-manuelpgs,,2026-04-28T06:49:00,2026-04-28T06:49:00,1
99897,11603,62,DO,4093,32,,Los Molinos,full,,,inposdom-via-manuelpgs,,2026-04-28T06:49:00,2026-04-28T06:49:00,1
99898,11603,62,DO,4093,32,,Parque Del Este I,full,,,inposdom-via-manuelpgs,,2026-04-28T06:49:00,2026-04-28T06:49:00,1
99899,11603,62,DO,4093,32,,Sans Souci,full,,,inposdom-via-manuelpgs,,2026-04-28T06:49:00,2026-04-28T06:49:00,1
99900,11604,62,DO,4093,32,,Faro A Colon,full,,,inposdom-via-manuelpgs,,2026-04-28T06:49:00,2026-04-28T06:49:00,1
99901,11604,62,DO,4093,32,,Maquiteria,full,,,inposdom-via-manuelpgs,,2026-04-28T06:49:00,2026-04-28T06:49:00,1
99902,11604,62,DO,4093,32,,Parque Mirador Este,full,,,inposdom-via-manuelpgs,,2026-04-28T06:49:00,2026-04-28T06:49:00,1
99903,11604,62,DO,4093,32,,Res. Parque Del Este,full,,,inposdom-via-manuelpgs,,2026-04-28T06:49:00,2026-04-28T06:49:00,1
99904,11605,62,DO,4093,32,,Los Tres Ojos,full,,,inposdom-via-manuelpgs,,2026-04-28T06:49:00,2026-04-28T06:49:00,1
99905,11606,62,DO,4093,32,,Las Americas,full,,,inposdom-via-manuelpgs,,2026-04-28T06:49:00,2026-04-28T06:49:00,1
99906,11606,62,DO,4093,32,,Villa Olimpica,full,,,inposdom-via-manuelpgs,,2026-04-28T06:49:00,2026-04-28T06:49:00,1
99907,11704,62,DO,4093,32,,Corales Del Sur,full,,,inposdom-via-manuelpgs,,2026-04-28T06:49:00,2026-04-28T06:49:00,1
99908,11704,62,DO,4093,32,,Res. Teresa,full,,,inposdom-via-manuelpgs,,2026-04-28T06:49:00,2026-04-28T06:49:00,1
99909,11704,62,DO,4093,32,,Tropical Del Este,full,,,inposdom-via-manuelpgs,,2026-04-28T06:49:00,2026-04-28T06:49:00,1
99910,11705,62,DO,4093,32,,Arismar,full,,,inposdom-via-manuelpgs,,2026-04-28T06:49:00,2026-04-28T06:49:00,1
99911,11705,62,DO,4093,32,,Los Frailes,full,,,inposdom-via-manuelpgs,,2026-04-28T06:49:00,2026-04-28T06:49:00,1
99912,11705,62,DO,4093,32,,Marbella III,full,,,inposdom-via-manuelpgs,,2026-04-28T06:49:00,2026-04-28T06:49:00,1
99913,11706,62,DO,4093,32,,Los Frailes II,full,,,inposdom-via-manuelpgs,,2026-04-28T06:49:00,2026-04-28T06:49:00,1
99914,11706,62,DO,4093,32,,Reparto Caribe,full,,,inposdom-via-manuelpgs,,2026-04-28T06:49:00,2026-04-28T06:49:00,1
99915,11706,62,DO,4093,32,,San Bartolo,full,,,inposdom-via-manuelpgs,,2026-04-28T06:49:00,2026-04-28T06:49:00,1
99916,11707,62,DO,4093,32,,Lotificacion Del Este,full,,,inposdom-via-manuelpgs,,2026-04-28T06:49:00,2026-04-28T06:49:00,1
99917,11707,62,DO,4093,32,,Villa Adela,full,,,inposdom-via-manuelpgs,,2026-04-28T06:49:00,2026-04-28T06:49:00,1
99918,11707,62,DO,4093,32,,Villa Eloisa,full,,,inposdom-via-manuelpgs,,2026-04-28T06:49:00,2026-04-28T06:49:00,1
99919,11708,62,DO,4093,32,,Mirador Este,full,,,inposdom-via-manuelpgs,,2026-04-28T06:49:00,2026-04-28T06:49:00,1
99920,11801,62,DO,4093,32,,Ana Virginia,full,,,inposdom-via-manuelpgs,,2026-04-28T06:49:00,2026-04-28T06:49:00,1
99921,11801,62,DO,4093,32,,Invfapol,full,,,inposdom-via-manuelpgs,,2026-04-28T06:49:00,2026-04-28T06:49:00,1
99922,11801,62,DO,4093,32,,Los Molinos,full,,,inposdom-via-manuelpgs,,2026-04-28T06:49:00,2026-04-28T06:49:00,1
99923,11801,62,DO,4093,32,,Los Trinitarios II,full,,,inposdom-via-manuelpgs,,2026-04-28T06:49:00,2026-04-28T06:49:00,1
99924,11802,62,DO,4093,32,,Ciudad de Los Trabajadores,full,,,inposdom-via-manuelpgs,,2026-04-28T06:49:00,2026-04-28T06:49:00,1
99925,11802,62,DO,4093,32,,Eugenio M. de Hostos,full,,,inposdom-via-manuelpgs,,2026-04-28T06:49:00,2026-04-28T06:49:00,1
99926,11802,62,DO,4093,32,,Invivienda,full,,,inposdom-via-manuelpgs,,2026-04-28T06:49:00,2026-04-28T06:49:00,1
99927,11802,62,DO,4093,32,,Rep. Villa Carmen,full,,,inposdom-via-manuelpgs,,2026-04-28T06:49:00,2026-04-28T06:49:00,1
99928,11802,62,DO,4093,32,,Trabajadores,full,,,inposdom-via-manuelpgs,,2026-04-28T06:49:00,2026-04-28T06:49:00,1
99929,11802,62,DO,4093,32,,Villa Carmen,full,,,inposdom-via-manuelpgs,,2026-04-28T06:49:00,2026-04-28T06:49:00,1
99930,11803,62,DO,4093,32,,Barrio Brisa de Charles,full,,,inposdom-via-manuelpgs,,2026-04-28T06:49:00,2026-04-28T06:49:00,1
99931,11803,62,DO,4093,32,,Brisa Del Eden,full,,,inposdom-via-manuelpgs,,2026-04-28T06:49:00,2026-04-28T06:49:00,1
99932,11803,62,DO,4093,32,,Res. Clarimar,full,,,inposdom-via-manuelpgs,,2026-04-28T06:49:00,2026-04-28T06:49:00,1
99933,11803,62,DO,4093,32,,San Jose de Mendoza,full,,,inposdom-via-manuelpgs,,2026-04-28T06:49:00,2026-04-28T06:49:00,1
99934,11804,62,DO,4093,32,,Amarilis III,full,,,inposdom-via-manuelpgs,,2026-04-28T06:49:00,2026-04-28T06:49:00,1
99935,11804,62,DO,4093,32,,Nuevo Amanecer,full,,,inposdom-via-manuelpgs,,2026-04-28T06:49:00,2026-04-28T06:49:00,1
99936,11804,62,DO,4093,32,,Res. Fernandez Oriental,full,,,inposdom-via-manuelpgs,,2026-04-28T06:49:00,2026-04-28T06:49:00,1
99937,11804,62,DO,4093,32,,Res. Mirador Del Este,full,,,inposdom-via-manuelpgs,,2026-04-28T06:49:00,2026-04-28T06:49:00,1
99938,11805,62,DO,4093,32,,Barrio Kennedy,full,,,inposdom-via-manuelpgs,,2026-04-28T06:49:00,2026-04-28T06:49:00,1
99939,11805,62,DO,4093,32,,Buenaventura II,full,,,inposdom-via-manuelpgs,,2026-04-28T06:49:00,2026-04-28T06:49:00,1
99940,11805,62,DO,4093,32,,Los Restauradores,full,,,inposdom-via-manuelpgs,,2026-04-28T06:49:00,2026-04-28T06:49:00,1
99941,11805,62,DO,4093,32,,Villa Esfuerzo,full,,,inposdom-via-manuelpgs,,2026-04-28T06:49:00,2026-04-28T06:49:00,1
99942,11806,62,DO,4093,32,,Ciudad Del Almirante I,full,,,inposdom-via-manuelpgs,,2026-04-28T06:49:00,2026-04-28T06:49:00,1
99943,11806,62,DO,4093,32,,Ciudad Del Almirante II,full,,,inposdom-via-manuelpgs,,2026-04-28T06:49:00,2026-04-28T06:49:00,1
99944,11806,62,DO,4093,32,,Zona Franca Industrial de Herrera,full,,,inposdom-via-manuelpgs,,2026-04-28T06:49:00,2026-04-28T06:49:00,1
99945,11807,62,DO,4093,32,,Hainamosa,full,,,inposdom-via-manuelpgs,,2026-04-28T06:49:00,2026-04-28T06:49:00,1
99946,11807,62,DO,4093,32,,Invi Cea,full,,,inposdom-via-manuelpgs,,2026-04-28T06:49:00,2026-04-28T06:49:00,1
99947,11807,62,DO,4093,32,,Invimosa,full,,,inposdom-via-manuelpgs,,2026-04-28T06:49:00,2026-04-28T06:49:00,1
99948,11807,62,DO,4093,32,,Los Pinos,full,,,inposdom-via-manuelpgs,,2026-04-28T06:49:00,2026-04-28T06:49:00,1
99949,11807,62,DO,4093,32,,Nuevo Renacer,full,,,inposdom-via-manuelpgs,,2026-04-28T06:49:00,2026-04-28T06:49:00,1
99950,11807,62,DO,4093,32,,Parque Ind. Nueva Isabela,full,,,inposdom-via-manuelpgs,,2026-04-28T06:49:00,2026-04-28T06:49:00,1
99951,11807,62,DO,4093,32,,Urb. Ana T. Balaguer,full,,,inposdom-via-manuelpgs,,2026-04-28T06:49:00,2026-04-28T06:49:00,1
99952,11808,62,DO,4093,32,,Batey La Balsa,full,,,inposdom-via-manuelpgs,,2026-04-28T06:49:00,2026-04-28T06:49:00,1
99953,11808,62,DO,4093,32,,Batey Piragua,full,,,inposdom-via-manuelpgs,,2026-04-28T06:49:00,2026-04-28T06:49:00,1
99954,11808,62,DO,4093,32,,Sabaneta,full,,,inposdom-via-manuelpgs,,2026-04-28T06:49:00,2026-04-28T06:49:00,1
99955,11809,62,DO,4093,32,,Barrio Paraiso,full,,,inposdom-via-manuelpgs,,2026-04-28T06:49:00,2026-04-28T06:49:00,1
99956,11809,62,DO,4093,32,,Cabirma Del Este II,full,,,inposdom-via-manuelpgs,,2026-04-28T06:49:00,2026-04-28T06:49:00,1
99957,11809,62,DO,4093,32,,El Tamarindo,full,,,inposdom-via-manuelpgs,,2026-04-28T06:49:00,2026-04-28T06:49:00,1
99958,11809,62,DO,4093,32,,Los Rosales,full,,,inposdom-via-manuelpgs,,2026-04-28T06:49:00,2026-04-28T06:49:00,1
99959,11809,62,DO,4093,32,,Res. Don Oscar,full,,,inposdom-via-manuelpgs,,2026-04-28T06:49:00,2026-04-28T06:49:00,1
99960,11901,62,DO,4093,32,,La Milagrosa,full,,,inposdom-via-manuelpgs,,2026-04-28T06:49:00,2026-04-28T06:49:00,1
99961,11901,62,DO,4093,32,,Los Mina Sur,full,,,inposdom-via-manuelpgs,,2026-04-28T06:49:00,2026-04-28T06:49:00,1
99962,11901,62,DO,4093,32,,Pidoca,full,,,inposdom-via-manuelpgs,,2026-04-28T06:49:00,2026-04-28T06:49:00,1
99963,11902,62,DO,4093,32,,Felicidad,full,,,inposdom-via-manuelpgs,,2026-04-28T06:49:00,2026-04-28T06:49:00,1
99964,11902,62,DO,4093,32,,San Antonio,full,,,inposdom-via-manuelpgs,,2026-04-28T06:49:00,2026-04-28T06:49:00,1
99965,11902,62,DO,4093,32,,Vietnam,full,,,inposdom-via-manuelpgs,,2026-04-28T06:49:00,2026-04-28T06:49:00,1
99966,11903,62,DO,4093,32,,Katanga,full,,,inposdom-via-manuelpgs,,2026-04-28T06:49:00,2026-04-28T06:49:00,1
99967,11903,62,DO,4093,32,,Los Mina Norte,full,,,inposdom-via-manuelpgs,,2026-04-28T06:49:00,2026-04-28T06:49:00,1
99968,11904,62,DO,4093,32,,Cerros Del Ozama,full,,,inposdom-via-manuelpgs,,2026-04-28T06:49:00,2026-04-28T06:49:00,1
99969,11904,62,DO,4093,32,,Francisco Del,full,,,inposdom-via-manuelpgs,,2026-04-28T06:49:00,2026-04-28T06:49:00,1
99970,11904,62,DO,4093,32,,Las Frutas,full,,,inposdom-via-manuelpgs,,2026-04-28T06:49:00,2026-04-28T06:49:00,1
99971,11904,62,DO,4093,32,,Puerto Rico,full,,,inposdom-via-manuelpgs,,2026-04-28T06:49:00,2026-04-28T06:49:00,1
99972,11904,62,DO,4093,32,,Rosario Sanchez,full,,,inposdom-via-manuelpgs,,2026-04-28T06:49:00,2026-04-28T06:49:00,1
99973,11905,62,DO,4093,32,,Los 3 Brazos,full,,,inposdom-via-manuelpgs,,2026-04-28T06:49:00,2026-04-28T06:49:00,1
99974,11905,62,DO,4093,32,,Mil Flores,full,,,inposdom-via-manuelpgs,,2026-04-28T06:49:00,2026-04-28T06:49:00,1
99975,11906,62,DO,4093,32,,Las Enfermeras,full,,,inposdom-via-manuelpgs,,2026-04-28T06:49:00,2026-04-28T06:49:00,1
99976,11906,62,DO,4093,32,,Los Mina Viejo,full,,,inposdom-via-manuelpgs,,2026-04-28T06:49:00,2026-04-28T06:49:00,1
99977,21001,62,DO,4110,23,,Barrio El Toconal,full,,,inposdom-via-manuelpgs,,2026-04-28T06:49:00,2026-04-28T06:49:00,1
99978,21001,62,DO,4110,23,,Barrio Japon,full,,,inposdom-via-manuelpgs,,2026-04-28T06:49:00,2026-04-28T06:49:00,1
99979,21001,62,DO,4110,23,,Barrio La Filipina,full,,,inposdom-via-manuelpgs,,2026-04-28T06:49:00,2026-04-28T06:49:00,1
99980,21001,62,DO,4110,23,,Barrio La Urea,full,,,inposdom-via-manuelpgs,,2026-04-28T06:49:00,2026-04-28T06:49:00,1
99981,21001,62,DO,4110,23,,Barrio Las Piedras,full,,,inposdom-via-manuelpgs,,2026-04-28T06:49:00,2026-04-28T06:49:00,1
99982,21001,62,DO,4110,23,,Barrio Miramar,full,,,inposdom-via-manuelpgs,,2026-04-28T06:49:00,2026-04-28T06:49:00,1
99983,21001,62,DO,4110,23,,Barrio Pueblo Nuevo,full,,,inposdom-via-manuelpgs,,2026-04-28T06:49:00,2026-04-28T06:49:00,1
99984,21001,62,DO,4110,23,,Boca Del Soco,full,,,inposdom-via-manuelpgs,,2026-04-28T06:49:00,2026-04-28T06:49:00,1
99985,21001,62,DO,4110,23,,Farrio Las Flores,full,,,inposdom-via-manuelpgs,,2026-04-28T06:49:00,2026-04-28T06:49:00,1
99986,21001,62,DO,4110,23,,Urb. Evaristo Sanchez,full,,,inposdom-via-manuelpgs,,2026-04-28T06:49:00,2026-04-28T06:49:00,1
99987,21001,62,DO,4110,23,,Urb. La Roca,full,,,inposdom-via-manuelpgs,,2026-04-28T06:49:00,2026-04-28T06:49:00,1
99988,21002,62,DO,4110,23,,Barrio Los Cajones,full,,,inposdom-via-manuelpgs,,2026-04-28T06:49:00,2026-04-28T06:49:00,1
99989,21002,62,DO,4110,23,,Barrio Plan Porvenir,full,,,inposdom-via-manuelpgs,,2026-04-28T06:49:00,2026-04-28T06:49:00,1
99990,21002,62,DO,4110,23,,Barrio Sarmiento,full,,,inposdom-via-manuelpgs,,2026-04-28T06:49:00,2026-04-28T06:49:00,1
99991,21002,62,DO,4110,23,,Guayacanes,full,,,inposdom-via-manuelpgs,,2026-04-28T06:49:00,2026-04-28T06:49:00,1
99992,21002,62,DO,4110,23,,Urb. Enrriquillo,full,,,inposdom-via-manuelpgs,,2026-04-28T06:49:00,2026-04-28T06:49:00,1
99993,21002,62,DO,4110,23,,Urb. Universitaria,full,,,inposdom-via-manuelpgs,,2026-04-28T06:49:00,2026-04-28T06:49:00,1
99994,21003,62,DO,4110,23,,La Punta,full,,,inposdom-via-manuelpgs,,2026-04-28T06:49:00,2026-04-28T06:49:00,1
99995,21003,62,DO,4110,23,,Zona Franca Industrial,full,,,inposdom-via-manuelpgs,,2026-04-28T06:49:00,2026-04-28T06:49:00,1
99996,21004,62,DO,4110,23,,Barrio 24 de Abril,full,,,inposdom-via-manuelpgs,,2026-04-28T06:49:00,2026-04-28T06:49:00,1
99997,21004,62,DO,4110,23,,Barrio Azul,full,,,inposdom-via-manuelpgs,,2026-04-28T06:49:00,2026-04-28T06:49:00,1
99998,21004,62,DO,4110,23,,Barrio La Puerta,full,,,inposdom-via-manuelpgs,,2026-04-28T06:49:00,2026-04-28T06:49:00,1
99999,21004,62,DO,4110,23,,Ingenio Porvenir,full,,,inposdom-via-manuelpgs,,2026-04-28T06:49:00,2026-04-28T06:49:00,1
100000,21004,62,DO,4110,23,,Juan Dolio,full,,,inposdom-via-manuelpgs,,2026-04-28T06:49:00,2026-04-28T06:49:00,1
100001,21005,62,DO,4110,23,,Barrio Invicea,full,,,inposdom-via-manuelpgs,,2026-04-28T06:49:00,2026-04-28T06:49:00,1
100002,21005,62,DO,4110,23,,Barrio Los Cuatros Caminos,full,,,inposdom-via-manuelpgs,,2026-04-28T06:49:00,2026-04-28T06:49:00,1
100003,21005,62,DO,4110,23,,Barrio Nuevo,full,,,inposdom-via-manuelpgs,,2026-04-28T06:49:00,2026-04-28T06:49:00,1
100004,21005,62,DO,4110,23,,Batey Central,full,,,inposdom-via-manuelpgs,,2026-04-28T06:49:00,2026-04-28T06:49:00,1
100005,21005,62,DO,4110,23,,Buenos Aires,full,,,inposdom-via-manuelpgs,,2026-04-28T06:49:00,2026-04-28T06:49:00,1
100006,21005,62,DO,4110,23,,Ensanche Vega,full,,,inposdom-via-manuelpgs,,2026-04-28T06:49:00,2026-04-28T06:49:00,1
100007,21005,62,DO,4110,23,,Villa Magdalena,full,,,inposdom-via-manuelpgs,,2026-04-28T06:49:00,2026-04-28T06:49:00,1
100008,21005,62,DO,4110,23,,Villa Olimpica,full,,,inposdom-via-manuelpgs,,2026-04-28T06:49:00,2026-04-28T06:49:00,1
100009,21006,62,DO,4110,23,,Barrio Cerveceria,full,,,inposdom-via-manuelpgs,,2026-04-28T06:49:00,2026-04-28T06:49:00,1
100010,21006,62,DO,4110,23,,Barrio El 3 I/2,full,,,inposdom-via-manuelpgs,,2026-04-28T06:49:00,2026-04-28T06:49:00,1
100011,21006,62,DO,4110,23,,Barrio Lindo,full,,,inposdom-via-manuelpgs,,2026-04-28T06:49:00,2026-04-28T06:49:00,1
100012,21006,62,DO,4110,23,,Villa Progreso,full,,,inposdom-via-manuelpgs,,2026-04-28T06:49:00,2026-04-28T06:49:00,1
100013,21007,62,DO,4110,23,,Barrio Los Maestros,full,,,inposdom-via-manuelpgs,,2026-04-28T06:49:00,2026-04-28T06:49:00,1
100014,21007,62,DO,4110,23,,Barrio Ortiz,full,,,inposdom-via-manuelpgs,,2026-04-28T06:49:00,2026-04-28T06:49:00,1
100015,21007,62,DO,4110,23,,Barrio Restauracion,full,,,inposdom-via-manuelpgs,,2026-04-28T06:49:00,2026-04-28T06:49:00,1
100016,21007,62,DO,4110,23,,Cerveceria Nacional Dominicana,full,,,inposdom-via-manuelpgs,,2026-04-28T06:49:00,2026-04-28T06:49:00,1
100017,21007,62,DO,4110,23,,Urb. Independencia,full,,,inposdom-via-manuelpgs,,2026-04-28T06:49:00,2026-04-28T06:49:00,1
100018,21007,62,DO,4110,23,,Urb. Jhon F. Kennedy,full,,,inposdom-via-manuelpgs,,2026-04-28T06:49:00,2026-04-28T06:49:00,1
100019,21008,62,DO,4110,23,,Barrio Mexico,full,,,inposdom-via-manuelpgs,,2026-04-28T06:49:00,2026-04-28T06:49:00,1
100020,21008,62,DO,4110,23,,Barrio Villa Providencia,full,,,inposdom-via-manuelpgs,,2026-04-28T06:49:00,2026-04-28T06:49:00,1
100021,21008,62,DO,4110,23,,Urb. Evangelina Rodriguez,full,,,inposdom-via-manuelpgs,,2026-04-28T06:49:00,2026-04-28T06:49:00,1
100022,21009,62,DO,4110,23,,Barrio Blanco,full,,,inposdom-via-manuelpgs,,2026-04-28T06:49:00,2026-04-28T06:49:00,1
100023,21009,62,DO,4110,23,,Barrio El Silencio,full,,,inposdom-via-manuelpgs,,2026-04-28T06:49:00,2026-04-28T06:49:00,1
100024,21009,62,DO,4110,23,,Barrio Esperanza,full,,,inposdom-via-manuelpgs,,2026-04-28T06:49:00,2026-04-28T06:49:00,1
100025,21009,62,DO,4110,23,,Barrio La Punta,full,,,inposdom-via-manuelpgs,,2026-04-28T06:49:00,2026-04-28T06:49:00,1
100026,21009,62,DO,4110,23,,Barrio Obrero,full,,,inposdom-via-manuelpgs,,2026-04-28T06:49:00,2026-04-28T06:49:00,1
100027,21009,62,DO,4110,23,,Barrio Placer Bonito,full,,,inposdom-via-manuelpgs,,2026-04-28T06:49:00,2026-04-28T06:49:00,1
100028,21009,62,DO,4110,23,,Punta de Garza,full,,,inposdom-via-manuelpgs,,2026-04-28T06:49:00,2026-04-28T06:49:00,1
100029,21009,62,DO,4110,23,,Urb. Vicini,full,,,inposdom-via-manuelpgs,,2026-04-28T06:49:00,2026-04-28T06:49:00,1
100030,21100,62,DO,4110,23,,San Jose de Los Llanos,full,,,inposdom-via-manuelpgs,,2026-04-28T06:49:00,2026-04-28T06:49:00,1
100031,21101,62,DO,4110,23,,Cayacoa,full,,,inposdom-via-manuelpgs,,2026-04-28T06:49:00,2026-04-28T06:49:00,1
100032,21102,62,DO,4110,23,,El Guayabal,full,,,inposdom-via-manuelpgs,,2026-04-28T06:49:00,2026-04-28T06:49:00,1
100033,21103,62,DO,4110,23,,Los Jibaros,full,,,inposdom-via-manuelpgs,,2026-04-28T06:49:00,2026-04-28T06:49:00,1
100034,21104,62,DO,4110,23,,Los Montones,full,,,inposdom-via-manuelpgs,,2026-04-28T06:49:00,2026-04-28T06:49:00,1
100035,21105,62,DO,4110,23,,San Geronimo,full,,,inposdom-via-manuelpgs,,2026-04-28T06:49:00,2026-04-28T06:49:00,1
100036,21201,62,DO,4110,23,,Ajagual,full,,,inposdom-via-manuelpgs,,2026-04-28T06:49:00,2026-04-28T06:49:00,1
100037,21202,62,DO,4110,23,,Los Lorenes,full,,,inposdom-via-manuelpgs,,2026-04-28T06:49:00,2026-04-28T06:49:00,1
100038,21203,62,DO,4110,23,,Magarin,full,,,inposdom-via-manuelpgs,,2026-04-28T06:49:00,2026-04-28T06:49:00,1
100039,21301,62,DO,4110,23,,Alejandro Bass,full,,,inposdom-via-manuelpgs,,2026-04-28T06:49:00,2026-04-28T06:49:00,1
100040,21302,62,DO,4110,23,,Las Callas,full,,,inposdom-via-manuelpgs,,2026-04-28T06:49:00,2026-04-28T06:49:00,1
100041,21401,62,DO,4110,23,,Pajarito,full,,,inposdom-via-manuelpgs,,2026-04-28T06:49:00,2026-04-28T06:49:00,1
100042,21402,62,DO,4110,23,,Los Montones,full,,,inposdom-via-manuelpgs,,2026-04-28T06:49:00,2026-04-28T06:49:00,1
100043,21403,62,DO,4110,23,,Zorra Buena,full,,,inposdom-via-manuelpgs,,2026-04-28T06:49:00,2026-04-28T06:49:00,1
100044,21404,62,DO,4110,23,,Caonabo,full,,,inposdom-via-manuelpgs,,2026-04-28T06:49:00,2026-04-28T06:49:00,1
100045,21405,62,DO,4110,23,,Malulani,full,,,inposdom-via-manuelpgs,,2026-04-28T06:49:00,2026-04-28T06:49:00,1
100046,21406,62,DO,4110,23,,Gautier Dm,full,,,inposdom-via-manuelpgs,,2026-04-28T06:49:00,2026-04-28T06:49:00,1
100047,22001,62,DO,4087,12,,Aleton,full,,,inposdom-via-manuelpgs,,2026-04-28T06:49:00,2026-04-28T06:49:00,1
100048,22001,62,DO,4087,12,,Barrio Invi,full,,,inposdom-via-manuelpgs,,2026-04-28T06:49:00,2026-04-28T06:49:00,1
100049,22001,62,DO,4087,12,,Ensanche Chicago,full,,,inposdom-via-manuelpgs,,2026-04-28T06:49:00,2026-04-28T06:49:00,1
100050,22001,62,DO,4087,12,,Ensanche Miramar,full,,,inposdom-via-manuelpgs,,2026-04-28T06:49:00,2026-04-28T06:49:00,1
100051,22001,62,DO,4087,12,,Urb. Quisqueya,full,,,inposdom-via-manuelpgs,,2026-04-28T06:49:00,2026-04-28T06:49:00,1
100052,22001,62,DO,4087,12,,Villa Pereira,full,,,inposdom-via-manuelpgs,,2026-04-28T06:49:00,2026-04-28T06:49:00,1
100053,22002,62,DO,4087,12,,Deposito Central Romana,full,,,inposdom-via-manuelpgs,,2026-04-28T06:49:00,2026-04-28T06:49:00,1
100054,22002,62,DO,4087,12,,Ensanche La Paz,full,,,inposdom-via-manuelpgs,,2026-04-28T06:49:00,2026-04-28T06:49:00,1
100055,22002,62,DO,4087,12,,Guaymate,full,,,inposdom-via-manuelpgs,,2026-04-28T06:49:00,2026-04-28T06:49:00,1
100056,22002,62,DO,4087,12,,Urb. Don Juan,full,,,inposdom-via-manuelpgs,,2026-04-28T06:49:00,2026-04-28T06:49:00,1
100057,22003,62,DO,4087,12,,Barrio La Caleta,full,,,inposdom-via-manuelpgs,,2026-04-28T06:49:00,2026-04-28T06:49:00,1
100058,22003,62,DO,4087,12,,Central Romana,full,,,inposdom-via-manuelpgs,,2026-04-28T06:49:00,2026-04-28T06:49:00,1
100059,22003,62,DO,4087,12,,Isla Saona,full,,,inposdom-via-manuelpgs,,2026-04-28T06:49:00,2026-04-28T06:49:00,1
100060,22003,62,DO,4087,12,,Reparto Benjamin,full,,,inposdom-via-manuelpgs,,2026-04-28T06:49:00,2026-04-28T06:49:00,1
100061,22003,62,DO,4087,12,,Res. Melissa,full,,,inposdom-via-manuelpgs,,2026-04-28T06:49:00,2026-04-28T06:49:00,1
100062,22004,62,DO,4087,12,,Altos de Chavon,full,,,inposdom-via-manuelpgs,,2026-04-28T06:49:00,2026-04-28T06:49:00,1
100063,22004,62,DO,4087,12,,Balneario El Calenton,full,,,inposdom-via-manuelpgs,,2026-04-28T06:49:00,2026-04-28T06:49:00,1
100064,22004,62,DO,4087,12,,Urb. Buena Vista Este,full,,,inposdom-via-manuelpgs,,2026-04-28T06:49:00,2026-04-28T06:49:00,1
100065,22004,62,DO,4087,12,,Urb. Buena Vista Norte,full,,,inposdom-via-manuelpgs,,2026-04-28T06:49:00,2026-04-28T06:49:00,1
100066,22004,62,DO,4087,12,,Urb. Buena Vista Sur,full,,,inposdom-via-manuelpgs,,2026-04-28T06:49:00,2026-04-28T06:49:00,1
100067,22005,62,DO,4087,12,,Altos Del Rio Dulce,full,,,inposdom-via-manuelpgs,,2026-04-28T06:49:00,2026-04-28T06:49:00,1
100068,22005,62,DO,4087,12,,Urb. Las Piedras,full,,,inposdom-via-manuelpgs,,2026-04-28T06:49:00,2026-04-28T06:49:00,1
100069,22005,62,DO,4087,12,,Urb. Papagayo,full,,,inposdom-via-manuelpgs,,2026-04-28T06:49:00,2026-04-28T06:49:00,1
100070,22005,62,DO,4087,12,,Urb. Preconca,full,,,inposdom-via-manuelpgs,,2026-04-28T06:49:00,2026-04-28T06:49:00,1
100071,22006,62,DO,4087,12,,Barrio Bancola,full,,,inposdom-via-manuelpgs,,2026-04-28T06:49:00,2026-04-28T06:49:00,1
100072,22006,62,DO,4087,12,,Barrio Rio Salado,full,,,inposdom-via-manuelpgs,,2026-04-28T06:49:00,2026-04-28T06:49:00,1
100073,22006,62,DO,4087,12,,Barrio Santa Fe,full,,,inposdom-via-manuelpgs,,2026-04-28T06:49:00,2026-04-28T06:49:00,1
100074,22006,62,DO,4087,12,,Ensanche La Hoz,full,,,inposdom-via-manuelpgs,,2026-04-28T06:49:00,2026-04-28T06:49:00,1
100075,22007,62,DO,4087,12,,Barrio San Carlos,full,,,inposdom-via-manuelpgs,,2026-04-28T06:49:00,2026-04-28T06:49:00,1
100076,22007,62,DO,4087,12,,Barrio York,full,,,inposdom-via-manuelpgs,,2026-04-28T06:49:00,2026-04-28T06:49:00,1
100077,22007,62,DO,4087,12,,Ens. Almeyra,full,,,inposdom-via-manuelpgs,,2026-04-28T06:49:00,2026-04-28T06:49:00,1
100078,22007,62,DO,4087,12,,Villa Verde,full,,,inposdom-via-manuelpgs,,2026-04-28T06:49:00,2026-04-28T06:49:00,1
100079,22008,62,DO,4087,12,,Nueva Zona Franca Industrial II,full,,,inposdom-via-manuelpgs,,2026-04-28T06:49:00,2026-04-28T06:49:00,1
100080,22009,62,DO,4087,12,,Zona Franca Industrial I,full,,,inposdom-via-manuelpgs,,2026-04-28T06:49:00,2026-04-28T06:49:00,1
100081,22010,62,DO,4087,12,,Urb. Madrigal,full,,,inposdom-via-manuelpgs,,2026-04-28T06:49:00,2026-04-28T06:49:00,1
100082,22010,62,DO,4087,12,,Urb. Torres,full,,,inposdom-via-manuelpgs,,2026-04-28T06:49:00,2026-04-28T06:49:00,1
100083,22101,62,DO,4087,12,,Sabana,full,,,inposdom-via-manuelpgs,,2026-04-28T06:49:00,2026-04-28T06:49:00,1
100084,22201,62,DO,4087,12,,10 de Cumayasa Dm,full,,,inposdom-via-manuelpgs,,2026-04-28T06:49:00,2026-04-28T06:49:00,1
100085,23001,62,DO,4109,11,,Barrio Chino,full,,,inposdom-via-manuelpgs,,2026-04-28T06:49:00,2026-04-28T06:49:00,1
100086,23001,62,DO,4109,11,,Barrio Los Sotos,full,,,inposdom-via-manuelpgs,,2026-04-28T06:49:00,2026-04-28T06:49:00,1
100087,23001,62,DO,4109,11,,Barrio San Martin de Porres,full,,,inposdom-via-manuelpgs,,2026-04-28T06:49:00,2026-04-28T06:49:00,1
100088,23001,62,DO,4109,11,,Bejucal,full,,,inposdom-via-manuelpgs,,2026-04-28T06:49:00,2026-04-28T06:49:00,1
100089,23001,62,DO,4109,11,,Juan Pablo Duarte,full,,,inposdom-via-manuelpgs,,2026-04-28T06:49:00,2026-04-28T06:49:00,1
100090,23001,62,DO,4109,11,,Los Rosales I,full,,,inposdom-via-manuelpgs,,2026-04-28T06:49:00,2026-04-28T06:49:00,1
100091,23001,62,DO,4109,11,,Los Rosales II,full,,,inposdom-via-manuelpgs,,2026-04-28T06:49:00,2026-04-28T06:49:00,1
100092,23001,62,DO,4109,11,,Lotificasion Don Eusebio,full,,,inposdom-via-manuelpgs,,2026-04-28T06:49:00,2026-04-28T06:49:00,1
100093,23001,62,DO,4109,11,,Lotificasion La Altagracia,full,,,inposdom-via-manuelpgs,,2026-04-28T06:49:00,2026-04-28T06:49:00,1
100094,23001,62,DO,4109,11,,Res. Ana Amelia,full,,,inposdom-via-manuelpgs,,2026-04-28T06:49:00,2026-04-28T06:49:00,1
100095,23001,62,DO,4109,11,,Res. Freijo Mil,full,,,inposdom-via-manuelpgs,,2026-04-28T06:49:00,2026-04-28T06:49:00,1
100096,23001,62,DO,4109,11,,Urb. Luisa Perla,full,,,inposdom-via-manuelpgs,,2026-04-28T06:49:00,2026-04-28T06:49:00,1
100097,23001,62,DO,4109,11,,Urb. San Pedro,full,,,inposdom-via-manuelpgs,,2026-04-28T06:49:00,2026-04-28T06:49:00,1
100098,23001,62,DO,4109,11,,Vista Hermosa,full,,,inposdom-via-manuelpgs,,2026-04-28T06:49:00,2026-04-28T06:49:00,1
100099,23001,62,DO,4109,11,,Zona Franca Industrial,full,,,inposdom-via-manuelpgs,,2026-04-28T06:49:00,2026-04-28T06:49:00,1
100100,23002,62,DO,4109,11,,Barrio Antonio Guzman,full,,,inposdom-via-manuelpgs,,2026-04-28T06:49:00,2026-04-28T06:49:00,1
100101,23002,62,DO,4109,11,,Barrio Cambelen,full,,,inposdom-via-manuelpgs,,2026-04-28T06:49:00,2026-04-28T06:49:00,1
100102,23002,62,DO,4109,11,,Barrio El Neranjo,full,,,inposdom-via-manuelpgs,,2026-04-28T06:49:00,2026-04-28T06:49:00,1
100103,23002,62,DO,4109,11,,Barrio Hoyo Caliente,full,,,inposdom-via-manuelpgs,,2026-04-28T06:49:00,2026-04-28T06:49:00,1
100104,23002,62,DO,4109,11,,Barrio La Aviacion,full,,,inposdom-via-manuelpgs,,2026-04-28T06:49:00,2026-04-28T06:49:00,1
100105,23002,62,DO,4109,11,,Barrio La Florida,full,,,inposdom-via-manuelpgs,,2026-04-28T06:49:00,2026-04-28T06:49:00,1
100106,23002,62,DO,4109,11,,Barrio Los Coquitos,full,,,inposdom-via-manuelpgs,,2026-04-28T06:49:00,2026-04-28T06:49:00,1
100107,23002,62,DO,4109,11,,Barrio Los Platanitos,full,,,inposdom-via-manuelpgs,,2026-04-28T06:49:00,2026-04-28T06:49:00,1
100108,23002,62,DO,4109,11,,Barrio Mama Tingo,full,,,inposdom-via-manuelpgs,,2026-04-28T06:49:00,2026-04-28T06:49:00,1
100109,23002,62,DO,4109,11,,Barrio Obispo,full,,,inposdom-via-manuelpgs,,2026-04-28T06:49:00,2026-04-28T06:49:00,1
100110,23002,62,DO,4109,11,,Barrio San Francisco,full,,,inposdom-via-manuelpgs,,2026-04-28T06:49:00,2026-04-28T06:49:00,1
100111,23002,62,DO,4109,11,,Barrio San Jose,full,,,inposdom-via-manuelpgs,,2026-04-28T06:49:00,2026-04-28T06:49:00,1
100112,23002,62,DO,4109,11,,Basilica Nustra Sra. de la Alt.,full,,,inposdom-via-manuelpgs,,2026-04-28T06:49:00,2026-04-28T06:49:00,1
100113,23002,62,DO,4109,11,,Lotificacion Levanto,full,,,inposdom-via-manuelpgs,,2026-04-28T06:49:00,2026-04-28T06:49:00,1
100114,23002,62,DO,4109,11,,Mama Tingo,full,,,inposdom-via-manuelpgs,,2026-04-28T06:49:00,2026-04-28T06:49:00,1
100115,23002,62,DO,4109,11,,Res. 21 de Enero,full,,,inposdom-via-manuelpgs,,2026-04-28T06:49:00,2026-04-28T06:49:00,1
100116,23002,62,DO,4109,11,,Santana,full,,,inposdom-via-manuelpgs,,2026-04-28T06:49:00,2026-04-28T06:49:00,1
100117,23002,62,DO,4109,11,,Urb. La Virgen,full,,,inposdom-via-manuelpgs,,2026-04-28T06:49:00,2026-04-28T06:49:00,1
100118,23003,62,DO,4109,11,,El Salado,full,,,inposdom-via-manuelpgs,,2026-04-28T06:49:00,2026-04-28T06:49:00,1
100119,23004,62,DO,4109,11,,Jima Jaragua,full,,,inposdom-via-manuelpgs,,2026-04-28T06:49:00,2026-04-28T06:49:00,1
100120,23005,62,DO,4109,11,,Los Rios,full,,,inposdom-via-manuelpgs,,2026-04-28T06:49:00,2026-04-28T06:49:00,1
100121,23006,62,DO,4109,11,,Mata Chalupa,full,,,inposdom-via-manuelpgs,,2026-04-28T06:49:00,2026-04-28T06:49:00,1
100122,23101,62,DO,4109,11,,Bayahibe Dm,full,,,inposdom-via-manuelpgs,,2026-04-28T06:49:00,2026-04-28T06:49:00,1
100123,23102,62,DO,4109,11,,Boca de Yuma,full,,,inposdom-via-manuelpgs,,2026-04-28T06:49:00,2026-04-28T06:49:00,1
100124,23103,62,DO,4109,11,,Gato,full,,,inposdom-via-manuelpgs,,2026-04-28T06:49:00,2026-04-28T06:49:00,1
100125,23104,62,DO,4109,11,,La Piita,full,,,inposdom-via-manuelpgs,,2026-04-28T06:49:00,2026-04-28T06:49:00,1
100126,23105,62,DO,4109,11,,Boca de Yuma Dm,full,,,inposdom-via-manuelpgs,,2026-04-28T06:49:00,2026-04-28T06:49:00,1
100127,23201,62,DO,4109,11,,Caada Honda,full,,,inposdom-via-manuelpgs,,2026-04-28T06:49:00,2026-04-28T06:49:00,1
100128,23202,62,DO,4109,11,,El Barrero,full,,,inposdom-via-manuelpgs,,2026-04-28T06:49:00,2026-04-28T06:49:00,1
100129,23203,62,DO,4109,11,,Las Guamas,full,,,inposdom-via-manuelpgs,,2026-04-28T06:49:00,2026-04-28T06:49:00,1
100130,23204,62,DO,4109,11,,Otra Banda Dm,full,,,inposdom-via-manuelpgs,,2026-04-28T06:49:00,2026-04-28T06:49:00,1
100131,23205,62,DO,4109,11,,El Bonao,full,,,inposdom-via-manuelpgs,,2026-04-28T06:49:00,2026-04-28T06:49:00,1
100132,23206,62,DO,4109,11,,Duyey,full,,,inposdom-via-manuelpgs,,2026-04-28T06:49:00,2026-04-28T06:49:00,1
100133,23207,62,DO,4109,11,,Cruz Del Isleo,full,,,inposdom-via-manuelpgs,,2026-04-28T06:49:00,2026-04-28T06:49:00,1
100134,23301,62,DO,4109,11,,Bavaro,full,,,inposdom-via-manuelpgs,,2026-04-28T06:49:00,2026-04-28T06:49:00,1
100135,23302,62,DO,4109,11,,Punta Cana,full,,,inposdom-via-manuelpgs,,2026-04-28T06:49:00,2026-04-28T06:49:00,1
100136,24001,62,DO,4086,08,,Arroyo Grande,full,,,inposdom-via-manuelpgs,,2026-04-28T06:49:00,2026-04-28T06:49:00,1
100137,24001,62,DO,4086,08,,Barrio Caada Francisca,full,,,inposdom-via-manuelpgs,,2026-04-28T06:49:00,2026-04-28T06:49:00,1
100138,24001,62,DO,4086,08,,Barrio Las 500,full,,,inposdom-via-manuelpgs,,2026-04-28T06:49:00,2026-04-28T06:49:00,1
100139,24001,62,DO,4086,08,,Barrio Los Cajuiles,full,,,inposdom-via-manuelpgs,,2026-04-28T06:49:00,2026-04-28T06:49:00,1
100140,24001,62,DO,4086,08,,Barrio Los Hoyos,full,,,inposdom-via-manuelpgs,,2026-04-28T06:49:00,2026-04-28T06:49:00,1
100141,24001,62,DO,4086,08,,Centro de la Cuidad,full,,,inposdom-via-manuelpgs,,2026-04-28T06:49:00,2026-04-28T06:49:00,1
100142,24002,62,DO,4086,08,,Barrio Capotillo,full,,,inposdom-via-manuelpgs,,2026-04-28T06:49:00,2026-04-28T06:49:00,1
100143,24002,62,DO,4086,08,,Barrio El Retiro,full,,,inposdom-via-manuelpgs,,2026-04-28T06:49:00,2026-04-28T06:49:00,1
100144,24002,62,DO,4086,08,,Barrio Jina Andiana,full,,,inposdom-via-manuelpgs,,2026-04-28T06:49:00,2026-04-28T06:49:00,1
100145,24002,62,DO,4086,08,,Barrio La Manicera,full,,,inposdom-via-manuelpgs,,2026-04-28T06:49:00,2026-04-28T06:49:00,1
100146,24002,62,DO,4086,08,,Buenos Aires,full,,,inposdom-via-manuelpgs,,2026-04-28T06:49:00,2026-04-28T06:49:00,1
100147,24002,62,DO,4086,08,,Campia,full,,,inposdom-via-manuelpgs,,2026-04-28T06:49:00,2026-04-28T06:49:00,1
100148,24002,62,DO,4086,08,,Ens. Palo Hincado,full,,,inposdom-via-manuelpgs,,2026-04-28T06:49:00,2026-04-28T06:49:00,1
100149,24002,62,DO,4086,08,,Mirador Sur,full,,,inposdom-via-manuelpgs,,2026-04-28T06:49:00,2026-04-28T06:49:00,1
100150,24003,62,DO,4086,08,,Candelaria,full,,,inposdom-via-manuelpgs,,2026-04-28T06:49:00,2026-04-28T06:49:00,1
100151,24004,62,DO,4086,08,,Las Cuchillas,full,,,inposdom-via-manuelpgs,,2026-04-28T06:49:00,2026-04-28T06:49:00,1
100152,24005,62,DO,4086,08,,El Cuey,full,,,inposdom-via-manuelpgs,,2026-04-28T06:49:00,2026-04-28T06:49:00,1
100153,24006,62,DO,4086,08,,Magarin,full,,,inposdom-via-manuelpgs,,2026-04-28T06:49:00,2026-04-28T06:49:00,1
100154,24007,62,DO,4086,08,,Mata de Palma,full,,,inposdom-via-manuelpgs,,2026-04-28T06:49:00,2026-04-28T06:49:00,1
100155,24008,62,DO,4086,08,,San Francisco Dm,full,,,inposdom-via-manuelpgs,,2026-04-28T06:49:00,2026-04-28T06:49:00,1
100156,24009,62,DO,4086,08,,Santa Lucia Dm,full,,,inposdom-via-manuelpgs,,2026-04-28T06:49:00,2026-04-28T06:49:00,1
100157,24010,62,DO,4086,08,,Vicentillo,full,,,inposdom-via-manuelpgs,,2026-04-28T06:49:00,2026-04-28T06:49:00,1
100158,24011,62,DO,4086,08,,Anama,full,,,inposdom-via-manuelpgs,,2026-04-28T06:49:00,2026-04-28T06:49:00,1
100159,24012,62,DO,4086,08,,NO DISPONIBLE,full,,,inposdom-via-manuelpgs,,2026-04-28T06:49:00,2026-04-28T06:49:00,1
100160,24101,62,DO,4086,08,,El Jovero,full,,,inposdom-via-manuelpgs,,2026-04-28T06:49:00,2026-04-28T06:49:00,1
100161,24102,62,DO,4086,08,,El Morro,full,,,inposdom-via-manuelpgs,,2026-04-28T06:49:00,2026-04-28T06:49:00,1
100162,24103,62,DO,4086,08,,Las Lilas,full,,,inposdom-via-manuelpgs,,2026-04-28T06:49:00,2026-04-28T06:49:00,1
100163,24104,62,DO,4086,08,,Isabelita,full,,,inposdom-via-manuelpgs,,2026-04-28T06:49:00,2026-04-28T06:49:00,1
100164,24105,62,DO,4086,08,,Pedro Sanchez Dm,full,,,inposdom-via-manuelpgs,,2026-04-28T06:49:00,2026-04-28T06:49:00,1
100165,25001,62,DO,4106,30,,Barrio Las Guazumas,full,,,inposdom-via-manuelpgs,,2026-04-28T06:49:00,2026-04-28T06:49:00,1
100166,25001,62,DO,4106,30,,Barrio Puerto Rico,full,,,inposdom-via-manuelpgs,,2026-04-28T06:49:00,2026-04-28T06:49:00,1
100167,25001,62,DO,4106,30,,Don Lpez,full,,,inposdom-via-manuelpgs,,2026-04-28T06:49:00,2026-04-28T06:49:00,1
100168,25002,62,DO,4106,30,,Barrio Gualey,full,,,inposdom-via-manuelpgs,,2026-04-28T06:49:00,2026-04-28T06:49:00,1
100169,25002,62,DO,4106,30,,Barrio Los Barriola,full,,,inposdom-via-manuelpgs,,2026-04-28T06:49:00,2026-04-28T06:49:00,1
100170,25002,62,DO,4106,30,,Centro de la Ciudad,full,,,inposdom-via-manuelpgs,,2026-04-28T06:49:00,2026-04-28T06:49:00,1
100171,25002,62,DO,4106,30,,Guayabo Dulce Dm,full,,,inposdom-via-manuelpgs,,2026-04-28T06:49:00,2026-04-28T06:49:00,1
100172,25002,62,DO,4106,30,,Zona Franca Industrial,full,,,inposdom-via-manuelpgs,,2026-04-28T06:49:00,2026-04-28T06:49:00,1
100173,25003,62,DO,4106,30,,Barrio Las Malvinas,full,,,inposdom-via-manuelpgs,,2026-04-28T06:49:00,2026-04-28T06:49:00,1
100174,25003,62,DO,4106,30,,Barrio Ondina,full,,,inposdom-via-manuelpgs,,2026-04-28T06:49:00,2026-04-28T06:49:00,1
100175,25003,62,DO,4106,30,,Manchado,full,,,inposdom-via-manuelpgs,,2026-04-28T06:49:00,2026-04-28T06:49:00,1
100176,25003,62,DO,4106,30,,Villa Canto,full,,,inposdom-via-manuelpgs,,2026-04-28T06:49:00,2026-04-28T06:49:00,1
100177,25004,62,DO,4106,30,,Mata Palacio Dm,full,,,inposdom-via-manuelpgs,,2026-04-28T06:49:00,2026-04-28T06:49:00,1
100178,25101,62,DO,4106,30,,El Centro,full,,,inposdom-via-manuelpgs,,2026-04-28T06:49:00,2026-04-28T06:49:00,1
100179,25105,62,DO,4106,30,,Magua,full,,,inposdom-via-manuelpgs,,2026-04-28T06:49:00,2026-04-28T06:49:00,1
100180,25106,62,DO,4106,30,,Yerba Buena Dm,full,,,inposdom-via-manuelpgs,,2026-04-28T06:49:00,2026-04-28T06:49:00,1
100181,25107,62,DO,4106,30,,Las Claras,full,,,inposdom-via-manuelpgs,,2026-04-28T06:49:00,2026-04-28T06:49:00,1
100182,25108,62,DO,4106,30,,El Mamn,full,,,inposdom-via-manuelpgs,,2026-04-28T06:49:00,2026-04-28T06:49:00,1
100183,25109,62,DO,4106,30,,Los Hatillos Dm,full,,,inposdom-via-manuelpgs,,2026-04-28T06:49:00,2026-04-28T06:49:00,1
100184,25110,62,DO,4106,30,,Elupina Cordero de las Caitas Dm,full,,,inposdom-via-manuelpgs,,2026-04-28T06:49:00,2026-04-28T06:49:00,1
100185,25111,62,DO,4106,30,,La Pia de Joya Dm,full,,,inposdom-via-manuelpgs,,2026-04-28T06:49:00,2026-04-28T06:49:00,1
100186,25201,62,DO,4106,30,,Arenita,full,,,inposdom-via-manuelpgs,,2026-04-28T06:49:00,2026-04-28T06:49:00,1
100187,25202,62,DO,4106,30,,Rincn Fogn,full,,,inposdom-via-manuelpgs,,2026-04-28T06:49:00,2026-04-28T06:49:00,1
100188,25203,62,DO,4106,30,,San Rafael,full,,,inposdom-via-manuelpgs,,2026-04-28T06:49:00,2026-04-28T06:49:00,1
100189,25204,62,DO,4106,30,,Elupina Cordero,full,,,inposdom-via-manuelpgs,,2026-04-28T06:49:00,2026-04-28T06:49:00,1
100190,31001,62,DO,4113,06,,Barrio Azul,full,,,inposdom-via-manuelpgs,,2026-04-28T06:49:00,2026-04-28T06:49:00,1
100191,31001,62,DO,4113,06,,Barrio Gregorio Luperon,full,,,inposdom-via-manuelpgs,,2026-04-28T06:49:00,2026-04-28T06:49:00,1
100192,31001,62,DO,4113,06,,Colon,full,,,inposdom-via-manuelpgs,,2026-04-28T06:49:00,2026-04-28T06:49:00,1
100193,31001,62,DO,4113,06,,El Gallinero,full,,,inposdom-via-manuelpgs,,2026-04-28T06:49:00,2026-04-28T06:49:00,1
100194,31001,62,DO,4113,06,,Ensanches Getsemani,full,,,inposdom-via-manuelpgs,,2026-04-28T06:49:00,2026-04-28T06:49:00,1
100195,31001,62,DO,4113,06,,Ensanches William Mieses,full,,,inposdom-via-manuelpgs,,2026-04-28T06:49:00,2026-04-28T06:49:00,1
100196,31001,62,DO,4113,06,,Invi,full,,,inposdom-via-manuelpgs,,2026-04-28T06:49:00,2026-04-28T06:49:00,1
100197,31001,62,DO,4113,06,,Las Flores,full,,,inposdom-via-manuelpgs,,2026-04-28T06:49:00,2026-04-28T06:49:00,1
100198,31001,62,DO,4113,06,,Santa Ana,full,,,inposdom-via-manuelpgs,,2026-04-28T06:49:00,2026-04-28T06:49:00,1
100199,31001,62,DO,4113,06,,Urb. Almanzar,full,,,inposdom-via-manuelpgs,,2026-04-28T06:49:00,2026-04-28T06:49:00,1
100200,31001,62,DO,4113,06,,Urb. Alvarez,full,,,inposdom-via-manuelpgs,,2026-04-28T06:49:00,2026-04-28T06:49:00,1
100201,31001,62,DO,4113,06,,Urb. Caonabo,full,,,inposdom-via-manuelpgs,,2026-04-28T06:49:00,2026-04-28T06:49:00,1
100202,31001,62,DO,4113,06,,Urb. Caonabo II,full,,,inposdom-via-manuelpgs,,2026-04-28T06:49:00,2026-04-28T06:49:00,1
100203,31001,62,DO,4113,06,,Urb. Los Ciruelo,full,,,inposdom-via-manuelpgs,,2026-04-28T06:49:00,2026-04-28T06:49:00,1
100204,31001,62,DO,4113,06,,Vista Del Valle,full,,,inposdom-via-manuelpgs,,2026-04-28T06:49:00,2026-04-28T06:49:00,1
100205,31002,62,DO,4113,06,,El Tejar,full,,,inposdom-via-manuelpgs,,2026-04-28T06:49:00,2026-04-28T06:49:00,1
100206,31002,62,DO,4113,06,,La Cruz de Cenovi Dm,full,,,inposdom-via-manuelpgs,,2026-04-28T06:49:00,2026-04-28T06:49:00,1
100207,31002,62,DO,4113,06,,La Guira,full,,,inposdom-via-manuelpgs,,2026-04-28T06:49:00,2026-04-28T06:49:00,1
100208,31002,62,DO,4113,06,,Res. Neftaly,full,,,inposdom-via-manuelpgs,,2026-04-28T06:49:00,2026-04-28T06:49:00,1
100209,31002,62,DO,4113,06,,Urb. Alma Salime,full,,,inposdom-via-manuelpgs,,2026-04-28T06:49:00,2026-04-28T06:49:00,1
100210,31002,62,DO,4113,06,,Urb. Andujar,full,,,inposdom-via-manuelpgs,,2026-04-28T06:49:00,2026-04-28T06:49:00,1
100211,31002,62,DO,4113,06,,Urb. Brugal,full,,,inposdom-via-manuelpgs,,2026-04-28T06:49:00,2026-04-28T06:49:00,1
100212,31002,62,DO,4113,06,,Urb. Campo Fernandez,full,,,inposdom-via-manuelpgs,,2026-04-28T06:49:00,2026-04-28T06:49:00,1
100213,31002,62,DO,4113,06,,Urb. Caperuza,full,,,inposdom-via-manuelpgs,,2026-04-28T06:49:00,2026-04-28T06:49:00,1
100214,31002,62,DO,4113,06,,Urb. Caperuza II,full,,,inposdom-via-manuelpgs,,2026-04-28T06:49:00,2026-04-28T06:49:00,1
100215,31002,62,DO,4113,06,,Urb. El Silencio I,full,,,inposdom-via-manuelpgs,,2026-04-28T06:49:00,2026-04-28T06:49:00,1
100216,31002,62,DO,4113,06,,Urb. El Silencio II,full,,,inposdom-via-manuelpgs,,2026-04-28T06:49:00,2026-04-28T06:49:00,1
100217,31002,62,DO,4113,06,,Urb. La Fortuna,full,,,inposdom-via-manuelpgs,,2026-04-28T06:49:00,2026-04-28T06:49:00,1
100218,31002,62,DO,4113,06,,Urb. Mirador Del Jaya,full,,,inposdom-via-manuelpgs,,2026-04-28T06:49:00,2026-04-28T06:49:00,1
100219,31002,62,DO,4113,06,,Urb. Pia,full,,,inposdom-via-manuelpgs,,2026-04-28T06:49:00,2026-04-28T06:49:00,1
100220,31002,62,DO,4113,06,,Urb. Pia III,full,,,inposdom-via-manuelpgs,,2026-04-28T06:49:00,2026-04-28T06:49:00,1
100221,31003,62,DO,4113,06,,Guiza,full,,,inposdom-via-manuelpgs,,2026-04-28T06:49:00,2026-04-28T06:49:00,1
100222,31003,62,DO,4113,06,,Res. Los Rieles,full,,,inposdom-via-manuelpgs,,2026-04-28T06:49:00,2026-04-28T06:49:00,1
100223,31003,62,DO,4113,06,,Urb. Felix,full,,,inposdom-via-manuelpgs,,2026-04-28T06:49:00,2026-04-28T06:49:00,1
100224,31003,62,DO,4113,06,,Urb. Francisco,full,,,inposdom-via-manuelpgs,,2026-04-28T06:49:00,2026-04-28T06:49:00,1
100225,31003,62,DO,4113,06,,Urb. Las Palmas,full,,,inposdom-via-manuelpgs,,2026-04-28T06:49:00,2026-04-28T06:49:00,1
100226,31003,62,DO,4113,06,,Urb. Lora,full,,,inposdom-via-manuelpgs,,2026-04-28T06:49:00,2026-04-28T06:49:00,1
100227,31003,62,DO,4113,06,,Urb. Los Maestros,full,,,inposdom-via-manuelpgs,,2026-04-28T06:49:00,2026-04-28T06:49:00,1
100228,31004,62,DO,4113,06,,Alto de la Javiela,full,,,inposdom-via-manuelpgs,,2026-04-28T06:49:00,2026-04-28T06:49:00,1
100229,31004,62,DO,4113,06,,Ensanche Martin,full,,,inposdom-via-manuelpgs,,2026-04-28T06:49:00,2026-04-28T06:49:00,1
100230,31004,62,DO,4113,06,,Jaya,full,,,inposdom-via-manuelpgs,,2026-04-28T06:49:00,2026-04-28T06:49:00,1
100231,31004,62,DO,4113,06,,Urb. Toribio Piantini,full,,,inposdom-via-manuelpgs,,2026-04-28T06:49:00,2026-04-28T06:49:00,1
100232,31004,62,DO,4113,06,,Villa Olimpica,full,,,inposdom-via-manuelpgs,,2026-04-28T06:49:00,2026-04-28T06:49:00,1
100233,31005,62,DO,4113,06,,Barrio Hermanas Mirabal,full,,,inposdom-via-manuelpgs,,2026-04-28T06:49:00,2026-04-28T06:49:00,1
100234,31005,62,DO,4113,06,,Barrio Jobo Bonito,full,,,inposdom-via-manuelpgs,,2026-04-28T06:49:00,2026-04-28T06:49:00,1
100235,31005,62,DO,4113,06,,Barrio San Pedro,full,,,inposdom-via-manuelpgs,,2026-04-28T06:49:00,2026-04-28T06:49:00,1
100236,31005,62,DO,4113,06,,Ensanche Duarte,full,,,inposdom-via-manuelpgs,,2026-04-28T06:49:00,2026-04-28T06:49:00,1
100237,31005,62,DO,4113,06,,Ensanche Madrigal,full,,,inposdom-via-manuelpgs,,2026-04-28T06:49:00,2026-04-28T06:49:00,1
100238,31005,62,DO,4113,06,,Los Bejucos,full,,,inposdom-via-manuelpgs,,2026-04-28T06:49:00,2026-04-28T06:49:00,1
100239,31005,62,DO,4113,06,,Ventura Grullon,full,,,inposdom-via-manuelpgs,,2026-04-28T06:49:00,2026-04-28T06:49:00,1
100240,31006,62,DO,4113,06,,Barrio Cuesta Blanca,full,,,inposdom-via-manuelpgs,,2026-04-28T06:49:00,2026-04-28T06:49:00,1
100241,31006,62,DO,4113,06,,Barrio El Hormiguero,full,,,inposdom-via-manuelpgs,,2026-04-28T06:49:00,2026-04-28T06:49:00,1
100242,31006,62,DO,4113,06,,Barrio Las Colinas,full,,,inposdom-via-manuelpgs,,2026-04-28T06:49:00,2026-04-28T06:49:00,1
100243,31006,62,DO,4113,06,,Barrio Los Jibaritos,full,,,inposdom-via-manuelpgs,,2026-04-28T06:49:00,2026-04-28T06:49:00,1
100244,31006,62,DO,4113,06,,Barrio Pueblo Nuevo,full,,,inposdom-via-manuelpgs,,2026-04-28T06:49:00,2026-04-28T06:49:00,1
100245,31006,62,DO,4113,06,,Barrio Puerto Rico,full,,,inposdom-via-manuelpgs,,2026-04-28T06:49:00,2026-04-28T06:49:00,1
100246,31006,62,DO,4113,06,,Barrio Rivera Del Jaya,full,,,inposdom-via-manuelpgs,,2026-04-28T06:49:00,2026-04-28T06:49:00,1
100247,31006,62,DO,4113,06,,Barrio Ugamba,full,,,inposdom-via-manuelpgs,,2026-04-28T06:49:00,2026-04-28T06:49:00,1
100248,31006,62,DO,4113,06,,Barrio Villa Duarte,full,,,inposdom-via-manuelpgs,,2026-04-28T06:49:00,2026-04-28T06:49:00,1
100249,31006,62,DO,4113,06,,Bella Vista,full,,,inposdom-via-manuelpgs,,2026-04-28T06:49:00,2026-04-28T06:49:00,1
100250,31006,62,DO,4113,06,,Las Guazumas,full,,,inposdom-via-manuelpgs,,2026-04-28T06:49:00,2026-04-28T06:49:00,1
100251,31006,62,DO,4113,06,,Los Weber,full,,,inposdom-via-manuelpgs,,2026-04-28T06:49:00,2026-04-28T06:49:00,1
100252,31006,62,DO,4113,06,,Urb. Estancia,full,,,inposdom-via-manuelpgs,,2026-04-28T06:49:00,2026-04-28T06:49:00,1
100253,31006,62,DO,4113,06,,Urb. Fernandez,full,,,inposdom-via-manuelpgs,,2026-04-28T06:49:00,2026-04-28T06:49:00,1
100254,31006,62,DO,4113,06,,Urb. Riveras Del Jaya,full,,,inposdom-via-manuelpgs,,2026-04-28T06:49:00,2026-04-28T06:49:00,1
100255,31007,62,DO,4113,06,,Barrio El Capacito,full,,,inposdom-via-manuelpgs,,2026-04-28T06:49:00,2026-04-28T06:49:00,1
100256,31007,62,DO,4113,06,,Ensanche Capotillo,full,,,inposdom-via-manuelpgs,,2026-04-28T06:49:00,2026-04-28T06:49:00,1
100257,31007,62,DO,4113,06,,La Malena,full,,,inposdom-via-manuelpgs,,2026-04-28T06:49:00,2026-04-28T06:49:00,1
100258,31007,62,DO,4113,06,,Res. El Dorado,full,,,inposdom-via-manuelpgs,,2026-04-28T06:49:00,2026-04-28T06:49:00,1
100259,31007,62,DO,4113,06,,Urb. Seorita Ana,full,,,inposdom-via-manuelpgs,,2026-04-28T06:49:00,2026-04-28T06:49:00,1
100260,31101,62,DO,4113,06,,El Aguacate Dm,full,,,inposdom-via-manuelpgs,,2026-04-28T06:49:00,2026-04-28T06:49:00,1
100261,31102,62,DO,4113,06,,Las Coles Dm,full,,,inposdom-via-manuelpgs,,2026-04-28T06:49:00,2026-04-28T06:49:00,1
100262,31103,62,DO,4113,06,,Las Carreras,full,,,inposdom-via-manuelpgs,,2026-04-28T06:49:00,2026-04-28T06:49:00,1
100263,31104,62,DO,4113,06,,La Jagua,full,,,inposdom-via-manuelpgs,,2026-04-28T06:49:00,2026-04-28T06:49:00,1
100264,31105,62,DO,4113,06,,Agua Santa Del Yuna Dm,full,,,inposdom-via-manuelpgs,,2026-04-28T06:49:00,2026-04-28T06:49:00,1
100265,31106,62,DO,4113,06,,Barranquito Dm,full,,,inposdom-via-manuelpgs,,2026-04-28T06:49:00,2026-04-28T06:49:00,1
100266,31107,62,DO,4113,06,,Cristo Rey de Guaraguao Dm,full,,,inposdom-via-manuelpgs,,2026-04-28T06:49:00,2026-04-28T06:49:00,1
100267,31108,62,DO,4113,06,,Barraquito,full,,,inposdom-via-manuelpgs,,2026-04-28T06:49:00,2026-04-28T06:49:00,1
100268,31109,62,DO,4113,06,,Guaraguao,full,,,inposdom-via-manuelpgs,,2026-04-28T06:49:00,2026-04-28T06:49:00,1
100269,31110,62,DO,4113,06,,Los Peynado,full,,,inposdom-via-manuelpgs,,2026-04-28T06:49:00,2026-04-28T06:49:00,1
100270,31111,62,DO,4113,06,,Los Aguayos Dm,full,,,inposdom-via-manuelpgs,,2026-04-28T06:49:00,2026-04-28T06:49:00,1
100271,31201,62,DO,4113,06,,Gina Clara,full,,,inposdom-via-manuelpgs,,2026-04-28T06:49:00,2026-04-28T06:49:00,1
100272,31202,62,DO,4113,06,,Juan Diaz,full,,,inposdom-via-manuelpgs,,2026-04-28T06:49:00,2026-04-28T06:49:00,1
100273,31203,62,DO,4113,06,,Los Cachones,full,,,inposdom-via-manuelpgs,,2026-04-28T06:49:00,2026-04-28T06:49:00,1
100274,31204,62,DO,4113,06,,Los Llanos,full,,,inposdom-via-manuelpgs,,2026-04-28T06:49:00,2026-04-28T06:49:00,1
100275,31205,62,DO,4113,06,,Rincon Hondo,full,,,inposdom-via-manuelpgs,,2026-04-28T06:49:00,2026-04-28T06:49:00,1
100276,31206,62,DO,4113,06,,Las Taranas Dm,full,,,inposdom-via-manuelpgs,,2026-04-28T06:49:00,2026-04-28T06:49:00,1
100277,31207,62,DO,4113,06,,Yaiba Abajo,full,,,inposdom-via-manuelpgs,,2026-04-28T06:49:00,2026-04-28T06:49:00,1
100278,31301,62,DO,4113,06,,Acicate,full,,,inposdom-via-manuelpgs,,2026-04-28T06:49:00,2026-04-28T06:49:00,1
100279,31302,62,DO,4113,06,,Cerrejon,full,,,inposdom-via-manuelpgs,,2026-04-28T06:49:00,2026-04-28T06:49:00,1
100280,31303,62,DO,4113,06,,Sabana Grande Dm,full,,,inposdom-via-manuelpgs,,2026-04-28T06:49:00,2026-04-28T06:49:00,1
100281,31401,62,DO,4113,06,,Buena Vista,full,,,inposdom-via-manuelpgs,,2026-04-28T06:49:00,2026-04-28T06:49:00,1
100282,31402,62,DO,4113,06,,Caobete,full,,,inposdom-via-manuelpgs,,2026-04-28T06:49:00,2026-04-28T06:49:00,1
100283,31403,62,DO,4113,06,,Cuaba Abajo,full,,,inposdom-via-manuelpgs,,2026-04-28T06:49:00,2026-04-28T06:49:00,1
100284,31404,62,DO,4113,06,,San Felipe Arriba,full,,,inposdom-via-manuelpgs,,2026-04-28T06:49:00,2026-04-28T06:49:00,1
100285,31501,62,DO,4113,06,,Ceiba de Los Pajaros,full,,,inposdom-via-manuelpgs,,2026-04-28T06:49:00,2026-04-28T06:49:00,1
100286,31502,62,DO,4113,06,,Chiringo,full,,,inposdom-via-manuelpgs,,2026-04-28T06:49:00,2026-04-28T06:49:00,1
100287,31503,62,DO,4113,06,,Las Taranas,full,,,inposdom-via-manuelpgs,,2026-04-28T06:49:00,2026-04-28T06:49:00,1
100288,31504,62,DO,4113,06,,Yeiba,full,,,inposdom-via-manuelpgs,,2026-04-28T06:49:00,2026-04-28T06:49:00,1
100289,31601,62,DO,4113,06,,La Enea,full,,,inposdom-via-manuelpgs,,2026-04-28T06:49:00,2026-04-28T06:49:00,1
100290,31602,62,DO,4113,06,,El Hato,full,,,inposdom-via-manuelpgs,,2026-04-28T06:49:00,2026-04-28T06:49:00,1
100291,31603,62,DO,4113,06,,Rincon de Los Genaos,full,,,inposdom-via-manuelpgs,,2026-04-28T06:49:00,2026-04-28T06:49:00,1
100292,31604,62,DO,4113,06,,Los Riveras,full,,,inposdom-via-manuelpgs,,2026-04-28T06:49:00,2026-04-28T06:49:00,1
100293,31701,62,DO,4113,06,,Callejon de Tilo,full,,,inposdom-via-manuelpgs,,2026-04-28T06:49:00,2026-04-28T06:49:00,1
100294,31702,62,DO,4113,06,,Paraguay,full,,,inposdom-via-manuelpgs,,2026-04-28T06:49:00,2026-04-28T06:49:00,1
100295,31703,62,DO,4113,06,,La Reforma,full,,,inposdom-via-manuelpgs,,2026-04-28T06:49:00,2026-04-28T06:49:00,1
100296,31801,62,DO,4113,06,,La Bajada,full,,,inposdom-via-manuelpgs,,2026-04-28T06:49:00,2026-04-28T06:49:00,1
100297,31802,62,DO,4113,06,,Majagual,full,,,inposdom-via-manuelpgs,,2026-04-28T06:49:00,2026-04-28T06:49:00,1
100298,31803,62,DO,4113,06,,Dichoso,full,,,inposdom-via-manuelpgs,,2026-04-28T06:49:00,2026-04-28T06:49:00,1
100299,31804,62,DO,4113,06,,Laguna de Coto,full,,,inposdom-via-manuelpgs,,2026-04-28T06:49:00,2026-04-28T06:49:00,1
100300,31805,62,DO,4113,06,,La Mesa,full,,,inposdom-via-manuelpgs,,2026-04-28T06:49:00,2026-04-28T06:49:00,1
100301,31806,62,DO,4113,06,,Patao,full,,,inposdom-via-manuelpgs,,2026-04-28T06:49:00,2026-04-28T06:49:00,1
100302,31807,62,DO,4113,06,,La Pea,full,,,inposdom-via-manuelpgs,,2026-04-28T06:49:00,2026-04-28T06:49:00,1
100303,31808,62,DO,4113,06,,Ponton,full,,,inposdom-via-manuelpgs,,2026-04-28T06:49:00,2026-04-28T06:49:00,1
100304,31809,62,DO,4113,06,,Ramonal,full,,,inposdom-via-manuelpgs,,2026-04-28T06:49:00,2026-04-28T06:49:00,1
100305,32001,62,DO,4103,20,,Acosta,full,,,inposdom-via-manuelpgs,,2026-04-28T06:49:00,2026-04-28T06:49:00,1
100306,32001,62,DO,4103,20,,Barrio El Millon,full,,,inposdom-via-manuelpgs,,2026-04-28T06:49:00,2026-04-28T06:49:00,1
100307,32001,62,DO,4103,20,,Barrio La Fortaleza,full,,,inposdom-via-manuelpgs,,2026-04-28T06:49:00,2026-04-28T06:49:00,1
100308,32001,62,DO,4103,20,,Barrio New York,full,,,inposdom-via-manuelpgs,,2026-04-28T06:49:00,2026-04-28T06:49:00,1
100309,32001,62,DO,4103,20,,Barrio Wilmore,full,,,inposdom-via-manuelpgs,,2026-04-28T06:49:00,2026-04-28T06:49:00,1
100310,32001,62,DO,4103,20,,Villa Salma,full,,,inposdom-via-manuelpgs,,2026-04-28T06:49:00,2026-04-28T06:49:00,1
100311,32002,62,DO,4103,20,,Arroyo Barril Dm,full,,,inposdom-via-manuelpgs,,2026-04-28T06:49:00,2026-04-28T06:49:00,1
100312,32003,62,DO,4103,20,,Las Garelas Dm,full,,,inposdom-via-manuelpgs,,2026-04-28T06:49:00,2026-04-28T06:49:00,1
100313,32004,62,DO,4103,20,,Los Cacaos,full,,,inposdom-via-manuelpgs,,2026-04-28T06:49:00,2026-04-28T06:49:00,1
100314,32005,62,DO,4103,20,,Honduras,full,,,inposdom-via-manuelpgs,,2026-04-28T06:49:00,2026-04-28T06:49:00,1
100315,32006,62,DO,4103,20,,Juana Vicenta,full,,,inposdom-via-manuelpgs,,2026-04-28T06:49:00,2026-04-28T06:49:00,1
100316,32007,62,DO,4103,20,,El Limon Dm,full,,,inposdom-via-manuelpgs,,2026-04-28T06:49:00,2026-04-28T06:49:00,1
100317,32008,62,DO,4103,20,,Las Pacualas,full,,,inposdom-via-manuelpgs,,2026-04-28T06:49:00,2026-04-28T06:49:00,1
100318,32101,62,DO,4103,20,,La Majagua,full,,,inposdom-via-manuelpgs,,2026-04-28T06:49:00,2026-04-28T06:49:00,1
100319,32102,62,DO,4103,20,,Las Garitas,full,,,inposdom-via-manuelpgs,,2026-04-28T06:49:00,2026-04-28T06:49:00,1
100320,32103,62,DO,4103,20,,Agua Santa Dal Yuma,full,,,inposdom-via-manuelpgs,,2026-04-28T06:49:00,2026-04-28T06:49:00,1
100321,32104,62,DO,4103,20,,Majagual,full,,,inposdom-via-manuelpgs,,2026-04-28T06:49:00,2026-04-28T06:49:00,1
100322,32201,62,DO,4103,20,,El Jaimito,full,,,inposdom-via-manuelpgs,,2026-04-28T06:49:00,2026-04-28T06:49:00,1
100323,32202,62,DO,4103,20,,El Coson,full,,,inposdom-via-manuelpgs,,2026-04-28T06:49:00,2026-04-28T06:49:00,1
100324,32203,62,DO,4103,20,,La Barbacoa,full,,,inposdom-via-manuelpgs,,2026-04-28T06:49:00,2026-04-28T06:49:00,1
100325,32204,62,DO,4103,20,,El Naranjo,full,,,inposdom-via-manuelpgs,,2026-04-28T06:49:00,2026-04-28T06:49:00,1
100326,33001,62,DO,4094,14,,Barrio Doralisa Ulloa,full,,,inposdom-via-manuelpgs,,2026-04-28T06:49:00,2026-04-28T06:49:00,1
100327,33001,62,DO,4094,14,,Las Carcobas,full,,,inposdom-via-manuelpgs,,2026-04-28T06:49:00,2026-04-28T06:49:00,1
100328,33001,62,DO,4094,14,,Pueblo Nuevo,full,,,inposdom-via-manuelpgs,,2026-04-28T06:49:00,2026-04-28T06:49:00,1
100329,33002,62,DO,4094,14,,Barrio San Jose,full,,,inposdom-via-manuelpgs,,2026-04-28T06:49:00,2026-04-28T06:49:00,1
100330,33002,62,DO,4094,14,,El Guayabo,full,,,inposdom-via-manuelpgs,,2026-04-28T06:49:00,2026-04-28T06:49:00,1
100331,33003,62,DO,4094,14,,Barrio Capitalista,full,,,inposdom-via-manuelpgs,,2026-04-28T06:49:00,2026-04-28T06:49:00,1
100332,33003,62,DO,4094,14,,Barrio El Eden,full,,,inposdom-via-manuelpgs,,2026-04-28T06:49:00,2026-04-28T06:49:00,1
100333,33003,62,DO,4094,14,,Barrio La 500,full,,,inposdom-via-manuelpgs,,2026-04-28T06:49:00,2026-04-28T06:49:00,1
100334,33003,62,DO,4094,14,,Barrio Libertad,full,,,inposdom-via-manuelpgs,,2026-04-28T06:49:00,2026-04-28T06:49:00,1
100335,33003,62,DO,4094,14,,Barrio Prd,full,,,inposdom-via-manuelpgs,,2026-04-28T06:49:00,2026-04-28T06:49:00,1
100336,33003,62,DO,4094,14,,Barrio Quisqueyano,full,,,inposdom-via-manuelpgs,,2026-04-28T06:49:00,2026-04-28T06:49:00,1
100337,33003,62,DO,4094,14,,Barrio Roberto Fermin,full,,,inposdom-via-manuelpgs,,2026-04-28T06:49:00,2026-04-28T06:49:00,1
100338,33003,62,DO,4094,14,,Barrio Santisima Trinidad,full,,,inposdom-via-manuelpgs,,2026-04-28T06:49:00,2026-04-28T06:49:00,1
100339,33003,62,DO,4094,14,,Barrio Universitaria,full,,,inposdom-via-manuelpgs,,2026-04-28T06:49:00,2026-04-28T06:49:00,1
100340,33003,62,DO,4094,14,,Centro de la Ciudad,full,,,inposdom-via-manuelpgs,,2026-04-28T06:49:00,2026-04-28T06:49:00,1
100341,33003,62,DO,4094,14,,Las Gordas,full,,,inposdom-via-manuelpgs,,2026-04-28T06:49:00,2026-04-28T06:49:00,1
100342,33101,62,DO,4094,14,,Abreu,full,,,inposdom-via-manuelpgs,,2026-04-28T06:49:00,2026-04-28T06:49:00,1
100343,33102,62,DO,4094,14,,Arroyo Salado,full,,,inposdom-via-manuelpgs,,2026-04-28T06:49:00,2026-04-28T06:49:00,1
100344,33103,62,DO,4094,14,,La Entrada,full,,,inposdom-via-manuelpgs,,2026-04-28T06:49:00,2026-04-28T06:49:00,1
100345,33104,62,DO,4094,14,,La Jaguita,full,,,inposdom-via-manuelpgs,,2026-04-28T06:49:00,2026-04-28T06:49:00,1
100346,33201,62,DO,4094,14,,El Pozo,full,,,inposdom-via-manuelpgs,,2026-04-28T06:49:00,2026-04-28T06:49:00,1
100347,33202,62,DO,4094,14,,El Papagayo,full,,,inposdom-via-manuelpgs,,2026-04-28T06:49:00,2026-04-28T06:49:00,1
100348,33203,62,DO,4094,14,,Los Pajones,full,,,inposdom-via-manuelpgs,,2026-04-28T06:49:00,2026-04-28T06:49:00,1
100349,33204,62,DO,4094,14,,El Telanza,full,,,inposdom-via-manuelpgs,,2026-04-28T06:49:00,2026-04-28T06:49:00,1
100350,33205,62,DO,4094,14,,Los Indios,full,,,inposdom-via-manuelpgs,,2026-04-28T06:49:00,2026-04-28T06:49:00,1
100351,33206,62,DO,4094,14,,San Jos de Maranza,full,,,inposdom-via-manuelpgs,,2026-04-28T06:49:00,2026-04-28T06:49:00,1
100352,33207,62,DO,4094,14,,Payita,full,,,inposdom-via-manuelpgs,,2026-04-28T06:49:00,2026-04-28T06:49:00,1
100353,33301,62,DO,4094,14,,Caja de Jobo,full,,,inposdom-via-manuelpgs,,2026-04-28T06:49:00,2026-04-28T06:49:00,1
100354,33302,62,DO,4094,14,,Cruce Del Rincon,full,,,inposdom-via-manuelpgs,,2026-04-28T06:49:00,2026-04-28T06:49:00,1
100355,33303,62,DO,4094,14,,Los Yayales,full,,,inposdom-via-manuelpgs,,2026-04-28T06:49:00,2026-04-28T06:49:00,1
100356,33304,62,DO,4094,14,,La Entrada,full,,,inposdom-via-manuelpgs,,2026-04-28T06:49:00,2026-04-28T06:49:00,1
100357,33305,62,DO,4094,14,,Arroyo Salado,full,,,inposdom-via-manuelpgs,,2026-04-28T06:49:00,2026-04-28T06:49:00,1
100358,33306,62,DO,4094,14,,La Gorda,full,,,inposdom-via-manuelpgs,,2026-04-28T06:49:00,2026-04-28T06:49:00,1
100359,33307,62,DO,4094,14,,Arroyo Al Medio,full,,,inposdom-via-manuelpgs,,2026-04-28T06:49:00,2026-04-28T06:49:00,1
100360,34001,62,DO,4089,19,,Barrio Bietnam,full,,,inposdom-via-manuelpgs,,2026-04-28T06:49:00,2026-04-28T06:49:00,1
100361,34001,62,DO,4089,19,,Barrio El Hoyo,full,,,inposdom-via-manuelpgs,,2026-04-28T06:49:00,2026-04-28T06:49:00,1
100362,34001,62,DO,4089,19,,Barrio La Caoba,full,,,inposdom-via-manuelpgs,,2026-04-28T06:49:00,2026-04-28T06:49:00,1
100363,34001,62,DO,4089,19,,Barrio Las Flores,full,,,inposdom-via-manuelpgs,,2026-04-28T06:49:00,2026-04-28T06:49:00,1
100364,34001,62,DO,4089,19,,Barrio San Antonio,full,,,inposdom-via-manuelpgs,,2026-04-28T06:49:00,2026-04-28T06:49:00,1
100365,34001,62,DO,4089,19,,Barriolos Maestros,full,,,inposdom-via-manuelpgs,,2026-04-28T06:49:00,2026-04-28T06:49:00,1
100366,34001,62,DO,4089,19,,Barriolos Mangos,full,,,inposdom-via-manuelpgs,,2026-04-28T06:49:00,2026-04-28T06:49:00,1
100367,34001,62,DO,4089,19,,Centro de la Ciudad,full,,,inposdom-via-manuelpgs,,2026-04-28T06:49:00,2026-04-28T06:49:00,1
100368,34001,62,DO,4089,19,,Jamao Adentro,full,,,inposdom-via-manuelpgs,,2026-04-28T06:49:00,2026-04-28T06:49:00,1
100369,34001,62,DO,4089,19,,Urb. Los Almendros,full,,,inposdom-via-manuelpgs,,2026-04-28T06:49:00,2026-04-28T06:49:00,1
100370,34002,62,DO,4089,19,,Alto de Piedra,full,,,inposdom-via-manuelpgs,,2026-04-28T06:49:00,2026-04-28T06:49:00,1
100371,34002,62,DO,4089,19,,Barrio Clavijo,full,,,inposdom-via-manuelpgs,,2026-04-28T06:49:00,2026-04-28T06:49:00,1
100372,34002,62,DO,4089,19,,Barrio El Chucho,full,,,inposdom-via-manuelpgs,,2026-04-28T06:49:00,2026-04-28T06:49:00,1
100373,34002,62,DO,4089,19,,Barrio San Lorenzo,full,,,inposdom-via-manuelpgs,,2026-04-28T06:49:00,2026-04-28T06:49:00,1
100374,34002,62,DO,4089,19,,Jamao Afuera,full,,,inposdom-via-manuelpgs,,2026-04-28T06:49:00,2026-04-28T06:49:00,1
100375,34003,62,DO,4089,19,,Loa Cacaos,full,,,inposdom-via-manuelpgs,,2026-04-28T06:49:00,2026-04-28T06:49:00,1
100376,34004,62,DO,4089,19,,Palmarito,full,,,inposdom-via-manuelpgs,,2026-04-28T06:49:00,2026-04-28T06:49:00,1
100377,34101,62,DO,4089,19,,Boba Arriba,full,,,inposdom-via-manuelpgs,,2026-04-28T06:49:00,2026-04-28T06:49:00,1
100378,34102,62,DO,4089,19,,Canete,full,,,inposdom-via-manuelpgs,,2026-04-28T06:49:00,2026-04-28T06:49:00,1
100379,34103,62,DO,4089,19,,La Gran Parada,full,,,inposdom-via-manuelpgs,,2026-04-28T06:49:00,2026-04-28T06:49:00,1
100380,34104,62,DO,4089,19,,Paso Hondo,full,,,inposdom-via-manuelpgs,,2026-04-28T06:49:00,2026-04-28T06:49:00,1
100381,34105,62,DO,4089,19,,El Placer,full,,,inposdom-via-manuelpgs,,2026-04-28T06:49:00,2026-04-28T06:49:00,1
100382,34201,62,DO,4089,19,,La Ceiba,full,,,inposdom-via-manuelpgs,,2026-04-28T06:49:00,2026-04-28T06:49:00,1
100383,34202,62,DO,4089,19,,Los Limones,full,,,inposdom-via-manuelpgs,,2026-04-28T06:49:00,2026-04-28T06:49:00,1
100384,34203,62,DO,4089,19,,San Jose,full,,,inposdom-via-manuelpgs,,2026-04-28T06:49:00,2026-04-28T06:49:00,1
100385,34204,62,DO,4089,19,,Santa Ana,full,,,inposdom-via-manuelpgs,,2026-04-28T06:49:00,2026-04-28T06:49:00,1
100386,34301,62,DO,4089,19,,Blanco Arriba,full,,,inposdom-via-manuelpgs,,2026-04-28T06:49:00,2026-04-28T06:49:00,1
100387,41001,62,DO,4116,13,,Altos Del Hatico,full,,,inposdom-via-manuelpgs,,2026-04-28T06:49:00,2026-04-28T06:49:00,1
100388,41001,62,DO,4116,13,,Bacui,full,,,inposdom-via-manuelpgs,,2026-04-28T06:49:00,2026-04-28T06:49:00,1
100389,41001,62,DO,4116,13,,Barrio La Primavera,full,,,inposdom-via-manuelpgs,,2026-04-28T06:49:00,2026-04-28T06:49:00,1
100390,41001,62,DO,4116,13,,Barrio San Martin,full,,,inposdom-via-manuelpgs,,2026-04-28T06:49:00,2026-04-28T06:49:00,1
100391,41001,62,DO,4116,13,,Napoles,full,,,inposdom-via-manuelpgs,,2026-04-28T06:49:00,2026-04-28T06:49:00,1
100392,41001,62,DO,4116,13,,Res. Maria Estrella II,full,,,inposdom-via-manuelpgs,,2026-04-28T06:49:00,2026-04-28T06:49:00,1
100393,41001,62,DO,4116,13,,Urb. Ana Magalis,full,,,inposdom-via-manuelpgs,,2026-04-28T06:49:00,2026-04-28T06:49:00,1
100394,41001,62,DO,4116,13,,Villa Francisca I,full,,,inposdom-via-manuelpgs,,2026-04-28T06:49:00,2026-04-28T06:49:00,1
100395,41001,62,DO,4116,13,,Villa Francisca II,full,,,inposdom-via-manuelpgs,,2026-04-28T06:49:00,2026-04-28T06:49:00,1
100396,41001,62,DO,4116,13,,Villa Turey,full,,,inposdom-via-manuelpgs,,2026-04-28T06:49:00,2026-04-28T06:49:00,1
100397,41002,62,DO,4116,13,,Barrio Maria Auxiliadora,full,,,inposdom-via-manuelpgs,,2026-04-28T06:49:00,2026-04-28T06:49:00,1
100398,41002,62,DO,4116,13,,Bayacanes,full,,,inposdom-via-manuelpgs,,2026-04-28T06:49:00,2026-04-28T06:49:00,1
100399,41002,62,DO,4116,13,,Don Bosco,full,,,inposdom-via-manuelpgs,,2026-04-28T06:49:00,2026-04-28T06:49:00,1
100400,41002,62,DO,4116,13,,Guarionex,full,,,inposdom-via-manuelpgs,,2026-04-28T06:49:00,2026-04-28T06:49:00,1
100401,41002,62,DO,4116,13,,Juan Pablo Duarte,full,,,inposdom-via-manuelpgs,,2026-04-28T06:49:00,2026-04-28T06:49:00,1
100402,41002,62,DO,4116,13,,La Arboleda,full,,,inposdom-via-manuelpgs,,2026-04-28T06:49:00,2026-04-28T06:49:00,1
100403,41002,62,DO,4116,13,,La Arboleda II,full,,,inposdom-via-manuelpgs,,2026-04-28T06:49:00,2026-04-28T06:49:00,1
100404,41002,62,DO,4116,13,,La Cigua,full,,,inposdom-via-manuelpgs,,2026-04-28T06:49:00,2026-04-28T06:49:00,1
100405,41002,62,DO,4116,13,,Los Barrancones,full,,,inposdom-via-manuelpgs,,2026-04-28T06:49:00,2026-04-28T06:49:00,1
100406,41002,62,DO,4116,13,,Puerto Chiquito,full,,,inposdom-via-manuelpgs,,2026-04-28T06:49:00,2026-04-28T06:49:00,1
100407,41002,62,DO,4116,13,,Residensial El Vedado,full,,,inposdom-via-manuelpgs,,2026-04-28T06:49:00,2026-04-28T06:49:00,1
100408,41002,62,DO,4116,13,,Terrero,full,,,inposdom-via-manuelpgs,,2026-04-28T06:49:00,2026-04-28T06:49:00,1
100409,41002,62,DO,4116,13,,Urb. Paraiso,full,,,inposdom-via-manuelpgs,,2026-04-28T06:49:00,2026-04-28T06:49:00,1
100410,41002,62,DO,4116,13,,Villa Rosa,full,,,inposdom-via-manuelpgs,,2026-04-28T06:49:00,2026-04-28T06:49:00,1
100411,41003,62,DO,4116,13,,Burende,full,,,inposdom-via-manuelpgs,,2026-04-28T06:49:00,2026-04-28T06:49:00,1
100412,41003,62,DO,4116,13,,El Caminito,full,,,inposdom-via-manuelpgs,,2026-04-28T06:49:00,2026-04-28T06:49:00,1
100413,41003,62,DO,4116,13,,Las Colinas,full,,,inposdom-via-manuelpgs,,2026-04-28T06:49:00,2026-04-28T06:49:00,1
100414,41003,62,DO,4116,13,,Res. Gamundi,full,,,inposdom-via-manuelpgs,,2026-04-28T06:49:00,2026-04-28T06:49:00,1
100415,41003,62,DO,4116,13,,Res. Prado Del Norte,full,,,inposdom-via-manuelpgs,,2026-04-28T06:49:00,2026-04-28T06:49:00,1
100416,41003,62,DO,4116,13,,Villa Margarita,full,,,inposdom-via-manuelpgs,,2026-04-28T06:49:00,2026-04-28T06:49:00,1
100417,41004,62,DO,4116,13,,Cabirmota,full,,,inposdom-via-manuelpgs,,2026-04-28T06:49:00,2026-04-28T06:49:00,1
100418,41004,62,DO,4116,13,,Res. Rivera,full,,,inposdom-via-manuelpgs,,2026-04-28T06:49:00,2026-04-28T06:49:00,1
100419,41004,62,DO,4116,13,,San Antonio,full,,,inposdom-via-manuelpgs,,2026-04-28T06:49:00,2026-04-28T06:49:00,1
100420,41004,62,DO,4116,13,,Villa Mera,full,,,inposdom-via-manuelpgs,,2026-04-28T06:49:00,2026-04-28T06:49:00,1
100421,41005,62,DO,4116,13,,El Cafe,full,,,inposdom-via-manuelpgs,,2026-04-28T06:49:00,2026-04-28T06:49:00,1
100422,41005,62,DO,4116,13,,El Manguito,full,,,inposdom-via-manuelpgs,,2026-04-28T06:49:00,2026-04-28T06:49:00,1
100423,41005,62,DO,4116,13,,Enrriquillo,full,,,inposdom-via-manuelpgs,,2026-04-28T06:49:00,2026-04-28T06:49:00,1
100424,41005,62,DO,4116,13,,Los Pomos,full,,,inposdom-via-manuelpgs,,2026-04-28T06:49:00,2026-04-28T06:49:00,1
100425,41005,62,DO,4116,13,,Palmarito,full,,,inposdom-via-manuelpgs,,2026-04-28T06:49:00,2026-04-28T06:49:00,1
100426,41005,62,DO,4116,13,,Pepito Garcia,full,,,inposdom-via-manuelpgs,,2026-04-28T06:49:00,2026-04-28T06:49:00,1
100427,41005,62,DO,4116,13,,Res. Don Zoilo,full,,,inposdom-via-manuelpgs,,2026-04-28T06:49:00,2026-04-28T06:49:00,1
100428,41005,62,DO,4116,13,,Res. Santa Maria,full,,,inposdom-via-manuelpgs,,2026-04-28T06:49:00,2026-04-28T06:49:00,1
100429,41005,62,DO,4116,13,,Villa Lora,full,,,inposdom-via-manuelpgs,,2026-04-28T06:49:00,2026-04-28T06:49:00,1
100430,41005,62,DO,4116,13,,Villa Paraiso,full,,,inposdom-via-manuelpgs,,2026-04-28T06:49:00,2026-04-28T06:49:00,1
100431,41006,62,DO,4116,13,,El Mamey,full,,,inposdom-via-manuelpgs,,2026-04-28T06:49:00,2026-04-28T06:49:00,1
100432,41007,62,DO,4116,13,,Guarey,full,,,inposdom-via-manuelpgs,,2026-04-28T06:49:00,2026-04-28T06:49:00,1
100433,41008,62,DO,4116,13,,El Jamo,full,,,inposdom-via-manuelpgs,,2026-04-28T06:49:00,2026-04-28T06:49:00,1
100434,41009,62,DO,4116,13,,La Peda,full,,,inposdom-via-manuelpgs,,2026-04-28T06:49:00,2026-04-28T06:49:00,1
100435,41010,62,DO,4116,13,,Las Cabuyas,full,,,inposdom-via-manuelpgs,,2026-04-28T06:49:00,2026-04-28T06:49:00,1
100436,41011,62,DO,4116,13,,Las Canas,full,,,inposdom-via-manuelpgs,,2026-04-28T06:49:00,2026-04-28T06:49:00,1
100437,41012,62,DO,4116,13,,Licey,full,,,inposdom-via-manuelpgs,,2026-04-28T06:49:00,2026-04-28T06:49:00,1
100438,41013,62,DO,4116,13,,Ponton,full,,,inposdom-via-manuelpgs,,2026-04-28T06:49:00,2026-04-28T06:49:00,1
100439,41014,62,DO,4116,13,,Sabaneta,full,,,inposdom-via-manuelpgs,,2026-04-28T06:49:00,2026-04-28T06:49:00,1
100440,41015,62,DO,4116,13,,Tavera Abajo,full,,,inposdom-via-manuelpgs,,2026-04-28T06:49:00,2026-04-28T06:49:00,1
100441,41101,62,DO,4116,13,,Maldonado,full,,,inposdom-via-manuelpgs,,2026-04-28T06:49:00,2026-04-28T06:49:00,1
100442,41102,62,DO,4116,13,,Palero,full,,,inposdom-via-manuelpgs,,2026-04-28T06:49:00,2026-04-28T06:49:00,1
100443,41103,62,DO,4116,13,,Tireo Dm,full,,,inposdom-via-manuelpgs,,2026-04-28T06:49:00,2026-04-28T06:49:00,1
100444,41104,62,DO,4116,13,,5,full,,,inposdom-via-manuelpgs,,2026-04-28T06:49:00,2026-04-28T06:49:00,1
100445,41105,62,DO,4116,13,,Arroyo Frio,full,,,inposdom-via-manuelpgs,,2026-04-28T06:49:00,2026-04-28T06:49:00,1
100446,41106,62,DO,4116,13,,La Descubierta,full,,,inposdom-via-manuelpgs,,2026-04-28T06:49:00,2026-04-28T06:49:00,1
100447,41107,62,DO,4116,13,,Las Palomas,full,,,inposdom-via-manuelpgs,,2026-04-28T06:49:00,2026-04-28T06:49:00,1
100448,41108,62,DO,4116,13,,El Rio,full,,,inposdom-via-manuelpgs,,2026-04-28T06:49:00,2026-04-28T06:49:00,1
100449,41109,62,DO,4116,13,,Tireo Abajo,full,,,inposdom-via-manuelpgs,,2026-04-28T06:49:00,2026-04-28T06:49:00,1
100450,41110,62,DO,4116,13,,Tireo Arriba,full,,,inposdom-via-manuelpgs,,2026-04-28T06:49:00,2026-04-28T06:49:00,1
100451,41111,62,DO,4116,13,,La Sabina Dm,full,,,inposdom-via-manuelpgs,,2026-04-28T06:49:00,2026-04-28T06:49:00,1
100452,41201,62,DO,4116,13,,Buena Vista Dm,full,,,inposdom-via-manuelpgs,,2026-04-28T06:49:00,2026-04-28T06:49:00,1
100453,41202,62,DO,4116,13,,Hato Viejo,full,,,inposdom-via-manuelpgs,,2026-04-28T06:49:00,2026-04-28T06:49:00,1
100454,41203,62,DO,4116,13,,Corocito,full,,,inposdom-via-manuelpgs,,2026-04-28T06:49:00,2026-04-28T06:49:00,1
100455,41204,62,DO,4116,13,,Estancia,full,,,inposdom-via-manuelpgs,,2026-04-28T06:49:00,2026-04-28T06:49:00,1
100456,41205,62,DO,4116,13,,Hatillo,full,,,inposdom-via-manuelpgs,,2026-04-28T06:49:00,2026-04-28T06:49:00,1
100457,41205,62,DO,4116,13,,Junumucu,full,,,inposdom-via-manuelpgs,,2026-04-28T06:49:00,2026-04-28T06:49:00,1
100458,41206,62,DO,4116,13,,Los Corozos,full,,,inposdom-via-manuelpgs,,2026-04-28T06:49:00,2026-04-28T06:49:00,1
100459,41207,62,DO,4116,13,,Manabao,full,,,inposdom-via-manuelpgs,,2026-04-28T06:49:00,2026-04-28T06:49:00,1
100460,41208,62,DO,4116,13,,Los Dajaos,full,,,inposdom-via-manuelpgs,,2026-04-28T06:49:00,2026-04-28T06:49:00,1
100461,41209,62,DO,4116,13,,La Cienega,full,,,inposdom-via-manuelpgs,,2026-04-28T06:49:00,2026-04-28T06:49:00,1
100462,41210,62,DO,4116,13,,Paso Bajito,full,,,inposdom-via-manuelpgs,,2026-04-28T06:49:00,2026-04-28T06:49:00,1
100463,41211,62,DO,4116,13,,Pedregal,full,,,inposdom-via-manuelpgs,,2026-04-28T06:49:00,2026-04-28T06:49:00,1
100464,41212,62,DO,4116,13,,Piedra Blanca,full,,,inposdom-via-manuelpgs,,2026-04-28T06:49:00,2026-04-28T06:49:00,1
100465,41213,62,DO,4116,13,,Pina Quemado,full,,,inposdom-via-manuelpgs,,2026-04-28T06:49:00,2026-04-28T06:49:00,1
100466,41214,62,DO,4116,13,,Los Forosos,full,,,inposdom-via-manuelpgs,,2026-04-28T06:49:00,2026-04-28T06:49:00,1
100467,41215,62,DO,4116,13,,Cabirma,full,,,inposdom-via-manuelpgs,,2026-04-28T06:49:00,2026-04-28T06:49:00,1
100468,41216,62,DO,4116,13,,Rio Verde Arriba Dm,full,,,inposdom-via-manuelpgs,,2026-04-28T06:49:00,2026-04-28T06:49:00,1
100469,41217,62,DO,4116,13,,Arroyo Hondo Arriba,full,,,inposdom-via-manuelpgs,,2026-04-28T06:49:00,2026-04-28T06:49:00,1
100470,41218,62,DO,4116,13,,El Mirador,full,,,inposdom-via-manuelpgs,,2026-04-28T06:49:00,2026-04-28T06:49:00,1
100471,41219,62,DO,4116,13,,El Naranjal,full,,,inposdom-via-manuelpgs,,2026-04-28T06:49:00,2026-04-28T06:49:00,1
100472,41220,62,DO,4116,13,,Pueblo Viejo,full,,,inposdom-via-manuelpgs,,2026-04-28T06:49:00,2026-04-28T06:49:00,1
100473,41221,62,DO,4116,13,,Rio Vrede Abajo,full,,,inposdom-via-manuelpgs,,2026-04-28T06:49:00,2026-04-28T06:49:00,1
100474,41222,62,DO,4116,13,,Rio Vrede Arriba,full,,,inposdom-via-manuelpgs,,2026-04-28T06:49:00,2026-04-28T06:49:00,1
100475,41301,62,DO,4116,13,,La Frontera,full,,,inposdom-via-manuelpgs,,2026-04-28T06:49:00,2026-04-28T06:49:00,1
100476,41302,62,DO,4116,13,,Jima Arriba,full,,,inposdom-via-manuelpgs,,2026-04-28T06:49:00,2026-04-28T06:49:00,1
100477,41303,62,DO,4116,13,,San Bartolo,full,,,inposdom-via-manuelpgs,,2026-04-28T06:49:00,2026-04-28T06:49:00,1
100478,41304,62,DO,4116,13,,Rincon Dm,full,,,inposdom-via-manuelpgs,,2026-04-28T06:49:00,2026-04-28T06:49:00,1
100479,41305,62,DO,4116,13,,La Curbita,full,,,inposdom-via-manuelpgs,,2026-04-28T06:49:00,2026-04-28T06:49:00,1
100480,41306,62,DO,4116,13,,Junumucu,full,,,inposdom-via-manuelpgs,,2026-04-28T06:49:00,2026-04-28T06:49:00,1
100481,42001,62,DO,4099,28,,Arroyo Toro Dm,full,,,inposdom-via-manuelpgs,,2026-04-28T06:49:00,2026-04-28T06:49:00,1
100482,42001,62,DO,4099,28,,Barrio Prosperidad,full,,,inposdom-via-manuelpgs,,2026-04-28T06:49:00,2026-04-28T06:49:00,1
100483,42001,62,DO,4099,28,,La Salvia,full,,,inposdom-via-manuelpgs,,2026-04-28T06:49:00,2026-04-28T06:49:00,1
100484,42001,62,DO,4099,28,,Urb. Falcombridge,full,,,inposdom-via-manuelpgs,,2026-04-28T06:49:00,2026-04-28T06:49:00,1
100485,42001,62,DO,4099,28,,Urb. Jacaranda,full,,,inposdom-via-manuelpgs,,2026-04-28T06:49:00,2026-04-28T06:49:00,1
100486,42001,62,DO,4099,28,,Urb. La Salvia,full,,,inposdom-via-manuelpgs,,2026-04-28T06:49:00,2026-04-28T06:49:00,1
100487,42002,62,DO,4088,24,,Barrio Esperanza,full,,,inposdom-via-manuelpgs,,2026-04-28T06:49:00,2026-04-28T06:49:00,1
100488,42002,62,DO,4088,24,,Barrio Hato,full,,,inposdom-via-manuelpgs,,2026-04-28T06:49:00,2026-04-28T06:49:00,1
100489,42002,62,DO,4088,24,,Barrio La Altagracia,full,,,inposdom-via-manuelpgs,,2026-04-28T06:49:00,2026-04-28T06:49:00,1
100490,42002,62,DO,4088,24,,Barrio La Fortunas,full,,,inposdom-via-manuelpgs,,2026-04-28T06:49:00,2026-04-28T06:49:00,1
100491,42002,62,DO,4099,28,,Barrio La Privada,full,,,inposdom-via-manuelpgs,,2026-04-28T06:49:00,2026-04-28T06:49:00,1
100492,42002,62,DO,4099,28,,Barrio Los Olimpicos,full,,,inposdom-via-manuelpgs,,2026-04-28T06:49:00,2026-04-28T06:49:00,1
100493,42002,62,DO,4099,28,,Barrio Los Transformadores,full,,,inposdom-via-manuelpgs,,2026-04-28T06:49:00,2026-04-28T06:49:00,1
100494,42002,62,DO,4099,28,,Barrio San Jose,full,,,inposdom-via-manuelpgs,,2026-04-28T06:49:00,2026-04-28T06:49:00,1
100495,42002,62,DO,4088,24,,Barrio San Martin de Porres,full,,,inposdom-via-manuelpgs,,2026-04-28T06:49:00,2026-04-28T06:49:00,1
100496,42002,62,DO,4099,28,,Barrio Santa Rosa,full,,,inposdom-via-manuelpgs,,2026-04-28T06:49:00,2026-04-28T06:49:00,1
100497,42002,62,DO,4088,24,,Barrio Vietnam,full,,,inposdom-via-manuelpgs,,2026-04-28T06:49:00,2026-04-28T06:49:00,1
100498,42002,62,DO,4099,28,,Bejucal,full,,,inposdom-via-manuelpgs,,2026-04-28T06:49:00,2026-04-28T06:49:00,1
100499,42002,62,DO,4088,24,,Centro de la Ciudad,full,,,inposdom-via-manuelpgs,,2026-04-28T06:49:00,2026-04-28T06:49:00,1
100500,42002,62,DO,4099,28,,Ensanche Libertad,full,,,inposdom-via-manuelpgs,,2026-04-28T06:49:00,2026-04-28T06:49:00,1
100501,42002,62,DO,4099,28,,Mejoramiento Social,full,,,inposdom-via-manuelpgs,,2026-04-28T06:49:00,2026-04-28T06:49:00,1
100502,42002,62,DO,4099,28,,Reparto Quisqueya,full,,,inposdom-via-manuelpgs,,2026-04-28T06:49:00,2026-04-28T06:49:00,1
100503,42002,62,DO,4099,28,,Reparto Yuna,full,,,inposdom-via-manuelpgs,,2026-04-28T06:49:00,2026-04-28T06:49:00,1
100504,42002,62,DO,4099,28,,Zona Franca de Bonao,full,,,inposdom-via-manuelpgs,,2026-04-28T06:49:00,2026-04-28T06:49:00,1
100505,42003,62,DO,4099,28,,Blanco,full,,,inposdom-via-manuelpgs,,2026-04-28T06:49:00,2026-04-28T06:49:00,1
100506,42003,62,DO,4099,28,,La Villa,full,,,inposdom-via-manuelpgs,,2026-04-28T06:49:00,2026-04-28T06:49:00,1
100507,42003,62,DO,4099,28,,Las Delicias,full,,,inposdom-via-manuelpgs,,2026-04-28T06:49:00,2026-04-28T06:49:00,1
100508,42003,62,DO,4099,28,,Urb. Miriam,full,,,inposdom-via-manuelpgs,,2026-04-28T06:49:00,2026-04-28T06:49:00,1
100509,42003,62,DO,4099,28,,Urb. San Pablo,full,,,inposdom-via-manuelpgs,,2026-04-28T06:49:00,2026-04-28T06:49:00,1
100510,42004,62,DO,4099,28,,Barrio Felito Mena,full,,,inposdom-via-manuelpgs,,2026-04-28T06:49:00,2026-04-28T06:49:00,1
100511,42004,62,DO,4099,28,,Barrio Las Flores,full,,,inposdom-via-manuelpgs,,2026-04-28T06:49:00,2026-04-28T06:49:00,1
100512,42004,62,DO,4099,28,,Barrio Puerto Rico,full,,,inposdom-via-manuelpgs,,2026-04-28T06:49:00,2026-04-28T06:49:00,1
100513,42004,62,DO,4099,28,,El Centro,full,,,inposdom-via-manuelpgs,,2026-04-28T06:49:00,2026-04-28T06:49:00,1
100514,42004,62,DO,4099,28,,El Fundo,full,,,inposdom-via-manuelpgs,,2026-04-28T06:49:00,2026-04-28T06:49:00,1
100515,42004,62,DO,4099,28,,El Verde,full,,,inposdom-via-manuelpgs,,2026-04-28T06:49:00,2026-04-28T06:49:00,1
100516,42005,62,DO,4099,28,,Jayaco Dm,full,,,inposdom-via-manuelpgs,,2026-04-28T06:49:00,2026-04-28T06:49:00,1
100517,42006,62,DO,4099,28,,Juma Bejucal Dm,full,,,inposdom-via-manuelpgs,,2026-04-28T06:49:00,2026-04-28T06:49:00,1
100518,42007,62,DO,4099,28,,La Salvia,full,,,inposdom-via-manuelpgs,,2026-04-28T06:49:00,2026-04-28T06:49:00,1
100519,42008,62,DO,4099,28,,Masipedro,full,,,inposdom-via-manuelpgs,,2026-04-28T06:49:00,2026-04-28T06:49:00,1
100520,42009,62,DO,4099,28,,Sabana Del Puerto Dm,full,,,inposdom-via-manuelpgs,,2026-04-28T06:49:00,2026-04-28T06:49:00,1
100521,42101,62,DO,4099,28,,Hato Viejo,full,,,inposdom-via-manuelpgs,,2026-04-28T06:49:00,2026-04-28T06:49:00,1
100522,42102,62,DO,4099,28,,Los Martinez,full,,,inposdom-via-manuelpgs,,2026-04-28T06:49:00,2026-04-28T06:49:00,1
100523,42201,62,DO,4099,28,,Arroyo Vuelta,full,,,inposdom-via-manuelpgs,,2026-04-28T06:49:00,2026-04-28T06:49:00,1
100524,42202,62,DO,4099,28,,El 77,full,,,inposdom-via-manuelpgs,,2026-04-28T06:49:00,2026-04-28T06:49:00,1
100525,42203,62,DO,4099,28,,Juan Adrian Dm,full,,,inposdom-via-manuelpgs,,2026-04-28T06:49:00,2026-04-28T06:49:00,1
100526,42204,62,DO,4099,28,,Rincon de Yuboa,full,,,inposdom-via-manuelpgs,,2026-04-28T06:49:00,2026-04-28T06:49:00,1
100527,42205,62,DO,4099,28,,Villa Sonador Dm,full,,,inposdom-via-manuelpgs,,2026-04-28T06:49:00,2026-04-28T06:49:00,1
100528,43001,62,DO,4088,24,,Barrio Acapulco,full,,,inposdom-via-manuelpgs,,2026-04-28T06:49:00,2026-04-28T06:49:00,1
100529,43001,62,DO,4088,24,,Barrio La Cotorra,full,,,inposdom-via-manuelpgs,,2026-04-28T06:49:00,2026-04-28T06:49:00,1
100530,43001,62,DO,4088,24,,Barrio Libertad,full,,,inposdom-via-manuelpgs,,2026-04-28T06:49:00,2026-04-28T06:49:00,1
100531,43001,62,DO,4088,24,,Barrio Los Cocos,full,,,inposdom-via-manuelpgs,,2026-04-28T06:49:00,2026-04-28T06:49:00,1
100532,43001,62,DO,4088,24,,Barrio Los Espaoles,full,,,inposdom-via-manuelpgs,,2026-04-28T06:49:00,2026-04-28T06:49:00,1
100533,43001,62,DO,4099,28,,Caballero Abajo,full,,,inposdom-via-manuelpgs,,2026-04-28T06:49:00,2026-04-28T06:49:00,1
100534,43002,62,DO,4099,28,,Chacuel Maldonado,full,,,inposdom-via-manuelpgs,,2026-04-28T06:49:00,2026-04-28T06:49:00,1
100535,43003,62,DO,4088,24,,Barrio La Yuca,full,,,inposdom-via-manuelpgs,,2026-04-28T06:49:00,2026-04-28T06:49:00,1
100536,43003,62,DO,4088,24,,Barrio Los Algodones,full,,,inposdom-via-manuelpgs,,2026-04-28T06:49:00,2026-04-28T06:49:00,1
100537,43003,62,DO,4088,24,,Barrio Los Tocones,full,,,inposdom-via-manuelpgs,,2026-04-28T06:49:00,2026-04-28T06:49:00,1
100538,43003,62,DO,4099,28,,Hatillo,full,,,inposdom-via-manuelpgs,,2026-04-28T06:49:00,2026-04-28T06:49:00,1
100539,43004,62,DO,4088,24,,Barrio La Cruz,full,,,inposdom-via-manuelpgs,,2026-04-28T06:49:00,2026-04-28T06:49:00,1
100540,43004,62,DO,4088,24,,Barrio Los Cajuiles,full,,,inposdom-via-manuelpgs,,2026-04-28T06:49:00,2026-04-28T06:49:00,1
100541,43004,62,DO,4088,24,,Barrio Los Mineros,full,,,inposdom-via-manuelpgs,,2026-04-28T06:49:00,2026-04-28T06:49:00,1
100542,43004,62,DO,4088,24,,Barrio Paraiso,full,,,inposdom-via-manuelpgs,,2026-04-28T06:49:00,2026-04-28T06:49:00,1
100543,43004,62,DO,4088,24,,Barrio Pueblo Nuevo,full,,,inposdom-via-manuelpgs,,2026-04-28T06:49:00,2026-04-28T06:49:00,1
100544,43004,62,DO,4088,24,,Barrio Santa Rosa,full,,,inposdom-via-manuelpgs,,2026-04-28T06:49:00,2026-04-28T06:49:00,1
100545,43004,62,DO,4099,28,,Las Lagunas,full,,,inposdom-via-manuelpgs,,2026-04-28T06:49:00,2026-04-28T06:49:00,1
100546,43005,62,DO,4099,28,,Los Cerros,full,,,inposdom-via-manuelpgs,,2026-04-28T06:49:00,2026-04-28T06:49:00,1
100547,43006,62,DO,4099,28,,Platanal,full,,,inposdom-via-manuelpgs,,2026-04-28T06:49:00,2026-04-28T06:49:00,1
100548,43007,62,DO,4099,28,,Sabana Grande Abajo,full,,,inposdom-via-manuelpgs,,2026-04-28T06:49:00,2026-04-28T06:49:00,1
100549,43008,62,DO,4099,28,,Zambra Abajo,full,,,inposdom-via-manuelpgs,,2026-04-28T06:49:00,2026-04-28T06:49:00,1
100550,43101,62,DO,4099,28,,Abadesa,full,,,inposdom-via-manuelpgs,,2026-04-28T06:49:00,2026-04-28T06:49:00,1
100551,43102,62,DO,4099,28,,Batero,full,,,inposdom-via-manuelpgs,,2026-04-28T06:49:00,2026-04-28T06:49:00,1
100552,43201,62,DO,4099,28,,Sierra Prieta,full,,,inposdom-via-manuelpgs,,2026-04-28T06:49:00,2026-04-28T06:49:00,1
100553,43202,62,DO,4099,28,,Angelina Dm,full,,,inposdom-via-manuelpgs,,2026-04-28T06:49:00,2026-04-28T06:49:00,1
100554,43301,62,DO,4099,28,,La Cueva Dm,full,,,inposdom-via-manuelpgs,,2026-04-28T06:49:00,2026-04-28T06:49:00,1
100555,43302,62,DO,4099,28,,Sabana Grande,full,,,inposdom-via-manuelpgs,,2026-04-28T06:49:00,2026-04-28T06:49:00,1
100556,43401,62,DO,4099,28,,Angelina,full,,,inposdom-via-manuelpgs,,2026-04-28T06:49:00,2026-04-28T06:49:00,1
100557,43402,62,DO,4099,28,,La Vija Dm,full,,,inposdom-via-manuelpgs,,2026-04-28T06:49:00,2026-04-28T06:49:00,1
100558,43403,62,DO,4099,28,,La Cana,full,,,inposdom-via-manuelpgs,,2026-04-28T06:49:00,2026-04-28T06:49:00,1
100559,43404,62,DO,4099,28,,Las Corozas,full,,,inposdom-via-manuelpgs,,2026-04-28T06:49:00,2026-04-28T06:49:00,1
100560,43405,62,DO,4099,28,,Hernando Alonzo,full,,,inposdom-via-manuelpgs,,2026-04-28T06:49:00,2026-04-28T06:49:00,1
100561,43406,62,DO,4099,28,,Platanal Dm,full,,,inposdom-via-manuelpgs,,2026-04-28T06:49:00,2026-04-28T06:49:00,1
100562,43407,62,DO,4099,28,,Quita Sueo Dm,full,,,inposdom-via-manuelpgs,,2026-04-28T06:49:00,2026-04-28T06:49:00,1
100563,51001,62,DO,4108,25,,Aguacate de Jacagua,full,,,inposdom-via-manuelpgs,,2026-04-28T06:49:00,2026-04-28T06:49:00,1
100564,51002,62,DO,4108,25,,Canabacoa,full,,,inposdom-via-manuelpgs,,2026-04-28T06:49:00,2026-04-28T06:49:00,1
100565,51003,62,DO,4108,25,,El Ingenio Abajo,full,,,inposdom-via-manuelpgs,,2026-04-28T06:49:00,2026-04-28T06:49:00,1
100566,51004,62,DO,4108,25,,El Papayo,full,,,inposdom-via-manuelpgs,,2026-04-28T06:49:00,2026-04-28T06:49:00,1
100567,51005,62,DO,4108,25,,El Ranchito,full,,,inposdom-via-manuelpgs,,2026-04-28T06:49:00,2026-04-28T06:49:00,1
100568,51006,62,DO,4108,25,,Estancia Nueva,full,,,inposdom-via-manuelpgs,,2026-04-28T06:49:00,2026-04-28T06:49:00,1
100569,51007,62,DO,4108,25,,Gurabo Abajo,full,,,inposdom-via-manuelpgs,,2026-04-28T06:49:00,2026-04-28T06:49:00,1
100570,51008,62,DO,4108,25,,Jagaua,full,,,inposdom-via-manuelpgs,,2026-04-28T06:49:00,2026-04-28T06:49:00,1
100571,51009,62,DO,4108,25,,La Bucara,full,,,inposdom-via-manuelpgs,,2026-04-28T06:49:00,2026-04-28T06:49:00,1
100572,51010,62,DO,4108,25,,La Cienaga,full,,,inposdom-via-manuelpgs,,2026-04-28T06:49:00,2026-04-28T06:49:00,1
100573,51011,62,DO,4108,25,,La Herradura,full,,,inposdom-via-manuelpgs,,2026-04-28T06:49:00,2026-04-28T06:49:00,1
100574,51011,62,DO,4108,25,,La Zurza,full,,,inposdom-via-manuelpgs,,2026-04-28T06:49:00,2026-04-28T06:49:00,1
100575,51011,62,DO,4108,25,,La Zurza II,full,,,inposdom-via-manuelpgs,,2026-04-28T06:49:00,2026-04-28T06:49:00,1
100576,51011,62,DO,4108,25,,Monumento,full,,,inposdom-via-manuelpgs,,2026-04-28T06:49:00,2026-04-28T06:49:00,1
100577,51012,62,DO,4108,25,,La Javilla,full,,,inposdom-via-manuelpgs,,2026-04-28T06:49:00,2026-04-28T06:49:00,1
100578,51012,62,DO,4108,25,,Los Pepines,full,,,inposdom-via-manuelpgs,,2026-04-28T06:49:00,2026-04-28T06:49:00,1
100579,51012,62,DO,4108,25,,Parte Alta,full,,,inposdom-via-manuelpgs,,2026-04-28T06:49:00,2026-04-28T06:49:00,1
100580,51013,62,DO,4108,25,,La Zurza III,full,,,inposdom-via-manuelpgs,,2026-04-28T06:49:00,2026-04-28T06:49:00,1
100581,51013,62,DO,4108,25,,Las Charcas,full,,,inposdom-via-manuelpgs,,2026-04-28T06:49:00,2026-04-28T06:49:00,1
100582,51013,62,DO,4108,25,,Reparto Tavares Oeste,full,,,inposdom-via-manuelpgs,,2026-04-28T06:49:00,2026-04-28T06:49:00,1
100583,51014,62,DO,4108,25,,Matanza,full,,,inposdom-via-manuelpgs,,2026-04-28T06:49:00,2026-04-28T06:49:00,1
100584,51015,62,DO,4108,25,,Monte Adentro Abajo,full,,,inposdom-via-manuelpgs,,2026-04-28T06:49:00,2026-04-28T06:49:00,1
100585,51016,62,DO,4108,25,,Palo Marrillo,full,,,inposdom-via-manuelpgs,,2026-04-28T06:49:00,2026-04-28T06:49:00,1
100586,51017,62,DO,4108,25,,Palo Quemado,full,,,inposdom-via-manuelpgs,,2026-04-28T06:49:00,2026-04-28T06:49:00,1
100587,51018,62,DO,4108,25,,Pontezuela Al Medio,full,,,inposdom-via-manuelpgs,,2026-04-28T06:49:00,2026-04-28T06:49:00,1
100588,51019,62,DO,4108,25,,Pual,full,,,inposdom-via-manuelpgs,,2026-04-28T06:49:00,2026-04-28T06:49:00,1
100589,51020,62,DO,4108,25,,San Francisco de Jacagua Dm,full,,,inposdom-via-manuelpgs,,2026-04-28T06:49:00,2026-04-28T06:49:00,1
100590,51021,62,DO,4108,25,,El Ensueo,full,,,inposdom-via-manuelpgs,,2026-04-28T06:49:00,2026-04-28T06:49:00,1
100591,51021,62,DO,4108,25,,Nibaje,full,,,inposdom-via-manuelpgs,,2026-04-28T06:49:00,2026-04-28T06:49:00,1
100592,51021,62,DO,4108,25,,Retiro I,full,,,inposdom-via-manuelpgs,,2026-04-28T06:49:00,2026-04-28T06:49:00,1
100593,51021,62,DO,4108,25,,Retiro II,full,,,inposdom-via-manuelpgs,,2026-04-28T06:49:00,2026-04-28T06:49:00,1
100594,51022,62,DO,4108,25,,Ens. Ortega,full,,,inposdom-via-manuelpgs,,2026-04-28T06:49:00,2026-04-28T06:49:00,1
100595,51022,62,DO,4108,25,,Villa Jagua,full,,,inposdom-via-manuelpgs,,2026-04-28T06:49:00,2026-04-28T06:49:00,1
100596,51031,62,DO,4108,25,,Botanico Y Zoologico Regional,full,,,inposdom-via-manuelpgs,,2026-04-28T06:49:00,2026-04-28T06:49:00,1
100597,51031,62,DO,4108,25,,Camboya,full,,,inposdom-via-manuelpgs,,2026-04-28T06:49:00,2026-04-28T06:49:00,1
100598,51031,62,DO,4108,25,,Conani,full,,,inposdom-via-manuelpgs,,2026-04-28T06:49:00,2026-04-28T06:49:00,1
100599,51031,62,DO,4108,25,,Corea,full,,,inposdom-via-manuelpgs,,2026-04-28T06:49:00,2026-04-28T06:49:00,1
100600,51031,62,DO,4108,25,,Cristo Rey,full,,,inposdom-via-manuelpgs,,2026-04-28T06:49:00,2026-04-28T06:49:00,1
100601,51031,62,DO,4108,25,,La Lotereia,full,,,inposdom-via-manuelpgs,,2026-04-28T06:49:00,2026-04-28T06:49:00,1
100602,51031,62,DO,4108,25,,Los Girasoles,full,,,inposdom-via-manuelpgs,,2026-04-28T06:49:00,2026-04-28T06:49:00,1
100603,51031,62,DO,4108,25,,Los Martires,full,,,inposdom-via-manuelpgs,,2026-04-28T06:49:00,2026-04-28T06:49:00,1
100604,51031,62,DO,4108,25,,Pequin,full,,,inposdom-via-manuelpgs,,2026-04-28T06:49:00,2026-04-28T06:49:00,1
100605,51031,62,DO,4108,25,,Urbanisacion Fernandez,full,,,inposdom-via-manuelpgs,,2026-04-28T06:49:00,2026-04-28T06:49:00,1
100606,51031,62,DO,4108,25,,Urbanisacion Fernando Valerio,full,,,inposdom-via-manuelpgs,,2026-04-28T06:49:00,2026-04-28T06:49:00,1
100607,51032,62,DO,4108,25,,Barrio Lindo,full,,,inposdom-via-manuelpgs,,2026-04-28T06:49:00,2026-04-28T06:49:00,1
100608,51032,62,DO,4108,25,,Canabacoa,full,,,inposdom-via-manuelpgs,,2026-04-28T06:49:00,2026-04-28T06:49:00,1
100609,51032,62,DO,4108,25,,Hato Mayor,full,,,inposdom-via-manuelpgs,,2026-04-28T06:49:00,2026-04-28T06:49:00,1
100610,51032,62,DO,4108,25,,La Arboleda,full,,,inposdom-via-manuelpgs,,2026-04-28T06:49:00,2026-04-28T06:49:00,1
100611,51032,62,DO,4108,25,,Urb. Thomen,full,,,inposdom-via-manuelpgs,,2026-04-28T06:49:00,2026-04-28T06:49:00,1
100612,51033,62,DO,4108,25,,El Embrujo II,full,,,inposdom-via-manuelpgs,,2026-04-28T06:49:00,2026-04-28T06:49:00,1
100613,51033,62,DO,4108,25,,El Embrujo III,full,,,inposdom-via-manuelpgs,,2026-04-28T06:49:00,2026-04-28T06:49:00,1
100614,51033,62,DO,4108,25,,Los Alamos,full,,,inposdom-via-manuelpgs,,2026-04-28T06:49:00,2026-04-28T06:49:00,1
100615,51033,62,DO,4108,25,,Quinta de Rincon Largo,full,,,inposdom-via-manuelpgs,,2026-04-28T06:49:00,2026-04-28T06:49:00,1
100616,51033,62,DO,4108,25,,Reparto Imperial,full,,,inposdom-via-manuelpgs,,2026-04-28T06:49:00,2026-04-28T06:49:00,1
100617,51034,62,DO,4108,25,,Reparto Universitario,full,,,inposdom-via-manuelpgs,,2026-04-28T06:49:00,2026-04-28T06:49:00,1
100618,51034,62,DO,4108,25,,Universidad Central Madre Y Maestra,full,,,inposdom-via-manuelpgs,,2026-04-28T06:49:00,2026-04-28T06:49:00,1
100619,51041,62,DO,4108,25,,Barrio La Gallera,full,,,inposdom-via-manuelpgs,,2026-04-28T06:49:00,2026-04-28T06:49:00,1
100620,51041,62,DO,4108,25,,Esmeralda,full,,,inposdom-via-manuelpgs,,2026-04-28T06:49:00,2026-04-28T06:49:00,1
100621,51041,62,DO,4108,25,,Flamboyan,full,,,inposdom-via-manuelpgs,,2026-04-28T06:49:00,2026-04-28T06:49:00,1
100622,51041,62,DO,4108,25,,La Rinconada,full,,,inposdom-via-manuelpgs,,2026-04-28T06:49:00,2026-04-28T06:49:00,1
100623,51041,62,DO,4108,25,,La Rosaleda,full,,,inposdom-via-manuelpgs,,2026-04-28T06:49:00,2026-04-28T06:49:00,1
100624,51042,62,DO,4108,25,,Copal,full,,,inposdom-via-manuelpgs,,2026-04-28T06:49:00,2026-04-28T06:49:00,1
100625,51042,62,DO,4108,25,,Copal II,full,,,inposdom-via-manuelpgs,,2026-04-28T06:49:00,2026-04-28T06:49:00,1
100626,51042,62,DO,4108,25,,Franco Bid,full,,,inposdom-via-manuelpgs,,2026-04-28T06:49:00,2026-04-28T06:49:00,1
100627,51042,62,DO,4108,25,,Las Amopolas,full,,,inposdom-via-manuelpgs,,2026-04-28T06:49:00,2026-04-28T06:49:00,1
100628,51042,62,DO,4108,25,,Las Palomas Arriba,full,,,inposdom-via-manuelpgs,,2026-04-28T06:49:00,2026-04-28T06:49:00,1
100629,51042,62,DO,4108,25,,Los Laureles,full,,,inposdom-via-manuelpgs,,2026-04-28T06:49:00,2026-04-28T06:49:00,1
100630,51042,62,DO,4108,25,,Urb. Alba Rosa,full,,,inposdom-via-manuelpgs,,2026-04-28T06:49:00,2026-04-28T06:49:00,1
100631,51042,62,DO,4108,25,,Urb. Monumental,full,,,inposdom-via-manuelpgs,,2026-04-28T06:49:00,2026-04-28T06:49:00,1
100632,51042,62,DO,4108,25,,Urb. Sarah,full,,,inposdom-via-manuelpgs,,2026-04-28T06:49:00,2026-04-28T06:49:00,1
100633,51042,62,DO,4108,25,,Villa Olga,full,,,inposdom-via-manuelpgs,,2026-04-28T06:49:00,2026-04-28T06:49:00,1
100634,51043,62,DO,4108,25,,El Despertar,full,,,inposdom-via-manuelpgs,,2026-04-28T06:49:00,2026-04-28T06:49:00,1
100635,51043,62,DO,4108,25,,El Despertar II,full,,,inposdom-via-manuelpgs,,2026-04-28T06:49:00,2026-04-28T06:49:00,1
100636,51043,62,DO,4108,25,,El Rosal,full,,,inposdom-via-manuelpgs,,2026-04-28T06:49:00,2026-04-28T06:49:00,1
100637,51043,62,DO,4108,25,,Jardines Del Este,full,,,inposdom-via-manuelpgs,,2026-04-28T06:49:00,2026-04-28T06:49:00,1
100638,51043,62,DO,4108,25,,La Espaola,full,,,inposdom-via-manuelpgs,,2026-04-28T06:49:00,2026-04-28T06:49:00,1
100639,51043,62,DO,4108,25,,Las Palomas,full,,,inposdom-via-manuelpgs,,2026-04-28T06:49:00,2026-04-28T06:49:00,1
100640,51043,62,DO,4108,25,,Sabaneta de la Paloma,full,,,inposdom-via-manuelpgs,,2026-04-28T06:49:00,2026-04-28T06:49:00,1
100641,51043,62,DO,4108,25,,Urb. El Despertar,full,,,inposdom-via-manuelpgs,,2026-04-28T06:49:00,2026-04-28T06:49:00,1
100642,51043,62,DO,4108,25,,Urb. El Embrujo,full,,,inposdom-via-manuelpgs,,2026-04-28T06:49:00,2026-04-28T06:49:00,1
100643,51043,62,DO,4108,25,,Villas Del Norte,full,,,inposdom-via-manuelpgs,,2026-04-28T06:49:00,2026-04-28T06:49:00,1
100644,51051,62,DO,4108,25,,La Moraleja,full,,,inposdom-via-manuelpgs,,2026-04-28T06:49:00,2026-04-28T06:49:00,1
100645,51051,62,DO,4108,25,,Limonal Arriba,full,,,inposdom-via-manuelpgs,,2026-04-28T06:49:00,2026-04-28T06:49:00,1
100646,51051,62,DO,4108,25,,Monte Adentro Arriba,full,,,inposdom-via-manuelpgs,,2026-04-28T06:49:00,2026-04-28T06:49:00,1
100647,51051,62,DO,4108,25,,Pontezuela Abajo,full,,,inposdom-via-manuelpgs,,2026-04-28T06:49:00,2026-04-28T06:49:00,1
100648,51051,62,DO,4108,25,,Res. Vargas,full,,,inposdom-via-manuelpgs,,2026-04-28T06:49:00,2026-04-28T06:49:00,1
100649,51051,62,DO,4108,25,,Urb. Brisa Del Palmar,full,,,inposdom-via-manuelpgs,,2026-04-28T06:49:00,2026-04-28T06:49:00,1
100650,51051,62,DO,4108,25,,Urb. Fineta,full,,,inposdom-via-manuelpgs,,2026-04-28T06:49:00,2026-04-28T06:49:00,1
100651,51051,62,DO,4108,25,,Urb. Villa Alba,full,,,inposdom-via-manuelpgs,,2026-04-28T06:49:00,2026-04-28T06:49:00,1
100652,51052,62,DO,4108,25,,Brisas Del Este,full,,,inposdom-via-manuelpgs,,2026-04-28T06:49:00,2026-04-28T06:49:00,1
100653,51052,62,DO,4108,25,,Cruce de Don Pedro Arriba,full,,,inposdom-via-manuelpgs,,2026-04-28T06:49:00,2026-04-28T06:49:00,1
100654,51052,62,DO,4108,25,,Don Pedro,full,,,inposdom-via-manuelpgs,,2026-04-28T06:49:00,2026-04-28T06:49:00,1
100655,51052,62,DO,4108,25,,Don Pedro Arriba,full,,,inposdom-via-manuelpgs,,2026-04-28T06:49:00,2026-04-28T06:49:00,1
100656,51052,62,DO,4108,25,,El Dorado II,full,,,inposdom-via-manuelpgs,,2026-04-28T06:49:00,2026-04-28T06:49:00,1
100657,51052,62,DO,4108,25,,Hoya Del Caimito,full,,,inposdom-via-manuelpgs,,2026-04-28T06:49:00,2026-04-28T06:49:00,1
100658,51052,62,DO,4108,25,,Las Damas,full,,,inposdom-via-manuelpgs,,2026-04-28T06:49:00,2026-04-28T06:49:00,1
100659,51052,62,DO,4108,25,,Los Cajuiles,full,,,inposdom-via-manuelpgs,,2026-04-28T06:49:00,2026-04-28T06:49:00,1
100660,51052,62,DO,4108,25,,Los Carritos,full,,,inposdom-via-manuelpgs,,2026-04-28T06:49:00,2026-04-28T06:49:00,1
100661,51052,62,DO,4108,25,,Los Hidalgos,full,,,inposdom-via-manuelpgs,,2026-04-28T06:49:00,2026-04-28T06:49:00,1
100662,51052,62,DO,4108,25,,Pontezuela,full,,,inposdom-via-manuelpgs,,2026-04-28T06:49:00,2026-04-28T06:49:00,1
100663,51052,62,DO,4108,25,,Reparto Del Este,full,,,inposdom-via-manuelpgs,,2026-04-28T06:49:00,2026-04-28T06:49:00,1
100664,51052,62,DO,4108,25,,Reparto Hache,full,,,inposdom-via-manuelpgs,,2026-04-28T06:49:00,2026-04-28T06:49:00,1
100665,51052,62,DO,4108,25,,Reparto Kokette,full,,,inposdom-via-manuelpgs,,2026-04-28T06:49:00,2026-04-28T06:49:00,1
100666,51053,62,DO,4108,25,,Cerro Hermoso,full,,,inposdom-via-manuelpgs,,2026-04-28T06:49:00,2026-04-28T06:49:00,1
100667,51053,62,DO,4108,25,,Cerros de Gurabo I,full,,,inposdom-via-manuelpgs,,2026-04-28T06:49:00,2026-04-28T06:49:00,1
100668,51053,62,DO,4108,25,,Cerros de Gurabo II,full,,,inposdom-via-manuelpgs,,2026-04-28T06:49:00,2026-04-28T06:49:00,1
100669,51053,62,DO,4108,25,,Cerros de Gurabo III,full,,,inposdom-via-manuelpgs,,2026-04-28T06:49:00,2026-04-28T06:49:00,1
100670,51053,62,DO,4108,25,,El Dorado I,full,,,inposdom-via-manuelpgs,,2026-04-28T06:49:00,2026-04-28T06:49:00,1
100671,51053,62,DO,4108,25,,Urb. Casilda,full,,,inposdom-via-manuelpgs,,2026-04-28T06:49:00,2026-04-28T06:49:00,1
100672,51053,62,DO,4108,25,,Urb. Mainardi Reyna,full,,,inposdom-via-manuelpgs,,2026-04-28T06:49:00,2026-04-28T06:49:00,1
100673,51053,62,DO,4108,25,,Villa Progreso,full,,,inposdom-via-manuelpgs,,2026-04-28T06:49:00,2026-04-28T06:49:00,1
100674,51054,62,DO,4108,25,,Flor de Gurabo,full,,,inposdom-via-manuelpgs,,2026-04-28T06:49:00,2026-04-28T06:49:00,1
100675,51054,62,DO,4108,25,,La Cruz,full,,,inposdom-via-manuelpgs,,2026-04-28T06:49:00,2026-04-28T06:49:00,1
100676,51054,62,DO,4108,25,,Llanos de Gurabo,full,,,inposdom-via-manuelpgs,,2026-04-28T06:49:00,2026-04-28T06:49:00,1
100677,51054,62,DO,4108,25,,Los Perez,full,,,inposdom-via-manuelpgs,,2026-04-28T06:49:00,2026-04-28T06:49:00,1
100678,51054,62,DO,4108,25,,Pontezuela Al Medio,full,,,inposdom-via-manuelpgs,,2026-04-28T06:49:00,2026-04-28T06:49:00,1
100679,51054,62,DO,4108,25,,Reparto Eliseo Perez,full,,,inposdom-via-manuelpgs,,2026-04-28T06:49:00,2026-04-28T06:49:00,1
100680,51061,62,DO,4108,25,,Buena Vista,full,,,inposdom-via-manuelpgs,,2026-04-28T06:49:00,2026-04-28T06:49:00,1
100681,51061,62,DO,4108,25,,Gurabo Abajo,full,,,inposdom-via-manuelpgs,,2026-04-28T06:49:00,2026-04-28T06:49:00,1
100682,51061,62,DO,4108,25,,Reparto Consuelo,full,,,inposdom-via-manuelpgs,,2026-04-28T06:49:00,2026-04-28T06:49:00,1
100683,51061,62,DO,4108,25,,Urb. Eden,full,,,inposdom-via-manuelpgs,,2026-04-28T06:49:00,2026-04-28T06:49:00,1
100684,51061,62,DO,4108,25,,Urb. El Paraiso,full,,,inposdom-via-manuelpgs,,2026-04-28T06:49:00,2026-04-28T06:49:00,1
100685,51061,62,DO,4108,25,,Urb. Miraflor,full,,,inposdom-via-manuelpgs,,2026-04-28T06:49:00,2026-04-28T06:49:00,1
100686,51061,62,DO,4108,25,,Urb. Noreda,full,,,inposdom-via-manuelpgs,,2026-04-28T06:49:00,2026-04-28T06:49:00,1
100687,51061,62,DO,4108,25,,Urb. Paraiso I,full,,,inposdom-via-manuelpgs,,2026-04-28T06:49:00,2026-04-28T06:49:00,1
100688,51062,62,DO,4108,25,,Cerro Alto,full,,,inposdom-via-manuelpgs,,2026-04-28T06:49:00,2026-04-28T06:49:00,1
100689,51062,62,DO,4108,25,,El Brisol,full,,,inposdom-via-manuelpgs,,2026-04-28T06:49:00,2026-04-28T06:49:00,1
100690,51062,62,DO,4108,25,,Francisco Del Rosario Sanchez,full,,,inposdom-via-manuelpgs,,2026-04-28T06:49:00,2026-04-28T06:49:00,1
100691,51062,62,DO,4108,25,,Res. Julissa,full,,,inposdom-via-manuelpgs,,2026-04-28T06:49:00,2026-04-28T06:49:00,1
100692,51062,62,DO,4108,25,,Urb. Los Reyes,full,,,inposdom-via-manuelpgs,,2026-04-28T06:49:00,2026-04-28T06:49:00,1
100693,51062,62,DO,4108,25,,Urb. Miraflor,full,,,inposdom-via-manuelpgs,,2026-04-28T06:49:00,2026-04-28T06:49:00,1
100694,51063,62,DO,4108,25,,Bo. Cadete Manolo Tavares Justo,full,,,inposdom-via-manuelpgs,,2026-04-28T06:49:00,2026-04-28T06:49:00,1
100695,51063,62,DO,4108,25,,Cerro de Jacagua,full,,,inposdom-via-manuelpgs,,2026-04-28T06:49:00,2026-04-28T06:49:00,1
100696,51063,62,DO,4108,25,,Ensanche Gregorio Luperon,full,,,inposdom-via-manuelpgs,,2026-04-28T06:49:00,2026-04-28T06:49:00,1
100697,51063,62,DO,4108,25,,Jardines Del Rey,full,,,inposdom-via-manuelpgs,,2026-04-28T06:49:00,2026-04-28T06:49:00,1
100698,51063,62,DO,4108,25,,Los Salados,full,,,inposdom-via-manuelpgs,,2026-04-28T06:49:00,2026-04-28T06:49:00,1
100699,51071,62,DO,4108,25,,Bo. Los Santos,full,,,inposdom-via-manuelpgs,,2026-04-28T06:49:00,2026-04-28T06:49:00,1
100700,51071,62,DO,4108,25,,La Rosa,full,,,inposdom-via-manuelpgs,,2026-04-28T06:49:00,2026-04-28T06:49:00,1
100701,51071,62,DO,4108,25,,La Terraza,full,,,inposdom-via-manuelpgs,,2026-04-28T06:49:00,2026-04-28T06:49:00,1
100702,51072,62,DO,4108,25,,Altos Del Invi,full,,,inposdom-via-manuelpgs,,2026-04-28T06:49:00,2026-04-28T06:49:00,1
100703,51072,62,DO,4108,25,,Ensanche La Rotonda,full,,,inposdom-via-manuelpgs,,2026-04-28T06:49:00,2026-04-28T06:49:00,1
100704,51072,62,DO,4108,25,,La Colina,full,,,inposdom-via-manuelpgs,,2026-04-28T06:49:00,2026-04-28T06:49:00,1
100705,51072,62,DO,4108,25,,Los Ciruelitos,full,,,inposdom-via-manuelpgs,,2026-04-28T06:49:00,2026-04-28T06:49:00,1
100706,51072,62,DO,4108,25,,Reparto Manhattan,full,,,inposdom-via-manuelpgs,,2026-04-28T06:49:00,2026-04-28T06:49:00,1
100707,51072,62,DO,4108,25,,Tierra Alta,full,,,inposdom-via-manuelpgs,,2026-04-28T06:49:00,2026-04-28T06:49:00,1
100708,51073,62,DO,4108,25,,Altos de Virella,full,,,inposdom-via-manuelpgs,,2026-04-28T06:49:00,2026-04-28T06:49:00,1
100709,51073,62,DO,4108,25,,Barrio Duarte,full,,,inposdom-via-manuelpgs,,2026-04-28T06:49:00,2026-04-28T06:49:00,1
100710,51073,62,DO,4108,25,,Cuesta Colorada,full,,,inposdom-via-manuelpgs,,2026-04-28T06:49:00,2026-04-28T06:49:00,1
100711,51073,62,DO,4108,25,,Ensanche Libertad,full,,,inposdom-via-manuelpgs,,2026-04-28T06:49:00,2026-04-28T06:49:00,1
100712,51073,62,DO,4108,25,,Ensanche Ramos,full,,,inposdom-via-manuelpgs,,2026-04-28T06:49:00,2026-04-28T06:49:00,1
100713,51073,62,DO,4108,25,,Libertad II,full,,,inposdom-via-manuelpgs,,2026-04-28T06:49:00,2026-04-28T06:49:00,1
100714,51073,62,DO,4108,25,,Urb. Jardines Del Oeste,full,,,inposdom-via-manuelpgs,,2026-04-28T06:49:00,2026-04-28T06:49:00,1
100715,51073,62,DO,4108,25,,Urb. Las Americas,full,,,inposdom-via-manuelpgs,,2026-04-28T06:49:00,2026-04-28T06:49:00,1
100716,51073,62,DO,4108,25,,Urb. Las Antillas,full,,,inposdom-via-manuelpgs,,2026-04-28T06:49:00,2026-04-28T06:49:00,1
100717,51073,62,DO,4108,25,,Urb. Las Palmas,full,,,inposdom-via-manuelpgs,,2026-04-28T06:49:00,2026-04-28T06:49:00,1
100718,51074,62,DO,4108,25,,Alto de Rafey,full,,,inposdom-via-manuelpgs,,2026-04-28T06:49:00,2026-04-28T06:49:00,1
100719,51074,62,DO,4108,25,,Bo. Cienfuego,full,,,inposdom-via-manuelpgs,,2026-04-28T06:49:00,2026-04-28T06:49:00,1
100720,51074,62,DO,4108,25,,Bo. La Gloria,full,,,inposdom-via-manuelpgs,,2026-04-28T06:49:00,2026-04-28T06:49:00,1
100721,51074,62,DO,4108,25,,Ciudad Satelite,full,,,inposdom-via-manuelpgs,,2026-04-28T06:49:00,2026-04-28T06:49:00,1
100722,51074,62,DO,4108,25,,Ensanche Espaillat,full,,,inposdom-via-manuelpgs,,2026-04-28T06:49:00,2026-04-28T06:49:00,1
100723,51074,62,DO,4108,25,,Ingenio Arriba,full,,,inposdom-via-manuelpgs,,2026-04-28T06:49:00,2026-04-28T06:49:00,1
100724,51074,62,DO,4108,25,,Urb. Monte Rico,full,,,inposdom-via-manuelpgs,,2026-04-28T06:49:00,2026-04-28T06:49:00,1
100725,51074,62,DO,4108,25,,Zona Franca Industrial,full,,,inposdom-via-manuelpgs,,2026-04-28T06:49:00,2026-04-28T06:49:00,1
100726,51081,62,DO,4108,25,,Aeropuerto Cibao,full,,,inposdom-via-manuelpgs,,2026-04-28T06:49:00,2026-04-28T06:49:00,1
100727,51081,62,DO,4108,25,,Barrio Pedro Francisco Bono,full,,,inposdom-via-manuelpgs,,2026-04-28T06:49:00,2026-04-28T06:49:00,1
100728,51081,62,DO,4108,25,,Reparto Montero,full,,,inposdom-via-manuelpgs,,2026-04-28T06:49:00,2026-04-28T06:49:00,1
100729,51081,62,DO,4108,25,,Urb. Fernandez Dominguez,full,,,inposdom-via-manuelpgs,,2026-04-28T06:49:00,2026-04-28T06:49:00,1
100730,51081,62,DO,4108,25,,Urb. Henriquez,full,,,inposdom-via-manuelpgs,,2026-04-28T06:49:00,2026-04-28T06:49:00,1
100731,51082,62,DO,4108,25,,Barrio Hermanas Mirabal,full,,,inposdom-via-manuelpgs,,2026-04-28T06:49:00,2026-04-28T06:49:00,1
100732,51082,62,DO,4108,25,,El Jido,full,,,inposdom-via-manuelpgs,,2026-04-28T06:49:00,2026-04-28T06:49:00,1
100733,51082,62,DO,4108,25,,Ensanche Bolivar,full,,,inposdom-via-manuelpgs,,2026-04-28T06:49:00,2026-04-28T06:49:00,1
100734,51082,62,DO,4108,25,,Los Platanitos,full,,,inposdom-via-manuelpgs,,2026-04-28T06:49:00,2026-04-28T06:49:00,1
100735,51082,62,DO,4108,25,,Mejoramiento Social,full,,,inposdom-via-manuelpgs,,2026-04-28T06:49:00,2026-04-28T06:49:00,1
100736,51082,62,DO,4108,25,,NO DISPONIBLE,full,,,inposdom-via-manuelpgs,,2026-04-28T06:49:00,2026-04-28T06:49:00,1
100737,51082,62,DO,4108,25,,Reparto Perello,full,,,inposdom-via-manuelpgs,,2026-04-28T06:49:00,2026-04-28T06:49:00,1
100738,51083,62,DO,4108,25,,Pueblo Nuevo,full,,,inposdom-via-manuelpgs,,2026-04-28T06:49:00,2026-04-28T06:49:00,1
100739,51091,62,DO,4108,25,,Canabacoa,full,,,inposdom-via-manuelpgs,,2026-04-28T06:49:00,2026-04-28T06:49:00,1
100740,51091,62,DO,4108,25,,Ensanche Bermudez,full,,,inposdom-via-manuelpgs,,2026-04-28T06:49:00,2026-04-28T06:49:00,1
100741,51091,62,DO,4108,25,,Ensanche Roman,full,,,inposdom-via-manuelpgs,,2026-04-28T06:49:00,2026-04-28T06:49:00,1
100742,51092,62,DO,4108,25,,El Centro,full,,,inposdom-via-manuelpgs,,2026-04-28T06:49:00,2026-04-28T06:49:00,1
100743,51092,62,DO,4108,25,,La Joya,full,,,inposdom-via-manuelpgs,,2026-04-28T06:49:00,2026-04-28T06:49:00,1
100744,51101,62,DO,4108,25,,Cuesta Abajo,full,,,inposdom-via-manuelpgs,,2026-04-28T06:49:00,2026-04-28T06:49:00,1
100745,51101,62,DO,4108,25,,Hatillo San Lorenzo,full,,,inposdom-via-manuelpgs,,2026-04-28T06:49:00,2026-04-28T06:49:00,1
100746,51101,62,DO,4108,25,,Jardines Metropolitano,full,,,inposdom-via-manuelpgs,,2026-04-28T06:49:00,2026-04-28T06:49:00,1
100747,51101,62,DO,4108,25,,Urb. Bermudez,full,,,inposdom-via-manuelpgs,,2026-04-28T06:49:00,2026-04-28T06:49:00,1
100748,51102,62,DO,4108,25,,Ensanche Julia,full,,,inposdom-via-manuelpgs,,2026-04-28T06:49:00,2026-04-28T06:49:00,1
100749,51102,62,DO,4108,25,,Eugenio Perdomo,full,,,inposdom-via-manuelpgs,,2026-04-28T06:49:00,2026-04-28T06:49:00,1
100750,51102,62,DO,4108,25,,Hato Del Yaque Dm,full,,,inposdom-via-manuelpgs,,2026-04-28T06:49:00,2026-04-28T06:49:00,1
100751,51102,62,DO,4108,25,,Reparto Oquet,full,,,inposdom-via-manuelpgs,,2026-04-28T06:49:00,2026-04-28T06:49:00,1
100752,51103,62,DO,4108,25,,Guama,full,,,inposdom-via-manuelpgs,,2026-04-28T06:49:00,2026-04-28T06:49:00,1
100753,51103,62,DO,4108,25,,Los Colegios,full,,,inposdom-via-manuelpgs,,2026-04-28T06:49:00,2026-04-28T06:49:00,1
100754,51103,62,DO,4108,25,,Reparto Panorama,full,,,inposdom-via-manuelpgs,,2026-04-28T06:49:00,2026-04-28T06:49:00,1
100755,51103,62,DO,4108,25,,Sabana Grande de Batey,full,,,inposdom-via-manuelpgs,,2026-04-28T06:49:00,2026-04-28T06:49:00,1
100756,51104,62,DO,4108,25,,Caafistol,full,,,inposdom-via-manuelpgs,,2026-04-28T06:49:00,2026-04-28T06:49:00,1
100757,51104,62,DO,4108,25,,Inoa,full,,,inposdom-via-manuelpgs,,2026-04-28T06:49:00,2026-04-28T06:49:00,1
100758,51105,62,DO,4108,25,,Celestina,full,,,inposdom-via-manuelpgs,,2026-04-28T06:49:00,2026-04-28T06:49:00,1
100759,51105,62,DO,4108,25,,Mata Grande,full,,,inposdom-via-manuelpgs,,2026-04-28T06:49:00,2026-04-28T06:49:00,1
100760,51106,62,DO,4108,25,,Corocito,full,,,inposdom-via-manuelpgs,,2026-04-28T06:49:00,2026-04-28T06:49:00,1
100761,51106,62,DO,4108,25,,Los Montones Abajo,full,,,inposdom-via-manuelpgs,,2026-04-28T06:49:00,2026-04-28T06:49:00,1
100762,51107,62,DO,4108,25,,Diferencia,full,,,inposdom-via-manuelpgs,,2026-04-28T06:49:00,2026-04-28T06:49:00,1
100763,51107,62,DO,4108,25,,Pedregal,full,,,inposdom-via-manuelpgs,,2026-04-28T06:49:00,2026-04-28T06:49:00,1
100764,51108,62,DO,4108,25,,Jicome,full,,,inposdom-via-manuelpgs,,2026-04-28T06:49:00,2026-04-28T06:49:00,1
100765,51108,62,DO,4108,25,,Las Piedras,full,,,inposdom-via-manuelpgs,,2026-04-28T06:49:00,2026-04-28T06:49:00,1
100766,51109,62,DO,4108,25,,Las Plasetas Dm,full,,,inposdom-via-manuelpgs,,2026-04-28T06:49:00,2026-04-28T06:49:00,1
100767,51109,62,DO,4108,25,,Magua,full,,,inposdom-via-manuelpgs,,2026-04-28T06:49:00,2026-04-28T06:49:00,1
100768,51110,62,DO,4108,25,,Manacla,full,,,inposdom-via-manuelpgs,,2026-04-28T06:49:00,2026-04-28T06:49:00,1
100769,51110,62,DO,4108,25,,NO DISPONIBLE,full,,,inposdom-via-manuelpgs,,2026-04-28T06:49:00,2026-04-28T06:49:00,1
100770,51110,62,DO,4108,25,,Yerba Buena,full,,,inposdom-via-manuelpgs,,2026-04-28T06:49:00,2026-04-28T06:49:00,1
100771,51111,62,DO,4108,25,,Mata Del Dajao,full,,,inposdom-via-manuelpgs,,2026-04-28T06:49:00,2026-04-28T06:49:00,1
100772,51111,62,DO,4108,25,,Reparto Rincon Largo,full,,,inposdom-via-manuelpgs,,2026-04-28T06:49:00,2026-04-28T06:49:00,1
100773,51112,62,DO,4108,25,,Cerro Del Castillo,full,,,inposdom-via-manuelpgs,,2026-04-28T06:49:00,2026-04-28T06:49:00,1
100774,51112,62,DO,4108,25,,La Trinitaria,full,,,inposdom-via-manuelpgs,,2026-04-28T06:49:00,2026-04-28T06:49:00,1
100775,51112,62,DO,4108,25,,Naranjo Bajon,full,,,inposdom-via-manuelpgs,,2026-04-28T06:49:00,2026-04-28T06:49:00,1
100776,51112,62,DO,4108,25,,Santiago Apostol,full,,,inposdom-via-manuelpgs,,2026-04-28T06:49:00,2026-04-28T06:49:00,1
100777,51113,62,DO,4108,25,,El Rubio Dm,full,,,inposdom-via-manuelpgs,,2026-04-28T06:49:00,2026-04-28T06:49:00,1
100778,51120,62,DO,4108,25,,NO DISPONIBLE,full,,,inposdom-via-manuelpgs,,2026-04-28T06:49:00,2026-04-28T06:49:00,1
100779,51121,62,DO,4108,25,,Arroyo Hondo,full,,,inposdom-via-manuelpgs,,2026-04-28T06:49:00,2026-04-28T06:49:00,1
100780,51121,62,DO,4108,25,,Franco Bid,full,,,inposdom-via-manuelpgs,,2026-04-28T06:49:00,2026-04-28T06:49:00,1
100781,51121,62,DO,4108,25,,Los Jazmines,full,,,inposdom-via-manuelpgs,,2026-04-28T06:49:00,2026-04-28T06:49:00,1
100782,51121,62,DO,4108,25,,Valle Verde,full,,,inposdom-via-manuelpgs,,2026-04-28T06:49:00,2026-04-28T06:49:00,1
100783,51121,62,DO,4108,25,,Valle Verde II,full,,,inposdom-via-manuelpgs,,2026-04-28T06:49:00,2026-04-28T06:49:00,1
100784,51122,62,DO,4108,25,,Altos de Peralta,full,,,inposdom-via-manuelpgs,,2026-04-28T06:49:00,2026-04-28T06:49:00,1
100785,51122,62,DO,4108,25,,Bella Vista,full,,,inposdom-via-manuelpgs,,2026-04-28T06:49:00,2026-04-28T06:49:00,1
100786,51122,62,DO,4108,25,,Cerros de Bella Vista,full,,,inposdom-via-manuelpgs,,2026-04-28T06:49:00,2026-04-28T06:49:00,1
100787,51122,62,DO,4108,25,,Janey,full,,,inposdom-via-manuelpgs,,2026-04-28T06:49:00,2026-04-28T06:49:00,1
100788,51122,62,DO,4108,25,,La Barranquita,full,,,inposdom-via-manuelpgs,,2026-04-28T06:49:00,2026-04-28T06:49:00,1
100789,51122,62,DO,4108,25,,La Yaguita de Pastor,full,,,inposdom-via-manuelpgs,,2026-04-28T06:49:00,2026-04-28T06:49:00,1
100790,51122,62,DO,4108,25,,Mirador Del Yaque,full,,,inposdom-via-manuelpgs,,2026-04-28T06:49:00,2026-04-28T06:49:00,1
100791,51122,62,DO,4108,25,,Pastor,full,,,inposdom-via-manuelpgs,,2026-04-28T06:49:00,2026-04-28T06:49:00,1
100792,51122,62,DO,4108,25,,Pia de Oro,full,,,inposdom-via-manuelpgs,,2026-04-28T06:49:00,2026-04-28T06:49:00,1
100793,51122,62,DO,4108,25,,Reparto Peralta,full,,,inposdom-via-manuelpgs,,2026-04-28T06:49:00,2026-04-28T06:49:00,1
100794,51122,62,DO,4108,25,,Reparto Primavera,full,,,inposdom-via-manuelpgs,,2026-04-28T06:49:00,2026-04-28T06:49:00,1
100795,51123,62,DO,4108,25,,Campo de Golf,full,,,inposdom-via-manuelpgs,,2026-04-28T06:49:00,2026-04-28T06:49:00,1
100796,51123,62,DO,4108,25,,Juncalito Abajo,full,,,inposdom-via-manuelpgs,,2026-04-28T06:49:00,2026-04-28T06:49:00,1
100797,51123,62,DO,4108,25,,La Otra Banda,full,,,inposdom-via-manuelpgs,,2026-04-28T06:49:00,2026-04-28T06:49:00,1
100798,51124,62,DO,4108,25,,Corona Plaza,full,,,inposdom-via-manuelpgs,,2026-04-28T06:49:00,2026-04-28T06:49:00,1
100799,51124,62,DO,4108,25,,La Herradura,full,,,inposdom-via-manuelpgs,,2026-04-28T06:49:00,2026-04-28T06:49:00,1
100800,51124,62,DO,4108,25,,Rincón Largo,full,,,inposdom-via-manuelpgs,,2026-04-28T06:49:00,2026-04-28T06:49:00,1
100801,51125,62,DO,4108,25,,Rincon Llano,full,,,inposdom-via-manuelpgs,,2026-04-28T06:49:00,2026-04-28T06:49:00,1
100802,51201,62,DO,4108,25,,Cagueyes,full,,,inposdom-via-manuelpgs,,2026-04-28T06:49:00,2026-04-28T06:49:00,1
100803,51202,62,DO,4108,25,,Ceb,full,,,inposdom-via-manuelpgs,,2026-04-28T06:49:00,2026-04-28T06:49:00,1
100804,51203,62,DO,4108,25,,Dicayagua Abajo,full,,,inposdom-via-manuelpgs,,2026-04-28T06:49:00,2026-04-28T06:49:00,1
100805,51204,62,DO,4108,25,,La Guama,full,,,inposdom-via-manuelpgs,,2026-04-28T06:49:00,2026-04-28T06:49:00,1
100806,51205,62,DO,4108,25,,Jagua Abajo,full,,,inposdom-via-manuelpgs,,2026-04-28T06:49:00,2026-04-28T06:49:00,1
100807,51206,62,DO,4108,25,,Loma Del Corral,full,,,inposdom-via-manuelpgs,,2026-04-28T06:49:00,2026-04-28T06:49:00,1
100808,51207,62,DO,4108,25,,Mesetas,full,,,inposdom-via-manuelpgs,,2026-04-28T06:49:00,2026-04-28T06:49:00,1
100809,51208,62,DO,4108,25,,Pinalito,full,,,inposdom-via-manuelpgs,,2026-04-28T06:49:00,2026-04-28T06:49:00,1
100810,51209,62,DO,4108,25,,Yaque Abajo,full,,,inposdom-via-manuelpgs,,2026-04-28T06:49:00,2026-04-28T06:49:00,1
100811,51210,62,DO,4108,25,,Sabana Iglesia Dm,full,,,inposdom-via-manuelpgs,,2026-04-28T06:49:00,2026-04-28T06:49:00,1
100812,51211,62,DO,4108,25,,El Caimito Dm,full,,,inposdom-via-manuelpgs,,2026-04-28T06:49:00,2026-04-28T06:49:00,1
100813,51212,62,DO,4108,25,,Baitoa Dm,full,,,inposdom-via-manuelpgs,,2026-04-28T06:49:00,2026-04-28T06:49:00,1
100814,51301,62,DO,4108,25,,Caada Bonita,full,,,inposdom-via-manuelpgs,,2026-04-28T06:49:00,2026-04-28T06:49:00,1
100815,51302,62,DO,4108,25,,Estancia Del Yaque,full,,,inposdom-via-manuelpgs,,2026-04-28T06:49:00,2026-04-28T06:49:00,1
100816,51303,62,DO,4108,25,,La Lomota,full,,,inposdom-via-manuelpgs,,2026-04-28T06:49:00,2026-04-28T06:49:00,1
100817,51304,62,DO,4108,25,,La Villa Nueva,full,,,inposdom-via-manuelpgs,,2026-04-28T06:49:00,2026-04-28T06:49:00,1
100818,51305,62,DO,4108,25,,Mejia de Navarrete,full,,,inposdom-via-manuelpgs,,2026-04-28T06:49:00,2026-04-28T06:49:00,1
100819,51306,62,DO,4108,25,,Pontoncito,full,,,inposdom-via-manuelpgs,,2026-04-28T06:49:00,2026-04-28T06:49:00,1
100820,51307,62,DO,4108,25,,Vuelta Larga,full,,,inposdom-via-manuelpgs,,2026-04-28T06:49:00,2026-04-28T06:49:00,1
100821,51401,62,DO,4108,25,,La Cruz de Maria Francisca,full,,,inposdom-via-manuelpgs,,2026-04-28T06:49:00,2026-04-28T06:49:00,1
100822,51402,62,DO,4108,25,,Licey Arriba,full,,,inposdom-via-manuelpgs,,2026-04-28T06:49:00,2026-04-28T06:49:00,1
100823,51403,62,DO,4108,25,,Licey Abajo,full,,,inposdom-via-manuelpgs,,2026-04-28T06:49:00,2026-04-28T06:49:00,1
100824,51404,62,DO,4108,25,,Las Palomas,full,,,inposdom-via-manuelpgs,,2026-04-28T06:49:00,2026-04-28T06:49:00,1
100825,51405,62,DO,4108,25,,La Cruz de Izalguez,full,,,inposdom-via-manuelpgs,,2026-04-28T06:49:00,2026-04-28T06:49:00,1
100826,51501,62,DO,4108,25,,Boca de Maizal,full,,,inposdom-via-manuelpgs,,2026-04-28T06:49:00,2026-04-28T06:49:00,1
100827,51502,62,DO,4108,25,,Canca La Piedra,full,,,inposdom-via-manuelpgs,,2026-04-28T06:49:00,2026-04-28T06:49:00,1
100828,51503,62,DO,4108,25,,Carlos Diaz,full,,,inposdom-via-manuelpgs,,2026-04-28T06:49:00,2026-04-28T06:49:00,1
100829,51504,62,DO,4108,25,,Guazumal Arriba,full,,,inposdom-via-manuelpgs,,2026-04-28T06:49:00,2026-04-28T06:49:00,1
100830,51505,62,DO,4108,25,,Las Bocas de Licey,full,,,inposdom-via-manuelpgs,,2026-04-28T06:49:00,2026-04-28T06:49:00,1
100831,51506,62,DO,4108,25,,Licey Al Medio,full,,,inposdom-via-manuelpgs,,2026-04-28T06:49:00,2026-04-28T06:49:00,1
100832,51507,62,DO,4108,25,,Pontezuela,full,,,inposdom-via-manuelpgs,,2026-04-28T06:49:00,2026-04-28T06:49:00,1
100833,51601,62,DO,4108,25,,El Limon Dm,full,,,inposdom-via-manuelpgs,,2026-04-28T06:49:00,2026-04-28T06:49:00,1
100834,51602,62,DO,4108,25,,Las Lavas,full,,,inposdom-via-manuelpgs,,2026-04-28T06:49:00,2026-04-28T06:49:00,1
100835,51603,62,DO,4108,25,,Macoris Del Limon,full,,,inposdom-via-manuelpgs,,2026-04-28T06:49:00,2026-04-28T06:49:00,1
100836,51604,62,DO,4108,25,,Palmar Abajo Dm,full,,,inposdom-via-manuelpgs,,2026-04-28T06:49:00,2026-04-28T06:49:00,1
100837,51605,62,DO,4108,25,,Quinigua,full,,,inposdom-via-manuelpgs,,2026-04-28T06:49:00,2026-04-28T06:49:00,1
100838,51701,62,DO,4108,25,,Las Auyamas,full,,,inposdom-via-manuelpgs,,2026-04-28T06:49:00,2026-04-28T06:49:00,1
100839,51801,62,DO,4108,25,,Sabana Iglesia,full,,,inposdom-via-manuelpgs,,2026-04-28T06:49:00,2026-04-28T06:49:00,1
100840,51802,62,DO,4108,25,,Los Ranchos,full,,,inposdom-via-manuelpgs,,2026-04-28T06:49:00,2026-04-28T06:49:00,1
100841,51803,62,DO,4108,25,,Las Zanjas,full,,,inposdom-via-manuelpgs,,2026-04-28T06:49:00,2026-04-28T06:49:00,1
100842,51901,62,DO,4108,25,,Baitoa,full,,,inposdom-via-manuelpgs,,2026-04-28T06:49:00,2026-04-28T06:49:00,1
100843,51902,62,DO,4108,25,,Lopez,full,,,inposdom-via-manuelpgs,,2026-04-28T06:49:00,2026-04-28T06:49:00,1
100844,51903,62,DO,4108,25,,San Jos Adentro,full,,,inposdom-via-manuelpgs,,2026-04-28T06:49:00,2026-04-28T06:49:00,1
100845,51904,62,DO,4108,25,,San Jos Afuera,full,,,inposdom-via-manuelpgs,,2026-04-28T06:49:00,2026-04-28T06:49:00,1
100846,53071,62,DO,4102,09,,Barrio La Esperanza,full,,,inposdom-via-manuelpgs,,2026-04-28T06:49:00,2026-04-28T06:49:00,1
100847,56001,62,DO,4102,09,,Canca Reina,full,,,inposdom-via-manuelpgs,,2026-04-28T06:49:00,2026-04-28T06:49:00,1
100848,56002,62,DO,4102,09,,El Aguacate,full,,,inposdom-via-manuelpgs,,2026-04-28T06:49:00,2026-04-28T06:49:00,1
100849,56003,62,DO,4102,09,,El Agarrobo,full,,,inposdom-via-manuelpgs,,2026-04-28T06:49:00,2026-04-28T06:49:00,1
100850,56004,62,DO,4102,09,,El Higuero,full,,,inposdom-via-manuelpgs,,2026-04-28T06:49:00,2026-04-28T06:49:00,1
100851,56005,62,DO,4102,09,,Luan Lpez Abajo,full,,,inposdom-via-manuelpgs,,2026-04-28T06:49:00,2026-04-28T06:49:00,1
100852,56006,62,DO,4102,09,,Las Lagunas Abajo,full,,,inposdom-via-manuelpgs,,2026-04-28T06:49:00,2026-04-28T06:49:00,1
100853,56007,62,DO,4102,09,,Llenas,full,,,inposdom-via-manuelpgs,,2026-04-28T06:49:00,2026-04-28T06:49:00,1
100854,56008,62,DO,4102,09,,Monte de la Jagua,full,,,inposdom-via-manuelpgs,,2026-04-28T06:49:00,2026-04-28T06:49:00,1
100855,56009,62,DO,4102,09,,Paso de Moca,full,,,inposdom-via-manuelpgs,,2026-04-28T06:49:00,2026-04-28T06:49:00,1
100856,56010,62,DO,4102,09,,San Luis,full,,,inposdom-via-manuelpgs,,2026-04-28T06:49:00,2026-04-28T06:49:00,1
100857,56011,62,DO,4102,09,,Centro de la Ciudad,full,,,inposdom-via-manuelpgs,,2026-04-28T06:49:00,2026-04-28T06:49:00,1
100858,56011,62,DO,4102,09,,Zafarraya,full,,,inposdom-via-manuelpgs,,2026-04-28T06:49:00,2026-04-28T06:49:00,1
100859,56021,62,DO,4102,09,,Barrio El Toro,full,,,inposdom-via-manuelpgs,,2026-04-28T06:49:00,2026-04-28T06:49:00,1
100860,56021,62,DO,4102,09,,Barrio Horacio,full,,,inposdom-via-manuelpgs,,2026-04-28T06:49:00,2026-04-28T06:49:00,1
100861,56021,62,DO,4102,09,,Barrio Pueblo Abajo,full,,,inposdom-via-manuelpgs,,2026-04-28T06:49:00,2026-04-28T06:49:00,1
100862,56021,62,DO,4102,09,,Barrio Puerto Rico,full,,,inposdom-via-manuelpgs,,2026-04-28T06:49:00,2026-04-28T06:49:00,1
100863,56021,62,DO,4102,09,,Barrio Quijada Quieta,full,,,inposdom-via-manuelpgs,,2026-04-28T06:49:00,2026-04-28T06:49:00,1
100864,56021,62,DO,4102,09,,Barrio San Jose,full,,,inposdom-via-manuelpgs,,2026-04-28T06:49:00,2026-04-28T06:49:00,1
100865,56021,62,DO,4102,09,,Res. Irka,full,,,inposdom-via-manuelpgs,,2026-04-28T06:49:00,2026-04-28T06:49:00,1
100866,56031,62,DO,4102,09,,Barrio Batuto,full,,,inposdom-via-manuelpgs,,2026-04-28T06:49:00,2026-04-28T06:49:00,1
100867,56031,62,DO,4102,09,,Barrio Euripides,full,,,inposdom-via-manuelpgs,,2026-04-28T06:49:00,2026-04-28T06:49:00,1
100868,56031,62,DO,4102,09,,Barrio Gauchupita,full,,,inposdom-via-manuelpgs,,2026-04-28T06:49:00,2026-04-28T06:49:00,1
100869,56031,62,DO,4102,09,,Barrio Los Maestros,full,,,inposdom-via-manuelpgs,,2026-04-28T06:49:00,2026-04-28T06:49:00,1
100870,56031,62,DO,4102,09,,Ley Lama,full,,,inposdom-via-manuelpgs,,2026-04-28T06:49:00,2026-04-28T06:49:00,1
100871,56031,62,DO,4102,09,,Los Caceres,full,,,inposdom-via-manuelpgs,,2026-04-28T06:49:00,2026-04-28T06:49:00,1
100872,56031,62,DO,4102,09,,Los Profecionales,full,,,inposdom-via-manuelpgs,,2026-04-28T06:49:00,2026-04-28T06:49:00,1
100873,56031,62,DO,4102,09,,Moronta,full,,,inposdom-via-manuelpgs,,2026-04-28T06:49:00,2026-04-28T06:49:00,1
100874,56031,62,DO,4102,09,,Res. Montreal,full,,,inposdom-via-manuelpgs,,2026-04-28T06:49:00,2026-04-28T06:49:00,1
100875,56031,62,DO,4102,09,,Urbanaizacion Lolita,full,,,inposdom-via-manuelpgs,,2026-04-28T06:49:00,2026-04-28T06:49:00,1
100876,56041,62,DO,4102,09,,Urb. Don Bosco,full,,,inposdom-via-manuelpgs,,2026-04-28T06:49:00,2026-04-28T06:49:00,1
100877,56041,62,DO,4102,09,,Villa Carolina,full,,,inposdom-via-manuelpgs,,2026-04-28T06:49:00,2026-04-28T06:49:00,1
100878,56041,62,DO,4102,09,,Villa Estela,full,,,inposdom-via-manuelpgs,,2026-04-28T06:49:00,2026-04-28T06:49:00,1
100879,56051,62,DO,4102,09,,Barrio Del Resex Dabo,full,,,inposdom-via-manuelpgs,,2026-04-28T06:49:00,2026-04-28T06:49:00,1
100880,56051,62,DO,4102,09,,Barrio Pueblo Arriba,full,,,inposdom-via-manuelpgs,,2026-04-28T06:49:00,2026-04-28T06:49:00,1
100881,56051,62,DO,4102,09,,Barrio Pulin,full,,,inposdom-via-manuelpgs,,2026-04-28T06:49:00,2026-04-28T06:49:00,1
100882,56051,62,DO,4102,09,,El Caimito,full,,,inposdom-via-manuelpgs,,2026-04-28T06:49:00,2026-04-28T06:49:00,1
100883,56051,62,DO,4102,09,,El Semillero,full,,,inposdom-via-manuelpgs,,2026-04-28T06:49:00,2026-04-28T06:49:00,1
100884,56051,62,DO,4102,09,,Entrada de la Soledad,full,,,inposdom-via-manuelpgs,,2026-04-28T06:49:00,2026-04-28T06:49:00,1
100885,56051,62,DO,4102,09,,Hincha,full,,,inposdom-via-manuelpgs,,2026-04-28T06:49:00,2026-04-28T06:49:00,1
100886,56051,62,DO,4102,09,,Llenas,full,,,inposdom-via-manuelpgs,,2026-04-28T06:49:00,2026-04-28T06:49:00,1
100887,56051,62,DO,4102,09,,Mejoramiento Social,full,,,inposdom-via-manuelpgs,,2026-04-28T06:49:00,2026-04-28T06:49:00,1
100888,56051,62,DO,4102,09,,Mirador,full,,,inposdom-via-manuelpgs,,2026-04-28T06:49:00,2026-04-28T06:49:00,1
100889,56051,62,DO,4102,09,,Recidencial Maria Del Carmen,full,,,inposdom-via-manuelpgs,,2026-04-28T06:49:00,2026-04-28T06:49:00,1
100890,56051,62,DO,4102,09,,Reparto Amelia,full,,,inposdom-via-manuelpgs,,2026-04-28T06:49:00,2026-04-28T06:49:00,1
100891,56051,62,DO,4102,09,,Res. Ambar,full,,,inposdom-via-manuelpgs,,2026-04-28T06:49:00,2026-04-28T06:49:00,1
100892,56051,62,DO,4102,09,,Urb. Del Este,full,,,inposdom-via-manuelpgs,,2026-04-28T06:49:00,2026-04-28T06:49:00,1
100893,56051,62,DO,4102,09,,Urb. Grabiela,full,,,inposdom-via-manuelpgs,,2026-04-28T06:49:00,2026-04-28T06:49:00,1
100894,56051,62,DO,4102,09,,Villa Elsa,full,,,inposdom-via-manuelpgs,,2026-04-28T06:49:00,2026-04-28T06:49:00,1
100895,56051,62,DO,4102,09,,Villa Emely,full,,,inposdom-via-manuelpgs,,2026-04-28T06:49:00,2026-04-28T06:49:00,1
100896,56061,62,DO,4102,09,,Barrio Calaf,full,,,inposdom-via-manuelpgs,,2026-04-28T06:49:00,2026-04-28T06:49:00,1
100897,56061,62,DO,4102,09,,Barrio Guaci,full,,,inposdom-via-manuelpgs,,2026-04-28T06:49:00,2026-04-28T06:49:00,1
100898,56061,62,DO,4102,09,,Barrio La Estancia,full,,,inposdom-via-manuelpgs,,2026-04-28T06:49:00,2026-04-28T06:49:00,1
100899,56061,62,DO,4102,09,,Barrio Los Rieles,full,,,inposdom-via-manuelpgs,,2026-04-28T06:49:00,2026-04-28T06:49:00,1
100900,56061,62,DO,4102,09,,Barrio San Luis,full,,,inposdom-via-manuelpgs,,2026-04-28T06:49:00,2026-04-28T06:49:00,1
100901,56061,62,DO,4102,09,,Villa Del Rosario,full,,,inposdom-via-manuelpgs,,2026-04-28T06:49:00,2026-04-28T06:49:00,1
100902,56061,62,DO,4102,09,,Villa Olga,full,,,inposdom-via-manuelpgs,,2026-04-28T06:49:00,2026-04-28T06:49:00,1
100903,56071,62,DO,4102,09,,Barrio Av. Sosa,full,,,inposdom-via-manuelpgs,,2026-04-28T06:49:00,2026-04-28T06:49:00,1
100904,56071,62,DO,4102,09,,Barrio El Bolsillo,full,,,inposdom-via-manuelpgs,,2026-04-28T06:49:00,2026-04-28T06:49:00,1
100905,56071,62,DO,4102,09,,Barrio Joan Lopito,full,,,inposdom-via-manuelpgs,,2026-04-28T06:49:00,2026-04-28T06:49:00,1
100906,56071,62,DO,4102,09,,Barrio Muerto Borracho,full,,,inposdom-via-manuelpgs,,2026-04-28T06:49:00,2026-04-28T06:49:00,1
100907,56071,62,DO,4102,09,,Barrio Puerto Rico,full,,,inposdom-via-manuelpgs,,2026-04-28T06:49:00,2026-04-28T06:49:00,1
100908,56071,62,DO,4102,09,,Barrio Sal Si Puedes,full,,,inposdom-via-manuelpgs,,2026-04-28T06:49:00,2026-04-28T06:49:00,1
100909,56071,62,DO,4102,09,,Res. Cabrera,full,,,inposdom-via-manuelpgs,,2026-04-28T06:49:00,2026-04-28T06:49:00,1
100910,56071,62,DO,4102,09,,Villa Delia,full,,,inposdom-via-manuelpgs,,2026-04-28T06:49:00,2026-04-28T06:49:00,1
100911,56071,62,DO,4102,09,,Villa Estancia Nueva,full,,,inposdom-via-manuelpgs,,2026-04-28T06:49:00,2026-04-28T06:49:00,1
100912,56101,62,DO,4102,09,,La Guama de Guananao,full,,,inposdom-via-manuelpgs,,2026-04-28T06:49:00,2026-04-28T06:49:00,1
100913,56101,62,DO,4102,09,,Los Octavios,full,,,inposdom-via-manuelpgs,,2026-04-28T06:49:00,2026-04-28T06:49:00,1
100914,56102,62,DO,4102,09,,Hato Viejo,full,,,inposdom-via-manuelpgs,,2026-04-28T06:49:00,2026-04-28T06:49:00,1
100915,56201,62,DO,4102,09,,Bejuco Blanco,full,,,inposdom-via-manuelpgs,,2026-04-28T06:49:00,2026-04-28T06:49:00,1
100916,56202,62,DO,4102,09,,El Jobo,full,,,inposdom-via-manuelpgs,,2026-04-28T06:49:00,2026-04-28T06:49:00,1
100917,56203,62,DO,4102,09,,Magante,full,,,inposdom-via-manuelpgs,,2026-04-28T06:49:00,2026-04-28T06:49:00,1
100918,56204,62,DO,4102,09,,Ojo de Agua,full,,,inposdom-via-manuelpgs,,2026-04-28T06:49:00,2026-04-28T06:49:00,1
100919,56205,62,DO,4102,09,,Veragua Abajo,full,,,inposdom-via-manuelpgs,,2026-04-28T06:49:00,2026-04-28T06:49:00,1
100920,56301,62,DO,4102,09,,Camarones,full,,,inposdom-via-manuelpgs,,2026-04-28T06:49:00,2026-04-28T06:49:00,1
100921,56302,62,DO,4102,09,,Palma Herrera,full,,,inposdom-via-manuelpgs,,2026-04-28T06:49:00,2026-04-28T06:49:00,1
100922,56303,62,DO,4102,09,,Rancho de Los Platanos,full,,,inposdom-via-manuelpgs,,2026-04-28T06:49:00,2026-04-28T06:49:00,1
100923,56401,62,DO,4102,09,,Jamao Al Norte,full,,,inposdom-via-manuelpgs,,2026-04-28T06:49:00,2026-04-28T06:49:00,1
100924,56402,62,DO,4102,09,,Jamao Al Sur,full,,,inposdom-via-manuelpgs,,2026-04-28T06:49:00,2026-04-28T06:49:00,1
100925,56403,62,DO,4102,09,,Los Brazos,full,,,inposdom-via-manuelpgs,,2026-04-28T06:49:00,2026-04-28T06:49:00,1
100926,56501,62,DO,4102,09,,San Victor Abajo,full,,,inposdom-via-manuelpgs,,2026-04-28T06:49:00,2026-04-28T06:49:00,1
100927,56502,62,DO,4102,09,,Los Amaceyes Arriba,full,,,inposdom-via-manuelpgs,,2026-04-28T06:49:00,2026-04-28T06:49:00,1
100928,56503,62,DO,4102,09,,Puesto Grande,full,,,inposdom-via-manuelpgs,,2026-04-28T06:49:00,2026-04-28T06:49:00,1
100929,56504,62,DO,4102,09,,La Ceiba de Madera,full,,,inposdom-via-manuelpgs,,2026-04-28T06:49:00,2026-04-28T06:49:00,1
100930,56601,62,DO,4102,09,,El Higuero,full,,,inposdom-via-manuelpgs,,2026-04-28T06:49:00,2026-04-28T06:49:00,1
100931,56602,62,DO,4102,09,,Jagua Clara,full,,,inposdom-via-manuelpgs,,2026-04-28T06:49:00,2026-04-28T06:49:00,1
100932,56603,62,DO,4102,09,,La Piragua,full,,,inposdom-via-manuelpgs,,2026-04-28T06:49:00,2026-04-28T06:49:00,1
100933,57001,62,DO,4092,18,,El Copey,full,,,inposdom-via-manuelpgs,,2026-04-28T06:49:00,2026-04-28T06:49:00,1
100934,57002,62,DO,4092,18,,Los Mameyes,full,,,inposdom-via-manuelpgs,,2026-04-28T06:49:00,2026-04-28T06:49:00,1
100935,57003,62,DO,4092,18,,Maimn,full,,,inposdom-via-manuelpgs,,2026-04-28T06:49:00,2026-04-28T06:49:00,1
100936,57004,62,DO,4092,18,,Sabana Grande,full,,,inposdom-via-manuelpgs,,2026-04-28T06:49:00,2026-04-28T06:49:00,1
100937,57005,62,DO,4092,18,,Tubagua,full,,,inposdom-via-manuelpgs,,2026-04-28T06:49:00,2026-04-28T06:49:00,1
100938,57006,62,DO,4092,18,,Yasica Abajo,full,,,inposdom-via-manuelpgs,,2026-04-28T06:49:00,2026-04-28T06:49:00,1
100939,57007,62,DO,4092,18,,El Toro,full,,,inposdom-via-manuelpgs,,2026-04-28T06:49:00,2026-04-28T06:49:00,1
100940,57011,62,DO,4092,18,,Barrio El Avispero,full,,,inposdom-via-manuelpgs,,2026-04-28T06:49:00,2026-04-28T06:49:00,1
100941,57011,62,DO,4092,18,,Barrio Loa Mameyes,full,,,inposdom-via-manuelpgs,,2026-04-28T06:49:00,2026-04-28T06:49:00,1
100942,57011,62,DO,4092,18,,Barrio Loa Sufridos,full,,,inposdom-via-manuelpgs,,2026-04-28T06:49:00,2026-04-28T06:49:00,1
100943,57011,62,DO,4092,18,,Barrio Los Bordas,full,,,inposdom-via-manuelpgs,,2026-04-28T06:49:00,2026-04-28T06:49:00,1
100944,57011,62,DO,4092,18,,Barrio Violon,full,,,inposdom-via-manuelpgs,,2026-04-28T06:49:00,2026-04-28T06:49:00,1
100945,57011,62,DO,4092,18,,Padre Las Casas,full,,,inposdom-via-manuelpgs,,2026-04-28T06:49:00,2026-04-28T06:49:00,1
100946,57011,62,DO,4092,18,,Reparto Oliva,full,,,inposdom-via-manuelpgs,,2026-04-28T06:49:00,2026-04-28T06:49:00,1
100947,57021,62,DO,4092,18,,Barrio Cristo Rey,full,,,inposdom-via-manuelpgs,,2026-04-28T06:49:00,2026-04-28T06:49:00,1
100948,57021,62,DO,4092,18,,Barrio Cuzada de Amor,full,,,inposdom-via-manuelpgs,,2026-04-28T06:49:00,2026-04-28T06:49:00,1
100949,57021,62,DO,4092,18,,Barrio Las Yaguitas,full,,,inposdom-via-manuelpgs,,2026-04-28T06:49:00,2026-04-28T06:49:00,1
100950,57021,62,DO,4092,18,,Barrio Mirador Sur,full,,,inposdom-via-manuelpgs,,2026-04-28T06:49:00,2026-04-28T06:49:00,1
100951,57021,62,DO,4092,18,,Urb. El Cerro,full,,,inposdom-via-manuelpgs,,2026-04-28T06:49:00,2026-04-28T06:49:00,1
100952,57021,62,DO,4092,18,,Urbbanizacion Reyes,full,,,inposdom-via-manuelpgs,,2026-04-28T06:49:00,2026-04-28T06:49:00,1
100953,57031,62,DO,4092,18,,Sabana Grande,full,,,inposdom-via-manuelpgs,,2026-04-28T06:49:00,2026-04-28T06:49:00,1
100954,57041,62,DO,4092,18,,Urb. Buenaventura,full,,,inposdom-via-manuelpgs,,2026-04-28T06:49:00,2026-04-28T06:49:00,1
100955,57041,62,DO,4092,18,,Urb. La Estancia,full,,,inposdom-via-manuelpgs,,2026-04-28T06:49:00,2026-04-28T06:49:00,1
100956,57041,62,DO,4092,18,,Urb. Torre Alta,full,,,inposdom-via-manuelpgs,,2026-04-28T06:49:00,2026-04-28T06:49:00,1
100957,57061,62,DO,4092,18,,Urb. Arceno Urtado,full,,,inposdom-via-manuelpgs,,2026-04-28T06:49:00,2026-04-28T06:49:00,1
100958,57061,62,DO,4092,18,,Urb. Costa Atlantica,full,,,inposdom-via-manuelpgs,,2026-04-28T06:49:00,2026-04-28T06:49:00,1
100959,57071,62,DO,4092,18,,Urb. Bayardo,full,,,inposdom-via-manuelpgs,,2026-04-28T06:49:00,2026-04-28T06:49:00,1
100960,57071,62,DO,4092,18,,Urb. Juan Brugal,full,,,inposdom-via-manuelpgs,,2026-04-28T06:49:00,2026-04-28T06:49:00,1
100961,57081,62,DO,4092,18,,Ensanche Loa Castillos,full,,,inposdom-via-manuelpgs,,2026-04-28T06:49:00,2026-04-28T06:49:00,1
100962,57081,62,DO,4092,18,,Ensanche Luperon,full,,,inposdom-via-manuelpgs,,2026-04-28T06:49:00,2026-04-28T06:49:00,1
100963,57091,62,DO,4092,18,,Barrio Arenoso,full,,,inposdom-via-manuelpgs,,2026-04-28T06:49:00,2026-04-28T06:49:00,1
100964,57091,62,DO,4092,18,,Barrio La Zona,full,,,inposdom-via-manuelpgs,,2026-04-28T06:49:00,2026-04-28T06:49:00,1
100965,57091,62,DO,4092,18,,Barrrio Loa Guandules,full,,,inposdom-via-manuelpgs,,2026-04-28T06:49:00,2026-04-28T06:49:00,1
100966,57091,62,DO,4092,18,,Ens. Miramar,full,,,inposdom-via-manuelpgs,,2026-04-28T06:49:00,2026-04-28T06:49:00,1
100967,57091,62,DO,4092,18,,Urb. Reyes Caminero,full,,,inposdom-via-manuelpgs,,2026-04-28T06:49:00,2026-04-28T06:49:00,1
100968,57101,62,DO,4092,18,,Barrio Eduardo Brito,full,,,inposdom-via-manuelpgs,,2026-04-28T06:49:00,2026-04-28T06:49:00,1
100969,57101,62,DO,4092,18,,Barrio La Rigola,full,,,inposdom-via-manuelpgs,,2026-04-28T06:49:00,2026-04-28T06:49:00,1
100970,57101,62,DO,4092,18,,Candelon,full,,,inposdom-via-manuelpgs,,2026-04-28T06:49:00,2026-04-28T06:49:00,1
100971,57101,62,DO,4092,18,,Escalera,full,,,inposdom-via-manuelpgs,,2026-04-28T06:49:00,2026-04-28T06:49:00,1
100972,57102,62,DO,4092,18,,Higuero,full,,,inposdom-via-manuelpgs,,2026-04-28T06:49:00,2026-04-28T06:49:00,1
100973,57102,62,DO,4092,18,,Las Isabela,full,,,inposdom-via-manuelpgs,,2026-04-28T06:49:00,2026-04-28T06:49:00,1
100974,57103,62,DO,4092,18,,Los Llanos,full,,,inposdom-via-manuelpgs,,2026-04-28T06:49:00,2026-04-28T06:49:00,1
100975,57104,62,DO,4092,18,,Palmar Grande,full,,,inposdom-via-manuelpgs,,2026-04-28T06:49:00,2026-04-28T06:49:00,1
100976,57105,62,DO,4092,18,,El Mamey,full,,,inposdom-via-manuelpgs,,2026-04-28T06:49:00,2026-04-28T06:49:00,1
100977,57106,62,DO,4092,18,,Pescado Bono,full,,,inposdom-via-manuelpgs,,2026-04-28T06:49:00,2026-04-28T06:49:00,1
100978,57107,62,DO,4092,18,,Caada Honda,full,,,inposdom-via-manuelpgs,,2026-04-28T06:49:00,2026-04-28T06:49:00,1
100979,57111,62,DO,4092,18,,Bahia de Puerto Plata,full,,,inposdom-via-manuelpgs,,2026-04-28T06:49:00,2026-04-28T06:49:00,1
100980,57111,62,DO,4092,18,,Barrio Dubeau,full,,,inposdom-via-manuelpgs,,2026-04-28T06:49:00,2026-04-28T06:49:00,1
100981,57111,62,DO,4092,18,,Barrio La Viara,full,,,inposdom-via-manuelpgs,,2026-04-28T06:49:00,2026-04-28T06:49:00,1
100982,57111,62,DO,4092,18,,Barrio Playa Oeste,full,,,inposdom-via-manuelpgs,,2026-04-28T06:49:00,2026-04-28T06:49:00,1
100983,57121,62,DO,4092,18,,Barrio Haiti,full,,,inposdom-via-manuelpgs,,2026-04-28T06:49:00,2026-04-28T06:49:00,1
100984,57121,62,DO,4092,18,,Barrio Las Mercedes,full,,,inposdom-via-manuelpgs,,2026-04-28T06:49:00,2026-04-28T06:49:00,1
100985,57121,62,DO,4092,18,,Barrio Los Coquitos,full,,,inposdom-via-manuelpgs,,2026-04-28T06:49:00,2026-04-28T06:49:00,1
100986,57121,62,DO,4092,18,,Urb. Gregorio Luperon,full,,,inposdom-via-manuelpgs,,2026-04-28T06:49:00,2026-04-28T06:49:00,1
100987,57131,62,DO,4092,18,,Urb. Costabar,full,,,inposdom-via-manuelpgs,,2026-04-28T06:49:00,2026-04-28T06:49:00,1
100988,57131,62,DO,4092,18,,Zona Franca Industrial,full,,,inposdom-via-manuelpgs,,2026-04-28T06:49:00,2026-04-28T06:49:00,1
100989,57141,62,DO,4092,18,,Sector Sin Nombre,full,,,inposdom-via-manuelpgs,,2026-04-28T06:49:00,2026-04-28T06:49:00,1
100990,57151,62,DO,4092,18,,Barrio Habitad,full,,,inposdom-via-manuelpgs,,2026-04-28T06:49:00,2026-04-28T06:49:00,1
100991,57151,62,DO,4092,18,,Barrio Los Rieles,full,,,inposdom-via-manuelpgs,,2026-04-28T06:49:00,2026-04-28T06:49:00,1
100992,57151,62,DO,4092,18,,Barrio Los Silos Del Norte,full,,,inposdom-via-manuelpgs,,2026-04-28T06:49:00,2026-04-28T06:49:00,1
100993,57151,62,DO,4092,18,,Barrio San Marcos,full,,,inposdom-via-manuelpgs,,2026-04-28T06:49:00,2026-04-28T06:49:00,1
100994,57151,62,DO,4092,18,,Monasterio Monte,full,,,inposdom-via-manuelpgs,,2026-04-28T06:49:00,2026-04-28T06:49:00,1
100995,57151,62,DO,4092,18,,Urb. Cuesta Amarilla,full,,,inposdom-via-manuelpgs,,2026-04-28T06:49:00,2026-04-28T06:49:00,1
100996,57161,62,DO,4092,18,,Barrio Altos de Chavon,full,,,inposdom-via-manuelpgs,,2026-04-28T06:49:00,2026-04-28T06:49:00,1
100997,57161,62,DO,4092,18,,Barrio Los Dominguez,full,,,inposdom-via-manuelpgs,,2026-04-28T06:49:00,2026-04-28T06:49:00,1
100998,57161,62,DO,4092,18,,Barrio Los Limones,full,,,inposdom-via-manuelpgs,,2026-04-28T06:49:00,2026-04-28T06:49:00,1
100999,57161,62,DO,4092,18,,Urb. Ortega Brugal,full,,,inposdom-via-manuelpgs,,2026-04-28T06:49:00,2026-04-28T06:49:00,1
101000,57171,62,DO,4092,18,,Urb. Ginebra Arzeno,full,,,inposdom-via-manuelpgs,,2026-04-28T06:49:00,2026-04-28T06:49:00,1
101001,57171,62,DO,4092,18,,Villa Progreso,full,,,inposdom-via-manuelpgs,,2026-04-28T06:49:00,2026-04-28T06:49:00,1
101002,57201,62,DO,4092,18,,Fundacion,full,,,inposdom-via-manuelpgs,,2026-04-28T06:49:00,2026-04-28T06:49:00,1
101003,57202,62,DO,4092,18,,5,full,,,inposdom-via-manuelpgs,,2026-04-28T06:49:00,2026-04-28T06:49:00,1
101004,57203,62,DO,4092,18,,La Cabirma,full,,,inposdom-via-manuelpgs,,2026-04-28T06:49:00,2026-04-28T06:49:00,1
101005,57204,62,DO,4092,18,,Hoya Grande,full,,,inposdom-via-manuelpgs,,2026-04-28T06:49:00,2026-04-28T06:49:00,1
101006,57205,62,DO,4092,18,,Paradero,full,,,inposdom-via-manuelpgs,,2026-04-28T06:49:00,2026-04-28T06:49:00,1
101007,57206,62,DO,4092,18,,Rancho Viejo,full,,,inposdom-via-manuelpgs,,2026-04-28T06:49:00,2026-04-28T06:49:00,1
101008,57301,62,DO,4092,18,,Cabia,full,,,inposdom-via-manuelpgs,,2026-04-28T06:49:00,2026-04-28T06:49:00,1
101009,57302,62,DO,4092,18,,Caonabo,full,,,inposdom-via-manuelpgs,,2026-04-28T06:49:00,2026-04-28T06:49:00,1
101010,57303,62,DO,4092,18,,Las Canas,full,,,inposdom-via-manuelpgs,,2026-04-28T06:49:00,2026-04-28T06:49:00,1
101011,57304,62,DO,4092,18,,Prez,full,,,inposdom-via-manuelpgs,,2026-04-28T06:49:00,2026-04-28T06:49:00,1
101012,57305,62,DO,4092,18,,Saballo,full,,,inposdom-via-manuelpgs,,2026-04-28T06:49:00,2026-04-28T06:49:00,1
101013,57401,62,DO,4092,18,,Marmolesjos,full,,,inposdom-via-manuelpgs,,2026-04-28T06:49:00,2026-04-28T06:49:00,1
101014,57402,62,DO,4092,18,,Unijica,full,,,inposdom-via-manuelpgs,,2026-04-28T06:49:00,2026-04-28T06:49:00,1
101015,57501,62,DO,4092,18,,Cambiaso,full,,,inposdom-via-manuelpgs,,2026-04-28T06:49:00,2026-04-28T06:49:00,1
101016,57502,62,DO,4092,18,,El Higo,full,,,inposdom-via-manuelpgs,,2026-04-28T06:49:00,2026-04-28T06:49:00,1
101017,57503,62,DO,4092,18,,El Estrecho,full,,,inposdom-via-manuelpgs,,2026-04-28T06:49:00,2026-04-28T06:49:00,1
101018,57504,62,DO,4092,18,,La Sabana,full,,,inposdom-via-manuelpgs,,2026-04-28T06:49:00,2026-04-28T06:49:00,1
101019,57505,62,DO,4092,18,,Los Bellosos,full,,,inposdom-via-manuelpgs,,2026-04-28T06:49:00,2026-04-28T06:49:00,1
101020,57506,62,DO,4092,18,,Ranchito de Los Vargas,full,,,inposdom-via-manuelpgs,,2026-04-28T06:49:00,2026-04-28T06:49:00,1
101021,57601,62,DO,4092,18,,Madre Vieja,full,,,inposdom-via-manuelpgs,,2026-04-28T06:49:00,2026-04-28T06:49:00,1
101022,57602,62,DO,4092,18,,Sabaneta de Cangrejo,full,,,inposdom-via-manuelpgs,,2026-04-28T06:49:00,2026-04-28T06:49:00,1
101023,57603,62,DO,4092,18,,Sabaneta de Ysica,full,,,inposdom-via-manuelpgs,,2026-04-28T06:49:00,2026-04-28T06:49:00,1
101024,57604,62,DO,4092,18,,Cabarete,full,,,inposdom-via-manuelpgs,,2026-04-28T06:49:00,2026-04-28T06:49:00,1
101025,57701,62,DO,4092,18,,Gualete,full,,,inposdom-via-manuelpgs,,2026-04-28T06:49:00,2026-04-28T06:49:00,1
101026,57702,62,DO,4092,18,,La Jaiba,full,,,inposdom-via-manuelpgs,,2026-04-28T06:49:00,2026-04-28T06:49:00,1
101027,57703,62,DO,4092,18,,Las Guaranas,full,,,inposdom-via-manuelpgs,,2026-04-28T06:49:00,2026-04-28T06:49:00,1
101028,57801,62,DO,4092,18,,Boca Nueva,full,,,inposdom-via-manuelpgs,,2026-04-28T06:49:00,2026-04-28T06:49:00,1
101029,57802,62,DO,4092,18,,Cangrejo,full,,,inposdom-via-manuelpgs,,2026-04-28T06:49:00,2026-04-28T06:49:00,1
101030,57803,62,DO,4092,18,,Caraballo,full,,,inposdom-via-manuelpgs,,2026-04-28T06:49:00,2026-04-28T06:49:00,1
101031,57804,62,DO,4092,18,,Los Ciruelos,full,,,inposdom-via-manuelpgs,,2026-04-28T06:49:00,2026-04-28T06:49:00,1
101032,57805,62,DO,4092,18,,Mozavi,full,,,inposdom-via-manuelpgs,,2026-04-28T06:49:00,2026-04-28T06:49:00,1
101033,57901,62,DO,4092,18,,Los Pinos,full,,,inposdom-via-manuelpgs,,2026-04-28T06:49:00,2026-04-28T06:49:00,1
101034,57902,62,DO,4092,18,,Rancho Manuel,full,,,inposdom-via-manuelpgs,,2026-04-28T06:49:00,2026-04-28T06:49:00,1
101035,61001,62,DO,4104,27,,Barrio Coral Gissel,full,,,inposdom-via-manuelpgs,,2026-04-28T06:49:00,2026-04-28T06:49:00,1
101036,61001,62,DO,4104,27,,Barrio Desiderio Aria,full,,,inposdom-via-manuelpgs,,2026-04-28T06:49:00,2026-04-28T06:49:00,1
101037,61001,62,DO,4104,27,,Barrio La Codal,full,,,inposdom-via-manuelpgs,,2026-04-28T06:49:00,2026-04-28T06:49:00,1
101038,61001,62,DO,4104,27,,Barrio Los Medicos,full,,,inposdom-via-manuelpgs,,2026-04-28T06:49:00,2026-04-28T06:49:00,1
101039,61001,62,DO,4104,27,,Barrio Obras Publicas,full,,,inposdom-via-manuelpgs,,2026-04-28T06:49:00,2026-04-28T06:49:00,1
101040,61001,62,DO,4104,27,,El Aserradero,full,,,inposdom-via-manuelpgs,,2026-04-28T06:49:00,2026-04-28T06:49:00,1
101041,61001,62,DO,4104,27,,Jaibon,full,,,inposdom-via-manuelpgs,,2026-04-28T06:49:00,2026-04-28T06:49:00,1
101042,61001,62,DO,4104,27,,Los Laureles,full,,,inposdom-via-manuelpgs,,2026-04-28T06:49:00,2026-04-28T06:49:00,1
101043,61001,62,DO,4104,27,,Villa Olimpica,full,,,inposdom-via-manuelpgs,,2026-04-28T06:49:00,2026-04-28T06:49:00,1
101044,61002,62,DO,4104,27,,Barrio La Cuarenta,full,,,inposdom-via-manuelpgs,,2026-04-28T06:49:00,2026-04-28T06:49:00,1
101045,61002,62,DO,4104,27,,Barrio Las 300,full,,,inposdom-via-manuelpgs,,2026-04-28T06:49:00,2026-04-28T06:49:00,1
101046,61002,62,DO,4104,27,,Barrio Maria Auxiliadora,full,,,inposdom-via-manuelpgs,,2026-04-28T06:49:00,2026-04-28T06:49:00,1
101047,61002,62,DO,4104,27,,Barrio Pericles,full,,,inposdom-via-manuelpgs,,2026-04-28T06:49:00,2026-04-28T06:49:00,1
101048,61002,62,DO,4104,27,,Barrio San Antonio,full,,,inposdom-via-manuelpgs,,2026-04-28T06:49:00,2026-04-28T06:49:00,1
101049,61002,62,DO,4104,27,,Barrio de Oficiales E.n,full,,,inposdom-via-manuelpgs,,2026-04-28T06:49:00,2026-04-28T06:49:00,1
101050,61002,62,DO,4104,27,,Barriolos Cajuiles,full,,,inposdom-via-manuelpgs,,2026-04-28T06:49:00,2026-04-28T06:49:00,1
101051,61002,62,DO,4104,27,,Los Quemados,full,,,inposdom-via-manuelpgs,,2026-04-28T06:49:00,2026-04-28T06:49:00,1
101052,61002,62,DO,4104,27,,Res. Los Querubines,full,,,inposdom-via-manuelpgs,,2026-04-28T06:49:00,2026-04-28T06:49:00,1
101053,61002,62,DO,4104,27,,Villa Bogaert,full,,,inposdom-via-manuelpgs,,2026-04-28T06:49:00,2026-04-28T06:49:00,1
101054,61003,62,DO,4104,27,,Barrio Calorina,full,,,inposdom-via-manuelpgs,,2026-04-28T06:49:00,2026-04-28T06:49:00,1
101055,61003,62,DO,4104,27,,Barrio La Hora de Dios,full,,,inposdom-via-manuelpgs,,2026-04-28T06:49:00,2026-04-28T06:49:00,1
101056,61003,62,DO,4104,27,,Barrio Las Flores,full,,,inposdom-via-manuelpgs,,2026-04-28T06:49:00,2026-04-28T06:49:00,1
101057,61003,62,DO,4104,27,,Barrio Los Cayucos,full,,,inposdom-via-manuelpgs,,2026-04-28T06:49:00,2026-04-28T06:49:00,1
101058,61003,62,DO,4104,27,,Bello Atardeser,full,,,inposdom-via-manuelpgs,,2026-04-28T06:49:00,2026-04-28T06:49:00,1
101059,61003,62,DO,4104,27,,Brisa Del Norte,full,,,inposdom-via-manuelpgs,,2026-04-28T06:49:00,2026-04-28T06:49:00,1
101060,61003,62,DO,4104,27,,Buenos Aires,full,,,inposdom-via-manuelpgs,,2026-04-28T06:49:00,2026-04-28T06:49:00,1
101061,61003,62,DO,4104,27,,Caada de Piedra,full,,,inposdom-via-manuelpgs,,2026-04-28T06:49:00,2026-04-28T06:49:00,1
101062,61003,62,DO,4104,27,,Centro de la Ciudad,full,,,inposdom-via-manuelpgs,,2026-04-28T06:49:00,2026-04-28T06:49:00,1
101063,61003,62,DO,4104,27,,Cerro Marino,full,,,inposdom-via-manuelpgs,,2026-04-28T06:49:00,2026-04-28T06:49:00,1
101064,61003,62,DO,4104,27,,Guatapanal,full,,,inposdom-via-manuelpgs,,2026-04-28T06:49:00,2026-04-28T06:49:00,1
101065,61003,62,DO,4104,27,,Villa Diego,full,,,inposdom-via-manuelpgs,,2026-04-28T06:49:00,2026-04-28T06:49:00,1
101066,61004,62,DO,4104,27,,Barrio El Hatico,full,,,inposdom-via-manuelpgs,,2026-04-28T06:49:00,2026-04-28T06:49:00,1
101067,61004,62,DO,4104,27,,Barrio El Tronco,full,,,inposdom-via-manuelpgs,,2026-04-28T06:49:00,2026-04-28T06:49:00,1
101068,61004,62,DO,4104,27,,Barrio Enriquillo,full,,,inposdom-via-manuelpgs,,2026-04-28T06:49:00,2026-04-28T06:49:00,1
101069,61004,62,DO,4104,27,,Barrio Militar,full,,,inposdom-via-manuelpgs,,2026-04-28T06:49:00,2026-04-28T06:49:00,1
101070,61004,62,DO,4104,27,,Barrio Rincon,full,,,inposdom-via-manuelpgs,,2026-04-28T06:49:00,2026-04-28T06:49:00,1
101071,61004,62,DO,4104,27,,El Batey,full,,,inposdom-via-manuelpgs,,2026-04-28T06:49:00,2026-04-28T06:49:00,1
101072,61004,62,DO,4104,27,,Potrero,full,,,inposdom-via-manuelpgs,,2026-04-28T06:49:00,2026-04-28T06:49:00,1
101073,61004,62,DO,4104,27,,Yerba de Guinea,full,,,inposdom-via-manuelpgs,,2026-04-28T06:49:00,2026-04-28T06:49:00,1
101074,61005,62,DO,4104,27,,Hundidero,full,,,inposdom-via-manuelpgs,,2026-04-28T06:49:00,2026-04-28T06:49:00,1
101075,61101,62,DO,4104,27,,Damajagua,full,,,inposdom-via-manuelpgs,,2026-04-28T06:49:00,2026-04-28T06:49:00,1
101076,61102,62,DO,4104,27,,Loma de Damajagua,full,,,inposdom-via-manuelpgs,,2026-04-28T06:49:00,2026-04-28T06:49:00,1
101077,61103,62,DO,4104,27,,Loma Del Aguacate,full,,,inposdom-via-manuelpgs,,2026-04-28T06:49:00,2026-04-28T06:49:00,1
101078,61104,62,DO,4104,27,,Maizal,full,,,inposdom-via-manuelpgs,,2026-04-28T06:49:00,2026-04-28T06:49:00,1
101079,61105,62,DO,4104,27,,Peuela,full,,,inposdom-via-manuelpgs,,2026-04-28T06:49:00,2026-04-28T06:49:00,1
101080,61106,62,DO,4104,27,,Villa Heneken,full,,,inposdom-via-manuelpgs,,2026-04-28T06:49:00,2026-04-28T06:49:00,1
101081,61107,62,DO,4104,27,,Loma de Maimn,full,,,inposdom-via-manuelpgs,,2026-04-28T06:49:00,2026-04-28T06:49:00,1
101082,61201,62,DO,4104,27,,Guayacanes,full,,,inposdom-via-manuelpgs,,2026-04-28T06:49:00,2026-04-28T06:49:00,1
101083,61202,62,DO,4104,27,,La Caya,full,,,inposdom-via-manuelpgs,,2026-04-28T06:49:00,2026-04-28T06:49:00,1
101084,61203,62,DO,4104,27,,Ranchete,full,,,inposdom-via-manuelpgs,,2026-04-28T06:49:00,2026-04-28T06:49:00,1
101085,61204,62,DO,4104,27,,Jaibon,full,,,inposdom-via-manuelpgs,,2026-04-28T06:49:00,2026-04-28T06:49:00,1
101086,61301,62,DO,4104,27,,Amina,full,,,inposdom-via-manuelpgs,,2026-04-28T06:49:00,2026-04-28T06:49:00,1
101087,61302,62,DO,4104,27,,Entrada de Mao,full,,,inposdom-via-manuelpgs,,2026-04-28T06:49:00,2026-04-28T06:49:00,1
101088,62001,62,DO,4115,15,,Altos de la Palomas,full,,,inposdom-via-manuelpgs,,2026-04-28T06:49:00,2026-04-28T06:49:00,1
101089,62001,62,DO,4115,15,,Barrio Salomon Jorge,full,,,inposdom-via-manuelpgs,,2026-04-28T06:49:00,2026-04-28T06:49:00,1
101090,62001,62,DO,4115,15,,Bella Vista,full,,,inposdom-via-manuelpgs,,2026-04-28T06:49:00,2026-04-28T06:49:00,1
101091,62001,62,DO,4115,15,,El Rincon,full,,,inposdom-via-manuelpgs,,2026-04-28T06:49:00,2026-04-28T06:49:00,1
101092,62001,62,DO,4115,15,,Los Angeles,full,,,inposdom-via-manuelpgs,,2026-04-28T06:49:00,2026-04-28T06:49:00,1
101093,62001,62,DO,4115,15,,Los Jazmines,full,,,inposdom-via-manuelpgs,,2026-04-28T06:49:00,2026-04-28T06:49:00,1
101094,62001,62,DO,4115,15,,Mejoramiento Social,full,,,inposdom-via-manuelpgs,,2026-04-28T06:49:00,2026-04-28T06:49:00,1
101095,62001,62,DO,4115,15,,Salinas,full,,,inposdom-via-manuelpgs,,2026-04-28T06:49:00,2026-04-28T06:49:00,1
101096,62002,62,DO,4115,15,,Barrio Francisco Javier,full,,,inposdom-via-manuelpgs,,2026-04-28T06:49:00,2026-04-28T06:49:00,1
101097,62002,62,DO,4115,15,,Barrio La Aviacion,full,,,inposdom-via-manuelpgs,,2026-04-28T06:49:00,2026-04-28T06:49:00,1
101098,62002,62,DO,4115,15,,Barrio Las Flores,full,,,inposdom-via-manuelpgs,,2026-04-28T06:49:00,2026-04-28T06:49:00,1
101099,62002,62,DO,4115,15,,Barrio San Fernando,full,,,inposdom-via-manuelpgs,,2026-04-28T06:49:00,2026-04-28T06:49:00,1
101100,62002,62,DO,4115,15,,Barrio San Pedro,full,,,inposdom-via-manuelpgs,,2026-04-28T06:49:00,2026-04-28T06:49:00,1
101101,62002,62,DO,4115,15,,Centro de la Ciudad,full,,,inposdom-via-manuelpgs,,2026-04-28T06:49:00,2026-04-28T06:49:00,1
101102,62002,62,DO,4115,15,,Cerros de San Pedro,full,,,inposdom-via-manuelpgs,,2026-04-28T06:49:00,2026-04-28T06:49:00,1
101103,62002,62,DO,4115,15,,Cristo Rey,full,,,inposdom-via-manuelpgs,,2026-04-28T06:49:00,2026-04-28T06:49:00,1
101104,62002,62,DO,4115,15,,Guatapanal,full,,,inposdom-via-manuelpgs,,2026-04-28T06:49:00,2026-04-28T06:49:00,1
101105,62002,62,DO,4115,15,,Las Aguas,full,,,inposdom-via-manuelpgs,,2026-04-28T06:49:00,2026-04-28T06:49:00,1
101106,62002,62,DO,4115,15,,Las Colinas,full,,,inposdom-via-manuelpgs,,2026-04-28T06:49:00,2026-04-28T06:49:00,1
101107,62003,62,DO,4115,15,,Las Peas,full,,,inposdom-via-manuelpgs,,2026-04-28T06:49:00,2026-04-28T06:49:00,1
101108,62004,62,DO,4115,15,,El Duro,full,,,inposdom-via-manuelpgs,,2026-04-28T06:49:00,2026-04-28T06:49:00,1
101109,62005,62,DO,4115,15,,Baitoal,full,,,inposdom-via-manuelpgs,,2026-04-28T06:49:00,2026-04-28T06:49:00,1
101110,62101,62,DO,4115,15,,El Ahogado,full,,,inposdom-via-manuelpgs,,2026-04-28T06:49:00,2026-04-28T06:49:00,1
101111,62102,62,DO,4115,15,,Lomas de Castauela,full,,,inposdom-via-manuelpgs,,2026-04-28T06:49:00,2026-04-28T06:49:00,1
101112,62103,62,DO,4115,15,,Castauelas,full,,,inposdom-via-manuelpgs,,2026-04-28T06:49:00,2026-04-28T06:49:00,1
101113,62104,62,DO,4115,15,,La Magadalena,full,,,inposdom-via-manuelpgs,,2026-04-28T06:49:00,2026-04-28T06:49:00,1
101114,62105,62,DO,4115,15,,El Vigiador,full,,,inposdom-via-manuelpgs,,2026-04-28T06:49:00,2026-04-28T06:49:00,1
101115,62201,62,DO,4115,15,,Cana Chapeton,full,,,inposdom-via-manuelpgs,,2026-04-28T06:49:00,2026-04-28T06:49:00,1
101116,62202,62,DO,4115,15,,Cerro Gordo,full,,,inposdom-via-manuelpgs,,2026-04-28T06:49:00,2026-04-28T06:49:00,1
101117,62203,62,DO,4115,15,,Juan Gmez,full,,,inposdom-via-manuelpgs,,2026-04-28T06:49:00,2026-04-28T06:49:00,1
101118,62204,62,DO,4115,15,,Martin Garcia,full,,,inposdom-via-manuelpgs,,2026-04-28T06:49:00,2026-04-28T06:49:00,1
101119,62205,62,DO,4115,15,,Sabana Cruz,full,,,inposdom-via-manuelpgs,,2026-04-28T06:49:00,2026-04-28T06:49:00,1
101120,62301,62,DO,4115,15,,Los Almaceyes,full,,,inposdom-via-manuelpgs,,2026-04-28T06:49:00,2026-04-28T06:49:00,1
101121,62302,62,DO,4115,15,,La Horca,full,,,inposdom-via-manuelpgs,,2026-04-28T06:49:00,2026-04-28T06:49:00,1
101122,62303,62,DO,4115,15,,Santa Cruz,full,,,inposdom-via-manuelpgs,,2026-04-28T06:49:00,2026-04-28T06:49:00,1
101123,62401,62,DO,4115,15,,Carbonera,full,,,inposdom-via-manuelpgs,,2026-04-28T06:49:00,2026-04-28T06:49:00,1
101124,62402,62,DO,4115,15,,Copey,full,,,inposdom-via-manuelpgs,,2026-04-28T06:49:00,2026-04-28T06:49:00,1
101125,62501,62,DO,4115,15,,Botoncillo,full,,,inposdom-via-manuelpgs,,2026-04-28T06:49:00,2026-04-28T06:49:00,1
101126,62502,62,DO,4115,15,,Los Conucos,full,,,inposdom-via-manuelpgs,,2026-04-28T06:49:00,2026-04-28T06:49:00,1
101127,62503,62,DO,4115,15,,Villa Garcias,full,,,inposdom-via-manuelpgs,,2026-04-28T06:49:00,2026-04-28T06:49:00,1
101128,62601,62,DO,4115,15,,El Copey,full,,,inposdom-via-manuelpgs,,2026-04-28T06:49:00,2026-04-28T06:49:00,1
101129,62602,62,DO,4115,15,,Guajaca,full,,,inposdom-via-manuelpgs,,2026-04-28T06:49:00,2026-04-28T06:49:00,1
101130,62603,62,DO,4115,15,,Hato Del Medio Arriba,full,,,inposdom-via-manuelpgs,,2026-04-28T06:49:00,2026-04-28T06:49:00,1
101131,62604,62,DO,4115,15,,El Papallo,full,,,inposdom-via-manuelpgs,,2026-04-28T06:49:00,2026-04-28T06:49:00,1
101132,62701,62,DO,4115,15,,Hatillo Palma Adentro,full,,,inposdom-via-manuelpgs,,2026-04-28T06:49:00,2026-04-28T06:49:00,1
101133,62702,62,DO,4115,15,,Los Derramadores,full,,,inposdom-via-manuelpgs,,2026-04-28T06:49:00,2026-04-28T06:49:00,1
101134,62703,62,DO,4115,15,,Doa Antonia,full,,,inposdom-via-manuelpgs,,2026-04-28T06:49:00,2026-04-28T06:49:00,1
101135,63001,62,DO,4107,05,,Barrio Benito Moncion,full,,,inposdom-via-manuelpgs,,2026-04-28T06:49:00,2026-04-28T06:49:00,1
101136,63001,62,DO,4107,05,,Caongo Dm,full,,,inposdom-via-manuelpgs,,2026-04-28T06:49:00,2026-04-28T06:49:00,1
101137,63002,62,DO,4107,05,,Cayuco,full,,,inposdom-via-manuelpgs,,2026-04-28T06:49:00,2026-04-28T06:49:00,1
101138,63002,62,DO,4107,05,,Centro de la Ciudad,full,,,inposdom-via-manuelpgs,,2026-04-28T06:49:00,2026-04-28T06:49:00,1
101139,63003,62,DO,4107,05,,Barrio La Esperanza,full,,,inposdom-via-manuelpgs,,2026-04-28T06:49:00,2026-04-28T06:49:00,1
101140,63003,62,DO,4107,05,,Barrio Militar,full,,,inposdom-via-manuelpgs,,2026-04-28T06:49:00,2026-04-28T06:49:00,1
101141,63003,62,DO,4107,05,,Plaza Beller,full,,,inposdom-via-manuelpgs,,2026-04-28T06:49:00,2026-04-28T06:49:00,1
101142,63003,62,DO,4107,05,,Sabana Larga,full,,,inposdom-via-manuelpgs,,2026-04-28T06:49:00,2026-04-28T06:49:00,1
101143,63004,62,DO,4107,05,,Barrio La Fe,full,,,inposdom-via-manuelpgs,,2026-04-28T06:49:00,2026-04-28T06:49:00,1
101144,63004,62,DO,4107,05,,Barrio Nuevo,full,,,inposdom-via-manuelpgs,,2026-04-28T06:49:00,2026-04-28T06:49:00,1
101145,63004,62,DO,4107,05,,Clavelina,full,,,inposdom-via-manuelpgs,,2026-04-28T06:49:00,2026-04-28T06:49:00,1
101146,63101,62,DO,4107,05,,El Aguacate,full,,,inposdom-via-manuelpgs,,2026-04-28T06:49:00,2026-04-28T06:49:00,1
101147,63102,62,DO,4107,05,,Capotillo Dm,full,,,inposdom-via-manuelpgs,,2026-04-28T06:49:00,2026-04-28T06:49:00,1
101148,63103,62,DO,4107,05,,El Cajil,full,,,inposdom-via-manuelpgs,,2026-04-28T06:49:00,2026-04-28T06:49:00,1
101149,63104,62,DO,4107,05,,La Ceyba,full,,,inposdom-via-manuelpgs,,2026-04-28T06:49:00,2026-04-28T06:49:00,1
101150,63105,62,DO,4107,05,,Hipolito Billini,full,,,inposdom-via-manuelpgs,,2026-04-28T06:49:00,2026-04-28T06:49:00,1
101151,63106,62,DO,4107,05,,Monte Grande,full,,,inposdom-via-manuelpgs,,2026-04-28T06:49:00,2026-04-28T06:49:00,1
101152,63107,62,DO,4107,05,,Santiago de la Cruz,full,,,inposdom-via-manuelpgs,,2026-04-28T06:49:00,2026-04-28T06:49:00,1
101153,63201,62,DO,4107,05,,Partido Arriba,full,,,inposdom-via-manuelpgs,,2026-04-28T06:49:00,2026-04-28T06:49:00,1
101154,63202,62,DO,4107,05,,Baca Gorda,full,,,inposdom-via-manuelpgs,,2026-04-28T06:49:00,2026-04-28T06:49:00,1
101155,63203,62,DO,4107,05,,La Gorra,full,,,inposdom-via-manuelpgs,,2026-04-28T06:49:00,2026-04-28T06:49:00,1
101156,63204,62,DO,4107,05,,Chacuey,full,,,inposdom-via-manuelpgs,,2026-04-28T06:49:00,2026-04-28T06:49:00,1
101157,63301,62,DO,4107,05,,Cruz de Cabrera,full,,,inposdom-via-manuelpgs,,2026-04-28T06:49:00,2026-04-28T06:49:00,1
101158,63302,62,DO,4107,05,,El Carrizal,full,,,inposdom-via-manuelpgs,,2026-04-28T06:49:00,2026-04-28T06:49:00,1
101159,63303,62,DO,4107,05,,La Pocilga,full,,,inposdom-via-manuelpgs,,2026-04-28T06:49:00,2026-04-28T06:49:00,1
101160,63304,62,DO,4107,05,,Los Cerezos,full,,,inposdom-via-manuelpgs,,2026-04-28T06:49:00,2026-04-28T06:49:00,1
101161,63401,62,DO,4107,05,,Manuel Bueno Dm,full,,,inposdom-via-manuelpgs,,2026-04-28T06:49:00,2026-04-28T06:49:00,1
101162,63402,62,DO,4107,05,,El Rodeo,full,,,inposdom-via-manuelpgs,,2026-04-28T06:49:00,2026-04-28T06:49:00,1
101163,64001,62,DO,4100,26,,Arroyo Blanco,full,,,inposdom-via-manuelpgs,,2026-04-28T06:49:00,2026-04-28T06:49:00,1
101164,64001,62,DO,4100,26,,Barrio Cambelen,full,,,inposdom-via-manuelpgs,,2026-04-28T06:49:00,2026-04-28T06:49:00,1
101165,64001,62,DO,4100,26,,Barrio La Joya,full,,,inposdom-via-manuelpgs,,2026-04-28T06:49:00,2026-04-28T06:49:00,1
101166,64001,62,DO,4100,26,,Barrio La Manicera,full,,,inposdom-via-manuelpgs,,2026-04-28T06:49:00,2026-04-28T06:49:00,1
101167,64001,62,DO,4100,26,,Barrio Mejoramiento Social,full,,,inposdom-via-manuelpgs,,2026-04-28T06:49:00,2026-04-28T06:49:00,1
101168,64002,62,DO,4100,26,,Barrio Alejandro Bueno,full,,,inposdom-via-manuelpgs,,2026-04-28T06:49:00,2026-04-28T06:49:00,1
101169,64002,62,DO,4100,26,,Barrio El Millon,full,,,inposdom-via-manuelpgs,,2026-04-28T06:49:00,2026-04-28T06:49:00,1
101170,64002,62,DO,4100,26,,Barrio El Tamarindo,full,,,inposdom-via-manuelpgs,,2026-04-28T06:49:00,2026-04-28T06:49:00,1
101171,64002,62,DO,4100,26,,Barrio Las Espinas,full,,,inposdom-via-manuelpgs,,2026-04-28T06:49:00,2026-04-28T06:49:00,1
101172,64002,62,DO,4100,26,,Barrio Los Maestros,full,,,inposdom-via-manuelpgs,,2026-04-28T06:49:00,2026-04-28T06:49:00,1
101173,64002,62,DO,4100,26,,Barrio Simo,full,,,inposdom-via-manuelpgs,,2026-04-28T06:49:00,2026-04-28T06:49:00,1
101174,64002,62,DO,4100,26,,Barriolas Flores,full,,,inposdom-via-manuelpgs,,2026-04-28T06:49:00,2026-04-28T06:49:00,1
101175,64002,62,DO,4100,26,,Centro de la Ciudad,full,,,inposdom-via-manuelpgs,,2026-04-28T06:49:00,2026-04-28T06:49:00,1
101176,64002,62,DO,4100,26,,La Caobas,full,,,inposdom-via-manuelpgs,,2026-04-28T06:49:00,2026-04-28T06:49:00,1
101177,64002,62,DO,4100,26,,Los Tomines,full,,,inposdom-via-manuelpgs,,2026-04-28T06:49:00,2026-04-28T06:49:00,1
101178,64002,62,DO,4100,26,,Urb. Merien,full,,,inposdom-via-manuelpgs,,2026-04-28T06:49:00,2026-04-28T06:49:00,1
101179,64002,62,DO,4100,26,,Villa Polin,full,,,inposdom-via-manuelpgs,,2026-04-28T06:49:00,2026-04-28T06:49:00,1
101180,64003,62,DO,4100,26,,Los Cercadillos,full,,,inposdom-via-manuelpgs,,2026-04-28T06:49:00,2026-04-28T06:49:00,1
101181,64004,62,DO,4100,26,,Clavijo,full,,,inposdom-via-manuelpgs,,2026-04-28T06:49:00,2026-04-28T06:49:00,1
101182,64005,62,DO,4100,26,,Coqui,full,,,inposdom-via-manuelpgs,,2026-04-28T06:49:00,2026-04-28T06:49:00,1
101183,64006,62,DO,4100,26,,Estancia Vieja,full,,,inposdom-via-manuelpgs,,2026-04-28T06:49:00,2026-04-28T06:49:00,1
101184,64007,62,DO,4100,26,,Mata de Jobo,full,,,inposdom-via-manuelpgs,,2026-04-28T06:49:00,2026-04-28T06:49:00,1
101185,64008,62,DO,4100,26,,Palmarejo,full,,,inposdom-via-manuelpgs,,2026-04-28T06:49:00,2026-04-28T06:49:00,1
101186,64009,62,DO,4100,26,,San Jose,full,,,inposdom-via-manuelpgs,,2026-04-28T06:49:00,2026-04-28T06:49:00,1
101187,64010,62,DO,4100,26,,Toma,full,,,inposdom-via-manuelpgs,,2026-04-28T06:49:00,2026-04-28T06:49:00,1
101188,64101,62,DO,4100,26,,La Ceiba de Boneti,full,,,inposdom-via-manuelpgs,,2026-04-28T06:49:00,2026-04-28T06:49:00,1
101189,64102,62,DO,4100,26,,El Dajao,full,,,inposdom-via-manuelpgs,,2026-04-28T06:49:00,2026-04-28T06:49:00,1
101190,64103,62,DO,4100,26,,El Fundo,full,,,inposdom-via-manuelpgs,,2026-04-28T06:49:00,2026-04-28T06:49:00,1
101191,64104,62,DO,4100,26,,Ginita,full,,,inposdom-via-manuelpgs,,2026-04-28T06:49:00,2026-04-28T06:49:00,1
101192,64105,62,DO,4100,26,,Inaje,full,,,inposdom-via-manuelpgs,,2026-04-28T06:49:00,2026-04-28T06:49:00,1
101193,64106,62,DO,4100,26,,La Lona,full,,,inposdom-via-manuelpgs,,2026-04-28T06:49:00,2026-04-28T06:49:00,1
101194,64201,62,DO,4100,26,,El Mamoncito,full,,,inposdom-via-manuelpgs,,2026-04-28T06:49:00,2026-04-28T06:49:00,1
101195,64202,62,DO,4100,26,,Gurado,full,,,inposdom-via-manuelpgs,,2026-04-28T06:49:00,2026-04-28T06:49:00,1
101196,64203,62,DO,4100,26,,La Cacique,full,,,inposdom-via-manuelpgs,,2026-04-28T06:49:00,2026-04-28T06:49:00,1
101197,64204,62,DO,4100,26,,El Rodeo,full,,,inposdom-via-manuelpgs,,2026-04-28T06:49:00,2026-04-28T06:49:00,1
101198,71001,62,DO,4114,02,,Barreras Dm,full,,,inposdom-via-manuelpgs,,2026-04-28T06:49:00,2026-04-28T06:49:00,1
101199,71001,62,DO,4114,02,,Barrio Los Cartones,full,,,inposdom-via-manuelpgs,,2026-04-28T06:49:00,2026-04-28T06:49:00,1
101200,71001,62,DO,4114,02,,Barrio Simon Estridel,full,,,inposdom-via-manuelpgs,,2026-04-28T06:49:00,2026-04-28T06:49:00,1
101201,71001,62,DO,4114,02,,Centro de la Ciudad,full,,,inposdom-via-manuelpgs,,2026-04-28T06:49:00,2026-04-28T06:49:00,1
101202,71001,62,DO,4114,02,,Los Macos,full,,,inposdom-via-manuelpgs,,2026-04-28T06:49:00,2026-04-28T06:49:00,1
101203,71001,62,DO,4114,02,,Los Parceleros,full,,,inposdom-via-manuelpgs,,2026-04-28T06:49:00,2026-04-28T06:49:00,1
101204,71001,62,DO,4114,02,,Pueblo Abajo,full,,,inposdom-via-manuelpgs,,2026-04-28T06:49:00,2026-04-28T06:49:00,1
101205,71001,62,DO,4114,02,,Savica,full,,,inposdom-via-manuelpgs,,2026-04-28T06:49:00,2026-04-28T06:49:00,1
101206,71002,62,DO,4114,02,,Alto de las Flores,full,,,inposdom-via-manuelpgs,,2026-04-28T06:49:00,2026-04-28T06:49:00,1
101207,71002,62,DO,4114,02,,Barrio Buenos Aires,full,,,inposdom-via-manuelpgs,,2026-04-28T06:49:00,2026-04-28T06:49:00,1
101208,71002,62,DO,4114,02,,Barrio El Prado,full,,,inposdom-via-manuelpgs,,2026-04-28T06:49:00,2026-04-28T06:49:00,1
101209,71002,62,DO,4114,02,,Barrio La Frontera,full,,,inposdom-via-manuelpgs,,2026-04-28T06:49:00,2026-04-28T06:49:00,1
101210,71002,62,DO,4114,02,,Barrio Pajarito,full,,,inposdom-via-manuelpgs,,2026-04-28T06:49:00,2026-04-28T06:49:00,1
101211,71002,62,DO,4114,02,,Clavellinas Dm,full,,,inposdom-via-manuelpgs,,2026-04-28T06:49:00,2026-04-28T06:49:00,1
101212,71002,62,DO,4114,02,,La Colonia Espaola,full,,,inposdom-via-manuelpgs,,2026-04-28T06:49:00,2026-04-28T06:49:00,1
101213,71002,62,DO,4114,02,,Mejoramiento Social,full,,,inposdom-via-manuelpgs,,2026-04-28T06:49:00,2026-04-28T06:49:00,1
101214,71003,62,DO,4114,02,,5,full,,,inposdom-via-manuelpgs,,2026-04-28T06:49:00,2026-04-28T06:49:00,1
101215,71003,62,DO,4114,02,,Barrio El Hoyo,full,,,inposdom-via-manuelpgs,,2026-04-28T06:49:00,2026-04-28T06:49:00,1
101216,71003,62,DO,4114,02,,Barrio El Trompo,full,,,inposdom-via-manuelpgs,,2026-04-28T06:49:00,2026-04-28T06:49:00,1
101217,71003,62,DO,4114,02,,Barrio La Bombita,full,,,inposdom-via-manuelpgs,,2026-04-28T06:49:00,2026-04-28T06:49:00,1
101218,71003,62,DO,4114,02,,Barrio La Cuchilla,full,,,inposdom-via-manuelpgs,,2026-04-28T06:49:00,2026-04-28T06:49:00,1
101219,71003,62,DO,4114,02,,NO DISPONIBLE,full,,,inposdom-via-manuelpgs,,2026-04-28T06:49:00,2026-04-28T06:49:00,1
101220,71004,62,DO,4114,02,,Las Lomas Dm,full,,,inposdom-via-manuelpgs,,2026-04-28T06:49:00,2026-04-28T06:49:00,1
101221,71005,62,DO,4114,02,,Los Jobillos Dm,full,,,inposdom-via-manuelpgs,,2026-04-28T06:49:00,2026-04-28T06:49:00,1
101222,71006,62,DO,4114,02,,Puerto Viejo,full,,,inposdom-via-manuelpgs,,2026-04-28T06:49:00,2026-04-28T06:49:00,1
101223,71007,62,DO,4114,02,,Emma Balaguer Vda.b.,full,,,inposdom-via-manuelpgs,,2026-04-28T06:49:00,2026-04-28T06:49:00,1
101224,71008,62,DO,4114,02,,Las Barias Dm,full,,,inposdom-via-manuelpgs,,2026-04-28T06:49:00,2026-04-28T06:49:00,1
101225,71009,62,DO,4114,02,,La Estancia Dm,full,,,inposdom-via-manuelpgs,,2026-04-28T06:49:00,2026-04-28T06:49:00,1
101226,71010,62,DO,4114,02,,Los Ganaderos Dm,full,,,inposdom-via-manuelpgs,,2026-04-28T06:49:00,2026-04-28T06:49:00,1
101227,71011,62,DO,4114,02,,Tabara Abajo Dm,full,,,inposdom-via-manuelpgs,,2026-04-28T06:49:00,2026-04-28T06:49:00,1
101228,71101,62,DO,4114,02,,Barro Arriba Dm,full,,,inposdom-via-manuelpgs,,2026-04-28T06:49:00,2026-04-28T06:49:00,1
101229,71101,62,DO,4114,02,,Pueblo Viejo,full,,,inposdom-via-manuelpgs,,2026-04-28T06:49:00,2026-04-28T06:49:00,1
101230,71102,62,DO,4114,02,,El Naranjito,full,,,inposdom-via-manuelpgs,,2026-04-28T06:49:00,2026-04-28T06:49:00,1
101231,71102,62,DO,4114,02,,El Rosario Dm,full,,,inposdom-via-manuelpgs,,2026-04-28T06:49:00,2026-04-28T06:49:00,1
101232,71201,62,DO,4114,02,,Caada Cimarrona,full,,,inposdom-via-manuelpgs,,2026-04-28T06:49:00,2026-04-28T06:49:00,1
101233,71202,62,DO,4114,02,,Hatillo de Azua Dm,full,,,inposdom-via-manuelpgs,,2026-04-28T06:49:00,2026-04-28T06:49:00,1
101234,71203,62,DO,4114,02,,Palmar de Ocoa Dm,full,,,inposdom-via-manuelpgs,,2026-04-28T06:49:00,2026-04-28T06:49:00,1
101235,71301,62,DO,4114,02,,Hato Nuevo,full,,,inposdom-via-manuelpgs,,2026-04-28T06:49:00,2026-04-28T06:49:00,1
101236,71302,62,DO,4114,02,,Magueyal,full,,,inposdom-via-manuelpgs,,2026-04-28T06:49:00,2026-04-28T06:49:00,1
101237,71303,62,DO,4114,02,,Oregano Grande,full,,,inposdom-via-manuelpgs,,2026-04-28T06:49:00,2026-04-28T06:49:00,1
101238,71304,62,DO,4114,02,,Viajama,full,,,inposdom-via-manuelpgs,,2026-04-28T06:49:00,2026-04-28T06:49:00,1
101239,71305,62,DO,4114,02,,Arroyo Cano Dm,full,,,inposdom-via-manuelpgs,,2026-04-28T06:49:00,2026-04-28T06:49:00,1
101240,71306,62,DO,4114,02,,Las Lagunas Dm,full,,,inposdom-via-manuelpgs,,2026-04-28T06:49:00,2026-04-28T06:49:00,1
101241,71401,62,DO,4114,02,,Las Caitas,full,,,inposdom-via-manuelpgs,,2026-04-28T06:49:00,2026-04-28T06:49:00,1
101242,71402,62,DO,4114,02,,La Siembra Dm,full,,,inposdom-via-manuelpgs,,2026-04-28T06:49:00,2026-04-28T06:49:00,1
101243,71403,62,DO,4114,02,,Monte Bonito,full,,,inposdom-via-manuelpgs,,2026-04-28T06:49:00,2026-04-28T06:49:00,1
101244,71404,62,DO,4114,02,,Villarpando Dm,full,,,inposdom-via-manuelpgs,,2026-04-28T06:49:00,2026-04-28T06:49:00,1
101245,71501,62,DO,4114,02,,El Carrizal,full,,,inposdom-via-manuelpgs,,2026-04-28T06:49:00,2026-04-28T06:49:00,1
101246,71502,62,DO,4114,02,,El Majagual,full,,,inposdom-via-manuelpgs,,2026-04-28T06:49:00,2026-04-28T06:49:00,1
101247,71503,62,DO,4114,02,,Puerto Viejo Dm,full,,,inposdom-via-manuelpgs,,2026-04-28T06:49:00,2026-04-28T06:49:00,1
101248,71601,62,DO,4114,02,,Proyecto 2-C,full,,,inposdom-via-manuelpgs,,2026-04-28T06:49:00,2026-04-28T06:49:00,1
101249,71602,62,DO,4114,02,,Proyecto 4 Dm,full,,,inposdom-via-manuelpgs,,2026-04-28T06:49:00,2026-04-28T06:49:00,1
101250,71603,62,DO,4114,02,,Proyecto D-1,full,,,inposdom-via-manuelpgs,,2026-04-28T06:49:00,2026-04-28T06:49:00,1
101251,71604,62,DO,4114,02,,Tabara Abajo,full,,,inposdom-via-manuelpgs,,2026-04-28T06:49:00,2026-04-28T06:49:00,1
101252,71701,62,DO,4114,02,,Amiama Gmez Dm,full,,,inposdom-via-manuelpgs,,2026-04-28T06:49:00,2026-04-28T06:49:00,1
101253,71702,62,DO,4114,02,,Las Guanabanos,full,,,inposdom-via-manuelpgs,,2026-04-28T06:49:00,2026-04-28T06:49:00,1
101254,71703,62,DO,4114,02,,Los Toros Dm,full,,,inposdom-via-manuelpgs,,2026-04-28T06:49:00,2026-04-28T06:49:00,1
101255,71704,62,DO,4114,02,,Sajanoa,full,,,inposdom-via-manuelpgs,,2026-04-28T06:49:00,2026-04-28T06:49:00,1
101256,71801,62,DO,4114,02,,El Memiso,full,,,inposdom-via-manuelpgs,,2026-04-28T06:49:00,2026-04-28T06:49:00,1
101257,71802,62,DO,4114,02,,Rancho Del Pino,full,,,inposdom-via-manuelpgs,,2026-04-28T06:49:00,2026-04-28T06:49:00,1
101258,71803,62,DO,4114,02,,La China,full,,,inposdom-via-manuelpgs,,2026-04-28T06:49:00,2026-04-28T06:49:00,1
101259,71804,62,DO,4114,02,,Arroyo Colorado,full,,,inposdom-via-manuelpgs,,2026-04-28T06:49:00,2026-04-28T06:49:00,1
101260,71805,62,DO,4114,02,,El Limon,full,,,inposdom-via-manuelpgs,,2026-04-28T06:49:00,2026-04-28T06:49:00,1
101261,71806,62,DO,4114,02,,El Cruce de Estebania,full,,,inposdom-via-manuelpgs,,2026-04-28T06:49:00,2026-04-28T06:49:00,1
101262,71807,62,DO,4114,02,,El 8,full,,,inposdom-via-manuelpgs,,2026-04-28T06:49:00,2026-04-28T06:49:00,1
101263,71808,62,DO,4114,02,,Rio Grande,full,,,inposdom-via-manuelpgs,,2026-04-28T06:49:00,2026-04-28T06:49:00,1
101264,71809,62,DO,4114,02,,Los Quemados,full,,,inposdom-via-manuelpgs,,2026-04-28T06:49:00,2026-04-28T06:49:00,1
101265,71810,62,DO,4114,02,,Sabana de Miguel Martin,full,,,inposdom-via-manuelpgs,,2026-04-28T06:49:00,2026-04-28T06:49:00,1
101266,72001,62,DO,4098,22,,Barrio Guachupita,full,,,inposdom-via-manuelpgs,,2026-04-28T06:49:00,2026-04-28T06:49:00,1
101267,72001,62,DO,4098,22,,Barrio Los Mojados,full,,,inposdom-via-manuelpgs,,2026-04-28T06:49:00,2026-04-28T06:49:00,1
101268,72001,62,DO,4098,22,,Barrio Quija Quieta,full,,,inposdom-via-manuelpgs,,2026-04-28T06:49:00,2026-04-28T06:49:00,1
101269,72001,62,DO,4098,22,,Chalona,full,,,inposdom-via-manuelpgs,,2026-04-28T06:49:00,2026-04-28T06:49:00,1
101270,72001,62,DO,4098,22,,Francisco Del Rosario Sanchesz,full,,,inposdom-via-manuelpgs,,2026-04-28T06:49:00,2026-04-28T06:49:00,1
101271,72001,62,DO,4098,22,,Urb. Manoguayabo,full,,,inposdom-via-manuelpgs,,2026-04-28T06:49:00,2026-04-28T06:49:00,1
101272,72001,62,DO,4098,22,,Villa Flores,full,,,inposdom-via-manuelpgs,,2026-04-28T06:49:00,2026-04-28T06:49:00,1
101273,72002,62,DO,4098,22,,Guanito Dm,full,,,inposdom-via-manuelpgs,,2026-04-28T06:49:00,2026-04-28T06:49:00,1
101274,72002,62,DO,4098,22,,Los Grimgos,full,,,inposdom-via-manuelpgs,,2026-04-28T06:49:00,2026-04-28T06:49:00,1
101275,72002,62,DO,4098,22,,Villa Felicia,full,,,inposdom-via-manuelpgs,,2026-04-28T06:49:00,2026-04-28T06:49:00,1
101276,72002,62,DO,4098,22,,Villa Ofelia,full,,,inposdom-via-manuelpgs,,2026-04-28T06:49:00,2026-04-28T06:49:00,1
101277,72003,62,DO,4098,22,,Centro de la Ciudad,full,,,inposdom-via-manuelpgs,,2026-04-28T06:49:00,2026-04-28T06:49:00,1
101278,72003,62,DO,4098,22,,Ens. La Fe,full,,,inposdom-via-manuelpgs,,2026-04-28T06:49:00,2026-04-28T06:49:00,1
101279,72003,62,DO,4098,22,,Hato Del Padre,full,,,inposdom-via-manuelpgs,,2026-04-28T06:49:00,2026-04-28T06:49:00,1
101280,72004,62,DO,4098,22,,Barrio Cepillo,full,,,inposdom-via-manuelpgs,,2026-04-28T06:49:00,2026-04-28T06:49:00,1
101281,72004,62,DO,4098,22,,Barrio Gualey,full,,,inposdom-via-manuelpgs,,2026-04-28T06:49:00,2026-04-28T06:49:00,1
101282,72004,62,DO,4098,22,,El Baden,full,,,inposdom-via-manuelpgs,,2026-04-28T06:49:00,2026-04-28T06:49:00,1
101283,72004,62,DO,4098,22,,Ens. Anacaona,full,,,inposdom-via-manuelpgs,,2026-04-28T06:49:00,2026-04-28T06:49:00,1
101284,72004,62,DO,4098,22,,Ens. Mesopotamia,full,,,inposdom-via-manuelpgs,,2026-04-28T06:49:00,2026-04-28T06:49:00,1
101285,72004,62,DO,4098,22,,Hato Nuevo,full,,,inposdom-via-manuelpgs,,2026-04-28T06:49:00,2026-04-28T06:49:00,1
101286,72004,62,DO,4098,22,,Los Montes de Oca,full,,,inposdom-via-manuelpgs,,2026-04-28T06:49:00,2026-04-28T06:49:00,1
101287,72005,62,DO,4098,22,,La Jagua,full,,,inposdom-via-manuelpgs,,2026-04-28T06:49:00,2026-04-28T06:49:00,1
101288,72006,62,DO,4098,22,,Las Zanjas,full,,,inposdom-via-manuelpgs,,2026-04-28T06:49:00,2026-04-28T06:49:00,1
101289,72007,62,DO,4098,22,,Caafistol,full,,,inposdom-via-manuelpgs,,2026-04-28T06:49:00,2026-04-28T06:49:00,1
101290,72008,62,DO,4098,22,,Mogollon,full,,,inposdom-via-manuelpgs,,2026-04-28T06:49:00,2026-04-28T06:49:00,1
101291,72009,62,DO,4098,22,,Guazumal,full,,,inposdom-via-manuelpgs,,2026-04-28T06:49:00,2026-04-28T06:49:00,1
101292,72010,62,DO,4098,22,,Pueblo Nuevo,full,,,inposdom-via-manuelpgs,,2026-04-28T06:49:00,2026-04-28T06:49:00,1
101293,72011,62,DO,4098,22,,Rio Arriba Del Norte,full,,,inposdom-via-manuelpgs,,2026-04-28T06:49:00,2026-04-28T06:49:00,1
101294,72012,62,DO,4098,22,,Sabana Alta Dm,full,,,inposdom-via-manuelpgs,,2026-04-28T06:49:00,2026-04-28T06:49:00,1
101295,72013,62,DO,4098,22,,El Rosario Dm,full,,,inposdom-via-manuelpgs,,2026-04-28T06:49:00,2026-04-28T06:49:00,1
101296,72101,62,DO,4098,22,,Arroyo Cano Dm,full,,,inposdom-via-manuelpgs,,2026-04-28T06:49:00,2026-04-28T06:49:00,1
101297,72102,62,DO,4098,22,,Yaque Dm,full,,,inposdom-via-manuelpgs,,2026-04-28T06:49:00,2026-04-28T06:49:00,1
101298,72201,62,DO,4098,22,,Al Pinal,full,,,inposdom-via-manuelpgs,,2026-04-28T06:49:00,2026-04-28T06:49:00,1
101299,72202,62,DO,4098,22,,La Cienega,full,,,inposdom-via-manuelpgs,,2026-04-28T06:49:00,2026-04-28T06:49:00,1
101300,72203,62,DO,4098,22,,Derrumbadero Dm,full,,,inposdom-via-manuelpgs,,2026-04-28T06:49:00,2026-04-28T06:49:00,1
101301,72204,62,DO,4098,22,,Batista Dm,full,,,inposdom-via-manuelpgs,,2026-04-28T06:49:00,2026-04-28T06:49:00,1
101302,72301,62,DO,4098,22,,Jinova Dm,full,,,inposdom-via-manuelpgs,,2026-04-28T06:49:00,2026-04-28T06:49:00,1
101303,72302,62,DO,4098,22,,Sosa,full,,,inposdom-via-manuelpgs,,2026-04-28T06:49:00,2026-04-28T06:49:00,1
101304,72303,62,DO,4098,22,,Los Montones,full,,,inposdom-via-manuelpgs,,2026-04-28T06:49:00,2026-04-28T06:49:00,1
101305,72304,62,DO,4098,22,,Hato Del Padre Dm,full,,,inposdom-via-manuelpgs,,2026-04-28T06:49:00,2026-04-28T06:49:00,1
101306,72305,62,DO,4098,22,,Las Managuas Dm,full,,,inposdom-via-manuelpgs,,2026-04-28T06:49:00,2026-04-28T06:49:00,1
101307,72306,62,DO,4098,22,,Sabaneta Dm,full,,,inposdom-via-manuelpgs,,2026-04-28T06:49:00,2026-04-28T06:49:00,1
101308,72307,62,DO,4098,22,,La Jagua Dm,full,,,inposdom-via-manuelpgs,,2026-04-28T06:49:00,2026-04-28T06:49:00,1
101309,72402,62,DO,4098,22,,Carrera de Yegua Dm,full,,,inposdom-via-manuelpgs,,2026-04-28T06:49:00,2026-04-28T06:49:00,1
101310,72403,62,DO,4098,22,,La Estancia,full,,,inposdom-via-manuelpgs,,2026-04-28T06:49:00,2026-04-28T06:49:00,1
101311,72404,62,DO,4098,22,,Yabonico,full,,,inposdom-via-manuelpgs,,2026-04-28T06:49:00,2026-04-28T06:49:00,1
101312,72405,62,DO,4098,22,,Matayaya Dm,full,,,inposdom-via-manuelpgs,,2026-04-28T06:49:00,2026-04-28T06:49:00,1
101313,72406,62,DO,4098,22,,Babor,full,,,inposdom-via-manuelpgs,,2026-04-28T06:49:00,2026-04-28T06:49:00,1
101314,72407,62,DO,4098,22,,Las Charcas de Maria Nova Dm,full,,,inposdom-via-manuelpgs,,2026-04-28T06:49:00,2026-04-28T06:49:00,1
101315,72408,62,DO,4098,22,,Mabrigida,full,,,inposdom-via-manuelpgs,,2026-04-28T06:49:00,2026-04-28T06:49:00,1
101316,72409,62,DO,4098,22,,Pedro Corto Dm,full,,,inposdom-via-manuelpgs,,2026-04-28T06:49:00,2026-04-28T06:49:00,1
101317,72410,62,DO,4098,22,,Punta Cana,full,,,inposdom-via-manuelpgs,,2026-04-28T06:49:00,2026-04-28T06:49:00,1
101318,72411,62,DO,4098,22,,Pozo Hondo,full,,,inposdom-via-manuelpgs,,2026-04-28T06:49:00,2026-04-28T06:49:00,1
101319,72412,62,DO,4098,22,,Los Ladrillos,full,,,inposdom-via-manuelpgs,,2026-04-28T06:49:00,2026-04-28T06:49:00,1
101320,72413,62,DO,4098,22,,Los Limones,full,,,inposdom-via-manuelpgs,,2026-04-28T06:49:00,2026-04-28T06:49:00,1
101321,72414,62,DO,4098,22,,Sabanecierra,full,,,inposdom-via-manuelpgs,,2026-04-28T06:49:00,2026-04-28T06:49:00,1
101322,72415,62,DO,4098,22,,Los Jovillos,full,,,inposdom-via-manuelpgs,,2026-04-28T06:49:00,2026-04-28T06:49:00,1
101323,72416,62,DO,4098,22,,Catanamatia,full,,,inposdom-via-manuelpgs,,2026-04-28T06:49:00,2026-04-28T06:49:00,1
101324,72417,62,DO,4098,22,,Pan de Azucar,full,,,inposdom-via-manuelpgs,,2026-04-28T06:49:00,2026-04-28T06:49:00,1
101325,72501,62,DO,4098,22,,Jorgillo Dm,full,,,inposdom-via-manuelpgs,,2026-04-28T06:49:00,2026-04-28T06:49:00,1
101326,72502,62,DO,4098,22,,Rio Arriba Del Sur,full,,,inposdom-via-manuelpgs,,2026-04-28T06:49:00,2026-04-28T06:49:00,1
101327,73001,62,DO,5539,07,,Galindo,full,,,inposdom-via-manuelpgs,,2026-04-28T06:49:00,2026-04-28T06:49:00,1
101328,73001,62,DO,5539,07,,Guayabo Dm,full,,,inposdom-via-manuelpgs,,2026-04-28T06:49:00,2026-04-28T06:49:00,1
101329,73002,62,DO,5539,07,,La Primaria,full,,,inposdom-via-manuelpgs,,2026-04-28T06:49:00,2026-04-28T06:49:00,1
101330,73002,62,DO,5539,07,,Los Rinconcitos,full,,,inposdom-via-manuelpgs,,2026-04-28T06:49:00,2026-04-28T06:49:00,1
101331,73003,62,DO,5539,07,,Centro de la Ciudad,full,,,inposdom-via-manuelpgs,,2026-04-28T06:49:00,2026-04-28T06:49:00,1
101332,73003,62,DO,5539,07,,Pedro Blanco,full,,,inposdom-via-manuelpgs,,2026-04-28T06:49:00,2026-04-28T06:49:00,1
101333,73004,62,DO,5539,07,,Angostura,full,,,inposdom-via-manuelpgs,,2026-04-28T06:49:00,2026-04-28T06:49:00,1
101334,73005,62,DO,5539,07,,Hato Viejo,full,,,inposdom-via-manuelpgs,,2026-04-28T06:49:00,2026-04-28T06:49:00,1
101335,73006,62,DO,5539,07,,La Jagua,full,,,inposdom-via-manuelpgs,,2026-04-28T06:49:00,2026-04-28T06:49:00,1
101336,73007,62,DO,5539,07,,Juan Felipe,full,,,inposdom-via-manuelpgs,,2026-04-28T06:49:00,2026-04-28T06:49:00,1
101337,73008,62,DO,5539,07,,Macasia,full,,,inposdom-via-manuelpgs,,2026-04-28T06:49:00,2026-04-28T06:49:00,1
101338,73009,62,DO,5539,07,,Las Patillas,full,,,inposdom-via-manuelpgs,,2026-04-28T06:49:00,2026-04-28T06:49:00,1
101339,73010,62,DO,5539,07,,El Pino,full,,,inposdom-via-manuelpgs,,2026-04-28T06:49:00,2026-04-28T06:49:00,1
101340,73011,62,DO,5539,07,,Pinzon,full,,,inposdom-via-manuelpgs,,2026-04-28T06:49:00,2026-04-28T06:49:00,1
101341,73012,62,DO,5539,07,,Potrozo,full,,,inposdom-via-manuelpgs,,2026-04-28T06:49:00,2026-04-28T06:49:00,1
101342,73013,62,DO,5539,07,,Puello,full,,,inposdom-via-manuelpgs,,2026-04-28T06:49:00,2026-04-28T06:49:00,1
101343,73014,62,DO,5539,07,,Sabana Larga Dm,full,,,inposdom-via-manuelpgs,,2026-04-28T06:49:00,2026-04-28T06:49:00,1
101344,73101,62,DO,5539,07,,Las Caitas,full,,,inposdom-via-manuelpgs,,2026-04-28T06:49:00,2026-04-28T06:49:00,1
101345,73102,62,DO,5539,07,,Higuerito,full,,,inposdom-via-manuelpgs,,2026-04-28T06:49:00,2026-04-28T06:49:00,1
101346,73103,62,DO,5539,07,,Sabana Cruz Dm,full,,,inposdom-via-manuelpgs,,2026-04-28T06:49:00,2026-04-28T06:49:00,1
101347,73104,62,DO,5539,07,,Sabana Mula,full,,,inposdom-via-manuelpgs,,2026-04-28T06:49:00,2026-04-28T06:49:00,1
101348,73105,62,DO,5539,07,,Guaroa,full,,,inposdom-via-manuelpgs,,2026-04-28T06:49:00,2026-04-28T06:49:00,1
101349,73106,62,DO,5539,07,,Guayabal,full,,,inposdom-via-manuelpgs,,2026-04-28T06:49:00,2026-04-28T06:49:00,1
101350,73107,62,DO,5539,07,,Los Yareles,full,,,inposdom-via-manuelpgs,,2026-04-28T06:49:00,2026-04-28T06:49:00,1
101351,73108,62,DO,5539,07,,Tabacal,full,,,inposdom-via-manuelpgs,,2026-04-28T06:49:00,2026-04-28T06:49:00,1
101352,73109,62,DO,5539,07,,Sabana Higuero Dm,full,,,inposdom-via-manuelpgs,,2026-04-28T06:49:00,2026-04-28T06:49:00,1
101353,73201,62,DO,5539,07,,Reboso,full,,,inposdom-via-manuelpgs,,2026-04-28T06:49:00,2026-04-28T06:49:00,1
101354,73202,62,DO,5539,07,,Guanito,full,,,inposdom-via-manuelpgs,,2026-04-28T06:49:00,2026-04-28T06:49:00,1
101355,73203,62,DO,5539,07,,Las Lagunas,full,,,inposdom-via-manuelpgs,,2026-04-28T06:49:00,2026-04-28T06:49:00,1
101356,73204,62,DO,5539,07,,Blanco,full,,,inposdom-via-manuelpgs,,2026-04-28T06:49:00,2026-04-28T06:49:00,1
101357,73301,62,DO,5539,07,,Aniceto Martnes,full,,,inposdom-via-manuelpgs,,2026-04-28T06:49:00,2026-04-28T06:49:00,1
101358,73302,62,DO,5539,07,,Los Guineos,full,,,inposdom-via-manuelpgs,,2026-04-28T06:49:00,2026-04-28T06:49:00,1
101359,73303,62,DO,5539,07,,Rancho de la Guardia,full,,,inposdom-via-manuelpgs,,2026-04-28T06:49:00,2026-04-28T06:49:00,1
101360,73304,62,DO,5539,07,,Ranco de Pedro,full,,,inposdom-via-manuelpgs,,2026-04-28T06:49:00,2026-04-28T06:49:00,1
101361,73401,62,DO,5539,07,,Las Palmas,full,,,inposdom-via-manuelpgs,,2026-04-28T06:49:00,2026-04-28T06:49:00,1
101362,73402,62,DO,5539,07,,El Hoyo,full,,,inposdom-via-manuelpgs,,2026-04-28T06:49:00,2026-04-28T06:49:00,1
101363,73403,62,DO,5539,07,,Guayacajuco,full,,,inposdom-via-manuelpgs,,2026-04-28T06:49:00,2026-04-28T06:49:00,1
101364,73404,62,DO,5539,07,,Nicola Joca,full,,,inposdom-via-manuelpgs,,2026-04-28T06:49:00,2026-04-28T06:49:00,1
101365,73405,62,DO,5539,07,,Rio Limpio Dm,full,,,inposdom-via-manuelpgs,,2026-04-28T06:49:00,2026-04-28T06:49:00,1
101366,73406,62,DO,5539,07,,Rio Limpio,full,,,inposdom-via-manuelpgs,,2026-04-28T06:49:00,2026-04-28T06:49:00,1
101367,73407,62,DO,5539,07,,La Cierrecita,full,,,inposdom-via-manuelpgs,,2026-04-28T06:49:00,2026-04-28T06:49:00,1
101368,73408,62,DO,5539,07,,Billiguin,full,,,inposdom-via-manuelpgs,,2026-04-28T06:49:00,2026-04-28T06:49:00,1
101369,73501,62,DO,5539,07,,Juan de la Cruz,full,,,inposdom-via-manuelpgs,,2026-04-28T06:49:00,2026-04-28T06:49:00,1
101370,73502,62,DO,5539,07,,Sabana de la Loma,full,,,inposdom-via-manuelpgs,,2026-04-28T06:49:00,2026-04-28T06:49:00,1
101371,73503,62,DO,5539,07,,Monte Mayor,full,,,inposdom-via-manuelpgs,,2026-04-28T06:49:00,2026-04-28T06:49:00,1
101372,73504,62,DO,5539,07,,Rancho de la Guardia Dm,full,,,inposdom-via-manuelpgs,,2026-04-28T06:49:00,2026-04-28T06:49:00,1
101373,81001,62,DO,4090,04,,Alto Velo,full,,,inposdom-via-manuelpgs,,2026-04-28T06:49:00,2026-04-28T06:49:00,1
101374,81001,62,DO,4090,04,,Cachon,full,,,inposdom-via-manuelpgs,,2026-04-28T06:49:00,2026-04-28T06:49:00,1
101375,81001,62,DO,4090,04,,Las Flores,full,,,inposdom-via-manuelpgs,,2026-04-28T06:49:00,2026-04-28T06:49:00,1
101376,81001,62,DO,4090,04,,Pueblo Nuevo,full,,,inposdom-via-manuelpgs,,2026-04-28T06:49:00,2026-04-28T06:49:00,1
101377,81002,62,DO,4090,04,,Baitoita,full,,,inposdom-via-manuelpgs,,2026-04-28T06:49:00,2026-04-28T06:49:00,1
101378,81002,62,DO,4090,04,,Centro de la Ciudad,full,,,inposdom-via-manuelpgs,,2026-04-28T06:49:00,2026-04-28T06:49:00,1
101379,81002,62,DO,4090,04,,Las Guazaras,full,,,inposdom-via-manuelpgs,,2026-04-28T06:49:00,2026-04-28T06:49:00,1
101380,81002,62,DO,4090,04,,Villa Estela,full,,,inposdom-via-manuelpgs,,2026-04-28T06:49:00,2026-04-28T06:49:00,1
101381,81003,62,DO,4090,04,,Barrio Enriquillo,full,,,inposdom-via-manuelpgs,,2026-04-28T06:49:00,2026-04-28T06:49:00,1
101382,81003,62,DO,4090,04,,Barrio La Playa,full,,,inposdom-via-manuelpgs,,2026-04-28T06:49:00,2026-04-28T06:49:00,1
101383,81003,62,DO,4090,04,,Manuel Diaz,full,,,inposdom-via-manuelpgs,,2026-04-28T06:49:00,2026-04-28T06:49:00,1
101384,81004,62,DO,4090,04,,Parte Norte de la Ciudad,full,,,inposdom-via-manuelpgs,,2026-04-28T06:49:00,2026-04-28T06:49:00,1
101385,81005,62,DO,4090,04,,30 de Mayo,full,,,inposdom-via-manuelpgs,,2026-04-28T06:49:00,2026-04-28T06:49:00,1
101386,81005,62,DO,4090,04,,El Arco,full,,,inposdom-via-manuelpgs,,2026-04-28T06:49:00,2026-04-28T06:49:00,1
101387,81005,62,DO,4090,04,,Mejoramiento Social,full,,,inposdom-via-manuelpgs,,2026-04-28T06:49:00,2026-04-28T06:49:00,1
101388,81005,62,DO,4090,04,,Naco,full,,,inposdom-via-manuelpgs,,2026-04-28T06:49:00,2026-04-28T06:49:00,1
101389,81006,62,DO,4090,04,,Aeropuerto Viejo,full,,,inposdom-via-manuelpgs,,2026-04-28T06:49:00,2026-04-28T06:49:00,1
101390,81006,62,DO,4090,04,,Barrio Jarro Sucio,full,,,inposdom-via-manuelpgs,,2026-04-28T06:49:00,2026-04-28T06:49:00,1
101391,81006,62,DO,4090,04,,Barrio Juan Pablo Duarte,full,,,inposdom-via-manuelpgs,,2026-04-28T06:49:00,2026-04-28T06:49:00,1
101392,81006,62,DO,4090,04,,Barrio Los Block,full,,,inposdom-via-manuelpgs,,2026-04-28T06:49:00,2026-04-28T06:49:00,1
101393,81006,62,DO,4090,04,,Batey Central,full,,,inposdom-via-manuelpgs,,2026-04-28T06:49:00,2026-04-28T06:49:00,1
101394,81006,62,DO,4090,04,,Invi-Cea,full,,,inposdom-via-manuelpgs,,2026-04-28T06:49:00,2026-04-28T06:49:00,1
101395,81006,62,DO,4090,04,,Zona Franca de Barahona,full,,,inposdom-via-manuelpgs,,2026-04-28T06:49:00,2026-04-28T06:49:00,1
101396,81007,62,DO,4090,04,,Lotificacion Blanquisales,full,,,inposdom-via-manuelpgs,,2026-04-28T06:49:00,2026-04-28T06:49:00,1
101397,81007,62,DO,4090,04,,Palmarito,full,,,inposdom-via-manuelpgs,,2026-04-28T06:49:00,2026-04-28T06:49:00,1
101398,81007,62,DO,4090,04,,Savica,full,,,inposdom-via-manuelpgs,,2026-04-28T06:49:00,2026-04-28T06:49:00,1
101399,81008,62,DO,4090,04,,Camboya,full,,,inposdom-via-manuelpgs,,2026-04-28T06:49:00,2026-04-28T06:49:00,1
101400,81101,62,DO,4090,04,,Palo Alto Dm,full,,,inposdom-via-manuelpgs,,2026-04-28T06:49:00,2026-04-28T06:49:00,1
101401,81101,62,DO,4090,04,,Tierra Blanca,full,,,inposdom-via-manuelpgs,,2026-04-28T06:49:00,2026-04-28T06:49:00,1
101402,81102,62,DO,4090,04,,Caon Dm,full,,,inposdom-via-manuelpgs,,2026-04-28T06:49:00,2026-04-28T06:49:00,1
101403,81102,62,DO,4090,04,,Lemba,full,,,inposdom-via-manuelpgs,,2026-04-28T06:49:00,2026-04-28T06:49:00,1
101404,81103,62,DO,4090,04,,Los Saladillos,full,,,inposdom-via-manuelpgs,,2026-04-28T06:49:00,2026-04-28T06:49:00,1
101405,81201,62,DO,4090,04,,Arroyo Dulce Dm,full,,,inposdom-via-manuelpgs,,2026-04-28T06:49:00,2026-04-28T06:49:00,1
101406,81202,62,DO,4090,04,,Buena Vista,full,,,inposdom-via-manuelpgs,,2026-04-28T06:49:00,2026-04-28T06:49:00,1
101407,81203,62,DO,4090,04,,Caleton,full,,,inposdom-via-manuelpgs,,2026-04-28T06:49:00,2026-04-28T06:49:00,1
101408,81204,62,DO,4090,04,,El Pino,full,,,inposdom-via-manuelpgs,,2026-04-28T06:49:00,2026-04-28T06:49:00,1
101409,81301,62,DO,4090,04,,NO DISPONIBLE,full,,,inposdom-via-manuelpgs,,2026-04-28T06:49:00,2026-04-28T06:49:00,1
101410,81401,62,DO,4090,04,,El Platon,full,,,inposdom-via-manuelpgs,,2026-04-28T06:49:00,2026-04-28T06:49:00,1
101411,81402,62,DO,4090,04,,La Zanja Arriba,full,,,inposdom-via-manuelpgs,,2026-04-28T06:49:00,2026-04-28T06:49:00,1
101412,81403,62,DO,4090,04,,Leonardo,full,,,inposdom-via-manuelpgs,,2026-04-28T06:49:00,2026-04-28T06:49:00,1
101413,81404,62,DO,4090,04,,Los Patos Dm,full,,,inposdom-via-manuelpgs,,2026-04-28T06:49:00,2026-04-28T06:49:00,1
101414,81405,62,DO,4090,04,,Ojeda,full,,,inposdom-via-manuelpgs,,2026-04-28T06:49:00,2026-04-28T06:49:00,1
101415,81501,62,DO,4090,04,,Las Auyamas,full,,,inposdom-via-manuelpgs,,2026-04-28T06:49:00,2026-04-28T06:49:00,1
101416,81502,62,DO,4090,04,,Los Charquitos,full,,,inposdom-via-manuelpgs,,2026-04-28T06:49:00,2026-04-28T06:49:00,1
101417,81503,62,DO,4090,04,,Polo,full,,,inposdom-via-manuelpgs,,2026-04-28T06:49:00,2026-04-28T06:49:00,1
101418,81601,62,DO,4090,04,,Fondo Negro Dm,full,,,inposdom-via-manuelpgs,,2026-04-28T06:49:00,2026-04-28T06:49:00,1
101419,81602,62,DO,4090,04,,Quita Coraza Dm,full,,,inposdom-via-manuelpgs,,2026-04-28T06:49:00,2026-04-28T06:49:00,1
101420,81603,62,DO,4090,04,,Canoa Dm,full,,,inposdom-via-manuelpgs,,2026-04-28T06:49:00,2026-04-28T06:49:00,1
101421,81604,62,DO,4090,04,,Bombita,full,,,inposdom-via-manuelpgs,,2026-04-28T06:49:00,2026-04-28T06:49:00,1
101422,81701,62,DO,4090,04,,Peon,full,,,inposdom-via-manuelpgs,,2026-04-28T06:49:00,2026-04-28T06:49:00,1
101423,81702,62,DO,4090,04,,Peon Arriba,full,,,inposdom-via-manuelpgs,,2026-04-28T06:49:00,2026-04-28T06:49:00,1
101424,81801,62,DO,4090,04,,Batey Altagracia,full,,,inposdom-via-manuelpgs,,2026-04-28T06:49:00,2026-04-28T06:49:00,1
101425,81802,62,DO,4090,04,,La Hoya Pescaderia Dm,full,,,inposdom-via-manuelpgs,,2026-04-28T06:49:00,2026-04-28T06:49:00,1
101426,81901,62,DO,4090,04,,El Arroyo,full,,,inposdom-via-manuelpgs,,2026-04-28T06:49:00,2026-04-28T06:49:00,1
101427,81902,62,DO,4090,04,,Bahoruco Dm,full,,,inposdom-via-manuelpgs,,2026-04-28T06:49:00,2026-04-28T06:49:00,1
101428,81903,62,DO,4090,04,,Guayuyal,full,,,inposdom-via-manuelpgs,,2026-04-28T06:49:00,2026-04-28T06:49:00,1
101429,81904,62,DO,4090,04,,Juan Esteban,full,,,inposdom-via-manuelpgs,,2026-04-28T06:49:00,2026-04-28T06:49:00,1
101430,82001,62,DO,4105,03,,Apolinar Perdomo,full,,,inposdom-via-manuelpgs,,2026-04-28T06:49:00,2026-04-28T06:49:00,1
101431,82001,62,DO,4105,03,,Jose Alberto Caamao,full,,,inposdom-via-manuelpgs,,2026-04-28T06:49:00,2026-04-28T06:49:00,1
101432,82001,62,DO,4105,03,,La Cuaba,full,,,inposdom-via-manuelpgs,,2026-04-28T06:49:00,2026-04-28T06:49:00,1
101433,82001,62,DO,4105,03,,Villa Paja,full,,,inposdom-via-manuelpgs,,2026-04-28T06:49:00,2026-04-28T06:49:00,1
101434,82002,62,DO,4105,03,,El Estero,full,,,inposdom-via-manuelpgs,,2026-04-28T06:49:00,2026-04-28T06:49:00,1
101435,82002,62,DO,4105,03,,El Tanque,full,,,inposdom-via-manuelpgs,,2026-04-28T06:49:00,2026-04-28T06:49:00,1
101436,82002,62,DO,4105,03,,El Tejal,full,,,inposdom-via-manuelpgs,,2026-04-28T06:49:00,2026-04-28T06:49:00,1
101437,82002,62,DO,4105,03,,Las Malbinas,full,,,inposdom-via-manuelpgs,,2026-04-28T06:49:00,2026-04-28T06:49:00,1
101438,82002,62,DO,4105,03,,Los Coquitos,full,,,inposdom-via-manuelpgs,,2026-04-28T06:49:00,2026-04-28T06:49:00,1
101439,82002,62,DO,4105,03,,Te Jinca,full,,,inposdom-via-manuelpgs,,2026-04-28T06:49:00,2026-04-28T06:49:00,1
101440,82003,62,DO,4105,03,,Cachon Seco,full,,,inposdom-via-manuelpgs,,2026-04-28T06:49:00,2026-04-28T06:49:00,1
101441,82003,62,DO,4105,03,,La Botella,full,,,inposdom-via-manuelpgs,,2026-04-28T06:49:00,2026-04-28T06:49:00,1
101442,82003,62,DO,4105,03,,La J,full,,,inposdom-via-manuelpgs,,2026-04-28T06:49:00,2026-04-28T06:49:00,1
101443,82003,62,DO,4105,03,,Los Guineos,full,,,inposdom-via-manuelpgs,,2026-04-28T06:49:00,2026-04-28T06:49:00,1
101444,82003,62,DO,4105,03,,Plaza Cacique,full,,,inposdom-via-manuelpgs,,2026-04-28T06:49:00,2026-04-28T06:49:00,1
101445,82003,62,DO,4105,03,,Santa Cruz,full,,,inposdom-via-manuelpgs,,2026-04-28T06:49:00,2026-04-28T06:49:00,1
101446,82004,62,DO,4105,03,,El Manguito,full,,,inposdom-via-manuelpgs,,2026-04-28T06:49:00,2026-04-28T06:49:00,1
101447,82005,62,DO,4105,03,,Las Petacas,full,,,inposdom-via-manuelpgs,,2026-04-28T06:49:00,2026-04-28T06:49:00,1
101448,82006,62,DO,4105,03,,Los Roas,full,,,inposdom-via-manuelpgs,,2026-04-28T06:49:00,2026-04-28T06:49:00,1
101449,82007,62,DO,4105,03,,El Copey,full,,,inposdom-via-manuelpgs,,2026-04-28T06:49:00,2026-04-28T06:49:00,1
101450,82008,62,DO,4105,03,,El Aguacate,full,,,inposdom-via-manuelpgs,,2026-04-28T06:49:00,2026-04-28T06:49:00,1
101451,82101,62,DO,4105,03,,El Mamn,full,,,inposdom-via-manuelpgs,,2026-04-28T06:49:00,2026-04-28T06:49:00,1
101452,82102,62,DO,4105,03,,Majagual,full,,,inposdom-via-manuelpgs,,2026-04-28T06:49:00,2026-04-28T06:49:00,1
101453,82103,62,DO,4105,03,,El Salado,full,,,inposdom-via-manuelpgs,,2026-04-28T06:49:00,2026-04-28T06:49:00,1
101454,82104,62,DO,4105,03,,Las Tejas,full,,,inposdom-via-manuelpgs,,2026-04-28T06:49:00,2026-04-28T06:49:00,1
101455,82105,62,DO,4105,03,,El Tamarindo,full,,,inposdom-via-manuelpgs,,2026-04-28T06:49:00,2026-04-28T06:49:00,1
101456,82201,62,DO,4105,03,,Las Clavelinas Dm,full,,,inposdom-via-manuelpgs,,2026-04-28T06:49:00,2026-04-28T06:49:00,1
101457,82202,62,DO,4105,03,,Higo de la Cruz,full,,,inposdom-via-manuelpgs,,2026-04-28T06:49:00,2026-04-28T06:49:00,1
101458,82203,62,DO,4105,03,,Los Moquitos,full,,,inposdom-via-manuelpgs,,2026-04-28T06:49:00,2026-04-28T06:49:00,1
101459,82301,62,DO,4105,03,,Barranca,full,,,inposdom-via-manuelpgs,,2026-04-28T06:49:00,2026-04-28T06:49:00,1
101460,82302,62,DO,4105,03,,Cabeza de Toro Dm,full,,,inposdom-via-manuelpgs,,2026-04-28T06:49:00,2026-04-28T06:49:00,1
101461,82303,62,DO,4105,03,,El Jobo,full,,,inposdom-via-manuelpgs,,2026-04-28T06:49:00,2026-04-28T06:49:00,1
101462,82304,62,DO,4105,03,,Mena,full,,,inposdom-via-manuelpgs,,2026-04-28T06:49:00,2026-04-28T06:49:00,1
101463,82305,62,DO,4105,03,,Moncerrat Dm,full,,,inposdom-via-manuelpgs,,2026-04-28T06:49:00,2026-04-28T06:49:00,1
101464,82305,62,DO,4105,03,,Santana Dm,full,,,inposdom-via-manuelpgs,,2026-04-28T06:49:00,2026-04-28T06:49:00,1
101465,82306,62,DO,4105,03,,Uvilla Dm,full,,,inposdom-via-manuelpgs,,2026-04-28T06:49:00,2026-04-28T06:49:00,1
101466,82307,62,DO,4105,03,,El Palmar Dm,full,,,inposdom-via-manuelpgs,,2026-04-28T06:49:00,2026-04-28T06:49:00,1
101467,82401,62,DO,4105,03,,El Barro,full,,,inposdom-via-manuelpgs,,2026-04-28T06:49:00,2026-04-28T06:49:00,1
101468,82402,62,DO,4105,03,,Las Caitas,full,,,inposdom-via-manuelpgs,,2026-04-28T06:49:00,2026-04-28T06:49:00,1
101469,82403,62,DO,4105,03,,Pie de Loma,full,,,inposdom-via-manuelpgs,,2026-04-28T06:49:00,2026-04-28T06:49:00,1
101470,82404,62,DO,4105,03,,Mata de Naranja,full,,,inposdom-via-manuelpgs,,2026-04-28T06:49:00,2026-04-28T06:49:00,1
101471,83001,62,DO,4097,10,,Arroyo Blanco,full,,,inposdom-via-manuelpgs,,2026-04-28T06:49:00,2026-04-28T06:49:00,1
101472,83001,62,DO,4097,10,,El Invi,full,,,inposdom-via-manuelpgs,,2026-04-28T06:49:00,2026-04-28T06:49:00,1
101473,83001,62,DO,4097,10,,La 50,full,,,inposdom-via-manuelpgs,,2026-04-28T06:49:00,2026-04-28T06:49:00,1
101474,83001,62,DO,4097,10,,Viejo Jimani,full,,,inposdom-via-manuelpgs,,2026-04-28T06:49:00,2026-04-28T06:49:00,1
101475,83002,62,DO,4097,10,,Barrio Para Militares,full,,,inposdom-via-manuelpgs,,2026-04-28T06:49:00,2026-04-28T06:49:00,1
101476,83002,62,DO,4097,10,,Boca de Cachon,full,,,inposdom-via-manuelpgs,,2026-04-28T06:49:00,2026-04-28T06:49:00,1
101477,83002,62,DO,4097,10,,Centro de la Ciudad,full,,,inposdom-via-manuelpgs,,2026-04-28T06:49:00,2026-04-28T06:49:00,1
101478,83002,62,DO,4097,10,,La K,full,,,inposdom-via-manuelpgs,,2026-04-28T06:49:00,2026-04-28T06:49:00,1
101479,83002,62,DO,4097,10,,Solidaridad,full,,,inposdom-via-manuelpgs,,2026-04-28T06:49:00,2026-04-28T06:49:00,1
101480,83003,62,DO,4097,10,,Barrio El Cerro,full,,,inposdom-via-manuelpgs,,2026-04-28T06:49:00,2026-04-28T06:49:00,1
101481,83003,62,DO,4097,10,,Boca Del Cachon,full,,,inposdom-via-manuelpgs,,2026-04-28T06:49:00,2026-04-28T06:49:00,1
101482,83003,62,DO,4097,10,,El Limon,full,,,inposdom-via-manuelpgs,,2026-04-28T06:49:00,2026-04-28T06:49:00,1
101483,83003,62,DO,4097,10,,El Limon Dm,full,,,inposdom-via-manuelpgs,,2026-04-28T06:49:00,2026-04-28T06:49:00,1
101484,83003,62,DO,4097,10,,Tierra Nueva,full,,,inposdom-via-manuelpgs,,2026-04-28T06:49:00,2026-04-28T06:49:00,1
101485,83004,62,DO,4097,10,,Tierra Nueva,full,,,inposdom-via-manuelpgs,,2026-04-28T06:49:00,2026-04-28T06:49:00,1
101486,83101,62,DO,4097,10,,La Colonia Mixta Dm,full,,,inposdom-via-manuelpgs,,2026-04-28T06:49:00,2026-04-28T06:49:00,1
101487,83102,62,DO,4097,10,,Puerto Escondido,full,,,inposdom-via-manuelpgs,,2026-04-28T06:49:00,2026-04-28T06:49:00,1
101488,83103,62,DO,4097,10,,Vengan A Ver Dm,full,,,inposdom-via-manuelpgs,,2026-04-28T06:49:00,2026-04-28T06:49:00,1
101489,83201,62,DO,4097,10,,Angel Feliz,full,,,inposdom-via-manuelpgs,,2026-04-28T06:49:00,2026-04-28T06:49:00,1
101490,83202,62,DO,4097,10,,Los Pinos,full,,,inposdom-via-manuelpgs,,2026-04-28T06:49:00,2026-04-28T06:49:00,1
101491,83203,62,DO,4097,10,,Bartolom,full,,,inposdom-via-manuelpgs,,2026-04-28T06:49:00,2026-04-28T06:49:00,1
101492,83301,62,DO,4097,10,,Angostura,full,,,inposdom-via-manuelpgs,,2026-04-28T06:49:00,2026-04-28T06:49:00,1
101493,83401,62,DO,4097,10,,Loa Bolos,full,,,inposdom-via-manuelpgs,,2026-04-28T06:49:00,2026-04-28T06:49:00,1
101494,83501,62,DO,4097,10,,Batey 7,full,,,inposdom-via-manuelpgs,,2026-04-28T06:49:00,2026-04-28T06:49:00,1
101495,83502,62,DO,4097,10,,Batey 8,full,,,inposdom-via-manuelpgs,,2026-04-28T06:49:00,2026-04-28T06:49:00,1
101496,83503,62,DO,4097,10,,Batey 9,full,,,inposdom-via-manuelpgs,,2026-04-28T06:49:00,2026-04-28T06:49:00,1
101497,83504,62,DO,4097,10,,Cabeza de Rio,full,,,inposdom-via-manuelpgs,,2026-04-28T06:49:00,2026-04-28T06:49:00,1
101498,83601,62,DO,4097,10,,El Maniel,full,,,inposdom-via-manuelpgs,,2026-04-28T06:49:00,2026-04-28T06:49:00,1
101499,83602,62,DO,4097,10,,Raiz Picada,full,,,inposdom-via-manuelpgs,,2026-04-28T06:49:00,2026-04-28T06:49:00,1
101500,84001,62,DO,4101,16,,Babo Rojo,full,,,inposdom-via-manuelpgs,,2026-04-28T06:49:00,2026-04-28T06:49:00,1
101501,84001,62,DO,4101,16,,Nicolas Feliz,full,,,inposdom-via-manuelpgs,,2026-04-28T06:49:00,2026-04-28T06:49:00,1
101502,84002,62,DO,4101,16,,Las Mercedes,full,,,inposdom-via-manuelpgs,,2026-04-28T06:49:00,2026-04-28T06:49:00,1
101503,84002,62,DO,4101,16,,Milital,full,,,inposdom-via-manuelpgs,,2026-04-28T06:49:00,2026-04-28T06:49:00,1
101504,84003,62,DO,4101,16,,Alcoha,full,,,inposdom-via-manuelpgs,,2026-04-28T06:49:00,2026-04-28T06:49:00,1
101505,84003,62,DO,4101,16,,Mencia,full,,,inposdom-via-manuelpgs,,2026-04-28T06:49:00,2026-04-28T06:49:00,1
101506,84004,62,DO,4101,16,,Jose Francisco Pea Gomez Dm,full,,,inposdom-via-manuelpgs,,2026-04-28T06:49:00,2026-04-28T06:49:00,1
101507,84005,62,DO,4101,16,,Villa Del Mar,full,,,inposdom-via-manuelpgs,,2026-04-28T06:49:00,2026-04-28T06:49:00,1
101508,84006,62,DO,4101,16,,Miramar Viejo,full,,,inposdom-via-manuelpgs,,2026-04-28T06:49:00,2026-04-28T06:49:00,1
101509,84007,62,DO,4101,16,,Miramar Nuevo,full,,,inposdom-via-manuelpgs,,2026-04-28T06:49:00,2026-04-28T06:49:00,1
101510,84008,62,DO,4101,16,,Ines,full,,,inposdom-via-manuelpgs,,2026-04-28T06:49:00,2026-04-28T06:49:00,1
101511,84009,62,DO,4101,16,,Los Guayacanes,full,,,inposdom-via-manuelpgs,,2026-04-28T06:49:00,2026-04-28T06:49:00,1
101512,84010,62,DO,4101,16,,Las Mercedes,full,,,inposdom-via-manuelpgs,,2026-04-28T06:49:00,2026-04-28T06:49:00,1
101513,84011,62,DO,4101,16,,Jose Francisco Pea Gomez,full,,,inposdom-via-manuelpgs,,2026-04-28T06:49:00,2026-04-28T06:49:00,1
101514,84012,62,DO,4101,16,,Los Altagracianos,full,,,inposdom-via-manuelpgs,,2026-04-28T06:49:00,2026-04-28T06:49:00,1
101515,84013,62,DO,4101,16,,Savica,full,,,inposdom-via-manuelpgs,,2026-04-28T06:49:00,2026-04-28T06:49:00,1
101516,84014,62,DO,4101,16,,Las Flores,full,,,inposdom-via-manuelpgs,,2026-04-28T06:49:00,2026-04-28T06:49:00,1
101517,84015,62,DO,4101,16,,Verde,full,,,inposdom-via-manuelpgs,,2026-04-28T06:49:00,2026-04-28T06:49:00,1
101518,84016,62,DO,4101,16,,Los Cayucos,full,,,inposdom-via-manuelpgs,,2026-04-28T06:49:00,2026-04-28T06:49:00,1
101519,84017,62,DO,4101,16,,Campo de Aviacion Viejo,full,,,inposdom-via-manuelpgs,,2026-04-28T06:49:00,2026-04-28T06:49:00,1
101520,84018,62,DO,4101,16,,Campo de Aviacion Nuevo,full,,,inposdom-via-manuelpgs,,2026-04-28T06:49:00,2026-04-28T06:49:00,1
101521,84019,62,DO,4101,16,,El Tanque,full,,,inposdom-via-manuelpgs,,2026-04-28T06:49:00,2026-04-28T06:49:00,1
101522,84020,62,DO,4101,16,,Centro de la Ciudad,full,,,inposdom-via-manuelpgs,,2026-04-28T06:49:00,2026-04-28T06:49:00,1
101523,84101,62,DO,4101,16,,Los Tres Charcos,full,,,inposdom-via-manuelpgs,,2026-04-28T06:49:00,2026-04-28T06:49:00,1
101524,84201,62,DO,4101,16,,Colonia Villa Esperanza,full,,,inposdom-via-manuelpgs,,2026-04-28T06:49:00,2026-04-28T06:49:00,1
101525,91001,62,DO,4091,21,,Barrio Nueva Esperanza,full,,,inposdom-via-manuelpgs,,2026-04-28T06:49:00,2026-04-28T06:49:00,1
101526,91001,62,DO,4091,21,,Barrio San Isidro,full,,,inposdom-via-manuelpgs,,2026-04-28T06:49:00,2026-04-28T06:49:00,1
101527,91001,62,DO,4091,21,,Borbon,full,,,inposdom-via-manuelpgs,,2026-04-28T06:49:00,2026-04-28T06:49:00,1
101528,91001,62,DO,4091,21,,Conani,full,,,inposdom-via-manuelpgs,,2026-04-28T06:49:00,2026-04-28T06:49:00,1
101529,91001,62,DO,4091,21,,El Cerro,full,,,inposdom-via-manuelpgs,,2026-04-28T06:49:00,2026-04-28T06:49:00,1
101530,91001,62,DO,4091,21,,Pueblo Nuevo,full,,,inposdom-via-manuelpgs,,2026-04-28T06:49:00,2026-04-28T06:49:00,1
101531,91002,62,DO,4091,21,,Barrio La Coquera,full,,,inposdom-via-manuelpgs,,2026-04-28T06:49:00,2026-04-28T06:49:00,1
101532,91002,62,DO,4091,21,,Caada Honda,full,,,inposdom-via-manuelpgs,,2026-04-28T06:49:00,2026-04-28T06:49:00,1
101533,91002,62,DO,4091,21,,Canatica,full,,,inposdom-via-manuelpgs,,2026-04-28T06:49:00,2026-04-28T06:49:00,1
101534,91002,62,DO,4091,21,,Hatillo,full,,,inposdom-via-manuelpgs,,2026-04-28T06:49:00,2026-04-28T06:49:00,1
101535,91002,62,DO,4091,21,,Lava Pie,full,,,inposdom-via-manuelpgs,,2026-04-28T06:49:00,2026-04-28T06:49:00,1
101536,91002,62,DO,4091,21,,San Antaonio,full,,,inposdom-via-manuelpgs,,2026-04-28T06:49:00,2026-04-28T06:49:00,1
101537,91003,62,DO,4091,21,,Barrio Arena,full,,,inposdom-via-manuelpgs,,2026-04-28T06:49:00,2026-04-28T06:49:00,1
101538,91003,62,DO,4091,21,,Barrio Concentracion,full,,,inposdom-via-manuelpgs,,2026-04-28T06:49:00,2026-04-28T06:49:00,1
101539,91003,62,DO,4091,21,,Barrio Favidrio,full,,,inposdom-via-manuelpgs,,2026-04-28T06:49:00,2026-04-28T06:49:00,1
101540,91003,62,DO,4091,21,,Barrio La Pia,full,,,inposdom-via-manuelpgs,,2026-04-28T06:49:00,2026-04-28T06:49:00,1
101541,91003,62,DO,4091,21,,Ens. Constitucion,full,,,inposdom-via-manuelpgs,,2026-04-28T06:49:00,2026-04-28T06:49:00,1
101542,91003,62,DO,4091,21,,Ens. Juan Pablo Duarte,full,,,inposdom-via-manuelpgs,,2026-04-28T06:49:00,2026-04-28T06:49:00,1
101543,91003,62,DO,4091,21,,Hato Damas Dm,full,,,inposdom-via-manuelpgs,,2026-04-28T06:49:00,2026-04-28T06:49:00,1
101544,91003,62,DO,4091,21,,Madre Vieja Norte,full,,,inposdom-via-manuelpgs,,2026-04-28T06:49:00,2026-04-28T06:49:00,1
101545,91003,62,DO,4091,21,,Madre Vieja Sur,full,,,inposdom-via-manuelpgs,,2026-04-28T06:49:00,2026-04-28T06:49:00,1
101546,91003,62,DO,4091,21,,Urb. Las Arecas,full,,,inposdom-via-manuelpgs,,2026-04-28T06:49:00,2026-04-28T06:49:00,1
101547,91003,62,DO,4091,21,,Urb. Santes,full,,,inposdom-via-manuelpgs,,2026-04-28T06:49:00,2026-04-28T06:49:00,1
101548,91004,62,DO,4091,21,,Barrio Jeringa,full,,,inposdom-via-manuelpgs,,2026-04-28T06:49:00,2026-04-28T06:49:00,1
101549,91004,62,DO,4091,21,,Barrio Las Flores,full,,,inposdom-via-manuelpgs,,2026-04-28T06:49:00,2026-04-28T06:49:00,1
101550,91004,62,DO,4091,21,,Centro de la Ciudad,full,,,inposdom-via-manuelpgs,,2026-04-28T06:49:00,2026-04-28T06:49:00,1
101551,91004,62,DO,4091,21,,Ingenio Nuevo,full,,,inposdom-via-manuelpgs,,2026-04-28T06:49:00,2026-04-28T06:49:00,1
101552,91005,62,DO,4091,21,,Barrio 5 de Abril,full,,,inposdom-via-manuelpgs,,2026-04-28T06:49:00,2026-04-28T06:49:00,1
101553,91005,62,DO,4091,21,,Barrio La Constitucion,full,,,inposdom-via-manuelpgs,,2026-04-28T06:49:00,2026-04-28T06:49:00,1
101554,91005,62,DO,4091,21,,Barrio Los Nova,full,,,inposdom-via-manuelpgs,,2026-04-28T06:49:00,2026-04-28T06:49:00,1
101555,91005,62,DO,4091,21,,Barrio Puerto Rico,full,,,inposdom-via-manuelpgs,,2026-04-28T06:49:00,2026-04-28T06:49:00,1
101556,91005,62,DO,4091,21,,Naranjo Arriba,full,,,inposdom-via-manuelpgs,,2026-04-28T06:49:00,2026-04-28T06:49:00,1
101557,91005,62,DO,4091,21,,Urb. Colina Hermosa,full,,,inposdom-via-manuelpgs,,2026-04-28T06:49:00,2026-04-28T06:49:00,1
101558,91005,62,DO,4091,21,,Villa Fundacion,full,,,inposdom-via-manuelpgs,,2026-04-28T06:49:00,2026-04-28T06:49:00,1
101559,91006,62,DO,4091,21,,Sainagua,full,,,inposdom-via-manuelpgs,,2026-04-28T06:49:00,2026-04-28T06:49:00,1
101560,91007,62,DO,4091,21,,Santa Maria,full,,,inposdom-via-manuelpgs,,2026-04-28T06:49:00,2026-04-28T06:49:00,1
101561,91008,62,DO,4091,21,,Medina Dm,full,,,inposdom-via-manuelpgs,,2026-04-28T06:49:00,2026-04-28T06:49:00,1
101562,91009,62,DO,4091,21,,La Cuchilla Dm,full,,,inposdom-via-manuelpgs,,2026-04-28T06:49:00,2026-04-28T06:49:00,1
101563,91101,62,DO,4091,21,,El Carril Dm,full,,,inposdom-via-manuelpgs,,2026-04-28T06:49:00,2026-04-28T06:49:00,1
101564,91102,62,DO,4091,21,,La Pared,full,,,inposdom-via-manuelpgs,,2026-04-28T06:49:00,2026-04-28T06:49:00,1
101565,91201,62,DO,4091,21,,El Ingenio,full,,,inposdom-via-manuelpgs,,2026-04-28T06:49:00,2026-04-28T06:49:00,1
101566,91202,62,DO,4091,21,,Los Naranjos,full,,,inposdom-via-manuelpgs,,2026-04-28T06:49:00,2026-04-28T06:49:00,1
101567,91301,62,DO,4091,21,,Cambita El Pueblecito Dm,full,,,inposdom-via-manuelpgs,,2026-04-28T06:49:00,2026-04-28T06:49:00,1
101568,91302,62,DO,4091,21,,Calderon,full,,,inposdom-via-manuelpgs,,2026-04-28T06:49:00,2026-04-28T06:49:00,1
101569,91303,62,DO,4091,21,,Humachon,full,,,inposdom-via-manuelpgs,,2026-04-28T06:49:00,2026-04-28T06:49:00,1
101570,91304,62,DO,4091,21,,La Colonia,full,,,inposdom-via-manuelpgs,,2026-04-28T06:49:00,2026-04-28T06:49:00,1
101571,91305,62,DO,4091,21,,Los Manantiales,full,,,inposdom-via-manuelpgs,,2026-04-28T06:49:00,2026-04-28T06:49:00,1
101572,91306,62,DO,4091,21,,El Tablazo,full,,,inposdom-via-manuelpgs,,2026-04-28T06:49:00,2026-04-28T06:49:00,1
101573,91401,62,DO,4091,21,,Boca de Nigua,full,,,inposdom-via-manuelpgs,,2026-04-28T06:49:00,2026-04-28T06:49:00,1
101574,91401,62,DO,4091,21,,Najayo Abajo,full,,,inposdom-via-manuelpgs,,2026-04-28T06:49:00,2026-04-28T06:49:00,1
101575,91501,62,DO,4091,21,,Juan Barn,full,,,inposdom-via-manuelpgs,,2026-04-28T06:49:00,2026-04-28T06:49:00,1
101576,91502,62,DO,4091,21,,Sabana Palenque,full,,,inposdom-via-manuelpgs,,2026-04-28T06:49:00,2026-04-28T06:49:00,1
101577,91601,62,DO,4091,21,,Las Gallardas,full,,,inposdom-via-manuelpgs,,2026-04-28T06:49:00,2026-04-28T06:49:00,1
101578,91602,62,DO,4091,21,,Najayo Al Medio,full,,,inposdom-via-manuelpgs,,2026-04-28T06:49:00,2026-04-28T06:49:00,1
101579,91603,62,DO,4091,21,,Mana de Yaguate,full,,,inposdom-via-manuelpgs,,2026-04-28T06:49:00,2026-04-28T06:49:00,1
101580,91701,62,DO,4091,21,,Catarey,full,,,inposdom-via-manuelpgs,,2026-04-28T06:49:00,2026-04-28T06:49:00,1
101581,91702,62,DO,4091,21,,Mana de Haina,full,,,inposdom-via-manuelpgs,,2026-04-28T06:49:00,2026-04-28T06:49:00,1
101582,91703,62,DO,4091,21,,Medina,full,,,inposdom-via-manuelpgs,,2026-04-28T06:49:00,2026-04-28T06:49:00,1
101583,91704,62,DO,4091,21,,Pino Herrado,full,,,inposdom-via-manuelpgs,,2026-04-28T06:49:00,2026-04-28T06:49:00,1
101584,91705,62,DO,4091,21,,San Jos Del Puerto Dm,full,,,inposdom-via-manuelpgs,,2026-04-28T06:49:00,2026-04-28T06:49:00,1
101585,92001,62,DO,4111,29,,Barrio La Ceja,full,,,inposdom-via-manuelpgs,,2026-04-28T06:49:00,2026-04-28T06:49:00,1
101586,92001,62,DO,4111,29,,Barrio Vietnam,full,,,inposdom-via-manuelpgs,,2026-04-28T06:49:00,2026-04-28T06:49:00,1
101587,92001,62,DO,4111,29,,El Cacique Dm,full,,,inposdom-via-manuelpgs,,2026-04-28T06:49:00,2026-04-28T06:49:00,1
101588,92002,62,DO,4111,29,,Barrio 30 de Mayo,full,,,inposdom-via-manuelpgs,,2026-04-28T06:49:00,2026-04-28T06:49:00,1
101589,92002,62,DO,4111,29,,Barrio La Gallera,full,,,inposdom-via-manuelpgs,,2026-04-28T06:49:00,2026-04-28T06:49:00,1
101590,92002,62,DO,4111,29,,Centro de la Ciudad,full,,,inposdom-via-manuelpgs,,2026-04-28T06:49:00,2026-04-28T06:49:00,1
101591,92002,62,DO,4111,29,,El Centro,full,,,inposdom-via-manuelpgs,,2026-04-28T06:49:00,2026-04-28T06:49:00,1
101592,92003,62,DO,4111,29,,El Dean Dm,full,,,inposdom-via-manuelpgs,,2026-04-28T06:49:00,2026-04-28T06:49:00,1
101593,92004,62,DO,4111,29,,Hato Arriba,full,,,inposdom-via-manuelpgs,,2026-04-28T06:49:00,2026-04-28T06:49:00,1
101594,92005,62,DO,4111,29,,La Lisa Dm,full,,,inposdom-via-manuelpgs,,2026-04-28T06:49:00,2026-04-28T06:49:00,1
101595,92006,62,DO,4111,29,,Rio Boy Dm,full,,,inposdom-via-manuelpgs,,2026-04-28T06:49:00,2026-04-28T06:49:00,1
101596,92007,62,DO,4111,29,,San Francisco,full,,,inposdom-via-manuelpgs,,2026-04-28T06:49:00,2026-04-28T06:49:00,1
101597,92008,62,DO,4111,29,,Yabacao,full,,,inposdom-via-manuelpgs,,2026-04-28T06:49:00,2026-04-28T06:49:00,1
101598,92009,62,DO,4111,29,,San Jose,full,,,inposdom-via-manuelpgs,,2026-04-28T06:49:00,2026-04-28T06:49:00,1
101599,92101,62,DO,4111,29,,Antn Snchez,full,,,inposdom-via-manuelpgs,,2026-04-28T06:49:00,2026-04-28T06:49:00,1
101600,92102,62,DO,4111,29,,Cojobal,full,,,inposdom-via-manuelpgs,,2026-04-28T06:49:00,2026-04-28T06:49:00,1
101601,92103,62,DO,4111,29,,Comatillo,full,,,inposdom-via-manuelpgs,,2026-04-28T06:49:00,2026-04-28T06:49:00,1
101602,92104,62,DO,4111,29,,Hidalgo,full,,,inposdom-via-manuelpgs,,2026-04-28T06:49:00,2026-04-28T06:49:00,1
101603,92105,62,DO,4111,29,,Trinidad,full,,,inposdom-via-manuelpgs,,2026-04-28T06:49:00,2026-04-28T06:49:00,1
101604,92201,62,DO,4111,29,,Cabeza de Toro,full,,,inposdom-via-manuelpgs,,2026-04-28T06:49:00,2026-04-28T06:49:00,1
101605,92202,62,DO,4111,29,,Juan Snchez,full,,,inposdom-via-manuelpgs,,2026-04-28T06:49:00,2026-04-28T06:49:00,1
101606,92203,62,DO,4111,29,,Majagual Dm,full,,,inposdom-via-manuelpgs,,2026-04-28T06:49:00,2026-04-28T06:49:00,1
101607,92204,62,DO,4111,29,,Payabo,full,,,inposdom-via-manuelpgs,,2026-04-28T06:49:00,2026-04-28T06:49:00,1
101608,92301,62,DO,4111,29,,La Gallina,full,,,inposdom-via-manuelpgs,,2026-04-28T06:49:00,2026-04-28T06:49:00,1
101609,92302,62,DO,4111,29,,Hato Viejo,full,,,inposdom-via-manuelpgs,,2026-04-28T06:49:00,2026-04-28T06:49:00,1
101610,92303,62,DO,4111,29,,Los Jobillos,full,,,inposdom-via-manuelpgs,,2026-04-28T06:49:00,2026-04-28T06:49:00,1
101611,92304,62,DO,4111,29,,Pantoja,full,,,inposdom-via-manuelpgs,,2026-04-28T06:49:00,2026-04-28T06:49:00,1
101612,92305,62,DO,4111,29,,San Antonio,full,,,inposdom-via-manuelpgs,,2026-04-28T06:49:00,2026-04-28T06:49:00,1
101613,92306,62,DO,4111,29,,Esperalvillo,full,,,inposdom-via-manuelpgs,,2026-04-28T06:49:00,2026-04-28T06:49:00,1
101614,92401,62,DO,4111,29,,Centro Penso,full,,,inposdom-via-manuelpgs,,2026-04-28T06:49:00,2026-04-28T06:49:00,1
101615,92402,62,DO,4111,29,,La Cuaba,full,,,inposdom-via-manuelpgs,,2026-04-28T06:49:00,2026-04-28T06:49:00,1
101616,92403,62,DO,4111,29,,La Guazuma,full,,,inposdom-via-manuelpgs,,2026-04-28T06:49:00,2026-04-28T06:49:00,1
101617,92404,62,DO,4111,29,,La Placeta,full,,,inposdom-via-manuelpgs,,2026-04-28T06:49:00,2026-04-28T06:49:00,1
101618,92501,62,DO,4111,29,,Los Limones,full,,,inposdom-via-manuelpgs,,2026-04-28T06:49:00,2026-04-28T06:49:00,1
101619,92502,62,DO,4111,29,,Batey La Tarana Larga de G,full,,,inposdom-via-manuelpgs,,2026-04-28T06:49:00,2026-04-28T06:49:00,1
101620,92506,62,DO,4111,29,,La Yautia,full,,,inposdom-via-manuelpgs,,2026-04-28T06:49:00,2026-04-28T06:49:00,1
101621,92601,62,DO,4111,29,,Los Botados,full,,,inposdom-via-manuelpgs,,2026-04-28T06:49:00,2026-04-28T06:49:00,1
101622,92602,62,DO,4111,29,,Camaron,full,,,inposdom-via-manuelpgs,,2026-04-28T06:49:00,2026-04-28T06:49:00,1
101623,92603,62,DO,4111,29,,La Cola,full,,,inposdom-via-manuelpgs,,2026-04-28T06:49:00,2026-04-28T06:49:00,1
101624,92604,62,DO,4111,29,,La Mayas,full,,,inposdom-via-manuelpgs,,2026-04-28T06:49:00,2026-04-28T06:49:00,1
101625,93001,62,DO,4112,31,,Barrio Rafael,full,,,inposdom-via-manuelpgs,,2026-04-28T06:49:00,2026-04-28T06:49:00,1
101626,93001,62,DO,4112,31,,La Vija,full,,,inposdom-via-manuelpgs,,2026-04-28T06:49:00,2026-04-28T06:49:00,1
101627,93001,62,DO,4112,31,,Las Auyamas,full,,,inposdom-via-manuelpgs,,2026-04-28T06:49:00,2026-04-28T06:49:00,1
101628,93002,62,DO,4112,31,,Clavellina,full,,,inposdom-via-manuelpgs,,2026-04-28T06:49:00,2026-04-28T06:49:00,1
101629,93002,62,DO,4112,31,,La Gina,full,,,inposdom-via-manuelpgs,,2026-04-28T06:49:00,2026-04-28T06:49:00,1
101630,93002,62,DO,4112,31,,Pueblo Abajo,full,,,inposdom-via-manuelpgs,,2026-04-28T06:49:00,2026-04-28T06:49:00,1
101631,93002,62,DO,4112,31,,San Luis,full,,,inposdom-via-manuelpgs,,2026-04-28T06:49:00,2026-04-28T06:49:00,1
101632,93003,62,DO,4112,31,,Los Morones,full,,,inposdom-via-manuelpgs,,2026-04-28T06:49:00,2026-04-28T06:49:00,1
101633,93003,62,DO,4112,31,,Nuestro Esfuerzo,full,,,inposdom-via-manuelpgs,,2026-04-28T06:49:00,2026-04-28T06:49:00,1
101634,93003,62,DO,4112,31,,Res. Los Maestros,full,,,inposdom-via-manuelpgs,,2026-04-28T06:49:00,2026-04-28T06:49:00,1
101635,93003,62,DO,4112,31,,San Antonio,full,,,inposdom-via-manuelpgs,,2026-04-28T06:49:00,2026-04-28T06:49:00,1
101636,93004,62,DO,4112,31,,Juan Luis,full,,,inposdom-via-manuelpgs,,2026-04-28T06:49:00,2026-04-28T06:49:00,1
101637,93005,62,DO,4112,31,,Arroyo Caa,full,,,inposdom-via-manuelpgs,,2026-04-28T06:49:00,2026-04-28T06:49:00,1
101638,93006,62,DO,4112,31,,Mahoma,full,,,inposdom-via-manuelpgs,,2026-04-28T06:49:00,2026-04-28T06:49:00,1
101639,93007,62,DO,4112,31,,Banilejo,full,,,inposdom-via-manuelpgs,,2026-04-28T06:49:00,2026-04-28T06:49:00,1
101640,93008,62,DO,4112,31,,Quita Pea,full,,,inposdom-via-manuelpgs,,2026-04-28T06:49:00,2026-04-28T06:49:00,1
101641,93009,62,DO,4112,31,,Quita Sueo,full,,,inposdom-via-manuelpgs,,2026-04-28T06:49:00,2026-04-28T06:49:00,1
101642,93010,62,DO,4112,31,,Arroyo Bonito,full,,,inposdom-via-manuelpgs,,2026-04-28T06:49:00,2026-04-28T06:49:00,1
101643,93011,62,DO,4112,31,,La Bocana,full,,,inposdom-via-manuelpgs,,2026-04-28T06:49:00,2026-04-28T06:49:00,1
101644,93012,62,DO,4112,31,,Arroyo Manteca,full,,,inposdom-via-manuelpgs,,2026-04-28T06:49:00,2026-04-28T06:49:00,1
101645,93101,62,DO,4112,31,,Las Avispas,full,,,inposdom-via-manuelpgs,,2026-04-28T06:49:00,2026-04-28T06:49:00,1
101646,93102,62,DO,4112,31,,La Marca,full,,,inposdom-via-manuelpgs,,2026-04-28T06:49:00,2026-04-28T06:49:00,1
101647,93103,62,DO,4112,31,,La Cumbre,full,,,inposdom-via-manuelpgs,,2026-04-28T06:49:00,2026-04-28T06:49:00,1
101648,93104,62,DO,4112,31,,Nizao,full,,,inposdom-via-manuelpgs,,2026-04-28T06:49:00,2026-04-28T06:49:00,1
101649,93105,62,DO,4112,31,,La Cienaga,full,,,inposdom-via-manuelpgs,,2026-04-28T06:49:00,2026-04-28T06:49:00,1
101650,93106,62,DO,4112,31,,El Rosalito,full,,,inposdom-via-manuelpgs,,2026-04-28T06:49:00,2026-04-28T06:49:00,1
101651,93107,62,DO,4112,31,,Naranjal,full,,,inposdom-via-manuelpgs,,2026-04-28T06:49:00,2026-04-28T06:49:00,1
101652,93108,62,DO,4112,31,,Derrumbao,full,,,inposdom-via-manuelpgs,,2026-04-28T06:49:00,2026-04-28T06:49:00,1
101653,93109,62,DO,4112,31,,Los Peas,full,,,inposdom-via-manuelpgs,,2026-04-28T06:49:00,2026-04-28T06:49:00,1
101654,93110,62,DO,4112,31,,El Tamarindo,full,,,inposdom-via-manuelpgs,,2026-04-28T06:49:00,2026-04-28T06:49:00,1
101655,93111,62,DO,4112,31,,Los Anones,full,,,inposdom-via-manuelpgs,,2026-04-28T06:49:00,2026-04-28T06:49:00,1
101656,93112,62,DO,4112,31,,Limn,full,,,inposdom-via-manuelpgs,,2026-04-28T06:49:00,2026-04-28T06:49:00,1
101657,93113,62,DO,4112,31,,Monte Arriba,full,,,inposdom-via-manuelpgs,,2026-04-28T06:49:00,2026-04-28T06:49:00,1
101658,93114,62,DO,4112,31,,Los Ranchitos,full,,,inposdom-via-manuelpgs,,2026-04-28T06:49:00,2026-04-28T06:49:00,1
101659,93115,62,DO,4112,31,,El Pinar,full,,,inposdom-via-manuelpgs,,2026-04-28T06:49:00,2026-04-28T06:49:00,1
101660,93116,62,DO,4112,31,,Bejucal,full,,,inposdom-via-manuelpgs,,2026-04-28T06:49:00,2026-04-28T06:49:00,1
101661,93117,62,DO,4112,31,,La Cienaga,full,,,inposdom-via-manuelpgs,,2026-04-28T06:49:00,2026-04-28T06:49:00,1
101662,93118,62,DO,4112,31,,Los Caimitos,full,,,inposdom-via-manuelpgs,,2026-04-28T06:49:00,2026-04-28T06:49:00,1
101663,93119,62,DO,4112,31,,Los Manaclares,full,,,inposdom-via-manuelpgs,,2026-04-28T06:49:00,2026-04-28T06:49:00,1
101664,93120,62,DO,4112,31,,La Horma,full,,,inposdom-via-manuelpgs,,2026-04-28T06:49:00,2026-04-28T06:49:00,1
101665,93121,62,DO,4112,31,,La Nuez,full,,,inposdom-via-manuelpgs,,2026-04-28T06:49:00,2026-04-28T06:49:00,1
101666,93122,62,DO,4112,31,,Las Auyamas,full,,,inposdom-via-manuelpgs,,2026-04-28T06:49:00,2026-04-28T06:49:00,1
101667,93123,62,DO,4112,31,,Arroyo Caa,full,,,inposdom-via-manuelpgs,,2026-04-28T06:49:00,2026-04-28T06:49:00,1
101668,94001,62,DO,4096,17,,30 de Mayo,full,,,inposdom-via-manuelpgs,,2026-04-28T06:49:00,2026-04-28T06:49:00,1
101669,94001,62,DO,4112,31,,Las Barias,full,,,inposdom-via-manuelpgs,,2026-04-28T06:49:00,2026-04-28T06:49:00,1
101670,94001,62,DO,4096,17,,Mejoramiento Social,full,,,inposdom-via-manuelpgs,,2026-04-28T06:49:00,2026-04-28T06:49:00,1
101671,94002,62,DO,4096,17,,Barrio Santa Ana,full,,,inposdom-via-manuelpgs,,2026-04-28T06:49:00,2026-04-28T06:49:00,1
101672,94002,62,DO,4112,31,,Boca Canasta,full,,,inposdom-via-manuelpgs,,2026-04-28T06:49:00,2026-04-28T06:49:00,1
101673,94002,62,DO,4096,17,,Las Marias,full,,,inposdom-via-manuelpgs,,2026-04-28T06:49:00,2026-04-28T06:49:00,1
101674,94002,62,DO,4096,17,,Res. Claudia,full,,,inposdom-via-manuelpgs,,2026-04-28T06:49:00,2026-04-28T06:49:00,1
101675,94002,62,DO,4096,17,,Res. Maria Del Carmen,full,,,inposdom-via-manuelpgs,,2026-04-28T06:49:00,2026-04-28T06:49:00,1
101676,94003,62,DO,4112,31,,Las Calderas,full,,,inposdom-via-manuelpgs,,2026-04-28T06:49:00,2026-04-28T06:49:00,1
101677,94003,62,DO,4096,17,,Res. Brisas Del Canal,full,,,inposdom-via-manuelpgs,,2026-04-28T06:49:00,2026-04-28T06:49:00,1
101678,94003,62,DO,4096,17,,Res. Hermanos Serret,full,,,inposdom-via-manuelpgs,,2026-04-28T06:49:00,2026-04-28T06:49:00,1
101679,94003,62,DO,4096,17,,Santa Rosa,full,,,inposdom-via-manuelpgs,,2026-04-28T06:49:00,2026-04-28T06:49:00,1
101680,94003,62,DO,4096,17,,Urb. Maximo Gomez,full,,,inposdom-via-manuelpgs,,2026-04-28T06:49:00,2026-04-28T06:49:00,1
101681,94004,62,DO,4096,17,,Brisas Del Guazuma,full,,,inposdom-via-manuelpgs,,2026-04-28T06:49:00,2026-04-28T06:49:00,1
101682,94004,62,DO,4112,31,,Caafistol,full,,,inposdom-via-manuelpgs,,2026-04-28T06:49:00,2026-04-28T06:49:00,1
101683,94004,62,DO,4096,17,,Villa Majega,full,,,inposdom-via-manuelpgs,,2026-04-28T06:49:00,2026-04-28T06:49:00,1
101684,94005,62,DO,4112,31,,El Carreton Dm,full,,,inposdom-via-manuelpgs,,2026-04-28T06:49:00,2026-04-28T06:49:00,1
101685,94005,62,DO,4096,17,,El Fundo,full,,,inposdom-via-manuelpgs,,2026-04-28T06:49:00,2026-04-28T06:49:00,1
101686,94005,62,DO,4096,17,,Los Barrancones,full,,,inposdom-via-manuelpgs,,2026-04-28T06:49:00,2026-04-28T06:49:00,1
101687,94005,62,DO,4096,17,,Pueblo Nuevo,full,,,inposdom-via-manuelpgs,,2026-04-28T06:49:00,2026-04-28T06:49:00,1
101688,94005,62,DO,4096,17,,Santa Cruz,full,,,inposdom-via-manuelpgs,,2026-04-28T06:49:00,2026-04-28T06:49:00,1
101689,94005,62,DO,4096,17,,Villa Carmen,full,,,inposdom-via-manuelpgs,,2026-04-28T06:49:00,2026-04-28T06:49:00,1
101690,94005,62,DO,4096,17,,Villa David,full,,,inposdom-via-manuelpgs,,2026-04-28T06:49:00,2026-04-28T06:49:00,1
101691,94006,62,DO,4112,31,,Los Cateyes,full,,,inposdom-via-manuelpgs,,2026-04-28T06:49:00,2026-04-28T06:49:00,1
101692,94007,62,DO,4112,31,,Boca Canasta,full,,,inposdom-via-manuelpgs,,2026-04-28T06:49:00,2026-04-28T06:49:00,1
101693,94008,62,DO,4112,31,,Honduras,full,,,inposdom-via-manuelpgs,,2026-04-28T06:49:00,2026-04-28T06:49:00,1
101694,94009,62,DO,4112,31,,Iguana,full,,,inposdom-via-manuelpgs,,2026-04-28T06:49:00,2026-04-28T06:49:00,1
101695,94010,62,DO,4112,31,,Limonal Dm,full,,,inposdom-via-manuelpgs,,2026-04-28T06:49:00,2026-04-28T06:49:00,1
101696,94011,62,DO,4112,31,,El Llano,full,,,inposdom-via-manuelpgs,,2026-04-28T06:49:00,2026-04-28T06:49:00,1
101697,94012,62,DO,4112,31,,La Montera,full,,,inposdom-via-manuelpgs,,2026-04-28T06:49:00,2026-04-28T06:49:00,1
101698,94101,62,DO,4096,17,,Don Gregorio,full,,,inposdom-via-manuelpgs,,2026-04-28T06:49:00,2026-04-28T06:49:00,1
101699,94102,62,DO,4096,17,,Lucas Diaz,full,,,inposdom-via-manuelpgs,,2026-04-28T06:49:00,2026-04-28T06:49:00,1
101700,94103,62,DO,4096,17,,Santana Dm,full,,,inposdom-via-manuelpgs,,2026-04-28T06:49:00,2026-04-28T06:49:00,1
101701,94104,62,DO,4096,17,,Yiyos Gomez,full,,,inposdom-via-manuelpgs,,2026-04-28T06:49:00,2026-04-28T06:49:00,1
101702,94301,62,DO,4096,17,,Las Carreras,full,,,inposdom-via-manuelpgs,,2026-04-28T06:49:00,2026-04-28T06:49:00,1
101703,94302,62,DO,4096,17,,Los Ranchitos,full,,,inposdom-via-manuelpgs,,2026-04-28T06:49:00,2026-04-28T06:49:00,1
101704,94303,62,DO,4096,17,,Quija Quieta,full,,,inposdom-via-manuelpgs,,2026-04-28T06:49:00,2026-04-28T06:49:00,1
101705,94304,62,DO,4096,17,,Arroyo Hondo,full,,,inposdom-via-manuelpgs,,2026-04-28T06:49:00,2026-04-28T06:49:00,1
101706,94305,62,DO,4096,17,,Las Calderas,full,,,inposdom-via-manuelpgs,,2026-04-28T06:49:00,2026-04-28T06:49:00,1
101707,94306,62,DO,4096,17,,Las Dunas,full,,,inposdom-via-manuelpgs,,2026-04-28T06:49:00,2026-04-28T06:49:00,1
101708,94307,62,DO,4096,17,,Las Salinas,full,,,inposdom-via-manuelpgs,,2026-04-28T06:49:00,2026-04-28T06:49:00,1
101709,94308,62,DO,4096,17,,Matanza Dm,full,,,inposdom-via-manuelpgs,,2026-04-28T06:49:00,2026-04-28T06:49:00,1
101710,94309,62,DO,4096,17,,Villa Guerra,full,,,inposdom-via-manuelpgs,,2026-04-28T06:49:00,2026-04-28T06:49:00,1
101711,94310,62,DO,4096,17,,Sabana Indio,full,,,inposdom-via-manuelpgs,,2026-04-28T06:49:00,2026-04-28T06:49:00,1
101712,94311,62,DO,4096,17,,La Montera,full,,,inposdom-via-manuelpgs,,2026-04-28T06:49:00,2026-04-28T06:49:00,1
101713,94312,62,DO,4096,17,,Arroyo La Angostura,full,,,inposdom-via-manuelpgs,,2026-04-28T06:49:00,2026-04-28T06:49:00,1
101714,94313,62,DO,4096,17,,Galen,full,,,inposdom-via-manuelpgs,,2026-04-28T06:49:00,2026-04-28T06:49:00,1
101715,94314,62,DO,4096,17,,Loma Las Tablas,full,,,inposdom-via-manuelpgs,,2026-04-28T06:49:00,2026-04-28T06:49:00,1
101716,94315,62,DO,4096,17,,Cruce de Ocoa,full,,,inposdom-via-manuelpgs,,2026-04-28T06:49:00,2026-04-28T06:49:00,1
101717,94316,62,DO,4096,17,,Las Carreras,full,,,inposdom-via-manuelpgs,,2026-04-28T06:49:00,2026-04-28T06:49:00,1
101718,94317,62,DO,4096,17,,Honduras,full,,,inposdom-via-manuelpgs,,2026-04-28T06:49:00,2026-04-28T06:49:00,1
101719,94318,62,DO,4096,17,,Matadero,full,,,inposdom-via-manuelpgs,,2026-04-28T06:49:00,2026-04-28T06:49:00,1
101720,94319,62,DO,4096,17,,La Catalina Dm,full,,,inposdom-via-manuelpgs,,2026-04-28T06:49:00,2026-04-28T06:49:00,1
101721,94320,62,DO,4096,17,,La Noria,full,,,inposdom-via-manuelpgs,,2026-04-28T06:49:00,2026-04-28T06:49:00,1
101722,94321,62,DO,4096,17,,El Carreton Dm,full,,,inposdom-via-manuelpgs,,2026-04-28T06:49:00,2026-04-28T06:49:00,1
101723,94322,62,DO,4096,17,,Escondido,full,,,inposdom-via-manuelpgs,,2026-04-28T06:49:00,2026-04-28T06:49:00,1
101724,94323,62,DO,4096,17,,Paya Dm,full,,,inposdom-via-manuelpgs,,2026-04-28T06:49:00,2026-04-28T06:49:00,1
101725,94324,62,DO,4096,17,,Fundacion,full,,,inposdom-via-manuelpgs,,2026-04-28T06:49:00,2026-04-28T06:49:00,1
101726,94325,62,DO,4096,17,,Boca Canasta,full,,,inposdom-via-manuelpgs,,2026-04-28T06:49:00,2026-04-28T06:49:00,1
101727,94326,62,DO,4096,17,,El Llano,full,,,inposdom-via-manuelpgs,,2026-04-28T06:49:00,2026-04-28T06:49:00,1
101728,94327,62,DO,4096,17,,Caafistol,full,,,inposdom-via-manuelpgs,,2026-04-28T06:49:00,2026-04-28T06:49:00,1
101729,94327,62,DO,4096,17,,Villa Sombrero Dm,full,,,inposdom-via-manuelpgs,,2026-04-28T06:49:00,2026-04-28T06:49:00,1
101730,94328,62,DO,4096,17,,Las Tablas,full,,,inposdom-via-manuelpgs,,2026-04-28T06:49:00,2026-04-28T06:49:00,1
101731,94329,62,DO,4096,17,,El Buey,full,,,inposdom-via-manuelpgs,,2026-04-28T06:49:00,2026-04-28T06:49:00,1
101732,94330,62,DO,4096,17,,Los Cateyes,full,,,inposdom-via-manuelpgs,,2026-04-28T06:49:00,2026-04-28T06:49:00,1
101733,94331,62,DO,4096,17,,Loma de Valvacoa,full,,,inposdom-via-manuelpgs,,2026-04-28T06:49:00,2026-04-28T06:49:00,1
101734,94332,62,DO,4096,17,,Monte Llano,full,,,inposdom-via-manuelpgs,,2026-04-28T06:49:00,2026-04-28T06:49:00,1
101735,94333,62,DO,4096,17,,La Bejuquera,full,,,inposdom-via-manuelpgs,,2026-04-28T06:49:00,2026-04-28T06:49:00,1
101736,94334,62,DO,4096,17,,Valdesia,full,,,inposdom-via-manuelpgs,,2026-04-28T06:49:00,2026-04-28T06:49:00,1
101737,94335,62,DO,4096,17,,El Recodo,full,,,inposdom-via-manuelpgs,,2026-04-28T06:49:00,2026-04-28T06:49:00,1
101738,94336,62,DO,4096,17,,Iguana,full,,,inposdom-via-manuelpgs,,2026-04-28T06:49:00,2026-04-28T06:49:00,1
101739,94337,62,DO,4096,17,,Las Barias,full,,,inposdom-via-manuelpgs,,2026-04-28T06:49:00,2026-04-28T06:49:00,1
101740,94338,62,DO,4096,17,,Las Yeguas,full,,,inposdom-via-manuelpgs,,2026-04-28T06:49:00,2026-04-28T06:49:00,1
101741,94339,62,DO,4096,17,,Arroyo Salado,full,,,inposdom-via-manuelpgs,,2026-04-28T06:49:00,2026-04-28T06:49:00,1
101742,94340,62,DO,4096,17,,Roblegal,full,,,inposdom-via-manuelpgs,,2026-04-28T06:49:00,2026-04-28T06:49:00,1
101743,94341,62,DO,4096,17,,Sabana Larga,full,,,inposdom-via-manuelpgs,,2026-04-28T06:49:00,2026-04-28T06:49:00,1
101744,94342,62,DO,4096,17,,Limonal Dm,full,,,inposdom-via-manuelpgs,,2026-04-28T06:49:00,2026-04-28T06:49:00,1
101745,94343,62,DO,4096,17,,Pizarrete Dm,full,,,inposdom-via-manuelpgs,,2026-04-28T06:49:00,2026-04-28T06:49:00,1
101746,94344,62,DO,4096,17,,Santana Dm,full,,,inposdom-via-manuelpgs,,2026-04-28T06:49:00,2026-04-28T06:49:00,1
101747,94401,62,DO,4096,17,,El Palmarito,full,,,inposdom-via-manuelpgs,,2026-04-28T06:49:00,2026-04-28T06:49:00,1
101748,94402,62,DO,4096,17,,Gualey,full,,,inposdom-via-manuelpgs,,2026-04-28T06:49:00,2026-04-28T06:49:00,1
