id,code,country_id,country_code,state_id,state_code,city_id,locality_name,type,latitude,longitude,source,wikiDataId,created_at,updated_at,flag
119942,1007,99,HU,1064,BU,,Budapest 13. ker.,full,,,magyar-posta-via-ferenci-tamas,,2026-04-28T06:49:01,2026-04-28T06:49:01,1
119943,1011,99,HU,1064,BU,,Budapest 01. ker.,full,,,magyar-posta-via-ferenci-tamas,,2026-04-28T06:49:01,2026-04-28T06:49:01,1
119944,1012,99,HU,1064,BU,,Budapest 01. ker.,full,,,magyar-posta-via-ferenci-tamas,,2026-04-28T06:49:01,2026-04-28T06:49:01,1
119945,1013,99,HU,1064,BU,,Budapest 01. ker.,full,,,magyar-posta-via-ferenci-tamas,,2026-04-28T06:49:01,2026-04-28T06:49:01,1
119946,1014,99,HU,1064,BU,,Budapest 01. ker.,full,,,magyar-posta-via-ferenci-tamas,,2026-04-28T06:49:01,2026-04-28T06:49:01,1
119947,1015,99,HU,1064,BU,,Budapest 01. ker.,full,,,magyar-posta-via-ferenci-tamas,,2026-04-28T06:49:01,2026-04-28T06:49:01,1
119948,1016,99,HU,1064,BU,,Budapest 01. ker.,full,,,magyar-posta-via-ferenci-tamas,,2026-04-28T06:49:01,2026-04-28T06:49:01,1
119949,1021,99,HU,1064,BU,,Budapest 02. ker.,full,,,magyar-posta-via-ferenci-tamas,,2026-04-28T06:49:01,2026-04-28T06:49:01,1
119950,1022,99,HU,1064,BU,,Budapest 02. ker.,full,,,magyar-posta-via-ferenci-tamas,,2026-04-28T06:49:01,2026-04-28T06:49:01,1
119951,1023,99,HU,1064,BU,,Budapest 02. ker.,full,,,magyar-posta-via-ferenci-tamas,,2026-04-28T06:49:01,2026-04-28T06:49:01,1
119952,1024,99,HU,1064,BU,,Budapest 02. ker.,full,,,magyar-posta-via-ferenci-tamas,,2026-04-28T06:49:01,2026-04-28T06:49:01,1
119953,1025,99,HU,1064,BU,,Budapest 02. ker.,full,,,magyar-posta-via-ferenci-tamas,,2026-04-28T06:49:01,2026-04-28T06:49:01,1
119954,1026,99,HU,1064,BU,,Budapest 02. ker.,full,,,magyar-posta-via-ferenci-tamas,,2026-04-28T06:49:01,2026-04-28T06:49:01,1
119955,1027,99,HU,1064,BU,,Budapest 02. ker.,full,,,magyar-posta-via-ferenci-tamas,,2026-04-28T06:49:01,2026-04-28T06:49:01,1
119956,1028,99,HU,1064,BU,,Budapest 02. ker.,full,,,magyar-posta-via-ferenci-tamas,,2026-04-28T06:49:01,2026-04-28T06:49:01,1
119957,1029,99,HU,1064,BU,,Budapest 02. ker.,full,,,magyar-posta-via-ferenci-tamas,,2026-04-28T06:49:01,2026-04-28T06:49:01,1
119958,1031,99,HU,1064,BU,,Budapest 03. ker.,full,,,magyar-posta-via-ferenci-tamas,,2026-04-28T06:49:01,2026-04-28T06:49:01,1
119959,1032,99,HU,1064,BU,,Budapest 03. ker.,full,,,magyar-posta-via-ferenci-tamas,,2026-04-28T06:49:01,2026-04-28T06:49:01,1
119960,1033,99,HU,1064,BU,,Budapest 03. ker.,full,,,magyar-posta-via-ferenci-tamas,,2026-04-28T06:49:01,2026-04-28T06:49:01,1
119961,1034,99,HU,1064,BU,,Budapest 03. ker.,full,,,magyar-posta-via-ferenci-tamas,,2026-04-28T06:49:01,2026-04-28T06:49:01,1
119962,1035,99,HU,1064,BU,,Budapest 03. ker.,full,,,magyar-posta-via-ferenci-tamas,,2026-04-28T06:49:01,2026-04-28T06:49:01,1
119963,1036,99,HU,1064,BU,,Budapest 03. ker.,full,,,magyar-posta-via-ferenci-tamas,,2026-04-28T06:49:01,2026-04-28T06:49:01,1
119964,1037,99,HU,1064,BU,,Budapest 03. ker.,full,,,magyar-posta-via-ferenci-tamas,,2026-04-28T06:49:01,2026-04-28T06:49:01,1
119965,1038,99,HU,1064,BU,,Budapest 03. ker.,full,,,magyar-posta-via-ferenci-tamas,,2026-04-28T06:49:01,2026-04-28T06:49:01,1
119966,1039,99,HU,1064,BU,,Budapest 03. ker.,full,,,magyar-posta-via-ferenci-tamas,,2026-04-28T06:49:01,2026-04-28T06:49:01,1
119967,1041,99,HU,1064,BU,,Budapest 04. ker.,full,,,magyar-posta-via-ferenci-tamas,,2026-04-28T06:49:01,2026-04-28T06:49:01,1
119968,1042,99,HU,1064,BU,,Budapest 04. ker.,full,,,magyar-posta-via-ferenci-tamas,,2026-04-28T06:49:01,2026-04-28T06:49:01,1
119969,1043,99,HU,1064,BU,,Budapest 04. ker.,full,,,magyar-posta-via-ferenci-tamas,,2026-04-28T06:49:01,2026-04-28T06:49:01,1
119970,1044,99,HU,1064,BU,,Budapest 04. ker.,full,,,magyar-posta-via-ferenci-tamas,,2026-04-28T06:49:01,2026-04-28T06:49:01,1
119971,1045,99,HU,1064,BU,,Budapest 04. ker.,full,,,magyar-posta-via-ferenci-tamas,,2026-04-28T06:49:01,2026-04-28T06:49:01,1
119972,1046,99,HU,1064,BU,,Budapest 04. ker.,full,,,magyar-posta-via-ferenci-tamas,,2026-04-28T06:49:01,2026-04-28T06:49:01,1
119973,1047,99,HU,1064,BU,,Budapest 04. ker.,full,,,magyar-posta-via-ferenci-tamas,,2026-04-28T06:49:01,2026-04-28T06:49:01,1
119974,1048,99,HU,1064,BU,,Budapest 04. ker.,full,,,magyar-posta-via-ferenci-tamas,,2026-04-28T06:49:01,2026-04-28T06:49:01,1
119975,1051,99,HU,1064,BU,,Budapest 05. ker.,full,,,magyar-posta-via-ferenci-tamas,,2026-04-28T06:49:01,2026-04-28T06:49:01,1
119976,1052,99,HU,1064,BU,,Budapest 05. ker.,full,,,magyar-posta-via-ferenci-tamas,,2026-04-28T06:49:01,2026-04-28T06:49:01,1
119977,1053,99,HU,1064,BU,,Budapest 05. ker.,full,,,magyar-posta-via-ferenci-tamas,,2026-04-28T06:49:01,2026-04-28T06:49:01,1
119978,1054,99,HU,1064,BU,,Budapest 05. ker.,full,,,magyar-posta-via-ferenci-tamas,,2026-04-28T06:49:01,2026-04-28T06:49:01,1
119979,1055,99,HU,1064,BU,,Budapest 05. ker.,full,,,magyar-posta-via-ferenci-tamas,,2026-04-28T06:49:01,2026-04-28T06:49:01,1
119980,1056,99,HU,1064,BU,,Budapest 05. ker.,full,,,magyar-posta-via-ferenci-tamas,,2026-04-28T06:49:01,2026-04-28T06:49:01,1
119981,1061,99,HU,1064,BU,,Budapest 06. ker.,full,,,magyar-posta-via-ferenci-tamas,,2026-04-28T06:49:01,2026-04-28T06:49:01,1
119982,1062,99,HU,1064,BU,,Budapest 06. ker.,full,,,magyar-posta-via-ferenci-tamas,,2026-04-28T06:49:01,2026-04-28T06:49:01,1
119983,1063,99,HU,1064,BU,,Budapest 06. ker.,full,,,magyar-posta-via-ferenci-tamas,,2026-04-28T06:49:01,2026-04-28T06:49:01,1
119984,1064,99,HU,1064,BU,,Budapest 06. ker.,full,,,magyar-posta-via-ferenci-tamas,,2026-04-28T06:49:01,2026-04-28T06:49:01,1
119985,1065,99,HU,1064,BU,,Budapest 06. ker.,full,,,magyar-posta-via-ferenci-tamas,,2026-04-28T06:49:01,2026-04-28T06:49:01,1
119986,1066,99,HU,1064,BU,,Budapest 06. ker.,full,,,magyar-posta-via-ferenci-tamas,,2026-04-28T06:49:01,2026-04-28T06:49:01,1
119987,1067,99,HU,1064,BU,,Budapest 06. ker.,full,,,magyar-posta-via-ferenci-tamas,,2026-04-28T06:49:01,2026-04-28T06:49:01,1
119988,1068,99,HU,1064,BU,,Budapest 06. ker.,full,,,magyar-posta-via-ferenci-tamas,,2026-04-28T06:49:01,2026-04-28T06:49:01,1
119989,1071,99,HU,1064,BU,,Budapest 07. ker.,full,,,magyar-posta-via-ferenci-tamas,,2026-04-28T06:49:01,2026-04-28T06:49:01,1
119990,1072,99,HU,1064,BU,,Budapest 07. ker.,full,,,magyar-posta-via-ferenci-tamas,,2026-04-28T06:49:01,2026-04-28T06:49:01,1
119991,1073,99,HU,1064,BU,,Budapest 07. ker.,full,,,magyar-posta-via-ferenci-tamas,,2026-04-28T06:49:01,2026-04-28T06:49:01,1
119992,1074,99,HU,1064,BU,,Budapest 07. ker.,full,,,magyar-posta-via-ferenci-tamas,,2026-04-28T06:49:01,2026-04-28T06:49:01,1
119993,1075,99,HU,1064,BU,,Budapest 07. ker.,full,,,magyar-posta-via-ferenci-tamas,,2026-04-28T06:49:01,2026-04-28T06:49:01,1
119994,1076,99,HU,1064,BU,,Budapest 07. ker.,full,,,magyar-posta-via-ferenci-tamas,,2026-04-28T06:49:01,2026-04-28T06:49:01,1
119995,1077,99,HU,1064,BU,,Budapest 07. ker.,full,,,magyar-posta-via-ferenci-tamas,,2026-04-28T06:49:01,2026-04-28T06:49:01,1
119996,1078,99,HU,1064,BU,,Budapest 07. ker.,full,,,magyar-posta-via-ferenci-tamas,,2026-04-28T06:49:01,2026-04-28T06:49:01,1
119997,1081,99,HU,1064,BU,,Budapest 08. ker.,full,,,magyar-posta-via-ferenci-tamas,,2026-04-28T06:49:01,2026-04-28T06:49:01,1
119998,1082,99,HU,1064,BU,,Budapest 08. ker.,full,,,magyar-posta-via-ferenci-tamas,,2026-04-28T06:49:01,2026-04-28T06:49:01,1
119999,1083,99,HU,1064,BU,,Budapest 08. ker.,full,,,magyar-posta-via-ferenci-tamas,,2026-04-28T06:49:01,2026-04-28T06:49:01,1
120000,1084,99,HU,1064,BU,,Budapest 08. ker.,full,,,magyar-posta-via-ferenci-tamas,,2026-04-28T06:49:01,2026-04-28T06:49:01,1
120001,1085,99,HU,1064,BU,,Budapest 08. ker.,full,,,magyar-posta-via-ferenci-tamas,,2026-04-28T06:49:01,2026-04-28T06:49:01,1
120002,1086,99,HU,1064,BU,,Budapest 08. ker.,full,,,magyar-posta-via-ferenci-tamas,,2026-04-28T06:49:01,2026-04-28T06:49:01,1
120003,1087,99,HU,1064,BU,,Budapest 08. ker.,full,,,magyar-posta-via-ferenci-tamas,,2026-04-28T06:49:01,2026-04-28T06:49:01,1
120004,1088,99,HU,1064,BU,,Budapest 08. ker.,full,,,magyar-posta-via-ferenci-tamas,,2026-04-28T06:49:01,2026-04-28T06:49:01,1
120005,1089,99,HU,1064,BU,,Budapest 08. ker.,full,,,magyar-posta-via-ferenci-tamas,,2026-04-28T06:49:01,2026-04-28T06:49:01,1
120006,1091,99,HU,1064,BU,,Budapest 09. ker.,full,,,magyar-posta-via-ferenci-tamas,,2026-04-28T06:49:01,2026-04-28T06:49:01,1
120007,1092,99,HU,1064,BU,,Budapest 09. ker.,full,,,magyar-posta-via-ferenci-tamas,,2026-04-28T06:49:01,2026-04-28T06:49:01,1
120008,1093,99,HU,1064,BU,,Budapest 09. ker.,full,,,magyar-posta-via-ferenci-tamas,,2026-04-28T06:49:01,2026-04-28T06:49:01,1
120009,1094,99,HU,1064,BU,,Budapest 09. ker.,full,,,magyar-posta-via-ferenci-tamas,,2026-04-28T06:49:01,2026-04-28T06:49:01,1
120010,1095,99,HU,1064,BU,,Budapest 09. ker.,full,,,magyar-posta-via-ferenci-tamas,,2026-04-28T06:49:01,2026-04-28T06:49:01,1
120011,1096,99,HU,1064,BU,,Budapest 09. ker.,full,,,magyar-posta-via-ferenci-tamas,,2026-04-28T06:49:01,2026-04-28T06:49:01,1
120012,1097,99,HU,1064,BU,,Budapest 09. ker.,full,,,magyar-posta-via-ferenci-tamas,,2026-04-28T06:49:01,2026-04-28T06:49:01,1
120013,1098,99,HU,1064,BU,,Budapest 09. ker.,full,,,magyar-posta-via-ferenci-tamas,,2026-04-28T06:49:01,2026-04-28T06:49:01,1
120014,1101,99,HU,1064,BU,,Budapest 10. ker.,full,,,magyar-posta-via-ferenci-tamas,,2026-04-28T06:49:01,2026-04-28T06:49:01,1
120015,1102,99,HU,1064,BU,,Budapest 10. ker.,full,,,magyar-posta-via-ferenci-tamas,,2026-04-28T06:49:01,2026-04-28T06:49:01,1
120016,1103,99,HU,1064,BU,,Budapest 10. ker.,full,,,magyar-posta-via-ferenci-tamas,,2026-04-28T06:49:01,2026-04-28T06:49:01,1
120017,1104,99,HU,1064,BU,,Budapest 10. ker.,full,,,magyar-posta-via-ferenci-tamas,,2026-04-28T06:49:01,2026-04-28T06:49:01,1
120018,1105,99,HU,1064,BU,,Budapest 10. ker.,full,,,magyar-posta-via-ferenci-tamas,,2026-04-28T06:49:01,2026-04-28T06:49:01,1
120019,1106,99,HU,1064,BU,,Budapest 10. ker.,full,,,magyar-posta-via-ferenci-tamas,,2026-04-28T06:49:01,2026-04-28T06:49:01,1
120020,1107,99,HU,1064,BU,,Budapest 10. ker.,full,,,magyar-posta-via-ferenci-tamas,,2026-04-28T06:49:01,2026-04-28T06:49:01,1
120021,1108,99,HU,1064,BU,,Budapest 10. ker.,full,,,magyar-posta-via-ferenci-tamas,,2026-04-28T06:49:01,2026-04-28T06:49:01,1
120022,1111,99,HU,1064,BU,,Budapest 11. ker.,full,,,magyar-posta-via-ferenci-tamas,,2026-04-28T06:49:01,2026-04-28T06:49:01,1
120023,1112,99,HU,1064,BU,,Budapest 11. ker.,full,,,magyar-posta-via-ferenci-tamas,,2026-04-28T06:49:01,2026-04-28T06:49:01,1
120024,1113,99,HU,1064,BU,,Budapest 11. ker.,full,,,magyar-posta-via-ferenci-tamas,,2026-04-28T06:49:01,2026-04-28T06:49:01,1
120025,1114,99,HU,1064,BU,,Budapest 11. ker.,full,,,magyar-posta-via-ferenci-tamas,,2026-04-28T06:49:01,2026-04-28T06:49:01,1
120026,1115,99,HU,1064,BU,,Budapest 11. ker.,full,,,magyar-posta-via-ferenci-tamas,,2026-04-28T06:49:01,2026-04-28T06:49:01,1
120027,1116,99,HU,1064,BU,,Budapest 11. ker.,full,,,magyar-posta-via-ferenci-tamas,,2026-04-28T06:49:01,2026-04-28T06:49:01,1
120028,1117,99,HU,1064,BU,,Budapest 11. ker.,full,,,magyar-posta-via-ferenci-tamas,,2026-04-28T06:49:01,2026-04-28T06:49:01,1
120029,1118,99,HU,1064,BU,,Budapest 11. ker.,full,,,magyar-posta-via-ferenci-tamas,,2026-04-28T06:49:01,2026-04-28T06:49:01,1
120030,1119,99,HU,1064,BU,,Budapest 11. ker.,full,,,magyar-posta-via-ferenci-tamas,,2026-04-28T06:49:01,2026-04-28T06:49:01,1
120031,1121,99,HU,1064,BU,,Budapest 12. ker.,full,,,magyar-posta-via-ferenci-tamas,,2026-04-28T06:49:01,2026-04-28T06:49:01,1
120032,1122,99,HU,1064,BU,,Budapest 12. ker.,full,,,magyar-posta-via-ferenci-tamas,,2026-04-28T06:49:01,2026-04-28T06:49:01,1
120033,1123,99,HU,1064,BU,,Budapest 12. ker.,full,,,magyar-posta-via-ferenci-tamas,,2026-04-28T06:49:01,2026-04-28T06:49:01,1
120034,1124,99,HU,1064,BU,,Budapest 12. ker.,full,,,magyar-posta-via-ferenci-tamas,,2026-04-28T06:49:01,2026-04-28T06:49:01,1
120035,1125,99,HU,1064,BU,,Budapest 12. ker.,full,,,magyar-posta-via-ferenci-tamas,,2026-04-28T06:49:01,2026-04-28T06:49:01,1
120036,1126,99,HU,1064,BU,,Budapest 12. ker.,full,,,magyar-posta-via-ferenci-tamas,,2026-04-28T06:49:01,2026-04-28T06:49:01,1
120037,1131,99,HU,1064,BU,,Budapest 13. ker.,full,,,magyar-posta-via-ferenci-tamas,,2026-04-28T06:49:01,2026-04-28T06:49:01,1
120038,1132,99,HU,1064,BU,,Budapest 13. ker.,full,,,magyar-posta-via-ferenci-tamas,,2026-04-28T06:49:01,2026-04-28T06:49:01,1
120039,1133,99,HU,1064,BU,,Budapest 13. ker.,full,,,magyar-posta-via-ferenci-tamas,,2026-04-28T06:49:01,2026-04-28T06:49:01,1
120040,1134,99,HU,1064,BU,,Budapest 13. ker.,full,,,magyar-posta-via-ferenci-tamas,,2026-04-28T06:49:01,2026-04-28T06:49:01,1
120041,1135,99,HU,1064,BU,,Budapest 13. ker.,full,,,magyar-posta-via-ferenci-tamas,,2026-04-28T06:49:01,2026-04-28T06:49:01,1
120042,1136,99,HU,1064,BU,,Budapest 13. ker.,full,,,magyar-posta-via-ferenci-tamas,,2026-04-28T06:49:01,2026-04-28T06:49:01,1
120043,1137,99,HU,1064,BU,,Budapest 13. ker.,full,,,magyar-posta-via-ferenci-tamas,,2026-04-28T06:49:01,2026-04-28T06:49:01,1
120044,1138,99,HU,1064,BU,,Budapest 13. ker.,full,,,magyar-posta-via-ferenci-tamas,,2026-04-28T06:49:01,2026-04-28T06:49:01,1
120045,1139,99,HU,1064,BU,,Budapest 13. ker.,full,,,magyar-posta-via-ferenci-tamas,,2026-04-28T06:49:01,2026-04-28T06:49:01,1
120046,1141,99,HU,1064,BU,,Budapest 14. ker.,full,,,magyar-posta-via-ferenci-tamas,,2026-04-28T06:49:01,2026-04-28T06:49:01,1
120047,1142,99,HU,1064,BU,,Budapest 14. ker.,full,,,magyar-posta-via-ferenci-tamas,,2026-04-28T06:49:01,2026-04-28T06:49:01,1
120048,1143,99,HU,1064,BU,,Budapest 14. ker.,full,,,magyar-posta-via-ferenci-tamas,,2026-04-28T06:49:01,2026-04-28T06:49:01,1
120049,1144,99,HU,1064,BU,,Budapest 14. ker.,full,,,magyar-posta-via-ferenci-tamas,,2026-04-28T06:49:01,2026-04-28T06:49:01,1
120050,1145,99,HU,1064,BU,,Budapest 14. ker.,full,,,magyar-posta-via-ferenci-tamas,,2026-04-28T06:49:01,2026-04-28T06:49:01,1
120051,1146,99,HU,1064,BU,,Budapest 14. ker.,full,,,magyar-posta-via-ferenci-tamas,,2026-04-28T06:49:01,2026-04-28T06:49:01,1
120052,1147,99,HU,1064,BU,,Budapest 14. ker.,full,,,magyar-posta-via-ferenci-tamas,,2026-04-28T06:49:01,2026-04-28T06:49:01,1
120053,1148,99,HU,1064,BU,,Budapest 14. ker.,full,,,magyar-posta-via-ferenci-tamas,,2026-04-28T06:49:01,2026-04-28T06:49:01,1
120054,1149,99,HU,1064,BU,,Budapest 14. ker.,full,,,magyar-posta-via-ferenci-tamas,,2026-04-28T06:49:01,2026-04-28T06:49:01,1
120055,1151,99,HU,1064,BU,,Budapest 15. ker.,full,,,magyar-posta-via-ferenci-tamas,,2026-04-28T06:49:01,2026-04-28T06:49:01,1
120056,1152,99,HU,1064,BU,,Budapest 15. ker.,full,,,magyar-posta-via-ferenci-tamas,,2026-04-28T06:49:01,2026-04-28T06:49:01,1
120057,1153,99,HU,1064,BU,,Budapest 15. ker.,full,,,magyar-posta-via-ferenci-tamas,,2026-04-28T06:49:01,2026-04-28T06:49:01,1
120058,1154,99,HU,1064,BU,,Budapest 15. ker.,full,,,magyar-posta-via-ferenci-tamas,,2026-04-28T06:49:01,2026-04-28T06:49:01,1
120059,1155,99,HU,1064,BU,,Budapest 15. ker.,full,,,magyar-posta-via-ferenci-tamas,,2026-04-28T06:49:01,2026-04-28T06:49:01,1
120060,1156,99,HU,1064,BU,,Budapest 15. ker.,full,,,magyar-posta-via-ferenci-tamas,,2026-04-28T06:49:01,2026-04-28T06:49:01,1
120061,1157,99,HU,1064,BU,,Budapest 15. ker.,full,,,magyar-posta-via-ferenci-tamas,,2026-04-28T06:49:01,2026-04-28T06:49:01,1
120062,1158,99,HU,1064,BU,,Budapest 15. ker.,full,,,magyar-posta-via-ferenci-tamas,,2026-04-28T06:49:01,2026-04-28T06:49:01,1
120063,1161,99,HU,1064,BU,,Budapest 16. ker.,full,,,magyar-posta-via-ferenci-tamas,,2026-04-28T06:49:01,2026-04-28T06:49:01,1
120064,1162,99,HU,1064,BU,,Budapest 16. ker.,full,,,magyar-posta-via-ferenci-tamas,,2026-04-28T06:49:01,2026-04-28T06:49:01,1
120065,1163,99,HU,1064,BU,,Budapest 16. ker.,full,,,magyar-posta-via-ferenci-tamas,,2026-04-28T06:49:01,2026-04-28T06:49:01,1
120066,1164,99,HU,1064,BU,,Budapest 16. ker.,full,,,magyar-posta-via-ferenci-tamas,,2026-04-28T06:49:01,2026-04-28T06:49:01,1
120067,1165,99,HU,1064,BU,,Budapest 16. ker.,full,,,magyar-posta-via-ferenci-tamas,,2026-04-28T06:49:01,2026-04-28T06:49:01,1
120068,1171,99,HU,1064,BU,,Budapest 17. ker.,full,,,magyar-posta-via-ferenci-tamas,,2026-04-28T06:49:01,2026-04-28T06:49:01,1
120069,1172,99,HU,1064,BU,,Budapest 17. ker.,full,,,magyar-posta-via-ferenci-tamas,,2026-04-28T06:49:01,2026-04-28T06:49:01,1
120070,1173,99,HU,1064,BU,,Budapest 17. ker.,full,,,magyar-posta-via-ferenci-tamas,,2026-04-28T06:49:01,2026-04-28T06:49:01,1
120071,1174,99,HU,1064,BU,,Budapest 17. ker.,full,,,magyar-posta-via-ferenci-tamas,,2026-04-28T06:49:01,2026-04-28T06:49:01,1
120072,1181,99,HU,1064,BU,,Budapest 18. ker.,full,,,magyar-posta-via-ferenci-tamas,,2026-04-28T06:49:01,2026-04-28T06:49:01,1
120073,1182,99,HU,1064,BU,,Budapest 18. ker.,full,,,magyar-posta-via-ferenci-tamas,,2026-04-28T06:49:01,2026-04-28T06:49:01,1
120074,1183,99,HU,1064,BU,,Budapest 18. ker.,full,,,magyar-posta-via-ferenci-tamas,,2026-04-28T06:49:01,2026-04-28T06:49:01,1
120075,1184,99,HU,1064,BU,,Budapest 18. ker.,full,,,magyar-posta-via-ferenci-tamas,,2026-04-28T06:49:01,2026-04-28T06:49:01,1
120076,1185,99,HU,1064,BU,,Budapest 18. ker.,full,,,magyar-posta-via-ferenci-tamas,,2026-04-28T06:49:01,2026-04-28T06:49:01,1
120077,1186,99,HU,1064,BU,,Budapest 18. ker.,full,,,magyar-posta-via-ferenci-tamas,,2026-04-28T06:49:01,2026-04-28T06:49:01,1
120078,1188,99,HU,1064,BU,,Budapest 18. ker.,full,,,magyar-posta-via-ferenci-tamas,,2026-04-28T06:49:01,2026-04-28T06:49:01,1
120079,1191,99,HU,1064,BU,,Budapest 19. ker.,full,,,magyar-posta-via-ferenci-tamas,,2026-04-28T06:49:01,2026-04-28T06:49:01,1
120080,1192,99,HU,1064,BU,,Budapest 19. ker.,full,,,magyar-posta-via-ferenci-tamas,,2026-04-28T06:49:01,2026-04-28T06:49:01,1
120081,1193,99,HU,1064,BU,,Budapest 19. ker.,full,,,magyar-posta-via-ferenci-tamas,,2026-04-28T06:49:01,2026-04-28T06:49:01,1
120082,1194,99,HU,1064,BU,,Budapest 19. ker.,full,,,magyar-posta-via-ferenci-tamas,,2026-04-28T06:49:01,2026-04-28T06:49:01,1
120083,1195,99,HU,1064,BU,,Budapest 19. ker.,full,,,magyar-posta-via-ferenci-tamas,,2026-04-28T06:49:01,2026-04-28T06:49:01,1
120084,1196,99,HU,1064,BU,,Budapest 19. ker.,full,,,magyar-posta-via-ferenci-tamas,,2026-04-28T06:49:01,2026-04-28T06:49:01,1
120085,1201,99,HU,1064,BU,,Budapest 20. ker.,full,,,magyar-posta-via-ferenci-tamas,,2026-04-28T06:49:01,2026-04-28T06:49:01,1
120086,1202,99,HU,1064,BU,,Budapest 20. ker.,full,,,magyar-posta-via-ferenci-tamas,,2026-04-28T06:49:01,2026-04-28T06:49:01,1
120087,1203,99,HU,1064,BU,,Budapest 20. ker.,full,,,magyar-posta-via-ferenci-tamas,,2026-04-28T06:49:01,2026-04-28T06:49:01,1
120088,1204,99,HU,1064,BU,,Budapest 20. ker.,full,,,magyar-posta-via-ferenci-tamas,,2026-04-28T06:49:01,2026-04-28T06:49:01,1
120089,1205,99,HU,1064,BU,,Budapest 20. ker.,full,,,magyar-posta-via-ferenci-tamas,,2026-04-28T06:49:01,2026-04-28T06:49:01,1
120090,1211,99,HU,1064,BU,,Budapest 21. ker.,full,,,magyar-posta-via-ferenci-tamas,,2026-04-28T06:49:01,2026-04-28T06:49:01,1
120091,1212,99,HU,1064,BU,,Budapest 21. ker.,full,,,magyar-posta-via-ferenci-tamas,,2026-04-28T06:49:01,2026-04-28T06:49:01,1
120092,1213,99,HU,1064,BU,,Budapest 21. ker.,full,,,magyar-posta-via-ferenci-tamas,,2026-04-28T06:49:01,2026-04-28T06:49:01,1
120093,1214,99,HU,1064,BU,,Budapest 21. ker.,full,,,magyar-posta-via-ferenci-tamas,,2026-04-28T06:49:01,2026-04-28T06:49:01,1
120094,1215,99,HU,1064,BU,,Budapest 21. ker.,full,,,magyar-posta-via-ferenci-tamas,,2026-04-28T06:49:01,2026-04-28T06:49:01,1
120095,1221,99,HU,1064,BU,,Budapest 22. ker.,full,,,magyar-posta-via-ferenci-tamas,,2026-04-28T06:49:01,2026-04-28T06:49:01,1
120096,1222,99,HU,1064,BU,,Budapest 22. ker.,full,,,magyar-posta-via-ferenci-tamas,,2026-04-28T06:49:01,2026-04-28T06:49:01,1
120097,1223,99,HU,1064,BU,,Budapest 22. ker.,full,,,magyar-posta-via-ferenci-tamas,,2026-04-28T06:49:01,2026-04-28T06:49:01,1
120098,1224,99,HU,1064,BU,,Budapest 22. ker.,full,,,magyar-posta-via-ferenci-tamas,,2026-04-28T06:49:01,2026-04-28T06:49:01,1
120099,1225,99,HU,1064,BU,,Budapest 22. ker.,full,,,magyar-posta-via-ferenci-tamas,,2026-04-28T06:49:01,2026-04-28T06:49:01,1
120100,1237,99,HU,1064,BU,,Budapest 23. ker.,full,,,magyar-posta-via-ferenci-tamas,,2026-04-28T06:49:01,2026-04-28T06:49:01,1
120101,1238,99,HU,1064,BU,,Budapest 23. ker.,full,,,magyar-posta-via-ferenci-tamas,,2026-04-28T06:49:01,2026-04-28T06:49:01,1
120102,1239,99,HU,1064,BU,,Budapest 23. ker.,full,,,magyar-posta-via-ferenci-tamas,,2026-04-28T06:49:01,2026-04-28T06:49:01,1
120103,2000,99,HU,1059,PE,,Szentendre,full,,,magyar-posta-via-ferenci-tamas,,2026-04-28T06:49:01,2026-04-28T06:49:01,1
120104,2009,99,HU,1059,PE,,Pilisszentlászló,full,,,magyar-posta-via-ferenci-tamas,,2026-04-28T06:49:01,2026-04-28T06:49:01,1
120105,2011,99,HU,1059,PE,,Budakalász,full,,,magyar-posta-via-ferenci-tamas,,2026-04-28T06:49:01,2026-04-28T06:49:01,1
120106,2013,99,HU,1059,PE,,Pomáz,full,,,magyar-posta-via-ferenci-tamas,,2026-04-28T06:49:01,2026-04-28T06:49:01,1
120107,2014,99,HU,1059,PE,,Csobánka,full,,,magyar-posta-via-ferenci-tamas,,2026-04-28T06:49:01,2026-04-28T06:49:01,1
120108,2015,99,HU,1059,PE,,Szigetmonostor,full,,,magyar-posta-via-ferenci-tamas,,2026-04-28T06:49:01,2026-04-28T06:49:01,1
120109,2016,99,HU,1059,PE,,Leányfalu,full,,,magyar-posta-via-ferenci-tamas,,2026-04-28T06:49:01,2026-04-28T06:49:01,1
120110,2017,99,HU,1059,PE,,Pócsmegyer,full,,,magyar-posta-via-ferenci-tamas,,2026-04-28T06:49:01,2026-04-28T06:49:01,1
120111,2021,99,HU,1059,PE,,"Tahitótfalu, Tótfalu",full,,,magyar-posta-via-ferenci-tamas,,2026-04-28T06:49:01,2026-04-28T06:49:01,1
120112,2022,99,HU,1059,PE,,"Tahitótfalu, Tahi",full,,,magyar-posta-via-ferenci-tamas,,2026-04-28T06:49:01,2026-04-28T06:49:01,1
120113,2023,99,HU,1059,PE,,Dunabogdány,full,,,magyar-posta-via-ferenci-tamas,,2026-04-28T06:49:01,2026-04-28T06:49:01,1
120114,2024,99,HU,1059,PE,,Kisoroszi,full,,,magyar-posta-via-ferenci-tamas,,2026-04-28T06:49:01,2026-04-28T06:49:01,1
120115,2025,99,HU,1059,PE,,Visegrád,full,,,magyar-posta-via-ferenci-tamas,,2026-04-28T06:49:01,2026-04-28T06:49:01,1
120116,2026,99,HU,1059,PE,,"Visegrád, Gizellatelep",full,,,magyar-posta-via-ferenci-tamas,,2026-04-28T06:49:01,2026-04-28T06:49:01,1
120117,2027,99,HU,5085,KE,,Dömös,full,,,magyar-posta-via-ferenci-tamas,,2026-04-28T06:49:01,2026-04-28T06:49:01,1
120118,2028,99,HU,5085,KE,,Pilismarót,full,,,magyar-posta-via-ferenci-tamas,,2026-04-28T06:49:01,2026-04-28T06:49:01,1
120119,2030,99,HU,1059,PE,,Érd,full,,,magyar-posta-via-ferenci-tamas,,2026-04-28T06:49:01,2026-04-28T06:49:01,1
120120,2038,99,HU,1059,PE,,Sóskút,full,,,magyar-posta-via-ferenci-tamas,,2026-04-28T06:49:01,2026-04-28T06:49:01,1
120121,2039,99,HU,1059,PE,,Pusztazámor,full,,,magyar-posta-via-ferenci-tamas,,2026-04-28T06:49:01,2026-04-28T06:49:01,1
120122,2040,99,HU,1059,PE,,Budaörs,full,,,magyar-posta-via-ferenci-tamas,,2026-04-28T06:49:01,2026-04-28T06:49:01,1
120123,2045,99,HU,1059,PE,,Törökbálint,full,,,magyar-posta-via-ferenci-tamas,,2026-04-28T06:49:01,2026-04-28T06:49:01,1
120124,2049,99,HU,1059,PE,,Diósd,full,,,magyar-posta-via-ferenci-tamas,,2026-04-28T06:49:01,2026-04-28T06:49:01,1
120125,2051,99,HU,1059,PE,,Biatorbágy,full,,,magyar-posta-via-ferenci-tamas,,2026-04-28T06:49:01,2026-04-28T06:49:01,1
120126,2053,99,HU,1059,PE,,Herceghalom,full,,,magyar-posta-via-ferenci-tamas,,2026-04-28T06:49:01,2026-04-28T06:49:01,1
120127,2060,99,HU,1044,FE,,Bicske,full,,,magyar-posta-via-ferenci-tamas,,2026-04-28T06:49:01,2026-04-28T06:49:01,1
120128,2063,99,HU,1044,FE,,Óbarok,full,,,magyar-posta-via-ferenci-tamas,,2026-04-28T06:49:01,2026-04-28T06:49:01,1
120129,2064,99,HU,1044,FE,,Csabdi,full,,,magyar-posta-via-ferenci-tamas,,2026-04-28T06:49:01,2026-04-28T06:49:01,1
120130,2065,99,HU,1044,FE,,Mány,full,,,magyar-posta-via-ferenci-tamas,,2026-04-28T06:49:01,2026-04-28T06:49:01,1
120131,2066,99,HU,1044,FE,,Szár,full,,,magyar-posta-via-ferenci-tamas,,2026-04-28T06:49:01,2026-04-28T06:49:01,1
120132,2066,99,HU,1044,FE,,Újbarok,full,,,magyar-posta-via-ferenci-tamas,,2026-04-28T06:49:01,2026-04-28T06:49:01,1
120133,2067,99,HU,5085,KE,,Szárliget,full,,,magyar-posta-via-ferenci-tamas,,2026-04-28T06:49:01,2026-04-28T06:49:01,1
120134,2071,99,HU,1059,PE,,Páty,full,,,magyar-posta-via-ferenci-tamas,,2026-04-28T06:49:01,2026-04-28T06:49:01,1
120135,2072,99,HU,1059,PE,,Zsámbék,full,,,magyar-posta-via-ferenci-tamas,,2026-04-28T06:49:01,2026-04-28T06:49:01,1
120136,2073,99,HU,1059,PE,,Tök,full,,,magyar-posta-via-ferenci-tamas,,2026-04-28T06:49:01,2026-04-28T06:49:01,1
120137,2074,99,HU,1059,PE,,Perbál,full,,,magyar-posta-via-ferenci-tamas,,2026-04-28T06:49:01,2026-04-28T06:49:01,1
120138,2080,99,HU,1059,PE,,Pilisjászfalu,full,,,magyar-posta-via-ferenci-tamas,,2026-04-28T06:49:01,2026-04-28T06:49:01,1
120139,2081,99,HU,1059,PE,,Piliscsaba,full,,,magyar-posta-via-ferenci-tamas,,2026-04-28T06:49:01,2026-04-28T06:49:01,1
120140,2083,99,HU,1059,PE,,Solymár,full,,,magyar-posta-via-ferenci-tamas,,2026-04-28T06:49:01,2026-04-28T06:49:01,1
120141,2084,99,HU,1059,PE,,Pilisszentiván,full,,,magyar-posta-via-ferenci-tamas,,2026-04-28T06:49:01,2026-04-28T06:49:01,1
120142,2085,99,HU,1059,PE,,Pilisvörösvár,full,,,magyar-posta-via-ferenci-tamas,,2026-04-28T06:49:01,2026-04-28T06:49:01,1
120143,2086,99,HU,1059,PE,,Tinnye,full,,,magyar-posta-via-ferenci-tamas,,2026-04-28T06:49:01,2026-04-28T06:49:01,1
120144,2089,99,HU,1059,PE,,Telki,full,,,magyar-posta-via-ferenci-tamas,,2026-04-28T06:49:01,2026-04-28T06:49:01,1
120145,2090,99,HU,1059,PE,,Remeteszőlős,full,,,magyar-posta-via-ferenci-tamas,,2026-04-28T06:49:01,2026-04-28T06:49:01,1
120146,2091,99,HU,1044,FE,,Etyek,full,,,magyar-posta-via-ferenci-tamas,,2026-04-28T06:49:01,2026-04-28T06:49:01,1
120147,2092,99,HU,1059,PE,,Budakeszi,full,,,magyar-posta-via-ferenci-tamas,,2026-04-28T06:49:01,2026-04-28T06:49:01,1
120148,2093,99,HU,1059,PE,,Budajenő,full,,,magyar-posta-via-ferenci-tamas,,2026-04-28T06:49:01,2026-04-28T06:49:01,1
120149,2094,99,HU,1059,PE,,Nagykovácsi,full,,,magyar-posta-via-ferenci-tamas,,2026-04-28T06:49:01,2026-04-28T06:49:01,1
120150,2095,99,HU,1059,PE,,Pilisszántó,full,,,magyar-posta-via-ferenci-tamas,,2026-04-28T06:49:01,2026-04-28T06:49:01,1
120151,2096,99,HU,1059,PE,,Üröm,full,,,magyar-posta-via-ferenci-tamas,,2026-04-28T06:49:01,2026-04-28T06:49:01,1
120152,2097,99,HU,1059,PE,,Pilisborosjenő,full,,,magyar-posta-via-ferenci-tamas,,2026-04-28T06:49:01,2026-04-28T06:49:01,1
120153,2098,99,HU,1059,PE,,Pilisszentkereszt,full,,,magyar-posta-via-ferenci-tamas,,2026-04-28T06:49:01,2026-04-28T06:49:01,1
120154,2099,99,HU,1059,PE,,"Pilisszentkereszt, Dobogókő",full,,,magyar-posta-via-ferenci-tamas,,2026-04-28T06:49:01,2026-04-28T06:49:01,1
120155,2100,99,HU,1059,PE,,Gödöllő,full,,,magyar-posta-via-ferenci-tamas,,2026-04-28T06:49:01,2026-04-28T06:49:01,1
120156,2111,99,HU,1059,PE,,Szada,full,,,magyar-posta-via-ferenci-tamas,,2026-04-28T06:49:01,2026-04-28T06:49:01,1
120157,2112,99,HU,1059,PE,,Veresegyház,full,,,magyar-posta-via-ferenci-tamas,,2026-04-28T06:49:01,2026-04-28T06:49:01,1
120158,2113,99,HU,1059,PE,,Erdőkertes,full,,,magyar-posta-via-ferenci-tamas,,2026-04-28T06:49:01,2026-04-28T06:49:01,1
120159,2114,99,HU,1059,PE,,Valkó,full,,,magyar-posta-via-ferenci-tamas,,2026-04-28T06:49:01,2026-04-28T06:49:01,1
120160,2115,99,HU,1059,PE,,Vácszentlászló,full,,,magyar-posta-via-ferenci-tamas,,2026-04-28T06:49:01,2026-04-28T06:49:01,1
120161,2116,99,HU,1059,PE,,Zsámbok,full,,,magyar-posta-via-ferenci-tamas,,2026-04-28T06:49:01,2026-04-28T06:49:01,1
120162,2117,99,HU,1059,PE,,Isaszeg,full,,,magyar-posta-via-ferenci-tamas,,2026-04-28T06:49:01,2026-04-28T06:49:01,1
120163,2118,99,HU,1059,PE,,Dány,full,,,magyar-posta-via-ferenci-tamas,,2026-04-28T06:49:01,2026-04-28T06:49:01,1
120164,2119,99,HU,1059,PE,,Pécel,full,,,magyar-posta-via-ferenci-tamas,,2026-04-28T06:49:01,2026-04-28T06:49:01,1
120165,2120,99,HU,1059,PE,,Dunakeszi,full,,,magyar-posta-via-ferenci-tamas,,2026-04-28T06:49:01,2026-04-28T06:49:01,1
120166,2131,99,HU,1059,PE,,"Göd, Alsógöd",full,,,magyar-posta-via-ferenci-tamas,,2026-04-28T06:49:01,2026-04-28T06:49:01,1
120167,2132,99,HU,1059,PE,,"Göd, Felsőgöd",full,,,magyar-posta-via-ferenci-tamas,,2026-04-28T06:49:01,2026-04-28T06:49:01,1
120168,2133,99,HU,1059,PE,,Sződliget,full,,,magyar-posta-via-ferenci-tamas,,2026-04-28T06:49:01,2026-04-28T06:49:01,1
120169,2134,99,HU,1059,PE,,Sződ,full,,,magyar-posta-via-ferenci-tamas,,2026-04-28T06:49:01,2026-04-28T06:49:01,1
120170,2135,99,HU,1059,PE,,Csörög,full,,,magyar-posta-via-ferenci-tamas,,2026-04-28T06:49:01,2026-04-28T06:49:01,1
120171,2141,99,HU,1059,PE,,Csömör,full,,,magyar-posta-via-ferenci-tamas,,2026-04-28T06:49:01,2026-04-28T06:49:01,1
120172,2142,99,HU,1059,PE,,Nagytarcsa,full,,,magyar-posta-via-ferenci-tamas,,2026-04-28T06:49:01,2026-04-28T06:49:01,1
120173,2143,99,HU,1059,PE,,Kistarcsa,full,,,magyar-posta-via-ferenci-tamas,,2026-04-28T06:49:01,2026-04-28T06:49:01,1
120174,2144,99,HU,1059,PE,,Kerepes,full,,,magyar-posta-via-ferenci-tamas,,2026-04-28T06:49:01,2026-04-28T06:49:01,1
120175,2145,99,HU,1059,PE,,"Kerepes, Szilasliget",full,,,magyar-posta-via-ferenci-tamas,,2026-04-28T06:49:01,2026-04-28T06:49:01,1
120176,2146,99,HU,1059,PE,,Mogyoród,full,,,magyar-posta-via-ferenci-tamas,,2026-04-28T06:49:01,2026-04-28T06:49:01,1
120177,2151,99,HU,1059,PE,,Fót,full,,,magyar-posta-via-ferenci-tamas,,2026-04-28T06:49:01,2026-04-28T06:49:01,1
120178,2161,99,HU,1059,PE,,Csomád,full,,,magyar-posta-via-ferenci-tamas,,2026-04-28T06:49:01,2026-04-28T06:49:01,1
120179,2162,99,HU,1059,PE,,Őrbottyán,full,,,magyar-posta-via-ferenci-tamas,,2026-04-28T06:49:01,2026-04-28T06:49:01,1
120180,2163,99,HU,1059,PE,,Vácrátót,full,,,magyar-posta-via-ferenci-tamas,,2026-04-28T06:49:01,2026-04-28T06:49:01,1
120181,2164,99,HU,1059,PE,,Váchartyán,full,,,magyar-posta-via-ferenci-tamas,,2026-04-28T06:49:01,2026-04-28T06:49:01,1
120182,2165,99,HU,1059,PE,,Kisnémedi,full,,,magyar-posta-via-ferenci-tamas,,2026-04-28T06:49:01,2026-04-28T06:49:01,1
120183,2166,99,HU,1059,PE,,Püspökszilágy,full,,,magyar-posta-via-ferenci-tamas,,2026-04-28T06:49:01,2026-04-28T06:49:01,1
120184,2167,99,HU,1059,PE,,Vácduka,full,,,magyar-posta-via-ferenci-tamas,,2026-04-28T06:49:01,2026-04-28T06:49:01,1
120185,2170,99,HU,1059,PE,,Aszód,full,,,magyar-posta-via-ferenci-tamas,,2026-04-28T06:49:01,2026-04-28T06:49:01,1
120186,2173,99,HU,1059,PE,,Kartal,full,,,magyar-posta-via-ferenci-tamas,,2026-04-28T06:49:01,2026-04-28T06:49:01,1
120187,2174,99,HU,1059,PE,,Verseg,full,,,magyar-posta-via-ferenci-tamas,,2026-04-28T06:49:01,2026-04-28T06:49:01,1
120188,2175,99,HU,1051,NO,,Kálló,full,,,magyar-posta-via-ferenci-tamas,,2026-04-28T06:49:01,2026-04-28T06:49:01,1
120189,2176,99,HU,1051,NO,,Erdőkürt,full,,,magyar-posta-via-ferenci-tamas,,2026-04-28T06:49:01,2026-04-28T06:49:01,1
120190,2177,99,HU,1051,NO,,Erdőtarcsa,full,,,magyar-posta-via-ferenci-tamas,,2026-04-28T06:49:01,2026-04-28T06:49:01,1
120191,2181,99,HU,1059,PE,,Iklad,full,,,magyar-posta-via-ferenci-tamas,,2026-04-28T06:49:01,2026-04-28T06:49:01,1
120192,2182,99,HU,1059,PE,,Domony,full,,,magyar-posta-via-ferenci-tamas,,2026-04-28T06:49:01,2026-04-28T06:49:01,1
120193,2183,99,HU,1059,PE,,Galgamácsa,full,,,magyar-posta-via-ferenci-tamas,,2026-04-28T06:49:01,2026-04-28T06:49:01,1
120194,2184,99,HU,1059,PE,,Vácegres,full,,,magyar-posta-via-ferenci-tamas,,2026-04-28T06:49:01,2026-04-28T06:49:01,1
120195,2185,99,HU,1059,PE,,Váckisújfalu,full,,,magyar-posta-via-ferenci-tamas,,2026-04-28T06:49:01,2026-04-28T06:49:01,1
120196,2191,99,HU,1059,PE,,Bag,full,,,magyar-posta-via-ferenci-tamas,,2026-04-28T06:49:01,2026-04-28T06:49:01,1
120197,2192,99,HU,1059,PE,,Hévízgyörk,full,,,magyar-posta-via-ferenci-tamas,,2026-04-28T06:49:01,2026-04-28T06:49:01,1
120198,2193,99,HU,1059,PE,,Galgahévíz,full,,,magyar-posta-via-ferenci-tamas,,2026-04-28T06:49:01,2026-04-28T06:49:01,1
120199,2194,99,HU,1059,PE,,Tura,full,,,magyar-posta-via-ferenci-tamas,,2026-04-28T06:49:01,2026-04-28T06:49:01,1
120200,2200,99,HU,1059,PE,,Monor,full,,,magyar-posta-via-ferenci-tamas,,2026-04-28T06:49:01,2026-04-28T06:49:01,1
120201,2209,99,HU,1059,PE,,Péteri,full,,,magyar-posta-via-ferenci-tamas,,2026-04-28T06:49:01,2026-04-28T06:49:01,1
120202,2211,99,HU,1059,PE,,Vasad,full,,,magyar-posta-via-ferenci-tamas,,2026-04-28T06:49:01,2026-04-28T06:49:01,1
120203,2212,99,HU,1059,PE,,Csévharaszt,full,,,magyar-posta-via-ferenci-tamas,,2026-04-28T06:49:01,2026-04-28T06:49:01,1
120204,2213,99,HU,1059,PE,,Monorierdő,full,,,magyar-posta-via-ferenci-tamas,,2026-04-28T06:49:01,2026-04-28T06:49:01,1
120205,2214,99,HU,1059,PE,,Pánd,full,,,magyar-posta-via-ferenci-tamas,,2026-04-28T06:49:01,2026-04-28T06:49:01,1
120206,2215,99,HU,1059,PE,,Káva,full,,,magyar-posta-via-ferenci-tamas,,2026-04-28T06:49:01,2026-04-28T06:49:01,1
120207,2216,99,HU,1059,PE,,Bénye,full,,,magyar-posta-via-ferenci-tamas,,2026-04-28T06:49:01,2026-04-28T06:49:01,1
120208,2217,99,HU,1059,PE,,Gomba,full,,,magyar-posta-via-ferenci-tamas,,2026-04-28T06:49:01,2026-04-28T06:49:01,1
120209,2220,99,HU,1059,PE,,Vecsés,full,,,magyar-posta-via-ferenci-tamas,,2026-04-28T06:49:01,2026-04-28T06:49:01,1
120210,2225,99,HU,1059,PE,,Üllő,full,,,magyar-posta-via-ferenci-tamas,,2026-04-28T06:49:01,2026-04-28T06:49:01,1
120211,2230,99,HU,1059,PE,,Gyömrő,full,,,magyar-posta-via-ferenci-tamas,,2026-04-28T06:49:01,2026-04-28T06:49:01,1
120212,2233,99,HU,1059,PE,,Ecser,full,,,magyar-posta-via-ferenci-tamas,,2026-04-28T06:49:01,2026-04-28T06:49:01,1
120213,2234,99,HU,1059,PE,,Maglód,full,,,magyar-posta-via-ferenci-tamas,,2026-04-28T06:49:01,2026-04-28T06:49:01,1
120214,2235,99,HU,1059,PE,,Mende,full,,,magyar-posta-via-ferenci-tamas,,2026-04-28T06:49:01,2026-04-28T06:49:01,1
120215,2241,99,HU,1059,PE,,Sülysáp,full,,,magyar-posta-via-ferenci-tamas,,2026-04-28T06:49:01,2026-04-28T06:49:01,1
120216,2243,99,HU,1059,PE,,Kóka,full,,,magyar-posta-via-ferenci-tamas,,2026-04-28T06:49:01,2026-04-28T06:49:01,1
120217,2244,99,HU,1059,PE,,Úri,full,,,magyar-posta-via-ferenci-tamas,,2026-04-28T06:49:01,2026-04-28T06:49:01,1
120218,2251,99,HU,1059,PE,,Tápiószecső,full,,,magyar-posta-via-ferenci-tamas,,2026-04-28T06:49:01,2026-04-28T06:49:01,1
120219,2252,99,HU,1059,PE,,Tóalmás,full,,,magyar-posta-via-ferenci-tamas,,2026-04-28T06:49:01,2026-04-28T06:49:01,1
120220,2253,99,HU,1059,PE,,Tápióság,full,,,magyar-posta-via-ferenci-tamas,,2026-04-28T06:49:01,2026-04-28T06:49:01,1
120221,2254,99,HU,1059,PE,,Szentmártonkáta,full,,,magyar-posta-via-ferenci-tamas,,2026-04-28T06:49:01,2026-04-28T06:49:01,1
120222,2255,99,HU,1059,PE,,Szentlőrinckáta,full,,,magyar-posta-via-ferenci-tamas,,2026-04-28T06:49:01,2026-04-28T06:49:01,1
120223,2300,99,HU,1059,PE,,Ráckeve,full,,,magyar-posta-via-ferenci-tamas,,2026-04-28T06:49:01,2026-04-28T06:49:01,1
120224,2309,99,HU,1059,PE,,Lórév,full,,,magyar-posta-via-ferenci-tamas,,2026-04-28T06:49:01,2026-04-28T06:49:01,1
120225,2310,99,HU,1059,PE,,Szigetszentmiklós,full,,,magyar-posta-via-ferenci-tamas,,2026-04-28T06:49:01,2026-04-28T06:49:01,1
120226,2314,99,HU,1059,PE,,Halásztelek,full,,,magyar-posta-via-ferenci-tamas,,2026-04-28T06:49:01,2026-04-28T06:49:01,1
120227,2315,99,HU,1059,PE,,Szigethalom,full,,,magyar-posta-via-ferenci-tamas,,2026-04-28T06:49:01,2026-04-28T06:49:01,1
120228,2316,99,HU,1059,PE,,Tököl,full,,,magyar-posta-via-ferenci-tamas,,2026-04-28T06:49:01,2026-04-28T06:49:01,1
120229,2317,99,HU,1059,PE,,Szigetcsép,full,,,magyar-posta-via-ferenci-tamas,,2026-04-28T06:49:01,2026-04-28T06:49:01,1
120230,2318,99,HU,1059,PE,,Szigetszentmárton,full,,,magyar-posta-via-ferenci-tamas,,2026-04-28T06:49:01,2026-04-28T06:49:01,1
120231,2319,99,HU,1059,PE,,Szigetújfalu,full,,,magyar-posta-via-ferenci-tamas,,2026-04-28T06:49:01,2026-04-28T06:49:01,1
120232,2321,99,HU,1059,PE,,Szigetbecse,full,,,magyar-posta-via-ferenci-tamas,,2026-04-28T06:49:01,2026-04-28T06:49:01,1
120233,2322,99,HU,1059,PE,,Makád,full,,,magyar-posta-via-ferenci-tamas,,2026-04-28T06:49:01,2026-04-28T06:49:01,1
120234,2330,99,HU,1059,PE,,Dunaharaszti,full,,,magyar-posta-via-ferenci-tamas,,2026-04-28T06:49:01,2026-04-28T06:49:01,1
120235,2335,99,HU,1059,PE,,Taksony,full,,,magyar-posta-via-ferenci-tamas,,2026-04-28T06:49:01,2026-04-28T06:49:01,1
120236,2336,99,HU,1059,PE,,Dunavarsány,full,,,magyar-posta-via-ferenci-tamas,,2026-04-28T06:49:01,2026-04-28T06:49:01,1
120237,2337,99,HU,1059,PE,,Délegyháza,full,,,magyar-posta-via-ferenci-tamas,,2026-04-28T06:49:01,2026-04-28T06:49:01,1
120238,2338,99,HU,1059,PE,,Áporka,full,,,magyar-posta-via-ferenci-tamas,,2026-04-28T06:49:01,2026-04-28T06:49:01,1
120239,2339,99,HU,1059,PE,,Majosháza,full,,,magyar-posta-via-ferenci-tamas,,2026-04-28T06:49:01,2026-04-28T06:49:01,1
120240,2340,99,HU,1059,PE,,Kiskunlacháza,full,,,magyar-posta-via-ferenci-tamas,,2026-04-28T06:49:01,2026-04-28T06:49:01,1
120241,2344,99,HU,1059,PE,,Dömsöd,full,,,magyar-posta-via-ferenci-tamas,,2026-04-28T06:49:01,2026-04-28T06:49:01,1
120242,2345,99,HU,1059,PE,,Apaj,full,,,magyar-posta-via-ferenci-tamas,,2026-04-28T06:49:01,2026-04-28T06:49:01,1
120243,2347,99,HU,1059,PE,,Bugyi,full,,,magyar-posta-via-ferenci-tamas,,2026-04-28T06:49:01,2026-04-28T06:49:01,1
120244,2351,99,HU,1059,PE,,Alsónémedi,full,,,magyar-posta-via-ferenci-tamas,,2026-04-28T06:49:01,2026-04-28T06:49:01,1
120245,2360,99,HU,1059,PE,,Gyál,full,,,magyar-posta-via-ferenci-tamas,,2026-04-28T06:49:01,2026-04-28T06:49:01,1
120246,2363,99,HU,1059,PE,,Felsőpakony,full,,,magyar-posta-via-ferenci-tamas,,2026-04-28T06:49:01,2026-04-28T06:49:01,1
120247,2364,99,HU,1059,PE,,Ócsa,full,,,magyar-posta-via-ferenci-tamas,,2026-04-28T06:49:01,2026-04-28T06:49:01,1
120248,2365,99,HU,1059,PE,,Inárcs,full,,,magyar-posta-via-ferenci-tamas,,2026-04-28T06:49:01,2026-04-28T06:49:01,1
120249,2366,99,HU,1059,PE,,Kakucs,full,,,magyar-posta-via-ferenci-tamas,,2026-04-28T06:49:01,2026-04-28T06:49:01,1
120250,2367,99,HU,1059,PE,,Újhartyán,full,,,magyar-posta-via-ferenci-tamas,,2026-04-28T06:49:01,2026-04-28T06:49:01,1
120251,2370,99,HU,1059,PE,,Dabas,full,,,magyar-posta-via-ferenci-tamas,,2026-04-28T06:49:01,2026-04-28T06:49:01,1
120252,2371,99,HU,1059,PE,,"Dabas, Sári",full,,,magyar-posta-via-ferenci-tamas,,2026-04-28T06:49:01,2026-04-28T06:49:01,1
120253,2373,99,HU,1059,PE,,"Dabas, Gyón",full,,,magyar-posta-via-ferenci-tamas,,2026-04-28T06:49:01,2026-04-28T06:49:01,1
120254,2375,99,HU,1059,PE,,Tatárszentgyörgy,full,,,magyar-posta-via-ferenci-tamas,,2026-04-28T06:49:01,2026-04-28T06:49:01,1
120255,2376,99,HU,1059,PE,,Hernád,full,,,magyar-posta-via-ferenci-tamas,,2026-04-28T06:49:01,2026-04-28T06:49:01,1
120256,2377,99,HU,1059,PE,,Örkény,full,,,magyar-posta-via-ferenci-tamas,,2026-04-28T06:49:01,2026-04-28T06:49:01,1
120257,2378,99,HU,1059,PE,,Pusztavacs,full,,,magyar-posta-via-ferenci-tamas,,2026-04-28T06:49:01,2026-04-28T06:49:01,1
120258,2381,99,HU,1059,PE,,Táborfalva,full,,,magyar-posta-via-ferenci-tamas,,2026-04-28T06:49:01,2026-04-28T06:49:01,1
120259,2400,99,HU,1044,FE,,Dunaújváros,full,,,magyar-posta-via-ferenci-tamas,,2026-04-28T06:49:01,2026-04-28T06:49:01,1
120260,2407,99,HU,1044,FE,,"Dunaújváros, Pálhalma",full,,,magyar-posta-via-ferenci-tamas,,2026-04-28T06:49:01,2026-04-28T06:49:01,1
120261,2421,99,HU,1044,FE,,Nagyvenyim,full,,,magyar-posta-via-ferenci-tamas,,2026-04-28T06:49:01,2026-04-28T06:49:01,1
120262,2422,99,HU,1044,FE,,Mezőfalva,full,,,magyar-posta-via-ferenci-tamas,,2026-04-28T06:49:01,2026-04-28T06:49:01,1
120263,2423,99,HU,1044,FE,,Daruszentmiklós,full,,,magyar-posta-via-ferenci-tamas,,2026-04-28T06:49:01,2026-04-28T06:49:01,1
120264,2424,99,HU,1044,FE,,Előszállás,full,,,magyar-posta-via-ferenci-tamas,,2026-04-28T06:49:01,2026-04-28T06:49:01,1
120265,2425,99,HU,1044,FE,,Nagykarácsony,full,,,magyar-posta-via-ferenci-tamas,,2026-04-28T06:49:01,2026-04-28T06:49:01,1
120266,2426,99,HU,1044,FE,,Baracs,full,,,magyar-posta-via-ferenci-tamas,,2026-04-28T06:49:01,2026-04-28T06:49:01,1
120267,2427,99,HU,1044,FE,,"Baracs, Apátszállás",full,,,magyar-posta-via-ferenci-tamas,,2026-04-28T06:49:01,2026-04-28T06:49:01,1
120268,2428,99,HU,1044,FE,,Kisapostag,full,,,magyar-posta-via-ferenci-tamas,,2026-04-28T06:49:01,2026-04-28T06:49:01,1
120269,2431,99,HU,1044,FE,,Perkáta,full,,,magyar-posta-via-ferenci-tamas,,2026-04-28T06:49:01,2026-04-28T06:49:01,1
120270,2432,99,HU,1044,FE,,Szabadegyháza,full,,,magyar-posta-via-ferenci-tamas,,2026-04-28T06:49:01,2026-04-28T06:49:01,1
120271,2433,99,HU,1044,FE,,Sárosd,full,,,magyar-posta-via-ferenci-tamas,,2026-04-28T06:49:01,2026-04-28T06:49:01,1
120272,2434,99,HU,1044,FE,,Hantos,full,,,magyar-posta-via-ferenci-tamas,,2026-04-28T06:49:01,2026-04-28T06:49:01,1
120273,2435,99,HU,1044,FE,,Nagylók,full,,,magyar-posta-via-ferenci-tamas,,2026-04-28T06:49:01,2026-04-28T06:49:01,1
120274,2440,99,HU,1059,PE,,Százhalombatta,full,,,magyar-posta-via-ferenci-tamas,,2026-04-28T06:49:01,2026-04-28T06:49:01,1
120275,2451,99,HU,1044,FE,,Ercsi,full,,,magyar-posta-via-ferenci-tamas,,2026-04-28T06:49:01,2026-04-28T06:49:01,1
120276,2453,99,HU,1044,FE,,"Ercsi, Sinatelep",full,,,magyar-posta-via-ferenci-tamas,,2026-04-28T06:49:01,2026-04-28T06:49:01,1
120277,2454,99,HU,1044,FE,,Iváncsa,full,,,magyar-posta-via-ferenci-tamas,,2026-04-28T06:49:01,2026-04-28T06:49:01,1
120278,2455,99,HU,1044,FE,,Beloiannisz,full,,,magyar-posta-via-ferenci-tamas,,2026-04-28T06:49:01,2026-04-28T06:49:01,1
120279,2456,99,HU,1044,FE,,Besnyő,full,,,magyar-posta-via-ferenci-tamas,,2026-04-28T06:49:01,2026-04-28T06:49:01,1
120280,2457,99,HU,1044,FE,,Adony,full,,,magyar-posta-via-ferenci-tamas,,2026-04-28T06:49:01,2026-04-28T06:49:01,1
120281,2458,99,HU,1044,FE,,Kulcs,full,,,magyar-posta-via-ferenci-tamas,,2026-04-28T06:49:01,2026-04-28T06:49:01,1
120282,2459,99,HU,1044,FE,,Rácalmás,full,,,magyar-posta-via-ferenci-tamas,,2026-04-28T06:49:01,2026-04-28T06:49:01,1
120283,2461,99,HU,1059,PE,,Tárnok,full,,,magyar-posta-via-ferenci-tamas,,2026-04-28T06:49:01,2026-04-28T06:49:01,1
120284,2462,99,HU,1044,FE,,Martonvásár,full,,,magyar-posta-via-ferenci-tamas,,2026-04-28T06:49:01,2026-04-28T06:49:01,1
120285,2463,99,HU,1044,FE,,Tordas,full,,,magyar-posta-via-ferenci-tamas,,2026-04-28T06:49:01,2026-04-28T06:49:01,1
120286,2464,99,HU,1044,FE,,Gyúró,full,,,magyar-posta-via-ferenci-tamas,,2026-04-28T06:49:01,2026-04-28T06:49:01,1
120287,2465,99,HU,1044,FE,,Ráckeresztúr,full,,,magyar-posta-via-ferenci-tamas,,2026-04-28T06:49:01,2026-04-28T06:49:01,1
120288,2471,99,HU,1044,FE,,Baracska,full,,,magyar-posta-via-ferenci-tamas,,2026-04-28T06:49:01,2026-04-28T06:49:01,1
120289,2472,99,HU,1044,FE,,Kajászó,full,,,magyar-posta-via-ferenci-tamas,,2026-04-28T06:49:01,2026-04-28T06:49:01,1
120290,2473,99,HU,1044,FE,,Vál,full,,,magyar-posta-via-ferenci-tamas,,2026-04-28T06:49:01,2026-04-28T06:49:01,1
120291,2475,99,HU,1044,FE,,Kápolnásnyék,full,,,magyar-posta-via-ferenci-tamas,,2026-04-28T06:49:01,2026-04-28T06:49:01,1
120292,2476,99,HU,1044,FE,,Pázmánd,full,,,magyar-posta-via-ferenci-tamas,,2026-04-28T06:49:01,2026-04-28T06:49:01,1
120293,2477,99,HU,1044,FE,,Vereb,full,,,magyar-posta-via-ferenci-tamas,,2026-04-28T06:49:01,2026-04-28T06:49:01,1
120294,2481,99,HU,1044,FE,,Velence,full,,,magyar-posta-via-ferenci-tamas,,2026-04-28T06:49:01,2026-04-28T06:49:01,1
120295,2483,99,HU,1044,FE,,Gárdony,full,,,magyar-posta-via-ferenci-tamas,,2026-04-28T06:49:01,2026-04-28T06:49:01,1
120296,2484,99,HU,1044,FE,,"Gárdony, Agárd",full,,,magyar-posta-via-ferenci-tamas,,2026-04-28T06:49:01,2026-04-28T06:49:01,1
120297,2485,99,HU,1044,FE,,"Gárdony, Dinnyés",full,,,magyar-posta-via-ferenci-tamas,,2026-04-28T06:49:01,2026-04-28T06:49:01,1
120298,2490,99,HU,1044,FE,,Pusztaszabolcs,full,,,magyar-posta-via-ferenci-tamas,,2026-04-28T06:49:01,2026-04-28T06:49:01,1
120299,2500,99,HU,5085,KE,,Esztergom,full,,,magyar-posta-via-ferenci-tamas,,2026-04-28T06:49:01,2026-04-28T06:49:01,1
120300,2508,99,HU,5085,KE,,"Esztergom, Pilisszentlélek",full,,,magyar-posta-via-ferenci-tamas,,2026-04-28T06:49:01,2026-04-28T06:49:01,1
120301,2509,99,HU,5085,KE,,"Esztergom, Kertváros",full,,,magyar-posta-via-ferenci-tamas,,2026-04-28T06:49:01,2026-04-28T06:49:01,1
120302,2510,99,HU,5085,KE,,Dorog,full,,,magyar-posta-via-ferenci-tamas,,2026-04-28T06:49:01,2026-04-28T06:49:01,1
120303,2517,99,HU,5085,KE,,Kesztölc,full,,,magyar-posta-via-ferenci-tamas,,2026-04-28T06:49:01,2026-04-28T06:49:01,1
120304,2518,99,HU,5085,KE,,Leányvár,full,,,magyar-posta-via-ferenci-tamas,,2026-04-28T06:49:01,2026-04-28T06:49:01,1
120305,2519,99,HU,5085,KE,,Piliscsév,full,,,magyar-posta-via-ferenci-tamas,,2026-04-28T06:49:01,2026-04-28T06:49:01,1
120306,2521,99,HU,5085,KE,,Csolnok,full,,,magyar-posta-via-ferenci-tamas,,2026-04-28T06:49:01,2026-04-28T06:49:01,1
120307,2522,99,HU,5085,KE,,Dág,full,,,magyar-posta-via-ferenci-tamas,,2026-04-28T06:49:01,2026-04-28T06:49:01,1
120308,2523,99,HU,5085,KE,,Sárisáp,full,,,magyar-posta-via-ferenci-tamas,,2026-04-28T06:49:01,2026-04-28T06:49:01,1
120309,2524,99,HU,5085,KE,,Nagysáp,full,,,magyar-posta-via-ferenci-tamas,,2026-04-28T06:49:01,2026-04-28T06:49:01,1
120310,2525,99,HU,5085,KE,,Bajna,full,,,magyar-posta-via-ferenci-tamas,,2026-04-28T06:49:01,2026-04-28T06:49:01,1
120311,2526,99,HU,5085,KE,,Epöl,full,,,magyar-posta-via-ferenci-tamas,,2026-04-28T06:49:01,2026-04-28T06:49:01,1
120312,2527,99,HU,5085,KE,,Máriahalom,full,,,magyar-posta-via-ferenci-tamas,,2026-04-28T06:49:01,2026-04-28T06:49:01,1
120313,2528,99,HU,5085,KE,,Úny,full,,,magyar-posta-via-ferenci-tamas,,2026-04-28T06:49:01,2026-04-28T06:49:01,1
120314,2529,99,HU,5085,KE,,Annavölgy,full,,,magyar-posta-via-ferenci-tamas,,2026-04-28T06:49:01,2026-04-28T06:49:01,1
120315,2531,99,HU,5085,KE,,Tokod,full,,,magyar-posta-via-ferenci-tamas,,2026-04-28T06:49:01,2026-04-28T06:49:01,1
120316,2532,99,HU,5085,KE,,Tokodaltáró,full,,,magyar-posta-via-ferenci-tamas,,2026-04-28T06:49:01,2026-04-28T06:49:01,1
120317,2533,99,HU,5085,KE,,Bajót,full,,,magyar-posta-via-ferenci-tamas,,2026-04-28T06:49:01,2026-04-28T06:49:01,1
120318,2534,99,HU,5085,KE,,Tát,full,,,magyar-posta-via-ferenci-tamas,,2026-04-28T06:49:01,2026-04-28T06:49:01,1
120319,2535,99,HU,5085,KE,,Mogyorósbánya,full,,,magyar-posta-via-ferenci-tamas,,2026-04-28T06:49:01,2026-04-28T06:49:01,1
120320,2536,99,HU,5085,KE,,Nyergesújfalu,full,,,magyar-posta-via-ferenci-tamas,,2026-04-28T06:49:01,2026-04-28T06:49:01,1
120321,2541,99,HU,5085,KE,,Lábatlan,full,,,magyar-posta-via-ferenci-tamas,,2026-04-28T06:49:01,2026-04-28T06:49:01,1
120322,2543,99,HU,5085,KE,,Süttő,full,,,magyar-posta-via-ferenci-tamas,,2026-04-28T06:49:01,2026-04-28T06:49:01,1
120323,2544,99,HU,5085,KE,,Neszmély,full,,,magyar-posta-via-ferenci-tamas,,2026-04-28T06:49:01,2026-04-28T06:49:01,1
120324,2545,99,HU,5085,KE,,Dunaalmás,full,,,magyar-posta-via-ferenci-tamas,,2026-04-28T06:49:01,2026-04-28T06:49:01,1
120325,2600,99,HU,1059,PE,,Vác,full,,,magyar-posta-via-ferenci-tamas,,2026-04-28T06:49:01,2026-04-28T06:49:01,1
120326,2610,99,HU,1051,NO,,Nőtincs,full,,,magyar-posta-via-ferenci-tamas,,2026-04-28T06:49:01,2026-04-28T06:49:01,1
120327,2610,99,HU,1051,NO,,Ősagárd,full,,,magyar-posta-via-ferenci-tamas,,2026-04-28T06:49:01,2026-04-28T06:49:01,1
120328,2611,99,HU,1051,NO,,Felsőpetény,full,,,magyar-posta-via-ferenci-tamas,,2026-04-28T06:49:01,2026-04-28T06:49:01,1
120329,2612,99,HU,1059,PE,,Kosd,full,,,magyar-posta-via-ferenci-tamas,,2026-04-28T06:49:01,2026-04-28T06:49:01,1
120330,2613,99,HU,1059,PE,,Rád,full,,,magyar-posta-via-ferenci-tamas,,2026-04-28T06:49:01,2026-04-28T06:49:01,1
120331,2614,99,HU,1059,PE,,Penc,full,,,magyar-posta-via-ferenci-tamas,,2026-04-28T06:49:01,2026-04-28T06:49:01,1
120332,2615,99,HU,1059,PE,,Csővár,full,,,magyar-posta-via-ferenci-tamas,,2026-04-28T06:49:01,2026-04-28T06:49:01,1
120333,2616,99,HU,1051,NO,,Keszeg,full,,,magyar-posta-via-ferenci-tamas,,2026-04-28T06:49:01,2026-04-28T06:49:01,1
120334,2617,99,HU,1051,NO,,Alsópetény,full,,,magyar-posta-via-ferenci-tamas,,2026-04-28T06:49:01,2026-04-28T06:49:01,1
120335,2618,99,HU,1051,NO,,Nézsa,full,,,magyar-posta-via-ferenci-tamas,,2026-04-28T06:49:01,2026-04-28T06:49:01,1
120336,2619,99,HU,1051,NO,,Legénd,full,,,magyar-posta-via-ferenci-tamas,,2026-04-28T06:49:01,2026-04-28T06:49:01,1
120337,2621,99,HU,1059,PE,,Verőce,full,,,magyar-posta-via-ferenci-tamas,,2026-04-28T06:49:01,2026-04-28T06:49:01,1
120338,2623,99,HU,1059,PE,,Kismaros,full,,,magyar-posta-via-ferenci-tamas,,2026-04-28T06:49:01,2026-04-28T06:49:01,1
120339,2624,99,HU,1059,PE,,Szokolya,full,,,magyar-posta-via-ferenci-tamas,,2026-04-28T06:49:01,2026-04-28T06:49:01,1
120340,2625,99,HU,1059,PE,,Kóspallag,full,,,magyar-posta-via-ferenci-tamas,,2026-04-28T06:49:01,2026-04-28T06:49:01,1
120341,2626,99,HU,1059,PE,,Nagymaros,full,,,magyar-posta-via-ferenci-tamas,,2026-04-28T06:49:01,2026-04-28T06:49:01,1
120342,2627,99,HU,1059,PE,,Zebegény,full,,,magyar-posta-via-ferenci-tamas,,2026-04-28T06:49:01,2026-04-28T06:49:01,1
120343,2628,99,HU,1059,PE,,Szob,full,,,magyar-posta-via-ferenci-tamas,,2026-04-28T06:49:01,2026-04-28T06:49:01,1
120344,2629,99,HU,1059,PE,,Márianosztra,full,,,magyar-posta-via-ferenci-tamas,,2026-04-28T06:49:01,2026-04-28T06:49:01,1
120345,2631,99,HU,1059,PE,,Ipolydamásd,full,,,magyar-posta-via-ferenci-tamas,,2026-04-28T06:49:01,2026-04-28T06:49:01,1
120346,2632,99,HU,1059,PE,,Letkés,full,,,magyar-posta-via-ferenci-tamas,,2026-04-28T06:49:01,2026-04-28T06:49:01,1
120347,2633,99,HU,1059,PE,,Ipolytölgyes,full,,,magyar-posta-via-ferenci-tamas,,2026-04-28T06:49:01,2026-04-28T06:49:01,1
120348,2634,99,HU,1059,PE,,Nagybörzsöny,full,,,magyar-posta-via-ferenci-tamas,,2026-04-28T06:49:01,2026-04-28T06:49:01,1
120349,2635,99,HU,1059,PE,,Vámosmikola,full,,,magyar-posta-via-ferenci-tamas,,2026-04-28T06:49:01,2026-04-28T06:49:01,1
120350,2636,99,HU,1059,PE,,Tésa,full,,,magyar-posta-via-ferenci-tamas,,2026-04-28T06:49:01,2026-04-28T06:49:01,1
120351,2637,99,HU,1059,PE,,Perőcsény,full,,,magyar-posta-via-ferenci-tamas,,2026-04-28T06:49:01,2026-04-28T06:49:01,1
120352,2638,99,HU,1059,PE,,Kemence,full,,,magyar-posta-via-ferenci-tamas,,2026-04-28T06:49:01,2026-04-28T06:49:01,1
120353,2639,99,HU,1059,PE,,Bernecebaráti,full,,,magyar-posta-via-ferenci-tamas,,2026-04-28T06:49:01,2026-04-28T06:49:01,1
120354,2640,99,HU,1051,NO,,Szendehely,full,,,magyar-posta-via-ferenci-tamas,,2026-04-28T06:49:01,2026-04-28T06:49:01,1
120355,2641,99,HU,1051,NO,,Berkenye,full,,,magyar-posta-via-ferenci-tamas,,2026-04-28T06:49:01,2026-04-28T06:49:01,1
120356,2642,99,HU,1051,NO,,Nógrád,full,,,magyar-posta-via-ferenci-tamas,,2026-04-28T06:49:01,2026-04-28T06:49:01,1
120357,2643,99,HU,1051,NO,,Diósjenő,full,,,magyar-posta-via-ferenci-tamas,,2026-04-28T06:49:01,2026-04-28T06:49:01,1
120358,2644,99,HU,1051,NO,,Borsosberény,full,,,magyar-posta-via-ferenci-tamas,,2026-04-28T06:49:01,2026-04-28T06:49:01,1
120359,2645,99,HU,1051,NO,,Nagyoroszi,full,,,magyar-posta-via-ferenci-tamas,,2026-04-28T06:49:01,2026-04-28T06:49:01,1
120360,2646,99,HU,1051,NO,,Drégelypalánk,full,,,magyar-posta-via-ferenci-tamas,,2026-04-28T06:49:01,2026-04-28T06:49:01,1
120361,2647,99,HU,1051,NO,,Hont,full,,,magyar-posta-via-ferenci-tamas,,2026-04-28T06:49:01,2026-04-28T06:49:01,1
120362,2648,99,HU,1051,NO,,Patak,full,,,magyar-posta-via-ferenci-tamas,,2026-04-28T06:49:01,2026-04-28T06:49:01,1
120363,2649,99,HU,1051,NO,,Dejtár,full,,,magyar-posta-via-ferenci-tamas,,2026-04-28T06:49:01,2026-04-28T06:49:01,1
120364,2651,99,HU,1051,NO,,Rétság,full,,,magyar-posta-via-ferenci-tamas,,2026-04-28T06:49:01,2026-04-28T06:49:01,1
120365,2652,99,HU,1051,NO,,Tereske,full,,,magyar-posta-via-ferenci-tamas,,2026-04-28T06:49:01,2026-04-28T06:49:01,1
120366,2653,99,HU,1051,NO,,Bánk,full,,,magyar-posta-via-ferenci-tamas,,2026-04-28T06:49:01,2026-04-28T06:49:01,1
120367,2654,99,HU,1051,NO,,Romhány,full,,,magyar-posta-via-ferenci-tamas,,2026-04-28T06:49:01,2026-04-28T06:49:01,1
120368,2655,99,HU,1051,NO,,Kisecset,full,,,magyar-posta-via-ferenci-tamas,,2026-04-28T06:49:01,2026-04-28T06:49:01,1
120369,2655,99,HU,1051,NO,,Kétbodony,full,,,magyar-posta-via-ferenci-tamas,,2026-04-28T06:49:01,2026-04-28T06:49:01,1
120370,2655,99,HU,1051,NO,,Szente,full,,,magyar-posta-via-ferenci-tamas,,2026-04-28T06:49:01,2026-04-28T06:49:01,1
120371,2656,99,HU,1051,NO,,Szátok,full,,,magyar-posta-via-ferenci-tamas,,2026-04-28T06:49:01,2026-04-28T06:49:01,1
120372,2657,99,HU,1051,NO,,Tolmács,full,,,magyar-posta-via-ferenci-tamas,,2026-04-28T06:49:01,2026-04-28T06:49:01,1
120373,2658,99,HU,1051,NO,,Horpács,full,,,magyar-posta-via-ferenci-tamas,,2026-04-28T06:49:01,2026-04-28T06:49:01,1
120374,2658,99,HU,1051,NO,,Pusztaberki,full,,,magyar-posta-via-ferenci-tamas,,2026-04-28T06:49:01,2026-04-28T06:49:01,1
120375,2659,99,HU,1051,NO,,Érsekvadkert,full,,,magyar-posta-via-ferenci-tamas,,2026-04-28T06:49:01,2026-04-28T06:49:01,1
120376,2660,99,HU,1051,NO,,Balassagyarmat,full,,,magyar-posta-via-ferenci-tamas,,2026-04-28T06:49:01,2026-04-28T06:49:01,1
120377,2660,99,HU,1051,NO,,Ipolyszög,full,,,magyar-posta-via-ferenci-tamas,,2026-04-28T06:49:01,2026-04-28T06:49:01,1
120378,2668,99,HU,1051,NO,,Patvarc,full,,,magyar-posta-via-ferenci-tamas,,2026-04-28T06:49:01,2026-04-28T06:49:01,1
120379,2669,99,HU,1051,NO,,Ipolyvece,full,,,magyar-posta-via-ferenci-tamas,,2026-04-28T06:49:01,2026-04-28T06:49:01,1
120380,2671,99,HU,1051,NO,,Őrhalom,full,,,magyar-posta-via-ferenci-tamas,,2026-04-28T06:49:01,2026-04-28T06:49:01,1
120381,2672,99,HU,1051,NO,,Hugyag,full,,,magyar-posta-via-ferenci-tamas,,2026-04-28T06:49:01,2026-04-28T06:49:01,1
120382,2673,99,HU,1051,NO,,Csitár,full,,,magyar-posta-via-ferenci-tamas,,2026-04-28T06:49:01,2026-04-28T06:49:01,1
120383,2674,99,HU,1051,NO,,Iliny,full,,,magyar-posta-via-ferenci-tamas,,2026-04-28T06:49:01,2026-04-28T06:49:01,1
120384,2675,99,HU,1051,NO,,Nógrádmarcal,full,,,magyar-posta-via-ferenci-tamas,,2026-04-28T06:49:01,2026-04-28T06:49:01,1
120385,2676,99,HU,1051,NO,,Cserhátsurány,full,,,magyar-posta-via-ferenci-tamas,,2026-04-28T06:49:01,2026-04-28T06:49:01,1
120386,2677,99,HU,1051,NO,,Herencsény,full,,,magyar-posta-via-ferenci-tamas,,2026-04-28T06:49:01,2026-04-28T06:49:01,1
120387,2678,99,HU,1051,NO,,Csesztve,full,,,magyar-posta-via-ferenci-tamas,,2026-04-28T06:49:01,2026-04-28T06:49:01,1
120388,2681,99,HU,1059,PE,,Galgagyörk,full,,,magyar-posta-via-ferenci-tamas,,2026-04-28T06:49:01,2026-04-28T06:49:01,1
120389,2682,99,HU,1059,PE,,Püspökhatvan,full,,,magyar-posta-via-ferenci-tamas,,2026-04-28T06:49:01,2026-04-28T06:49:01,1
120390,2683,99,HU,1059,PE,,Acsa,full,,,magyar-posta-via-ferenci-tamas,,2026-04-28T06:49:01,2026-04-28T06:49:01,1
120391,2685,99,HU,1051,NO,,Nógrádsáp,full,,,magyar-posta-via-ferenci-tamas,,2026-04-28T06:49:01,2026-04-28T06:49:01,1
120392,2686,99,HU,1051,NO,,Galgaguta,full,,,magyar-posta-via-ferenci-tamas,,2026-04-28T06:49:01,2026-04-28T06:49:01,1
120393,2687,99,HU,1051,NO,,Bercel,full,,,magyar-posta-via-ferenci-tamas,,2026-04-28T06:49:01,2026-04-28T06:49:01,1
120394,2688,99,HU,1051,NO,,Vanyarc,full,,,magyar-posta-via-ferenci-tamas,,2026-04-28T06:49:01,2026-04-28T06:49:01,1
120395,2691,99,HU,1051,NO,,Nógrádkövesd,full,,,magyar-posta-via-ferenci-tamas,,2026-04-28T06:49:01,2026-04-28T06:49:01,1
120396,2692,99,HU,1051,NO,,Szécsénke,full,,,magyar-posta-via-ferenci-tamas,,2026-04-28T06:49:01,2026-04-28T06:49:01,1
120397,2693,99,HU,1051,NO,,Becske,full,,,magyar-posta-via-ferenci-tamas,,2026-04-28T06:49:01,2026-04-28T06:49:01,1
120398,2694,99,HU,1051,NO,,Cserháthaláp,full,,,magyar-posta-via-ferenci-tamas,,2026-04-28T06:49:01,2026-04-28T06:49:01,1
120399,2694,99,HU,1051,NO,,Debercsény,full,,,magyar-posta-via-ferenci-tamas,,2026-04-28T06:49:01,2026-04-28T06:49:01,1
120400,2694,99,HU,1051,NO,,Magyarnándor,full,,,magyar-posta-via-ferenci-tamas,,2026-04-28T06:49:01,2026-04-28T06:49:01,1
120401,2696,99,HU,1051,NO,,Terény,full,,,magyar-posta-via-ferenci-tamas,,2026-04-28T06:49:01,2026-04-28T06:49:01,1
120402,2697,99,HU,1051,NO,,Szanda,full,,,magyar-posta-via-ferenci-tamas,,2026-04-28T06:49:01,2026-04-28T06:49:01,1
120403,2698,99,HU,1051,NO,,Mohora,full,,,magyar-posta-via-ferenci-tamas,,2026-04-28T06:49:01,2026-04-28T06:49:01,1
120404,2699,99,HU,1051,NO,,Szügy,full,,,magyar-posta-via-ferenci-tamas,,2026-04-28T06:49:01,2026-04-28T06:49:01,1
120405,2700,99,HU,1059,PE,,Cegléd,full,,,magyar-posta-via-ferenci-tamas,,2026-04-28T06:49:01,2026-04-28T06:49:01,1
120406,2711,99,HU,1059,PE,,Tápiószentmárton,full,,,magyar-posta-via-ferenci-tamas,,2026-04-28T06:49:01,2026-04-28T06:49:01,1
120407,2712,99,HU,1059,PE,,Nyársapát,full,,,magyar-posta-via-ferenci-tamas,,2026-04-28T06:49:01,2026-04-28T06:49:01,1
120408,2713,99,HU,1059,PE,,Csemő,full,,,magyar-posta-via-ferenci-tamas,,2026-04-28T06:49:01,2026-04-28T06:49:01,1
120409,2721,99,HU,1059,PE,,Pilis,full,,,magyar-posta-via-ferenci-tamas,,2026-04-28T06:49:01,2026-04-28T06:49:01,1
120410,2723,99,HU,1059,PE,,Nyáregyháza,full,,,magyar-posta-via-ferenci-tamas,,2026-04-28T06:49:01,2026-04-28T06:49:01,1
120411,2724,99,HU,1059,PE,,Újlengyel,full,,,magyar-posta-via-ferenci-tamas,,2026-04-28T06:49:01,2026-04-28T06:49:01,1
120412,2730,99,HU,1059,PE,,Albertirsa,full,,,magyar-posta-via-ferenci-tamas,,2026-04-28T06:49:01,2026-04-28T06:49:01,1
120413,2735,99,HU,1059,PE,,Dánszentmiklós,full,,,magyar-posta-via-ferenci-tamas,,2026-04-28T06:49:01,2026-04-28T06:49:01,1
120414,2736,99,HU,1059,PE,,Mikebuda,full,,,magyar-posta-via-ferenci-tamas,,2026-04-28T06:49:01,2026-04-28T06:49:01,1
120415,2737,99,HU,1059,PE,,Ceglédbercel,full,,,magyar-posta-via-ferenci-tamas,,2026-04-28T06:49:01,2026-04-28T06:49:01,1
120416,2738,99,HU,1059,PE,,"Cegléd, Budai út",full,,,magyar-posta-via-ferenci-tamas,,2026-04-28T06:49:01,2026-04-28T06:49:01,1
120417,2740,99,HU,1059,PE,,Abony,full,,,magyar-posta-via-ferenci-tamas,,2026-04-28T06:49:01,2026-04-28T06:49:01,1
120418,2745,99,HU,1059,PE,,Kőröstetétlen,full,,,magyar-posta-via-ferenci-tamas,,2026-04-28T06:49:01,2026-04-28T06:49:01,1
120419,2746,99,HU,1059,PE,,Jászkarajenő,full,,,magyar-posta-via-ferenci-tamas,,2026-04-28T06:49:01,2026-04-28T06:49:01,1
120420,2747,99,HU,1059,PE,,Törtel,full,,,magyar-posta-via-ferenci-tamas,,2026-04-28T06:49:01,2026-04-28T06:49:01,1
120421,2750,99,HU,1059,PE,,Nagykőrös,full,,,magyar-posta-via-ferenci-tamas,,2026-04-28T06:49:01,2026-04-28T06:49:01,1
120422,2755,99,HU,1059,PE,,Kocsér,full,,,magyar-posta-via-ferenci-tamas,,2026-04-28T06:49:01,2026-04-28T06:49:01,1
120423,2760,99,HU,1059,PE,,Nagykáta,full,,,magyar-posta-via-ferenci-tamas,,2026-04-28T06:49:01,2026-04-28T06:49:01,1
120424,2764,99,HU,1059,PE,,Tápióbicske,full,,,magyar-posta-via-ferenci-tamas,,2026-04-28T06:49:01,2026-04-28T06:49:01,1
120425,2765,99,HU,1059,PE,,Farmos,full,,,magyar-posta-via-ferenci-tamas,,2026-04-28T06:49:01,2026-04-28T06:49:01,1
120426,2766,99,HU,1059,PE,,Tápiószele,full,,,magyar-posta-via-ferenci-tamas,,2026-04-28T06:49:01,2026-04-28T06:49:01,1
120427,2767,99,HU,1059,PE,,Tápiógyörgye,full,,,magyar-posta-via-ferenci-tamas,,2026-04-28T06:49:01,2026-04-28T06:49:01,1
120428,2768,99,HU,1059,PE,,Újszilvás,full,,,magyar-posta-via-ferenci-tamas,,2026-04-28T06:49:01,2026-04-28T06:49:01,1
120429,2769,99,HU,1059,PE,,Tápiószőlős,full,,,magyar-posta-via-ferenci-tamas,,2026-04-28T06:49:01,2026-04-28T06:49:01,1
120430,2800,99,HU,5085,KE,,Tatabánya,full,,,magyar-posta-via-ferenci-tamas,,2026-04-28T06:49:01,2026-04-28T06:49:01,1
120431,2821,99,HU,5085,KE,,Gyermely,full,,,magyar-posta-via-ferenci-tamas,,2026-04-28T06:49:01,2026-04-28T06:49:01,1
120432,2822,99,HU,5085,KE,,Szomor,full,,,magyar-posta-via-ferenci-tamas,,2026-04-28T06:49:01,2026-04-28T06:49:01,1
120433,2823,99,HU,5085,KE,,Vértessomló,full,,,magyar-posta-via-ferenci-tamas,,2026-04-28T06:49:01,2026-04-28T06:49:01,1
120434,2824,99,HU,5085,KE,,Várgesztes,full,,,magyar-posta-via-ferenci-tamas,,2026-04-28T06:49:01,2026-04-28T06:49:01,1
120435,2831,99,HU,5085,KE,,Tarján,full,,,magyar-posta-via-ferenci-tamas,,2026-04-28T06:49:01,2026-04-28T06:49:01,1
120436,2832,99,HU,5085,KE,,Héreg,full,,,magyar-posta-via-ferenci-tamas,,2026-04-28T06:49:01,2026-04-28T06:49:01,1
120437,2833,99,HU,5085,KE,,Vértestolna,full,,,magyar-posta-via-ferenci-tamas,,2026-04-28T06:49:01,2026-04-28T06:49:01,1
120438,2834,99,HU,5085,KE,,Tardos,full,,,magyar-posta-via-ferenci-tamas,,2026-04-28T06:49:01,2026-04-28T06:49:01,1
120439,2835,99,HU,5085,KE,,"Tata, Agostyán",full,,,magyar-posta-via-ferenci-tamas,,2026-04-28T06:49:01,2026-04-28T06:49:01,1
120440,2836,99,HU,5085,KE,,Baj,full,,,magyar-posta-via-ferenci-tamas,,2026-04-28T06:49:01,2026-04-28T06:49:01,1
120441,2837,99,HU,5085,KE,,Vértesszőlős,full,,,magyar-posta-via-ferenci-tamas,,2026-04-28T06:49:01,2026-04-28T06:49:01,1
120442,2840,99,HU,5085,KE,,Oroszlány,full,,,magyar-posta-via-ferenci-tamas,,2026-04-28T06:49:01,2026-04-28T06:49:01,1
120443,2851,99,HU,5085,KE,,Környe,full,,,magyar-posta-via-ferenci-tamas,,2026-04-28T06:49:01,2026-04-28T06:49:01,1
120444,2852,99,HU,5085,KE,,Kecskéd,full,,,magyar-posta-via-ferenci-tamas,,2026-04-28T06:49:01,2026-04-28T06:49:01,1
120445,2853,99,HU,5085,KE,,Kömlőd,full,,,magyar-posta-via-ferenci-tamas,,2026-04-28T06:49:01,2026-04-28T06:49:01,1
120446,2854,99,HU,5085,KE,,Dad,full,,,magyar-posta-via-ferenci-tamas,,2026-04-28T06:49:01,2026-04-28T06:49:01,1
120447,2855,99,HU,5085,KE,,Bokod,full,,,magyar-posta-via-ferenci-tamas,,2026-04-28T06:49:01,2026-04-28T06:49:01,1
120448,2856,99,HU,5085,KE,,Szákszend,full,,,magyar-posta-via-ferenci-tamas,,2026-04-28T06:49:01,2026-04-28T06:49:01,1
120449,2858,99,HU,5085,KE,,Császár,full,,,magyar-posta-via-ferenci-tamas,,2026-04-28T06:49:01,2026-04-28T06:49:01,1
120450,2859,99,HU,5085,KE,,Vérteskethely,full,,,magyar-posta-via-ferenci-tamas,,2026-04-28T06:49:01,2026-04-28T06:49:01,1
120451,2861,99,HU,5085,KE,,Bakonysárkány,full,,,magyar-posta-via-ferenci-tamas,,2026-04-28T06:49:01,2026-04-28T06:49:01,1
120452,2862,99,HU,5085,KE,,Aka,full,,,magyar-posta-via-ferenci-tamas,,2026-04-28T06:49:01,2026-04-28T06:49:01,1
120453,2870,99,HU,5085,KE,,Kisbér,full,,,magyar-posta-via-ferenci-tamas,,2026-04-28T06:49:01,2026-04-28T06:49:01,1
120454,2879,99,HU,5085,KE,,"Kisbér, Hánta",full,,,magyar-posta-via-ferenci-tamas,,2026-04-28T06:49:01,2026-04-28T06:49:01,1
120455,2881,99,HU,5085,KE,,Ászár,full,,,magyar-posta-via-ferenci-tamas,,2026-04-28T06:49:01,2026-04-28T06:49:01,1
120456,2882,99,HU,5085,KE,,Kerékteleki,full,,,magyar-posta-via-ferenci-tamas,,2026-04-28T06:49:01,2026-04-28T06:49:01,1
120457,2883,99,HU,5085,KE,,Bársonyos,full,,,magyar-posta-via-ferenci-tamas,,2026-04-28T06:49:01,2026-04-28T06:49:01,1
120458,2884,99,HU,5085,KE,,Bakonyszombathely,full,,,magyar-posta-via-ferenci-tamas,,2026-04-28T06:49:01,2026-04-28T06:49:01,1
120459,2885,99,HU,5085,KE,,Bakonybánk,full,,,magyar-posta-via-ferenci-tamas,,2026-04-28T06:49:01,2026-04-28T06:49:01,1
120460,2886,99,HU,5085,KE,,Réde,full,,,magyar-posta-via-ferenci-tamas,,2026-04-28T06:49:01,2026-04-28T06:49:01,1
120461,2887,99,HU,5085,KE,,Ácsteszér,full,,,magyar-posta-via-ferenci-tamas,,2026-04-28T06:49:01,2026-04-28T06:49:01,1
120462,2888,99,HU,5085,KE,,Csatka,full,,,magyar-posta-via-ferenci-tamas,,2026-04-28T06:49:01,2026-04-28T06:49:01,1
120463,2889,99,HU,5085,KE,,Súr,full,,,magyar-posta-via-ferenci-tamas,,2026-04-28T06:49:01,2026-04-28T06:49:01,1
120464,2890,99,HU,5085,KE,,Tata,full,,,magyar-posta-via-ferenci-tamas,,2026-04-28T06:49:01,2026-04-28T06:49:01,1
120465,2896,99,HU,5085,KE,,Szomód,full,,,magyar-posta-via-ferenci-tamas,,2026-04-28T06:49:01,2026-04-28T06:49:01,1
120466,2897,99,HU,5085,KE,,Dunaszentmiklós,full,,,magyar-posta-via-ferenci-tamas,,2026-04-28T06:49:01,2026-04-28T06:49:01,1
120467,2898,99,HU,5085,KE,,Kocs,full,,,magyar-posta-via-ferenci-tamas,,2026-04-28T06:49:01,2026-04-28T06:49:01,1
120468,2899,99,HU,5085,KE,,Naszály,full,,,magyar-posta-via-ferenci-tamas,,2026-04-28T06:49:01,2026-04-28T06:49:01,1
120469,2900,99,HU,5085,KE,,Komárom,full,,,magyar-posta-via-ferenci-tamas,,2026-04-28T06:49:01,2026-04-28T06:49:01,1
120470,2903,99,HU,5085,KE,,"Komárom, Koppánymonostor",full,,,magyar-posta-via-ferenci-tamas,,2026-04-28T06:49:01,2026-04-28T06:49:01,1
120471,2911,99,HU,5085,KE,,Mocsa,full,,,magyar-posta-via-ferenci-tamas,,2026-04-28T06:49:01,2026-04-28T06:49:01,1
120472,2921,99,HU,5085,KE,,"Komárom, Szőny",full,,,magyar-posta-via-ferenci-tamas,,2026-04-28T06:49:01,2026-04-28T06:49:01,1
120473,2931,99,HU,5085,KE,,Almásfüzitő,full,,,magyar-posta-via-ferenci-tamas,,2026-04-28T06:49:01,2026-04-28T06:49:01,1
120474,2941,99,HU,5085,KE,,Ács,full,,,magyar-posta-via-ferenci-tamas,,2026-04-28T06:49:01,2026-04-28T06:49:01,1
120475,2942,99,HU,5085,KE,,Nagyigmánd,full,,,magyar-posta-via-ferenci-tamas,,2026-04-28T06:49:01,2026-04-28T06:49:01,1
120476,2943,99,HU,5085,KE,,Bábolna,full,,,magyar-posta-via-ferenci-tamas,,2026-04-28T06:49:01,2026-04-28T06:49:01,1
120477,2943,99,HU,5085,KE,,"Tárkány, Ölbőpuszta",full,,,magyar-posta-via-ferenci-tamas,,2026-04-28T06:49:01,2026-04-28T06:49:01,1
120478,2944,99,HU,5085,KE,,Bana,full,,,magyar-posta-via-ferenci-tamas,,2026-04-28T06:49:01,2026-04-28T06:49:01,1
120479,2945,99,HU,5085,KE,,Tárkány,full,,,magyar-posta-via-ferenci-tamas,,2026-04-28T06:49:01,2026-04-28T06:49:01,1
120480,2946,99,HU,5085,KE,,Csép,full,,,magyar-posta-via-ferenci-tamas,,2026-04-28T06:49:01,2026-04-28T06:49:01,1
120481,2947,99,HU,5085,KE,,Ete,full,,,magyar-posta-via-ferenci-tamas,,2026-04-28T06:49:01,2026-04-28T06:49:01,1
120482,2948,99,HU,5085,KE,,Kisigmánd,full,,,magyar-posta-via-ferenci-tamas,,2026-04-28T06:49:01,2026-04-28T06:49:01,1
120483,2949,99,HU,5085,KE,,Csém,full,,,magyar-posta-via-ferenci-tamas,,2026-04-28T06:49:01,2026-04-28T06:49:01,1
120484,3000,99,HU,1040,HE,,Hatvan,full,,,magyar-posta-via-ferenci-tamas,,2026-04-28T06:49:01,2026-04-28T06:49:01,1
120485,3009,99,HU,1040,HE,,Kerekharaszt,full,,,magyar-posta-via-ferenci-tamas,,2026-04-28T06:49:01,2026-04-28T06:49:01,1
120486,3011,99,HU,1040,HE,,Heréd,full,,,magyar-posta-via-ferenci-tamas,,2026-04-28T06:49:01,2026-04-28T06:49:01,1
120487,3012,99,HU,1040,HE,,Nagykökényes,full,,,magyar-posta-via-ferenci-tamas,,2026-04-28T06:49:01,2026-04-28T06:49:01,1
120488,3013,99,HU,1040,HE,,Ecséd,full,,,magyar-posta-via-ferenci-tamas,,2026-04-28T06:49:01,2026-04-28T06:49:01,1
120489,3014,99,HU,1040,HE,,Hort,full,,,magyar-posta-via-ferenci-tamas,,2026-04-28T06:49:01,2026-04-28T06:49:01,1
120490,3015,99,HU,1040,HE,,Csány,full,,,magyar-posta-via-ferenci-tamas,,2026-04-28T06:49:01,2026-04-28T06:49:01,1
120491,3016,99,HU,1040,HE,,Boldog,full,,,magyar-posta-via-ferenci-tamas,,2026-04-28T06:49:01,2026-04-28T06:49:01,1
120492,3021,99,HU,1040,HE,,Lőrinci,full,,,magyar-posta-via-ferenci-tamas,,2026-04-28T06:49:01,2026-04-28T06:49:01,1
120493,3022,99,HU,1040,HE,,"Lőrinci, Mátravidéki erőmű",full,,,magyar-posta-via-ferenci-tamas,,2026-04-28T06:49:01,2026-04-28T06:49:01,1
120494,3023,99,HU,1040,HE,,Petőfibánya,full,,,magyar-posta-via-ferenci-tamas,,2026-04-28T06:49:01,2026-04-28T06:49:01,1
120495,3024,99,HU,1040,HE,,"Lőrinci, Selyp",full,,,magyar-posta-via-ferenci-tamas,,2026-04-28T06:49:01,2026-04-28T06:49:01,1
120496,3031,99,HU,1040,HE,,Zagyvaszántó,full,,,magyar-posta-via-ferenci-tamas,,2026-04-28T06:49:01,2026-04-28T06:49:01,1
120497,3032,99,HU,1040,HE,,Apc,full,,,magyar-posta-via-ferenci-tamas,,2026-04-28T06:49:01,2026-04-28T06:49:01,1
120498,3033,99,HU,1040,HE,,Rózsaszentmárton,full,,,magyar-posta-via-ferenci-tamas,,2026-04-28T06:49:01,2026-04-28T06:49:01,1
120499,3034,99,HU,1040,HE,,Szűcsi,full,,,magyar-posta-via-ferenci-tamas,,2026-04-28T06:49:01,2026-04-28T06:49:01,1
120500,3035,99,HU,1040,HE,,Gyöngyöspata,full,,,magyar-posta-via-ferenci-tamas,,2026-04-28T06:49:01,2026-04-28T06:49:01,1
120501,3036,99,HU,1040,HE,,Gyöngyöstarján,full,,,magyar-posta-via-ferenci-tamas,,2026-04-28T06:49:01,2026-04-28T06:49:01,1
120502,3041,99,HU,1051,NO,,Héhalom,full,,,magyar-posta-via-ferenci-tamas,,2026-04-28T06:49:01,2026-04-28T06:49:01,1
120503,3042,99,HU,1051,NO,,Palotás,full,,,magyar-posta-via-ferenci-tamas,,2026-04-28T06:49:01,2026-04-28T06:49:01,1
120504,3043,99,HU,1051,NO,,Egyházasdengeleg,full,,,magyar-posta-via-ferenci-tamas,,2026-04-28T06:49:01,2026-04-28T06:49:01,1
120505,3044,99,HU,1051,NO,,Szirák,full,,,magyar-posta-via-ferenci-tamas,,2026-04-28T06:49:01,2026-04-28T06:49:01,1
120506,3045,99,HU,1051,NO,,Bér,full,,,magyar-posta-via-ferenci-tamas,,2026-04-28T06:49:01,2026-04-28T06:49:01,1
120507,3046,99,HU,1051,NO,,Kisbágyon,full,,,magyar-posta-via-ferenci-tamas,,2026-04-28T06:49:01,2026-04-28T06:49:01,1
120508,3047,99,HU,1051,NO,,Buják,full,,,magyar-posta-via-ferenci-tamas,,2026-04-28T06:49:01,2026-04-28T06:49:01,1
120509,3051,99,HU,1051,NO,,Szarvasgede,full,,,magyar-posta-via-ferenci-tamas,,2026-04-28T06:49:01,2026-04-28T06:49:01,1
120510,3052,99,HU,1051,NO,,Csécse,full,,,magyar-posta-via-ferenci-tamas,,2026-04-28T06:49:01,2026-04-28T06:49:01,1
120511,3053,99,HU,1051,NO,,Ecseg,full,,,magyar-posta-via-ferenci-tamas,,2026-04-28T06:49:01,2026-04-28T06:49:01,1
120512,3053,99,HU,1051,NO,,Kozárd,full,,,magyar-posta-via-ferenci-tamas,,2026-04-28T06:49:01,2026-04-28T06:49:01,1
120513,3060,99,HU,1051,NO,,Pásztó,full,,,magyar-posta-via-ferenci-tamas,,2026-04-28T06:49:01,2026-04-28T06:49:01,1
120514,3063,99,HU,1051,NO,,Jobbágyi,full,,,magyar-posta-via-ferenci-tamas,,2026-04-28T06:49:01,2026-04-28T06:49:01,1
120515,3064,99,HU,1051,NO,,Szurdokpüspöki,full,,,magyar-posta-via-ferenci-tamas,,2026-04-28T06:49:01,2026-04-28T06:49:01,1
120516,3065,99,HU,1051,NO,,"Pásztó, Hasznos",full,,,magyar-posta-via-ferenci-tamas,,2026-04-28T06:49:01,2026-04-28T06:49:01,1
120517,3066,99,HU,1051,NO,,Bokor,full,,,magyar-posta-via-ferenci-tamas,,2026-04-28T06:49:01,2026-04-28T06:49:01,1
120518,3066,99,HU,1051,NO,,Cserhátszentiván,full,,,magyar-posta-via-ferenci-tamas,,2026-04-28T06:49:01,2026-04-28T06:49:01,1
120519,3066,99,HU,1051,NO,,Kutasó,full,,,magyar-posta-via-ferenci-tamas,,2026-04-28T06:49:01,2026-04-28T06:49:01,1
120520,3067,99,HU,1051,NO,,Felsőtold,full,,,magyar-posta-via-ferenci-tamas,,2026-04-28T06:49:01,2026-04-28T06:49:01,1
120521,3067,99,HU,1051,NO,,Garáb,full,,,magyar-posta-via-ferenci-tamas,,2026-04-28T06:49:01,2026-04-28T06:49:01,1
120522,3068,99,HU,1051,NO,,Mátraszőlős,full,,,magyar-posta-via-ferenci-tamas,,2026-04-28T06:49:01,2026-04-28T06:49:01,1
120523,3069,99,HU,1051,NO,,Alsótold,full,,,magyar-posta-via-ferenci-tamas,,2026-04-28T06:49:01,2026-04-28T06:49:01,1
120524,3070,99,HU,1051,NO,,Bátonyterenye,full,,,magyar-posta-via-ferenci-tamas,,2026-04-28T06:49:01,2026-04-28T06:49:01,1
120525,3073,99,HU,1051,NO,,Tar,full,,,magyar-posta-via-ferenci-tamas,,2026-04-28T06:49:01,2026-04-28T06:49:01,1
120526,3074,99,HU,1051,NO,,Sámsonháza,full,,,magyar-posta-via-ferenci-tamas,,2026-04-28T06:49:01,2026-04-28T06:49:01,1
120527,3075,99,HU,1051,NO,,Kisbárkány,full,,,magyar-posta-via-ferenci-tamas,,2026-04-28T06:49:01,2026-04-28T06:49:01,1
120528,3075,99,HU,1051,NO,,Márkháza,full,,,magyar-posta-via-ferenci-tamas,,2026-04-28T06:49:01,2026-04-28T06:49:01,1
120529,3075,99,HU,1051,NO,,Nagybárkány,full,,,magyar-posta-via-ferenci-tamas,,2026-04-28T06:49:01,2026-04-28T06:49:01,1
120530,3077,99,HU,1051,NO,,Mátraverebély,full,,,magyar-posta-via-ferenci-tamas,,2026-04-28T06:49:01,2026-04-28T06:49:01,1
120531,3078,99,HU,1051,NO,,"Bátonyterenye, Kisterenye",full,,,magyar-posta-via-ferenci-tamas,,2026-04-28T06:49:01,2026-04-28T06:49:01,1
120532,3082,99,HU,1051,NO,,"Pásztó, Mátrakeresztes",full,,,magyar-posta-via-ferenci-tamas,,2026-04-28T06:49:01,2026-04-28T06:49:01,1
120533,3100,99,HU,1051,NO,,Salgótarján,full,,,magyar-posta-via-ferenci-tamas,,2026-04-28T06:49:01,2026-04-28T06:49:01,1
120534,3102,99,HU,1051,NO,,"Salgótarján, Baglyasalja",full,,,magyar-posta-via-ferenci-tamas,,2026-04-28T06:49:01,2026-04-28T06:49:01,1
120535,3104,99,HU,1051,NO,,"Salgótarján, Zagyvapálfalva",full,,,magyar-posta-via-ferenci-tamas,,2026-04-28T06:49:01,2026-04-28T06:49:01,1
120536,3109,99,HU,1051,NO,,"Salgótarján, Salgóbánya",full,,,magyar-posta-via-ferenci-tamas,,2026-04-28T06:49:01,2026-04-28T06:49:01,1
120537,3121,99,HU,1051,NO,,Somoskőújfalu,full,,,magyar-posta-via-ferenci-tamas,,2026-04-28T06:49:01,2026-04-28T06:49:01,1
120538,3123,99,HU,1051,NO,,Cered,full,,,magyar-posta-via-ferenci-tamas,,2026-04-28T06:49:01,2026-04-28T06:49:01,1
120539,3124,99,HU,1051,NO,,Zabar,full,,,magyar-posta-via-ferenci-tamas,,2026-04-28T06:49:01,2026-04-28T06:49:01,1
120540,3125,99,HU,1051,NO,,Szilaspogony,full,,,magyar-posta-via-ferenci-tamas,,2026-04-28T06:49:01,2026-04-28T06:49:01,1
120541,3126,99,HU,1051,NO,,Bárna,full,,,magyar-posta-via-ferenci-tamas,,2026-04-28T06:49:01,2026-04-28T06:49:01,1
120542,3127,99,HU,1051,NO,,Kazár,full,,,magyar-posta-via-ferenci-tamas,,2026-04-28T06:49:01,2026-04-28T06:49:01,1
120543,3128,99,HU,1051,NO,,Vizslás,full,,,magyar-posta-via-ferenci-tamas,,2026-04-28T06:49:01,2026-04-28T06:49:01,1
120544,3129,99,HU,1051,NO,,Lucfalva,full,,,magyar-posta-via-ferenci-tamas,,2026-04-28T06:49:01,2026-04-28T06:49:01,1
120545,3129,99,HU,1051,NO,,Nagykeresztúr,full,,,magyar-posta-via-ferenci-tamas,,2026-04-28T06:49:01,2026-04-28T06:49:01,1
120546,3131,99,HU,1051,NO,,Sóshartyán,full,,,magyar-posta-via-ferenci-tamas,,2026-04-28T06:49:01,2026-04-28T06:49:01,1
120547,3132,99,HU,1051,NO,,Nógrádmegyer,full,,,magyar-posta-via-ferenci-tamas,,2026-04-28T06:49:01,2026-04-28T06:49:01,1
120548,3133,99,HU,1051,NO,,Magyargéc,full,,,magyar-posta-via-ferenci-tamas,,2026-04-28T06:49:01,2026-04-28T06:49:01,1
120549,3134,99,HU,1051,NO,,Piliny,full,,,magyar-posta-via-ferenci-tamas,,2026-04-28T06:49:01,2026-04-28T06:49:01,1
120550,3135,99,HU,1051,NO,,Szécsényfelfalu,full,,,magyar-posta-via-ferenci-tamas,,2026-04-28T06:49:01,2026-04-28T06:49:01,1
120551,3136,99,HU,1051,NO,,Etes,full,,,magyar-posta-via-ferenci-tamas,,2026-04-28T06:49:01,2026-04-28T06:49:01,1
120552,3137,99,HU,1051,NO,,Karancsberény,full,,,magyar-posta-via-ferenci-tamas,,2026-04-28T06:49:01,2026-04-28T06:49:01,1
120553,3138,99,HU,1051,NO,,Ipolytarnóc,full,,,magyar-posta-via-ferenci-tamas,,2026-04-28T06:49:01,2026-04-28T06:49:01,1
120554,3141,99,HU,1051,NO,,"Salgótarján, Zagyvaróna",full,,,magyar-posta-via-ferenci-tamas,,2026-04-28T06:49:01,2026-04-28T06:49:01,1
120555,3142,99,HU,1051,NO,,Mátraszele,full,,,magyar-posta-via-ferenci-tamas,,2026-04-28T06:49:01,2026-04-28T06:49:01,1
120556,3143,99,HU,1051,NO,,Mátranovák,full,,,magyar-posta-via-ferenci-tamas,,2026-04-28T06:49:01,2026-04-28T06:49:01,1
120557,3144,99,HU,1051,NO,,"Mátranovák, Bányatelep",full,,,magyar-posta-via-ferenci-tamas,,2026-04-28T06:49:01,2026-04-28T06:49:01,1
120558,3145,99,HU,1051,NO,,"Mátraterenye, Homokterenye",full,,,magyar-posta-via-ferenci-tamas,,2026-04-28T06:49:01,2026-04-28T06:49:01,1
120559,3146,99,HU,1051,NO,,"Mátraterenye, Nádújfalu",full,,,magyar-posta-via-ferenci-tamas,,2026-04-28T06:49:01,2026-04-28T06:49:01,1
120560,3147,99,HU,1051,NO,,"Kazár, Mizserfa",full,,,magyar-posta-via-ferenci-tamas,,2026-04-28T06:49:01,2026-04-28T06:49:01,1
120561,3151,99,HU,1051,NO,,Rákóczibánya,full,,,magyar-posta-via-ferenci-tamas,,2026-04-28T06:49:01,2026-04-28T06:49:01,1
120562,3152,99,HU,1051,NO,,Nemti,full,,,magyar-posta-via-ferenci-tamas,,2026-04-28T06:49:01,2026-04-28T06:49:01,1
120563,3153,99,HU,1051,NO,,Dorogháza,full,,,magyar-posta-via-ferenci-tamas,,2026-04-28T06:49:01,2026-04-28T06:49:01,1
120564,3154,99,HU,1051,NO,,Szuha,full,,,magyar-posta-via-ferenci-tamas,,2026-04-28T06:49:01,2026-04-28T06:49:01,1
120565,3155,99,HU,1051,NO,,Mátramindszent,full,,,magyar-posta-via-ferenci-tamas,,2026-04-28T06:49:01,2026-04-28T06:49:01,1
120566,3161,99,HU,1051,NO,,Kishartyán,full,,,magyar-posta-via-ferenci-tamas,,2026-04-28T06:49:01,2026-04-28T06:49:01,1
120567,3162,99,HU,1051,NO,,Ságújfalu,full,,,magyar-posta-via-ferenci-tamas,,2026-04-28T06:49:01,2026-04-28T06:49:01,1
120568,3163,99,HU,1051,NO,,Karancsság,full,,,magyar-posta-via-ferenci-tamas,,2026-04-28T06:49:01,2026-04-28T06:49:01,1
120569,3163,99,HU,1051,NO,,Szalmatercs,full,,,magyar-posta-via-ferenci-tamas,,2026-04-28T06:49:01,2026-04-28T06:49:01,1
120570,3165,99,HU,1051,NO,,Endrefalva,full,,,magyar-posta-via-ferenci-tamas,,2026-04-28T06:49:01,2026-04-28T06:49:01,1
120571,3170,99,HU,1051,NO,,Szécsény,full,,,magyar-posta-via-ferenci-tamas,,2026-04-28T06:49:01,2026-04-28T06:49:01,1
120572,3175,99,HU,1051,NO,,Nagylóc,full,,,magyar-posta-via-ferenci-tamas,,2026-04-28T06:49:01,2026-04-28T06:49:01,1
120573,3176,99,HU,1051,NO,,Hollókő,full,,,magyar-posta-via-ferenci-tamas,,2026-04-28T06:49:01,2026-04-28T06:49:01,1
120574,3177,99,HU,1051,NO,,Rimóc,full,,,magyar-posta-via-ferenci-tamas,,2026-04-28T06:49:01,2026-04-28T06:49:01,1
120575,3178,99,HU,1051,NO,,Varsány,full,,,magyar-posta-via-ferenci-tamas,,2026-04-28T06:49:01,2026-04-28T06:49:01,1
120576,3179,99,HU,1051,NO,,Nógrádsipek,full,,,magyar-posta-via-ferenci-tamas,,2026-04-28T06:49:01,2026-04-28T06:49:01,1
120577,3181,99,HU,1051,NO,,Karancsalja,full,,,magyar-posta-via-ferenci-tamas,,2026-04-28T06:49:01,2026-04-28T06:49:01,1
120578,3182,99,HU,1051,NO,,Karancslapujtő,full,,,magyar-posta-via-ferenci-tamas,,2026-04-28T06:49:01,2026-04-28T06:49:01,1
120579,3183,99,HU,1051,NO,,Karancskeszi,full,,,magyar-posta-via-ferenci-tamas,,2026-04-28T06:49:01,2026-04-28T06:49:01,1
120580,3184,99,HU,1051,NO,,Mihálygerge,full,,,magyar-posta-via-ferenci-tamas,,2026-04-28T06:49:01,2026-04-28T06:49:01,1
120581,3185,99,HU,1051,NO,,Egyházasgerge,full,,,magyar-posta-via-ferenci-tamas,,2026-04-28T06:49:01,2026-04-28T06:49:01,1
120582,3186,99,HU,1051,NO,,Litke,full,,,magyar-posta-via-ferenci-tamas,,2026-04-28T06:49:01,2026-04-28T06:49:01,1
120583,3187,99,HU,1051,NO,,Nógrádszakál,full,,,magyar-posta-via-ferenci-tamas,,2026-04-28T06:49:01,2026-04-28T06:49:01,1
120584,3188,99,HU,1051,NO,,Ludányhalászi,full,,,magyar-posta-via-ferenci-tamas,,2026-04-28T06:49:01,2026-04-28T06:49:01,1
120585,3200,99,HU,1040,HE,,Gyöngyös,full,,,magyar-posta-via-ferenci-tamas,,2026-04-28T06:49:01,2026-04-28T06:49:01,1
120586,3211,99,HU,1040,HE,,Gyöngyösoroszi,full,,,magyar-posta-via-ferenci-tamas,,2026-04-28T06:49:01,2026-04-28T06:49:01,1
120587,3212,99,HU,1040,HE,,Gyöngyöshalász,full,,,magyar-posta-via-ferenci-tamas,,2026-04-28T06:49:01,2026-04-28T06:49:01,1
120588,3213,99,HU,1040,HE,,Atkár,full,,,magyar-posta-via-ferenci-tamas,,2026-04-28T06:49:01,2026-04-28T06:49:01,1
120589,3214,99,HU,1040,HE,,Nagyréde,full,,,magyar-posta-via-ferenci-tamas,,2026-04-28T06:49:01,2026-04-28T06:49:01,1
120590,3221,99,HU,1040,HE,,"Gyöngyös, Kékestető",full,,,magyar-posta-via-ferenci-tamas,,2026-04-28T06:49:01,2026-04-28T06:49:01,1
120591,3231,99,HU,1040,HE,,Gyöngyössolymos,full,,,magyar-posta-via-ferenci-tamas,,2026-04-28T06:49:01,2026-04-28T06:49:01,1
120592,3232,99,HU,1040,HE,,"Gyöngyös, Mátrafüred",full,,,magyar-posta-via-ferenci-tamas,,2026-04-28T06:49:01,2026-04-28T06:49:01,1
120593,3233,99,HU,1040,HE,,"Gyöngyös, Mátraháza",full,,,magyar-posta-via-ferenci-tamas,,2026-04-28T06:49:01,2026-04-28T06:49:01,1
120594,3234,99,HU,1040,HE,,"Mátraszentimre, Galyatető",full,,,magyar-posta-via-ferenci-tamas,,2026-04-28T06:49:01,2026-04-28T06:49:01,1
120595,3235,99,HU,1040,HE,,Mátraszentimre,full,,,magyar-posta-via-ferenci-tamas,,2026-04-28T06:49:01,2026-04-28T06:49:01,1
120596,3240,99,HU,1040,HE,,Parád,full,,,magyar-posta-via-ferenci-tamas,,2026-04-28T06:49:01,2026-04-28T06:49:01,1
120597,3242,99,HU,1040,HE,,Parádsasvár,full,,,magyar-posta-via-ferenci-tamas,,2026-04-28T06:49:01,2026-04-28T06:49:01,1
120598,3243,99,HU,1040,HE,,Bodony,full,,,magyar-posta-via-ferenci-tamas,,2026-04-28T06:49:01,2026-04-28T06:49:01,1
120599,3245,99,HU,1040,HE,,Recsk,full,,,magyar-posta-via-ferenci-tamas,,2026-04-28T06:49:01,2026-04-28T06:49:01,1
120600,3246,99,HU,1040,HE,,Mátraderecske,full,,,magyar-posta-via-ferenci-tamas,,2026-04-28T06:49:01,2026-04-28T06:49:01,1
120601,3247,99,HU,1040,HE,,Mátraballa,full,,,magyar-posta-via-ferenci-tamas,,2026-04-28T06:49:01,2026-04-28T06:49:01,1
120602,3248,99,HU,1040,HE,,Ivád,full,,,magyar-posta-via-ferenci-tamas,,2026-04-28T06:49:01,2026-04-28T06:49:01,1
120603,3250,99,HU,1040,HE,,Pétervására,full,,,magyar-posta-via-ferenci-tamas,,2026-04-28T06:49:01,2026-04-28T06:49:01,1
120604,3252,99,HU,1040,HE,,Erdőkövesd,full,,,magyar-posta-via-ferenci-tamas,,2026-04-28T06:49:01,2026-04-28T06:49:01,1
120605,3253,99,HU,1040,HE,,Istenmezeje,full,,,magyar-posta-via-ferenci-tamas,,2026-04-28T06:49:01,2026-04-28T06:49:01,1
120606,3254,99,HU,1040,HE,,Váraszó,full,,,magyar-posta-via-ferenci-tamas,,2026-04-28T06:49:01,2026-04-28T06:49:01,1
120607,3255,99,HU,1040,HE,,Fedémes,full,,,magyar-posta-via-ferenci-tamas,,2026-04-28T06:49:01,2026-04-28T06:49:01,1
120608,3256,99,HU,1040,HE,,Kisfüzes,full,,,magyar-posta-via-ferenci-tamas,,2026-04-28T06:49:01,2026-04-28T06:49:01,1
120609,3257,99,HU,1040,HE,,Bükkszenterzsébet,full,,,magyar-posta-via-ferenci-tamas,,2026-04-28T06:49:01,2026-04-28T06:49:01,1
120610,3258,99,HU,1040,HE,,Tarnalelesz,full,,,magyar-posta-via-ferenci-tamas,,2026-04-28T06:49:01,2026-04-28T06:49:01,1
120611,3259,99,HU,1040,HE,,Szentdomonkos,full,,,magyar-posta-via-ferenci-tamas,,2026-04-28T06:49:01,2026-04-28T06:49:01,1
120612,3261,99,HU,1040,HE,,Abasár,full,,,magyar-posta-via-ferenci-tamas,,2026-04-28T06:49:01,2026-04-28T06:49:01,1
120613,3261,99,HU,1040,HE,,Pálosvörösmart,full,,,magyar-posta-via-ferenci-tamas,,2026-04-28T06:49:01,2026-04-28T06:49:01,1
120614,3262,99,HU,1040,HE,,Markaz,full,,,magyar-posta-via-ferenci-tamas,,2026-04-28T06:49:01,2026-04-28T06:49:01,1
120615,3263,99,HU,1040,HE,,Domoszló,full,,,magyar-posta-via-ferenci-tamas,,2026-04-28T06:49:01,2026-04-28T06:49:01,1
120616,3264,99,HU,1040,HE,,Kisnána,full,,,magyar-posta-via-ferenci-tamas,,2026-04-28T06:49:01,2026-04-28T06:49:01,1
120617,3265,99,HU,1040,HE,,Vécs,full,,,magyar-posta-via-ferenci-tamas,,2026-04-28T06:49:01,2026-04-28T06:49:01,1
120618,3271,99,HU,1040,HE,,Visonta,full,,,magyar-posta-via-ferenci-tamas,,2026-04-28T06:49:01,2026-04-28T06:49:01,1
120619,3272,99,HU,1040,HE,,"Visonta, Mátrai Erőmű",full,,,magyar-posta-via-ferenci-tamas,,2026-04-28T06:49:01,2026-04-28T06:49:01,1
120620,3273,99,HU,1040,HE,,Halmajugra,full,,,magyar-posta-via-ferenci-tamas,,2026-04-28T06:49:01,2026-04-28T06:49:01,1
120621,3274,99,HU,1040,HE,,Ludas,full,,,magyar-posta-via-ferenci-tamas,,2026-04-28T06:49:01,2026-04-28T06:49:01,1
120622,3275,99,HU,1040,HE,,Detk,full,,,magyar-posta-via-ferenci-tamas,,2026-04-28T06:49:01,2026-04-28T06:49:01,1
120623,3281,99,HU,1040,HE,,Karácsond,full,,,magyar-posta-via-ferenci-tamas,,2026-04-28T06:49:01,2026-04-28T06:49:01,1
120624,3282,99,HU,1040,HE,,Nagyfüged,full,,,magyar-posta-via-ferenci-tamas,,2026-04-28T06:49:01,2026-04-28T06:49:01,1
120625,3283,99,HU,1040,HE,,Tarnazsadány,full,,,magyar-posta-via-ferenci-tamas,,2026-04-28T06:49:01,2026-04-28T06:49:01,1
120626,3284,99,HU,1040,HE,,Tarnaméra,full,,,magyar-posta-via-ferenci-tamas,,2026-04-28T06:49:01,2026-04-28T06:49:01,1
120627,3291,99,HU,1040,HE,,Vámosgyörk,full,,,magyar-posta-via-ferenci-tamas,,2026-04-28T06:49:01,2026-04-28T06:49:01,1
120628,3292,99,HU,1040,HE,,Adács,full,,,magyar-posta-via-ferenci-tamas,,2026-04-28T06:49:01,2026-04-28T06:49:01,1
120629,3293,99,HU,1040,HE,,Visznek,full,,,magyar-posta-via-ferenci-tamas,,2026-04-28T06:49:01,2026-04-28T06:49:01,1
120630,3294,99,HU,1040,HE,,Tarnaörs,full,,,magyar-posta-via-ferenci-tamas,,2026-04-28T06:49:01,2026-04-28T06:49:01,1
120631,3295,99,HU,1040,HE,,Erk,full,,,magyar-posta-via-ferenci-tamas,,2026-04-28T06:49:01,2026-04-28T06:49:01,1
120632,3296,99,HU,1040,HE,,Zaránk,full,,,magyar-posta-via-ferenci-tamas,,2026-04-28T06:49:01,2026-04-28T06:49:01,1
120633,3300,99,HU,1040,HE,,Eger,full,,,magyar-posta-via-ferenci-tamas,,2026-04-28T06:49:01,2026-04-28T06:49:01,1
120634,3321,99,HU,1040,HE,,Egerbakta,full,,,magyar-posta-via-ferenci-tamas,,2026-04-28T06:49:01,2026-04-28T06:49:01,1
120635,3322,99,HU,1040,HE,,Hevesaranyos,full,,,magyar-posta-via-ferenci-tamas,,2026-04-28T06:49:01,2026-04-28T06:49:01,1
120636,3323,99,HU,1040,HE,,Szarvaskő,full,,,magyar-posta-via-ferenci-tamas,,2026-04-28T06:49:01,2026-04-28T06:49:01,1
120637,3324,99,HU,1040,HE,,Felsőtárkány,full,,,magyar-posta-via-ferenci-tamas,,2026-04-28T06:49:01,2026-04-28T06:49:01,1
120638,3325,99,HU,1040,HE,,Noszvaj,full,,,magyar-posta-via-ferenci-tamas,,2026-04-28T06:49:01,2026-04-28T06:49:01,1
120639,3326,99,HU,1040,HE,,Ostoros,full,,,magyar-posta-via-ferenci-tamas,,2026-04-28T06:49:01,2026-04-28T06:49:01,1
120640,3327,99,HU,1040,HE,,Novaj,full,,,magyar-posta-via-ferenci-tamas,,2026-04-28T06:49:01,2026-04-28T06:49:01,1
120641,3328,99,HU,1040,HE,,Egerszólát,full,,,magyar-posta-via-ferenci-tamas,,2026-04-28T06:49:01,2026-04-28T06:49:01,1
120642,3331,99,HU,1040,HE,,Tarnaszentmária,full,,,magyar-posta-via-ferenci-tamas,,2026-04-28T06:49:01,2026-04-28T06:49:01,1
120643,3332,99,HU,1040,HE,,Sirok,full,,,magyar-posta-via-ferenci-tamas,,2026-04-28T06:49:01,2026-04-28T06:49:01,1
120644,3333,99,HU,1040,HE,,Terpes,full,,,magyar-posta-via-ferenci-tamas,,2026-04-28T06:49:01,2026-04-28T06:49:01,1
120645,3334,99,HU,1040,HE,,Szajla,full,,,magyar-posta-via-ferenci-tamas,,2026-04-28T06:49:01,2026-04-28T06:49:01,1
120646,3335,99,HU,1040,HE,,Bükkszék,full,,,magyar-posta-via-ferenci-tamas,,2026-04-28T06:49:01,2026-04-28T06:49:01,1
120647,3336,99,HU,1040,HE,,Bátor,full,,,magyar-posta-via-ferenci-tamas,,2026-04-28T06:49:01,2026-04-28T06:49:01,1
120648,3337,99,HU,1040,HE,,Egerbocs,full,,,magyar-posta-via-ferenci-tamas,,2026-04-28T06:49:01,2026-04-28T06:49:01,1
120649,3341,99,HU,1040,HE,,Egercsehi,full,,,magyar-posta-via-ferenci-tamas,,2026-04-28T06:49:01,2026-04-28T06:49:01,1
120650,3341,99,HU,1040,HE,,Szúcs,full,,,magyar-posta-via-ferenci-tamas,,2026-04-28T06:49:01,2026-04-28T06:49:01,1
120651,3343,99,HU,1040,HE,,Bekölce,full,,,magyar-posta-via-ferenci-tamas,,2026-04-28T06:49:01,2026-04-28T06:49:01,1
120652,3344,99,HU,1040,HE,,Mikófalva,full,,,magyar-posta-via-ferenci-tamas,,2026-04-28T06:49:01,2026-04-28T06:49:01,1
120653,3345,99,HU,1040,HE,,Mónosbél,full,,,magyar-posta-via-ferenci-tamas,,2026-04-28T06:49:01,2026-04-28T06:49:01,1
120654,3346,99,HU,1040,HE,,Bélapátfalva,full,,,magyar-posta-via-ferenci-tamas,,2026-04-28T06:49:01,2026-04-28T06:49:01,1
120655,3346,99,HU,1040,HE,,Bükkszentmárton,full,,,magyar-posta-via-ferenci-tamas,,2026-04-28T06:49:01,2026-04-28T06:49:01,1
120656,3347,99,HU,1040,HE,,Balaton,full,,,magyar-posta-via-ferenci-tamas,,2026-04-28T06:49:01,2026-04-28T06:49:01,1
120657,3348,99,HU,1040,HE,,Szilvásvárad,full,,,magyar-posta-via-ferenci-tamas,,2026-04-28T06:49:01,2026-04-28T06:49:01,1
120658,3349,99,HU,1040,HE,,Nagyvisnyó,full,,,magyar-posta-via-ferenci-tamas,,2026-04-28T06:49:01,2026-04-28T06:49:01,1
120659,3350,99,HU,1040,HE,,Kál,full,,,magyar-posta-via-ferenci-tamas,,2026-04-28T06:49:01,2026-04-28T06:49:01,1
120660,3351,99,HU,1040,HE,,Verpelét,full,,,magyar-posta-via-ferenci-tamas,,2026-04-28T06:49:01,2026-04-28T06:49:01,1
120661,3352,99,HU,1040,HE,,Feldebrő,full,,,magyar-posta-via-ferenci-tamas,,2026-04-28T06:49:01,2026-04-28T06:49:01,1
120662,3353,99,HU,1040,HE,,Aldebrő,full,,,magyar-posta-via-ferenci-tamas,,2026-04-28T06:49:01,2026-04-28T06:49:01,1
120663,3354,99,HU,1040,HE,,Tófalu,full,,,magyar-posta-via-ferenci-tamas,,2026-04-28T06:49:01,2026-04-28T06:49:01,1
120664,3355,99,HU,1040,HE,,Kápolna,full,,,magyar-posta-via-ferenci-tamas,,2026-04-28T06:49:01,2026-04-28T06:49:01,1
120665,3356,99,HU,1040,HE,,Kompolt,full,,,magyar-posta-via-ferenci-tamas,,2026-04-28T06:49:01,2026-04-28T06:49:01,1
120666,3357,99,HU,1040,HE,,Nagyút,full,,,magyar-posta-via-ferenci-tamas,,2026-04-28T06:49:01,2026-04-28T06:49:01,1
120667,3358,99,HU,1040,HE,,Erdőtelek,full,,,magyar-posta-via-ferenci-tamas,,2026-04-28T06:49:01,2026-04-28T06:49:01,1
120668,3359,99,HU,1040,HE,,Tenk,full,,,magyar-posta-via-ferenci-tamas,,2026-04-28T06:49:01,2026-04-28T06:49:01,1
120669,3360,99,HU,1040,HE,,Heves,full,,,magyar-posta-via-ferenci-tamas,,2026-04-28T06:49:01,2026-04-28T06:49:01,1
120670,3368,99,HU,1040,HE,,Boconád,full,,,magyar-posta-via-ferenci-tamas,,2026-04-28T06:49:01,2026-04-28T06:49:01,1
120671,3369,99,HU,1040,HE,,Tarnabod,full,,,magyar-posta-via-ferenci-tamas,,2026-04-28T06:49:01,2026-04-28T06:49:01,1
120672,3371,99,HU,1040,HE,,Átány,full,,,magyar-posta-via-ferenci-tamas,,2026-04-28T06:49:01,2026-04-28T06:49:01,1
120673,3372,99,HU,1040,HE,,Kömlő,full,,,magyar-posta-via-ferenci-tamas,,2026-04-28T06:49:01,2026-04-28T06:49:01,1
120674,3373,99,HU,1040,HE,,Besenyőtelek,full,,,magyar-posta-via-ferenci-tamas,,2026-04-28T06:49:01,2026-04-28T06:49:01,1
120675,3374,99,HU,1040,HE,,Dormánd,full,,,magyar-posta-via-ferenci-tamas,,2026-04-28T06:49:01,2026-04-28T06:49:01,1
120676,3375,99,HU,1040,HE,,Mezőtárkány,full,,,magyar-posta-via-ferenci-tamas,,2026-04-28T06:49:01,2026-04-28T06:49:01,1
120677,3377,99,HU,1040,HE,,Szihalom,full,,,magyar-posta-via-ferenci-tamas,,2026-04-28T06:49:01,2026-04-28T06:49:01,1
120678,3378,99,HU,1040,HE,,Mezőszemere,full,,,magyar-posta-via-ferenci-tamas,,2026-04-28T06:49:01,2026-04-28T06:49:01,1
120679,3379,99,HU,1040,HE,,Egerfarmos,full,,,magyar-posta-via-ferenci-tamas,,2026-04-28T06:49:01,2026-04-28T06:49:01,1
120680,3381,99,HU,1040,HE,,Pély,full,,,magyar-posta-via-ferenci-tamas,,2026-04-28T06:49:01,2026-04-28T06:49:01,1
120681,3382,99,HU,1040,HE,,Tarnaszentmiklós,full,,,magyar-posta-via-ferenci-tamas,,2026-04-28T06:49:01,2026-04-28T06:49:01,1
120682,3383,99,HU,1040,HE,,Hevesvezekény,full,,,magyar-posta-via-ferenci-tamas,,2026-04-28T06:49:01,2026-04-28T06:49:01,1
120683,3384,99,HU,1040,HE,,Kisköre,full,,,magyar-posta-via-ferenci-tamas,,2026-04-28T06:49:01,2026-04-28T06:49:01,1
120684,3385,99,HU,1040,HE,,Tiszanána,full,,,magyar-posta-via-ferenci-tamas,,2026-04-28T06:49:01,2026-04-28T06:49:01,1
120685,3386,99,HU,1040,HE,,Sarud,full,,,magyar-posta-via-ferenci-tamas,,2026-04-28T06:49:01,2026-04-28T06:49:01,1
120686,3387,99,HU,1040,HE,,Újlőrincfalva,full,,,magyar-posta-via-ferenci-tamas,,2026-04-28T06:49:01,2026-04-28T06:49:01,1
120687,3388,99,HU,1040,HE,,Poroszló,full,,,magyar-posta-via-ferenci-tamas,,2026-04-28T06:49:01,2026-04-28T06:49:01,1
120688,3390,99,HU,1040,HE,,Füzesabony,full,,,magyar-posta-via-ferenci-tamas,,2026-04-28T06:49:01,2026-04-28T06:49:01,1
120689,3394,99,HU,1040,HE,,Egerszalók,full,,,magyar-posta-via-ferenci-tamas,,2026-04-28T06:49:01,2026-04-28T06:49:01,1
120690,3395,99,HU,1040,HE,,Demjén,full,,,magyar-posta-via-ferenci-tamas,,2026-04-28T06:49:01,2026-04-28T06:49:01,1
120691,3396,99,HU,1040,HE,,Kerecsend,full,,,magyar-posta-via-ferenci-tamas,,2026-04-28T06:49:01,2026-04-28T06:49:01,1
120692,3397,99,HU,1040,HE,,Maklár,full,,,magyar-posta-via-ferenci-tamas,,2026-04-28T06:49:01,2026-04-28T06:49:01,1
120693,3398,99,HU,1040,HE,,Nagytálya,full,,,magyar-posta-via-ferenci-tamas,,2026-04-28T06:49:01,2026-04-28T06:49:01,1
120694,3399,99,HU,1040,HE,,Andornaktálya,full,,,magyar-posta-via-ferenci-tamas,,2026-04-28T06:49:01,2026-04-28T06:49:01,1
120695,3400,99,HU,1058,BZ,,Mezőkövesd,full,,,magyar-posta-via-ferenci-tamas,,2026-04-28T06:49:01,2026-04-28T06:49:01,1
120696,3411,99,HU,1058,BZ,,Szomolya,full,,,magyar-posta-via-ferenci-tamas,,2026-04-28T06:49:01,2026-04-28T06:49:01,1
120697,3412,99,HU,1058,BZ,,Bogács,full,,,magyar-posta-via-ferenci-tamas,,2026-04-28T06:49:01,2026-04-28T06:49:01,1
120698,3413,99,HU,1058,BZ,,Cserépfalu,full,,,magyar-posta-via-ferenci-tamas,,2026-04-28T06:49:01,2026-04-28T06:49:01,1
120699,3414,99,HU,1058,BZ,,Bükkzsérc,full,,,magyar-posta-via-ferenci-tamas,,2026-04-28T06:49:01,2026-04-28T06:49:01,1
120700,3416,99,HU,1058,BZ,,Tard,full,,,magyar-posta-via-ferenci-tamas,,2026-04-28T06:49:01,2026-04-28T06:49:01,1
120701,3417,99,HU,1058,BZ,,Cserépváralja,full,,,magyar-posta-via-ferenci-tamas,,2026-04-28T06:49:01,2026-04-28T06:49:01,1
120702,3418,99,HU,1058,BZ,,Szentistván,full,,,magyar-posta-via-ferenci-tamas,,2026-04-28T06:49:01,2026-04-28T06:49:01,1
120703,3421,99,HU,1058,BZ,,Mezőnyárád,full,,,magyar-posta-via-ferenci-tamas,,2026-04-28T06:49:01,2026-04-28T06:49:01,1
120704,3422,99,HU,1058,BZ,,Bükkábrány,full,,,magyar-posta-via-ferenci-tamas,,2026-04-28T06:49:01,2026-04-28T06:49:01,1
120705,3423,99,HU,1058,BZ,,Tibolddaróc,full,,,magyar-posta-via-ferenci-tamas,,2026-04-28T06:49:01,2026-04-28T06:49:01,1
120706,3424,99,HU,1058,BZ,,Kács,full,,,magyar-posta-via-ferenci-tamas,,2026-04-28T06:49:01,2026-04-28T06:49:01,1
120707,3425,99,HU,1058,BZ,,Sály,full,,,magyar-posta-via-ferenci-tamas,,2026-04-28T06:49:01,2026-04-28T06:49:01,1
120708,3426,99,HU,1058,BZ,,Borsodgeszt,full,,,magyar-posta-via-ferenci-tamas,,2026-04-28T06:49:01,2026-04-28T06:49:01,1
120709,3431,99,HU,1058,BZ,,Vatta,full,,,magyar-posta-via-ferenci-tamas,,2026-04-28T06:49:01,2026-04-28T06:49:01,1
120710,3432,99,HU,1058,BZ,,Emőd,full,,,magyar-posta-via-ferenci-tamas,,2026-04-28T06:49:01,2026-04-28T06:49:01,1
120711,3433,99,HU,1058,BZ,,Nyékládháza,full,,,magyar-posta-via-ferenci-tamas,,2026-04-28T06:49:01,2026-04-28T06:49:01,1
120712,3434,99,HU,1058,BZ,,Mályi,full,,,magyar-posta-via-ferenci-tamas,,2026-04-28T06:49:01,2026-04-28T06:49:01,1
120713,3441,99,HU,1058,BZ,,Mezőkeresztes,full,,,magyar-posta-via-ferenci-tamas,,2026-04-28T06:49:01,2026-04-28T06:49:01,1
120714,3442,99,HU,1058,BZ,,Csincse,full,,,magyar-posta-via-ferenci-tamas,,2026-04-28T06:49:01,2026-04-28T06:49:01,1
120715,3443,99,HU,1058,BZ,,Mezőnagymihály,full,,,magyar-posta-via-ferenci-tamas,,2026-04-28T06:49:01,2026-04-28T06:49:01,1
120716,3444,99,HU,1058,BZ,,Gelej,full,,,magyar-posta-via-ferenci-tamas,,2026-04-28T06:49:01,2026-04-28T06:49:01,1
120717,3450,99,HU,1058,BZ,,Mezőcsát,full,,,magyar-posta-via-ferenci-tamas,,2026-04-28T06:49:01,2026-04-28T06:49:01,1
120718,3458,99,HU,1058,BZ,,Tiszakeszi,full,,,magyar-posta-via-ferenci-tamas,,2026-04-28T06:49:01,2026-04-28T06:49:01,1
120719,3459,99,HU,1058,BZ,,Igrici,full,,,magyar-posta-via-ferenci-tamas,,2026-04-28T06:49:01,2026-04-28T06:49:01,1
120720,3461,99,HU,1058,BZ,,Egerlövő,full,,,magyar-posta-via-ferenci-tamas,,2026-04-28T06:49:01,2026-04-28T06:49:01,1
120721,3462,99,HU,1058,BZ,,Borsodivánka,full,,,magyar-posta-via-ferenci-tamas,,2026-04-28T06:49:01,2026-04-28T06:49:01,1
120722,3463,99,HU,1058,BZ,,Négyes,full,,,magyar-posta-via-ferenci-tamas,,2026-04-28T06:49:01,2026-04-28T06:49:01,1
120723,3464,99,HU,1058,BZ,,Tiszavalk,full,,,magyar-posta-via-ferenci-tamas,,2026-04-28T06:49:01,2026-04-28T06:49:01,1
120724,3465,99,HU,1058,BZ,,Tiszabábolna,full,,,magyar-posta-via-ferenci-tamas,,2026-04-28T06:49:01,2026-04-28T06:49:01,1
120725,3466,99,HU,1058,BZ,,Tiszadorogma,full,,,magyar-posta-via-ferenci-tamas,,2026-04-28T06:49:01,2026-04-28T06:49:01,1
120726,3467,99,HU,1058,BZ,,Ároktő,full,,,magyar-posta-via-ferenci-tamas,,2026-04-28T06:49:01,2026-04-28T06:49:01,1
120727,3500,99,HU,1058,BZ,,Miskolc,full,,,magyar-posta-via-ferenci-tamas,,2026-04-28T06:49:01,2026-04-28T06:49:01,1
120728,3501,99,HU,1058,BZ,,Miskolc,full,,,magyar-posta-via-ferenci-tamas,,2026-04-28T06:49:01,2026-04-28T06:49:01,1
120729,3508,99,HU,1058,BZ,,Miskolc,full,,,magyar-posta-via-ferenci-tamas,,2026-04-28T06:49:01,2026-04-28T06:49:01,1
120730,3515,99,HU,1058,BZ,,Miskolc,full,,,magyar-posta-via-ferenci-tamas,,2026-04-28T06:49:01,2026-04-28T06:49:01,1
120731,3516,99,HU,1058,BZ,,Miskolc,full,,,magyar-posta-via-ferenci-tamas,,2026-04-28T06:49:01,2026-04-28T06:49:01,1
120732,3517,99,HU,1058,BZ,,Miskolc,full,,,magyar-posta-via-ferenci-tamas,,2026-04-28T06:49:01,2026-04-28T06:49:01,1
120733,3518,99,HU,1058,BZ,,Miskolc,full,,,magyar-posta-via-ferenci-tamas,,2026-04-28T06:49:01,2026-04-28T06:49:01,1
120734,3519,99,HU,1058,BZ,,Miskolc,full,,,magyar-posta-via-ferenci-tamas,,2026-04-28T06:49:01,2026-04-28T06:49:01,1
120735,3521,99,HU,1058,BZ,,Miskolc,full,,,magyar-posta-via-ferenci-tamas,,2026-04-28T06:49:01,2026-04-28T06:49:01,1
120736,3524,99,HU,1058,BZ,,Miskolc,full,,,magyar-posta-via-ferenci-tamas,,2026-04-28T06:49:01,2026-04-28T06:49:01,1
120737,3525,99,HU,1058,BZ,,Miskolc,full,,,magyar-posta-via-ferenci-tamas,,2026-04-28T06:49:01,2026-04-28T06:49:01,1
120738,3526,99,HU,1058,BZ,,Miskolc,full,,,magyar-posta-via-ferenci-tamas,,2026-04-28T06:49:01,2026-04-28T06:49:01,1
120739,3527,99,HU,1058,BZ,,Miskolc,full,,,magyar-posta-via-ferenci-tamas,,2026-04-28T06:49:01,2026-04-28T06:49:01,1
120740,3528,99,HU,1058,BZ,,Miskolc,full,,,magyar-posta-via-ferenci-tamas,,2026-04-28T06:49:01,2026-04-28T06:49:01,1
120741,3529,99,HU,1058,BZ,,Miskolc,full,,,magyar-posta-via-ferenci-tamas,,2026-04-28T06:49:01,2026-04-28T06:49:01,1
120742,3530,99,HU,1058,BZ,,Miskolc,full,,,magyar-posta-via-ferenci-tamas,,2026-04-28T06:49:01,2026-04-28T06:49:01,1
120743,3531,99,HU,1058,BZ,,Miskolc,full,,,magyar-posta-via-ferenci-tamas,,2026-04-28T06:49:01,2026-04-28T06:49:01,1
120744,3532,99,HU,1058,BZ,,Miskolc,full,,,magyar-posta-via-ferenci-tamas,,2026-04-28T06:49:01,2026-04-28T06:49:01,1
120745,3533,99,HU,1058,BZ,,Miskolc,full,,,magyar-posta-via-ferenci-tamas,,2026-04-28T06:49:01,2026-04-28T06:49:01,1
120746,3534,99,HU,1058,BZ,,Miskolc,full,,,magyar-posta-via-ferenci-tamas,,2026-04-28T06:49:01,2026-04-28T06:49:01,1
120747,3535,99,HU,1058,BZ,,Miskolc,full,,,magyar-posta-via-ferenci-tamas,,2026-04-28T06:49:01,2026-04-28T06:49:01,1
120748,3551,99,HU,1058,BZ,,Ónod,full,,,magyar-posta-via-ferenci-tamas,,2026-04-28T06:49:01,2026-04-28T06:49:01,1
120749,3552,99,HU,1058,BZ,,Muhi,full,,,magyar-posta-via-ferenci-tamas,,2026-04-28T06:49:01,2026-04-28T06:49:01,1
120750,3553,99,HU,1058,BZ,,Kistokaj,full,,,magyar-posta-via-ferenci-tamas,,2026-04-28T06:49:01,2026-04-28T06:49:01,1
120751,3554,99,HU,1058,BZ,,Bükkaranyos,full,,,magyar-posta-via-ferenci-tamas,,2026-04-28T06:49:01,2026-04-28T06:49:01,1
120752,3555,99,HU,1058,BZ,,Harsány,full,,,magyar-posta-via-ferenci-tamas,,2026-04-28T06:49:01,2026-04-28T06:49:01,1
120753,3556,99,HU,1058,BZ,,Kisgyőr,full,,,magyar-posta-via-ferenci-tamas,,2026-04-28T06:49:01,2026-04-28T06:49:01,1
120754,3557,99,HU,1058,BZ,,Bükkszentkereszt,full,,,magyar-posta-via-ferenci-tamas,,2026-04-28T06:49:01,2026-04-28T06:49:01,1
120755,3558,99,HU,1058,BZ,,Miskolc,full,,,magyar-posta-via-ferenci-tamas,,2026-04-28T06:49:01,2026-04-28T06:49:01,1
120756,3559,99,HU,1058,BZ,,Répáshuta,full,,,magyar-posta-via-ferenci-tamas,,2026-04-28T06:49:01,2026-04-28T06:49:01,1
120757,3561,99,HU,1058,BZ,,Felsőzsolca,full,,,magyar-posta-via-ferenci-tamas,,2026-04-28T06:49:01,2026-04-28T06:49:01,1
120758,3562,99,HU,1058,BZ,,Onga,full,,,magyar-posta-via-ferenci-tamas,,2026-04-28T06:49:01,2026-04-28T06:49:01,1
120759,3563,99,HU,1058,BZ,,Hernádkak,full,,,magyar-posta-via-ferenci-tamas,,2026-04-28T06:49:01,2026-04-28T06:49:01,1
120760,3564,99,HU,1058,BZ,,Hernádnémeti,full,,,magyar-posta-via-ferenci-tamas,,2026-04-28T06:49:01,2026-04-28T06:49:01,1
120761,3565,99,HU,1058,BZ,,Tiszalúc,full,,,magyar-posta-via-ferenci-tamas,,2026-04-28T06:49:01,2026-04-28T06:49:01,1
120762,3571,99,HU,1058,BZ,,Alsózsolca,full,,,magyar-posta-via-ferenci-tamas,,2026-04-28T06:49:01,2026-04-28T06:49:01,1
120763,3572,99,HU,1058,BZ,,Sajólád,full,,,magyar-posta-via-ferenci-tamas,,2026-04-28T06:49:01,2026-04-28T06:49:01,1
120764,3573,99,HU,1058,BZ,,Sajópetri,full,,,magyar-posta-via-ferenci-tamas,,2026-04-28T06:49:01,2026-04-28T06:49:01,1
120765,3574,99,HU,1058,BZ,,Bőcs,full,,,magyar-posta-via-ferenci-tamas,,2026-04-28T06:49:01,2026-04-28T06:49:01,1
120766,3575,99,HU,1058,BZ,,Berzék,full,,,magyar-posta-via-ferenci-tamas,,2026-04-28T06:49:01,2026-04-28T06:49:01,1
120767,3576,99,HU,1058,BZ,,Sajóhídvég,full,,,magyar-posta-via-ferenci-tamas,,2026-04-28T06:49:01,2026-04-28T06:49:01,1
120768,3577,99,HU,1058,BZ,,Köröm,full,,,magyar-posta-via-ferenci-tamas,,2026-04-28T06:49:01,2026-04-28T06:49:01,1
120769,3578,99,HU,1058,BZ,,Girincs,full,,,magyar-posta-via-ferenci-tamas,,2026-04-28T06:49:01,2026-04-28T06:49:01,1
120770,3578,99,HU,1058,BZ,,Kiscsécs,full,,,magyar-posta-via-ferenci-tamas,,2026-04-28T06:49:01,2026-04-28T06:49:01,1
120771,3579,99,HU,1058,BZ,,Kesznyéten,full,,,magyar-posta-via-ferenci-tamas,,2026-04-28T06:49:01,2026-04-28T06:49:01,1
120772,3580,99,HU,1058,BZ,,Tiszaújváros,full,,,magyar-posta-via-ferenci-tamas,,2026-04-28T06:49:01,2026-04-28T06:49:01,1
120773,3586,99,HU,1058,BZ,,Sajóörös,full,,,magyar-posta-via-ferenci-tamas,,2026-04-28T06:49:01,2026-04-28T06:49:01,1
120774,3587,99,HU,1058,BZ,,Tiszapalkonya,full,,,magyar-posta-via-ferenci-tamas,,2026-04-28T06:49:01,2026-04-28T06:49:01,1
120775,3588,99,HU,1058,BZ,,Hejőkürt,full,,,magyar-posta-via-ferenci-tamas,,2026-04-28T06:49:01,2026-04-28T06:49:01,1
120776,3589,99,HU,1058,BZ,,Tiszatarján,full,,,magyar-posta-via-ferenci-tamas,,2026-04-28T06:49:01,2026-04-28T06:49:01,1
120777,3591,99,HU,1058,BZ,,Oszlár,full,,,magyar-posta-via-ferenci-tamas,,2026-04-28T06:49:01,2026-04-28T06:49:01,1
120778,3592,99,HU,1058,BZ,,Nemesbikk,full,,,magyar-posta-via-ferenci-tamas,,2026-04-28T06:49:01,2026-04-28T06:49:01,1
120779,3593,99,HU,1058,BZ,,Hejőbába,full,,,magyar-posta-via-ferenci-tamas,,2026-04-28T06:49:01,2026-04-28T06:49:01,1
120780,3594,99,HU,1058,BZ,,Hejőpapi,full,,,magyar-posta-via-ferenci-tamas,,2026-04-28T06:49:01,2026-04-28T06:49:01,1
120781,3595,99,HU,1058,BZ,,Hejőszalonta,full,,,magyar-posta-via-ferenci-tamas,,2026-04-28T06:49:01,2026-04-28T06:49:01,1
120782,3596,99,HU,1058,BZ,,Szakáld,full,,,magyar-posta-via-ferenci-tamas,,2026-04-28T06:49:01,2026-04-28T06:49:01,1
120783,3597,99,HU,1058,BZ,,Hejőkeresztúr,full,,,magyar-posta-via-ferenci-tamas,,2026-04-28T06:49:01,2026-04-28T06:49:01,1
120784,3598,99,HU,1058,BZ,,Nagycsécs,full,,,magyar-posta-via-ferenci-tamas,,2026-04-28T06:49:01,2026-04-28T06:49:01,1
120785,3599,99,HU,1058,BZ,,Sajószöged,full,,,magyar-posta-via-ferenci-tamas,,2026-04-28T06:49:01,2026-04-28T06:49:01,1
120786,3600,99,HU,1058,BZ,,Ózd,full,,,magyar-posta-via-ferenci-tamas,,2026-04-28T06:49:01,2026-04-28T06:49:01,1
120787,3604,99,HU,1058,BZ,,"Ózd, Bánszállás",full,,,magyar-posta-via-ferenci-tamas,,2026-04-28T06:49:01,2026-04-28T06:49:01,1
120788,3608,99,HU,1058,BZ,,Farkaslyuk,full,,,magyar-posta-via-ferenci-tamas,,2026-04-28T06:49:01,2026-04-28T06:49:01,1
120789,3621,99,HU,1058,BZ,,"Ózd, Uraj",full,,,magyar-posta-via-ferenci-tamas,,2026-04-28T06:49:01,2026-04-28T06:49:01,1
120790,3622,99,HU,1058,BZ,,Uppony,full,,,magyar-posta-via-ferenci-tamas,,2026-04-28T06:49:01,2026-04-28T06:49:01,1
120791,3623,99,HU,1058,BZ,,Borsodszentgyörgy,full,,,magyar-posta-via-ferenci-tamas,,2026-04-28T06:49:01,2026-04-28T06:49:01,1
120792,3625,99,HU,1058,BZ,,"Ózd, Szentsimon",full,,,magyar-posta-via-ferenci-tamas,,2026-04-28T06:49:01,2026-04-28T06:49:01,1
120793,3626,99,HU,1058,BZ,,Hangony,full,,,magyar-posta-via-ferenci-tamas,,2026-04-28T06:49:01,2026-04-28T06:49:01,1
120794,3627,99,HU,1058,BZ,,Domaháza,full,,,magyar-posta-via-ferenci-tamas,,2026-04-28T06:49:01,2026-04-28T06:49:01,1
120795,3627,99,HU,1058,BZ,,Kissikátor,full,,,magyar-posta-via-ferenci-tamas,,2026-04-28T06:49:01,2026-04-28T06:49:01,1
120796,3630,99,HU,1058,BZ,,Putnok,full,,,magyar-posta-via-ferenci-tamas,,2026-04-28T06:49:01,2026-04-28T06:49:01,1
120797,3635,99,HU,1058,BZ,,Dubicsány,full,,,magyar-posta-via-ferenci-tamas,,2026-04-28T06:49:01,2026-04-28T06:49:01,1
120798,3636,99,HU,1058,BZ,,Sajógalgóc,full,,,magyar-posta-via-ferenci-tamas,,2026-04-28T06:49:01,2026-04-28T06:49:01,1
120799,3636,99,HU,1058,BZ,,Vadna,full,,,magyar-posta-via-ferenci-tamas,,2026-04-28T06:49:01,2026-04-28T06:49:01,1
120800,3641,99,HU,1058,BZ,,Nagybarca,full,,,magyar-posta-via-ferenci-tamas,,2026-04-28T06:49:01,2026-04-28T06:49:01,1
120801,3642,99,HU,1058,BZ,,Bánhorváti,full,,,magyar-posta-via-ferenci-tamas,,2026-04-28T06:49:01,2026-04-28T06:49:01,1
120802,3643,99,HU,1058,BZ,,Dédestapolcsány,full,,,magyar-posta-via-ferenci-tamas,,2026-04-28T06:49:01,2026-04-28T06:49:01,1
120803,3644,99,HU,1058,BZ,,Tardona,full,,,magyar-posta-via-ferenci-tamas,,2026-04-28T06:49:01,2026-04-28T06:49:01,1
120804,3645,99,HU,1058,BZ,,Mályinka,full,,,magyar-posta-via-ferenci-tamas,,2026-04-28T06:49:01,2026-04-28T06:49:01,1
120805,3646,99,HU,1058,BZ,,Nekézseny,full,,,magyar-posta-via-ferenci-tamas,,2026-04-28T06:49:01,2026-04-28T06:49:01,1
120806,3647,99,HU,1058,BZ,,Csokvaomány,full,,,magyar-posta-via-ferenci-tamas,,2026-04-28T06:49:01,2026-04-28T06:49:01,1
120807,3648,99,HU,1058,BZ,,Bükkmogyorósd,full,,,magyar-posta-via-ferenci-tamas,,2026-04-28T06:49:01,2026-04-28T06:49:01,1
120808,3648,99,HU,1058,BZ,,Csernely,full,,,magyar-posta-via-ferenci-tamas,,2026-04-28T06:49:01,2026-04-28T06:49:01,1
120809,3648,99,HU,1058,BZ,,Lénárddaróc,full,,,magyar-posta-via-ferenci-tamas,,2026-04-28T06:49:01,2026-04-28T06:49:01,1
120810,3651,99,HU,1058,BZ,,"Ózd, Center",full,,,magyar-posta-via-ferenci-tamas,,2026-04-28T06:49:01,2026-04-28T06:49:01,1
120811,3652,99,HU,1058,BZ,,Sajónémeti,full,,,magyar-posta-via-ferenci-tamas,,2026-04-28T06:49:01,2026-04-28T06:49:01,1
120812,3653,99,HU,1058,BZ,,Sajópüspöki,full,,,magyar-posta-via-ferenci-tamas,,2026-04-28T06:49:01,2026-04-28T06:49:01,1
120813,3654,99,HU,1058,BZ,,Bánréve,full,,,magyar-posta-via-ferenci-tamas,,2026-04-28T06:49:01,2026-04-28T06:49:01,1
120814,3655,99,HU,1058,BZ,,Hét,full,,,magyar-posta-via-ferenci-tamas,,2026-04-28T06:49:01,2026-04-28T06:49:01,1
120815,3656,99,HU,1058,BZ,,Sajómercse,full,,,magyar-posta-via-ferenci-tamas,,2026-04-28T06:49:01,2026-04-28T06:49:01,1
120816,3656,99,HU,1058,BZ,,Sajóvelezd,full,,,magyar-posta-via-ferenci-tamas,,2026-04-28T06:49:01,2026-04-28T06:49:01,1
120817,3657,99,HU,1058,BZ,,Királd,full,,,magyar-posta-via-ferenci-tamas,,2026-04-28T06:49:01,2026-04-28T06:49:01,1
120818,3658,99,HU,1058,BZ,,Borsodbóta,full,,,magyar-posta-via-ferenci-tamas,,2026-04-28T06:49:01,2026-04-28T06:49:01,1
120819,3659,99,HU,1058,BZ,,Sáta,full,,,magyar-posta-via-ferenci-tamas,,2026-04-28T06:49:01,2026-04-28T06:49:01,1
120820,3661,99,HU,1058,BZ,,"Ózd, Hódoscsépány",full,,,magyar-posta-via-ferenci-tamas,,2026-04-28T06:49:01,2026-04-28T06:49:01,1
120821,3662,99,HU,1058,BZ,,"Ózd, Somsálybánya",full,,,magyar-posta-via-ferenci-tamas,,2026-04-28T06:49:01,2026-04-28T06:49:01,1
120822,3663,99,HU,1058,BZ,,Arló,full,,,magyar-posta-via-ferenci-tamas,,2026-04-28T06:49:01,2026-04-28T06:49:01,1
120823,3664,99,HU,1058,BZ,,Járdánháza,full,,,magyar-posta-via-ferenci-tamas,,2026-04-28T06:49:01,2026-04-28T06:49:01,1
120824,3671,99,HU,1058,BZ,,Borsodnádasd,full,,,magyar-posta-via-ferenci-tamas,,2026-04-28T06:49:01,2026-04-28T06:49:01,1
120825,3672,99,HU,1058,BZ,,"Borsodnádasd, Lemezgyár",full,,,magyar-posta-via-ferenci-tamas,,2026-04-28T06:49:01,2026-04-28T06:49:01,1
120826,3700,99,HU,1058,BZ,,Kazincbarcika,full,,,magyar-posta-via-ferenci-tamas,,2026-04-28T06:49:01,2026-04-28T06:49:01,1
120827,3704,99,HU,1058,BZ,,Berente,full,,,magyar-posta-via-ferenci-tamas,,2026-04-28T06:49:01,2026-04-28T06:49:01,1
120828,3711,99,HU,1058,BZ,,Szirmabesenyő,full,,,magyar-posta-via-ferenci-tamas,,2026-04-28T06:49:01,2026-04-28T06:49:01,1
120829,3712,99,HU,1058,BZ,,Sajósenye,full,,,magyar-posta-via-ferenci-tamas,,2026-04-28T06:49:01,2026-04-28T06:49:01,1
120830,3712,99,HU,1058,BZ,,Sajóvámos,full,,,magyar-posta-via-ferenci-tamas,,2026-04-28T06:49:01,2026-04-28T06:49:01,1
120831,3713,99,HU,1058,BZ,,Arnót,full,,,magyar-posta-via-ferenci-tamas,,2026-04-28T06:49:01,2026-04-28T06:49:01,1
120832,3714,99,HU,1058,BZ,,Sajópálfala,full,,,magyar-posta-via-ferenci-tamas,,2026-04-28T06:49:01,2026-04-28T06:49:01,1
120833,3715,99,HU,1058,BZ,,Gesztely,full,,,magyar-posta-via-ferenci-tamas,,2026-04-28T06:49:01,2026-04-28T06:49:01,1
120834,3716,99,HU,1058,BZ,,Sóstófalva,full,,,magyar-posta-via-ferenci-tamas,,2026-04-28T06:49:01,2026-04-28T06:49:01,1
120835,3716,99,HU,1058,BZ,,Újcsanálos,full,,,magyar-posta-via-ferenci-tamas,,2026-04-28T06:49:01,2026-04-28T06:49:01,1
120836,3717,99,HU,1058,BZ,,Alsódobsza,full,,,magyar-posta-via-ferenci-tamas,,2026-04-28T06:49:01,2026-04-28T06:49:01,1
120837,3718,99,HU,1058,BZ,,Megyaszó,full,,,magyar-posta-via-ferenci-tamas,,2026-04-28T06:49:01,2026-04-28T06:49:01,1
120838,3720,99,HU,1058,BZ,,Sajóivánka,full,,,magyar-posta-via-ferenci-tamas,,2026-04-28T06:49:01,2026-04-28T06:49:01,1
120839,3720,99,HU,1058,BZ,,Sajókaza,full,,,magyar-posta-via-ferenci-tamas,,2026-04-28T06:49:01,2026-04-28T06:49:01,1
120840,3721,99,HU,1058,BZ,,Dövény,full,,,magyar-posta-via-ferenci-tamas,,2026-04-28T06:49:01,2026-04-28T06:49:01,1
120841,3721,99,HU,1058,BZ,,Felsőnyárád,full,,,magyar-posta-via-ferenci-tamas,,2026-04-28T06:49:01,2026-04-28T06:49:01,1
120842,3721,99,HU,1058,BZ,,Jákfalva,full,,,magyar-posta-via-ferenci-tamas,,2026-04-28T06:49:01,2026-04-28T06:49:01,1
120843,3722,99,HU,1058,BZ,,Felsőkelecsény,full,,,magyar-posta-via-ferenci-tamas,,2026-04-28T06:49:01,2026-04-28T06:49:01,1
120844,3723,99,HU,1058,BZ,,Zubogy,full,,,magyar-posta-via-ferenci-tamas,,2026-04-28T06:49:01,2026-04-28T06:49:01,1
120845,3724,99,HU,1058,BZ,,Ragály,full,,,magyar-posta-via-ferenci-tamas,,2026-04-28T06:49:01,2026-04-28T06:49:01,1
120846,3724,99,HU,1058,BZ,,Trizs,full,,,magyar-posta-via-ferenci-tamas,,2026-04-28T06:49:01,2026-04-28T06:49:01,1
120847,3725,99,HU,1058,BZ,,Imola,full,,,magyar-posta-via-ferenci-tamas,,2026-04-28T06:49:01,2026-04-28T06:49:01,1
120848,3726,99,HU,1058,BZ,,Alsószuha,full,,,magyar-posta-via-ferenci-tamas,,2026-04-28T06:49:01,2026-04-28T06:49:01,1
120849,3726,99,HU,1058,BZ,,Szuhafő,full,,,magyar-posta-via-ferenci-tamas,,2026-04-28T06:49:01,2026-04-28T06:49:01,1
120850,3726,99,HU,1058,BZ,,Zádorfalva,full,,,magyar-posta-via-ferenci-tamas,,2026-04-28T06:49:01,2026-04-28T06:49:01,1
120851,3728,99,HU,1058,BZ,,Gömörszőlős,full,,,magyar-posta-via-ferenci-tamas,,2026-04-28T06:49:01,2026-04-28T06:49:01,1
120852,3728,99,HU,1058,BZ,,Kelemér,full,,,magyar-posta-via-ferenci-tamas,,2026-04-28T06:49:01,2026-04-28T06:49:01,1
120853,3729,99,HU,1058,BZ,,Serényfalva,full,,,magyar-posta-via-ferenci-tamas,,2026-04-28T06:49:01,2026-04-28T06:49:01,1
120854,3731,99,HU,1058,BZ,,Szuhakálló,full,,,magyar-posta-via-ferenci-tamas,,2026-04-28T06:49:01,2026-04-28T06:49:01,1
120855,3732,99,HU,1058,BZ,,Kurityán,full,,,magyar-posta-via-ferenci-tamas,,2026-04-28T06:49:01,2026-04-28T06:49:01,1
120856,3733,99,HU,1058,BZ,,Rudabánya,full,,,magyar-posta-via-ferenci-tamas,,2026-04-28T06:49:01,2026-04-28T06:49:01,1
120857,3734,99,HU,1058,BZ,,Szuhogy,full,,,magyar-posta-via-ferenci-tamas,,2026-04-28T06:49:01,2026-04-28T06:49:01,1
120858,3735,99,HU,1058,BZ,,Alsótelekes,full,,,magyar-posta-via-ferenci-tamas,,2026-04-28T06:49:01,2026-04-28T06:49:01,1
120859,3735,99,HU,1058,BZ,,Felsőtelekes,full,,,magyar-posta-via-ferenci-tamas,,2026-04-28T06:49:01,2026-04-28T06:49:01,1
120860,3735,99,HU,1058,BZ,,Kánó,full,,,magyar-posta-via-ferenci-tamas,,2026-04-28T06:49:01,2026-04-28T06:49:01,1
120861,3741,99,HU,1058,BZ,,Izsófalva,full,,,magyar-posta-via-ferenci-tamas,,2026-04-28T06:49:01,2026-04-28T06:49:01,1
120862,3742,99,HU,1058,BZ,,Rudolftelep,full,,,magyar-posta-via-ferenci-tamas,,2026-04-28T06:49:01,2026-04-28T06:49:01,1
120863,3743,99,HU,1058,BZ,,Ormosbánya,full,,,magyar-posta-via-ferenci-tamas,,2026-04-28T06:49:01,2026-04-28T06:49:01,1
120864,3744,99,HU,1058,BZ,,Múcsony,full,,,magyar-posta-via-ferenci-tamas,,2026-04-28T06:49:01,2026-04-28T06:49:01,1
120865,3751,99,HU,1058,BZ,,Szendrőlád,full,,,magyar-posta-via-ferenci-tamas,,2026-04-28T06:49:01,2026-04-28T06:49:01,1
120866,3752,99,HU,1058,BZ,,Galvács,full,,,magyar-posta-via-ferenci-tamas,,2026-04-28T06:49:01,2026-04-28T06:49:01,1
120867,3752,99,HU,1058,BZ,,Szendrő,full,,,magyar-posta-via-ferenci-tamas,,2026-04-28T06:49:01,2026-04-28T06:49:01,1
120868,3753,99,HU,1058,BZ,,Abod,full,,,magyar-posta-via-ferenci-tamas,,2026-04-28T06:49:01,2026-04-28T06:49:01,1
120869,3754,99,HU,1058,BZ,,Meszes,full,,,magyar-posta-via-ferenci-tamas,,2026-04-28T06:49:01,2026-04-28T06:49:01,1
120870,3754,99,HU,1058,BZ,,Szalonna,full,,,magyar-posta-via-ferenci-tamas,,2026-04-28T06:49:01,2026-04-28T06:49:01,1
120871,3755,99,HU,1058,BZ,,Martonyi,full,,,magyar-posta-via-ferenci-tamas,,2026-04-28T06:49:01,2026-04-28T06:49:01,1
120872,3756,99,HU,1058,BZ,,Perkupa,full,,,magyar-posta-via-ferenci-tamas,,2026-04-28T06:49:01,2026-04-28T06:49:01,1
120873,3756,99,HU,1058,BZ,,Varbóc,full,,,magyar-posta-via-ferenci-tamas,,2026-04-28T06:49:01,2026-04-28T06:49:01,1
120874,3757,99,HU,1058,BZ,,Szőlősardó,full,,,magyar-posta-via-ferenci-tamas,,2026-04-28T06:49:01,2026-04-28T06:49:01,1
120875,3757,99,HU,1058,BZ,,Teresztenye,full,,,magyar-posta-via-ferenci-tamas,,2026-04-28T06:49:01,2026-04-28T06:49:01,1
120876,3757,99,HU,1058,BZ,,Égerszög,full,,,magyar-posta-via-ferenci-tamas,,2026-04-28T06:49:01,2026-04-28T06:49:01,1
120877,3758,99,HU,1058,BZ,,Jósvafő,full,,,magyar-posta-via-ferenci-tamas,,2026-04-28T06:49:01,2026-04-28T06:49:01,1
120878,3759,99,HU,1058,BZ,,Aggtelek,full,,,magyar-posta-via-ferenci-tamas,,2026-04-28T06:49:01,2026-04-28T06:49:01,1
120879,3761,99,HU,1058,BZ,,Szin,full,,,magyar-posta-via-ferenci-tamas,,2026-04-28T06:49:01,2026-04-28T06:49:01,1
120880,3761,99,HU,1058,BZ,,Szinpetri,full,,,magyar-posta-via-ferenci-tamas,,2026-04-28T06:49:01,2026-04-28T06:49:01,1
120881,3761,99,HU,1058,BZ,,Tornakápolna,full,,,magyar-posta-via-ferenci-tamas,,2026-04-28T06:49:01,2026-04-28T06:49:01,1
120882,3762,99,HU,1058,BZ,,Szögliget,full,,,magyar-posta-via-ferenci-tamas,,2026-04-28T06:49:01,2026-04-28T06:49:01,1
120883,3763,99,HU,1058,BZ,,Bódvaszilas,full,,,magyar-posta-via-ferenci-tamas,,2026-04-28T06:49:01,2026-04-28T06:49:01,1
120884,3764,99,HU,1058,BZ,,Bódvarákó,full,,,magyar-posta-via-ferenci-tamas,,2026-04-28T06:49:01,2026-04-28T06:49:01,1
120885,3765,99,HU,1058,BZ,,Komjáti,full,,,magyar-posta-via-ferenci-tamas,,2026-04-28T06:49:01,2026-04-28T06:49:01,1
120886,3765,99,HU,1058,BZ,,Tornabarakony,full,,,magyar-posta-via-ferenci-tamas,,2026-04-28T06:49:01,2026-04-28T06:49:01,1
120887,3765,99,HU,1058,BZ,,Tornaszentandrás,full,,,magyar-posta-via-ferenci-tamas,,2026-04-28T06:49:01,2026-04-28T06:49:01,1
120888,3767,99,HU,1058,BZ,,Tornanádaska,full,,,magyar-posta-via-ferenci-tamas,,2026-04-28T06:49:01,2026-04-28T06:49:01,1
120889,3768,99,HU,1058,BZ,,Becskeháza,full,,,magyar-posta-via-ferenci-tamas,,2026-04-28T06:49:01,2026-04-28T06:49:01,1
120890,3768,99,HU,1058,BZ,,Bódvalenke,full,,,magyar-posta-via-ferenci-tamas,,2026-04-28T06:49:01,2026-04-28T06:49:01,1
120891,3768,99,HU,1058,BZ,,Hidvégardó,full,,,magyar-posta-via-ferenci-tamas,,2026-04-28T06:49:01,2026-04-28T06:49:01,1
120892,3769,99,HU,1058,BZ,,Tornaszentjakab,full,,,magyar-posta-via-ferenci-tamas,,2026-04-28T06:49:01,2026-04-28T06:49:01,1
120893,3770,99,HU,1058,BZ,,Sajószentpéter,full,,,magyar-posta-via-ferenci-tamas,,2026-04-28T06:49:01,2026-04-28T06:49:01,1
120894,3773,99,HU,1058,BZ,,Sajókápolna,full,,,magyar-posta-via-ferenci-tamas,,2026-04-28T06:49:01,2026-04-28T06:49:01,1
120895,3773,99,HU,1058,BZ,,Sajólászlófalva,full,,,magyar-posta-via-ferenci-tamas,,2026-04-28T06:49:01,2026-04-28T06:49:01,1
120896,3775,99,HU,1058,BZ,,Kondó,full,,,magyar-posta-via-ferenci-tamas,,2026-04-28T06:49:01,2026-04-28T06:49:01,1
120897,3776,99,HU,1058,BZ,,Radostyán,full,,,magyar-posta-via-ferenci-tamas,,2026-04-28T06:49:01,2026-04-28T06:49:01,1
120898,3777,99,HU,1058,BZ,,Parasznya,full,,,magyar-posta-via-ferenci-tamas,,2026-04-28T06:49:01,2026-04-28T06:49:01,1
120899,3778,99,HU,1058,BZ,,Varbó,full,,,magyar-posta-via-ferenci-tamas,,2026-04-28T06:49:01,2026-04-28T06:49:01,1
120900,3779,99,HU,1058,BZ,,Alacska,full,,,magyar-posta-via-ferenci-tamas,,2026-04-28T06:49:01,2026-04-28T06:49:01,1
120901,3780,99,HU,1058,BZ,,Balajt,full,,,magyar-posta-via-ferenci-tamas,,2026-04-28T06:49:01,2026-04-28T06:49:01,1
120902,3780,99,HU,1058,BZ,,Damak,full,,,magyar-posta-via-ferenci-tamas,,2026-04-28T06:49:01,2026-04-28T06:49:01,1
120903,3780,99,HU,1058,BZ,,Edelény,full,,,magyar-posta-via-ferenci-tamas,,2026-04-28T06:49:01,2026-04-28T06:49:01,1
120904,3780,99,HU,1058,BZ,,Ládbesenyő,full,,,magyar-posta-via-ferenci-tamas,,2026-04-28T06:49:01,2026-04-28T06:49:01,1
120905,3783,99,HU,1058,BZ,,"Edelény, Finke",full,,,magyar-posta-via-ferenci-tamas,,2026-04-28T06:49:01,2026-04-28T06:49:01,1
120906,3786,99,HU,1058,BZ,,Hegymeg,full,,,magyar-posta-via-ferenci-tamas,,2026-04-28T06:49:01,2026-04-28T06:49:01,1
120907,3786,99,HU,1058,BZ,,Irota,full,,,magyar-posta-via-ferenci-tamas,,2026-04-28T06:49:01,2026-04-28T06:49:01,1
120908,3786,99,HU,1058,BZ,,Lak,full,,,magyar-posta-via-ferenci-tamas,,2026-04-28T06:49:01,2026-04-28T06:49:01,1
120909,3786,99,HU,1058,BZ,,Szakácsi,full,,,magyar-posta-via-ferenci-tamas,,2026-04-28T06:49:01,2026-04-28T06:49:01,1
120910,3787,99,HU,1058,BZ,,Tomor,full,,,magyar-posta-via-ferenci-tamas,,2026-04-28T06:49:01,2026-04-28T06:49:01,1
120911,3791,99,HU,1058,BZ,,Sajókeresztúr,full,,,magyar-posta-via-ferenci-tamas,,2026-04-28T06:49:01,2026-04-28T06:49:01,1
120912,3792,99,HU,1058,BZ,,Sajóbábony,full,,,magyar-posta-via-ferenci-tamas,,2026-04-28T06:49:01,2026-04-28T06:49:01,1
120913,3793,99,HU,1058,BZ,,Sajóecseg,full,,,magyar-posta-via-ferenci-tamas,,2026-04-28T06:49:01,2026-04-28T06:49:01,1
120914,3794,99,HU,1058,BZ,,Boldva,full,,,magyar-posta-via-ferenci-tamas,,2026-04-28T06:49:01,2026-04-28T06:49:01,1
120915,3794,99,HU,1058,BZ,,Ziliz,full,,,magyar-posta-via-ferenci-tamas,,2026-04-28T06:49:01,2026-04-28T06:49:01,1
120916,3795,99,HU,1058,BZ,,Hangács,full,,,magyar-posta-via-ferenci-tamas,,2026-04-28T06:49:01,2026-04-28T06:49:01,1
120917,3795,99,HU,1058,BZ,,Nyomár,full,,,magyar-posta-via-ferenci-tamas,,2026-04-28T06:49:01,2026-04-28T06:49:01,1
120918,3796,99,HU,1058,BZ,,Borsodszirák,full,,,magyar-posta-via-ferenci-tamas,,2026-04-28T06:49:01,2026-04-28T06:49:01,1
120919,3800,99,HU,1058,BZ,,Szikszó,full,,,magyar-posta-via-ferenci-tamas,,2026-04-28T06:49:01,2026-04-28T06:49:01,1
120920,3809,99,HU,1058,BZ,,Abaújszolnok,full,,,magyar-posta-via-ferenci-tamas,,2026-04-28T06:49:01,2026-04-28T06:49:01,1
120921,3809,99,HU,1058,BZ,,Nyésta,full,,,magyar-posta-via-ferenci-tamas,,2026-04-28T06:49:01,2026-04-28T06:49:01,1
120922,3809,99,HU,1058,BZ,,Selyeb,full,,,magyar-posta-via-ferenci-tamas,,2026-04-28T06:49:01,2026-04-28T06:49:01,1
120923,3811,99,HU,1058,BZ,,Alsóvadász,full,,,magyar-posta-via-ferenci-tamas,,2026-04-28T06:49:01,2026-04-28T06:49:01,1
120924,3812,99,HU,1058,BZ,,Homrogd,full,,,magyar-posta-via-ferenci-tamas,,2026-04-28T06:49:01,2026-04-28T06:49:01,1
120925,3812,99,HU,1058,BZ,,Monaj,full,,,magyar-posta-via-ferenci-tamas,,2026-04-28T06:49:01,2026-04-28T06:49:01,1
120926,3813,99,HU,1058,BZ,,Kupa,full,,,magyar-posta-via-ferenci-tamas,,2026-04-28T06:49:01,2026-04-28T06:49:01,1
120927,3814,99,HU,1058,BZ,,Felsővadász,full,,,magyar-posta-via-ferenci-tamas,,2026-04-28T06:49:01,2026-04-28T06:49:01,1
120928,3815,99,HU,1058,BZ,,Abaújlak,full,,,magyar-posta-via-ferenci-tamas,,2026-04-28T06:49:01,2026-04-28T06:49:01,1
120929,3815,99,HU,1058,BZ,,Gadna,full,,,magyar-posta-via-ferenci-tamas,,2026-04-28T06:49:01,2026-04-28T06:49:01,1
120930,3816,99,HU,1058,BZ,,Gagyvendégi,full,,,magyar-posta-via-ferenci-tamas,,2026-04-28T06:49:01,2026-04-28T06:49:01,1
120931,3817,99,HU,1058,BZ,,Gagybátor,full,,,magyar-posta-via-ferenci-tamas,,2026-04-28T06:49:01,2026-04-28T06:49:01,1
120932,3821,99,HU,1058,BZ,,Büttös,full,,,magyar-posta-via-ferenci-tamas,,2026-04-28T06:49:01,2026-04-28T06:49:01,1
120933,3821,99,HU,1058,BZ,,Keresztéte,full,,,magyar-posta-via-ferenci-tamas,,2026-04-28T06:49:01,2026-04-28T06:49:01,1
120934,3821,99,HU,1058,BZ,,Krasznokvajda,full,,,magyar-posta-via-ferenci-tamas,,2026-04-28T06:49:01,2026-04-28T06:49:01,1
120935,3821,99,HU,1058,BZ,,Kány,full,,,magyar-posta-via-ferenci-tamas,,2026-04-28T06:49:01,2026-04-28T06:49:01,1
120936,3821,99,HU,1058,BZ,,Pamlény,full,,,magyar-posta-via-ferenci-tamas,,2026-04-28T06:49:01,2026-04-28T06:49:01,1
120937,3821,99,HU,1058,BZ,,Perecse,full,,,magyar-posta-via-ferenci-tamas,,2026-04-28T06:49:01,2026-04-28T06:49:01,1
120938,3821,99,HU,1058,BZ,,Szászfa,full,,,magyar-posta-via-ferenci-tamas,,2026-04-28T06:49:01,2026-04-28T06:49:01,1
120939,3825,99,HU,1058,BZ,,Debréte,full,,,magyar-posta-via-ferenci-tamas,,2026-04-28T06:49:01,2026-04-28T06:49:01,1
120940,3825,99,HU,1058,BZ,,Rakaca,full,,,magyar-posta-via-ferenci-tamas,,2026-04-28T06:49:01,2026-04-28T06:49:01,1
120941,3825,99,HU,1058,BZ,,Viszló,full,,,magyar-posta-via-ferenci-tamas,,2026-04-28T06:49:01,2026-04-28T06:49:01,1
120942,3826,99,HU,1058,BZ,,Rakacaszend,full,,,magyar-posta-via-ferenci-tamas,,2026-04-28T06:49:01,2026-04-28T06:49:01,1
120943,3831,99,HU,1058,BZ,,Kázsmárk,full,,,magyar-posta-via-ferenci-tamas,,2026-04-28T06:49:01,2026-04-28T06:49:01,1
120944,3832,99,HU,1058,BZ,,Léh,full,,,magyar-posta-via-ferenci-tamas,,2026-04-28T06:49:01,2026-04-28T06:49:01,1
120945,3833,99,HU,1058,BZ,,Rásonysápberencs,full,,,magyar-posta-via-ferenci-tamas,,2026-04-28T06:49:01,2026-04-28T06:49:01,1
120946,3834,99,HU,1058,BZ,,Beret,full,,,magyar-posta-via-ferenci-tamas,,2026-04-28T06:49:01,2026-04-28T06:49:01,1
120947,3834,99,HU,1058,BZ,,Detek,full,,,magyar-posta-via-ferenci-tamas,,2026-04-28T06:49:01,2026-04-28T06:49:01,1
120948,3836,99,HU,1058,BZ,,Baktakék,full,,,magyar-posta-via-ferenci-tamas,,2026-04-28T06:49:01,2026-04-28T06:49:01,1
120949,3837,99,HU,1058,BZ,,Alsógagy,full,,,magyar-posta-via-ferenci-tamas,,2026-04-28T06:49:01,2026-04-28T06:49:01,1
120950,3837,99,HU,1058,BZ,,Csenyéte,full,,,magyar-posta-via-ferenci-tamas,,2026-04-28T06:49:01,2026-04-28T06:49:01,1
120951,3837,99,HU,1058,BZ,,Felsőgagy,full,,,magyar-posta-via-ferenci-tamas,,2026-04-28T06:49:01,2026-04-28T06:49:01,1
120952,3837,99,HU,1058,BZ,,Gagyapáti,full,,,magyar-posta-via-ferenci-tamas,,2026-04-28T06:49:01,2026-04-28T06:49:01,1
120953,3841,99,HU,1058,BZ,,Aszaló,full,,,magyar-posta-via-ferenci-tamas,,2026-04-28T06:49:01,2026-04-28T06:49:01,1
120954,3842,99,HU,1058,BZ,,Halmaj,full,,,magyar-posta-via-ferenci-tamas,,2026-04-28T06:49:01,2026-04-28T06:49:01,1
120955,3843,99,HU,1058,BZ,,Kiskinizs,full,,,magyar-posta-via-ferenci-tamas,,2026-04-28T06:49:01,2026-04-28T06:49:01,1
120956,3844,99,HU,1058,BZ,,Nagykinizs,full,,,magyar-posta-via-ferenci-tamas,,2026-04-28T06:49:01,2026-04-28T06:49:01,1
120957,3844,99,HU,1058,BZ,,Szentistvánbaksa,full,,,magyar-posta-via-ferenci-tamas,,2026-04-28T06:49:01,2026-04-28T06:49:01,1
120958,3846,99,HU,1058,BZ,,Hernádkércs,full,,,magyar-posta-via-ferenci-tamas,,2026-04-28T06:49:01,2026-04-28T06:49:01,1
120959,3847,99,HU,1058,BZ,,Felsődobsza,full,,,magyar-posta-via-ferenci-tamas,,2026-04-28T06:49:01,2026-04-28T06:49:01,1
120960,3848,99,HU,1058,BZ,,Csobád,full,,,magyar-posta-via-ferenci-tamas,,2026-04-28T06:49:01,2026-04-28T06:49:01,1
120961,3849,99,HU,1058,BZ,,Forró,full,,,magyar-posta-via-ferenci-tamas,,2026-04-28T06:49:01,2026-04-28T06:49:01,1
120962,3851,99,HU,1058,BZ,,Ináncs,full,,,magyar-posta-via-ferenci-tamas,,2026-04-28T06:49:01,2026-04-28T06:49:01,1
120963,3852,99,HU,1058,BZ,,Hernádszentandrás,full,,,magyar-posta-via-ferenci-tamas,,2026-04-28T06:49:01,2026-04-28T06:49:01,1
120964,3853,99,HU,1058,BZ,,Hernádbűd,full,,,magyar-posta-via-ferenci-tamas,,2026-04-28T06:49:01,2026-04-28T06:49:01,1
120965,3853,99,HU,1058,BZ,,Pere,full,,,magyar-posta-via-ferenci-tamas,,2026-04-28T06:49:01,2026-04-28T06:49:01,1
120966,3854,99,HU,1058,BZ,,Gibárt,full,,,magyar-posta-via-ferenci-tamas,,2026-04-28T06:49:01,2026-04-28T06:49:01,1
120967,3855,99,HU,1058,BZ,,Fancsal,full,,,magyar-posta-via-ferenci-tamas,,2026-04-28T06:49:01,2026-04-28T06:49:01,1
120968,3860,99,HU,1058,BZ,,Encs,full,,,magyar-posta-via-ferenci-tamas,,2026-04-28T06:49:01,2026-04-28T06:49:01,1
120969,3863,99,HU,1058,BZ,,Szalaszend,full,,,magyar-posta-via-ferenci-tamas,,2026-04-28T06:49:01,2026-04-28T06:49:01,1
120970,3864,99,HU,1058,BZ,,Fulókércs,full,,,magyar-posta-via-ferenci-tamas,,2026-04-28T06:49:01,2026-04-28T06:49:01,1
120971,3865,99,HU,1058,BZ,,Fáj,full,,,magyar-posta-via-ferenci-tamas,,2026-04-28T06:49:01,2026-04-28T06:49:01,1
120972,3866,99,HU,1058,BZ,,Litka,full,,,magyar-posta-via-ferenci-tamas,,2026-04-28T06:49:01,2026-04-28T06:49:01,1
120973,3866,99,HU,1058,BZ,,Szemere,full,,,magyar-posta-via-ferenci-tamas,,2026-04-28T06:49:01,2026-04-28T06:49:01,1
120974,3871,99,HU,1058,BZ,,Méra,full,,,magyar-posta-via-ferenci-tamas,,2026-04-28T06:49:01,2026-04-28T06:49:01,1
120975,3872,99,HU,1058,BZ,,Novajidrány,full,,,magyar-posta-via-ferenci-tamas,,2026-04-28T06:49:01,2026-04-28T06:49:01,1
120976,3873,99,HU,1058,BZ,,Garadna,full,,,magyar-posta-via-ferenci-tamas,,2026-04-28T06:49:01,2026-04-28T06:49:01,1
120977,3874,99,HU,1058,BZ,,Hernádpetri,full,,,magyar-posta-via-ferenci-tamas,,2026-04-28T06:49:01,2026-04-28T06:49:01,1
120978,3874,99,HU,1058,BZ,,Hernádvécse,full,,,magyar-posta-via-ferenci-tamas,,2026-04-28T06:49:01,2026-04-28T06:49:01,1
120979,3874,99,HU,1058,BZ,,Pusztaradvány,full,,,magyar-posta-via-ferenci-tamas,,2026-04-28T06:49:01,2026-04-28T06:49:01,1
120980,3875,99,HU,1058,BZ,,Hernádszurdok,full,,,magyar-posta-via-ferenci-tamas,,2026-04-28T06:49:01,2026-04-28T06:49:01,1
120981,3876,99,HU,1058,BZ,,Hidasnémeti,full,,,magyar-posta-via-ferenci-tamas,,2026-04-28T06:49:01,2026-04-28T06:49:01,1
120982,3877,99,HU,1058,BZ,,Tornyosnémeti,full,,,magyar-posta-via-ferenci-tamas,,2026-04-28T06:49:01,2026-04-28T06:49:01,1
120983,3881,99,HU,1058,BZ,,Abaújszántó,full,,,magyar-posta-via-ferenci-tamas,,2026-04-28T06:49:01,2026-04-28T06:49:01,1
120984,3881,99,HU,1058,BZ,,Baskó,full,,,magyar-posta-via-ferenci-tamas,,2026-04-28T06:49:01,2026-04-28T06:49:01,1
120985,3881,99,HU,1058,BZ,,Sima,full,,,magyar-posta-via-ferenci-tamas,,2026-04-28T06:49:01,2026-04-28T06:49:01,1
120986,3882,99,HU,1058,BZ,,Abaújalpár,full,,,magyar-posta-via-ferenci-tamas,,2026-04-28T06:49:01,2026-04-28T06:49:01,1
120987,3882,99,HU,1058,BZ,,Abaújkér,full,,,magyar-posta-via-ferenci-tamas,,2026-04-28T06:49:01,2026-04-28T06:49:01,1
120988,3884,99,HU,1058,BZ,,Boldogkőújfalu,full,,,magyar-posta-via-ferenci-tamas,,2026-04-28T06:49:01,2026-04-28T06:49:01,1
120989,3885,99,HU,1058,BZ,,Arka,full,,,magyar-posta-via-ferenci-tamas,,2026-04-28T06:49:01,2026-04-28T06:49:01,1
120990,3885,99,HU,1058,BZ,,Boldogkőváralja,full,,,magyar-posta-via-ferenci-tamas,,2026-04-28T06:49:01,2026-04-28T06:49:01,1
120991,3886,99,HU,1058,BZ,,Korlát,full,,,magyar-posta-via-ferenci-tamas,,2026-04-28T06:49:01,2026-04-28T06:49:01,1
120992,3887,99,HU,1058,BZ,,Hernádcéce,full,,,magyar-posta-via-ferenci-tamas,,2026-04-28T06:49:01,2026-04-28T06:49:01,1
120993,3888,99,HU,1058,BZ,,Vizsoly,full,,,magyar-posta-via-ferenci-tamas,,2026-04-28T06:49:01,2026-04-28T06:49:01,1
120994,3891,99,HU,1058,BZ,,Vilmány,full,,,magyar-posta-via-ferenci-tamas,,2026-04-28T06:49:01,2026-04-28T06:49:01,1
120995,3892,99,HU,1058,BZ,,Hejce,full,,,magyar-posta-via-ferenci-tamas,,2026-04-28T06:49:01,2026-04-28T06:49:01,1
120996,3893,99,HU,1058,BZ,,Fony,full,,,magyar-posta-via-ferenci-tamas,,2026-04-28T06:49:01,2026-04-28T06:49:01,1
120997,3893,99,HU,1058,BZ,,Mogyoróska,full,,,magyar-posta-via-ferenci-tamas,,2026-04-28T06:49:01,2026-04-28T06:49:01,1
120998,3893,99,HU,1058,BZ,,Regéc,full,,,magyar-posta-via-ferenci-tamas,,2026-04-28T06:49:01,2026-04-28T06:49:01,1
120999,3894,99,HU,1058,BZ,,Göncruszka,full,,,magyar-posta-via-ferenci-tamas,,2026-04-28T06:49:01,2026-04-28T06:49:01,1
121000,3895,99,HU,1058,BZ,,Gönc,full,,,magyar-posta-via-ferenci-tamas,,2026-04-28T06:49:01,2026-04-28T06:49:01,1
121001,3896,99,HU,1058,BZ,,Telkibánya,full,,,magyar-posta-via-ferenci-tamas,,2026-04-28T06:49:01,2026-04-28T06:49:01,1
121002,3897,99,HU,1058,BZ,,Zsujta,full,,,magyar-posta-via-ferenci-tamas,,2026-04-28T06:49:01,2026-04-28T06:49:01,1
121003,3898,99,HU,1058,BZ,,Abaújvár,full,,,magyar-posta-via-ferenci-tamas,,2026-04-28T06:49:01,2026-04-28T06:49:01,1
121004,3898,99,HU,1058,BZ,,Pányok,full,,,magyar-posta-via-ferenci-tamas,,2026-04-28T06:49:01,2026-04-28T06:49:01,1
121005,3899,99,HU,1058,BZ,,Kéked,full,,,magyar-posta-via-ferenci-tamas,,2026-04-28T06:49:01,2026-04-28T06:49:01,1
121006,3900,99,HU,1058,BZ,,Szerencs,full,,,magyar-posta-via-ferenci-tamas,,2026-04-28T06:49:01,2026-04-28T06:49:01,1
121007,3902,99,HU,1058,BZ,,"Szerencs, Ond",full,,,magyar-posta-via-ferenci-tamas,,2026-04-28T06:49:01,2026-04-28T06:49:01,1
121008,3903,99,HU,1058,BZ,,Bekecs,full,,,magyar-posta-via-ferenci-tamas,,2026-04-28T06:49:01,2026-04-28T06:49:01,1
121009,3904,99,HU,1058,BZ,,Legyesbénye,full,,,magyar-posta-via-ferenci-tamas,,2026-04-28T06:49:01,2026-04-28T06:49:01,1
121010,3905,99,HU,1058,BZ,,Monok,full,,,magyar-posta-via-ferenci-tamas,,2026-04-28T06:49:01,2026-04-28T06:49:01,1
121011,3906,99,HU,1058,BZ,,Golop,full,,,magyar-posta-via-ferenci-tamas,,2026-04-28T06:49:01,2026-04-28T06:49:01,1
121012,3907,99,HU,1058,BZ,,Tállya,full,,,magyar-posta-via-ferenci-tamas,,2026-04-28T06:49:01,2026-04-28T06:49:01,1
121013,3908,99,HU,1058,BZ,,Rátka,full,,,magyar-posta-via-ferenci-tamas,,2026-04-28T06:49:01,2026-04-28T06:49:01,1
121014,3909,99,HU,1058,BZ,,Mád,full,,,magyar-posta-via-ferenci-tamas,,2026-04-28T06:49:01,2026-04-28T06:49:01,1
121015,3910,99,HU,1058,BZ,,Tokaj,full,,,magyar-posta-via-ferenci-tamas,,2026-04-28T06:49:01,2026-04-28T06:49:01,1
121016,3915,99,HU,1058,BZ,,Tarcal,full,,,magyar-posta-via-ferenci-tamas,,2026-04-28T06:49:01,2026-04-28T06:49:01,1
121017,3916,99,HU,1058,BZ,,Bodrogkeresztúr,full,,,magyar-posta-via-ferenci-tamas,,2026-04-28T06:49:01,2026-04-28T06:49:01,1
121018,3917,99,HU,1058,BZ,,Bodrogkisfalud,full,,,magyar-posta-via-ferenci-tamas,,2026-04-28T06:49:01,2026-04-28T06:49:01,1
121019,3918,99,HU,1058,BZ,,Szegi,full,,,magyar-posta-via-ferenci-tamas,,2026-04-28T06:49:01,2026-04-28T06:49:01,1
121020,3918,99,HU,1058,BZ,,Szegilong,full,,,magyar-posta-via-ferenci-tamas,,2026-04-28T06:49:01,2026-04-28T06:49:01,1
121021,3921,99,HU,1058,BZ,,Taktaszada,full,,,magyar-posta-via-ferenci-tamas,,2026-04-28T06:49:01,2026-04-28T06:49:01,1
121022,3922,99,HU,1058,BZ,,Taktaharkány,full,,,magyar-posta-via-ferenci-tamas,,2026-04-28T06:49:01,2026-04-28T06:49:01,1
121023,3923,99,HU,1058,BZ,,"Gesztely, Újharangod",full,,,magyar-posta-via-ferenci-tamas,,2026-04-28T06:49:01,2026-04-28T06:49:01,1
121024,3924,99,HU,1058,BZ,,Taktakenéz,full,,,magyar-posta-via-ferenci-tamas,,2026-04-28T06:49:01,2026-04-28T06:49:01,1
121025,3925,99,HU,1058,BZ,,Prügy,full,,,magyar-posta-via-ferenci-tamas,,2026-04-28T06:49:01,2026-04-28T06:49:01,1
121026,3926,99,HU,1058,BZ,,Taktabáj,full,,,magyar-posta-via-ferenci-tamas,,2026-04-28T06:49:01,2026-04-28T06:49:01,1
121027,3927,99,HU,1058,BZ,,Csobaj,full,,,magyar-posta-via-ferenci-tamas,,2026-04-28T06:49:01,2026-04-28T06:49:01,1
121028,3928,99,HU,1058,BZ,,Tiszatardos,full,,,magyar-posta-via-ferenci-tamas,,2026-04-28T06:49:01,2026-04-28T06:49:01,1
121029,3929,99,HU,1058,BZ,,Tiszaladány,full,,,magyar-posta-via-ferenci-tamas,,2026-04-28T06:49:01,2026-04-28T06:49:01,1
121030,3931,99,HU,1058,BZ,,Mezőzombor,full,,,magyar-posta-via-ferenci-tamas,,2026-04-28T06:49:01,2026-04-28T06:49:01,1
121031,3932,99,HU,1058,BZ,,Erdőbénye,full,,,magyar-posta-via-ferenci-tamas,,2026-04-28T06:49:01,2026-04-28T06:49:01,1
121032,3933,99,HU,1058,BZ,,Olaszliszka,full,,,magyar-posta-via-ferenci-tamas,,2026-04-28T06:49:01,2026-04-28T06:49:01,1
121033,3934,99,HU,1058,BZ,,Tolcsva,full,,,magyar-posta-via-ferenci-tamas,,2026-04-28T06:49:01,2026-04-28T06:49:01,1
121034,3935,99,HU,1058,BZ,,Erdőhorváti,full,,,magyar-posta-via-ferenci-tamas,,2026-04-28T06:49:01,2026-04-28T06:49:01,1
121035,3936,99,HU,1058,BZ,,Háromhuta,full,,,magyar-posta-via-ferenci-tamas,,2026-04-28T06:49:01,2026-04-28T06:49:01,1
121036,3937,99,HU,1058,BZ,,Komlóska,full,,,magyar-posta-via-ferenci-tamas,,2026-04-28T06:49:01,2026-04-28T06:49:01,1
121037,3941,99,HU,1058,BZ,,Vámosújfalu,full,,,magyar-posta-via-ferenci-tamas,,2026-04-28T06:49:01,2026-04-28T06:49:01,1
121038,3942,99,HU,1058,BZ,,Sárazsadány,full,,,magyar-posta-via-ferenci-tamas,,2026-04-28T06:49:01,2026-04-28T06:49:01,1
121039,3943,99,HU,1058,BZ,,Bodrogolaszi,full,,,magyar-posta-via-ferenci-tamas,,2026-04-28T06:49:01,2026-04-28T06:49:01,1
121040,3944,99,HU,1058,BZ,,"Sátoraljaújhely, Károlyfalva",full,,,magyar-posta-via-ferenci-tamas,,2026-04-28T06:49:01,2026-04-28T06:49:01,1
121041,3945,99,HU,1058,BZ,,"Sátoraljaújhely, Rudabányácska",full,,,magyar-posta-via-ferenci-tamas,,2026-04-28T06:49:01,2026-04-28T06:49:01,1
121042,3950,99,HU,1058,BZ,,Sárospatak,full,,,magyar-posta-via-ferenci-tamas,,2026-04-28T06:49:01,2026-04-28T06:49:01,1
121043,3954,99,HU,1058,BZ,,Györgytarló,full,,,magyar-posta-via-ferenci-tamas,,2026-04-28T06:49:01,2026-04-28T06:49:01,1
121044,3955,99,HU,1058,BZ,,Kenézlő,full,,,magyar-posta-via-ferenci-tamas,,2026-04-28T06:49:01,2026-04-28T06:49:01,1
121045,3956,99,HU,1058,BZ,,Viss,full,,,magyar-posta-via-ferenci-tamas,,2026-04-28T06:49:01,2026-04-28T06:49:01,1
121046,3957,99,HU,1058,BZ,,Zalkod,full,,,magyar-posta-via-ferenci-tamas,,2026-04-28T06:49:01,2026-04-28T06:49:01,1
121047,3958,99,HU,1058,BZ,,Hercegkút,full,,,magyar-posta-via-ferenci-tamas,,2026-04-28T06:49:01,2026-04-28T06:49:01,1
121048,3959,99,HU,1058,BZ,,Makkoshotyka,full,,,magyar-posta-via-ferenci-tamas,,2026-04-28T06:49:01,2026-04-28T06:49:01,1
121049,3961,99,HU,1058,BZ,,Vajdácska,full,,,magyar-posta-via-ferenci-tamas,,2026-04-28T06:49:01,2026-04-28T06:49:01,1
121050,3962,99,HU,1058,BZ,,Karos,full,,,magyar-posta-via-ferenci-tamas,,2026-04-28T06:49:01,2026-04-28T06:49:01,1
121051,3963,99,HU,1058,BZ,,Karcsa,full,,,magyar-posta-via-ferenci-tamas,,2026-04-28T06:49:01,2026-04-28T06:49:01,1
121052,3964,99,HU,1058,BZ,,Pácin,full,,,magyar-posta-via-ferenci-tamas,,2026-04-28T06:49:01,2026-04-28T06:49:01,1
121053,3965,99,HU,1058,BZ,,Kisrozvágy,full,,,magyar-posta-via-ferenci-tamas,,2026-04-28T06:49:01,2026-04-28T06:49:01,1
121054,3965,99,HU,1058,BZ,,Nagyrozvágy,full,,,magyar-posta-via-ferenci-tamas,,2026-04-28T06:49:01,2026-04-28T06:49:01,1
121055,3967,99,HU,1058,BZ,,Lácacséke,full,,,magyar-posta-via-ferenci-tamas,,2026-04-28T06:49:01,2026-04-28T06:49:01,1
121056,3971,99,HU,1058,BZ,,Tiszakarád,full,,,magyar-posta-via-ferenci-tamas,,2026-04-28T06:49:01,2026-04-28T06:49:01,1
121057,3972,99,HU,1058,BZ,,Tiszacsermely,full,,,magyar-posta-via-ferenci-tamas,,2026-04-28T06:49:01,2026-04-28T06:49:01,1
121058,3973,99,HU,1058,BZ,,Cigánd,full,,,magyar-posta-via-ferenci-tamas,,2026-04-28T06:49:01,2026-04-28T06:49:01,1
121059,3974,99,HU,1058,BZ,,Ricse,full,,,magyar-posta-via-ferenci-tamas,,2026-04-28T06:49:01,2026-04-28T06:49:01,1
121060,3974,99,HU,1058,BZ,,Semjén,full,,,magyar-posta-via-ferenci-tamas,,2026-04-28T06:49:01,2026-04-28T06:49:01,1
121061,3976,99,HU,1058,BZ,,Révleányvár,full,,,magyar-posta-via-ferenci-tamas,,2026-04-28T06:49:01,2026-04-28T06:49:01,1
121062,3977,99,HU,1058,BZ,,Zemplénagárd,full,,,magyar-posta-via-ferenci-tamas,,2026-04-28T06:49:01,2026-04-28T06:49:01,1
121063,3978,99,HU,1058,BZ,,Dámóc,full,,,magyar-posta-via-ferenci-tamas,,2026-04-28T06:49:01,2026-04-28T06:49:01,1
121064,3980,99,HU,1058,BZ,,Sátoraljaújhely,full,,,magyar-posta-via-ferenci-tamas,,2026-04-28T06:49:01,2026-04-28T06:49:01,1
121065,3985,99,HU,1058,BZ,,Alsóberecki,full,,,magyar-posta-via-ferenci-tamas,,2026-04-28T06:49:01,2026-04-28T06:49:01,1
121066,3985,99,HU,1058,BZ,,Felsőberecki,full,,,magyar-posta-via-ferenci-tamas,,2026-04-28T06:49:01,2026-04-28T06:49:01,1
121067,3987,99,HU,1058,BZ,,Bodroghalom,full,,,magyar-posta-via-ferenci-tamas,,2026-04-28T06:49:01,2026-04-28T06:49:01,1
121068,3988,99,HU,1058,BZ,,"Sátoraljaújhely, Széphalom",full,,,magyar-posta-via-ferenci-tamas,,2026-04-28T06:49:01,2026-04-28T06:49:01,1
121069,3989,99,HU,1058,BZ,,Alsóregmec,full,,,magyar-posta-via-ferenci-tamas,,2026-04-28T06:49:01,2026-04-28T06:49:01,1
121070,3989,99,HU,1058,BZ,,Felsőregmec,full,,,magyar-posta-via-ferenci-tamas,,2026-04-28T06:49:01,2026-04-28T06:49:01,1
121071,3989,99,HU,1058,BZ,,Mikóháza,full,,,magyar-posta-via-ferenci-tamas,,2026-04-28T06:49:01,2026-04-28T06:49:01,1
121072,3991,99,HU,1058,BZ,,Vilyvitány,full,,,magyar-posta-via-ferenci-tamas,,2026-04-28T06:49:01,2026-04-28T06:49:01,1
121073,3992,99,HU,1058,BZ,,Kovácsvágás,full,,,magyar-posta-via-ferenci-tamas,,2026-04-28T06:49:01,2026-04-28T06:49:01,1
121074,3992,99,HU,1058,BZ,,Vágáshuta,full,,,magyar-posta-via-ferenci-tamas,,2026-04-28T06:49:01,2026-04-28T06:49:01,1
121075,3993,99,HU,1058,BZ,,Füzérradvány,full,,,magyar-posta-via-ferenci-tamas,,2026-04-28T06:49:01,2026-04-28T06:49:01,1
121076,3994,99,HU,1058,BZ,,Bózsva,full,,,magyar-posta-via-ferenci-tamas,,2026-04-28T06:49:01,2026-04-28T06:49:01,1
121077,3994,99,HU,1058,BZ,,Filkeháza,full,,,magyar-posta-via-ferenci-tamas,,2026-04-28T06:49:01,2026-04-28T06:49:01,1
121078,3994,99,HU,1058,BZ,,Füzérkajata,full,,,magyar-posta-via-ferenci-tamas,,2026-04-28T06:49:01,2026-04-28T06:49:01,1
121079,3994,99,HU,1058,BZ,,Kishuta,full,,,magyar-posta-via-ferenci-tamas,,2026-04-28T06:49:01,2026-04-28T06:49:01,1
121080,3994,99,HU,1058,BZ,,Nagyhuta,full,,,magyar-posta-via-ferenci-tamas,,2026-04-28T06:49:01,2026-04-28T06:49:01,1
121081,3994,99,HU,1058,BZ,,Pálháza,full,,,magyar-posta-via-ferenci-tamas,,2026-04-28T06:49:01,2026-04-28T06:49:01,1
121082,3995,99,HU,1058,BZ,,Pusztafalu,full,,,magyar-posta-via-ferenci-tamas,,2026-04-28T06:49:01,2026-04-28T06:49:01,1
121083,3996,99,HU,1058,BZ,,Füzér,full,,,magyar-posta-via-ferenci-tamas,,2026-04-28T06:49:01,2026-04-28T06:49:01,1
121084,3997,99,HU,1058,BZ,,Füzérkomlós,full,,,magyar-posta-via-ferenci-tamas,,2026-04-28T06:49:01,2026-04-28T06:49:01,1
121085,3998,99,HU,1058,BZ,,Nyíri,full,,,magyar-posta-via-ferenci-tamas,,2026-04-28T06:49:01,2026-04-28T06:49:01,1
121086,3999,99,HU,1058,BZ,,Hollóháza,full,,,magyar-posta-via-ferenci-tamas,,2026-04-28T06:49:01,2026-04-28T06:49:01,1
121087,4000,99,HU,1063,HB,,Debrecen,full,,,magyar-posta-via-ferenci-tamas,,2026-04-28T06:49:01,2026-04-28T06:49:01,1
121088,4002,99,HU,1063,HB,,Debrecen,full,,,magyar-posta-via-ferenci-tamas,,2026-04-28T06:49:01,2026-04-28T06:49:01,1
121089,4024,99,HU,1063,HB,,Debrecen,full,,,magyar-posta-via-ferenci-tamas,,2026-04-28T06:49:01,2026-04-28T06:49:01,1
121090,4025,99,HU,1063,HB,,Debrecen,full,,,magyar-posta-via-ferenci-tamas,,2026-04-28T06:49:01,2026-04-28T06:49:01,1
121091,4026,99,HU,1063,HB,,Debrecen,full,,,magyar-posta-via-ferenci-tamas,,2026-04-28T06:49:01,2026-04-28T06:49:01,1
121092,4027,99,HU,1063,HB,,Debrecen,full,,,magyar-posta-via-ferenci-tamas,,2026-04-28T06:49:01,2026-04-28T06:49:01,1
121093,4028,99,HU,1063,HB,,Debrecen,full,,,magyar-posta-via-ferenci-tamas,,2026-04-28T06:49:01,2026-04-28T06:49:01,1
121094,4029,99,HU,1063,HB,,Debrecen,full,,,magyar-posta-via-ferenci-tamas,,2026-04-28T06:49:01,2026-04-28T06:49:01,1
121095,4030,99,HU,1063,HB,,Debrecen,full,,,magyar-posta-via-ferenci-tamas,,2026-04-28T06:49:01,2026-04-28T06:49:01,1
121096,4031,99,HU,1063,HB,,Debrecen,full,,,magyar-posta-via-ferenci-tamas,,2026-04-28T06:49:01,2026-04-28T06:49:01,1
121097,4032,99,HU,1063,HB,,Debrecen,full,,,magyar-posta-via-ferenci-tamas,,2026-04-28T06:49:01,2026-04-28T06:49:01,1
121098,4033,99,HU,1063,HB,,Debrecen,full,,,magyar-posta-via-ferenci-tamas,,2026-04-28T06:49:01,2026-04-28T06:49:01,1
121099,4034,99,HU,1063,HB,,Debrecen,full,,,magyar-posta-via-ferenci-tamas,,2026-04-28T06:49:01,2026-04-28T06:49:01,1
121100,4042,99,HU,1063,HB,,Debrecen,full,,,magyar-posta-via-ferenci-tamas,,2026-04-28T06:49:01,2026-04-28T06:49:01,1
121101,4060,99,HU,1063,HB,,Balmazújváros,full,,,magyar-posta-via-ferenci-tamas,,2026-04-28T06:49:01,2026-04-28T06:49:01,1
121102,4063,99,HU,1063,HB,,Debrecen,full,,,magyar-posta-via-ferenci-tamas,,2026-04-28T06:49:01,2026-04-28T06:49:01,1
121103,4064,99,HU,1063,HB,,Nagyhegyes,full,,,magyar-posta-via-ferenci-tamas,,2026-04-28T06:49:01,2026-04-28T06:49:01,1
121104,4065,99,HU,1063,HB,,Újszentmargita,full,,,magyar-posta-via-ferenci-tamas,,2026-04-28T06:49:01,2026-04-28T06:49:01,1
121105,4066,99,HU,1063,HB,,Tiszacsege,full,,,magyar-posta-via-ferenci-tamas,,2026-04-28T06:49:01,2026-04-28T06:49:01,1
121106,4067,99,HU,1063,HB,,"Egyek, Telekháza",full,,,magyar-posta-via-ferenci-tamas,,2026-04-28T06:49:01,2026-04-28T06:49:01,1
121107,4069,99,HU,1063,HB,,Egyek,full,,,magyar-posta-via-ferenci-tamas,,2026-04-28T06:49:01,2026-04-28T06:49:01,1
121108,4071,99,HU,1063,HB,,Hortobágy,full,,,magyar-posta-via-ferenci-tamas,,2026-04-28T06:49:01,2026-04-28T06:49:01,1
121109,4074,99,HU,1063,HB,,"Hajdúböszörmény, Nagypród",full,,,magyar-posta-via-ferenci-tamas,,2026-04-28T06:49:01,2026-04-28T06:49:01,1
121110,4075,99,HU,1063,HB,,Görbeháza,full,,,magyar-posta-via-ferenci-tamas,,2026-04-28T06:49:01,2026-04-28T06:49:01,1
121111,4078,99,HU,1063,HB,,Debrecen,full,,,magyar-posta-via-ferenci-tamas,,2026-04-28T06:49:01,2026-04-28T06:49:01,1
121112,4079,99,HU,1063,HB,,Debrecen,full,,,magyar-posta-via-ferenci-tamas,,2026-04-28T06:49:01,2026-04-28T06:49:01,1
121113,4080,99,HU,1063,HB,,Hajdúnánás,full,,,magyar-posta-via-ferenci-tamas,,2026-04-28T06:49:01,2026-04-28T06:49:01,1
121114,4085,99,HU,1063,HB,,"Hajdúnánás, Tedej",full,,,magyar-posta-via-ferenci-tamas,,2026-04-28T06:49:01,2026-04-28T06:49:01,1
121115,4086,99,HU,1063,HB,,"Hajdúböszörmény, Hajdúvid",full,,,magyar-posta-via-ferenci-tamas,,2026-04-28T06:49:01,2026-04-28T06:49:01,1
121116,4087,99,HU,1063,HB,,Hajdúdorog,full,,,magyar-posta-via-ferenci-tamas,,2026-04-28T06:49:01,2026-04-28T06:49:01,1
121117,4090,99,HU,1063,HB,,Polgár,full,,,magyar-posta-via-ferenci-tamas,,2026-04-28T06:49:01,2026-04-28T06:49:01,1
121118,4095,99,HU,1063,HB,,Folyás,full,,,magyar-posta-via-ferenci-tamas,,2026-04-28T06:49:01,2026-04-28T06:49:01,1
121119,4096,99,HU,1063,HB,,Újtikos,full,,,magyar-posta-via-ferenci-tamas,,2026-04-28T06:49:01,2026-04-28T06:49:01,1
121120,4097,99,HU,1063,HB,,Tiszagyulaháza,full,,,magyar-posta-via-ferenci-tamas,,2026-04-28T06:49:01,2026-04-28T06:49:01,1
121121,4100,99,HU,1063,HB,,Berettyóújfalu,full,,,magyar-posta-via-ferenci-tamas,,2026-04-28T06:49:01,2026-04-28T06:49:01,1
121122,4110,99,HU,1063,HB,,Biharkeresztes,full,,,magyar-posta-via-ferenci-tamas,,2026-04-28T06:49:01,2026-04-28T06:49:01,1
121123,4114,99,HU,1063,HB,,Bojt,full,,,magyar-posta-via-ferenci-tamas,,2026-04-28T06:49:01,2026-04-28T06:49:01,1
121124,4115,99,HU,1063,HB,,Ártánd,full,,,magyar-posta-via-ferenci-tamas,,2026-04-28T06:49:01,2026-04-28T06:49:01,1
121125,4116,99,HU,1063,HB,,Berekböszörmény,full,,,magyar-posta-via-ferenci-tamas,,2026-04-28T06:49:01,2026-04-28T06:49:01,1
121126,4117,99,HU,1063,HB,,Told,full,,,magyar-posta-via-ferenci-tamas,,2026-04-28T06:49:01,2026-04-28T06:49:01,1
121127,4118,99,HU,1063,HB,,Mezőpeterd,full,,,magyar-posta-via-ferenci-tamas,,2026-04-28T06:49:01,2026-04-28T06:49:01,1
121128,4119,99,HU,1063,HB,,Váncsod,full,,,magyar-posta-via-ferenci-tamas,,2026-04-28T06:49:01,2026-04-28T06:49:01,1
121129,4121,99,HU,1063,HB,,Szentpéterszeg,full,,,magyar-posta-via-ferenci-tamas,,2026-04-28T06:49:01,2026-04-28T06:49:01,1
121130,4122,99,HU,1063,HB,,Gáborján,full,,,magyar-posta-via-ferenci-tamas,,2026-04-28T06:49:01,2026-04-28T06:49:01,1
121131,4123,99,HU,1063,HB,,Hencida,full,,,magyar-posta-via-ferenci-tamas,,2026-04-28T06:49:01,2026-04-28T06:49:01,1
121132,4124,99,HU,1063,HB,,Esztár,full,,,magyar-posta-via-ferenci-tamas,,2026-04-28T06:49:01,2026-04-28T06:49:01,1
121133,4125,99,HU,1063,HB,,Pocsaj,full,,,magyar-posta-via-ferenci-tamas,,2026-04-28T06:49:01,2026-04-28T06:49:01,1
121134,4126,99,HU,1063,HB,,Kismarja,full,,,magyar-posta-via-ferenci-tamas,,2026-04-28T06:49:01,2026-04-28T06:49:01,1
121135,4127,99,HU,1063,HB,,Nagykereki,full,,,magyar-posta-via-ferenci-tamas,,2026-04-28T06:49:01,2026-04-28T06:49:01,1
121136,4128,99,HU,1063,HB,,Bedő,full,,,magyar-posta-via-ferenci-tamas,,2026-04-28T06:49:01,2026-04-28T06:49:01,1
121137,4130,99,HU,1063,HB,,Derecske,full,,,magyar-posta-via-ferenci-tamas,,2026-04-28T06:49:01,2026-04-28T06:49:01,1
121138,4132,99,HU,1063,HB,,Tépe,full,,,magyar-posta-via-ferenci-tamas,,2026-04-28T06:49:01,2026-04-28T06:49:01,1
121139,4133,99,HU,1063,HB,,Konyár,full,,,magyar-posta-via-ferenci-tamas,,2026-04-28T06:49:01,2026-04-28T06:49:01,1
121140,4134,99,HU,1063,HB,,Mezősas,full,,,magyar-posta-via-ferenci-tamas,,2026-04-28T06:49:01,2026-04-28T06:49:01,1
121141,4135,99,HU,1063,HB,,Körösszegapáti,full,,,magyar-posta-via-ferenci-tamas,,2026-04-28T06:49:01,2026-04-28T06:49:01,1
121142,4136,99,HU,1063,HB,,Körösszakál,full,,,magyar-posta-via-ferenci-tamas,,2026-04-28T06:49:01,2026-04-28T06:49:01,1
121143,4137,99,HU,1063,HB,,Magyarhomorog,full,,,magyar-posta-via-ferenci-tamas,,2026-04-28T06:49:01,2026-04-28T06:49:01,1
121144,4138,99,HU,1063,HB,,Komádi,full,,,magyar-posta-via-ferenci-tamas,,2026-04-28T06:49:01,2026-04-28T06:49:01,1
121145,4141,99,HU,1063,HB,,Furta,full,,,magyar-posta-via-ferenci-tamas,,2026-04-28T06:49:01,2026-04-28T06:49:01,1
121146,4142,99,HU,1063,HB,,Zsáka,full,,,magyar-posta-via-ferenci-tamas,,2026-04-28T06:49:01,2026-04-28T06:49:01,1
121147,4143,99,HU,1063,HB,,Vekerd,full,,,magyar-posta-via-ferenci-tamas,,2026-04-28T06:49:01,2026-04-28T06:49:01,1
121148,4144,99,HU,1063,HB,,Darvas,full,,,magyar-posta-via-ferenci-tamas,,2026-04-28T06:49:01,2026-04-28T06:49:01,1
121149,4145,99,HU,1063,HB,,Csökmő,full,,,magyar-posta-via-ferenci-tamas,,2026-04-28T06:49:01,2026-04-28T06:49:01,1
121150,4146,99,HU,1063,HB,,Újiráz,full,,,magyar-posta-via-ferenci-tamas,,2026-04-28T06:49:01,2026-04-28T06:49:01,1
121151,4150,99,HU,1063,HB,,Püspökladány,full,,,magyar-posta-via-ferenci-tamas,,2026-04-28T06:49:01,2026-04-28T06:49:01,1
121152,4161,99,HU,1063,HB,,Báránd,full,,,magyar-posta-via-ferenci-tamas,,2026-04-28T06:49:01,2026-04-28T06:49:01,1
121153,4162,99,HU,1063,HB,,"Szerep, Hosszúhát",full,,,magyar-posta-via-ferenci-tamas,,2026-04-28T06:49:01,2026-04-28T06:49:01,1
121154,4163,99,HU,1063,HB,,Szerep,full,,,magyar-posta-via-ferenci-tamas,,2026-04-28T06:49:01,2026-04-28T06:49:01,1
121155,4164,99,HU,1063,HB,,Bakonszeg,full,,,magyar-posta-via-ferenci-tamas,,2026-04-28T06:49:01,2026-04-28T06:49:01,1
121156,4171,99,HU,1063,HB,,Sárrétudvari,full,,,magyar-posta-via-ferenci-tamas,,2026-04-28T06:49:01,2026-04-28T06:49:01,1
121157,4172,99,HU,1063,HB,,Biharnagybajom,full,,,magyar-posta-via-ferenci-tamas,,2026-04-28T06:49:01,2026-04-28T06:49:01,1
121158,4173,99,HU,1063,HB,,Nagyrábé,full,,,magyar-posta-via-ferenci-tamas,,2026-04-28T06:49:01,2026-04-28T06:49:01,1
121159,4174,99,HU,1063,HB,,Bihartorda,full,,,magyar-posta-via-ferenci-tamas,,2026-04-28T06:49:01,2026-04-28T06:49:01,1
121160,4175,99,HU,1063,HB,,Bihardancsháza,full,,,magyar-posta-via-ferenci-tamas,,2026-04-28T06:49:01,2026-04-28T06:49:01,1
121161,4176,99,HU,1063,HB,,Sáp,full,,,magyar-posta-via-ferenci-tamas,,2026-04-28T06:49:01,2026-04-28T06:49:01,1
121162,4177,99,HU,1063,HB,,Földes,full,,,magyar-posta-via-ferenci-tamas,,2026-04-28T06:49:01,2026-04-28T06:49:01,1
121163,4181,99,HU,1063,HB,,Nádudvar,full,,,magyar-posta-via-ferenci-tamas,,2026-04-28T06:49:01,2026-04-28T06:49:01,1
121164,4183,99,HU,1063,HB,,Kaba,full,,,magyar-posta-via-ferenci-tamas,,2026-04-28T06:49:01,2026-04-28T06:49:01,1
121165,4184,99,HU,1063,HB,,Tetétlen,full,,,magyar-posta-via-ferenci-tamas,,2026-04-28T06:49:01,2026-04-28T06:49:01,1
121166,4200,99,HU,1063,HB,,Hajdúszoboszló,full,,,magyar-posta-via-ferenci-tamas,,2026-04-28T06:49:01,2026-04-28T06:49:01,1
121167,4211,99,HU,1063,HB,,Ebes,full,,,magyar-posta-via-ferenci-tamas,,2026-04-28T06:49:01,2026-04-28T06:49:01,1
121168,4212,99,HU,1063,HB,,Hajdúszovát,full,,,magyar-posta-via-ferenci-tamas,,2026-04-28T06:49:01,2026-04-28T06:49:01,1
121169,4220,99,HU,1063,HB,,Hajdúböszörmény,full,,,magyar-posta-via-ferenci-tamas,,2026-04-28T06:49:01,2026-04-28T06:49:01,1
121170,4224,99,HU,1063,HB,,"Hajdúböszörmény, Bodaszőlő",full,,,magyar-posta-via-ferenci-tamas,,2026-04-28T06:49:01,2026-04-28T06:49:01,1
121171,4225,99,HU,1063,HB,,Debrecen,full,,,magyar-posta-via-ferenci-tamas,,2026-04-28T06:49:01,2026-04-28T06:49:01,1
121172,4231,99,HU,1045,SZ,,Bököny,full,,,magyar-posta-via-ferenci-tamas,,2026-04-28T06:49:01,2026-04-28T06:49:01,1
121173,4232,99,HU,1045,SZ,,Geszteréd,full,,,magyar-posta-via-ferenci-tamas,,2026-04-28T06:49:01,2026-04-28T06:49:01,1
121174,4233,99,HU,1045,SZ,,Balkány,full,,,magyar-posta-via-ferenci-tamas,,2026-04-28T06:49:01,2026-04-28T06:49:01,1
121175,4234,99,HU,1045,SZ,,Szakoly,full,,,magyar-posta-via-ferenci-tamas,,2026-04-28T06:49:01,2026-04-28T06:49:01,1
121176,4235,99,HU,1045,SZ,,Biri,full,,,magyar-posta-via-ferenci-tamas,,2026-04-28T06:49:01,2026-04-28T06:49:01,1
121177,4241,99,HU,1063,HB,,Bocskaikert,full,,,magyar-posta-via-ferenci-tamas,,2026-04-28T06:49:01,2026-04-28T06:49:01,1
121178,4242,99,HU,1063,HB,,Hajdúhadház,full,,,magyar-posta-via-ferenci-tamas,,2026-04-28T06:49:01,2026-04-28T06:49:01,1
121179,4243,99,HU,1063,HB,,Téglás,full,,,magyar-posta-via-ferenci-tamas,,2026-04-28T06:49:01,2026-04-28T06:49:01,1
121180,4244,99,HU,1045,SZ,,Újfehértó,full,,,magyar-posta-via-ferenci-tamas,,2026-04-28T06:49:01,2026-04-28T06:49:01,1
121181,4245,99,HU,1045,SZ,,Érpatak,full,,,magyar-posta-via-ferenci-tamas,,2026-04-28T06:49:01,2026-04-28T06:49:01,1
121182,4246,99,HU,1045,SZ,,"Nyíregyháza, Butykatelep",full,,,magyar-posta-via-ferenci-tamas,,2026-04-28T06:49:01,2026-04-28T06:49:01,1
121183,4251,99,HU,1063,HB,,Hajdúsámson,full,,,magyar-posta-via-ferenci-tamas,,2026-04-28T06:49:01,2026-04-28T06:49:01,1
121184,4252,99,HU,1063,HB,,"Nyíradony, Tamásipuszta",full,,,magyar-posta-via-ferenci-tamas,,2026-04-28T06:49:01,2026-04-28T06:49:01,1
121185,4253,99,HU,1063,HB,,"Nyíradony, Aradványpuszta",full,,,magyar-posta-via-ferenci-tamas,,2026-04-28T06:49:01,2026-04-28T06:49:01,1
121186,4254,99,HU,1063,HB,,Nyíradony,full,,,magyar-posta-via-ferenci-tamas,,2026-04-28T06:49:01,2026-04-28T06:49:01,1
121187,4262,99,HU,1063,HB,,Nyíracsád,full,,,magyar-posta-via-ferenci-tamas,,2026-04-28T06:49:01,2026-04-28T06:49:01,1
121188,4263,99,HU,1063,HB,,Nyírmártonfalva,full,,,magyar-posta-via-ferenci-tamas,,2026-04-28T06:49:01,2026-04-28T06:49:01,1
121189,4264,99,HU,1063,HB,,Nyírábrány,full,,,magyar-posta-via-ferenci-tamas,,2026-04-28T06:49:01,2026-04-28T06:49:01,1
121190,4266,99,HU,1063,HB,,Fülöp,full,,,magyar-posta-via-ferenci-tamas,,2026-04-28T06:49:01,2026-04-28T06:49:01,1
121191,4267,99,HU,1045,SZ,,Penészlek,full,,,magyar-posta-via-ferenci-tamas,,2026-04-28T06:49:01,2026-04-28T06:49:01,1
121192,4271,99,HU,1063,HB,,Mikepércs,full,,,magyar-posta-via-ferenci-tamas,,2026-04-28T06:49:01,2026-04-28T06:49:01,1
121193,4272,99,HU,1063,HB,,Sáránd,full,,,magyar-posta-via-ferenci-tamas,,2026-04-28T06:49:01,2026-04-28T06:49:01,1
121194,4273,99,HU,1063,HB,,Hajdúbagos,full,,,magyar-posta-via-ferenci-tamas,,2026-04-28T06:49:01,2026-04-28T06:49:01,1
121195,4274,99,HU,1063,HB,,Hosszúpályi,full,,,magyar-posta-via-ferenci-tamas,,2026-04-28T06:49:01,2026-04-28T06:49:01,1
121196,4275,99,HU,1063,HB,,Monostorpályi,full,,,magyar-posta-via-ferenci-tamas,,2026-04-28T06:49:01,2026-04-28T06:49:01,1
121197,4281,99,HU,1063,HB,,"Létavértes, Nagyléta",full,,,magyar-posta-via-ferenci-tamas,,2026-04-28T06:49:01,2026-04-28T06:49:01,1
121198,4283,99,HU,1063,HB,,"Létavértes, Vértes",full,,,magyar-posta-via-ferenci-tamas,,2026-04-28T06:49:01,2026-04-28T06:49:01,1
121199,4284,99,HU,1063,HB,,Kokad,full,,,magyar-posta-via-ferenci-tamas,,2026-04-28T06:49:01,2026-04-28T06:49:01,1
121200,4285,99,HU,1063,HB,,Álmosd,full,,,magyar-posta-via-ferenci-tamas,,2026-04-28T06:49:01,2026-04-28T06:49:01,1
121201,4286,99,HU,1063,HB,,Bagamér,full,,,magyar-posta-via-ferenci-tamas,,2026-04-28T06:49:01,2026-04-28T06:49:01,1
121202,4287,99,HU,1063,HB,,Vámospércs,full,,,magyar-posta-via-ferenci-tamas,,2026-04-28T06:49:01,2026-04-28T06:49:01,1
121203,4288,99,HU,1063,HB,,Újléta,full,,,magyar-posta-via-ferenci-tamas,,2026-04-28T06:49:01,2026-04-28T06:49:01,1
121204,4300,99,HU,1045,SZ,,Nyírbátor,full,,,magyar-posta-via-ferenci-tamas,,2026-04-28T06:49:01,2026-04-28T06:49:01,1
121205,4311,99,HU,1045,SZ,,Nyírgyulaj,full,,,magyar-posta-via-ferenci-tamas,,2026-04-28T06:49:01,2026-04-28T06:49:01,1
121206,4320,99,HU,1045,SZ,,Nagykálló,full,,,magyar-posta-via-ferenci-tamas,,2026-04-28T06:49:01,2026-04-28T06:49:01,1
121207,4324,99,HU,1045,SZ,,Kállósemjén,full,,,magyar-posta-via-ferenci-tamas,,2026-04-28T06:49:01,2026-04-28T06:49:01,1
121208,4325,99,HU,1045,SZ,,Kisléta,full,,,magyar-posta-via-ferenci-tamas,,2026-04-28T06:49:01,2026-04-28T06:49:01,1
121209,4326,99,HU,1045,SZ,,Máriapócs,full,,,magyar-posta-via-ferenci-tamas,,2026-04-28T06:49:01,2026-04-28T06:49:01,1
121210,4327,99,HU,1045,SZ,,Pócspetri,full,,,magyar-posta-via-ferenci-tamas,,2026-04-28T06:49:01,2026-04-28T06:49:01,1
121211,4331,99,HU,1045,SZ,,Nyírcsászári,full,,,magyar-posta-via-ferenci-tamas,,2026-04-28T06:49:01,2026-04-28T06:49:01,1
121212,4332,99,HU,1045,SZ,,Nyírderzs,full,,,magyar-posta-via-ferenci-tamas,,2026-04-28T06:49:01,2026-04-28T06:49:01,1
121213,4333,99,HU,1045,SZ,,Nyírkáta,full,,,magyar-posta-via-ferenci-tamas,,2026-04-28T06:49:01,2026-04-28T06:49:01,1
121214,4334,99,HU,1045,SZ,,Hodász,full,,,magyar-posta-via-ferenci-tamas,,2026-04-28T06:49:01,2026-04-28T06:49:01,1
121215,4335,99,HU,1045,SZ,,Kántorjánosi,full,,,magyar-posta-via-ferenci-tamas,,2026-04-28T06:49:01,2026-04-28T06:49:01,1
121216,4336,99,HU,1045,SZ,,Őr,full,,,magyar-posta-via-ferenci-tamas,,2026-04-28T06:49:01,2026-04-28T06:49:01,1
121217,4337,99,HU,1045,SZ,,Jármi,full,,,magyar-posta-via-ferenci-tamas,,2026-04-28T06:49:01,2026-04-28T06:49:01,1
121218,4338,99,HU,1045,SZ,,Papos,full,,,magyar-posta-via-ferenci-tamas,,2026-04-28T06:49:01,2026-04-28T06:49:01,1
121219,4341,99,HU,1045,SZ,,Nyírvasvári,full,,,magyar-posta-via-ferenci-tamas,,2026-04-28T06:49:01,2026-04-28T06:49:01,1
121220,4342,99,HU,1045,SZ,,Terem,full,,,magyar-posta-via-ferenci-tamas,,2026-04-28T06:49:01,2026-04-28T06:49:01,1
121221,4343,99,HU,1045,SZ,,Bátorliget,full,,,magyar-posta-via-ferenci-tamas,,2026-04-28T06:49:01,2026-04-28T06:49:01,1
121222,4351,99,HU,1045,SZ,,Vállaj,full,,,magyar-posta-via-ferenci-tamas,,2026-04-28T06:49:01,2026-04-28T06:49:01,1
121223,4352,99,HU,1045,SZ,,Mérk,full,,,magyar-posta-via-ferenci-tamas,,2026-04-28T06:49:01,2026-04-28T06:49:01,1
121224,4353,99,HU,1045,SZ,,Tiborszállás,full,,,magyar-posta-via-ferenci-tamas,,2026-04-28T06:49:01,2026-04-28T06:49:01,1
121225,4354,99,HU,1045,SZ,,Fábiánháza,full,,,magyar-posta-via-ferenci-tamas,,2026-04-28T06:49:01,2026-04-28T06:49:01,1
121226,4355,99,HU,1045,SZ,,Nagyecsed,full,,,magyar-posta-via-ferenci-tamas,,2026-04-28T06:49:01,2026-04-28T06:49:01,1
121227,4356,99,HU,1045,SZ,,Nyírcsaholy,full,,,magyar-posta-via-ferenci-tamas,,2026-04-28T06:49:01,2026-04-28T06:49:01,1
121228,4361,99,HU,1045,SZ,,Nyírbogát,full,,,magyar-posta-via-ferenci-tamas,,2026-04-28T06:49:01,2026-04-28T06:49:01,1
121229,4362,99,HU,1045,SZ,,Nyírgelse,full,,,magyar-posta-via-ferenci-tamas,,2026-04-28T06:49:01,2026-04-28T06:49:01,1
121230,4363,99,HU,1045,SZ,,Nyírmihálydi,full,,,magyar-posta-via-ferenci-tamas,,2026-04-28T06:49:01,2026-04-28T06:49:01,1
121231,4371,99,HU,1045,SZ,,Nyírlugos,full,,,magyar-posta-via-ferenci-tamas,,2026-04-28T06:49:01,2026-04-28T06:49:01,1
121232,4372,99,HU,1045,SZ,,Nyírbéltek,full,,,magyar-posta-via-ferenci-tamas,,2026-04-28T06:49:01,2026-04-28T06:49:01,1
121233,4373,99,HU,1045,SZ,,Ömböly,full,,,magyar-posta-via-ferenci-tamas,,2026-04-28T06:49:01,2026-04-28T06:49:01,1
121234,4374,99,HU,1045,SZ,,Encsencs,full,,,magyar-posta-via-ferenci-tamas,,2026-04-28T06:49:01,2026-04-28T06:49:01,1
121235,4375,99,HU,1045,SZ,,Piricse,full,,,magyar-posta-via-ferenci-tamas,,2026-04-28T06:49:01,2026-04-28T06:49:01,1
121236,4376,99,HU,1045,SZ,,Nyírpilis,full,,,magyar-posta-via-ferenci-tamas,,2026-04-28T06:49:01,2026-04-28T06:49:01,1
121237,4400,99,HU,1045,SZ,,Nyíregyháza,full,,,magyar-posta-via-ferenci-tamas,,2026-04-28T06:49:01,2026-04-28T06:49:01,1
121238,4405,99,HU,1045,SZ,,"Nyíregyháza, Borbánya",full,,,magyar-posta-via-ferenci-tamas,,2026-04-28T06:49:01,2026-04-28T06:49:01,1
121239,4431,99,HU,1045,SZ,,"Nyíregyháza, Sóstófürdő",full,,,magyar-posta-via-ferenci-tamas,,2026-04-28T06:49:01,2026-04-28T06:49:01,1
121240,4432,99,HU,1045,SZ,,"Nyíregyháza, Nyírszőlős",full,,,magyar-posta-via-ferenci-tamas,,2026-04-28T06:49:01,2026-04-28T06:49:01,1
121241,4433,99,HU,1045,SZ,,"Nyíregyháza, Felsősima",full,,,magyar-posta-via-ferenci-tamas,,2026-04-28T06:49:01,2026-04-28T06:49:01,1
121242,4434,99,HU,1045,SZ,,Kálmánháza,full,,,magyar-posta-via-ferenci-tamas,,2026-04-28T06:49:01,2026-04-28T06:49:01,1
121243,4440,99,HU,1045,SZ,,Tiszavasvári,full,,,magyar-posta-via-ferenci-tamas,,2026-04-28T06:49:01,2026-04-28T06:49:01,1
121244,4441,99,HU,1045,SZ,,Szorgalmatos,full,,,magyar-posta-via-ferenci-tamas,,2026-04-28T06:49:01,2026-04-28T06:49:01,1
121245,4445,99,HU,1045,SZ,,Nagycserkesz,full,,,magyar-posta-via-ferenci-tamas,,2026-04-28T06:49:01,2026-04-28T06:49:01,1
121246,4446,99,HU,1045,SZ,,"Tiszaeszlár, Bashalom",full,,,magyar-posta-via-ferenci-tamas,,2026-04-28T06:49:01,2026-04-28T06:49:01,1
121247,4447,99,HU,1045,SZ,,"Tiszalök, Kisfástanya",full,,,magyar-posta-via-ferenci-tamas,,2026-04-28T06:49:01,2026-04-28T06:49:01,1
121248,4450,99,HU,1045,SZ,,Tiszalök,full,,,magyar-posta-via-ferenci-tamas,,2026-04-28T06:49:01,2026-04-28T06:49:01,1
121249,4455,99,HU,1045,SZ,,Tiszadada,full,,,magyar-posta-via-ferenci-tamas,,2026-04-28T06:49:01,2026-04-28T06:49:01,1
121250,4456,99,HU,1045,SZ,,Tiszadob,full,,,magyar-posta-via-ferenci-tamas,,2026-04-28T06:49:01,2026-04-28T06:49:01,1
121251,4461,99,HU,1045,SZ,,Nyírtelek,full,,,magyar-posta-via-ferenci-tamas,,2026-04-28T06:49:01,2026-04-28T06:49:01,1
121252,4463,99,HU,1045,SZ,,Tiszanagyfalu,full,,,magyar-posta-via-ferenci-tamas,,2026-04-28T06:49:01,2026-04-28T06:49:01,1
121253,4464,99,HU,1045,SZ,,Tiszaeszlár,full,,,magyar-posta-via-ferenci-tamas,,2026-04-28T06:49:01,2026-04-28T06:49:01,1
121254,4465,99,HU,1045,SZ,,Rakamaz,full,,,magyar-posta-via-ferenci-tamas,,2026-04-28T06:49:01,2026-04-28T06:49:01,1
121255,4466,99,HU,1045,SZ,,Timár,full,,,magyar-posta-via-ferenci-tamas,,2026-04-28T06:49:01,2026-04-28T06:49:01,1
121256,4467,99,HU,1045,SZ,,Szabolcs,full,,,magyar-posta-via-ferenci-tamas,,2026-04-28T06:49:01,2026-04-28T06:49:01,1
121257,4468,99,HU,1045,SZ,,Balsa,full,,,magyar-posta-via-ferenci-tamas,,2026-04-28T06:49:01,2026-04-28T06:49:01,1
121258,4471,99,HU,1045,SZ,,"Gávavencsellő, Gáva",full,,,magyar-posta-via-ferenci-tamas,,2026-04-28T06:49:01,2026-04-28T06:49:01,1
121259,4472,99,HU,1045,SZ,,"Gávavencsellő, Vencsellő",full,,,magyar-posta-via-ferenci-tamas,,2026-04-28T06:49:01,2026-04-28T06:49:01,1
121260,4474,99,HU,1045,SZ,,Tiszabercel,full,,,magyar-posta-via-ferenci-tamas,,2026-04-28T06:49:01,2026-04-28T06:49:01,1
121261,4475,99,HU,1045,SZ,,Paszab,full,,,magyar-posta-via-ferenci-tamas,,2026-04-28T06:49:01,2026-04-28T06:49:01,1
121262,4481,99,HU,1045,SZ,,"Nyíregyháza, Sóstóhegy",full,,,magyar-posta-via-ferenci-tamas,,2026-04-28T06:49:01,2026-04-28T06:49:01,1
121263,4482,99,HU,1045,SZ,,Kótaj,full,,,magyar-posta-via-ferenci-tamas,,2026-04-28T06:49:01,2026-04-28T06:49:01,1
121264,4483,99,HU,1045,SZ,,Buj,full,,,magyar-posta-via-ferenci-tamas,,2026-04-28T06:49:01,2026-04-28T06:49:01,1
121265,4484,99,HU,1045,SZ,,Ibrány,full,,,magyar-posta-via-ferenci-tamas,,2026-04-28T06:49:01,2026-04-28T06:49:01,1
121266,4485,99,HU,1045,SZ,,Nagyhalász,full,,,magyar-posta-via-ferenci-tamas,,2026-04-28T06:49:01,2026-04-28T06:49:01,1
121267,4486,99,HU,1045,SZ,,"Tiszatelek, Kétérköz",full,,,magyar-posta-via-ferenci-tamas,,2026-04-28T06:49:01,2026-04-28T06:49:01,1
121268,4487,99,HU,1045,SZ,,Tiszatelek,full,,,magyar-posta-via-ferenci-tamas,,2026-04-28T06:49:01,2026-04-28T06:49:01,1
121269,4488,99,HU,1045,SZ,,Beszterec,full,,,magyar-posta-via-ferenci-tamas,,2026-04-28T06:49:01,2026-04-28T06:49:01,1
121270,4491,99,HU,1045,SZ,,Újdombrád,full,,,magyar-posta-via-ferenci-tamas,,2026-04-28T06:49:01,2026-04-28T06:49:01,1
121271,4492,99,HU,1045,SZ,,Dombrád,full,,,magyar-posta-via-ferenci-tamas,,2026-04-28T06:49:01,2026-04-28T06:49:01,1
121272,4493,99,HU,1045,SZ,,Tiszakanyár,full,,,magyar-posta-via-ferenci-tamas,,2026-04-28T06:49:01,2026-04-28T06:49:01,1
121273,4494,99,HU,1045,SZ,,Kékcse,full,,,magyar-posta-via-ferenci-tamas,,2026-04-28T06:49:01,2026-04-28T06:49:01,1
121274,4495,99,HU,1045,SZ,,Döge,full,,,magyar-posta-via-ferenci-tamas,,2026-04-28T06:49:01,2026-04-28T06:49:01,1
121275,4496,99,HU,1045,SZ,,Szabolcsveresmart,full,,,magyar-posta-via-ferenci-tamas,,2026-04-28T06:49:01,2026-04-28T06:49:01,1
121276,4501,99,HU,1045,SZ,,Kemecse,full,,,magyar-posta-via-ferenci-tamas,,2026-04-28T06:49:01,2026-04-28T06:49:01,1
121277,4502,99,HU,1045,SZ,,Vasmegyer,full,,,magyar-posta-via-ferenci-tamas,,2026-04-28T06:49:01,2026-04-28T06:49:01,1
121278,4503,99,HU,1045,SZ,,Tiszarád,full,,,magyar-posta-via-ferenci-tamas,,2026-04-28T06:49:01,2026-04-28T06:49:01,1
121279,4511,99,HU,1045,SZ,,Nyírbogdány,full,,,magyar-posta-via-ferenci-tamas,,2026-04-28T06:49:01,2026-04-28T06:49:01,1
121280,4515,99,HU,1045,SZ,,Kék,full,,,magyar-posta-via-ferenci-tamas,,2026-04-28T06:49:01,2026-04-28T06:49:01,1
121281,4516,99,HU,1045,SZ,,Demecser,full,,,magyar-posta-via-ferenci-tamas,,2026-04-28T06:49:01,2026-04-28T06:49:01,1
121282,4517,99,HU,1045,SZ,,Gégény,full,,,magyar-posta-via-ferenci-tamas,,2026-04-28T06:49:01,2026-04-28T06:49:01,1
121283,4521,99,HU,1045,SZ,,Berkesz,full,,,magyar-posta-via-ferenci-tamas,,2026-04-28T06:49:01,2026-04-28T06:49:01,1
121284,4522,99,HU,1045,SZ,,Nyírtass,full,,,magyar-posta-via-ferenci-tamas,,2026-04-28T06:49:01,2026-04-28T06:49:01,1
121285,4523,99,HU,1045,SZ,,Pátroha,full,,,magyar-posta-via-ferenci-tamas,,2026-04-28T06:49:01,2026-04-28T06:49:01,1
121286,4524,99,HU,1045,SZ,,Ajak,full,,,magyar-posta-via-ferenci-tamas,,2026-04-28T06:49:01,2026-04-28T06:49:01,1
121287,4525,99,HU,1045,SZ,,Rétközberencs,full,,,magyar-posta-via-ferenci-tamas,,2026-04-28T06:49:01,2026-04-28T06:49:01,1
121288,4531,99,HU,1045,SZ,,Nyírpazony,full,,,magyar-posta-via-ferenci-tamas,,2026-04-28T06:49:01,2026-04-28T06:49:01,1
121289,4532,99,HU,1045,SZ,,Nyírtura,full,,,magyar-posta-via-ferenci-tamas,,2026-04-28T06:49:01,2026-04-28T06:49:01,1
121290,4533,99,HU,1045,SZ,,Sényő,full,,,magyar-posta-via-ferenci-tamas,,2026-04-28T06:49:01,2026-04-28T06:49:01,1
121291,4534,99,HU,1045,SZ,,Székely,full,,,magyar-posta-via-ferenci-tamas,,2026-04-28T06:49:01,2026-04-28T06:49:01,1
121292,4535,99,HU,1045,SZ,,Nyíribrony,full,,,magyar-posta-via-ferenci-tamas,,2026-04-28T06:49:01,2026-04-28T06:49:01,1
121293,4536,99,HU,1045,SZ,,Ramocsaháza,full,,,magyar-posta-via-ferenci-tamas,,2026-04-28T06:49:01,2026-04-28T06:49:01,1
121294,4537,99,HU,1045,SZ,,Nyírkércs,full,,,magyar-posta-via-ferenci-tamas,,2026-04-28T06:49:01,2026-04-28T06:49:01,1
121295,4541,99,HU,1045,SZ,,Nyírjákó,full,,,magyar-posta-via-ferenci-tamas,,2026-04-28T06:49:01,2026-04-28T06:49:01,1
121296,4542,99,HU,1045,SZ,,Petneháza,full,,,magyar-posta-via-ferenci-tamas,,2026-04-28T06:49:01,2026-04-28T06:49:01,1
121297,4543,99,HU,1045,SZ,,Laskod,full,,,magyar-posta-via-ferenci-tamas,,2026-04-28T06:49:01,2026-04-28T06:49:01,1
121298,4544,99,HU,1045,SZ,,Nyírkarász,full,,,magyar-posta-via-ferenci-tamas,,2026-04-28T06:49:01,2026-04-28T06:49:01,1
121299,4545,99,HU,1045,SZ,,Gyulaháza,full,,,magyar-posta-via-ferenci-tamas,,2026-04-28T06:49:01,2026-04-28T06:49:01,1
121300,4546,99,HU,1045,SZ,,Anarcs,full,,,magyar-posta-via-ferenci-tamas,,2026-04-28T06:49:01,2026-04-28T06:49:01,1
121301,4547,99,HU,1045,SZ,,Szabolcsbáka,full,,,magyar-posta-via-ferenci-tamas,,2026-04-28T06:49:01,2026-04-28T06:49:01,1
121302,4551,99,HU,1045,SZ,,"Nyíregyháza, Oros",full,,,magyar-posta-via-ferenci-tamas,,2026-04-28T06:49:01,2026-04-28T06:49:01,1
121303,4552,99,HU,1045,SZ,,Napkor,full,,,magyar-posta-via-ferenci-tamas,,2026-04-28T06:49:01,2026-04-28T06:49:01,1
121304,4553,99,HU,1045,SZ,,Apagy,full,,,magyar-posta-via-ferenci-tamas,,2026-04-28T06:49:01,2026-04-28T06:49:01,1
121305,4554,99,HU,1045,SZ,,Nyírtét,full,,,magyar-posta-via-ferenci-tamas,,2026-04-28T06:49:01,2026-04-28T06:49:01,1
121306,4555,99,HU,1045,SZ,,Levelek,full,,,magyar-posta-via-ferenci-tamas,,2026-04-28T06:49:01,2026-04-28T06:49:01,1
121307,4556,99,HU,1045,SZ,,Magy,full,,,magyar-posta-via-ferenci-tamas,,2026-04-28T06:49:01,2026-04-28T06:49:01,1
121308,4557,99,HU,1045,SZ,,Besenyőd,full,,,magyar-posta-via-ferenci-tamas,,2026-04-28T06:49:01,2026-04-28T06:49:01,1
121309,4558,99,HU,1045,SZ,,Ófehértó,full,,,magyar-posta-via-ferenci-tamas,,2026-04-28T06:49:01,2026-04-28T06:49:01,1
121310,4561,99,HU,1045,SZ,,Baktalórántháza,full,,,magyar-posta-via-ferenci-tamas,,2026-04-28T06:49:01,2026-04-28T06:49:01,1
121311,4562,99,HU,1045,SZ,,Vaja,full,,,magyar-posta-via-ferenci-tamas,,2026-04-28T06:49:01,2026-04-28T06:49:01,1
121312,4563,99,HU,1045,SZ,,Rohod,full,,,magyar-posta-via-ferenci-tamas,,2026-04-28T06:49:01,2026-04-28T06:49:01,1
121313,4564,99,HU,1045,SZ,,Nyírmada,full,,,magyar-posta-via-ferenci-tamas,,2026-04-28T06:49:01,2026-04-28T06:49:01,1
121314,4565,99,HU,1045,SZ,,Pusztadobos,full,,,magyar-posta-via-ferenci-tamas,,2026-04-28T06:49:01,2026-04-28T06:49:01,1
121315,4566,99,HU,1045,SZ,,Ilk,full,,,magyar-posta-via-ferenci-tamas,,2026-04-28T06:49:01,2026-04-28T06:49:01,1
121316,4567,99,HU,1045,SZ,,Gemzse,full,,,magyar-posta-via-ferenci-tamas,,2026-04-28T06:49:01,2026-04-28T06:49:01,1
121317,4600,99,HU,1045,SZ,,Kisvárda,full,,,magyar-posta-via-ferenci-tamas,,2026-04-28T06:49:01,2026-04-28T06:49:01,1
121318,4611,99,HU,1045,SZ,,Jéke,full,,,magyar-posta-via-ferenci-tamas,,2026-04-28T06:49:01,2026-04-28T06:49:01,1
121319,4621,99,HU,1045,SZ,,Fényeslitke,full,,,magyar-posta-via-ferenci-tamas,,2026-04-28T06:49:01,2026-04-28T06:49:01,1
121320,4622,99,HU,1045,SZ,,Komoró,full,,,magyar-posta-via-ferenci-tamas,,2026-04-28T06:49:01,2026-04-28T06:49:01,1
121321,4623,99,HU,1045,SZ,,Tuzsér,full,,,magyar-posta-via-ferenci-tamas,,2026-04-28T06:49:01,2026-04-28T06:49:01,1
121322,4624,99,HU,1045,SZ,,Tiszabezdéd,full,,,magyar-posta-via-ferenci-tamas,,2026-04-28T06:49:01,2026-04-28T06:49:01,1
121323,4625,99,HU,1045,SZ,,Győröcske,full,,,magyar-posta-via-ferenci-tamas,,2026-04-28T06:49:01,2026-04-28T06:49:01,1
121324,4625,99,HU,1045,SZ,,Záhony,full,,,magyar-posta-via-ferenci-tamas,,2026-04-28T06:49:01,2026-04-28T06:49:01,1
121325,4627,99,HU,1045,SZ,,Zsurk,full,,,magyar-posta-via-ferenci-tamas,,2026-04-28T06:49:01,2026-04-28T06:49:01,1
121326,4628,99,HU,1045,SZ,,Tiszaszentmárton,full,,,magyar-posta-via-ferenci-tamas,,2026-04-28T06:49:01,2026-04-28T06:49:01,1
121327,4631,99,HU,1045,SZ,,Pap,full,,,magyar-posta-via-ferenci-tamas,,2026-04-28T06:49:01,2026-04-28T06:49:01,1
121328,4632,99,HU,1045,SZ,,Nyírlövő,full,,,magyar-posta-via-ferenci-tamas,,2026-04-28T06:49:01,2026-04-28T06:49:01,1
121329,4633,99,HU,1045,SZ,,Lövőpetri,full,,,magyar-posta-via-ferenci-tamas,,2026-04-28T06:49:01,2026-04-28T06:49:01,1
121330,4634,99,HU,1045,SZ,,Aranyosapáti,full,,,magyar-posta-via-ferenci-tamas,,2026-04-28T06:49:01,2026-04-28T06:49:01,1
121331,4635,99,HU,1045,SZ,,Újkenéz,full,,,magyar-posta-via-ferenci-tamas,,2026-04-28T06:49:01,2026-04-28T06:49:01,1
121332,4641,99,HU,1045,SZ,,Mezőladány,full,,,magyar-posta-via-ferenci-tamas,,2026-04-28T06:49:01,2026-04-28T06:49:01,1
121333,4642,99,HU,1045,SZ,,Tornyospálca,full,,,magyar-posta-via-ferenci-tamas,,2026-04-28T06:49:01,2026-04-28T06:49:01,1
121334,4643,99,HU,1045,SZ,,Benk,full,,,magyar-posta-via-ferenci-tamas,,2026-04-28T06:49:01,2026-04-28T06:49:01,1
121335,4644,99,HU,1045,SZ,,Mándok,full,,,magyar-posta-via-ferenci-tamas,,2026-04-28T06:49:01,2026-04-28T06:49:01,1
121336,4645,99,HU,1045,SZ,,Tiszamogyorós,full,,,magyar-posta-via-ferenci-tamas,,2026-04-28T06:49:01,2026-04-28T06:49:01,1
121337,4646,99,HU,1045,SZ,,Eperjeske,full,,,magyar-posta-via-ferenci-tamas,,2026-04-28T06:49:01,2026-04-28T06:49:01,1
121338,4700,99,HU,1045,SZ,,Mátészalka,full,,,magyar-posta-via-ferenci-tamas,,2026-04-28T06:49:01,2026-04-28T06:49:01,1
121339,4721,99,HU,1045,SZ,,Szamoskér,full,,,magyar-posta-via-ferenci-tamas,,2026-04-28T06:49:01,2026-04-28T06:49:01,1
121340,4722,99,HU,1045,SZ,,Nyírmeggyes,full,,,magyar-posta-via-ferenci-tamas,,2026-04-28T06:49:01,2026-04-28T06:49:01,1
121341,4731,99,HU,1045,SZ,,Tunyogmatolcs,full,,,magyar-posta-via-ferenci-tamas,,2026-04-28T06:49:01,2026-04-28T06:49:01,1
121342,4732,99,HU,1045,SZ,,Cégénydányád,full,,,magyar-posta-via-ferenci-tamas,,2026-04-28T06:49:01,2026-04-28T06:49:01,1
121343,4733,99,HU,1045,SZ,,Gyügye,full,,,magyar-posta-via-ferenci-tamas,,2026-04-28T06:49:01,2026-04-28T06:49:01,1
121344,4734,99,HU,1045,SZ,,Szamosújlak,full,,,magyar-posta-via-ferenci-tamas,,2026-04-28T06:49:01,2026-04-28T06:49:01,1
121345,4735,99,HU,1045,SZ,,Hermánszeg,full,,,magyar-posta-via-ferenci-tamas,,2026-04-28T06:49:01,2026-04-28T06:49:01,1
121346,4735,99,HU,1045,SZ,,Szamossályi,full,,,magyar-posta-via-ferenci-tamas,,2026-04-28T06:49:01,2026-04-28T06:49:01,1
121347,4737,99,HU,1045,SZ,,Darnó,full,,,magyar-posta-via-ferenci-tamas,,2026-04-28T06:49:01,2026-04-28T06:49:01,1
121348,4737,99,HU,1045,SZ,,Kisnamény,full,,,magyar-posta-via-ferenci-tamas,,2026-04-28T06:49:01,2026-04-28T06:49:01,1
121349,4741,99,HU,1045,SZ,,Jánkmajtis,full,,,magyar-posta-via-ferenci-tamas,,2026-04-28T06:49:01,2026-04-28T06:49:01,1
121350,4742,99,HU,1045,SZ,,Csegöld,full,,,magyar-posta-via-ferenci-tamas,,2026-04-28T06:49:01,2026-04-28T06:49:01,1
121351,4743,99,HU,1045,SZ,,Csengersima,full,,,magyar-posta-via-ferenci-tamas,,2026-04-28T06:49:01,2026-04-28T06:49:01,1
121352,4745,99,HU,1045,SZ,,Szamosbecs,full,,,magyar-posta-via-ferenci-tamas,,2026-04-28T06:49:01,2026-04-28T06:49:01,1
121353,4746,99,HU,1045,SZ,,Szamostatárfalva,full,,,magyar-posta-via-ferenci-tamas,,2026-04-28T06:49:01,2026-04-28T06:49:01,1
121354,4751,99,HU,1045,SZ,,Kocsord,full,,,magyar-posta-via-ferenci-tamas,,2026-04-28T06:49:01,2026-04-28T06:49:01,1
121355,4752,99,HU,1045,SZ,,Győrtelek,full,,,magyar-posta-via-ferenci-tamas,,2026-04-28T06:49:01,2026-04-28T06:49:01,1
121356,4754,99,HU,1045,SZ,,Fülpösdaróc,full,,,magyar-posta-via-ferenci-tamas,,2026-04-28T06:49:01,2026-04-28T06:49:01,1
121357,4754,99,HU,1045,SZ,,Géberjén,full,,,magyar-posta-via-ferenci-tamas,,2026-04-28T06:49:01,2026-04-28T06:49:01,1
121358,4755,99,HU,1045,SZ,,Ököritófülpös,full,,,magyar-posta-via-ferenci-tamas,,2026-04-28T06:49:01,2026-04-28T06:49:01,1
121359,4756,99,HU,1045,SZ,,Rápolt,full,,,magyar-posta-via-ferenci-tamas,,2026-04-28T06:49:01,2026-04-28T06:49:01,1
121360,4761,99,HU,1045,SZ,,Porcsalma,full,,,magyar-posta-via-ferenci-tamas,,2026-04-28T06:49:01,2026-04-28T06:49:01,1
121361,4762,99,HU,1045,SZ,,Tyukod,full,,,magyar-posta-via-ferenci-tamas,,2026-04-28T06:49:01,2026-04-28T06:49:01,1
121362,4763,99,HU,1045,SZ,,Ura,full,,,magyar-posta-via-ferenci-tamas,,2026-04-28T06:49:01,2026-04-28T06:49:01,1
121363,4764,99,HU,1045,SZ,,Csengerújfalu,full,,,magyar-posta-via-ferenci-tamas,,2026-04-28T06:49:01,2026-04-28T06:49:01,1
121364,4765,99,HU,1045,SZ,,Csenger,full,,,magyar-posta-via-ferenci-tamas,,2026-04-28T06:49:01,2026-04-28T06:49:01,1
121365,4765,99,HU,1045,SZ,,Komlódtótfalu,full,,,magyar-posta-via-ferenci-tamas,,2026-04-28T06:49:01,2026-04-28T06:49:01,1
121366,4766,99,HU,1045,SZ,,Pátyod,full,,,magyar-posta-via-ferenci-tamas,,2026-04-28T06:49:01,2026-04-28T06:49:01,1
121367,4767,99,HU,1045,SZ,,Szamosangyalos,full,,,magyar-posta-via-ferenci-tamas,,2026-04-28T06:49:01,2026-04-28T06:49:01,1
121368,4800,99,HU,1045,SZ,,Vásárosnamény,full,,,magyar-posta-via-ferenci-tamas,,2026-04-28T06:49:01,2026-04-28T06:49:01,1
121369,4803,99,HU,1045,SZ,,"Vásárosnamény, Gergelyiugornya",full,,,magyar-posta-via-ferenci-tamas,,2026-04-28T06:49:01,2026-04-28T06:49:01,1
121370,4804,99,HU,1045,SZ,,"Vásárosnamény, Vitka",full,,,magyar-posta-via-ferenci-tamas,,2026-04-28T06:49:01,2026-04-28T06:49:01,1
121371,4811,99,HU,1045,SZ,,Kisvarsány,full,,,magyar-posta-via-ferenci-tamas,,2026-04-28T06:49:01,2026-04-28T06:49:01,1
121372,4812,99,HU,1045,SZ,,Nagyvarsány,full,,,magyar-posta-via-ferenci-tamas,,2026-04-28T06:49:01,2026-04-28T06:49:01,1
121373,4813,99,HU,1045,SZ,,Gyüre,full,,,magyar-posta-via-ferenci-tamas,,2026-04-28T06:49:01,2026-04-28T06:49:01,1
121374,4821,99,HU,1045,SZ,,Ópályi,full,,,magyar-posta-via-ferenci-tamas,,2026-04-28T06:49:01,2026-04-28T06:49:01,1
121375,4822,99,HU,1045,SZ,,Nyírparasznya,full,,,magyar-posta-via-ferenci-tamas,,2026-04-28T06:49:01,2026-04-28T06:49:01,1
121376,4823,99,HU,1045,SZ,,Nagydobos,full,,,magyar-posta-via-ferenci-tamas,,2026-04-28T06:49:01,2026-04-28T06:49:01,1
121377,4824,99,HU,1045,SZ,,Szamosszeg,full,,,magyar-posta-via-ferenci-tamas,,2026-04-28T06:49:01,2026-04-28T06:49:01,1
121378,4826,99,HU,1045,SZ,,Olcsva,full,,,magyar-posta-via-ferenci-tamas,,2026-04-28T06:49:01,2026-04-28T06:49:01,1
121379,4831,99,HU,1045,SZ,,Tiszaszalka,full,,,magyar-posta-via-ferenci-tamas,,2026-04-28T06:49:01,2026-04-28T06:49:01,1
121380,4832,99,HU,1045,SZ,,Tiszavid,full,,,magyar-posta-via-ferenci-tamas,,2026-04-28T06:49:01,2026-04-28T06:49:01,1
121381,4833,99,HU,1045,SZ,,Tiszaadony,full,,,magyar-posta-via-ferenci-tamas,,2026-04-28T06:49:01,2026-04-28T06:49:01,1
121382,4834,99,HU,1045,SZ,,Tiszakerecseny,full,,,magyar-posta-via-ferenci-tamas,,2026-04-28T06:49:01,2026-04-28T06:49:01,1
121383,4835,99,HU,1045,SZ,,Mátyus,full,,,magyar-posta-via-ferenci-tamas,,2026-04-28T06:49:01,2026-04-28T06:49:01,1
121384,4836,99,HU,1045,SZ,,Lónya,full,,,magyar-posta-via-ferenci-tamas,,2026-04-28T06:49:01,2026-04-28T06:49:01,1
121385,4841,99,HU,1045,SZ,,Jánd,full,,,magyar-posta-via-ferenci-tamas,,2026-04-28T06:49:01,2026-04-28T06:49:01,1
121386,4842,99,HU,1045,SZ,,Gulács,full,,,magyar-posta-via-ferenci-tamas,,2026-04-28T06:49:01,2026-04-28T06:49:01,1
121387,4843,99,HU,1045,SZ,,Hetefejércse,full,,,magyar-posta-via-ferenci-tamas,,2026-04-28T06:49:01,2026-04-28T06:49:01,1
121388,4844,99,HU,1045,SZ,,Csaroda,full,,,magyar-posta-via-ferenci-tamas,,2026-04-28T06:49:01,2026-04-28T06:49:01,1
121389,4845,99,HU,1045,SZ,,Tákos,full,,,magyar-posta-via-ferenci-tamas,,2026-04-28T06:49:01,2026-04-28T06:49:01,1
121390,4900,99,HU,1045,SZ,,Fehérgyarmat,full,,,magyar-posta-via-ferenci-tamas,,2026-04-28T06:49:01,2026-04-28T06:49:01,1
121391,4911,99,HU,1045,SZ,,Nábrád,full,,,magyar-posta-via-ferenci-tamas,,2026-04-28T06:49:01,2026-04-28T06:49:01,1
121392,4912,99,HU,1045,SZ,,Kérsemjén,full,,,magyar-posta-via-ferenci-tamas,,2026-04-28T06:49:01,2026-04-28T06:49:01,1
121393,4913,99,HU,1045,SZ,,Panyola,full,,,magyar-posta-via-ferenci-tamas,,2026-04-28T06:49:01,2026-04-28T06:49:01,1
121394,4914,99,HU,1045,SZ,,Olcsvaapáti,full,,,magyar-posta-via-ferenci-tamas,,2026-04-28T06:49:01,2026-04-28T06:49:01,1
121395,4921,99,HU,1045,SZ,,Kisar,full,,,magyar-posta-via-ferenci-tamas,,2026-04-28T06:49:01,2026-04-28T06:49:01,1
121396,4921,99,HU,1045,SZ,,Tivadar,full,,,magyar-posta-via-ferenci-tamas,,2026-04-28T06:49:01,2026-04-28T06:49:01,1
121397,4922,99,HU,1045,SZ,,Nagyar,full,,,magyar-posta-via-ferenci-tamas,,2026-04-28T06:49:01,2026-04-28T06:49:01,1
121398,4931,99,HU,1045,SZ,,Tarpa,full,,,magyar-posta-via-ferenci-tamas,,2026-04-28T06:49:01,2026-04-28T06:49:01,1
121399,4932,99,HU,1045,SZ,,Márokpapi,full,,,magyar-posta-via-ferenci-tamas,,2026-04-28T06:49:01,2026-04-28T06:49:01,1
121400,4933,99,HU,1045,SZ,,Beregsurány,full,,,magyar-posta-via-ferenci-tamas,,2026-04-28T06:49:01,2026-04-28T06:49:01,1
121401,4934,99,HU,1045,SZ,,Beregdaróc,full,,,magyar-posta-via-ferenci-tamas,,2026-04-28T06:49:01,2026-04-28T06:49:01,1
121402,4935,99,HU,1045,SZ,,Gelénes,full,,,magyar-posta-via-ferenci-tamas,,2026-04-28T06:49:01,2026-04-28T06:49:01,1
121403,4936,99,HU,1045,SZ,,Vámosatya,full,,,magyar-posta-via-ferenci-tamas,,2026-04-28T06:49:01,2026-04-28T06:49:01,1
121404,4937,99,HU,1045,SZ,,Barabás,full,,,magyar-posta-via-ferenci-tamas,,2026-04-28T06:49:01,2026-04-28T06:49:01,1
121405,4941,99,HU,1045,SZ,,Penyige,full,,,magyar-posta-via-ferenci-tamas,,2026-04-28T06:49:01,2026-04-28T06:49:01,1
121406,4942,99,HU,1045,SZ,,Mánd,full,,,magyar-posta-via-ferenci-tamas,,2026-04-28T06:49:01,2026-04-28T06:49:01,1
121407,4942,99,HU,1045,SZ,,Nemesborzova,full,,,magyar-posta-via-ferenci-tamas,,2026-04-28T06:49:01,2026-04-28T06:49:01,1
121408,4943,99,HU,1045,SZ,,Kömörő,full,,,magyar-posta-via-ferenci-tamas,,2026-04-28T06:49:01,2026-04-28T06:49:01,1
121409,4944,99,HU,1045,SZ,,Túristvándi,full,,,magyar-posta-via-ferenci-tamas,,2026-04-28T06:49:01,2026-04-28T06:49:01,1
121410,4945,99,HU,1045,SZ,,Szatmárcseke,full,,,magyar-posta-via-ferenci-tamas,,2026-04-28T06:49:01,2026-04-28T06:49:01,1
121411,4946,99,HU,1045,SZ,,Tiszakóród,full,,,magyar-posta-via-ferenci-tamas,,2026-04-28T06:49:01,2026-04-28T06:49:01,1
121412,4947,99,HU,1045,SZ,,Tiszacsécse,full,,,magyar-posta-via-ferenci-tamas,,2026-04-28T06:49:01,2026-04-28T06:49:01,1
121413,4948,99,HU,1045,SZ,,Milota,full,,,magyar-posta-via-ferenci-tamas,,2026-04-28T06:49:01,2026-04-28T06:49:01,1
121414,4951,99,HU,1045,SZ,,Tiszabecs,full,,,magyar-posta-via-ferenci-tamas,,2026-04-28T06:49:01,2026-04-28T06:49:01,1
121415,4952,99,HU,1045,SZ,,Uszka,full,,,magyar-posta-via-ferenci-tamas,,2026-04-28T06:49:01,2026-04-28T06:49:01,1
121416,4953,99,HU,1045,SZ,,Magosliget,full,,,magyar-posta-via-ferenci-tamas,,2026-04-28T06:49:01,2026-04-28T06:49:01,1
121417,4954,99,HU,1045,SZ,,Sonkád,full,,,magyar-posta-via-ferenci-tamas,,2026-04-28T06:49:01,2026-04-28T06:49:01,1
121418,4955,99,HU,1045,SZ,,Botpalád,full,,,magyar-posta-via-ferenci-tamas,,2026-04-28T06:49:01,2026-04-28T06:49:01,1
121419,4956,99,HU,1045,SZ,,Kispalád,full,,,magyar-posta-via-ferenci-tamas,,2026-04-28T06:49:01,2026-04-28T06:49:01,1
121420,4961,99,HU,1045,SZ,,Zsarolyán,full,,,magyar-posta-via-ferenci-tamas,,2026-04-28T06:49:01,2026-04-28T06:49:01,1
121421,4962,99,HU,1045,SZ,,Nagyszekeres,full,,,magyar-posta-via-ferenci-tamas,,2026-04-28T06:49:01,2026-04-28T06:49:01,1
121422,4963,99,HU,1045,SZ,,Kisszekeres,full,,,magyar-posta-via-ferenci-tamas,,2026-04-28T06:49:01,2026-04-28T06:49:01,1
121423,4964,99,HU,1045,SZ,,Fülesd,full,,,magyar-posta-via-ferenci-tamas,,2026-04-28T06:49:01,2026-04-28T06:49:01,1
121424,4965,99,HU,1045,SZ,,Kölcse,full,,,magyar-posta-via-ferenci-tamas,,2026-04-28T06:49:01,2026-04-28T06:49:01,1
121425,4966,99,HU,1045,SZ,,Vámosoroszi,full,,,magyar-posta-via-ferenci-tamas,,2026-04-28T06:49:01,2026-04-28T06:49:01,1
121426,4967,99,HU,1045,SZ,,Csaholc,full,,,magyar-posta-via-ferenci-tamas,,2026-04-28T06:49:01,2026-04-28T06:49:01,1
121427,4968,99,HU,1045,SZ,,Túrricse,full,,,magyar-posta-via-ferenci-tamas,,2026-04-28T06:49:01,2026-04-28T06:49:01,1
121428,4969,99,HU,1045,SZ,,Tisztaberek,full,,,magyar-posta-via-ferenci-tamas,,2026-04-28T06:49:01,2026-04-28T06:49:01,1
121429,4971,99,HU,1045,SZ,,Rozsály,full,,,magyar-posta-via-ferenci-tamas,,2026-04-28T06:49:01,2026-04-28T06:49:01,1
121430,4972,99,HU,1045,SZ,,Gacsály,full,,,magyar-posta-via-ferenci-tamas,,2026-04-28T06:49:01,2026-04-28T06:49:01,1
121431,4973,99,HU,1045,SZ,,Császló,full,,,magyar-posta-via-ferenci-tamas,,2026-04-28T06:49:01,2026-04-28T06:49:01,1
121432,4974,99,HU,1045,SZ,,Zajta,full,,,magyar-posta-via-ferenci-tamas,,2026-04-28T06:49:01,2026-04-28T06:49:01,1
121433,4975,99,HU,1045,SZ,,Méhtelek,full,,,magyar-posta-via-ferenci-tamas,,2026-04-28T06:49:01,2026-04-28T06:49:01,1
121434,4976,99,HU,1045,SZ,,Garbolc,full,,,magyar-posta-via-ferenci-tamas,,2026-04-28T06:49:01,2026-04-28T06:49:01,1
121435,4977,99,HU,1045,SZ,,Kishódos,full,,,magyar-posta-via-ferenci-tamas,,2026-04-28T06:49:01,2026-04-28T06:49:01,1
121436,4977,99,HU,1045,SZ,,Nagyhódos,full,,,magyar-posta-via-ferenci-tamas,,2026-04-28T06:49:01,2026-04-28T06:49:01,1
121437,5000,99,HU,1043,JN,,Szolnok,full,,,magyar-posta-via-ferenci-tamas,,2026-04-28T06:49:01,2026-04-28T06:49:01,1
121438,5008,99,HU,1043,JN,,"Szolnok, Szandaszőlős",full,,,magyar-posta-via-ferenci-tamas,,2026-04-28T06:49:01,2026-04-28T06:49:01,1
121439,5051,99,HU,1043,JN,,Zagyvarékas,full,,,magyar-posta-via-ferenci-tamas,,2026-04-28T06:49:01,2026-04-28T06:49:01,1
121440,5052,99,HU,1043,JN,,Újszász,full,,,magyar-posta-via-ferenci-tamas,,2026-04-28T06:49:01,2026-04-28T06:49:01,1
121441,5053,99,HU,1043,JN,,Szászberek,full,,,magyar-posta-via-ferenci-tamas,,2026-04-28T06:49:01,2026-04-28T06:49:01,1
121442,5054,99,HU,1043,JN,,Jászalsószentgyörgy,full,,,magyar-posta-via-ferenci-tamas,,2026-04-28T06:49:01,2026-04-28T06:49:01,1
121443,5055,99,HU,1043,JN,,Jászladány,full,,,magyar-posta-via-ferenci-tamas,,2026-04-28T06:49:01,2026-04-28T06:49:01,1
121444,5061,99,HU,1043,JN,,Tiszasüly,full,,,magyar-posta-via-ferenci-tamas,,2026-04-28T06:49:01,2026-04-28T06:49:01,1
121445,5062,99,HU,1043,JN,,Kőtelek,full,,,magyar-posta-via-ferenci-tamas,,2026-04-28T06:49:01,2026-04-28T06:49:01,1
121446,5063,99,HU,1043,JN,,Hunyadfalva,full,,,magyar-posta-via-ferenci-tamas,,2026-04-28T06:49:01,2026-04-28T06:49:01,1
121447,5064,99,HU,1043,JN,,Csataszög,full,,,magyar-posta-via-ferenci-tamas,,2026-04-28T06:49:01,2026-04-28T06:49:01,1
121448,5065,99,HU,1043,JN,,Nagykörű,full,,,magyar-posta-via-ferenci-tamas,,2026-04-28T06:49:01,2026-04-28T06:49:01,1
121449,5071,99,HU,1043,JN,,Besenyszög,full,,,magyar-posta-via-ferenci-tamas,,2026-04-28T06:49:01,2026-04-28T06:49:01,1
121450,5081,99,HU,1043,JN,,Szajol,full,,,magyar-posta-via-ferenci-tamas,,2026-04-28T06:49:01,2026-04-28T06:49:01,1
121451,5082,99,HU,1043,JN,,Tiszatenyő,full,,,magyar-posta-via-ferenci-tamas,,2026-04-28T06:49:01,2026-04-28T06:49:01,1
121452,5083,99,HU,1043,JN,,Kengyel,full,,,magyar-posta-via-ferenci-tamas,,2026-04-28T06:49:01,2026-04-28T06:49:01,1
121453,5084,99,HU,1043,JN,,Rákócziújfalu,full,,,magyar-posta-via-ferenci-tamas,,2026-04-28T06:49:01,2026-04-28T06:49:01,1
121454,5085,99,HU,1043,JN,,Rákóczifalva,full,,,magyar-posta-via-ferenci-tamas,,2026-04-28T06:49:01,2026-04-28T06:49:01,1
121455,5091,99,HU,1043,JN,,Tószeg,full,,,magyar-posta-via-ferenci-tamas,,2026-04-28T06:49:01,2026-04-28T06:49:01,1
121456,5092,99,HU,1043,JN,,Tiszavárkony,full,,,magyar-posta-via-ferenci-tamas,,2026-04-28T06:49:01,2026-04-28T06:49:01,1
121457,5093,99,HU,1043,JN,,Vezseny,full,,,magyar-posta-via-ferenci-tamas,,2026-04-28T06:49:01,2026-04-28T06:49:01,1
121458,5094,99,HU,1043,JN,,Tiszajenő,full,,,magyar-posta-via-ferenci-tamas,,2026-04-28T06:49:01,2026-04-28T06:49:01,1
121459,5095,99,HU,1043,JN,,"Tiszavárkony, Tiszavárkonyi Szőlők",full,,,magyar-posta-via-ferenci-tamas,,2026-04-28T06:49:01,2026-04-28T06:49:01,1
121460,5100,99,HU,1043,JN,,Jászberény,full,,,magyar-posta-via-ferenci-tamas,,2026-04-28T06:49:01,2026-04-28T06:49:01,1
121461,5111,99,HU,1043,JN,,Jászfelsőszentgyörgy,full,,,magyar-posta-via-ferenci-tamas,,2026-04-28T06:49:01,2026-04-28T06:49:01,1
121462,5121,99,HU,1043,JN,,Jászjákóhalma,full,,,magyar-posta-via-ferenci-tamas,,2026-04-28T06:49:01,2026-04-28T06:49:01,1
121463,5122,99,HU,1043,JN,,Jászdózsa,full,,,magyar-posta-via-ferenci-tamas,,2026-04-28T06:49:01,2026-04-28T06:49:01,1
121464,5123,99,HU,1043,JN,,Jászárokszállás,full,,,magyar-posta-via-ferenci-tamas,,2026-04-28T06:49:01,2026-04-28T06:49:01,1
121465,5124,99,HU,1043,JN,,Jászágó,full,,,magyar-posta-via-ferenci-tamas,,2026-04-28T06:49:01,2026-04-28T06:49:01,1
121466,5125,99,HU,1043,JN,,Pusztamonostor,full,,,magyar-posta-via-ferenci-tamas,,2026-04-28T06:49:01,2026-04-28T06:49:01,1
121467,5126,99,HU,1043,JN,,Jászfényszaru,full,,,magyar-posta-via-ferenci-tamas,,2026-04-28T06:49:01,2026-04-28T06:49:01,1
121468,5130,99,HU,1043,JN,,Jászapáti,full,,,magyar-posta-via-ferenci-tamas,,2026-04-28T06:49:01,2026-04-28T06:49:01,1
121469,5135,99,HU,1043,JN,,Jászivány,full,,,magyar-posta-via-ferenci-tamas,,2026-04-28T06:49:01,2026-04-28T06:49:01,1
121470,5136,99,HU,1043,JN,,Jászszentandrás,full,,,magyar-posta-via-ferenci-tamas,,2026-04-28T06:49:01,2026-04-28T06:49:01,1
121471,5137,99,HU,1043,JN,,Jászkisér,full,,,magyar-posta-via-ferenci-tamas,,2026-04-28T06:49:01,2026-04-28T06:49:01,1
121472,5141,99,HU,1043,JN,,Jásztelek,full,,,magyar-posta-via-ferenci-tamas,,2026-04-28T06:49:01,2026-04-28T06:49:01,1
121473,5142,99,HU,1043,JN,,Alattyán,full,,,magyar-posta-via-ferenci-tamas,,2026-04-28T06:49:01,2026-04-28T06:49:01,1
121474,5143,99,HU,1043,JN,,Jánoshida,full,,,magyar-posta-via-ferenci-tamas,,2026-04-28T06:49:01,2026-04-28T06:49:01,1
121475,5144,99,HU,1043,JN,,Jászboldogháza,full,,,magyar-posta-via-ferenci-tamas,,2026-04-28T06:49:01,2026-04-28T06:49:01,1
121476,5152,99,HU,1043,JN,,"Jászberény, Portelek",full,,,magyar-posta-via-ferenci-tamas,,2026-04-28T06:49:01,2026-04-28T06:49:01,1
121477,5200,99,HU,1043,JN,,Törökszentmiklós,full,,,magyar-posta-via-ferenci-tamas,,2026-04-28T06:49:01,2026-04-28T06:49:01,1
121478,5211,99,HU,1043,JN,,Tiszapüspöki,full,,,magyar-posta-via-ferenci-tamas,,2026-04-28T06:49:01,2026-04-28T06:49:01,1
121479,5212,99,HU,1043,JN,,"Törökszentmiklós, Surjány",full,,,magyar-posta-via-ferenci-tamas,,2026-04-28T06:49:01,2026-04-28T06:49:01,1
121480,5213,99,HU,1043,JN,,"Fegyvernek, Szapárfalu",full,,,magyar-posta-via-ferenci-tamas,,2026-04-28T06:49:01,2026-04-28T06:49:01,1
121481,5222,99,HU,1043,JN,,Örményes,full,,,magyar-posta-via-ferenci-tamas,,2026-04-28T06:49:01,2026-04-28T06:49:01,1
121482,5231,99,HU,1043,JN,,Fegyvernek,full,,,magyar-posta-via-ferenci-tamas,,2026-04-28T06:49:01,2026-04-28T06:49:01,1
121483,5232,99,HU,1043,JN,,Tiszabő,full,,,magyar-posta-via-ferenci-tamas,,2026-04-28T06:49:01,2026-04-28T06:49:01,1
121484,5233,99,HU,1043,JN,,Tiszagyenda,full,,,magyar-posta-via-ferenci-tamas,,2026-04-28T06:49:01,2026-04-28T06:49:01,1
121485,5234,99,HU,1043,JN,,Tiszaroff,full,,,magyar-posta-via-ferenci-tamas,,2026-04-28T06:49:01,2026-04-28T06:49:01,1
121486,5235,99,HU,1043,JN,,Tiszabura,full,,,magyar-posta-via-ferenci-tamas,,2026-04-28T06:49:01,2026-04-28T06:49:01,1
121487,5241,99,HU,1043,JN,,Abádszalók,full,,,magyar-posta-via-ferenci-tamas,,2026-04-28T06:49:01,2026-04-28T06:49:01,1
121488,5243,99,HU,1043,JN,,Tiszaderzs,full,,,magyar-posta-via-ferenci-tamas,,2026-04-28T06:49:01,2026-04-28T06:49:01,1
121489,5244,99,HU,1043,JN,,Tiszaszőlős,full,,,magyar-posta-via-ferenci-tamas,,2026-04-28T06:49:01,2026-04-28T06:49:01,1
121490,5300,99,HU,1043,JN,,Karcag,full,,,magyar-posta-via-ferenci-tamas,,2026-04-28T06:49:01,2026-04-28T06:49:01,1
121491,5309,99,HU,1043,JN,,Berekfürdő,full,,,magyar-posta-via-ferenci-tamas,,2026-04-28T06:49:01,2026-04-28T06:49:01,1
121492,5310,99,HU,1043,JN,,Kisújszállás,full,,,magyar-posta-via-ferenci-tamas,,2026-04-28T06:49:01,2026-04-28T06:49:01,1
121493,5321,99,HU,1043,JN,,Kunmadaras,full,,,magyar-posta-via-ferenci-tamas,,2026-04-28T06:49:01,2026-04-28T06:49:01,1
121494,5322,99,HU,1043,JN,,Tiszaszentimre,full,,,magyar-posta-via-ferenci-tamas,,2026-04-28T06:49:01,2026-04-28T06:49:01,1
121495,5323,99,HU,1043,JN,,"Tiszaszentimre, Újszentgyörgy",full,,,magyar-posta-via-ferenci-tamas,,2026-04-28T06:49:01,2026-04-28T06:49:01,1
121496,5324,99,HU,1043,JN,,Tomajmonostora,full,,,magyar-posta-via-ferenci-tamas,,2026-04-28T06:49:01,2026-04-28T06:49:01,1
121497,5331,99,HU,1043,JN,,Kenderes,full,,,magyar-posta-via-ferenci-tamas,,2026-04-28T06:49:01,2026-04-28T06:49:01,1
121498,5340,99,HU,1043,JN,,Kunhegyes,full,,,magyar-posta-via-ferenci-tamas,,2026-04-28T06:49:01,2026-04-28T06:49:01,1
121499,5349,99,HU,1043,JN,,"Kenderes, Bánhalma",full,,,magyar-posta-via-ferenci-tamas,,2026-04-28T06:49:01,2026-04-28T06:49:01,1
121500,5350,99,HU,1043,JN,,Tiszafüred,full,,,magyar-posta-via-ferenci-tamas,,2026-04-28T06:49:01,2026-04-28T06:49:01,1
121501,5358,99,HU,1043,JN,,"Tiszafüred, Tiszaörvény",full,,,magyar-posta-via-ferenci-tamas,,2026-04-28T06:49:01,2026-04-28T06:49:01,1
121502,5359,99,HU,1043,JN,,"Tiszafüred, Kócsújfalu",full,,,magyar-posta-via-ferenci-tamas,,2026-04-28T06:49:01,2026-04-28T06:49:01,1
121503,5361,99,HU,1043,JN,,Tiszaigar,full,,,magyar-posta-via-ferenci-tamas,,2026-04-28T06:49:01,2026-04-28T06:49:01,1
121504,5362,99,HU,1043,JN,,Tiszaörs,full,,,magyar-posta-via-ferenci-tamas,,2026-04-28T06:49:01,2026-04-28T06:49:01,1
121505,5363,99,HU,1043,JN,,Nagyiván,full,,,magyar-posta-via-ferenci-tamas,,2026-04-28T06:49:01,2026-04-28T06:49:01,1
121506,5400,99,HU,1043,JN,,Mezőtúr,full,,,magyar-posta-via-ferenci-tamas,,2026-04-28T06:49:01,2026-04-28T06:49:01,1
121507,5411,99,HU,1043,JN,,Kétpó,full,,,magyar-posta-via-ferenci-tamas,,2026-04-28T06:49:01,2026-04-28T06:49:01,1
121508,5412,99,HU,1043,JN,,Kuncsorba,full,,,magyar-posta-via-ferenci-tamas,,2026-04-28T06:49:01,2026-04-28T06:49:01,1
121509,5420,99,HU,1043,JN,,Túrkeve,full,,,magyar-posta-via-ferenci-tamas,,2026-04-28T06:49:01,2026-04-28T06:49:01,1
121510,5430,99,HU,1043,JN,,Tiszaföldvár,full,,,magyar-posta-via-ferenci-tamas,,2026-04-28T06:49:01,2026-04-28T06:49:01,1
121511,5435,99,HU,1043,JN,,Martfű,full,,,magyar-posta-via-ferenci-tamas,,2026-04-28T06:49:01,2026-04-28T06:49:01,1
121512,5440,99,HU,1043,JN,,Kunszentmárton,full,,,magyar-posta-via-ferenci-tamas,,2026-04-28T06:49:01,2026-04-28T06:49:01,1
121513,5449,99,HU,1043,JN,,"Kunszentmárton, Kungyalu",full,,,magyar-posta-via-ferenci-tamas,,2026-04-28T06:49:01,2026-04-28T06:49:01,1
121514,5451,99,HU,1043,JN,,Öcsöd,full,,,magyar-posta-via-ferenci-tamas,,2026-04-28T06:49:01,2026-04-28T06:49:01,1
121515,5452,99,HU,1043,JN,,Mesterszállás,full,,,magyar-posta-via-ferenci-tamas,,2026-04-28T06:49:01,2026-04-28T06:49:01,1
121516,5453,99,HU,1043,JN,,Mezőhék,full,,,magyar-posta-via-ferenci-tamas,,2026-04-28T06:49:01,2026-04-28T06:49:01,1
121517,5461,99,HU,1043,JN,,"Tiszaföldvár, Homok",full,,,magyar-posta-via-ferenci-tamas,,2026-04-28T06:49:01,2026-04-28T06:49:01,1
121518,5462,99,HU,1043,JN,,Cibakháza,full,,,magyar-posta-via-ferenci-tamas,,2026-04-28T06:49:01,2026-04-28T06:49:01,1
121519,5463,99,HU,1043,JN,,Nagyrév,full,,,magyar-posta-via-ferenci-tamas,,2026-04-28T06:49:01,2026-04-28T06:49:01,1
121520,5464,99,HU,1043,JN,,Tiszainoka,full,,,magyar-posta-via-ferenci-tamas,,2026-04-28T06:49:01,2026-04-28T06:49:01,1
121521,5465,99,HU,1043,JN,,Cserkeszőlő,full,,,magyar-posta-via-ferenci-tamas,,2026-04-28T06:49:01,2026-04-28T06:49:01,1
121522,5471,99,HU,1043,JN,,Tiszakürt,full,,,magyar-posta-via-ferenci-tamas,,2026-04-28T06:49:01,2026-04-28T06:49:01,1
121523,5474,99,HU,1043,JN,,Tiszasas,full,,,magyar-posta-via-ferenci-tamas,,2026-04-28T06:49:01,2026-04-28T06:49:01,1
121524,5475,99,HU,1043,JN,,Csépa,full,,,magyar-posta-via-ferenci-tamas,,2026-04-28T06:49:01,2026-04-28T06:49:01,1
121525,5476,99,HU,1043,JN,,Szelevény,full,,,magyar-posta-via-ferenci-tamas,,2026-04-28T06:49:01,2026-04-28T06:49:01,1
121526,5500,99,HU,1060,BE,,"Gyomaendrőd, Gyoma",full,,,magyar-posta-via-ferenci-tamas,,2026-04-28T06:49:01,2026-04-28T06:49:01,1
121527,5502,99,HU,1060,BE,,"Gyomaendrőd, Endrőd",full,,,magyar-posta-via-ferenci-tamas,,2026-04-28T06:49:01,2026-04-28T06:49:01,1
121528,5510,99,HU,1060,BE,,Dévaványa,full,,,magyar-posta-via-ferenci-tamas,,2026-04-28T06:49:01,2026-04-28T06:49:01,1
121529,5515,99,HU,1060,BE,,Ecsegfalva,full,,,magyar-posta-via-ferenci-tamas,,2026-04-28T06:49:01,2026-04-28T06:49:01,1
121530,5516,99,HU,1060,BE,,Körösladány,full,,,magyar-posta-via-ferenci-tamas,,2026-04-28T06:49:01,2026-04-28T06:49:01,1
121531,5520,99,HU,1060,BE,,Szeghalom,full,,,magyar-posta-via-ferenci-tamas,,2026-04-28T06:49:01,2026-04-28T06:49:01,1
121532,5525,99,HU,1060,BE,,Füzesgyarmat,full,,,magyar-posta-via-ferenci-tamas,,2026-04-28T06:49:01,2026-04-28T06:49:01,1
121533,5526,99,HU,1060,BE,,Kertészsziget,full,,,magyar-posta-via-ferenci-tamas,,2026-04-28T06:49:01,2026-04-28T06:49:01,1
121534,5527,99,HU,1060,BE,,Bucsa,full,,,magyar-posta-via-ferenci-tamas,,2026-04-28T06:49:01,2026-04-28T06:49:01,1
121535,5530,99,HU,1060,BE,,Vésztő,full,,,magyar-posta-via-ferenci-tamas,,2026-04-28T06:49:01,2026-04-28T06:49:01,1
121536,5534,99,HU,1060,BE,,Okány,full,,,magyar-posta-via-ferenci-tamas,,2026-04-28T06:49:01,2026-04-28T06:49:01,1
121537,5536,99,HU,1060,BE,,Körösújfalu,full,,,magyar-posta-via-ferenci-tamas,,2026-04-28T06:49:01,2026-04-28T06:49:01,1
121538,5537,99,HU,1060,BE,,Zsadány,full,,,magyar-posta-via-ferenci-tamas,,2026-04-28T06:49:01,2026-04-28T06:49:01,1
121539,5538,99,HU,1060,BE,,Biharugra,full,,,magyar-posta-via-ferenci-tamas,,2026-04-28T06:49:01,2026-04-28T06:49:01,1
121540,5539,99,HU,1060,BE,,Körösnagyharsány,full,,,magyar-posta-via-ferenci-tamas,,2026-04-28T06:49:01,2026-04-28T06:49:01,1
121541,5540,99,HU,1060,BE,,Szarvas,full,,,magyar-posta-via-ferenci-tamas,,2026-04-28T06:49:01,2026-04-28T06:49:01,1
121542,5551,99,HU,1060,BE,,Csabacsűd,full,,,magyar-posta-via-ferenci-tamas,,2026-04-28T06:49:01,2026-04-28T06:49:01,1
121543,5552,99,HU,1060,BE,,Kardos,full,,,magyar-posta-via-ferenci-tamas,,2026-04-28T06:49:01,2026-04-28T06:49:01,1
121544,5553,99,HU,1060,BE,,Kondoros,full,,,magyar-posta-via-ferenci-tamas,,2026-04-28T06:49:01,2026-04-28T06:49:01,1
121545,5555,99,HU,1060,BE,,Hunya,full,,,magyar-posta-via-ferenci-tamas,,2026-04-28T06:49:01,2026-04-28T06:49:01,1
121546,5556,99,HU,1060,BE,,Örménykút,full,,,magyar-posta-via-ferenci-tamas,,2026-04-28T06:49:01,2026-04-28T06:49:01,1
121547,5561,99,HU,1060,BE,,Békésszentandrás,full,,,magyar-posta-via-ferenci-tamas,,2026-04-28T06:49:01,2026-04-28T06:49:01,1
121548,5600,99,HU,1060,BE,,Békéscsaba,full,,,magyar-posta-via-ferenci-tamas,,2026-04-28T06:49:01,2026-04-28T06:49:01,1
121549,5609,99,HU,1060,BE,,Csabaszabadi,full,,,magyar-posta-via-ferenci-tamas,,2026-04-28T06:49:01,2026-04-28T06:49:01,1
121550,5621,99,HU,1060,BE,,Csárdaszállás,full,,,magyar-posta-via-ferenci-tamas,,2026-04-28T06:49:01,2026-04-28T06:49:01,1
121551,5622,99,HU,1060,BE,,Köröstarcsa,full,,,magyar-posta-via-ferenci-tamas,,2026-04-28T06:49:01,2026-04-28T06:49:01,1
121552,5623,99,HU,1060,BE,,"Békéscsaba, Gerla",full,,,magyar-posta-via-ferenci-tamas,,2026-04-28T06:49:01,2026-04-28T06:49:01,1
121553,5624,99,HU,1060,BE,,Doboz,full,,,magyar-posta-via-ferenci-tamas,,2026-04-28T06:49:01,2026-04-28T06:49:01,1
121554,5630,99,HU,1060,BE,,Békés,full,,,magyar-posta-via-ferenci-tamas,,2026-04-28T06:49:01,2026-04-28T06:49:01,1
121555,5641,99,HU,1060,BE,,Tarhos,full,,,magyar-posta-via-ferenci-tamas,,2026-04-28T06:49:01,2026-04-28T06:49:01,1
121556,5643,99,HU,1060,BE,,Bélmegyer,full,,,magyar-posta-via-ferenci-tamas,,2026-04-28T06:49:01,2026-04-28T06:49:01,1
121557,5650,99,HU,1060,BE,,Mezőberény,full,,,magyar-posta-via-ferenci-tamas,,2026-04-28T06:49:01,2026-04-28T06:49:01,1
121558,5661,99,HU,1060,BE,,Újkígyós,full,,,magyar-posta-via-ferenci-tamas,,2026-04-28T06:49:01,2026-04-28T06:49:01,1
121559,5662,99,HU,1060,BE,,Csanádapáca,full,,,magyar-posta-via-ferenci-tamas,,2026-04-28T06:49:01,2026-04-28T06:49:01,1
121560,5663,99,HU,1060,BE,,Medgyesbodzás,full,,,magyar-posta-via-ferenci-tamas,,2026-04-28T06:49:01,2026-04-28T06:49:01,1
121561,5664,99,HU,1060,BE,,"Medgyesbodzás, Gábortelep",full,,,magyar-posta-via-ferenci-tamas,,2026-04-28T06:49:01,2026-04-28T06:49:01,1
121562,5665,99,HU,1060,BE,,Pusztaottlaka,full,,,magyar-posta-via-ferenci-tamas,,2026-04-28T06:49:01,2026-04-28T06:49:01,1
121563,5666,99,HU,1060,BE,,Medgyesegyháza,full,,,magyar-posta-via-ferenci-tamas,,2026-04-28T06:49:01,2026-04-28T06:49:01,1
121564,5667,99,HU,1060,BE,,Magyarbánhegyes,full,,,magyar-posta-via-ferenci-tamas,,2026-04-28T06:49:01,2026-04-28T06:49:01,1
121565,5668,99,HU,1060,BE,,Nagybánhegyes,full,,,magyar-posta-via-ferenci-tamas,,2026-04-28T06:49:01,2026-04-28T06:49:01,1
121566,5671,99,HU,1060,BE,,"Békéscsaba, Mezőmegyer",full,,,magyar-posta-via-ferenci-tamas,,2026-04-28T06:49:01,2026-04-28T06:49:01,1
121567,5672,99,HU,1060,BE,,Murony,full,,,magyar-posta-via-ferenci-tamas,,2026-04-28T06:49:01,2026-04-28T06:49:01,1
121568,5673,99,HU,1060,BE,,Kamut,full,,,magyar-posta-via-ferenci-tamas,,2026-04-28T06:49:01,2026-04-28T06:49:01,1
121569,5674,99,HU,1060,BE,,Kétsoprony,full,,,magyar-posta-via-ferenci-tamas,,2026-04-28T06:49:01,2026-04-28T06:49:01,1
121570,5675,99,HU,1060,BE,,Telekgerendás,full,,,magyar-posta-via-ferenci-tamas,,2026-04-28T06:49:01,2026-04-28T06:49:01,1
121571,5700,99,HU,1060,BE,,Gyula,full,,,magyar-posta-via-ferenci-tamas,,2026-04-28T06:49:01,2026-04-28T06:49:01,1
121572,5711,99,HU,1060,BE,,"Gyula, Gyulavári",full,,,magyar-posta-via-ferenci-tamas,,2026-04-28T06:49:01,2026-04-28T06:49:01,1
121573,5712,99,HU,1060,BE,,Szabadkígyós,full,,,magyar-posta-via-ferenci-tamas,,2026-04-28T06:49:01,2026-04-28T06:49:01,1
121574,5720,99,HU,1060,BE,,Sarkad,full,,,magyar-posta-via-ferenci-tamas,,2026-04-28T06:49:01,2026-04-28T06:49:01,1
121575,5725,99,HU,1060,BE,,Kötegyán,full,,,magyar-posta-via-ferenci-tamas,,2026-04-28T06:49:01,2026-04-28T06:49:01,1
121576,5726,99,HU,1060,BE,,Méhkerék,full,,,magyar-posta-via-ferenci-tamas,,2026-04-28T06:49:01,2026-04-28T06:49:01,1
121577,5727,99,HU,1060,BE,,Újszalonta,full,,,magyar-posta-via-ferenci-tamas,,2026-04-28T06:49:01,2026-04-28T06:49:01,1
121578,5731,99,HU,1060,BE,,Sarkadkeresztúr,full,,,magyar-posta-via-ferenci-tamas,,2026-04-28T06:49:01,2026-04-28T06:49:01,1
121579,5732,99,HU,1060,BE,,Mezőgyán,full,,,magyar-posta-via-ferenci-tamas,,2026-04-28T06:49:01,2026-04-28T06:49:01,1
121580,5734,99,HU,1060,BE,,Geszt,full,,,magyar-posta-via-ferenci-tamas,,2026-04-28T06:49:01,2026-04-28T06:49:01,1
121581,5741,99,HU,1060,BE,,Kétegyháza,full,,,magyar-posta-via-ferenci-tamas,,2026-04-28T06:49:01,2026-04-28T06:49:01,1
121582,5742,99,HU,1060,BE,,Elek,full,,,magyar-posta-via-ferenci-tamas,,2026-04-28T06:49:01,2026-04-28T06:49:01,1
121583,5743,99,HU,1060,BE,,Lőkösháza,full,,,magyar-posta-via-ferenci-tamas,,2026-04-28T06:49:01,2026-04-28T06:49:01,1
121584,5744,99,HU,1060,BE,,Kevermes,full,,,magyar-posta-via-ferenci-tamas,,2026-04-28T06:49:01,2026-04-28T06:49:01,1
121585,5745,99,HU,1060,BE,,Dombiratos,full,,,magyar-posta-via-ferenci-tamas,,2026-04-28T06:49:01,2026-04-28T06:49:01,1
121586,5746,99,HU,1060,BE,,Kunágota,full,,,magyar-posta-via-ferenci-tamas,,2026-04-28T06:49:01,2026-04-28T06:49:01,1
121587,5747,99,HU,1060,BE,,Almáskamarás,full,,,magyar-posta-via-ferenci-tamas,,2026-04-28T06:49:01,2026-04-28T06:49:01,1
121588,5751,99,HU,1060,BE,,Nagykamarás,full,,,magyar-posta-via-ferenci-tamas,,2026-04-28T06:49:01,2026-04-28T06:49:01,1
121589,5752,99,HU,1060,BE,,"Medgyesegyháza, Bánkút",full,,,magyar-posta-via-ferenci-tamas,,2026-04-28T06:49:01,2026-04-28T06:49:01,1
121590,5800,99,HU,1060,BE,,Mezőkovácsháza,full,,,magyar-posta-via-ferenci-tamas,,2026-04-28T06:49:01,2026-04-28T06:49:01,1
121591,5811,99,HU,1060,BE,,Végegyháza,full,,,magyar-posta-via-ferenci-tamas,,2026-04-28T06:49:01,2026-04-28T06:49:01,1
121592,5820,99,HU,1060,BE,,Mezőhegyes,full,,,magyar-posta-via-ferenci-tamas,,2026-04-28T06:49:01,2026-04-28T06:49:01,1
121593,5830,99,HU,1060,BE,,Battonya,full,,,magyar-posta-via-ferenci-tamas,,2026-04-28T06:49:01,2026-04-28T06:49:01,1
121594,5836,99,HU,1060,BE,,Dombegyház,full,,,magyar-posta-via-ferenci-tamas,,2026-04-28T06:49:01,2026-04-28T06:49:01,1
121595,5837,99,HU,1060,BE,,Kisdombegyház,full,,,magyar-posta-via-ferenci-tamas,,2026-04-28T06:49:01,2026-04-28T06:49:01,1
121596,5838,99,HU,1060,BE,,Magyardombegyház,full,,,magyar-posta-via-ferenci-tamas,,2026-04-28T06:49:01,2026-04-28T06:49:01,1
121597,5900,99,HU,1060,BE,,Orosháza,full,,,magyar-posta-via-ferenci-tamas,,2026-04-28T06:49:01,2026-04-28T06:49:01,1
121598,5903,99,HU,1060,BE,,"Orosháza, Rákóczitelep",full,,,magyar-posta-via-ferenci-tamas,,2026-04-28T06:49:01,2026-04-28T06:49:01,1
121599,5904,99,HU,1060,BE,,"Orosháza, Gyopárosfürdő",full,,,magyar-posta-via-ferenci-tamas,,2026-04-28T06:49:01,2026-04-28T06:49:01,1
121600,5905,99,HU,1060,BE,,"Orosháza, Szentetornya",full,,,magyar-posta-via-ferenci-tamas,,2026-04-28T06:49:01,2026-04-28T06:49:01,1
121601,5919,99,HU,1060,BE,,Pusztaföldvár,full,,,magyar-posta-via-ferenci-tamas,,2026-04-28T06:49:01,2026-04-28T06:49:01,1
121602,5920,99,HU,1060,BE,,Csorvás,full,,,magyar-posta-via-ferenci-tamas,,2026-04-28T06:49:01,2026-04-28T06:49:01,1
121603,5925,99,HU,1060,BE,,Gerendás,full,,,magyar-posta-via-ferenci-tamas,,2026-04-28T06:49:01,2026-04-28T06:49:01,1
121604,5931,99,HU,1060,BE,,Nagyszénás,full,,,magyar-posta-via-ferenci-tamas,,2026-04-28T06:49:01,2026-04-28T06:49:01,1
121605,5932,99,HU,1060,BE,,Gádoros,full,,,magyar-posta-via-ferenci-tamas,,2026-04-28T06:49:01,2026-04-28T06:49:01,1
121606,5940,99,HU,1060,BE,,Tótkomlós,full,,,magyar-posta-via-ferenci-tamas,,2026-04-28T06:49:01,2026-04-28T06:49:01,1
121607,5945,99,HU,1060,BE,,Kardoskút,full,,,magyar-posta-via-ferenci-tamas,,2026-04-28T06:49:01,2026-04-28T06:49:01,1
121608,5946,99,HU,1060,BE,,Békéssámson,full,,,magyar-posta-via-ferenci-tamas,,2026-04-28T06:49:01,2026-04-28T06:49:01,1
121609,5948,99,HU,1060,BE,,Kaszaper,full,,,magyar-posta-via-ferenci-tamas,,2026-04-28T06:49:01,2026-04-28T06:49:01,1
121610,6000,99,HU,1048,BK,,Kecskemét,full,,,magyar-posta-via-ferenci-tamas,,2026-04-28T06:49:01,2026-04-28T06:49:01,1
121611,6008,99,HU,1048,BK,,"Kecskemét, Méntelek",full,,,magyar-posta-via-ferenci-tamas,,2026-04-28T06:49:01,2026-04-28T06:49:01,1
121612,6031,99,HU,1048,BK,,Szentkirály,full,,,magyar-posta-via-ferenci-tamas,,2026-04-28T06:49:01,2026-04-28T06:49:01,1
121613,6032,99,HU,1048,BK,,Nyárlőrinc,full,,,magyar-posta-via-ferenci-tamas,,2026-04-28T06:49:01,2026-04-28T06:49:01,1
121614,6033,99,HU,1048,BK,,Városföld,full,,,magyar-posta-via-ferenci-tamas,,2026-04-28T06:49:01,2026-04-28T06:49:01,1
121615,6034,99,HU,1048,BK,,Helvécia,full,,,magyar-posta-via-ferenci-tamas,,2026-04-28T06:49:01,2026-04-28T06:49:01,1
121616,6035,99,HU,1048,BK,,Ballószög,full,,,magyar-posta-via-ferenci-tamas,,2026-04-28T06:49:01,2026-04-28T06:49:01,1
121617,6041,99,HU,1048,BK,,Kerekegyháza,full,,,magyar-posta-via-ferenci-tamas,,2026-04-28T06:49:01,2026-04-28T06:49:01,1
121618,6042,99,HU,1048,BK,,Fülöpháza,full,,,magyar-posta-via-ferenci-tamas,,2026-04-28T06:49:01,2026-04-28T06:49:01,1
121619,6043,99,HU,1048,BK,,Kunbaracs,full,,,magyar-posta-via-ferenci-tamas,,2026-04-28T06:49:01,2026-04-28T06:49:01,1
121620,6044,99,HU,1048,BK,,"Kecskemét, Hetényegyháza",full,,,magyar-posta-via-ferenci-tamas,,2026-04-28T06:49:01,2026-04-28T06:49:01,1
121621,6045,99,HU,1048,BK,,Ladánybene,full,,,magyar-posta-via-ferenci-tamas,,2026-04-28T06:49:01,2026-04-28T06:49:01,1
121622,6050,99,HU,1048,BK,,Lajosmizse,full,,,magyar-posta-via-ferenci-tamas,,2026-04-28T06:49:01,2026-04-28T06:49:01,1
121623,6055,99,HU,1048,BK,,Felsőlajos,full,,,magyar-posta-via-ferenci-tamas,,2026-04-28T06:49:01,2026-04-28T06:49:01,1
121624,6060,99,HU,1048,BK,,Tiszakécske,full,,,magyar-posta-via-ferenci-tamas,,2026-04-28T06:49:01,2026-04-28T06:49:01,1
121625,6062,99,HU,1048,BK,,"Tiszakécske, Tiszabög",full,,,magyar-posta-via-ferenci-tamas,,2026-04-28T06:49:01,2026-04-28T06:49:01,1
121626,6064,99,HU,1048,BK,,Tiszaug,full,,,magyar-posta-via-ferenci-tamas,,2026-04-28T06:49:01,2026-04-28T06:49:01,1
121627,6065,99,HU,1048,BK,,Lakitelek,full,,,magyar-posta-via-ferenci-tamas,,2026-04-28T06:49:01,2026-04-28T06:49:01,1
121628,6066,99,HU,1048,BK,,"Tiszaalpár, Alpár",full,,,magyar-posta-via-ferenci-tamas,,2026-04-28T06:49:01,2026-04-28T06:49:01,1
121629,6067,99,HU,1048,BK,,"Tiszaalpár, Tiszaújfalu",full,,,magyar-posta-via-ferenci-tamas,,2026-04-28T06:49:01,2026-04-28T06:49:01,1
121630,6070,99,HU,1048,BK,,Izsák,full,,,magyar-posta-via-ferenci-tamas,,2026-04-28T06:49:01,2026-04-28T06:49:01,1
121631,6075,99,HU,1048,BK,,Páhi,full,,,magyar-posta-via-ferenci-tamas,,2026-04-28T06:49:01,2026-04-28T06:49:01,1
121632,6076,99,HU,1048,BK,,Ágasegyháza,full,,,magyar-posta-via-ferenci-tamas,,2026-04-28T06:49:01,2026-04-28T06:49:01,1
121633,6077,99,HU,1048,BK,,Orgovány,full,,,magyar-posta-via-ferenci-tamas,,2026-04-28T06:49:01,2026-04-28T06:49:01,1
121634,6078,99,HU,1048,BK,,Jakabszállás,full,,,magyar-posta-via-ferenci-tamas,,2026-04-28T06:49:01,2026-04-28T06:49:01,1
121635,6080,99,HU,1048,BK,,Szabadszállás,full,,,magyar-posta-via-ferenci-tamas,,2026-04-28T06:49:01,2026-04-28T06:49:01,1
121636,6085,99,HU,1048,BK,,Fülöpszállás,full,,,magyar-posta-via-ferenci-tamas,,2026-04-28T06:49:01,2026-04-28T06:49:01,1
121637,6086,99,HU,1048,BK,,Szalkszentmárton,full,,,magyar-posta-via-ferenci-tamas,,2026-04-28T06:49:01,2026-04-28T06:49:01,1
121638,6087,99,HU,1048,BK,,Dunavecse,full,,,magyar-posta-via-ferenci-tamas,,2026-04-28T06:49:01,2026-04-28T06:49:01,1
121639,6088,99,HU,1048,BK,,Apostag,full,,,magyar-posta-via-ferenci-tamas,,2026-04-28T06:49:01,2026-04-28T06:49:01,1
121640,6090,99,HU,1048,BK,,Kunszentmiklós,full,,,magyar-posta-via-ferenci-tamas,,2026-04-28T06:49:01,2026-04-28T06:49:01,1
121641,6096,99,HU,1048,BK,,Kunpeszér,full,,,magyar-posta-via-ferenci-tamas,,2026-04-28T06:49:01,2026-04-28T06:49:01,1
121642,6097,99,HU,1048,BK,,Kunadacs,full,,,magyar-posta-via-ferenci-tamas,,2026-04-28T06:49:01,2026-04-28T06:49:01,1
121643,6098,99,HU,1048,BK,,Tass,full,,,magyar-posta-via-ferenci-tamas,,2026-04-28T06:49:01,2026-04-28T06:49:01,1
121644,6100,99,HU,1048,BK,,Kiskunfélegyháza,full,,,magyar-posta-via-ferenci-tamas,,2026-04-28T06:49:01,2026-04-28T06:49:01,1
121645,6111,99,HU,1048,BK,,Gátér,full,,,magyar-posta-via-ferenci-tamas,,2026-04-28T06:49:01,2026-04-28T06:49:01,1
121646,6112,99,HU,1048,BK,,Pálmonostora,full,,,magyar-posta-via-ferenci-tamas,,2026-04-28T06:49:01,2026-04-28T06:49:01,1
121647,6113,99,HU,1048,BK,,Petőfiszállás,full,,,magyar-posta-via-ferenci-tamas,,2026-04-28T06:49:01,2026-04-28T06:49:01,1
121648,6114,99,HU,1048,BK,,Bugac,full,,,magyar-posta-via-ferenci-tamas,,2026-04-28T06:49:01,2026-04-28T06:49:01,1
121649,6114,99,HU,1048,BK,,Bugacpusztaháza,full,,,magyar-posta-via-ferenci-tamas,,2026-04-28T06:49:01,2026-04-28T06:49:01,1
121650,6115,99,HU,1048,BK,,Kunszállás,full,,,magyar-posta-via-ferenci-tamas,,2026-04-28T06:49:01,2026-04-28T06:49:01,1
121651,6116,99,HU,1048,BK,,Fülöpjakab,full,,,magyar-posta-via-ferenci-tamas,,2026-04-28T06:49:01,2026-04-28T06:49:01,1
121652,6120,99,HU,1048,BK,,Kiskunmajsa,full,,,magyar-posta-via-ferenci-tamas,,2026-04-28T06:49:01,2026-04-28T06:49:01,1
121653,6131,99,HU,1048,BK,,Szank,full,,,magyar-posta-via-ferenci-tamas,,2026-04-28T06:49:01,2026-04-28T06:49:01,1
121654,6132,99,HU,1048,BK,,Móricgát,full,,,magyar-posta-via-ferenci-tamas,,2026-04-28T06:49:01,2026-04-28T06:49:01,1
121655,6133,99,HU,1048,BK,,Jászszentlászló,full,,,magyar-posta-via-ferenci-tamas,,2026-04-28T06:49:01,2026-04-28T06:49:01,1
121656,6134,99,HU,1048,BK,,Kömpöc,full,,,magyar-posta-via-ferenci-tamas,,2026-04-28T06:49:01,2026-04-28T06:49:01,1
121657,6135,99,HU,1048,BK,,Csólyospálos,full,,,magyar-posta-via-ferenci-tamas,,2026-04-28T06:49:01,2026-04-28T06:49:01,1
121658,6136,99,HU,1048,BK,,Harkakötöny,full,,,magyar-posta-via-ferenci-tamas,,2026-04-28T06:49:01,2026-04-28T06:49:01,1
121659,6200,99,HU,1048,BK,,Kiskőrös,full,,,magyar-posta-via-ferenci-tamas,,2026-04-28T06:49:01,2026-04-28T06:49:01,1
121660,6211,99,HU,1048,BK,,Kaskantyú,full,,,magyar-posta-via-ferenci-tamas,,2026-04-28T06:49:01,2026-04-28T06:49:01,1
121661,6221,99,HU,1048,BK,,Akasztó,full,,,magyar-posta-via-ferenci-tamas,,2026-04-28T06:49:01,2026-04-28T06:49:01,1
121662,6222,99,HU,1048,BK,,Csengőd,full,,,magyar-posta-via-ferenci-tamas,,2026-04-28T06:49:01,2026-04-28T06:49:01,1
121663,6223,99,HU,1048,BK,,Soltszentimre,full,,,magyar-posta-via-ferenci-tamas,,2026-04-28T06:49:01,2026-04-28T06:49:01,1
121664,6224,99,HU,1048,BK,,Tabdi,full,,,magyar-posta-via-ferenci-tamas,,2026-04-28T06:49:01,2026-04-28T06:49:01,1
121665,6230,99,HU,1048,BK,,Soltvadkert,full,,,magyar-posta-via-ferenci-tamas,,2026-04-28T06:49:01,2026-04-28T06:49:01,1
121666,6235,99,HU,1048,BK,,Bócsa,full,,,magyar-posta-via-ferenci-tamas,,2026-04-28T06:49:01,2026-04-28T06:49:01,1
121667,6236,99,HU,1048,BK,,Tázlár,full,,,magyar-posta-via-ferenci-tamas,,2026-04-28T06:49:01,2026-04-28T06:49:01,1
121668,6237,99,HU,1048,BK,,Kecel,full,,,magyar-posta-via-ferenci-tamas,,2026-04-28T06:49:01,2026-04-28T06:49:01,1
121669,6238,99,HU,1048,BK,,Imrehegy,full,,,magyar-posta-via-ferenci-tamas,,2026-04-28T06:49:01,2026-04-28T06:49:01,1
121670,6239,99,HU,1048,BK,,Császártöltés,full,,,magyar-posta-via-ferenci-tamas,,2026-04-28T06:49:01,2026-04-28T06:49:01,1
121671,6300,99,HU,1048,BK,,Kalocsa,full,,,magyar-posta-via-ferenci-tamas,,2026-04-28T06:49:01,2026-04-28T06:49:01,1
121672,6311,99,HU,1048,BK,,Öregcsertő,full,,,magyar-posta-via-ferenci-tamas,,2026-04-28T06:49:01,2026-04-28T06:49:01,1
121673,6320,99,HU,1048,BK,,Solt,full,,,magyar-posta-via-ferenci-tamas,,2026-04-28T06:49:01,2026-04-28T06:49:01,1
121674,6321,99,HU,1048,BK,,Újsolt,full,,,magyar-posta-via-ferenci-tamas,,2026-04-28T06:49:01,2026-04-28T06:49:01,1
121675,6323,99,HU,1048,BK,,Dunaegyháza,full,,,magyar-posta-via-ferenci-tamas,,2026-04-28T06:49:01,2026-04-28T06:49:01,1
121676,6325,99,HU,1048,BK,,Dunatetétlen,full,,,magyar-posta-via-ferenci-tamas,,2026-04-28T06:49:01,2026-04-28T06:49:01,1
121677,6326,99,HU,1048,BK,,Harta,full,,,magyar-posta-via-ferenci-tamas,,2026-04-28T06:49:01,2026-04-28T06:49:01,1
121678,6327,99,HU,1048,BK,,"Harta, Állampuszta",full,,,magyar-posta-via-ferenci-tamas,,2026-04-28T06:49:01,2026-04-28T06:49:01,1
121679,6328,99,HU,1048,BK,,Dunapataj,full,,,magyar-posta-via-ferenci-tamas,,2026-04-28T06:49:01,2026-04-28T06:49:01,1
121680,6331,99,HU,1048,BK,,Foktő,full,,,magyar-posta-via-ferenci-tamas,,2026-04-28T06:49:01,2026-04-28T06:49:01,1
121681,6332,99,HU,1048,BK,,Uszód,full,,,magyar-posta-via-ferenci-tamas,,2026-04-28T06:49:01,2026-04-28T06:49:01,1
121682,6333,99,HU,1048,BK,,Dunaszentbenedek,full,,,magyar-posta-via-ferenci-tamas,,2026-04-28T06:49:01,2026-04-28T06:49:01,1
121683,6334,99,HU,1048,BK,,Géderlak,full,,,magyar-posta-via-ferenci-tamas,,2026-04-28T06:49:01,2026-04-28T06:49:01,1
121684,6335,99,HU,1048,BK,,Ordas,full,,,magyar-posta-via-ferenci-tamas,,2026-04-28T06:49:01,2026-04-28T06:49:01,1
121685,6336,99,HU,1048,BK,,Szakmár,full,,,magyar-posta-via-ferenci-tamas,,2026-04-28T06:49:01,2026-04-28T06:49:01,1
121686,6337,99,HU,1048,BK,,Újtelek,full,,,magyar-posta-via-ferenci-tamas,,2026-04-28T06:49:01,2026-04-28T06:49:01,1
121687,6341,99,HU,1048,BK,,Homokmégy,full,,,magyar-posta-via-ferenci-tamas,,2026-04-28T06:49:01,2026-04-28T06:49:01,1
121688,6342,99,HU,1048,BK,,Drágszél,full,,,magyar-posta-via-ferenci-tamas,,2026-04-28T06:49:01,2026-04-28T06:49:01,1
121689,6343,99,HU,1048,BK,,Miske,full,,,magyar-posta-via-ferenci-tamas,,2026-04-28T06:49:01,2026-04-28T06:49:01,1
121690,6344,99,HU,1048,BK,,Hajós,full,,,magyar-posta-via-ferenci-tamas,,2026-04-28T06:49:01,2026-04-28T06:49:01,1
121691,6345,99,HU,1048,BK,,Nemesnádudvar,full,,,magyar-posta-via-ferenci-tamas,,2026-04-28T06:49:01,2026-04-28T06:49:01,1
121692,6346,99,HU,1048,BK,,Sükösd,full,,,magyar-posta-via-ferenci-tamas,,2026-04-28T06:49:01,2026-04-28T06:49:01,1
121693,6347,99,HU,1048,BK,,Érsekcsanád,full,,,magyar-posta-via-ferenci-tamas,,2026-04-28T06:49:01,2026-04-28T06:49:01,1
121694,6348,99,HU,1048,BK,,Érsekhalma,full,,,magyar-posta-via-ferenci-tamas,,2026-04-28T06:49:01,2026-04-28T06:49:01,1
121695,6351,99,HU,1048,BK,,Bátya,full,,,magyar-posta-via-ferenci-tamas,,2026-04-28T06:49:01,2026-04-28T06:49:01,1
121696,6352,99,HU,1048,BK,,Fajsz,full,,,magyar-posta-via-ferenci-tamas,,2026-04-28T06:49:01,2026-04-28T06:49:01,1
121697,6353,99,HU,1048,BK,,Dusnok,full,,,magyar-posta-via-ferenci-tamas,,2026-04-28T06:49:01,2026-04-28T06:49:01,1
121698,6400,99,HU,1048,BK,,Kiskunhalas,full,,,magyar-posta-via-ferenci-tamas,,2026-04-28T06:49:01,2026-04-28T06:49:01,1
121699,6411,99,HU,1048,BK,,Zsana,full,,,magyar-posta-via-ferenci-tamas,,2026-04-28T06:49:01,2026-04-28T06:49:01,1
121700,6412,99,HU,1048,BK,,Balotaszállás,full,,,magyar-posta-via-ferenci-tamas,,2026-04-28T06:49:01,2026-04-28T06:49:01,1
121701,6413,99,HU,1048,BK,,Kunfehértó,full,,,magyar-posta-via-ferenci-tamas,,2026-04-28T06:49:01,2026-04-28T06:49:01,1
121702,6414,99,HU,1048,BK,,Pirtó,full,,,magyar-posta-via-ferenci-tamas,,2026-04-28T06:49:01,2026-04-28T06:49:01,1
121703,6421,99,HU,1048,BK,,Kisszállás,full,,,magyar-posta-via-ferenci-tamas,,2026-04-28T06:49:01,2026-04-28T06:49:01,1
121704,6422,99,HU,1048,BK,,Tompa,full,,,magyar-posta-via-ferenci-tamas,,2026-04-28T06:49:01,2026-04-28T06:49:01,1
121705,6423,99,HU,1048,BK,,Kelebia,full,,,magyar-posta-via-ferenci-tamas,,2026-04-28T06:49:01,2026-04-28T06:49:01,1
121706,6424,99,HU,1048,BK,,Csikéria,full,,,magyar-posta-via-ferenci-tamas,,2026-04-28T06:49:01,2026-04-28T06:49:01,1
121707,6425,99,HU,1048,BK,,Bácsszőlős,full,,,magyar-posta-via-ferenci-tamas,,2026-04-28T06:49:01,2026-04-28T06:49:01,1
121708,6430,99,HU,1048,BK,,Bácsalmás,full,,,magyar-posta-via-ferenci-tamas,,2026-04-28T06:49:01,2026-04-28T06:49:01,1
121709,6435,99,HU,1048,BK,,Kunbaja,full,,,magyar-posta-via-ferenci-tamas,,2026-04-28T06:49:01,2026-04-28T06:49:01,1
121710,6440,99,HU,1048,BK,,Jánoshalma,full,,,magyar-posta-via-ferenci-tamas,,2026-04-28T06:49:01,2026-04-28T06:49:01,1
121711,6444,99,HU,1048,BK,,Kéleshalom,full,,,magyar-posta-via-ferenci-tamas,,2026-04-28T06:49:01,2026-04-28T06:49:01,1
121712,6445,99,HU,1048,BK,,Borota,full,,,magyar-posta-via-ferenci-tamas,,2026-04-28T06:49:01,2026-04-28T06:49:01,1
121713,6446,99,HU,1048,BK,,Rém,full,,,magyar-posta-via-ferenci-tamas,,2026-04-28T06:49:01,2026-04-28T06:49:01,1
121714,6447,99,HU,1048,BK,,Felsőszentiván,full,,,magyar-posta-via-ferenci-tamas,,2026-04-28T06:49:01,2026-04-28T06:49:01,1
121715,6448,99,HU,1048,BK,,Csávoly,full,,,magyar-posta-via-ferenci-tamas,,2026-04-28T06:49:01,2026-04-28T06:49:01,1
121716,6449,99,HU,1048,BK,,Mélykút,full,,,magyar-posta-via-ferenci-tamas,,2026-04-28T06:49:01,2026-04-28T06:49:01,1
121717,6451,99,HU,1048,BK,,Tataháza,full,,,magyar-posta-via-ferenci-tamas,,2026-04-28T06:49:01,2026-04-28T06:49:01,1
121718,6452,99,HU,1048,BK,,Mátételke,full,,,magyar-posta-via-ferenci-tamas,,2026-04-28T06:49:01,2026-04-28T06:49:01,1
121719,6453,99,HU,1048,BK,,Bácsbokod,full,,,magyar-posta-via-ferenci-tamas,,2026-04-28T06:49:01,2026-04-28T06:49:01,1
121720,6454,99,HU,1048,BK,,Bácsborsód,full,,,magyar-posta-via-ferenci-tamas,,2026-04-28T06:49:01,2026-04-28T06:49:01,1
121721,6455,99,HU,1048,BK,,Katymár,full,,,magyar-posta-via-ferenci-tamas,,2026-04-28T06:49:01,2026-04-28T06:49:01,1
121722,6456,99,HU,1048,BK,,Madaras,full,,,magyar-posta-via-ferenci-tamas,,2026-04-28T06:49:01,2026-04-28T06:49:01,1
121723,6500,99,HU,1048,BK,,Baja,full,,,magyar-posta-via-ferenci-tamas,,2026-04-28T06:49:01,2026-04-28T06:49:01,1
121724,6503,99,HU,1048,BK,,"Baja, Bajaszentistván",full,,,magyar-posta-via-ferenci-tamas,,2026-04-28T06:49:01,2026-04-28T06:49:01,1
121725,6511,99,HU,1048,BK,,Bácsszentgyörgy,full,,,magyar-posta-via-ferenci-tamas,,2026-04-28T06:49:01,2026-04-28T06:49:01,1
121726,6512,99,HU,1048,BK,,Szeremle,full,,,magyar-posta-via-ferenci-tamas,,2026-04-28T06:49:01,2026-04-28T06:49:01,1
121727,6513,99,HU,1048,BK,,Dunafalva,full,,,magyar-posta-via-ferenci-tamas,,2026-04-28T06:49:01,2026-04-28T06:49:01,1
121728,6521,99,HU,1048,BK,,Vaskút,full,,,magyar-posta-via-ferenci-tamas,,2026-04-28T06:49:01,2026-04-28T06:49:01,1
121729,6522,99,HU,1048,BK,,Gara,full,,,magyar-posta-via-ferenci-tamas,,2026-04-28T06:49:01,2026-04-28T06:49:01,1
121730,6523,99,HU,1048,BK,,Csátalja,full,,,magyar-posta-via-ferenci-tamas,,2026-04-28T06:49:01,2026-04-28T06:49:01,1
121731,6524,99,HU,1048,BK,,Dávod,full,,,magyar-posta-via-ferenci-tamas,,2026-04-28T06:49:01,2026-04-28T06:49:01,1
121732,6525,99,HU,1048,BK,,Hercegszántó,full,,,magyar-posta-via-ferenci-tamas,,2026-04-28T06:49:01,2026-04-28T06:49:01,1
121733,6527,99,HU,1048,BK,,Nagybaracska,full,,,magyar-posta-via-ferenci-tamas,,2026-04-28T06:49:01,2026-04-28T06:49:01,1
121734,6528,99,HU,1048,BK,,Bátmonostor,full,,,magyar-posta-via-ferenci-tamas,,2026-04-28T06:49:01,2026-04-28T06:49:01,1
121735,6600,99,HU,1031,CS,,Szentes,full,,,magyar-posta-via-ferenci-tamas,,2026-04-28T06:49:01,2026-04-28T06:49:01,1
121736,6612,99,HU,1031,CS,,Nagytőke,full,,,magyar-posta-via-ferenci-tamas,,2026-04-28T06:49:01,2026-04-28T06:49:01,1
121737,6621,99,HU,1031,CS,,Derekegyház,full,,,magyar-posta-via-ferenci-tamas,,2026-04-28T06:49:01,2026-04-28T06:49:01,1
121738,6622,99,HU,1031,CS,,Nagymágocs,full,,,magyar-posta-via-ferenci-tamas,,2026-04-28T06:49:01,2026-04-28T06:49:01,1
121739,6623,99,HU,1031,CS,,Árpádhalom,full,,,magyar-posta-via-ferenci-tamas,,2026-04-28T06:49:01,2026-04-28T06:49:01,1
121740,6624,99,HU,1031,CS,,Eperjes,full,,,magyar-posta-via-ferenci-tamas,,2026-04-28T06:49:01,2026-04-28T06:49:01,1
121741,6625,99,HU,1031,CS,,Fábiánsebestyén,full,,,magyar-posta-via-ferenci-tamas,,2026-04-28T06:49:01,2026-04-28T06:49:01,1
121742,6630,99,HU,1031,CS,,Mindszent,full,,,magyar-posta-via-ferenci-tamas,,2026-04-28T06:49:01,2026-04-28T06:49:01,1
121743,6635,99,HU,1031,CS,,Szegvár,full,,,magyar-posta-via-ferenci-tamas,,2026-04-28T06:49:01,2026-04-28T06:49:01,1
121744,6636,99,HU,1031,CS,,Mártély,full,,,magyar-posta-via-ferenci-tamas,,2026-04-28T06:49:01,2026-04-28T06:49:01,1
121745,6640,99,HU,1031,CS,,Csongrád,full,,,magyar-posta-via-ferenci-tamas,,2026-04-28T06:49:01,2026-04-28T06:49:01,1
121746,6645,99,HU,1031,CS,,Felgyő,full,,,magyar-posta-via-ferenci-tamas,,2026-04-28T06:49:01,2026-04-28T06:49:01,1
121747,6646,99,HU,1031,CS,,Tömörkény,full,,,magyar-posta-via-ferenci-tamas,,2026-04-28T06:49:01,2026-04-28T06:49:01,1
121748,6647,99,HU,1031,CS,,Csanytelek,full,,,magyar-posta-via-ferenci-tamas,,2026-04-28T06:49:01,2026-04-28T06:49:01,1
121749,6648,99,HU,1031,CS,,"Csongrád, Bokros",full,,,magyar-posta-via-ferenci-tamas,,2026-04-28T06:49:01,2026-04-28T06:49:01,1
121750,6700,99,HU,1031,CS,,Szeged,full,,,magyar-posta-via-ferenci-tamas,,2026-04-28T06:49:01,2026-04-28T06:49:01,1
121751,6710,99,HU,1031,CS,,Szeged,full,,,magyar-posta-via-ferenci-tamas,,2026-04-28T06:49:01,2026-04-28T06:49:01,1
121752,6720,99,HU,1031,CS,,Szeged,full,,,magyar-posta-via-ferenci-tamas,,2026-04-28T06:49:01,2026-04-28T06:49:01,1
121753,6721,99,HU,1031,CS,,Szeged,full,,,magyar-posta-via-ferenci-tamas,,2026-04-28T06:49:01,2026-04-28T06:49:01,1
121754,6722,99,HU,1031,CS,,Szeged,full,,,magyar-posta-via-ferenci-tamas,,2026-04-28T06:49:01,2026-04-28T06:49:01,1
121755,6723,99,HU,1031,CS,,Szeged,full,,,magyar-posta-via-ferenci-tamas,,2026-04-28T06:49:01,2026-04-28T06:49:01,1
121756,6724,99,HU,1031,CS,,Szeged,full,,,magyar-posta-via-ferenci-tamas,,2026-04-28T06:49:01,2026-04-28T06:49:01,1
121757,6725,99,HU,1031,CS,,Szeged,full,,,magyar-posta-via-ferenci-tamas,,2026-04-28T06:49:01,2026-04-28T06:49:01,1
121758,6726,99,HU,1031,CS,,Szeged,full,,,magyar-posta-via-ferenci-tamas,,2026-04-28T06:49:01,2026-04-28T06:49:01,1
121759,6727,99,HU,1031,CS,,Szeged,full,,,magyar-posta-via-ferenci-tamas,,2026-04-28T06:49:01,2026-04-28T06:49:01,1
121760,6728,99,HU,1031,CS,,Szeged,full,,,magyar-posta-via-ferenci-tamas,,2026-04-28T06:49:01,2026-04-28T06:49:01,1
121761,6729,99,HU,1031,CS,,Szeged,full,,,magyar-posta-via-ferenci-tamas,,2026-04-28T06:49:01,2026-04-28T06:49:01,1
121762,6750,99,HU,1031,CS,,Algyő,full,,,magyar-posta-via-ferenci-tamas,,2026-04-28T06:49:01,2026-04-28T06:49:01,1
121763,6753,99,HU,1031,CS,,Szeged,full,,,magyar-posta-via-ferenci-tamas,,2026-04-28T06:49:01,2026-04-28T06:49:01,1
121764,6754,99,HU,1031,CS,,Újszentiván,full,,,magyar-posta-via-ferenci-tamas,,2026-04-28T06:49:01,2026-04-28T06:49:01,1
121765,6755,99,HU,1031,CS,,Kübekháza,full,,,magyar-posta-via-ferenci-tamas,,2026-04-28T06:49:01,2026-04-28T06:49:01,1
121766,6756,99,HU,1031,CS,,Tiszasziget,full,,,magyar-posta-via-ferenci-tamas,,2026-04-28T06:49:01,2026-04-28T06:49:01,1
121767,6757,99,HU,1031,CS,,Szeged,full,,,magyar-posta-via-ferenci-tamas,,2026-04-28T06:49:01,2026-04-28T06:49:01,1
121768,6758,99,HU,1031,CS,,Röszke,full,,,magyar-posta-via-ferenci-tamas,,2026-04-28T06:49:01,2026-04-28T06:49:01,1
121769,6760,99,HU,1031,CS,,Kistelek,full,,,magyar-posta-via-ferenci-tamas,,2026-04-28T06:49:01,2026-04-28T06:49:01,1
121770,6762,99,HU,1031,CS,,Sándorfalva,full,,,magyar-posta-via-ferenci-tamas,,2026-04-28T06:49:01,2026-04-28T06:49:01,1
121771,6763,99,HU,1031,CS,,Szatymaz,full,,,magyar-posta-via-ferenci-tamas,,2026-04-28T06:49:01,2026-04-28T06:49:01,1
121772,6764,99,HU,1031,CS,,Balástya,full,,,magyar-posta-via-ferenci-tamas,,2026-04-28T06:49:01,2026-04-28T06:49:01,1
121773,6765,99,HU,1031,CS,,Csengele,full,,,magyar-posta-via-ferenci-tamas,,2026-04-28T06:49:01,2026-04-28T06:49:01,1
121774,6766,99,HU,1031,CS,,Dóc,full,,,magyar-posta-via-ferenci-tamas,,2026-04-28T06:49:01,2026-04-28T06:49:01,1
121775,6767,99,HU,1031,CS,,Ópusztaszer,full,,,magyar-posta-via-ferenci-tamas,,2026-04-28T06:49:01,2026-04-28T06:49:01,1
121776,6768,99,HU,1031,CS,,Baks,full,,,magyar-posta-via-ferenci-tamas,,2026-04-28T06:49:01,2026-04-28T06:49:01,1
121777,6769,99,HU,1031,CS,,Pusztaszer,full,,,magyar-posta-via-ferenci-tamas,,2026-04-28T06:49:01,2026-04-28T06:49:01,1
121778,6771,99,HU,1031,CS,,Szeged,full,,,magyar-posta-via-ferenci-tamas,,2026-04-28T06:49:01,2026-04-28T06:49:01,1
121779,6772,99,HU,1031,CS,,Deszk,full,,,magyar-posta-via-ferenci-tamas,,2026-04-28T06:49:01,2026-04-28T06:49:01,1
121780,6773,99,HU,1031,CS,,Klárafalva,full,,,magyar-posta-via-ferenci-tamas,,2026-04-28T06:49:01,2026-04-28T06:49:01,1
121781,6774,99,HU,1031,CS,,Ferencszállás,full,,,magyar-posta-via-ferenci-tamas,,2026-04-28T06:49:01,2026-04-28T06:49:01,1
121782,6775,99,HU,1031,CS,,Kiszombor,full,,,magyar-posta-via-ferenci-tamas,,2026-04-28T06:49:01,2026-04-28T06:49:01,1
121783,6781,99,HU,1031,CS,,Domaszék,full,,,magyar-posta-via-ferenci-tamas,,2026-04-28T06:49:01,2026-04-28T06:49:01,1
121784,6782,99,HU,1031,CS,,Mórahalom,full,,,magyar-posta-via-ferenci-tamas,,2026-04-28T06:49:01,2026-04-28T06:49:01,1
121785,6783,99,HU,1031,CS,,Ásotthalom,full,,,magyar-posta-via-ferenci-tamas,,2026-04-28T06:49:01,2026-04-28T06:49:01,1
121786,6784,99,HU,1031,CS,,Öttömös,full,,,magyar-posta-via-ferenci-tamas,,2026-04-28T06:49:01,2026-04-28T06:49:01,1
121787,6785,99,HU,1031,CS,,Pusztamérges,full,,,magyar-posta-via-ferenci-tamas,,2026-04-28T06:49:01,2026-04-28T06:49:01,1
121788,6786,99,HU,1031,CS,,Ruzsa,full,,,magyar-posta-via-ferenci-tamas,,2026-04-28T06:49:01,2026-04-28T06:49:01,1
121789,6787,99,HU,1031,CS,,Zákányszék,full,,,magyar-posta-via-ferenci-tamas,,2026-04-28T06:49:01,2026-04-28T06:49:01,1
121790,6791,99,HU,1031,CS,,Szeged,full,,,magyar-posta-via-ferenci-tamas,,2026-04-28T06:49:01,2026-04-28T06:49:01,1
121791,6792,99,HU,1031,CS,,Zsombó,full,,,magyar-posta-via-ferenci-tamas,,2026-04-28T06:49:01,2026-04-28T06:49:01,1
121792,6793,99,HU,1031,CS,,Forráskút,full,,,magyar-posta-via-ferenci-tamas,,2026-04-28T06:49:01,2026-04-28T06:49:01,1
121793,6794,99,HU,1031,CS,,Üllés,full,,,magyar-posta-via-ferenci-tamas,,2026-04-28T06:49:01,2026-04-28T06:49:01,1
121794,6795,99,HU,1031,CS,,Bordány,full,,,magyar-posta-via-ferenci-tamas,,2026-04-28T06:49:01,2026-04-28T06:49:01,1
121795,6800,99,HU,1031,CS,,Hódmezővásárhely,full,,,magyar-posta-via-ferenci-tamas,,2026-04-28T06:49:01,2026-04-28T06:49:01,1
121796,6805,99,HU,1031,CS,,"Hódmezővásárhely, Kútvölgy",full,,,magyar-posta-via-ferenci-tamas,,2026-04-28T06:49:01,2026-04-28T06:49:01,1
121797,6806,99,HU,1031,CS,,"Hódmezővásárhely, Szikáncs",full,,,magyar-posta-via-ferenci-tamas,,2026-04-28T06:49:01,2026-04-28T06:49:01,1
121798,6821,99,HU,1031,CS,,Székkutas,full,,,magyar-posta-via-ferenci-tamas,,2026-04-28T06:49:01,2026-04-28T06:49:01,1
121799,6900,99,HU,1031,CS,,Makó,full,,,magyar-posta-via-ferenci-tamas,,2026-04-28T06:49:01,2026-04-28T06:49:01,1
121800,6903,99,HU,1031,CS,,"Makó, Rákos",full,,,magyar-posta-via-ferenci-tamas,,2026-04-28T06:49:01,2026-04-28T06:49:01,1
121801,6911,99,HU,1031,CS,,Királyhegyes,full,,,magyar-posta-via-ferenci-tamas,,2026-04-28T06:49:01,2026-04-28T06:49:01,1
121802,6912,99,HU,1031,CS,,Kövegy,full,,,magyar-posta-via-ferenci-tamas,,2026-04-28T06:49:01,2026-04-28T06:49:01,1
121803,6913,99,HU,1031,CS,,Csanádpalota,full,,,magyar-posta-via-ferenci-tamas,,2026-04-28T06:49:01,2026-04-28T06:49:01,1
121804,6914,99,HU,1031,CS,,Pitvaros,full,,,magyar-posta-via-ferenci-tamas,,2026-04-28T06:49:01,2026-04-28T06:49:01,1
121805,6915,99,HU,1031,CS,,Csanádalberti,full,,,magyar-posta-via-ferenci-tamas,,2026-04-28T06:49:01,2026-04-28T06:49:01,1
121806,6916,99,HU,1031,CS,,Ambrózfalva,full,,,magyar-posta-via-ferenci-tamas,,2026-04-28T06:49:01,2026-04-28T06:49:01,1
121807,6917,99,HU,1031,CS,,Nagyér,full,,,magyar-posta-via-ferenci-tamas,,2026-04-28T06:49:01,2026-04-28T06:49:01,1
121808,6921,99,HU,1031,CS,,Maroslele,full,,,magyar-posta-via-ferenci-tamas,,2026-04-28T06:49:01,2026-04-28T06:49:01,1
121809,6922,99,HU,1031,CS,,Földeák,full,,,magyar-posta-via-ferenci-tamas,,2026-04-28T06:49:01,2026-04-28T06:49:01,1
121810,6923,99,HU,1031,CS,,Óföldeák,full,,,magyar-posta-via-ferenci-tamas,,2026-04-28T06:49:01,2026-04-28T06:49:01,1
121811,6931,99,HU,1031,CS,,Apátfalva,full,,,magyar-posta-via-ferenci-tamas,,2026-04-28T06:49:01,2026-04-28T06:49:01,1
121812,6932,99,HU,1031,CS,,Magyarcsanád,full,,,magyar-posta-via-ferenci-tamas,,2026-04-28T06:49:01,2026-04-28T06:49:01,1
121813,6933,99,HU,1031,CS,,Nagylak,full,,,magyar-posta-via-ferenci-tamas,,2026-04-28T06:49:01,2026-04-28T06:49:01,1
121814,7000,99,HU,1044,FE,,Sárbogárd,full,,,magyar-posta-via-ferenci-tamas,,2026-04-28T06:49:01,2026-04-28T06:49:01,1
121815,7003,99,HU,1044,FE,,"Sárbogárd, Sárszentmiklós",full,,,magyar-posta-via-ferenci-tamas,,2026-04-28T06:49:01,2026-04-28T06:49:01,1
121816,7011,99,HU,1044,FE,,Alap,full,,,magyar-posta-via-ferenci-tamas,,2026-04-28T06:49:01,2026-04-28T06:49:01,1
121817,7012,99,HU,1044,FE,,Alsószentiván,full,,,magyar-posta-via-ferenci-tamas,,2026-04-28T06:49:01,2026-04-28T06:49:01,1
121818,7013,99,HU,1044,FE,,Cece,full,,,magyar-posta-via-ferenci-tamas,,2026-04-28T06:49:01,2026-04-28T06:49:01,1
121819,7014,99,HU,1044,FE,,Sáregres,full,,,magyar-posta-via-ferenci-tamas,,2026-04-28T06:49:01,2026-04-28T06:49:01,1
121820,7015,99,HU,1044,FE,,Igar,full,,,magyar-posta-via-ferenci-tamas,,2026-04-28T06:49:01,2026-04-28T06:49:01,1
121821,7016,99,HU,1044,FE,,"Igar, Vámszőlőhegy",full,,,magyar-posta-via-ferenci-tamas,,2026-04-28T06:49:01,2026-04-28T06:49:01,1
121822,7017,99,HU,1044,FE,,Mezőszilas,full,,,magyar-posta-via-ferenci-tamas,,2026-04-28T06:49:01,2026-04-28T06:49:01,1
121823,7018,99,HU,1044,FE,,"Sárbogárd, Pusztaegres",full,,,magyar-posta-via-ferenci-tamas,,2026-04-28T06:49:01,2026-04-28T06:49:01,1
121824,7019,99,HU,1044,FE,,"Sárbogárd, Sárhatvan",full,,,magyar-posta-via-ferenci-tamas,,2026-04-28T06:49:01,2026-04-28T06:49:01,1
121825,7020,99,HU,1038,TO,,Dunaföldvár,full,,,magyar-posta-via-ferenci-tamas,,2026-04-28T06:49:01,2026-04-28T06:49:01,1
121826,7025,99,HU,1038,TO,,Bölcske,full,,,magyar-posta-via-ferenci-tamas,,2026-04-28T06:49:01,2026-04-28T06:49:01,1
121827,7026,99,HU,1038,TO,,Madocsa,full,,,magyar-posta-via-ferenci-tamas,,2026-04-28T06:49:01,2026-04-28T06:49:01,1
121828,7027,99,HU,1038,TO,,"Paks, Dunakömlőd",full,,,magyar-posta-via-ferenci-tamas,,2026-04-28T06:49:01,2026-04-28T06:49:01,1
121829,7030,99,HU,1038,TO,,Paks,full,,,magyar-posta-via-ferenci-tamas,,2026-04-28T06:49:01,2026-04-28T06:49:01,1
121830,7038,99,HU,1038,TO,,Pusztahencse,full,,,magyar-posta-via-ferenci-tamas,,2026-04-28T06:49:01,2026-04-28T06:49:01,1
121831,7039,99,HU,1038,TO,,Németkér,full,,,magyar-posta-via-ferenci-tamas,,2026-04-28T06:49:01,2026-04-28T06:49:01,1
121832,7041,99,HU,1044,FE,,Vajta,full,,,magyar-posta-via-ferenci-tamas,,2026-04-28T06:49:01,2026-04-28T06:49:01,1
121833,7042,99,HU,1038,TO,,Pálfa,full,,,magyar-posta-via-ferenci-tamas,,2026-04-28T06:49:01,2026-04-28T06:49:01,1
121834,7043,99,HU,1038,TO,,Bikács,full,,,magyar-posta-via-ferenci-tamas,,2026-04-28T06:49:01,2026-04-28T06:49:01,1
121835,7044,99,HU,1038,TO,,Nagydorog,full,,,magyar-posta-via-ferenci-tamas,,2026-04-28T06:49:01,2026-04-28T06:49:01,1
121836,7045,99,HU,1038,TO,,Györköny,full,,,magyar-posta-via-ferenci-tamas,,2026-04-28T06:49:01,2026-04-28T06:49:01,1
121837,7047,99,HU,1038,TO,,Sárszentlőrinc,full,,,magyar-posta-via-ferenci-tamas,,2026-04-28T06:49:01,2026-04-28T06:49:01,1
121838,7051,99,HU,1038,TO,,Kajdacs,full,,,magyar-posta-via-ferenci-tamas,,2026-04-28T06:49:01,2026-04-28T06:49:01,1
121839,7052,99,HU,1038,TO,,Kölesd,full,,,magyar-posta-via-ferenci-tamas,,2026-04-28T06:49:01,2026-04-28T06:49:01,1
121840,7054,99,HU,1038,TO,,Tengelic,full,,,magyar-posta-via-ferenci-tamas,,2026-04-28T06:49:01,2026-04-28T06:49:01,1
121841,7056,99,HU,1038,TO,,Szedres,full,,,magyar-posta-via-ferenci-tamas,,2026-04-28T06:49:01,2026-04-28T06:49:01,1
121842,7057,99,HU,1038,TO,,Medina,full,,,magyar-posta-via-ferenci-tamas,,2026-04-28T06:49:01,2026-04-28T06:49:01,1
121843,7061,99,HU,1038,TO,,Belecska,full,,,magyar-posta-via-ferenci-tamas,,2026-04-28T06:49:01,2026-04-28T06:49:01,1
121844,7062,99,HU,1038,TO,,Keszőhidegkút,full,,,magyar-posta-via-ferenci-tamas,,2026-04-28T06:49:01,2026-04-28T06:49:01,1
121845,7063,99,HU,1038,TO,,Szárazd,full,,,magyar-posta-via-ferenci-tamas,,2026-04-28T06:49:01,2026-04-28T06:49:01,1
121846,7064,99,HU,1038,TO,,Gyönk,full,,,magyar-posta-via-ferenci-tamas,,2026-04-28T06:49:01,2026-04-28T06:49:01,1
121847,7065,99,HU,1038,TO,,Miszla,full,,,magyar-posta-via-ferenci-tamas,,2026-04-28T06:49:01,2026-04-28T06:49:01,1
121848,7066,99,HU,1038,TO,,Udvari,full,,,magyar-posta-via-ferenci-tamas,,2026-04-28T06:49:01,2026-04-28T06:49:01,1
121849,7067,99,HU,1038,TO,,Varsád,full,,,magyar-posta-via-ferenci-tamas,,2026-04-28T06:49:01,2026-04-28T06:49:01,1
121850,7068,99,HU,1038,TO,,Kistormás,full,,,magyar-posta-via-ferenci-tamas,,2026-04-28T06:49:01,2026-04-28T06:49:01,1
121851,7071,99,HU,1038,TO,,Szakadát,full,,,magyar-posta-via-ferenci-tamas,,2026-04-28T06:49:01,2026-04-28T06:49:01,1
121852,7072,99,HU,1038,TO,,Diósberény,full,,,magyar-posta-via-ferenci-tamas,,2026-04-28T06:49:01,2026-04-28T06:49:01,1
121853,7081,99,HU,1038,TO,,Simontornya,full,,,magyar-posta-via-ferenci-tamas,,2026-04-28T06:49:01,2026-04-28T06:49:01,1
121854,7082,99,HU,1038,TO,,Kisszékely,full,,,magyar-posta-via-ferenci-tamas,,2026-04-28T06:49:01,2026-04-28T06:49:01,1
121855,7083,99,HU,1038,TO,,Tolnanémedi,full,,,magyar-posta-via-ferenci-tamas,,2026-04-28T06:49:01,2026-04-28T06:49:01,1
121856,7084,99,HU,1038,TO,,Pincehely,full,,,magyar-posta-via-ferenci-tamas,,2026-04-28T06:49:01,2026-04-28T06:49:01,1
121857,7085,99,HU,1038,TO,,Nagyszékely,full,,,magyar-posta-via-ferenci-tamas,,2026-04-28T06:49:01,2026-04-28T06:49:01,1
121858,7086,99,HU,1038,TO,,Ozora,full,,,magyar-posta-via-ferenci-tamas,,2026-04-28T06:49:01,2026-04-28T06:49:01,1
121859,7087,99,HU,1038,TO,,Fürged,full,,,magyar-posta-via-ferenci-tamas,,2026-04-28T06:49:01,2026-04-28T06:49:01,1
121860,7090,99,HU,1038,TO,,Tamási,full,,,magyar-posta-via-ferenci-tamas,,2026-04-28T06:49:01,2026-04-28T06:49:01,1
121861,7091,99,HU,1038,TO,,Pári,full,,,magyar-posta-via-ferenci-tamas,,2026-04-28T06:49:01,2026-04-28T06:49:01,1
121862,7092,99,HU,1038,TO,,Nagykónyi,full,,,magyar-posta-via-ferenci-tamas,,2026-04-28T06:49:01,2026-04-28T06:49:01,1
121863,7093,99,HU,1038,TO,,Értény,full,,,magyar-posta-via-ferenci-tamas,,2026-04-28T06:49:01,2026-04-28T06:49:01,1
121864,7094,99,HU,1038,TO,,Koppányszántó,full,,,magyar-posta-via-ferenci-tamas,,2026-04-28T06:49:01,2026-04-28T06:49:01,1
121865,7095,99,HU,1038,TO,,Iregszemcse,full,,,magyar-posta-via-ferenci-tamas,,2026-04-28T06:49:01,2026-04-28T06:49:01,1
121866,7095,99,HU,1038,TO,,Újireg,full,,,magyar-posta-via-ferenci-tamas,,2026-04-28T06:49:01,2026-04-28T06:49:01,1
121867,7097,99,HU,1038,TO,,Nagyszokoly,full,,,magyar-posta-via-ferenci-tamas,,2026-04-28T06:49:01,2026-04-28T06:49:01,1
121868,7098,99,HU,1038,TO,,Magyarkeszi,full,,,magyar-posta-via-ferenci-tamas,,2026-04-28T06:49:01,2026-04-28T06:49:01,1
121869,7099,99,HU,1038,TO,,Felsőnyék,full,,,magyar-posta-via-ferenci-tamas,,2026-04-28T06:49:01,2026-04-28T06:49:01,1
121870,7100,99,HU,1038,TO,,Szekszárd,full,,,magyar-posta-via-ferenci-tamas,,2026-04-28T06:49:01,2026-04-28T06:49:01,1
121871,7121,99,HU,1038,TO,,Szálka,full,,,magyar-posta-via-ferenci-tamas,,2026-04-28T06:49:01,2026-04-28T06:49:01,1
121872,7122,99,HU,1038,TO,,Kakasd,full,,,magyar-posta-via-ferenci-tamas,,2026-04-28T06:49:01,2026-04-28T06:49:01,1
121873,7130,99,HU,1038,TO,,Tolna,full,,,magyar-posta-via-ferenci-tamas,,2026-04-28T06:49:01,2026-04-28T06:49:01,1
121874,7131,99,HU,1038,TO,,"Tolna, Mözs",full,,,magyar-posta-via-ferenci-tamas,,2026-04-28T06:49:01,2026-04-28T06:49:01,1
121875,7132,99,HU,1038,TO,,Bogyiszló,full,,,magyar-posta-via-ferenci-tamas,,2026-04-28T06:49:01,2026-04-28T06:49:01,1
121876,7133,99,HU,1038,TO,,Fadd,full,,,magyar-posta-via-ferenci-tamas,,2026-04-28T06:49:01,2026-04-28T06:49:01,1
121877,7134,99,HU,1038,TO,,Gerjen,full,,,magyar-posta-via-ferenci-tamas,,2026-04-28T06:49:01,2026-04-28T06:49:01,1
121878,7135,99,HU,1038,TO,,Dunaszentgyörgy,full,,,magyar-posta-via-ferenci-tamas,,2026-04-28T06:49:01,2026-04-28T06:49:01,1
121879,7136,99,HU,1038,TO,,Fácánkert,full,,,magyar-posta-via-ferenci-tamas,,2026-04-28T06:49:01,2026-04-28T06:49:01,1
121880,7140,99,HU,1038,TO,,Bátaszék,full,,,magyar-posta-via-ferenci-tamas,,2026-04-28T06:49:01,2026-04-28T06:49:01,1
121881,7142,99,HU,1038,TO,,Pörböly,full,,,magyar-posta-via-ferenci-tamas,,2026-04-28T06:49:01,2026-04-28T06:49:01,1
121882,7143,99,HU,1038,TO,,Őcsény,full,,,magyar-posta-via-ferenci-tamas,,2026-04-28T06:49:01,2026-04-28T06:49:01,1
121883,7144,99,HU,1038,TO,,Decs,full,,,magyar-posta-via-ferenci-tamas,,2026-04-28T06:49:01,2026-04-28T06:49:01,1
121884,7145,99,HU,1038,TO,,Sárpilis,full,,,magyar-posta-via-ferenci-tamas,,2026-04-28T06:49:01,2026-04-28T06:49:01,1
121885,7146,99,HU,1038,TO,,Várdomb,full,,,magyar-posta-via-ferenci-tamas,,2026-04-28T06:49:01,2026-04-28T06:49:01,1
121886,7147,99,HU,1038,TO,,Alsónána,full,,,magyar-posta-via-ferenci-tamas,,2026-04-28T06:49:01,2026-04-28T06:49:01,1
121887,7148,99,HU,1038,TO,,Alsónyék,full,,,magyar-posta-via-ferenci-tamas,,2026-04-28T06:49:01,2026-04-28T06:49:01,1
121888,7149,99,HU,1038,TO,,Báta,full,,,magyar-posta-via-ferenci-tamas,,2026-04-28T06:49:01,2026-04-28T06:49:01,1
121889,7150,99,HU,1038,TO,,Bonyhád,full,,,magyar-posta-via-ferenci-tamas,,2026-04-28T06:49:01,2026-04-28T06:49:01,1
121890,7158,99,HU,1038,TO,,Bonyhádvarasd,full,,,magyar-posta-via-ferenci-tamas,,2026-04-28T06:49:01,2026-04-28T06:49:01,1
121891,7159,99,HU,1038,TO,,Kisdorog,full,,,magyar-posta-via-ferenci-tamas,,2026-04-28T06:49:01,2026-04-28T06:49:01,1
121892,7161,99,HU,1038,TO,,Cikó,full,,,magyar-posta-via-ferenci-tamas,,2026-04-28T06:49:01,2026-04-28T06:49:01,1
121893,7162,99,HU,1038,TO,,Grábóc,full,,,magyar-posta-via-ferenci-tamas,,2026-04-28T06:49:01,2026-04-28T06:49:01,1
121894,7163,99,HU,1038,TO,,Mőcsény,full,,,magyar-posta-via-ferenci-tamas,,2026-04-28T06:49:01,2026-04-28T06:49:01,1
121895,7164,99,HU,1038,TO,,Bátaapáti,full,,,magyar-posta-via-ferenci-tamas,,2026-04-28T06:49:01,2026-04-28T06:49:01,1
121896,7165,99,HU,1038,TO,,Mórágy,full,,,magyar-posta-via-ferenci-tamas,,2026-04-28T06:49:01,2026-04-28T06:49:01,1
121897,7171,99,HU,1038,TO,,Sióagárd,full,,,magyar-posta-via-ferenci-tamas,,2026-04-28T06:49:01,2026-04-28T06:49:01,1
121898,7172,99,HU,1038,TO,,Harc,full,,,magyar-posta-via-ferenci-tamas,,2026-04-28T06:49:01,2026-04-28T06:49:01,1
121899,7173,99,HU,1038,TO,,Zomba,full,,,magyar-posta-via-ferenci-tamas,,2026-04-28T06:49:01,2026-04-28T06:49:01,1
121900,7174,99,HU,1038,TO,,Kéty,full,,,magyar-posta-via-ferenci-tamas,,2026-04-28T06:49:01,2026-04-28T06:49:01,1
121901,7175,99,HU,1038,TO,,Felsőnána,full,,,magyar-posta-via-ferenci-tamas,,2026-04-28T06:49:01,2026-04-28T06:49:01,1
121902,7176,99,HU,1038,TO,,Murga,full,,,magyar-posta-via-ferenci-tamas,,2026-04-28T06:49:01,2026-04-28T06:49:01,1
121903,7181,99,HU,1038,TO,,Tevel,full,,,magyar-posta-via-ferenci-tamas,,2026-04-28T06:49:01,2026-04-28T06:49:01,1
121904,7182,99,HU,1038,TO,,Závod,full,,,magyar-posta-via-ferenci-tamas,,2026-04-28T06:49:01,2026-04-28T06:49:01,1
121905,7183,99,HU,1038,TO,,Kisvejke,full,,,magyar-posta-via-ferenci-tamas,,2026-04-28T06:49:01,2026-04-28T06:49:01,1
121906,7184,99,HU,1038,TO,,Lengyel,full,,,magyar-posta-via-ferenci-tamas,,2026-04-28T06:49:01,2026-04-28T06:49:01,1
121907,7185,99,HU,1038,TO,,Mucsfa,full,,,magyar-posta-via-ferenci-tamas,,2026-04-28T06:49:01,2026-04-28T06:49:01,1
121908,7186,99,HU,1038,TO,,Aparhant,full,,,magyar-posta-via-ferenci-tamas,,2026-04-28T06:49:01,2026-04-28T06:49:01,1
121909,7186,99,HU,1038,TO,,Nagyvejke,full,,,magyar-posta-via-ferenci-tamas,,2026-04-28T06:49:01,2026-04-28T06:49:01,1
121910,7187,99,HU,1038,TO,,"Bonyhád, Majos",full,,,magyar-posta-via-ferenci-tamas,,2026-04-28T06:49:01,2026-04-28T06:49:01,1
121911,7188,99,HU,1055,BA,,Szárász,full,,,magyar-posta-via-ferenci-tamas,,2026-04-28T06:49:01,2026-04-28T06:49:01,1
121912,7191,99,HU,1038,TO,,Hőgyész,full,,,magyar-posta-via-ferenci-tamas,,2026-04-28T06:49:01,2026-04-28T06:49:01,1
121913,7192,99,HU,1038,TO,,Szakály,full,,,magyar-posta-via-ferenci-tamas,,2026-04-28T06:49:01,2026-04-28T06:49:01,1
121914,7193,99,HU,1038,TO,,Regöly,full,,,magyar-posta-via-ferenci-tamas,,2026-04-28T06:49:01,2026-04-28T06:49:01,1
121915,7194,99,HU,1038,TO,,Kalaznó,full,,,magyar-posta-via-ferenci-tamas,,2026-04-28T06:49:01,2026-04-28T06:49:01,1
121916,7195,99,HU,1038,TO,,Mucsi,full,,,magyar-posta-via-ferenci-tamas,,2026-04-28T06:49:01,2026-04-28T06:49:01,1
121917,7200,99,HU,1038,TO,,Dombóvár,full,,,magyar-posta-via-ferenci-tamas,,2026-04-28T06:49:01,2026-04-28T06:49:01,1
121918,7211,99,HU,1038,TO,,Dalmand,full,,,magyar-posta-via-ferenci-tamas,,2026-04-28T06:49:01,2026-04-28T06:49:01,1
121919,7212,99,HU,1038,TO,,Kocsola,full,,,magyar-posta-via-ferenci-tamas,,2026-04-28T06:49:01,2026-04-28T06:49:01,1
121920,7213,99,HU,1038,TO,,Szakcs,full,,,magyar-posta-via-ferenci-tamas,,2026-04-28T06:49:01,2026-04-28T06:49:01,1
121921,7214,99,HU,1038,TO,,Lápafő,full,,,magyar-posta-via-ferenci-tamas,,2026-04-28T06:49:01,2026-04-28T06:49:01,1
121922,7214,99,HU,1038,TO,,Várong,full,,,magyar-posta-via-ferenci-tamas,,2026-04-28T06:49:01,2026-04-28T06:49:01,1
121923,7215,99,HU,1038,TO,,Nak,full,,,magyar-posta-via-ferenci-tamas,,2026-04-28T06:49:01,2026-04-28T06:49:01,1
121924,7224,99,HU,1038,TO,,Dúzs,full,,,magyar-posta-via-ferenci-tamas,,2026-04-28T06:49:01,2026-04-28T06:49:01,1
121925,7225,99,HU,1038,TO,,Csibrák,full,,,magyar-posta-via-ferenci-tamas,,2026-04-28T06:49:01,2026-04-28T06:49:01,1
121926,7226,99,HU,1038,TO,,Kurd,full,,,magyar-posta-via-ferenci-tamas,,2026-04-28T06:49:01,2026-04-28T06:49:01,1
121927,7227,99,HU,1038,TO,,Gyulaj,full,,,magyar-posta-via-ferenci-tamas,,2026-04-28T06:49:01,2026-04-28T06:49:01,1
121928,7228,99,HU,1038,TO,,Döbrököz,full,,,magyar-posta-via-ferenci-tamas,,2026-04-28T06:49:01,2026-04-28T06:49:01,1
121929,7251,99,HU,1038,TO,,Kapospula,full,,,magyar-posta-via-ferenci-tamas,,2026-04-28T06:49:01,2026-04-28T06:49:01,1
121930,7252,99,HU,1038,TO,,Attala,full,,,magyar-posta-via-ferenci-tamas,,2026-04-28T06:49:01,2026-04-28T06:49:01,1
121931,7253,99,HU,1035,SO,,Csoma,full,,,magyar-posta-via-ferenci-tamas,,2026-04-28T06:49:01,2026-04-28T06:49:01,1
121932,7253,99,HU,1035,SO,,Szabadi,full,,,magyar-posta-via-ferenci-tamas,,2026-04-28T06:49:01,2026-04-28T06:49:01,1
121933,7255,99,HU,1035,SO,,Nagyberki,full,,,magyar-posta-via-ferenci-tamas,,2026-04-28T06:49:01,2026-04-28T06:49:01,1
121934,7256,99,HU,1035,SO,,Kercseliget,full,,,magyar-posta-via-ferenci-tamas,,2026-04-28T06:49:01,2026-04-28T06:49:01,1
121935,7257,99,HU,1035,SO,,Mosdós,full,,,magyar-posta-via-ferenci-tamas,,2026-04-28T06:49:01,2026-04-28T06:49:01,1
121936,7258,99,HU,1035,SO,,Baté,full,,,magyar-posta-via-ferenci-tamas,,2026-04-28T06:49:01,2026-04-28T06:49:01,1
121937,7258,99,HU,1035,SO,,Kaposkeresztúr,full,,,magyar-posta-via-ferenci-tamas,,2026-04-28T06:49:01,2026-04-28T06:49:01,1
121938,7261,99,HU,1035,SO,,Kaposhomok,full,,,magyar-posta-via-ferenci-tamas,,2026-04-28T06:49:01,2026-04-28T06:49:01,1
121939,7261,99,HU,1035,SO,,Taszár,full,,,magyar-posta-via-ferenci-tamas,,2026-04-28T06:49:01,2026-04-28T06:49:01,1
121940,7271,99,HU,1035,SO,,Fonó,full,,,magyar-posta-via-ferenci-tamas,,2026-04-28T06:49:01,2026-04-28T06:49:01,1
121941,7272,99,HU,1035,SO,,Gölle,full,,,magyar-posta-via-ferenci-tamas,,2026-04-28T06:49:01,2026-04-28T06:49:01,1
121942,7273,99,HU,1035,SO,,Büssü,full,,,magyar-posta-via-ferenci-tamas,,2026-04-28T06:49:01,2026-04-28T06:49:01,1
121943,7274,99,HU,1035,SO,,Kazsok,full,,,magyar-posta-via-ferenci-tamas,,2026-04-28T06:49:01,2026-04-28T06:49:01,1
121944,7275,99,HU,1035,SO,,Igal,full,,,magyar-posta-via-ferenci-tamas,,2026-04-28T06:49:01,2026-04-28T06:49:01,1
121945,7276,99,HU,1035,SO,,Gadács,full,,,magyar-posta-via-ferenci-tamas,,2026-04-28T06:49:01,2026-04-28T06:49:01,1
121946,7276,99,HU,1035,SO,,Somogyszil,full,,,magyar-posta-via-ferenci-tamas,,2026-04-28T06:49:01,2026-04-28T06:49:01,1
121947,7279,99,HU,1035,SO,,Kisgyalán,full,,,magyar-posta-via-ferenci-tamas,,2026-04-28T06:49:01,2026-04-28T06:49:01,1
121948,7281,99,HU,1035,SO,,Bonnya,full,,,magyar-posta-via-ferenci-tamas,,2026-04-28T06:49:01,2026-04-28T06:49:01,1
121949,7282,99,HU,1035,SO,,Fiad,full,,,magyar-posta-via-ferenci-tamas,,2026-04-28T06:49:01,2026-04-28T06:49:01,1
121950,7282,99,HU,1035,SO,,Kisbárapáti,full,,,magyar-posta-via-ferenci-tamas,,2026-04-28T06:49:01,2026-04-28T06:49:01,1
121951,7283,99,HU,1035,SO,,Somogyacsa,full,,,magyar-posta-via-ferenci-tamas,,2026-04-28T06:49:01,2026-04-28T06:49:01,1
121952,7284,99,HU,1035,SO,,Somogydöröcske,full,,,magyar-posta-via-ferenci-tamas,,2026-04-28T06:49:01,2026-04-28T06:49:01,1
121953,7285,99,HU,1035,SO,,Kára,full,,,magyar-posta-via-ferenci-tamas,,2026-04-28T06:49:01,2026-04-28T06:49:01,1
121954,7285,99,HU,1035,SO,,Szorosad,full,,,magyar-posta-via-ferenci-tamas,,2026-04-28T06:49:01,2026-04-28T06:49:01,1
121955,7285,99,HU,1035,SO,,Törökkoppány,full,,,magyar-posta-via-ferenci-tamas,,2026-04-28T06:49:01,2026-04-28T06:49:01,1
121956,7300,99,HU,1055,BA,,Komló,full,,,magyar-posta-via-ferenci-tamas,,2026-04-28T06:49:01,2026-04-28T06:49:01,1
121957,7304,99,HU,1055,BA,,Mánfa,full,,,magyar-posta-via-ferenci-tamas,,2026-04-28T06:49:01,2026-04-28T06:49:01,1
121958,7305,99,HU,1055,BA,,Mecsekpölöske,full,,,magyar-posta-via-ferenci-tamas,,2026-04-28T06:49:01,2026-04-28T06:49:01,1
121959,7331,99,HU,1055,BA,,Liget,full,,,magyar-posta-via-ferenci-tamas,,2026-04-28T06:49:01,2026-04-28T06:49:01,1
121960,7332,99,HU,1055,BA,,Magyaregregy,full,,,magyar-posta-via-ferenci-tamas,,2026-04-28T06:49:01,2026-04-28T06:49:01,1
121961,7333,99,HU,1055,BA,,Kárász,full,,,magyar-posta-via-ferenci-tamas,,2026-04-28T06:49:01,2026-04-28T06:49:01,1
121962,7333,99,HU,1055,BA,,Vékény,full,,,magyar-posta-via-ferenci-tamas,,2026-04-28T06:49:01,2026-04-28T06:49:01,1
121963,7334,99,HU,1055,BA,,Köblény,full,,,magyar-posta-via-ferenci-tamas,,2026-04-28T06:49:01,2026-04-28T06:49:01,1
121964,7334,99,HU,1055,BA,,Szalatnak,full,,,magyar-posta-via-ferenci-tamas,,2026-04-28T06:49:01,2026-04-28T06:49:01,1
121965,7341,99,HU,1038,TO,,Csikóstőttős,full,,,magyar-posta-via-ferenci-tamas,,2026-04-28T06:49:01,2026-04-28T06:49:01,1
121966,7342,99,HU,1055,BA,,Mágocs,full,,,magyar-posta-via-ferenci-tamas,,2026-04-28T06:49:01,2026-04-28T06:49:01,1
121967,7343,99,HU,1055,BA,,Nagyhajmás,full,,,magyar-posta-via-ferenci-tamas,,2026-04-28T06:49:01,2026-04-28T06:49:01,1
121968,7344,99,HU,1055,BA,,Mekényes,full,,,magyar-posta-via-ferenci-tamas,,2026-04-28T06:49:01,2026-04-28T06:49:01,1
121969,7345,99,HU,1055,BA,,Alsómocsolád,full,,,magyar-posta-via-ferenci-tamas,,2026-04-28T06:49:01,2026-04-28T06:49:01,1
121970,7346,99,HU,1055,BA,,Bikal,full,,,magyar-posta-via-ferenci-tamas,,2026-04-28T06:49:01,2026-04-28T06:49:01,1
121971,7347,99,HU,1055,BA,,Egyházaskozár,full,,,magyar-posta-via-ferenci-tamas,,2026-04-28T06:49:01,2026-04-28T06:49:01,1
121972,7348,99,HU,1055,BA,,Hegyhátmaróc,full,,,magyar-posta-via-ferenci-tamas,,2026-04-28T06:49:01,2026-04-28T06:49:01,1
121973,7348,99,HU,1055,BA,,Tófű,full,,,magyar-posta-via-ferenci-tamas,,2026-04-28T06:49:01,2026-04-28T06:49:01,1
121974,7349,99,HU,1055,BA,,Szászvár,full,,,magyar-posta-via-ferenci-tamas,,2026-04-28T06:49:01,2026-04-28T06:49:01,1
121975,7351,99,HU,1055,BA,,Máza,full,,,magyar-posta-via-ferenci-tamas,,2026-04-28T06:49:01,2026-04-28T06:49:01,1
121976,7352,99,HU,1038,TO,,Györe,full,,,magyar-posta-via-ferenci-tamas,,2026-04-28T06:49:01,2026-04-28T06:49:01,1
121977,7353,99,HU,1038,TO,,Izmény,full,,,magyar-posta-via-ferenci-tamas,,2026-04-28T06:49:01,2026-04-28T06:49:01,1
121978,7354,99,HU,1038,TO,,Váralja,full,,,magyar-posta-via-ferenci-tamas,,2026-04-28T06:49:01,2026-04-28T06:49:01,1
121979,7355,99,HU,1038,TO,,Nagymányok,full,,,magyar-posta-via-ferenci-tamas,,2026-04-28T06:49:01,2026-04-28T06:49:01,1
121980,7356,99,HU,1038,TO,,Kismányok,full,,,magyar-posta-via-ferenci-tamas,,2026-04-28T06:49:01,2026-04-28T06:49:01,1
121981,7357,99,HU,1038,TO,,Jágónak,full,,,magyar-posta-via-ferenci-tamas,,2026-04-28T06:49:01,2026-04-28T06:49:01,1
121982,7361,99,HU,1038,TO,,Kaposszekcső,full,,,magyar-posta-via-ferenci-tamas,,2026-04-28T06:49:01,2026-04-28T06:49:01,1
121983,7362,99,HU,1055,BA,,Gerényes,full,,,magyar-posta-via-ferenci-tamas,,2026-04-28T06:49:01,2026-04-28T06:49:01,1
121984,7362,99,HU,1055,BA,,Tarrós,full,,,magyar-posta-via-ferenci-tamas,,2026-04-28T06:49:01,2026-04-28T06:49:01,1
121985,7362,99,HU,1055,BA,,Vásárosdombó,full,,,magyar-posta-via-ferenci-tamas,,2026-04-28T06:49:01,2026-04-28T06:49:01,1
121986,7370,99,HU,1055,BA,,Felsőegerszeg,full,,,magyar-posta-via-ferenci-tamas,,2026-04-28T06:49:01,2026-04-28T06:49:01,1
121987,7370,99,HU,1055,BA,,Meződ,full,,,magyar-posta-via-ferenci-tamas,,2026-04-28T06:49:01,2026-04-28T06:49:01,1
121988,7370,99,HU,1055,BA,,Oroszló,full,,,magyar-posta-via-ferenci-tamas,,2026-04-28T06:49:01,2026-04-28T06:49:01,1
121989,7370,99,HU,1055,BA,,Palé,full,,,magyar-posta-via-ferenci-tamas,,2026-04-28T06:49:01,2026-04-28T06:49:01,1
121990,7370,99,HU,1055,BA,,Sásd,full,,,magyar-posta-via-ferenci-tamas,,2026-04-28T06:49:01,2026-04-28T06:49:01,1
121991,7370,99,HU,1055,BA,,Varga,full,,,magyar-posta-via-ferenci-tamas,,2026-04-28T06:49:01,2026-04-28T06:49:01,1
121992,7370,99,HU,1055,BA,,Vázsnok,full,,,magyar-posta-via-ferenci-tamas,,2026-04-28T06:49:01,2026-04-28T06:49:01,1
121993,7381,99,HU,1055,BA,,Kisvaszar,full,,,magyar-posta-via-ferenci-tamas,,2026-04-28T06:49:01,2026-04-28T06:49:01,1
121994,7381,99,HU,1055,BA,,Tékes,full,,,magyar-posta-via-ferenci-tamas,,2026-04-28T06:49:01,2026-04-28T06:49:01,1
121995,7381,99,HU,1055,BA,,Ág,full,,,magyar-posta-via-ferenci-tamas,,2026-04-28T06:49:01,2026-04-28T06:49:01,1
121996,7383,99,HU,1055,BA,,Baranyaszentgyörgy,full,,,magyar-posta-via-ferenci-tamas,,2026-04-28T06:49:01,2026-04-28T06:49:01,1
121997,7383,99,HU,1055,BA,,Szágy,full,,,magyar-posta-via-ferenci-tamas,,2026-04-28T06:49:01,2026-04-28T06:49:01,1
121998,7383,99,HU,1055,BA,,Tormás,full,,,magyar-posta-via-ferenci-tamas,,2026-04-28T06:49:01,2026-04-28T06:49:01,1
121999,7384,99,HU,1055,BA,,Baranyajenő,full,,,magyar-posta-via-ferenci-tamas,,2026-04-28T06:49:01,2026-04-28T06:49:01,1
122000,7385,99,HU,1055,BA,,"Gödre, Gödreszentmárton",full,,,magyar-posta-via-ferenci-tamas,,2026-04-28T06:49:01,2026-04-28T06:49:01,1
122001,7386,99,HU,1055,BA,,"Gödre, Gödrekeresztúr",full,,,magyar-posta-via-ferenci-tamas,,2026-04-28T06:49:01,2026-04-28T06:49:01,1
122002,7391,99,HU,1055,BA,,Kisbeszterce,full,,,magyar-posta-via-ferenci-tamas,,2026-04-28T06:49:01,2026-04-28T06:49:01,1
122003,7391,99,HU,1055,BA,,Kishajmás,full,,,magyar-posta-via-ferenci-tamas,,2026-04-28T06:49:01,2026-04-28T06:49:01,1
122004,7391,99,HU,1055,BA,,Mindszentgodisa,full,,,magyar-posta-via-ferenci-tamas,,2026-04-28T06:49:01,2026-04-28T06:49:01,1
122005,7393,99,HU,1055,BA,,Bakóca,full,,,magyar-posta-via-ferenci-tamas,,2026-04-28T06:49:01,2026-04-28T06:49:01,1
122006,7394,99,HU,1055,BA,,Bodolyabér,full,,,magyar-posta-via-ferenci-tamas,,2026-04-28T06:49:01,2026-04-28T06:49:01,1
122007,7394,99,HU,1055,BA,,Magyarhertelend,full,,,magyar-posta-via-ferenci-tamas,,2026-04-28T06:49:01,2026-04-28T06:49:01,1
122008,7396,99,HU,1055,BA,,Magyarszék,full,,,magyar-posta-via-ferenci-tamas,,2026-04-28T06:49:01,2026-04-28T06:49:01,1
122009,7400,99,HU,1035,SO,,Kaposvár,full,,,magyar-posta-via-ferenci-tamas,,2026-04-28T06:49:01,2026-04-28T06:49:01,1
122010,7400,99,HU,1035,SO,,Zselickislak,full,,,magyar-posta-via-ferenci-tamas,,2026-04-28T06:49:01,2026-04-28T06:49:01,1
122011,7431,99,HU,1035,SO,,Juta,full,,,magyar-posta-via-ferenci-tamas,,2026-04-28T06:49:01,2026-04-28T06:49:01,1
122012,7432,99,HU,1035,SO,,Csombárd,full,,,magyar-posta-via-ferenci-tamas,,2026-04-28T06:49:01,2026-04-28T06:49:01,1
122013,7432,99,HU,1035,SO,,Hetes,full,,,magyar-posta-via-ferenci-tamas,,2026-04-28T06:49:01,2026-04-28T06:49:01,1
122014,7434,99,HU,1035,SO,,Mezőcsokonya,full,,,magyar-posta-via-ferenci-tamas,,2026-04-28T06:49:01,2026-04-28T06:49:01,1
122015,7435,99,HU,1035,SO,,Somogysárd,full,,,magyar-posta-via-ferenci-tamas,,2026-04-28T06:49:01,2026-04-28T06:49:01,1
122016,7436,99,HU,1035,SO,,Újvárfalva,full,,,magyar-posta-via-ferenci-tamas,,2026-04-28T06:49:01,2026-04-28T06:49:01,1
122017,7439,99,HU,1035,SO,,Bodrog,full,,,magyar-posta-via-ferenci-tamas,,2026-04-28T06:49:01,2026-04-28T06:49:01,1
122018,7441,99,HU,1035,SO,,Magyaregres,full,,,magyar-posta-via-ferenci-tamas,,2026-04-28T06:49:01,2026-04-28T06:49:01,1
122019,7442,99,HU,1035,SO,,Várda,full,,,magyar-posta-via-ferenci-tamas,,2026-04-28T06:49:01,2026-04-28T06:49:01,1
122020,7443,99,HU,1035,SO,,Alsóbogát,full,,,magyar-posta-via-ferenci-tamas,,2026-04-28T06:49:01,2026-04-28T06:49:01,1
122021,7443,99,HU,1035,SO,,Edde,full,,,magyar-posta-via-ferenci-tamas,,2026-04-28T06:49:01,2026-04-28T06:49:01,1
122022,7443,99,HU,1035,SO,,Somogyjád,full,,,magyar-posta-via-ferenci-tamas,,2026-04-28T06:49:01,2026-04-28T06:49:01,1
122023,7444,99,HU,1035,SO,,Osztopán,full,,,magyar-posta-via-ferenci-tamas,,2026-04-28T06:49:01,2026-04-28T06:49:01,1
122024,7451,99,HU,1035,SO,,"Kaposvár, Kaposfüred",full,,,magyar-posta-via-ferenci-tamas,,2026-04-28T06:49:01,2026-04-28T06:49:01,1
122025,7452,99,HU,1035,SO,,Somogyaszaló,full,,,magyar-posta-via-ferenci-tamas,,2026-04-28T06:49:01,2026-04-28T06:49:01,1
122026,7453,99,HU,1035,SO,,Mernye,full,,,magyar-posta-via-ferenci-tamas,,2026-04-28T06:49:01,2026-04-28T06:49:01,1
122027,7454,99,HU,1035,SO,,Somodor,full,,,magyar-posta-via-ferenci-tamas,,2026-04-28T06:49:01,2026-04-28T06:49:01,1
122028,7455,99,HU,1035,SO,,Somogygeszti,full,,,magyar-posta-via-ferenci-tamas,,2026-04-28T06:49:01,2026-04-28T06:49:01,1
122029,7456,99,HU,1035,SO,,Felsőmocsolád,full,,,magyar-posta-via-ferenci-tamas,,2026-04-28T06:49:01,2026-04-28T06:49:01,1
122030,7457,99,HU,1035,SO,,Ecseny,full,,,magyar-posta-via-ferenci-tamas,,2026-04-28T06:49:01,2026-04-28T06:49:01,1
122031,7458,99,HU,1035,SO,,Polány,full,,,magyar-posta-via-ferenci-tamas,,2026-04-28T06:49:01,2026-04-28T06:49:01,1
122032,7461,99,HU,1035,SO,,Orci,full,,,magyar-posta-via-ferenci-tamas,,2026-04-28T06:49:01,2026-04-28T06:49:01,1
122033,7463,99,HU,1035,SO,,Magyaratád,full,,,magyar-posta-via-ferenci-tamas,,2026-04-28T06:49:01,2026-04-28T06:49:01,1
122034,7463,99,HU,1035,SO,,Patalom,full,,,magyar-posta-via-ferenci-tamas,,2026-04-28T06:49:01,2026-04-28T06:49:01,1
122035,7464,99,HU,1035,SO,,Ráksi,full,,,magyar-posta-via-ferenci-tamas,,2026-04-28T06:49:01,2026-04-28T06:49:01,1
122036,7465,99,HU,1035,SO,,Szentgáloskér,full,,,magyar-posta-via-ferenci-tamas,,2026-04-28T06:49:01,2026-04-28T06:49:01,1
122037,7471,99,HU,1035,SO,,Zimány,full,,,magyar-posta-via-ferenci-tamas,,2026-04-28T06:49:01,2026-04-28T06:49:01,1
122038,7472,99,HU,1035,SO,,Cserénfa,full,,,magyar-posta-via-ferenci-tamas,,2026-04-28T06:49:01,2026-04-28T06:49:01,1
122039,7472,99,HU,1035,SO,,Szentbalázs,full,,,magyar-posta-via-ferenci-tamas,,2026-04-28T06:49:01,2026-04-28T06:49:01,1
122040,7473,99,HU,1035,SO,,Gálosfa,full,,,magyar-posta-via-ferenci-tamas,,2026-04-28T06:49:01,2026-04-28T06:49:01,1
122041,7473,99,HU,1035,SO,,Hajmás,full,,,magyar-posta-via-ferenci-tamas,,2026-04-28T06:49:01,2026-04-28T06:49:01,1
122042,7473,99,HU,1035,SO,,Kaposgyarmat,full,,,magyar-posta-via-ferenci-tamas,,2026-04-28T06:49:01,2026-04-28T06:49:01,1
122043,7474,99,HU,1035,SO,,Simonfa,full,,,magyar-posta-via-ferenci-tamas,,2026-04-28T06:49:01,2026-04-28T06:49:01,1
122044,7474,99,HU,1035,SO,,Zselicszentpál,full,,,magyar-posta-via-ferenci-tamas,,2026-04-28T06:49:01,2026-04-28T06:49:01,1
122045,7475,99,HU,1035,SO,,Bőszénfa,full,,,magyar-posta-via-ferenci-tamas,,2026-04-28T06:49:01,2026-04-28T06:49:01,1
122046,7476,99,HU,1035,SO,,Kaposszerdahely,full,,,magyar-posta-via-ferenci-tamas,,2026-04-28T06:49:01,2026-04-28T06:49:01,1
122047,7477,99,HU,1035,SO,,Patca,full,,,magyar-posta-via-ferenci-tamas,,2026-04-28T06:49:01,2026-04-28T06:49:01,1
122048,7477,99,HU,1035,SO,,Szenna,full,,,magyar-posta-via-ferenci-tamas,,2026-04-28T06:49:01,2026-04-28T06:49:01,1
122049,7477,99,HU,1035,SO,,Szilvásszentmárton,full,,,magyar-posta-via-ferenci-tamas,,2026-04-28T06:49:01,2026-04-28T06:49:01,1
122050,7477,99,HU,1035,SO,,Zselickisfalud,full,,,magyar-posta-via-ferenci-tamas,,2026-04-28T06:49:01,2026-04-28T06:49:01,1
122051,7478,99,HU,1035,SO,,Bárdudvarnok,full,,,magyar-posta-via-ferenci-tamas,,2026-04-28T06:49:01,2026-04-28T06:49:01,1
122052,7479,99,HU,1035,SO,,Sántos,full,,,magyar-posta-via-ferenci-tamas,,2026-04-28T06:49:01,2026-04-28T06:49:01,1
122053,7500,99,HU,1035,SO,,Nagyatád,full,,,magyar-posta-via-ferenci-tamas,,2026-04-28T06:49:01,2026-04-28T06:49:01,1
122054,7511,99,HU,1035,SO,,Ötvöskónyi,full,,,magyar-posta-via-ferenci-tamas,,2026-04-28T06:49:01,2026-04-28T06:49:01,1
122055,7512,99,HU,1035,SO,,Mike,full,,,magyar-posta-via-ferenci-tamas,,2026-04-28T06:49:01,2026-04-28T06:49:01,1
122056,7513,99,HU,1035,SO,,Rinyaszentkirály,full,,,magyar-posta-via-ferenci-tamas,,2026-04-28T06:49:01,2026-04-28T06:49:01,1
122057,7514,99,HU,1035,SO,,Tarany,full,,,magyar-posta-via-ferenci-tamas,,2026-04-28T06:49:01,2026-04-28T06:49:01,1
122058,7515,99,HU,1035,SO,,Somogyudvarhely,full,,,magyar-posta-via-ferenci-tamas,,2026-04-28T06:49:01,2026-04-28T06:49:01,1
122059,7516,99,HU,1035,SO,,Berzence,full,,,magyar-posta-via-ferenci-tamas,,2026-04-28T06:49:01,2026-04-28T06:49:01,1
122060,7517,99,HU,1035,SO,,Bolhás,full,,,magyar-posta-via-ferenci-tamas,,2026-04-28T06:49:01,2026-04-28T06:49:01,1
122061,7521,99,HU,1035,SO,,Kaposmérő,full,,,magyar-posta-via-ferenci-tamas,,2026-04-28T06:49:01,2026-04-28T06:49:01,1
122062,7522,99,HU,1035,SO,,Kaposújlak,full,,,magyar-posta-via-ferenci-tamas,,2026-04-28T06:49:01,2026-04-28T06:49:01,1
122063,7523,99,HU,1035,SO,,Kaposfő,full,,,magyar-posta-via-ferenci-tamas,,2026-04-28T06:49:01,2026-04-28T06:49:01,1
122064,7523,99,HU,1035,SO,,Kisasszond,full,,,magyar-posta-via-ferenci-tamas,,2026-04-28T06:49:01,2026-04-28T06:49:01,1
122065,7524,99,HU,1035,SO,,Kiskorpád,full,,,magyar-posta-via-ferenci-tamas,,2026-04-28T06:49:01,2026-04-28T06:49:01,1
122066,7525,99,HU,1035,SO,,Jákó,full,,,magyar-posta-via-ferenci-tamas,,2026-04-28T06:49:01,2026-04-28T06:49:01,1
122067,7526,99,HU,1035,SO,,Csököly,full,,,magyar-posta-via-ferenci-tamas,,2026-04-28T06:49:01,2026-04-28T06:49:01,1
122068,7527,99,HU,1035,SO,,Gige,full,,,magyar-posta-via-ferenci-tamas,,2026-04-28T06:49:01,2026-04-28T06:49:01,1
122069,7527,99,HU,1035,SO,,Rinyakovácsi,full,,,magyar-posta-via-ferenci-tamas,,2026-04-28T06:49:01,2026-04-28T06:49:01,1
122070,7530,99,HU,1035,SO,,Kadarkút,full,,,magyar-posta-via-ferenci-tamas,,2026-04-28T06:49:01,2026-04-28T06:49:01,1
122071,7530,99,HU,1035,SO,,Kőkút,full,,,magyar-posta-via-ferenci-tamas,,2026-04-28T06:49:01,2026-04-28T06:49:01,1
122072,7532,99,HU,1035,SO,,Hencse,full,,,magyar-posta-via-ferenci-tamas,,2026-04-28T06:49:01,2026-04-28T06:49:01,1
122073,7533,99,HU,1035,SO,,Hedrehely,full,,,magyar-posta-via-ferenci-tamas,,2026-04-28T06:49:01,2026-04-28T06:49:01,1
122074,7533,99,HU,1035,SO,,Visnye,full,,,magyar-posta-via-ferenci-tamas,,2026-04-28T06:49:01,2026-04-28T06:49:01,1
122075,7535,99,HU,1035,SO,,Lad,full,,,magyar-posta-via-ferenci-tamas,,2026-04-28T06:49:01,2026-04-28T06:49:01,1
122076,7536,99,HU,1035,SO,,Patosfa,full,,,magyar-posta-via-ferenci-tamas,,2026-04-28T06:49:01,2026-04-28T06:49:01,1
122077,7537,99,HU,1035,SO,,Homokszentgyörgy,full,,,magyar-posta-via-ferenci-tamas,,2026-04-28T06:49:01,2026-04-28T06:49:01,1
122078,7538,99,HU,1035,SO,,Kálmáncsa,full,,,magyar-posta-via-ferenci-tamas,,2026-04-28T06:49:01,2026-04-28T06:49:01,1
122079,7539,99,HU,1035,SO,,Szulok,full,,,magyar-posta-via-ferenci-tamas,,2026-04-28T06:49:01,2026-04-28T06:49:01,1
122080,7541,99,HU,1035,SO,,Kutas,full,,,magyar-posta-via-ferenci-tamas,,2026-04-28T06:49:01,2026-04-28T06:49:01,1
122081,7542,99,HU,1035,SO,,Kisbajom,full,,,magyar-posta-via-ferenci-tamas,,2026-04-28T06:49:01,2026-04-28T06:49:01,1
122082,7543,99,HU,1035,SO,,Beleg,full,,,magyar-posta-via-ferenci-tamas,,2026-04-28T06:49:01,2026-04-28T06:49:01,1
122083,7544,99,HU,1035,SO,,Szabás,full,,,magyar-posta-via-ferenci-tamas,,2026-04-28T06:49:01,2026-04-28T06:49:01,1
122084,7545,99,HU,1035,SO,,Nagykorpád,full,,,magyar-posta-via-ferenci-tamas,,2026-04-28T06:49:01,2026-04-28T06:49:01,1
122085,7551,99,HU,1035,SO,,Lábod,full,,,magyar-posta-via-ferenci-tamas,,2026-04-28T06:49:01,2026-04-28T06:49:01,1
122086,7552,99,HU,1035,SO,,Rinyabesenyő,full,,,magyar-posta-via-ferenci-tamas,,2026-04-28T06:49:01,2026-04-28T06:49:01,1
122087,7553,99,HU,1035,SO,,Görgeteg,full,,,magyar-posta-via-ferenci-tamas,,2026-04-28T06:49:01,2026-04-28T06:49:01,1
122088,7555,99,HU,1035,SO,,Csokonyavisonta,full,,,magyar-posta-via-ferenci-tamas,,2026-04-28T06:49:01,2026-04-28T06:49:01,1
122089,7556,99,HU,1035,SO,,Rinyaújlak,full,,,magyar-posta-via-ferenci-tamas,,2026-04-28T06:49:01,2026-04-28T06:49:01,1
122090,7557,99,HU,1035,SO,,"Barcs, Somogytarnóca",full,,,magyar-posta-via-ferenci-tamas,,2026-04-28T06:49:01,2026-04-28T06:49:01,1
122091,7561,99,HU,1035,SO,,Nagybajom,full,,,magyar-posta-via-ferenci-tamas,,2026-04-28T06:49:01,2026-04-28T06:49:01,1
122092,7561,99,HU,1035,SO,,Pálmajor,full,,,magyar-posta-via-ferenci-tamas,,2026-04-28T06:49:01,2026-04-28T06:49:01,1
122093,7562,99,HU,1035,SO,,Segesd,full,,,magyar-posta-via-ferenci-tamas,,2026-04-28T06:49:01,2026-04-28T06:49:01,1
122094,7563,99,HU,1035,SO,,Somogyszob,full,,,magyar-posta-via-ferenci-tamas,,2026-04-28T06:49:01,2026-04-28T06:49:01,1
122095,7564,99,HU,1035,SO,,Kaszó,full,,,magyar-posta-via-ferenci-tamas,,2026-04-28T06:49:01,2026-04-28T06:49:01,1
122096,7570,99,HU,1035,SO,,Barcs,full,,,magyar-posta-via-ferenci-tamas,,2026-04-28T06:49:01,2026-04-28T06:49:01,1
122097,7582,99,HU,1035,SO,,Komlósd,full,,,magyar-posta-via-ferenci-tamas,,2026-04-28T06:49:01,2026-04-28T06:49:01,1
122098,7582,99,HU,1035,SO,,Péterhida,full,,,magyar-posta-via-ferenci-tamas,,2026-04-28T06:49:01,2026-04-28T06:49:01,1
122099,7584,99,HU,1035,SO,,Babócsa,full,,,magyar-posta-via-ferenci-tamas,,2026-04-28T06:49:01,2026-04-28T06:49:01,1
122100,7584,99,HU,1035,SO,,Rinyaújnép,full,,,magyar-posta-via-ferenci-tamas,,2026-04-28T06:49:01,2026-04-28T06:49:01,1
122101,7584,99,HU,1035,SO,,Somogyaracs,full,,,magyar-posta-via-ferenci-tamas,,2026-04-28T06:49:01,2026-04-28T06:49:01,1
122102,7585,99,HU,1035,SO,,Bakháza,full,,,magyar-posta-via-ferenci-tamas,,2026-04-28T06:49:01,2026-04-28T06:49:01,1
122103,7585,99,HU,1035,SO,,Háromfa,full,,,magyar-posta-via-ferenci-tamas,,2026-04-28T06:49:01,2026-04-28T06:49:01,1
122104,7586,99,HU,1035,SO,,Bolhó,full,,,magyar-posta-via-ferenci-tamas,,2026-04-28T06:49:01,2026-04-28T06:49:01,1
122105,7587,99,HU,1035,SO,,Heresznye,full,,,magyar-posta-via-ferenci-tamas,,2026-04-28T06:49:01,2026-04-28T06:49:01,1
122106,7588,99,HU,1035,SO,,Vízvár,full,,,magyar-posta-via-ferenci-tamas,,2026-04-28T06:49:01,2026-04-28T06:49:01,1
122107,7589,99,HU,1035,SO,,Bélavár,full,,,magyar-posta-via-ferenci-tamas,,2026-04-28T06:49:01,2026-04-28T06:49:01,1
122108,7600,99,HU,1055,BA,,Pécs,full,,,magyar-posta-via-ferenci-tamas,,2026-04-28T06:49:01,2026-04-28T06:49:01,1
122109,7621,99,HU,1055,BA,,Pécs,full,,,magyar-posta-via-ferenci-tamas,,2026-04-28T06:49:01,2026-04-28T06:49:01,1
122110,7622,99,HU,1055,BA,,Pécs,full,,,magyar-posta-via-ferenci-tamas,,2026-04-28T06:49:01,2026-04-28T06:49:01,1
122111,7623,99,HU,1055,BA,,Pécs,full,,,magyar-posta-via-ferenci-tamas,,2026-04-28T06:49:01,2026-04-28T06:49:01,1
122112,7624,99,HU,1055,BA,,Pécs,full,,,magyar-posta-via-ferenci-tamas,,2026-04-28T06:49:01,2026-04-28T06:49:01,1
122113,7625,99,HU,1055,BA,,Pécs,full,,,magyar-posta-via-ferenci-tamas,,2026-04-28T06:49:01,2026-04-28T06:49:01,1
122114,7626,99,HU,1055,BA,,Pécs,full,,,magyar-posta-via-ferenci-tamas,,2026-04-28T06:49:01,2026-04-28T06:49:01,1
122115,7627,99,HU,1055,BA,,Pécs,full,,,magyar-posta-via-ferenci-tamas,,2026-04-28T06:49:01,2026-04-28T06:49:01,1
122116,7628,99,HU,1055,BA,,Pécs,full,,,magyar-posta-via-ferenci-tamas,,2026-04-28T06:49:01,2026-04-28T06:49:01,1
122117,7629,99,HU,1055,BA,,Pécs,full,,,magyar-posta-via-ferenci-tamas,,2026-04-28T06:49:01,2026-04-28T06:49:01,1
122118,7630,99,HU,1055,BA,,Pécs,full,,,magyar-posta-via-ferenci-tamas,,2026-04-28T06:49:01,2026-04-28T06:49:01,1
122119,7631,99,HU,1055,BA,,Pécs,full,,,magyar-posta-via-ferenci-tamas,,2026-04-28T06:49:01,2026-04-28T06:49:01,1
122120,7632,99,HU,1055,BA,,Pécs,full,,,magyar-posta-via-ferenci-tamas,,2026-04-28T06:49:01,2026-04-28T06:49:01,1
122121,7633,99,HU,1055,BA,,Pécs,full,,,magyar-posta-via-ferenci-tamas,,2026-04-28T06:49:01,2026-04-28T06:49:01,1
122122,7634,99,HU,1055,BA,,Pécs,full,,,magyar-posta-via-ferenci-tamas,,2026-04-28T06:49:01,2026-04-28T06:49:01,1
122123,7635,99,HU,1055,BA,,Pécs,full,,,magyar-posta-via-ferenci-tamas,,2026-04-28T06:49:01,2026-04-28T06:49:01,1
122124,7636,99,HU,1055,BA,,Pécs,full,,,magyar-posta-via-ferenci-tamas,,2026-04-28T06:49:01,2026-04-28T06:49:01,1
122125,7639,99,HU,1055,BA,,Kökény,full,,,magyar-posta-via-ferenci-tamas,,2026-04-28T06:49:01,2026-04-28T06:49:01,1
122126,7639,99,HU,1055,BA,,Pécs,full,,,magyar-posta-via-ferenci-tamas,,2026-04-28T06:49:01,2026-04-28T06:49:01,1
122127,7661,99,HU,1055,BA,,Erzsébet,full,,,magyar-posta-via-ferenci-tamas,,2026-04-28T06:49:01,2026-04-28T06:49:01,1
122128,7661,99,HU,1055,BA,,Kátoly,full,,,magyar-posta-via-ferenci-tamas,,2026-04-28T06:49:01,2026-04-28T06:49:01,1
122129,7661,99,HU,1055,BA,,Kékesd,full,,,magyar-posta-via-ferenci-tamas,,2026-04-28T06:49:01,2026-04-28T06:49:01,1
122130,7661,99,HU,1055,BA,,Szellő,full,,,magyar-posta-via-ferenci-tamas,,2026-04-28T06:49:01,2026-04-28T06:49:01,1
122131,7663,99,HU,1055,BA,,Máriakéménd,full,,,magyar-posta-via-ferenci-tamas,,2026-04-28T06:49:01,2026-04-28T06:49:01,1
122132,7664,99,HU,1055,BA,,Berkesd,full,,,magyar-posta-via-ferenci-tamas,,2026-04-28T06:49:01,2026-04-28T06:49:01,1
122133,7664,99,HU,1055,BA,,Pereked,full,,,magyar-posta-via-ferenci-tamas,,2026-04-28T06:49:01,2026-04-28T06:49:01,1
122134,7664,99,HU,1055,BA,,Szilágy,full,,,magyar-posta-via-ferenci-tamas,,2026-04-28T06:49:01,2026-04-28T06:49:01,1
122135,7666,99,HU,1055,BA,,Pogány,full,,,magyar-posta-via-ferenci-tamas,,2026-04-28T06:49:01,2026-04-28T06:49:01,1
122136,7668,99,HU,1055,BA,,Gyód,full,,,magyar-posta-via-ferenci-tamas,,2026-04-28T06:49:01,2026-04-28T06:49:01,1
122137,7668,99,HU,1055,BA,,Keszü,full,,,magyar-posta-via-ferenci-tamas,,2026-04-28T06:49:01,2026-04-28T06:49:01,1
122138,7671,99,HU,1055,BA,,Aranyosgadány,full,,,magyar-posta-via-ferenci-tamas,,2026-04-28T06:49:01,2026-04-28T06:49:01,1
122139,7671,99,HU,1055,BA,,Bicsérd,full,,,magyar-posta-via-ferenci-tamas,,2026-04-28T06:49:01,2026-04-28T06:49:01,1
122140,7671,99,HU,1055,BA,,Zók,full,,,magyar-posta-via-ferenci-tamas,,2026-04-28T06:49:01,2026-04-28T06:49:01,1
122141,7672,99,HU,1055,BA,,Boda,full,,,magyar-posta-via-ferenci-tamas,,2026-04-28T06:49:01,2026-04-28T06:49:01,1
122142,7673,99,HU,1055,BA,,Cserkút,full,,,magyar-posta-via-ferenci-tamas,,2026-04-28T06:49:01,2026-04-28T06:49:01,1
122143,7673,99,HU,1055,BA,,Kővágószőlős,full,,,magyar-posta-via-ferenci-tamas,,2026-04-28T06:49:01,2026-04-28T06:49:01,1
122144,7675,99,HU,1055,BA,,Bakonya,full,,,magyar-posta-via-ferenci-tamas,,2026-04-28T06:49:01,2026-04-28T06:49:01,1
122145,7675,99,HU,1055,BA,,Kővágótöttös,full,,,magyar-posta-via-ferenci-tamas,,2026-04-28T06:49:01,2026-04-28T06:49:01,1
122146,7677,99,HU,1055,BA,,Orfű,full,,,magyar-posta-via-ferenci-tamas,,2026-04-28T06:49:01,2026-04-28T06:49:01,1
122147,7678,99,HU,1055,BA,,Abaliget,full,,,magyar-posta-via-ferenci-tamas,,2026-04-28T06:49:01,2026-04-28T06:49:01,1
122148,7678,99,HU,1055,BA,,Husztót,full,,,magyar-posta-via-ferenci-tamas,,2026-04-28T06:49:01,2026-04-28T06:49:01,1
122149,7678,99,HU,1055,BA,,Kovácsszénája,full,,,magyar-posta-via-ferenci-tamas,,2026-04-28T06:49:01,2026-04-28T06:49:01,1
122150,7681,99,HU,1055,BA,,Hetvehely,full,,,magyar-posta-via-ferenci-tamas,,2026-04-28T06:49:01,2026-04-28T06:49:01,1
122151,7681,99,HU,1055,BA,,Okorvölgy,full,,,magyar-posta-via-ferenci-tamas,,2026-04-28T06:49:01,2026-04-28T06:49:01,1
122152,7681,99,HU,1055,BA,,Szentkatalin,full,,,magyar-posta-via-ferenci-tamas,,2026-04-28T06:49:01,2026-04-28T06:49:01,1
122153,7682,99,HU,1055,BA,,Bükkösd,full,,,magyar-posta-via-ferenci-tamas,,2026-04-28T06:49:01,2026-04-28T06:49:01,1
122154,7683,99,HU,1055,BA,,Cserdi,full,,,magyar-posta-via-ferenci-tamas,,2026-04-28T06:49:01,2026-04-28T06:49:01,1
122155,7683,99,HU,1055,BA,,Dinnyeberki,full,,,magyar-posta-via-ferenci-tamas,,2026-04-28T06:49:01,2026-04-28T06:49:01,1
122156,7683,99,HU,1055,BA,,Helesfa,full,,,magyar-posta-via-ferenci-tamas,,2026-04-28T06:49:01,2026-04-28T06:49:01,1
122157,7691,99,HU,1055,BA,,Pécs,full,,,magyar-posta-via-ferenci-tamas,,2026-04-28T06:49:01,2026-04-28T06:49:01,1
122158,7693,99,HU,1055,BA,,Pécs,full,,,magyar-posta-via-ferenci-tamas,,2026-04-28T06:49:01,2026-04-28T06:49:01,1
122159,7694,99,HU,1055,BA,,Hosszúhetény,full,,,magyar-posta-via-ferenci-tamas,,2026-04-28T06:49:01,2026-04-28T06:49:01,1
122160,7695,99,HU,1055,BA,,Mecseknádasd,full,,,magyar-posta-via-ferenci-tamas,,2026-04-28T06:49:01,2026-04-28T06:49:01,1
122161,7695,99,HU,1055,BA,,Óbánya,full,,,magyar-posta-via-ferenci-tamas,,2026-04-28T06:49:01,2026-04-28T06:49:01,1
122162,7695,99,HU,1055,BA,,Ófalu,full,,,magyar-posta-via-ferenci-tamas,,2026-04-28T06:49:01,2026-04-28T06:49:01,1
122163,7696,99,HU,1055,BA,,Hidas,full,,,magyar-posta-via-ferenci-tamas,,2026-04-28T06:49:01,2026-04-28T06:49:01,1
122164,7700,99,HU,1055,BA,,Mohács,full,,,magyar-posta-via-ferenci-tamas,,2026-04-28T06:49:01,2026-04-28T06:49:01,1
122165,7711,99,HU,1055,BA,,Bár,full,,,magyar-posta-via-ferenci-tamas,,2026-04-28T06:49:01,2026-04-28T06:49:01,1
122166,7712,99,HU,1055,BA,,Dunaszekcső,full,,,magyar-posta-via-ferenci-tamas,,2026-04-28T06:49:01,2026-04-28T06:49:01,1
122167,7714,99,HU,1055,BA,,"Mohács, Újmohács",full,,,magyar-posta-via-ferenci-tamas,,2026-04-28T06:49:01,2026-04-28T06:49:01,1
122168,7715,99,HU,1055,BA,,"Mohács, Sárhát",full,,,magyar-posta-via-ferenci-tamas,,2026-04-28T06:49:01,2026-04-28T06:49:01,1
122169,7716,99,HU,1055,BA,,Homorúd,full,,,magyar-posta-via-ferenci-tamas,,2026-04-28T06:49:01,2026-04-28T06:49:01,1
122170,7717,99,HU,1055,BA,,Kölked,full,,,magyar-posta-via-ferenci-tamas,,2026-04-28T06:49:01,2026-04-28T06:49:01,1
122171,7718,99,HU,1055,BA,,Udvar,full,,,magyar-posta-via-ferenci-tamas,,2026-04-28T06:49:01,2026-04-28T06:49:01,1
122172,7720,99,HU,1055,BA,,Apátvarasd,full,,,magyar-posta-via-ferenci-tamas,,2026-04-28T06:49:01,2026-04-28T06:49:01,1
122173,7720,99,HU,1055,BA,,Lovászhetény,full,,,magyar-posta-via-ferenci-tamas,,2026-04-28T06:49:01,2026-04-28T06:49:01,1
122174,7720,99,HU,1055,BA,,Martonfa,full,,,magyar-posta-via-ferenci-tamas,,2026-04-28T06:49:01,2026-04-28T06:49:01,1
122175,7720,99,HU,1055,BA,,Pécsvárad,full,,,magyar-posta-via-ferenci-tamas,,2026-04-28T06:49:01,2026-04-28T06:49:01,1
122176,7720,99,HU,1055,BA,,Zengővárkony,full,,,magyar-posta-via-ferenci-tamas,,2026-04-28T06:49:01,2026-04-28T06:49:01,1
122177,7723,99,HU,1055,BA,,Erdősmecske,full,,,magyar-posta-via-ferenci-tamas,,2026-04-28T06:49:01,2026-04-28T06:49:01,1
122178,7724,99,HU,1055,BA,,Feked,full,,,magyar-posta-via-ferenci-tamas,,2026-04-28T06:49:01,2026-04-28T06:49:01,1
122179,7725,99,HU,1055,BA,,Szebény,full,,,magyar-posta-via-ferenci-tamas,,2026-04-28T06:49:01,2026-04-28T06:49:01,1
122180,7726,99,HU,1055,BA,,Véménd,full,,,magyar-posta-via-ferenci-tamas,,2026-04-28T06:49:01,2026-04-28T06:49:01,1
122181,7727,99,HU,1055,BA,,Palotabozsok,full,,,magyar-posta-via-ferenci-tamas,,2026-04-28T06:49:01,2026-04-28T06:49:01,1
122182,7728,99,HU,1055,BA,,Görcsönydoboka,full,,,magyar-posta-via-ferenci-tamas,,2026-04-28T06:49:01,2026-04-28T06:49:01,1
122183,7728,99,HU,1055,BA,,Somberek,full,,,magyar-posta-via-ferenci-tamas,,2026-04-28T06:49:01,2026-04-28T06:49:01,1
122184,7731,99,HU,1055,BA,,Nagypall,full,,,magyar-posta-via-ferenci-tamas,,2026-04-28T06:49:01,2026-04-28T06:49:01,1
122185,7732,99,HU,1055,BA,,Fazekasboda,full,,,magyar-posta-via-ferenci-tamas,,2026-04-28T06:49:01,2026-04-28T06:49:01,1
122186,7733,99,HU,1055,BA,,Geresdlak,full,,,magyar-posta-via-ferenci-tamas,,2026-04-28T06:49:01,2026-04-28T06:49:01,1
122187,7733,99,HU,1055,BA,,Maráza,full,,,magyar-posta-via-ferenci-tamas,,2026-04-28T06:49:01,2026-04-28T06:49:01,1
122188,7735,99,HU,1055,BA,,Erdősmárok,full,,,magyar-posta-via-ferenci-tamas,,2026-04-28T06:49:01,2026-04-28T06:49:01,1
122189,7735,99,HU,1055,BA,,Himesháza,full,,,magyar-posta-via-ferenci-tamas,,2026-04-28T06:49:01,2026-04-28T06:49:01,1
122190,7735,99,HU,1055,BA,,Szűr,full,,,magyar-posta-via-ferenci-tamas,,2026-04-28T06:49:01,2026-04-28T06:49:01,1
122191,7737,99,HU,1055,BA,,Székelyszabar,full,,,magyar-posta-via-ferenci-tamas,,2026-04-28T06:49:01,2026-04-28T06:49:01,1
122192,7741,99,HU,1055,BA,,Nagykozár,full,,,magyar-posta-via-ferenci-tamas,,2026-04-28T06:49:01,2026-04-28T06:49:01,1
122193,7742,99,HU,1055,BA,,Bogád,full,,,magyar-posta-via-ferenci-tamas,,2026-04-28T06:49:01,2026-04-28T06:49:01,1
122194,7743,99,HU,1055,BA,,Romonya,full,,,magyar-posta-via-ferenci-tamas,,2026-04-28T06:49:01,2026-04-28T06:49:01,1
122195,7744,99,HU,1055,BA,,Ellend,full,,,magyar-posta-via-ferenci-tamas,,2026-04-28T06:49:01,2026-04-28T06:49:01,1
122196,7745,99,HU,1055,BA,,Hásságy,full,,,magyar-posta-via-ferenci-tamas,,2026-04-28T06:49:01,2026-04-28T06:49:01,1
122197,7745,99,HU,1055,BA,,Olasz,full,,,magyar-posta-via-ferenci-tamas,,2026-04-28T06:49:01,2026-04-28T06:49:01,1
122198,7747,99,HU,1055,BA,,Belvárdgyula,full,,,magyar-posta-via-ferenci-tamas,,2026-04-28T06:49:01,2026-04-28T06:49:01,1
122199,7747,99,HU,1055,BA,,Birján,full,,,magyar-posta-via-ferenci-tamas,,2026-04-28T06:49:01,2026-04-28T06:49:01,1
122200,7751,99,HU,1055,BA,,Monyoród,full,,,magyar-posta-via-ferenci-tamas,,2026-04-28T06:49:01,2026-04-28T06:49:01,1
122201,7751,99,HU,1055,BA,,Szederkény,full,,,magyar-posta-via-ferenci-tamas,,2026-04-28T06:49:01,2026-04-28T06:49:01,1
122202,7752,99,HU,1055,BA,,Versend,full,,,magyar-posta-via-ferenci-tamas,,2026-04-28T06:49:01,2026-04-28T06:49:01,1
122203,7753,99,HU,1055,BA,,Szajk,full,,,magyar-posta-via-ferenci-tamas,,2026-04-28T06:49:01,2026-04-28T06:49:01,1
122204,7754,99,HU,1055,BA,,Bóly,full,,,magyar-posta-via-ferenci-tamas,,2026-04-28T06:49:01,2026-04-28T06:49:01,1
122205,7755,99,HU,1055,BA,,Töttös,full,,,magyar-posta-via-ferenci-tamas,,2026-04-28T06:49:01,2026-04-28T06:49:01,1
122206,7756,99,HU,1055,BA,,Borjád,full,,,magyar-posta-via-ferenci-tamas,,2026-04-28T06:49:01,2026-04-28T06:49:01,1
122207,7756,99,HU,1055,BA,,Kisbudmér,full,,,magyar-posta-via-ferenci-tamas,,2026-04-28T06:49:01,2026-04-28T06:49:01,1
122208,7756,99,HU,1055,BA,,Nagybudmér,full,,,magyar-posta-via-ferenci-tamas,,2026-04-28T06:49:01,2026-04-28T06:49:01,1
122209,7756,99,HU,1055,BA,,Pócsa,full,,,magyar-posta-via-ferenci-tamas,,2026-04-28T06:49:01,2026-04-28T06:49:01,1
122210,7757,99,HU,1055,BA,,Babarc,full,,,magyar-posta-via-ferenci-tamas,,2026-04-28T06:49:01,2026-04-28T06:49:01,1
122211,7757,99,HU,1055,BA,,Liptód,full,,,magyar-posta-via-ferenci-tamas,,2026-04-28T06:49:01,2026-04-28T06:49:01,1
122212,7759,99,HU,1055,BA,,Kisnyárád,full,,,magyar-posta-via-ferenci-tamas,,2026-04-28T06:49:01,2026-04-28T06:49:01,1
122213,7759,99,HU,1055,BA,,Lánycsók,full,,,magyar-posta-via-ferenci-tamas,,2026-04-28T06:49:01,2026-04-28T06:49:01,1
122214,7761,99,HU,1055,BA,,Kozármisleny,full,,,magyar-posta-via-ferenci-tamas,,2026-04-28T06:49:01,2026-04-28T06:49:01,1
122215,7761,99,HU,1055,BA,,Lothárd,full,,,magyar-posta-via-ferenci-tamas,,2026-04-28T06:49:01,2026-04-28T06:49:01,1
122216,7761,99,HU,1055,BA,,Magyarsarlós,full,,,magyar-posta-via-ferenci-tamas,,2026-04-28T06:49:01,2026-04-28T06:49:01,1
122217,7762,99,HU,1055,BA,,Pécsudvard,full,,,magyar-posta-via-ferenci-tamas,,2026-04-28T06:49:01,2026-04-28T06:49:01,1
122218,7763,99,HU,1055,BA,,Egerág,full,,,magyar-posta-via-ferenci-tamas,,2026-04-28T06:49:01,2026-04-28T06:49:01,1
122219,7763,99,HU,1055,BA,,Kisherend,full,,,magyar-posta-via-ferenci-tamas,,2026-04-28T06:49:01,2026-04-28T06:49:01,1
122220,7763,99,HU,1055,BA,,Szemely,full,,,magyar-posta-via-ferenci-tamas,,2026-04-28T06:49:01,2026-04-28T06:49:01,1
122221,7763,99,HU,1055,BA,,Szőkéd,full,,,magyar-posta-via-ferenci-tamas,,2026-04-28T06:49:01,2026-04-28T06:49:01,1
122222,7763,99,HU,1055,BA,,Áta,full,,,magyar-posta-via-ferenci-tamas,,2026-04-28T06:49:01,2026-04-28T06:49:01,1
122223,7766,99,HU,1055,BA,,Kiskassa,full,,,magyar-posta-via-ferenci-tamas,,2026-04-28T06:49:01,2026-04-28T06:49:01,1
122224,7766,99,HU,1055,BA,,Peterd,full,,,magyar-posta-via-ferenci-tamas,,2026-04-28T06:49:01,2026-04-28T06:49:01,1
122225,7766,99,HU,1055,BA,,Pécsdevecser,full,,,magyar-posta-via-ferenci-tamas,,2026-04-28T06:49:01,2026-04-28T06:49:01,1
122226,7766,99,HU,1055,BA,,Újpetre,full,,,magyar-posta-via-ferenci-tamas,,2026-04-28T06:49:01,2026-04-28T06:49:01,1
122227,7768,99,HU,1055,BA,,Kistótfalu,full,,,magyar-posta-via-ferenci-tamas,,2026-04-28T06:49:01,2026-04-28T06:49:01,1
122228,7768,99,HU,1055,BA,,Vokány,full,,,magyar-posta-via-ferenci-tamas,,2026-04-28T06:49:01,2026-04-28T06:49:01,1
122229,7771,99,HU,1055,BA,,Palkonya,full,,,magyar-posta-via-ferenci-tamas,,2026-04-28T06:49:01,2026-04-28T06:49:01,1
122230,7772,99,HU,1055,BA,,Ivánbattyán,full,,,magyar-posta-via-ferenci-tamas,,2026-04-28T06:49:01,2026-04-28T06:49:01,1
122231,7772,99,HU,1055,BA,,Villánykövesd,full,,,magyar-posta-via-ferenci-tamas,,2026-04-28T06:49:01,2026-04-28T06:49:01,1
122232,7773,99,HU,1055,BA,,Kisjakabfalva,full,,,magyar-posta-via-ferenci-tamas,,2026-04-28T06:49:01,2026-04-28T06:49:01,1
122233,7773,99,HU,1055,BA,,Villány,full,,,magyar-posta-via-ferenci-tamas,,2026-04-28T06:49:01,2026-04-28T06:49:01,1
122234,7774,99,HU,1055,BA,,Márok,full,,,magyar-posta-via-ferenci-tamas,,2026-04-28T06:49:01,2026-04-28T06:49:01,1
122235,7775,99,HU,1055,BA,,Illocska,full,,,magyar-posta-via-ferenci-tamas,,2026-04-28T06:49:01,2026-04-28T06:49:01,1
122236,7775,99,HU,1055,BA,,Kislippó,full,,,magyar-posta-via-ferenci-tamas,,2026-04-28T06:49:01,2026-04-28T06:49:01,1
122237,7775,99,HU,1055,BA,,Lapáncsa,full,,,magyar-posta-via-ferenci-tamas,,2026-04-28T06:49:01,2026-04-28T06:49:01,1
122238,7775,99,HU,1055,BA,,Magyarbóly,full,,,magyar-posta-via-ferenci-tamas,,2026-04-28T06:49:01,2026-04-28T06:49:01,1
122239,7781,99,HU,1055,BA,,Ivándárda,full,,,magyar-posta-via-ferenci-tamas,,2026-04-28T06:49:01,2026-04-28T06:49:01,1
122240,7781,99,HU,1055,BA,,Lippó,full,,,magyar-posta-via-ferenci-tamas,,2026-04-28T06:49:01,2026-04-28T06:49:01,1
122241,7781,99,HU,1055,BA,,Sárok,full,,,magyar-posta-via-ferenci-tamas,,2026-04-28T06:49:01,2026-04-28T06:49:01,1
122242,7782,99,HU,1055,BA,,Bezedek,full,,,magyar-posta-via-ferenci-tamas,,2026-04-28T06:49:01,2026-04-28T06:49:01,1
122243,7783,99,HU,1055,BA,,Majs,full,,,magyar-posta-via-ferenci-tamas,,2026-04-28T06:49:01,2026-04-28T06:49:01,1
122244,7784,99,HU,1055,BA,,Nagynyárád,full,,,magyar-posta-via-ferenci-tamas,,2026-04-28T06:49:01,2026-04-28T06:49:01,1
122245,7785,99,HU,1055,BA,,Sátorhely,full,,,magyar-posta-via-ferenci-tamas,,2026-04-28T06:49:01,2026-04-28T06:49:01,1
122246,7800,99,HU,1055,BA,,Kisharsány,full,,,magyar-posta-via-ferenci-tamas,,2026-04-28T06:49:01,2026-04-28T06:49:01,1
122247,7800,99,HU,1055,BA,,Nagytótfalu,full,,,magyar-posta-via-ferenci-tamas,,2026-04-28T06:49:01,2026-04-28T06:49:01,1
122248,7800,99,HU,1055,BA,,Siklós,full,,,magyar-posta-via-ferenci-tamas,,2026-04-28T06:49:01,2026-04-28T06:49:01,1
122249,7811,99,HU,1055,BA,,Bisse,full,,,magyar-posta-via-ferenci-tamas,,2026-04-28T06:49:01,2026-04-28T06:49:01,1
122250,7811,99,HU,1055,BA,,Bosta,full,,,magyar-posta-via-ferenci-tamas,,2026-04-28T06:49:01,2026-04-28T06:49:01,1
122251,7811,99,HU,1055,BA,,Csarnóta,full,,,magyar-posta-via-ferenci-tamas,,2026-04-28T06:49:01,2026-04-28T06:49:01,1
122252,7811,99,HU,1055,BA,,Szalánta,full,,,magyar-posta-via-ferenci-tamas,,2026-04-28T06:49:01,2026-04-28T06:49:01,1
122253,7811,99,HU,1055,BA,,Szilvás,full,,,magyar-posta-via-ferenci-tamas,,2026-04-28T06:49:01,2026-04-28T06:49:01,1
122254,7811,99,HU,1055,BA,,Túrony,full,,,magyar-posta-via-ferenci-tamas,,2026-04-28T06:49:01,2026-04-28T06:49:01,1
122255,7812,99,HU,1055,BA,,Garé,full,,,magyar-posta-via-ferenci-tamas,,2026-04-28T06:49:01,2026-04-28T06:49:01,1
122256,7813,99,HU,1055,BA,,Szava,full,,,magyar-posta-via-ferenci-tamas,,2026-04-28T06:49:01,2026-04-28T06:49:01,1
122257,7814,99,HU,1055,BA,,Babarcszőlős,full,,,magyar-posta-via-ferenci-tamas,,2026-04-28T06:49:01,2026-04-28T06:49:01,1
122258,7814,99,HU,1055,BA,,Kisdér,full,,,magyar-posta-via-ferenci-tamas,,2026-04-28T06:49:01,2026-04-28T06:49:01,1
122259,7814,99,HU,1055,BA,,Siklósbodony,full,,,magyar-posta-via-ferenci-tamas,,2026-04-28T06:49:01,2026-04-28T06:49:01,1
122260,7814,99,HU,1055,BA,,Ócsárd,full,,,magyar-posta-via-ferenci-tamas,,2026-04-28T06:49:01,2026-04-28T06:49:01,1
122261,7815,99,HU,1055,BA,,Harkány,full,,,magyar-posta-via-ferenci-tamas,,2026-04-28T06:49:01,2026-04-28T06:49:01,1
122262,7817,99,HU,1055,BA,,Diósviszló,full,,,magyar-posta-via-ferenci-tamas,,2026-04-28T06:49:01,2026-04-28T06:49:01,1
122263,7817,99,HU,1055,BA,,Márfa,full,,,magyar-posta-via-ferenci-tamas,,2026-04-28T06:49:01,2026-04-28T06:49:01,1
122264,7817,99,HU,1055,BA,,Rádfalva,full,,,magyar-posta-via-ferenci-tamas,,2026-04-28T06:49:01,2026-04-28T06:49:01,1
122265,7822,99,HU,1055,BA,,Nagyharsány,full,,,magyar-posta-via-ferenci-tamas,,2026-04-28T06:49:01,2026-04-28T06:49:01,1
122266,7823,99,HU,1055,BA,,Kistapolca,full,,,magyar-posta-via-ferenci-tamas,,2026-04-28T06:49:01,2026-04-28T06:49:01,1
122267,7823,99,HU,1055,BA,,Siklósnagyfalu,full,,,magyar-posta-via-ferenci-tamas,,2026-04-28T06:49:01,2026-04-28T06:49:01,1
122268,7824,99,HU,1055,BA,,Egyházasharaszti,full,,,magyar-posta-via-ferenci-tamas,,2026-04-28T06:49:01,2026-04-28T06:49:01,1
122269,7825,99,HU,1055,BA,,Old,full,,,magyar-posta-via-ferenci-tamas,,2026-04-28T06:49:01,2026-04-28T06:49:01,1
122270,7826,99,HU,1055,BA,,Alsószentmárton,full,,,magyar-posta-via-ferenci-tamas,,2026-04-28T06:49:01,2026-04-28T06:49:01,1
122271,7827,99,HU,1055,BA,,Beremend,full,,,magyar-posta-via-ferenci-tamas,,2026-04-28T06:49:01,2026-04-28T06:49:01,1
122272,7827,99,HU,1055,BA,,Kásád,full,,,magyar-posta-via-ferenci-tamas,,2026-04-28T06:49:01,2026-04-28T06:49:01,1
122273,7831,99,HU,1055,BA,,Pellérd,full,,,magyar-posta-via-ferenci-tamas,,2026-04-28T06:49:01,2026-04-28T06:49:01,1
122274,7833,99,HU,1055,BA,,Görcsöny,full,,,magyar-posta-via-ferenci-tamas,,2026-04-28T06:49:01,2026-04-28T06:49:01,1
122275,7833,99,HU,1055,BA,,Regenye,full,,,magyar-posta-via-ferenci-tamas,,2026-04-28T06:49:01,2026-04-28T06:49:01,1
122276,7833,99,HU,1055,BA,,Szőke,full,,,magyar-posta-via-ferenci-tamas,,2026-04-28T06:49:01,2026-04-28T06:49:01,1
122277,7834,99,HU,1055,BA,,Baksa,full,,,magyar-posta-via-ferenci-tamas,,2026-04-28T06:49:01,2026-04-28T06:49:01,1
122278,7834,99,HU,1055,BA,,Tengeri,full,,,magyar-posta-via-ferenci-tamas,,2026-04-28T06:49:01,2026-04-28T06:49:01,1
122279,7834,99,HU,1055,BA,,Téseny,full,,,magyar-posta-via-ferenci-tamas,,2026-04-28T06:49:01,2026-04-28T06:49:01,1
122280,7836,99,HU,1055,BA,,Bogádmindszent,full,,,magyar-posta-via-ferenci-tamas,,2026-04-28T06:49:01,2026-04-28T06:49:01,1
122281,7836,99,HU,1055,BA,,Ózdfalu,full,,,magyar-posta-via-ferenci-tamas,,2026-04-28T06:49:01,2026-04-28T06:49:01,1
122282,7837,99,HU,1055,BA,,Hegyszentmárton,full,,,magyar-posta-via-ferenci-tamas,,2026-04-28T06:49:01,2026-04-28T06:49:01,1
122283,7838,99,HU,1055,BA,,Besence,full,,,magyar-posta-via-ferenci-tamas,,2026-04-28T06:49:01,2026-04-28T06:49:01,1
122284,7838,99,HU,1055,BA,,Hirics,full,,,magyar-posta-via-ferenci-tamas,,2026-04-28T06:49:01,2026-04-28T06:49:01,1
122285,7838,99,HU,1055,BA,,Lúzsok,full,,,magyar-posta-via-ferenci-tamas,,2026-04-28T06:49:01,2026-04-28T06:49:01,1
122286,7838,99,HU,1055,BA,,Nagycsány,full,,,magyar-posta-via-ferenci-tamas,,2026-04-28T06:49:01,2026-04-28T06:49:01,1
122287,7838,99,HU,1055,BA,,Piskó,full,,,magyar-posta-via-ferenci-tamas,,2026-04-28T06:49:01,2026-04-28T06:49:01,1
122288,7838,99,HU,1055,BA,,Páprád,full,,,magyar-posta-via-ferenci-tamas,,2026-04-28T06:49:01,2026-04-28T06:49:01,1
122289,7838,99,HU,1055,BA,,Vajszló,full,,,magyar-posta-via-ferenci-tamas,,2026-04-28T06:49:01,2026-04-28T06:49:01,1
122290,7838,99,HU,1055,BA,,Vejti,full,,,magyar-posta-via-ferenci-tamas,,2026-04-28T06:49:01,2026-04-28T06:49:01,1
122291,7839,99,HU,1055,BA,,Kemse,full,,,magyar-posta-via-ferenci-tamas,,2026-04-28T06:49:01,2026-04-28T06:49:01,1
122292,7839,99,HU,1055,BA,,Zaláta,full,,,magyar-posta-via-ferenci-tamas,,2026-04-28T06:49:01,2026-04-28T06:49:01,1
122293,7841,99,HU,1055,BA,,Adorjás,full,,,magyar-posta-via-ferenci-tamas,,2026-04-28T06:49:01,2026-04-28T06:49:01,1
122294,7841,99,HU,1055,BA,,Baranyahídvég,full,,,magyar-posta-via-ferenci-tamas,,2026-04-28T06:49:01,2026-04-28T06:49:01,1
122295,7841,99,HU,1055,BA,,Kisszentmárton,full,,,magyar-posta-via-ferenci-tamas,,2026-04-28T06:49:01,2026-04-28T06:49:01,1
122296,7841,99,HU,1055,BA,,Kórós,full,,,magyar-posta-via-ferenci-tamas,,2026-04-28T06:49:01,2026-04-28T06:49:01,1
122297,7841,99,HU,1055,BA,,Sámod,full,,,magyar-posta-via-ferenci-tamas,,2026-04-28T06:49:01,2026-04-28T06:49:01,1
122298,7843,99,HU,1055,BA,,Cún,full,,,magyar-posta-via-ferenci-tamas,,2026-04-28T06:49:01,2026-04-28T06:49:01,1
122299,7843,99,HU,1055,BA,,Drávapiski,full,,,magyar-posta-via-ferenci-tamas,,2026-04-28T06:49:01,2026-04-28T06:49:01,1
122300,7843,99,HU,1055,BA,,Kémes,full,,,magyar-posta-via-ferenci-tamas,,2026-04-28T06:49:01,2026-04-28T06:49:01,1
122301,7843,99,HU,1055,BA,,Szaporca,full,,,magyar-posta-via-ferenci-tamas,,2026-04-28T06:49:01,2026-04-28T06:49:01,1
122302,7843,99,HU,1055,BA,,Tésenfa,full,,,magyar-posta-via-ferenci-tamas,,2026-04-28T06:49:01,2026-04-28T06:49:01,1
122303,7846,99,HU,1055,BA,,Drávacsepely,full,,,magyar-posta-via-ferenci-tamas,,2026-04-28T06:49:01,2026-04-28T06:49:01,1
122304,7847,99,HU,1055,BA,,Drávaszerdahely,full,,,magyar-posta-via-ferenci-tamas,,2026-04-28T06:49:01,2026-04-28T06:49:01,1
122305,7847,99,HU,1055,BA,,Ipacsfa,full,,,magyar-posta-via-ferenci-tamas,,2026-04-28T06:49:01,2026-04-28T06:49:01,1
122306,7847,99,HU,1055,BA,,Kovácshida,full,,,magyar-posta-via-ferenci-tamas,,2026-04-28T06:49:01,2026-04-28T06:49:01,1
122307,7849,99,HU,1055,BA,,Drávacsehi,full,,,magyar-posta-via-ferenci-tamas,,2026-04-28T06:49:01,2026-04-28T06:49:01,1
122308,7850,99,HU,1055,BA,,Drávapalkonya,full,,,magyar-posta-via-ferenci-tamas,,2026-04-28T06:49:01,2026-04-28T06:49:01,1
122309,7851,99,HU,1055,BA,,Drávaszabolcs,full,,,magyar-posta-via-ferenci-tamas,,2026-04-28T06:49:01,2026-04-28T06:49:01,1
122310,7853,99,HU,1055,BA,,Gordisa,full,,,magyar-posta-via-ferenci-tamas,,2026-04-28T06:49:01,2026-04-28T06:49:01,1
122311,7854,99,HU,1055,BA,,Matty,full,,,magyar-posta-via-ferenci-tamas,,2026-04-28T06:49:01,2026-04-28T06:49:01,1
122312,7900,99,HU,1055,BA,,Botykapeterd,full,,,magyar-posta-via-ferenci-tamas,,2026-04-28T06:49:01,2026-04-28T06:49:01,1
122313,7900,99,HU,1055,BA,,Csertő,full,,,magyar-posta-via-ferenci-tamas,,2026-04-28T06:49:01,2026-04-28T06:49:01,1
122314,7900,99,HU,1055,BA,,Szigetvár,full,,,magyar-posta-via-ferenci-tamas,,2026-04-28T06:49:01,2026-04-28T06:49:01,1
122315,7912,99,HU,1055,BA,,Nagypeterd,full,,,magyar-posta-via-ferenci-tamas,,2026-04-28T06:49:01,2026-04-28T06:49:01,1
122316,7912,99,HU,1055,BA,,Nagyváty,full,,,magyar-posta-via-ferenci-tamas,,2026-04-28T06:49:01,2026-04-28T06:49:01,1
122317,7912,99,HU,1055,BA,,Nyugotszenterzsébet,full,,,magyar-posta-via-ferenci-tamas,,2026-04-28T06:49:01,2026-04-28T06:49:01,1
122318,7913,99,HU,1055,BA,,Szentdénes,full,,,magyar-posta-via-ferenci-tamas,,2026-04-28T06:49:01,2026-04-28T06:49:01,1
122319,7914,99,HU,1055,BA,,Bánfa,full,,,magyar-posta-via-ferenci-tamas,,2026-04-28T06:49:01,2026-04-28T06:49:01,1
122320,7914,99,HU,1055,BA,,Katádfa,full,,,magyar-posta-via-ferenci-tamas,,2026-04-28T06:49:01,2026-04-28T06:49:01,1
122321,7914,99,HU,1055,BA,,Rózsafa,full,,,magyar-posta-via-ferenci-tamas,,2026-04-28T06:49:01,2026-04-28T06:49:01,1
122322,7915,99,HU,1055,BA,,Dencsháza,full,,,magyar-posta-via-ferenci-tamas,,2026-04-28T06:49:01,2026-04-28T06:49:01,1
122323,7915,99,HU,1055,BA,,Szentegát,full,,,magyar-posta-via-ferenci-tamas,,2026-04-28T06:49:01,2026-04-28T06:49:01,1
122324,7918,99,HU,1035,SO,,Lakócsa,full,,,magyar-posta-via-ferenci-tamas,,2026-04-28T06:49:01,2026-04-28T06:49:01,1
122325,7918,99,HU,1035,SO,,Szentborbás,full,,,magyar-posta-via-ferenci-tamas,,2026-04-28T06:49:01,2026-04-28T06:49:01,1
122326,7918,99,HU,1035,SO,,Tótújfalu,full,,,magyar-posta-via-ferenci-tamas,,2026-04-28T06:49:01,2026-04-28T06:49:01,1
122327,7921,99,HU,1055,BA,,Somogyhatvan,full,,,magyar-posta-via-ferenci-tamas,,2026-04-28T06:49:01,2026-04-28T06:49:01,1
122328,7922,99,HU,1055,BA,,Somogyapáti,full,,,magyar-posta-via-ferenci-tamas,,2026-04-28T06:49:01,2026-04-28T06:49:01,1
122329,7923,99,HU,1055,BA,,Basal,full,,,magyar-posta-via-ferenci-tamas,,2026-04-28T06:49:01,2026-04-28T06:49:01,1
122330,7923,99,HU,1055,BA,,Patapoklosi,full,,,magyar-posta-via-ferenci-tamas,,2026-04-28T06:49:01,2026-04-28T06:49:01,1
122331,7924,99,HU,1055,BA,,Somogyviszló,full,,,magyar-posta-via-ferenci-tamas,,2026-04-28T06:49:01,2026-04-28T06:49:01,1
122332,7925,99,HU,1055,BA,,Magyarlukafa,full,,,magyar-posta-via-ferenci-tamas,,2026-04-28T06:49:01,2026-04-28T06:49:01,1
122333,7925,99,HU,1055,BA,,Somogyhárságy,full,,,magyar-posta-via-ferenci-tamas,,2026-04-28T06:49:01,2026-04-28T06:49:01,1
122334,7926,99,HU,1055,BA,,Vásárosbéc,full,,,magyar-posta-via-ferenci-tamas,,2026-04-28T06:49:01,2026-04-28T06:49:01,1
122335,7932,99,HU,1055,BA,,Almáskeresztúr,full,,,magyar-posta-via-ferenci-tamas,,2026-04-28T06:49:01,2026-04-28T06:49:01,1
122336,7932,99,HU,1055,BA,,Mozsgó,full,,,magyar-posta-via-ferenci-tamas,,2026-04-28T06:49:01,2026-04-28T06:49:01,1
122337,7932,99,HU,1055,BA,,Szulimán,full,,,magyar-posta-via-ferenci-tamas,,2026-04-28T06:49:01,2026-04-28T06:49:01,1
122338,7934,99,HU,1055,BA,,Almamellék,full,,,magyar-posta-via-ferenci-tamas,,2026-04-28T06:49:01,2026-04-28T06:49:01,1
122339,7935,99,HU,1055,BA,,Csebény,full,,,magyar-posta-via-ferenci-tamas,,2026-04-28T06:49:01,2026-04-28T06:49:01,1
122340,7935,99,HU,1055,BA,,Horváthertelend,full,,,magyar-posta-via-ferenci-tamas,,2026-04-28T06:49:01,2026-04-28T06:49:01,1
122341,7935,99,HU,1055,BA,,Ibafa,full,,,magyar-posta-via-ferenci-tamas,,2026-04-28T06:49:01,2026-04-28T06:49:01,1
122342,7936,99,HU,1055,BA,,Szentlászló,full,,,magyar-posta-via-ferenci-tamas,,2026-04-28T06:49:01,2026-04-28T06:49:01,1
122343,7937,99,HU,1055,BA,,Boldogasszonyfa,full,,,magyar-posta-via-ferenci-tamas,,2026-04-28T06:49:01,2026-04-28T06:49:01,1
122344,7940,99,HU,1055,BA,,Csonkamindszent,full,,,magyar-posta-via-ferenci-tamas,,2026-04-28T06:49:01,2026-04-28T06:49:01,1
122345,7940,99,HU,1055,BA,,Kacsóta,full,,,magyar-posta-via-ferenci-tamas,,2026-04-28T06:49:01,2026-04-28T06:49:01,1
122346,7940,99,HU,1055,BA,,Szentlőrinc,full,,,magyar-posta-via-ferenci-tamas,,2026-04-28T06:49:01,2026-04-28T06:49:01,1
122347,7951,99,HU,1055,BA,,Gerde,full,,,magyar-posta-via-ferenci-tamas,,2026-04-28T06:49:01,2026-04-28T06:49:01,1
122348,7951,99,HU,1055,BA,,Pécsbagota,full,,,magyar-posta-via-ferenci-tamas,,2026-04-28T06:49:01,2026-04-28T06:49:01,1
122349,7951,99,HU,1055,BA,,Szabadszentkirály,full,,,magyar-posta-via-ferenci-tamas,,2026-04-28T06:49:01,2026-04-28T06:49:01,1
122350,7951,99,HU,1055,BA,,Velény,full,,,magyar-posta-via-ferenci-tamas,,2026-04-28T06:49:01,2026-04-28T06:49:01,1
122351,7953,99,HU,1055,BA,,Királyegyháza,full,,,magyar-posta-via-ferenci-tamas,,2026-04-28T06:49:01,2026-04-28T06:49:01,1
122352,7954,99,HU,1055,BA,,Gilvánfa,full,,,magyar-posta-via-ferenci-tamas,,2026-04-28T06:49:01,2026-04-28T06:49:01,1
122353,7954,99,HU,1055,BA,,Gyöngyfa,full,,,magyar-posta-via-ferenci-tamas,,2026-04-28T06:49:01,2026-04-28T06:49:01,1
122354,7954,99,HU,1055,BA,,Kisasszonyfa,full,,,magyar-posta-via-ferenci-tamas,,2026-04-28T06:49:01,2026-04-28T06:49:01,1
122355,7954,99,HU,1055,BA,,Magyarmecske,full,,,magyar-posta-via-ferenci-tamas,,2026-04-28T06:49:01,2026-04-28T06:49:01,1
122356,7954,99,HU,1055,BA,,Magyartelek,full,,,magyar-posta-via-ferenci-tamas,,2026-04-28T06:49:01,2026-04-28T06:49:01,1
122357,7957,99,HU,1055,BA,,Okorág,full,,,magyar-posta-via-ferenci-tamas,,2026-04-28T06:49:01,2026-04-28T06:49:01,1
122358,7958,99,HU,1055,BA,,Kákics,full,,,magyar-posta-via-ferenci-tamas,,2026-04-28T06:49:01,2026-04-28T06:49:01,1
122359,7960,99,HU,1055,BA,,Drávaiványi,full,,,magyar-posta-via-ferenci-tamas,,2026-04-28T06:49:01,2026-04-28T06:49:01,1
122360,7960,99,HU,1055,BA,,Drávasztára,full,,,magyar-posta-via-ferenci-tamas,,2026-04-28T06:49:01,2026-04-28T06:49:01,1
122361,7960,99,HU,1055,BA,,Marócsa,full,,,magyar-posta-via-ferenci-tamas,,2026-04-28T06:49:01,2026-04-28T06:49:01,1
122362,7960,99,HU,1055,BA,,Sellye,full,,,magyar-posta-via-ferenci-tamas,,2026-04-28T06:49:01,2026-04-28T06:49:01,1
122363,7960,99,HU,1055,BA,,Sumony,full,,,magyar-posta-via-ferenci-tamas,,2026-04-28T06:49:01,2026-04-28T06:49:01,1
122364,7960,99,HU,1055,BA,,Sósvertike,full,,,magyar-posta-via-ferenci-tamas,,2026-04-28T06:49:01,2026-04-28T06:49:01,1
122365,7964,99,HU,1055,BA,,Csányoszró,full,,,magyar-posta-via-ferenci-tamas,,2026-04-28T06:49:01,2026-04-28T06:49:01,1
122366,7966,99,HU,1055,BA,,Bogdása,full,,,magyar-posta-via-ferenci-tamas,,2026-04-28T06:49:01,2026-04-28T06:49:01,1
122367,7967,99,HU,1055,BA,,Drávafok,full,,,magyar-posta-via-ferenci-tamas,,2026-04-28T06:49:01,2026-04-28T06:49:01,1
122368,7967,99,HU,1055,BA,,Drávakeresztúr,full,,,magyar-posta-via-ferenci-tamas,,2026-04-28T06:49:01,2026-04-28T06:49:01,1
122369,7967,99,HU,1055,BA,,Markóc,full,,,magyar-posta-via-ferenci-tamas,,2026-04-28T06:49:01,2026-04-28T06:49:01,1
122370,7968,99,HU,1055,BA,,Felsőszentmárton,full,,,magyar-posta-via-ferenci-tamas,,2026-04-28T06:49:01,2026-04-28T06:49:01,1
122371,7971,99,HU,1055,BA,,Hobol,full,,,magyar-posta-via-ferenci-tamas,,2026-04-28T06:49:01,2026-04-28T06:49:01,1
122372,7972,99,HU,1055,BA,,Gyöngyösmellék,full,,,magyar-posta-via-ferenci-tamas,,2026-04-28T06:49:01,2026-04-28T06:49:01,1
122373,7973,99,HU,1055,BA,,Bürüs,full,,,magyar-posta-via-ferenci-tamas,,2026-04-28T06:49:01,2026-04-28T06:49:01,1
122374,7973,99,HU,1055,BA,,Endrőc,full,,,magyar-posta-via-ferenci-tamas,,2026-04-28T06:49:01,2026-04-28T06:49:01,1
122375,7973,99,HU,1055,BA,,Teklafalu,full,,,magyar-posta-via-ferenci-tamas,,2026-04-28T06:49:01,2026-04-28T06:49:01,1
122376,7973,99,HU,1055,BA,,Várad,full,,,magyar-posta-via-ferenci-tamas,,2026-04-28T06:49:01,2026-04-28T06:49:01,1
122377,7975,99,HU,1055,BA,,Kétújfalu,full,,,magyar-posta-via-ferenci-tamas,,2026-04-28T06:49:01,2026-04-28T06:49:01,1
122378,7976,99,HU,1055,BA,,Szörény,full,,,magyar-posta-via-ferenci-tamas,,2026-04-28T06:49:01,2026-04-28T06:49:01,1
122379,7976,99,HU,1055,BA,,Zádor,full,,,magyar-posta-via-ferenci-tamas,,2026-04-28T06:49:01,2026-04-28T06:49:01,1
122380,7977,99,HU,1035,SO,,Drávagárdony,full,,,magyar-posta-via-ferenci-tamas,,2026-04-28T06:49:01,2026-04-28T06:49:01,1
122381,7977,99,HU,1035,SO,,Kastélyosdombó,full,,,magyar-posta-via-ferenci-tamas,,2026-04-28T06:49:01,2026-04-28T06:49:01,1
122382,7977,99,HU,1035,SO,,Potony,full,,,magyar-posta-via-ferenci-tamas,,2026-04-28T06:49:01,2026-04-28T06:49:01,1
122383,7979,99,HU,1035,SO,,Drávatamási,full,,,magyar-posta-via-ferenci-tamas,,2026-04-28T06:49:01,2026-04-28T06:49:01,1
122384,7980,99,HU,1055,BA,,Pettend,full,,,magyar-posta-via-ferenci-tamas,,2026-04-28T06:49:01,2026-04-28T06:49:01,1
122385,7981,99,HU,1055,BA,,Kistamási,full,,,magyar-posta-via-ferenci-tamas,,2026-04-28T06:49:01,2026-04-28T06:49:01,1
122386,7981,99,HU,1055,BA,,Merenye,full,,,magyar-posta-via-ferenci-tamas,,2026-04-28T06:49:01,2026-04-28T06:49:01,1
122387,7981,99,HU,1055,BA,,Molvány,full,,,magyar-posta-via-ferenci-tamas,,2026-04-28T06:49:01,2026-04-28T06:49:01,1
122388,7981,99,HU,1055,BA,,Nemeske,full,,,magyar-posta-via-ferenci-tamas,,2026-04-28T06:49:01,2026-04-28T06:49:01,1
122389,7981,99,HU,1055,BA,,Tótszentgyörgy,full,,,magyar-posta-via-ferenci-tamas,,2026-04-28T06:49:01,2026-04-28T06:49:01,1
122390,7985,99,HU,1055,BA,,Kisdobsza,full,,,magyar-posta-via-ferenci-tamas,,2026-04-28T06:49:01,2026-04-28T06:49:01,1
122391,7985,99,HU,1055,BA,,Nagydobsza,full,,,magyar-posta-via-ferenci-tamas,,2026-04-28T06:49:01,2026-04-28T06:49:01,1
122392,7987,99,HU,1035,SO,,Istvándi,full,,,magyar-posta-via-ferenci-tamas,,2026-04-28T06:49:01,2026-04-28T06:49:01,1
122393,7988,99,HU,1035,SO,,Darány,full,,,magyar-posta-via-ferenci-tamas,,2026-04-28T06:49:01,2026-04-28T06:49:01,1
122394,8000,99,HU,1044,FE,,Székesfehérvár,full,,,magyar-posta-via-ferenci-tamas,,2026-04-28T06:49:01,2026-04-28T06:49:01,1
122395,8019,99,HU,1044,FE,,"Székesfehérvár, Börgönd",full,,,magyar-posta-via-ferenci-tamas,,2026-04-28T06:49:01,2026-04-28T06:49:01,1
122396,8041,99,HU,1044,FE,,Csór,full,,,magyar-posta-via-ferenci-tamas,,2026-04-28T06:49:01,2026-04-28T06:49:01,1
122397,8042,99,HU,1044,FE,,Moha,full,,,magyar-posta-via-ferenci-tamas,,2026-04-28T06:49:01,2026-04-28T06:49:01,1
122398,8043,99,HU,1044,FE,,Iszkaszentgyörgy,full,,,magyar-posta-via-ferenci-tamas,,2026-04-28T06:49:01,2026-04-28T06:49:01,1
122399,8044,99,HU,1044,FE,,Kincsesbánya,full,,,magyar-posta-via-ferenci-tamas,,2026-04-28T06:49:01,2026-04-28T06:49:01,1
122400,8045,99,HU,1044,FE,,Isztimér,full,,,magyar-posta-via-ferenci-tamas,,2026-04-28T06:49:01,2026-04-28T06:49:01,1
122401,8046,99,HU,1044,FE,,Bakonykúti,full,,,magyar-posta-via-ferenci-tamas,,2026-04-28T06:49:01,2026-04-28T06:49:01,1
122402,8051,99,HU,1044,FE,,Sárkeresztes,full,,,magyar-posta-via-ferenci-tamas,,2026-04-28T06:49:01,2026-04-28T06:49:01,1
122403,8052,99,HU,1044,FE,,Fehérvárcsurgó,full,,,magyar-posta-via-ferenci-tamas,,2026-04-28T06:49:01,2026-04-28T06:49:01,1
122404,8053,99,HU,1044,FE,,Bodajk,full,,,magyar-posta-via-ferenci-tamas,,2026-04-28T06:49:01,2026-04-28T06:49:01,1
122405,8054,99,HU,1044,FE,,"Balinka, Eszény",full,,,magyar-posta-via-ferenci-tamas,,2026-04-28T06:49:01,2026-04-28T06:49:01,1
122406,8055,99,HU,1044,FE,,Balinka,full,,,magyar-posta-via-ferenci-tamas,,2026-04-28T06:49:01,2026-04-28T06:49:01,1
122407,8056,99,HU,1044,FE,,Bakonycsernye,full,,,magyar-posta-via-ferenci-tamas,,2026-04-28T06:49:01,2026-04-28T06:49:01,1
122408,8060,99,HU,1044,FE,,Mór,full,,,magyar-posta-via-ferenci-tamas,,2026-04-28T06:49:01,2026-04-28T06:49:01,1
122409,8065,99,HU,1044,FE,,Nagyveleg,full,,,magyar-posta-via-ferenci-tamas,,2026-04-28T06:49:01,2026-04-28T06:49:01,1
122410,8066,99,HU,1044,FE,,Pusztavám,full,,,magyar-posta-via-ferenci-tamas,,2026-04-28T06:49:01,2026-04-28T06:49:01,1
122411,8071,99,HU,1044,FE,,Magyaralmás,full,,,magyar-posta-via-ferenci-tamas,,2026-04-28T06:49:01,2026-04-28T06:49:01,1
122412,8072,99,HU,1044,FE,,Söréd,full,,,magyar-posta-via-ferenci-tamas,,2026-04-28T06:49:01,2026-04-28T06:49:01,1
122413,8073,99,HU,1044,FE,,Csákberény,full,,,magyar-posta-via-ferenci-tamas,,2026-04-28T06:49:01,2026-04-28T06:49:01,1
122414,8074,99,HU,1044,FE,,Csókakő,full,,,magyar-posta-via-ferenci-tamas,,2026-04-28T06:49:01,2026-04-28T06:49:01,1
122415,8080,99,HU,1044,FE,,Bodmér,full,,,magyar-posta-via-ferenci-tamas,,2026-04-28T06:49:01,2026-04-28T06:49:01,1
122416,8081,99,HU,1044,FE,,Zámoly,full,,,magyar-posta-via-ferenci-tamas,,2026-04-28T06:49:01,2026-04-28T06:49:01,1
122417,8082,99,HU,1044,FE,,Gánt,full,,,magyar-posta-via-ferenci-tamas,,2026-04-28T06:49:01,2026-04-28T06:49:01,1
122418,8083,99,HU,1044,FE,,Csákvár,full,,,magyar-posta-via-ferenci-tamas,,2026-04-28T06:49:01,2026-04-28T06:49:01,1
122419,8085,99,HU,1044,FE,,Vértesboglár,full,,,magyar-posta-via-ferenci-tamas,,2026-04-28T06:49:01,2026-04-28T06:49:01,1
122420,8086,99,HU,1044,FE,,Felcsút,full,,,magyar-posta-via-ferenci-tamas,,2026-04-28T06:49:01,2026-04-28T06:49:01,1
122421,8087,99,HU,1044,FE,,Alcsútdoboz,full,,,magyar-posta-via-ferenci-tamas,,2026-04-28T06:49:01,2026-04-28T06:49:01,1
122422,8088,99,HU,1044,FE,,Tabajd,full,,,magyar-posta-via-ferenci-tamas,,2026-04-28T06:49:01,2026-04-28T06:49:01,1
122423,8089,99,HU,1044,FE,,Vértesacsa,full,,,magyar-posta-via-ferenci-tamas,,2026-04-28T06:49:01,2026-04-28T06:49:01,1
122424,8092,99,HU,1044,FE,,Pátka,full,,,magyar-posta-via-ferenci-tamas,,2026-04-28T06:49:01,2026-04-28T06:49:01,1
122425,8093,99,HU,1044,FE,,Lovasberény,full,,,magyar-posta-via-ferenci-tamas,,2026-04-28T06:49:01,2026-04-28T06:49:01,1
122426,8095,99,HU,1044,FE,,Pákozd,full,,,magyar-posta-via-ferenci-tamas,,2026-04-28T06:49:01,2026-04-28T06:49:01,1
122427,8096,99,HU,1044,FE,,Sukoró,full,,,magyar-posta-via-ferenci-tamas,,2026-04-28T06:49:01,2026-04-28T06:49:01,1
122428,8097,99,HU,1044,FE,,Nadap,full,,,magyar-posta-via-ferenci-tamas,,2026-04-28T06:49:01,2026-04-28T06:49:01,1
122429,8100,99,HU,1054,VE,,Várpalota,full,,,magyar-posta-via-ferenci-tamas,,2026-04-28T06:49:01,2026-04-28T06:49:01,1
122430,8105,99,HU,1054,VE,,Pétfürdő,full,,,magyar-posta-via-ferenci-tamas,,2026-04-28T06:49:01,2026-04-28T06:49:01,1
122431,8109,99,HU,1054,VE,,Tés,full,,,magyar-posta-via-ferenci-tamas,,2026-04-28T06:49:01,2026-04-28T06:49:01,1
122432,8111,99,HU,1044,FE,,Seregélyes,full,,,magyar-posta-via-ferenci-tamas,,2026-04-28T06:49:01,2026-04-28T06:49:01,1
122433,8112,99,HU,1044,FE,,Zichyújfalu,full,,,magyar-posta-via-ferenci-tamas,,2026-04-28T06:49:01,2026-04-28T06:49:01,1
122434,8121,99,HU,1044,FE,,Tác,full,,,magyar-posta-via-ferenci-tamas,,2026-04-28T06:49:01,2026-04-28T06:49:01,1
122435,8122,99,HU,1044,FE,,Csősz,full,,,magyar-posta-via-ferenci-tamas,,2026-04-28T06:49:01,2026-04-28T06:49:01,1
122436,8123,99,HU,1044,FE,,Soponya,full,,,magyar-posta-via-ferenci-tamas,,2026-04-28T06:49:01,2026-04-28T06:49:01,1
122437,8124,99,HU,1044,FE,,Káloz,full,,,magyar-posta-via-ferenci-tamas,,2026-04-28T06:49:01,2026-04-28T06:49:01,1
122438,8125,99,HU,1044,FE,,Sárkeresztúr,full,,,magyar-posta-via-ferenci-tamas,,2026-04-28T06:49:01,2026-04-28T06:49:01,1
122439,8126,99,HU,1044,FE,,Sárszentágota,full,,,magyar-posta-via-ferenci-tamas,,2026-04-28T06:49:01,2026-04-28T06:49:01,1
122440,8127,99,HU,1044,FE,,Aba,full,,,magyar-posta-via-ferenci-tamas,,2026-04-28T06:49:01,2026-04-28T06:49:01,1
122441,8130,99,HU,1044,FE,,Enying,full,,,magyar-posta-via-ferenci-tamas,,2026-04-28T06:49:01,2026-04-28T06:49:01,1
122442,8131,99,HU,1044,FE,,"Enying, Balatonbozsok",full,,,magyar-posta-via-ferenci-tamas,,2026-04-28T06:49:01,2026-04-28T06:49:01,1
122443,8132,99,HU,1044,FE,,Lepsény,full,,,magyar-posta-via-ferenci-tamas,,2026-04-28T06:49:01,2026-04-28T06:49:01,1
122444,8133,99,HU,1044,FE,,Mezőszentgyörgy,full,,,magyar-posta-via-ferenci-tamas,,2026-04-28T06:49:01,2026-04-28T06:49:01,1
122445,8134,99,HU,1044,FE,,Mátyásdomb,full,,,magyar-posta-via-ferenci-tamas,,2026-04-28T06:49:01,2026-04-28T06:49:01,1
122446,8135,99,HU,1044,FE,,Dég,full,,,magyar-posta-via-ferenci-tamas,,2026-04-28T06:49:01,2026-04-28T06:49:01,1
122447,8136,99,HU,1044,FE,,Lajoskomárom,full,,,magyar-posta-via-ferenci-tamas,,2026-04-28T06:49:01,2026-04-28T06:49:01,1
122448,8137,99,HU,1044,FE,,Mezőkomárom,full,,,magyar-posta-via-ferenci-tamas,,2026-04-28T06:49:01,2026-04-28T06:49:01,1
122449,8138,99,HU,1044,FE,,Szabadhídvég,full,,,magyar-posta-via-ferenci-tamas,,2026-04-28T06:49:01,2026-04-28T06:49:01,1
122450,8139,99,HU,1044,FE,,"Szabadhídvég, Pélpuszta",full,,,magyar-posta-via-ferenci-tamas,,2026-04-28T06:49:01,2026-04-28T06:49:01,1
122451,8142,99,HU,1044,FE,,Úrhida,full,,,magyar-posta-via-ferenci-tamas,,2026-04-28T06:49:01,2026-04-28T06:49:01,1
122452,8143,99,HU,1044,FE,,Sárszentmihály,full,,,magyar-posta-via-ferenci-tamas,,2026-04-28T06:49:01,2026-04-28T06:49:01,1
122453,8144,99,HU,1044,FE,,Sárkeszi,full,,,magyar-posta-via-ferenci-tamas,,2026-04-28T06:49:01,2026-04-28T06:49:01,1
122454,8145,99,HU,1044,FE,,Nádasdladány,full,,,magyar-posta-via-ferenci-tamas,,2026-04-28T06:49:01,2026-04-28T06:49:01,1
122455,8146,99,HU,1044,FE,,Jenő,full,,,magyar-posta-via-ferenci-tamas,,2026-04-28T06:49:01,2026-04-28T06:49:01,1
122456,8151,99,HU,1044,FE,,Szabadbattyán,full,,,magyar-posta-via-ferenci-tamas,,2026-04-28T06:49:01,2026-04-28T06:49:01,1
122457,8152,99,HU,1044,FE,,Kőszárhegy,full,,,magyar-posta-via-ferenci-tamas,,2026-04-28T06:49:01,2026-04-28T06:49:01,1
122458,8154,99,HU,1044,FE,,Polgárdi,full,,,magyar-posta-via-ferenci-tamas,,2026-04-28T06:49:01,2026-04-28T06:49:01,1
122459,8156,99,HU,1044,FE,,Kisláng,full,,,magyar-posta-via-ferenci-tamas,,2026-04-28T06:49:01,2026-04-28T06:49:01,1
122460,8157,99,HU,1044,FE,,Füle,full,,,magyar-posta-via-ferenci-tamas,,2026-04-28T06:49:01,2026-04-28T06:49:01,1
122461,8161,99,HU,1054,VE,,Ősi,full,,,magyar-posta-via-ferenci-tamas,,2026-04-28T06:49:01,2026-04-28T06:49:01,1
122462,8162,99,HU,1054,VE,,Küngös,full,,,magyar-posta-via-ferenci-tamas,,2026-04-28T06:49:01,2026-04-28T06:49:01,1
122463,8163,99,HU,1054,VE,,Csajág,full,,,magyar-posta-via-ferenci-tamas,,2026-04-28T06:49:01,2026-04-28T06:49:01,1
122464,8164,99,HU,1054,VE,,Balatonfőkajár,full,,,magyar-posta-via-ferenci-tamas,,2026-04-28T06:49:01,2026-04-28T06:49:01,1
122465,8171,99,HU,1035,SO,,Balatonvilágos,full,,,magyar-posta-via-ferenci-tamas,,2026-04-28T06:49:01,2026-04-28T06:49:01,1
122466,8172,99,HU,1054,VE,,Balatonakarattya,full,,,magyar-posta-via-ferenci-tamas,,2026-04-28T06:49:01,2026-04-28T06:49:01,1
122467,8174,99,HU,1054,VE,,Balatonkenese,full,,,magyar-posta-via-ferenci-tamas,,2026-04-28T06:49:01,2026-04-28T06:49:01,1
122468,8175,99,HU,1054,VE,,Balatonfűzfő,full,,,magyar-posta-via-ferenci-tamas,,2026-04-28T06:49:01,2026-04-28T06:49:01,1
122469,8181,99,HU,1054,VE,,Berhida,full,,,magyar-posta-via-ferenci-tamas,,2026-04-28T06:49:01,2026-04-28T06:49:01,1
122470,8182,99,HU,1054,VE,,"Berhida, Peremartongyártelep",full,,,magyar-posta-via-ferenci-tamas,,2026-04-28T06:49:01,2026-04-28T06:49:01,1
122471,8183,99,HU,1054,VE,,Papkeszi,full,,,magyar-posta-via-ferenci-tamas,,2026-04-28T06:49:01,2026-04-28T06:49:01,1
122472,8184,99,HU,1054,VE,,"Balatonfűzfő, Fűzfőgyártelep",full,,,magyar-posta-via-ferenci-tamas,,2026-04-28T06:49:01,2026-04-28T06:49:01,1
122473,8191,99,HU,1054,VE,,Öskü,full,,,magyar-posta-via-ferenci-tamas,,2026-04-28T06:49:01,2026-04-28T06:49:01,1
122474,8192,99,HU,1054,VE,,Hajmáskér,full,,,magyar-posta-via-ferenci-tamas,,2026-04-28T06:49:01,2026-04-28T06:49:01,1
122475,8193,99,HU,1054,VE,,Sóly,full,,,magyar-posta-via-ferenci-tamas,,2026-04-28T06:49:01,2026-04-28T06:49:01,1
122476,8194,99,HU,1054,VE,,Vilonya,full,,,magyar-posta-via-ferenci-tamas,,2026-04-28T06:49:01,2026-04-28T06:49:01,1
122477,8195,99,HU,1054,VE,,Királyszentistván,full,,,magyar-posta-via-ferenci-tamas,,2026-04-28T06:49:01,2026-04-28T06:49:01,1
122478,8196,99,HU,1054,VE,,Litér,full,,,magyar-posta-via-ferenci-tamas,,2026-04-28T06:49:01,2026-04-28T06:49:01,1
122479,8200,99,HU,1054,VE,,Veszprém,full,,,magyar-posta-via-ferenci-tamas,,2026-04-28T06:49:01,2026-04-28T06:49:01,1
122480,8220,99,HU,1054,VE,,Balatonalmádi,full,,,magyar-posta-via-ferenci-tamas,,2026-04-28T06:49:01,2026-04-28T06:49:01,1
122481,8225,99,HU,1054,VE,,Szentkirályszabadja,full,,,magyar-posta-via-ferenci-tamas,,2026-04-28T06:49:01,2026-04-28T06:49:01,1
122482,8226,99,HU,1054,VE,,Alsóörs,full,,,magyar-posta-via-ferenci-tamas,,2026-04-28T06:49:01,2026-04-28T06:49:01,1
122483,8227,99,HU,1054,VE,,Felsőörs,full,,,magyar-posta-via-ferenci-tamas,,2026-04-28T06:49:01,2026-04-28T06:49:01,1
122484,8228,99,HU,1054,VE,,Lovas,full,,,magyar-posta-via-ferenci-tamas,,2026-04-28T06:49:01,2026-04-28T06:49:01,1
122485,8229,99,HU,1054,VE,,Csopak,full,,,magyar-posta-via-ferenci-tamas,,2026-04-28T06:49:01,2026-04-28T06:49:01,1
122486,8229,99,HU,1054,VE,,Paloznak,full,,,magyar-posta-via-ferenci-tamas,,2026-04-28T06:49:01,2026-04-28T06:49:01,1
122487,8230,99,HU,1054,VE,,Balatonfüred,full,,,magyar-posta-via-ferenci-tamas,,2026-04-28T06:49:01,2026-04-28T06:49:01,1
122488,8233,99,HU,1054,VE,,Balatonszőlős,full,,,magyar-posta-via-ferenci-tamas,,2026-04-28T06:49:01,2026-04-28T06:49:01,1
122489,8237,99,HU,1054,VE,,Tihany,full,,,magyar-posta-via-ferenci-tamas,,2026-04-28T06:49:01,2026-04-28T06:49:01,1
122490,8241,99,HU,1054,VE,,Aszófő,full,,,magyar-posta-via-ferenci-tamas,,2026-04-28T06:49:01,2026-04-28T06:49:01,1
122491,8242,99,HU,1054,VE,,Balatonudvari,full,,,magyar-posta-via-ferenci-tamas,,2026-04-28T06:49:01,2026-04-28T06:49:01,1
122492,8242,99,HU,1054,VE,,Örvényes,full,,,magyar-posta-via-ferenci-tamas,,2026-04-28T06:49:01,2026-04-28T06:49:01,1
122493,8243,99,HU,1054,VE,,Balatonakali,full,,,magyar-posta-via-ferenci-tamas,,2026-04-28T06:49:01,2026-04-28T06:49:01,1
122494,8244,99,HU,1054,VE,,Dörgicse,full,,,magyar-posta-via-ferenci-tamas,,2026-04-28T06:49:01,2026-04-28T06:49:01,1
122495,8245,99,HU,1054,VE,,Pécsely,full,,,magyar-posta-via-ferenci-tamas,,2026-04-28T06:49:01,2026-04-28T06:49:01,1
122496,8245,99,HU,1054,VE,,Vászoly,full,,,magyar-posta-via-ferenci-tamas,,2026-04-28T06:49:01,2026-04-28T06:49:01,1
122497,8246,99,HU,1054,VE,,Tótvázsony,full,,,magyar-posta-via-ferenci-tamas,,2026-04-28T06:49:01,2026-04-28T06:49:01,1
122498,8247,99,HU,1054,VE,,Hidegkút,full,,,magyar-posta-via-ferenci-tamas,,2026-04-28T06:49:01,2026-04-28T06:49:01,1
122499,8248,99,HU,1054,VE,,Nemesvámos,full,,,magyar-posta-via-ferenci-tamas,,2026-04-28T06:49:01,2026-04-28T06:49:01,1
122500,8248,99,HU,1054,VE,,Veszprémfajsz,full,,,magyar-posta-via-ferenci-tamas,,2026-04-28T06:49:01,2026-04-28T06:49:01,1
122501,8251,99,HU,1054,VE,,Zánka,full,,,magyar-posta-via-ferenci-tamas,,2026-04-28T06:49:01,2026-04-28T06:49:01,1
122502,8252,99,HU,1054,VE,,Balatonszepezd,full,,,magyar-posta-via-ferenci-tamas,,2026-04-28T06:49:01,2026-04-28T06:49:01,1
122503,8253,99,HU,1054,VE,,Révfülöp,full,,,magyar-posta-via-ferenci-tamas,,2026-04-28T06:49:01,2026-04-28T06:49:01,1
122504,8254,99,HU,1054,VE,,Kékkút,full,,,magyar-posta-via-ferenci-tamas,,2026-04-28T06:49:01,2026-04-28T06:49:01,1
122505,8254,99,HU,1054,VE,,Kővágóörs,full,,,magyar-posta-via-ferenci-tamas,,2026-04-28T06:49:01,2026-04-28T06:49:01,1
122506,8255,99,HU,1054,VE,,Balatonrendes,full,,,magyar-posta-via-ferenci-tamas,,2026-04-28T06:49:01,2026-04-28T06:49:01,1
122507,8255,99,HU,1054,VE,,"Kővágóörs, Pálköve",full,,,magyar-posta-via-ferenci-tamas,,2026-04-28T06:49:01,2026-04-28T06:49:01,1
122508,8256,99,HU,1054,VE,,Salföld,full,,,magyar-posta-via-ferenci-tamas,,2026-04-28T06:49:01,2026-04-28T06:49:01,1
122509,8256,99,HU,1054,VE,,Ábrahámhegy,full,,,magyar-posta-via-ferenci-tamas,,2026-04-28T06:49:01,2026-04-28T06:49:01,1
122510,8257,99,HU,1054,VE,,"Badacsonytomaj, Badacsonyörs",full,,,magyar-posta-via-ferenci-tamas,,2026-04-28T06:49:01,2026-04-28T06:49:01,1
122511,8258,99,HU,1054,VE,,Badacsonytomaj,full,,,magyar-posta-via-ferenci-tamas,,2026-04-28T06:49:01,2026-04-28T06:49:01,1
122512,8261,99,HU,1054,VE,,"Badacsonytomaj, Badacsony",full,,,magyar-posta-via-ferenci-tamas,,2026-04-28T06:49:01,2026-04-28T06:49:01,1
122513,8263,99,HU,1054,VE,,Badacsonytördemic,full,,,magyar-posta-via-ferenci-tamas,,2026-04-28T06:49:01,2026-04-28T06:49:01,1
122514,8264,99,HU,1054,VE,,Szigliget,full,,,magyar-posta-via-ferenci-tamas,,2026-04-28T06:49:01,2026-04-28T06:49:01,1
122515,8265,99,HU,1054,VE,,Hegymagas,full,,,magyar-posta-via-ferenci-tamas,,2026-04-28T06:49:01,2026-04-28T06:49:01,1
122516,8271,99,HU,1054,VE,,Mencshely,full,,,magyar-posta-via-ferenci-tamas,,2026-04-28T06:49:01,2026-04-28T06:49:01,1
122517,8272,99,HU,1054,VE,,Balatoncsicsó,full,,,magyar-posta-via-ferenci-tamas,,2026-04-28T06:49:01,2026-04-28T06:49:01,1
122518,8272,99,HU,1054,VE,,Szentantalfa,full,,,magyar-posta-via-ferenci-tamas,,2026-04-28T06:49:01,2026-04-28T06:49:01,1
122519,8272,99,HU,1054,VE,,Szentjakabfa,full,,,magyar-posta-via-ferenci-tamas,,2026-04-28T06:49:01,2026-04-28T06:49:01,1
122520,8272,99,HU,1054,VE,,Tagyon,full,,,magyar-posta-via-ferenci-tamas,,2026-04-28T06:49:01,2026-04-28T06:49:01,1
122521,8272,99,HU,1054,VE,,Óbudavár,full,,,magyar-posta-via-ferenci-tamas,,2026-04-28T06:49:01,2026-04-28T06:49:01,1
122522,8273,99,HU,1054,VE,,Monoszló,full,,,magyar-posta-via-ferenci-tamas,,2026-04-28T06:49:01,2026-04-28T06:49:01,1
122523,8274,99,HU,1054,VE,,Köveskál,full,,,magyar-posta-via-ferenci-tamas,,2026-04-28T06:49:01,2026-04-28T06:49:01,1
122524,8275,99,HU,1054,VE,,Balatonhenye,full,,,magyar-posta-via-ferenci-tamas,,2026-04-28T06:49:01,2026-04-28T06:49:01,1
122525,8281,99,HU,1054,VE,,Szentbékkálla,full,,,magyar-posta-via-ferenci-tamas,,2026-04-28T06:49:01,2026-04-28T06:49:01,1
122526,8282,99,HU,1054,VE,,Mindszentkálla,full,,,magyar-posta-via-ferenci-tamas,,2026-04-28T06:49:01,2026-04-28T06:49:01,1
122527,8283,99,HU,1054,VE,,Káptalantóti,full,,,magyar-posta-via-ferenci-tamas,,2026-04-28T06:49:01,2026-04-28T06:49:01,1
122528,8284,99,HU,1054,VE,,Kisapáti,full,,,magyar-posta-via-ferenci-tamas,,2026-04-28T06:49:01,2026-04-28T06:49:01,1
122529,8284,99,HU,1054,VE,,Nemesgulács,full,,,magyar-posta-via-ferenci-tamas,,2026-04-28T06:49:01,2026-04-28T06:49:01,1
122530,8286,99,HU,1054,VE,,Gyulakeszi,full,,,magyar-posta-via-ferenci-tamas,,2026-04-28T06:49:01,2026-04-28T06:49:01,1
122531,8291,99,HU,1054,VE,,Barnag,full,,,magyar-posta-via-ferenci-tamas,,2026-04-28T06:49:01,2026-04-28T06:49:01,1
122532,8291,99,HU,1054,VE,,Nagyvázsony,full,,,magyar-posta-via-ferenci-tamas,,2026-04-28T06:49:01,2026-04-28T06:49:01,1
122533,8291,99,HU,1054,VE,,Pula,full,,,magyar-posta-via-ferenci-tamas,,2026-04-28T06:49:01,2026-04-28T06:49:01,1
122534,8291,99,HU,1054,VE,,Vöröstó,full,,,magyar-posta-via-ferenci-tamas,,2026-04-28T06:49:01,2026-04-28T06:49:01,1
122535,8292,99,HU,1054,VE,,Öcs,full,,,magyar-posta-via-ferenci-tamas,,2026-04-28T06:49:01,2026-04-28T06:49:01,1
122536,8294,99,HU,1054,VE,,Kapolcs,full,,,magyar-posta-via-ferenci-tamas,,2026-04-28T06:49:01,2026-04-28T06:49:01,1
122537,8294,99,HU,1054,VE,,Vigántpetend,full,,,magyar-posta-via-ferenci-tamas,,2026-04-28T06:49:01,2026-04-28T06:49:01,1
122538,8295,99,HU,1054,VE,,Taliándörögd,full,,,magyar-posta-via-ferenci-tamas,,2026-04-28T06:49:01,2026-04-28T06:49:01,1
122539,8296,99,HU,1054,VE,,Hegyesd,full,,,magyar-posta-via-ferenci-tamas,,2026-04-28T06:49:01,2026-04-28T06:49:01,1
122540,8296,99,HU,1054,VE,,Monostorapáti,full,,,magyar-posta-via-ferenci-tamas,,2026-04-28T06:49:01,2026-04-28T06:49:01,1
122541,8297,99,HU,1054,VE,,"Tapolca, Diszel",full,,,magyar-posta-via-ferenci-tamas,,2026-04-28T06:49:01,2026-04-28T06:49:01,1
122542,8300,99,HU,1054,VE,,Raposka,full,,,magyar-posta-via-ferenci-tamas,,2026-04-28T06:49:01,2026-04-28T06:49:01,1
122543,8300,99,HU,1054,VE,,Tapolca,full,,,magyar-posta-via-ferenci-tamas,,2026-04-28T06:49:01,2026-04-28T06:49:01,1
122544,8308,99,HU,1054,VE,,Sáska,full,,,magyar-posta-via-ferenci-tamas,,2026-04-28T06:49:01,2026-04-28T06:49:01,1
122545,8308,99,HU,1054,VE,,Zalahaláp,full,,,magyar-posta-via-ferenci-tamas,,2026-04-28T06:49:01,2026-04-28T06:49:01,1
122546,8311,99,HU,1054,VE,,Nemesvita,full,,,magyar-posta-via-ferenci-tamas,,2026-04-28T06:49:01,2026-04-28T06:49:01,1
122547,8312,99,HU,1054,VE,,Balatonederics,full,,,magyar-posta-via-ferenci-tamas,,2026-04-28T06:49:01,2026-04-28T06:49:01,1
122548,8313,99,HU,1046,ZA,,Balatongyörök,full,,,magyar-posta-via-ferenci-tamas,,2026-04-28T06:49:01,2026-04-28T06:49:01,1
122549,8314,99,HU,1046,ZA,,Vonyarcvashegy,full,,,magyar-posta-via-ferenci-tamas,,2026-04-28T06:49:01,2026-04-28T06:49:01,1
122550,8315,99,HU,1046,ZA,,Gyenesdiás,full,,,magyar-posta-via-ferenci-tamas,,2026-04-28T06:49:01,2026-04-28T06:49:01,1
122551,8316,99,HU,1046,ZA,,Vállus,full,,,magyar-posta-via-ferenci-tamas,,2026-04-28T06:49:01,2026-04-28T06:49:01,1
122552,8316,99,HU,1046,ZA,,Várvölgy,full,,,magyar-posta-via-ferenci-tamas,,2026-04-28T06:49:01,2026-04-28T06:49:01,1
122553,8317,99,HU,1054,VE,,Lesencefalu,full,,,magyar-posta-via-ferenci-tamas,,2026-04-28T06:49:01,2026-04-28T06:49:01,1
122554,8318,99,HU,1054,VE,,Lesencetomaj,full,,,magyar-posta-via-ferenci-tamas,,2026-04-28T06:49:01,2026-04-28T06:49:01,1
122555,8319,99,HU,1054,VE,,Lesenceistvánd,full,,,magyar-posta-via-ferenci-tamas,,2026-04-28T06:49:01,2026-04-28T06:49:01,1
122556,8321,99,HU,1054,VE,,Uzsa,full,,,magyar-posta-via-ferenci-tamas,,2026-04-28T06:49:01,2026-04-28T06:49:01,1
122557,8330,99,HU,1054,VE,,Sümeg,full,,,magyar-posta-via-ferenci-tamas,,2026-04-28T06:49:01,2026-04-28T06:49:01,1
122558,8341,99,HU,1046,ZA,,Kisvásárhely,full,,,magyar-posta-via-ferenci-tamas,,2026-04-28T06:49:01,2026-04-28T06:49:01,1
122559,8341,99,HU,1046,ZA,,Mihályfa,full,,,magyar-posta-via-ferenci-tamas,,2026-04-28T06:49:01,2026-04-28T06:49:01,1
122560,8341,99,HU,1046,ZA,,Szalapa,full,,,magyar-posta-via-ferenci-tamas,,2026-04-28T06:49:01,2026-04-28T06:49:01,1
122561,8342,99,HU,1046,ZA,,Óhíd,full,,,magyar-posta-via-ferenci-tamas,,2026-04-28T06:49:01,2026-04-28T06:49:01,1
122562,8344,99,HU,1054,VE,,Hetyefő,full,,,magyar-posta-via-ferenci-tamas,,2026-04-28T06:49:01,2026-04-28T06:49:01,1
122563,8344,99,HU,1054,VE,,Zalaerdőd,full,,,magyar-posta-via-ferenci-tamas,,2026-04-28T06:49:01,2026-04-28T06:49:01,1
122564,8345,99,HU,1054,VE,,Dabronc,full,,,magyar-posta-via-ferenci-tamas,,2026-04-28T06:49:01,2026-04-28T06:49:01,1
122565,8346,99,HU,1054,VE,,Gógánfa,full,,,magyar-posta-via-ferenci-tamas,,2026-04-28T06:49:01,2026-04-28T06:49:01,1
122566,8347,99,HU,1054,VE,,Ukk,full,,,magyar-posta-via-ferenci-tamas,,2026-04-28T06:49:01,2026-04-28T06:49:01,1
122567,8348,99,HU,1054,VE,,Megyer,full,,,magyar-posta-via-ferenci-tamas,,2026-04-28T06:49:01,2026-04-28T06:49:01,1
122568,8348,99,HU,1054,VE,,Rigács,full,,,magyar-posta-via-ferenci-tamas,,2026-04-28T06:49:01,2026-04-28T06:49:01,1
122569,8348,99,HU,1054,VE,,Zalameggyes,full,,,magyar-posta-via-ferenci-tamas,,2026-04-28T06:49:01,2026-04-28T06:49:01,1
122570,8349,99,HU,1054,VE,,Zalagyömörő,full,,,magyar-posta-via-ferenci-tamas,,2026-04-28T06:49:01,2026-04-28T06:49:01,1
122571,8351,99,HU,1054,VE,,Sümegprága,full,,,magyar-posta-via-ferenci-tamas,,2026-04-28T06:49:01,2026-04-28T06:49:01,1
122572,8352,99,HU,1054,VE,,Bazsi,full,,,magyar-posta-via-ferenci-tamas,,2026-04-28T06:49:01,2026-04-28T06:49:01,1
122573,8353,99,HU,1046,ZA,,Vindornyalak,full,,,magyar-posta-via-ferenci-tamas,,2026-04-28T06:49:01,2026-04-28T06:49:01,1
122574,8353,99,HU,1046,ZA,,Zalaszántó,full,,,magyar-posta-via-ferenci-tamas,,2026-04-28T06:49:01,2026-04-28T06:49:01,1
122575,8354,99,HU,1046,ZA,,Karmacs,full,,,magyar-posta-via-ferenci-tamas,,2026-04-28T06:49:01,2026-04-28T06:49:01,1
122576,8354,99,HU,1046,ZA,,Vindornyafok,full,,,magyar-posta-via-ferenci-tamas,,2026-04-28T06:49:01,2026-04-28T06:49:01,1
122577,8354,99,HU,1046,ZA,,Zalaköveskút,full,,,magyar-posta-via-ferenci-tamas,,2026-04-28T06:49:01,2026-04-28T06:49:01,1
122578,8355,99,HU,1046,ZA,,Vindornyaszőlős,full,,,magyar-posta-via-ferenci-tamas,,2026-04-28T06:49:01,2026-04-28T06:49:01,1
122579,8356,99,HU,1046,ZA,,Kisgörbő,full,,,magyar-posta-via-ferenci-tamas,,2026-04-28T06:49:01,2026-04-28T06:49:01,1
122580,8356,99,HU,1046,ZA,,Nagygörbő,full,,,magyar-posta-via-ferenci-tamas,,2026-04-28T06:49:01,2026-04-28T06:49:01,1
122581,8357,99,HU,1046,ZA,,Döbröce,full,,,magyar-posta-via-ferenci-tamas,,2026-04-28T06:49:01,2026-04-28T06:49:01,1
122582,8357,99,HU,1046,ZA,,Sümegcsehi,full,,,magyar-posta-via-ferenci-tamas,,2026-04-28T06:49:01,2026-04-28T06:49:01,1
122583,8360,99,HU,1046,ZA,,Keszthely,full,,,magyar-posta-via-ferenci-tamas,,2026-04-28T06:49:01,2026-04-28T06:49:01,1
122584,8371,99,HU,1046,ZA,,Nemesbük,full,,,magyar-posta-via-ferenci-tamas,,2026-04-28T06:49:01,2026-04-28T06:49:01,1
122585,8372,99,HU,1046,ZA,,Cserszegtomaj,full,,,magyar-posta-via-ferenci-tamas,,2026-04-28T06:49:01,2026-04-28T06:49:01,1
122586,8373,99,HU,1046,ZA,,Rezi,full,,,magyar-posta-via-ferenci-tamas,,2026-04-28T06:49:01,2026-04-28T06:49:01,1
122587,8380,99,HU,1046,ZA,,Hévíz,full,,,magyar-posta-via-ferenci-tamas,,2026-04-28T06:49:01,2026-04-28T06:49:01,1
122588,8391,99,HU,1046,ZA,,Sármellék,full,,,magyar-posta-via-ferenci-tamas,,2026-04-28T06:49:01,2026-04-28T06:49:01,1
122589,8392,99,HU,1046,ZA,,Zalavár,full,,,magyar-posta-via-ferenci-tamas,,2026-04-28T06:49:01,2026-04-28T06:49:01,1
122590,8393,99,HU,1046,ZA,,Szentgyörgyvár,full,,,magyar-posta-via-ferenci-tamas,,2026-04-28T06:49:01,2026-04-28T06:49:01,1
122591,8394,99,HU,1046,ZA,,Alsópáhok,full,,,magyar-posta-via-ferenci-tamas,,2026-04-28T06:49:01,2026-04-28T06:49:01,1
122592,8395,99,HU,1046,ZA,,Felsőpáhok,full,,,magyar-posta-via-ferenci-tamas,,2026-04-28T06:49:01,2026-04-28T06:49:01,1
122593,8400,99,HU,1054,VE,,Ajka,full,,,magyar-posta-via-ferenci-tamas,,2026-04-28T06:49:01,2026-04-28T06:49:01,1
122594,8409,99,HU,1054,VE,,Úrkút,full,,,magyar-posta-via-ferenci-tamas,,2026-04-28T06:49:01,2026-04-28T06:49:01,1
122595,8411,99,HU,1054,VE,,"Veszprém, Kádárta",full,,,magyar-posta-via-ferenci-tamas,,2026-04-28T06:49:01,2026-04-28T06:49:01,1
122596,8412,99,HU,1054,VE,,"Veszprém, Gyulafirátót",full,,,magyar-posta-via-ferenci-tamas,,2026-04-28T06:49:01,2026-04-28T06:49:01,1
122597,8413,99,HU,1054,VE,,Eplény,full,,,magyar-posta-via-ferenci-tamas,,2026-04-28T06:49:01,2026-04-28T06:49:01,1
122598,8414,99,HU,1054,VE,,Olaszfalu,full,,,magyar-posta-via-ferenci-tamas,,2026-04-28T06:49:01,2026-04-28T06:49:01,1
122599,8415,99,HU,1054,VE,,Nagyesztergár,full,,,magyar-posta-via-ferenci-tamas,,2026-04-28T06:49:01,2026-04-28T06:49:01,1
122600,8416,99,HU,1054,VE,,Dudar,full,,,magyar-posta-via-ferenci-tamas,,2026-04-28T06:49:01,2026-04-28T06:49:01,1
122601,8417,99,HU,1054,VE,,Csetény,full,,,magyar-posta-via-ferenci-tamas,,2026-04-28T06:49:01,2026-04-28T06:49:01,1
122602,8418,99,HU,1054,VE,,Bakonyoszlop,full,,,magyar-posta-via-ferenci-tamas,,2026-04-28T06:49:01,2026-04-28T06:49:01,1
122603,8419,99,HU,1054,VE,,Csesznek,full,,,magyar-posta-via-ferenci-tamas,,2026-04-28T06:49:01,2026-04-28T06:49:01,1
122604,8420,99,HU,1054,VE,,Zirc,full,,,magyar-posta-via-ferenci-tamas,,2026-04-28T06:49:01,2026-04-28T06:49:01,1
122605,8422,99,HU,1054,VE,,Bakonynána,full,,,magyar-posta-via-ferenci-tamas,,2026-04-28T06:49:01,2026-04-28T06:49:01,1
122606,8423,99,HU,1054,VE,,Szápár,full,,,magyar-posta-via-ferenci-tamas,,2026-04-28T06:49:01,2026-04-28T06:49:01,1
122607,8424,99,HU,1054,VE,,Jásd,full,,,magyar-posta-via-ferenci-tamas,,2026-04-28T06:49:01,2026-04-28T06:49:01,1
122608,8425,99,HU,1054,VE,,Lókút,full,,,magyar-posta-via-ferenci-tamas,,2026-04-28T06:49:01,2026-04-28T06:49:01,1
122609,8426,99,HU,1054,VE,,Pénzesgyőr,full,,,magyar-posta-via-ferenci-tamas,,2026-04-28T06:49:01,2026-04-28T06:49:01,1
122610,8427,99,HU,1054,VE,,Bakonybél,full,,,magyar-posta-via-ferenci-tamas,,2026-04-28T06:49:01,2026-04-28T06:49:01,1
122611,8428,99,HU,1054,VE,,Borzavár,full,,,magyar-posta-via-ferenci-tamas,,2026-04-28T06:49:01,2026-04-28T06:49:01,1
122612,8429,99,HU,1054,VE,,Porva,full,,,magyar-posta-via-ferenci-tamas,,2026-04-28T06:49:01,2026-04-28T06:49:01,1
122613,8430,99,HU,1054,VE,,Bakonyszentkirály,full,,,magyar-posta-via-ferenci-tamas,,2026-04-28T06:49:01,2026-04-28T06:49:01,1
122614,8431,99,HU,1042,GS,,Bakonyszentlászló,full,,,magyar-posta-via-ferenci-tamas,,2026-04-28T06:49:01,2026-04-28T06:49:01,1
122615,8432,99,HU,1042,GS,,Fenyőfő,full,,,magyar-posta-via-ferenci-tamas,,2026-04-28T06:49:01,2026-04-28T06:49:01,1
122616,8433,99,HU,1042,GS,,Bakonygyirót,full,,,magyar-posta-via-ferenci-tamas,,2026-04-28T06:49:01,2026-04-28T06:49:01,1
122617,8434,99,HU,1042,GS,,Románd,full,,,magyar-posta-via-ferenci-tamas,,2026-04-28T06:49:01,2026-04-28T06:49:01,1
122618,8435,99,HU,1054,VE,,Gic,full,,,magyar-posta-via-ferenci-tamas,,2026-04-28T06:49:01,2026-04-28T06:49:01,1
122619,8438,99,HU,1042,GS,,Veszprémvarsány,full,,,magyar-posta-via-ferenci-tamas,,2026-04-28T06:49:01,2026-04-28T06:49:01,1
122620,8439,99,HU,1042,GS,,Sikátor,full,,,magyar-posta-via-ferenci-tamas,,2026-04-28T06:49:01,2026-04-28T06:49:01,1
122621,8440,99,HU,1054,VE,,Herend,full,,,magyar-posta-via-ferenci-tamas,,2026-04-28T06:49:01,2026-04-28T06:49:01,1
122622,8441,99,HU,1054,VE,,Márkó,full,,,magyar-posta-via-ferenci-tamas,,2026-04-28T06:49:01,2026-04-28T06:49:01,1
122623,8442,99,HU,1054,VE,,Hárskút,full,,,magyar-posta-via-ferenci-tamas,,2026-04-28T06:49:01,2026-04-28T06:49:01,1
122624,8443,99,HU,1054,VE,,Bánd,full,,,magyar-posta-via-ferenci-tamas,,2026-04-28T06:49:01,2026-04-28T06:49:01,1
122625,8444,99,HU,1054,VE,,Szentgál,full,,,magyar-posta-via-ferenci-tamas,,2026-04-28T06:49:01,2026-04-28T06:49:01,1
122626,8445,99,HU,1054,VE,,Csehbánya,full,,,magyar-posta-via-ferenci-tamas,,2026-04-28T06:49:01,2026-04-28T06:49:01,1
122627,8445,99,HU,1054,VE,,Városlőd,full,,,magyar-posta-via-ferenci-tamas,,2026-04-28T06:49:01,2026-04-28T06:49:01,1
122628,8446,99,HU,1054,VE,,Kislőd,full,,,magyar-posta-via-ferenci-tamas,,2026-04-28T06:49:01,2026-04-28T06:49:01,1
122629,8447,99,HU,1054,VE,,"Ajka, Ajkarendek",full,,,magyar-posta-via-ferenci-tamas,,2026-04-28T06:49:01,2026-04-28T06:49:01,1
122630,8448,99,HU,1054,VE,,"Ajka, Bakonygyepes",full,,,magyar-posta-via-ferenci-tamas,,2026-04-28T06:49:01,2026-04-28T06:49:01,1
122631,8449,99,HU,1054,VE,,Magyarpolány,full,,,magyar-posta-via-ferenci-tamas,,2026-04-28T06:49:01,2026-04-28T06:49:01,1
122632,8451,99,HU,1054,VE,,"Ajka, Padragkút",full,,,magyar-posta-via-ferenci-tamas,,2026-04-28T06:49:01,2026-04-28T06:49:01,1
122633,8452,99,HU,1054,VE,,Halimba,full,,,magyar-posta-via-ferenci-tamas,,2026-04-28T06:49:01,2026-04-28T06:49:01,1
122634,8452,99,HU,1054,VE,,Szőc,full,,,magyar-posta-via-ferenci-tamas,,2026-04-28T06:49:01,2026-04-28T06:49:01,1
122635,8454,99,HU,1054,VE,,Nyirád,full,,,magyar-posta-via-ferenci-tamas,,2026-04-28T06:49:01,2026-04-28T06:49:01,1
122636,8455,99,HU,1054,VE,,Pusztamiske,full,,,magyar-posta-via-ferenci-tamas,,2026-04-28T06:49:01,2026-04-28T06:49:01,1
122637,8456,99,HU,1054,VE,,Noszlop,full,,,magyar-posta-via-ferenci-tamas,,2026-04-28T06:49:01,2026-04-28T06:49:01,1
122638,8457,99,HU,1054,VE,,Bakonypölöske,full,,,magyar-posta-via-ferenci-tamas,,2026-04-28T06:49:01,2026-04-28T06:49:01,1
122639,8458,99,HU,1054,VE,,Oroszi,full,,,magyar-posta-via-ferenci-tamas,,2026-04-28T06:49:01,2026-04-28T06:49:01,1
122640,8460,99,HU,1054,VE,,Devecser,full,,,magyar-posta-via-ferenci-tamas,,2026-04-28T06:49:01,2026-04-28T06:49:01,1
122641,8468,99,HU,1054,VE,,Kolontár,full,,,magyar-posta-via-ferenci-tamas,,2026-04-28T06:49:01,2026-04-28T06:49:01,1
122642,8469,99,HU,1054,VE,,Kamond,full,,,magyar-posta-via-ferenci-tamas,,2026-04-28T06:49:01,2026-04-28T06:49:01,1
122643,8471,99,HU,1054,VE,,Bodorfa,full,,,magyar-posta-via-ferenci-tamas,,2026-04-28T06:49:01,2026-04-28T06:49:01,1
122644,8471,99,HU,1054,VE,,Káptalanfa,full,,,magyar-posta-via-ferenci-tamas,,2026-04-28T06:49:01,2026-04-28T06:49:01,1
122645,8471,99,HU,1054,VE,,Nemeshany,full,,,magyar-posta-via-ferenci-tamas,,2026-04-28T06:49:01,2026-04-28T06:49:01,1
122646,8473,99,HU,1054,VE,,Gyepükaján,full,,,magyar-posta-via-ferenci-tamas,,2026-04-28T06:49:01,2026-04-28T06:49:01,1
122647,8474,99,HU,1054,VE,,Csabrendek,full,,,magyar-posta-via-ferenci-tamas,,2026-04-28T06:49:01,2026-04-28T06:49:01,1
122648,8475,99,HU,1054,VE,,Hosztót,full,,,magyar-posta-via-ferenci-tamas,,2026-04-28T06:49:01,2026-04-28T06:49:01,1
122649,8475,99,HU,1054,VE,,Szentimrefalva,full,,,magyar-posta-via-ferenci-tamas,,2026-04-28T06:49:01,2026-04-28T06:49:01,1
122650,8475,99,HU,1054,VE,,Veszprémgalsa,full,,,magyar-posta-via-ferenci-tamas,,2026-04-28T06:49:01,2026-04-28T06:49:01,1
122651,8476,99,HU,1054,VE,,Zalaszegvár,full,,,magyar-posta-via-ferenci-tamas,,2026-04-28T06:49:01,2026-04-28T06:49:01,1
122652,8477,99,HU,1054,VE,,Apácatorna,full,,,magyar-posta-via-ferenci-tamas,,2026-04-28T06:49:01,2026-04-28T06:49:01,1
122653,8477,99,HU,1054,VE,,Kisberzseny,full,,,magyar-posta-via-ferenci-tamas,,2026-04-28T06:49:01,2026-04-28T06:49:01,1
122654,8477,99,HU,1054,VE,,Tüskevár,full,,,magyar-posta-via-ferenci-tamas,,2026-04-28T06:49:01,2026-04-28T06:49:01,1
122655,8478,99,HU,1054,VE,,Somlójenő,full,,,magyar-posta-via-ferenci-tamas,,2026-04-28T06:49:01,2026-04-28T06:49:01,1
122656,8479,99,HU,1054,VE,,Borszörcsök,full,,,magyar-posta-via-ferenci-tamas,,2026-04-28T06:49:01,2026-04-28T06:49:01,1
122657,8481,99,HU,1054,VE,,Somlóvásárhely,full,,,magyar-posta-via-ferenci-tamas,,2026-04-28T06:49:01,2026-04-28T06:49:01,1
122658,8482,99,HU,1054,VE,,Doba,full,,,magyar-posta-via-ferenci-tamas,,2026-04-28T06:49:01,2026-04-28T06:49:01,1
122659,8483,99,HU,1054,VE,,Kisszőlős,full,,,magyar-posta-via-ferenci-tamas,,2026-04-28T06:49:01,2026-04-28T06:49:01,1
122660,8483,99,HU,1054,VE,,Somlószőlős,full,,,magyar-posta-via-ferenci-tamas,,2026-04-28T06:49:01,2026-04-28T06:49:01,1
122661,8484,99,HU,1054,VE,,Nagyalásony,full,,,magyar-posta-via-ferenci-tamas,,2026-04-28T06:49:01,2026-04-28T06:49:01,1
122662,8484,99,HU,1054,VE,,Somlóvecse,full,,,magyar-posta-via-ferenci-tamas,,2026-04-28T06:49:01,2026-04-28T06:49:01,1
122663,8484,99,HU,1054,VE,,Vid,full,,,magyar-posta-via-ferenci-tamas,,2026-04-28T06:49:01,2026-04-28T06:49:01,1
122664,8485,99,HU,1054,VE,,Dabrony,full,,,magyar-posta-via-ferenci-tamas,,2026-04-28T06:49:01,2026-04-28T06:49:01,1
122665,8491,99,HU,1054,VE,,Karakószörcsök,full,,,magyar-posta-via-ferenci-tamas,,2026-04-28T06:49:01,2026-04-28T06:49:01,1
122666,8492,99,HU,1054,VE,,Kerta,full,,,magyar-posta-via-ferenci-tamas,,2026-04-28T06:49:01,2026-04-28T06:49:01,1
122667,8493,99,HU,1054,VE,,Iszkáz,full,,,magyar-posta-via-ferenci-tamas,,2026-04-28T06:49:01,2026-04-28T06:49:01,1
122668,8494,99,HU,1054,VE,,Kiscsősz,full,,,magyar-posta-via-ferenci-tamas,,2026-04-28T06:49:01,2026-04-28T06:49:01,1
122669,8495,99,HU,1054,VE,,Csögle,full,,,magyar-posta-via-ferenci-tamas,,2026-04-28T06:49:01,2026-04-28T06:49:01,1
122670,8496,99,HU,1054,VE,,Kispirit,full,,,magyar-posta-via-ferenci-tamas,,2026-04-28T06:49:01,2026-04-28T06:49:01,1
122671,8496,99,HU,1054,VE,,Nagypirit,full,,,magyar-posta-via-ferenci-tamas,,2026-04-28T06:49:01,2026-04-28T06:49:01,1
122672,8497,99,HU,1054,VE,,Adorjánháza,full,,,magyar-posta-via-ferenci-tamas,,2026-04-28T06:49:01,2026-04-28T06:49:01,1
122673,8497,99,HU,1054,VE,,Egeralja,full,,,magyar-posta-via-ferenci-tamas,,2026-04-28T06:49:01,2026-04-28T06:49:01,1
122674,8500,99,HU,1054,VE,,Pápa,full,,,magyar-posta-via-ferenci-tamas,,2026-04-28T06:49:01,2026-04-28T06:49:01,1
122675,8511,99,HU,1054,VE,,"Pápa, Borsosgyőr",full,,,magyar-posta-via-ferenci-tamas,,2026-04-28T06:49:01,2026-04-28T06:49:01,1
122676,8512,99,HU,1054,VE,,Nyárád,full,,,magyar-posta-via-ferenci-tamas,,2026-04-28T06:49:01,2026-04-28T06:49:01,1
122677,8513,99,HU,1054,VE,,Mihályháza,full,,,magyar-posta-via-ferenci-tamas,,2026-04-28T06:49:01,2026-04-28T06:49:01,1
122678,8514,99,HU,1054,VE,,Mezőlak,full,,,magyar-posta-via-ferenci-tamas,,2026-04-28T06:49:01,2026-04-28T06:49:01,1
122679,8515,99,HU,1054,VE,,Békás,full,,,magyar-posta-via-ferenci-tamas,,2026-04-28T06:49:01,2026-04-28T06:49:01,1
122680,8516,99,HU,1054,VE,,Kemeneshőgyész,full,,,magyar-posta-via-ferenci-tamas,,2026-04-28T06:49:01,2026-04-28T06:49:01,1
122681,8517,99,HU,1054,VE,,Magyargencs,full,,,magyar-posta-via-ferenci-tamas,,2026-04-28T06:49:01,2026-04-28T06:49:01,1
122682,8518,99,HU,1054,VE,,Kemenesszentpéter,full,,,magyar-posta-via-ferenci-tamas,,2026-04-28T06:49:01,2026-04-28T06:49:01,1
122683,8521,99,HU,1054,VE,,Nagyacsád,full,,,magyar-posta-via-ferenci-tamas,,2026-04-28T06:49:01,2026-04-28T06:49:01,1
122684,8522,99,HU,1054,VE,,Nemesgörzsöny,full,,,magyar-posta-via-ferenci-tamas,,2026-04-28T06:49:01,2026-04-28T06:49:01,1
122685,8523,99,HU,1054,VE,,Egyházaskesző,full,,,magyar-posta-via-ferenci-tamas,,2026-04-28T06:49:01,2026-04-28T06:49:01,1
122686,8523,99,HU,1054,VE,,Várkesző,full,,,magyar-posta-via-ferenci-tamas,,2026-04-28T06:49:01,2026-04-28T06:49:01,1
122687,8531,99,HU,1054,VE,,"Marcaltő, Ihász",full,,,magyar-posta-via-ferenci-tamas,,2026-04-28T06:49:01,2026-04-28T06:49:01,1
122688,8532,99,HU,1054,VE,,Marcaltő,full,,,magyar-posta-via-ferenci-tamas,,2026-04-28T06:49:01,2026-04-28T06:49:01,1
122689,8533,99,HU,1054,VE,,Malomsok,full,,,magyar-posta-via-ferenci-tamas,,2026-04-28T06:49:01,2026-04-28T06:49:01,1
122690,8541,99,HU,1054,VE,,Takácsi,full,,,magyar-posta-via-ferenci-tamas,,2026-04-28T06:49:01,2026-04-28T06:49:01,1
122691,8542,99,HU,1054,VE,,Vaszar,full,,,magyar-posta-via-ferenci-tamas,,2026-04-28T06:49:01,2026-04-28T06:49:01,1
122692,8543,99,HU,1054,VE,,Gecse,full,,,magyar-posta-via-ferenci-tamas,,2026-04-28T06:49:01,2026-04-28T06:49:01,1
122693,8551,99,HU,1054,VE,,Nagygyimót,full,,,magyar-posta-via-ferenci-tamas,,2026-04-28T06:49:01,2026-04-28T06:49:01,1
122694,8552,99,HU,1054,VE,,Vanyola,full,,,magyar-posta-via-ferenci-tamas,,2026-04-28T06:49:01,2026-04-28T06:49:01,1
122695,8553,99,HU,1054,VE,,Lovászpatona,full,,,magyar-posta-via-ferenci-tamas,,2026-04-28T06:49:01,2026-04-28T06:49:01,1
122696,8554,99,HU,1054,VE,,Nagydém,full,,,magyar-posta-via-ferenci-tamas,,2026-04-28T06:49:01,2026-04-28T06:49:01,1
122697,8555,99,HU,1054,VE,,Bakonytamási,full,,,magyar-posta-via-ferenci-tamas,,2026-04-28T06:49:01,2026-04-28T06:49:01,1
122698,8556,99,HU,1054,VE,,Pápateszér,full,,,magyar-posta-via-ferenci-tamas,,2026-04-28T06:49:01,2026-04-28T06:49:01,1
122699,8557,99,HU,1054,VE,,Bakonyszentiván,full,,,magyar-posta-via-ferenci-tamas,,2026-04-28T06:49:01,2026-04-28T06:49:01,1
122700,8557,99,HU,1054,VE,,Bakonyság,full,,,magyar-posta-via-ferenci-tamas,,2026-04-28T06:49:01,2026-04-28T06:49:01,1
122701,8558,99,HU,1054,VE,,Csót,full,,,magyar-posta-via-ferenci-tamas,,2026-04-28T06:49:01,2026-04-28T06:49:01,1
122702,8561,99,HU,1054,VE,,Adásztevel,full,,,magyar-posta-via-ferenci-tamas,,2026-04-28T06:49:01,2026-04-28T06:49:01,1
122703,8562,99,HU,1054,VE,,Nagytevel,full,,,magyar-posta-via-ferenci-tamas,,2026-04-28T06:49:01,2026-04-28T06:49:01,1
122704,8563,99,HU,1054,VE,,Homokbödöge,full,,,magyar-posta-via-ferenci-tamas,,2026-04-28T06:49:01,2026-04-28T06:49:01,1
122705,8564,99,HU,1054,VE,,Ugod,full,,,magyar-posta-via-ferenci-tamas,,2026-04-28T06:49:01,2026-04-28T06:49:01,1
122706,8565,99,HU,1054,VE,,Béb,full,,,magyar-posta-via-ferenci-tamas,,2026-04-28T06:49:01,2026-04-28T06:49:01,1
122707,8571,99,HU,1054,VE,,Bakonykoppány,full,,,magyar-posta-via-ferenci-tamas,,2026-04-28T06:49:01,2026-04-28T06:49:01,1
122708,8572,99,HU,1054,VE,,Bakonyszücs,full,,,magyar-posta-via-ferenci-tamas,,2026-04-28T06:49:01,2026-04-28T06:49:01,1
122709,8581,99,HU,1054,VE,,Bakonyjákó,full,,,magyar-posta-via-ferenci-tamas,,2026-04-28T06:49:01,2026-04-28T06:49:01,1
122710,8581,99,HU,1054,VE,,Németbánya,full,,,magyar-posta-via-ferenci-tamas,,2026-04-28T06:49:01,2026-04-28T06:49:01,1
122711,8582,99,HU,1054,VE,,Farkasgyepű,full,,,magyar-posta-via-ferenci-tamas,,2026-04-28T06:49:01,2026-04-28T06:49:01,1
122712,8591,99,HU,1054,VE,,Nóráp,full,,,magyar-posta-via-ferenci-tamas,,2026-04-28T06:49:01,2026-04-28T06:49:01,1
122713,8591,99,HU,1054,VE,,"Pápa, Kéttornyúlak",full,,,magyar-posta-via-ferenci-tamas,,2026-04-28T06:49:01,2026-04-28T06:49:01,1
122714,8592,99,HU,1054,VE,,Dáka,full,,,magyar-posta-via-ferenci-tamas,,2026-04-28T06:49:01,2026-04-28T06:49:01,1
122715,8593,99,HU,1054,VE,,Pápadereske,full,,,magyar-posta-via-ferenci-tamas,,2026-04-28T06:49:01,2026-04-28T06:49:01,1
122716,8594,99,HU,1054,VE,,Pápasalamon,full,,,magyar-posta-via-ferenci-tamas,,2026-04-28T06:49:01,2026-04-28T06:49:01,1
122717,8595,99,HU,1054,VE,,Kup,full,,,magyar-posta-via-ferenci-tamas,,2026-04-28T06:49:01,2026-04-28T06:49:01,1
122718,8596,99,HU,1054,VE,,Pápakovácsi,full,,,magyar-posta-via-ferenci-tamas,,2026-04-28T06:49:01,2026-04-28T06:49:01,1
122719,8597,99,HU,1054,VE,,Döbrönte,full,,,magyar-posta-via-ferenci-tamas,,2026-04-28T06:49:01,2026-04-28T06:49:01,1
122720,8597,99,HU,1054,VE,,Ganna,full,,,magyar-posta-via-ferenci-tamas,,2026-04-28T06:49:01,2026-04-28T06:49:01,1
122721,8598,99,HU,1054,VE,,"Pápa, Tapolcafő",full,,,magyar-posta-via-ferenci-tamas,,2026-04-28T06:49:01,2026-04-28T06:49:01,1
122722,8600,99,HU,1035,SO,,Siófok,full,,,magyar-posta-via-ferenci-tamas,,2026-04-28T06:49:01,2026-04-28T06:49:01,1
122723,8612,99,HU,1035,SO,,Nyim,full,,,magyar-posta-via-ferenci-tamas,,2026-04-28T06:49:01,2026-04-28T06:49:01,1
122724,8613,99,HU,1035,SO,,Balatonendréd,full,,,magyar-posta-via-ferenci-tamas,,2026-04-28T06:49:01,2026-04-28T06:49:01,1
122725,8614,99,HU,1035,SO,,Bálványos,full,,,magyar-posta-via-ferenci-tamas,,2026-04-28T06:49:01,2026-04-28T06:49:01,1
122726,8617,99,HU,1035,SO,,Kőröshegy,full,,,magyar-posta-via-ferenci-tamas,,2026-04-28T06:49:01,2026-04-28T06:49:01,1
122727,8618,99,HU,1035,SO,,Kereki,full,,,magyar-posta-via-ferenci-tamas,,2026-04-28T06:49:01,2026-04-28T06:49:01,1
122728,8619,99,HU,1035,SO,,Pusztaszemes,full,,,magyar-posta-via-ferenci-tamas,,2026-04-28T06:49:01,2026-04-28T06:49:01,1
122729,8621,99,HU,1035,SO,,Zamárdi,full,,,magyar-posta-via-ferenci-tamas,,2026-04-28T06:49:01,2026-04-28T06:49:01,1
122730,8622,99,HU,1035,SO,,Szántód,full,,,magyar-posta-via-ferenci-tamas,,2026-04-28T06:49:01,2026-04-28T06:49:01,1
122731,8623,99,HU,1035,SO,,Balatonföldvár,full,,,magyar-posta-via-ferenci-tamas,,2026-04-28T06:49:01,2026-04-28T06:49:01,1
122732,8624,99,HU,1035,SO,,Balatonszárszó,full,,,magyar-posta-via-ferenci-tamas,,2026-04-28T06:49:01,2026-04-28T06:49:01,1
122733,8625,99,HU,1035,SO,,Szólád,full,,,magyar-posta-via-ferenci-tamas,,2026-04-28T06:49:01,2026-04-28T06:49:01,1
122734,8626,99,HU,1035,SO,,Teleki,full,,,magyar-posta-via-ferenci-tamas,,2026-04-28T06:49:01,2026-04-28T06:49:01,1
122735,8627,99,HU,1035,SO,,Kötcse,full,,,magyar-posta-via-ferenci-tamas,,2026-04-28T06:49:01,2026-04-28T06:49:01,1
122736,8628,99,HU,1035,SO,,Nagycsepely,full,,,magyar-posta-via-ferenci-tamas,,2026-04-28T06:49:01,2026-04-28T06:49:01,1
122737,8630,99,HU,1035,SO,,Balatonboglár,full,,,magyar-posta-via-ferenci-tamas,,2026-04-28T06:49:01,2026-04-28T06:49:01,1
122738,8635,99,HU,1035,SO,,Ordacsehi,full,,,magyar-posta-via-ferenci-tamas,,2026-04-28T06:49:01,2026-04-28T06:49:01,1
122739,8636,99,HU,1035,SO,,Balatonszemes,full,,,magyar-posta-via-ferenci-tamas,,2026-04-28T06:49:01,2026-04-28T06:49:01,1
122740,8637,99,HU,1035,SO,,Balatonőszöd,full,,,magyar-posta-via-ferenci-tamas,,2026-04-28T06:49:01,2026-04-28T06:49:01,1
122741,8638,99,HU,1035,SO,,Balatonlelle,full,,,magyar-posta-via-ferenci-tamas,,2026-04-28T06:49:01,2026-04-28T06:49:01,1
122742,8640,99,HU,1035,SO,,Fonyód,full,,,magyar-posta-via-ferenci-tamas,,2026-04-28T06:49:01,2026-04-28T06:49:01,1
122743,8646,99,HU,1035,SO,,Balatonfenyves,full,,,magyar-posta-via-ferenci-tamas,,2026-04-28T06:49:01,2026-04-28T06:49:01,1
122744,8647,99,HU,1035,SO,,Balatonmáriafürdő,full,,,magyar-posta-via-ferenci-tamas,,2026-04-28T06:49:01,2026-04-28T06:49:01,1
122745,8648,99,HU,1035,SO,,Balatonkeresztúr,full,,,magyar-posta-via-ferenci-tamas,,2026-04-28T06:49:01,2026-04-28T06:49:01,1
122746,8649,99,HU,1035,SO,,Balatonberény,full,,,magyar-posta-via-ferenci-tamas,,2026-04-28T06:49:01,2026-04-28T06:49:01,1
122747,8651,99,HU,1035,SO,,Balatonszabadi,full,,,magyar-posta-via-ferenci-tamas,,2026-04-28T06:49:01,2026-04-28T06:49:01,1
122748,8652,99,HU,1035,SO,,Siójut,full,,,magyar-posta-via-ferenci-tamas,,2026-04-28T06:49:01,2026-04-28T06:49:01,1
122749,8653,99,HU,1035,SO,,Ádánd,full,,,magyar-posta-via-ferenci-tamas,,2026-04-28T06:49:01,2026-04-28T06:49:01,1
122750,8654,99,HU,1035,SO,,Ságvár,full,,,magyar-posta-via-ferenci-tamas,,2026-04-28T06:49:01,2026-04-28T06:49:01,1
122751,8655,99,HU,1035,SO,,Som,full,,,magyar-posta-via-ferenci-tamas,,2026-04-28T06:49:01,2026-04-28T06:49:01,1
122752,8656,99,HU,1035,SO,,Nagyberény,full,,,magyar-posta-via-ferenci-tamas,,2026-04-28T06:49:01,2026-04-28T06:49:01,1
122753,8658,99,HU,1035,SO,,Bábonymegyer,full,,,magyar-posta-via-ferenci-tamas,,2026-04-28T06:49:01,2026-04-28T06:49:01,1
122754,8660,99,HU,1035,SO,,Lulla,full,,,magyar-posta-via-ferenci-tamas,,2026-04-28T06:49:01,2026-04-28T06:49:01,1
122755,8660,99,HU,1035,SO,,Sérsekszőlős,full,,,magyar-posta-via-ferenci-tamas,,2026-04-28T06:49:01,2026-04-28T06:49:01,1
122756,8660,99,HU,1035,SO,,Tab,full,,,magyar-posta-via-ferenci-tamas,,2026-04-28T06:49:01,2026-04-28T06:49:01,1
122757,8660,99,HU,1035,SO,,Torvaj,full,,,magyar-posta-via-ferenci-tamas,,2026-04-28T06:49:01,2026-04-28T06:49:01,1
122758,8660,99,HU,1035,SO,,Zala,full,,,magyar-posta-via-ferenci-tamas,,2026-04-28T06:49:01,2026-04-28T06:49:01,1
122759,8666,99,HU,1035,SO,,Bedegkér,full,,,magyar-posta-via-ferenci-tamas,,2026-04-28T06:49:01,2026-04-28T06:49:01,1
122760,8666,99,HU,1035,SO,,Somogyegres,full,,,magyar-posta-via-ferenci-tamas,,2026-04-28T06:49:01,2026-04-28T06:49:01,1
122761,8667,99,HU,1035,SO,,Kánya,full,,,magyar-posta-via-ferenci-tamas,,2026-04-28T06:49:01,2026-04-28T06:49:01,1
122762,8668,99,HU,1035,SO,,Tengőd,full,,,magyar-posta-via-ferenci-tamas,,2026-04-28T06:49:01,2026-04-28T06:49:01,1
122763,8669,99,HU,1035,SO,,Miklósi,full,,,magyar-posta-via-ferenci-tamas,,2026-04-28T06:49:01,2026-04-28T06:49:01,1
122764,8671,99,HU,1035,SO,,Kapoly,full,,,magyar-posta-via-ferenci-tamas,,2026-04-28T06:49:01,2026-04-28T06:49:01,1
122765,8672,99,HU,1035,SO,,Zics,full,,,magyar-posta-via-ferenci-tamas,,2026-04-28T06:49:01,2026-04-28T06:49:01,1
122766,8673,99,HU,1035,SO,,Somogymeggyes,full,,,magyar-posta-via-ferenci-tamas,,2026-04-28T06:49:01,2026-04-28T06:49:01,1
122767,8674,99,HU,1035,SO,,Nágocs,full,,,magyar-posta-via-ferenci-tamas,,2026-04-28T06:49:01,2026-04-28T06:49:01,1
122768,8675,99,HU,1035,SO,,Andocs,full,,,magyar-posta-via-ferenci-tamas,,2026-04-28T06:49:01,2026-04-28T06:49:01,1
122769,8676,99,HU,1035,SO,,Karád,full,,,magyar-posta-via-ferenci-tamas,,2026-04-28T06:49:01,2026-04-28T06:49:01,1
122770,8681,99,HU,1035,SO,,Látrány,full,,,magyar-posta-via-ferenci-tamas,,2026-04-28T06:49:01,2026-04-28T06:49:01,1
122771,8681,99,HU,1035,SO,,Visz,full,,,magyar-posta-via-ferenci-tamas,,2026-04-28T06:49:01,2026-04-28T06:49:01,1
122772,8683,99,HU,1035,SO,,Somogytúr,full,,,magyar-posta-via-ferenci-tamas,,2026-04-28T06:49:01,2026-04-28T06:49:01,1
122773,8684,99,HU,1035,SO,,Somogybabod,full,,,magyar-posta-via-ferenci-tamas,,2026-04-28T06:49:01,2026-04-28T06:49:01,1
122774,8685,99,HU,1035,SO,,Gamás,full,,,magyar-posta-via-ferenci-tamas,,2026-04-28T06:49:01,2026-04-28T06:49:01,1
122775,8691,99,HU,1035,SO,,"Balatonboglár, Szőlőskislak",full,,,magyar-posta-via-ferenci-tamas,,2026-04-28T06:49:01,2026-04-28T06:49:01,1
122776,8692,99,HU,1035,SO,,Gyugy,full,,,magyar-posta-via-ferenci-tamas,,2026-04-28T06:49:01,2026-04-28T06:49:01,1
122777,8692,99,HU,1035,SO,,Szőlősgyörök,full,,,magyar-posta-via-ferenci-tamas,,2026-04-28T06:49:01,2026-04-28T06:49:01,1
122778,8693,99,HU,1035,SO,,Kisberény,full,,,magyar-posta-via-ferenci-tamas,,2026-04-28T06:49:01,2026-04-28T06:49:01,1
122779,8693,99,HU,1035,SO,,Lengyeltóti,full,,,magyar-posta-via-ferenci-tamas,,2026-04-28T06:49:01,2026-04-28T06:49:01,1
122780,8694,99,HU,1035,SO,,Hács,full,,,magyar-posta-via-ferenci-tamas,,2026-04-28T06:49:01,2026-04-28T06:49:01,1
122781,8695,99,HU,1035,SO,,Buzsák,full,,,magyar-posta-via-ferenci-tamas,,2026-04-28T06:49:01,2026-04-28T06:49:01,1
122782,8696,99,HU,1035,SO,,Táska,full,,,magyar-posta-via-ferenci-tamas,,2026-04-28T06:49:01,2026-04-28T06:49:01,1
122783,8697,99,HU,1035,SO,,Öreglak,full,,,magyar-posta-via-ferenci-tamas,,2026-04-28T06:49:01,2026-04-28T06:49:01,1
122784,8698,99,HU,1035,SO,,Pamuk,full,,,magyar-posta-via-ferenci-tamas,,2026-04-28T06:49:01,2026-04-28T06:49:01,1
122785,8698,99,HU,1035,SO,,Somogyvár,full,,,magyar-posta-via-ferenci-tamas,,2026-04-28T06:49:01,2026-04-28T06:49:01,1
122786,8699,99,HU,1035,SO,,Somogyvámos,full,,,magyar-posta-via-ferenci-tamas,,2026-04-28T06:49:01,2026-04-28T06:49:01,1
122787,8700,99,HU,1035,SO,,Csömend,full,,,magyar-posta-via-ferenci-tamas,,2026-04-28T06:49:01,2026-04-28T06:49:01,1
122788,8700,99,HU,1035,SO,,Marcali,full,,,magyar-posta-via-ferenci-tamas,,2026-04-28T06:49:01,2026-04-28T06:49:01,1
122789,8705,99,HU,1035,SO,,Somogyszentpál,full,,,magyar-posta-via-ferenci-tamas,,2026-04-28T06:49:01,2026-04-28T06:49:01,1
122790,8706,99,HU,1035,SO,,Nikla,full,,,magyar-posta-via-ferenci-tamas,,2026-04-28T06:49:01,2026-04-28T06:49:01,1
122791,8707,99,HU,1035,SO,,Libickozma,full,,,magyar-posta-via-ferenci-tamas,,2026-04-28T06:49:01,2026-04-28T06:49:01,1
122792,8707,99,HU,1035,SO,,Pusztakovácsi,full,,,magyar-posta-via-ferenci-tamas,,2026-04-28T06:49:01,2026-04-28T06:49:01,1
122793,8708,99,HU,1035,SO,,Somogyfajsz,full,,,magyar-posta-via-ferenci-tamas,,2026-04-28T06:49:01,2026-04-28T06:49:01,1
122794,8709,99,HU,1035,SO,,"Marcali, Horvátkút",full,,,magyar-posta-via-ferenci-tamas,,2026-04-28T06:49:01,2026-04-28T06:49:01,1
122795,8710,99,HU,1035,SO,,Balatonszentgyörgy,full,,,magyar-posta-via-ferenci-tamas,,2026-04-28T06:49:01,2026-04-28T06:49:01,1
122796,8711,99,HU,1035,SO,,Vörs,full,,,magyar-posta-via-ferenci-tamas,,2026-04-28T06:49:01,2026-04-28T06:49:01,1
122797,8712,99,HU,1035,SO,,Balatonújlak,full,,,magyar-posta-via-ferenci-tamas,,2026-04-28T06:49:01,2026-04-28T06:49:01,1
122798,8713,99,HU,1035,SO,,Kéthely,full,,,magyar-posta-via-ferenci-tamas,,2026-04-28T06:49:01,2026-04-28T06:49:01,1
122799,8714,99,HU,1035,SO,,Kelevíz,full,,,magyar-posta-via-ferenci-tamas,,2026-04-28T06:49:01,2026-04-28T06:49:01,1
122800,8714,99,HU,1035,SO,,"Marcali, Bize",full,,,magyar-posta-via-ferenci-tamas,,2026-04-28T06:49:01,2026-04-28T06:49:01,1
122801,8715,99,HU,1035,SO,,Gadány,full,,,magyar-posta-via-ferenci-tamas,,2026-04-28T06:49:01,2026-04-28T06:49:01,1
122802,8716,99,HU,1035,SO,,Hosszúvíz,full,,,magyar-posta-via-ferenci-tamas,,2026-04-28T06:49:01,2026-04-28T06:49:01,1
122803,8716,99,HU,1035,SO,,Mesztegnyő,full,,,magyar-posta-via-ferenci-tamas,,2026-04-28T06:49:01,2026-04-28T06:49:01,1
122804,8717,99,HU,1035,SO,,Nemeskisfalud,full,,,magyar-posta-via-ferenci-tamas,,2026-04-28T06:49:01,2026-04-28T06:49:01,1
122805,8717,99,HU,1035,SO,,Szenyér,full,,,magyar-posta-via-ferenci-tamas,,2026-04-28T06:49:01,2026-04-28T06:49:01,1
122806,8718,99,HU,1035,SO,,Tapsony,full,,,magyar-posta-via-ferenci-tamas,,2026-04-28T06:49:01,2026-04-28T06:49:01,1
122807,8719,99,HU,1035,SO,,Böhönye,full,,,magyar-posta-via-ferenci-tamas,,2026-04-28T06:49:01,2026-04-28T06:49:01,1
122808,8721,99,HU,1035,SO,,Vése,full,,,magyar-posta-via-ferenci-tamas,,2026-04-28T06:49:01,2026-04-28T06:49:01,1
122809,8722,99,HU,1035,SO,,Nemesdéd,full,,,magyar-posta-via-ferenci-tamas,,2026-04-28T06:49:01,2026-04-28T06:49:01,1
122810,8723,99,HU,1035,SO,,Varászló,full,,,magyar-posta-via-ferenci-tamas,,2026-04-28T06:49:01,2026-04-28T06:49:01,1
122811,8724,99,HU,1035,SO,,Inke,full,,,magyar-posta-via-ferenci-tamas,,2026-04-28T06:49:01,2026-04-28T06:49:01,1
122812,8725,99,HU,1035,SO,,Iharosberény,full,,,magyar-posta-via-ferenci-tamas,,2026-04-28T06:49:01,2026-04-28T06:49:01,1
122813,8726,99,HU,1035,SO,,Iharos,full,,,magyar-posta-via-ferenci-tamas,,2026-04-28T06:49:01,2026-04-28T06:49:01,1
122814,8726,99,HU,1035,SO,,Somogycsicsó,full,,,magyar-posta-via-ferenci-tamas,,2026-04-28T06:49:01,2026-04-28T06:49:01,1
122815,8728,99,HU,1035,SO,,Pogányszentpéter,full,,,magyar-posta-via-ferenci-tamas,,2026-04-28T06:49:01,2026-04-28T06:49:01,1
122816,8731,99,HU,1035,SO,,Hollád,full,,,magyar-posta-via-ferenci-tamas,,2026-04-28T06:49:01,2026-04-28T06:49:01,1
122817,8731,99,HU,1035,SO,,Tikos,full,,,magyar-posta-via-ferenci-tamas,,2026-04-28T06:49:01,2026-04-28T06:49:01,1
122818,8732,99,HU,1035,SO,,Főnyed,full,,,magyar-posta-via-ferenci-tamas,,2026-04-28T06:49:01,2026-04-28T06:49:01,1
122819,8732,99,HU,1035,SO,,Szegerdő,full,,,magyar-posta-via-ferenci-tamas,,2026-04-28T06:49:01,2026-04-28T06:49:01,1
122820,8732,99,HU,1035,SO,,Sávoly,full,,,magyar-posta-via-ferenci-tamas,,2026-04-28T06:49:01,2026-04-28T06:49:01,1
122821,8733,99,HU,1035,SO,,Somogysámson,full,,,magyar-posta-via-ferenci-tamas,,2026-04-28T06:49:01,2026-04-28T06:49:01,1
122822,8734,99,HU,1035,SO,,Somogyzsitfa,full,,,magyar-posta-via-ferenci-tamas,,2026-04-28T06:49:01,2026-04-28T06:49:01,1
122823,8735,99,HU,1035,SO,,Csákány,full,,,magyar-posta-via-ferenci-tamas,,2026-04-28T06:49:01,2026-04-28T06:49:01,1
122824,8736,99,HU,1035,SO,,Szőkedencs,full,,,magyar-posta-via-ferenci-tamas,,2026-04-28T06:49:01,2026-04-28T06:49:01,1
122825,8737,99,HU,1035,SO,,Somogysimonyi,full,,,magyar-posta-via-ferenci-tamas,,2026-04-28T06:49:01,2026-04-28T06:49:01,1
122826,8738,99,HU,1035,SO,,Nemesvid,full,,,magyar-posta-via-ferenci-tamas,,2026-04-28T06:49:01,2026-04-28T06:49:01,1
122827,8739,99,HU,1035,SO,,Nagyszakácsi,full,,,magyar-posta-via-ferenci-tamas,,2026-04-28T06:49:01,2026-04-28T06:49:01,1
122828,8741,99,HU,1046,ZA,,Bókaháza,full,,,magyar-posta-via-ferenci-tamas,,2026-04-28T06:49:01,2026-04-28T06:49:01,1
122829,8741,99,HU,1046,ZA,,Zalaapáti,full,,,magyar-posta-via-ferenci-tamas,,2026-04-28T06:49:01,2026-04-28T06:49:01,1
122830,8742,99,HU,1046,ZA,,Esztergályhorváti,full,,,magyar-posta-via-ferenci-tamas,,2026-04-28T06:49:01,2026-04-28T06:49:01,1
122831,8743,99,HU,1046,ZA,,Zalaszabar,full,,,magyar-posta-via-ferenci-tamas,,2026-04-28T06:49:01,2026-04-28T06:49:01,1
122832,8744,99,HU,1046,ZA,,Orosztony,full,,,magyar-posta-via-ferenci-tamas,,2026-04-28T06:49:01,2026-04-28T06:49:01,1
122833,8745,99,HU,1046,ZA,,Kerecseny,full,,,magyar-posta-via-ferenci-tamas,,2026-04-28T06:49:01,2026-04-28T06:49:01,1
122834,8746,99,HU,1046,ZA,,Nagyrada,full,,,magyar-posta-via-ferenci-tamas,,2026-04-28T06:49:01,2026-04-28T06:49:01,1
122835,8747,99,HU,1046,ZA,,Garabonc,full,,,magyar-posta-via-ferenci-tamas,,2026-04-28T06:49:01,2026-04-28T06:49:01,1
122836,8747,99,HU,1046,ZA,,Zalamerenye,full,,,magyar-posta-via-ferenci-tamas,,2026-04-28T06:49:01,2026-04-28T06:49:01,1
122837,8749,99,HU,1046,ZA,,Zalakaros,full,,,magyar-posta-via-ferenci-tamas,,2026-04-28T06:49:01,2026-04-28T06:49:01,1
122838,8751,99,HU,1046,ZA,,"Zalakomár, Kiskomárom",full,,,magyar-posta-via-ferenci-tamas,,2026-04-28T06:49:01,2026-04-28T06:49:01,1
122839,8752,99,HU,1046,ZA,,"Zalakomár, Komárváros",full,,,magyar-posta-via-ferenci-tamas,,2026-04-28T06:49:01,2026-04-28T06:49:01,1
122840,8753,99,HU,1046,ZA,,Balatonmagyaród,full,,,magyar-posta-via-ferenci-tamas,,2026-04-28T06:49:01,2026-04-28T06:49:01,1
122841,8754,99,HU,1046,ZA,,Galambok,full,,,magyar-posta-via-ferenci-tamas,,2026-04-28T06:49:01,2026-04-28T06:49:01,1
122842,8756,99,HU,1046,ZA,,Csapi,full,,,magyar-posta-via-ferenci-tamas,,2026-04-28T06:49:01,2026-04-28T06:49:01,1
122843,8756,99,HU,1046,ZA,,Kisrécse,full,,,magyar-posta-via-ferenci-tamas,,2026-04-28T06:49:01,2026-04-28T06:49:01,1
122844,8756,99,HU,1046,ZA,,Nagyrécse,full,,,magyar-posta-via-ferenci-tamas,,2026-04-28T06:49:01,2026-04-28T06:49:01,1
122845,8756,99,HU,1046,ZA,,Zalasárszeg,full,,,magyar-posta-via-ferenci-tamas,,2026-04-28T06:49:01,2026-04-28T06:49:01,1
122846,8761,99,HU,1046,ZA,,Pacsa,full,,,magyar-posta-via-ferenci-tamas,,2026-04-28T06:49:01,2026-04-28T06:49:01,1
122847,8761,99,HU,1046,ZA,,Zalaigrice,full,,,magyar-posta-via-ferenci-tamas,,2026-04-28T06:49:01,2026-04-28T06:49:01,1
122848,8762,99,HU,1046,ZA,,Gétye,full,,,magyar-posta-via-ferenci-tamas,,2026-04-28T06:49:01,2026-04-28T06:49:01,1
122849,8762,99,HU,1046,ZA,,Szentpéterúr,full,,,magyar-posta-via-ferenci-tamas,,2026-04-28T06:49:01,2026-04-28T06:49:01,1
122850,8764,99,HU,1046,ZA,,Dióskál,full,,,magyar-posta-via-ferenci-tamas,,2026-04-28T06:49:01,2026-04-28T06:49:01,1
122851,8764,99,HU,1046,ZA,,Zalaszentmárton,full,,,magyar-posta-via-ferenci-tamas,,2026-04-28T06:49:01,2026-04-28T06:49:01,1
122852,8765,99,HU,1046,ZA,,Egeraracsa,full,,,magyar-posta-via-ferenci-tamas,,2026-04-28T06:49:01,2026-04-28T06:49:01,1
122853,8767,99,HU,1046,ZA,,Alsórajk,full,,,magyar-posta-via-ferenci-tamas,,2026-04-28T06:49:01,2026-04-28T06:49:01,1
122854,8767,99,HU,1046,ZA,,Felsőrajk,full,,,magyar-posta-via-ferenci-tamas,,2026-04-28T06:49:01,2026-04-28T06:49:01,1
122855,8767,99,HU,1046,ZA,,Pötréte,full,,,magyar-posta-via-ferenci-tamas,,2026-04-28T06:49:01,2026-04-28T06:49:01,1
122856,8771,99,HU,1046,ZA,,Hahót,full,,,magyar-posta-via-ferenci-tamas,,2026-04-28T06:49:01,2026-04-28T06:49:01,1
122857,8772,99,HU,1046,ZA,,Börzönce,full,,,magyar-posta-via-ferenci-tamas,,2026-04-28T06:49:01,2026-04-28T06:49:01,1
122858,8772,99,HU,1046,ZA,,Zalaszentbalázs,full,,,magyar-posta-via-ferenci-tamas,,2026-04-28T06:49:01,2026-04-28T06:49:01,1
122859,8773,99,HU,1046,ZA,,Kacorlak,full,,,magyar-posta-via-ferenci-tamas,,2026-04-28T06:49:01,2026-04-28T06:49:01,1
122860,8773,99,HU,1046,ZA,,Pölöskefő,full,,,magyar-posta-via-ferenci-tamas,,2026-04-28T06:49:01,2026-04-28T06:49:01,1
122861,8774,99,HU,1046,ZA,,Gelse,full,,,magyar-posta-via-ferenci-tamas,,2026-04-28T06:49:01,2026-04-28T06:49:01,1
122862,8774,99,HU,1046,ZA,,Gelsesziget,full,,,magyar-posta-via-ferenci-tamas,,2026-04-28T06:49:01,2026-04-28T06:49:01,1
122863,8774,99,HU,1046,ZA,,Kilimán,full,,,magyar-posta-via-ferenci-tamas,,2026-04-28T06:49:01,2026-04-28T06:49:01,1
122864,8776,99,HU,1046,ZA,,Bocska,full,,,magyar-posta-via-ferenci-tamas,,2026-04-28T06:49:01,2026-04-28T06:49:01,1
122865,8776,99,HU,1046,ZA,,Magyarszentmiklós,full,,,magyar-posta-via-ferenci-tamas,,2026-04-28T06:49:01,2026-04-28T06:49:01,1
122866,8776,99,HU,1046,ZA,,Magyarszerdahely,full,,,magyar-posta-via-ferenci-tamas,,2026-04-28T06:49:01,2026-04-28T06:49:01,1
122867,8777,99,HU,1046,ZA,,Fűzvölgy,full,,,magyar-posta-via-ferenci-tamas,,2026-04-28T06:49:01,2026-04-28T06:49:01,1
122868,8777,99,HU,1046,ZA,,Homokkomárom,full,,,magyar-posta-via-ferenci-tamas,,2026-04-28T06:49:01,2026-04-28T06:49:01,1
122869,8777,99,HU,1046,ZA,,Hosszúvölgy,full,,,magyar-posta-via-ferenci-tamas,,2026-04-28T06:49:01,2026-04-28T06:49:01,1
122870,8778,99,HU,1046,ZA,,Újudvar,full,,,magyar-posta-via-ferenci-tamas,,2026-04-28T06:49:01,2026-04-28T06:49:01,1
122871,8782,99,HU,1046,ZA,,Ligetfalva,full,,,magyar-posta-via-ferenci-tamas,,2026-04-28T06:49:01,2026-04-28T06:49:01,1
122872,8782,99,HU,1046,ZA,,Tilaj,full,,,magyar-posta-via-ferenci-tamas,,2026-04-28T06:49:01,2026-04-28T06:49:01,1
122873,8782,99,HU,1046,ZA,,Zalacsány,full,,,magyar-posta-via-ferenci-tamas,,2026-04-28T06:49:01,2026-04-28T06:49:01,1
122874,8784,99,HU,1046,ZA,,Kehidakustány,full,,,magyar-posta-via-ferenci-tamas,,2026-04-28T06:49:01,2026-04-28T06:49:01,1
122875,8785,99,HU,1046,ZA,,Kallósd,full,,,magyar-posta-via-ferenci-tamas,,2026-04-28T06:49:01,2026-04-28T06:49:01,1
122876,8785,99,HU,1046,ZA,,"Zalaszentgrót, Zalakoppány",full,,,magyar-posta-via-ferenci-tamas,,2026-04-28T06:49:01,2026-04-28T06:49:01,1
122877,8788,99,HU,1046,ZA,,Sénye,full,,,magyar-posta-via-ferenci-tamas,,2026-04-28T06:49:01,2026-04-28T06:49:01,1
122878,8788,99,HU,1046,ZA,,Zalaszentlászló,full,,,magyar-posta-via-ferenci-tamas,,2026-04-28T06:49:01,2026-04-28T06:49:01,1
122879,8789,99,HU,1046,ZA,,"Zalaszentgrót, Zalaudvarnok",full,,,magyar-posta-via-ferenci-tamas,,2026-04-28T06:49:01,2026-04-28T06:49:01,1
122880,8790,99,HU,1046,ZA,,Zalaszentgrót,full,,,magyar-posta-via-ferenci-tamas,,2026-04-28T06:49:01,2026-04-28T06:49:01,1
122881,8792,99,HU,1046,ZA,,Zalavég,full,,,magyar-posta-via-ferenci-tamas,,2026-04-28T06:49:01,2026-04-28T06:49:01,1
122882,8793,99,HU,1046,ZA,,Tekenye,full,,,magyar-posta-via-ferenci-tamas,,2026-04-28T06:49:01,2026-04-28T06:49:01,1
122883,8795,99,HU,1046,ZA,,"Zalaszentgrót, Csáford",full,,,magyar-posta-via-ferenci-tamas,,2026-04-28T06:49:01,2026-04-28T06:49:01,1
122884,8796,99,HU,1046,ZA,,Türje,full,,,magyar-posta-via-ferenci-tamas,,2026-04-28T06:49:01,2026-04-28T06:49:01,1
122885,8797,99,HU,1046,ZA,,Batyk,full,,,magyar-posta-via-ferenci-tamas,,2026-04-28T06:49:01,2026-04-28T06:49:01,1
122886,8798,99,HU,1046,ZA,,Zalabér,full,,,magyar-posta-via-ferenci-tamas,,2026-04-28T06:49:01,2026-04-28T06:49:01,1
122887,8799,99,HU,1046,ZA,,Dötk,full,,,magyar-posta-via-ferenci-tamas,,2026-04-28T06:49:01,2026-04-28T06:49:01,1
122888,8799,99,HU,1046,ZA,,Pakod,full,,,magyar-posta-via-ferenci-tamas,,2026-04-28T06:49:01,2026-04-28T06:49:01,1
122889,8800,99,HU,1046,ZA,,Nagykanizsa,full,,,magyar-posta-via-ferenci-tamas,,2026-04-28T06:49:01,2026-04-28T06:49:01,1
122890,8808,99,HU,1046,ZA,,"Nagykanizsa, Palin",full,,,magyar-posta-via-ferenci-tamas,,2026-04-28T06:49:01,2026-04-28T06:49:01,1
122891,8809,99,HU,1046,ZA,,"Nagykanizsa, Sánc",full,,,magyar-posta-via-ferenci-tamas,,2026-04-28T06:49:01,2026-04-28T06:49:01,1
122892,8821,99,HU,1046,ZA,,Nagybakónak,full,,,magyar-posta-via-ferenci-tamas,,2026-04-28T06:49:01,2026-04-28T06:49:01,1
122893,8822,99,HU,1046,ZA,,Zalaújlak,full,,,magyar-posta-via-ferenci-tamas,,2026-04-28T06:49:01,2026-04-28T06:49:01,1
122894,8824,99,HU,1046,ZA,,Sand,full,,,magyar-posta-via-ferenci-tamas,,2026-04-28T06:49:01,2026-04-28T06:49:01,1
122895,8825,99,HU,1046,ZA,,Miháld,full,,,magyar-posta-via-ferenci-tamas,,2026-04-28T06:49:01,2026-04-28T06:49:01,1
122896,8825,99,HU,1046,ZA,,Pat,full,,,magyar-posta-via-ferenci-tamas,,2026-04-28T06:49:01,2026-04-28T06:49:01,1
122897,8827,99,HU,1046,ZA,,Zalaszentjakab,full,,,magyar-posta-via-ferenci-tamas,,2026-04-28T06:49:01,2026-04-28T06:49:01,1
122898,8831,99,HU,1046,ZA,,"Nagykanizsa, Miklósfa",full,,,magyar-posta-via-ferenci-tamas,,2026-04-28T06:49:01,2026-04-28T06:49:01,1
122899,8832,99,HU,1046,ZA,,Liszó,full,,,magyar-posta-via-ferenci-tamas,,2026-04-28T06:49:01,2026-04-28T06:49:01,1
122900,8834,99,HU,1046,ZA,,Murakeresztúr,full,,,magyar-posta-via-ferenci-tamas,,2026-04-28T06:49:01,2026-04-28T06:49:01,1
122901,8835,99,HU,1046,ZA,,Fityeház,full,,,magyar-posta-via-ferenci-tamas,,2026-04-28T06:49:01,2026-04-28T06:49:01,1
122902,8840,99,HU,1035,SO,,Csurgó,full,,,magyar-posta-via-ferenci-tamas,,2026-04-28T06:49:01,2026-04-28T06:49:01,1
122903,8840,99,HU,1035,SO,,Csurgónagymarton,full,,,magyar-posta-via-ferenci-tamas,,2026-04-28T06:49:01,2026-04-28T06:49:01,1
122904,8849,99,HU,1035,SO,,Szenta,full,,,magyar-posta-via-ferenci-tamas,,2026-04-28T06:49:01,2026-04-28T06:49:01,1
122905,8851,99,HU,1035,SO,,Gyékényes,full,,,magyar-posta-via-ferenci-tamas,,2026-04-28T06:49:01,2026-04-28T06:49:01,1
122906,8852,99,HU,1035,SO,,Zákány,full,,,magyar-posta-via-ferenci-tamas,,2026-04-28T06:49:01,2026-04-28T06:49:01,1
122907,8853,99,HU,1035,SO,,Zákányfalu,full,,,magyar-posta-via-ferenci-tamas,,2026-04-28T06:49:01,2026-04-28T06:49:01,1
122908,8854,99,HU,1035,SO,,Őrtilos,full,,,magyar-posta-via-ferenci-tamas,,2026-04-28T06:49:01,2026-04-28T06:49:01,1
122909,8855,99,HU,1046,ZA,,Belezna,full,,,magyar-posta-via-ferenci-tamas,,2026-04-28T06:49:01,2026-04-28T06:49:01,1
122910,8856,99,HU,1046,ZA,,Surd,full,,,magyar-posta-via-ferenci-tamas,,2026-04-28T06:49:01,2026-04-28T06:49:01,1
122911,8857,99,HU,1046,ZA,,Nemespátró,full,,,magyar-posta-via-ferenci-tamas,,2026-04-28T06:49:01,2026-04-28T06:49:01,1
122912,8858,99,HU,1035,SO,,Porrog,full,,,magyar-posta-via-ferenci-tamas,,2026-04-28T06:49:01,2026-04-28T06:49:01,1
122913,8858,99,HU,1035,SO,,Porrogszentkirály,full,,,magyar-posta-via-ferenci-tamas,,2026-04-28T06:49:01,2026-04-28T06:49:01,1
122914,8858,99,HU,1035,SO,,Porrogszentpál,full,,,magyar-posta-via-ferenci-tamas,,2026-04-28T06:49:01,2026-04-28T06:49:01,1
122915,8858,99,HU,1035,SO,,Somogybükkösd,full,,,magyar-posta-via-ferenci-tamas,,2026-04-28T06:49:01,2026-04-28T06:49:01,1
122916,8861,99,HU,1046,ZA,,Szepetnek,full,,,magyar-posta-via-ferenci-tamas,,2026-04-28T06:49:01,2026-04-28T06:49:01,1
122917,8862,99,HU,1046,ZA,,Semjénháza,full,,,magyar-posta-via-ferenci-tamas,,2026-04-28T06:49:01,2026-04-28T06:49:01,1
122918,8863,99,HU,1046,ZA,,Molnári,full,,,magyar-posta-via-ferenci-tamas,,2026-04-28T06:49:01,2026-04-28T06:49:01,1
122919,8864,99,HU,1046,ZA,,Tótszerdahely,full,,,magyar-posta-via-ferenci-tamas,,2026-04-28T06:49:01,2026-04-28T06:49:01,1
122920,8865,99,HU,1046,ZA,,Tótszentmárton,full,,,magyar-posta-via-ferenci-tamas,,2026-04-28T06:49:01,2026-04-28T06:49:01,1
122921,8866,99,HU,1046,ZA,,Becsehely,full,,,magyar-posta-via-ferenci-tamas,,2026-04-28T06:49:01,2026-04-28T06:49:01,1
122922,8866,99,HU,1046,ZA,,Petrivente,full,,,magyar-posta-via-ferenci-tamas,,2026-04-28T06:49:01,2026-04-28T06:49:01,1
122923,8868,99,HU,1046,ZA,,Kistolmács,full,,,magyar-posta-via-ferenci-tamas,,2026-04-28T06:49:01,2026-04-28T06:49:01,1
122924,8868,99,HU,1046,ZA,,Letenye,full,,,magyar-posta-via-ferenci-tamas,,2026-04-28T06:49:01,2026-04-28T06:49:01,1
122925,8868,99,HU,1046,ZA,,Murarátka,full,,,magyar-posta-via-ferenci-tamas,,2026-04-28T06:49:01,2026-04-28T06:49:01,1
122926,8868,99,HU,1046,ZA,,Zajk,full,,,magyar-posta-via-ferenci-tamas,,2026-04-28T06:49:01,2026-04-28T06:49:01,1
122927,8872,99,HU,1046,ZA,,Muraszemenye,full,,,magyar-posta-via-ferenci-tamas,,2026-04-28T06:49:01,2026-04-28T06:49:01,1
122928,8872,99,HU,1046,ZA,,Szentmargitfalva,full,,,magyar-posta-via-ferenci-tamas,,2026-04-28T06:49:01,2026-04-28T06:49:01,1
122929,8873,99,HU,1046,ZA,,Csörnyeföld,full,,,magyar-posta-via-ferenci-tamas,,2026-04-28T06:49:01,2026-04-28T06:49:01,1
122930,8874,99,HU,1046,ZA,,Dobri,full,,,magyar-posta-via-ferenci-tamas,,2026-04-28T06:49:01,2026-04-28T06:49:01,1
122931,8874,99,HU,1046,ZA,,Kerkaszentkirály,full,,,magyar-posta-via-ferenci-tamas,,2026-04-28T06:49:01,2026-04-28T06:49:01,1
122932,8876,99,HU,1046,ZA,,Tormafölde,full,,,magyar-posta-via-ferenci-tamas,,2026-04-28T06:49:01,2026-04-28T06:49:01,1
122933,8877,99,HU,1046,ZA,,Tornyiszentmiklós,full,,,magyar-posta-via-ferenci-tamas,,2026-04-28T06:49:01,2026-04-28T06:49:01,1
122934,8878,99,HU,1046,ZA,,Lovászi,full,,,magyar-posta-via-ferenci-tamas,,2026-04-28T06:49:01,2026-04-28T06:49:01,1
122935,8879,99,HU,1046,ZA,,Kerkateskánd,full,,,magyar-posta-via-ferenci-tamas,,2026-04-28T06:49:01,2026-04-28T06:49:01,1
122936,8879,99,HU,1046,ZA,,Szécsisziget,full,,,magyar-posta-via-ferenci-tamas,,2026-04-28T06:49:01,2026-04-28T06:49:01,1
122937,8881,99,HU,1046,ZA,,Sormás,full,,,magyar-posta-via-ferenci-tamas,,2026-04-28T06:49:01,2026-04-28T06:49:01,1
122938,8882,99,HU,1046,ZA,,Eszteregnye,full,,,magyar-posta-via-ferenci-tamas,,2026-04-28T06:49:01,2026-04-28T06:49:01,1
122939,8883,99,HU,1046,ZA,,Rigyác,full,,,magyar-posta-via-ferenci-tamas,,2026-04-28T06:49:01,2026-04-28T06:49:01,1
122940,8885,99,HU,1046,ZA,,Borsfa,full,,,magyar-posta-via-ferenci-tamas,,2026-04-28T06:49:01,2026-04-28T06:49:01,1
122941,8885,99,HU,1046,ZA,,Valkonya,full,,,magyar-posta-via-ferenci-tamas,,2026-04-28T06:49:01,2026-04-28T06:49:01,1
122942,8886,99,HU,1046,ZA,,Oltárc,full,,,magyar-posta-via-ferenci-tamas,,2026-04-28T06:49:01,2026-04-28T06:49:01,1
122943,8887,99,HU,1046,ZA,,Bázakerettye,full,,,magyar-posta-via-ferenci-tamas,,2026-04-28T06:49:01,2026-04-28T06:49:01,1
122944,8887,99,HU,1046,ZA,,Lasztonya,full,,,magyar-posta-via-ferenci-tamas,,2026-04-28T06:49:01,2026-04-28T06:49:01,1
122945,8888,99,HU,1046,ZA,,Kiscsehi,full,,,magyar-posta-via-ferenci-tamas,,2026-04-28T06:49:01,2026-04-28T06:49:01,1
122946,8888,99,HU,1046,ZA,,Lispeszentadorján,full,,,magyar-posta-via-ferenci-tamas,,2026-04-28T06:49:01,2026-04-28T06:49:01,1
122947,8888,99,HU,1046,ZA,,Maróc,full,,,magyar-posta-via-ferenci-tamas,,2026-04-28T06:49:01,2026-04-28T06:49:01,1
122948,8891,99,HU,1046,ZA,,Bánokszentgyörgy,full,,,magyar-posta-via-ferenci-tamas,,2026-04-28T06:49:01,2026-04-28T06:49:01,1
122949,8891,99,HU,1046,ZA,,Várfölde,full,,,magyar-posta-via-ferenci-tamas,,2026-04-28T06:49:01,2026-04-28T06:49:01,1
122950,8893,99,HU,1046,ZA,,Bucsuta,full,,,magyar-posta-via-ferenci-tamas,,2026-04-28T06:49:01,2026-04-28T06:49:01,1
122951,8893,99,HU,1046,ZA,,Szentliszló,full,,,magyar-posta-via-ferenci-tamas,,2026-04-28T06:49:01,2026-04-28T06:49:01,1
122952,8895,99,HU,1046,ZA,,Pusztamagyaród,full,,,magyar-posta-via-ferenci-tamas,,2026-04-28T06:49:01,2026-04-28T06:49:01,1
122953,8896,99,HU,1046,ZA,,Pusztaszentlászló,full,,,magyar-posta-via-ferenci-tamas,,2026-04-28T06:49:01,2026-04-28T06:49:01,1
122954,8897,99,HU,1046,ZA,,Söjtör,full,,,magyar-posta-via-ferenci-tamas,,2026-04-28T06:49:01,2026-04-28T06:49:01,1
122955,8900,99,HU,1046,ZA,,Zalaegerszeg,full,,,magyar-posta-via-ferenci-tamas,,2026-04-28T06:49:01,2026-04-28T06:49:01,1
122956,8904,99,HU,1046,ZA,,"Zalaegerszeg, Andráshida",full,,,magyar-posta-via-ferenci-tamas,,2026-04-28T06:49:01,2026-04-28T06:49:01,1
122957,8911,99,HU,1046,ZA,,Kiskutas,full,,,magyar-posta-via-ferenci-tamas,,2026-04-28T06:49:01,2026-04-28T06:49:01,1
122958,8911,99,HU,1046,ZA,,Nagykutas,full,,,magyar-posta-via-ferenci-tamas,,2026-04-28T06:49:01,2026-04-28T06:49:01,1
122959,8912,99,HU,1046,ZA,,Kispáli,full,,,magyar-posta-via-ferenci-tamas,,2026-04-28T06:49:01,2026-04-28T06:49:01,1
122960,8912,99,HU,1046,ZA,,Nagypáli,full,,,magyar-posta-via-ferenci-tamas,,2026-04-28T06:49:01,2026-04-28T06:49:01,1
122961,8913,99,HU,1046,ZA,,Egervár,full,,,magyar-posta-via-ferenci-tamas,,2026-04-28T06:49:01,2026-04-28T06:49:01,1
122962,8913,99,HU,1046,ZA,,Gősfa,full,,,magyar-posta-via-ferenci-tamas,,2026-04-28T06:49:01,2026-04-28T06:49:01,1
122963,8913,99,HU,1046,ZA,,Lakhegy,full,,,magyar-posta-via-ferenci-tamas,,2026-04-28T06:49:01,2026-04-28T06:49:01,1
122964,8914,99,HU,1046,ZA,,Vasboldogasszony,full,,,magyar-posta-via-ferenci-tamas,,2026-04-28T06:49:01,2026-04-28T06:49:01,1
122965,8915,99,HU,1046,ZA,,Nemesrádó,full,,,magyar-posta-via-ferenci-tamas,,2026-04-28T06:49:01,2026-04-28T06:49:01,1
122966,8917,99,HU,1046,ZA,,Milejszeg,full,,,magyar-posta-via-ferenci-tamas,,2026-04-28T06:49:01,2026-04-28T06:49:01,1
122967,8918,99,HU,1046,ZA,,Csonkahegyhát,full,,,magyar-posta-via-ferenci-tamas,,2026-04-28T06:49:01,2026-04-28T06:49:01,1
122968,8918,99,HU,1046,ZA,,Németfalu,full,,,magyar-posta-via-ferenci-tamas,,2026-04-28T06:49:01,2026-04-28T06:49:01,1
122969,8919,99,HU,1046,ZA,,Kustánszeg,full,,,magyar-posta-via-ferenci-tamas,,2026-04-28T06:49:01,2026-04-28T06:49:01,1
122970,8921,99,HU,1046,ZA,,Alibánfa,full,,,magyar-posta-via-ferenci-tamas,,2026-04-28T06:49:01,2026-04-28T06:49:01,1
122971,8921,99,HU,1046,ZA,,Pethőhenye,full,,,magyar-posta-via-ferenci-tamas,,2026-04-28T06:49:01,2026-04-28T06:49:01,1
122972,8921,99,HU,1046,ZA,,Zalaszentiván,full,,,magyar-posta-via-ferenci-tamas,,2026-04-28T06:49:01,2026-04-28T06:49:01,1
122973,8921,99,HU,1046,ZA,,Zalaszentlőrinc,full,,,magyar-posta-via-ferenci-tamas,,2026-04-28T06:49:01,2026-04-28T06:49:01,1
122974,8923,99,HU,1046,ZA,,Nemesapáti,full,,,magyar-posta-via-ferenci-tamas,,2026-04-28T06:49:01,2026-04-28T06:49:01,1
122975,8924,99,HU,1046,ZA,,Alsónemesapáti,full,,,magyar-posta-via-ferenci-tamas,,2026-04-28T06:49:01,2026-04-28T06:49:01,1
122976,8925,99,HU,1046,ZA,,Búcsúszentlászló,full,,,magyar-posta-via-ferenci-tamas,,2026-04-28T06:49:01,2026-04-28T06:49:01,1
122977,8925,99,HU,1046,ZA,,Nemesszentandrás,full,,,magyar-posta-via-ferenci-tamas,,2026-04-28T06:49:01,2026-04-28T06:49:01,1
122978,8925,99,HU,1046,ZA,,Nemessándorháza,full,,,magyar-posta-via-ferenci-tamas,,2026-04-28T06:49:01,2026-04-28T06:49:01,1
122979,8926,99,HU,1046,ZA,,Kisbucsa,full,,,magyar-posta-via-ferenci-tamas,,2026-04-28T06:49:01,2026-04-28T06:49:01,1
122980,8928,99,HU,1046,ZA,,Nemeshetés,full,,,magyar-posta-via-ferenci-tamas,,2026-04-28T06:49:01,2026-04-28T06:49:01,1
122981,8929,99,HU,1046,ZA,,Pölöske,full,,,magyar-posta-via-ferenci-tamas,,2026-04-28T06:49:01,2026-04-28T06:49:01,1
122982,8931,99,HU,1046,ZA,,Kemendollár,full,,,magyar-posta-via-ferenci-tamas,,2026-04-28T06:49:01,2026-04-28T06:49:01,1
122983,8931,99,HU,1046,ZA,,Vöckönd,full,,,magyar-posta-via-ferenci-tamas,,2026-04-28T06:49:01,2026-04-28T06:49:01,1
122984,8932,99,HU,1046,ZA,,Gyűrűs,full,,,magyar-posta-via-ferenci-tamas,,2026-04-28T06:49:01,2026-04-28T06:49:01,1
122985,8932,99,HU,1046,ZA,,Pókaszepetk,full,,,magyar-posta-via-ferenci-tamas,,2026-04-28T06:49:01,2026-04-28T06:49:01,1
122986,8932,99,HU,1046,ZA,,Zalaistvánd,full,,,magyar-posta-via-ferenci-tamas,,2026-04-28T06:49:01,2026-04-28T06:49:01,1
122987,8934,99,HU,1046,ZA,,Bezeréd,full,,,magyar-posta-via-ferenci-tamas,,2026-04-28T06:49:01,2026-04-28T06:49:01,1
122988,8935,99,HU,1046,ZA,,Almásháza,full,,,magyar-posta-via-ferenci-tamas,,2026-04-28T06:49:01,2026-04-28T06:49:01,1
122989,8935,99,HU,1046,ZA,,Misefa,full,,,magyar-posta-via-ferenci-tamas,,2026-04-28T06:49:01,2026-04-28T06:49:01,1
122990,8935,99,HU,1046,ZA,,Nagykapornak,full,,,magyar-posta-via-ferenci-tamas,,2026-04-28T06:49:01,2026-04-28T06:49:01,1
122991,8935,99,HU,1046,ZA,,Orbányosfa,full,,,magyar-posta-via-ferenci-tamas,,2026-04-28T06:49:01,2026-04-28T06:49:01,1
122992,8935,99,HU,1046,ZA,,Padár,full,,,magyar-posta-via-ferenci-tamas,,2026-04-28T06:49:01,2026-04-28T06:49:01,1
122993,8936,99,HU,1046,ZA,,Zalaszentmihály,full,,,magyar-posta-via-ferenci-tamas,,2026-04-28T06:49:01,2026-04-28T06:49:01,1
122994,8943,99,HU,1046,ZA,,Bocfölde,full,,,magyar-posta-via-ferenci-tamas,,2026-04-28T06:49:01,2026-04-28T06:49:01,1
122995,8943,99,HU,1046,ZA,,Csatár,full,,,magyar-posta-via-ferenci-tamas,,2026-04-28T06:49:01,2026-04-28T06:49:01,1
122996,8944,99,HU,1046,ZA,,Sárhida,full,,,magyar-posta-via-ferenci-tamas,,2026-04-28T06:49:01,2026-04-28T06:49:01,1
122997,8945,99,HU,1046,ZA,,Bak,full,,,magyar-posta-via-ferenci-tamas,,2026-04-28T06:49:01,2026-04-28T06:49:01,1
122998,8946,99,HU,1046,ZA,,Baktüttös,full,,,magyar-posta-via-ferenci-tamas,,2026-04-28T06:49:01,2026-04-28T06:49:01,1
122999,8946,99,HU,1046,ZA,,Pusztaederics,full,,,magyar-posta-via-ferenci-tamas,,2026-04-28T06:49:01,2026-04-28T06:49:01,1
123000,8946,99,HU,1046,ZA,,Tófej,full,,,magyar-posta-via-ferenci-tamas,,2026-04-28T06:49:01,2026-04-28T06:49:01,1
123001,8947,99,HU,1046,ZA,,Szentkozmadombja,full,,,magyar-posta-via-ferenci-tamas,,2026-04-28T06:49:01,2026-04-28T06:49:01,1
123002,8947,99,HU,1046,ZA,,Zalatárnok,full,,,magyar-posta-via-ferenci-tamas,,2026-04-28T06:49:01,2026-04-28T06:49:01,1
123003,8948,99,HU,1046,ZA,,Barlahida,full,,,magyar-posta-via-ferenci-tamas,,2026-04-28T06:49:01,2026-04-28T06:49:01,1
123004,8948,99,HU,1046,ZA,,Nova,full,,,magyar-posta-via-ferenci-tamas,,2026-04-28T06:49:01,2026-04-28T06:49:01,1
123005,8949,99,HU,1046,ZA,,Mikekarácsonyfa,full,,,magyar-posta-via-ferenci-tamas,,2026-04-28T06:49:01,2026-04-28T06:49:01,1
123006,8951,99,HU,1046,ZA,,Csertalakos,full,,,magyar-posta-via-ferenci-tamas,,2026-04-28T06:49:01,2026-04-28T06:49:01,1
123007,8951,99,HU,1046,ZA,,Gutorfölde,full,,,magyar-posta-via-ferenci-tamas,,2026-04-28T06:49:01,2026-04-28T06:49:01,1
123008,8953,99,HU,1046,ZA,,Szentpéterfölde,full,,,magyar-posta-via-ferenci-tamas,,2026-04-28T06:49:01,2026-04-28T06:49:01,1
123009,8954,99,HU,1046,ZA,,Ortaháza,full,,,magyar-posta-via-ferenci-tamas,,2026-04-28T06:49:01,2026-04-28T06:49:01,1
123010,8956,99,HU,1046,ZA,,Kányavár,full,,,magyar-posta-via-ferenci-tamas,,2026-04-28T06:49:01,2026-04-28T06:49:01,1
123011,8956,99,HU,1046,ZA,,Páka,full,,,magyar-posta-via-ferenci-tamas,,2026-04-28T06:49:01,2026-04-28T06:49:01,1
123012,8956,99,HU,1046,ZA,,Pördefölde,full,,,magyar-posta-via-ferenci-tamas,,2026-04-28T06:49:01,2026-04-28T06:49:01,1
123013,8957,99,HU,1046,ZA,,Csömödér,full,,,magyar-posta-via-ferenci-tamas,,2026-04-28T06:49:01,2026-04-28T06:49:01,1
123014,8957,99,HU,1046,ZA,,Hernyék,full,,,magyar-posta-via-ferenci-tamas,,2026-04-28T06:49:01,2026-04-28T06:49:01,1
123015,8957,99,HU,1046,ZA,,Kissziget,full,,,magyar-posta-via-ferenci-tamas,,2026-04-28T06:49:01,2026-04-28T06:49:01,1
123016,8957,99,HU,1046,ZA,,Zebecke,full,,,magyar-posta-via-ferenci-tamas,,2026-04-28T06:49:01,2026-04-28T06:49:01,1
123017,8958,99,HU,1046,ZA,,Iklódbördőce,full,,,magyar-posta-via-ferenci-tamas,,2026-04-28T06:49:01,2026-04-28T06:49:01,1
123018,8960,99,HU,1046,ZA,,Gosztola,full,,,magyar-posta-via-ferenci-tamas,,2026-04-28T06:49:01,2026-04-28T06:49:01,1
123019,8960,99,HU,1046,ZA,,Lenti,full,,,magyar-posta-via-ferenci-tamas,,2026-04-28T06:49:01,2026-04-28T06:49:01,1
123020,8966,99,HU,1046,ZA,,"Lenti, Lentikápolna",full,,,magyar-posta-via-ferenci-tamas,,2026-04-28T06:49:01,2026-04-28T06:49:01,1
123021,8969,99,HU,1046,ZA,,Bödeháza,full,,,magyar-posta-via-ferenci-tamas,,2026-04-28T06:49:01,2026-04-28T06:49:01,1
123022,8969,99,HU,1046,ZA,,Gáborjánháza,full,,,magyar-posta-via-ferenci-tamas,,2026-04-28T06:49:01,2026-04-28T06:49:01,1
123023,8969,99,HU,1046,ZA,,Szijártóháza,full,,,magyar-posta-via-ferenci-tamas,,2026-04-28T06:49:01,2026-04-28T06:49:01,1
123024,8969,99,HU,1046,ZA,,Zalaszombatfa,full,,,magyar-posta-via-ferenci-tamas,,2026-04-28T06:49:01,2026-04-28T06:49:01,1
123025,8971,99,HU,1046,ZA,,Kerkabarabás,full,,,magyar-posta-via-ferenci-tamas,,2026-04-28T06:49:01,2026-04-28T06:49:01,1
123026,8971,99,HU,1046,ZA,,Zalabaksa,full,,,magyar-posta-via-ferenci-tamas,,2026-04-28T06:49:01,2026-04-28T06:49:01,1
123027,8973,99,HU,1046,ZA,,Alsószenterzsébet,full,,,magyar-posta-via-ferenci-tamas,,2026-04-28T06:49:01,2026-04-28T06:49:01,1
123028,8973,99,HU,1046,ZA,,Csesztreg,full,,,magyar-posta-via-ferenci-tamas,,2026-04-28T06:49:01,2026-04-28T06:49:01,1
123029,8973,99,HU,1046,ZA,,Felsőszenterzsébet,full,,,magyar-posta-via-ferenci-tamas,,2026-04-28T06:49:01,2026-04-28T06:49:01,1
123030,8973,99,HU,1046,ZA,,Kerkafalva,full,,,magyar-posta-via-ferenci-tamas,,2026-04-28T06:49:01,2026-04-28T06:49:01,1
123031,8973,99,HU,1046,ZA,,Kerkakutas,full,,,magyar-posta-via-ferenci-tamas,,2026-04-28T06:49:01,2026-04-28T06:49:01,1
123032,8973,99,HU,1046,ZA,,Magyarföld,full,,,magyar-posta-via-ferenci-tamas,,2026-04-28T06:49:01,2026-04-28T06:49:01,1
123033,8973,99,HU,1046,ZA,,Ramocsa,full,,,magyar-posta-via-ferenci-tamas,,2026-04-28T06:49:01,2026-04-28T06:49:01,1
123034,8975,99,HU,1046,ZA,,Szentgyörgyvölgy,full,,,magyar-posta-via-ferenci-tamas,,2026-04-28T06:49:01,2026-04-28T06:49:01,1
123035,8976,99,HU,1046,ZA,,Márokföld,full,,,magyar-posta-via-ferenci-tamas,,2026-04-28T06:49:01,2026-04-28T06:49:01,1
123036,8976,99,HU,1046,ZA,,Nemesnép,full,,,magyar-posta-via-ferenci-tamas,,2026-04-28T06:49:01,2026-04-28T06:49:01,1
123037,8977,99,HU,1046,ZA,,Baglad,full,,,magyar-posta-via-ferenci-tamas,,2026-04-28T06:49:01,2026-04-28T06:49:01,1
123038,8977,99,HU,1046,ZA,,Lendvajakabfa,full,,,magyar-posta-via-ferenci-tamas,,2026-04-28T06:49:01,2026-04-28T06:49:01,1
123039,8977,99,HU,1046,ZA,,Resznek,full,,,magyar-posta-via-ferenci-tamas,,2026-04-28T06:49:01,2026-04-28T06:49:01,1
123040,8978,99,HU,1046,ZA,,Belsősárd,full,,,magyar-posta-via-ferenci-tamas,,2026-04-28T06:49:01,2026-04-28T06:49:01,1
123041,8978,99,HU,1046,ZA,,Külsősárd,full,,,magyar-posta-via-ferenci-tamas,,2026-04-28T06:49:01,2026-04-28T06:49:01,1
123042,8978,99,HU,1046,ZA,,Lendvadedes,full,,,magyar-posta-via-ferenci-tamas,,2026-04-28T06:49:01,2026-04-28T06:49:01,1
123043,8978,99,HU,1046,ZA,,Rédics,full,,,magyar-posta-via-ferenci-tamas,,2026-04-28T06:49:01,2026-04-28T06:49:01,1
123044,8981,99,HU,1046,ZA,,Gellénháza,full,,,magyar-posta-via-ferenci-tamas,,2026-04-28T06:49:01,2026-04-28T06:49:01,1
123045,8981,99,HU,1046,ZA,,Lickóvadamos,full,,,magyar-posta-via-ferenci-tamas,,2026-04-28T06:49:01,2026-04-28T06:49:01,1
123046,8983,99,HU,1046,ZA,,Babosdöbréte,full,,,magyar-posta-via-ferenci-tamas,,2026-04-28T06:49:01,2026-04-28T06:49:01,1
123047,8983,99,HU,1046,ZA,,Nagylengyel,full,,,magyar-posta-via-ferenci-tamas,,2026-04-28T06:49:01,2026-04-28T06:49:01,1
123048,8983,99,HU,1046,ZA,,Ormándlak,full,,,magyar-posta-via-ferenci-tamas,,2026-04-28T06:49:01,2026-04-28T06:49:01,1
123049,8984,99,HU,1046,ZA,,Gombosszeg,full,,,magyar-posta-via-ferenci-tamas,,2026-04-28T06:49:01,2026-04-28T06:49:01,1
123050,8984,99,HU,1046,ZA,,Iborfia,full,,,magyar-posta-via-ferenci-tamas,,2026-04-28T06:49:01,2026-04-28T06:49:01,1
123051,8984,99,HU,1046,ZA,,Petrikeresztúr,full,,,magyar-posta-via-ferenci-tamas,,2026-04-28T06:49:01,2026-04-28T06:49:01,1
123052,8985,99,HU,1046,ZA,,Becsvölgye,full,,,magyar-posta-via-ferenci-tamas,,2026-04-28T06:49:01,2026-04-28T06:49:01,1
123053,8986,99,HU,1046,ZA,,Pusztaapáti,full,,,magyar-posta-via-ferenci-tamas,,2026-04-28T06:49:01,2026-04-28T06:49:01,1
123054,8986,99,HU,1046,ZA,,Pórszombat,full,,,magyar-posta-via-ferenci-tamas,,2026-04-28T06:49:01,2026-04-28T06:49:01,1
123055,8986,99,HU,1046,ZA,,Szilvágy,full,,,magyar-posta-via-ferenci-tamas,,2026-04-28T06:49:01,2026-04-28T06:49:01,1
123056,8988,99,HU,1046,ZA,,Kozmadombja,full,,,magyar-posta-via-ferenci-tamas,,2026-04-28T06:49:01,2026-04-28T06:49:01,1
123057,8988,99,HU,1046,ZA,,Kálócfa,full,,,magyar-posta-via-ferenci-tamas,,2026-04-28T06:49:01,2026-04-28T06:49:01,1
123058,8989,99,HU,1046,ZA,,Dobronhegy,full,,,magyar-posta-via-ferenci-tamas,,2026-04-28T06:49:01,2026-04-28T06:49:01,1
123059,8990,99,HU,1046,ZA,,Pálfiszeg,full,,,magyar-posta-via-ferenci-tamas,,2026-04-28T06:49:01,2026-04-28T06:49:01,1
123060,8991,99,HU,1046,ZA,,Böde,full,,,magyar-posta-via-ferenci-tamas,,2026-04-28T06:49:01,2026-04-28T06:49:01,1
123061,8991,99,HU,1046,ZA,,Hottó,full,,,magyar-posta-via-ferenci-tamas,,2026-04-28T06:49:01,2026-04-28T06:49:01,1
123062,8991,99,HU,1046,ZA,,Teskánd,full,,,magyar-posta-via-ferenci-tamas,,2026-04-28T06:49:01,2026-04-28T06:49:01,1
123063,8992,99,HU,1046,ZA,,Bagod,full,,,magyar-posta-via-ferenci-tamas,,2026-04-28T06:49:01,2026-04-28T06:49:01,1
123064,8992,99,HU,1046,ZA,,Boncodfölde,full,,,magyar-posta-via-ferenci-tamas,,2026-04-28T06:49:01,2026-04-28T06:49:01,1
123065,8992,99,HU,1046,ZA,,Hagyárosbörönd,full,,,magyar-posta-via-ferenci-tamas,,2026-04-28T06:49:01,2026-04-28T06:49:01,1
123066,8992,99,HU,1046,ZA,,Zalaboldogfa,full,,,magyar-posta-via-ferenci-tamas,,2026-04-28T06:49:01,2026-04-28T06:49:01,1
123067,8994,99,HU,1046,ZA,,Kávás,full,,,magyar-posta-via-ferenci-tamas,,2026-04-28T06:49:01,2026-04-28T06:49:01,1
123068,8994,99,HU,1046,ZA,,Zalaszentgyörgy,full,,,magyar-posta-via-ferenci-tamas,,2026-04-28T06:49:01,2026-04-28T06:49:01,1
123069,8995,99,HU,1046,ZA,,Keménfa,full,,,magyar-posta-via-ferenci-tamas,,2026-04-28T06:49:01,2026-04-28T06:49:01,1
123070,8995,99,HU,1046,ZA,,Salomvár,full,,,magyar-posta-via-ferenci-tamas,,2026-04-28T06:49:01,2026-04-28T06:49:01,1
123071,8996,99,HU,1046,ZA,,Zalacséb,full,,,magyar-posta-via-ferenci-tamas,,2026-04-28T06:49:01,2026-04-28T06:49:01,1
123072,8997,99,HU,1046,ZA,,Zalaháshágy,full,,,magyar-posta-via-ferenci-tamas,,2026-04-28T06:49:01,2026-04-28T06:49:01,1
123073,8998,99,HU,1046,ZA,,Ozmánbük,full,,,magyar-posta-via-ferenci-tamas,,2026-04-28T06:49:01,2026-04-28T06:49:01,1
123074,8998,99,HU,1046,ZA,,Vaspör,full,,,magyar-posta-via-ferenci-tamas,,2026-04-28T06:49:01,2026-04-28T06:49:01,1
123075,8999,99,HU,1046,ZA,,Csöde,full,,,magyar-posta-via-ferenci-tamas,,2026-04-28T06:49:01,2026-04-28T06:49:01,1
123076,8999,99,HU,1046,ZA,,Zalalövő,full,,,magyar-posta-via-ferenci-tamas,,2026-04-28T06:49:01,2026-04-28T06:49:01,1
123077,9000,99,HU,1042,GS,,Győr,full,,,magyar-posta-via-ferenci-tamas,,2026-04-28T06:49:01,2026-04-28T06:49:01,1
123078,9011,99,HU,1042,GS,,Győr,full,,,magyar-posta-via-ferenci-tamas,,2026-04-28T06:49:01,2026-04-28T06:49:01,1
123079,9012,99,HU,1042,GS,,Győr,full,,,magyar-posta-via-ferenci-tamas,,2026-04-28T06:49:01,2026-04-28T06:49:01,1
123080,9019,99,HU,1042,GS,,Győr,full,,,magyar-posta-via-ferenci-tamas,,2026-04-28T06:49:01,2026-04-28T06:49:01,1
123081,9021,99,HU,1042,GS,,Győr,full,,,magyar-posta-via-ferenci-tamas,,2026-04-28T06:49:01,2026-04-28T06:49:01,1
123082,9022,99,HU,1042,GS,,Győr,full,,,magyar-posta-via-ferenci-tamas,,2026-04-28T06:49:01,2026-04-28T06:49:01,1
123083,9023,99,HU,1042,GS,,Győr,full,,,magyar-posta-via-ferenci-tamas,,2026-04-28T06:49:01,2026-04-28T06:49:01,1
123084,9024,99,HU,1042,GS,,Győr,full,,,magyar-posta-via-ferenci-tamas,,2026-04-28T06:49:01,2026-04-28T06:49:01,1
123085,9025,99,HU,1042,GS,,Győr,full,,,magyar-posta-via-ferenci-tamas,,2026-04-28T06:49:01,2026-04-28T06:49:01,1
123086,9026,99,HU,1042,GS,,Győr,full,,,magyar-posta-via-ferenci-tamas,,2026-04-28T06:49:01,2026-04-28T06:49:01,1
123087,9027,99,HU,1042,GS,,Győr,full,,,magyar-posta-via-ferenci-tamas,,2026-04-28T06:49:01,2026-04-28T06:49:01,1
123088,9028,99,HU,1042,GS,,Győr,full,,,magyar-posta-via-ferenci-tamas,,2026-04-28T06:49:01,2026-04-28T06:49:01,1
123089,9029,99,HU,1042,GS,,Győr,full,,,magyar-posta-via-ferenci-tamas,,2026-04-28T06:49:01,2026-04-28T06:49:01,1
123090,9030,99,HU,1042,GS,,Győr,full,,,magyar-posta-via-ferenci-tamas,,2026-04-28T06:49:01,2026-04-28T06:49:01,1
123091,9061,99,HU,1042,GS,,Vámosszabadi,full,,,magyar-posta-via-ferenci-tamas,,2026-04-28T06:49:01,2026-04-28T06:49:01,1
123092,9062,99,HU,1042,GS,,Kisbajcs,full,,,magyar-posta-via-ferenci-tamas,,2026-04-28T06:49:01,2026-04-28T06:49:01,1
123093,9062,99,HU,1042,GS,,Vének,full,,,magyar-posta-via-ferenci-tamas,,2026-04-28T06:49:01,2026-04-28T06:49:01,1
123094,9063,99,HU,1042,GS,,Nagybajcs,full,,,magyar-posta-via-ferenci-tamas,,2026-04-28T06:49:01,2026-04-28T06:49:01,1
123095,9064,99,HU,1042,GS,,"Vámosszabadi, Szitásdomb",full,,,magyar-posta-via-ferenci-tamas,,2026-04-28T06:49:01,2026-04-28T06:49:01,1
123096,9071,99,HU,1042,GS,,Gönyű,full,,,magyar-posta-via-ferenci-tamas,,2026-04-28T06:49:01,2026-04-28T06:49:01,1
123097,9072,99,HU,1042,GS,,Nagyszentjános,full,,,magyar-posta-via-ferenci-tamas,,2026-04-28T06:49:01,2026-04-28T06:49:01,1
123098,9073,99,HU,1042,GS,,Bőny,full,,,magyar-posta-via-ferenci-tamas,,2026-04-28T06:49:01,2026-04-28T06:49:01,1
123099,9074,99,HU,1042,GS,,Rétalap,full,,,magyar-posta-via-ferenci-tamas,,2026-04-28T06:49:01,2026-04-28T06:49:01,1
123100,9081,99,HU,1042,GS,,Győrújbarát,full,,,magyar-posta-via-ferenci-tamas,,2026-04-28T06:49:01,2026-04-28T06:49:01,1
123101,9082,99,HU,1042,GS,,Nyúl,full,,,magyar-posta-via-ferenci-tamas,,2026-04-28T06:49:01,2026-04-28T06:49:01,1
123102,9083,99,HU,1042,GS,,Écs,full,,,magyar-posta-via-ferenci-tamas,,2026-04-28T06:49:01,2026-04-28T06:49:01,1
123103,9084,99,HU,1042,GS,,Győrság,full,,,magyar-posta-via-ferenci-tamas,,2026-04-28T06:49:01,2026-04-28T06:49:01,1
123104,9085,99,HU,1042,GS,,Pázmándfalu,full,,,magyar-posta-via-ferenci-tamas,,2026-04-28T06:49:01,2026-04-28T06:49:01,1
123105,9086,99,HU,1042,GS,,Töltéstava,full,,,magyar-posta-via-ferenci-tamas,,2026-04-28T06:49:01,2026-04-28T06:49:01,1
123106,9088,99,HU,1042,GS,,Bakonypéterd,full,,,magyar-posta-via-ferenci-tamas,,2026-04-28T06:49:01,2026-04-28T06:49:01,1
123107,9089,99,HU,1042,GS,,Lázi,full,,,magyar-posta-via-ferenci-tamas,,2026-04-28T06:49:01,2026-04-28T06:49:01,1
123108,9090,99,HU,1042,GS,,Pannonhalma,full,,,magyar-posta-via-ferenci-tamas,,2026-04-28T06:49:01,2026-04-28T06:49:01,1
123109,9091,99,HU,1042,GS,,Ravazd,full,,,magyar-posta-via-ferenci-tamas,,2026-04-28T06:49:01,2026-04-28T06:49:01,1
123110,9092,99,HU,1042,GS,,Tarjánpuszta,full,,,magyar-posta-via-ferenci-tamas,,2026-04-28T06:49:01,2026-04-28T06:49:01,1
123111,9093,99,HU,1042,GS,,Győrasszonyfa,full,,,magyar-posta-via-ferenci-tamas,,2026-04-28T06:49:01,2026-04-28T06:49:01,1
123112,9094,99,HU,1042,GS,,Tápszentmiklós,full,,,magyar-posta-via-ferenci-tamas,,2026-04-28T06:49:01,2026-04-28T06:49:01,1
123113,9095,99,HU,1042,GS,,Táp,full,,,magyar-posta-via-ferenci-tamas,,2026-04-28T06:49:01,2026-04-28T06:49:01,1
123114,9096,99,HU,1042,GS,,Nyalka,full,,,magyar-posta-via-ferenci-tamas,,2026-04-28T06:49:01,2026-04-28T06:49:01,1
123115,9097,99,HU,1042,GS,,Mezőörs,full,,,magyar-posta-via-ferenci-tamas,,2026-04-28T06:49:01,2026-04-28T06:49:01,1
123116,9098,99,HU,1042,GS,,"Mezőörs, Mindszentpuszta",full,,,magyar-posta-via-ferenci-tamas,,2026-04-28T06:49:01,2026-04-28T06:49:01,1
123117,9099,99,HU,1042,GS,,Pér,full,,,magyar-posta-via-ferenci-tamas,,2026-04-28T06:49:01,2026-04-28T06:49:01,1
123118,9100,99,HU,1042,GS,,Tét,full,,,magyar-posta-via-ferenci-tamas,,2026-04-28T06:49:01,2026-04-28T06:49:01,1
123119,9111,99,HU,1042,GS,,Tényő,full,,,magyar-posta-via-ferenci-tamas,,2026-04-28T06:49:01,2026-04-28T06:49:01,1
123120,9112,99,HU,1042,GS,,Sokorópátka,full,,,magyar-posta-via-ferenci-tamas,,2026-04-28T06:49:01,2026-04-28T06:49:01,1
123121,9113,99,HU,1042,GS,,Koroncó,full,,,magyar-posta-via-ferenci-tamas,,2026-04-28T06:49:01,2026-04-28T06:49:01,1
123122,9121,99,HU,1042,GS,,Győrszemere,full,,,magyar-posta-via-ferenci-tamas,,2026-04-28T06:49:01,2026-04-28T06:49:01,1
123123,9122,99,HU,1042,GS,,Felpéc,full,,,magyar-posta-via-ferenci-tamas,,2026-04-28T06:49:01,2026-04-28T06:49:01,1
123124,9123,99,HU,1042,GS,,Kajárpéc,full,,,magyar-posta-via-ferenci-tamas,,2026-04-28T06:49:01,2026-04-28T06:49:01,1
123125,9124,99,HU,1042,GS,,Gyömöre,full,,,magyar-posta-via-ferenci-tamas,,2026-04-28T06:49:01,2026-04-28T06:49:01,1
123126,9125,99,HU,1042,GS,,Szerecseny,full,,,magyar-posta-via-ferenci-tamas,,2026-04-28T06:49:01,2026-04-28T06:49:01,1
123127,9126,99,HU,1042,GS,,Gyarmat,full,,,magyar-posta-via-ferenci-tamas,,2026-04-28T06:49:01,2026-04-28T06:49:01,1
123128,9127,99,HU,1042,GS,,Csikvánd,full,,,magyar-posta-via-ferenci-tamas,,2026-04-28T06:49:01,2026-04-28T06:49:01,1
123129,9131,99,HU,1042,GS,,Mórichida,full,,,magyar-posta-via-ferenci-tamas,,2026-04-28T06:49:01,2026-04-28T06:49:01,1
123130,9132,99,HU,1042,GS,,Árpás,full,,,magyar-posta-via-ferenci-tamas,,2026-04-28T06:49:01,2026-04-28T06:49:01,1
123131,9133,99,HU,1042,GS,,Kisbabot,full,,,magyar-posta-via-ferenci-tamas,,2026-04-28T06:49:01,2026-04-28T06:49:01,1
123132,9133,99,HU,1042,GS,,Rábaszentmiklós,full,,,magyar-posta-via-ferenci-tamas,,2026-04-28T06:49:01,2026-04-28T06:49:01,1
123133,9134,99,HU,1042,GS,,Bodonhely,full,,,magyar-posta-via-ferenci-tamas,,2026-04-28T06:49:01,2026-04-28T06:49:01,1
123134,9135,99,HU,1042,GS,,Rábaszentmihály,full,,,magyar-posta-via-ferenci-tamas,,2026-04-28T06:49:01,2026-04-28T06:49:01,1
123135,9136,99,HU,1042,GS,,Mérges,full,,,magyar-posta-via-ferenci-tamas,,2026-04-28T06:49:01,2026-04-28T06:49:01,1
123136,9136,99,HU,1042,GS,,Rábacsécsény,full,,,magyar-posta-via-ferenci-tamas,,2026-04-28T06:49:01,2026-04-28T06:49:01,1
123137,9141,99,HU,1042,GS,,Ikrény,full,,,magyar-posta-via-ferenci-tamas,,2026-04-28T06:49:01,2026-04-28T06:49:01,1
123138,9142,99,HU,1042,GS,,Rábapatona,full,,,magyar-posta-via-ferenci-tamas,,2026-04-28T06:49:01,2026-04-28T06:49:01,1
123139,9143,99,HU,1042,GS,,Enese,full,,,magyar-posta-via-ferenci-tamas,,2026-04-28T06:49:01,2026-04-28T06:49:01,1
123140,9144,99,HU,1042,GS,,Kóny,full,,,magyar-posta-via-ferenci-tamas,,2026-04-28T06:49:01,2026-04-28T06:49:01,1
123141,9145,99,HU,1042,GS,,Bágyogszovát,full,,,magyar-posta-via-ferenci-tamas,,2026-04-28T06:49:01,2026-04-28T06:49:01,1
123142,9146,99,HU,1042,GS,,Rábapordány,full,,,magyar-posta-via-ferenci-tamas,,2026-04-28T06:49:01,2026-04-28T06:49:01,1
123143,9147,99,HU,1042,GS,,Dör,full,,,magyar-posta-via-ferenci-tamas,,2026-04-28T06:49:01,2026-04-28T06:49:01,1
123144,9151,99,HU,1042,GS,,Abda,full,,,magyar-posta-via-ferenci-tamas,,2026-04-28T06:49:01,2026-04-28T06:49:01,1
123145,9152,99,HU,1042,GS,,Börcs,full,,,magyar-posta-via-ferenci-tamas,,2026-04-28T06:49:01,2026-04-28T06:49:01,1
123146,9153,99,HU,1042,GS,,Öttevény,full,,,magyar-posta-via-ferenci-tamas,,2026-04-28T06:49:01,2026-04-28T06:49:01,1
123147,9154,99,HU,1042,GS,,Mosonszentmiklós,full,,,magyar-posta-via-ferenci-tamas,,2026-04-28T06:49:01,2026-04-28T06:49:01,1
123148,9155,99,HU,1042,GS,,Lébény,full,,,magyar-posta-via-ferenci-tamas,,2026-04-28T06:49:01,2026-04-28T06:49:01,1
123149,9161,99,HU,1042,GS,,Győrsövényház,full,,,magyar-posta-via-ferenci-tamas,,2026-04-28T06:49:01,2026-04-28T06:49:01,1
123150,9162,99,HU,1042,GS,,Bezi,full,,,magyar-posta-via-ferenci-tamas,,2026-04-28T06:49:01,2026-04-28T06:49:01,1
123151,9163,99,HU,1042,GS,,Fehértó,full,,,magyar-posta-via-ferenci-tamas,,2026-04-28T06:49:01,2026-04-28T06:49:01,1
123152,9164,99,HU,1042,GS,,Markotabödöge,full,,,magyar-posta-via-ferenci-tamas,,2026-04-28T06:49:01,2026-04-28T06:49:01,1
123153,9165,99,HU,1042,GS,,Cakóháza,full,,,magyar-posta-via-ferenci-tamas,,2026-04-28T06:49:01,2026-04-28T06:49:01,1
123154,9165,99,HU,1042,GS,,Rábcakapi,full,,,magyar-posta-via-ferenci-tamas,,2026-04-28T06:49:01,2026-04-28T06:49:01,1
123155,9165,99,HU,1042,GS,,Tárnokréti,full,,,magyar-posta-via-ferenci-tamas,,2026-04-28T06:49:01,2026-04-28T06:49:01,1
123156,9167,99,HU,1042,GS,,Bősárkány,full,,,magyar-posta-via-ferenci-tamas,,2026-04-28T06:49:01,2026-04-28T06:49:01,1
123157,9167,99,HU,1042,GS,,"Jánossomorja, Hanságliget",full,,,magyar-posta-via-ferenci-tamas,,2026-04-28T06:49:01,2026-04-28T06:49:01,1
123158,9168,99,HU,1042,GS,,Acsalag,full,,,magyar-posta-via-ferenci-tamas,,2026-04-28T06:49:01,2026-04-28T06:49:01,1
123159,9168,99,HU,1042,GS,,"Csorna, Földsziget",full,,,magyar-posta-via-ferenci-tamas,,2026-04-28T06:49:01,2026-04-28T06:49:01,1
123160,9169,99,HU,1042,GS,,Barbacs,full,,,magyar-posta-via-ferenci-tamas,,2026-04-28T06:49:01,2026-04-28T06:49:01,1
123161,9169,99,HU,1042,GS,,Maglóca,full,,,magyar-posta-via-ferenci-tamas,,2026-04-28T06:49:01,2026-04-28T06:49:01,1
123162,9171,99,HU,1042,GS,,Győrújfalu,full,,,magyar-posta-via-ferenci-tamas,,2026-04-28T06:49:01,2026-04-28T06:49:01,1
123163,9172,99,HU,1042,GS,,Győrzámoly,full,,,magyar-posta-via-ferenci-tamas,,2026-04-28T06:49:01,2026-04-28T06:49:01,1
123164,9173,99,HU,1042,GS,,Győrladamér,full,,,magyar-posta-via-ferenci-tamas,,2026-04-28T06:49:01,2026-04-28T06:49:01,1
123165,9174,99,HU,1042,GS,,Dunaszeg,full,,,magyar-posta-via-ferenci-tamas,,2026-04-28T06:49:01,2026-04-28T06:49:01,1
123166,9175,99,HU,1042,GS,,Dunaszentpál,full,,,magyar-posta-via-ferenci-tamas,,2026-04-28T06:49:01,2026-04-28T06:49:01,1
123167,9176,99,HU,1042,GS,,Mecsér,full,,,magyar-posta-via-ferenci-tamas,,2026-04-28T06:49:01,2026-04-28T06:49:01,1
123168,9177,99,HU,1042,GS,,Ásványráró,full,,,magyar-posta-via-ferenci-tamas,,2026-04-28T06:49:01,2026-04-28T06:49:01,1
123169,9178,99,HU,1042,GS,,Hédervár,full,,,magyar-posta-via-ferenci-tamas,,2026-04-28T06:49:01,2026-04-28T06:49:01,1
123170,9181,99,HU,1042,GS,,Kimle,full,,,magyar-posta-via-ferenci-tamas,,2026-04-28T06:49:01,2026-04-28T06:49:01,1
123171,9182,99,HU,1042,GS,,Károlyháza,full,,,magyar-posta-via-ferenci-tamas,,2026-04-28T06:49:01,2026-04-28T06:49:01,1
123172,9183,99,HU,1042,GS,,"Mosonszentmiklós, Gyártelep",full,,,magyar-posta-via-ferenci-tamas,,2026-04-28T06:49:01,2026-04-28T06:49:01,1
123173,9183,99,HU,1042,GS,,"Mosonszentmiklós, Mosonújhely",full,,,magyar-posta-via-ferenci-tamas,,2026-04-28T06:49:01,2026-04-28T06:49:01,1
123174,9184,99,HU,1042,GS,,Kunsziget,full,,,magyar-posta-via-ferenci-tamas,,2026-04-28T06:49:01,2026-04-28T06:49:01,1
123175,9200,99,HU,1042,GS,,Mosonmagyaróvár,full,,,magyar-posta-via-ferenci-tamas,,2026-04-28T06:49:01,2026-04-28T06:49:01,1
123176,9211,99,HU,1042,GS,,Feketeerdő,full,,,magyar-posta-via-ferenci-tamas,,2026-04-28T06:49:01,2026-04-28T06:49:01,1
123177,9221,99,HU,1042,GS,,Levél,full,,,magyar-posta-via-ferenci-tamas,,2026-04-28T06:49:01,2026-04-28T06:49:01,1
123178,9222,99,HU,1042,GS,,Hegyeshalom,full,,,magyar-posta-via-ferenci-tamas,,2026-04-28T06:49:01,2026-04-28T06:49:01,1
123179,9223,99,HU,1042,GS,,Bezenye,full,,,magyar-posta-via-ferenci-tamas,,2026-04-28T06:49:01,2026-04-28T06:49:01,1
123180,9224,99,HU,1042,GS,,Rajka,full,,,magyar-posta-via-ferenci-tamas,,2026-04-28T06:49:01,2026-04-28T06:49:01,1
123181,9225,99,HU,1042,GS,,Dunakiliti,full,,,magyar-posta-via-ferenci-tamas,,2026-04-28T06:49:01,2026-04-28T06:49:01,1
123182,9226,99,HU,1042,GS,,Dunasziget,full,,,magyar-posta-via-ferenci-tamas,,2026-04-28T06:49:01,2026-04-28T06:49:01,1
123183,9228,99,HU,1042,GS,,Halászi,full,,,magyar-posta-via-ferenci-tamas,,2026-04-28T06:49:01,2026-04-28T06:49:01,1
123184,9231,99,HU,1042,GS,,Máriakálnok,full,,,magyar-posta-via-ferenci-tamas,,2026-04-28T06:49:01,2026-04-28T06:49:01,1
123185,9232,99,HU,1042,GS,,Darnózseli,full,,,magyar-posta-via-ferenci-tamas,,2026-04-28T06:49:01,2026-04-28T06:49:01,1
123186,9233,99,HU,1042,GS,,Lipót,full,,,magyar-posta-via-ferenci-tamas,,2026-04-28T06:49:01,2026-04-28T06:49:01,1
123187,9234,99,HU,1042,GS,,Kisbodak,full,,,magyar-posta-via-ferenci-tamas,,2026-04-28T06:49:01,2026-04-28T06:49:01,1
123188,9235,99,HU,1042,GS,,Dunaremete,full,,,magyar-posta-via-ferenci-tamas,,2026-04-28T06:49:01,2026-04-28T06:49:01,1
123189,9235,99,HU,1042,GS,,Püski,full,,,magyar-posta-via-ferenci-tamas,,2026-04-28T06:49:01,2026-04-28T06:49:01,1
123190,9241,99,HU,1042,GS,,"Jánossomorja, Mosonszentjános",full,,,magyar-posta-via-ferenci-tamas,,2026-04-28T06:49:01,2026-04-28T06:49:01,1
123191,9241,99,HU,1042,GS,,"Jánossomorja, Újtanya",full,,,magyar-posta-via-ferenci-tamas,,2026-04-28T06:49:01,2026-04-28T06:49:01,1
123192,9242,99,HU,1042,GS,,"Jánossomorja, Pusztasomorja",full,,,magyar-posta-via-ferenci-tamas,,2026-04-28T06:49:01,2026-04-28T06:49:01,1
123193,9243,99,HU,1042,GS,,Várbalog,full,,,magyar-posta-via-ferenci-tamas,,2026-04-28T06:49:01,2026-04-28T06:49:01,1
123194,9244,99,HU,1042,GS,,Újrónafő,full,,,magyar-posta-via-ferenci-tamas,,2026-04-28T06:49:01,2026-04-28T06:49:01,1
123195,9245,99,HU,1042,GS,,Mosonszolnok,full,,,magyar-posta-via-ferenci-tamas,,2026-04-28T06:49:01,2026-04-28T06:49:01,1
123196,9246,99,HU,1042,GS,,Mosonudvar,full,,,magyar-posta-via-ferenci-tamas,,2026-04-28T06:49:01,2026-04-28T06:49:01,1
123197,9300,99,HU,1042,GS,,Csorna,full,,,magyar-posta-via-ferenci-tamas,,2026-04-28T06:49:01,2026-04-28T06:49:01,1
123198,9311,99,HU,1042,GS,,Pásztori,full,,,magyar-posta-via-ferenci-tamas,,2026-04-28T06:49:01,2026-04-28T06:49:01,1
123199,9312,99,HU,1042,GS,,Szilsárkány,full,,,magyar-posta-via-ferenci-tamas,,2026-04-28T06:49:01,2026-04-28T06:49:01,1
123200,9313,99,HU,1042,GS,,Rábacsanak,full,,,magyar-posta-via-ferenci-tamas,,2026-04-28T06:49:01,2026-04-28T06:49:01,1
123201,9314,99,HU,1042,GS,,Egyed,full,,,magyar-posta-via-ferenci-tamas,,2026-04-28T06:49:01,2026-04-28T06:49:01,1
123202,9315,99,HU,1042,GS,,Sobor,full,,,magyar-posta-via-ferenci-tamas,,2026-04-28T06:49:01,2026-04-28T06:49:01,1
123203,9316,99,HU,1042,GS,,Rábaszentandrás,full,,,magyar-posta-via-ferenci-tamas,,2026-04-28T06:49:01,2026-04-28T06:49:01,1
123204,9317,99,HU,1042,GS,,Szany,full,,,magyar-posta-via-ferenci-tamas,,2026-04-28T06:49:01,2026-04-28T06:49:01,1
123205,9321,99,HU,1042,GS,,Farád,full,,,magyar-posta-via-ferenci-tamas,,2026-04-28T06:49:01,2026-04-28T06:49:01,1
123206,9322,99,HU,1042,GS,,Rábatamási,full,,,magyar-posta-via-ferenci-tamas,,2026-04-28T06:49:01,2026-04-28T06:49:01,1
123207,9323,99,HU,1042,GS,,Jobaháza,full,,,magyar-posta-via-ferenci-tamas,,2026-04-28T06:49:01,2026-04-28T06:49:01,1
123208,9324,99,HU,1042,GS,,Bogyoszló,full,,,magyar-posta-via-ferenci-tamas,,2026-04-28T06:49:01,2026-04-28T06:49:01,1
123209,9324,99,HU,1042,GS,,Potyond,full,,,magyar-posta-via-ferenci-tamas,,2026-04-28T06:49:01,2026-04-28T06:49:01,1
123210,9325,99,HU,1042,GS,,Sopronnémeti,full,,,magyar-posta-via-ferenci-tamas,,2026-04-28T06:49:01,2026-04-28T06:49:01,1
123211,9326,99,HU,1042,GS,,Szil,full,,,magyar-posta-via-ferenci-tamas,,2026-04-28T06:49:01,2026-04-28T06:49:01,1
123212,9327,99,HU,1042,GS,,Rábasebes,full,,,magyar-posta-via-ferenci-tamas,,2026-04-28T06:49:01,2026-04-28T06:49:01,1
123213,9327,99,HU,1042,GS,,Vág,full,,,magyar-posta-via-ferenci-tamas,,2026-04-28T06:49:01,2026-04-28T06:49:01,1
123214,9330,99,HU,1042,GS,,Kapuvár,full,,,magyar-posta-via-ferenci-tamas,,2026-04-28T06:49:01,2026-04-28T06:49:01,1
123215,9339,99,HU,1042,GS,,"Kapuvár, Öntésmajor",full,,,magyar-posta-via-ferenci-tamas,,2026-04-28T06:49:01,2026-04-28T06:49:01,1
123216,9341,99,HU,1042,GS,,Kisfalud,full,,,magyar-posta-via-ferenci-tamas,,2026-04-28T06:49:01,2026-04-28T06:49:01,1
123217,9342,99,HU,1042,GS,,Mihályi,full,,,magyar-posta-via-ferenci-tamas,,2026-04-28T06:49:01,2026-04-28T06:49:01,1
123218,9343,99,HU,1042,GS,,Beled,full,,,magyar-posta-via-ferenci-tamas,,2026-04-28T06:49:01,2026-04-28T06:49:01,1
123219,9343,99,HU,1042,GS,,Edve,full,,,magyar-posta-via-ferenci-tamas,,2026-04-28T06:49:01,2026-04-28T06:49:01,1
123220,9343,99,HU,1042,GS,,Vásárosfalu,full,,,magyar-posta-via-ferenci-tamas,,2026-04-28T06:49:01,2026-04-28T06:49:01,1
123221,9344,99,HU,1042,GS,,Rábakecöl,full,,,magyar-posta-via-ferenci-tamas,,2026-04-28T06:49:01,2026-04-28T06:49:01,1
123222,9345,99,HU,1042,GS,,Páli,full,,,magyar-posta-via-ferenci-tamas,,2026-04-28T06:49:01,2026-04-28T06:49:01,1
123223,9346,99,HU,1042,GS,,Magyarkeresztúr,full,,,magyar-posta-via-ferenci-tamas,,2026-04-28T06:49:01,2026-04-28T06:49:01,1
123224,9346,99,HU,1042,GS,,Vadosfa,full,,,magyar-posta-via-ferenci-tamas,,2026-04-28T06:49:01,2026-04-28T06:49:01,1
123225,9346,99,HU,1042,GS,,Zsebeháza,full,,,magyar-posta-via-ferenci-tamas,,2026-04-28T06:49:01,2026-04-28T06:49:01,1
123226,9351,99,HU,1042,GS,,Babót,full,,,magyar-posta-via-ferenci-tamas,,2026-04-28T06:49:01,2026-04-28T06:49:01,1
123227,9352,99,HU,1042,GS,,Veszkény,full,,,magyar-posta-via-ferenci-tamas,,2026-04-28T06:49:01,2026-04-28T06:49:01,1
123228,9353,99,HU,1042,GS,,Szárföld,full,,,magyar-posta-via-ferenci-tamas,,2026-04-28T06:49:01,2026-04-28T06:49:01,1
123229,9354,99,HU,1042,GS,,Osli,full,,,magyar-posta-via-ferenci-tamas,,2026-04-28T06:49:01,2026-04-28T06:49:01,1
123230,9361,99,HU,1042,GS,,Hövej,full,,,magyar-posta-via-ferenci-tamas,,2026-04-28T06:49:01,2026-04-28T06:49:01,1
123231,9362,99,HU,1042,GS,,Himod,full,,,magyar-posta-via-ferenci-tamas,,2026-04-28T06:49:01,2026-04-28T06:49:01,1
123232,9363,99,HU,1042,GS,,Gyóró,full,,,magyar-posta-via-ferenci-tamas,,2026-04-28T06:49:01,2026-04-28T06:49:01,1
123233,9364,99,HU,1042,GS,,Cirák,full,,,magyar-posta-via-ferenci-tamas,,2026-04-28T06:49:01,2026-04-28T06:49:01,1
123234,9365,99,HU,1042,GS,,Dénesfa,full,,,magyar-posta-via-ferenci-tamas,,2026-04-28T06:49:01,2026-04-28T06:49:01,1
123235,9371,99,HU,1042,GS,,Vitnyéd,full,,,magyar-posta-via-ferenci-tamas,,2026-04-28T06:49:01,2026-04-28T06:49:01,1
123236,9372,99,HU,1042,GS,,Csapod,full,,,magyar-posta-via-ferenci-tamas,,2026-04-28T06:49:01,2026-04-28T06:49:01,1
123237,9373,99,HU,1042,GS,,Pusztacsalád,full,,,magyar-posta-via-ferenci-tamas,,2026-04-28T06:49:01,2026-04-28T06:49:01,1
123238,9374,99,HU,1042,GS,,Iván,full,,,magyar-posta-via-ferenci-tamas,,2026-04-28T06:49:01,2026-04-28T06:49:01,1
123239,9375,99,HU,1042,GS,,Csáfordjánosfa,full,,,magyar-posta-via-ferenci-tamas,,2026-04-28T06:49:01,2026-04-28T06:49:01,1
123240,9375,99,HU,1042,GS,,Csér,full,,,magyar-posta-via-ferenci-tamas,,2026-04-28T06:49:01,2026-04-28T06:49:01,1
123241,9375,99,HU,1042,GS,,Répceszemere,full,,,magyar-posta-via-ferenci-tamas,,2026-04-28T06:49:01,2026-04-28T06:49:01,1
123242,9400,99,HU,1042,GS,,Sopron,full,,,magyar-posta-via-ferenci-tamas,,2026-04-28T06:49:01,2026-04-28T06:49:01,1
123243,9407,99,HU,1042,GS,,"Sopron, Sopronkőhida",full,,,magyar-posta-via-ferenci-tamas,,2026-04-28T06:49:01,2026-04-28T06:49:01,1
123244,9408,99,HU,1042,GS,,"Sopron, Brennbergbánya",full,,,magyar-posta-via-ferenci-tamas,,2026-04-28T06:49:01,2026-04-28T06:49:01,1
123245,9421,99,HU,1042,GS,,Fertőrákos,full,,,magyar-posta-via-ferenci-tamas,,2026-04-28T06:49:01,2026-04-28T06:49:01,1
123246,9422,99,HU,1042,GS,,Harka,full,,,magyar-posta-via-ferenci-tamas,,2026-04-28T06:49:01,2026-04-28T06:49:01,1
123247,9423,99,HU,1042,GS,,Ágfalva,full,,,magyar-posta-via-ferenci-tamas,,2026-04-28T06:49:01,2026-04-28T06:49:01,1
123248,9431,99,HU,1042,GS,,Fertőd,full,,,magyar-posta-via-ferenci-tamas,,2026-04-28T06:49:01,2026-04-28T06:49:01,1
123249,9433,99,HU,1042,GS,,"Fertőd, Tőzeggyármajor",full,,,magyar-posta-via-ferenci-tamas,,2026-04-28T06:49:01,2026-04-28T06:49:01,1
123250,9434,99,HU,1042,GS,,"Sarród, Fertőújlak",full,,,magyar-posta-via-ferenci-tamas,,2026-04-28T06:49:01,2026-04-28T06:49:01,1
123251,9435,99,HU,1042,GS,,Sarród,full,,,magyar-posta-via-ferenci-tamas,,2026-04-28T06:49:01,2026-04-28T06:49:01,1
123252,9436,99,HU,1042,GS,,Fertőszéplak,full,,,magyar-posta-via-ferenci-tamas,,2026-04-28T06:49:01,2026-04-28T06:49:01,1
123253,9437,99,HU,1042,GS,,Hegykő,full,,,magyar-posta-via-ferenci-tamas,,2026-04-28T06:49:01,2026-04-28T06:49:01,1
123254,9438,99,HU,1042,GS,,"Sarród, Nyárliget",full,,,magyar-posta-via-ferenci-tamas,,2026-04-28T06:49:01,2026-04-28T06:49:01,1
123255,9441,99,HU,1042,GS,,Agyagosszergény,full,,,magyar-posta-via-ferenci-tamas,,2026-04-28T06:49:01,2026-04-28T06:49:01,1
123256,9442,99,HU,1042,GS,,Fertőendréd,full,,,magyar-posta-via-ferenci-tamas,,2026-04-28T06:49:01,2026-04-28T06:49:01,1
123257,9443,99,HU,1042,GS,,Petőháza,full,,,magyar-posta-via-ferenci-tamas,,2026-04-28T06:49:01,2026-04-28T06:49:01,1
123258,9444,99,HU,1042,GS,,Fertőszentmiklós,full,,,magyar-posta-via-ferenci-tamas,,2026-04-28T06:49:01,2026-04-28T06:49:01,1
123259,9451,99,HU,1042,GS,,Ebergőc,full,,,magyar-posta-via-ferenci-tamas,,2026-04-28T06:49:01,2026-04-28T06:49:01,1
123260,9451,99,HU,1042,GS,,Röjtökmuzsaj,full,,,magyar-posta-via-ferenci-tamas,,2026-04-28T06:49:01,2026-04-28T06:49:01,1
123261,9461,99,HU,1042,GS,,Lövő,full,,,magyar-posta-via-ferenci-tamas,,2026-04-28T06:49:01,2026-04-28T06:49:01,1
123262,9462,99,HU,1042,GS,,Völcsej,full,,,magyar-posta-via-ferenci-tamas,,2026-04-28T06:49:01,2026-04-28T06:49:01,1
123263,9463,99,HU,1042,GS,,Sopronhorpács,full,,,magyar-posta-via-ferenci-tamas,,2026-04-28T06:49:01,2026-04-28T06:49:01,1
123264,9464,99,HU,1042,GS,,Und,full,,,magyar-posta-via-ferenci-tamas,,2026-04-28T06:49:01,2026-04-28T06:49:01,1
123265,9471,99,HU,1042,GS,,Nemeskér,full,,,magyar-posta-via-ferenci-tamas,,2026-04-28T06:49:01,2026-04-28T06:49:01,1
123266,9472,99,HU,1042,GS,,Újkér,full,,,magyar-posta-via-ferenci-tamas,,2026-04-28T06:49:01,2026-04-28T06:49:01,1
123267,9473,99,HU,1042,GS,,Egyházasfalu,full,,,magyar-posta-via-ferenci-tamas,,2026-04-28T06:49:01,2026-04-28T06:49:01,1
123268,9474,99,HU,1042,GS,,Gyalóka,full,,,magyar-posta-via-ferenci-tamas,,2026-04-28T06:49:01,2026-04-28T06:49:01,1
123269,9474,99,HU,1042,GS,,Szakony,full,,,magyar-posta-via-ferenci-tamas,,2026-04-28T06:49:01,2026-04-28T06:49:01,1
123270,9475,99,HU,1042,GS,,Répcevis,full,,,magyar-posta-via-ferenci-tamas,,2026-04-28T06:49:01,2026-04-28T06:49:01,1
123271,9476,99,HU,1042,GS,,Zsira,full,,,magyar-posta-via-ferenci-tamas,,2026-04-28T06:49:01,2026-04-28T06:49:01,1
123272,9481,99,HU,1042,GS,,Pinnye,full,,,magyar-posta-via-ferenci-tamas,,2026-04-28T06:49:01,2026-04-28T06:49:01,1
123273,9482,99,HU,1042,GS,,Nagylózs,full,,,magyar-posta-via-ferenci-tamas,,2026-04-28T06:49:01,2026-04-28T06:49:01,1
123274,9483,99,HU,1042,GS,,Sopronkövesd,full,,,magyar-posta-via-ferenci-tamas,,2026-04-28T06:49:01,2026-04-28T06:49:01,1
123275,9484,99,HU,1042,GS,,Pereszteg,full,,,magyar-posta-via-ferenci-tamas,,2026-04-28T06:49:01,2026-04-28T06:49:01,1
123276,9485,99,HU,1042,GS,,Nagycenk,full,,,magyar-posta-via-ferenci-tamas,,2026-04-28T06:49:01,2026-04-28T06:49:01,1
123277,9491,99,HU,1042,GS,,Hidegség,full,,,magyar-posta-via-ferenci-tamas,,2026-04-28T06:49:01,2026-04-28T06:49:01,1
123278,9492,99,HU,1042,GS,,Fertőhomok,full,,,magyar-posta-via-ferenci-tamas,,2026-04-28T06:49:01,2026-04-28T06:49:01,1
123279,9493,99,HU,1042,GS,,Fertőboz,full,,,magyar-posta-via-ferenci-tamas,,2026-04-28T06:49:01,2026-04-28T06:49:01,1
123280,9494,99,HU,1042,GS,,"Sopron, Balf",full,,,magyar-posta-via-ferenci-tamas,,2026-04-28T06:49:01,2026-04-28T06:49:01,1
123281,9495,99,HU,1042,GS,,Kópháza,full,,,magyar-posta-via-ferenci-tamas,,2026-04-28T06:49:01,2026-04-28T06:49:01,1
123282,9500,99,HU,1039,VA,,Celldömölk,full,,,magyar-posta-via-ferenci-tamas,,2026-04-28T06:49:01,2026-04-28T06:49:01,1
123283,9511,99,HU,1039,VA,,Kemenesmihályfa,full,,,magyar-posta-via-ferenci-tamas,,2026-04-28T06:49:01,2026-04-28T06:49:01,1
123284,9512,99,HU,1039,VA,,Ostffyasszonyfa,full,,,magyar-posta-via-ferenci-tamas,,2026-04-28T06:49:01,2026-04-28T06:49:01,1
123285,9513,99,HU,1039,VA,,Csönge,full,,,magyar-posta-via-ferenci-tamas,,2026-04-28T06:49:01,2026-04-28T06:49:01,1
123286,9514,99,HU,1039,VA,,Kenyeri,full,,,magyar-posta-via-ferenci-tamas,,2026-04-28T06:49:01,2026-04-28T06:49:01,1
123287,9515,99,HU,1039,VA,,Pápoc,full,,,magyar-posta-via-ferenci-tamas,,2026-04-28T06:49:01,2026-04-28T06:49:01,1
123288,9516,99,HU,1039,VA,,Vönöck,full,,,magyar-posta-via-ferenci-tamas,,2026-04-28T06:49:01,2026-04-28T06:49:01,1
123289,9517,99,HU,1039,VA,,Kemenessömjén,full,,,magyar-posta-via-ferenci-tamas,,2026-04-28T06:49:01,2026-04-28T06:49:01,1
123290,9521,99,HU,1039,VA,,Kemenesszentmárton,full,,,magyar-posta-via-ferenci-tamas,,2026-04-28T06:49:01,2026-04-28T06:49:01,1
123291,9522,99,HU,1039,VA,,Kemenesmagasi,full,,,magyar-posta-via-ferenci-tamas,,2026-04-28T06:49:01,2026-04-28T06:49:01,1
123292,9523,99,HU,1039,VA,,Szergény,full,,,magyar-posta-via-ferenci-tamas,,2026-04-28T06:49:01,2026-04-28T06:49:01,1
123293,9531,99,HU,1039,VA,,Mersevát,full,,,magyar-posta-via-ferenci-tamas,,2026-04-28T06:49:01,2026-04-28T06:49:01,1
123294,9532,99,HU,1054,VE,,Külsővat,full,,,magyar-posta-via-ferenci-tamas,,2026-04-28T06:49:01,2026-04-28T06:49:01,1
123295,9533,99,HU,1054,VE,,Nemesszalók,full,,,magyar-posta-via-ferenci-tamas,,2026-04-28T06:49:01,2026-04-28T06:49:01,1
123296,9534,99,HU,1054,VE,,Marcalgergelyi,full,,,magyar-posta-via-ferenci-tamas,,2026-04-28T06:49:01,2026-04-28T06:49:01,1
123297,9534,99,HU,1054,VE,,Vinár,full,,,magyar-posta-via-ferenci-tamas,,2026-04-28T06:49:01,2026-04-28T06:49:01,1
123298,9541,99,HU,1039,VA,,"Celldömölk, Izsákfa",full,,,magyar-posta-via-ferenci-tamas,,2026-04-28T06:49:01,2026-04-28T06:49:01,1
123299,9542,99,HU,1039,VA,,Boba,full,,,magyar-posta-via-ferenci-tamas,,2026-04-28T06:49:01,2026-04-28T06:49:01,1
123300,9542,99,HU,1039,VA,,Nemeskocs,full,,,magyar-posta-via-ferenci-tamas,,2026-04-28T06:49:01,2026-04-28T06:49:01,1
123301,9544,99,HU,1039,VA,,Kemenespálfa,full,,,magyar-posta-via-ferenci-tamas,,2026-04-28T06:49:01,2026-04-28T06:49:01,1
123302,9545,99,HU,1039,VA,,Jánosháza,full,,,magyar-posta-via-ferenci-tamas,,2026-04-28T06:49:01,2026-04-28T06:49:01,1
123303,9547,99,HU,1039,VA,,Karakó,full,,,magyar-posta-via-ferenci-tamas,,2026-04-28T06:49:01,2026-04-28T06:49:01,1
123304,9548,99,HU,1039,VA,,Nemeskeresztúr,full,,,magyar-posta-via-ferenci-tamas,,2026-04-28T06:49:01,2026-04-28T06:49:01,1
123305,9549,99,HU,1039,VA,,Keléd,full,,,magyar-posta-via-ferenci-tamas,,2026-04-28T06:49:01,2026-04-28T06:49:01,1
123306,9551,99,HU,1039,VA,,Mesteri,full,,,magyar-posta-via-ferenci-tamas,,2026-04-28T06:49:01,2026-04-28T06:49:01,1
123307,9552,99,HU,1039,VA,,Vásárosmiske,full,,,magyar-posta-via-ferenci-tamas,,2026-04-28T06:49:01,2026-04-28T06:49:01,1
123308,9553,99,HU,1039,VA,,Kemeneskápolna,full,,,magyar-posta-via-ferenci-tamas,,2026-04-28T06:49:01,2026-04-28T06:49:01,1
123309,9553,99,HU,1039,VA,,Köcsk,full,,,magyar-posta-via-ferenci-tamas,,2026-04-28T06:49:01,2026-04-28T06:49:01,1
123310,9554,99,HU,1039,VA,,Borgáta,full,,,magyar-posta-via-ferenci-tamas,,2026-04-28T06:49:01,2026-04-28T06:49:01,1
123311,9554,99,HU,1039,VA,,Egyházashetye,full,,,magyar-posta-via-ferenci-tamas,,2026-04-28T06:49:01,2026-04-28T06:49:01,1
123312,9555,99,HU,1039,VA,,Kissomlyó,full,,,magyar-posta-via-ferenci-tamas,,2026-04-28T06:49:01,2026-04-28T06:49:01,1
123313,9556,99,HU,1039,VA,,Duka,full,,,magyar-posta-via-ferenci-tamas,,2026-04-28T06:49:01,2026-04-28T06:49:01,1
123314,9561,99,HU,1039,VA,,Nagysimonyi,full,,,magyar-posta-via-ferenci-tamas,,2026-04-28T06:49:01,2026-04-28T06:49:01,1
123315,9561,99,HU,1039,VA,,Tokorcs,full,,,magyar-posta-via-ferenci-tamas,,2026-04-28T06:49:01,2026-04-28T06:49:01,1
123316,9600,99,HU,1039,VA,,Sárvár,full,,,magyar-posta-via-ferenci-tamas,,2026-04-28T06:49:01,2026-04-28T06:49:01,1
123317,9608,99,HU,1039,VA,,"Sárvár, Rábasömjén",full,,,magyar-posta-via-ferenci-tamas,,2026-04-28T06:49:01,2026-04-28T06:49:01,1
123318,9609,99,HU,1039,VA,,"Sárvár, Lánkapuszta",full,,,magyar-posta-via-ferenci-tamas,,2026-04-28T06:49:01,2026-04-28T06:49:01,1
123319,9611,99,HU,1039,VA,,Csénye,full,,,magyar-posta-via-ferenci-tamas,,2026-04-28T06:49:01,2026-04-28T06:49:01,1
123320,9612,99,HU,1039,VA,,Bögöt,full,,,magyar-posta-via-ferenci-tamas,,2026-04-28T06:49:01,2026-04-28T06:49:01,1
123321,9612,99,HU,1039,VA,,Porpác,full,,,magyar-posta-via-ferenci-tamas,,2026-04-28T06:49:01,2026-04-28T06:49:01,1
123322,9621,99,HU,1039,VA,,Ölbő,full,,,magyar-posta-via-ferenci-tamas,,2026-04-28T06:49:01,2026-04-28T06:49:01,1
123323,9622,99,HU,1039,VA,,Szeleste,full,,,magyar-posta-via-ferenci-tamas,,2026-04-28T06:49:01,2026-04-28T06:49:01,1
123324,9623,99,HU,1039,VA,,Répceszentgyörgy,full,,,magyar-posta-via-ferenci-tamas,,2026-04-28T06:49:01,2026-04-28T06:49:01,1
123325,9624,99,HU,1039,VA,,Chernelházadamonya,full,,,magyar-posta-via-ferenci-tamas,,2026-04-28T06:49:01,2026-04-28T06:49:01,1
123326,9625,99,HU,1039,VA,,Bő,full,,,magyar-posta-via-ferenci-tamas,,2026-04-28T06:49:01,2026-04-28T06:49:01,1
123327,9625,99,HU,1039,VA,,Gór,full,,,magyar-posta-via-ferenci-tamas,,2026-04-28T06:49:01,2026-04-28T06:49:01,1
123328,9631,99,HU,1039,VA,,Hegyfalu,full,,,magyar-posta-via-ferenci-tamas,,2026-04-28T06:49:01,2026-04-28T06:49:01,1
123329,9632,99,HU,1039,VA,,Sajtoskál,full,,,magyar-posta-via-ferenci-tamas,,2026-04-28T06:49:01,2026-04-28T06:49:01,1
123330,9633,99,HU,1039,VA,,Simaság,full,,,magyar-posta-via-ferenci-tamas,,2026-04-28T06:49:01,2026-04-28T06:49:01,1
123331,9634,99,HU,1039,VA,,Iklanberény,full,,,magyar-posta-via-ferenci-tamas,,2026-04-28T06:49:01,2026-04-28T06:49:01,1
123332,9634,99,HU,1039,VA,,Lócs,full,,,magyar-posta-via-ferenci-tamas,,2026-04-28T06:49:01,2026-04-28T06:49:01,1
123333,9635,99,HU,1039,VA,,Zsédeny,full,,,magyar-posta-via-ferenci-tamas,,2026-04-28T06:49:01,2026-04-28T06:49:01,1
123334,9636,99,HU,1039,VA,,Pósfa,full,,,magyar-posta-via-ferenci-tamas,,2026-04-28T06:49:01,2026-04-28T06:49:01,1
123335,9641,99,HU,1039,VA,,Rábapaty,full,,,magyar-posta-via-ferenci-tamas,,2026-04-28T06:49:01,2026-04-28T06:49:01,1
123336,9643,99,HU,1039,VA,,Jákfa,full,,,magyar-posta-via-ferenci-tamas,,2026-04-28T06:49:01,2026-04-28T06:49:01,1
123337,9651,99,HU,1039,VA,,Uraiújfalu,full,,,magyar-posta-via-ferenci-tamas,,2026-04-28T06:49:01,2026-04-28T06:49:01,1
123338,9652,99,HU,1039,VA,,Nick,full,,,magyar-posta-via-ferenci-tamas,,2026-04-28T06:49:01,2026-04-28T06:49:01,1
123339,9653,99,HU,1039,VA,,Répcelak,full,,,magyar-posta-via-ferenci-tamas,,2026-04-28T06:49:01,2026-04-28T06:49:01,1
123340,9654,99,HU,1039,VA,,Csánig,full,,,magyar-posta-via-ferenci-tamas,,2026-04-28T06:49:01,2026-04-28T06:49:01,1
123341,9661,99,HU,1039,VA,,Vasegerszeg,full,,,magyar-posta-via-ferenci-tamas,,2026-04-28T06:49:01,2026-04-28T06:49:01,1
123342,9662,99,HU,1039,VA,,Mesterháza,full,,,magyar-posta-via-ferenci-tamas,,2026-04-28T06:49:01,2026-04-28T06:49:01,1
123343,9662,99,HU,1039,VA,,Tompaládony,full,,,magyar-posta-via-ferenci-tamas,,2026-04-28T06:49:01,2026-04-28T06:49:01,1
123344,9663,99,HU,1039,VA,,Nemesládony,full,,,magyar-posta-via-ferenci-tamas,,2026-04-28T06:49:01,2026-04-28T06:49:01,1
123345,9664,99,HU,1039,VA,,Nagygeresd,full,,,magyar-posta-via-ferenci-tamas,,2026-04-28T06:49:01,2026-04-28T06:49:01,1
123346,9665,99,HU,1039,VA,,Vámoscsalád,full,,,magyar-posta-via-ferenci-tamas,,2026-04-28T06:49:01,2026-04-28T06:49:01,1
123347,9671,99,HU,1039,VA,,Sitke,full,,,magyar-posta-via-ferenci-tamas,,2026-04-28T06:49:01,2026-04-28T06:49:01,1
123348,9672,99,HU,1039,VA,,Gérce,full,,,magyar-posta-via-ferenci-tamas,,2026-04-28T06:49:01,2026-04-28T06:49:01,1
123349,9673,99,HU,1039,VA,,Káld,full,,,magyar-posta-via-ferenci-tamas,,2026-04-28T06:49:01,2026-04-28T06:49:01,1
123350,9674,99,HU,1039,VA,,Vashosszúfalu,full,,,magyar-posta-via-ferenci-tamas,,2026-04-28T06:49:01,2026-04-28T06:49:01,1
123351,9675,99,HU,1039,VA,,Bögöte,full,,,magyar-posta-via-ferenci-tamas,,2026-04-28T06:49:01,2026-04-28T06:49:01,1
123352,9676,99,HU,1039,VA,,Hosszúpereszteg,full,,,magyar-posta-via-ferenci-tamas,,2026-04-28T06:49:01,2026-04-28T06:49:01,1
123353,9681,99,HU,1039,VA,,Sótony,full,,,magyar-posta-via-ferenci-tamas,,2026-04-28T06:49:01,2026-04-28T06:49:01,1
123354,9682,99,HU,1039,VA,,Nyőgér,full,,,magyar-posta-via-ferenci-tamas,,2026-04-28T06:49:01,2026-04-28T06:49:01,1
123355,9683,99,HU,1039,VA,,Bejcgyertyános,full,,,magyar-posta-via-ferenci-tamas,,2026-04-28T06:49:01,2026-04-28T06:49:01,1
123356,9684,99,HU,1039,VA,,Egervölgy,full,,,magyar-posta-via-ferenci-tamas,,2026-04-28T06:49:01,2026-04-28T06:49:01,1
123357,9685,99,HU,1039,VA,,Szemenye,full,,,magyar-posta-via-ferenci-tamas,,2026-04-28T06:49:01,2026-04-28T06:49:01,1
123358,9700,99,HU,1039,VA,,Szombathely,full,,,magyar-posta-via-ferenci-tamas,,2026-04-28T06:49:01,2026-04-28T06:49:01,1
123359,9707,99,HU,1039,VA,,"Szombathely, Herény",full,,,magyar-posta-via-ferenci-tamas,,2026-04-28T06:49:01,2026-04-28T06:49:01,1
123360,9721,99,HU,1039,VA,,Gencsapáti,full,,,magyar-posta-via-ferenci-tamas,,2026-04-28T06:49:01,2026-04-28T06:49:01,1
123361,9722,99,HU,1039,VA,,Perenye,full,,,magyar-posta-via-ferenci-tamas,,2026-04-28T06:49:01,2026-04-28T06:49:01,1
123362,9723,99,HU,1039,VA,,Gyöngyösfalu,full,,,magyar-posta-via-ferenci-tamas,,2026-04-28T06:49:01,2026-04-28T06:49:01,1
123363,9724,99,HU,1039,VA,,Lukácsháza,full,,,magyar-posta-via-ferenci-tamas,,2026-04-28T06:49:01,2026-04-28T06:49:01,1
123364,9725,99,HU,1039,VA,,Cák,full,,,magyar-posta-via-ferenci-tamas,,2026-04-28T06:49:01,2026-04-28T06:49:01,1
123365,9725,99,HU,1039,VA,,Kőszegdoroszló,full,,,magyar-posta-via-ferenci-tamas,,2026-04-28T06:49:01,2026-04-28T06:49:01,1
123366,9725,99,HU,1039,VA,,Kőszegszerdahely,full,,,magyar-posta-via-ferenci-tamas,,2026-04-28T06:49:01,2026-04-28T06:49:01,1
123367,9726,99,HU,1039,VA,,Velem,full,,,magyar-posta-via-ferenci-tamas,,2026-04-28T06:49:01,2026-04-28T06:49:01,1
123368,9727,99,HU,1039,VA,,Bozsok,full,,,magyar-posta-via-ferenci-tamas,,2026-04-28T06:49:01,2026-04-28T06:49:01,1
123369,9730,99,HU,1039,VA,,Kőszeg,full,,,magyar-posta-via-ferenci-tamas,,2026-04-28T06:49:01,2026-04-28T06:49:01,1
123370,9733,99,HU,1039,VA,,Horvátzsidány,full,,,magyar-posta-via-ferenci-tamas,,2026-04-28T06:49:01,2026-04-28T06:49:01,1
123371,9733,99,HU,1039,VA,,Kiszsidány,full,,,magyar-posta-via-ferenci-tamas,,2026-04-28T06:49:01,2026-04-28T06:49:01,1
123372,9733,99,HU,1039,VA,,Ólmod,full,,,magyar-posta-via-ferenci-tamas,,2026-04-28T06:49:01,2026-04-28T06:49:01,1
123373,9734,99,HU,1039,VA,,Peresznye,full,,,magyar-posta-via-ferenci-tamas,,2026-04-28T06:49:01,2026-04-28T06:49:01,1
123374,9735,99,HU,1039,VA,,Csepreg,full,,,magyar-posta-via-ferenci-tamas,,2026-04-28T06:49:01,2026-04-28T06:49:01,1
123375,9736,99,HU,1039,VA,,Tormásliget,full,,,magyar-posta-via-ferenci-tamas,,2026-04-28T06:49:01,2026-04-28T06:49:01,1
123376,9737,99,HU,1039,VA,,Bük,full,,,magyar-posta-via-ferenci-tamas,,2026-04-28T06:49:01,2026-04-28T06:49:01,1
123377,9738,99,HU,1039,VA,,Tömörd,full,,,magyar-posta-via-ferenci-tamas,,2026-04-28T06:49:01,2026-04-28T06:49:01,1
123378,9739,99,HU,1039,VA,,Kőszegpaty,full,,,magyar-posta-via-ferenci-tamas,,2026-04-28T06:49:01,2026-04-28T06:49:01,1
123379,9739,99,HU,1039,VA,,Nemescsó,full,,,magyar-posta-via-ferenci-tamas,,2026-04-28T06:49:01,2026-04-28T06:49:01,1
123380,9739,99,HU,1039,VA,,Pusztacsó,full,,,magyar-posta-via-ferenci-tamas,,2026-04-28T06:49:01,2026-04-28T06:49:01,1
123381,9740,99,HU,1039,VA,,"Bük, Bükfürdő",full,,,magyar-posta-via-ferenci-tamas,,2026-04-28T06:49:01,2026-04-28T06:49:01,1
123382,9741,99,HU,1039,VA,,Vassurány,full,,,magyar-posta-via-ferenci-tamas,,2026-04-28T06:49:01,2026-04-28T06:49:01,1
123383,9742,99,HU,1039,VA,,Salköveskút,full,,,magyar-posta-via-ferenci-tamas,,2026-04-28T06:49:01,2026-04-28T06:49:01,1
123384,9743,99,HU,1039,VA,,Söpte,full,,,magyar-posta-via-ferenci-tamas,,2026-04-28T06:49:01,2026-04-28T06:49:01,1
123385,9744,99,HU,1039,VA,,Vasasszonyfa,full,,,magyar-posta-via-ferenci-tamas,,2026-04-28T06:49:01,2026-04-28T06:49:01,1
123386,9745,99,HU,1039,VA,,Meszlen,full,,,magyar-posta-via-ferenci-tamas,,2026-04-28T06:49:01,2026-04-28T06:49:01,1
123387,9746,99,HU,1039,VA,,Acsád,full,,,magyar-posta-via-ferenci-tamas,,2026-04-28T06:49:01,2026-04-28T06:49:01,1
123388,9747,99,HU,1039,VA,,Vasszilvágy,full,,,magyar-posta-via-ferenci-tamas,,2026-04-28T06:49:01,2026-04-28T06:49:01,1
123389,9748,99,HU,1039,VA,,Vát,full,,,magyar-posta-via-ferenci-tamas,,2026-04-28T06:49:01,2026-04-28T06:49:01,1
123390,9749,99,HU,1039,VA,,Nemesbőd,full,,,magyar-posta-via-ferenci-tamas,,2026-04-28T06:49:01,2026-04-28T06:49:01,1
123391,9751,99,HU,1039,VA,,Vép,full,,,magyar-posta-via-ferenci-tamas,,2026-04-28T06:49:01,2026-04-28T06:49:01,1
123392,9752,99,HU,1039,VA,,Bozzai,full,,,magyar-posta-via-ferenci-tamas,,2026-04-28T06:49:01,2026-04-28T06:49:01,1
123393,9752,99,HU,1039,VA,,Kenéz,full,,,magyar-posta-via-ferenci-tamas,,2026-04-28T06:49:01,2026-04-28T06:49:01,1
123394,9754,99,HU,1039,VA,,Megyehíd,full,,,magyar-posta-via-ferenci-tamas,,2026-04-28T06:49:01,2026-04-28T06:49:01,1
123395,9754,99,HU,1039,VA,,Pecöl,full,,,magyar-posta-via-ferenci-tamas,,2026-04-28T06:49:01,2026-04-28T06:49:01,1
123396,9756,99,HU,1039,VA,,Ikervár,full,,,magyar-posta-via-ferenci-tamas,,2026-04-28T06:49:01,2026-04-28T06:49:01,1
123397,9757,99,HU,1039,VA,,Meggyeskovácsi,full,,,magyar-posta-via-ferenci-tamas,,2026-04-28T06:49:01,2026-04-28T06:49:01,1
123398,9761,99,HU,1039,VA,,Táplánszentkereszt,full,,,magyar-posta-via-ferenci-tamas,,2026-04-28T06:49:01,2026-04-28T06:49:01,1
123399,9762,99,HU,1039,VA,,Tanakajd,full,,,magyar-posta-via-ferenci-tamas,,2026-04-28T06:49:01,2026-04-28T06:49:01,1
123400,9763,99,HU,1039,VA,,Vasszécseny,full,,,magyar-posta-via-ferenci-tamas,,2026-04-28T06:49:01,2026-04-28T06:49:01,1
123401,9764,99,HU,1039,VA,,Csempeszkopács,full,,,magyar-posta-via-ferenci-tamas,,2026-04-28T06:49:01,2026-04-28T06:49:01,1
123402,9764,99,HU,1039,VA,,"Meggyeskovácsi, Ilonapuszta",full,,,magyar-posta-via-ferenci-tamas,,2026-04-28T06:49:01,2026-04-28T06:49:01,1
123403,9766,99,HU,1039,VA,,Rum,full,,,magyar-posta-via-ferenci-tamas,,2026-04-28T06:49:01,2026-04-28T06:49:01,1
123404,9766,99,HU,1039,VA,,Rábatöttös,full,,,magyar-posta-via-ferenci-tamas,,2026-04-28T06:49:01,2026-04-28T06:49:01,1
123405,9766,99,HU,1039,VA,,Zsennye,full,,,magyar-posta-via-ferenci-tamas,,2026-04-28T06:49:01,2026-04-28T06:49:01,1
123406,9771,99,HU,1039,VA,,Balogunyom,full,,,magyar-posta-via-ferenci-tamas,,2026-04-28T06:49:01,2026-04-28T06:49:01,1
123407,9772,99,HU,1039,VA,,Kisunyom,full,,,magyar-posta-via-ferenci-tamas,,2026-04-28T06:49:01,2026-04-28T06:49:01,1
123408,9773,99,HU,1039,VA,,Sorokpolány,full,,,magyar-posta-via-ferenci-tamas,,2026-04-28T06:49:01,2026-04-28T06:49:01,1
123409,9774,99,HU,1039,VA,,Gyanógeregye,full,,,magyar-posta-via-ferenci-tamas,,2026-04-28T06:49:01,2026-04-28T06:49:01,1
123410,9774,99,HU,1039,VA,,Sorkifalud,full,,,magyar-posta-via-ferenci-tamas,,2026-04-28T06:49:01,2026-04-28T06:49:01,1
123411,9774,99,HU,1039,VA,,Sorkikápolna,full,,,magyar-posta-via-ferenci-tamas,,2026-04-28T06:49:01,2026-04-28T06:49:01,1
123412,9775,99,HU,1039,VA,,Nemeskolta,full,,,magyar-posta-via-ferenci-tamas,,2026-04-28T06:49:01,2026-04-28T06:49:01,1
123413,9776,99,HU,1039,VA,,Püspökmolnári,full,,,magyar-posta-via-ferenci-tamas,,2026-04-28T06:49:01,2026-04-28T06:49:01,1
123414,9777,99,HU,1039,VA,,Rábahídvég,full,,,magyar-posta-via-ferenci-tamas,,2026-04-28T06:49:01,2026-04-28T06:49:01,1
123415,9781,99,HU,1039,VA,,Egyházashollós,full,,,magyar-posta-via-ferenci-tamas,,2026-04-28T06:49:01,2026-04-28T06:49:01,1
123416,9782,99,HU,1039,VA,,Nemesrempehollós,full,,,magyar-posta-via-ferenci-tamas,,2026-04-28T06:49:01,2026-04-28T06:49:01,1
123417,9783,99,HU,1039,VA,,Egyházasrádóc,full,,,magyar-posta-via-ferenci-tamas,,2026-04-28T06:49:01,2026-04-28T06:49:01,1
123418,9784,99,HU,1039,VA,,Harasztifalu,full,,,magyar-posta-via-ferenci-tamas,,2026-04-28T06:49:01,2026-04-28T06:49:01,1
123419,9784,99,HU,1039,VA,,Nagykölked,full,,,magyar-posta-via-ferenci-tamas,,2026-04-28T06:49:01,2026-04-28T06:49:01,1
123420,9784,99,HU,1039,VA,,Rádóckölked,full,,,magyar-posta-via-ferenci-tamas,,2026-04-28T06:49:01,2026-04-28T06:49:01,1
123421,9789,99,HU,1039,VA,,Sé,full,,,magyar-posta-via-ferenci-tamas,,2026-04-28T06:49:01,2026-04-28T06:49:01,1
123422,9791,99,HU,1039,VA,,Dozmat,full,,,magyar-posta-via-ferenci-tamas,,2026-04-28T06:49:01,2026-04-28T06:49:01,1
123423,9791,99,HU,1039,VA,,Torony,full,,,magyar-posta-via-ferenci-tamas,,2026-04-28T06:49:01,2026-04-28T06:49:01,1
123424,9792,99,HU,1039,VA,,Bucsu,full,,,magyar-posta-via-ferenci-tamas,,2026-04-28T06:49:01,2026-04-28T06:49:01,1
123425,9793,99,HU,1039,VA,,Narda,full,,,magyar-posta-via-ferenci-tamas,,2026-04-28T06:49:01,2026-04-28T06:49:01,1
123426,9794,99,HU,1039,VA,,Felsőcsatár,full,,,magyar-posta-via-ferenci-tamas,,2026-04-28T06:49:01,2026-04-28T06:49:01,1
123427,9795,99,HU,1039,VA,,Vaskeresztes,full,,,magyar-posta-via-ferenci-tamas,,2026-04-28T06:49:01,2026-04-28T06:49:01,1
123428,9796,99,HU,1039,VA,,Horvátlövő,full,,,magyar-posta-via-ferenci-tamas,,2026-04-28T06:49:01,2026-04-28T06:49:01,1
123429,9796,99,HU,1039,VA,,Pornóapáti,full,,,magyar-posta-via-ferenci-tamas,,2026-04-28T06:49:01,2026-04-28T06:49:01,1
123430,9797,99,HU,1039,VA,,Nárai,full,,,magyar-posta-via-ferenci-tamas,,2026-04-28T06:49:01,2026-04-28T06:49:01,1
123431,9798,99,HU,1039,VA,,Ják,full,,,magyar-posta-via-ferenci-tamas,,2026-04-28T06:49:01,2026-04-28T06:49:01,1
123432,9799,99,HU,1039,VA,,Szentpéterfa,full,,,magyar-posta-via-ferenci-tamas,,2026-04-28T06:49:01,2026-04-28T06:49:01,1
123433,9800,99,HU,1039,VA,,Vasvár,full,,,magyar-posta-via-ferenci-tamas,,2026-04-28T06:49:01,2026-04-28T06:49:01,1
123434,9811,99,HU,1039,VA,,Andrásfa,full,,,magyar-posta-via-ferenci-tamas,,2026-04-28T06:49:01,2026-04-28T06:49:01,1
123435,9812,99,HU,1039,VA,,Telekes,full,,,magyar-posta-via-ferenci-tamas,,2026-04-28T06:49:01,2026-04-28T06:49:01,1
123436,9813,99,HU,1039,VA,,Gersekarát,full,,,magyar-posta-via-ferenci-tamas,,2026-04-28T06:49:01,2026-04-28T06:49:01,1
123437,9813,99,HU,1039,VA,,Sárfimizdó,full,,,magyar-posta-via-ferenci-tamas,,2026-04-28T06:49:01,2026-04-28T06:49:01,1
123438,9814,99,HU,1039,VA,,Halastó,full,,,magyar-posta-via-ferenci-tamas,,2026-04-28T06:49:01,2026-04-28T06:49:01,1
123439,9821,99,HU,1039,VA,,Győrvár,full,,,magyar-posta-via-ferenci-tamas,,2026-04-28T06:49:01,2026-04-28T06:49:01,1
123440,9821,99,HU,1039,VA,,Hegyhátszentpéter,full,,,magyar-posta-via-ferenci-tamas,,2026-04-28T06:49:01,2026-04-28T06:49:01,1
123441,9823,99,HU,1039,VA,,Pácsony,full,,,magyar-posta-via-ferenci-tamas,,2026-04-28T06:49:01,2026-04-28T06:49:01,1
123442,9824,99,HU,1039,VA,,Olaszfa,full,,,magyar-posta-via-ferenci-tamas,,2026-04-28T06:49:01,2026-04-28T06:49:01,1
123443,9825,99,HU,1039,VA,,Oszkó,full,,,magyar-posta-via-ferenci-tamas,,2026-04-28T06:49:01,2026-04-28T06:49:01,1
123444,9826,99,HU,1039,VA,,Petőmihályfa,full,,,magyar-posta-via-ferenci-tamas,,2026-04-28T06:49:01,2026-04-28T06:49:01,1
123445,9831,99,HU,1039,VA,,Bérbaltavár,full,,,magyar-posta-via-ferenci-tamas,,2026-04-28T06:49:01,2026-04-28T06:49:01,1
123446,9832,99,HU,1039,VA,,Nagytilaj,full,,,magyar-posta-via-ferenci-tamas,,2026-04-28T06:49:01,2026-04-28T06:49:01,1
123447,9833,99,HU,1039,VA,,Csehi,full,,,magyar-posta-via-ferenci-tamas,,2026-04-28T06:49:01,2026-04-28T06:49:01,1
123448,9834,99,HU,1039,VA,,Csehimindszent,full,,,magyar-posta-via-ferenci-tamas,,2026-04-28T06:49:01,2026-04-28T06:49:01,1
123449,9835,99,HU,1039,VA,,Mikosszéplak,full,,,magyar-posta-via-ferenci-tamas,,2026-04-28T06:49:01,2026-04-28T06:49:01,1
123450,9836,99,HU,1039,VA,,Csipkerek,full,,,magyar-posta-via-ferenci-tamas,,2026-04-28T06:49:01,2026-04-28T06:49:01,1
123451,9841,99,HU,1039,VA,,Kám,full,,,magyar-posta-via-ferenci-tamas,,2026-04-28T06:49:01,2026-04-28T06:49:01,1
123452,9842,99,HU,1039,VA,,Alsóújlak,full,,,magyar-posta-via-ferenci-tamas,,2026-04-28T06:49:01,2026-04-28T06:49:01,1
123453,9900,99,HU,1039,VA,,Körmend,full,,,magyar-posta-via-ferenci-tamas,,2026-04-28T06:49:01,2026-04-28T06:49:01,1
123454,9909,99,HU,1039,VA,,"Körmend, Horvátnádalja",full,,,magyar-posta-via-ferenci-tamas,,2026-04-28T06:49:01,2026-04-28T06:49:01,1
123455,9909,99,HU,1039,VA,,Magyarnádalja,full,,,magyar-posta-via-ferenci-tamas,,2026-04-28T06:49:01,2026-04-28T06:49:01,1
123456,9912,99,HU,1039,VA,,Magyarszecsőd,full,,,magyar-posta-via-ferenci-tamas,,2026-04-28T06:49:01,2026-04-28T06:49:01,1
123457,9912,99,HU,1039,VA,,Molnaszecsőd,full,,,magyar-posta-via-ferenci-tamas,,2026-04-28T06:49:01,2026-04-28T06:49:01,1
123458,9913,99,HU,1039,VA,,Döröske,full,,,magyar-posta-via-ferenci-tamas,,2026-04-28T06:49:01,2026-04-28T06:49:01,1
123459,9913,99,HU,1039,VA,,Nagymizdó,full,,,magyar-posta-via-ferenci-tamas,,2026-04-28T06:49:01,2026-04-28T06:49:01,1
123460,9913,99,HU,1039,VA,,Szarvaskend,full,,,magyar-posta-via-ferenci-tamas,,2026-04-28T06:49:01,2026-04-28T06:49:01,1
123461,9914,99,HU,1039,VA,,Döbörhegy,full,,,magyar-posta-via-ferenci-tamas,,2026-04-28T06:49:01,2026-04-28T06:49:01,1
123462,9915,99,HU,1039,VA,,Hegyháthodász,full,,,magyar-posta-via-ferenci-tamas,,2026-04-28T06:49:01,2026-04-28T06:49:01,1
123463,9915,99,HU,1039,VA,,Hegyhátsál,full,,,magyar-posta-via-ferenci-tamas,,2026-04-28T06:49:01,2026-04-28T06:49:01,1
123464,9915,99,HU,1039,VA,,Katafa,full,,,magyar-posta-via-ferenci-tamas,,2026-04-28T06:49:01,2026-04-28T06:49:01,1
123465,9915,99,HU,1039,VA,,Nádasd,full,,,magyar-posta-via-ferenci-tamas,,2026-04-28T06:49:01,2026-04-28T06:49:01,1
123466,9917,99,HU,1039,VA,,Daraboshegy,full,,,magyar-posta-via-ferenci-tamas,,2026-04-28T06:49:01,2026-04-28T06:49:01,1
123467,9917,99,HU,1039,VA,,Halogy,full,,,magyar-posta-via-ferenci-tamas,,2026-04-28T06:49:01,2026-04-28T06:49:01,1
123468,9918,99,HU,1039,VA,,Felsőmarác,full,,,magyar-posta-via-ferenci-tamas,,2026-04-28T06:49:01,2026-04-28T06:49:01,1
123469,9919,99,HU,1039,VA,,Csákánydoroszló,full,,,magyar-posta-via-ferenci-tamas,,2026-04-28T06:49:01,2026-04-28T06:49:01,1
123470,9921,99,HU,1039,VA,,Vasalja,full,,,magyar-posta-via-ferenci-tamas,,2026-04-28T06:49:01,2026-04-28T06:49:01,1
123471,9922,99,HU,1039,VA,,Pinkamindszent,full,,,magyar-posta-via-ferenci-tamas,,2026-04-28T06:49:01,2026-04-28T06:49:01,1
123472,9923,99,HU,1039,VA,,Kemestaródfa,full,,,magyar-posta-via-ferenci-tamas,,2026-04-28T06:49:01,2026-04-28T06:49:01,1
123473,9931,99,HU,1039,VA,,Hegyhátszentmárton,full,,,magyar-posta-via-ferenci-tamas,,2026-04-28T06:49:01,2026-04-28T06:49:01,1
123474,9931,99,HU,1039,VA,,Ivánc,full,,,magyar-posta-via-ferenci-tamas,,2026-04-28T06:49:01,2026-04-28T06:49:01,1
123475,9932,99,HU,1039,VA,,Viszák,full,,,magyar-posta-via-ferenci-tamas,,2026-04-28T06:49:01,2026-04-28T06:49:01,1
123476,9933,99,HU,1039,VA,,Őrimagyarósd,full,,,magyar-posta-via-ferenci-tamas,,2026-04-28T06:49:01,2026-04-28T06:49:01,1
123477,9934,99,HU,1039,VA,,Felsőjánosfa,full,,,magyar-posta-via-ferenci-tamas,,2026-04-28T06:49:01,2026-04-28T06:49:01,1
123478,9934,99,HU,1039,VA,,Hegyhátszentjakab,full,,,magyar-posta-via-ferenci-tamas,,2026-04-28T06:49:01,2026-04-28T06:49:01,1
123479,9934,99,HU,1039,VA,,Szaknyér,full,,,magyar-posta-via-ferenci-tamas,,2026-04-28T06:49:01,2026-04-28T06:49:01,1
123480,9935,99,HU,1039,VA,,Szőce,full,,,magyar-posta-via-ferenci-tamas,,2026-04-28T06:49:01,2026-04-28T06:49:01,1
123481,9936,99,HU,1039,VA,,Kisrákos,full,,,magyar-posta-via-ferenci-tamas,,2026-04-28T06:49:01,2026-04-28T06:49:01,1
123482,9937,99,HU,1039,VA,,Pankasz,full,,,magyar-posta-via-ferenci-tamas,,2026-04-28T06:49:01,2026-04-28T06:49:01,1
123483,9938,99,HU,1039,VA,,Nagyrákos,full,,,magyar-posta-via-ferenci-tamas,,2026-04-28T06:49:01,2026-04-28T06:49:01,1
123484,9938,99,HU,1039,VA,,Szatta,full,,,magyar-posta-via-ferenci-tamas,,2026-04-28T06:49:01,2026-04-28T06:49:01,1
123485,9941,99,HU,1039,VA,,Ispánk,full,,,magyar-posta-via-ferenci-tamas,,2026-04-28T06:49:01,2026-04-28T06:49:01,1
123486,9941,99,HU,1039,VA,,Őriszentpéter,full,,,magyar-posta-via-ferenci-tamas,,2026-04-28T06:49:01,2026-04-28T06:49:01,1
123487,9942,99,HU,1039,VA,,Szalafő,full,,,magyar-posta-via-ferenci-tamas,,2026-04-28T06:49:01,2026-04-28T06:49:01,1
123488,9943,99,HU,1039,VA,,Kondorfa,full,,,magyar-posta-via-ferenci-tamas,,2026-04-28T06:49:01,2026-04-28T06:49:01,1
123489,9944,99,HU,1039,VA,,Bajánsenye,full,,,magyar-posta-via-ferenci-tamas,,2026-04-28T06:49:01,2026-04-28T06:49:01,1
123490,9944,99,HU,1039,VA,,Kerkáskápolna,full,,,magyar-posta-via-ferenci-tamas,,2026-04-28T06:49:01,2026-04-28T06:49:01,1
123491,9945,99,HU,1039,VA,,Kercaszomor,full,,,magyar-posta-via-ferenci-tamas,,2026-04-28T06:49:01,2026-04-28T06:49:01,1
123492,9946,99,HU,1039,VA,,Magyarszombatfa,full,,,magyar-posta-via-ferenci-tamas,,2026-04-28T06:49:01,2026-04-28T06:49:01,1
123493,9946,99,HU,1039,VA,,Velemér,full,,,magyar-posta-via-ferenci-tamas,,2026-04-28T06:49:01,2026-04-28T06:49:01,1
123494,9951,99,HU,1039,VA,,Rátót,full,,,magyar-posta-via-ferenci-tamas,,2026-04-28T06:49:01,2026-04-28T06:49:01,1
123495,9952,99,HU,1039,VA,,Gasztony,full,,,magyar-posta-via-ferenci-tamas,,2026-04-28T06:49:01,2026-04-28T06:49:01,1
123496,9953,99,HU,1039,VA,,Nemesmedves,full,,,magyar-posta-via-ferenci-tamas,,2026-04-28T06:49:01,2026-04-28T06:49:01,1
123497,9953,99,HU,1039,VA,,Vasszentmihály,full,,,magyar-posta-via-ferenci-tamas,,2026-04-28T06:49:01,2026-04-28T06:49:01,1
123498,9954,99,HU,1039,VA,,Rönök,full,,,magyar-posta-via-ferenci-tamas,,2026-04-28T06:49:01,2026-04-28T06:49:01,1
123499,9955,99,HU,1039,VA,,"Szentgotthárd, Rábafüzes",full,,,magyar-posta-via-ferenci-tamas,,2026-04-28T06:49:01,2026-04-28T06:49:01,1
123500,9961,99,HU,1039,VA,,Rábagyarmat,full,,,magyar-posta-via-ferenci-tamas,,2026-04-28T06:49:01,2026-04-28T06:49:01,1
123501,9962,99,HU,1039,VA,,Csörötnek,full,,,magyar-posta-via-ferenci-tamas,,2026-04-28T06:49:01,2026-04-28T06:49:01,1
123502,9962,99,HU,1039,VA,,Magyarlak,full,,,magyar-posta-via-ferenci-tamas,,2026-04-28T06:49:01,2026-04-28T06:49:01,1
123503,9970,99,HU,1039,VA,,Szentgotthárd,full,,,magyar-posta-via-ferenci-tamas,,2026-04-28T06:49:01,2026-04-28T06:49:01,1
123504,9981,99,HU,1039,VA,,"Szentgotthárd, Farkasfa",full,,,magyar-posta-via-ferenci-tamas,,2026-04-28T06:49:01,2026-04-28T06:49:01,1
123505,9982,99,HU,1039,VA,,Apátistvánfalva,full,,,magyar-posta-via-ferenci-tamas,,2026-04-28T06:49:01,2026-04-28T06:49:01,1
123506,9982,99,HU,1039,VA,,Kétvölgy,full,,,magyar-posta-via-ferenci-tamas,,2026-04-28T06:49:01,2026-04-28T06:49:01,1
123507,9982,99,HU,1039,VA,,Orfalu,full,,,magyar-posta-via-ferenci-tamas,,2026-04-28T06:49:01,2026-04-28T06:49:01,1
123508,9983,99,HU,1039,VA,,Alsószölnök,full,,,magyar-posta-via-ferenci-tamas,,2026-04-28T06:49:01,2026-04-28T06:49:01,1
123509,9983,99,HU,1039,VA,,Szakonyfalu,full,,,magyar-posta-via-ferenci-tamas,,2026-04-28T06:49:01,2026-04-28T06:49:01,1
123510,9985,99,HU,1039,VA,,Felsőszölnök,full,,,magyar-posta-via-ferenci-tamas,,2026-04-28T06:49:01,2026-04-28T06:49:01,1
