id,code,country_id,country_code,state_id,state_code,city_id,locality_name,type,latitude,longitude,source,wikiDataId,created_at,updated_at,flag
302735,11000,146,MN,5453,001,,Ulaanbaatar,full,,,mongol-shuudan-via-bekkaze,,2026-04-28T06:49:08,2026-04-28T06:49:08,1
302736,12000,146,MN,5453,001,,Baganuur,full,,,mongol-shuudan-via-bekkaze,,2026-04-28T06:49:08,2026-04-28T06:49:08,1
302737,12001,146,MN,5453,001,,Хэрлэн голын хөвөө-1,full,,,mongol-shuudan-via-bekkaze,,2026-04-28T06:49:08,2026-04-28T06:49:08,1
302738,12002,146,MN,5453,001,,Улаан эрэг,full,,,mongol-shuudan-via-bekkaze,,2026-04-28T06:49:08,2026-04-28T06:49:08,1
302739,12003,146,MN,5453,001,,Нарийн нуур,full,,,mongol-shuudan-via-bekkaze,,2026-04-28T06:49:08,2026-04-28T06:49:08,1
302740,12004,146,MN,5453,001,,Нугийн тал,full,,,mongol-shuudan-via-bekkaze,,2026-04-28T06:49:08,2026-04-28T06:49:08,1
302741,12005,146,MN,5453,001,,Тариан булаг-1,full,,,mongol-shuudan-via-bekkaze,,2026-04-28T06:49:08,2026-04-28T06:49:08,1
302742,12006,146,MN,5453,001,,Тариан булаг-2,full,,,mongol-shuudan-via-bekkaze,,2026-04-28T06:49:08,2026-04-28T06:49:08,1
302743,12007,146,MN,5453,001,,Хэрлэн голын хөвөө-2,full,,,mongol-shuudan-via-bekkaze,,2026-04-28T06:49:08,2026-04-28T06:49:08,1
302744,12008,146,MN,5453,001,,Хүрмэнтийн хөндий,full,,,mongol-shuudan-via-bekkaze,,2026-04-28T06:49:08,2026-04-28T06:49:08,1
302745,12009,146,MN,5453,001,,Дунд байдлаг,full,,,mongol-shuudan-via-bekkaze,,2026-04-28T06:49:08,2026-04-28T06:49:08,1
302746,12010,146,MN,5453,001,,Талын толгой,full,,,mongol-shuudan-via-bekkaze,,2026-04-28T06:49:08,2026-04-28T06:49:08,1
302747,12020,146,MN,5453,001,,Тогос уул,full,,,mongol-shuudan-via-bekkaze,,2026-04-28T06:49:08,2026-04-28T06:49:08,1
302748,12030,146,MN,5453,001,,Их гүн,full,,,mongol-shuudan-via-bekkaze,,2026-04-28T06:49:08,2026-04-28T06:49:08,1
302749,12040,146,MN,5453,001,,Хэрлэн,full,,,mongol-shuudan-via-bekkaze,,2026-04-28T06:49:08,2026-04-28T06:49:08,1
302750,12050,146,MN,5453,001,,Бага гүн,full,,,mongol-shuudan-via-bekkaze,,2026-04-28T06:49:08,2026-04-28T06:49:08,1
302751,12060,146,MN,5453,001,,Байдлаг,full,,,mongol-shuudan-via-bekkaze,,2026-04-28T06:49:08,2026-04-28T06:49:08,1
302752,12070,146,MN,5453,001,,Нарийн,full,,,mongol-shuudan-via-bekkaze,,2026-04-28T06:49:08,2026-04-28T06:49:08,1
302753,12080,146,MN,5453,001,,Рашаант,full,,,mongol-shuudan-via-bekkaze,,2026-04-28T06:49:08,2026-04-28T06:49:08,1
302754,12090,146,MN,5453,001,,Наран хороолол-1,full,,,mongol-shuudan-via-bekkaze,,2026-04-28T06:49:08,2026-04-28T06:49:08,1
302755,12091,146,MN,5453,001,,Наран хороолол-2,full,,,mongol-shuudan-via-bekkaze,,2026-04-28T06:49:08,2026-04-28T06:49:08,1
302756,12100,146,MN,5453,001,,Залуус хэсэг,full,,,mongol-shuudan-via-bekkaze,,2026-04-28T06:49:08,2026-04-28T06:49:08,1
302757,12110,146,MN,5453,001,,Хилчин,full,,,mongol-shuudan-via-bekkaze,,2026-04-28T06:49:08,2026-04-28T06:49:08,1
302758,12120,146,MN,5453,001,,Жаргалант,full,,,mongol-shuudan-via-bekkaze,,2026-04-28T06:49:08,2026-04-28T06:49:08,1
302759,12130,146,MN,5453,001,,Сургалтын задгай,full,,,mongol-shuudan-via-bekkaze,,2026-04-28T06:49:08,2026-04-28T06:49:08,1
302760,12140,146,MN,5453,001,,Хуцаа,full,,,mongol-shuudan-via-bekkaze,,2026-04-28T06:49:08,2026-04-28T06:49:08,1
302761,12150,146,MN,5453,001,,Үйлдвэрийн хэсэг-2,full,,,mongol-shuudan-via-bekkaze,,2026-04-28T06:49:08,2026-04-28T06:49:08,1
302762,12151,146,MN,5453,001,,Үйлдвэрийн хэсэг-3,full,,,mongol-shuudan-via-bekkaze,,2026-04-28T06:49:08,2026-04-28T06:49:08,1
302763,12160,146,MN,5453,001,,Замчин,full,,,mongol-shuudan-via-bekkaze,,2026-04-28T06:49:08,2026-04-28T06:49:08,1
302764,12170,146,MN,5453,001,,Үйлдвэрийн хэсэг-1,full,,,mongol-shuudan-via-bekkaze,,2026-04-28T06:49:08,2026-04-28T06:49:08,1
302765,12171,146,MN,5453,001,,Нүүрэнтэйн хөндий,full,,,mongol-shuudan-via-bekkaze,,2026-04-28T06:49:08,2026-04-28T06:49:08,1
302766,12200,146,MN,5453,001,,Улаан ухаа,full,,,mongol-shuudan-via-bekkaze,,2026-04-28T06:49:08,2026-04-28T06:49:08,1
302767,12210,146,MN,5453,001,,Нуур хороолол,full,,,mongol-shuudan-via-bekkaze,,2026-04-28T06:49:08,2026-04-28T06:49:08,1
302768,12211,146,MN,5453,001,,Суурьшилгүй бүс,full,,,mongol-shuudan-via-bekkaze,,2026-04-28T06:49:08,2026-04-28T06:49:08,1
302769,12212,146,MN,5453,001,,Суурьшилгүй бүс,full,,,mongol-shuudan-via-bekkaze,,2026-04-28T06:49:08,2026-04-28T06:49:08,1
302770,12213,146,MN,5453,001,,Булагтай,full,,,mongol-shuudan-via-bekkaze,,2026-04-28T06:49:08,2026-04-28T06:49:08,1
302771,12300,146,MN,5453,001,,Bagakhangai,full,,,mongol-shuudan-via-bekkaze,,2026-04-28T06:49:08,2026-04-28T06:49:08,1
302772,12301,146,MN,5453,001,,Хангайн хөндий,full,,,mongol-shuudan-via-bekkaze,,2026-04-28T06:49:08,2026-04-28T06:49:08,1
302773,12302,146,MN,5453,001,,Суурьшилгүй бүс,full,,,mongol-shuudan-via-bekkaze,,2026-04-28T06:49:08,2026-04-28T06:49:08,1
302774,12305,146,MN,5453,001,,Суурьшилгүй бүс,full,,,mongol-shuudan-via-bekkaze,,2026-04-28T06:49:08,2026-04-28T06:49:08,1
302775,12310,146,MN,5453,001,,Єртєєний хэсэг,full,,,mongol-shuudan-via-bekkaze,,2026-04-28T06:49:08,2026-04-28T06:49:08,1
302776,12311,146,MN,5453,001,,Бор үзүүр,full,,,mongol-shuudan-via-bekkaze,,2026-04-28T06:49:08,2026-04-28T06:49:08,1
302777,12312,146,MN,5453,001,,Нуур,full,,,mongol-shuudan-via-bekkaze,,2026-04-28T06:49:08,2026-04-28T06:49:08,1
302778,12313,146,MN,5453,001,,Цайдам,full,,,mongol-shuudan-via-bekkaze,,2026-04-28T06:49:08,2026-04-28T06:49:08,1
302779,12314,146,MN,5453,001,,Замчин,full,,,mongol-shuudan-via-bekkaze,,2026-04-28T06:49:08,2026-04-28T06:49:08,1
302780,12320,146,MN,5453,001,,Аеродромын хэсэг,full,,,mongol-shuudan-via-bekkaze,,2026-04-28T06:49:08,2026-04-28T06:49:08,1
302781,12330,146,MN,5453,001,,Єндєртолгой,full,,,mongol-shuudan-via-bekkaze,,2026-04-28T06:49:08,2026-04-28T06:49:08,1
302782,12340,146,MN,5453,001,,Үйлдвэрийн хэсэг,full,,,mongol-shuudan-via-bekkaze,,2026-04-28T06:49:08,2026-04-28T06:49:08,1
302783,12350,146,MN,5453,001,,Алтгана,full,,,mongol-shuudan-via-bekkaze,,2026-04-28T06:49:08,2026-04-28T06:49:08,1
302784,12360,146,MN,5453,001,,Үнэгтэй,full,,,mongol-shuudan-via-bekkaze,,2026-04-28T06:49:08,2026-04-28T06:49:08,1
302785,12591,146,MN,5453,001,,Өндөр улаан,full,,,mongol-shuudan-via-bekkaze,,2026-04-28T06:49:08,2026-04-28T06:49:08,1
302786,12592,146,MN,5453,001,,Баян давааны энгэр,full,,,mongol-shuudan-via-bekkaze,,2026-04-28T06:49:08,2026-04-28T06:49:08,1
302787,12593,146,MN,5453,001,,Цонжин болдог,full,,,mongol-shuudan-via-bekkaze,,2026-04-28T06:49:08,2026-04-28T06:49:08,1
302788,12594,146,MN,5453,001,,Тулгат гацаа,full,,,mongol-shuudan-via-bekkaze,,2026-04-28T06:49:08,2026-04-28T06:49:08,1
302789,12595,146,MN,5453,001,,Агуйт,full,,,mongol-shuudan-via-bekkaze,,2026-04-28T06:49:08,2026-04-28T06:49:08,1
302790,12596,146,MN,5453,001,,100 мод,full,,,mongol-shuudan-via-bekkaze,,2026-04-28T06:49:08,2026-04-28T06:49:08,1
302791,12597,146,MN,5453,001,,Цагаан овоо,full,,,mongol-shuudan-via-bekkaze,,2026-04-28T06:49:08,2026-04-28T06:49:08,1
302792,12598,146,MN,5453,001,,Ёлын ам,full,,,mongol-shuudan-via-bekkaze,,2026-04-28T06:49:08,2026-04-28T06:49:08,1
302793,12599,146,MN,5453,001,,Элстэй,full,,,mongol-shuudan-via-bekkaze,,2026-04-28T06:49:08,2026-04-28T06:49:08,1
302794,12600,146,MN,5453,001,,Nalaikh,full,,,mongol-shuudan-via-bekkaze,,2026-04-28T06:49:08,2026-04-28T06:49:08,1
302795,12601,146,MN,5453,001,,Тэрэлжийн бага ёл,full,,,mongol-shuudan-via-bekkaze,,2026-04-28T06:49:08,2026-04-28T06:49:08,1
302796,12602,146,MN,5453,001,,Гандан ам,full,,,mongol-shuudan-via-bekkaze,,2026-04-28T06:49:08,2026-04-28T06:49:08,1
302797,12603,146,MN,5453,001,,Гялаан мөс,full,,,mongol-shuudan-via-bekkaze,,2026-04-28T06:49:08,2026-04-28T06:49:08,1
302798,12604,146,MN,5453,001,,Онгоцотын ам,full,,,mongol-shuudan-via-bekkaze,,2026-04-28T06:49:08,2026-04-28T06:49:08,1
302799,12605,146,MN,5453,001,,Дугуй бургастай,full,,,mongol-shuudan-via-bekkaze,,2026-04-28T06:49:08,2026-04-28T06:49:08,1
302800,12606,146,MN,5453,001,,Элст тохой,full,,,mongol-shuudan-via-bekkaze,,2026-04-28T06:49:08,2026-04-28T06:49:08,1
302801,12607,146,MN,5453,001,,Цагаан овооны хєндий,full,,,mongol-shuudan-via-bekkaze,,2026-04-28T06:49:08,2026-04-28T06:49:08,1
302802,12608,146,MN,5453,001,,Нисэх хотхон,full,,,mongol-shuudan-via-bekkaze,,2026-04-28T06:49:08,2026-04-28T06:49:08,1
302803,12609,146,MN,5453,001,,Баян-уул,full,,,mongol-shuudan-via-bekkaze,,2026-04-28T06:49:08,2026-04-28T06:49:08,1
302804,12610,146,MN,5453,001,,Бүс нуур,full,,,mongol-shuudan-via-bekkaze,,2026-04-28T06:49:08,2026-04-28T06:49:08,1
302805,12611,146,MN,5453,001,,Их ам,full,,,mongol-shuudan-via-bekkaze,,2026-04-28T06:49:08,2026-04-28T06:49:08,1
302806,12612,146,MN,5453,001,,Гандан уул,full,,,mongol-shuudan-via-bekkaze,,2026-04-28T06:49:08,2026-04-28T06:49:08,1
302807,12613,146,MN,5453,001,,Уурхай,full,,,mongol-shuudan-via-bekkaze,,2026-04-28T06:49:08,2026-04-28T06:49:08,1
302808,12614,146,MN,5453,001,,Баян,full,,,mongol-shuudan-via-bekkaze,,2026-04-28T06:49:08,2026-04-28T06:49:08,1
302809,12615,146,MN,5453,001,,Дархан ноёны хөндий,full,,,mongol-shuudan-via-bekkaze,,2026-04-28T06:49:08,2026-04-28T06:49:08,1
302810,12616,146,MN,5453,001,,Налайхын тал,full,,,mongol-shuudan-via-bekkaze,,2026-04-28T06:49:08,2026-04-28T06:49:08,1
302811,12617,146,MN,5453,001,,Их бага модны ам,full,,,mongol-shuudan-via-bekkaze,,2026-04-28T06:49:08,2026-04-28T06:49:08,1
302812,12618,146,MN,5453,001,,Буурлын даваа,full,,,mongol-shuudan-via-bekkaze,,2026-04-28T06:49:08,2026-04-28T06:49:08,1
302813,12619,146,MN,5453,001,,Хар чулуутын ам,full,,,mongol-shuudan-via-bekkaze,,2026-04-28T06:49:08,2026-04-28T06:49:08,1
302814,12620,146,MN,5453,001,,Их ам,full,,,mongol-shuudan-via-bekkaze,,2026-04-28T06:49:08,2026-04-28T06:49:08,1
302815,12621,146,MN,5453,001,,Хөндлөнгийн ам,full,,,mongol-shuudan-via-bekkaze,,2026-04-28T06:49:08,2026-04-28T06:49:08,1
302816,12622,146,MN,5453,001,,Хайрханы ам,full,,,mongol-shuudan-via-bekkaze,,2026-04-28T06:49:08,2026-04-28T06:49:08,1
302817,12623,146,MN,5453,001,,Шохойтын ам,full,,,mongol-shuudan-via-bekkaze,,2026-04-28T06:49:08,2026-04-28T06:49:08,1
302818,12630,146,MN,5453,001,,Наран,full,,,mongol-shuudan-via-bekkaze,,2026-04-28T06:49:08,2026-04-28T06:49:08,1
302819,12640,146,MN,5453,001,,Нисэх,full,,,mongol-shuudan-via-bekkaze,,2026-04-28T06:49:08,2026-04-28T06:49:08,1
302820,12650,146,MN,5453,001,,Єлгий,full,,,mongol-shuudan-via-bekkaze,,2026-04-28T06:49:08,2026-04-28T06:49:08,1
302821,12660,146,MN,5453,001,,Алтай,full,,,mongol-shuudan-via-bekkaze,,2026-04-28T06:49:08,2026-04-28T06:49:08,1
302822,12670,146,MN,5453,001,,Баянзүрх,full,,,mongol-shuudan-via-bekkaze,,2026-04-28T06:49:08,2026-04-28T06:49:08,1
302823,12680,146,MN,5453,001,,Замчин,full,,,mongol-shuudan-via-bekkaze,,2026-04-28T06:49:08,2026-04-28T06:49:08,1
302824,12690,146,MN,5453,001,,Туул,full,,,mongol-shuudan-via-bekkaze,,2026-04-28T06:49:08,2026-04-28T06:49:08,1
302825,12700,146,MN,5453,001,,Дэнж,full,,,mongol-shuudan-via-bekkaze,,2026-04-28T06:49:08,2026-04-28T06:49:08,1
302826,12710,146,MN,5453,001,,Тэрэлж,full,,,mongol-shuudan-via-bekkaze,,2026-04-28T06:49:08,2026-04-28T06:49:08,1
302827,12712,146,MN,5453,001,,Шилжрээ,full,,,mongol-shuudan-via-bekkaze,,2026-04-28T06:49:08,2026-04-28T06:49:08,1
302828,12720,146,MN,5453,001,,Энгэр шанд,full,,,mongol-shuudan-via-bekkaze,,2026-04-28T06:49:08,2026-04-28T06:49:08,1
302829,12724,146,MN,5453,001,,Өгөөмөрийн ам,full,,,mongol-shuudan-via-bekkaze,,2026-04-28T06:49:08,2026-04-28T06:49:08,1
302830,12728,146,MN,5453,001,,Онгоцотын ам,full,,,mongol-shuudan-via-bekkaze,,2026-04-28T06:49:08,2026-04-28T06:49:08,1
302831,12735,146,MN,5453,001,,Суурьшилгүй бүс,full,,,mongol-shuudan-via-bekkaze,,2026-04-28T06:49:08,2026-04-28T06:49:08,1
302832,12739,146,MN,5453,001,,Антын ам,full,,,mongol-shuudan-via-bekkaze,,2026-04-28T06:49:08,2026-04-28T06:49:08,1
302833,12740,146,MN,5453,001,,Цэргийн анги,full,,,mongol-shuudan-via-bekkaze,,2026-04-28T06:49:08,2026-04-28T06:49:08,1
302834,12750,146,MN,5453,001,,Уурхайчин,full,,,mongol-shuudan-via-bekkaze,,2026-04-28T06:49:08,2026-04-28T06:49:08,1
302835,12760,146,MN,5453,001,,Залуучууд,full,,,mongol-shuudan-via-bekkaze,,2026-04-28T06:49:08,2026-04-28T06:49:08,1
302836,12770,146,MN,5453,001,,Горхи эрээний ам,full,,,mongol-shuudan-via-bekkaze,,2026-04-28T06:49:08,2026-04-28T06:49:08,1
302837,12771,146,MN,5453,001,,Горхийн баруун салаа,full,,,mongol-shuudan-via-bekkaze,,2026-04-28T06:49:08,2026-04-28T06:49:08,1
302838,12780,146,MN,5453,001,,Цайзын хэсэг,full,,,mongol-shuudan-via-bekkaze,,2026-04-28T06:49:08,2026-04-28T06:49:08,1
302839,12790,146,MN,5453,001,,Жаргалант-1,full,,,mongol-shuudan-via-bekkaze,,2026-04-28T06:49:08,2026-04-28T06:49:08,1
302840,12791,146,MN,5453,001,,Жаргалант-2,full,,,mongol-shuudan-via-bekkaze,,2026-04-28T06:49:08,2026-04-28T06:49:08,1
302841,12800,146,MN,5453,001,,Бадрал,full,,,mongol-shuudan-via-bekkaze,,2026-04-28T06:49:08,2026-04-28T06:49:08,1
302842,12810,146,MN,5453,001,,Өвөр шанд,full,,,mongol-shuudan-via-bekkaze,,2026-04-28T06:49:08,2026-04-28T06:49:08,1
302843,12820,146,MN,5453,001,,Нарлаг,full,,,mongol-shuudan-via-bekkaze,,2026-04-28T06:49:08,2026-04-28T06:49:08,1
302844,13000,146,MN,5453,001,,Bayanzurkh,full,,,mongol-shuudan-via-bekkaze,,2026-04-28T06:49:08,2026-04-28T06:49:08,1
302845,13009,146,MN,5453,001,,Суурьшилгүй бүс,full,,,mongol-shuudan-via-bekkaze,,2026-04-28T06:49:08,2026-04-28T06:49:08,1
302846,13010,146,MN,5453,001,,Дэндийн ам,full,,,mongol-shuudan-via-bekkaze,,2026-04-28T06:49:08,2026-04-28T06:49:08,1
302847,13011,146,MN,5453,001,,Суурьшилгүй бүс,full,,,mongol-shuudan-via-bekkaze,,2026-04-28T06:49:08,2026-04-28T06:49:08,1
302848,13012,146,MN,5453,001,,Арцат,full,,,mongol-shuudan-via-bekkaze,,2026-04-28T06:49:08,2026-04-28T06:49:08,1
302849,13013,146,MN,5453,001,,Бага хуандай,full,,,mongol-shuudan-via-bekkaze,,2026-04-28T06:49:08,2026-04-28T06:49:08,1
302850,13020,146,MN,5453,001,,Шар хоолойн ам,full,,,mongol-shuudan-via-bekkaze,,2026-04-28T06:49:08,2026-04-28T06:49:08,1
302851,13050,146,MN,5453,001,,Могойн дэнж,full,,,mongol-shuudan-via-bekkaze,,2026-04-28T06:49:08,2026-04-28T06:49:08,1
302852,13051,146,MN,5453,001,,Суурьшилгүй бүс,full,,,mongol-shuudan-via-bekkaze,,2026-04-28T06:49:08,2026-04-28T06:49:08,1
302853,13070,146,MN,5453,001,,Их ам,full,,,mongol-shuudan-via-bekkaze,,2026-04-28T06:49:08,2026-04-28T06:49:08,1
302854,13080,146,MN,5453,001,,Улаан эрэг,full,,,mongol-shuudan-via-bekkaze,,2026-04-28T06:49:08,2026-04-28T06:49:08,1
302855,13085,146,MN,5453,001,,Хонхор нуур,full,,,mongol-shuudan-via-bekkaze,,2026-04-28T06:49:08,2026-04-28T06:49:08,1
302856,13086,146,MN,5453,001,,Шажин хурах,full,,,mongol-shuudan-via-bekkaze,,2026-04-28T06:49:08,2026-04-28T06:49:08,1
302857,13087,146,MN,5453,001,,Майхан уул,full,,,mongol-shuudan-via-bekkaze,,2026-04-28T06:49:08,2026-04-28T06:49:08,1
302858,13088,146,MN,5453,001,,Нам даваа,full,,,mongol-shuudan-via-bekkaze,,2026-04-28T06:49:08,2026-04-28T06:49:08,1
302859,13089,146,MN,5453,001,,Хөлийн гол-1,full,,,mongol-shuudan-via-bekkaze,,2026-04-28T06:49:08,2026-04-28T06:49:08,1
302860,13090,146,MN,5453,001,,Хонхор,full,,,mongol-shuudan-via-bekkaze,,2026-04-28T06:49:08,2026-04-28T06:49:08,1
302861,13091,146,MN,5453,001,,Суурьшилгүй бүс,full,,,mongol-shuudan-via-bekkaze,,2026-04-28T06:49:08,2026-04-28T06:49:08,1
302862,13100,146,MN,5453,001,,Туулын хэсэг,full,,,mongol-shuudan-via-bekkaze,,2026-04-28T06:49:08,2026-04-28T06:49:08,1
302863,13110,146,MN,5453,001,,Төвийн хэсэг,full,,,mongol-shuudan-via-bekkaze,,2026-04-28T06:49:08,2026-04-28T06:49:08,1
302864,13120,146,MN,5453,001,,Баян дөхөмийн ам,full,,,mongol-shuudan-via-bekkaze,,2026-04-28T06:49:08,2026-04-28T06:49:08,1
302865,13121,146,MN,5453,001,,Суурьшилгүй бүс,full,,,mongol-shuudan-via-bekkaze,,2026-04-28T06:49:08,2026-04-28T06:49:08,1
302866,13140,146,MN,5453,001,,Эмийн ургамал,full,,,mongol-shuudan-via-bekkaze,,2026-04-28T06:49:08,2026-04-28T06:49:08,1
302867,13150,146,MN,5453,001,,Баян төхөм,full,,,mongol-shuudan-via-bekkaze,,2026-04-28T06:49:08,2026-04-28T06:49:08,1
302868,13160,146,MN,5453,001,,Гүнжийн хоолой,full,,,mongol-shuudan-via-bekkaze,,2026-04-28T06:49:08,2026-04-28T06:49:08,1
302869,13170,146,MN,5453,001,,Бумбат,full,,,mongol-shuudan-via-bekkaze,,2026-04-28T06:49:08,2026-04-28T06:49:08,1
302870,13180,146,MN,5453,001,,Ногоон зоорь,full,,,mongol-shuudan-via-bekkaze,,2026-04-28T06:49:08,2026-04-28T06:49:08,1
302871,13181,146,MN,5453,001,,Сүүл даваа,full,,,mongol-shuudan-via-bekkaze,,2026-04-28T06:49:08,2026-04-28T06:49:08,1
302872,13182,146,MN,5453,001,,Ногоон зоорь,full,,,mongol-shuudan-via-bekkaze,,2026-04-28T06:49:08,2026-04-28T06:49:08,1
302873,13183,146,MN,5453,001,,Хөлийн гол-2,full,,,mongol-shuudan-via-bekkaze,,2026-04-28T06:49:08,2026-04-28T06:49:08,1
302874,13184,146,MN,5453,001,,Туулын зөрлөг,full,,,mongol-shuudan-via-bekkaze,,2026-04-28T06:49:08,2026-04-28T06:49:08,1
302875,13190,146,MN,5453,001,,Туулын зөрлөг,full,,,mongol-shuudan-via-bekkaze,,2026-04-28T06:49:08,2026-04-28T06:49:08,1
302876,13200,146,MN,5453,001,,Төрхурах,full,,,mongol-shuudan-via-bekkaze,,2026-04-28T06:49:08,2026-04-28T06:49:08,1
302877,13201,146,MN,5453,001,,Суурьшилгүй бүс,full,,,mongol-shuudan-via-bekkaze,,2026-04-28T06:49:08,2026-04-28T06:49:08,1
302878,13210,146,MN,5453,001,,Хужирбулан,full,,,mongol-shuudan-via-bekkaze,,2026-04-28T06:49:08,2026-04-28T06:49:08,1
302879,13211,146,MN,5453,001,,Их булгийн ам,full,,,mongol-shuudan-via-bekkaze,,2026-04-28T06:49:08,2026-04-28T06:49:08,1
302880,13212,146,MN,5453,001,,Баатархайрхан,full,,,mongol-shuudan-via-bekkaze,,2026-04-28T06:49:08,2026-04-28T06:49:08,1
302881,13213,146,MN,5453,001,,Майхант,full,,,mongol-shuudan-via-bekkaze,,2026-04-28T06:49:08,2026-04-28T06:49:08,1
302882,13214,146,MN,5453,001,,Улиастайн гол,full,,,mongol-shuudan-via-bekkaze,,2026-04-28T06:49:08,2026-04-28T06:49:08,1
302883,13215,146,MN,5453,001,,Цардуулт,full,,,mongol-shuudan-via-bekkaze,,2026-04-28T06:49:08,2026-04-28T06:49:08,1
302884,13216,146,MN,5453,001,,"Хадат, Хожуултын ам",full,,,mongol-shuudan-via-bekkaze,,2026-04-28T06:49:08,2026-04-28T06:49:08,1
302885,13217,146,MN,5453,001,,Шарын ам,full,,,mongol-shuudan-via-bekkaze,,2026-04-28T06:49:08,2026-04-28T06:49:08,1
302886,13218,146,MN,5453,001,,Улиастай гол,full,,,mongol-shuudan-via-bekkaze,,2026-04-28T06:49:08,2026-04-28T06:49:08,1
302887,13220,146,MN,5453,001,,Чулуут,full,,,mongol-shuudan-via-bekkaze,,2026-04-28T06:49:08,2026-04-28T06:49:08,1
302888,13221,146,MN,5453,001,,Суурьшилгүй бүс,full,,,mongol-shuudan-via-bekkaze,,2026-04-28T06:49:08,2026-04-28T06:49:08,1
302889,13240,146,MN,5453,001,,Хүрхрээ,full,,,mongol-shuudan-via-bekkaze,,2026-04-28T06:49:08,2026-04-28T06:49:08,1
302890,13241,146,MN,5453,001,,Залаатын ам,full,,,mongol-shuudan-via-bekkaze,,2026-04-28T06:49:08,2026-04-28T06:49:08,1
302891,13250,146,MN,5453,001,,Улиастай,full,,,mongol-shuudan-via-bekkaze,,2026-04-28T06:49:08,2026-04-28T06:49:08,1
302892,13260,146,MN,5453,001,,Амгалан-1,full,,,mongol-shuudan-via-bekkaze,,2026-04-28T06:49:08,2026-04-28T06:49:08,1
302893,13270,146,MN,5453,001,,Амгалан-2,full,,,mongol-shuudan-via-bekkaze,,2026-04-28T06:49:08,2026-04-28T06:49:08,1
302894,13271,146,MN,5453,001,,Амгалан-3,full,,,mongol-shuudan-via-bekkaze,,2026-04-28T06:49:08,2026-04-28T06:49:08,1
302895,13280,146,MN,5453,001,,Шар хад,full,,,mongol-shuudan-via-bekkaze,,2026-04-28T06:49:08,2026-04-28T06:49:08,1
302896,13281,146,MN,5453,001,,Шар хад-2,full,,,mongol-shuudan-via-bekkaze,,2026-04-28T06:49:08,2026-04-28T06:49:08,1
302897,13290,146,MN,5453,001,,Цайз-1,full,,,mongol-shuudan-via-bekkaze,,2026-04-28T06:49:08,2026-04-28T06:49:08,1
302898,13291,146,MN,5453,001,,Цайз-2,full,,,mongol-shuudan-via-bekkaze,,2026-04-28T06:49:08,2026-04-28T06:49:08,1
302899,13292,146,MN,5453,001,,Цайз-3,full,,,mongol-shuudan-via-bekkaze,,2026-04-28T06:49:08,2026-04-28T06:49:08,1
302900,13300,146,MN,5453,001,,Улаанхуаран-1,full,,,mongol-shuudan-via-bekkaze,,2026-04-28T06:49:08,2026-04-28T06:49:08,1
302901,13301,146,MN,5453,001,,Улаанхуаран-2,full,,,mongol-shuudan-via-bekkaze,,2026-04-28T06:49:08,2026-04-28T06:49:08,1
302902,13302,146,MN,5453,001,,Улаанхуаран-3,full,,,mongol-shuudan-via-bekkaze,,2026-04-28T06:49:08,2026-04-28T06:49:08,1
302903,13311,146,MN,5453,001,,Шинэ суурьшил,full,,,mongol-shuudan-via-bekkaze,,2026-04-28T06:49:08,2026-04-28T06:49:08,1
302904,13312,146,MN,5453,001,,Шинэ суурьшил,full,,,mongol-shuudan-via-bekkaze,,2026-04-28T06:49:08,2026-04-28T06:49:08,1
302905,13313,146,MN,5453,001,,Суурьшилгүй бүс,full,,,mongol-shuudan-via-bekkaze,,2026-04-28T06:49:08,2026-04-28T06:49:08,1
302906,13314,146,MN,5453,001,,Бага тэнгэрийн ам,full,,,mongol-shuudan-via-bekkaze,,2026-04-28T06:49:08,2026-04-28T06:49:08,1
302907,13315,146,MN,5453,001,,Их тэнгэрийн ам-1,full,,,mongol-shuudan-via-bekkaze,,2026-04-28T06:49:08,2026-04-28T06:49:08,1
302908,13320,146,MN,5453,001,,16-р хороолол-1,full,,,mongol-shuudan-via-bekkaze,,2026-04-28T06:49:08,2026-04-28T06:49:08,1
302909,13321,146,MN,5453,001,,16-р хороолол-2,full,,,mongol-shuudan-via-bekkaze,,2026-04-28T06:49:08,2026-04-28T06:49:08,1
302910,13330,146,MN,5453,001,,14-р хороолол-1,full,,,mongol-shuudan-via-bekkaze,,2026-04-28T06:49:08,2026-04-28T06:49:08,1
302911,13331,146,MN,5453,001,,14-р хороолол-2,full,,,mongol-shuudan-via-bekkaze,,2026-04-28T06:49:08,2026-04-28T06:49:08,1
302912,13332,146,MN,5453,001,,14-р хороолол-3,full,,,mongol-shuudan-via-bekkaze,,2026-04-28T06:49:08,2026-04-28T06:49:08,1
302913,13333,146,MN,5453,001,,14-р хороолол-4,full,,,mongol-shuudan-via-bekkaze,,2026-04-28T06:49:08,2026-04-28T06:49:08,1
302914,13334,146,MN,5453,001,,14-р хороолол-5,full,,,mongol-shuudan-via-bekkaze,,2026-04-28T06:49:08,2026-04-28T06:49:08,1
302915,13335,146,MN,5453,001,,14-р хороолол-6,full,,,mongol-shuudan-via-bekkaze,,2026-04-28T06:49:08,2026-04-28T06:49:08,1
302916,13336,146,MN,5453,001,,14-р хороолол-7,full,,,mongol-shuudan-via-bekkaze,,2026-04-28T06:49:08,2026-04-28T06:49:08,1
302917,13340,146,MN,5453,001,,15--р хороолол-1,full,,,mongol-shuudan-via-bekkaze,,2026-04-28T06:49:08,2026-04-28T06:49:08,1
302918,13341,146,MN,5453,001,,15--р хороолол-2,full,,,mongol-shuudan-via-bekkaze,,2026-04-28T06:49:08,2026-04-28T06:49:08,1
302919,13342,146,MN,5453,001,,15--р хороолол-3,full,,,mongol-shuudan-via-bekkaze,,2026-04-28T06:49:08,2026-04-28T06:49:08,1
302920,13343,146,MN,5453,001,,15--р хороолол-4,full,,,mongol-shuudan-via-bekkaze,,2026-04-28T06:49:08,2026-04-28T06:49:08,1
302921,13344,146,MN,5453,001,,15--р хороолол-5,full,,,mongol-shuudan-via-bekkaze,,2026-04-28T06:49:08,2026-04-28T06:49:08,1
302922,13345,146,MN,5453,001,,15--р хороолол-6,full,,,mongol-shuudan-via-bekkaze,,2026-04-28T06:49:08,2026-04-28T06:49:08,1
302923,13350,146,MN,5453,001,,Дарь-Эх -1,full,,,mongol-shuudan-via-bekkaze,,2026-04-28T06:49:08,2026-04-28T06:49:08,1
302924,13351,146,MN,5453,001,,Дарь-Эх -2,full,,,mongol-shuudan-via-bekkaze,,2026-04-28T06:49:08,2026-04-28T06:49:08,1
302925,13352,146,MN,5453,001,,Дунд дарь-Эх,full,,,mongol-shuudan-via-bekkaze,,2026-04-28T06:49:08,2026-04-28T06:49:08,1
302926,13353,146,MN,5453,001,,Жамсран уулын өвөр,full,,,mongol-shuudan-via-bekkaze,,2026-04-28T06:49:08,2026-04-28T06:49:08,1
302927,13354,146,MN,5453,001,,Бага дарь-Эх,full,,,mongol-shuudan-via-bekkaze,,2026-04-28T06:49:08,2026-04-28T06:49:08,1
302928,13355,146,MN,5453,001,,Ганц худгийн ам,full,,,mongol-shuudan-via-bekkaze,,2026-04-28T06:49:08,2026-04-28T06:49:08,1
302929,13360,146,MN,5453,001,,Хоршооллын хотхон-1,full,,,mongol-shuudan-via-bekkaze,,2026-04-28T06:49:08,2026-04-28T06:49:08,1
302930,13361,146,MN,5453,001,,Хоршооллын хотхон -2,full,,,mongol-shuudan-via-bekkaze,,2026-04-28T06:49:08,2026-04-28T06:49:08,1
302931,13370,146,MN,5453,001,,13-р хороолол 2-1,full,,,mongol-shuudan-via-bekkaze,,2026-04-28T06:49:08,2026-04-28T06:49:08,1
302932,13371,146,MN,5453,001,,13-р хороолол 2-2,full,,,mongol-shuudan-via-bekkaze,,2026-04-28T06:49:08,2026-04-28T06:49:08,1
302933,13372,146,MN,5453,001,,13-р хороолол 2-3,full,,,mongol-shuudan-via-bekkaze,,2026-04-28T06:49:08,2026-04-28T06:49:08,1
302934,13373,146,MN,5453,001,,13-р хороолол 2-4,full,,,mongol-shuudan-via-bekkaze,,2026-04-28T06:49:08,2026-04-28T06:49:08,1
302935,13374,146,MN,5453,001,,13-р хороолол 2-5,full,,,mongol-shuudan-via-bekkaze,,2026-04-28T06:49:08,2026-04-28T06:49:08,1
302936,13380,146,MN,5453,001,,12-р хороолол-1,full,,,mongol-shuudan-via-bekkaze,,2026-04-28T06:49:08,2026-04-28T06:49:08,1
302937,13381,146,MN,5453,001,,12-р хороолол-2,full,,,mongol-shuudan-via-bekkaze,,2026-04-28T06:49:08,2026-04-28T06:49:08,1
302938,14000,146,MN,5453,001,,Sukhbaatar,full,,,mongol-shuudan-via-bekkaze,,2026-04-28T06:49:08,2026-04-28T06:49:08,1
302939,14010,146,MN,5453,001,,Бэлх хадат 1-р хэсэг,full,,,mongol-shuudan-via-bekkaze,,2026-04-28T06:49:08,2026-04-28T06:49:08,1
302940,14011,146,MN,5453,001,,Бэлх хадат 2-р хэсэг,full,,,mongol-shuudan-via-bekkaze,,2026-04-28T06:49:08,2026-04-28T06:49:08,1
302941,14012,146,MN,5453,001,,Бэлх Цуурайт,full,,,mongol-shuudan-via-bekkaze,,2026-04-28T06:49:08,2026-04-28T06:49:08,1
302942,14020,146,MN,5453,001,,Сэлбэ 1-р хэсэг,full,,,mongol-shuudan-via-bekkaze,,2026-04-28T06:49:08,2026-04-28T06:49:08,1
302943,14021,146,MN,5453,001,,Сэлбэ 2-р хэсэг,full,,,mongol-shuudan-via-bekkaze,,2026-04-28T06:49:08,2026-04-28T06:49:08,1
302944,14030,146,MN,5453,001,,Цээнийн хэсэг,full,,,mongol-shuudan-via-bekkaze,,2026-04-28T06:49:08,2026-04-28T06:49:08,1
302945,14040,146,MN,5453,001,,Цолмонгийн ам 1-р хэсэг,full,,,mongol-shuudan-via-bekkaze,,2026-04-28T06:49:08,2026-04-28T06:49:08,1
302946,14041,146,MN,5453,001,,Цолмонгийн ам 2-р хэсэг,full,,,mongol-shuudan-via-bekkaze,,2026-04-28T06:49:08,2026-04-28T06:49:08,1
302947,14050,146,MN,5453,001,,Бэлх 1-р хэсэг,full,,,mongol-shuudan-via-bekkaze,,2026-04-28T06:49:08,2026-04-28T06:49:08,1
302948,14051,146,MN,5453,001,,Бэлх 2-р хэсэг,full,,,mongol-shuudan-via-bekkaze,,2026-04-28T06:49:08,2026-04-28T06:49:08,1
302949,14052,146,MN,5453,001,,Бэлх Мааньтын даваа,full,,,mongol-shuudan-via-bekkaze,,2026-04-28T06:49:08,2026-04-28T06:49:08,1
302950,14053,146,MN,5453,001,,Бэлх Даваатын ам,full,,,mongol-shuudan-via-bekkaze,,2026-04-28T06:49:08,2026-04-28T06:49:08,1
302951,14060,146,MN,5453,001,,Дамбадаржаа-1,full,,,mongol-shuudan-via-bekkaze,,2026-04-28T06:49:08,2026-04-28T06:49:08,1
302952,14061,146,MN,5453,001,,Дамбадаржаа-2,full,,,mongol-shuudan-via-bekkaze,,2026-04-28T06:49:08,2026-04-28T06:49:08,1
302953,14062,146,MN,5453,001,,Дамбадаржаа-3,full,,,mongol-shuudan-via-bekkaze,,2026-04-28T06:49:08,2026-04-28T06:49:08,1
302954,14070,146,MN,5453,001,,Сэлх 1-р хэсэг,full,,,mongol-shuudan-via-bekkaze,,2026-04-28T06:49:08,2026-04-28T06:49:08,1
302955,14071,146,MN,5453,001,,Сэлх 2-р хэсэг,full,,,mongol-shuudan-via-bekkaze,,2026-04-28T06:49:08,2026-04-28T06:49:08,1
302956,14072,146,MN,5453,001,,Сэлх 3-р хэсэг,full,,,mongol-shuudan-via-bekkaze,,2026-04-28T06:49:08,2026-04-28T06:49:08,1
302957,14073,146,MN,5453,001,,Сэлх 4-р хэсэг,full,,,mongol-shuudan-via-bekkaze,,2026-04-28T06:49:08,2026-04-28T06:49:08,1
302958,14080,146,MN,5453,001,,Шарга морьт 1- хэсэг,full,,,mongol-shuudan-via-bekkaze,,2026-04-28T06:49:08,2026-04-28T06:49:08,1
302959,14081,146,MN,5453,001,,Шарга морьт 2-хэсэг,full,,,mongol-shuudan-via-bekkaze,,2026-04-28T06:49:08,2026-04-28T06:49:08,1
302960,14082,146,MN,5453,001,,Шарга морьт 3-хэсэг,full,,,mongol-shuudan-via-bekkaze,,2026-04-28T06:49:08,2026-04-28T06:49:08,1
302961,14083,146,MN,5453,001,,Шарга морьт 4-хэсэг,full,,,mongol-shuudan-via-bekkaze,,2026-04-28T06:49:08,2026-04-28T06:49:08,1
302962,14084,146,MN,5453,001,,Шарга морьт 5-хэсэг,full,,,mongol-shuudan-via-bekkaze,,2026-04-28T06:49:08,2026-04-28T06:49:08,1
302963,14085,146,MN,5453,001,,Шарга морьт 6-хэсэг,full,,,mongol-shuudan-via-bekkaze,,2026-04-28T06:49:08,2026-04-28T06:49:08,1
302964,14090,146,MN,5453,001,,Хандгайт 1-р хэсэг,full,,,mongol-shuudan-via-bekkaze,,2026-04-28T06:49:08,2026-04-28T06:49:08,1
302965,14091,146,MN,5453,001,,Хандгайт 2-р хэсэг,full,,,mongol-shuudan-via-bekkaze,,2026-04-28T06:49:08,2026-04-28T06:49:08,1
302966,14092,146,MN,5453,001,,Хандгайт 3-р хэсэг,full,,,mongol-shuudan-via-bekkaze,,2026-04-28T06:49:08,2026-04-28T06:49:08,1
302967,14093,146,MN,5453,001,,Хандгайтын богино 2-р хэсэг,full,,,mongol-shuudan-via-bekkaze,,2026-04-28T06:49:08,2026-04-28T06:49:08,1
302968,14094,146,MN,5453,001,,Хандгайтын богино 1-р хэсэг,full,,,mongol-shuudan-via-bekkaze,,2026-04-28T06:49:08,2026-04-28T06:49:08,1
302969,14100,146,MN,5453,001,,Ар хустай 1-р хэсэг,full,,,mongol-shuudan-via-bekkaze,,2026-04-28T06:49:08,2026-04-28T06:49:08,1
302970,14101,146,MN,5453,001,,Ар хустай 2-р хэсэг,full,,,mongol-shuudan-via-bekkaze,,2026-04-28T06:49:08,2026-04-28T06:49:08,1
302971,14105,146,MN,5453,001,,Зуун мод_СБ,full,,,mongol-shuudan-via-bekkaze,,2026-04-28T06:49:08,2026-04-28T06:49:08,1
302972,14110,146,MN,5453,001,,Баянбулаг 1-р хэсэг,full,,,mongol-shuudan-via-bekkaze,,2026-04-28T06:49:08,2026-04-28T06:49:08,1
302973,14111,146,MN,5453,001,,Баянбулаг 2-р хэсэг,full,,,mongol-shuudan-via-bekkaze,,2026-04-28T06:49:08,2026-04-28T06:49:08,1
302974,14112,146,MN,5453,001,,Баянбулаг 3-р хэсэг,full,,,mongol-shuudan-via-bekkaze,,2026-04-28T06:49:08,2026-04-28T06:49:08,1
302975,14120,146,MN,5453,001,,Хуурай мухар 1-р хэсэг,full,,,mongol-shuudan-via-bekkaze,,2026-04-28T06:49:08,2026-04-28T06:49:08,1
302976,14121,146,MN,5453,001,,Хуурай мухар 2-р хэсэг,full,,,mongol-shuudan-via-bekkaze,,2026-04-28T06:49:08,2026-04-28T06:49:08,1
302977,14122,146,MN,5453,001,,Хуурай мухар 3-р хэсэг,full,,,mongol-shuudan-via-bekkaze,,2026-04-28T06:49:08,2026-04-28T06:49:08,1
302978,14130,146,MN,5453,001,,Гоодойн ам 1-р хэсэг,full,,,mongol-shuudan-via-bekkaze,,2026-04-28T06:49:08,2026-04-28T06:49:08,1
302979,14131,146,MN,5453,001,,Гоодойн ам 2-р хэсэг,full,,,mongol-shuudan-via-bekkaze,,2026-04-28T06:49:08,2026-04-28T06:49:08,1
302980,14132,146,MN,5453,001,,Гоодойн ам 3-р хэсэг,full,,,mongol-shuudan-via-bekkaze,,2026-04-28T06:49:08,2026-04-28T06:49:08,1
302981,14140,146,MN,5453,001,,Санзай 1-р хэсэг,full,,,mongol-shuudan-via-bekkaze,,2026-04-28T06:49:08,2026-04-28T06:49:08,1
302982,14141,146,MN,5453,001,,Санзай 2-р хэсэг,full,,,mongol-shuudan-via-bekkaze,,2026-04-28T06:49:08,2026-04-28T06:49:08,1
302983,14142,146,MN,5453,001,,Санзай 3-р хэсэг,full,,,mongol-shuudan-via-bekkaze,,2026-04-28T06:49:08,2026-04-28T06:49:08,1
302984,14143,146,MN,5453,001,,Санзай 4-р хэсэг,full,,,mongol-shuudan-via-bekkaze,,2026-04-28T06:49:08,2026-04-28T06:49:08,1
302985,14150,146,MN,5453,001,,Майхан толгой_СБ 1-р хэсэг,full,,,mongol-shuudan-via-bekkaze,,2026-04-28T06:49:08,2026-04-28T06:49:08,1
302986,14151,146,MN,5453,001,,Майхан толгой_СБ 2-р хэсэг,full,,,mongol-shuudan-via-bekkaze,,2026-04-28T06:49:08,2026-04-28T06:49:08,1
302987,14160,146,MN,5453,001,,5 буудал,full,,,mongol-shuudan-via-bekkaze,,2026-04-28T06:49:08,2026-04-28T06:49:08,1
302988,14170,146,MN,5453,001,,100 айл-1,full,,,mongol-shuudan-via-bekkaze,,2026-04-28T06:49:08,2026-04-28T06:49:08,1
302989,14171,146,MN,5453,001,,100 айл-2,full,,,mongol-shuudan-via-bekkaze,,2026-04-28T06:49:08,2026-04-28T06:49:08,1
302990,14180,146,MN,5453,001,,7-р хороолол-1,full,,,mongol-shuudan-via-bekkaze,,2026-04-28T06:49:08,2026-04-28T06:49:08,1
302991,14181,146,MN,5453,001,,7-р хороолол-2,full,,,mongol-shuudan-via-bekkaze,,2026-04-28T06:49:08,2026-04-28T06:49:08,1
302992,14182,146,MN,5453,001,,7-р хороолол-3,full,,,mongol-shuudan-via-bekkaze,,2026-04-28T06:49:08,2026-04-28T06:49:08,1
302993,14190,146,MN,5453,001,,11-р хороолол-1,full,,,mongol-shuudan-via-bekkaze,,2026-04-28T06:49:08,2026-04-28T06:49:08,1
302994,14191,146,MN,5453,001,,11-р хороолол-2,full,,,mongol-shuudan-via-bekkaze,,2026-04-28T06:49:08,2026-04-28T06:49:08,1
302995,14192,146,MN,5453,001,,11-р хороолол-3,full,,,mongol-shuudan-via-bekkaze,,2026-04-28T06:49:08,2026-04-28T06:49:08,1
302996,14193,146,MN,5453,001,,11-р хороолол-4,full,,,mongol-shuudan-via-bekkaze,,2026-04-28T06:49:08,2026-04-28T06:49:08,1
302997,14200,146,MN,5453,001,,Бага тойруу-1,full,,,mongol-shuudan-via-bekkaze,,2026-04-28T06:49:08,2026-04-28T06:49:08,1
302998,14201,146,MN,5453,001,,Бага тойруу-2,full,,,mongol-shuudan-via-bekkaze,,2026-04-28T06:49:08,2026-04-28T06:49:08,1
302999,14210,146,MN,5453,001,,13-р хороолол 1-1,full,,,mongol-shuudan-via-bekkaze,,2026-04-28T06:49:08,2026-04-28T06:49:08,1
303000,14220,146,MN,5453,001,,13-р хороолол 1-2,full,,,mongol-shuudan-via-bekkaze,,2026-04-28T06:49:08,2026-04-28T06:49:08,1
303001,14230,146,MN,5453,001,,13-р хороолол 1-3,full,,,mongol-shuudan-via-bekkaze,,2026-04-28T06:49:08,2026-04-28T06:49:08,1
303002,14240,146,MN,5453,001,,Соёл амралтын хүрээлэн -1,full,,,mongol-shuudan-via-bekkaze,,2026-04-28T06:49:08,2026-04-28T06:49:08,1
303003,14241,146,MN,5453,001,,Соёл амралтын хүрээлэн - 2,full,,,mongol-shuudan-via-bekkaze,,2026-04-28T06:49:08,2026-04-28T06:49:08,1
303004,14250,146,MN,5453,001,,5-р хороолол-1,full,,,mongol-shuudan-via-bekkaze,,2026-04-28T06:49:08,2026-04-28T06:49:08,1
303005,14251,146,MN,5453,001,,5-р хороолол-2,full,,,mongol-shuudan-via-bekkaze,,2026-04-28T06:49:08,2026-04-28T06:49:08,1
303006,14252,146,MN,5453,001,,5-р хороолол-3,full,,,mongol-shuudan-via-bekkaze,,2026-04-28T06:49:08,2026-04-28T06:49:08,1
303007,14253,146,MN,5453,001,,5-р хороолол-4,full,,,mongol-shuudan-via-bekkaze,,2026-04-28T06:49:08,2026-04-28T06:49:08,1
303008,15000,146,MN,5453,001,,Chingeltei,full,,,mongol-shuudan-via-bekkaze,,2026-04-28T06:49:08,2026-04-28T06:49:08,1
303009,15010,146,MN,5453,001,,Ар согоот 1-р хэсэг,full,,,mongol-shuudan-via-bekkaze,,2026-04-28T06:49:08,2026-04-28T06:49:08,1
303010,15011,146,MN,5453,001,,Ар согоот 2-р хэсэг,full,,,mongol-shuudan-via-bekkaze,,2026-04-28T06:49:08,2026-04-28T06:49:08,1
303011,15020,146,MN,5453,001,,Шадивлан 1-р хэсэг,full,,,mongol-shuudan-via-bekkaze,,2026-04-28T06:49:08,2026-04-28T06:49:08,1
303012,15021,146,MN,5453,001,,Шадивлан 2-р хэсэг,full,,,mongol-shuudan-via-bekkaze,,2026-04-28T06:49:08,2026-04-28T06:49:08,1
303013,15022,146,MN,5453,001,,Шадивлан 3-р хэсэг,full,,,mongol-shuudan-via-bekkaze,,2026-04-28T06:49:08,2026-04-28T06:49:08,1
303014,15023,146,MN,5453,001,,Шадивлан 4-р хэсэг,full,,,mongol-shuudan-via-bekkaze,,2026-04-28T06:49:08,2026-04-28T06:49:08,1
303015,15024,146,MN,5453,001,,Шадивлан 5-р хэсэг,full,,,mongol-shuudan-via-bekkaze,,2026-04-28T06:49:08,2026-04-28T06:49:08,1
303016,15030,146,MN,5453,001,,Чингэлтэй 1-р хэсэг,full,,,mongol-shuudan-via-bekkaze,,2026-04-28T06:49:08,2026-04-28T06:49:08,1
303017,15031,146,MN,5453,001,,Чингэлтэй 2-р хэсэг,full,,,mongol-shuudan-via-bekkaze,,2026-04-28T06:49:08,2026-04-28T06:49:08,1
303018,15032,146,MN,5453,001,,Чингэлтэй 3-р хэсэг,full,,,mongol-shuudan-via-bekkaze,,2026-04-28T06:49:08,2026-04-28T06:49:08,1
303019,15040,146,MN,5453,001,,Зуун мод_ЧИН 1-р хэсэг,full,,,mongol-shuudan-via-bekkaze,,2026-04-28T06:49:08,2026-04-28T06:49:08,1
303020,15041,146,MN,5453,001,,Зуун мод_ЧИН  2-р хэсэг,full,,,mongol-shuudan-via-bekkaze,,2026-04-28T06:49:08,2026-04-28T06:49:08,1
303021,15050,146,MN,5453,001,,Яргайт 1-р хэсэг,full,,,mongol-shuudan-via-bekkaze,,2026-04-28T06:49:08,2026-04-28T06:49:08,1
303022,15051,146,MN,5453,001,,Яргайт 2-р хэсэг,full,,,mongol-shuudan-via-bekkaze,,2026-04-28T06:49:08,2026-04-28T06:49:08,1
303023,15052,146,MN,5453,001,,Яргайтын богино 1-р хэсэг,full,,,mongol-shuudan-via-bekkaze,,2026-04-28T06:49:08,2026-04-28T06:49:08,1
303024,15053,146,MN,5453,001,,Яргайтын богино 2-р хэсэг,full,,,mongol-shuudan-via-bekkaze,,2026-04-28T06:49:08,2026-04-28T06:49:08,1
303025,15054,146,MN,5453,001,,Яргайтын богино 3-р хэсэг,full,,,mongol-shuudan-via-bekkaze,,2026-04-28T06:49:08,2026-04-28T06:49:08,1
303026,15060,146,MN,5453,001,,Салхит,full,,,mongol-shuudan-via-bekkaze,,2026-04-28T06:49:08,2026-04-28T06:49:08,1
303027,15070,146,MN,5453,001,,Ойнбулаг,full,,,mongol-shuudan-via-bekkaze,,2026-04-28T06:49:08,2026-04-28T06:49:08,1
303028,15080,146,MN,5453,001,,Майхан толгой_Чин 1-р хэсэг,full,,,mongol-shuudan-via-bekkaze,,2026-04-28T06:49:08,2026-04-28T06:49:08,1
303029,15081,146,MN,5453,001,,Майхан толгой_Чин 2-р хэсэг,full,,,mongol-shuudan-via-bekkaze,,2026-04-28T06:49:08,2026-04-28T06:49:08,1
303030,15090,146,MN,5453,001,,Гүнт 1-р хэсэг,full,,,mongol-shuudan-via-bekkaze,,2026-04-28T06:49:08,2026-04-28T06:49:08,1
303031,15091,146,MN,5453,001,,Гүнт 2-р хэсэг,full,,,mongol-shuudan-via-bekkaze,,2026-04-28T06:49:08,2026-04-28T06:49:08,1
303032,15100,146,MN,5453,001,,Жигжид 1-р хэсэг,full,,,mongol-shuudan-via-bekkaze,,2026-04-28T06:49:08,2026-04-28T06:49:08,1
303033,15101,146,MN,5453,001,,Жигжид 2-р хэсэг,full,,,mongol-shuudan-via-bekkaze,,2026-04-28T06:49:08,2026-04-28T06:49:08,1
303034,15102,146,MN,5453,001,,Жигжид 3-р хэсэг,full,,,mongol-shuudan-via-bekkaze,,2026-04-28T06:49:08,2026-04-28T06:49:08,1
303035,15103,146,MN,5453,001,,Жигжид 4-р хэсэг,full,,,mongol-shuudan-via-bekkaze,,2026-04-28T06:49:08,2026-04-28T06:49:08,1
303036,15104,146,MN,5453,001,,Жигжид 5-р хэсэг,full,,,mongol-shuudan-via-bekkaze,,2026-04-28T06:49:08,2026-04-28T06:49:08,1
303037,15110,146,MN,5453,001,,Хайлааст-1,full,,,mongol-shuudan-via-bekkaze,,2026-04-28T06:49:08,2026-04-28T06:49:08,1
303038,15111,146,MN,5453,001,,Хайлааст-2,full,,,mongol-shuudan-via-bekkaze,,2026-04-28T06:49:08,2026-04-28T06:49:08,1
303039,15120,146,MN,5453,001,,Дэнжийн мянга 1-р хэсэг,full,,,mongol-shuudan-via-bekkaze,,2026-04-28T06:49:08,2026-04-28T06:49:08,1
303040,15121,146,MN,5453,001,,Дэнжийн мянга 2-р хэсэг,full,,,mongol-shuudan-via-bekkaze,,2026-04-28T06:49:08,2026-04-28T06:49:08,1
303041,15130,146,MN,5453,001,,Телевиз,full,,,mongol-shuudan-via-bekkaze,,2026-04-28T06:49:08,2026-04-28T06:49:08,1
303042,15140,146,MN,5453,001,,6-р хороолол-1,full,,,mongol-shuudan-via-bekkaze,,2026-04-28T06:49:08,2026-04-28T06:49:08,1
303043,15141,146,MN,5453,001,,6-р хороолол-2,full,,,mongol-shuudan-via-bekkaze,,2026-04-28T06:49:08,2026-04-28T06:49:08,1
303044,15150,146,MN,5453,001,,Тасганы овоо,full,,,mongol-shuudan-via-bekkaze,,2026-04-28T06:49:08,2026-04-28T06:49:08,1
303045,15160,146,MN,5453,001,,Бага тойруу-3,full,,,mongol-shuudan-via-bekkaze,,2026-04-28T06:49:08,2026-04-28T06:49:08,1
303046,15170,146,MN,5453,001,,"40, 50 мянгат-1",full,,,mongol-shuudan-via-bekkaze,,2026-04-28T06:49:08,2026-04-28T06:49:08,1
303047,15171,146,MN,5453,001,,"40, 50 мянгат-2",full,,,mongol-shuudan-via-bekkaze,,2026-04-28T06:49:08,2026-04-28T06:49:08,1
303048,15172,146,MN,5453,001,,"40, 50 мянгат-3",full,,,mongol-shuudan-via-bekkaze,,2026-04-28T06:49:08,2026-04-28T06:49:08,1
303049,16000,146,MN,5453,001,,Bayangol,full,,,mongol-shuudan-via-bekkaze,,2026-04-28T06:49:08,2026-04-28T06:49:08,1
303050,16010,146,MN,5453,001,,Үйлдвэрийн төвийн бүс-1,full,,,mongol-shuudan-via-bekkaze,,2026-04-28T06:49:08,2026-04-28T06:49:08,1
303051,16020,146,MN,5453,001,,Үйлдвэрийн төвийн бүс-2,full,,,mongol-shuudan-via-bekkaze,,2026-04-28T06:49:08,2026-04-28T06:49:08,1
303052,16030,146,MN,5453,001,,Үйлдвэрийн төвийн бүс-3,full,,,mongol-shuudan-via-bekkaze,,2026-04-28T06:49:08,2026-04-28T06:49:08,1
303053,16040,146,MN,5453,001,,Гандан,full,,,mongol-shuudan-via-bekkaze,,2026-04-28T06:49:08,2026-04-28T06:49:08,1
303054,16050,146,MN,5453,001,,2-р хороолол-1,full,,,mongol-shuudan-via-bekkaze,,2026-04-28T06:49:08,2026-04-28T06:49:08,1
303055,16051,146,MN,5453,001,,2-р хороолол-2,full,,,mongol-shuudan-via-bekkaze,,2026-04-28T06:49:08,2026-04-28T06:49:08,1
303056,16052,146,MN,5453,001,,2-р хороолол-3,full,,,mongol-shuudan-via-bekkaze,,2026-04-28T06:49:08,2026-04-28T06:49:08,1
303057,16060,146,MN,5453,001,,4-р хороолол-1,full,,,mongol-shuudan-via-bekkaze,,2026-04-28T06:49:08,2026-04-28T06:49:08,1
303058,16061,146,MN,5453,001,,4-р хороолол-2,full,,,mongol-shuudan-via-bekkaze,,2026-04-28T06:49:08,2026-04-28T06:49:08,1
303059,16062,146,MN,5453,001,,4-р хороолол-3,full,,,mongol-shuudan-via-bekkaze,,2026-04-28T06:49:08,2026-04-28T06:49:08,1
303060,16063,146,MN,5453,001,,4-р хороолол-4,full,,,mongol-shuudan-via-bekkaze,,2026-04-28T06:49:08,2026-04-28T06:49:08,1
303061,16064,146,MN,5453,001,,4-р хороолол-5,full,,,mongol-shuudan-via-bekkaze,,2026-04-28T06:49:08,2026-04-28T06:49:08,1
303062,16065,146,MN,5453,001,,4-р хороолол-6,full,,,mongol-shuudan-via-bekkaze,,2026-04-28T06:49:08,2026-04-28T06:49:08,1
303063,16066,146,MN,5453,001,,4-р хороолол-7,full,,,mongol-shuudan-via-bekkaze,,2026-04-28T06:49:08,2026-04-28T06:49:08,1
303064,16067,146,MN,5453,001,,4-р хороолол-8,full,,,mongol-shuudan-via-bekkaze,,2026-04-28T06:49:08,2026-04-28T06:49:08,1
303065,16070,146,MN,5453,001,,Наран-1,full,,,mongol-shuudan-via-bekkaze,,2026-04-28T06:49:08,2026-04-28T06:49:08,1
303066,16080,146,MN,5453,001,,10-р хороолол-1,full,,,mongol-shuudan-via-bekkaze,,2026-04-28T06:49:08,2026-04-28T06:49:08,1
303067,16081,146,MN,5453,001,,10-р хороолол-2,full,,,mongol-shuudan-via-bekkaze,,2026-04-28T06:49:08,2026-04-28T06:49:08,1
303068,16090,146,MN,5453,001,,3-р хороолол-1,full,,,mongol-shuudan-via-bekkaze,,2026-04-28T06:49:08,2026-04-28T06:49:08,1
303069,16091,146,MN,5453,001,,3-р хороолол-2,full,,,mongol-shuudan-via-bekkaze,,2026-04-28T06:49:08,2026-04-28T06:49:08,1
303070,16092,146,MN,5453,001,,3-р хороолол-3,full,,,mongol-shuudan-via-bekkaze,,2026-04-28T06:49:08,2026-04-28T06:49:08,1
303071,16093,146,MN,5453,001,,3-р хороолол-4,full,,,mongol-shuudan-via-bekkaze,,2026-04-28T06:49:08,2026-04-28T06:49:08,1
303072,16094,146,MN,5453,001,,3-р хороолол-5,full,,,mongol-shuudan-via-bekkaze,,2026-04-28T06:49:08,2026-04-28T06:49:08,1
303073,16095,146,MN,5453,001,,3-р хороолол-6,full,,,mongol-shuudan-via-bekkaze,,2026-04-28T06:49:08,2026-04-28T06:49:08,1
303074,16100,146,MN,5453,001,,Үйлдвэрийн баруун бүс 1-1,full,,,mongol-shuudan-via-bekkaze,,2026-04-28T06:49:08,2026-04-28T06:49:08,1
303075,16101,146,MN,5453,001,,Үйлдвэрийн баруун бүс 1-2,full,,,mongol-shuudan-via-bekkaze,,2026-04-28T06:49:08,2026-04-28T06:49:08,1
303076,16102,146,MN,5453,001,,Үйлдвэрийн баруун бүс 1-3,full,,,mongol-shuudan-via-bekkaze,,2026-04-28T06:49:08,2026-04-28T06:49:08,1
303077,16103,146,MN,5453,001,,Үйлдвэрийн баруун бүс 1-4,full,,,mongol-shuudan-via-bekkaze,,2026-04-28T06:49:08,2026-04-28T06:49:08,1
303078,17000,146,MN,5453,001,,Khan-Uul,full,,,mongol-shuudan-via-bekkaze,,2026-04-28T06:49:08,2026-04-28T06:49:08,1
303079,17009,146,MN,5453,001,,Суурьшилгүй бүс,full,,,mongol-shuudan-via-bekkaze,,2026-04-28T06:49:08,2026-04-28T06:49:08,1
303080,17010,146,MN,5453,001,,Стадион Оргил-1,full,,,mongol-shuudan-via-bekkaze,,2026-04-28T06:49:08,2026-04-28T06:49:08,1
303081,17011,146,MN,5453,001,,Стадион Оргил-2,full,,,mongol-shuudan-via-bekkaze,,2026-04-28T06:49:08,2026-04-28T06:49:08,1
303082,17012,146,MN,5453,001,,Стадион Оргил-3,full,,,mongol-shuudan-via-bekkaze,,2026-04-28T06:49:08,2026-04-28T06:49:08,1
303083,17013,146,MN,5453,001,,Стадион Оргил-4,full,,,mongol-shuudan-via-bekkaze,,2026-04-28T06:49:08,2026-04-28T06:49:08,1
303084,17020,146,MN,5453,001,,Зайсан-1,full,,,mongol-shuudan-via-bekkaze,,2026-04-28T06:49:08,2026-04-28T06:49:08,1
303085,17021,146,MN,5453,001,,Зайсан-2,full,,,mongol-shuudan-via-bekkaze,,2026-04-28T06:49:08,2026-04-28T06:49:08,1
303086,17022,146,MN,5453,001,,Зайсан-3,full,,,mongol-shuudan-via-bekkaze,,2026-04-28T06:49:08,2026-04-28T06:49:08,1
303087,17023,146,MN,5453,001,,Зайсан-4,full,,,mongol-shuudan-via-bekkaze,,2026-04-28T06:49:08,2026-04-28T06:49:08,1
303088,17024,146,MN,5453,001,,Зайсан-5,full,,,mongol-shuudan-via-bekkaze,,2026-04-28T06:49:08,2026-04-28T06:49:08,1
303089,17025,146,MN,5453,001,,Зайсан-6,full,,,mongol-shuudan-via-bekkaze,,2026-04-28T06:49:08,2026-04-28T06:49:08,1
303090,17026,146,MN,5453,001,,Зайсан-7,full,,,mongol-shuudan-via-bekkaze,,2026-04-28T06:49:08,2026-04-28T06:49:08,1
303091,17027,146,MN,5453,001,,Зайсан-8,full,,,mongol-shuudan-via-bekkaze,,2026-04-28T06:49:08,2026-04-28T06:49:08,1
303092,17028,146,MN,5453,001,,Зайсан-9,full,,,mongol-shuudan-via-bekkaze,,2026-04-28T06:49:08,2026-04-28T06:49:08,1
303093,17029,146,MN,5453,001,,Зайсан-10,full,,,mongol-shuudan-via-bekkaze,,2026-04-28T06:49:08,2026-04-28T06:49:08,1
303094,17030,146,MN,5453,001,,19-р хороолол-1,full,,,mongol-shuudan-via-bekkaze,,2026-04-28T06:49:08,2026-04-28T06:49:08,1
303095,17031,146,MN,5453,001,,19-р хороолол-2,full,,,mongol-shuudan-via-bekkaze,,2026-04-28T06:49:08,2026-04-28T06:49:08,1
303096,17032,146,MN,5453,001,,19-р хороолол-3,full,,,mongol-shuudan-via-bekkaze,,2026-04-28T06:49:08,2026-04-28T06:49:08,1
303097,17033,146,MN,5453,001,,19-р хороолол-4,full,,,mongol-shuudan-via-bekkaze,,2026-04-28T06:49:08,2026-04-28T06:49:08,1
303098,17040,146,MN,5453,001,,Үйлдвэр 2-1,full,,,mongol-shuudan-via-bekkaze,,2026-04-28T06:49:08,2026-04-28T06:49:08,1
303099,17041,146,MN,5453,001,,Үйлдвэр 2-2,full,,,mongol-shuudan-via-bekkaze,,2026-04-28T06:49:08,2026-04-28T06:49:08,1
303100,17042,146,MN,5453,001,,Үйлдвэр 2-3,full,,,mongol-shuudan-via-bekkaze,,2026-04-28T06:49:08,2026-04-28T06:49:08,1
303101,17043,146,MN,5453,001,,Үйлдвэр 2-4,full,,,mongol-shuudan-via-bekkaze,,2026-04-28T06:49:08,2026-04-28T06:49:08,1
303102,17050,146,MN,5453,001,,Богины ам,full,,,mongol-shuudan-via-bekkaze,,2026-04-28T06:49:08,2026-04-28T06:49:08,1
303103,17051,146,MN,5453,001,,Чандманы ам,full,,,mongol-shuudan-via-bekkaze,,2026-04-28T06:49:08,2026-04-28T06:49:08,1
303104,17060,146,MN,5453,001,,Үйлдвэр 1-1,full,,,mongol-shuudan-via-bekkaze,,2026-04-28T06:49:08,2026-04-28T06:49:08,1
303105,17061,146,MN,5453,001,,Үйлдвэр 1-2,full,,,mongol-shuudan-via-bekkaze,,2026-04-28T06:49:08,2026-04-28T06:49:08,1
303106,17062,146,MN,5453,001,,Үйлдвэр 1-3,full,,,mongol-shuudan-via-bekkaze,,2026-04-28T06:49:08,2026-04-28T06:49:08,1
303107,17070,146,MN,5453,001,,Үйлдвэрийн баруун бүс 2-1,full,,,mongol-shuudan-via-bekkaze,,2026-04-28T06:49:08,2026-04-28T06:49:08,1
303108,17071,146,MN,5453,001,,Үйлдвэрийн баруун бүс 2-2,full,,,mongol-shuudan-via-bekkaze,,2026-04-28T06:49:08,2026-04-28T06:49:08,1
303109,17080,146,MN,5453,001,,Хүүшийн ам,full,,,mongol-shuudan-via-bekkaze,,2026-04-28T06:49:08,2026-04-28T06:49:08,1
303110,17081,146,MN,5453,001,,Суурьшилгүй бүс,full,,,mongol-shuudan-via-bekkaze,,2026-04-28T06:49:08,2026-04-28T06:49:08,1
303111,17082,146,MN,5453,001,,Суурьшилгүй бүс,full,,,mongol-shuudan-via-bekkaze,,2026-04-28T06:49:08,2026-04-28T06:49:08,1
303112,17090,146,MN,5453,001,,Нүхт,full,,,mongol-shuudan-via-bekkaze,,2026-04-28T06:49:08,2026-04-28T06:49:08,1
303113,17091,146,MN,5453,001,,Жаргалантын ам,full,,,mongol-shuudan-via-bekkaze,,2026-04-28T06:49:08,2026-04-28T06:49:08,1
303114,17100,146,MN,5453,001,,Яармагийн урд дэнж-2,full,,,mongol-shuudan-via-bekkaze,,2026-04-28T06:49:08,2026-04-28T06:49:08,1
303115,17101,146,MN,5453,001,,Яармагийн урд дэнж -1,full,,,mongol-shuudan-via-bekkaze,,2026-04-28T06:49:08,2026-04-28T06:49:08,1
303116,17102,146,MN,5453,001,,Дарга толгойн ам,full,,,mongol-shuudan-via-bekkaze,,2026-04-28T06:49:08,2026-04-28T06:49:08,1
303117,17110,146,MN,5453,001,,Яармаг,full,,,mongol-shuudan-via-bekkaze,,2026-04-28T06:49:08,2026-04-28T06:49:08,1
303118,17111,146,MN,5453,001,,Яармаг-2,full,,,mongol-shuudan-via-bekkaze,,2026-04-28T06:49:08,2026-04-28T06:49:08,1
303119,17120,146,MN,5453,001,,Буянт Ухаа,full,,,mongol-shuudan-via-bekkaze,,2026-04-28T06:49:08,2026-04-28T06:49:08,1
303120,17121,146,MN,5453,001,,Буянт Ухаа  хороолол-2,full,,,mongol-shuudan-via-bekkaze,,2026-04-28T06:49:08,2026-04-28T06:49:08,1
303121,17122,146,MN,5453,001,,Буянт Ухаа хороолол-3,full,,,mongol-shuudan-via-bekkaze,,2026-04-28T06:49:08,2026-04-28T06:49:08,1
303122,17130,146,MN,5453,001,,Морин-2,full,,,mongol-shuudan-via-bekkaze,,2026-04-28T06:49:08,2026-04-28T06:49:08,1
303123,17131,146,MN,5453,001,,Морин-1,full,,,mongol-shuudan-via-bekkaze,,2026-04-28T06:49:08,2026-04-28T06:49:08,1
303124,17132,146,MN,5453,001,,Тайны ам,full,,,mongol-shuudan-via-bekkaze,,2026-04-28T06:49:08,2026-04-28T06:49:08,1
303125,17133,146,MN,5453,001,,Морин-2,full,,,mongol-shuudan-via-bekkaze,,2026-04-28T06:49:08,2026-04-28T06:49:08,1
303126,17140,146,MN,5453,001,,Био комбинат /Сонгино/ -1,full,,,mongol-shuudan-via-bekkaze,,2026-04-28T06:49:08,2026-04-28T06:49:08,1
303127,17141,146,MN,5453,001,,Био комбинат /Сонгино/ -2,full,,,mongol-shuudan-via-bekkaze,,2026-04-28T06:49:08,2026-04-28T06:49:08,1
303128,17142,146,MN,5453,001,,Эрдэнэтолгой,full,,,mongol-shuudan-via-bekkaze,,2026-04-28T06:49:08,2026-04-28T06:49:08,1
303129,17143,146,MN,5453,001,,Био комбинат 2,full,,,mongol-shuudan-via-bekkaze,,2026-04-28T06:49:08,2026-04-28T06:49:08,1
303130,17144,146,MN,5453,001,,Сонгины амралтын хэсэг,full,,,mongol-shuudan-via-bekkaze,,2026-04-28T06:49:08,2026-04-28T06:49:08,1
303131,17150,146,MN,5453,001,,Өлзийт,full,,,mongol-shuudan-via-bekkaze,,2026-04-28T06:49:08,2026-04-28T06:49:08,1
303132,17151,146,MN,5453,001,,Суурьшилгүй б,full,,,mongol-shuudan-via-bekkaze,,2026-04-28T06:49:08,2026-04-28T06:49:08,1
303133,17152,146,MN,5453,001,,Бугын ам,full,,,mongol-shuudan-via-bekkaze,,2026-04-28T06:49:08,2026-04-28T06:49:08,1
303134,17153,146,MN,5453,001,,Ар хөндлөнгийн хэсэг,full,,,mongol-shuudan-via-bekkaze,,2026-04-28T06:49:08,2026-04-28T06:49:08,1
303135,17160,146,MN,5453,001,,Гавжийн шанд,full,,,mongol-shuudan-via-bekkaze,,2026-04-28T06:49:08,2026-04-28T06:49:08,1
303136,17170,146,MN,5453,001,,Шувуун фабрик /Туул тосгон/,full,,,mongol-shuudan-via-bekkaze,,2026-04-28T06:49:08,2026-04-28T06:49:08,1
303137,17171,146,MN,5453,001,,Шувуун фабрик  /Туул тосгон/,full,,,mongol-shuudan-via-bekkaze,,2026-04-28T06:49:08,2026-04-28T06:49:08,1
303138,17172,146,MN,5453,001,,Шувуун фабрик-2,full,,,mongol-shuudan-via-bekkaze,,2026-04-28T06:49:08,2026-04-28T06:49:08,1
303139,17173,146,MN,5453,001,,Уушийн ар,full,,,mongol-shuudan-via-bekkaze,,2026-04-28T06:49:08,2026-04-28T06:49:08,1
303140,17174,146,MN,5453,001,,Аж үйлдвэрийн парк хэсэг,full,,,mongol-shuudan-via-bekkaze,,2026-04-28T06:49:08,2026-04-28T06:49:08,1
303141,17175,146,MN,5453,001,,Улаан овоот,full,,,mongol-shuudan-via-bekkaze,,2026-04-28T06:49:08,2026-04-28T06:49:08,1
303142,18000,146,MN,5453,001,,Songinokhairkhan,full,,,mongol-shuudan-via-bekkaze,,2026-04-28T06:49:08,2026-04-28T06:49:08,1
303143,18010,146,MN,5453,001,,Баянхошуу-1-1,full,,,mongol-shuudan-via-bekkaze,,2026-04-28T06:49:08,2026-04-28T06:49:08,1
303144,18011,146,MN,5453,001,,Баянхошуу-1-2,full,,,mongol-shuudan-via-bekkaze,,2026-04-28T06:49:08,2026-04-28T06:49:08,1
303145,18020,146,MN,5453,001,,Наран-2,full,,,mongol-shuudan-via-bekkaze,,2026-04-28T06:49:08,2026-04-28T06:49:08,1
303146,18030,146,MN,5453,001,,1-р хороолол-1,full,,,mongol-shuudan-via-bekkaze,,2026-04-28T06:49:08,2026-04-28T06:49:08,1
303147,18031,146,MN,5453,001,,1-р хороолол-2,full,,,mongol-shuudan-via-bekkaze,,2026-04-28T06:49:08,2026-04-28T06:49:08,1
303148,18032,146,MN,5453,001,,1-р хороолол-3,full,,,mongol-shuudan-via-bekkaze,,2026-04-28T06:49:08,2026-04-28T06:49:08,1
303149,18040,146,MN,5453,001,,Өнөр хороолол,full,,,mongol-shuudan-via-bekkaze,,2026-04-28T06:49:08,2026-04-28T06:49:08,1
303150,18050,146,MN,5453,001,,Толгойтын зүүн салаа-1,full,,,mongol-shuudan-via-bekkaze,,2026-04-28T06:49:08,2026-04-28T06:49:08,1
303151,18051,146,MN,5453,001,,Толгойтын зүүн салаа-2,full,,,mongol-shuudan-via-bekkaze,,2026-04-28T06:49:08,2026-04-28T06:49:08,1
303152,18052,146,MN,5453,001,,Суурьшилгүй бүс,full,,,mongol-shuudan-via-bekkaze,,2026-04-28T06:49:08,2026-04-28T06:49:08,1
303153,18060,146,MN,5453,001,,Ханын материал-1,full,,,mongol-shuudan-via-bekkaze,,2026-04-28T06:49:08,2026-04-28T06:49:08,1
303154,18061,146,MN,5453,001,,Ханын материал-2,full,,,mongol-shuudan-via-bekkaze,,2026-04-28T06:49:08,2026-04-28T06:49:08,1
303155,18062,146,MN,5453,001,,Ханын материал-3,full,,,mongol-shuudan-via-bekkaze,,2026-04-28T06:49:08,2026-04-28T06:49:08,1
303156,18070,146,MN,5453,001,,Москва хороолол-1,full,,,mongol-shuudan-via-bekkaze,,2026-04-28T06:49:08,2026-04-28T06:49:08,1
303157,18071,146,MN,5453,001,,Москва хороолол-2,full,,,mongol-shuudan-via-bekkaze,,2026-04-28T06:49:08,2026-04-28T06:49:08,1
303158,18072,146,MN,5453,001,,Москва хороолол-3,full,,,mongol-shuudan-via-bekkaze,,2026-04-28T06:49:08,2026-04-28T06:49:08,1
303159,18080,146,MN,5453,001,,21-р хороолол-1,full,,,mongol-shuudan-via-bekkaze,,2026-04-28T06:49:08,2026-04-28T06:49:08,1
303160,18081,146,MN,5453,001,,21-р хороолол-2,full,,,mongol-shuudan-via-bekkaze,,2026-04-28T06:49:08,2026-04-28T06:49:08,1
303161,18082,146,MN,5453,001,,21-р хороолол-3,full,,,mongol-shuudan-via-bekkaze,,2026-04-28T06:49:08,2026-04-28T06:49:08,1
303162,18090,146,MN,5453,001,,Баянхошуу-2,full,,,mongol-shuudan-via-bekkaze,,2026-04-28T06:49:08,2026-04-28T06:49:08,1
303163,18100,146,MN,5453,001,,Толгойт-1,full,,,mongol-shuudan-via-bekkaze,,2026-04-28T06:49:08,2026-04-28T06:49:08,1
303164,18101,146,MN,5453,001,,Толгойт-2,full,,,mongol-shuudan-via-bekkaze,,2026-04-28T06:49:08,2026-04-28T06:49:08,1
303165,18102,146,MN,5453,001,,Толгойт-3,full,,,mongol-shuudan-via-bekkaze,,2026-04-28T06:49:08,2026-04-28T06:49:08,1
303166,18103,146,MN,5453,001,,Толгойт-4,full,,,mongol-shuudan-via-bekkaze,,2026-04-28T06:49:08,2026-04-28T06:49:08,1
303167,18104,146,MN,5453,001,,Толгойт-5,full,,,mongol-shuudan-via-bekkaze,,2026-04-28T06:49:08,2026-04-28T06:49:08,1
303168,18105,146,MN,5453,001,,Толгойт-6,full,,,mongol-shuudan-via-bekkaze,,2026-04-28T06:49:08,2026-04-28T06:49:08,1
303169,18110,146,MN,5453,001,,Богдын ар,full,,,mongol-shuudan-via-bekkaze,,2026-04-28T06:49:08,2026-04-28T06:49:08,1
303170,18120,146,MN,5453,001,,Ар гүнт,full,,,mongol-shuudan-via-bekkaze,,2026-04-28T06:49:08,2026-04-28T06:49:08,1
303171,18130,146,MN,5453,001,,Сонсголон-1,full,,,mongol-shuudan-via-bekkaze,,2026-04-28T06:49:08,2026-04-28T06:49:08,1
303172,18131,146,MN,5453,001,,Сонсголон-2,full,,,mongol-shuudan-via-bekkaze,,2026-04-28T06:49:08,2026-04-28T06:49:08,1
303173,18132,146,MN,5453,001,,Сонсголон-3,full,,,mongol-shuudan-via-bekkaze,,2026-04-28T06:49:08,2026-04-28T06:49:08,1
303174,18133,146,MN,5453,001,,Сонсголон-4,full,,,mongol-shuudan-via-bekkaze,,2026-04-28T06:49:08,2026-04-28T06:49:08,1
303175,18134,146,MN,5453,001,,Сонсголон-5,full,,,mongol-shuudan-via-bekkaze,,2026-04-28T06:49:08,2026-04-28T06:49:08,1
303176,18135,146,MN,5453,001,,Сонсголон-6,full,,,mongol-shuudan-via-bekkaze,,2026-04-28T06:49:08,2026-04-28T06:49:08,1
303177,18140,146,MN,5453,001,,Наран-1,full,,,mongol-shuudan-via-bekkaze,,2026-04-28T06:49:08,2026-04-28T06:49:08,1
303178,18141,146,MN,5453,001,,Наран-2,full,,,mongol-shuudan-via-bekkaze,,2026-04-28T06:49:08,2026-04-28T06:49:08,1
303179,18150,146,MN,5453,001,,Толгойтын баруун салаа-1,full,,,mongol-shuudan-via-bekkaze,,2026-04-28T06:49:08,2026-04-28T06:49:08,1
303180,18151,146,MN,5453,001,,Толгойтын баруун салаа-2,full,,,mongol-shuudan-via-bekkaze,,2026-04-28T06:49:08,2026-04-28T06:49:08,1
303181,18152,146,MN,5453,001,,Суурьшилгүй бүс,full,,,mongol-shuudan-via-bekkaze,,2026-04-28T06:49:08,2026-04-28T06:49:08,1
303182,18160,146,MN,5453,001,,Их наран,full,,,mongol-shuudan-via-bekkaze,,2026-04-28T06:49:08,2026-04-28T06:49:08,1
303183,18170,146,MN,5453,001,,Орбит-1,full,,,mongol-shuudan-via-bekkaze,,2026-04-28T06:49:08,2026-04-28T06:49:08,1
303184,18171,146,MN,5453,001,,Орбит-2,full,,,mongol-shuudan-via-bekkaze,,2026-04-28T06:49:08,2026-04-28T06:49:08,1
303185,18172,146,MN,5453,001,,Орбит-3,full,,,mongol-shuudan-via-bekkaze,,2026-04-28T06:49:08,2026-04-28T06:49:08,1
303186,18173,146,MN,5453,001,,Орбит-4,full,,,mongol-shuudan-via-bekkaze,,2026-04-28T06:49:08,2026-04-28T06:49:08,1
303187,18180,146,MN,5453,001,,Баянголын ам-1,full,,,mongol-shuudan-via-bekkaze,,2026-04-28T06:49:08,2026-04-28T06:49:08,1
303188,18181,146,MN,5453,001,,Баянголын ам-2,full,,,mongol-shuudan-via-bekkaze,,2026-04-28T06:49:08,2026-04-28T06:49:08,1
303189,18182,146,MN,5453,001,,Баянголын ам-3,full,,,mongol-shuudan-via-bekkaze,,2026-04-28T06:49:08,2026-04-28T06:49:08,1
303190,18183,146,MN,5453,001,,Баянголын ам-4,full,,,mongol-shuudan-via-bekkaze,,2026-04-28T06:49:08,2026-04-28T06:49:08,1
303191,18190,146,MN,5453,001,,Баянголын ам-5,full,,,mongol-shuudan-via-bekkaze,,2026-04-28T06:49:08,2026-04-28T06:49:08,1
303192,18191,146,MN,5453,001,,Баянголын ам-6,full,,,mongol-shuudan-via-bekkaze,,2026-04-28T06:49:08,2026-04-28T06:49:08,1
303193,18192,146,MN,5453,001,,Баянголын ам-7,full,,,mongol-shuudan-via-bekkaze,,2026-04-28T06:49:08,2026-04-28T06:49:08,1
303194,18193,146,MN,5453,001,,Баянголын ам-8,full,,,mongol-shuudan-via-bekkaze,,2026-04-28T06:49:08,2026-04-28T06:49:08,1
303195,18200,146,MN,5453,001,,Цагаан бургас,full,,,mongol-shuudan-via-bekkaze,,2026-04-28T06:49:08,2026-04-28T06:49:08,1
303196,18210,146,MN,5453,001,,335-ын гарам,full,,,mongol-shuudan-via-bekkaze,,2026-04-28T06:49:08,2026-04-28T06:49:08,1
303197,18211,146,MN,5453,001,,Суурьшилгүй бүс,full,,,mongol-shuudan-via-bekkaze,,2026-04-28T06:49:08,2026-04-28T06:49:08,1
303198,18212,146,MN,5453,001,,Бороочийн ам,full,,,mongol-shuudan-via-bekkaze,,2026-04-28T06:49:08,2026-04-28T06:49:08,1
303199,18213,146,MN,5453,001,,Өвөр уулын овоо,full,,,mongol-shuudan-via-bekkaze,,2026-04-28T06:49:08,2026-04-28T06:49:08,1
303200,18214,146,MN,5453,001,,Суурьшилгүй бүс,full,,,mongol-shuudan-via-bekkaze,,2026-04-28T06:49:08,2026-04-28T06:49:08,1
303201,18215,146,MN,5453,001,,Халзангийн ам,full,,,mongol-shuudan-via-bekkaze,,2026-04-28T06:49:08,2026-04-28T06:49:08,1
303202,18216,146,MN,5453,001,,Хүйн хөндий,full,,,mongol-shuudan-via-bekkaze,,2026-04-28T06:49:08,2026-04-28T06:49:08,1
303203,18217,146,MN,5453,001,,335-ын гарам,full,,,mongol-shuudan-via-bekkaze,,2026-04-28T06:49:08,2026-04-28T06:49:08,1
303204,18218,146,MN,5453,001,,Суурьшилгүй бүс,full,,,mongol-shuudan-via-bekkaze,,2026-04-28T06:49:08,2026-04-28T06:49:08,1
303205,18220,146,MN,5453,001,,Найрамдал 1,full,,,mongol-shuudan-via-bekkaze,,2026-04-28T06:49:08,2026-04-28T06:49:08,1
303206,18221,146,MN,5453,001,,Найрамдал 2,full,,,mongol-shuudan-via-bekkaze,,2026-04-28T06:49:08,2026-04-28T06:49:08,1
303207,18222,146,MN,5453,001,,Найрамдал 3,full,,,mongol-shuudan-via-bekkaze,,2026-04-28T06:49:08,2026-04-28T06:49:08,1
303208,18223,146,MN,5453,001,,Найрамдал 4,full,,,mongol-shuudan-via-bekkaze,,2026-04-28T06:49:08,2026-04-28T06:49:08,1
303209,18224,146,MN,5453,001,,Найрамдал 5,full,,,mongol-shuudan-via-bekkaze,,2026-04-28T06:49:08,2026-04-28T06:49:08,1
303210,18225,146,MN,5453,001,,Найрамдал 6,full,,,mongol-shuudan-via-bekkaze,,2026-04-28T06:49:08,2026-04-28T06:49:08,1
303211,18230,146,MN,5453,001,,Овоот тосгон,full,,,mongol-shuudan-via-bekkaze,,2026-04-28T06:49:08,2026-04-28T06:49:08,1
303212,18240,146,MN,5453,001,,Тахилт,full,,,mongol-shuudan-via-bekkaze,,2026-04-28T06:49:08,2026-04-28T06:49:08,1
303213,18241,146,MN,5453,001,,Суурьшилгүй бүс,full,,,mongol-shuudan-via-bekkaze,,2026-04-28T06:49:08,2026-04-28T06:49:08,1
303214,18242,146,MN,5453,001,,Тахилтын хөндий,full,,,mongol-shuudan-via-bekkaze,,2026-04-28T06:49:08,2026-04-28T06:49:08,1
303215,18250,146,MN,5453,001,,Шижиртийн даваа,full,,,mongol-shuudan-via-bekkaze,,2026-04-28T06:49:08,2026-04-28T06:49:08,1
303216,18260,146,MN,5453,001,,Хустайн ам,full,,,mongol-shuudan-via-bekkaze,,2026-04-28T06:49:08,2026-04-28T06:49:08,1
303217,18270,146,MN,5453,001,,Хотын шинэ төв,full,,,mongol-shuudan-via-bekkaze,,2026-04-28T06:49:08,2026-04-28T06:49:08,1
303218,18271,146,MN,5453,001,,Авто худалдааны цогцолбор,full,,,mongol-shuudan-via-bekkaze,,2026-04-28T06:49:08,2026-04-28T06:49:08,1
303219,18280,146,MN,5453,001,,Бурхант,full,,,mongol-shuudan-via-bekkaze,,2026-04-28T06:49:08,2026-04-28T06:49:08,1
303220,18290,146,MN,5453,001,,Ханан,full,,,mongol-shuudan-via-bekkaze,,2026-04-28T06:49:08,2026-04-28T06:49:08,1
303221,18300,146,MN,5453,001,,Шижир,full,,,mongol-shuudan-via-bekkaze,,2026-04-28T06:49:08,2026-04-28T06:49:08,1
303222,18310,146,MN,5453,001,,Шар цэцэгт,full,,,mongol-shuudan-via-bekkaze,,2026-04-28T06:49:08,2026-04-28T06:49:08,1
303223,18311,146,MN,5453,001,,Соёондын ам,full,,,mongol-shuudan-via-bekkaze,,2026-04-28T06:49:08,2026-04-28T06:49:08,1
303224,18312,146,MN,5453,001,,Таширын ам,full,,,mongol-shuudan-via-bekkaze,,2026-04-28T06:49:08,2026-04-28T06:49:08,1
303225,18320,146,MN,5453,001,,Зүүн туруун,full,,,mongol-shuudan-via-bekkaze,,2026-04-28T06:49:08,2026-04-28T06:49:08,1
303226,18330,146,MN,5453,001,,Жаргалант тос,full,,,mongol-shuudan-via-bekkaze,,2026-04-28T06:49:08,2026-04-28T06:49:08,1
303227,18340,146,MN,5453,001,,Баруун туруун,full,,,mongol-shuudan-via-bekkaze,,2026-04-28T06:49:08,2026-04-28T06:49:08,1
303228,18341,146,MN,5453,001,,Суурьшилгүй бүс,full,,,mongol-shuudan-via-bekkaze,,2026-04-28T06:49:08,2026-04-28T06:49:08,1
303229,18350,146,MN,5453,001,,Тахир соёот,full,,,mongol-shuudan-via-bekkaze,,2026-04-28T06:49:08,2026-04-28T06:49:08,1
303230,18360,146,MN,5453,001,,347-ийн гарам,full,,,mongol-shuudan-via-bekkaze,,2026-04-28T06:49:08,2026-04-28T06:49:08,1
303231,18361,146,MN,5453,001,,Жаргалант тосгон,full,,,mongol-shuudan-via-bekkaze,,2026-04-28T06:49:08,2026-04-28T06:49:08,1
303232,18370,146,MN,5453,001,,Саалийн ам,full,,,mongol-shuudan-via-bekkaze,,2026-04-28T06:49:08,2026-04-28T06:49:08,1
303233,18380,146,MN,5453,001,,Аюушийн ам,full,,,mongol-shuudan-via-bekkaze,,2026-04-28T06:49:08,2026-04-28T06:49:08,1
303234,18390,146,MN,5453,001,,Рашаант тосго,full,,,mongol-shuudan-via-bekkaze,,2026-04-28T06:49:08,2026-04-28T06:49:08,1
303235,18400,146,MN,5453,001,,Эмээлт,full,,,mongol-shuudan-via-bekkaze,,2026-04-28T06:49:08,2026-04-28T06:49:08,1
303236,18401,146,MN,5453,001,,Эмээлт -2,full,,,mongol-shuudan-via-bekkaze,,2026-04-28T06:49:08,2026-04-28T06:49:08,1
303237,18402,146,MN,5453,001,,Суурьшилгүй бүс,full,,,mongol-shuudan-via-bekkaze,,2026-04-28T06:49:08,2026-04-28T06:49:08,1
303238,18403,146,MN,5453,001,,Долоон худгийн хөндий,full,,,mongol-shuudan-via-bekkaze,,2026-04-28T06:49:08,2026-04-28T06:49:08,1
303239,18404,146,MN,5453,001,,Шинэ товчоо,full,,,mongol-shuudan-via-bekkaze,,2026-04-28T06:49:08,2026-04-28T06:49:08,1
303240,18410,146,MN,5453,001,,361-ийн гарам,full,,,mongol-shuudan-via-bekkaze,,2026-04-28T06:49:08,2026-04-28T06:49:08,1
303241,18411,146,MN,5453,001,,Суурьшилгүй бүс,full,,,mongol-shuudan-via-bekkaze,,2026-04-28T06:49:08,2026-04-28T06:49:08,1
303242,18412,146,MN,5453,001,,Суурьшилгүй бүс,full,,,mongol-shuudan-via-bekkaze,,2026-04-28T06:49:08,2026-04-28T06:49:08,1
303243,18420,146,MN,5453,001,,Хурганы сангийн аж ахуй,full,,,mongol-shuudan-via-bekkaze,,2026-04-28T06:49:08,2026-04-28T06:49:08,1
303244,18430,146,MN,5453,001,,Нарийн,full,,,mongol-shuudan-via-bekkaze,,2026-04-28T06:49:08,2026-04-28T06:49:08,1
303245,18440,146,MN,5453,001,,369-ын гарам,full,,,mongol-shuudan-via-bekkaze,,2026-04-28T06:49:08,2026-04-28T06:49:08,1
303246,18450,146,MN,5453,001,,Хужиртын даваа,full,,,mongol-shuudan-via-bekkaze,,2026-04-28T06:49:08,2026-04-28T06:49:08,1
303247,18460,146,MN,5453,001,,Хүй 7 худаг,full,,,mongol-shuudan-via-bekkaze,,2026-04-28T06:49:08,2026-04-28T06:49:08,1
303248,18470,146,MN,5453,001,,Дунд дүүрэн ам,full,,,mongol-shuudan-via-bekkaze,,2026-04-28T06:49:08,2026-04-28T06:49:08,1
303249,18471,146,MN,5453,001,,Суурьшилгүй бүс,full,,,mongol-shuudan-via-bekkaze,,2026-04-28T06:49:08,2026-04-28T06:49:08,1
303250,18472,146,MN,5453,001,,Эмээлт уулын баруун хоолой,full,,,mongol-shuudan-via-bekkaze,,2026-04-28T06:49:08,2026-04-28T06:49:08,1
303251,18480,146,MN,5453,001,,Хөх асар,full,,,mongol-shuudan-via-bekkaze,,2026-04-28T06:49:08,2026-04-28T06:49:08,1
303252,18490,146,MN,5453,001,,Дааган толгой,full,,,mongol-shuudan-via-bekkaze,,2026-04-28T06:49:08,2026-04-28T06:49:08,1
303253,18500,146,MN,5453,001,,Их булаг,full,,,mongol-shuudan-via-bekkaze,,2026-04-28T06:49:08,2026-04-28T06:49:08,1
303254,18501,146,MN,5453,001,,Суурьшилгүй бүс,full,,,mongol-shuudan-via-bekkaze,,2026-04-28T06:49:08,2026-04-28T06:49:08,1
303255,18510,146,MN,5453,001,,Замтын булаг,full,,,mongol-shuudan-via-bekkaze,,2026-04-28T06:49:08,2026-04-28T06:49:08,1
303256,18520,146,MN,5453,001,,Сүүж,full,,,mongol-shuudan-via-bekkaze,,2026-04-28T06:49:08,2026-04-28T06:49:08,1
303257,18530,146,MN,5453,001,,Хөндлөнгийн ам,full,,,mongol-shuudan-via-bekkaze,,2026-04-28T06:49:08,2026-04-28T06:49:08,1
303258,18540,146,MN,5453,001,,Бүрдийн ам,full,,,mongol-shuudan-via-bekkaze,,2026-04-28T06:49:08,2026-04-28T06:49:08,1
303259,18550,146,MN,5453,001,,Суурьшилгүй бүс,full,,,mongol-shuudan-via-bekkaze,,2026-04-28T06:49:08,2026-04-28T06:49:08,1
303260,21000,146,MN,1963,061,,Dornod,full,,,mongol-shuudan-via-bekkaze,,2026-04-28T06:49:08,2026-04-28T06:49:08,1
303261,21010,146,MN,1963,061,,Халхгол сум,full,,,mongol-shuudan-via-bekkaze,,2026-04-28T06:49:08,2026-04-28T06:49:08,1
303262,21011,146,MN,1963,061,,Цогтсүмбэр,full,,,mongol-shuudan-via-bekkaze,,2026-04-28T06:49:08,2026-04-28T06:49:08,1
303263,21013,146,MN,1963,061,,Ялалт,full,,,mongol-shuudan-via-bekkaze,,2026-04-28T06:49:08,2026-04-28T06:49:08,1
303264,21015,146,MN,1963,061,,Ташгай,full,,,mongol-shuudan-via-bekkaze,,2026-04-28T06:49:08,2026-04-28T06:49:08,1
303265,21020,146,MN,1963,061,,Матад сум,full,,,mongol-shuudan-via-bekkaze,,2026-04-28T06:49:08,2026-04-28T06:49:08,1
303266,21021,146,MN,1963,061,,Түмэнхаан,full,,,mongol-shuudan-via-bekkaze,,2026-04-28T06:49:08,2026-04-28T06:49:08,1
303267,21022,146,MN,1963,061,,Мэнэн,full,,,mongol-shuudan-via-bekkaze,,2026-04-28T06:49:08,2026-04-28T06:49:08,1
303268,21023,146,MN,1963,061,,Буян Өндөр,full,,,mongol-shuudan-via-bekkaze,,2026-04-28T06:49:08,2026-04-28T06:49:08,1
303269,21025,146,MN,1963,061,,Баянхангай,full,,,mongol-shuudan-via-bekkaze,,2026-04-28T06:49:08,2026-04-28T06:49:08,1
303270,21027,146,MN,1963,061,,Жаргалант,full,,,mongol-shuudan-via-bekkaze,,2026-04-28T06:49:08,2026-04-28T06:49:08,1
303271,21029,146,MN,1963,061,,Эрдэнэбадрах,full,,,mongol-shuudan-via-bekkaze,,2026-04-28T06:49:08,2026-04-28T06:49:08,1
303272,21030,146,MN,1963,061,,Чулуунхороот,full,,,mongol-shuudan-via-bekkaze,,2026-04-28T06:49:08,2026-04-28T06:49:08,1
303273,21031,146,MN,1963,061,,Цагаанчулуут,full,,,mongol-shuudan-via-bekkaze,,2026-04-28T06:49:08,2026-04-28T06:49:08,1
303274,21033,146,MN,1963,061,,Дэлгэр,full,,,mongol-shuudan-via-bekkaze,,2026-04-28T06:49:08,2026-04-28T06:49:08,1
303275,21035,146,MN,1963,061,,Галуут,full,,,mongol-shuudan-via-bekkaze,,2026-04-28T06:49:08,2026-04-28T06:49:08,1
303276,21040,146,MN,1963,061,,Чойбалсан,full,,,mongol-shuudan-via-bekkaze,,2026-04-28T06:49:08,2026-04-28T06:49:08,1
303277,21041,146,MN,1963,061,,Энгэр шанд,full,,,mongol-shuudan-via-bekkaze,,2026-04-28T06:49:08,2026-04-28T06:49:08,1
303278,21043,146,MN,1963,061,,Хулстай,full,,,mongol-shuudan-via-bekkaze,,2026-04-28T06:49:08,2026-04-28T06:49:08,1
303279,21045,146,MN,1963,061,,Сүмбэр,full,,,mongol-shuudan-via-bekkaze,,2026-04-28T06:49:08,2026-04-28T06:49:08,1
303280,21047,146,MN,1963,061,,Хөх нуурт,full,,,mongol-shuudan-via-bekkaze,,2026-04-28T06:49:08,2026-04-28T06:49:08,1
303281,21050,146,MN,1963,061,,Баянтүмэн,full,,,mongol-shuudan-via-bekkaze,,2026-04-28T06:49:08,2026-04-28T06:49:08,1
303282,21051,146,MN,1963,061,,Жаргалант,full,,,mongol-shuudan-via-bekkaze,,2026-04-28T06:49:08,2026-04-28T06:49:08,1
303283,21053,146,MN,1963,061,,Өлзийт,full,,,mongol-shuudan-via-bekkaze,,2026-04-28T06:49:08,2026-04-28T06:49:08,1
303284,21054,146,MN,1963,061,,Хотонт,full,,,mongol-shuudan-via-bekkaze,,2026-04-28T06:49:08,2026-04-28T06:49:08,1
303285,21055,146,MN,1963,061,,Цагаан дэрс,full,,,mongol-shuudan-via-bekkaze,,2026-04-28T06:49:08,2026-04-28T06:49:08,1
303286,21060,146,MN,1963,061,,Хэрлэн сум,full,,,mongol-shuudan-via-bekkaze,,2026-04-28T06:49:08,2026-04-28T06:49:08,1
303287,21061,146,MN,1963,061,,6-р баг,full,,,mongol-shuudan-via-bekkaze,,2026-04-28T06:49:08,2026-04-28T06:49:08,1
303288,21062,146,MN,1963,061,,11-р баг,full,,,mongol-shuudan-via-bekkaze,,2026-04-28T06:49:08,2026-04-28T06:49:08,1
303289,21063,146,MN,1963,061,,7-р баг,full,,,mongol-shuudan-via-bekkaze,,2026-04-28T06:49:08,2026-04-28T06:49:08,1
303290,21065,146,MN,1963,061,,1-р баг,full,,,mongol-shuudan-via-bekkaze,,2026-04-28T06:49:08,2026-04-28T06:49:08,1
303291,21067,146,MN,1963,061,,2-р сум,full,,,mongol-shuudan-via-bekkaze,,2026-04-28T06:49:08,2026-04-28T06:49:08,1
303292,21069,146,MN,1963,061,,3-р сум,full,,,mongol-shuudan-via-bekkaze,,2026-04-28T06:49:08,2026-04-28T06:49:08,1
303293,21071,146,MN,1963,061,,10-р баг,full,,,mongol-shuudan-via-bekkaze,,2026-04-28T06:49:08,2026-04-28T06:49:08,1
303294,21073,146,MN,1963,061,,4-р баг,full,,,mongol-shuudan-via-bekkaze,,2026-04-28T06:49:08,2026-04-28T06:49:08,1
303295,21075,146,MN,1963,061,,9-р баг,full,,,mongol-shuudan-via-bekkaze,,2026-04-28T06:49:08,2026-04-28T06:49:08,1
303296,21077,146,MN,1963,061,,5-р баг,full,,,mongol-shuudan-via-bekkaze,,2026-04-28T06:49:08,2026-04-28T06:49:08,1
303297,21079,146,MN,1963,061,,8-р баг,full,,,mongol-shuudan-via-bekkaze,,2026-04-28T06:49:08,2026-04-28T06:49:08,1
303298,21080,146,MN,1963,061,,Гурванзагал сум,full,,,mongol-shuudan-via-bekkaze,,2026-04-28T06:49:08,2026-04-28T06:49:08,1
303299,21081,146,MN,1963,061,,Рашаант,full,,,mongol-shuudan-via-bekkaze,,2026-04-28T06:49:08,2026-04-28T06:49:08,1
303300,21082,146,MN,1963,061,,Сүмийн булаг,full,,,mongol-shuudan-via-bekkaze,,2026-04-28T06:49:08,2026-04-28T06:49:08,1
303301,21083,146,MN,1963,061,,Цагаан хошуу,full,,,mongol-shuudan-via-bekkaze,,2026-04-28T06:49:08,2026-04-28T06:49:08,1
303302,21090,146,MN,1963,061,,Булган сум,full,,,mongol-shuudan-via-bekkaze,,2026-04-28T06:49:08,2026-04-28T06:49:08,1
303303,21091,146,MN,1963,061,,Баян-Уул,full,,,mongol-shuudan-via-bekkaze,,2026-04-28T06:49:08,2026-04-28T06:49:08,1
303304,21093,146,MN,1963,061,,Хулсан шанд,full,,,mongol-shuudan-via-bekkaze,,2026-04-28T06:49:08,2026-04-28T06:49:08,1
303305,21095,146,MN,1963,061,,Өндөр хошуу,full,,,mongol-shuudan-via-bekkaze,,2026-04-28T06:49:08,2026-04-28T06:49:08,1
303306,21097,146,MN,1963,061,,Чулуут,full,,,mongol-shuudan-via-bekkaze,,2026-04-28T06:49:08,2026-04-28T06:49:08,1
303307,21100,146,MN,1963,061,,Дашбалбар сум,full,,,mongol-shuudan-via-bekkaze,,2026-04-28T06:49:08,2026-04-28T06:49:08,1
303308,21101,146,MN,1963,061,,Чух номинт,full,,,mongol-shuudan-via-bekkaze,,2026-04-28T06:49:08,2026-04-28T06:49:08,1
303309,21102,146,MN,1963,061,,Номинт,full,,,mongol-shuudan-via-bekkaze,,2026-04-28T06:49:08,2026-04-28T06:49:08,1
303310,21103,146,MN,1963,061,,Улз,full,,,mongol-shuudan-via-bekkaze,,2026-04-28T06:49:08,2026-04-28T06:49:08,1
303311,21105,146,MN,1963,061,,Сэвсүүл Жараахай,full,,,mongol-shuudan-via-bekkaze,,2026-04-28T06:49:08,2026-04-28T06:49:08,1
303312,21107,146,MN,1963,061,,Харзат,full,,,mongol-shuudan-via-bekkaze,,2026-04-28T06:49:08,2026-04-28T06:49:08,1
303313,21110,146,MN,1963,061,,Сэргэлэн,full,,,mongol-shuudan-via-bekkaze,,2026-04-28T06:49:08,2026-04-28T06:49:08,1
303314,21111,146,MN,1963,061,,Очирхүрээ,full,,,mongol-shuudan-via-bekkaze,,2026-04-28T06:49:08,2026-04-28T06:49:08,1
303315,21113,146,MN,1963,061,,Галын гол,full,,,mongol-shuudan-via-bekkaze,,2026-04-28T06:49:08,2026-04-28T06:49:08,1
303316,21115,146,MN,1963,061,,Баян,full,,,mongol-shuudan-via-bekkaze,,2026-04-28T06:49:08,2026-04-28T06:49:08,1
303317,21117,146,MN,1963,061,,Барчин,full,,,mongol-shuudan-via-bekkaze,,2026-04-28T06:49:08,2026-04-28T06:49:08,1
303318,21119,146,MN,1963,061,,Хурган,full,,,mongol-shuudan-via-bekkaze,,2026-04-28T06:49:08,2026-04-28T06:49:08,1
303319,21120,146,MN,1963,061,,Баяндун,full,,,mongol-shuudan-via-bekkaze,,2026-04-28T06:49:08,2026-04-28T06:49:08,1
303320,21121,146,MN,1963,061,,Хайрхан,full,,,mongol-shuudan-via-bekkaze,,2026-04-28T06:49:08,2026-04-28T06:49:08,1
303321,21123,146,MN,1963,061,,Яргай,full,,,mongol-shuudan-via-bekkaze,,2026-04-28T06:49:08,2026-04-28T06:49:08,1
303322,21125,146,MN,1963,061,,Түргэн,full,,,mongol-shuudan-via-bekkaze,,2026-04-28T06:49:08,2026-04-28T06:49:08,1
303323,21127,146,MN,1963,061,,Наран,full,,,mongol-shuudan-via-bekkaze,,2026-04-28T06:49:08,2026-04-28T06:49:08,1
303324,21130,146,MN,1963,061,,Цагаан-Овоо,full,,,mongol-shuudan-via-bekkaze,,2026-04-28T06:49:08,2026-04-28T06:49:08,1
303325,21131,146,MN,1963,061,,Зүрх,full,,,mongol-shuudan-via-bekkaze,,2026-04-28T06:49:08,2026-04-28T06:49:08,1
303326,21133,146,MN,1963,061,,Хүрээт,full,,,mongol-shuudan-via-bekkaze,,2026-04-28T06:49:08,2026-04-28T06:49:08,1
303327,21135,146,MN,1963,061,,Баянгол,full,,,mongol-shuudan-via-bekkaze,,2026-04-28T06:49:08,2026-04-28T06:49:08,1
303328,21137,146,MN,1963,061,,Хөөвөр,full,,,mongol-shuudan-via-bekkaze,,2026-04-28T06:49:08,2026-04-28T06:49:08,1
303329,21139,146,MN,1963,061,,Гүн цэнгэлэг,full,,,mongol-shuudan-via-bekkaze,,2026-04-28T06:49:08,2026-04-28T06:49:08,1
303330,21141,146,MN,1963,061,,Элст,full,,,mongol-shuudan-via-bekkaze,,2026-04-28T06:49:08,2026-04-28T06:49:08,1
303331,21150,146,MN,1963,061,,Хөлөнбуйр сум,full,,,mongol-shuudan-via-bekkaze,,2026-04-28T06:49:08,2026-04-28T06:49:08,1
303332,21151,146,MN,1963,061,,Баян,full,,,mongol-shuudan-via-bekkaze,,2026-04-28T06:49:08,2026-04-28T06:49:08,1
303333,21152,146,MN,1963,061,,Баян-Уул,full,,,mongol-shuudan-via-bekkaze,,2026-04-28T06:49:08,2026-04-28T06:49:08,1
303334,21153,146,MN,1963,061,,Батхаан,full,,,mongol-shuudan-via-bekkaze,,2026-04-28T06:49:08,2026-04-28T06:49:08,1
303335,21160,146,MN,1963,061,,Баян-Уул,full,,,mongol-shuudan-via-bekkaze,,2026-04-28T06:49:08,2026-04-28T06:49:08,1
303336,21161,146,MN,1963,061,,Битүүгийн адаг,full,,,mongol-shuudan-via-bekkaze,,2026-04-28T06:49:08,2026-04-28T06:49:08,1
303337,21163,146,MN,1963,061,,Хар чулуут,full,,,mongol-shuudan-via-bekkaze,,2026-04-28T06:49:08,2026-04-28T06:49:08,1
303338,21165,146,MN,1963,061,,Өвөр эрээн,full,,,mongol-shuudan-via-bekkaze,,2026-04-28T06:49:08,2026-04-28T06:49:08,1
303339,21167,146,MN,1963,061,,Жаварт хошуу,full,,,mongol-shuudan-via-bekkaze,,2026-04-28T06:49:08,2026-04-28T06:49:08,1
303340,21169,146,MN,1963,061,,Бэрх,full,,,mongol-shuudan-via-bekkaze,,2026-04-28T06:49:08,2026-04-28T06:49:08,1
303341,21171,146,MN,1963,061,,Уртын адаг,full,,,mongol-shuudan-via-bekkaze,,2026-04-28T06:49:08,2026-04-28T06:49:08,1
303342,22000,146,MN,1977,051,,Sukhbaatar,full,,,mongol-shuudan-via-bekkaze,,2026-04-28T06:49:08,2026-04-28T06:49:08,1
303343,22010,146,MN,1977,051,,Эрдэнэцагаан,full,,,mongol-shuudan-via-bekkaze,,2026-04-28T06:49:08,2026-04-28T06:49:08,1
303344,22011,146,MN,1977,051,,Хөндлөн хайлааст,full,,,mongol-shuudan-via-bekkaze,,2026-04-28T06:49:08,2026-04-28T06:49:08,1
303345,22013,146,MN,1977,051,,Хадын булаг,full,,,mongol-shuudan-via-bekkaze,,2026-04-28T06:49:08,2026-04-28T06:49:08,1
303346,22015,146,MN,1977,051,,Билүүт,full,,,mongol-shuudan-via-bekkaze,,2026-04-28T06:49:08,2026-04-28T06:49:08,1
303347,22017,146,MN,1977,051,,Цагаан-Овоо,full,,,mongol-shuudan-via-bekkaze,,2026-04-28T06:49:08,2026-04-28T06:49:08,1
303348,22019,146,MN,1977,051,,Хонгор,full,,,mongol-shuudan-via-bekkaze,,2026-04-28T06:49:08,2026-04-28T06:49:08,1
303349,22021,146,MN,1977,051,,Бадрах,full,,,mongol-shuudan-via-bekkaze,,2026-04-28T06:49:08,2026-04-28T06:49:08,1
303350,22023,146,MN,1977,051,,Жаргалант,full,,,mongol-shuudan-via-bekkaze,,2026-04-28T06:49:08,2026-04-28T06:49:08,1
303351,22025,146,MN,1977,051,,Алтан-Овоо,full,,,mongol-shuudan-via-bekkaze,,2026-04-28T06:49:08,2026-04-28T06:49:08,1
303352,22030,146,MN,1977,051,,Сүхбаатар,full,,,mongol-shuudan-via-bekkaze,,2026-04-28T06:49:08,2026-04-28T06:49:08,1
303353,22031,146,MN,1977,051,,Баянгол,full,,,mongol-shuudan-via-bekkaze,,2026-04-28T06:49:08,2026-04-28T06:49:08,1
303354,22033,146,MN,1977,051,,Хулгар,full,,,mongol-shuudan-via-bekkaze,,2026-04-28T06:49:08,2026-04-28T06:49:08,1
303355,22035,146,MN,1977,051,,Хайлааст,full,,,mongol-shuudan-via-bekkaze,,2026-04-28T06:49:08,2026-04-28T06:49:08,1
303356,22037,146,MN,1977,051,,Шинэбулаг,full,,,mongol-shuudan-via-bekkaze,,2026-04-28T06:49:08,2026-04-28T06:49:08,1
303357,22039,146,MN,1977,051,,Сайншанд,full,,,mongol-shuudan-via-bekkaze,,2026-04-28T06:49:08,2026-04-28T06:49:08,1
303358,22040,146,MN,1977,051,,Дарьганга,full,,,mongol-shuudan-via-bekkaze,,2026-04-28T06:49:08,2026-04-28T06:49:08,1
303359,22041,146,MN,1977,051,,Бадрах,full,,,mongol-shuudan-via-bekkaze,,2026-04-28T06:49:08,2026-04-28T06:49:08,1
303360,22043,146,MN,1977,051,,Өрнө дэрс,full,,,mongol-shuudan-via-bekkaze,,2026-04-28T06:49:08,2026-04-28T06:49:08,1
303361,22045,146,MN,1977,051,,Овоот,full,,,mongol-shuudan-via-bekkaze,,2026-04-28T06:49:08,2026-04-28T06:49:08,1
303362,22047,146,MN,1977,051,,Аман-Ус,full,,,mongol-shuudan-via-bekkaze,,2026-04-28T06:49:08,2026-04-28T06:49:08,1
303363,22050,146,MN,1977,051,,Асгат,full,,,mongol-shuudan-via-bekkaze,,2026-04-28T06:49:08,2026-04-28T06:49:08,1
303364,22051,146,MN,1977,051,,Дөхөм,full,,,mongol-shuudan-via-bekkaze,,2026-04-28T06:49:08,2026-04-28T06:49:08,1
303365,22053,146,MN,1977,051,,Өлзийт,full,,,mongol-shuudan-via-bekkaze,,2026-04-28T06:49:08,2026-04-28T06:49:08,1
303366,22055,146,MN,1977,051,,Жаргалан,full,,,mongol-shuudan-via-bekkaze,,2026-04-28T06:49:08,2026-04-28T06:49:08,1
303367,22057,146,MN,1977,051,,Их-Уул,full,,,mongol-shuudan-via-bekkaze,,2026-04-28T06:49:08,2026-04-28T06:49:08,1
303368,22060,146,MN,1977,051,,Наран,full,,,mongol-shuudan-via-bekkaze,,2026-04-28T06:49:08,2026-04-28T06:49:08,1
303369,22061,146,MN,1977,051,,Наранбулаг,full,,,mongol-shuudan-via-bekkaze,,2026-04-28T06:49:08,2026-04-28T06:49:08,1
303370,22063,146,MN,1977,051,,Тосонгийн гол,full,,,mongol-shuudan-via-bekkaze,,2026-04-28T06:49:08,2026-04-28T06:49:08,1
303371,22065,146,MN,1977,051,,Гүнхудаг,full,,,mongol-shuudan-via-bekkaze,,2026-04-28T06:49:08,2026-04-28T06:49:08,1
303372,22070,146,MN,1977,051,,Баруун-Урт сум,full,,,mongol-shuudan-via-bekkaze,,2026-04-28T06:49:08,2026-04-28T06:49:08,1
303373,22071,146,MN,1977,051,,9-р баг,full,,,mongol-shuudan-via-bekkaze,,2026-04-28T06:49:08,2026-04-28T06:49:08,1
303374,22073,146,MN,1977,051,,8-р баг,full,,,mongol-shuudan-via-bekkaze,,2026-04-28T06:49:08,2026-04-28T06:49:08,1
303375,22075,146,MN,1977,051,,7-р баг,full,,,mongol-shuudan-via-bekkaze,,2026-04-28T06:49:08,2026-04-28T06:49:08,1
303376,22077,146,MN,1977,051,,6-р баг,full,,,mongol-shuudan-via-bekkaze,,2026-04-28T06:49:08,2026-04-28T06:49:08,1
303377,22079,146,MN,1977,051,,5-р баг,full,,,mongol-shuudan-via-bekkaze,,2026-04-28T06:49:08,2026-04-28T06:49:08,1
303378,22081,146,MN,1977,051,,4-р баг,full,,,mongol-shuudan-via-bekkaze,,2026-04-28T06:49:08,2026-04-28T06:49:08,1
303379,22083,146,MN,1977,051,,3-р баг,full,,,mongol-shuudan-via-bekkaze,,2026-04-28T06:49:08,2026-04-28T06:49:08,1
303380,22085,146,MN,1977,051,,2-р баг,full,,,mongol-shuudan-via-bekkaze,,2026-04-28T06:49:08,2026-04-28T06:49:08,1
303381,22087,146,MN,1977,051,,1-р баг,full,,,mongol-shuudan-via-bekkaze,,2026-04-28T06:49:08,2026-04-28T06:49:08,1
303382,22090,146,MN,1977,051,,Онгон,full,,,mongol-shuudan-via-bekkaze,,2026-04-28T06:49:08,2026-04-28T06:49:08,1
303383,22091,146,MN,1977,051,,Ихбулаг,full,,,mongol-shuudan-via-bekkaze,,2026-04-28T06:49:08,2026-04-28T06:49:08,1
303384,22093,146,MN,1977,051,,Шарбүрд,full,,,mongol-shuudan-via-bekkaze,,2026-04-28T06:49:08,2026-04-28T06:49:08,1
303385,22095,146,MN,1977,051,,Цөнгөрөг,full,,,mongol-shuudan-via-bekkaze,,2026-04-28T06:49:08,2026-04-28T06:49:08,1
303386,22097,146,MN,1977,051,,Хавирга,full,,,mongol-shuudan-via-bekkaze,,2026-04-28T06:49:08,2026-04-28T06:49:08,1
303387,22099,146,MN,1977,051,,Нүдэн,full,,,mongol-shuudan-via-bekkaze,,2026-04-28T06:49:08,2026-04-28T06:49:08,1
303388,22100,146,MN,1977,051,,Халзан,full,,,mongol-shuudan-via-bekkaze,,2026-04-28T06:49:08,2026-04-28T06:49:08,1
303389,22101,146,MN,1977,051,,Сайншанд,full,,,mongol-shuudan-via-bekkaze,,2026-04-28T06:49:08,2026-04-28T06:49:08,1
303390,22103,146,MN,1977,051,,Сахиул,full,,,mongol-shuudan-via-bekkaze,,2026-04-28T06:49:08,2026-04-28T06:49:08,1
303391,22105,146,MN,1977,051,,Хатавч,full,,,mongol-shuudan-via-bekkaze,,2026-04-28T06:49:08,2026-04-28T06:49:08,1
303392,22107,146,MN,1977,051,,Халзан шанд,full,,,mongol-shuudan-via-bekkaze,,2026-04-28T06:49:08,2026-04-28T06:49:08,1
303393,22110,146,MN,1977,051,,Баяндэлгэр,full,,,mongol-shuudan-via-bekkaze,,2026-04-28T06:49:08,2026-04-28T06:49:08,1
303394,22111,146,MN,1977,051,,Хонгор,full,,,mongol-shuudan-via-bekkaze,,2026-04-28T06:49:08,2026-04-28T06:49:08,1
303395,22113,146,MN,1977,051,,Дөхөм,full,,,mongol-shuudan-via-bekkaze,,2026-04-28T06:49:08,2026-04-28T06:49:08,1
303396,22115,146,MN,1977,051,,Ширээт,full,,,mongol-shuudan-via-bekkaze,,2026-04-28T06:49:08,2026-04-28T06:49:08,1
303397,22117,146,MN,1977,051,,Төв,full,,,mongol-shuudan-via-bekkaze,,2026-04-28T06:49:08,2026-04-28T06:49:08,1
303398,22119,146,MN,1977,051,,Дэлгэр,full,,,mongol-shuudan-via-bekkaze,,2026-04-28T06:49:08,2026-04-28T06:49:08,1
303399,22121,146,MN,1977,051,,Баян,full,,,mongol-shuudan-via-bekkaze,,2026-04-28T06:49:08,2026-04-28T06:49:08,1
303400,22123,146,MN,1977,051,,Баян-уул,full,,,mongol-shuudan-via-bekkaze,,2026-04-28T06:49:08,2026-04-28T06:49:08,1
303401,22125,146,MN,1977,051,,Баянцагаан,full,,,mongol-shuudan-via-bekkaze,,2026-04-28T06:49:08,2026-04-28T06:49:08,1
303402,22127,146,MN,1977,051,,Бүрэнцогт,full,,,mongol-shuudan-via-bekkaze,,2026-04-28T06:49:08,2026-04-28T06:49:08,1
303403,22130,146,MN,1977,051,,Уулбаян,full,,,mongol-shuudan-via-bekkaze,,2026-04-28T06:49:08,2026-04-28T06:49:08,1
303404,22131,146,MN,1977,051,,Дэлгэр,full,,,mongol-shuudan-via-bekkaze,,2026-04-28T06:49:08,2026-04-28T06:49:08,1
303405,22133,146,MN,1977,051,,Жавхлант,full,,,mongol-shuudan-via-bekkaze,,2026-04-28T06:49:08,2026-04-28T06:49:08,1
303406,22135,146,MN,1977,051,,Жаргалант,full,,,mongol-shuudan-via-bekkaze,,2026-04-28T06:49:08,2026-04-28T06:49:08,1
303407,22137,146,MN,1977,051,,Тэгш,full,,,mongol-shuudan-via-bekkaze,,2026-04-28T06:49:08,2026-04-28T06:49:08,1
303408,22139,146,MN,1977,051,,Баян,full,,,mongol-shuudan-via-bekkaze,,2026-04-28T06:49:08,2026-04-28T06:49:08,1
303409,22140,146,MN,1977,051,,Мөнххаан,full,,,mongol-shuudan-via-bekkaze,,2026-04-28T06:49:08,2026-04-28T06:49:08,1
303410,22141,146,MN,1977,051,,Баянтэрэм,full,,,mongol-shuudan-via-bekkaze,,2026-04-28T06:49:08,2026-04-28T06:49:08,1
303411,22143,146,MN,1977,051,,Баян-Уул,full,,,mongol-shuudan-via-bekkaze,,2026-04-28T06:49:08,2026-04-28T06:49:08,1
303412,22144,146,MN,1977,051,,Баясгалант,full,,,mongol-shuudan-via-bekkaze,,2026-04-28T06:49:08,2026-04-28T06:49:08,1
303413,22145,146,MN,1977,051,,Баян цагаан,full,,,mongol-shuudan-via-bekkaze,,2026-04-28T06:49:08,2026-04-28T06:49:08,1
303414,22147,146,MN,1977,051,,Бүрэнцогт,full,,,mongol-shuudan-via-bekkaze,,2026-04-28T06:49:08,2026-04-28T06:49:08,1
303415,22150,146,MN,1977,051,,Түмэнцогт сум,full,,,mongol-shuudan-via-bekkaze,,2026-04-28T06:49:08,2026-04-28T06:49:08,1
303416,22151,146,MN,1977,051,,Хошмиг,full,,,mongol-shuudan-via-bekkaze,,2026-04-28T06:49:08,2026-04-28T06:49:08,1
303417,22153,146,MN,1977,051,,Лхүмбэ,full,,,mongol-shuudan-via-bekkaze,,2026-04-28T06:49:08,2026-04-28T06:49:08,1
303418,22155,146,MN,1977,051,,Баян-Овоо,full,,,mongol-shuudan-via-bekkaze,,2026-04-28T06:49:08,2026-04-28T06:49:08,1
303419,22157,146,MN,1977,051,,Баянцогт,full,,,mongol-shuudan-via-bekkaze,,2026-04-28T06:49:08,2026-04-28T06:49:08,1
303420,22160,146,MN,1977,051,,Түвшинширээ,full,,,mongol-shuudan-via-bekkaze,,2026-04-28T06:49:08,2026-04-28T06:49:08,1
303421,22161,146,MN,1977,051,,Дэлгэрхаан,full,,,mongol-shuudan-via-bekkaze,,2026-04-28T06:49:08,2026-04-28T06:49:08,1
303422,22163,146,MN,1977,051,,Сэргэлэн,full,,,mongol-shuudan-via-bekkaze,,2026-04-28T06:49:08,2026-04-28T06:49:08,1
303423,22165,146,MN,1977,051,,Өлзийт,full,,,mongol-shuudan-via-bekkaze,,2026-04-28T06:49:08,2026-04-28T06:49:08,1
303424,22167,146,MN,1977,051,,Өгөөмөр,full,,,mongol-shuudan-via-bekkaze,,2026-04-28T06:49:08,2026-04-28T06:49:08,1
303425,22169,146,MN,1977,051,,Үнэгт,full,,,mongol-shuudan-via-bekkaze,,2026-04-28T06:49:08,2026-04-28T06:49:08,1
303426,23000,146,MN,1974,039,,Khentii,full,,,mongol-shuudan-via-bekkaze,,2026-04-28T06:49:08,2026-04-28T06:49:08,1
303427,23010,146,MN,1974,039,,Баян-Овоо,full,,,mongol-shuudan-via-bekkaze,,2026-04-28T06:49:08,2026-04-28T06:49:08,1
303428,23011,146,MN,1974,039,,Сүмбэр,full,,,mongol-shuudan-via-bekkaze,,2026-04-28T06:49:08,2026-04-28T06:49:08,1
303429,23013,146,MN,1974,039,,Наран,full,,,mongol-shuudan-via-bekkaze,,2026-04-28T06:49:08,2026-04-28T06:49:08,1
303430,23015,146,MN,1974,039,,Жаргалант,full,,,mongol-shuudan-via-bekkaze,,2026-04-28T06:49:08,2026-04-28T06:49:08,1
303431,23017,146,MN,1974,039,,Дэлгэрхаан,full,,,mongol-shuudan-via-bekkaze,,2026-04-28T06:49:08,2026-04-28T06:49:08,1
303432,23020,146,MN,1974,039,,Норовлин,full,,,mongol-shuudan-via-bekkaze,,2026-04-28T06:49:08,2026-04-28T06:49:08,1
303433,23021,146,MN,1974,039,,Онон,full,,,mongol-shuudan-via-bekkaze,,2026-04-28T06:49:08,2026-04-28T06:49:08,1
303434,23023,146,MN,1974,039,,Төв,full,,,mongol-shuudan-via-bekkaze,,2026-04-28T06:49:08,2026-04-28T06:49:08,1
303435,23025,146,MN,1974,039,,Ангирт,full,,,mongol-shuudan-via-bekkaze,,2026-04-28T06:49:08,2026-04-28T06:49:08,1
303436,23027,146,MN,1974,039,,Баян-Өлзийт,full,,,mongol-shuudan-via-bekkaze,,2026-04-28T06:49:08,2026-04-28T06:49:08,1
303437,23030,146,MN,1974,039,,Дадал,full,,,mongol-shuudan-via-bekkaze,,2026-04-28T06:49:08,2026-04-28T06:49:08,1
303438,23031,146,MN,1974,039,,Агац,full,,,mongol-shuudan-via-bekkaze,,2026-04-28T06:49:08,2026-04-28T06:49:08,1
303439,23033,146,MN,1974,039,,Баян-Овоо,full,,,mongol-shuudan-via-bekkaze,,2026-04-28T06:49:08,2026-04-28T06:49:08,1
303440,23035,146,MN,1974,039,,Онон,full,,,mongol-shuudan-via-bekkaze,,2026-04-28T06:49:08,2026-04-28T06:49:08,1
303441,23037,146,MN,1974,039,,Балж,full,,,mongol-shuudan-via-bekkaze,,2026-04-28T06:49:08,2026-04-28T06:49:08,1
303442,23040,146,MN,1974,039,,Батноров,full,,,mongol-shuudan-via-bekkaze,,2026-04-28T06:49:08,2026-04-28T06:49:08,1
303443,23041,146,MN,1974,039,,Баян,full,,,mongol-shuudan-via-bekkaze,,2026-04-28T06:49:08,2026-04-28T06:49:08,1
303444,23043,146,MN,1974,039,,Эхэн бүрд,full,,,mongol-shuudan-via-bekkaze,,2026-04-28T06:49:08,2026-04-28T06:49:08,1
303445,23045,146,MN,1974,039,,Баянбулаг,full,,,mongol-shuudan-via-bekkaze,,2026-04-28T06:49:08,2026-04-28T06:49:08,1
303446,23047,146,MN,1974,039,,Бэрх,full,,,mongol-shuudan-via-bekkaze,,2026-04-28T06:49:08,2026-04-28T06:49:08,1
303447,23049,146,MN,1974,039,,Эрдэнэчандмань,full,,,mongol-shuudan-via-bekkaze,,2026-04-28T06:49:08,2026-04-28T06:49:08,1
303448,23051,146,MN,1974,039,,Төвийн баг,full,,,mongol-shuudan-via-bekkaze,,2026-04-28T06:49:08,2026-04-28T06:49:08,1
303449,23053,146,MN,1974,039,,Идэрмэг,full,,,mongol-shuudan-via-bekkaze,,2026-04-28T06:49:08,2026-04-28T06:49:08,1
303450,23055,146,MN,1974,039,,Бэрх,full,,,mongol-shuudan-via-bekkaze,,2026-04-28T06:49:08,2026-04-28T06:49:08,1
303451,23057,146,MN,1974,039,,Идэрмэг,full,,,mongol-shuudan-via-bekkaze,,2026-04-28T06:49:08,2026-04-28T06:49:08,1
303452,23059,146,MN,1974,039,,Дундбүрд,full,,,mongol-shuudan-via-bekkaze,,2026-04-28T06:49:08,2026-04-28T06:49:08,1
303453,23060,146,MN,1974,039,,Баян-хутаг,full,,,mongol-shuudan-via-bekkaze,,2026-04-28T06:49:08,2026-04-28T06:49:08,1
303454,23061,146,MN,1974,039,,Жаргалант,full,,,mongol-shuudan-via-bekkaze,,2026-04-28T06:49:08,2026-04-28T06:49:08,1
303455,23063,146,MN,1974,039,,Улаан Өндөр,full,,,mongol-shuudan-via-bekkaze,,2026-04-28T06:49:08,2026-04-28T06:49:08,1
303456,23065,146,MN,1974,039,,Цантын хоолой,full,,,mongol-shuudan-via-bekkaze,,2026-04-28T06:49:08,2026-04-28T06:49:08,1
303457,23070,146,MN,1974,039,,Баян-Адарга,full,,,mongol-shuudan-via-bekkaze,,2026-04-28T06:49:08,2026-04-28T06:49:08,1
303458,23071,146,MN,1974,039,,Адарга,full,,,mongol-shuudan-via-bekkaze,,2026-04-28T06:49:08,2026-04-28T06:49:08,1
303459,23073,146,MN,1974,039,,Сайхан,full,,,mongol-shuudan-via-bekkaze,,2026-04-28T06:49:08,2026-04-28T06:49:08,1
303460,23075,146,MN,1974,039,,Дуурлиг,full,,,mongol-shuudan-via-bekkaze,,2026-04-28T06:49:08,2026-04-28T06:49:08,1
303461,23077,146,MN,1974,039,,Жаргалант,full,,,mongol-shuudan-via-bekkaze,,2026-04-28T06:49:08,2026-04-28T06:49:08,1
303462,23080,146,MN,1974,039,,Галшир,full,,,mongol-shuudan-via-bekkaze,,2026-04-28T06:49:08,2026-04-28T06:49:08,1
303463,23081,146,MN,1974,039,,Сангийн далай,full,,,mongol-shuudan-via-bekkaze,,2026-04-28T06:49:08,2026-04-28T06:49:08,1
303464,23083,146,MN,1974,039,,Жаргалант,full,,,mongol-shuudan-via-bekkaze,,2026-04-28T06:49:08,2026-04-28T06:49:08,1
303465,23085,146,MN,1974,039,,Буянтбулаг,full,,,mongol-shuudan-via-bekkaze,,2026-04-28T06:49:08,2026-04-28T06:49:08,1
303466,23087,146,MN,1974,039,,Арвин,full,,,mongol-shuudan-via-bekkaze,,2026-04-28T06:49:08,2026-04-28T06:49:08,1
303467,23089,146,MN,1974,039,,Баянбадрал,full,,,mongol-shuudan-via-bekkaze,,2026-04-28T06:49:08,2026-04-28T06:49:08,1
303468,23091,146,MN,1974,039,,Оч,full,,,mongol-shuudan-via-bekkaze,,2026-04-28T06:49:08,2026-04-28T06:49:08,1
303469,23093,146,MN,1974,039,,Жаргалант,full,,,mongol-shuudan-via-bekkaze,,2026-04-28T06:49:08,2026-04-28T06:49:08,1
303470,23095,146,MN,1974,039,,Хужирт,full,,,mongol-shuudan-via-bekkaze,,2026-04-28T06:49:08,2026-04-28T06:49:08,1
303471,23097,146,MN,1974,039,,Арвин,full,,,mongol-shuudan-via-bekkaze,,2026-04-28T06:49:08,2026-04-28T06:49:08,1
303472,23099,146,MN,1974,039,,Баянбадрал,full,,,mongol-shuudan-via-bekkaze,,2026-04-28T06:49:08,2026-04-28T06:49:08,1
303473,23100,146,MN,1974,039,,Биндэр,full,,,mongol-shuudan-via-bekkaze,,2026-04-28T06:49:08,2026-04-28T06:49:08,1
303474,23101,146,MN,1974,039,,Дэлгэрхаан,full,,,mongol-shuudan-via-bekkaze,,2026-04-28T06:49:08,2026-04-28T06:49:08,1
303475,23103,146,MN,1974,039,,Баян Өндөр,full,,,mongol-shuudan-via-bekkaze,,2026-04-28T06:49:08,2026-04-28T06:49:08,1
303476,23105,146,MN,1974,039,,Онон,full,,,mongol-shuudan-via-bekkaze,,2026-04-28T06:49:08,2026-04-28T06:49:08,1
303477,23107,146,MN,1974,039,,Баянгол,full,,,mongol-shuudan-via-bekkaze,,2026-04-28T06:49:08,2026-04-28T06:49:08,1
303478,23109,146,MN,1974,039,,Мандалхаан,full,,,mongol-shuudan-via-bekkaze,,2026-04-28T06:49:08,2026-04-28T06:49:08,1
303479,23110,146,MN,1974,039,,Хэрлэн,full,,,mongol-shuudan-via-bekkaze,,2026-04-28T06:49:08,2026-04-28T06:49:08,1
303480,23111,146,MN,1974,039,,Ишгэн толгой,full,,,mongol-shuudan-via-bekkaze,,2026-04-28T06:49:08,2026-04-28T06:49:08,1
303481,23113,146,MN,1974,039,,ӨндӨр хаан,full,,,mongol-shuudan-via-bekkaze,,2026-04-28T06:49:08,2026-04-28T06:49:08,1
303482,23115,146,MN,1974,039,,Номгон,full,,,mongol-shuudan-via-bekkaze,,2026-04-28T06:49:08,2026-04-28T06:49:08,1
303483,23117,146,MN,1974,039,,БаянмӨнх,full,,,mongol-shuudan-via-bekkaze,,2026-04-28T06:49:08,2026-04-28T06:49:08,1
303484,23119,146,MN,1974,039,,Сариг,full,,,mongol-shuudan-via-bekkaze,,2026-04-28T06:49:08,2026-04-28T06:49:08,1
303485,23121,146,MN,1974,039,,Цогт Өндөр,full,,,mongol-shuudan-via-bekkaze,,2026-04-28T06:49:08,2026-04-28T06:49:08,1
303486,23123,146,MN,1974,039,,Хэрлэн баг,full,,,mongol-shuudan-via-bekkaze,,2026-04-28T06:49:08,2026-04-28T06:49:08,1
303487,23125,146,MN,1974,039,,Булаг,full,,,mongol-shuudan-via-bekkaze,,2026-04-28T06:49:08,2026-04-28T06:49:08,1
303488,23130,146,MN,1974,039,,Мөрөн,full,,,mongol-shuudan-via-bekkaze,,2026-04-28T06:49:08,2026-04-28T06:49:08,1
303489,23131,146,MN,1974,039,,Бүрээт,full,,,mongol-shuudan-via-bekkaze,,2026-04-28T06:49:08,2026-04-28T06:49:08,1
303490,23133,146,MN,1974,039,,Цагаан толгой,full,,,mongol-shuudan-via-bekkaze,,2026-04-28T06:49:08,2026-04-28T06:49:08,1
303491,23135,146,MN,1974,039,,Чандган,full,,,mongol-shuudan-via-bekkaze,,2026-04-28T06:49:08,2026-04-28T06:49:08,1
303492,23137,146,MN,1974,039,,Өлзийт,full,,,mongol-shuudan-via-bekkaze,,2026-04-28T06:49:08,2026-04-28T06:49:08,1
303493,23139,146,MN,1974,039,,Зөөлөн,full,,,mongol-shuudan-via-bekkaze,,2026-04-28T06:49:08,2026-04-28T06:49:08,1
303494,23140,146,MN,1974,039,,Өмнөдэлгэр,full,,,mongol-shuudan-via-bekkaze,,2026-04-28T06:49:08,2026-04-28T06:49:08,1
303495,23141,146,MN,1974,039,,Талын булаг,full,,,mongol-shuudan-via-bekkaze,,2026-04-28T06:49:08,2026-04-28T06:49:08,1
303496,23143,146,MN,1974,039,,Гурван баян,full,,,mongol-shuudan-via-bekkaze,,2026-04-28T06:49:08,2026-04-28T06:49:08,1
303497,23145,146,MN,1974,039,,Чандган,full,,,mongol-shuudan-via-bekkaze,,2026-04-28T06:49:08,2026-04-28T06:49:08,1
303498,23147,146,MN,1974,039,,Хэнтий,full,,,mongol-shuudan-via-bekkaze,,2026-04-28T06:49:08,2026-04-28T06:49:08,1
303499,23149,146,MN,1974,039,,Төв,full,,,mongol-shuudan-via-bekkaze,,2026-04-28T06:49:08,2026-04-28T06:49:08,1
303500,23151,146,MN,1974,039,,Баянзүрх,full,,,mongol-shuudan-via-bekkaze,,2026-04-28T06:49:08,2026-04-28T06:49:08,1
303501,23153,146,MN,1974,039,,Наран,full,,,mongol-shuudan-via-bekkaze,,2026-04-28T06:49:08,2026-04-28T06:49:08,1
303502,23155,146,MN,1974,039,,Чандаган,full,,,mongol-shuudan-via-bekkaze,,2026-04-28T06:49:08,2026-04-28T06:49:08,1
303503,23157,146,MN,1974,039,,Хэнтий,full,,,mongol-shuudan-via-bekkaze,,2026-04-28T06:49:08,2026-04-28T06:49:08,1
303504,23159,146,MN,1974,039,,Төв,full,,,mongol-shuudan-via-bekkaze,,2026-04-28T06:49:08,2026-04-28T06:49:08,1
303505,23160,146,MN,1974,039,,Батширээт,full,,,mongol-shuudan-via-bekkaze,,2026-04-28T06:49:08,2026-04-28T06:49:08,1
303506,23161,146,MN,1974,039,,Барх,full,,,mongol-shuudan-via-bekkaze,,2026-04-28T06:49:08,2026-04-28T06:49:08,1
303507,23163,146,MN,1974,039,,Хурх,full,,,mongol-shuudan-via-bekkaze,,2026-04-28T06:49:08,2026-04-28T06:49:08,1
303508,23165,146,MN,1974,039,,Норволин,full,,,mongol-shuudan-via-bekkaze,,2026-04-28T06:49:08,2026-04-28T06:49:08,1
303509,23167,146,MN,1974,039,,Онон,full,,,mongol-shuudan-via-bekkaze,,2026-04-28T06:49:08,2026-04-28T06:49:08,1
303510,23170,146,MN,1974,039,,Баянмөнх,full,,,mongol-shuudan-via-bekkaze,,2026-04-28T06:49:08,2026-04-28T06:49:08,1
303511,23171,146,MN,1974,039,,Дулаан,full,,,mongol-shuudan-via-bekkaze,,2026-04-28T06:49:08,2026-04-28T06:49:08,1
303512,23173,146,MN,1974,039,,Хэрлэн,full,,,mongol-shuudan-via-bekkaze,,2026-04-28T06:49:08,2026-04-28T06:49:08,1
303513,23175,146,MN,1974,039,,Улаан эрэг,full,,,mongol-shuudan-via-bekkaze,,2026-04-28T06:49:08,2026-04-28T06:49:08,1
303514,23177,146,MN,1974,039,,Баянбулаг,full,,,mongol-shuudan-via-bekkaze,,2026-04-28T06:49:08,2026-04-28T06:49:08,1
303515,23180,146,MN,1974,039,,Дархан,full,,,mongol-shuudan-via-bekkaze,,2026-04-28T06:49:08,2026-04-28T06:49:08,1
303516,23181,146,MN,1974,039,,Шажин,full,,,mongol-shuudan-via-bekkaze,,2026-04-28T06:49:08,2026-04-28T06:49:08,1
303517,23183,146,MN,1974,039,,Мэргэн хошуу,full,,,mongol-shuudan-via-bekkaze,,2026-04-28T06:49:08,2026-04-28T06:49:08,1
303518,23185,146,MN,1974,039,,Бор-Өндөр,full,,,mongol-shuudan-via-bekkaze,,2026-04-28T06:49:08,2026-04-28T06:49:08,1
303519,23187,146,MN,1974,039,,Хараат,full,,,mongol-shuudan-via-bekkaze,,2026-04-28T06:49:08,2026-04-28T06:49:08,1
303520,23189,146,MN,1974,039,,Дотуур булаг,full,,,mongol-shuudan-via-bekkaze,,2026-04-28T06:49:08,2026-04-28T06:49:08,1
303521,23190,146,MN,1974,039,,Жаргалтхаан,full,,,mongol-shuudan-via-bekkaze,,2026-04-28T06:49:08,2026-04-28T06:49:08,1
303522,23191,146,MN,1974,039,,Гичгэнэ,full,,,mongol-shuudan-via-bekkaze,,2026-04-28T06:49:08,2026-04-28T06:49:08,1
303523,23193,146,MN,1974,039,,Чулуут,full,,,mongol-shuudan-via-bekkaze,,2026-04-28T06:49:08,2026-04-28T06:49:08,1
303524,23195,146,MN,1974,039,,Төв,full,,,mongol-shuudan-via-bekkaze,,2026-04-28T06:49:08,2026-04-28T06:49:08,1
303525,23197,146,MN,1974,039,,Баянцогт,full,,,mongol-shuudan-via-bekkaze,,2026-04-28T06:49:08,2026-04-28T06:49:08,1
303526,23199,146,MN,1974,039,,Баян-Эрдэнэ,full,,,mongol-shuudan-via-bekkaze,,2026-04-28T06:49:08,2026-04-28T06:49:08,1
303527,23200,146,MN,1974,039,,Дэлгэрхаан,full,,,mongol-shuudan-via-bekkaze,,2026-04-28T06:49:08,2026-04-28T06:49:08,1
303528,23201,146,MN,1974,039,,Хэрлэн тооно,full,,,mongol-shuudan-via-bekkaze,,2026-04-28T06:49:08,2026-04-28T06:49:08,1
303529,23203,146,MN,1974,039,,Аварга,full,,,mongol-shuudan-via-bekkaze,,2026-04-28T06:49:08,2026-04-28T06:49:08,1
303530,23205,146,MN,1974,039,,Долоод,full,,,mongol-shuudan-via-bekkaze,,2026-04-28T06:49:08,2026-04-28T06:49:08,1
303531,23207,146,MN,1974,039,,Хэрлэнбаян улаан,full,,,mongol-shuudan-via-bekkaze,,2026-04-28T06:49:08,2026-04-28T06:49:08,1
303532,23209,146,MN,1974,039,,Баянхаан,full,,,mongol-shuudan-via-bekkaze,,2026-04-28T06:49:08,2026-04-28T06:49:08,1
303533,23210,146,MN,1974,039,,Цэнхэрмандал,full,,,mongol-shuudan-via-bekkaze,,2026-04-28T06:49:08,2026-04-28T06:49:08,1
303534,23211,146,MN,1974,039,,Хужхан,full,,,mongol-shuudan-via-bekkaze,,2026-04-28T06:49:08,2026-04-28T06:49:08,1
303535,23213,146,MN,1974,039,,Баянмод,full,,,mongol-shuudan-via-bekkaze,,2026-04-28T06:49:08,2026-04-28T06:49:08,1
303536,23215,146,MN,1974,039,,Согоот,full,,,mongol-shuudan-via-bekkaze,,2026-04-28T06:49:08,2026-04-28T06:49:08,1
303537,23217,146,MN,1974,039,,Нугаар,full,,,mongol-shuudan-via-bekkaze,,2026-04-28T06:49:08,2026-04-28T06:49:08,1
303538,23220,146,MN,1974,039,,Бор-Өндөр сум,full,,,mongol-shuudan-via-bekkaze,,2026-04-28T06:49:08,2026-04-28T06:49:08,1
303539,23221,146,MN,1974,039,,Бор-Өндөр,full,,,mongol-shuudan-via-bekkaze,,2026-04-28T06:49:08,2026-04-28T06:49:08,1
303540,23223,146,MN,1974,039,,Холбоо,full,,,mongol-shuudan-via-bekkaze,,2026-04-28T06:49:08,2026-04-28T06:49:08,1
303541,23225,146,MN,1974,039,,Бумбат,full,,,mongol-shuudan-via-bekkaze,,2026-04-28T06:49:08,2026-04-28T06:49:08,1
303542,23227,146,MN,1974,039,,Уурхайчин,full,,,mongol-shuudan-via-bekkaze,,2026-04-28T06:49:08,2026-04-28T06:49:08,1
303543,23229,146,MN,1974,039,,Хүйх,full,,,mongol-shuudan-via-bekkaze,,2026-04-28T06:49:08,2026-04-28T06:49:08,1
303544,23231,146,MN,1974,039,,Өлгий,full,,,mongol-shuudan-via-bekkaze,,2026-04-28T06:49:08,2026-04-28T06:49:08,1
303545,23709,146,MN,1974,039,,Баянхаан,full,,,mongol-shuudan-via-bekkaze,,2026-04-28T06:49:08,2026-04-28T06:49:08,1
303546,41000,146,MN,1968,047,,Tuv,full,,,mongol-shuudan-via-bekkaze,,2026-04-28T06:49:08,2026-04-28T06:49:08,1
303547,41010,146,MN,1968,047,,Мөнгөнморьт,full,,,mongol-shuudan-via-bekkaze,,2026-04-28T06:49:08,2026-04-28T06:49:08,1
303548,41011,146,MN,1968,047,,Булаг,full,,,mongol-shuudan-via-bekkaze,,2026-04-28T06:49:08,2026-04-28T06:49:08,1
303549,41013,146,MN,1968,047,,Байдлаг,full,,,mongol-shuudan-via-bekkaze,,2026-04-28T06:49:08,2026-04-28T06:49:08,1
303550,41015,146,MN,1968,047,,Жаргалант,full,,,mongol-shuudan-via-bekkaze,,2026-04-28T06:49:08,2026-04-28T06:49:08,1
303551,41020,146,MN,1968,047,,Баянжаргалан,full,,,mongol-shuudan-via-bekkaze,,2026-04-28T06:49:08,2026-04-28T06:49:08,1
303552,41021,146,MN,1968,047,,Улаан ухаа,full,,,mongol-shuudan-via-bekkaze,,2026-04-28T06:49:08,2026-04-28T06:49:08,1
303553,41023,146,MN,1968,047,,Эрдэнэ,full,,,mongol-shuudan-via-bekkaze,,2026-04-28T06:49:08,2026-04-28T06:49:08,1
303554,41025,146,MN,1968,047,,Жаргалант,full,,,mongol-shuudan-via-bekkaze,,2026-04-28T06:49:08,2026-04-28T06:49:08,1
303555,41030,146,MN,1968,047,,Баяндэлгэр,full,,,mongol-shuudan-via-bekkaze,,2026-04-28T06:49:08,2026-04-28T06:49:08,1
303556,41031,146,MN,1968,047,,Рашаант,full,,,mongol-shuudan-via-bekkaze,,2026-04-28T06:49:08,2026-04-28T06:49:08,1
303557,41033,146,MN,1968,047,,Байдлаг,full,,,mongol-shuudan-via-bekkaze,,2026-04-28T06:49:08,2026-04-28T06:49:08,1
303558,41035,146,MN,1968,047,,Галуут,full,,,mongol-shuudan-via-bekkaze,,2026-04-28T06:49:08,2026-04-28T06:49:08,1
303559,41037,146,MN,1968,047,,Тахилт,full,,,mongol-shuudan-via-bekkaze,,2026-04-28T06:49:08,2026-04-28T06:49:08,1
303560,41040,146,MN,1968,047,,Эрдэнэ,full,,,mongol-shuudan-via-bekkaze,,2026-04-28T06:49:08,2026-04-28T06:49:08,1
303561,41041,146,MN,1968,047,,Өгөөмөр,full,,,mongol-shuudan-via-bekkaze,,2026-04-28T06:49:08,2026-04-28T06:49:08,1
303562,41043,146,MN,1968,047,,Чулуут,full,,,mongol-shuudan-via-bekkaze,,2026-04-28T06:49:08,2026-04-28T06:49:08,1
303563,41045,146,MN,1968,047,,Тамган,full,,,mongol-shuudan-via-bekkaze,,2026-04-28T06:49:08,2026-04-28T06:49:08,1
303564,41047,146,MN,1968,047,,Өвөр Жанчивлан,full,,,mongol-shuudan-via-bekkaze,,2026-04-28T06:49:08,2026-04-28T06:49:08,1
303565,41049,146,MN,1968,047,,Хушинга,full,,,mongol-shuudan-via-bekkaze,,2026-04-28T06:49:08,2026-04-28T06:49:08,1
303566,41051,146,MN,1968,047,,Баянтуул,full,,,mongol-shuudan-via-bekkaze,,2026-04-28T06:49:08,2026-04-28T06:49:08,1
303567,41053,146,MN,1968,047,,Өгөөмөр,full,,,mongol-shuudan-via-bekkaze,,2026-04-28T06:49:08,2026-04-28T06:49:08,1
303568,41055,146,MN,1968,047,,Цавчир,full,,,mongol-shuudan-via-bekkaze,,2026-04-28T06:49:08,2026-04-28T06:49:08,1
303569,41057,146,MN,1968,047,,Төв,full,,,mongol-shuudan-via-bekkaze,,2026-04-28T06:49:08,2026-04-28T06:49:08,1
303570,41060,146,MN,1968,047,,Архуст,full,,,mongol-shuudan-via-bekkaze,,2026-04-28T06:49:08,2026-04-28T06:49:08,1
303571,41061,146,MN,1968,047,,Нарст,full,,,mongol-shuudan-via-bekkaze,,2026-04-28T06:49:08,2026-04-28T06:49:08,1
303572,41063,146,MN,1968,047,,Ноён шанд,full,,,mongol-shuudan-via-bekkaze,,2026-04-28T06:49:08,2026-04-28T06:49:08,1
303573,41070,146,MN,1968,047,,Баян,full,,,mongol-shuudan-via-bekkaze,,2026-04-28T06:49:08,2026-04-28T06:49:08,1
303574,41071,146,MN,1968,047,,Өгөөмөр,full,,,mongol-shuudan-via-bekkaze,,2026-04-28T06:49:08,2026-04-28T06:49:08,1
303575,41073,146,MN,1968,047,,Цант,full,,,mongol-shuudan-via-bekkaze,,2026-04-28T06:49:08,2026-04-28T06:49:08,1
303576,41075,146,MN,1968,047,,Мааньт,full,,,mongol-shuudan-via-bekkaze,,2026-04-28T06:49:08,2026-04-28T06:49:08,1
303577,41077,146,MN,1968,047,,Цавчир,full,,,mongol-shuudan-via-bekkaze,,2026-04-28T06:49:08,2026-04-28T06:49:08,1
303578,41080,146,MN,1968,047,,Баянцагаан,full,,,mongol-shuudan-via-bekkaze,,2026-04-28T06:49:08,2026-04-28T06:49:08,1
303579,41081,146,MN,1968,047,,Гурван түрүү,full,,,mongol-shuudan-via-bekkaze,,2026-04-28T06:49:08,2026-04-28T06:49:08,1
303580,41083,146,MN,1968,047,,Баян айраг,full,,,mongol-shuudan-via-bekkaze,,2026-04-28T06:49:08,2026-04-28T06:49:08,1
303581,41085,146,MN,1968,047,,Зогсоол,full,,,mongol-shuudan-via-bekkaze,,2026-04-28T06:49:08,2026-04-28T06:49:08,1
303582,41087,146,MN,1968,047,,Өлзийт,full,,,mongol-shuudan-via-bekkaze,,2026-04-28T06:49:08,2026-04-28T06:49:08,1
303583,41089,146,MN,1968,047,,Алтат,full,,,mongol-shuudan-via-bekkaze,,2026-04-28T06:49:08,2026-04-28T06:49:08,1
303584,41090,146,MN,1968,047,,Сэргэлэн,full,,,mongol-shuudan-via-bekkaze,,2026-04-28T06:49:08,2026-04-28T06:49:08,1
303585,41091,146,MN,1968,047,,Эрдэнэ уул,full,,,mongol-shuudan-via-bekkaze,,2026-04-28T06:49:08,2026-04-28T06:49:08,1
303586,41093,146,MN,1968,047,,Баянбүрд,full,,,mongol-shuudan-via-bekkaze,,2026-04-28T06:49:08,2026-04-28T06:49:08,1
303587,41095,146,MN,1968,047,,Хөшиг,full,,,mongol-shuudan-via-bekkaze,,2026-04-28T06:49:08,2026-04-28T06:49:08,1
303588,41097,146,MN,1968,047,,Адвар,full,,,mongol-shuudan-via-bekkaze,,2026-04-28T06:49:08,2026-04-28T06:49:08,1
303589,41099,146,MN,1968,047,,Хайрхан,full,,,mongol-shuudan-via-bekkaze,,2026-04-28T06:49:08,2026-04-28T06:49:08,1
303590,41100,146,MN,1968,047,,Зуунмод сум,full,,,mongol-shuudan-via-bekkaze,,2026-04-28T06:49:08,2026-04-28T06:49:08,1
303591,41101,146,MN,1968,047,,Зүүндэлгэр,full,,,mongol-shuudan-via-bekkaze,,2026-04-28T06:49:08,2026-04-28T06:49:08,1
303592,41103,146,MN,1968,047,,Баянхошуу,full,,,mongol-shuudan-via-bekkaze,,2026-04-28T06:49:08,2026-04-28T06:49:08,1
303593,41105,146,MN,1968,047,,Баруун зуунмод,full,,,mongol-shuudan-via-bekkaze,,2026-04-28T06:49:08,2026-04-28T06:49:08,1
303594,41107,146,MN,1968,047,,Ланс,full,,,mongol-shuudan-via-bekkaze,,2026-04-28T06:49:08,2026-04-28T06:49:08,1
303595,41109,146,MN,1968,047,,Нацагдорж,full,,,mongol-shuudan-via-bekkaze,,2026-04-28T06:49:08,2026-04-28T06:49:08,1
303596,41111,146,MN,1968,047,,Номт,full,,,mongol-shuudan-via-bekkaze,,2026-04-28T06:49:08,2026-04-28T06:49:08,1
303597,41120,146,MN,1968,047,,Батсүмбэр,full,,,mongol-shuudan-via-bekkaze,,2026-04-28T06:49:08,2026-04-28T06:49:08,1
303598,41121,146,MN,1968,047,,Баянгол,full,,,mongol-shuudan-via-bekkaze,,2026-04-28T06:49:08,2026-04-28T06:49:08,1
303599,41123,146,MN,1968,047,,Цогт Өндөр,full,,,mongol-shuudan-via-bekkaze,,2026-04-28T06:49:08,2026-04-28T06:49:08,1
303600,41125,146,MN,1968,047,,Үдлэг,full,,,mongol-shuudan-via-bekkaze,,2026-04-28T06:49:08,2026-04-28T06:49:08,1
303601,41127,146,MN,1968,047,,Мандал,full,,,mongol-shuudan-via-bekkaze,,2026-04-28T06:49:08,2026-04-28T06:49:08,1
303602,41130,146,MN,1968,047,,Алтанбулаг,full,,,mongol-shuudan-via-bekkaze,,2026-04-28T06:49:08,2026-04-28T06:49:08,1
303603,41131,146,MN,1968,047,,Сүмт,full,,,mongol-shuudan-via-bekkaze,,2026-04-28T06:49:08,2026-04-28T06:49:08,1
303604,41133,146,MN,1968,047,,Аргал,full,,,mongol-shuudan-via-bekkaze,,2026-04-28T06:49:08,2026-04-28T06:49:08,1
303605,41135,146,MN,1968,047,,Алтан-Овоо,full,,,mongol-shuudan-via-bekkaze,,2026-04-28T06:49:08,2026-04-28T06:49:08,1
303606,41137,146,MN,1968,047,,Замт,full,,,mongol-shuudan-via-bekkaze,,2026-04-28T06:49:08,2026-04-28T06:49:08,1
303607,41140,146,MN,1968,047,,Баян-Өнжүүл,full,,,mongol-shuudan-via-bekkaze,,2026-04-28T06:49:08,2026-04-28T06:49:08,1
303608,41141,146,MN,1968,047,,Бүрд,full,,,mongol-shuudan-via-bekkaze,,2026-04-28T06:49:08,2026-04-28T06:49:08,1
303609,41143,146,MN,1968,047,,Бараат,full,,,mongol-shuudan-via-bekkaze,,2026-04-28T06:49:08,2026-04-28T06:49:08,1
303610,41145,146,MN,1968,047,,Цээл,full,,,mongol-shuudan-via-bekkaze,,2026-04-28T06:49:08,2026-04-28T06:49:08,1
303611,41150,146,MN,1968,047,,Борнуур,full,,,mongol-shuudan-via-bekkaze,,2026-04-28T06:49:08,2026-04-28T06:49:08,1
303612,41151,146,MN,1968,047,,Мандал,full,,,mongol-shuudan-via-bekkaze,,2026-04-28T06:49:08,2026-04-28T06:49:08,1
303613,41153,146,MN,1968,047,,Өгөөмөр,full,,,mongol-shuudan-via-bekkaze,,2026-04-28T06:49:08,2026-04-28T06:49:08,1
303614,41155,146,MN,1968,047,,Нарт,full,,,mongol-shuudan-via-bekkaze,,2026-04-28T06:49:08,2026-04-28T06:49:08,1
303615,41157,146,MN,1968,047,,Бичигт,full,,,mongol-shuudan-via-bekkaze,,2026-04-28T06:49:08,2026-04-28T06:49:08,1
303616,41160,146,MN,1968,047,,Баянчандмань,full,,,mongol-shuudan-via-bekkaze,,2026-04-28T06:49:08,2026-04-28T06:49:08,1
303617,41161,146,MN,1968,047,,Замт,full,,,mongol-shuudan-via-bekkaze,,2026-04-28T06:49:08,2026-04-28T06:49:08,1
303618,41163,146,MN,1968,047,,Чандмань,full,,,mongol-shuudan-via-bekkaze,,2026-04-28T06:49:08,2026-04-28T06:49:08,1
303619,41165,146,MN,1968,047,,Эрдэнэ,full,,,mongol-shuudan-via-bekkaze,,2026-04-28T06:49:08,2026-04-28T06:49:08,1
303620,41170,146,MN,1968,047,,Баянцогт,full,,,mongol-shuudan-via-bekkaze,,2026-04-28T06:49:08,2026-04-28T06:49:08,1
303621,41171,146,MN,1968,047,,Гуна,full,,,mongol-shuudan-via-bekkaze,,2026-04-28T06:49:08,2026-04-28T06:49:08,1
303622,41173,146,MN,1968,047,,Сарлаг,full,,,mongol-shuudan-via-bekkaze,,2026-04-28T06:49:08,2026-04-28T06:49:08,1
303623,41175,146,MN,1968,047,,Даргиат,full,,,mongol-shuudan-via-bekkaze,,2026-04-28T06:49:08,2026-04-28T06:49:08,1
303624,41180,146,MN,1968,047,,Аргалант,full,,,mongol-shuudan-via-bekkaze,,2026-04-28T06:49:08,2026-04-28T06:49:08,1
303625,41181,146,MN,1968,047,,Аргалын уул,full,,,mongol-shuudan-via-bekkaze,,2026-04-28T06:49:08,2026-04-28T06:49:08,1
303626,41183,146,MN,1968,047,,Хөшөөт,full,,,mongol-shuudan-via-bekkaze,,2026-04-28T06:49:08,2026-04-28T06:49:08,1
303627,41190,146,MN,1968,047,,Сүмбэр,full,,,mongol-shuudan-via-bekkaze,,2026-04-28T06:49:08,2026-04-28T06:49:08,1
303628,41191,146,MN,1968,047,,Сүмбэр,full,,,mongol-shuudan-via-bekkaze,,2026-04-28T06:49:08,2026-04-28T06:49:08,1
303629,41193,146,MN,1968,047,,Жавхлант,full,,,mongol-shuudan-via-bekkaze,,2026-04-28T06:49:08,2026-04-28T06:49:08,1
303630,41200,146,MN,1968,047,,Жаргалант,full,,,mongol-shuudan-via-bekkaze,,2026-04-28T06:49:08,2026-04-28T06:49:08,1
303631,41201,146,MN,1968,047,,Буурал,full,,,mongol-shuudan-via-bekkaze,,2026-04-28T06:49:08,2026-04-28T06:49:08,1
303632,41203,146,MN,1968,047,,Өгөөмөр,full,,,mongol-shuudan-via-bekkaze,,2026-04-28T06:49:08,2026-04-28T06:49:08,1
303633,41205,146,MN,1968,047,,Баянбулаг,full,,,mongol-shuudan-via-bekkaze,,2026-04-28T06:49:08,2026-04-28T06:49:08,1
303634,41207,146,MN,1968,047,,Загдал,full,,,mongol-shuudan-via-bekkaze,,2026-04-28T06:49:08,2026-04-28T06:49:08,1
303635,41210,146,MN,1968,047,,Баянхангай,full,,,mongol-shuudan-via-bekkaze,,2026-04-28T06:49:08,2026-04-28T06:49:08,1
303636,41211,146,MN,1968,047,,Хөшөөт,full,,,mongol-shuudan-via-bekkaze,,2026-04-28T06:49:08,2026-04-28T06:49:08,1
303637,41213,146,MN,1968,047,,Найрамдал,full,,,mongol-shuudan-via-bekkaze,,2026-04-28T06:49:08,2026-04-28T06:49:08,1
303638,41220,146,MN,1968,047,,Угтаалцайдам,full,,,mongol-shuudan-via-bekkaze,,2026-04-28T06:49:08,2026-04-28T06:49:08,1
303639,41221,146,MN,1968,047,,Асгат,full,,,mongol-shuudan-via-bekkaze,,2026-04-28T06:49:08,2026-04-28T06:49:08,1
303640,41223,146,MN,1968,047,,Хар чулуут,full,,,mongol-shuudan-via-bekkaze,,2026-04-28T06:49:08,2026-04-28T06:49:08,1
303641,41225,146,MN,1968,047,,Талын-Уул,full,,,mongol-shuudan-via-bekkaze,,2026-04-28T06:49:08,2026-04-28T06:49:08,1
303642,41230,146,MN,1968,047,,Цээл,full,,,mongol-shuudan-via-bekkaze,,2026-04-28T06:49:08,2026-04-28T06:49:08,1
303643,41231,146,MN,1968,047,,Хүүлээхан,full,,,mongol-shuudan-via-bekkaze,,2026-04-28T06:49:08,2026-04-28T06:49:08,1
303644,41233,146,MN,1968,047,,Сүүл буга,full,,,mongol-shuudan-via-bekkaze,,2026-04-28T06:49:08,2026-04-28T06:49:08,1
303645,41235,146,MN,1968,047,,Оргил,full,,,mongol-shuudan-via-bekkaze,,2026-04-28T06:49:08,2026-04-28T06:49:08,1
303646,41237,146,MN,1968,047,,Талын хайрхан,full,,,mongol-shuudan-via-bekkaze,,2026-04-28T06:49:08,2026-04-28T06:49:08,1
303647,41239,146,MN,1968,047,,Майхан,full,,,mongol-shuudan-via-bekkaze,,2026-04-28T06:49:08,2026-04-28T06:49:08,1
303648,41240,146,MN,1968,047,,Лүн,full,,,mongol-shuudan-via-bekkaze,,2026-04-28T06:49:08,2026-04-28T06:49:08,1
303649,41241,146,MN,1968,047,,Авдрант,full,,,mongol-shuudan-via-bekkaze,,2026-04-28T06:49:08,2026-04-28T06:49:08,1
303650,41243,146,MN,1968,047,,Цагаан уул,full,,,mongol-shuudan-via-bekkaze,,2026-04-28T06:49:08,2026-04-28T06:49:08,1
303651,41245,146,MN,1968,047,,Төвийн,full,,,mongol-shuudan-via-bekkaze,,2026-04-28T06:49:08,2026-04-28T06:49:08,1
303652,41247,146,MN,1968,047,,Өгөөмөр,full,,,mongol-shuudan-via-bekkaze,,2026-04-28T06:49:08,2026-04-28T06:49:08,1
303653,41250,146,MN,1968,047,,Өндөрширээт,full,,,mongol-shuudan-via-bekkaze,,2026-04-28T06:49:08,2026-04-28T06:49:08,1
303654,41251,146,MN,1968,047,,Баянтуул,full,,,mongol-shuudan-via-bekkaze,,2026-04-28T06:49:08,2026-04-28T06:49:08,1
303655,41253,146,MN,1968,047,,Сант,full,,,mongol-shuudan-via-bekkaze,,2026-04-28T06:49:08,2026-04-28T06:49:08,1
303656,41255,146,MN,1968,047,,Хайрхан,full,,,mongol-shuudan-via-bekkaze,,2026-04-28T06:49:08,2026-04-28T06:49:08,1
303657,41257,146,MN,1968,047,,Уянга,full,,,mongol-shuudan-via-bekkaze,,2026-04-28T06:49:08,2026-04-28T06:49:08,1
303658,41260,146,MN,1968,047,,Бүрэн,full,,,mongol-shuudan-via-bekkaze,,2026-04-28T06:49:08,2026-04-28T06:49:08,1
303659,41261,146,MN,1968,047,,Булангаа,full,,,mongol-shuudan-via-bekkaze,,2026-04-28T06:49:08,2026-04-28T06:49:08,1
303660,41263,146,MN,1968,047,,Монгол,full,,,mongol-shuudan-via-bekkaze,,2026-04-28T06:49:08,2026-04-28T06:49:08,1
303661,41265,146,MN,1968,047,,Эрдэнэхангай,full,,,mongol-shuudan-via-bekkaze,,2026-04-28T06:49:08,2026-04-28T06:49:08,1
303662,41267,146,MN,1968,047,,Төхөм,full,,,mongol-shuudan-via-bekkaze,,2026-04-28T06:49:08,2026-04-28T06:49:08,1
303663,41269,146,MN,1968,047,,Баянцогт,full,,,mongol-shuudan-via-bekkaze,,2026-04-28T06:49:08,2026-04-28T06:49:08,1
303664,41270,146,MN,1968,047,,Заамар,full,,,mongol-shuudan-via-bekkaze,,2026-04-28T06:49:08,2026-04-28T06:49:08,1
303665,41271,146,MN,1968,047,,Төв,full,,,mongol-shuudan-via-bekkaze,,2026-04-28T06:49:08,2026-04-28T06:49:08,1
303666,41273,146,MN,1968,047,,Тосон,full,,,mongol-shuudan-via-bekkaze,,2026-04-28T06:49:08,2026-04-28T06:49:08,1
303667,41275,146,MN,1968,047,,Хайлааст,full,,,mongol-shuudan-via-bekkaze,,2026-04-28T06:49:08,2026-04-28T06:49:08,1
303668,41277,146,MN,1968,047,,Төмстэй,full,,,mongol-shuudan-via-bekkaze,,2026-04-28T06:49:08,2026-04-28T06:49:08,1
303669,41280,146,MN,1968,047,,Дэлгэрхаан,full,,,mongol-shuudan-via-bekkaze,,2026-04-28T06:49:08,2026-04-28T06:49:08,1
303670,41281,146,MN,1968,047,,Тарган,full,,,mongol-shuudan-via-bekkaze,,2026-04-28T06:49:08,2026-04-28T06:49:08,1
303671,41283,146,MN,1968,047,,Мандал,full,,,mongol-shuudan-via-bekkaze,,2026-04-28T06:49:08,2026-04-28T06:49:08,1
303672,41285,146,MN,1968,047,,Давст,full,,,mongol-shuudan-via-bekkaze,,2026-04-28T06:49:08,2026-04-28T06:49:08,1
303673,41287,146,MN,1968,047,,Дуут-Хуримт,full,,,mongol-shuudan-via-bekkaze,,2026-04-28T06:49:08,2026-04-28T06:49:08,1
303674,41290,146,MN,1968,047,,Эрдэнэсант,full,,,mongol-shuudan-via-bekkaze,,2026-04-28T06:49:08,2026-04-28T06:49:08,1
303675,41291,146,MN,1968,047,,Улаанхудаг,full,,,mongol-shuudan-via-bekkaze,,2026-04-28T06:49:08,2026-04-28T06:49:08,1
303676,41293,146,MN,1968,047,,Угалзат,full,,,mongol-shuudan-via-bekkaze,,2026-04-28T06:49:08,2026-04-28T06:49:08,1
303677,41295,146,MN,1968,047,,Буянт,full,,,mongol-shuudan-via-bekkaze,,2026-04-28T06:49:08,2026-04-28T06:49:08,1
303678,41297,146,MN,1968,047,,Баян-Уул,full,,,mongol-shuudan-via-bekkaze,,2026-04-28T06:49:08,2026-04-28T06:49:08,1
303679,41299,146,MN,1968,047,,Баргиалт,full,,,mongol-shuudan-via-bekkaze,,2026-04-28T06:49:08,2026-04-28T06:49:08,1
303680,42000,146,MN,1978,064,,Govisümber,full,,,mongol-shuudan-via-bekkaze,,2026-04-28T06:49:08,2026-04-28T06:49:08,1
303681,42010,146,MN,1978,064,,Сүмбэр,full,,,mongol-shuudan-via-bekkaze,,2026-04-28T06:49:08,2026-04-28T06:49:08,1
303682,42011,146,MN,1978,064,,6-р баг,full,,,mongol-shuudan-via-bekkaze,,2026-04-28T06:49:08,2026-04-28T06:49:08,1
303683,42013,146,MN,1978,064,,5-р баг,full,,,mongol-shuudan-via-bekkaze,,2026-04-28T06:49:08,2026-04-28T06:49:08,1
303684,42015,146,MN,1978,064,,3-р баг,full,,,mongol-shuudan-via-bekkaze,,2026-04-28T06:49:08,2026-04-28T06:49:08,1
303685,42017,146,MN,1978,064,,2-р баг,full,,,mongol-shuudan-via-bekkaze,,2026-04-28T06:49:08,2026-04-28T06:49:08,1
303686,42019,146,MN,1978,064,,1-р баг,full,,,mongol-shuudan-via-bekkaze,,2026-04-28T06:49:08,2026-04-28T06:49:08,1
303687,42021,146,MN,1978,064,,4-р баг,full,,,mongol-shuudan-via-bekkaze,,2026-04-28T06:49:08,2026-04-28T06:49:08,1
303688,42023,146,MN,1978,064,,2-р баг,full,,,mongol-shuudan-via-bekkaze,,2026-04-28T06:49:08,2026-04-28T06:49:08,1
303689,42030,146,MN,1978,064,,Шивээговь,full,,,mongol-shuudan-via-bekkaze,,2026-04-28T06:49:08,2026-04-28T06:49:08,1
303690,42031,146,MN,1978,064,,1-р баг,full,,,mongol-shuudan-via-bekkaze,,2026-04-28T06:49:08,2026-04-28T06:49:08,1
303691,42033,146,MN,1978,064,,2-р баг,full,,,mongol-shuudan-via-bekkaze,,2026-04-28T06:49:08,2026-04-28T06:49:08,1
303692,42040,146,MN,1978,064,,Баянтал,full,,,mongol-shuudan-via-bekkaze,,2026-04-28T06:49:08,2026-04-28T06:49:08,1
303693,42041,146,MN,1978,064,,2-р баг,full,,,mongol-shuudan-via-bekkaze,,2026-04-28T06:49:08,2026-04-28T06:49:08,1
303694,42043,146,MN,1978,064,,1-р баг,full,,,mongol-shuudan-via-bekkaze,,2026-04-28T06:49:08,2026-04-28T06:49:08,1
303695,43000,146,MN,1980,049,,Selenge,full,,,mongol-shuudan-via-bekkaze,,2026-04-28T06:49:08,2026-04-28T06:49:08,1
303696,43010,146,MN,1980,049,,Ерөө,full,,,mongol-shuudan-via-bekkaze,,2026-04-28T06:49:08,2026-04-28T06:49:08,1
303697,43011,146,MN,1980,049,,Бугант,full,,,mongol-shuudan-via-bekkaze,,2026-04-28T06:49:08,2026-04-28T06:49:08,1
303698,43013,146,MN,1980,049,,Буургачин,full,,,mongol-shuudan-via-bekkaze,,2026-04-28T06:49:08,2026-04-28T06:49:08,1
303699,43015,146,MN,1980,049,,Тавин,full,,,mongol-shuudan-via-bekkaze,,2026-04-28T06:49:08,2026-04-28T06:49:08,1
303700,43020,146,MN,1980,049,,Хүдэр,full,,,mongol-shuudan-via-bekkaze,,2026-04-28T06:49:08,2026-04-28T06:49:08,1
303701,43021,146,MN,1980,049,,Баянцагаан,full,,,mongol-shuudan-via-bekkaze,,2026-04-28T06:49:08,2026-04-28T06:49:08,1
303702,43023,146,MN,1980,049,,Тарвагатай,full,,,mongol-shuudan-via-bekkaze,,2026-04-28T06:49:08,2026-04-28T06:49:08,1
303703,43030,146,MN,1980,049,,Мандал сум,full,,,mongol-shuudan-via-bekkaze,,2026-04-28T06:49:08,2026-04-28T06:49:08,1
303704,43031,146,MN,1980,049,,Түнхэл,full,,,mongol-shuudan-via-bekkaze,,2026-04-28T06:49:08,2026-04-28T06:49:08,1
303705,43032,146,MN,1980,049,,Баянхангай,full,,,mongol-shuudan-via-bekkaze,,2026-04-28T06:49:08,2026-04-28T06:49:08,1
303706,43033,146,MN,1980,049,,Ширхэнцэг,full,,,mongol-shuudan-via-bekkaze,,2026-04-28T06:49:08,2026-04-28T06:49:08,1
303707,43034,146,MN,1980,049,,Минжхангай,full,,,mongol-shuudan-via-bekkaze,,2026-04-28T06:49:08,2026-04-28T06:49:08,1
303708,43035,146,MN,1980,049,,Замчин,full,,,mongol-shuudan-via-bekkaze,,2026-04-28T06:49:08,2026-04-28T06:49:08,1
303709,43036,146,MN,1980,049,,Тарина,full,,,mongol-shuudan-via-bekkaze,,2026-04-28T06:49:08,2026-04-28T06:49:08,1
303710,43037,146,MN,1980,049,,Хэрх,full,,,mongol-shuudan-via-bekkaze,,2026-04-28T06:49:08,2026-04-28T06:49:08,1
303711,43038,146,MN,1980,049,,Баян арцат,full,,,mongol-shuudan-via-bekkaze,,2026-04-28T06:49:08,2026-04-28T06:49:08,1
303712,43039,146,MN,1980,049,,Баянсуудал,full,,,mongol-shuudan-via-bekkaze,,2026-04-28T06:49:08,2026-04-28T06:49:08,1
303713,43040,146,MN,1980,049,,Алтанбулаг,full,,,mongol-shuudan-via-bekkaze,,2026-04-28T06:49:08,2026-04-28T06:49:08,1
303714,43041,146,MN,1980,049,,Цөх,full,,,mongol-shuudan-via-bekkaze,,2026-04-28T06:49:08,2026-04-28T06:49:08,1
303715,43043,146,MN,1980,049,,Суварга,full,,,mongol-shuudan-via-bekkaze,,2026-04-28T06:49:08,2026-04-28T06:49:08,1
303716,43045,146,MN,1980,049,,Бүргэдтэй,full,,,mongol-shuudan-via-bekkaze,,2026-04-28T06:49:08,2026-04-28T06:49:08,1
303717,43050,146,MN,1980,049,,Жавхлант,full,,,mongol-shuudan-via-bekkaze,,2026-04-28T06:49:08,2026-04-28T06:49:08,1
303718,43051,146,MN,1980,049,,Моностой,full,,,mongol-shuudan-via-bekkaze,,2026-04-28T06:49:08,2026-04-28T06:49:08,1
303719,43053,146,MN,1980,049,,Бумбат,full,,,mongol-shuudan-via-bekkaze,,2026-04-28T06:49:08,2026-04-28T06:49:08,1
303720,43060,146,MN,1980,049,,Баянгол,full,,,mongol-shuudan-via-bekkaze,,2026-04-28T06:49:08,2026-04-28T06:49:08,1
303721,43061,146,MN,1980,049,,Баян,full,,,mongol-shuudan-via-bekkaze,,2026-04-28T06:49:08,2026-04-28T06:49:08,1
303722,43063,146,MN,1980,049,,Гонир,full,,,mongol-shuudan-via-bekkaze,,2026-04-28T06:49:08,2026-04-28T06:49:08,1
303723,43065,146,MN,1980,049,,Хараа,full,,,mongol-shuudan-via-bekkaze,,2026-04-28T06:49:08,2026-04-28T06:49:08,1
303724,43070,146,MN,1980,049,,Шаамар,full,,,mongol-shuudan-via-bekkaze,,2026-04-28T06:49:08,2026-04-28T06:49:08,1
303725,43071,146,MN,1980,049,,Дулаанхаан,full,,,mongol-shuudan-via-bekkaze,,2026-04-28T06:49:08,2026-04-28T06:49:08,1
303726,43073,146,MN,1980,049,,Дэлгэрхаан,full,,,mongol-shuudan-via-bekkaze,,2026-04-28T06:49:08,2026-04-28T06:49:08,1
303727,43075,146,MN,1980,049,,Охиндий,full,,,mongol-shuudan-via-bekkaze,,2026-04-28T06:49:08,2026-04-28T06:49:08,1
303728,43080,146,MN,1980,049,,Сүхбаатар сум,full,,,mongol-shuudan-via-bekkaze,,2026-04-28T06:49:08,2026-04-28T06:49:08,1
303729,43081,146,MN,1980,049,,Цагаан эрэг,full,,,mongol-shuudan-via-bekkaze,,2026-04-28T06:49:08,2026-04-28T06:49:08,1
303730,43082,146,MN,1980,049,,Орхон,full,,,mongol-shuudan-via-bekkaze,,2026-04-28T06:49:08,2026-04-28T06:49:08,1
303731,43083,146,MN,1980,049,,Хонгор морьт,full,,,mongol-shuudan-via-bekkaze,,2026-04-28T06:49:08,2026-04-28T06:49:08,1
303732,43084,146,MN,1980,049,,Ганзам,full,,,mongol-shuudan-via-bekkaze,,2026-04-28T06:49:08,2026-04-28T06:49:08,1
303733,43085,146,MN,1980,049,,Салхит,full,,,mongol-shuudan-via-bekkaze,,2026-04-28T06:49:08,2026-04-28T06:49:08,1
303734,43086,146,MN,1980,049,,Буур хээр,full,,,mongol-shuudan-via-bekkaze,,2026-04-28T06:49:08,2026-04-28T06:49:08,1
303735,43087,146,MN,1980,049,,Бор гүвээ,full,,,mongol-shuudan-via-bekkaze,,2026-04-28T06:49:08,2026-04-28T06:49:08,1
303736,43089,146,MN,1980,049,,Баянхан,full,,,mongol-shuudan-via-bekkaze,,2026-04-28T06:49:08,2026-04-28T06:49:08,1
303737,43090,146,MN,1980,049,,Зүүнбүрэн,full,,,mongol-shuudan-via-bekkaze,,2026-04-28T06:49:08,2026-04-28T06:49:08,1
303738,43091,146,MN,1980,049,,Мангирт,full,,,mongol-shuudan-via-bekkaze,,2026-04-28T06:49:08,2026-04-28T06:49:08,1
303739,43093,146,MN,1980,049,,Жаргалант,full,,,mongol-shuudan-via-bekkaze,,2026-04-28T06:49:08,2026-04-28T06:49:08,1
303740,43095,146,MN,1980,049,,Бэлчир,full,,,mongol-shuudan-via-bekkaze,,2026-04-28T06:49:08,2026-04-28T06:49:08,1
303741,43100,146,MN,1980,049,,Түшиг,full,,,mongol-shuudan-via-bekkaze,,2026-04-28T06:49:08,2026-04-28T06:49:08,1
303742,43101,146,MN,1980,049,,Ар нуга,full,,,mongol-shuudan-via-bekkaze,,2026-04-28T06:49:08,2026-04-28T06:49:08,1
303743,43103,146,MN,1980,049,,Жаргалмандах,full,,,mongol-shuudan-via-bekkaze,,2026-04-28T06:49:08,2026-04-28T06:49:08,1
303744,43110,146,MN,1980,049,,Цагааннуур,full,,,mongol-shuudan-via-bekkaze,,2026-04-28T06:49:08,2026-04-28T06:49:08,1
303745,43111,146,MN,1980,049,,Тийрэг,full,,,mongol-shuudan-via-bekkaze,,2026-04-28T06:49:08,2026-04-28T06:49:08,1
303746,43113,146,MN,1980,049,,Хуурч,full,,,mongol-shuudan-via-bekkaze,,2026-04-28T06:49:08,2026-04-28T06:49:08,1
303747,43115,146,MN,1980,049,,Оргих,full,,,mongol-shuudan-via-bekkaze,,2026-04-28T06:49:08,2026-04-28T06:49:08,1
303748,43120,146,MN,1980,049,,Хушаат,full,,,mongol-shuudan-via-bekkaze,,2026-04-28T06:49:08,2026-04-28T06:49:08,1
303749,43121,146,MN,1980,049,,Мөнхтолгой,full,,,mongol-shuudan-via-bekkaze,,2026-04-28T06:49:08,2026-04-28T06:49:08,1
303750,43123,146,MN,1980,049,,Ишгэнт,full,,,mongol-shuudan-via-bekkaze,,2026-04-28T06:49:08,2026-04-28T06:49:08,1
303751,43130,146,MN,1980,049,,Сайхан сум,full,,,mongol-shuudan-via-bekkaze,,2026-04-28T06:49:08,2026-04-28T06:49:08,1
303752,43131,146,MN,1980,049,,Хөтөл,full,,,mongol-shuudan-via-bekkaze,,2026-04-28T06:49:08,2026-04-28T06:49:08,1
303753,43133,146,MN,1980,049,,Номгон,full,,,mongol-shuudan-via-bekkaze,,2026-04-28T06:49:08,2026-04-28T06:49:08,1
303754,43135,146,MN,1980,049,,Гавшгай,full,,,mongol-shuudan-via-bekkaze,,2026-04-28T06:49:08,2026-04-28T06:49:08,1
303755,43137,146,MN,1980,049,,Дөмбөн,full,,,mongol-shuudan-via-bekkaze,,2026-04-28T06:49:08,2026-04-28T06:49:08,1
303756,43140,146,MN,1980,049,,Орхон,full,,,mongol-shuudan-via-bekkaze,,2026-04-28T06:49:08,2026-04-28T06:49:08,1
303757,43141,146,MN,1980,049,,Бэлэн далай,full,,,mongol-shuudan-via-bekkaze,,2026-04-28T06:49:08,2026-04-28T06:49:08,1
303758,43143,146,MN,1980,049,,Орхон,full,,,mongol-shuudan-via-bekkaze,,2026-04-28T06:49:08,2026-04-28T06:49:08,1
303759,43150,146,MN,1980,049,,Сант,full,,,mongol-shuudan-via-bekkaze,,2026-04-28T06:49:08,2026-04-28T06:49:08,1
303760,43151,146,MN,1980,049,,Хушаат,full,,,mongol-shuudan-via-bekkaze,,2026-04-28T06:49:08,2026-04-28T06:49:08,1
303761,43153,146,MN,1980,049,,Ивэн,full,,,mongol-shuudan-via-bekkaze,,2026-04-28T06:49:08,2026-04-28T06:49:08,1
303762,43160,146,MN,1980,049,,Орхонтуул,full,,,mongol-shuudan-via-bekkaze,,2026-04-28T06:49:08,2026-04-28T06:49:08,1
303763,43161,146,MN,1980,049,,Баянцогт,full,,,mongol-shuudan-via-bekkaze,,2026-04-28T06:49:08,2026-04-28T06:49:08,1
303764,43163,146,MN,1980,049,,Шар-Ус,full,,,mongol-shuudan-via-bekkaze,,2026-04-28T06:49:08,2026-04-28T06:49:08,1
303765,43165,146,MN,1980,049,,Хонгор-Овоо,full,,,mongol-shuudan-via-bekkaze,,2026-04-28T06:49:08,2026-04-28T06:49:08,1
303766,43170,146,MN,1980,049,,Баруунбүрэн,full,,,mongol-shuudan-via-bekkaze,,2026-04-28T06:49:08,2026-04-28T06:49:08,1
303767,43171,146,MN,1980,049,,Ивэн,full,,,mongol-shuudan-via-bekkaze,,2026-04-28T06:49:08,2026-04-28T06:49:08,1
303768,43173,146,MN,1980,049,,Бургалтай,full,,,mongol-shuudan-via-bekkaze,,2026-04-28T06:49:08,2026-04-28T06:49:08,1
303769,43175,146,MN,1980,049,,Цагаан-овоо,full,,,mongol-shuudan-via-bekkaze,,2026-04-28T06:49:08,2026-04-28T06:49:08,1
303770,44000,146,MN,1981,063,,Dornogovi,full,,,mongol-shuudan-via-bekkaze,,2026-04-28T06:49:08,2026-04-28T06:49:08,1
303771,44010,146,MN,1981,063,,Замын-Үүд сум,full,,,mongol-shuudan-via-bekkaze,,2026-04-28T06:49:08,2026-04-28T06:49:08,1
303772,44011,146,MN,1981,063,,2-р баг,full,,,mongol-shuudan-via-bekkaze,,2026-04-28T06:49:08,2026-04-28T06:49:08,1
303773,44012,146,MN,1981,063,,3-р баг,full,,,mongol-shuudan-via-bekkaze,,2026-04-28T06:49:08,2026-04-28T06:49:08,1
303774,44013,146,MN,1981,063,,1-р баг,full,,,mongol-shuudan-via-bekkaze,,2026-04-28T06:49:08,2026-04-28T06:49:08,1
303775,44014,146,MN,1981,063,,4-р баг,full,,,mongol-shuudan-via-bekkaze,,2026-04-28T06:49:08,2026-04-28T06:49:08,1
303776,44015,146,MN,1981,063,,5-р баг,full,,,mongol-shuudan-via-bekkaze,,2026-04-28T06:49:08,2026-04-28T06:49:08,1
303777,44020,146,MN,1981,063,,Эрдэнэ,full,,,mongol-shuudan-via-bekkaze,,2026-04-28T06:49:08,2026-04-28T06:49:08,1
303778,44021,146,MN,1981,063,,Дөрвөлж,full,,,mongol-shuudan-via-bekkaze,,2026-04-28T06:49:08,2026-04-28T06:49:08,1
303779,44023,146,MN,1981,063,,Еншөөв,full,,,mongol-shuudan-via-bekkaze,,2026-04-28T06:49:08,2026-04-28T06:49:08,1
303780,44025,146,MN,1981,063,,Улаан уул,full,,,mongol-shuudan-via-bekkaze,,2026-04-28T06:49:08,2026-04-28T06:49:08,1
303781,44027,146,MN,1981,063,,Цагаан хөтөл,full,,,mongol-shuudan-via-bekkaze,,2026-04-28T06:49:08,2026-04-28T06:49:08,1
303782,44029,146,MN,1981,063,,Бүрдэнэ,full,,,mongol-shuudan-via-bekkaze,,2026-04-28T06:49:08,2026-04-28T06:49:08,1
303783,44030,146,MN,1981,063,,Өргөн,full,,,mongol-shuudan-via-bekkaze,,2026-04-28T06:49:08,2026-04-28T06:49:08,1
303784,44031,146,MN,1981,063,,Сүмбэр,full,,,mongol-shuudan-via-bekkaze,,2026-04-28T06:49:08,2026-04-28T06:49:08,1
303785,44033,146,MN,1981,063,,Баянмөнх,full,,,mongol-shuudan-via-bekkaze,,2026-04-28T06:49:08,2026-04-28T06:49:08,1
303786,44035,146,MN,1981,063,,Сэнж,full,,,mongol-shuudan-via-bekkaze,,2026-04-28T06:49:08,2026-04-28T06:49:08,1
303787,44037,146,MN,1981,063,,Сүмийн булаг,full,,,mongol-shuudan-via-bekkaze,,2026-04-28T06:49:08,2026-04-28T06:49:08,1
303788,44040,146,MN,1981,063,,Дэлгэрэх,full,,,mongol-shuudan-via-bekkaze,,2026-04-28T06:49:08,2026-04-28T06:49:08,1
303789,44041,146,MN,1981,063,,Аманшанд,full,,,mongol-shuudan-via-bekkaze,,2026-04-28T06:49:08,2026-04-28T06:49:08,1
303790,44043,146,MN,1981,063,,Бумбат,full,,,mongol-shuudan-via-bekkaze,,2026-04-28T06:49:08,2026-04-28T06:49:08,1
303791,44045,146,MN,1981,063,,Хонгор,full,,,mongol-shuudan-via-bekkaze,,2026-04-28T06:49:08,2026-04-28T06:49:08,1
303792,44047,146,MN,1981,063,,Цагаанхад,full,,,mongol-shuudan-via-bekkaze,,2026-04-28T06:49:08,2026-04-28T06:49:08,1
303793,44050,146,MN,1981,063,,Улаанбадрах,full,,,mongol-shuudan-via-bekkaze,,2026-04-28T06:49:08,2026-04-28T06:49:08,1
303794,44051,146,MN,1981,063,,Баянбогд,full,,,mongol-shuudan-via-bekkaze,,2026-04-28T06:49:08,2026-04-28T06:49:08,1
303795,44053,146,MN,1981,063,,Сангийн далай,full,,,mongol-shuudan-via-bekkaze,,2026-04-28T06:49:08,2026-04-28T06:49:08,1
303796,44055,146,MN,1981,063,,Нүдэн,full,,,mongol-shuudan-via-bekkaze,,2026-04-28T06:49:08,2026-04-28T06:49:08,1
303797,44057,146,MN,1981,063,,Аргалант,full,,,mongol-shuudan-via-bekkaze,,2026-04-28T06:49:08,2026-04-28T06:49:08,1
303798,44060,146,MN,1981,063,,Хөвсгөл,full,,,mongol-shuudan-via-bekkaze,,2026-04-28T06:49:08,2026-04-28T06:49:08,1
303799,44061,146,MN,1981,063,,Жавхлант,full,,,mongol-shuudan-via-bekkaze,,2026-04-28T06:49:08,2026-04-28T06:49:08,1
303800,44063,146,MN,1981,063,,Хөвсгөл,full,,,mongol-shuudan-via-bekkaze,,2026-04-28T06:49:08,2026-04-28T06:49:08,1
303801,44065,146,MN,1981,063,,Элст,full,,,mongol-shuudan-via-bekkaze,,2026-04-28T06:49:08,2026-04-28T06:49:08,1
303802,44067,146,MN,1981,063,,Чулуут,full,,,mongol-shuudan-via-bekkaze,,2026-04-28T06:49:08,2026-04-28T06:49:08,1
303803,44070,146,MN,1981,063,,Алтанширээ,full,,,mongol-shuudan-via-bekkaze,,2026-04-28T06:49:08,2026-04-28T06:49:08,1
303804,44071,146,MN,1981,063,,Зараа,full,,,mongol-shuudan-via-bekkaze,,2026-04-28T06:49:08,2026-04-28T06:49:08,1
303805,44073,146,MN,1981,063,,Тойг,full,,,mongol-shuudan-via-bekkaze,,2026-04-28T06:49:08,2026-04-28T06:49:08,1
303806,44075,146,MN,1981,063,,Чулуун гишгэр,full,,,mongol-shuudan-via-bekkaze,,2026-04-28T06:49:08,2026-04-28T06:49:08,1
303807,44077,146,MN,1981,063,,Хаяа,full,,,mongol-shuudan-via-bekkaze,,2026-04-28T06:49:08,2026-04-28T06:49:08,1
303808,44080,146,MN,1981,063,,Хатанбулаг,full,,,mongol-shuudan-via-bekkaze,,2026-04-28T06:49:08,2026-04-28T06:49:08,1
303809,44081,146,MN,1981,063,,Халив,full,,,mongol-shuudan-via-bekkaze,,2026-04-28T06:49:08,2026-04-28T06:49:08,1
303810,44082,146,MN,1981,063,,Замын шанд,full,,,mongol-shuudan-via-bekkaze,,2026-04-28T06:49:08,2026-04-28T06:49:08,1
303811,44083,146,MN,1981,063,,Сулинхээр,full,,,mongol-shuudan-via-bekkaze,,2026-04-28T06:49:08,2026-04-28T06:49:08,1
303812,44085,146,MN,1981,063,,Аман ус,full,,,mongol-shuudan-via-bekkaze,,2026-04-28T06:49:08,2026-04-28T06:49:08,1
303813,44087,146,MN,1981,063,,Эргэл,full,,,mongol-shuudan-via-bekkaze,,2026-04-28T06:49:08,2026-04-28T06:49:08,1
303814,44089,146,MN,1981,063,,Агаруут,full,,,mongol-shuudan-via-bekkaze,,2026-04-28T06:49:08,2026-04-28T06:49:08,1
303815,44090,146,MN,1981,063,,Иххэт,full,,,mongol-shuudan-via-bekkaze,,2026-04-28T06:49:08,2026-04-28T06:49:08,1
303816,44091,146,MN,1981,063,,Баян,full,,,mongol-shuudan-via-bekkaze,,2026-04-28T06:49:08,2026-04-28T06:49:08,1
303817,44093,146,MN,1981,063,,Зүлэгт,full,,,mongol-shuudan-via-bekkaze,,2026-04-28T06:49:08,2026-04-28T06:49:08,1
303818,44095,146,MN,1981,063,,Бүрдэнэ,full,,,mongol-shuudan-via-bekkaze,,2026-04-28T06:49:08,2026-04-28T06:49:08,1
303819,44100,146,MN,1981,063,,Сайншанд сум,full,,,mongol-shuudan-via-bekkaze,,2026-04-28T06:49:08,2026-04-28T06:49:08,1
303820,44101,146,MN,1981,063,,4-р баг,full,,,mongol-shuudan-via-bekkaze,,2026-04-28T06:49:08,2026-04-28T06:49:08,1
303821,44102,146,MN,1981,063,,6-р баг,full,,,mongol-shuudan-via-bekkaze,,2026-04-28T06:49:08,2026-04-28T06:49:08,1
303822,44103,146,MN,1981,063,,3-р баг,full,,,mongol-shuudan-via-bekkaze,,2026-04-28T06:49:08,2026-04-28T06:49:08,1
303823,44104,146,MN,1981,063,,7-р баг,full,,,mongol-shuudan-via-bekkaze,,2026-04-28T06:49:08,2026-04-28T06:49:08,1
303824,44105,146,MN,1981,063,,2-р баг,full,,,mongol-shuudan-via-bekkaze,,2026-04-28T06:49:08,2026-04-28T06:49:08,1
303825,44107,146,MN,1981,063,,1-р баг,full,,,mongol-shuudan-via-bekkaze,,2026-04-28T06:49:08,2026-04-28T06:49:08,1
303826,44109,146,MN,1981,063,,5-р баг,full,,,mongol-shuudan-via-bekkaze,,2026-04-28T06:49:08,2026-04-28T06:49:08,1
303827,44110,146,MN,1981,063,,Сайхандулаан,full,,,mongol-shuudan-via-bekkaze,,2026-04-28T06:49:08,2026-04-28T06:49:08,1
303828,44111,146,MN,1981,063,,Улаан шороот,full,,,mongol-shuudan-via-bekkaze,,2026-04-28T06:49:08,2026-04-28T06:49:08,1
303829,44113,146,MN,1981,063,,Цохио,full,,,mongol-shuudan-via-bekkaze,,2026-04-28T06:49:08,2026-04-28T06:49:08,1
303830,44115,146,MN,1981,063,,Жаргалант,full,,,mongol-shuudan-via-bekkaze,,2026-04-28T06:49:08,2026-04-28T06:49:08,1
303831,44117,146,MN,1981,063,,Өлзийт,full,,,mongol-shuudan-via-bekkaze,,2026-04-28T06:49:08,2026-04-28T06:49:08,1
303832,44120,146,MN,1981,063,,Айраг,full,,,mongol-shuudan-via-bekkaze,,2026-04-28T06:49:08,2026-04-28T06:49:08,1
303833,44121,146,MN,1981,063,,Сайн ус,full,,,mongol-shuudan-via-bekkaze,,2026-04-28T06:49:08,2026-04-28T06:49:08,1
303834,44123,146,MN,1981,063,,Нүдэн,full,,,mongol-shuudan-via-bekkaze,,2026-04-28T06:49:08,2026-04-28T06:49:08,1
303835,44125,146,MN,1981,063,,Цагаан дөрвөлж,full,,,mongol-shuudan-via-bekkaze,,2026-04-28T06:49:08,2026-04-28T06:49:08,1
303836,44127,146,MN,1981,063,,Нард,full,,,mongol-shuudan-via-bekkaze,,2026-04-28T06:49:08,2026-04-28T06:49:08,1
303837,44130,146,MN,1981,063,,Даланжаргалан,full,,,mongol-shuudan-via-bekkaze,,2026-04-28T06:49:08,2026-04-28T06:49:08,1
303838,44131,146,MN,1981,063,,Өнгөт,full,,,mongol-shuudan-via-bekkaze,,2026-04-28T06:49:08,2026-04-28T06:49:08,1
303839,44133,146,MN,1981,063,,Цомог,full,,,mongol-shuudan-via-bekkaze,,2026-04-28T06:49:08,2026-04-28T06:49:08,1
303840,44134,146,MN,1981,063,,Олон-Овоод,full,,,mongol-shuudan-via-bekkaze,,2026-04-28T06:49:08,2026-04-28T06:49:08,1
303841,44135,146,MN,1981,063,,Элдэв,full,,,mongol-shuudan-via-bekkaze,,2026-04-28T06:49:08,2026-04-28T06:49:08,1
303842,44137,146,MN,1981,063,,Бичигт,full,,,mongol-shuudan-via-bekkaze,,2026-04-28T06:49:08,2026-04-28T06:49:08,1
303843,44140,146,MN,1981,063,,Мандах,full,,,mongol-shuudan-via-bekkaze,,2026-04-28T06:49:08,2026-04-28T06:49:08,1
303844,44141,146,MN,1981,063,,Сэрвэн баян хошуу,full,,,mongol-shuudan-via-bekkaze,,2026-04-28T06:49:08,2026-04-28T06:49:08,1
303845,44143,146,MN,1981,063,,Алхан тээг,full,,,mongol-shuudan-via-bekkaze,,2026-04-28T06:49:08,2026-04-28T06:49:08,1
303846,44145,146,MN,1981,063,,Өехий,full,,,mongol-shuudan-via-bekkaze,,2026-04-28T06:49:08,2026-04-28T06:49:08,1
303847,44147,146,MN,1981,063,,Төхөм,full,,,mongol-shuudan-via-bekkaze,,2026-04-28T06:49:08,2026-04-28T06:49:08,1
303848,44149,146,MN,1981,063,,Баянхошуу,full,,,mongol-shuudan-via-bekkaze,,2026-04-28T06:49:08,2026-04-28T06:49:08,1
303849,45000,146,MN,1962,037,,Darkhan-Uul,full,,,mongol-shuudan-via-bekkaze,,2026-04-28T06:49:08,2026-04-28T06:49:08,1
303850,45010,146,MN,1962,037,,Шарын гол,full,,,mongol-shuudan-via-bekkaze,,2026-04-28T06:49:08,2026-04-28T06:49:08,1
303851,45011,146,MN,1962,037,,Санжинт,full,,,mongol-shuudan-via-bekkaze,,2026-04-28T06:49:08,2026-04-28T06:49:08,1
303852,45013,146,MN,1962,037,,Дархан,full,,,mongol-shuudan-via-bekkaze,,2026-04-28T06:49:08,2026-04-28T06:49:08,1
303853,45015,146,MN,1962,037,,Хайрхан,full,,,mongol-shuudan-via-bekkaze,,2026-04-28T06:49:08,2026-04-28T06:49:08,1
303854,45020,146,MN,1962,037,,Хонгор,full,,,mongol-shuudan-via-bekkaze,,2026-04-28T06:49:08,2026-04-28T06:49:08,1
303855,45021,146,MN,1962,037,,Салхит,full,,,mongol-shuudan-via-bekkaze,,2026-04-28T06:49:08,2026-04-28T06:49:08,1
303856,45023,146,MN,1962,037,,Буурт,full,,,mongol-shuudan-via-bekkaze,,2026-04-28T06:49:08,2026-04-28T06:49:08,1
303857,45025,146,MN,1962,037,,Буурал,full,,,mongol-shuudan-via-bekkaze,,2026-04-28T06:49:08,2026-04-28T06:49:08,1
303858,45030,146,MN,1962,037,,Орхон,full,,,mongol-shuudan-via-bekkaze,,2026-04-28T06:49:08,2026-04-28T06:49:08,1
303859,45031,146,MN,1962,037,,Энхтал,full,,,mongol-shuudan-via-bekkaze,,2026-04-28T06:49:08,2026-04-28T06:49:08,1
303860,45033,146,MN,1962,037,,Баян-Өлзийт,full,,,mongol-shuudan-via-bekkaze,,2026-04-28T06:49:08,2026-04-28T06:49:08,1
303861,45040,146,MN,1962,037,,Дархан сум,full,,,mongol-shuudan-via-bekkaze,,2026-04-28T06:49:08,2026-04-28T06:49:08,1
303862,45041,146,MN,1962,037,,7-р баг,full,,,mongol-shuudan-via-bekkaze,,2026-04-28T06:49:08,2026-04-28T06:49:08,1
303863,45043,146,MN,1962,037,,8-р баг,full,,,mongol-shuudan-via-bekkaze,,2026-04-28T06:49:08,2026-04-28T06:49:08,1
303864,45045,146,MN,1962,037,,16-р баг,full,,,mongol-shuudan-via-bekkaze,,2026-04-28T06:49:08,2026-04-28T06:49:08,1
303865,45047,146,MN,1962,037,,15-р баг,full,,,mongol-shuudan-via-bekkaze,,2026-04-28T06:49:08,2026-04-28T06:49:08,1
303866,45049,146,MN,1962,037,,12-р баг,full,,,mongol-shuudan-via-bekkaze,,2026-04-28T06:49:08,2026-04-28T06:49:08,1
303867,45051,146,MN,1962,037,,13-р баг,full,,,mongol-shuudan-via-bekkaze,,2026-04-28T06:49:08,2026-04-28T06:49:08,1
303868,45053,146,MN,1962,037,,6-р баг,full,,,mongol-shuudan-via-bekkaze,,2026-04-28T06:49:08,2026-04-28T06:49:08,1
303869,45055,146,MN,1962,037,,11-р баг,full,,,mongol-shuudan-via-bekkaze,,2026-04-28T06:49:08,2026-04-28T06:49:08,1
303870,45057,146,MN,1962,037,,10-р баг,full,,,mongol-shuudan-via-bekkaze,,2026-04-28T06:49:08,2026-04-28T06:49:08,1
303871,45059,146,MN,1962,037,,14-р баг,full,,,mongol-shuudan-via-bekkaze,,2026-04-28T06:49:08,2026-04-28T06:49:08,1
303872,45061,146,MN,1962,037,,9-р баг,full,,,mongol-shuudan-via-bekkaze,,2026-04-28T06:49:08,2026-04-28T06:49:08,1
303873,45062,146,MN,1962,037,,17-р баг,full,,,mongol-shuudan-via-bekkaze,,2026-04-28T06:49:08,2026-04-28T06:49:08,1
303874,45063,146,MN,1962,037,,5-р баг,full,,,mongol-shuudan-via-bekkaze,,2026-04-28T06:49:08,2026-04-28T06:49:08,1
303875,45064,146,MN,1962,037,,18-р баг,full,,,mongol-shuudan-via-bekkaze,,2026-04-28T06:49:08,2026-04-28T06:49:08,1
303876,45065,146,MN,1962,037,,4-р баг,full,,,mongol-shuudan-via-bekkaze,,2026-04-28T06:49:08,2026-04-28T06:49:08,1
303877,45067,146,MN,1962,037,,1-р баг,full,,,mongol-shuudan-via-bekkaze,,2026-04-28T06:49:08,2026-04-28T06:49:08,1
303878,45069,146,MN,1962,037,,2-р баг,full,,,mongol-shuudan-via-bekkaze,,2026-04-28T06:49:08,2026-04-28T06:49:08,1
303879,45071,146,MN,1962,037,,3-р баг,full,,,mongol-shuudan-via-bekkaze,,2026-04-28T06:49:08,2026-04-28T06:49:08,1
303880,46000,146,MN,1967,053,,Ömnögovi,full,,,mongol-shuudan-via-bekkaze,,2026-04-28T06:49:08,2026-04-28T06:49:08,1
303881,46010,146,MN,1967,053,,Ханбогд,full,,,mongol-shuudan-via-bekkaze,,2026-04-28T06:49:08,2026-04-28T06:49:08,1
303882,46011,146,MN,1967,053,,Номгон,full,,,mongol-shuudan-via-bekkaze,,2026-04-28T06:49:08,2026-04-28T06:49:08,1
303883,46013,146,MN,1967,053,,Баян,full,,,mongol-shuudan-via-bekkaze,,2026-04-28T06:49:08,2026-04-28T06:49:08,1
303884,46015,146,MN,1967,053,,Жавхлант,full,,,mongol-shuudan-via-bekkaze,,2026-04-28T06:49:08,2026-04-28T06:49:08,1
303885,46017,146,MN,1967,053,,Гавилууд,full,,,mongol-shuudan-via-bekkaze,,2026-04-28T06:49:08,2026-04-28T06:49:08,1
303886,46019,146,MN,1967,053,,Хайрхан,full,,,mongol-shuudan-via-bekkaze,,2026-04-28T06:49:08,2026-04-28T06:49:08,1
303887,46020,146,MN,1967,053,,Манлай,full,,,mongol-shuudan-via-bekkaze,,2026-04-28T06:49:08,2026-04-28T06:49:08,1
303888,46021,146,MN,1967,053,,Өгөөмөр,full,,,mongol-shuudan-via-bekkaze,,2026-04-28T06:49:08,2026-04-28T06:49:08,1
303889,46023,146,MN,1967,053,,Өехий,full,,,mongol-shuudan-via-bekkaze,,2026-04-28T06:49:08,2026-04-28T06:49:08,1
303890,46025,146,MN,1967,053,,Жаргалант,full,,,mongol-shuudan-via-bekkaze,,2026-04-28T06:49:08,2026-04-28T06:49:08,1
303891,46027,146,MN,1967,053,,Далай,full,,,mongol-shuudan-via-bekkaze,,2026-04-28T06:49:08,2026-04-28T06:49:08,1
303892,46030,146,MN,1967,053,,Баян-Овоо,full,,,mongol-shuudan-via-bekkaze,,2026-04-28T06:49:08,2026-04-28T06:49:08,1
303893,46031,146,MN,1967,053,,Могой,full,,,mongol-shuudan-via-bekkaze,,2026-04-28T06:49:08,2026-04-28T06:49:08,1
303894,46033,146,MN,1967,053,,Харзаг,full,,,mongol-shuudan-via-bekkaze,,2026-04-28T06:49:08,2026-04-28T06:49:08,1
303895,46035,146,MN,1967,053,,Налих,full,,,mongol-shuudan-via-bekkaze,,2026-04-28T06:49:08,2026-04-28T06:49:08,1
303896,46040,146,MN,1967,053,,Цогтцэций,full,,,mongol-shuudan-via-bekkaze,,2026-04-28T06:49:08,2026-04-28T06:49:08,1
303897,46041,146,MN,1967,053,,Билгэх,full,,,mongol-shuudan-via-bekkaze,,2026-04-28T06:49:08,2026-04-28T06:49:08,1
303898,46043,146,MN,1967,053,,Сийрст,full,,,mongol-shuudan-via-bekkaze,,2026-04-28T06:49:08,2026-04-28T06:49:08,1
303899,46045,146,MN,1967,053,,Цагаан Овоо,full,,,mongol-shuudan-via-bekkaze,,2026-04-28T06:49:08,2026-04-28T06:49:08,1
303900,46047,146,MN,1967,053,,Өгөөмөр,full,,,mongol-shuudan-via-bekkaze,,2026-04-28T06:49:08,2026-04-28T06:49:08,1
303901,46050,146,MN,1967,053,,Номгон,full,,,mongol-shuudan-via-bekkaze,,2026-04-28T06:49:08,2026-04-28T06:49:08,1
303902,46051,146,MN,1967,053,,Богт,full,,,mongol-shuudan-via-bekkaze,,2026-04-28T06:49:08,2026-04-28T06:49:08,1
303903,46053,146,MN,1967,053,,Эмгэн булаг,full,,,mongol-shuudan-via-bekkaze,,2026-04-28T06:49:08,2026-04-28T06:49:08,1
303904,46055,146,MN,1967,053,,Хармагтай,full,,,mongol-shuudan-via-bekkaze,,2026-04-28T06:49:08,2026-04-28T06:49:08,1
303905,46057,146,MN,1967,053,,Дэрсэнэ Ус,full,,,mongol-shuudan-via-bekkaze,,2026-04-28T06:49:08,2026-04-28T06:49:08,1
303906,46059,146,MN,1967,053,,Төхөм,full,,,mongol-shuudan-via-bekkaze,,2026-04-28T06:49:08,2026-04-28T06:49:08,1
303907,46060,146,MN,1967,053,,Цогт-Овоо,full,,,mongol-shuudan-via-bekkaze,,2026-04-28T06:49:08,2026-04-28T06:49:08,1
303908,46061,146,MN,1967,053,,Бортээг,full,,,mongol-shuudan-via-bekkaze,,2026-04-28T06:49:08,2026-04-28T06:49:08,1
303909,46063,146,MN,1967,053,,Замын шанд,full,,,mongol-shuudan-via-bekkaze,,2026-04-28T06:49:08,2026-04-28T06:49:08,1
303910,46065,146,MN,1967,053,,Найз,full,,,mongol-shuudan-via-bekkaze,,2026-04-28T06:49:08,2026-04-28T06:49:08,1
303911,46070,146,MN,1967,053,,Ханхонгор,full,,,mongol-shuudan-via-bekkaze,,2026-04-28T06:49:08,2026-04-28T06:49:08,1
303912,46071,146,MN,1967,053,,Хондот,full,,,mongol-shuudan-via-bekkaze,,2026-04-28T06:49:08,2026-04-28T06:49:08,1
303913,46073,146,MN,1967,053,,Өгөөмөр,full,,,mongol-shuudan-via-bekkaze,,2026-04-28T06:49:08,2026-04-28T06:49:08,1
303914,46075,146,MN,1967,053,,Жаргалант,full,,,mongol-shuudan-via-bekkaze,,2026-04-28T06:49:08,2026-04-28T06:49:08,1
303915,46077,146,MN,1967,053,,Мандах,full,,,mongol-shuudan-via-bekkaze,,2026-04-28T06:49:08,2026-04-28T06:49:08,1
303916,46080,146,MN,1967,053,,Даланзадгад,full,,,mongol-shuudan-via-bekkaze,,2026-04-28T06:49:08,2026-04-28T06:49:08,1
303917,46081,146,MN,1967,053,,Цагаан булаг,full,,,mongol-shuudan-via-bekkaze,,2026-04-28T06:49:08,2026-04-28T06:49:08,1
303918,46082,146,MN,1967,053,,Их Уул,full,,,mongol-shuudan-via-bekkaze,,2026-04-28T06:49:08,2026-04-28T06:49:08,1
303919,46083,146,MN,1967,053,,Далан,full,,,mongol-shuudan-via-bekkaze,,2026-04-28T06:49:08,2026-04-28T06:49:08,1
303920,46084,146,MN,1967,053,,Хан-Уул,full,,,mongol-shuudan-via-bekkaze,,2026-04-28T06:49:08,2026-04-28T06:49:08,1
303921,46085,146,MN,1967,053,,Зүүн сайхан,full,,,mongol-shuudan-via-bekkaze,,2026-04-28T06:49:08,2026-04-28T06:49:08,1
303922,46086,146,MN,1967,053,,Дунд сайхан,full,,,mongol-shuudan-via-bekkaze,,2026-04-28T06:49:08,2026-04-28T06:49:08,1
303923,46087,146,MN,1967,053,,Оюут,full,,,mongol-shuudan-via-bekkaze,,2026-04-28T06:49:08,2026-04-28T06:49:08,1
303924,46089,146,MN,1967,053,,Баруун сайхан,full,,,mongol-shuudan-via-bekkaze,,2026-04-28T06:49:08,2026-04-28T06:49:08,1
303925,46090,146,MN,1967,053,,Мандал-Овоо,full,,,mongol-shuudan-via-bekkaze,,2026-04-28T06:49:08,2026-04-28T06:49:08,1
303926,46091,146,MN,1967,053,,Баянхошуу,full,,,mongol-shuudan-via-bekkaze,,2026-04-28T06:49:08,2026-04-28T06:49:08,1
303927,46093,146,MN,1967,053,,Өтгөн,full,,,mongol-shuudan-via-bekkaze,,2026-04-28T06:49:08,2026-04-28T06:49:08,1
303928,46095,146,MN,1967,053,,Мандал,full,,,mongol-shuudan-via-bekkaze,,2026-04-28T06:49:08,2026-04-28T06:49:08,1
303929,46100,146,MN,1967,053,,Хүрмэн,full,,,mongol-shuudan-via-bekkaze,,2026-04-28T06:49:08,2026-04-28T06:49:08,1
303930,46101,146,MN,1967,053,,Хүрмэн,full,,,mongol-shuudan-via-bekkaze,,2026-04-28T06:49:08,2026-04-28T06:49:08,1
303931,46103,146,MN,1967,053,,Тулга,full,,,mongol-shuudan-via-bekkaze,,2026-04-28T06:49:08,2026-04-28T06:49:08,1
303932,46105,146,MN,1967,053,,Жанжин,full,,,mongol-shuudan-via-bekkaze,,2026-04-28T06:49:08,2026-04-28T06:49:08,1
303933,46110,146,MN,1967,053,,Булган,full,,,mongol-shuudan-via-bekkaze,,2026-04-28T06:49:08,2026-04-28T06:49:08,1
303934,46111,146,MN,1967,053,,Дал,full,,,mongol-shuudan-via-bekkaze,,2026-04-28T06:49:08,2026-04-28T06:49:08,1
303935,46113,146,MN,1967,053,,Булган,full,,,mongol-shuudan-via-bekkaze,,2026-04-28T06:49:08,2026-04-28T06:49:08,1
303936,46115,146,MN,1967,053,,Хавцгайт,full,,,mongol-shuudan-via-bekkaze,,2026-04-28T06:49:08,2026-04-28T06:49:08,1
303937,46117,146,MN,1967,053,,Дэн,full,,,mongol-shuudan-via-bekkaze,,2026-04-28T06:49:08,2026-04-28T06:49:08,1
303938,46120,146,MN,1967,053,,Баяндалай,full,,,mongol-shuudan-via-bekkaze,,2026-04-28T06:49:08,2026-04-28T06:49:08,1
303939,46121,146,MN,1967,053,,Баян,full,,,mongol-shuudan-via-bekkaze,,2026-04-28T06:49:08,2026-04-28T06:49:08,1
303940,46123,146,MN,1967,053,,Наран,full,,,mongol-shuudan-via-bekkaze,,2026-04-28T06:49:08,2026-04-28T06:49:08,1
303941,46125,146,MN,1967,053,,Төхөм,full,,,mongol-shuudan-via-bekkaze,,2026-04-28T06:49:08,2026-04-28T06:49:08,1
303942,46130,146,MN,1967,053,,Сэврэй,full,,,mongol-shuudan-via-bekkaze,,2026-04-28T06:49:08,2026-04-28T06:49:08,1
303943,46131,146,MN,1967,053,,Хоолт,full,,,mongol-shuudan-via-bekkaze,,2026-04-28T06:49:08,2026-04-28T06:49:08,1
303944,46133,146,MN,1967,053,,Бүйлсэн,full,,,mongol-shuudan-via-bekkaze,,2026-04-28T06:49:08,2026-04-28T06:49:08,1
303945,46135,146,MN,1967,053,,Сайншанд,full,,,mongol-shuudan-via-bekkaze,,2026-04-28T06:49:08,2026-04-28T06:49:08,1
303946,46140,146,MN,1967,053,,Ноён,full,,,mongol-shuudan-via-bekkaze,,2026-04-28T06:49:08,2026-04-28T06:49:08,1
303947,46141,146,MN,1967,053,,Сайран,full,,,mongol-shuudan-via-bekkaze,,2026-04-28T06:49:08,2026-04-28T06:49:08,1
303948,46143,146,MN,1967,053,,Ганзагад,full,,,mongol-shuudan-via-bekkaze,,2026-04-28T06:49:08,2026-04-28T06:49:08,1
303949,46150,146,MN,1967,053,,Гурвантэс,full,,,mongol-shuudan-via-bekkaze,,2026-04-28T06:49:08,2026-04-28T06:49:08,1
303950,46151,146,MN,1967,053,,Баясах,full,,,mongol-shuudan-via-bekkaze,,2026-04-28T06:49:08,2026-04-28T06:49:08,1
303951,46153,146,MN,1967,053,,Гоёот,full,,,mongol-shuudan-via-bekkaze,,2026-04-28T06:49:08,2026-04-28T06:49:08,1
303952,46155,146,MN,1967,053,,Урт,full,,,mongol-shuudan-via-bekkaze,,2026-04-28T06:49:08,2026-04-28T06:49:08,1
303953,46157,146,MN,1967,053,,Тост,full,,,mongol-shuudan-via-bekkaze,,2026-04-28T06:49:08,2026-04-28T06:49:08,1
303954,46159,146,MN,1967,053,,Бага-Овоо,full,,,mongol-shuudan-via-bekkaze,,2026-04-28T06:49:08,2026-04-28T06:49:08,1
303955,48000,146,MN,1970,059,,Dundgobi,full,,,mongol-shuudan-via-bekkaze,,2026-04-28T06:49:08,2026-04-28T06:49:08,1
303956,48010,146,MN,1970,059,,Өндөршил,full,,,mongol-shuudan-via-bekkaze,,2026-04-28T06:49:08,2026-04-28T06:49:08,1
303957,48011,146,MN,1970,059,,Талын нар,full,,,mongol-shuudan-via-bekkaze,,2026-04-28T06:49:08,2026-04-28T06:49:08,1
303958,48013,146,MN,1970,059,,Цог,full,,,mongol-shuudan-via-bekkaze,,2026-04-28T06:49:08,2026-04-28T06:49:08,1
303959,48020,146,MN,1970,059,,Баянжаргалан,full,,,mongol-shuudan-via-bekkaze,,2026-04-28T06:49:08,2026-04-28T06:49:08,1
303960,48021,146,MN,1970,059,,Шилийн гол,full,,,mongol-shuudan-via-bekkaze,,2026-04-28T06:49:08,2026-04-28T06:49:08,1
303961,48022,146,MN,1970,059,,Аргатай,full,,,mongol-shuudan-via-bekkaze,,2026-04-28T06:49:08,2026-04-28T06:49:08,1
303962,48023,146,MN,1970,059,,Энгэр ус,full,,,mongol-shuudan-via-bekkaze,,2026-04-28T06:49:08,2026-04-28T06:49:08,1
303963,48030,146,MN,1970,059,,Цагаандэлгэр,full,,,mongol-shuudan-via-bekkaze,,2026-04-28T06:49:08,2026-04-28T06:49:08,1
303964,48031,146,MN,1970,059,,Дэлгэрэх зам,full,,,mongol-shuudan-via-bekkaze,,2026-04-28T06:49:08,2026-04-28T06:49:08,1
303965,48033,146,MN,1970,059,,Замын улаан,full,,,mongol-shuudan-via-bekkaze,,2026-04-28T06:49:08,2026-04-28T06:49:08,1
303966,48035,146,MN,1970,059,,Жаргалан,full,,,mongol-shuudan-via-bekkaze,,2026-04-28T06:49:08,2026-04-28T06:49:08,1
303967,48037,146,MN,1970,059,,Хараат,full,,,mongol-shuudan-via-bekkaze,,2026-04-28T06:49:08,2026-04-28T06:49:08,1
303968,48040,146,MN,1970,059,,Өлзийт,full,,,mongol-shuudan-via-bekkaze,,2026-04-28T06:49:08,2026-04-28T06:49:08,1
303969,48041,146,MN,1970,059,,Буянт-1,full,,,mongol-shuudan-via-bekkaze,,2026-04-28T06:49:08,2026-04-28T06:49:08,1
303970,48043,146,MN,1970,059,,Буянт-2,full,,,mongol-shuudan-via-bekkaze,,2026-04-28T06:49:08,2026-04-28T06:49:08,1
303971,48045,146,MN,1970,059,,Рашаант,full,,,mongol-shuudan-via-bekkaze,,2026-04-28T06:49:08,2026-04-28T06:49:08,1
303972,48047,146,MN,1970,059,,Дэрт-1,full,,,mongol-shuudan-via-bekkaze,,2026-04-28T06:49:08,2026-04-28T06:49:08,1
303973,48049,146,MN,1970,059,,Тагт,full,,,mongol-shuudan-via-bekkaze,,2026-04-28T06:49:08,2026-04-28T06:49:08,1
303974,48051,146,MN,1970,059,,Дэрт-2,full,,,mongol-shuudan-via-bekkaze,,2026-04-28T06:49:08,2026-04-28T06:49:08,1
303975,48053,146,MN,1970,059,,Чулуут,full,,,mongol-shuudan-via-bekkaze,,2026-04-28T06:49:08,2026-04-28T06:49:08,1
303976,48055,146,MN,1970,059,,Гурвансайхан,full,,,mongol-shuudan-via-bekkaze,,2026-04-28T06:49:08,2026-04-28T06:49:08,1
303977,48057,146,MN,1970,059,,Суугаант,full,,,mongol-shuudan-via-bekkaze,,2026-04-28T06:49:08,2026-04-28T06:49:08,1
303978,48059,146,MN,1970,059,,Дэрсэнэ-Ус,full,,,mongol-shuudan-via-bekkaze,,2026-04-28T06:49:08,2026-04-28T06:49:08,1
303979,48060,146,MN,1970,059,,Гурвансайхан,full,,,mongol-shuudan-via-bekkaze,,2026-04-28T06:49:08,2026-04-28T06:49:08,1
303980,48061,146,MN,1970,059,,Элгэн,full,,,mongol-shuudan-via-bekkaze,,2026-04-28T06:49:08,2026-04-28T06:49:08,1
303981,48063,146,MN,1970,059,,Гурвансайхан,full,,,mongol-shuudan-via-bekkaze,,2026-04-28T06:49:08,2026-04-28T06:49:08,1
303982,48065,146,MN,1970,059,,Суугаант,full,,,mongol-shuudan-via-bekkaze,,2026-04-28T06:49:08,2026-04-28T06:49:08,1
303983,48067,146,MN,1970,059,,Чулуут,full,,,mongol-shuudan-via-bekkaze,,2026-04-28T06:49:08,2026-04-28T06:49:08,1
303984,48069,146,MN,1970,059,,Дэрсэнэ ус,full,,,mongol-shuudan-via-bekkaze,,2026-04-28T06:49:08,2026-04-28T06:49:08,1
303985,48070,146,MN,1970,059,,Говьугтаал,full,,,mongol-shuudan-via-bekkaze,,2026-04-28T06:49:08,2026-04-28T06:49:08,1
303986,48071,146,MN,1970,059,,Хонгор,full,,,mongol-shuudan-via-bekkaze,,2026-04-28T06:49:08,2026-04-28T06:49:08,1
303987,48073,146,MN,1970,059,,Морьт,full,,,mongol-shuudan-via-bekkaze,,2026-04-28T06:49:08,2026-04-28T06:49:08,1
303988,48075,146,MN,1970,059,,Ажирхай,full,,,mongol-shuudan-via-bekkaze,,2026-04-28T06:49:08,2026-04-28T06:49:08,1
303989,48080,146,MN,1970,059,,Дэрэн,full,,,mongol-shuudan-via-bekkaze,,2026-04-28T06:49:08,2026-04-28T06:49:08,1
303990,48081,146,MN,1970,059,,Бумбат,full,,,mongol-shuudan-via-bekkaze,,2026-04-28T06:49:08,2026-04-28T06:49:08,1
303991,48083,146,MN,1970,059,,Долоод,full,,,mongol-shuudan-via-bekkaze,,2026-04-28T06:49:08,2026-04-28T06:49:08,1
303992,48085,146,MN,1970,059,,Алаг-Өндөр,full,,,mongol-shuudan-via-bekkaze,,2026-04-28T06:49:08,2026-04-28T06:49:08,1
303993,48087,146,MN,1970,059,,Саруул,full,,,mongol-shuudan-via-bekkaze,,2026-04-28T06:49:08,2026-04-28T06:49:08,1
303994,48090,146,MN,1970,059,,Сайнцагаан,full,,,mongol-shuudan-via-bekkaze,,2026-04-28T06:49:08,2026-04-28T06:49:08,1
303995,48091,146,MN,1970,059,,Далай,full,,,mongol-shuudan-via-bekkaze,,2026-04-28T06:49:08,2026-04-28T06:49:08,1
303996,48093,146,MN,1970,059,,Боржигон,full,,,mongol-shuudan-via-bekkaze,,2026-04-28T06:49:08,2026-04-28T06:49:08,1
303997,48095,146,MN,1970,059,,Айраг,full,,,mongol-shuudan-via-bekkaze,,2026-04-28T06:49:08,2026-04-28T06:49:08,1
303998,48097,146,MN,1970,059,,Мандал,full,,,mongol-shuudan-via-bekkaze,,2026-04-28T06:49:08,2026-04-28T06:49:08,1
303999,48099,146,MN,1970,059,,Арвижих,full,,,mongol-shuudan-via-bekkaze,,2026-04-28T06:49:08,2026-04-28T06:49:08,1
304000,48101,146,MN,1970,059,,Нарлаг,full,,,mongol-shuudan-via-bekkaze,,2026-04-28T06:49:08,2026-04-28T06:49:08,1
304001,48103,146,MN,1970,059,,Үйзэн,full,,,mongol-shuudan-via-bekkaze,,2026-04-28T06:49:08,2026-04-28T06:49:08,1
304002,48105,146,MN,1970,059,,Тэвш,full,,,mongol-shuudan-via-bekkaze,,2026-04-28T06:49:08,2026-04-28T06:49:08,1
304003,48107,146,MN,1970,059,,Наран,full,,,mongol-shuudan-via-bekkaze,,2026-04-28T06:49:08,2026-04-28T06:49:08,1
304004,48110,146,MN,1970,059,,Дэлгэрцогт,full,,,mongol-shuudan-via-bekkaze,,2026-04-28T06:49:08,2026-04-28T06:49:08,1
304005,48111,146,MN,1970,059,,Дэлгэр-Эмт,full,,,mongol-shuudan-via-bekkaze,,2026-04-28T06:49:08,2026-04-28T06:49:08,1
304006,48113,146,MN,1970,059,,Цахиурт,full,,,mongol-shuudan-via-bekkaze,,2026-04-28T06:49:08,2026-04-28T06:49:08,1
304007,48115,146,MN,1970,059,,Баянбулаг,full,,,mongol-shuudan-via-bekkaze,,2026-04-28T06:49:08,2026-04-28T06:49:08,1
304008,48120,146,MN,1970,059,,Луус,full,,,mongol-shuudan-via-bekkaze,,2026-04-28T06:49:08,2026-04-28T06:49:08,1
304009,48121,146,MN,1970,059,,Наран,full,,,mongol-shuudan-via-bekkaze,,2026-04-28T06:49:08,2026-04-28T06:49:08,1
304010,48122,146,MN,1970,059,,Зүлэгтий,full,,,mongol-shuudan-via-bekkaze,,2026-04-28T06:49:08,2026-04-28T06:49:08,1
304011,48123,146,MN,1970,059,,Суварга,full,,,mongol-shuudan-via-bekkaze,,2026-04-28T06:49:08,2026-04-28T06:49:08,1
304012,48130,146,MN,1970,059,,Хулд,full,,,mongol-shuudan-via-bekkaze,,2026-04-28T06:49:08,2026-04-28T06:49:08,1
304013,48131,146,MN,1970,059,,Шувуутай,full,,,mongol-shuudan-via-bekkaze,,2026-04-28T06:49:08,2026-04-28T06:49:08,1
304014,48133,146,MN,1970,059,,Олдох,full,,,mongol-shuudan-via-bekkaze,,2026-04-28T06:49:08,2026-04-28T06:49:08,1
304015,48135,146,MN,1970,059,,Уул,full,,,mongol-shuudan-via-bekkaze,,2026-04-28T06:49:08,2026-04-28T06:49:08,1
304016,48137,146,MN,1970,059,,Бүлээн,full,,,mongol-shuudan-via-bekkaze,,2026-04-28T06:49:08,2026-04-28T06:49:08,1
304017,48140,146,MN,1970,059,,Адаацаг,full,,,mongol-shuudan-via-bekkaze,,2026-04-28T06:49:08,2026-04-28T06:49:08,1
304018,48141,146,MN,1970,059,,Өвөр урт,full,,,mongol-shuudan-via-bekkaze,,2026-04-28T06:49:08,2026-04-28T06:49:08,1
304019,48143,146,MN,1970,059,,Тавин,full,,,mongol-shuudan-via-bekkaze,,2026-04-28T06:49:08,2026-04-28T06:49:08,1
304020,48145,146,MN,1970,059,,Ар урт,full,,,mongol-shuudan-via-bekkaze,,2026-04-28T06:49:08,2026-04-28T06:49:08,1
304021,48147,146,MN,1970,059,,Сүм,full,,,mongol-shuudan-via-bekkaze,,2026-04-28T06:49:08,2026-04-28T06:49:08,1
304022,48149,146,MN,1970,059,,Хашаат,full,,,mongol-shuudan-via-bekkaze,,2026-04-28T06:49:08,2026-04-28T06:49:08,1
304023,48150,146,MN,1970,059,,Эрдэнэдалай,full,,,mongol-shuudan-via-bekkaze,,2026-04-28T06:49:08,2026-04-28T06:49:08,1
304024,48151,146,MN,1970,059,,Рашаант,full,,,mongol-shuudan-via-bekkaze,,2026-04-28T06:49:08,2026-04-28T06:49:08,1
304025,48153,146,MN,1970,059,,Цагаан овоо,full,,,mongol-shuudan-via-bekkaze,,2026-04-28T06:49:08,2026-04-28T06:49:08,1
304026,48155,146,MN,1970,059,,Сангийн-далай,full,,,mongol-shuudan-via-bekkaze,,2026-04-28T06:49:08,2026-04-28T06:49:08,1
304027,48157,146,MN,1970,059,,Сумын төв,full,,,mongol-shuudan-via-bekkaze,,2026-04-28T06:49:08,2026-04-28T06:49:08,1
304028,48159,146,MN,1970,059,,Тэнгэлэг,full,,,mongol-shuudan-via-bekkaze,,2026-04-28T06:49:08,2026-04-28T06:49:08,1
304029,48161,146,MN,1970,059,,Цавчир,full,,,mongol-shuudan-via-bekkaze,,2026-04-28T06:49:08,2026-04-28T06:49:08,1
304030,48163,146,MN,1970,059,,Өнгөт,full,,,mongol-shuudan-via-bekkaze,,2026-04-28T06:49:08,2026-04-28T06:49:08,1
304031,48170,146,MN,1970,059,,Дэлгэрхангай,full,,,mongol-shuudan-via-bekkaze,,2026-04-28T06:49:08,2026-04-28T06:49:08,1
304032,48171,146,MN,1970,059,,Толь,full,,,mongol-shuudan-via-bekkaze,,2026-04-28T06:49:08,2026-04-28T06:49:08,1
304033,48173,146,MN,1970,059,,Сумын төв,full,,,mongol-shuudan-via-bekkaze,,2026-04-28T06:49:08,2026-04-28T06:49:08,1
304034,48175,146,MN,1970,059,,Ар шавагтай,full,,,mongol-shuudan-via-bekkaze,,2026-04-28T06:49:08,2026-04-28T06:49:08,1
304035,48177,146,MN,1970,059,,Тарагт,full,,,mongol-shuudan-via-bekkaze,,2026-04-28T06:49:08,2026-04-28T06:49:08,1
304036,48180,146,MN,1970,059,,Сайхан-Овоо,full,,,mongol-shuudan-via-bekkaze,,2026-04-28T06:49:08,2026-04-28T06:49:08,1
304037,48181,146,MN,1970,059,,Төгрөг,full,,,mongol-shuudan-via-bekkaze,,2026-04-28T06:49:08,2026-04-28T06:49:08,1
304038,48183,146,MN,1970,059,,Найз,full,,,mongol-shuudan-via-bekkaze,,2026-04-28T06:49:08,2026-04-28T06:49:08,1
304039,48185,146,MN,1970,059,,Онги,full,,,mongol-shuudan-via-bekkaze,,2026-04-28T06:49:08,2026-04-28T06:49:08,1
304040,48187,146,MN,1970,059,,Мааньт,full,,,mongol-shuudan-via-bekkaze,,2026-04-28T06:49:08,2026-04-28T06:49:08,1
304041,58191,146,MN,1970,059,,Боршоо,full,,,mongol-shuudan-via-bekkaze,,2026-04-28T06:49:08,2026-04-28T06:49:08,1
304042,61000,146,MN,1966,035,,Orkhon,full,,,mongol-shuudan-via-bekkaze,,2026-04-28T06:49:08,2026-04-28T06:49:08,1
304043,61010,146,MN,1966,035,,Жаргалант,full,,,mongol-shuudan-via-bekkaze,,2026-04-28T06:49:08,2026-04-28T06:49:08,1
304044,61011,146,MN,1966,035,,Дулаан-Уул,full,,,mongol-shuudan-via-bekkaze,,2026-04-28T06:49:08,2026-04-28T06:49:08,1
304045,61013,146,MN,1966,035,,Улаантолгой,full,,,mongol-shuudan-via-bekkaze,,2026-04-28T06:49:08,2026-04-28T06:49:08,1
304046,61015,146,MN,1966,035,,Жаргалант,full,,,mongol-shuudan-via-bekkaze,,2026-04-28T06:49:08,2026-04-28T06:49:08,1
304047,61020,146,MN,1966,035,,Баян-Өндөр сум,full,,,mongol-shuudan-via-bekkaze,,2026-04-28T06:49:08,2026-04-28T06:49:08,1
304048,61021,146,MN,1966,035,,Баянцагаан,full,,,mongol-shuudan-via-bekkaze,,2026-04-28T06:49:08,2026-04-28T06:49:08,1
304049,61023,146,MN,1966,035,,Говил,full,,,mongol-shuudan-via-bekkaze,,2026-04-28T06:49:08,2026-04-28T06:49:08,1
304050,61025,146,MN,1966,035,,Оюут,full,,,mongol-shuudan-via-bekkaze,,2026-04-28T06:49:08,2026-04-28T06:49:08,1
304051,61027,146,MN,1966,035,,Хүрэнбулаг,full,,,mongol-shuudan-via-bekkaze,,2026-04-28T06:49:08,2026-04-28T06:49:08,1
304052,61029,146,MN,1966,035,,Зэст,full,,,mongol-shuudan-via-bekkaze,,2026-04-28T06:49:08,2026-04-28T06:49:08,1
304053,61031,146,MN,1966,035,,Бүрэнбүст,full,,,mongol-shuudan-via-bekkaze,,2026-04-28T06:49:08,2026-04-28T06:49:08,1
304054,61033,146,MN,1966,035,,Уртбулаг,full,,,mongol-shuudan-via-bekkaze,,2026-04-28T06:49:08,2026-04-28T06:49:08,1
304055,61035,146,MN,1966,035,,Согоот,full,,,mongol-shuudan-via-bekkaze,,2026-04-28T06:49:08,2026-04-28T06:49:08,1
304056,61037,146,MN,1966,035,,Дэнж,full,,,mongol-shuudan-via-bekkaze,,2026-04-28T06:49:08,2026-04-28T06:49:08,1
304057,61038,146,MN,1966,035,,Эрдэнэ,full,,,mongol-shuudan-via-bekkaze,,2026-04-28T06:49:08,2026-04-28T06:49:08,1
304058,61039,146,MN,1966,035,,Булаг,full,,,mongol-shuudan-via-bekkaze,,2026-04-28T06:49:08,2026-04-28T06:49:08,1
304059,61040,146,MN,1966,035,,Баянбулаг,full,,,mongol-shuudan-via-bekkaze,,2026-04-28T06:49:08,2026-04-28T06:49:08,1
304060,61041,146,MN,1966,035,,Цагаанчулуут,full,,,mongol-shuudan-via-bekkaze,,2026-04-28T06:49:08,2026-04-28T06:49:08,1
304061,61043,146,MN,1966,035,,Шанд,full,,,mongol-shuudan-via-bekkaze,,2026-04-28T06:49:08,2026-04-28T06:49:08,1
304062,61044,146,MN,1966,035,,Их-залуу,full,,,mongol-shuudan-via-bekkaze,,2026-04-28T06:49:08,2026-04-28T06:49:08,1
304063,61045,146,MN,1966,035,,Малчин,full,,,mongol-shuudan-via-bekkaze,,2026-04-28T06:49:08,2026-04-28T06:49:08,1
304064,61047,146,MN,1966,035,,Наран,full,,,mongol-shuudan-via-bekkaze,,2026-04-28T06:49:08,2026-04-28T06:49:08,1
304065,61049,146,MN,1966,035,,Уурхайчин,full,,,mongol-shuudan-via-bekkaze,,2026-04-28T06:49:08,2026-04-28T06:49:08,1
304066,61051,146,MN,1966,035,,Рашаант,full,,,mongol-shuudan-via-bekkaze,,2026-04-28T06:49:08,2026-04-28T06:49:08,1
304067,61053,146,MN,1966,035,,Даваат,full,,,mongol-shuudan-via-bekkaze,,2026-04-28T06:49:08,2026-04-28T06:49:08,1
304068,61055,146,MN,1966,035,,Яргуйт,full,,,mongol-shuudan-via-bekkaze,,2026-04-28T06:49:08,2026-04-28T06:49:08,1
304069,61057,146,MN,1966,035,,Уртын гол,full,,,mongol-shuudan-via-bekkaze,,2026-04-28T06:49:08,2026-04-28T06:49:08,1
304070,62000,146,MN,1965,055,,Övörkhangai,full,,,mongol-shuudan-via-bekkaze,,2026-04-28T06:49:08,2026-04-28T06:49:08,1
304071,62010,146,MN,1965,055,,Баян-Өндөр,full,,,mongol-shuudan-via-bekkaze,,2026-04-28T06:49:08,2026-04-28T06:49:08,1
304072,62011,146,MN,1965,055,,Өвөр зүлэгт,full,,,mongol-shuudan-via-bekkaze,,2026-04-28T06:49:08,2026-04-28T06:49:08,1
304073,62013,146,MN,1965,055,,Батхаан,full,,,mongol-shuudan-via-bekkaze,,2026-04-28T06:49:08,2026-04-28T06:49:08,1
304074,62015,146,MN,1965,055,,Хар тойром,full,,,mongol-shuudan-via-bekkaze,,2026-04-28T06:49:08,2026-04-28T06:49:08,1
304075,62017,146,MN,1965,055,,Бумбат,full,,,mongol-shuudan-via-bekkaze,,2026-04-28T06:49:08,2026-04-28T06:49:08,1
304076,62019,146,MN,1965,055,,Бөмбий,full,,,mongol-shuudan-via-bekkaze,,2026-04-28T06:49:08,2026-04-28T06:49:08,1
304077,62020,146,MN,1965,055,,Бүрд,full,,,mongol-shuudan-via-bekkaze,,2026-04-28T06:49:08,2026-04-28T06:49:08,1
304078,62021,146,MN,1965,055,,Ар-жаргалант,full,,,mongol-shuudan-via-bekkaze,,2026-04-28T06:49:08,2026-04-28T06:49:08,1
304079,62023,146,MN,1965,055,,Донгит,full,,,mongol-shuudan-via-bekkaze,,2026-04-28T06:49:08,2026-04-28T06:49:08,1
304080,62025,146,MN,1965,055,,Онгон,full,,,mongol-shuudan-via-bekkaze,,2026-04-28T06:49:08,2026-04-28T06:49:08,1
304081,62027,146,MN,1965,055,,Ар-хөшөөт,full,,,mongol-shuudan-via-bekkaze,,2026-04-28T06:49:08,2026-04-28T06:49:08,1
304082,62029,146,MN,1965,055,,Их-Боригдой,full,,,mongol-shuudan-via-bekkaze,,2026-04-28T06:49:08,2026-04-28T06:49:08,1
304083,62030,146,MN,1965,055,,Есөнзүйл,full,,,mongol-shuudan-via-bekkaze,,2026-04-28T06:49:08,2026-04-28T06:49:08,1
304084,62031,146,MN,1965,055,,Тахилга,full,,,mongol-shuudan-via-bekkaze,,2026-04-28T06:49:08,2026-04-28T06:49:08,1
304085,62033,146,MN,1965,055,,Мөнхбулаг,full,,,mongol-shuudan-via-bekkaze,,2026-04-28T06:49:08,2026-04-28T06:49:08,1
304086,62035,146,MN,1965,055,,Эрээн,full,,,mongol-shuudan-via-bekkaze,,2026-04-28T06:49:08,2026-04-28T06:49:08,1
304087,62037,146,MN,1965,055,,Хайрхан,full,,,mongol-shuudan-via-bekkaze,,2026-04-28T06:49:08,2026-04-28T06:49:08,1
304088,62040,146,MN,1965,055,,Сант,full,,,mongol-shuudan-via-bekkaze,,2026-04-28T06:49:08,2026-04-28T06:49:08,1
304089,62041,146,MN,1965,055,,Цахиурт,full,,,mongol-shuudan-via-bekkaze,,2026-04-28T06:49:08,2026-04-28T06:49:08,1
304090,62043,146,MN,1965,055,,Улаан-Овоо,full,,,mongol-shuudan-via-bekkaze,,2026-04-28T06:49:08,2026-04-28T06:49:08,1
304091,62045,146,MN,1965,055,,Залаа,full,,,mongol-shuudan-via-bekkaze,,2026-04-28T06:49:08,2026-04-28T06:49:08,1
304092,62047,146,MN,1965,055,,Майхан,full,,,mongol-shuudan-via-bekkaze,,2026-04-28T06:49:08,2026-04-28T06:49:08,1
304093,62049,146,MN,1965,055,,Цариг,full,,,mongol-shuudan-via-bekkaze,,2026-04-28T06:49:08,2026-04-28T06:49:08,1
304094,62050,146,MN,1965,055,,Өлзийт,full,,,mongol-shuudan-via-bekkaze,,2026-04-28T06:49:08,2026-04-28T06:49:08,1
304095,62051,146,MN,1965,055,,Бор-хошуу,full,,,mongol-shuudan-via-bekkaze,,2026-04-28T06:49:08,2026-04-28T06:49:08,1
304096,62053,146,MN,1965,055,,Аргуйт,full,,,mongol-shuudan-via-bekkaze,,2026-04-28T06:49:08,2026-04-28T06:49:08,1
304097,62055,146,MN,1965,055,,Гуулин,full,,,mongol-shuudan-via-bekkaze,,2026-04-28T06:49:08,2026-04-28T06:49:08,1
304098,62057,146,MN,1965,055,,Яргайт,full,,,mongol-shuudan-via-bekkaze,,2026-04-28T06:49:08,2026-04-28T06:49:08,1
304099,62060,146,MN,1965,055,,Баянгол,full,,,mongol-shuudan-via-bekkaze,,2026-04-28T06:49:08,2026-04-28T06:49:08,1
304100,62061,146,MN,1965,055,,Хаяа,full,,,mongol-shuudan-via-bekkaze,,2026-04-28T06:49:08,2026-04-28T06:49:08,1
304101,62063,146,MN,1965,055,,Цагаан-булан,full,,,mongol-shuudan-via-bekkaze,,2026-04-28T06:49:08,2026-04-28T06:49:08,1
304102,62065,146,MN,1965,055,,Ширээ,full,,,mongol-shuudan-via-bekkaze,,2026-04-28T06:49:08,2026-04-28T06:49:08,1
304103,62067,146,MN,1965,055,,Цавын-ихэр,full,,,mongol-shuudan-via-bekkaze,,2026-04-28T06:49:08,2026-04-28T06:49:08,1
304104,62069,146,MN,1965,055,,Эргэн-дэнж,full,,,mongol-shuudan-via-bekkaze,,2026-04-28T06:49:08,2026-04-28T06:49:08,1
304105,62071,146,MN,1965,055,,Өнц,full,,,mongol-shuudan-via-bekkaze,,2026-04-28T06:49:08,2026-04-28T06:49:08,1
304106,62080,146,MN,1965,055,,Төгрөг,full,,,mongol-shuudan-via-bekkaze,,2026-04-28T06:49:08,2026-04-28T06:49:08,1
304107,62081,146,MN,1965,055,,Сайн-төгрөг,full,,,mongol-shuudan-via-bekkaze,,2026-04-28T06:49:08,2026-04-28T06:49:08,1
304108,62082,146,MN,1965,055,,Баян,full,,,mongol-shuudan-via-bekkaze,,2026-04-28T06:49:08,2026-04-28T06:49:08,1
304109,62083,146,MN,1965,055,,Хоолт,full,,,mongol-shuudan-via-bekkaze,,2026-04-28T06:49:08,2026-04-28T06:49:08,1
304110,62085,146,MN,1965,055,,Их-ус,full,,,mongol-shuudan-via-bekkaze,,2026-04-28T06:49:08,2026-04-28T06:49:08,1
304111,62087,146,MN,1965,055,,Мазар,full,,,mongol-shuudan-via-bekkaze,,2026-04-28T06:49:08,2026-04-28T06:49:08,1
304112,62090,146,MN,1965,055,,Хархорин,full,,,mongol-shuudan-via-bekkaze,,2026-04-28T06:49:08,2026-04-28T06:49:08,1
304113,62091,146,MN,1965,055,,Жалбаа,full,,,mongol-shuudan-via-bekkaze,,2026-04-28T06:49:08,2026-04-28T06:49:08,1
304114,62093,146,MN,1965,055,,Онгоцон-Ухаа,full,,,mongol-shuudan-via-bekkaze,,2026-04-28T06:49:08,2026-04-28T06:49:08,1
304115,62095,146,MN,1965,055,,Нарийн-хүр,full,,,mongol-shuudan-via-bekkaze,,2026-04-28T06:49:08,2026-04-28T06:49:08,1
304116,62097,146,MN,1965,055,,Эрдэнэ-толгой,full,,,mongol-shuudan-via-bekkaze,,2026-04-28T06:49:08,2026-04-28T06:49:08,1
304117,62099,146,MN,1965,055,,Ганган-Орхон,full,,,mongol-shuudan-via-bekkaze,,2026-04-28T06:49:08,2026-04-28T06:49:08,1
304118,62101,146,MN,1965,055,,Вангийн овоо,full,,,mongol-shuudan-via-bekkaze,,2026-04-28T06:49:08,2026-04-28T06:49:08,1
304119,62103,146,MN,1965,055,,Шанх,full,,,mongol-shuudan-via-bekkaze,,2026-04-28T06:49:08,2026-04-28T06:49:08,1
304120,62105,146,MN,1965,055,,Орхон,full,,,mongol-shuudan-via-bekkaze,,2026-04-28T06:49:08,2026-04-28T06:49:08,1
304121,62110,146,MN,1965,055,,Хужирт сум,full,,,mongol-shuudan-via-bekkaze,,2026-04-28T06:49:08,2026-04-28T06:49:08,1
304122,62111,146,MN,1965,055,,Өвөр-модот,full,,,mongol-shuudan-via-bekkaze,,2026-04-28T06:49:08,2026-04-28T06:49:08,1
304123,62112,146,MN,1965,055,,Дулаан,full,,,mongol-shuudan-via-bekkaze,,2026-04-28T06:49:08,2026-04-28T06:49:08,1
304124,62113,146,MN,1965,055,,Шунхлай,full,,,mongol-shuudan-via-bekkaze,,2026-04-28T06:49:08,2026-04-28T06:49:08,1
304125,62115,146,MN,1965,055,,Шивээт,full,,,mongol-shuudan-via-bekkaze,,2026-04-28T06:49:08,2026-04-28T06:49:08,1
304126,62117,146,MN,1965,055,,Бэрх,full,,,mongol-shuudan-via-bekkaze,,2026-04-28T06:49:08,2026-04-28T06:49:08,1
304127,62119,146,MN,1965,055,,Уужим,full,,,mongol-shuudan-via-bekkaze,,2026-04-28T06:49:08,2026-04-28T06:49:08,1
304128,62120,146,MN,1965,055,,Зүүнбаян-Улаан,full,,,mongol-shuudan-via-bekkaze,,2026-04-28T06:49:08,2026-04-28T06:49:08,1
304129,62121,146,MN,1965,055,,Дөлгөөн,full,,,mongol-shuudan-via-bekkaze,,2026-04-28T06:49:08,2026-04-28T06:49:08,1
304130,62123,146,MN,1965,055,,Дэвшил,full,,,mongol-shuudan-via-bekkaze,,2026-04-28T06:49:08,2026-04-28T06:49:08,1
304131,62125,146,MN,1965,055,,Хад,full,,,mongol-shuudan-via-bekkaze,,2026-04-28T06:49:08,2026-04-28T06:49:08,1
304132,62127,146,MN,1965,055,,Цахиурт,full,,,mongol-shuudan-via-bekkaze,,2026-04-28T06:49:08,2026-04-28T06:49:08,1
304133,62129,146,MN,1965,055,,Эмгэд,full,,,mongol-shuudan-via-bekkaze,,2026-04-28T06:49:08,2026-04-28T06:49:08,1
304134,62131,146,MN,1965,055,,Баян-Улаан,full,,,mongol-shuudan-via-bekkaze,,2026-04-28T06:49:08,2026-04-28T06:49:08,1
304135,62133,146,MN,1965,055,,Дэвшил,full,,,mongol-shuudan-via-bekkaze,,2026-04-28T06:49:08,2026-04-28T06:49:08,1
304136,62135,146,MN,1965,055,,Хад,full,,,mongol-shuudan-via-bekkaze,,2026-04-28T06:49:08,2026-04-28T06:49:08,1
304137,62137,146,MN,1965,055,,Цахиурт,full,,,mongol-shuudan-via-bekkaze,,2026-04-28T06:49:08,2026-04-28T06:49:08,1
304138,62139,146,MN,1965,055,,Эмгэд,full,,,mongol-shuudan-via-bekkaze,,2026-04-28T06:49:08,2026-04-28T06:49:08,1
304139,62140,146,MN,1965,055,,Тарагт,full,,,mongol-shuudan-via-bekkaze,,2026-04-28T06:49:08,2026-04-28T06:49:08,1
304140,62141,146,MN,1965,055,,Их булаг,full,,,mongol-shuudan-via-bekkaze,,2026-04-28T06:49:08,2026-04-28T06:49:08,1
304141,62143,146,MN,1965,055,,Алтан тал,full,,,mongol-shuudan-via-bekkaze,,2026-04-28T06:49:08,2026-04-28T06:49:08,1
304142,62145,146,MN,1965,055,,Урт,full,,,mongol-shuudan-via-bekkaze,,2026-04-28T06:49:08,2026-04-28T06:49:08,1
304143,62147,146,MN,1965,055,,Туяа,full,,,mongol-shuudan-via-bekkaze,,2026-04-28T06:49:08,2026-04-28T06:49:08,1
304144,62149,146,MN,1965,055,,Арвайн тал,full,,,mongol-shuudan-via-bekkaze,,2026-04-28T06:49:08,2026-04-28T06:49:08,1
304145,62151,146,MN,1965,055,,Хүрэмт,full,,,mongol-shuudan-via-bekkaze,,2026-04-28T06:49:08,2026-04-28T06:49:08,1
304146,62153,146,MN,1965,055,,Алтан-тал,full,,,mongol-shuudan-via-bekkaze,,2026-04-28T06:49:08,2026-04-28T06:49:08,1
304147,62155,146,MN,1965,055,,Урт,full,,,mongol-shuudan-via-bekkaze,,2026-04-28T06:49:08,2026-04-28T06:49:08,1
304148,62157,146,MN,1965,055,,Туяа,full,,,mongol-shuudan-via-bekkaze,,2026-04-28T06:49:08,2026-04-28T06:49:08,1
304149,62159,146,MN,1965,055,,Арвайн-тал,full,,,mongol-shuudan-via-bekkaze,,2026-04-28T06:49:08,2026-04-28T06:49:08,1
304150,62160,146,MN,1965,055,,Арвайхээр сум,full,,,mongol-shuudan-via-bekkaze,,2026-04-28T06:49:08,2026-04-28T06:49:08,1
304151,62161,146,MN,1965,055,,Ягаан толгой,full,,,mongol-shuudan-via-bekkaze,,2026-04-28T06:49:08,2026-04-28T06:49:08,1
304152,62162,146,MN,1965,055,,Ноён,full,,,mongol-shuudan-via-bekkaze,,2026-04-28T06:49:08,2026-04-28T06:49:08,1
304153,62163,146,MN,1965,055,,Эмт,full,,,mongol-shuudan-via-bekkaze,,2026-04-28T06:49:08,2026-04-28T06:49:08,1
304154,62164,146,MN,1965,055,,Зүлэгт,full,,,mongol-shuudan-via-bekkaze,,2026-04-28T06:49:08,2026-04-28T06:49:08,1
304155,62165,146,MN,1965,055,,Согоот,full,,,mongol-shuudan-via-bekkaze,,2026-04-28T06:49:08,2026-04-28T06:49:08,1
304156,62166,146,MN,1965,055,,Онги,full,,,mongol-shuudan-via-bekkaze,,2026-04-28T06:49:08,2026-04-28T06:49:08,1
304157,62167,146,MN,1965,055,,Дэлгэрэхийн дэнж,full,,,mongol-shuudan-via-bekkaze,,2026-04-28T06:49:08,2026-04-28T06:49:08,1
304158,62169,146,MN,1965,055,,Рашаант,full,,,mongol-shuudan-via-bekkaze,,2026-04-28T06:49:08,2026-04-28T06:49:08,1
304159,62171,146,MN,1965,055,,Өлзийт,full,,,mongol-shuudan-via-bekkaze,,2026-04-28T06:49:08,2026-04-28T06:49:08,1
304160,62173,146,MN,1965,055,,Арвайхээр,full,,,mongol-shuudan-via-bekkaze,,2026-04-28T06:49:08,2026-04-28T06:49:08,1
304161,62175,146,MN,1965,055,,Бурхи,full,,,mongol-shuudan-via-bekkaze,,2026-04-28T06:49:08,2026-04-28T06:49:08,1
304162,62177,146,MN,1965,055,,Дэлгэрэх,full,,,mongol-shuudan-via-bekkaze,,2026-04-28T06:49:08,2026-04-28T06:49:08,1
304163,62179,146,MN,1965,055,,Хүйс толгой,full,,,mongol-shuudan-via-bekkaze,,2026-04-28T06:49:08,2026-04-28T06:49:08,1
304164,62180,146,MN,1965,055,,Гучин-Ус,full,,,mongol-shuudan-via-bekkaze,,2026-04-28T06:49:08,2026-04-28T06:49:08,1
304165,62181,146,MN,1965,055,,Хөөвөр,full,,,mongol-shuudan-via-bekkaze,,2026-04-28T06:49:08,2026-04-28T06:49:08,1
304166,62183,146,MN,1965,055,,Гучин,full,,,mongol-shuudan-via-bekkaze,,2026-04-28T06:49:08,2026-04-28T06:49:08,1
304167,62185,146,MN,1965,055,,Аргуйт,full,,,mongol-shuudan-via-bekkaze,,2026-04-28T06:49:08,2026-04-28T06:49:08,1
304168,62187,146,MN,1965,055,,Аргалант,full,,,mongol-shuudan-via-bekkaze,,2026-04-28T06:49:08,2026-04-28T06:49:08,1
304169,62190,146,MN,1965,055,,Богд,full,,,mongol-shuudan-via-bekkaze,,2026-04-28T06:49:08,2026-04-28T06:49:08,1
304170,62191,146,MN,1965,055,,Гүн-Ус,full,,,mongol-shuudan-via-bekkaze,,2026-04-28T06:49:08,2026-04-28T06:49:08,1
304171,62193,146,MN,1965,055,,Баянтөхөм,full,,,mongol-shuudan-via-bekkaze,,2026-04-28T06:49:08,2026-04-28T06:49:08,1
304172,62195,146,MN,1965,055,,Далан,full,,,mongol-shuudan-via-bekkaze,,2026-04-28T06:49:08,2026-04-28T06:49:08,1
304173,62197,146,MN,1965,055,,Ховд,full,,,mongol-shuudan-via-bekkaze,,2026-04-28T06:49:08,2026-04-28T06:49:08,1
304174,62199,146,MN,1965,055,,Хөөвөр,full,,,mongol-shuudan-via-bekkaze,,2026-04-28T06:49:08,2026-04-28T06:49:08,1
304175,62201,146,MN,1965,055,,Ялаатай,full,,,mongol-shuudan-via-bekkaze,,2026-04-28T06:49:08,2026-04-28T06:49:08,1
304176,62203,146,MN,1965,055,,Цагаан толгой,full,,,mongol-shuudan-via-bekkaze,,2026-04-28T06:49:08,2026-04-28T06:49:08,1
304177,62210,146,MN,1965,055,,Бат-Өлзий,full,,,mongol-shuudan-via-bekkaze,,2026-04-28T06:49:08,2026-04-28T06:49:08,1
304178,62211,146,MN,1965,055,,Бүрэгтий,full,,,mongol-shuudan-via-bekkaze,,2026-04-28T06:49:08,2026-04-28T06:49:08,1
304179,62213,146,MN,1965,055,,Зөрүүлэг,full,,,mongol-shuudan-via-bekkaze,,2026-04-28T06:49:08,2026-04-28T06:49:08,1
304180,62215,146,MN,1965,055,,Өвт,full,,,mongol-shuudan-via-bekkaze,,2026-04-28T06:49:08,2026-04-28T06:49:08,1
304181,62217,146,MN,1965,055,,Улаан-Ам,full,,,mongol-shuudan-via-bekkaze,,2026-04-28T06:49:08,2026-04-28T06:49:08,1
304182,62219,146,MN,1965,055,,Хүйтэн булаг,full,,,mongol-shuudan-via-bekkaze,,2026-04-28T06:49:08,2026-04-28T06:49:08,1
304183,62220,146,MN,1965,055,,Уянга,full,,,mongol-shuudan-via-bekkaze,,2026-04-28T06:49:08,2026-04-28T06:49:08,1
304184,62221,146,MN,1965,055,,Өлт,full,,,mongol-shuudan-via-bekkaze,,2026-04-28T06:49:08,2026-04-28T06:49:08,1
304185,62223,146,MN,1965,055,,Бөөрөлжүүт,full,,,mongol-shuudan-via-bekkaze,,2026-04-28T06:49:08,2026-04-28T06:49:08,1
304186,62225,146,MN,1965,055,,Таац,full,,,mongol-shuudan-via-bekkaze,,2026-04-28T06:49:08,2026-04-28T06:49:08,1
304187,62227,146,MN,1965,055,,Шивээ-Овоо,full,,,mongol-shuudan-via-bekkaze,,2026-04-28T06:49:08,2026-04-28T06:49:08,1
304188,62229,146,MN,1965,055,,Онги,full,,,mongol-shuudan-via-bekkaze,,2026-04-28T06:49:08,2026-04-28T06:49:08,1
304189,62231,146,MN,1965,055,,Бадрал,full,,,mongol-shuudan-via-bekkaze,,2026-04-28T06:49:08,2026-04-28T06:49:08,1
304190,62233,146,MN,1965,055,,Жаргалант,full,,,mongol-shuudan-via-bekkaze,,2026-04-28T06:49:08,2026-04-28T06:49:08,1
304191,62235,146,MN,1965,055,,Шуранга,full,,,mongol-shuudan-via-bekkaze,,2026-04-28T06:49:08,2026-04-28T06:49:08,1
304192,62237,146,MN,1965,055,,Дэрсэн хонхор,full,,,mongol-shuudan-via-bekkaze,,2026-04-28T06:49:08,2026-04-28T06:49:08,1
304193,62239,146,MN,1965,055,,Бурхант,full,,,mongol-shuudan-via-bekkaze,,2026-04-28T06:49:08,2026-04-28T06:49:08,1
304194,62240,146,MN,1965,055,,Хайрхандулаан,full,,,mongol-shuudan-via-bekkaze,,2026-04-28T06:49:08,2026-04-28T06:49:08,1
304195,62241,146,MN,1965,055,,Эмээл,full,,,mongol-shuudan-via-bekkaze,,2026-04-28T06:49:08,2026-04-28T06:49:08,1
304196,62243,146,MN,1965,055,,Нарт,full,,,mongol-shuudan-via-bekkaze,,2026-04-28T06:49:08,2026-04-28T06:49:08,1
304197,62245,146,MN,1965,055,,Марзат,full,,,mongol-shuudan-via-bekkaze,,2026-04-28T06:49:08,2026-04-28T06:49:08,1
304198,62247,146,MN,1965,055,,Дэрсэн хонхор,full,,,mongol-shuudan-via-bekkaze,,2026-04-28T06:49:08,2026-04-28T06:49:08,1
304199,62249,146,MN,1965,055,,Бурхант,full,,,mongol-shuudan-via-bekkaze,,2026-04-28T06:49:08,2026-04-28T06:49:08,1
304200,62251,146,MN,1965,055,,Ар агуйт,full,,,mongol-shuudan-via-bekkaze,,2026-04-28T06:49:08,2026-04-28T06:49:08,1
304201,62253,146,MN,1965,055,,Гучин,full,,,mongol-shuudan-via-bekkaze,,2026-04-28T06:49:08,2026-04-28T06:49:08,1
304202,62255,146,MN,1965,055,,Аргуйт,full,,,mongol-shuudan-via-bekkaze,,2026-04-28T06:49:08,2026-04-28T06:49:08,1
304203,62257,146,MN,1965,055,,Шар дов,full,,,mongol-shuudan-via-bekkaze,,2026-04-28T06:49:08,2026-04-28T06:49:08,1
304204,62260,146,MN,1965,055,,Нарийнтээл,full,,,mongol-shuudan-via-bekkaze,,2026-04-28T06:49:08,2026-04-28T06:49:08,1
304205,62261,146,MN,1965,055,,Баянтээг,full,,,mongol-shuudan-via-bekkaze,,2026-04-28T06:49:08,2026-04-28T06:49:08,1
304206,62263,146,MN,1965,055,,Өндөр хөмөг,full,,,mongol-shuudan-via-bekkaze,,2026-04-28T06:49:08,2026-04-28T06:49:08,1
304207,62265,146,MN,1965,055,,Цагаан-Овоо,full,,,mongol-shuudan-via-bekkaze,,2026-04-28T06:49:08,2026-04-28T06:49:08,1
304208,62267,146,MN,1965,055,,Шарга,full,,,mongol-shuudan-via-bekkaze,,2026-04-28T06:49:08,2026-04-28T06:49:08,1
304209,62270,146,MN,1965,055,,Баруунбаян-Улаан,full,,,mongol-shuudan-via-bekkaze,,2026-04-28T06:49:08,2026-04-28T06:49:08,1
304210,62271,146,MN,1965,055,,Өлзийт хошуу,full,,,mongol-shuudan-via-bekkaze,,2026-04-28T06:49:08,2026-04-28T06:49:08,1
304211,62273,146,MN,1965,055,,Хүүхдийн-Ус,full,,,mongol-shuudan-via-bekkaze,,2026-04-28T06:49:08,2026-04-28T06:49:08,1
304212,62275,146,MN,1965,055,,Хөөвөр,full,,,mongol-shuudan-via-bekkaze,,2026-04-28T06:49:08,2026-04-28T06:49:08,1
304213,62277,146,MN,1965,055,,Цагаан-Овоо,full,,,mongol-shuudan-via-bekkaze,,2026-04-28T06:49:08,2026-04-28T06:49:08,1
304214,62281,146,MN,1965,055,,Баянтээг,full,,,mongol-shuudan-via-bekkaze,,2026-04-28T06:49:08,2026-04-28T06:49:08,1
304215,62283,146,MN,1965,055,,Өндөр-хөмөг,full,,,mongol-shuudan-via-bekkaze,,2026-04-28T06:49:08,2026-04-28T06:49:08,1
304216,62285,146,MN,1965,055,,Цагаан-Овоо,full,,,mongol-shuudan-via-bekkaze,,2026-04-28T06:49:08,2026-04-28T06:49:08,1
304217,62287,146,MN,1965,055,,Шарга,full,,,mongol-shuudan-via-bekkaze,,2026-04-28T06:49:08,2026-04-28T06:49:08,1
304218,62291,146,MN,1965,055,,Өлзийт хошуу,full,,,mongol-shuudan-via-bekkaze,,2026-04-28T06:49:08,2026-04-28T06:49:08,1
304219,62293,146,MN,1965,055,,Хүүхэдийн-Ус,full,,,mongol-shuudan-via-bekkaze,,2026-04-28T06:49:08,2026-04-28T06:49:08,1
304220,62295,146,MN,1965,055,,Хөөвөр,full,,,mongol-shuudan-via-bekkaze,,2026-04-28T06:49:08,2026-04-28T06:49:08,1
304221,62297,146,MN,1965,055,,Цагаан-Овоо,full,,,mongol-shuudan-via-bekkaze,,2026-04-28T06:49:08,2026-04-28T06:49:08,1
304222,63000,146,MN,1961,067,,Bulgan,full,,,mongol-shuudan-via-bekkaze,,2026-04-28T06:49:08,2026-04-28T06:49:08,1
304223,63010,146,MN,1961,067,,Баяннуур,full,,,mongol-shuudan-via-bekkaze,,2026-04-28T06:49:08,2026-04-28T06:49:08,1
304224,63011,146,MN,1961,067,,Өлзийт,full,,,mongol-shuudan-via-bekkaze,,2026-04-28T06:49:08,2026-04-28T06:49:08,1
304225,63013,146,MN,1961,067,,Шар тал,full,,,mongol-shuudan-via-bekkaze,,2026-04-28T06:49:08,2026-04-28T06:49:08,1
304226,63020,146,MN,1961,067,,Сэлэнгэ,full,,,mongol-shuudan-via-bekkaze,,2026-04-28T06:49:08,2026-04-28T06:49:08,1
304227,63021,146,MN,1961,067,,Сангалтай,full,,,mongol-shuudan-via-bekkaze,,2026-04-28T06:49:08,2026-04-28T06:49:08,1
304228,63023,146,MN,1961,067,,Сэлэнгэ,full,,,mongol-shuudan-via-bekkaze,,2026-04-28T06:49:08,2026-04-28T06:49:08,1
304229,63025,146,MN,1961,067,,Ингэт,full,,,mongol-shuudan-via-bekkaze,,2026-04-28T06:49:08,2026-04-28T06:49:08,1
304230,63027,146,MN,1961,067,,Тарайхтай,full,,,mongol-shuudan-via-bekkaze,,2026-04-28T06:49:08,2026-04-28T06:49:08,1
304231,63029,146,MN,1961,067,,Таримал,full,,,mongol-shuudan-via-bekkaze,,2026-04-28T06:49:08,2026-04-28T06:49:08,1
304232,63030,146,MN,1961,067,,Хангал,full,,,mongol-shuudan-via-bekkaze,,2026-04-28T06:49:08,2026-04-28T06:49:08,1
304233,63031,146,MN,1961,067,,Сөрт,full,,,mongol-shuudan-via-bekkaze,,2026-04-28T06:49:08,2026-04-28T06:49:08,1
304234,63033,146,MN,1961,067,,Сумын төв,full,,,mongol-shuudan-via-bekkaze,,2026-04-28T06:49:08,2026-04-28T06:49:08,1
304235,63035,146,MN,1961,067,,Хялганат,full,,,mongol-shuudan-via-bekkaze,,2026-04-28T06:49:08,2026-04-28T06:49:08,1
304236,63037,146,MN,1961,067,,Хангал,full,,,mongol-shuudan-via-bekkaze,,2026-04-28T06:49:08,2026-04-28T06:49:08,1
304237,63040,146,MN,1961,067,,Орхон,full,,,mongol-shuudan-via-bekkaze,,2026-04-28T06:49:08,2026-04-28T06:49:08,1
304238,63041,146,MN,1961,067,,Халиун,full,,,mongol-shuudan-via-bekkaze,,2026-04-28T06:49:08,2026-04-28T06:49:08,1
304239,63043,146,MN,1961,067,,Мааньт,full,,,mongol-shuudan-via-bekkaze,,2026-04-28T06:49:08,2026-04-28T06:49:08,1
304240,63045,146,MN,1961,067,,Сумын төв,full,,,mongol-shuudan-via-bekkaze,,2026-04-28T06:49:08,2026-04-28T06:49:08,1
304241,63047,146,MN,1961,067,,Ар булаг,full,,,mongol-shuudan-via-bekkaze,,2026-04-28T06:49:08,2026-04-28T06:49:08,1
304242,63049,146,MN,1961,067,,Бүхт,full,,,mongol-shuudan-via-bekkaze,,2026-04-28T06:49:08,2026-04-28T06:49:08,1
304243,63050,146,MN,1961,067,,Бүрэгхангай,full,,,mongol-shuudan-via-bekkaze,,2026-04-28T06:49:08,2026-04-28T06:49:08,1
304244,63051,146,MN,1961,067,,Дэрст,full,,,mongol-shuudan-via-bekkaze,,2026-04-28T06:49:08,2026-04-28T06:49:08,1
304245,63053,146,MN,1961,067,,Цахт,full,,,mongol-shuudan-via-bekkaze,,2026-04-28T06:49:08,2026-04-28T06:49:08,1
304246,63055,146,MN,1961,067,,Дархан,full,,,mongol-shuudan-via-bekkaze,,2026-04-28T06:49:08,2026-04-28T06:49:08,1
304247,63057,146,MN,1961,067,,Бумбат,full,,,mongol-shuudan-via-bekkaze,,2026-04-28T06:49:08,2026-04-28T06:49:08,1
304248,63060,146,MN,1961,067,,Дашинчилэн,full,,,mongol-shuudan-via-bekkaze,,2026-04-28T06:49:08,2026-04-28T06:49:08,1
304249,63061,146,MN,1961,067,,Хараат,full,,,mongol-shuudan-via-bekkaze,,2026-04-28T06:49:08,2026-04-28T06:49:08,1
304250,63063,146,MN,1961,067,,Доргонт,full,,,mongol-shuudan-via-bekkaze,,2026-04-28T06:49:08,2026-04-28T06:49:08,1
304251,63065,146,MN,1961,067,,Төв,full,,,mongol-shuudan-via-bekkaze,,2026-04-28T06:49:08,2026-04-28T06:49:08,1
304252,63067,146,MN,1961,067,,Лах,full,,,mongol-shuudan-via-bekkaze,,2026-04-28T06:49:08,2026-04-28T06:49:08,1
304253,63070,146,MN,1961,067,,Рашаант сум,full,,,mongol-shuudan-via-bekkaze,,2026-04-28T06:49:08,2026-04-28T06:49:08,1
304254,63071,146,MN,1961,067,,Улаан Шивээт,full,,,mongol-shuudan-via-bekkaze,,2026-04-28T06:49:08,2026-04-28T06:49:08,1
304255,63072,146,MN,1961,067,,Аргалхайрхан,full,,,mongol-shuudan-via-bekkaze,,2026-04-28T06:49:08,2026-04-28T06:49:08,1
304256,63073,146,MN,1961,067,,Хар чулуут,full,,,mongol-shuudan-via-bekkaze,,2026-04-28T06:49:08,2026-04-28T06:49:08,1
304257,63075,146,MN,1961,067,,Хөгнө Хан,full,,,mongol-shuudan-via-bekkaze,,2026-04-28T06:49:08,2026-04-28T06:49:08,1
304258,63080,146,MN,1961,067,,Булган,full,,,mongol-shuudan-via-bekkaze,,2026-04-28T06:49:08,2026-04-28T06:49:08,1
304259,63081,146,MN,1961,067,,Банзар,full,,,mongol-shuudan-via-bekkaze,,2026-04-28T06:49:08,2026-04-28T06:49:08,1
304260,63082,146,MN,1961,067,,Жаргалант,full,,,mongol-shuudan-via-bekkaze,,2026-04-28T06:49:08,2026-04-28T06:49:08,1
304261,63083,146,MN,1961,067,,Хүрэмт,full,,,mongol-shuudan-via-bekkaze,,2026-04-28T06:49:08,2026-04-28T06:49:08,1
304262,63085,146,MN,1961,067,,Мааньт,full,,,mongol-shuudan-via-bekkaze,,2026-04-28T06:49:08,2026-04-28T06:49:08,1
304263,63086,146,MN,1961,067,,Бумбат,full,,,mongol-shuudan-via-bekkaze,,2026-04-28T06:49:08,2026-04-28T06:49:08,1
304264,63087,146,MN,1961,067,,Хужирт,full,,,mongol-shuudan-via-bekkaze,,2026-04-28T06:49:08,2026-04-28T06:49:08,1
304265,63089,146,MN,1961,067,,Тээг,full,,,mongol-shuudan-via-bekkaze,,2026-04-28T06:49:08,2026-04-28T06:49:08,1
304266,63090,146,MN,1961,067,,Бугат,full,,,mongol-shuudan-via-bekkaze,,2026-04-28T06:49:08,2026-04-28T06:49:08,1
304267,63091,146,MN,1961,067,,Бугат,full,,,mongol-shuudan-via-bekkaze,,2026-04-28T06:49:08,2026-04-28T06:49:08,1
304268,63093,146,MN,1961,067,,Баянтөгөл,full,,,mongol-shuudan-via-bekkaze,,2026-04-28T06:49:08,2026-04-28T06:49:08,1
304269,63095,146,MN,1961,067,,Ханжаргалант,full,,,mongol-shuudan-via-bekkaze,,2026-04-28T06:49:08,2026-04-28T06:49:08,1
304270,63100,146,MN,1961,067,,Тэшиг,full,,,mongol-shuudan-via-bekkaze,,2026-04-28T06:49:08,2026-04-28T06:49:08,1
304271,63101,146,MN,1961,067,,Хужирт,full,,,mongol-shuudan-via-bekkaze,,2026-04-28T06:49:08,2026-04-28T06:49:08,1
304272,63103,146,MN,1961,067,,Эрэн,full,,,mongol-shuudan-via-bekkaze,,2026-04-28T06:49:08,2026-04-28T06:49:08,1
304273,63105,146,MN,1961,067,,Жаргалант,full,,,mongol-shuudan-via-bekkaze,,2026-04-28T06:49:08,2026-04-28T06:49:08,1
304274,63107,146,MN,1961,067,,Харгал,full,,,mongol-shuudan-via-bekkaze,,2026-04-28T06:49:08,2026-04-28T06:49:08,1
304275,63109,146,MN,1961,067,,Далан,full,,,mongol-shuudan-via-bekkaze,,2026-04-28T06:49:08,2026-04-28T06:49:08,1
304276,63110,146,MN,1961,067,,Хишиг-Өндөр,full,,,mongol-shuudan-via-bekkaze,,2026-04-28T06:49:08,2026-04-28T06:49:08,1
304277,63111,146,MN,1961,067,,Банзар,full,,,mongol-shuudan-via-bekkaze,,2026-04-28T06:49:08,2026-04-28T06:49:08,1
304278,63113,146,MN,1961,067,,Хүрэмт,full,,,mongol-shuudan-via-bekkaze,,2026-04-28T06:49:08,2026-04-28T06:49:08,1
304279,63115,146,MN,1961,067,,Мааньт,full,,,mongol-shuudan-via-bekkaze,,2026-04-28T06:49:08,2026-04-28T06:49:08,1
304280,63117,146,MN,1961,067,,Жаргалант,full,,,mongol-shuudan-via-bekkaze,,2026-04-28T06:49:08,2026-04-28T06:49:08,1
304281,63119,146,MN,1961,067,,Тээг,full,,,mongol-shuudan-via-bekkaze,,2026-04-28T06:49:08,2026-04-28T06:49:08,1
304282,63120,146,MN,1961,067,,Гурванбулаг,full,,,mongol-shuudan-via-bekkaze,,2026-04-28T06:49:08,2026-04-28T06:49:08,1
304283,63121,146,MN,1961,067,,Хөгнө,full,,,mongol-shuudan-via-bekkaze,,2026-04-28T06:49:08,2026-04-28T06:49:08,1
304284,63123,146,MN,1961,067,,Агьт,full,,,mongol-shuudan-via-bekkaze,,2026-04-28T06:49:08,2026-04-28T06:49:08,1
304285,63125,146,MN,1961,067,,Хулст,full,,,mongol-shuudan-via-bekkaze,,2026-04-28T06:49:08,2026-04-28T06:49:08,1
304286,63127,146,MN,1961,067,,Авзага,full,,,mongol-shuudan-via-bekkaze,,2026-04-28T06:49:08,2026-04-28T06:49:08,1
304287,63129,146,MN,1961,067,,Бэрх,full,,,mongol-shuudan-via-bekkaze,,2026-04-28T06:49:08,2026-04-28T06:49:08,1
304288,63131,146,MN,1961,067,,Тогоо,full,,,mongol-shuudan-via-bekkaze,,2026-04-28T06:49:08,2026-04-28T06:49:08,1
304289,63133,146,MN,1961,067,,Рашаант,full,,,mongol-shuudan-via-bekkaze,,2026-04-28T06:49:08,2026-04-28T06:49:08,1
304290,63135,146,MN,1961,067,,Ачуут,full,,,mongol-shuudan-via-bekkaze,,2026-04-28T06:49:08,2026-04-28T06:49:08,1
304291,63137,146,MN,1961,067,,Хужирт,full,,,mongol-shuudan-via-bekkaze,,2026-04-28T06:49:08,2026-04-28T06:49:08,1
304292,63140,146,MN,1961,067,,Хутаг-Өндөр,full,,,mongol-shuudan-via-bekkaze,,2026-04-28T06:49:08,2026-04-28T06:49:08,1
304293,63141,146,MN,1961,067,,Хантай,full,,,mongol-shuudan-via-bekkaze,,2026-04-28T06:49:08,2026-04-28T06:49:08,1
304294,63143,146,MN,1961,067,,Хонгор,full,,,mongol-shuudan-via-bekkaze,,2026-04-28T06:49:08,2026-04-28T06:49:08,1
304295,63145,146,MN,1961,067,,Сумын төв,full,,,mongol-shuudan-via-bekkaze,,2026-04-28T06:49:08,2026-04-28T06:49:08,1
304296,63147,146,MN,1961,067,,Уньт,full,,,mongol-shuudan-via-bekkaze,,2026-04-28T06:49:08,2026-04-28T06:49:08,1
304297,63149,146,MN,1961,067,,Тээл,full,,,mongol-shuudan-via-bekkaze,,2026-04-28T06:49:08,2026-04-28T06:49:08,1
304298,63150,146,MN,1961,067,,Могод,full,,,mongol-shuudan-via-bekkaze,,2026-04-28T06:49:08,2026-04-28T06:49:08,1
304299,63151,146,MN,1961,067,,Баянгол,full,,,mongol-shuudan-via-bekkaze,,2026-04-28T06:49:08,2026-04-28T06:49:08,1
304300,63153,146,MN,1961,067,,Баян-Уул,full,,,mongol-shuudan-via-bekkaze,,2026-04-28T06:49:08,2026-04-28T06:49:08,1
304301,63155,146,MN,1961,067,,Эрхт,full,,,mongol-shuudan-via-bekkaze,,2026-04-28T06:49:08,2026-04-28T06:49:08,1
304302,63157,146,MN,1961,067,,Баясгалант,full,,,mongol-shuudan-via-bekkaze,,2026-04-28T06:49:08,2026-04-28T06:49:08,1
304303,63159,146,MN,1961,067,,Жаргалант,full,,,mongol-shuudan-via-bekkaze,,2026-04-28T06:49:08,2026-04-28T06:49:08,1
304304,63160,146,MN,1961,067,,Сайхан,full,,,mongol-shuudan-via-bekkaze,,2026-04-28T06:49:08,2026-04-28T06:49:08,1
304305,63161,146,MN,1961,067,,Ундрах,full,,,mongol-shuudan-via-bekkaze,,2026-04-28T06:49:08,2026-04-28T06:49:08,1
304306,63163,146,MN,1961,067,,Хүрэмт,full,,,mongol-shuudan-via-bekkaze,,2026-04-28T06:49:08,2026-04-28T06:49:08,1
304307,63165,146,MN,1961,067,,Угалз,full,,,mongol-shuudan-via-bekkaze,,2026-04-28T06:49:08,2026-04-28T06:49:08,1
304308,63167,146,MN,1961,067,,Мануулт,full,,,mongol-shuudan-via-bekkaze,,2026-04-28T06:49:08,2026-04-28T06:49:08,1
304309,63169,146,MN,1961,067,,Сайхан Овоо,full,,,mongol-shuudan-via-bekkaze,,2026-04-28T06:49:08,2026-04-28T06:49:08,1
304310,63171,146,MN,1961,067,,Хульж,full,,,mongol-shuudan-via-bekkaze,,2026-04-28T06:49:08,2026-04-28T06:49:08,1
304311,63180,146,MN,1961,067,,Баян-Агт,full,,,mongol-shuudan-via-bekkaze,,2026-04-28T06:49:08,2026-04-28T06:49:08,1
304312,63181,146,MN,1961,067,,Дулаанхаан,full,,,mongol-shuudan-via-bekkaze,,2026-04-28T06:49:08,2026-04-28T06:49:08,1
304313,63183,146,MN,1961,067,,Халтар,full,,,mongol-shuudan-via-bekkaze,,2026-04-28T06:49:08,2026-04-28T06:49:08,1
304314,63185,146,MN,1961,067,,Хүрэмт,full,,,mongol-shuudan-via-bekkaze,,2026-04-28T06:49:08,2026-04-28T06:49:08,1
304315,63187,146,MN,1961,067,,Баянхайрхан,full,,,mongol-shuudan-via-bekkaze,,2026-04-28T06:49:08,2026-04-28T06:49:08,1
304316,63189,146,MN,1961,067,,Баянзүрх,full,,,mongol-shuudan-via-bekkaze,,2026-04-28T06:49:08,2026-04-28T06:49:08,1
304317,63191,146,MN,1961,067,,Шарга,full,,,mongol-shuudan-via-bekkaze,,2026-04-28T06:49:08,2026-04-28T06:49:08,1
304318,63212,146,MN,1961,067,,Хөгнө,full,,,mongol-shuudan-via-bekkaze,,2026-04-28T06:49:08,2026-04-28T06:49:08,1
304319,64000,146,MN,1976,069,,Bayankhongor,full,,,mongol-shuudan-via-bekkaze,,2026-04-28T06:49:08,2026-04-28T06:49:08,1
304320,64010,146,MN,1976,069,,Баянлиг,full,,,mongol-shuudan-via-bekkaze,,2026-04-28T06:49:08,2026-04-28T06:49:08,1
304321,64011,146,MN,1976,069,,Бага-баян,full,,,mongol-shuudan-via-bekkaze,,2026-04-28T06:49:08,2026-04-28T06:49:08,1
304322,64013,146,MN,1976,069,,Халбагант,full,,,mongol-shuudan-via-bekkaze,,2026-04-28T06:49:08,2026-04-28T06:49:08,1
304323,64015,146,MN,1976,069,,Баян-Аараг,full,,,mongol-shuudan-via-bekkaze,,2026-04-28T06:49:08,2026-04-28T06:49:08,1
304324,64017,146,MN,1976,069,,Хатан-суудал,full,,,mongol-shuudan-via-bekkaze,,2026-04-28T06:49:08,2026-04-28T06:49:08,1
304325,64019,146,MN,1976,069,,Их-баян,full,,,mongol-shuudan-via-bekkaze,,2026-04-28T06:49:08,2026-04-28T06:49:08,1
304326,64020,146,MN,1976,069,,Эрдэнэцогт,full,,,mongol-shuudan-via-bekkaze,,2026-04-28T06:49:08,2026-04-28T06:49:08,1
304327,64021,146,MN,1976,069,,Жанжин,full,,,mongol-shuudan-via-bekkaze,,2026-04-28T06:49:08,2026-04-28T06:49:08,1
304328,64022,146,MN,1976,069,,Эрхэт хайрхан,full,,,mongol-shuudan-via-bekkaze,,2026-04-28T06:49:08,2026-04-28T06:49:08,1
304329,64023,146,MN,1976,069,,Өвгөнжаргалант,full,,,mongol-shuudan-via-bekkaze,,2026-04-28T06:49:08,2026-04-28T06:49:08,1
304330,64025,146,MN,1976,069,,Цагаан-дэнж,full,,,mongol-shuudan-via-bekkaze,,2026-04-28T06:49:08,2026-04-28T06:49:08,1
304331,64027,146,MN,1976,069,,Ямаат,full,,,mongol-shuudan-via-bekkaze,,2026-04-28T06:49:08,2026-04-28T06:49:08,1
304332,64029,146,MN,1976,069,,Сэнжит,full,,,mongol-shuudan-via-bekkaze,,2026-04-28T06:49:08,2026-04-28T06:49:08,1
304333,64030,146,MN,1976,069,,Өлзийт,full,,,mongol-shuudan-via-bekkaze,,2026-04-28T06:49:08,2026-04-28T06:49:08,1
304334,64031,146,MN,1976,069,,Ёлын ам,full,,,mongol-shuudan-via-bekkaze,,2026-04-28T06:49:08,2026-04-28T06:49:08,1
304335,64033,146,MN,1976,069,,Худаг урт,full,,,mongol-shuudan-via-bekkaze,,2026-04-28T06:49:08,2026-04-28T06:49:08,1
304336,64035,146,MN,1976,069,,Бийр,full,,,mongol-shuudan-via-bekkaze,,2026-04-28T06:49:08,2026-04-28T06:49:08,1
304337,64037,146,MN,1976,069,,Байн ам,full,,,mongol-shuudan-via-bekkaze,,2026-04-28T06:49:08,2026-04-28T06:49:08,1
304338,64039,146,MN,1976,069,,Улаан уул,full,,,mongol-shuudan-via-bekkaze,,2026-04-28T06:49:08,2026-04-28T06:49:08,1
304339,64041,146,MN,1976,069,,Бурхант,full,,,mongol-shuudan-via-bekkaze,,2026-04-28T06:49:08,2026-04-28T06:49:08,1
304340,64043,146,MN,1976,069,,Дуурсах,full,,,mongol-shuudan-via-bekkaze,,2026-04-28T06:49:08,2026-04-28T06:49:08,1
304341,64045,146,MN,1976,069,,Гэгээн шавь,full,,,mongol-shuudan-via-bekkaze,,2026-04-28T06:49:08,2026-04-28T06:49:08,1
304342,64050,146,MN,1976,069,,Богд,full,,,mongol-shuudan-via-bekkaze,,2026-04-28T06:49:08,2026-04-28T06:49:08,1
304343,64051,146,MN,1976,069,,Цэлгэр,full,,,mongol-shuudan-via-bekkaze,,2026-04-28T06:49:08,2026-04-28T06:49:08,1
304344,64053,146,MN,1976,069,,Луугар,full,,,mongol-shuudan-via-bekkaze,,2026-04-28T06:49:08,2026-04-28T06:49:08,1
304345,64055,146,MN,1976,069,,Хөөвөр,full,,,mongol-shuudan-via-bekkaze,,2026-04-28T06:49:08,2026-04-28T06:49:08,1
304346,64057,146,MN,1976,069,,Хориулт,full,,,mongol-shuudan-via-bekkaze,,2026-04-28T06:49:08,2026-04-28T06:49:08,1
304347,64059,146,MN,1976,069,,Буянт,full,,,mongol-shuudan-via-bekkaze,,2026-04-28T06:49:08,2026-04-28T06:49:08,1
304348,64061,146,MN,1976,069,,Алтай,full,,,mongol-shuudan-via-bekkaze,,2026-04-28T06:49:08,2026-04-28T06:49:08,1
304349,64070,146,MN,1976,069,,Жинст,full,,,mongol-shuudan-via-bekkaze,,2026-04-28T06:49:08,2026-04-28T06:49:08,1
304350,64071,146,MN,1976,069,,Цагаан ус,full,,,mongol-shuudan-via-bekkaze,,2026-04-28T06:49:08,2026-04-28T06:49:08,1
304351,64073,146,MN,1976,069,,Бодь,full,,,mongol-shuudan-via-bekkaze,,2026-04-28T06:49:08,2026-04-28T06:49:08,1
304352,64075,146,MN,1976,069,,Хүйс,full,,,mongol-shuudan-via-bekkaze,,2026-04-28T06:49:08,2026-04-28T06:49:08,1
304353,64077,146,MN,1976,069,,Хөнөг,full,,,mongol-shuudan-via-bekkaze,,2026-04-28T06:49:08,2026-04-28T06:49:08,1
304354,64079,146,MN,1976,069,,Уу-булан,full,,,mongol-shuudan-via-bekkaze,,2026-04-28T06:49:08,2026-04-28T06:49:08,1
304355,64080,146,MN,1976,069,,Баян-Овоо,full,,,mongol-shuudan-via-bekkaze,,2026-04-28T06:49:08,2026-04-28T06:49:08,1
304356,64081,146,MN,1976,069,,Асгамба,full,,,mongol-shuudan-via-bekkaze,,2026-04-28T06:49:08,2026-04-28T06:49:08,1
304357,64083,146,MN,1976,069,,Мандал хайрхан,full,,,mongol-shuudan-via-bekkaze,,2026-04-28T06:49:08,2026-04-28T06:49:08,1
304358,64085,146,MN,1976,069,,Хөх бүрд,full,,,mongol-shuudan-via-bekkaze,,2026-04-28T06:49:08,2026-04-28T06:49:08,1
304359,64087,146,MN,1976,069,,Уран хайрхан,full,,,mongol-shuudan-via-bekkaze,,2026-04-28T06:49:08,2026-04-28T06:49:08,1
304360,64090,146,MN,1976,069,,Баянхонгор сум,full,,,mongol-shuudan-via-bekkaze,,2026-04-28T06:49:08,2026-04-28T06:49:08,1
304361,64091,146,MN,1976,069,,Цагаан-ус,full,,,mongol-shuudan-via-bekkaze,,2026-04-28T06:49:08,2026-04-28T06:49:08,1
304362,64093,146,MN,1976,069,,Шаргалжуут,full,,,mongol-shuudan-via-bekkaze,,2026-04-28T06:49:08,2026-04-28T06:49:08,1
304363,64095,146,MN,1976,069,,Цагаанчулуут,full,,,mongol-shuudan-via-bekkaze,,2026-04-28T06:49:08,2026-04-28T06:49:08,1
304364,64097,146,MN,1976,069,,Цахир,full,,,mongol-shuudan-via-bekkaze,,2026-04-28T06:49:08,2026-04-28T06:49:08,1
304365,64098,146,MN,1976,069,,Есөн булаг,full,,,mongol-shuudan-via-bekkaze,,2026-04-28T06:49:08,2026-04-28T06:49:08,1
304366,64099,146,MN,1976,069,,Угалз,full,,,mongol-shuudan-via-bekkaze,,2026-04-28T06:49:08,2026-04-28T06:49:08,1
304367,64101,146,MN,1976,069,,Номгон,full,,,mongol-shuudan-via-bekkaze,,2026-04-28T06:49:08,2026-04-28T06:49:08,1
304368,64103,146,MN,1976,069,,Дуурсах,full,,,mongol-shuudan-via-bekkaze,,2026-04-28T06:49:08,2026-04-28T06:49:08,1
304369,64105,146,MN,1976,069,,Гэгээн шавь,full,,,mongol-shuudan-via-bekkaze,,2026-04-28T06:49:08,2026-04-28T06:49:08,1
304370,64107,146,MN,1976,069,,Рашаант,full,,,mongol-shuudan-via-bekkaze,,2026-04-28T06:49:08,2026-04-28T06:49:08,1
304371,64110,146,MN,1976,069,,Галуут,full,,,mongol-shuudan-via-bekkaze,,2026-04-28T06:49:08,2026-04-28T06:49:08,1
304372,64111,146,MN,1976,069,,Хайрхан,full,,,mongol-shuudan-via-bekkaze,,2026-04-28T06:49:08,2026-04-28T06:49:08,1
304373,64113,146,MN,1976,069,,Сүмбэр,full,,,mongol-shuudan-via-bekkaze,,2026-04-28T06:49:08,2026-04-28T06:49:08,1
304374,64115,146,MN,1976,069,,Баян хошуу,full,,,mongol-shuudan-via-bekkaze,,2026-04-28T06:49:08,2026-04-28T06:49:08,1
304375,64117,146,MN,1976,069,,Мандал,full,,,mongol-shuudan-via-bekkaze,,2026-04-28T06:49:08,2026-04-28T06:49:08,1
304376,64119,146,MN,1976,069,,Баяннуур,full,,,mongol-shuudan-via-bekkaze,,2026-04-28T06:49:08,2026-04-28T06:49:08,1
304377,64121,146,MN,1976,069,,Үнэгт,full,,,mongol-shuudan-via-bekkaze,,2026-04-28T06:49:08,2026-04-28T06:49:08,1
304378,64123,146,MN,1976,069,,Улаансайр,full,,,mongol-shuudan-via-bekkaze,,2026-04-28T06:49:08,2026-04-28T06:49:08,1
304379,64125,146,MN,1976,069,,Задгай,full,,,mongol-shuudan-via-bekkaze,,2026-04-28T06:49:08,2026-04-28T06:49:08,1
304380,64127,146,MN,1976,069,,Хотын-булан,full,,,mongol-shuudan-via-bekkaze,,2026-04-28T06:49:08,2026-04-28T06:49:08,1
304381,64130,146,MN,1976,069,,Баянговь,full,,,mongol-shuudan-via-bekkaze,,2026-04-28T06:49:08,2026-04-28T06:49:08,1
304382,64133,146,MN,1976,069,,Хэлтгий булаг,full,,,mongol-shuudan-via-bekkaze,,2026-04-28T06:49:08,2026-04-28T06:49:08,1
304383,64135,146,MN,1976,069,,Өргөн,full,,,mongol-shuudan-via-bekkaze,,2026-04-28T06:49:08,2026-04-28T06:49:08,1
304384,64137,146,MN,1976,069,,Өрхт,full,,,mongol-shuudan-via-bekkaze,,2026-04-28T06:49:08,2026-04-28T06:49:08,1
304385,64139,146,MN,1976,069,,Цоохор,full,,,mongol-shuudan-via-bekkaze,,2026-04-28T06:49:08,2026-04-28T06:49:08,1
304386,64141,146,MN,1976,069,,Залаа,full,,,mongol-shuudan-via-bekkaze,,2026-04-28T06:49:08,2026-04-28T06:49:08,1
304387,64143,146,MN,1976,069,,Баянбулаг,full,,,mongol-shuudan-via-bekkaze,,2026-04-28T06:49:08,2026-04-28T06:49:08,1
304388,64150,146,MN,1976,069,,Баацагаан,full,,,mongol-shuudan-via-bekkaze,,2026-04-28T06:49:08,2026-04-28T06:49:08,1
304389,64151,146,MN,1976,069,,Буйлсан,full,,,mongol-shuudan-via-bekkaze,,2026-04-28T06:49:08,2026-04-28T06:49:08,1
304390,64153,146,MN,1976,069,,Оройн бууц,full,,,mongol-shuudan-via-bekkaze,,2026-04-28T06:49:08,2026-04-28T06:49:08,1
304391,64155,146,MN,1976,069,,Зүүн хаяа,full,,,mongol-shuudan-via-bekkaze,,2026-04-28T06:49:08,2026-04-28T06:49:08,1
304392,64157,146,MN,1976,069,,Баянсайр,full,,,mongol-shuudan-via-bekkaze,,2026-04-28T06:49:08,2026-04-28T06:49:08,1
304393,64159,146,MN,1976,069,,Могой,full,,,mongol-shuudan-via-bekkaze,,2026-04-28T06:49:08,2026-04-28T06:49:08,1
304394,64161,146,MN,1976,069,,Товгор,full,,,mongol-shuudan-via-bekkaze,,2026-04-28T06:49:08,2026-04-28T06:49:08,1
304395,64163,146,MN,1976,069,,Баянбулаг,full,,,mongol-shuudan-via-bekkaze,,2026-04-28T06:49:08,2026-04-28T06:49:08,1
304396,64165,146,MN,1976,069,,Өргөн,full,,,mongol-shuudan-via-bekkaze,,2026-04-28T06:49:08,2026-04-28T06:49:08,1
304397,64167,146,MN,1976,069,,Өрхт,full,,,mongol-shuudan-via-bekkaze,,2026-04-28T06:49:08,2026-04-28T06:49:08,1
304398,64169,146,MN,1976,069,,Цоохор,full,,,mongol-shuudan-via-bekkaze,,2026-04-28T06:49:08,2026-04-28T06:49:08,1
304399,64170,146,MN,1976,069,,Бөмбөгөр,full,,,mongol-shuudan-via-bekkaze,,2026-04-28T06:49:08,2026-04-28T06:49:08,1
304400,64171,146,MN,1976,069,,Хөх толгой,full,,,mongol-shuudan-via-bekkaze,,2026-04-28T06:49:08,2026-04-28T06:49:08,1
304401,64173,146,MN,1976,069,,Улаан сайр,full,,,mongol-shuudan-via-bekkaze,,2026-04-28T06:49:08,2026-04-28T06:49:08,1
304402,64175,146,MN,1976,069,,Задгай,full,,,mongol-shuudan-via-bekkaze,,2026-04-28T06:49:08,2026-04-28T06:49:08,1
304403,64177,146,MN,1976,069,,Хотын булан,full,,,mongol-shuudan-via-bekkaze,,2026-04-28T06:49:08,2026-04-28T06:49:08,1
304404,64180,146,MN,1976,069,,Жаргалант,full,,,mongol-shuudan-via-bekkaze,,2026-04-28T06:49:08,2026-04-28T06:49:08,1
304405,64181,146,MN,1976,069,,Нам толгой,full,,,mongol-shuudan-via-bekkaze,,2026-04-28T06:49:08,2026-04-28T06:49:08,1
304406,64183,146,MN,1976,069,,Хөндлөн булаг,full,,,mongol-shuudan-via-bekkaze,,2026-04-28T06:49:08,2026-04-28T06:49:08,1
304407,64185,146,MN,1976,069,,Эмээлтолгой,full,,,mongol-shuudan-via-bekkaze,,2026-04-28T06:49:08,2026-04-28T06:49:08,1
304408,64187,146,MN,1976,069,,Өлзийт өндөр,full,,,mongol-shuudan-via-bekkaze,,2026-04-28T06:49:08,2026-04-28T06:49:08,1
304409,64190,146,MN,1976,069,,Шинэжинст,full,,,mongol-shuudan-via-bekkaze,,2026-04-28T06:49:08,2026-04-28T06:49:08,1
304410,64191,146,MN,1976,069,,Эрдэнэшанд,full,,,mongol-shuudan-via-bekkaze,,2026-04-28T06:49:08,2026-04-28T06:49:08,1
304411,64193,146,MN,1976,069,,Зараа,full,,,mongol-shuudan-via-bekkaze,,2026-04-28T06:49:08,2026-04-28T06:49:08,1
304412,64195,146,MN,1976,069,,Уртын гол,full,,,mongol-shuudan-via-bekkaze,,2026-04-28T06:49:08,2026-04-28T06:49:08,1
304413,64197,146,MN,1976,069,,Эхэн хавцгай,full,,,mongol-shuudan-via-bekkaze,,2026-04-28T06:49:08,2026-04-28T06:49:08,1
304414,64200,146,MN,1976,069,,Заг,full,,,mongol-shuudan-via-bekkaze,,2026-04-28T06:49:08,2026-04-28T06:49:08,1
304415,64201,146,MN,1976,069,,Чандмань Овоо,full,,,mongol-shuudan-via-bekkaze,,2026-04-28T06:49:08,2026-04-28T06:49:08,1
304416,64203,146,MN,1976,069,,Залаа Овоо,full,,,mongol-shuudan-via-bekkaze,,2026-04-28T06:49:08,2026-04-28T06:49:08,1
304417,64205,146,MN,1976,069,,Баян булаг,full,,,mongol-shuudan-via-bekkaze,,2026-04-28T06:49:08,2026-04-28T06:49:08,1
304418,64207,146,MN,1976,069,,Баян Улаан,full,,,mongol-shuudan-via-bekkaze,,2026-04-28T06:49:08,2026-04-28T06:49:08,1
304419,64210,146,MN,1976,069,,Баянцагаан,full,,,mongol-shuudan-via-bekkaze,,2026-04-28T06:49:08,2026-04-28T06:49:08,1
304420,64211,146,MN,1976,069,,Цэцэн,full,,,mongol-shuudan-via-bekkaze,,2026-04-28T06:49:08,2026-04-28T06:49:08,1
304421,64213,146,MN,1976,069,,Баянбулаг,full,,,mongol-shuudan-via-bekkaze,,2026-04-28T06:49:08,2026-04-28T06:49:08,1
304422,64215,146,MN,1976,069,,Жаргалант,full,,,mongol-shuudan-via-bekkaze,,2026-04-28T06:49:08,2026-04-28T06:49:08,1
304423,64217,146,MN,1976,069,,Дэлгэрэх,full,,,mongol-shuudan-via-bekkaze,,2026-04-28T06:49:08,2026-04-28T06:49:08,1
304424,64219,146,MN,1976,069,,Гичгэнэ,full,,,mongol-shuudan-via-bekkaze,,2026-04-28T06:49:08,2026-04-28T06:49:08,1
304425,64220,146,MN,1976,069,,Бууцагаан,full,,,mongol-shuudan-via-bekkaze,,2026-04-28T06:49:08,2026-04-28T06:49:08,1
304426,64221,146,MN,1976,069,,Баянбүрд,full,,,mongol-shuudan-via-bekkaze,,2026-04-28T06:49:08,2026-04-28T06:49:08,1
304427,64223,146,MN,1976,069,,Наран,full,,,mongol-shuudan-via-bekkaze,,2026-04-28T06:49:08,2026-04-28T06:49:08,1
304428,64225,146,MN,1976,069,,Тэмээт,full,,,mongol-shuudan-via-bekkaze,,2026-04-28T06:49:08,2026-04-28T06:49:08,1
304429,64226,146,MN,1976,069,,Буянт,full,,,mongol-shuudan-via-bekkaze,,2026-04-28T06:49:08,2026-04-28T06:49:08,1
304430,64227,146,MN,1976,069,,Баян,full,,,mongol-shuudan-via-bekkaze,,2026-04-28T06:49:08,2026-04-28T06:49:08,1
304431,64229,146,MN,1976,069,,Өлзийт,full,,,mongol-shuudan-via-bekkaze,,2026-04-28T06:49:08,2026-04-28T06:49:08,1
304432,64230,146,MN,1976,069,,Гурванбулаг,full,,,mongol-shuudan-via-bekkaze,,2026-04-28T06:49:08,2026-04-28T06:49:08,1
304433,64231,146,MN,1976,069,,Давааны ам,full,,,mongol-shuudan-via-bekkaze,,2026-04-28T06:49:08,2026-04-28T06:49:08,1
304434,64233,146,MN,1976,069,,Буга,full,,,mongol-shuudan-via-bekkaze,,2026-04-28T06:49:08,2026-04-28T06:49:08,1
304435,64235,146,MN,1976,069,,Хөвийн ам,full,,,mongol-shuudan-via-bekkaze,,2026-04-28T06:49:08,2026-04-28T06:49:08,1
304436,64237,146,MN,1976,069,,Цэнгэл,full,,,mongol-shuudan-via-bekkaze,,2026-04-28T06:49:08,2026-04-28T06:49:08,1
304437,64239,146,MN,1976,069,,Пионер толгой,full,,,mongol-shuudan-via-bekkaze,,2026-04-28T06:49:08,2026-04-28T06:49:08,1
304438,64240,146,MN,1976,069,,Хүрээмарал,full,,,mongol-shuudan-via-bekkaze,,2026-04-28T06:49:08,2026-04-28T06:49:08,1
304439,64241,146,MN,1976,069,,Хөх бүрд,full,,,mongol-shuudan-via-bekkaze,,2026-04-28T06:49:08,2026-04-28T06:49:08,1
304440,64243,146,MN,1976,069,,Цорж,full,,,mongol-shuudan-via-bekkaze,,2026-04-28T06:49:08,2026-04-28T06:49:08,1
304441,64245,146,MN,1976,069,,Дэлгэр мөрөн,full,,,mongol-shuudan-via-bekkaze,,2026-04-28T06:49:08,2026-04-28T06:49:08,1
304442,64247,146,MN,1976,069,,Норовлин,full,,,mongol-shuudan-via-bekkaze,,2026-04-28T06:49:08,2026-04-28T06:49:08,1
304443,64249,146,MN,1976,069,,Сонор,full,,,mongol-shuudan-via-bekkaze,,2026-04-28T06:49:08,2026-04-28T06:49:08,1
304444,64250,146,MN,1976,069,,Баян-Өндөр,full,,,mongol-shuudan-via-bekkaze,,2026-04-28T06:49:08,2026-04-28T06:49:08,1
304445,64251,146,MN,1976,069,,Элгэн,full,,,mongol-shuudan-via-bekkaze,,2026-04-28T06:49:08,2026-04-28T06:49:08,1
304446,64252,146,MN,1976,069,,Идрэн,full,,,mongol-shuudan-via-bekkaze,,2026-04-28T06:49:08,2026-04-28T06:49:08,1
304447,64253,146,MN,1976,069,,Булган,full,,,mongol-shuudan-via-bekkaze,,2026-04-28T06:49:08,2026-04-28T06:49:08,1
304448,64255,146,MN,1976,069,,Улаан үзүүр,full,,,mongol-shuudan-via-bekkaze,,2026-04-28T06:49:08,2026-04-28T06:49:08,1
304449,64260,146,MN,1976,069,,Баянбулаг,full,,,mongol-shuudan-via-bekkaze,,2026-04-28T06:49:08,2026-04-28T06:49:08,1
304450,64261,146,MN,1976,069,,Хангал,full,,,mongol-shuudan-via-bekkaze,,2026-04-28T06:49:08,2026-04-28T06:49:08,1
304451,64263,146,MN,1976,069,,Жаргалант,full,,,mongol-shuudan-via-bekkaze,,2026-04-28T06:49:08,2026-04-28T06:49:08,1
304452,64265,146,MN,1976,069,,Бүрд,full,,,mongol-shuudan-via-bekkaze,,2026-04-28T06:49:08,2026-04-28T06:49:08,1
304453,64267,146,MN,1976,069,,Сангийн-далай,full,,,mongol-shuudan-via-bekkaze,,2026-04-28T06:49:08,2026-04-28T06:49:08,1
304454,65000,146,MN,1973,073,,Arkhangai,full,,,mongol-shuudan-via-bekkaze,,2026-04-28T06:49:08,2026-04-28T06:49:08,1
304455,65010,146,MN,1973,073,,Хашаат,full,,,mongol-shuudan-via-bekkaze,,2026-04-28T06:49:08,2026-04-28T06:49:08,1
304456,65011,146,MN,1973,073,,Номгон,full,,,mongol-shuudan-via-bekkaze,,2026-04-28T06:49:08,2026-04-28T06:49:08,1
304457,65013,146,MN,1973,073,,Жаргалант,full,,,mongol-shuudan-via-bekkaze,,2026-04-28T06:49:08,2026-04-28T06:49:08,1
304458,65015,146,MN,1973,073,,Баян,full,,,mongol-shuudan-via-bekkaze,,2026-04-28T06:49:08,2026-04-28T06:49:08,1
304459,65017,146,MN,1973,073,,Цагаан хад,full,,,mongol-shuudan-via-bekkaze,,2026-04-28T06:49:08,2026-04-28T06:49:08,1
304460,65019,146,MN,1973,073,,Цайдам,full,,,mongol-shuudan-via-bekkaze,,2026-04-28T06:49:08,2026-04-28T06:49:08,1
304461,65020,146,MN,1973,073,,Өлгийнуур,full,,,mongol-shuudan-via-bekkaze,,2026-04-28T06:49:08,2026-04-28T06:49:08,1
304462,65021,146,MN,1973,073,,Орхон,full,,,mongol-shuudan-via-bekkaze,,2026-04-28T06:49:08,2026-04-28T06:49:08,1
304463,65023,146,MN,1973,073,,Өгий,full,,,mongol-shuudan-via-bekkaze,,2026-04-28T06:49:08,2026-04-28T06:49:08,1
304464,65025,146,MN,1973,073,,Зэгстэй,full,,,mongol-shuudan-via-bekkaze,,2026-04-28T06:49:08,2026-04-28T06:49:08,1
304465,65027,146,MN,1973,073,,Дойт,full,,,mongol-shuudan-via-bekkaze,,2026-04-28T06:49:08,2026-04-28T06:49:08,1
304466,65029,146,MN,1973,073,,Тоглох,full,,,mongol-shuudan-via-bekkaze,,2026-04-28T06:49:08,2026-04-28T06:49:08,1
304467,65030,146,MN,1973,073,,Өлзийт,full,,,mongol-shuudan-via-bekkaze,,2026-04-28T06:49:08,2026-04-28T06:49:08,1
304468,65031,146,MN,1973,073,,Ямаат,full,,,mongol-shuudan-via-bekkaze,,2026-04-28T06:49:08,2026-04-28T06:49:08,1
304469,65033,146,MN,1973,073,,Хөшөөт,full,,,mongol-shuudan-via-bekkaze,,2026-04-28T06:49:08,2026-04-28T06:49:08,1
304470,65035,146,MN,1973,073,,Бодонт,full,,,mongol-shuudan-via-bekkaze,,2026-04-28T06:49:08,2026-04-28T06:49:08,1
304471,65037,146,MN,1973,073,,Байшир,full,,,mongol-shuudan-via-bekkaze,,2026-04-28T06:49:08,2026-04-28T06:49:08,1
304472,65040,146,MN,1973,073,,Хотонт,full,,,mongol-shuudan-via-bekkaze,,2026-04-28T06:49:08,2026-04-28T06:49:08,1
304473,65041,146,MN,1973,073,,Бургалтай,full,,,mongol-shuudan-via-bekkaze,,2026-04-28T06:49:08,2026-04-28T06:49:08,1
304474,65043,146,MN,1973,073,,Улаан-Чулуу,full,,,mongol-shuudan-via-bekkaze,,2026-04-28T06:49:08,2026-04-28T06:49:08,1
304475,65045,146,MN,1973,073,,Хотонт,full,,,mongol-shuudan-via-bekkaze,,2026-04-28T06:49:08,2026-04-28T06:49:08,1
304476,65047,146,MN,1973,073,,Орхон,full,,,mongol-shuudan-via-bekkaze,,2026-04-28T06:49:08,2026-04-28T06:49:08,1
304477,65049,146,MN,1973,073,,Хөөвөр,full,,,mongol-shuudan-via-bekkaze,,2026-04-28T06:49:08,2026-04-28T06:49:08,1
304478,65051,146,MN,1973,073,,Өндөр сант,full,,,mongol-shuudan-via-bekkaze,,2026-04-28T06:49:08,2026-04-28T06:49:08,1
304479,65060,146,MN,1973,073,,Хайрхан,full,,,mongol-shuudan-via-bekkaze,,2026-04-28T06:49:08,2026-04-28T06:49:08,1
304480,65061,146,MN,1973,073,,Могой,full,,,mongol-shuudan-via-bekkaze,,2026-04-28T06:49:08,2026-04-28T06:49:08,1
304481,65063,146,MN,1973,073,,Жарантай,full,,,mongol-shuudan-via-bekkaze,,2026-04-28T06:49:08,2026-04-28T06:49:08,1
304482,65065,146,MN,1973,073,,Өгөөмөр,full,,,mongol-shuudan-via-bekkaze,,2026-04-28T06:49:08,2026-04-28T06:49:08,1
304483,65067,146,MN,1973,073,,Асгат,full,,,mongol-shuudan-via-bekkaze,,2026-04-28T06:49:08,2026-04-28T06:49:08,1
304484,65069,146,MN,1973,073,,Хайрхан,full,,,mongol-shuudan-via-bekkaze,,2026-04-28T06:49:08,2026-04-28T06:49:08,1
304485,65070,146,MN,1973,073,,Төвшрүүлэх,full,,,mongol-shuudan-via-bekkaze,,2026-04-28T06:49:08,2026-04-28T06:49:08,1
304486,65071,146,MN,1973,073,,Баян-Өндөр,full,,,mongol-shuudan-via-bekkaze,,2026-04-28T06:49:08,2026-04-28T06:49:08,1
304487,65073,146,MN,1973,073,,Жаарай,full,,,mongol-shuudan-via-bekkaze,,2026-04-28T06:49:08,2026-04-28T06:49:08,1
304488,65075,146,MN,1973,073,,Эрдэнэтолгой,full,,,mongol-shuudan-via-bekkaze,,2026-04-28T06:49:08,2026-04-28T06:49:08,1
304489,65077,146,MN,1973,073,,Сөрт,full,,,mongol-shuudan-via-bekkaze,,2026-04-28T06:49:08,2026-04-28T06:49:08,1
304490,65080,146,MN,1973,073,,Цэнхэр,full,,,mongol-shuudan-via-bekkaze,,2026-04-28T06:49:08,2026-04-28T06:49:08,1
304491,65081,146,MN,1973,073,,Буйлан,full,,,mongol-shuudan-via-bekkaze,,2026-04-28T06:49:08,2026-04-28T06:49:08,1
304492,65083,146,MN,1973,073,,Тамир,full,,,mongol-shuudan-via-bekkaze,,2026-04-28T06:49:08,2026-04-28T06:49:08,1
304493,65085,146,MN,1973,073,,Алтан Овоо,full,,,mongol-shuudan-via-bekkaze,,2026-04-28T06:49:08,2026-04-28T06:49:08,1
304494,65087,146,MN,1973,073,,Цэнхэр,full,,,mongol-shuudan-via-bekkaze,,2026-04-28T06:49:08,2026-04-28T06:49:08,1
304495,65089,146,MN,1973,073,,Цэцэрлэг,full,,,mongol-shuudan-via-bekkaze,,2026-04-28T06:49:08,2026-04-28T06:49:08,1
304496,65091,146,MN,1973,073,,Орхон,full,,,mongol-shuudan-via-bekkaze,,2026-04-28T06:49:08,2026-04-28T06:49:08,1
304497,65093,146,MN,1973,073,,4-р баг,full,,,mongol-shuudan-via-bekkaze,,2026-04-28T06:49:08,2026-04-28T06:49:08,1
304498,65095,146,MN,1973,073,,5-р баг,full,,,mongol-shuudan-via-bekkaze,,2026-04-28T06:49:08,2026-04-28T06:49:08,1
304499,65097,146,MN,1973,073,,3-р баг,full,,,mongol-shuudan-via-bekkaze,,2026-04-28T06:49:08,2026-04-28T06:49:08,1
304500,65099,146,MN,1973,073,,2-р баг,full,,,mongol-shuudan-via-bekkaze,,2026-04-28T06:49:08,2026-04-28T06:49:08,1
304501,65100,146,MN,1973,073,,Батцэнгэл,full,,,mongol-shuudan-via-bekkaze,,2026-04-28T06:49:08,2026-04-28T06:49:08,1
304502,65101,146,MN,1973,073,,Хөнөг,full,,,mongol-shuudan-via-bekkaze,,2026-04-28T06:49:08,2026-04-28T06:49:08,1
304503,65103,146,MN,1973,073,,Улаан чулуу,full,,,mongol-shuudan-via-bekkaze,,2026-04-28T06:49:08,2026-04-28T06:49:08,1
304504,65105,146,MN,1973,073,,Дайр бор,full,,,mongol-shuudan-via-bekkaze,,2026-04-28T06:49:08,2026-04-28T06:49:08,1
304505,65107,146,MN,1973,073,,Цац,full,,,mongol-shuudan-via-bekkaze,,2026-04-28T06:49:08,2026-04-28T06:49:08,1
304506,65109,146,MN,1973,073,,Дэл,full,,,mongol-shuudan-via-bekkaze,,2026-04-28T06:49:08,2026-04-28T06:49:08,1
304507,65111,146,MN,1973,073,,Баян Уул,full,,,mongol-shuudan-via-bekkaze,,2026-04-28T06:49:08,2026-04-28T06:49:08,1
304508,65113,146,MN,1973,073,,Улаан-Чулуу,full,,,mongol-shuudan-via-bekkaze,,2026-04-28T06:49:08,2026-04-28T06:49:08,1
304509,65115,146,MN,1973,073,,Дайр-бор,full,,,mongol-shuudan-via-bekkaze,,2026-04-28T06:49:08,2026-04-28T06:49:08,1
304510,65117,146,MN,1973,073,,Цац,full,,,mongol-shuudan-via-bekkaze,,2026-04-28T06:49:08,2026-04-28T06:49:08,1
304511,65119,146,MN,1973,073,,Дэл,full,,,mongol-shuudan-via-bekkaze,,2026-04-28T06:49:08,2026-04-28T06:49:08,1
304512,65120,146,MN,1973,073,,Булган,full,,,mongol-shuudan-via-bekkaze,,2026-04-28T06:49:08,2026-04-28T06:49:08,1
304513,65121,146,MN,1973,073,,Баянбулаг,full,,,mongol-shuudan-via-bekkaze,,2026-04-28T06:49:08,2026-04-28T06:49:08,1
304514,65123,146,MN,1973,073,,Тамир,full,,,mongol-shuudan-via-bekkaze,,2026-04-28T06:49:08,2026-04-28T06:49:08,1
304515,65125,146,MN,1973,073,,Зуунмод,full,,,mongol-shuudan-via-bekkaze,,2026-04-28T06:49:08,2026-04-28T06:49:08,1
304516,65127,146,MN,1973,073,,Тусгалт,full,,,mongol-shuudan-via-bekkaze,,2026-04-28T06:49:08,2026-04-28T06:49:08,1
304517,65130,146,MN,1973,073,,Эрдэнэбулган сум,full,,,mongol-shuudan-via-bekkaze,,2026-04-28T06:49:08,2026-04-28T06:49:08,1
304518,65131,146,MN,1973,073,,Цагаан дэл,full,,,mongol-shuudan-via-bekkaze,,2026-04-28T06:49:08,2026-04-28T06:49:08,1
304519,65133,146,MN,1973,073,,Бор толгой,full,,,mongol-shuudan-via-bekkaze,,2026-04-28T06:49:08,2026-04-28T06:49:08,1
304520,65135,146,MN,1973,073,,Наранбулаг,full,,,mongol-shuudan-via-bekkaze,,2026-04-28T06:49:08,2026-04-28T06:49:08,1
304521,65137,146,MN,1973,073,,Цагдуулт,full,,,mongol-shuudan-via-bekkaze,,2026-04-28T06:49:08,2026-04-28T06:49:08,1
304522,65139,146,MN,1973,073,,Арслан цохио,full,,,mongol-shuudan-via-bekkaze,,2026-04-28T06:49:08,2026-04-28T06:49:08,1
304523,65141,146,MN,1973,073,,Цагаан даваа,full,,,mongol-shuudan-via-bekkaze,,2026-04-28T06:49:08,2026-04-28T06:49:08,1
304524,65143,146,MN,1973,073,,Тамир,full,,,mongol-shuudan-via-bekkaze,,2026-04-28T06:49:08,2026-04-28T06:49:08,1
304525,65150,146,MN,1973,073,,Эрдэнэмандал,full,,,mongol-shuudan-via-bekkaze,,2026-04-28T06:49:08,2026-04-28T06:49:08,1
304526,65151,146,MN,1973,073,,Идэр-Улаан,full,,,mongol-shuudan-via-bekkaze,,2026-04-28T06:49:08,2026-04-28T06:49:08,1
304527,65153,146,MN,1973,073,,Тээл,full,,,mongol-shuudan-via-bekkaze,,2026-04-28T06:49:08,2026-04-28T06:49:08,1
304528,65155,146,MN,1973,073,,Алаг Уул,full,,,mongol-shuudan-via-bekkaze,,2026-04-28T06:49:08,2026-04-28T06:49:08,1
304529,65157,146,MN,1973,073,,Өлзийт,full,,,mongol-shuudan-via-bekkaze,,2026-04-28T06:49:08,2026-04-28T06:49:08,1
304530,65159,146,MN,1973,073,,Хан Өндөр,full,,,mongol-shuudan-via-bekkaze,,2026-04-28T06:49:08,2026-04-28T06:49:08,1
304531,65161,146,MN,1973,073,,Эрдэнэ Уул,full,,,mongol-shuudan-via-bekkaze,,2026-04-28T06:49:08,2026-04-28T06:49:08,1
304532,65170,146,MN,1973,073,,Их тамир,full,,,mongol-shuudan-via-bekkaze,,2026-04-28T06:49:08,2026-04-28T06:49:08,1
304533,65171,146,MN,1973,073,,Бугат,full,,,mongol-shuudan-via-bekkaze,,2026-04-28T06:49:08,2026-04-28T06:49:08,1
304534,65173,146,MN,1973,073,,Эрдэнэтолгой,full,,,mongol-shuudan-via-bekkaze,,2026-04-28T06:49:08,2026-04-28T06:49:08,1
304535,65175,146,MN,1973,073,,Тайхар,full,,,mongol-shuudan-via-bekkaze,,2026-04-28T06:49:08,2026-04-28T06:49:08,1
304536,65177,146,MN,1973,073,,Борт,full,,,mongol-shuudan-via-bekkaze,,2026-04-28T06:49:08,2026-04-28T06:49:08,1
304537,65179,146,MN,1973,073,,Хан-Өндөр,full,,,mongol-shuudan-via-bekkaze,,2026-04-28T06:49:08,2026-04-28T06:49:08,1
304538,65181,146,MN,1973,073,,Хөхнуур,full,,,mongol-shuudan-via-bekkaze,,2026-04-28T06:49:08,2026-04-28T06:49:08,1
304539,65190,146,MN,1973,073,,Цэцэрлэг,full,,,mongol-shuudan-via-bekkaze,,2026-04-28T06:49:08,2026-04-28T06:49:08,1
304540,65191,146,MN,1973,073,,Хонгорж,full,,,mongol-shuudan-via-bekkaze,,2026-04-28T06:49:08,2026-04-28T06:49:08,1
304541,65193,146,MN,1973,073,,Их-Булаг,full,,,mongol-shuudan-via-bekkaze,,2026-04-28T06:49:08,2026-04-28T06:49:08,1
304542,65195,146,MN,1973,073,,Хужирт,full,,,mongol-shuudan-via-bekkaze,,2026-04-28T06:49:08,2026-04-28T06:49:08,1
304543,65197,146,MN,1973,073,,Туулант,full,,,mongol-shuudan-via-bekkaze,,2026-04-28T06:49:08,2026-04-28T06:49:08,1
304544,65199,146,MN,1973,073,,Чулуут,full,,,mongol-shuudan-via-bekkaze,,2026-04-28T06:49:08,2026-04-28T06:49:08,1
304545,65200,146,MN,1973,073,,Жаргалант,full,,,mongol-shuudan-via-bekkaze,,2026-04-28T06:49:08,2026-04-28T06:49:08,1
304546,65201,146,MN,1973,073,,Зуслан,full,,,mongol-shuudan-via-bekkaze,,2026-04-28T06:49:08,2026-04-28T06:49:08,1
304547,65203,146,MN,1973,073,,Баянцагаан,full,,,mongol-shuudan-via-bekkaze,,2026-04-28T06:49:08,2026-04-28T06:49:08,1
304548,65205,146,MN,1973,073,,Эрдэнэ уул,full,,,mongol-shuudan-via-bekkaze,,2026-04-28T06:49:08,2026-04-28T06:49:08,1
304549,65207,146,MN,1973,073,,Асайт,full,,,mongol-shuudan-via-bekkaze,,2026-04-28T06:49:08,2026-04-28T06:49:08,1
304550,65209,146,MN,1973,073,,Хоолт,full,,,mongol-shuudan-via-bekkaze,,2026-04-28T06:49:08,2026-04-28T06:49:08,1
304551,65210,146,MN,1973,073,,Өндөр-Улаан,full,,,mongol-shuudan-via-bekkaze,,2026-04-28T06:49:08,2026-04-28T06:49:08,1
304552,65211,146,MN,1973,073,,Хануй,full,,,mongol-shuudan-via-bekkaze,,2026-04-28T06:49:08,2026-04-28T06:49:08,1
304553,65213,146,MN,1973,073,,Донгой,full,,,mongol-shuudan-via-bekkaze,,2026-04-28T06:49:08,2026-04-28T06:49:08,1
304554,65215,146,MN,1973,073,,Азарга,full,,,mongol-shuudan-via-bekkaze,,2026-04-28T06:49:08,2026-04-28T06:49:08,1
304555,65217,146,MN,1973,073,,Тээл,full,,,mongol-shuudan-via-bekkaze,,2026-04-28T06:49:08,2026-04-28T06:49:08,1
304556,65219,146,MN,1973,073,,Бэлхи,full,,,mongol-shuudan-via-bekkaze,,2026-04-28T06:49:08,2026-04-28T06:49:08,1
304557,65220,146,MN,1973,073,,Чулуут,full,,,mongol-shuudan-via-bekkaze,,2026-04-28T06:49:08,2026-04-28T06:49:08,1
304558,65221,146,MN,1973,073,,Хайрхан,full,,,mongol-shuudan-via-bekkaze,,2026-04-28T06:49:08,2026-04-28T06:49:08,1
304559,65223,146,MN,1973,073,,Хүрэм,full,,,mongol-shuudan-via-bekkaze,,2026-04-28T06:49:08,2026-04-28T06:49:08,1
304560,65225,146,MN,1973,073,,Халуун ус,full,,,mongol-shuudan-via-bekkaze,,2026-04-28T06:49:08,2026-04-28T06:49:08,1
304561,65227,146,MN,1973,073,,Зуунмод,full,,,mongol-shuudan-via-bekkaze,,2026-04-28T06:49:08,2026-04-28T06:49:08,1
304562,65229,146,MN,1973,073,,Өлзийт гол,full,,,mongol-shuudan-via-bekkaze,,2026-04-28T06:49:08,2026-04-28T06:49:08,1
304563,65230,146,MN,1973,073,,Тариат,full,,,mongol-shuudan-via-bekkaze,,2026-04-28T06:49:08,2026-04-28T06:49:08,1
304564,65231,146,MN,1973,073,,Мөрөн,full,,,mongol-shuudan-via-bekkaze,,2026-04-28T06:49:08,2026-04-28T06:49:08,1
304565,65233,146,MN,1973,073,,Алтайд,full,,,mongol-shuudan-via-bekkaze,,2026-04-28T06:49:08,2026-04-28T06:49:08,1
304566,65235,146,MN,1973,073,,Бөөрөлжүүт,full,,,mongol-shuudan-via-bekkaze,,2026-04-28T06:49:08,2026-04-28T06:49:08,1
304567,65237,146,MN,1973,073,,Хорго,full,,,mongol-shuudan-via-bekkaze,,2026-04-28T06:49:08,2026-04-28T06:49:08,1
304568,65239,146,MN,1973,073,,Цагааннуур,full,,,mongol-shuudan-via-bekkaze,,2026-04-28T06:49:08,2026-04-28T06:49:08,1
304569,65241,146,MN,1973,073,,Тэрх,full,,,mongol-shuudan-via-bekkaze,,2026-04-28T06:49:08,2026-04-28T06:49:08,1
304570,65243,146,MN,1973,073,,Суман,full,,,mongol-shuudan-via-bekkaze,,2026-04-28T06:49:08,2026-04-28T06:49:08,1
304571,65245,146,MN,1973,073,,Халуун-ус,full,,,mongol-shuudan-via-bekkaze,,2026-04-28T06:49:08,2026-04-28T06:49:08,1
304572,65247,146,MN,1973,073,,Зуун-Мод,full,,,mongol-shuudan-via-bekkaze,,2026-04-28T06:49:08,2026-04-28T06:49:08,1
304573,65249,146,MN,1973,073,,Өлзийт-гол,full,,,mongol-shuudan-via-bekkaze,,2026-04-28T06:49:08,2026-04-28T06:49:08,1
304574,65250,146,MN,1973,073,,Хангай,full,,,mongol-shuudan-via-bekkaze,,2026-04-28T06:49:08,2026-04-28T06:49:08,1
304575,65251,146,MN,1973,073,,Гичгэнэ,full,,,mongol-shuudan-via-bekkaze,,2026-04-28T06:49:08,2026-04-28T06:49:08,1
304576,65253,146,MN,1973,073,,Баян-Улаан,full,,,mongol-shuudan-via-bekkaze,,2026-04-28T06:49:08,2026-04-28T06:49:08,1
304577,65255,146,MN,1973,073,,Ноён хангай,full,,,mongol-shuudan-via-bekkaze,,2026-04-28T06:49:08,2026-04-28T06:49:08,1
304578,65257,146,MN,1973,073,,Ар баясгалан,full,,,mongol-shuudan-via-bekkaze,,2026-04-28T06:49:08,2026-04-28T06:49:08,1
304579,65259,146,MN,1973,073,,Чандмань,full,,,mongol-shuudan-via-bekkaze,,2026-04-28T06:49:08,2026-04-28T06:49:08,1
304580,65261,146,MN,1973,073,,Тэрх,full,,,mongol-shuudan-via-bekkaze,,2026-04-28T06:49:08,2026-04-28T06:49:08,1
304581,65270,146,MN,1973,073,,Цахир сум,full,,,mongol-shuudan-via-bekkaze,,2026-04-28T06:49:08,2026-04-28T06:49:08,1
304582,65271,146,MN,1973,073,,Цахир,full,,,mongol-shuudan-via-bekkaze,,2026-04-28T06:49:08,2026-04-28T06:49:08,1
304583,65273,146,MN,1973,073,,Хан-Уул,full,,,mongol-shuudan-via-bekkaze,,2026-04-28T06:49:08,2026-04-28T06:49:08,1
304584,65275,146,MN,1973,073,,Баянгол,full,,,mongol-shuudan-via-bekkaze,,2026-04-28T06:49:08,2026-04-28T06:49:08,1
304585,65277,146,MN,1973,073,,Жинст,full,,,mongol-shuudan-via-bekkaze,,2026-04-28T06:49:08,2026-04-28T06:49:08,1
304586,67000,146,MN,1975,041,,Khövsgöl,full,,,mongol-shuudan-via-bekkaze,,2026-04-28T06:49:08,2026-04-28T06:49:08,1
304587,67010,146,MN,1975,041,,Тариалан,full,,,mongol-shuudan-via-bekkaze,,2026-04-28T06:49:08,2026-04-28T06:49:08,1
304588,67011,146,MN,1975,041,,Ар тархи,full,,,mongol-shuudan-via-bekkaze,,2026-04-28T06:49:08,2026-04-28T06:49:08,1
304589,67013,146,MN,1975,041,,Таван толгой,full,,,mongol-shuudan-via-bekkaze,,2026-04-28T06:49:08,2026-04-28T06:49:08,1
304590,67015,146,MN,1975,041,,Мандал,full,,,mongol-shuudan-via-bekkaze,,2026-04-28T06:49:08,2026-04-28T06:49:08,1
304591,67017,146,MN,1975,041,,Давааны ар,full,,,mongol-shuudan-via-bekkaze,,2026-04-28T06:49:08,2026-04-28T06:49:08,1
304592,67019,146,MN,1975,041,,Сэлэнгэ,full,,,mongol-shuudan-via-bekkaze,,2026-04-28T06:49:08,2026-04-28T06:49:08,1
304593,67021,146,MN,1975,041,,Баянхошуу,full,,,mongol-shuudan-via-bekkaze,,2026-04-28T06:49:08,2026-04-28T06:49:08,1
304594,67030,146,MN,1975,041,,Эрдэнэбулган,full,,,mongol-shuudan-via-bekkaze,,2026-04-28T06:49:08,2026-04-28T06:49:08,1
304595,67031,146,MN,1975,041,,Зэрлэг,full,,,mongol-shuudan-via-bekkaze,,2026-04-28T06:49:08,2026-04-28T06:49:08,1
304596,67033,146,MN,1975,041,,Удган,full,,,mongol-shuudan-via-bekkaze,,2026-04-28T06:49:08,2026-04-28T06:49:08,1
304597,67035,146,MN,1975,041,,Булган тал,full,,,mongol-shuudan-via-bekkaze,,2026-04-28T06:49:08,2026-04-28T06:49:08,1
304598,67037,146,MN,1975,041,,Дуурга,full,,,mongol-shuudan-via-bekkaze,,2026-04-28T06:49:08,2026-04-28T06:49:08,1
304599,67039,146,MN,1975,041,,Бөөрөлж,full,,,mongol-shuudan-via-bekkaze,,2026-04-28T06:49:08,2026-04-28T06:49:08,1
304600,67040,146,MN,1975,041,,Цагаан-Үүр,full,,,mongol-shuudan-via-bekkaze,,2026-04-28T06:49:08,2026-04-28T06:49:08,1
304601,67041,146,MN,1975,041,,Уйлган,full,,,mongol-shuudan-via-bekkaze,,2026-04-28T06:49:08,2026-04-28T06:49:08,1
304602,67043,146,MN,1975,041,,Булган,full,,,mongol-shuudan-via-bekkaze,,2026-04-28T06:49:08,2026-04-28T06:49:08,1
304603,67045,146,MN,1975,041,,Үүр,full,,,mongol-shuudan-via-bekkaze,,2026-04-28T06:49:08,2026-04-28T06:49:08,1
304604,67047,146,MN,1975,041,,Дархит,full,,,mongol-shuudan-via-bekkaze,,2026-04-28T06:49:08,2026-04-28T06:49:08,1
304605,67050,146,MN,1975,041,,Их-Уул,full,,,mongol-shuudan-via-bekkaze,,2026-04-28T06:49:08,2026-04-28T06:49:08,1
304606,67051,146,MN,1975,041,,Их-Уул,full,,,mongol-shuudan-via-bekkaze,,2026-04-28T06:49:08,2026-04-28T06:49:08,1
304607,67053,146,MN,1975,041,,Мандал,full,,,mongol-shuudan-via-bekkaze,,2026-04-28T06:49:08,2026-04-28T06:49:08,1
304608,67055,146,MN,1975,041,,Асгат,full,,,mongol-shuudan-via-bekkaze,,2026-04-28T06:49:08,2026-04-28T06:49:08,1
304609,67057,146,MN,1975,041,,Сэлэнгэ,full,,,mongol-shuudan-via-bekkaze,,2026-04-28T06:49:08,2026-04-28T06:49:08,1
304610,67059,146,MN,1975,041,,Шивээ,full,,,mongol-shuudan-via-bekkaze,,2026-04-28T06:49:08,2026-04-28T06:49:08,1
304611,67060,146,MN,1975,041,,Рашаант,full,,,mongol-shuudan-via-bekkaze,,2026-04-28T06:49:08,2026-04-28T06:49:08,1
304612,67061,146,MN,1975,041,,Их-ац,full,,,mongol-shuudan-via-bekkaze,,2026-04-28T06:49:08,2026-04-28T06:49:08,1
304613,67063,146,MN,1975,041,,Энх тал,full,,,mongol-shuudan-via-bekkaze,,2026-04-28T06:49:08,2026-04-28T06:49:08,1
304614,67065,146,MN,1975,041,,Тээл 1-р баг,full,,,mongol-shuudan-via-bekkaze,,2026-04-28T06:49:08,2026-04-28T06:49:08,1
304615,67067,146,MN,1975,041,,Цэнгэл,full,,,mongol-shuudan-via-bekkaze,,2026-04-28T06:49:08,2026-04-28T06:49:08,1
304616,67069,146,MN,1975,041,,Талын ус,full,,,mongol-shuudan-via-bekkaze,,2026-04-28T06:49:08,2026-04-28T06:49:08,1
304617,67070,146,MN,1975,041,,Ханх,full,,,mongol-shuudan-via-bekkaze,,2026-04-28T06:49:08,2026-04-28T06:49:08,1
304618,67071,146,MN,1975,041,,Тураг,full,,,mongol-shuudan-via-bekkaze,,2026-04-28T06:49:08,2026-04-28T06:49:08,1
304619,67073,146,MN,1975,041,,Турт /төвийн баг/,full,,,mongol-shuudan-via-bekkaze,,2026-04-28T06:49:08,2026-04-28T06:49:08,1
304620,67075,146,MN,1975,041,,Хороо,full,,,mongol-shuudan-via-bekkaze,,2026-04-28T06:49:08,2026-04-28T06:49:08,1
304621,67080,146,MN,1975,041,,Чадмань-Өндөр,full,,,mongol-shuudan-via-bekkaze,,2026-04-28T06:49:08,2026-04-28T06:49:08,1
304622,67081,146,MN,1975,041,,Шивэрт,full,,,mongol-shuudan-via-bekkaze,,2026-04-28T06:49:08,2026-04-28T06:49:08,1
304623,67083,146,MN,1975,041,,Хөхөө,full,,,mongol-shuudan-via-bekkaze,,2026-04-28T06:49:08,2026-04-28T06:49:08,1
304624,67085,146,MN,1975,041,,Улаан асга,full,,,mongol-shuudan-via-bekkaze,,2026-04-28T06:49:08,2026-04-28T06:49:08,1
304625,67087,146,MN,1975,041,,Ёлгос,full,,,mongol-shuudan-via-bekkaze,,2026-04-28T06:49:08,2026-04-28T06:49:08,1
304626,67088,146,MN,1975,041,,Хайрхан толгой,full,,,mongol-shuudan-via-bekkaze,,2026-04-28T06:49:08,2026-04-28T06:49:08,1
304627,67090,146,MN,1975,041,,Түнэл,full,,,mongol-shuudan-via-bekkaze,,2026-04-28T06:49:08,2026-04-28T06:49:08,1
304628,67091,146,MN,1975,041,,Зуны гол,full,,,mongol-shuudan-via-bekkaze,,2026-04-28T06:49:08,2026-04-28T06:49:08,1
304629,67093,146,MN,1975,041,,Навчилтай,full,,,mongol-shuudan-via-bekkaze,,2026-04-28T06:49:08,2026-04-28T06:49:08,1
304630,67095,146,MN,1975,041,,Булаг,full,,,mongol-shuudan-via-bekkaze,,2026-04-28T06:49:08,2026-04-28T06:49:08,1
304631,67097,146,MN,1975,041,,Бийж,full,,,mongol-shuudan-via-bekkaze,,2026-04-28T06:49:08,2026-04-28T06:49:08,1
304632,67099,146,MN,1975,041,,Баян Эрхэт,full,,,mongol-shuudan-via-bekkaze,,2026-04-28T06:49:08,2026-04-28T06:49:08,1
304633,67101,146,MN,1975,041,,Алтгана,full,,,mongol-shuudan-via-bekkaze,,2026-04-28T06:49:08,2026-04-28T06:49:08,1
304634,67110,146,MN,1975,041,,Тосонцэнгэл,full,,,mongol-shuudan-via-bekkaze,,2026-04-28T06:49:08,2026-04-28T06:49:08,1
304635,67111,146,MN,1975,041,,Мухар хөндий,full,,,mongol-shuudan-via-bekkaze,,2026-04-28T06:49:08,2026-04-28T06:49:08,1
304636,67113,146,MN,1975,041,,Сэлэнгэ,full,,,mongol-shuudan-via-bekkaze,,2026-04-28T06:49:08,2026-04-28T06:49:08,1
304637,67115,146,MN,1975,041,,Цэнгэл,full,,,mongol-shuudan-via-bekkaze,,2026-04-28T06:49:08,2026-04-28T06:49:08,1
304638,67117,146,MN,1975,041,,Сүүл  Улаан,full,,,mongol-shuudan-via-bekkaze,,2026-04-28T06:49:08,2026-04-28T06:49:08,1
304639,67119,146,MN,1975,041,,Тээл,full,,,mongol-shuudan-via-bekkaze,,2026-04-28T06:49:08,2026-04-28T06:49:08,1
304640,67120,146,MN,1975,041,,Мөрөн сум,full,,,mongol-shuudan-via-bekkaze,,2026-04-28T06:49:08,2026-04-28T06:49:08,1
304641,67121,146,MN,1975,041,,Үерт,full,,,mongol-shuudan-via-bekkaze,,2026-04-28T06:49:08,2026-04-28T06:49:08,1
304642,67122,146,MN,1975,041,,Наран,full,,,mongol-shuudan-via-bekkaze,,2026-04-28T06:49:08,2026-04-28T06:49:08,1
304643,67123,146,MN,1975,041,,Уран дөш,full,,,mongol-shuudan-via-bekkaze,,2026-04-28T06:49:08,2026-04-28T06:49:08,1
304644,67124,146,MN,1975,041,,Баян,full,,,mongol-shuudan-via-bekkaze,,2026-04-28T06:49:08,2026-04-28T06:49:08,1
304645,67125,146,MN,1975,041,,Элст,full,,,mongol-shuudan-via-bekkaze,,2026-04-28T06:49:08,2026-04-28T06:49:08,1
304646,67127,146,MN,1975,041,,Мандал,full,,,mongol-shuudan-via-bekkaze,,2026-04-28T06:49:08,2026-04-28T06:49:08,1
304647,67129,146,MN,1975,041,,Уст,full,,,mongol-shuudan-via-bekkaze,,2026-04-28T06:49:08,2026-04-28T06:49:08,1
304648,67131,146,MN,1975,041,,Дулаан,full,,,mongol-shuudan-via-bekkaze,,2026-04-28T06:49:08,2026-04-28T06:49:08,1
304649,67132,146,MN,1975,041,,Эрхэл,full,,,mongol-shuudan-via-bekkaze,,2026-04-28T06:49:08,2026-04-28T06:49:08,1
304650,67133,146,MN,1975,041,,Хужирт,full,,,mongol-shuudan-via-bekkaze,,2026-04-28T06:49:08,2026-04-28T06:49:08,1
304651,67135,146,MN,1975,041,,Сүх,full,,,mongol-shuudan-via-bekkaze,,2026-04-28T06:49:08,2026-04-28T06:49:08,1
304652,67137,146,MN,1975,041,,Нисэх,full,,,mongol-shuudan-via-bekkaze,,2026-04-28T06:49:08,2026-04-28T06:49:08,1
304653,67138,146,MN,1975,041,,Эрчим,full,,,mongol-shuudan-via-bekkaze,,2026-04-28T06:49:08,2026-04-28T06:49:08,1
304654,67139,146,MN,1975,041,,Жилчиг,full,,,mongol-shuudan-via-bekkaze,,2026-04-28T06:49:08,2026-04-28T06:49:08,1
304655,67140,146,MN,1975,041,,Алаг-Эрдэнэ,full,,,mongol-shuudan-via-bekkaze,,2026-04-28T06:49:08,2026-04-28T06:49:08,1
304656,67141,146,MN,1975,041,,Цагаан бургас,full,,,mongol-shuudan-via-bekkaze,,2026-04-28T06:49:08,2026-04-28T06:49:08,1
304657,67143,146,MN,1975,041,,Хатгал тосгон,full,,,mongol-shuudan-via-bekkaze,,2026-04-28T06:49:08,2026-04-28T06:49:08,1
304658,67145,146,MN,1975,041,,Яргис,full,,,mongol-shuudan-via-bekkaze,,2026-04-28T06:49:08,2026-04-28T06:49:08,1
304659,67147,146,MN,1975,041,,Манхан,full,,,mongol-shuudan-via-bekkaze,,2026-04-28T06:49:08,2026-04-28T06:49:08,1
304660,67149,146,MN,1975,041,,Шувуут,full,,,mongol-shuudan-via-bekkaze,,2026-04-28T06:49:08,2026-04-28T06:49:08,1
304661,67151,146,MN,1975,041,,Ужиг,full,,,mongol-shuudan-via-bekkaze,,2026-04-28T06:49:08,2026-04-28T06:49:08,1
304662,67160,146,MN,1975,041,,Төмөрбулаг,full,,,mongol-shuudan-via-bekkaze,,2026-04-28T06:49:08,2026-04-28T06:49:08,1
304663,67161,146,MN,1975,041,,Тариат,full,,,mongol-shuudan-via-bekkaze,,2026-04-28T06:49:08,2026-04-28T06:49:08,1
304664,67163,146,MN,1975,041,,Нарийн,full,,,mongol-shuudan-via-bekkaze,,2026-04-28T06:49:08,2026-04-28T06:49:08,1
304665,67165,146,MN,1975,041,,Жаргалант,full,,,mongol-shuudan-via-bekkaze,,2026-04-28T06:49:08,2026-04-28T06:49:08,1
304666,67167,146,MN,1975,041,,Бүгдгээн,full,,,mongol-shuudan-via-bekkaze,,2026-04-28T06:49:08,2026-04-28T06:49:08,1
304667,67169,146,MN,1975,041,,Тээл,full,,,mongol-shuudan-via-bekkaze,,2026-04-28T06:49:08,2026-04-28T06:49:08,1
304668,67170,146,MN,1975,041,,Рэнчинлхүмбэ,full,,,mongol-shuudan-via-bekkaze,,2026-04-28T06:49:08,2026-04-28T06:49:08,1
304669,67171,146,MN,1975,041,,Далайн зах,full,,,mongol-shuudan-via-bekkaze,,2026-04-28T06:49:08,2026-04-28T06:49:08,1
304670,67173,146,MN,1975,041,,Ёлт,full,,,mongol-shuudan-via-bekkaze,,2026-04-28T06:49:08,2026-04-28T06:49:08,1
304671,67175,146,MN,1975,041,,Ходон,full,,,mongol-shuudan-via-bekkaze,,2026-04-28T06:49:08,2026-04-28T06:49:08,1
304672,67177,146,MN,1975,041,,Зөөлөн,full,,,mongol-shuudan-via-bekkaze,,2026-04-28T06:49:08,2026-04-28T06:49:08,1
304673,67179,146,MN,1975,041,,Хоолойн зах,full,,,mongol-shuudan-via-bekkaze,,2026-04-28T06:49:08,2026-04-28T06:49:08,1
304674,67181,146,MN,1975,041,,Хөндий,full,,,mongol-shuudan-via-bekkaze,,2026-04-28T06:49:08,2026-04-28T06:49:08,1
304675,67190,146,MN,1975,041,,Галт,full,,,mongol-shuudan-via-bekkaze,,2026-04-28T06:49:08,2026-04-28T06:49:08,1
304676,67191,146,MN,1975,041,,Зүрх,full,,,mongol-shuudan-via-bekkaze,,2026-04-28T06:49:08,2026-04-28T06:49:08,1
304677,67193,146,MN,1975,041,,Хужирт,full,,,mongol-shuudan-via-bekkaze,,2026-04-28T06:49:08,2026-04-28T06:49:08,1
304678,67195,146,MN,1975,041,,Рашаант,full,,,mongol-shuudan-via-bekkaze,,2026-04-28T06:49:08,2026-04-28T06:49:08,1
304679,67197,146,MN,1975,041,,Галт,full,,,mongol-shuudan-via-bekkaze,,2026-04-28T06:49:08,2026-04-28T06:49:08,1
304680,67199,146,MN,1975,041,,Нүхт,full,,,mongol-shuudan-via-bekkaze,,2026-04-28T06:49:08,2026-04-28T06:49:08,1
304681,67200,146,MN,1975,041,,Арбулаг,full,,,mongol-shuudan-via-bekkaze,,2026-04-28T06:49:08,2026-04-28T06:49:08,1
304682,67201,146,MN,1975,041,,Хавтага,full,,,mongol-shuudan-via-bekkaze,,2026-04-28T06:49:08,2026-04-28T06:49:08,1
304683,67203,146,MN,1975,041,,Сүмбэр,full,,,mongol-shuudan-via-bekkaze,,2026-04-28T06:49:08,2026-04-28T06:49:08,1
304684,67205,146,MN,1975,041,,Уртбулаг,full,,,mongol-shuudan-via-bekkaze,,2026-04-28T06:49:08,2026-04-28T06:49:08,1
304685,67207,146,MN,1975,041,,Тарганнуур,full,,,mongol-shuudan-via-bekkaze,,2026-04-28T06:49:08,2026-04-28T06:49:08,1
304686,67209,146,MN,1975,041,,Бор гол,full,,,mongol-shuudan-via-bekkaze,,2026-04-28T06:49:08,2026-04-28T06:49:08,1
304687,67211,146,MN,1975,041,,Бэл булаг,full,,,mongol-shuudan-via-bekkaze,,2026-04-28T06:49:08,2026-04-28T06:49:08,1
304688,67220,146,MN,1975,041,,Бүрэнтогтох,full,,,mongol-shuudan-via-bekkaze,,2026-04-28T06:49:08,2026-04-28T06:49:08,1
304689,67221,146,MN,1975,041,,Эрчим,full,,,mongol-shuudan-via-bekkaze,,2026-04-28T06:49:08,2026-04-28T06:49:08,1
304690,67223,146,MN,1975,041,,Туяа,full,,,mongol-shuudan-via-bekkaze,,2026-04-28T06:49:08,2026-04-28T06:49:08,1
304691,67225,146,MN,1975,041,,Баянхошуу,full,,,mongol-shuudan-via-bekkaze,,2026-04-28T06:49:08,2026-04-28T06:49:08,1
304692,67227,146,MN,1975,041,,Их уул,full,,,mongol-shuudan-via-bekkaze,,2026-04-28T06:49:08,2026-04-28T06:49:08,1
304693,67229,146,MN,1975,041,,Сангийн далай,full,,,mongol-shuudan-via-bekkaze,,2026-04-28T06:49:08,2026-04-28T06:49:08,1
304694,67231,146,MN,1975,041,,Бүрэнхаан,full,,,mongol-shuudan-via-bekkaze,,2026-04-28T06:49:08,2026-04-28T06:49:08,1
304695,67240,146,MN,1975,041,,Шинэ-Идэр,full,,,mongol-shuudan-via-bekkaze,,2026-04-28T06:49:08,2026-04-28T06:49:08,1
304696,67241,146,MN,1975,041,,Баян Зүрх,full,,,mongol-shuudan-via-bekkaze,,2026-04-28T06:49:08,2026-04-28T06:49:08,1
304697,67243,146,MN,1975,041,,Нүхт,full,,,mongol-shuudan-via-bekkaze,,2026-04-28T06:49:08,2026-04-28T06:49:08,1
304698,67245,146,MN,1975,041,,Баяннуур,full,,,mongol-shuudan-via-bekkaze,,2026-04-28T06:49:08,2026-04-28T06:49:08,1
304699,67247,146,MN,1975,041,,Сангийн Далай,full,,,mongol-shuudan-via-bekkaze,,2026-04-28T06:49:08,2026-04-28T06:49:08,1
304700,67250,146,MN,1975,041,,Жаргалант,full,,,mongol-shuudan-via-bekkaze,,2026-04-28T06:49:08,2026-04-28T06:49:08,1
304701,67251,146,MN,1975,041,,Цагаан бургас,full,,,mongol-shuudan-via-bekkaze,,2026-04-28T06:49:08,2026-04-28T06:49:08,1
304702,67253,146,MN,1975,041,,Харгана,full,,,mongol-shuudan-via-bekkaze,,2026-04-28T06:49:08,2026-04-28T06:49:08,1
304703,67255,146,MN,1975,041,,Оргил,full,,,mongol-shuudan-via-bekkaze,,2026-04-28T06:49:08,2026-04-28T06:49:08,1
304704,67257,146,MN,1975,041,,Той,full,,,mongol-shuudan-via-bekkaze,,2026-04-28T06:49:08,2026-04-28T06:49:08,1
304705,67259,146,MN,1975,041,,Цэцүүх,full,,,mongol-shuudan-via-bekkaze,,2026-04-28T06:49:08,2026-04-28T06:49:08,1
304706,67260,146,MN,1975,041,,Цагааннуур,full,,,mongol-shuudan-via-bekkaze,,2026-04-28T06:49:08,2026-04-28T06:49:08,1
304707,67261,146,MN,1975,041,,Төв,full,,,mongol-shuudan-via-bekkaze,,2026-04-28T06:49:08,2026-04-28T06:49:08,1
304708,67263,146,MN,1975,041,,Зүүн тайга,full,,,mongol-shuudan-via-bekkaze,,2026-04-28T06:49:08,2026-04-28T06:49:08,1
304709,67270,146,MN,1975,041,,Улаан-Уул,full,,,mongol-shuudan-via-bekkaze,,2026-04-28T06:49:08,2026-04-28T06:49:08,1
304710,67271,146,MN,1975,041,,Шивлэг,full,,,mongol-shuudan-via-bekkaze,,2026-04-28T06:49:08,2026-04-28T06:49:08,1
304711,67273,146,MN,1975,041,,Тоом,full,,,mongol-shuudan-via-bekkaze,,2026-04-28T06:49:08,2026-04-28T06:49:08,1
304712,67275,146,MN,1975,041,,Төгөл,full,,,mongol-shuudan-via-bekkaze,,2026-04-28T06:49:08,2026-04-28T06:49:08,1
304713,67277,146,MN,1975,041,,Соёо,full,,,mongol-shuudan-via-bekkaze,,2026-04-28T06:49:08,2026-04-28T06:49:08,1
304714,67279,146,MN,1975,041,,Мунгараг,full,,,mongol-shuudan-via-bekkaze,,2026-04-28T06:49:08,2026-04-28T06:49:08,1
304715,67290,146,MN,1975,041,,Баянзүрх,full,,,mongol-shuudan-via-bekkaze,,2026-04-28T06:49:08,2026-04-28T06:49:08,1
304716,67291,146,MN,1975,041,,Тоом,full,,,mongol-shuudan-via-bekkaze,,2026-04-28T06:49:08,2026-04-28T06:49:08,1
304717,67293,146,MN,1975,041,,Эмт,full,,,mongol-shuudan-via-bekkaze,,2026-04-28T06:49:08,2026-04-28T06:49:08,1
304718,67295,146,MN,1975,041,,Бэлтэс,full,,,mongol-shuudan-via-bekkaze,,2026-04-28T06:49:08,2026-04-28T06:49:08,1
304719,67297,146,MN,1975,041,,Хайс,full,,,mongol-shuudan-via-bekkaze,,2026-04-28T06:49:08,2026-04-28T06:49:08,1
304720,67299,146,MN,1975,041,,Агар,full,,,mongol-shuudan-via-bekkaze,,2026-04-28T06:49:08,2026-04-28T06:49:08,1
304721,67300,146,MN,1975,041,,Цагаан-Уул,full,,,mongol-shuudan-via-bekkaze,,2026-04-28T06:49:08,2026-04-28T06:49:08,1
304722,67301,146,MN,1975,041,,Жаргалант,full,,,mongol-shuudan-via-bekkaze,,2026-04-28T06:49:08,2026-04-28T06:49:08,1
304723,67303,146,MN,1975,041,,Тосон баг,full,,,mongol-shuudan-via-bekkaze,,2026-04-28T06:49:08,2026-04-28T06:49:08,1
304724,67305,146,MN,1975,041,,Өвгөд,full,,,mongol-shuudan-via-bekkaze,,2026-04-28T06:49:08,2026-04-28T06:49:08,1
304725,67307,146,MN,1975,041,,Шарга,full,,,mongol-shuudan-via-bekkaze,,2026-04-28T06:49:08,2026-04-28T06:49:08,1
304726,67309,146,MN,1975,041,,Хужирт,full,,,mongol-shuudan-via-bekkaze,,2026-04-28T06:49:08,2026-04-28T06:49:08,1
304727,67311,146,MN,1975,041,,Агар,full,,,mongol-shuudan-via-bekkaze,,2026-04-28T06:49:08,2026-04-28T06:49:08,1
304728,67320,146,MN,1975,041,,Цэцэрлэг,full,,,mongol-shuudan-via-bekkaze,,2026-04-28T06:49:08,2026-04-28T06:49:08,1
304729,67321,146,MN,1975,041,,Жаргалант,full,,,mongol-shuudan-via-bekkaze,,2026-04-28T06:49:08,2026-04-28T06:49:08,1
304730,67322,146,MN,1975,041,,Бүрхээр,full,,,mongol-shuudan-via-bekkaze,,2026-04-28T06:49:08,2026-04-28T06:49:08,1
304731,67323,146,MN,1975,041,,Согоот,full,,,mongol-shuudan-via-bekkaze,,2026-04-28T06:49:08,2026-04-28T06:49:08,1
304732,67325,146,MN,1975,041,,Уранхайрхан буюу Ренчинжугнай,full,,,mongol-shuudan-via-bekkaze,,2026-04-28T06:49:08,2026-04-28T06:49:08,1
304733,67327,146,MN,1975,041,,Халбан,full,,,mongol-shuudan-via-bekkaze,,2026-04-28T06:49:08,2026-04-28T06:49:08,1
304734,67329,146,MN,1975,041,,Зуун мод,full,,,mongol-shuudan-via-bekkaze,,2026-04-28T06:49:08,2026-04-28T06:49:08,1
304735,67331,146,MN,1975,041,,Дэлгэрхаан,full,,,mongol-shuudan-via-bekkaze,,2026-04-28T06:49:08,2026-04-28T06:49:08,1
304736,67340,146,MN,1975,041,,Хатгал сум,full,,,mongol-shuudan-via-bekkaze,,2026-04-28T06:49:08,2026-04-28T06:49:08,1
304737,67341,146,MN,1975,041,,Алагцар,full,,,mongol-shuudan-via-bekkaze,,2026-04-28T06:49:08,2026-04-28T06:49:08,1
304738,68271,146,MN,1975,041,,Цахир,full,,,mongol-shuudan-via-bekkaze,,2026-04-28T06:49:08,2026-04-28T06:49:08,1
304739,68291,146,MN,1975,041,,Цахир,full,,,mongol-shuudan-via-bekkaze,,2026-04-28T06:49:08,2026-04-28T06:49:08,1
304740,74071,146,MN,1975,041,,Улаан толгой,full,,,mongol-shuudan-via-bekkaze,,2026-04-28T06:49:08,2026-04-28T06:49:08,1
304741,74073,146,MN,1975,041,,Цэцэг гол,full,,,mongol-shuudan-via-bekkaze,,2026-04-28T06:49:08,2026-04-28T06:49:08,1
304742,74077,146,MN,1975,041,,Давст,full,,,mongol-shuudan-via-bekkaze,,2026-04-28T06:49:08,2026-04-28T06:49:08,1
304743,81000,146,MN,1979,057,,Zavkhan,full,,,mongol-shuudan-via-bekkaze,,2026-04-28T06:49:08,2026-04-28T06:49:08,1
304744,81010,146,MN,1979,057,,Их-Уул,full,,,mongol-shuudan-via-bekkaze,,2026-04-28T06:49:08,2026-04-28T06:49:08,1
304745,81011,146,MN,1979,057,,Хуягт,full,,,mongol-shuudan-via-bekkaze,,2026-04-28T06:49:08,2026-04-28T06:49:08,1
304746,81013,146,MN,1979,057,,Хонгор,full,,,mongol-shuudan-via-bekkaze,,2026-04-28T06:49:08,2026-04-28T06:49:08,1
304747,81015,146,MN,1979,057,,Цэцүүх,full,,,mongol-shuudan-via-bekkaze,,2026-04-28T06:49:08,2026-04-28T06:49:08,1
304748,81017,146,MN,1979,057,,Баян-Ухаа,full,,,mongol-shuudan-via-bekkaze,,2026-04-28T06:49:08,2026-04-28T06:49:08,1
304749,81019,146,MN,1979,057,,Үржил,full,,,mongol-shuudan-via-bekkaze,,2026-04-28T06:49:08,2026-04-28T06:49:08,1
304750,81021,146,MN,1979,057,,Зарт,full,,,mongol-shuudan-via-bekkaze,,2026-04-28T06:49:08,2026-04-28T06:49:08,1
304751,81030,146,MN,1979,057,,Тосонцэнгэл,full,,,mongol-shuudan-via-bekkaze,,2026-04-28T06:49:08,2026-04-28T06:49:08,1
304752,81031,146,MN,1979,057,,Хайрхан,full,,,mongol-shuudan-via-bekkaze,,2026-04-28T06:49:08,2026-04-28T06:49:08,1
304753,81033,146,MN,1979,057,,Улаан толгой,full,,,mongol-shuudan-via-bekkaze,,2026-04-28T06:49:08,2026-04-28T06:49:08,1
304754,81035,146,MN,1979,057,,Рашаант,full,,,mongol-shuudan-via-bekkaze,,2026-04-28T06:49:08,2026-04-28T06:49:08,1
304755,81037,146,MN,1979,057,,Оргих,full,,,mongol-shuudan-via-bekkaze,,2026-04-28T06:49:08,2026-04-28T06:49:08,1
304756,81039,146,MN,1979,057,,Идэр,full,,,mongol-shuudan-via-bekkaze,,2026-04-28T06:49:08,2026-04-28T06:49:08,1
304757,81041,146,MN,1979,057,,Дархан-Уул,full,,,mongol-shuudan-via-bekkaze,,2026-04-28T06:49:08,2026-04-28T06:49:08,1
304758,81043,146,MN,1979,057,,Баян-Улаан,full,,,mongol-shuudan-via-bekkaze,,2026-04-28T06:49:08,2026-04-28T06:49:08,1
304759,81050,146,MN,1979,057,,Тэлмэн,full,,,mongol-shuudan-via-bekkaze,,2026-04-28T06:49:08,2026-04-28T06:49:08,1
304760,81051,146,MN,1979,057,,Нуур,full,,,mongol-shuudan-via-bekkaze,,2026-04-28T06:49:08,2026-04-28T06:49:08,1
304761,81053,146,MN,1979,057,,Баянтэгш,full,,,mongol-shuudan-via-bekkaze,,2026-04-28T06:49:08,2026-04-28T06:49:08,1
304762,81055,146,MN,1979,057,,Баян Айраг,full,,,mongol-shuudan-via-bekkaze,,2026-04-28T06:49:08,2026-04-28T06:49:08,1
304763,81057,146,MN,1979,057,,Өгөөмөр,full,,,mongol-shuudan-via-bekkaze,,2026-04-28T06:49:08,2026-04-28T06:49:08,1
304764,81058,146,MN,1979,057,,Өвөгдий,full,,,mongol-shuudan-via-bekkaze,,2026-04-28T06:49:08,2026-04-28T06:49:08,1
304765,81059,146,MN,1979,057,,Шургах,full,,,mongol-shuudan-via-bekkaze,,2026-04-28T06:49:08,2026-04-28T06:49:08,1
304766,81060,146,MN,1979,057,,Идэр,full,,,mongol-shuudan-via-bekkaze,,2026-04-28T06:49:08,2026-04-28T06:49:08,1
304767,81061,146,MN,1979,057,,Мануустай,full,,,mongol-shuudan-via-bekkaze,,2026-04-28T06:49:08,2026-04-28T06:49:08,1
304768,81063,146,MN,1979,057,,Дархан-Уул,full,,,mongol-shuudan-via-bekkaze,,2026-04-28T06:49:08,2026-04-28T06:49:08,1
304769,81065,146,MN,1979,057,,Цэцэрлэг,full,,,mongol-shuudan-via-bekkaze,,2026-04-28T06:49:08,2026-04-28T06:49:08,1
304770,81067,146,MN,1979,057,,Загастай,full,,,mongol-shuudan-via-bekkaze,,2026-04-28T06:49:08,2026-04-28T06:49:08,1
304771,81070,146,MN,1979,057,,Отгон,full,,,mongol-shuudan-via-bekkaze,,2026-04-28T06:49:08,2026-04-28T06:49:08,1
304772,81071,146,MN,1979,057,,Баянбулаг,full,,,mongol-shuudan-via-bekkaze,,2026-04-28T06:49:08,2026-04-28T06:49:08,1
304773,81073,146,MN,1979,057,,Буянт,full,,,mongol-shuudan-via-bekkaze,,2026-04-28T06:49:08,2026-04-28T06:49:08,1
304774,81075,146,MN,1979,057,,Хужирт,full,,,mongol-shuudan-via-bekkaze,,2026-04-28T06:49:08,2026-04-28T06:49:08,1
304775,81077,146,MN,1979,057,,Соёл,full,,,mongol-shuudan-via-bekkaze,,2026-04-28T06:49:08,2026-04-28T06:49:08,1
304776,81079,146,MN,1979,057,,Онц,full,,,mongol-shuudan-via-bekkaze,,2026-04-28T06:49:08,2026-04-28T06:49:08,1
304777,81081,146,MN,1979,057,,Бадрал,full,,,mongol-shuudan-via-bekkaze,,2026-04-28T06:49:08,2026-04-28T06:49:08,1
304778,81090,146,MN,1979,057,,Улиастай сум,full,,,mongol-shuudan-via-bekkaze,,2026-04-28T06:49:08,2026-04-28T06:49:08,1
304779,81091,146,MN,1979,057,,Богдын гол,full,,,mongol-shuudan-via-bekkaze,,2026-04-28T06:49:08,2026-04-28T06:49:08,1
304780,81093,146,MN,1979,057,,Жаргалант,full,,,mongol-shuudan-via-bekkaze,,2026-04-28T06:49:08,2026-04-28T06:49:08,1
304781,81095,146,MN,1979,057,,Жинст,full,,,mongol-shuudan-via-bekkaze,,2026-04-28T06:49:08,2026-04-28T06:49:08,1
304782,81097,146,MN,1979,057,,Өлзийт,full,,,mongol-shuudan-via-bekkaze,,2026-04-28T06:49:08,2026-04-28T06:49:08,1
304783,81099,146,MN,1979,057,,Товцог,full,,,mongol-shuudan-via-bekkaze,,2026-04-28T06:49:08,2026-04-28T06:49:08,1
304784,81101,146,MN,1979,057,,Чигэстэй,full,,,mongol-shuudan-via-bekkaze,,2026-04-28T06:49:08,2026-04-28T06:49:08,1
304785,81110,146,MN,1979,057,,Нөмрөг,full,,,mongol-shuudan-via-bekkaze,,2026-04-28T06:49:08,2026-04-28T06:49:08,1
304786,81111,146,MN,1979,057,,Нуур,full,,,mongol-shuudan-via-bekkaze,,2026-04-28T06:49:08,2026-04-28T06:49:08,1
304787,81113,146,MN,1979,057,,Дархан Уул,full,,,mongol-shuudan-via-bekkaze,,2026-04-28T06:49:08,2026-04-28T06:49:08,1
304788,81115,146,MN,1979,057,,Хөдрөг,full,,,mongol-shuudan-via-bekkaze,,2026-04-28T06:49:08,2026-04-28T06:49:08,1
304789,81117,146,MN,1979,057,,Хайрхан,full,,,mongol-shuudan-via-bekkaze,,2026-04-28T06:49:08,2026-04-28T06:49:08,1
304790,81119,146,MN,1979,057,,Баянзүрх,full,,,mongol-shuudan-via-bekkaze,,2026-04-28T06:49:08,2026-04-28T06:49:08,1
304791,81120,146,MN,1979,057,,Цагаанхайрхан,full,,,mongol-shuudan-via-bekkaze,,2026-04-28T06:49:08,2026-04-28T06:49:08,1
304792,81121,146,MN,1979,057,,Цэцэрлэг,full,,,mongol-shuudan-via-bekkaze,,2026-04-28T06:49:08,2026-04-28T06:49:08,1
304793,81123,146,MN,1979,057,,Онц,full,,,mongol-shuudan-via-bekkaze,,2026-04-28T06:49:08,2026-04-28T06:49:08,1
304794,81125,146,MN,1979,057,,Баянбулаг,full,,,mongol-shuudan-via-bekkaze,,2026-04-28T06:49:08,2026-04-28T06:49:08,1
304795,81127,146,MN,1979,057,,Агьт,full,,,mongol-shuudan-via-bekkaze,,2026-04-28T06:49:08,2026-04-28T06:49:08,1
304796,81130,146,MN,1979,057,,Яруу,full,,,mongol-shuudan-via-bekkaze,,2026-04-28T06:49:08,2026-04-28T06:49:08,1
304797,81131,146,MN,1979,057,,Жаргалант,full,,,mongol-shuudan-via-bekkaze,,2026-04-28T06:49:08,2026-04-28T06:49:08,1
304798,81133,146,MN,1979,057,,Өргөн,full,,,mongol-shuudan-via-bekkaze,,2026-04-28T06:49:08,2026-04-28T06:49:08,1
304799,81135,146,MN,1979,057,,Чандмань,full,,,mongol-shuudan-via-bekkaze,,2026-04-28T06:49:08,2026-04-28T06:49:08,1
304800,81137,146,MN,1979,057,,Хэц-улаан,full,,,mongol-shuudan-via-bekkaze,,2026-04-28T06:49:08,2026-04-28T06:49:08,1
304801,81139,146,MN,1979,057,,Зүйл,full,,,mongol-shuudan-via-bekkaze,,2026-04-28T06:49:08,2026-04-28T06:49:08,1
304802,81140,146,MN,1979,057,,Шилүүстэй,full,,,mongol-shuudan-via-bekkaze,,2026-04-28T06:49:08,2026-04-28T06:49:08,1
304803,81141,146,MN,1979,057,,Сайхан,full,,,mongol-shuudan-via-bekkaze,,2026-04-28T06:49:08,2026-04-28T06:49:08,1
304804,81143,146,MN,1979,057,,Чандмань,full,,,mongol-shuudan-via-bekkaze,,2026-04-28T06:49:08,2026-04-28T06:49:08,1
304805,81145,146,MN,1979,057,,Баян-Улаан,full,,,mongol-shuudan-via-bekkaze,,2026-04-28T06:49:08,2026-04-28T06:49:08,1
304806,81147,146,MN,1979,057,,Хөгжил,full,,,mongol-shuudan-via-bekkaze,,2026-04-28T06:49:08,2026-04-28T06:49:08,1
304807,81150,146,MN,1979,057,,Цагаанчулуут,full,,,mongol-shuudan-via-bekkaze,,2026-04-28T06:49:08,2026-04-28T06:49:08,1
304808,81151,146,MN,1979,057,,Арц,full,,,mongol-shuudan-via-bekkaze,,2026-04-28T06:49:08,2026-04-28T06:49:08,1
304809,81153,146,MN,1979,057,,Дэлгэр,full,,,mongol-shuudan-via-bekkaze,,2026-04-28T06:49:08,2026-04-28T06:49:08,1
304810,81155,146,MN,1979,057,,Баянхайрхан,full,,,mongol-shuudan-via-bekkaze,,2026-04-28T06:49:08,2026-04-28T06:49:08,1
304811,81157,146,MN,1979,057,,Жавцаг,full,,,mongol-shuudan-via-bekkaze,,2026-04-28T06:49:08,2026-04-28T06:49:08,1
304812,81160,146,MN,1979,057,,Баянтэс,full,,,mongol-shuudan-via-bekkaze,,2026-04-28T06:49:08,2026-04-28T06:49:08,1
304813,81161,146,MN,1979,057,,Зайгал,full,,,mongol-shuudan-via-bekkaze,,2026-04-28T06:49:08,2026-04-28T06:49:08,1
304814,81163,146,MN,1979,057,,Хачиг,full,,,mongol-shuudan-via-bekkaze,,2026-04-28T06:49:08,2026-04-28T06:49:08,1
304815,81165,146,MN,1979,057,,Жавхлан,full,,,mongol-shuudan-via-bekkaze,,2026-04-28T06:49:08,2026-04-28T06:49:08,1
304816,81167,146,MN,1979,057,,Бужир,full,,,mongol-shuudan-via-bekkaze,,2026-04-28T06:49:08,2026-04-28T06:49:08,1
304817,81170,146,MN,1979,057,,Асгат сум,full,,,mongol-shuudan-via-bekkaze,,2026-04-28T06:49:08,2026-04-28T06:49:08,1
304818,81171,146,MN,1979,057,,Аргалант,full,,,mongol-shuudan-via-bekkaze,,2026-04-28T06:49:08,2026-04-28T06:49:08,1
304819,81173,146,MN,1979,057,,Суварга,full,,,mongol-shuudan-via-bekkaze,,2026-04-28T06:49:08,2026-04-28T06:49:08,1
304820,81175,146,MN,1979,057,,Хайрхан,full,,,mongol-shuudan-via-bekkaze,,2026-04-28T06:49:08,2026-04-28T06:49:08,1
304821,81180,146,MN,1979,057,,Баянхайрхан,full,,,mongol-shuudan-via-bekkaze,,2026-04-28T06:49:08,2026-04-28T06:49:08,1
304822,81181,146,MN,1979,057,,Асгат,full,,,mongol-shuudan-via-bekkaze,,2026-04-28T06:49:08,2026-04-28T06:49:08,1
304823,81183,146,MN,1979,057,,наран,full,,,mongol-shuudan-via-bekkaze,,2026-04-28T06:49:08,2026-04-28T06:49:08,1
304824,81185,146,MN,1979,057,,Төөнт,full,,,mongol-shuudan-via-bekkaze,,2026-04-28T06:49:08,2026-04-28T06:49:08,1
304825,81187,146,MN,1979,057,,Минж,full,,,mongol-shuudan-via-bekkaze,,2026-04-28T06:49:08,2026-04-28T06:49:08,1
304826,81190,146,MN,1979,057,,Алдархаан,full,,,mongol-shuudan-via-bekkaze,,2026-04-28T06:49:08,2026-04-28T06:49:08,1
304827,81191,146,MN,1979,057,,Богдын гол,full,,,mongol-shuudan-via-bekkaze,,2026-04-28T06:49:08,2026-04-28T06:49:08,1
304828,81193,146,MN,1979,057,,Чигэстэй,full,,,mongol-shuudan-via-bekkaze,,2026-04-28T06:49:08,2026-04-28T06:49:08,1
304829,81195,146,MN,1979,057,,Алдар,full,,,mongol-shuudan-via-bekkaze,,2026-04-28T06:49:08,2026-04-28T06:49:08,1
304830,81197,146,MN,1979,057,,Өгөөмөр,full,,,mongol-shuudan-via-bekkaze,,2026-04-28T06:49:08,2026-04-28T06:49:08,1
304831,81199,146,MN,1979,057,,Аргалант,full,,,mongol-shuudan-via-bekkaze,,2026-04-28T06:49:08,2026-04-28T06:49:08,1
304832,81201,146,MN,1979,057,,Мандаат,full,,,mongol-shuudan-via-bekkaze,,2026-04-28T06:49:08,2026-04-28T06:49:08,1
304833,81210,146,MN,1979,057,,Түдэвтэй,full,,,mongol-shuudan-via-bekkaze,,2026-04-28T06:49:08,2026-04-28T06:49:08,1
304834,81211,146,MN,1979,057,,Ойгон,full,,,mongol-shuudan-via-bekkaze,,2026-04-28T06:49:08,2026-04-28T06:49:08,1
304835,81213,146,MN,1979,057,,Аргалант,full,,,mongol-shuudan-via-bekkaze,,2026-04-28T06:49:08,2026-04-28T06:49:08,1
304836,81215,146,MN,1979,057,,Цорго,full,,,mongol-shuudan-via-bekkaze,,2026-04-28T06:49:08,2026-04-28T06:49:08,1
304837,81217,146,MN,1979,057,,Баянцагаан,full,,,mongol-shuudan-via-bekkaze,,2026-04-28T06:49:08,2026-04-28T06:49:08,1
304838,81219,146,MN,1979,057,,Шар нуруу,full,,,mongol-shuudan-via-bekkaze,,2026-04-28T06:49:08,2026-04-28T06:49:08,1
304839,81220,146,MN,1979,057,,Цэцэн-Уул,full,,,mongol-shuudan-via-bekkaze,,2026-04-28T06:49:08,2026-04-28T06:49:08,1
304840,81221,146,MN,1979,057,,Шотой,full,,,mongol-shuudan-via-bekkaze,,2026-04-28T06:49:08,2026-04-28T06:49:08,1
304841,81223,146,MN,1979,057,,Оройн товгор,full,,,mongol-shuudan-via-bekkaze,,2026-04-28T06:49:08,2026-04-28T06:49:08,1
304842,81225,146,MN,1979,057,,Сангийн далай,full,,,mongol-shuudan-via-bekkaze,,2026-04-28T06:49:08,2026-04-28T06:49:08,1
304843,81227,146,MN,1979,057,,Жаргалант,full,,,mongol-shuudan-via-bekkaze,,2026-04-28T06:49:08,2026-04-28T06:49:08,1
304844,81229,146,MN,1979,057,,Батсуурь,full,,,mongol-shuudan-via-bekkaze,,2026-04-28T06:49:08,2026-04-28T06:49:08,1
304845,81230,146,MN,1979,057,,Сонгино,full,,,mongol-shuudan-via-bekkaze,,2026-04-28T06:49:08,2026-04-28T06:49:08,1
304846,81231,146,MN,1979,057,,Шар нуруу,full,,,mongol-shuudan-via-bekkaze,,2026-04-28T06:49:08,2026-04-28T06:49:08,1
304847,81233,146,MN,1979,057,,Бор Өндөр,full,,,mongol-shuudan-via-bekkaze,,2026-04-28T06:49:08,2026-04-28T06:49:08,1
304848,81235,146,MN,1979,057,,Айраг,full,,,mongol-shuudan-via-bekkaze,,2026-04-28T06:49:08,2026-04-28T06:49:08,1
304849,81237,146,MN,1979,057,,Баян Айраг,full,,,mongol-shuudan-via-bekkaze,,2026-04-28T06:49:08,2026-04-28T06:49:08,1
304850,81239,146,MN,1979,057,,Тариат,full,,,mongol-shuudan-via-bekkaze,,2026-04-28T06:49:08,2026-04-28T06:49:08,1
304851,81240,146,MN,1979,057,,Эрдэнэхайрхан,full,,,mongol-shuudan-via-bekkaze,,2026-04-28T06:49:08,2026-04-28T06:49:08,1
304852,81241,146,MN,1979,057,,Мөсөн,full,,,mongol-shuudan-via-bekkaze,,2026-04-28T06:49:08,2026-04-28T06:49:08,1
304853,81243,146,MN,1979,057,,Багануур,full,,,mongol-shuudan-via-bekkaze,,2026-04-28T06:49:08,2026-04-28T06:49:08,1
304854,81245,146,MN,1979,057,,Алтан,full,,,mongol-shuudan-via-bekkaze,,2026-04-28T06:49:08,2026-04-28T06:49:08,1
304855,81247,146,MN,1979,057,,Баянзүрх,full,,,mongol-shuudan-via-bekkaze,,2026-04-28T06:49:08,2026-04-28T06:49:08,1
304856,81249,146,MN,1979,057,,Хайрхан,full,,,mongol-shuudan-via-bekkaze,,2026-04-28T06:49:08,2026-04-28T06:49:08,1
304857,81250,146,MN,1979,057,,Тэс,full,,,mongol-shuudan-via-bekkaze,,2026-04-28T06:49:08,2026-04-28T06:49:08,1
304858,81251,146,MN,1979,057,,Зүр,full,,,mongol-shuudan-via-bekkaze,,2026-04-28T06:49:08,2026-04-28T06:49:08,1
304859,81253,146,MN,1979,057,,Баян-Уул,full,,,mongol-shuudan-via-bekkaze,,2026-04-28T06:49:08,2026-04-28T06:49:08,1
304860,81255,146,MN,1979,057,,Нисэг,full,,,mongol-shuudan-via-bekkaze,,2026-04-28T06:49:08,2026-04-28T06:49:08,1
304861,81257,146,MN,1979,057,,Дооно,full,,,mongol-shuudan-via-bekkaze,,2026-04-28T06:49:08,2026-04-28T06:49:08,1
304862,81260,146,MN,1979,057,,Сантмаргац,full,,,mongol-shuudan-via-bekkaze,,2026-04-28T06:49:08,2026-04-28T06:49:08,1
304863,81261,146,MN,1979,057,,Баян-Улаан,full,,,mongol-shuudan-via-bekkaze,,2026-04-28T06:49:08,2026-04-28T06:49:08,1
304864,81263,146,MN,1979,057,,Холбоо,full,,,mongol-shuudan-via-bekkaze,,2026-04-28T06:49:08,2026-04-28T06:49:08,1
304865,81265,146,MN,1979,057,,Баяннуур,full,,,mongol-shuudan-via-bekkaze,,2026-04-28T06:49:08,2026-04-28T06:49:08,1
304866,81267,146,MN,1979,057,,Баяндавс,full,,,mongol-shuudan-via-bekkaze,,2026-04-28T06:49:08,2026-04-28T06:49:08,1
304867,81270,146,MN,1979,057,,Завханмандал,full,,,mongol-shuudan-via-bekkaze,,2026-04-28T06:49:08,2026-04-28T06:49:08,1
304868,81271,146,MN,1979,057,,Нуга,full,,,mongol-shuudan-via-bekkaze,,2026-04-28T06:49:08,2026-04-28T06:49:08,1
304869,81273,146,MN,1979,057,,Олонтүрүү,full,,,mongol-shuudan-via-bekkaze,,2026-04-28T06:49:08,2026-04-28T06:49:08,1
304870,81275,146,MN,1979,057,,Мандал,full,,,mongol-shuudan-via-bekkaze,,2026-04-28T06:49:08,2026-04-28T06:49:08,1
304871,81277,146,MN,1979,057,,Олонбулаг,full,,,mongol-shuudan-via-bekkaze,,2026-04-28T06:49:08,2026-04-28T06:49:08,1
304872,81280,146,MN,1979,057,,Дөрвөлжин,full,,,mongol-shuudan-via-bekkaze,,2026-04-28T06:49:08,2026-04-28T06:49:08,1
304873,81281,146,MN,1979,057,,Цогт,full,,,mongol-shuudan-via-bekkaze,,2026-04-28T06:49:08,2026-04-28T06:49:08,1
304874,81283,146,MN,1979,057,,Буга,full,,,mongol-shuudan-via-bekkaze,,2026-04-28T06:49:08,2026-04-28T06:49:08,1
304875,81285,146,MN,1979,057,,Буурал,full,,,mongol-shuudan-via-bekkaze,,2026-04-28T06:49:08,2026-04-28T06:49:08,1
304876,81287,146,MN,1979,057,,Таван толгой,full,,,mongol-shuudan-via-bekkaze,,2026-04-28T06:49:08,2026-04-28T06:49:08,1
304877,81289,146,MN,1979,057,,Онц,full,,,mongol-shuudan-via-bekkaze,,2026-04-28T06:49:08,2026-04-28T06:49:08,1
304878,81290,146,MN,1979,057,,Ургамал,full,,,mongol-shuudan-via-bekkaze,,2026-04-28T06:49:08,2026-04-28T06:49:08,1
304879,81291,146,MN,1979,057,,Нуур зөөхий,full,,,mongol-shuudan-via-bekkaze,,2026-04-28T06:49:08,2026-04-28T06:49:08,1
304880,81293,146,MN,1979,057,,Хульж,full,,,mongol-shuudan-via-bekkaze,,2026-04-28T06:49:08,2026-04-28T06:49:08,1
304881,81295,146,MN,1979,057,,Баян-Улаан,full,,,mongol-shuudan-via-bekkaze,,2026-04-28T06:49:08,2026-04-28T06:49:08,1
304882,81297,146,MN,1979,057,,Төв,full,,,mongol-shuudan-via-bekkaze,,2026-04-28T06:49:08,2026-04-28T06:49:08,1
304883,81299,146,MN,1979,057,,Тосгуур,full,,,mongol-shuudan-via-bekkaze,,2026-04-28T06:49:08,2026-04-28T06:49:08,1
304884,82000,146,MN,1972,065,,Govi-Altai,full,,,mongol-shuudan-via-bekkaze,,2026-04-28T06:49:08,2026-04-28T06:49:08,1
304885,82010,146,MN,1972,065,,Дэлгэр,full,,,mongol-shuudan-via-bekkaze,,2026-04-28T06:49:08,2026-04-28T06:49:08,1
304886,82011,146,MN,1972,065,,Баян-Өндөр,full,,,mongol-shuudan-via-bekkaze,,2026-04-28T06:49:08,2026-04-28T06:49:08,1
304887,82013,146,MN,1972,065,,Баянхонгор,full,,,mongol-shuudan-via-bekkaze,,2026-04-28T06:49:08,2026-04-28T06:49:08,1
304888,82015,146,MN,1972,065,,Гуулин,full,,,mongol-shuudan-via-bekkaze,,2026-04-28T06:49:08,2026-04-28T06:49:08,1
304889,82017,146,MN,1972,065,,Баянсан,full,,,mongol-shuudan-via-bekkaze,,2026-04-28T06:49:08,2026-04-28T06:49:08,1
304890,82019,146,MN,1972,065,,Баянбуурал,full,,,mongol-shuudan-via-bekkaze,,2026-04-28T06:49:08,2026-04-28T06:49:08,1
304891,82020,146,MN,1972,065,,Чандмань,full,,,mongol-shuudan-via-bekkaze,,2026-04-28T06:49:08,2026-04-28T06:49:08,1
304892,82021,146,MN,1972,065,,Чандмань-Уул,full,,,mongol-shuudan-via-bekkaze,,2026-04-28T06:49:08,2026-04-28T06:49:08,1
304893,82023,146,MN,1972,065,,Эрдэнэ-Уул,full,,,mongol-shuudan-via-bekkaze,,2026-04-28T06:49:08,2026-04-28T06:49:08,1
304894,82025,146,MN,1972,065,,Өлзийбулаг,full,,,mongol-shuudan-via-bekkaze,,2026-04-28T06:49:08,2026-04-28T06:49:08,1
304895,82027,146,MN,1972,065,,Сэрх-Уул,full,,,mongol-shuudan-via-bekkaze,,2026-04-28T06:49:08,2026-04-28T06:49:08,1
304896,82030,146,MN,1972,065,,Эрдэнэ,full,,,mongol-shuudan-via-bekkaze,,2026-04-28T06:49:08,2026-04-28T06:49:08,1
304897,82031,146,MN,1972,065,,Цагаан-Уул,full,,,mongol-shuudan-via-bekkaze,,2026-04-28T06:49:08,2026-04-28T06:49:08,1
304898,82033,146,MN,1972,065,,Өлзийт,full,,,mongol-shuudan-via-bekkaze,,2026-04-28T06:49:08,2026-04-28T06:49:08,1
304899,82035,146,MN,1972,065,,Цэцэг нуур,full,,,mongol-shuudan-via-bekkaze,,2026-04-28T06:49:08,2026-04-28T06:49:08,1
304900,82037,146,MN,1972,065,,Сангийн далай,full,,,mongol-shuudan-via-bekkaze,,2026-04-28T06:49:08,2026-04-28T06:49:08,1
304901,82040,146,MN,1972,065,,Бигэр,full,,,mongol-shuudan-via-bekkaze,,2026-04-28T06:49:08,2026-04-28T06:49:08,1
304902,82041,146,MN,1972,065,,Хүрэнт,full,,,mongol-shuudan-via-bekkaze,,2026-04-28T06:49:08,2026-04-28T06:49:08,1
304903,82043,146,MN,1972,065,,Мянгай,full,,,mongol-shuudan-via-bekkaze,,2026-04-28T06:49:08,2026-04-28T06:49:08,1
304904,82045,146,MN,1972,065,,Уртын гол,full,,,mongol-shuudan-via-bekkaze,,2026-04-28T06:49:08,2026-04-28T06:49:08,1
304905,82047,146,MN,1972,065,,Олон булаг,full,,,mongol-shuudan-via-bekkaze,,2026-04-28T06:49:08,2026-04-28T06:49:08,1
304906,82049,146,MN,1972,065,,Буудай,full,,,mongol-shuudan-via-bekkaze,,2026-04-28T06:49:08,2026-04-28T06:49:08,1
304907,82050,146,MN,1972,065,,Цогт,full,,,mongol-shuudan-via-bekkaze,,2026-04-28T06:49:08,2026-04-28T06:49:08,1
304908,82051,146,MN,1972,065,,Гэгээт,full,,,mongol-shuudan-via-bekkaze,,2026-04-28T06:49:08,2026-04-28T06:49:08,1
304909,82053,146,MN,1972,065,,Далан,full,,,mongol-shuudan-via-bekkaze,,2026-04-28T06:49:08,2026-04-28T06:49:08,1
304910,82055,146,MN,1972,065,,Баянтоорой,full,,,mongol-shuudan-via-bekkaze,,2026-04-28T06:49:08,2026-04-28T06:49:08,1
304911,82057,146,MN,1972,065,,Баян-Өндөр,full,,,mongol-shuudan-via-bekkaze,,2026-04-28T06:49:08,2026-04-28T06:49:08,1
304912,82059,146,MN,1972,065,,Рашаант,full,,,mongol-shuudan-via-bekkaze,,2026-04-28T06:49:08,2026-04-28T06:49:08,1
304913,82061,146,MN,1972,065,,Төгрөг,full,,,mongol-shuudan-via-bekkaze,,2026-04-28T06:49:08,2026-04-28T06:49:08,1
304914,82063,146,MN,1972,065,,Баян-Улаан,full,,,mongol-shuudan-via-bekkaze,,2026-04-28T06:49:08,2026-04-28T06:49:08,1
304915,82070,146,MN,1972,065,,Тайшир,full,,,mongol-shuudan-via-bekkaze,,2026-04-28T06:49:08,2026-04-28T06:49:08,1
304916,82071,146,MN,1972,065,,Хуримт,full,,,mongol-shuudan-via-bekkaze,,2026-04-28T06:49:08,2026-04-28T06:49:08,1
304917,82073,146,MN,1972,065,,Галуут,full,,,mongol-shuudan-via-bekkaze,,2026-04-28T06:49:08,2026-04-28T06:49:08,1
304918,82075,146,MN,1972,065,,Далан,full,,,mongol-shuudan-via-bekkaze,,2026-04-28T06:49:08,2026-04-28T06:49:08,1
304919,82080,146,MN,1972,065,,Есөнбулаг,full,,,mongol-shuudan-via-bekkaze,,2026-04-28T06:49:08,2026-04-28T06:49:08,1
304920,82081,146,MN,1972,065,,Баянхайрхан,full,,,mongol-shuudan-via-bekkaze,,2026-04-28T06:49:08,2026-04-28T06:49:08,1
304921,82083,146,MN,1972,065,,Жаргалант,full,,,mongol-shuudan-via-bekkaze,,2026-04-28T06:49:08,2026-04-28T06:49:08,1
304922,82085,146,MN,1972,065,,Наран,full,,,mongol-shuudan-via-bekkaze,,2026-04-28T06:49:08,2026-04-28T06:49:08,1
304923,82087,146,MN,1972,065,,Баяншанд,full,,,mongol-shuudan-via-bekkaze,,2026-04-28T06:49:08,2026-04-28T06:49:08,1
304924,82089,146,MN,1972,065,,Рашаант,full,,,mongol-shuudan-via-bekkaze,,2026-04-28T06:49:08,2026-04-28T06:49:08,1
304925,82091,146,MN,1972,065,,Харзат,full,,,mongol-shuudan-via-bekkaze,,2026-04-28T06:49:08,2026-04-28T06:49:08,1
304926,82093,146,MN,1972,065,,Галуут,full,,,mongol-shuudan-via-bekkaze,,2026-04-28T06:49:08,2026-04-28T06:49:08,1
304927,82095,146,MN,1972,065,,Далай,full,,,mongol-shuudan-via-bekkaze,,2026-04-28T06:49:08,2026-04-28T06:49:08,1
304928,82097,146,MN,1972,065,,Түмэн,full,,,mongol-shuudan-via-bekkaze,,2026-04-28T06:49:08,2026-04-28T06:49:08,1
304929,82099,146,MN,1972,065,,Оргил,full,,,mongol-shuudan-via-bekkaze,,2026-04-28T06:49:08,2026-04-28T06:49:08,1
304930,82100,146,MN,1972,065,,Халиун,full,,,mongol-shuudan-via-bekkaze,,2026-04-28T06:49:08,2026-04-28T06:49:08,1
304931,82101,146,MN,1972,065,,Чацран,full,,,mongol-shuudan-via-bekkaze,,2026-04-28T06:49:08,2026-04-28T06:49:08,1
304932,82103,146,MN,1972,065,,Гүүбариач,full,,,mongol-shuudan-via-bekkaze,,2026-04-28T06:49:08,2026-04-28T06:49:08,1
304933,82105,146,MN,1972,065,,Сүүж,full,,,mongol-shuudan-via-bekkaze,,2026-04-28T06:49:08,2026-04-28T06:49:08,1
304934,82107,146,MN,1972,065,,Олонбулаг,full,,,mongol-shuudan-via-bekkaze,,2026-04-28T06:49:08,2026-04-28T06:49:08,1
304935,82110,146,MN,1972,065,,Жаргалан,full,,,mongol-shuudan-via-bekkaze,,2026-04-28T06:49:08,2026-04-28T06:49:08,1
304936,82111,146,MN,1972,065,,Завхан гол,full,,,mongol-shuudan-via-bekkaze,,2026-04-28T06:49:08,2026-04-28T06:49:08,1
304937,82113,146,MN,1972,065,,Бүрэн,full,,,mongol-shuudan-via-bekkaze,,2026-04-28T06:49:08,2026-04-28T06:49:08,1
304938,82115,146,MN,1972,065,,Тээл,full,,,mongol-shuudan-via-bekkaze,,2026-04-28T06:49:08,2026-04-28T06:49:08,1
304939,82120,146,MN,1972,065,,Цээл,full,,,mongol-shuudan-via-bekkaze,,2026-04-28T06:49:08,2026-04-28T06:49:08,1
304940,82121,146,MN,1972,065,,Бүрэн,full,,,mongol-shuudan-via-bekkaze,,2026-04-28T06:49:08,2026-04-28T06:49:08,1
304941,82123,146,MN,1972,065,,Жаргалт,full,,,mongol-shuudan-via-bekkaze,,2026-04-28T06:49:08,2026-04-28T06:49:08,1
304942,82125,146,MN,1972,065,,Баянгол,full,,,mongol-shuudan-via-bekkaze,,2026-04-28T06:49:08,2026-04-28T06:49:08,1
304943,82127,146,MN,1972,065,,Дэрстэй,full,,,mongol-shuudan-via-bekkaze,,2026-04-28T06:49:08,2026-04-28T06:49:08,1
304944,82130,146,MN,1972,065,,Алтай,full,,,mongol-shuudan-via-bekkaze,,2026-04-28T06:49:08,2026-04-28T06:49:08,1
304945,82131,146,MN,1972,065,,Баянцагаан,full,,,mongol-shuudan-via-bekkaze,,2026-04-28T06:49:08,2026-04-28T06:49:08,1
304946,82133,146,MN,1972,065,,Урт,full,,,mongol-shuudan-via-bekkaze,,2026-04-28T06:49:08,2026-04-28T06:49:08,1
304947,82135,146,MN,1972,065,,Бадрал,full,,,mongol-shuudan-via-bekkaze,,2026-04-28T06:49:08,2026-04-28T06:49:08,1
304948,82137,146,MN,1972,065,,Баян-Овоо,full,,,mongol-shuudan-via-bekkaze,,2026-04-28T06:49:08,2026-04-28T06:49:08,1
304949,82140,146,MN,1972,065,,Шарга,full,,,mongol-shuudan-via-bekkaze,,2026-04-28T06:49:08,2026-04-28T06:49:08,1
304950,82141,146,MN,1972,065,,Улаан туг,full,,,mongol-shuudan-via-bekkaze,,2026-04-28T06:49:08,2026-04-28T06:49:08,1
304951,82143,146,MN,1972,065,,Сондуулт,full,,,mongol-shuudan-via-bekkaze,,2026-04-28T06:49:08,2026-04-28T06:49:08,1
304952,82145,146,MN,1972,065,,Баянгол,full,,,mongol-shuudan-via-bekkaze,,2026-04-28T06:49:08,2026-04-28T06:49:08,1
304953,82147,146,MN,1972,065,,Хамтын хүч,full,,,mongol-shuudan-via-bekkaze,,2026-04-28T06:49:08,2026-04-28T06:49:08,1
304954,82150,146,MN,1972,065,,Баян-Уул,full,,,mongol-shuudan-via-bekkaze,,2026-04-28T06:49:08,2026-04-28T06:49:08,1
304955,82151,146,MN,1972,065,,Чандманьхайрхан,full,,,mongol-shuudan-via-bekkaze,,2026-04-28T06:49:08,2026-04-28T06:49:08,1
304956,82153,146,MN,1972,065,,Баянбогд,full,,,mongol-shuudan-via-bekkaze,,2026-04-28T06:49:08,2026-04-28T06:49:08,1
304957,82155,146,MN,1972,065,,Алтангадас,full,,,mongol-shuudan-via-bekkaze,,2026-04-28T06:49:08,2026-04-28T06:49:08,1
304958,82157,146,MN,1972,065,,Баянхайрхан,full,,,mongol-shuudan-via-bekkaze,,2026-04-28T06:49:08,2026-04-28T06:49:08,1
304959,82159,146,MN,1972,065,,Хүйсийн-говь,full,,,mongol-shuudan-via-bekkaze,,2026-04-28T06:49:08,2026-04-28T06:49:08,1
304960,82161,146,MN,1972,065,,Баянговь,full,,,mongol-shuudan-via-bekkaze,,2026-04-28T06:49:08,2026-04-28T06:49:08,1
304961,82163,146,MN,1972,065,,Завхан-гол,full,,,mongol-shuudan-via-bekkaze,,2026-04-28T06:49:08,2026-04-28T06:49:08,1
304962,82165,146,MN,1972,065,,Сайн-уст,full,,,mongol-shuudan-via-bekkaze,,2026-04-28T06:49:08,2026-04-28T06:49:08,1
304963,82167,146,MN,1972,065,,Хүйсийн-говь,full,,,mongol-shuudan-via-bekkaze,,2026-04-28T06:49:08,2026-04-28T06:49:08,1
304964,82169,146,MN,1972,065,,Цоохор-нуур,full,,,mongol-shuudan-via-bekkaze,,2026-04-28T06:49:08,2026-04-28T06:49:08,1
304965,82170,146,MN,1972,065,,Төгрөг,full,,,mongol-shuudan-via-bekkaze,,2026-04-28T06:49:08,2026-04-28T06:49:08,1
304966,82171,146,MN,1972,065,,Хүрэнгол,full,,,mongol-shuudan-via-bekkaze,,2026-04-28T06:49:08,2026-04-28T06:49:08,1
304967,82173,146,MN,1972,065,,Тунгалаг,full,,,mongol-shuudan-via-bekkaze,,2026-04-28T06:49:08,2026-04-28T06:49:08,1
304968,82175,146,MN,1972,065,,Төгрөгийн эх,full,,,mongol-shuudan-via-bekkaze,,2026-04-28T06:49:08,2026-04-28T06:49:08,1
304969,82177,146,MN,1972,065,,Цагаанхайрхан,full,,,mongol-shuudan-via-bekkaze,,2026-04-28T06:49:08,2026-04-28T06:49:08,1
304970,82179,146,MN,1972,065,,Мааньт,full,,,mongol-shuudan-via-bekkaze,,2026-04-28T06:49:08,2026-04-28T06:49:08,1
304971,82180,146,MN,1972,065,,Хөхморьт,full,,,mongol-shuudan-via-bekkaze,,2026-04-28T06:49:08,2026-04-28T06:49:08,1
304972,82181,146,MN,1972,065,,Сангийн далай,full,,,mongol-shuudan-via-bekkaze,,2026-04-28T06:49:08,2026-04-28T06:49:08,1
304973,82183,146,MN,1972,065,,Завхан гол,full,,,mongol-shuudan-via-bekkaze,,2026-04-28T06:49:08,2026-04-28T06:49:08,1
304974,82185,146,MN,1972,065,,Сайн-Уст,full,,,mongol-shuudan-via-bekkaze,,2026-04-28T06:49:08,2026-04-28T06:49:08,1
304975,82187,146,MN,1972,065,,Хүйсийн говь,full,,,mongol-shuudan-via-bekkaze,,2026-04-28T06:49:08,2026-04-28T06:49:08,1
304976,82189,146,MN,1972,065,,Цоохор нуур,full,,,mongol-shuudan-via-bekkaze,,2026-04-28T06:49:08,2026-04-28T06:49:08,1
304977,82190,146,MN,1972,065,,Дарви,full,,,mongol-shuudan-via-bekkaze,,2026-04-28T06:49:08,2026-04-28T06:49:08,1
304978,82191,146,MN,1972,065,,Жавхлан,full,,,mongol-shuudan-via-bekkaze,,2026-04-28T06:49:08,2026-04-28T06:49:08,1
304979,82193,146,MN,1972,065,,Хужирт,full,,,mongol-shuudan-via-bekkaze,,2026-04-28T06:49:08,2026-04-28T06:49:08,1
304980,82195,146,MN,1972,065,,Үйлдвэр,full,,,mongol-shuudan-via-bekkaze,,2026-04-28T06:49:08,2026-04-28T06:49:08,1
304981,82197,146,MN,1972,065,,Ихэс нуур,full,,,mongol-shuudan-via-bekkaze,,2026-04-28T06:49:08,2026-04-28T06:49:08,1
304982,82200,146,MN,1972,065,,Бугат,full,,,mongol-shuudan-via-bekkaze,,2026-04-28T06:49:08,2026-04-28T06:49:08,1
304983,82201,146,MN,1972,065,,Гаханч,full,,,mongol-shuudan-via-bekkaze,,2026-04-28T06:49:08,2026-04-28T06:49:08,1
304984,82203,146,MN,1972,065,,Баянгол,full,,,mongol-shuudan-via-bekkaze,,2026-04-28T06:49:08,2026-04-28T06:49:08,1
304985,82205,146,MN,1972,065,,Сүж,full,,,mongol-shuudan-via-bekkaze,,2026-04-28T06:49:08,2026-04-28T06:49:08,1
304986,82207,146,MN,1972,065,,Биж,full,,,mongol-shuudan-via-bekkaze,,2026-04-28T06:49:08,2026-04-28T06:49:08,1
304987,82209,146,MN,1972,065,,Ферм,full,,,mongol-shuudan-via-bekkaze,,2026-04-28T06:49:08,2026-04-28T06:49:08,1
304988,82210,146,MN,1972,065,,Тонхил,full,,,mongol-shuudan-via-bekkaze,,2026-04-28T06:49:08,2026-04-28T06:49:08,1
304989,82211,146,MN,1972,065,,Бүс-Уул,full,,,mongol-shuudan-via-bekkaze,,2026-04-28T06:49:08,2026-04-28T06:49:08,1
304990,82213,146,MN,1972,065,,Тамч,full,,,mongol-shuudan-via-bekkaze,,2026-04-28T06:49:08,2026-04-28T06:49:08,1
304991,82215,146,MN,1972,065,,Алтайн-Оргил,full,,,mongol-shuudan-via-bekkaze,,2026-04-28T06:49:08,2026-04-28T06:49:08,1
304992,82217,146,MN,1972,065,,Зүйл,full,,,mongol-shuudan-via-bekkaze,,2026-04-28T06:49:08,2026-04-28T06:49:08,1
304993,82219,146,MN,1972,065,,Алтансоёмбо,full,,,mongol-shuudan-via-bekkaze,,2026-04-28T06:49:08,2026-04-28T06:49:08,1
304994,83000,146,MN,1969,071,,Bayan-Ölgii,full,,,mongol-shuudan-via-bekkaze,,2026-04-28T06:49:08,2026-04-28T06:49:08,1
304995,83010,146,MN,1969,071,,Булган,full,,,mongol-shuudan-via-bekkaze,,2026-04-28T06:49:08,2026-04-28T06:49:08,1
304996,83011,146,MN,1969,071,,Улаан хус,full,,,mongol-shuudan-via-bekkaze,,2026-04-28T06:49:08,2026-04-28T06:49:08,1
304997,83013,146,MN,1969,071,,Сөнхөл,full,,,mongol-shuudan-via-bekkaze,,2026-04-28T06:49:08,2026-04-28T06:49:08,1
304998,83015,146,MN,1969,071,,Булган,full,,,mongol-shuudan-via-bekkaze,,2026-04-28T06:49:08,2026-04-28T06:49:08,1
304999,83017,146,MN,1969,071,,Улаагчин,full,,,mongol-shuudan-via-bekkaze,,2026-04-28T06:49:08,2026-04-28T06:49:08,1
305000,83019,146,MN,1969,071,,Хужирт,full,,,mongol-shuudan-via-bekkaze,,2026-04-28T06:49:08,2026-04-28T06:49:08,1
305001,83021,146,MN,1969,071,,Жаргалант,full,,,mongol-shuudan-via-bekkaze,,2026-04-28T06:49:08,2026-04-28T06:49:08,1
305002,83023,146,MN,1969,071,,Сайхан,full,,,mongol-shuudan-via-bekkaze,,2026-04-28T06:49:08,2026-04-28T06:49:08,1
305003,83030,146,MN,1969,071,,Баяннуур,full,,,mongol-shuudan-via-bekkaze,,2026-04-28T06:49:08,2026-04-28T06:49:08,1
305004,83031,146,MN,1969,071,,Шар цэхээ,full,,,mongol-shuudan-via-bekkaze,,2026-04-28T06:49:08,2026-04-28T06:49:08,1
305005,83033,146,MN,1969,071,,Баяннуур,full,,,mongol-shuudan-via-bekkaze,,2026-04-28T06:49:08,2026-04-28T06:49:08,1
305006,83035,146,MN,1969,071,,Цэцэгт,full,,,mongol-shuudan-via-bekkaze,,2026-04-28T06:49:08,2026-04-28T06:49:08,1
305007,83037,146,MN,1969,071,,Цагаан Арал,full,,,mongol-shuudan-via-bekkaze,,2026-04-28T06:49:08,2026-04-28T06:49:08,1
305008,83039,146,MN,1969,071,,Цул-Улаан,full,,,mongol-shuudan-via-bekkaze,,2026-04-28T06:49:08,2026-04-28T06:49:08,1
305009,83040,146,MN,1969,071,,Алтанцөгц,full,,,mongol-shuudan-via-bekkaze,,2026-04-28T06:49:08,2026-04-28T06:49:08,1
305010,83041,146,MN,1969,071,,Цагаантүнгэ,full,,,mongol-shuudan-via-bekkaze,,2026-04-28T06:49:08,2026-04-28T06:49:08,1
305011,83043,146,MN,1969,071,,Улаанхаргана,full,,,mongol-shuudan-via-bekkaze,,2026-04-28T06:49:08,2026-04-28T06:49:08,1
305012,83045,146,MN,1969,071,,Баянбулаг,full,,,mongol-shuudan-via-bekkaze,,2026-04-28T06:49:08,2026-04-28T06:49:08,1
305013,83047,146,MN,1969,071,,Хаш,full,,,mongol-shuudan-via-bekkaze,,2026-04-28T06:49:08,2026-04-28T06:49:08,1
305014,83050,146,MN,1969,071,,Бугат сум,full,,,mongol-shuudan-via-bekkaze,,2026-04-28T06:49:08,2026-04-28T06:49:08,1
305015,83051,146,MN,1969,071,,Хатуу,full,,,mongol-shuudan-via-bekkaze,,2026-04-28T06:49:08,2026-04-28T06:49:08,1
305016,83053,146,MN,1969,071,,Бугат /төв/,full,,,mongol-shuudan-via-bekkaze,,2026-04-28T06:49:08,2026-04-28T06:49:08,1
305017,83055,146,MN,1969,071,,Улаантолгой,full,,,mongol-shuudan-via-bekkaze,,2026-04-28T06:49:08,2026-04-28T06:49:08,1
305018,83057,146,MN,1969,071,,Бугын гол,full,,,mongol-shuudan-via-bekkaze,,2026-04-28T06:49:08,2026-04-28T06:49:08,1
305019,83059,146,MN,1969,071,,Их булан,full,,,mongol-shuudan-via-bekkaze,,2026-04-28T06:49:08,2026-04-28T06:49:08,1
305020,83060,146,MN,1969,071,,Дэлүүн,full,,,mongol-shuudan-via-bekkaze,,2026-04-28T06:49:08,2026-04-28T06:49:08,1
305021,83061,146,MN,1969,071,,Төвийн баг,full,,,mongol-shuudan-via-bekkaze,,2026-04-28T06:49:08,2026-04-28T06:49:08,1
305022,83063,146,MN,1969,071,,Бүргэд,full,,,mongol-shuudan-via-bekkaze,,2026-04-28T06:49:08,2026-04-28T06:49:08,1
305023,83065,146,MN,1969,071,,Хөхтолгой,full,,,mongol-shuudan-via-bekkaze,,2026-04-28T06:49:08,2026-04-28T06:49:08,1
305024,83066,146,MN,1969,071,,Шинэ айл,full,,,mongol-shuudan-via-bekkaze,,2026-04-28T06:49:08,2026-04-28T06:49:08,1
305025,83067,146,MN,1969,071,,Хүйтэн нуур,full,,,mongol-shuudan-via-bekkaze,,2026-04-28T06:49:08,2026-04-28T06:49:08,1
305026,83069,146,MN,1969,071,,Бугат,full,,,mongol-shuudan-via-bekkaze,,2026-04-28T06:49:08,2026-04-28T06:49:08,1
305027,83071,146,MN,1969,071,,Хар-Уул,full,,,mongol-shuudan-via-bekkaze,,2026-04-28T06:49:08,2026-04-28T06:49:08,1
305028,83073,146,MN,1969,071,,Ганц мод,full,,,mongol-shuudan-via-bekkaze,,2026-04-28T06:49:08,2026-04-28T06:49:08,1
305029,83075,146,MN,1969,071,,Ангирлаг буюу Саралахаз,full,,,mongol-shuudan-via-bekkaze,,2026-04-28T06:49:08,2026-04-28T06:49:08,1
305030,83077,146,MN,1969,071,,Чихэртэй,full,,,mongol-shuudan-via-bekkaze,,2026-04-28T06:49:08,2026-04-28T06:49:08,1
305031,83078,146,MN,1969,071,,Хүйтэн буйр,full,,,mongol-shuudan-via-bekkaze,,2026-04-28T06:49:08,2026-04-28T06:49:08,1
305032,83079,146,MN,1969,071,,Тал нуур,full,,,mongol-shuudan-via-bekkaze,,2026-04-28T06:49:08,2026-04-28T06:49:08,1
305033,83080,146,MN,1969,071,,Толбо,full,,,mongol-shuudan-via-bekkaze,,2026-04-28T06:49:08,2026-04-28T06:49:08,1
305034,83081,146,MN,1969,071,,Бураат,full,,,mongol-shuudan-via-bekkaze,,2026-04-28T06:49:08,2026-04-28T06:49:08,1
305035,83083,146,MN,1969,071,,Дөрөө нуур,full,,,mongol-shuudan-via-bekkaze,,2026-04-28T06:49:08,2026-04-28T06:49:08,1
305036,83085,146,MN,1969,071,,Хош,full,,,mongol-shuudan-via-bekkaze,,2026-04-28T06:49:08,2026-04-28T06:49:08,1
305037,83087,146,MN,1969,071,,Хөх толгой /төв/,full,,,mongol-shuudan-via-bekkaze,,2026-04-28T06:49:08,2026-04-28T06:49:08,1
305038,83089,146,MN,1969,071,,Толбо нуур,full,,,mongol-shuudan-via-bekkaze,,2026-04-28T06:49:08,2026-04-28T06:49:08,1
305039,83091,146,MN,1969,071,,Хонгор өлөн,full,,,mongol-shuudan-via-bekkaze,,2026-04-28T06:49:08,2026-04-28T06:49:08,1
305040,83100,146,MN,1969,071,,Ногооннуур,full,,,mongol-shuudan-via-bekkaze,,2026-04-28T06:49:08,2026-04-28T06:49:08,1
305041,83101,146,MN,1969,071,,Ховд,full,,,mongol-shuudan-via-bekkaze,,2026-04-28T06:49:08,2026-04-28T06:49:08,1
305042,83103,146,MN,1969,071,,Чихтэй,full,,,mongol-shuudan-via-bekkaze,,2026-04-28T06:49:08,2026-04-28T06:49:08,1
305043,83105,146,MN,1969,071,,Хосхаргай,full,,,mongol-shuudan-via-bekkaze,,2026-04-28T06:49:08,2026-04-28T06:49:08,1
305044,83107,146,MN,1969,071,,Ямаат,full,,,mongol-shuudan-via-bekkaze,,2026-04-28T06:49:08,2026-04-28T06:49:08,1
305045,83109,146,MN,1969,071,,Бахлаг,full,,,mongol-shuudan-via-bekkaze,,2026-04-28T06:49:08,2026-04-28T06:49:08,1
305046,83111,146,MN,1969,071,,Асгат,full,,,mongol-shuudan-via-bekkaze,,2026-04-28T06:49:08,2026-04-28T06:49:08,1
305047,83112,146,MN,1969,071,,Улаанчулуун,full,,,mongol-shuudan-via-bekkaze,,2026-04-28T06:49:08,2026-04-28T06:49:08,1
305048,83113,146,MN,1969,071,,Цагааннуур тосгон,full,,,mongol-shuudan-via-bekkaze,,2026-04-28T06:49:08,2026-04-28T06:49:08,1
305049,83115,146,MN,1969,071,,Хызылхайын,full,,,mongol-shuudan-via-bekkaze,,2026-04-28T06:49:08,2026-04-28T06:49:08,1
305050,83120,146,MN,1969,071,,Өлгий сум,full,,,mongol-shuudan-via-bekkaze,,2026-04-28T06:49:08,2026-04-28T06:49:08,1
305051,83121,146,MN,1969,071,,Хуст арал,full,,,mongol-shuudan-via-bekkaze,,2026-04-28T06:49:08,2026-04-28T06:49:08,1
305052,83123,146,MN,1969,071,,Цагаан эрэг,full,,,mongol-shuudan-via-bekkaze,,2026-04-28T06:49:08,2026-04-28T06:49:08,1
305053,83125,146,MN,1969,071,,Бөхөн-уул,full,,,mongol-shuudan-via-bekkaze,,2026-04-28T06:49:08,2026-04-28T06:49:08,1
305054,83127,146,MN,1969,071,,Их Булан,full,,,mongol-shuudan-via-bekkaze,,2026-04-28T06:49:08,2026-04-28T06:49:08,1
305055,83129,146,MN,1969,071,,Ховд гол,full,,,mongol-shuudan-via-bekkaze,,2026-04-28T06:49:08,2026-04-28T06:49:08,1
305056,83131,146,MN,1969,071,,Ах хуст тау,full,,,mongol-shuudan-via-bekkaze,,2026-04-28T06:49:08,2026-04-28T06:49:08,1
305057,83133,146,MN,1969,071,,Хөх толгой,full,,,mongol-shuudan-via-bekkaze,,2026-04-28T06:49:08,2026-04-28T06:49:08,1
305058,83134,146,MN,1969,071,,Харасай,full,,,mongol-shuudan-via-bekkaze,,2026-04-28T06:49:08,2026-04-28T06:49:08,1
305059,83135,146,MN,1969,071,,Хотгор,full,,,mongol-shuudan-via-bekkaze,,2026-04-28T06:49:08,2026-04-28T06:49:08,1
305060,83136,146,MN,1969,071,,Бүркит,full,,,mongol-shuudan-via-bekkaze,,2026-04-28T06:49:08,2026-04-28T06:49:08,1
305061,83137,146,MN,1969,071,,Хөх хад,full,,,mongol-shuudan-via-bekkaze,,2026-04-28T06:49:08,2026-04-28T06:49:08,1
305062,83138,146,MN,1969,071,,Жасыл,full,,,mongol-shuudan-via-bekkaze,,2026-04-28T06:49:08,2026-04-28T06:49:08,1
305063,83139,146,MN,1969,071,,Жана ауыл,full,,,mongol-shuudan-via-bekkaze,,2026-04-28T06:49:08,2026-04-28T06:49:08,1
305064,83140,146,MN,1969,071,,Буянт,full,,,mongol-shuudan-via-bekkaze,,2026-04-28T06:49:08,2026-04-28T06:49:08,1
305065,83141,146,MN,1969,071,,Хөх эрэг,full,,,mongol-shuudan-via-bekkaze,,2026-04-28T06:49:08,2026-04-28T06:49:08,1
305066,83143,146,MN,1969,071,,Хөлцөөт,full,,,mongol-shuudan-via-bekkaze,,2026-04-28T06:49:08,2026-04-28T06:49:08,1
305067,83145,146,MN,1969,071,,Өмнөгол,full,,,mongol-shuudan-via-bekkaze,,2026-04-28T06:49:08,2026-04-28T06:49:08,1
305068,83147,146,MN,1969,071,,Шар тохойт,full,,,mongol-shuudan-via-bekkaze,,2026-04-28T06:49:08,2026-04-28T06:49:08,1
305069,83150,146,MN,1969,071,,Алтай,full,,,mongol-shuudan-via-bekkaze,,2026-04-28T06:49:08,2026-04-28T06:49:08,1
305070,83151,146,MN,1969,071,,Улаан хад,full,,,mongol-shuudan-via-bekkaze,,2026-04-28T06:49:08,2026-04-28T06:49:08,1
305071,83152,146,MN,1969,071,,Борбургас,full,,,mongol-shuudan-via-bekkaze,,2026-04-28T06:49:08,2026-04-28T06:49:08,1
305072,83153,146,MN,1969,071,,Бардам,full,,,mongol-shuudan-via-bekkaze,,2026-04-28T06:49:08,2026-04-28T06:49:08,1
305073,83155,146,MN,1969,071,,Чихэртэй,full,,,mongol-shuudan-via-bekkaze,,2026-04-28T06:49:08,2026-04-28T06:49:08,1
305074,83157,146,MN,1969,071,,Хар нуур,full,,,mongol-shuudan-via-bekkaze,,2026-04-28T06:49:08,2026-04-28T06:49:08,1
305075,83160,146,MN,1969,071,,Сагсай,full,,,mongol-shuudan-via-bekkaze,,2026-04-28T06:49:08,2026-04-28T06:49:08,1
305076,83161,146,MN,1969,071,,Хол Агаш,full,,,mongol-shuudan-via-bekkaze,,2026-04-28T06:49:08,2026-04-28T06:49:08,1
305077,83163,146,MN,1969,071,,Ямаат,full,,,mongol-shuudan-via-bekkaze,,2026-04-28T06:49:08,2026-04-28T06:49:08,1
305078,83164,146,MN,1969,071,,Өмнө гол,full,,,mongol-shuudan-via-bekkaze,,2026-04-28T06:49:08,2026-04-28T06:49:08,1
305079,83165,146,MN,1969,071,,Аххорим,full,,,mongol-shuudan-via-bekkaze,,2026-04-28T06:49:08,2026-04-28T06:49:08,1
305080,83167,146,MN,1969,071,,Уужим,full,,,mongol-shuudan-via-bekkaze,,2026-04-28T06:49:08,2026-04-28T06:49:08,1
305081,83168,146,MN,1969,071,,Даян,full,,,mongol-shuudan-via-bekkaze,,2026-04-28T06:49:08,2026-04-28T06:49:08,1
305082,83169,146,MN,1969,071,,Хаг,full,,,mongol-shuudan-via-bekkaze,,2026-04-28T06:49:08,2026-04-28T06:49:08,1
305083,83170,146,MN,1969,071,,Улаанхус,full,,,mongol-shuudan-via-bekkaze,,2026-04-28T06:49:08,2026-04-28T06:49:08,1
305084,83171,146,MN,1969,071,,Билүү-1,full,,,mongol-shuudan-via-bekkaze,,2026-04-28T06:49:08,2026-04-28T06:49:08,1
305085,83173,146,MN,1969,071,,Согоог,full,,,mongol-shuudan-via-bekkaze,,2026-04-28T06:49:08,2026-04-28T06:49:08,1
305086,83174,146,MN,1969,071,,Казыл жар,full,,,mongol-shuudan-via-bekkaze,,2026-04-28T06:49:08,2026-04-28T06:49:08,1
305087,83175,146,MN,1969,071,,Баянзүрх,full,,,mongol-shuudan-via-bekkaze,,2026-04-28T06:49:08,2026-04-28T06:49:08,1
305088,83177,146,MN,1969,071,,Хөх хөтөл,full,,,mongol-shuudan-via-bekkaze,,2026-04-28T06:49:08,2026-04-28T06:49:08,1
305089,83178,146,MN,1969,071,,Монгол гол,full,,,mongol-shuudan-via-bekkaze,,2026-04-28T06:49:08,2026-04-28T06:49:08,1
305090,83179,146,MN,1969,071,,Хулжаа,full,,,mongol-shuudan-via-bekkaze,,2026-04-28T06:49:08,2026-04-28T06:49:08,1
305091,83181,146,MN,1969,071,,Билүү-2,full,,,mongol-shuudan-via-bekkaze,,2026-04-28T06:49:08,2026-04-28T06:49:08,1
305092,83182,146,MN,1969,071,,Улаан эрэг,full,,,mongol-shuudan-via-bekkaze,,2026-04-28T06:49:08,2026-04-28T06:49:08,1
305093,83183,146,MN,1969,071,,Даян,full,,,mongol-shuudan-via-bekkaze,,2026-04-28T06:49:08,2026-04-28T06:49:08,1
305094,83184,146,MN,1969,071,,Хөх адыр,full,,,mongol-shuudan-via-bekkaze,,2026-04-28T06:49:08,2026-04-28T06:49:08,1
305095,83185,146,MN,1969,071,,Их - Ойгор,full,,,mongol-shuudan-via-bekkaze,,2026-04-28T06:49:08,2026-04-28T06:49:08,1
305096,83190,146,MN,1969,071,,Цэнгэл,full,,,mongol-shuudan-via-bekkaze,,2026-04-28T06:49:08,2026-04-28T06:49:08,1
305097,83191,146,MN,1969,071,,Харганат,full,,,mongol-shuudan-via-bekkaze,,2026-04-28T06:49:08,2026-04-28T06:49:08,1
305098,83193,146,MN,1969,071,,Хөшөөт,full,,,mongol-shuudan-via-bekkaze,,2026-04-28T06:49:08,2026-04-28T06:49:08,1
305099,83195,146,MN,1969,071,,Цагаантүнгэ,full,,,mongol-shuudan-via-bekkaze,,2026-04-28T06:49:08,2026-04-28T06:49:08,1
305100,83197,146,MN,1969,071,,Борбургас,full,,,mongol-shuudan-via-bekkaze,,2026-04-28T06:49:08,2026-04-28T06:49:08,1
305101,83199,146,MN,1969,071,,Загаст нуур,full,,,mongol-shuudan-via-bekkaze,,2026-04-28T06:49:08,2026-04-28T06:49:08,1
305102,83201,146,MN,1969,071,,Цагаан гол,full,,,mongol-shuudan-via-bekkaze,,2026-04-28T06:49:08,2026-04-28T06:49:08,1
305103,83203,146,MN,1969,071,,Шар говь,full,,,mongol-shuudan-via-bekkaze,,2026-04-28T06:49:08,2026-04-28T06:49:08,1
305104,83205,146,MN,1969,071,,Долоон гаталга,full,,,mongol-shuudan-via-bekkaze,,2026-04-28T06:49:08,2026-04-28T06:49:08,1
305105,83207,146,MN,1969,071,,Партизан,full,,,mongol-shuudan-via-bekkaze,,2026-04-28T06:49:08,2026-04-28T06:49:08,1
305106,84000,146,MN,1964,043,,Khovd,full,,,mongol-shuudan-via-bekkaze,,2026-04-28T06:49:08,2026-04-28T06:49:08,1
305107,84010,146,MN,1964,043,,Дарви,full,,,mongol-shuudan-via-bekkaze,,2026-04-28T06:49:08,2026-04-28T06:49:08,1
305108,84011,146,MN,1964,043,,Булаг,full,,,mongol-shuudan-via-bekkaze,,2026-04-28T06:49:08,2026-04-28T06:49:08,1
305109,84013,146,MN,1964,043,,Дэлгэр,full,,,mongol-shuudan-via-bekkaze,,2026-04-28T06:49:08,2026-04-28T06:49:08,1
305110,84015,146,MN,1964,043,,Булган,full,,,mongol-shuudan-via-bekkaze,,2026-04-28T06:49:08,2026-04-28T06:49:08,1
305111,84017,146,MN,1964,043,,Мөнгөн-аяга,full,,,mongol-shuudan-via-bekkaze,,2026-04-28T06:49:08,2026-04-28T06:49:08,1
305112,84019,146,MN,1964,043,,Мөрөн,full,,,mongol-shuudan-via-bekkaze,,2026-04-28T06:49:08,2026-04-28T06:49:08,1
305113,84020,146,MN,1964,043,,Дөргөн,full,,,mongol-shuudan-via-bekkaze,,2026-04-28T06:49:08,2026-04-28T06:49:08,1
305114,84021,146,MN,1964,043,,Аргалант,full,,,mongol-shuudan-via-bekkaze,,2026-04-28T06:49:08,2026-04-28T06:49:08,1
305115,84023,146,MN,1964,043,,Сээр,full,,,mongol-shuudan-via-bekkaze,,2026-04-28T06:49:08,2026-04-28T06:49:08,1
305116,84025,146,MN,1964,043,,Өгөөмөр,full,,,mongol-shuudan-via-bekkaze,,2026-04-28T06:49:08,2026-04-28T06:49:08,1
305117,84027,146,MN,1964,043,,Агваш,full,,,mongol-shuudan-via-bekkaze,,2026-04-28T06:49:08,2026-04-28T06:49:08,1
305118,84030,146,MN,1964,043,,Чандмань,full,,,mongol-shuudan-via-bekkaze,,2026-04-28T06:49:08,2026-04-28T06:49:08,1
305119,84031,146,MN,1964,043,,Талын булаг,full,,,mongol-shuudan-via-bekkaze,,2026-04-28T06:49:08,2026-04-28T06:49:08,1
305120,84033,146,MN,1964,043,,Тахилт,full,,,mongol-shuudan-via-bekkaze,,2026-04-28T06:49:08,2026-04-28T06:49:08,1
305121,84035,146,MN,1964,043,,Жаргалант,full,,,mongol-shuudan-via-bekkaze,,2026-04-28T06:49:08,2026-04-28T06:49:08,1
305122,84037,146,MN,1964,043,,Урд гол,full,,,mongol-shuudan-via-bekkaze,,2026-04-28T06:49:08,2026-04-28T06:49:08,1
305123,84039,146,MN,1964,043,,Баянхайрхан,full,,,mongol-shuudan-via-bekkaze,,2026-04-28T06:49:08,2026-04-28T06:49:08,1
305124,84041,146,MN,1964,043,,Сүлжээ,full,,,mongol-shuudan-via-bekkaze,,2026-04-28T06:49:08,2026-04-28T06:49:08,1
305125,84043,146,MN,1964,043,,Талын булаг,full,,,mongol-shuudan-via-bekkaze,,2026-04-28T06:49:08,2026-04-28T06:49:08,1
305126,84045,146,MN,1964,043,,Жаргалант,full,,,mongol-shuudan-via-bekkaze,,2026-04-28T06:49:08,2026-04-28T06:49:08,1
305127,84047,146,MN,1964,043,,Урд гол,full,,,mongol-shuudan-via-bekkaze,,2026-04-28T06:49:08,2026-04-28T06:49:08,1
305128,84049,146,MN,1964,043,,Баянхайрхан,full,,,mongol-shuudan-via-bekkaze,,2026-04-28T06:49:08,2026-04-28T06:49:08,1
305129,84050,146,MN,1964,043,,Цэцэг,full,,,mongol-shuudan-via-bekkaze,,2026-04-28T06:49:08,2026-04-28T06:49:08,1
305130,84051,146,MN,1964,043,,Хажинга,full,,,mongol-shuudan-via-bekkaze,,2026-04-28T06:49:08,2026-04-28T06:49:08,1
305131,84053,146,MN,1964,043,,Хөшөөт,full,,,mongol-shuudan-via-bekkaze,,2026-04-28T06:49:08,2026-04-28T06:49:08,1
305132,84055,146,MN,1964,043,,Цэцэг нуур,full,,,mongol-shuudan-via-bekkaze,,2026-04-28T06:49:08,2026-04-28T06:49:08,1
305133,84057,146,MN,1964,043,,Баянгол,full,,,mongol-shuudan-via-bekkaze,,2026-04-28T06:49:08,2026-04-28T06:49:08,1
305134,84059,146,MN,1964,043,,Баян-Овоо,full,,,mongol-shuudan-via-bekkaze,,2026-04-28T06:49:08,2026-04-28T06:49:08,1
305135,84060,146,MN,1964,043,,Зэрэг,full,,,mongol-shuudan-via-bekkaze,,2026-04-28T06:49:08,2026-04-28T06:49:08,1
305136,84061,146,MN,1964,043,,Эхэн,full,,,mongol-shuudan-via-bekkaze,,2026-04-28T06:49:08,2026-04-28T06:49:08,1
305137,84063,146,MN,1964,043,,Бураа,full,,,mongol-shuudan-via-bekkaze,,2026-04-28T06:49:08,2026-04-28T06:49:08,1
305138,84065,146,MN,1964,043,,Хөндлөн,full,,,mongol-shuudan-via-bekkaze,,2026-04-28T06:49:08,2026-04-28T06:49:08,1
305139,84067,146,MN,1964,043,,Бургасан,full,,,mongol-shuudan-via-bekkaze,,2026-04-28T06:49:08,2026-04-28T06:49:08,1
305140,84069,146,MN,1964,043,,Гүвээ,full,,,mongol-shuudan-via-bekkaze,,2026-04-28T06:49:08,2026-04-28T06:49:08,1
305141,84070,146,MN,1964,043,,Мөст,full,,,mongol-shuudan-via-bekkaze,,2026-04-28T06:49:08,2026-04-28T06:49:08,1
305142,84071,146,MN,1964,043,,Улаантолгой,full,,,mongol-shuudan-via-bekkaze,,2026-04-28T06:49:08,2026-04-28T06:49:08,1
305143,84073,146,MN,1964,043,,Цэцэг гол,full,,,mongol-shuudan-via-bekkaze,,2026-04-28T06:49:08,2026-04-28T06:49:08,1
305144,84075,146,MN,1964,043,,Хужирт,full,,,mongol-shuudan-via-bekkaze,,2026-04-28T06:49:08,2026-04-28T06:49:08,1
305145,84077,146,MN,1964,043,,Давст,full,,,mongol-shuudan-via-bekkaze,,2026-04-28T06:49:08,2026-04-28T06:49:08,1
305146,84079,146,MN,1964,043,,Баянхайрхан,full,,,mongol-shuudan-via-bekkaze,,2026-04-28T06:49:08,2026-04-28T06:49:08,1
305147,84080,146,MN,1964,043,,Алтай,full,,,mongol-shuudan-via-bekkaze,,2026-04-28T06:49:08,2026-04-28T06:49:08,1
305148,84081,146,MN,1964,043,,Барлаг,full,,,mongol-shuudan-via-bekkaze,,2026-04-28T06:49:08,2026-04-28T06:49:08,1
305149,84083,146,MN,1964,043,,Бодонч,full,,,mongol-shuudan-via-bekkaze,,2026-04-28T06:49:08,2026-04-28T06:49:08,1
305150,84085,146,MN,1964,043,,Алтангадас,full,,,mongol-shuudan-via-bekkaze,,2026-04-28T06:49:08,2026-04-28T06:49:08,1
305151,84087,146,MN,1964,043,,Тахилт,full,,,mongol-shuudan-via-bekkaze,,2026-04-28T06:49:08,2026-04-28T06:49:08,1
305152,84090,146,MN,1964,043,,Буянт,full,,,mongol-shuudan-via-bekkaze,,2026-04-28T06:49:08,2026-04-28T06:49:08,1
305153,84091,146,MN,1964,043,,Нарийн гол,full,,,mongol-shuudan-via-bekkaze,,2026-04-28T06:49:08,2026-04-28T06:49:08,1
305154,84093,146,MN,1964,043,,Цагаан бургас,full,,,mongol-shuudan-via-bekkaze,,2026-04-28T06:49:08,2026-04-28T06:49:08,1
305155,84095,146,MN,1964,043,,Норжинхайрхан,full,,,mongol-shuudan-via-bekkaze,,2026-04-28T06:49:08,2026-04-28T06:49:08,1
305156,84097,146,MN,1964,043,,Наранхайрхан,full,,,mongol-shuudan-via-bekkaze,,2026-04-28T06:49:08,2026-04-28T06:49:08,1
305157,84099,146,MN,1964,043,,Цагаан эрэг,full,,,mongol-shuudan-via-bekkaze,,2026-04-28T06:49:08,2026-04-28T06:49:08,1
305158,84100,146,MN,1964,043,,Мянгад,full,,,mongol-shuudan-via-bekkaze,,2026-04-28T06:49:08,2026-04-28T06:49:08,1
305159,84101,146,MN,1964,043,,Баянбулаг,full,,,mongol-shuudan-via-bekkaze,,2026-04-28T06:49:08,2026-04-28T06:49:08,1
305160,84103,146,MN,1964,043,,Цагаан булан,full,,,mongol-shuudan-via-bekkaze,,2026-04-28T06:49:08,2026-04-28T06:49:08,1
305161,84105,146,MN,1964,043,,Баян хошуу,full,,,mongol-shuudan-via-bekkaze,,2026-04-28T06:49:08,2026-04-28T06:49:08,1
305162,84107,146,MN,1964,043,,Чацаргант,full,,,mongol-shuudan-via-bekkaze,,2026-04-28T06:49:08,2026-04-28T06:49:08,1
305163,84109,146,MN,1964,043,,Гахайт,full,,,mongol-shuudan-via-bekkaze,,2026-04-28T06:49:08,2026-04-28T06:49:08,1
305164,84110,146,MN,1964,043,,Манхан,full,,,mongol-shuudan-via-bekkaze,,2026-04-28T06:49:08,2026-04-28T06:49:08,1
305165,84111,146,MN,1964,043,,Зэрэг гол,full,,,mongol-shuudan-via-bekkaze,,2026-04-28T06:49:08,2026-04-28T06:49:08,1
305166,84113,146,MN,1964,043,,Баянгол,full,,,mongol-shuudan-via-bekkaze,,2026-04-28T06:49:08,2026-04-28T06:49:08,1
305167,84115,146,MN,1964,043,,Төгрөг гол,full,,,mongol-shuudan-via-bekkaze,,2026-04-28T06:49:08,2026-04-28T06:49:08,1
305168,84117,146,MN,1964,043,,Ботгон,full,,,mongol-shuudan-via-bekkaze,,2026-04-28T06:49:08,2026-04-28T06:49:08,1
305169,84119,146,MN,1964,043,,Тахилт,full,,,mongol-shuudan-via-bekkaze,,2026-04-28T06:49:08,2026-04-28T06:49:08,1
305170,84121,146,MN,1964,043,,Улаан хүрээ,full,,,mongol-shuudan-via-bekkaze,,2026-04-28T06:49:08,2026-04-28T06:49:08,1
305171,84123,146,MN,1964,043,,Хөх-үзүүр,full,,,mongol-shuudan-via-bekkaze,,2026-04-28T06:49:08,2026-04-28T06:49:08,1
305172,84125,146,MN,1964,043,,Жаргалан,full,,,mongol-shuudan-via-bekkaze,,2026-04-28T06:49:08,2026-04-28T06:49:08,1
305173,84127,146,MN,1964,043,,Улиаст,full,,,mongol-shuudan-via-bekkaze,,2026-04-28T06:49:08,2026-04-28T06:49:08,1
305174,84129,146,MN,1964,043,,Цагаантүнгэ,full,,,mongol-shuudan-via-bekkaze,,2026-04-28T06:49:08,2026-04-28T06:49:08,1
305175,84130,146,MN,1964,043,,Үенч,full,,,mongol-shuudan-via-bekkaze,,2026-04-28T06:49:08,2026-04-28T06:49:08,1
305176,84131,146,MN,1964,043,,Нарийн гол,full,,,mongol-shuudan-via-bekkaze,,2026-04-28T06:49:08,2026-04-28T06:49:08,1
305177,84133,146,MN,1964,043,,Хөх үзүүр,full,,,mongol-shuudan-via-bekkaze,,2026-04-28T06:49:08,2026-04-28T06:49:08,1
305178,84135,146,MN,1964,043,,Улиаст,full,,,mongol-shuudan-via-bekkaze,,2026-04-28T06:49:08,2026-04-28T06:49:08,1
305179,84137,146,MN,1964,043,,Жаргалан,full,,,mongol-shuudan-via-bekkaze,,2026-04-28T06:49:08,2026-04-28T06:49:08,1
305180,84139,146,MN,1964,043,,Цагаантүнгэ,full,,,mongol-shuudan-via-bekkaze,,2026-04-28T06:49:08,2026-04-28T06:49:08,1
305181,84140,146,MN,1964,043,,Жаргалант сум,full,,,mongol-shuudan-via-bekkaze,,2026-04-28T06:49:08,2026-04-28T06:49:08,1
305182,84141,146,MN,1964,043,,Цамбагарав,full,,,mongol-shuudan-via-bekkaze,,2026-04-28T06:49:08,2026-04-28T06:49:08,1
305183,84143,146,MN,1964,043,,Хайрхан,full,,,mongol-shuudan-via-bekkaze,,2026-04-28T06:49:08,2026-04-28T06:49:08,1
305184,84145,146,MN,1964,043,,Тахилт,full,,,mongol-shuudan-via-bekkaze,,2026-04-28T06:49:08,2026-04-28T06:49:08,1
305185,84147,146,MN,1964,043,,Рашаант,full,,,mongol-shuudan-via-bekkaze,,2026-04-28T06:49:08,2026-04-28T06:49:08,1
305186,84149,146,MN,1964,043,,Наран,full,,,mongol-shuudan-via-bekkaze,,2026-04-28T06:49:08,2026-04-28T06:49:08,1
305187,84151,146,MN,1964,043,,Цамбагарав,full,,,mongol-shuudan-via-bekkaze,,2026-04-28T06:49:08,2026-04-28T06:49:08,1
305188,84153,146,MN,1964,043,,Хайрхан,full,,,mongol-shuudan-via-bekkaze,,2026-04-28T06:49:08,2026-04-28T06:49:08,1
305189,84155,146,MN,1964,043,,Тахилт,full,,,mongol-shuudan-via-bekkaze,,2026-04-28T06:49:08,2026-04-28T06:49:08,1
305190,84157,146,MN,1964,043,,Рашаант,full,,,mongol-shuudan-via-bekkaze,,2026-04-28T06:49:08,2026-04-28T06:49:08,1
305191,84159,146,MN,1964,043,,Наран,full,,,mongol-shuudan-via-bekkaze,,2026-04-28T06:49:08,2026-04-28T06:49:08,1
305192,84161,146,MN,1964,043,,Магсаржав,full,,,mongol-shuudan-via-bekkaze,,2026-04-28T06:49:08,2026-04-28T06:49:08,1
305193,84163,146,MN,1964,043,,Жаргалан,full,,,mongol-shuudan-via-bekkaze,,2026-04-28T06:49:08,2026-04-28T06:49:08,1
305194,84165,146,MN,1964,043,,Буянт,full,,,mongol-shuudan-via-bekkaze,,2026-04-28T06:49:08,2026-04-28T06:49:08,1
305195,84167,146,MN,1964,043,,Бугат,full,,,mongol-shuudan-via-bekkaze,,2026-04-28T06:49:08,2026-04-28T06:49:08,1
305196,84169,146,MN,1964,043,,Бичигт,full,,,mongol-shuudan-via-bekkaze,,2026-04-28T06:49:08,2026-04-28T06:49:08,1
305197,84170,146,MN,1964,043,,Ховд,full,,,mongol-shuudan-via-bekkaze,,2026-04-28T06:49:08,2026-04-28T06:49:08,1
305198,84171,146,MN,1964,043,,Баруун салаа,full,,,mongol-shuudan-via-bekkaze,,2026-04-28T06:49:08,2026-04-28T06:49:08,1
305199,84173,146,MN,1964,043,,Улаанбураа,full,,,mongol-shuudan-via-bekkaze,,2026-04-28T06:49:08,2026-04-28T06:49:08,1
305200,84175,146,MN,1964,043,,Дунд ус,full,,,mongol-shuudan-via-bekkaze,,2026-04-28T06:49:08,2026-04-28T06:49:08,1
305201,84177,146,MN,1964,043,,Баянбулаг,full,,,mongol-shuudan-via-bekkaze,,2026-04-28T06:49:08,2026-04-28T06:49:08,1
305202,84179,146,MN,1964,043,,Цагаанбургас,full,,,mongol-shuudan-via-bekkaze,,2026-04-28T06:49:08,2026-04-28T06:49:08,1
305203,84180,146,MN,1964,043,,Эрдэнэбүрэн,full,,,mongol-shuudan-via-bekkaze,,2026-04-28T06:49:08,2026-04-28T06:49:08,1
305204,84181,146,MN,1964,043,,Хар ус,full,,,mongol-shuudan-via-bekkaze,,2026-04-28T06:49:08,2026-04-28T06:49:08,1
305205,84183,146,MN,1964,043,,Баянгол,full,,,mongol-shuudan-via-bekkaze,,2026-04-28T06:49:08,2026-04-28T06:49:08,1
305206,84185,146,MN,1964,043,,Шураг,full,,,mongol-shuudan-via-bekkaze,,2026-04-28T06:49:08,2026-04-28T06:49:08,1
305207,84187,146,MN,1964,043,,Хонгио,full,,,mongol-shuudan-via-bekkaze,,2026-04-28T06:49:08,2026-04-28T06:49:08,1
305208,84189,146,MN,1964,043,,Намарзан,full,,,mongol-shuudan-via-bekkaze,,2026-04-28T06:49:08,2026-04-28T06:49:08,1
305209,84190,146,MN,1964,043,,Мөнххайрхан,full,,,mongol-shuudan-via-bekkaze,,2026-04-28T06:49:08,2026-04-28T06:49:08,1
305210,84191,146,MN,1964,043,,Алаг,full,,,mongol-shuudan-via-bekkaze,,2026-04-28T06:49:08,2026-04-28T06:49:08,1
305211,84193,146,MN,1964,043,,Сэнхэр,full,,,mongol-shuudan-via-bekkaze,,2026-04-28T06:49:08,2026-04-28T06:49:08,1
305212,84195,146,MN,1964,043,,Борт,full,,,mongol-shuudan-via-bekkaze,,2026-04-28T06:49:08,2026-04-28T06:49:08,1
305213,84197,146,MN,1964,043,,Хаг,full,,,mongol-shuudan-via-bekkaze,,2026-04-28T06:49:08,2026-04-28T06:49:08,1
305214,84200,146,MN,1964,043,,Дуут,full,,,mongol-shuudan-via-bekkaze,,2026-04-28T06:49:08,2026-04-28T06:49:08,1
305215,84201,146,MN,1964,043,,Цагаан бургас,full,,,mongol-shuudan-via-bekkaze,,2026-04-28T06:49:08,2026-04-28T06:49:08,1
305216,84203,146,MN,1964,043,,Босго,full,,,mongol-shuudan-via-bekkaze,,2026-04-28T06:49:08,2026-04-28T06:49:08,1
305217,84205,146,MN,1964,043,,Хөх бэлчир,full,,,mongol-shuudan-via-bekkaze,,2026-04-28T06:49:08,2026-04-28T06:49:08,1
305218,84207,146,MN,1964,043,,Шивэр,full,,,mongol-shuudan-via-bekkaze,,2026-04-28T06:49:08,2026-04-28T06:49:08,1
305219,84210,146,MN,1964,043,,Булган,full,,,mongol-shuudan-via-bekkaze,,2026-04-28T06:49:08,2026-04-28T06:49:08,1
305220,84211,146,MN,1964,043,,Бүрэнхайрхан,full,,,mongol-shuudan-via-bekkaze,,2026-04-28T06:49:08,2026-04-28T06:49:08,1
305221,84213,146,MN,1964,043,,Далт,full,,,mongol-shuudan-via-bekkaze,,2026-04-28T06:49:08,2026-04-28T06:49:08,1
305222,84215,146,MN,1964,043,,Баянсудал,full,,,mongol-shuudan-via-bekkaze,,2026-04-28T06:49:08,2026-04-28T06:49:08,1
305223,84217,146,MN,1964,043,,Баянгол,full,,,mongol-shuudan-via-bekkaze,,2026-04-28T06:49:08,2026-04-28T06:49:08,1
305224,84219,146,MN,1964,043,,Байтаг,full,,,mongol-shuudan-via-bekkaze,,2026-04-28T06:49:08,2026-04-28T06:49:08,1
305225,84221,146,MN,1964,043,,Алагтолгой,full,,,mongol-shuudan-via-bekkaze,,2026-04-28T06:49:08,2026-04-28T06:49:08,1
305226,84281,146,MN,1964,043,,Барлаг,full,,,mongol-shuudan-via-bekkaze,,2026-04-28T06:49:08,2026-04-28T06:49:08,1
305227,85000,146,MN,1971,046,,Uvs,full,,,mongol-shuudan-via-bekkaze,,2026-04-28T06:49:08,2026-04-28T06:49:08,1
305228,85010,146,MN,1971,046,,Зүүнхангай,full,,,mongol-shuudan-via-bekkaze,,2026-04-28T06:49:08,2026-04-28T06:49:08,1
305229,85011,146,MN,1971,046,,Даланбулаг,full,,,mongol-shuudan-via-bekkaze,,2026-04-28T06:49:08,2026-04-28T06:49:08,1
305230,85013,146,MN,1971,046,,Хайрхан,full,,,mongol-shuudan-via-bekkaze,,2026-04-28T06:49:08,2026-04-28T06:49:08,1
305231,85015,146,MN,1971,046,,Жаргалант,full,,,mongol-shuudan-via-bekkaze,,2026-04-28T06:49:08,2026-04-28T06:49:08,1
305232,85017,146,MN,1971,046,,Баянгол,full,,,mongol-shuudan-via-bekkaze,,2026-04-28T06:49:08,2026-04-28T06:49:08,1
305233,85020,146,MN,1971,046,,Баруунтуруун,full,,,mongol-shuudan-via-bekkaze,,2026-04-28T06:49:08,2026-04-28T06:49:08,1
305234,85021,146,MN,1971,046,,Зүүнтуруун,full,,,mongol-shuudan-via-bekkaze,,2026-04-28T06:49:08,2026-04-28T06:49:08,1
305235,85023,146,MN,1971,046,,Шанд,full,,,mongol-shuudan-via-bekkaze,,2026-04-28T06:49:08,2026-04-28T06:49:08,1
305236,85025,146,MN,1971,046,,Баян айраг,full,,,mongol-shuudan-via-bekkaze,,2026-04-28T06:49:08,2026-04-28T06:49:08,1
305237,85027,146,MN,1971,046,,Туруун,full,,,mongol-shuudan-via-bekkaze,,2026-04-28T06:49:08,2026-04-28T06:49:08,1
305238,85030,146,MN,1971,046,,Өндөрхангай,full,,,mongol-shuudan-via-bekkaze,,2026-04-28T06:49:08,2026-04-28T06:49:08,1
305239,85031,146,MN,1971,046,,Цалуу,full,,,mongol-shuudan-via-bekkaze,,2026-04-28T06:49:08,2026-04-28T06:49:08,1
305240,85033,146,MN,1971,046,,Батсайхан,full,,,mongol-shuudan-via-bekkaze,,2026-04-28T06:49:08,2026-04-28T06:49:08,1
305241,85035,146,MN,1971,046,,Цэцэрлэг,full,,,mongol-shuudan-via-bekkaze,,2026-04-28T06:49:08,2026-04-28T06:49:08,1
305242,85037,146,MN,1971,046,,Цагаан нуур,full,,,mongol-shuudan-via-bekkaze,,2026-04-28T06:49:08,2026-04-28T06:49:08,1
305243,85039,146,MN,1971,046,,Жаргалант,full,,,mongol-shuudan-via-bekkaze,,2026-04-28T06:49:08,2026-04-28T06:49:08,1
305244,85040,146,MN,1971,046,,Зүүнговь,full,,,mongol-shuudan-via-bekkaze,,2026-04-28T06:49:08,2026-04-28T06:49:08,1
305245,85041,146,MN,1971,046,,Тохой,full,,,mongol-shuudan-via-bekkaze,,2026-04-28T06:49:08,2026-04-28T06:49:08,1
305246,85043,146,MN,1971,046,,Баяннуур,full,,,mongol-shuudan-via-bekkaze,,2026-04-28T06:49:08,2026-04-28T06:49:08,1
305247,85045,146,MN,1971,046,,Зэл,full,,,mongol-shuudan-via-bekkaze,,2026-04-28T06:49:08,2026-04-28T06:49:08,1
305248,85047,146,MN,1971,046,,Өгөөмөр,full,,,mongol-shuudan-via-bekkaze,,2026-04-28T06:49:08,2026-04-28T06:49:08,1
305249,85049,146,MN,1971,046,,Суварга,full,,,mongol-shuudan-via-bekkaze,,2026-04-28T06:49:08,2026-04-28T06:49:08,1
305250,85050,146,MN,1971,046,,Цагаанхайрхан,full,,,mongol-shuudan-via-bekkaze,,2026-04-28T06:49:08,2026-04-28T06:49:08,1
305251,85051,146,MN,1971,046,,Даланхуруу,full,,,mongol-shuudan-via-bekkaze,,2026-04-28T06:49:08,2026-04-28T06:49:08,1
305252,85053,146,MN,1971,046,,Ар булаг,full,,,mongol-shuudan-via-bekkaze,,2026-04-28T06:49:08,2026-04-28T06:49:08,1
305253,85055,146,MN,1971,046,,Хунт,full,,,mongol-shuudan-via-bekkaze,,2026-04-28T06:49:08,2026-04-28T06:49:08,1
305254,85057,146,MN,1971,046,,Хулж,full,,,mongol-shuudan-via-bekkaze,,2026-04-28T06:49:08,2026-04-28T06:49:08,1
305255,85060,146,MN,1971,046,,Тэс сум,full,,,mongol-shuudan-via-bekkaze,,2026-04-28T06:49:08,2026-04-28T06:49:08,1
305256,85061,146,MN,1971,046,,Нуур эхэн,full,,,mongol-shuudan-via-bekkaze,,2026-04-28T06:49:08,2026-04-28T06:49:08,1
305257,85063,146,MN,1971,046,,Булгийн өндөр,full,,,mongol-shuudan-via-bekkaze,,2026-04-28T06:49:08,2026-04-28T06:49:08,1
305258,85065,146,MN,1971,046,,Цагаан толгой,full,,,mongol-shuudan-via-bekkaze,,2026-04-28T06:49:08,2026-04-28T06:49:08,1
305259,85067,146,MN,1971,046,,Нурагт,full,,,mongol-shuudan-via-bekkaze,,2026-04-28T06:49:08,2026-04-28T06:49:08,1
305260,85069,146,MN,1971,046,,Тооромт,full,,,mongol-shuudan-via-bekkaze,,2026-04-28T06:49:08,2026-04-28T06:49:08,1
305261,85071,146,MN,1971,046,,Ендөрт,full,,,mongol-shuudan-via-bekkaze,,2026-04-28T06:49:08,2026-04-28T06:49:08,1
305262,85073,146,MN,1971,046,,Ханжид,full,,,mongol-shuudan-via-bekkaze,,2026-04-28T06:49:08,2026-04-28T06:49:08,1
305263,85075,146,MN,1971,046,,Суварга,full,,,mongol-shuudan-via-bekkaze,,2026-04-28T06:49:08,2026-04-28T06:49:08,1
305264,85077,146,MN,1971,046,,Баян-Овоо,full,,,mongol-shuudan-via-bekkaze,,2026-04-28T06:49:08,2026-04-28T06:49:08,1
305265,85079,146,MN,1971,046,,Нуур,full,,,mongol-shuudan-via-bekkaze,,2026-04-28T06:49:08,2026-04-28T06:49:08,1
305266,85080,146,MN,1971,046,,Хяргас,full,,,mongol-shuudan-via-bekkaze,,2026-04-28T06:49:08,2026-04-28T06:49:08,1
305267,85081,146,MN,1971,046,,Хангай,full,,,mongol-shuudan-via-bekkaze,,2026-04-28T06:49:08,2026-04-28T06:49:08,1
305268,85083,146,MN,1971,046,,Бугат,full,,,mongol-shuudan-via-bekkaze,,2026-04-28T06:49:08,2026-04-28T06:49:08,1
305269,85085,146,MN,1971,046,,Дэлгэр,full,,,mongol-shuudan-via-bekkaze,,2026-04-28T06:49:08,2026-04-28T06:49:08,1
305270,85087,146,MN,1971,046,,Хайрхан,full,,,mongol-shuudan-via-bekkaze,,2026-04-28T06:49:08,2026-04-28T06:49:08,1
305271,85090,146,MN,1971,046,,Малчин,full,,,mongol-shuudan-via-bekkaze,,2026-04-28T06:49:08,2026-04-28T06:49:08,1
305272,85091,146,MN,1971,046,,Баян-Эрдэнэ,full,,,mongol-shuudan-via-bekkaze,,2026-04-28T06:49:08,2026-04-28T06:49:08,1
305273,85093,146,MN,1971,046,,Цалгар,full,,,mongol-shuudan-via-bekkaze,,2026-04-28T06:49:08,2026-04-28T06:49:08,1
305274,85095,146,MN,1971,046,,Баянмандал,full,,,mongol-shuudan-via-bekkaze,,2026-04-28T06:49:08,2026-04-28T06:49:08,1
305275,85097,146,MN,1971,046,,Баянхайрхан,full,,,mongol-shuudan-via-bekkaze,,2026-04-28T06:49:08,2026-04-28T06:49:08,1
305276,85100,146,MN,1971,046,,Завхан,full,,,mongol-shuudan-via-bekkaze,,2026-04-28T06:49:08,2026-04-28T06:49:08,1
305277,85103,146,MN,1971,046,,Айрагнуур,full,,,mongol-shuudan-via-bekkaze,,2026-04-28T06:49:08,2026-04-28T06:49:08,1
305278,85105,146,MN,1971,046,,Хармагт,full,,,mongol-shuudan-via-bekkaze,,2026-04-28T06:49:08,2026-04-28T06:49:08,1
305279,85107,146,MN,1971,046,,Шар булаг,full,,,mongol-shuudan-via-bekkaze,,2026-04-28T06:49:08,2026-04-28T06:49:08,1
305280,85109,146,MN,1971,046,,Хяргас нуур,full,,,mongol-shuudan-via-bekkaze,,2026-04-28T06:49:08,2026-04-28T06:49:08,1
305281,85110,146,MN,1971,046,,Наранбулаг,full,,,mongol-shuudan-via-bekkaze,,2026-04-28T06:49:08,2026-04-28T06:49:08,1
305282,85111,146,MN,1971,046,,Хужирт,full,,,mongol-shuudan-via-bekkaze,,2026-04-28T06:49:08,2026-04-28T06:49:08,1
305283,85113,146,MN,1971,046,,Гүнбүрд,full,,,mongol-shuudan-via-bekkaze,,2026-04-28T06:49:08,2026-04-28T06:49:08,1
305284,85115,146,MN,1971,046,,Алдар,full,,,mongol-shuudan-via-bekkaze,,2026-04-28T06:49:08,2026-04-28T06:49:08,1
305285,85117,146,MN,1971,046,,Улаан үзүүр,full,,,mongol-shuudan-via-bekkaze,,2026-04-28T06:49:08,2026-04-28T06:49:08,1
305286,85120,146,MN,1971,046,,Давст,full,,,mongol-shuudan-via-bekkaze,,2026-04-28T06:49:08,2026-04-28T06:49:08,1
305287,85121,146,MN,1971,046,,Торхилог,full,,,mongol-shuudan-via-bekkaze,,2026-04-28T06:49:08,2026-04-28T06:49:08,1
305288,85123,146,MN,1971,046,,Зүүн хөвөө,full,,,mongol-shuudan-via-bekkaze,,2026-04-28T06:49:08,2026-04-28T06:49:08,1
305289,85125,146,MN,1971,046,,Хандгайт,full,,,mongol-shuudan-via-bekkaze,,2026-04-28T06:49:08,2026-04-28T06:49:08,1
305290,85130,146,MN,1971,046,,Тариалан,full,,,mongol-shuudan-via-bekkaze,,2026-04-28T06:49:08,2026-04-28T06:49:08,1
305291,85131,146,MN,1971,046,,Хархираа,full,,,mongol-shuudan-via-bekkaze,,2026-04-28T06:49:08,2026-04-28T06:49:08,1
305292,85133,146,MN,1971,046,,Тарвагатай,full,,,mongol-shuudan-via-bekkaze,,2026-04-28T06:49:08,2026-04-28T06:49:08,1
305293,85135,146,MN,1971,046,,Бургастай,full,,,mongol-shuudan-via-bekkaze,,2026-04-28T06:49:08,2026-04-28T06:49:08,1
305294,85137,146,MN,1971,046,,Хөхөө,full,,,mongol-shuudan-via-bekkaze,,2026-04-28T06:49:08,2026-04-28T06:49:08,1
305295,85139,146,MN,1971,046,,Толь,full,,,mongol-shuudan-via-bekkaze,,2026-04-28T06:49:08,2026-04-28T06:49:08,1
305296,85141,146,MN,1971,046,,Мянган,full,,,mongol-shuudan-via-bekkaze,,2026-04-28T06:49:08,2026-04-28T06:49:08,1
305297,85150,146,MN,1971,046,,Өлгий,full,,,mongol-shuudan-via-bekkaze,,2026-04-28T06:49:08,2026-04-28T06:49:08,1
305298,85151,146,MN,1971,046,,Хулст нуур,full,,,mongol-shuudan-via-bekkaze,,2026-04-28T06:49:08,2026-04-28T06:49:08,1
305299,85153,146,MN,1971,046,,Хөдөлмөр,full,,,mongol-shuudan-via-bekkaze,,2026-04-28T06:49:08,2026-04-28T06:49:08,1
305300,85155,146,MN,1971,046,,Чаргат,full,,,mongol-shuudan-via-bekkaze,,2026-04-28T06:49:08,2026-04-28T06:49:08,1
305301,85157,146,MN,1971,046,,Өлгий нуур,full,,,mongol-shuudan-via-bekkaze,,2026-04-28T06:49:08,2026-04-28T06:49:08,1
305302,85160,146,MN,1971,046,,Улаангом,full,,,mongol-shuudan-via-bekkaze,,2026-04-28T06:49:08,2026-04-28T06:49:08,1
305303,85161,146,MN,1971,046,,1-р баг,full,,,mongol-shuudan-via-bekkaze,,2026-04-28T06:49:08,2026-04-28T06:49:08,1
305304,85163,146,MN,1971,046,,2-р баг,full,,,mongol-shuudan-via-bekkaze,,2026-04-28T06:49:08,2026-04-28T06:49:08,1
305305,85165,146,MN,1971,046,,3-р баг,full,,,mongol-shuudan-via-bekkaze,,2026-04-28T06:49:08,2026-04-28T06:49:08,1
305306,85167,146,MN,1971,046,,4-р баг,full,,,mongol-shuudan-via-bekkaze,,2026-04-28T06:49:08,2026-04-28T06:49:08,1
305307,85169,146,MN,1971,046,,5-р баг,full,,,mongol-shuudan-via-bekkaze,,2026-04-28T06:49:08,2026-04-28T06:49:08,1
305308,85171,146,MN,1971,046,,6-р баг,full,,,mongol-shuudan-via-bekkaze,,2026-04-28T06:49:08,2026-04-28T06:49:08,1
305309,85173,146,MN,1971,046,,7-р баг,full,,,mongol-shuudan-via-bekkaze,,2026-04-28T06:49:08,2026-04-28T06:49:08,1
305310,85175,146,MN,1971,046,,8-р баг,full,,,mongol-shuudan-via-bekkaze,,2026-04-28T06:49:08,2026-04-28T06:49:08,1
305311,85177,146,MN,1971,046,,9-р баг,full,,,mongol-shuudan-via-bekkaze,,2026-04-28T06:49:08,2026-04-28T06:49:08,1
305312,85179,146,MN,1971,046,,10-р баг,full,,,mongol-shuudan-via-bekkaze,,2026-04-28T06:49:08,2026-04-28T06:49:08,1
305313,85181,146,MN,1971,046,,11-р баг,full,,,mongol-shuudan-via-bekkaze,,2026-04-28T06:49:08,2026-04-28T06:49:08,1
305314,85183,146,MN,1971,046,,12-р баг,full,,,mongol-shuudan-via-bekkaze,,2026-04-28T06:49:08,2026-04-28T06:49:08,1
305315,85190,146,MN,1971,046,,Сагил,full,,,mongol-shuudan-via-bekkaze,,2026-04-28T06:49:08,2026-04-28T06:49:08,1
305316,85191,146,MN,1971,046,,Боршоо,full,,,mongol-shuudan-via-bekkaze,,2026-04-28T06:49:08,2026-04-28T06:49:08,1
305317,85193,146,MN,1971,046,,Өндөр мод,full,,,mongol-shuudan-via-bekkaze,,2026-04-28T06:49:08,2026-04-28T06:49:08,1
305318,85195,146,MN,1971,046,,Хар мод,full,,,mongol-shuudan-via-bekkaze,,2026-04-28T06:49:08,2026-04-28T06:49:08,1
305319,85197,146,MN,1971,046,,Баянзүрх,full,,,mongol-shuudan-via-bekkaze,,2026-04-28T06:49:08,2026-04-28T06:49:08,1
305320,85199,146,MN,1971,046,,Үүрэг нуур,full,,,mongol-shuudan-via-bekkaze,,2026-04-28T06:49:08,2026-04-28T06:49:08,1
305321,85200,146,MN,1971,046,,Түргэн,full,,,mongol-shuudan-via-bekkaze,,2026-04-28T06:49:08,2026-04-28T06:49:08,1
305322,85201,146,MN,1971,046,,Баянхайрхан,full,,,mongol-shuudan-via-bekkaze,,2026-04-28T06:49:08,2026-04-28T06:49:08,1
305323,85203,146,MN,1971,046,,Эрдэнэхайрхан,full,,,mongol-shuudan-via-bekkaze,,2026-04-28T06:49:08,2026-04-28T06:49:08,1
305324,85205,146,MN,1971,046,,Рашаант,full,,,mongol-shuudan-via-bekkaze,,2026-04-28T06:49:08,2026-04-28T06:49:08,1
305325,85210,146,MN,1971,046,,Өмнөговь,full,,,mongol-shuudan-via-bekkaze,,2026-04-28T06:49:08,2026-04-28T06:49:08,1
305326,85211,146,MN,1971,046,,Холбоо,full,,,mongol-shuudan-via-bekkaze,,2026-04-28T06:49:08,2026-04-28T06:49:08,1
305327,85213,146,MN,1971,046,,Намир,full,,,mongol-shuudan-via-bekkaze,,2026-04-28T06:49:08,2026-04-28T06:49:08,1
305328,85215,146,MN,1971,046,,Баянгол,full,,,mongol-shuudan-via-bekkaze,,2026-04-28T06:49:08,2026-04-28T06:49:08,1
305329,85217,146,MN,1971,046,,Орлого,full,,,mongol-shuudan-via-bekkaze,,2026-04-28T06:49:08,2026-04-28T06:49:08,1
305330,85219,146,MN,1971,046,,Улиаст,full,,,mongol-shuudan-via-bekkaze,,2026-04-28T06:49:08,2026-04-28T06:49:08,1
305331,85220,146,MN,1971,046,,Бөхмөрөн,full,,,mongol-shuudan-via-bekkaze,,2026-04-28T06:49:08,2026-04-28T06:49:08,1
305332,85221,146,MN,1971,046,,Хар алтад,full,,,mongol-shuudan-via-bekkaze,,2026-04-28T06:49:08,2026-04-28T06:49:08,1
305333,85223,146,MN,1971,046,,Байшинт,full,,,mongol-shuudan-via-bekkaze,,2026-04-28T06:49:08,2026-04-28T06:49:08,1
305334,85225,146,MN,1971,046,,3 жигэртэй,full,,,mongol-shuudan-via-bekkaze,,2026-04-28T06:49:08,2026-04-28T06:49:08,1
305335,85230,146,MN,1971,046,,Ховд,full,,,mongol-shuudan-via-bekkaze,,2026-04-28T06:49:08,2026-04-28T06:49:08,1
305336,85231,146,MN,1971,046,,Шивэр,full,,,mongol-shuudan-via-bekkaze,,2026-04-28T06:49:08,2026-04-28T06:49:08,1
305337,85233,146,MN,1971,046,,Ховд,full,,,mongol-shuudan-via-bekkaze,,2026-04-28T06:49:08,2026-04-28T06:49:08,1
305338,85235,146,MN,1971,046,,Халиунбулаг,full,,,mongol-shuudan-via-bekkaze,,2026-04-28T06:49:08,2026-04-28T06:49:08,1
305339,85237,146,MN,1971,046,,Ачит,full,,,mongol-shuudan-via-bekkaze,,2026-04-28T06:49:08,2026-04-28T06:49:08,1
