id,code,country_id,country_code,state_id,state_code,city_id,locality_name,type,latitude,longitude,source,wikiDataId,created_at,updated_at,flag
821789,01000,173,PE,3685,AMA,,,full,,,serpost-via-peru-pe-cpn,,2026-05-24T12:02:12,2026-05-24T12:02:12,1
821790,01001,173,PE,3685,AMA,,,full,,,serpost-via-peru-pe-cpn,,2026-05-24T12:02:12,2026-05-24T12:02:12,1
821791,01100,173,PE,3685,AMA,,,full,,,serpost-via-peru-pe-cpn,,2026-05-24T12:02:12,2026-05-24T12:02:12,1
821792,01110,173,PE,3685,AMA,,,full,,,serpost-via-peru-pe-cpn,,2026-05-24T12:02:12,2026-05-24T12:02:12,1
821793,01120,173,PE,3685,AMA,,,full,,,serpost-via-peru-pe-cpn,,2026-05-24T12:02:12,2026-05-24T12:02:12,1
821794,01130,173,PE,3685,AMA,,,full,,,serpost-via-peru-pe-cpn,,2026-05-24T12:02:12,2026-05-24T12:02:12,1
821795,01131,173,PE,3685,AMA,,,full,,,serpost-via-peru-pe-cpn,,2026-05-24T12:02:12,2026-05-24T12:02:12,1
821796,01140,173,PE,3685,AMA,,,full,,,serpost-via-peru-pe-cpn,,2026-05-24T12:02:12,2026-05-24T12:02:12,1
821797,01150,173,PE,3685,AMA,,,full,,,serpost-via-peru-pe-cpn,,2026-05-24T12:02:12,2026-05-24T12:02:12,1
821798,01151,173,PE,3685,AMA,,,full,,,serpost-via-peru-pe-cpn,,2026-05-24T12:02:12,2026-05-24T12:02:12,1
821799,01160,173,PE,3685,AMA,,,full,,,serpost-via-peru-pe-cpn,,2026-05-24T12:02:12,2026-05-24T12:02:12,1
821800,01161,173,PE,3685,AMA,,,full,,,serpost-via-peru-pe-cpn,,2026-05-24T12:02:12,2026-05-24T12:02:12,1
821801,01200,173,PE,3685,AMA,,,full,,,serpost-via-peru-pe-cpn,,2026-05-24T12:02:12,2026-05-24T12:02:12,1
821802,01210,173,PE,3685,AMA,,,full,,,serpost-via-peru-pe-cpn,,2026-05-24T12:02:12,2026-05-24T12:02:12,1
821803,01220,173,PE,3685,AMA,,,full,,,serpost-via-peru-pe-cpn,,2026-05-24T12:02:12,2026-05-24T12:02:12,1
821804,01230,173,PE,3685,AMA,,,full,,,serpost-via-peru-pe-cpn,,2026-05-24T12:02:12,2026-05-24T12:02:12,1
821805,01240,173,PE,3685,AMA,,,full,,,serpost-via-peru-pe-cpn,,2026-05-24T12:02:12,2026-05-24T12:02:12,1
821806,01250,173,PE,3685,AMA,,,full,,,serpost-via-peru-pe-cpn,,2026-05-24T12:02:12,2026-05-24T12:02:12,1
821807,01260,173,PE,3685,AMA,,,full,,,serpost-via-peru-pe-cpn,,2026-05-24T12:02:12,2026-05-24T12:02:12,1
821808,01270,173,PE,3685,AMA,,,full,,,serpost-via-peru-pe-cpn,,2026-05-24T12:02:12,2026-05-24T12:02:12,1
821809,01280,173,PE,3685,AMA,,,full,,,serpost-via-peru-pe-cpn,,2026-05-24T12:02:12,2026-05-24T12:02:12,1
821810,01300,173,PE,3685,AMA,,,full,,,serpost-via-peru-pe-cpn,,2026-05-24T12:02:12,2026-05-24T12:02:12,1
821811,01305,173,PE,3685,AMA,,,full,,,serpost-via-peru-pe-cpn,,2026-05-24T12:02:12,2026-05-24T12:02:12,1
821812,01310,173,PE,3685,AMA,,,full,,,serpost-via-peru-pe-cpn,,2026-05-24T12:02:12,2026-05-24T12:02:12,1
821813,01315,173,PE,3685,AMA,,,full,,,serpost-via-peru-pe-cpn,,2026-05-24T12:02:12,2026-05-24T12:02:12,1
821814,01320,173,PE,3685,AMA,,,full,,,serpost-via-peru-pe-cpn,,2026-05-24T12:02:12,2026-05-24T12:02:12,1
821815,01325,173,PE,3685,AMA,,,full,,,serpost-via-peru-pe-cpn,,2026-05-24T12:02:12,2026-05-24T12:02:12,1
821816,01330,173,PE,3685,AMA,,,full,,,serpost-via-peru-pe-cpn,,2026-05-24T12:02:12,2026-05-24T12:02:12,1
821817,01335,173,PE,3685,AMA,,,full,,,serpost-via-peru-pe-cpn,,2026-05-24T12:02:12,2026-05-24T12:02:12,1
821818,01340,173,PE,3685,AMA,,,full,,,serpost-via-peru-pe-cpn,,2026-05-24T12:02:12,2026-05-24T12:02:12,1
821819,01341,173,PE,3685,AMA,,,full,,,serpost-via-peru-pe-cpn,,2026-05-24T12:02:12,2026-05-24T12:02:12,1
821820,01345,173,PE,3685,AMA,,,full,,,serpost-via-peru-pe-cpn,,2026-05-24T12:02:12,2026-05-24T12:02:12,1
821821,01350,173,PE,3685,AMA,,,full,,,serpost-via-peru-pe-cpn,,2026-05-24T12:02:12,2026-05-24T12:02:12,1
821822,01355,173,PE,3685,AMA,,,full,,,serpost-via-peru-pe-cpn,,2026-05-24T12:02:12,2026-05-24T12:02:12,1
821823,01360,173,PE,3685,AMA,,,full,,,serpost-via-peru-pe-cpn,,2026-05-24T12:02:12,2026-05-24T12:02:12,1
821824,01365,173,PE,3685,AMA,,,full,,,serpost-via-peru-pe-cpn,,2026-05-24T12:02:12,2026-05-24T12:02:12,1
821825,01370,173,PE,3685,AMA,,,full,,,serpost-via-peru-pe-cpn,,2026-05-24T12:02:12,2026-05-24T12:02:12,1
821826,01375,173,PE,3685,AMA,,,full,,,serpost-via-peru-pe-cpn,,2026-05-24T12:02:12,2026-05-24T12:02:12,1
821827,01380,173,PE,3685,AMA,,,full,,,serpost-via-peru-pe-cpn,,2026-05-24T12:02:12,2026-05-24T12:02:12,1
821828,01400,173,PE,3685,AMA,,,full,,,serpost-via-peru-pe-cpn,,2026-05-24T12:02:12,2026-05-24T12:02:12,1
821829,01405,173,PE,3685,AMA,,,full,,,serpost-via-peru-pe-cpn,,2026-05-24T12:02:12,2026-05-24T12:02:12,1
821830,01410,173,PE,3685,AMA,,,full,,,serpost-via-peru-pe-cpn,,2026-05-24T12:02:12,2026-05-24T12:02:12,1
821831,01415,173,PE,3685,AMA,,,full,,,serpost-via-peru-pe-cpn,,2026-05-24T12:02:12,2026-05-24T12:02:12,1
821832,01420,173,PE,3685,AMA,,,full,,,serpost-via-peru-pe-cpn,,2026-05-24T12:02:12,2026-05-24T12:02:12,1
821833,01425,173,PE,3685,AMA,,,full,,,serpost-via-peru-pe-cpn,,2026-05-24T12:02:12,2026-05-24T12:02:12,1
821834,01430,173,PE,3685,AMA,,,full,,,serpost-via-peru-pe-cpn,,2026-05-24T12:02:12,2026-05-24T12:02:12,1
821835,01435,173,PE,3685,AMA,,,full,,,serpost-via-peru-pe-cpn,,2026-05-24T12:02:12,2026-05-24T12:02:12,1
821836,01440,173,PE,3685,AMA,,,full,,,serpost-via-peru-pe-cpn,,2026-05-24T12:02:12,2026-05-24T12:02:12,1
821837,01441,173,PE,3685,AMA,,,full,,,serpost-via-peru-pe-cpn,,2026-05-24T12:02:12,2026-05-24T12:02:12,1
821838,01445,173,PE,3685,AMA,,,full,,,serpost-via-peru-pe-cpn,,2026-05-24T12:02:12,2026-05-24T12:02:12,1
821839,01450,173,PE,3685,AMA,,,full,,,serpost-via-peru-pe-cpn,,2026-05-24T12:02:12,2026-05-24T12:02:12,1
821840,01455,173,PE,3685,AMA,,,full,,,serpost-via-peru-pe-cpn,,2026-05-24T12:02:12,2026-05-24T12:02:12,1
821841,01460,173,PE,3685,AMA,,,full,,,serpost-via-peru-pe-cpn,,2026-05-24T12:02:12,2026-05-24T12:02:12,1
821842,01465,173,PE,3685,AMA,,,full,,,serpost-via-peru-pe-cpn,,2026-05-24T12:02:12,2026-05-24T12:02:12,1
821843,01470,173,PE,3685,AMA,,,full,,,serpost-via-peru-pe-cpn,,2026-05-24T12:02:12,2026-05-24T12:02:12,1
821844,01475,173,PE,3685,AMA,,,full,,,serpost-via-peru-pe-cpn,,2026-05-24T12:02:12,2026-05-24T12:02:12,1
821845,01480,173,PE,3685,AMA,,,full,,,serpost-via-peru-pe-cpn,,2026-05-24T12:02:12,2026-05-24T12:02:12,1
821846,01485,173,PE,3685,AMA,,,full,,,serpost-via-peru-pe-cpn,,2026-05-24T12:02:12,2026-05-24T12:02:12,1
821847,01486,173,PE,3685,AMA,,,full,,,serpost-via-peru-pe-cpn,,2026-05-24T12:02:12,2026-05-24T12:02:12,1
821848,01500,173,PE,3685,AMA,,,full,,,serpost-via-peru-pe-cpn,,2026-05-24T12:02:12,2026-05-24T12:02:12,1
821849,01505,173,PE,3685,AMA,,,full,,,serpost-via-peru-pe-cpn,,2026-05-24T12:02:12,2026-05-24T12:02:12,1
821850,01510,173,PE,3685,AMA,,,full,,,serpost-via-peru-pe-cpn,,2026-05-24T12:02:12,2026-05-24T12:02:12,1
821851,01515,173,PE,3685,AMA,,,full,,,serpost-via-peru-pe-cpn,,2026-05-24T12:02:12,2026-05-24T12:02:12,1
821852,01520,173,PE,3685,AMA,,,full,,,serpost-via-peru-pe-cpn,,2026-05-24T12:02:12,2026-05-24T12:02:12,1
821853,01525,173,PE,3685,AMA,,,full,,,serpost-via-peru-pe-cpn,,2026-05-24T12:02:12,2026-05-24T12:02:12,1
821854,01530,173,PE,3685,AMA,,,full,,,serpost-via-peru-pe-cpn,,2026-05-24T12:02:12,2026-05-24T12:02:12,1
821855,01535,173,PE,3685,AMA,,,full,,,serpost-via-peru-pe-cpn,,2026-05-24T12:02:12,2026-05-24T12:02:12,1
821856,01540,173,PE,3685,AMA,,,full,,,serpost-via-peru-pe-cpn,,2026-05-24T12:02:12,2026-05-24T12:02:12,1
821857,01545,173,PE,3685,AMA,,,full,,,serpost-via-peru-pe-cpn,,2026-05-24T12:02:12,2026-05-24T12:02:12,1
821858,01550,173,PE,3685,AMA,,,full,,,serpost-via-peru-pe-cpn,,2026-05-24T12:02:12,2026-05-24T12:02:12,1
821859,01551,173,PE,3685,AMA,,,full,,,serpost-via-peru-pe-cpn,,2026-05-24T12:02:12,2026-05-24T12:02:12,1
821860,01555,173,PE,3685,AMA,,,full,,,serpost-via-peru-pe-cpn,,2026-05-24T12:02:12,2026-05-24T12:02:12,1
821861,01556,173,PE,3685,AMA,,,full,,,serpost-via-peru-pe-cpn,,2026-05-24T12:02:12,2026-05-24T12:02:12,1
821862,01560,173,PE,3685,AMA,,,full,,,serpost-via-peru-pe-cpn,,2026-05-24T12:02:12,2026-05-24T12:02:12,1
821863,01565,173,PE,3685,AMA,,,full,,,serpost-via-peru-pe-cpn,,2026-05-24T12:02:12,2026-05-24T12:02:12,1
821864,01566,173,PE,3685,AMA,,,full,,,serpost-via-peru-pe-cpn,,2026-05-24T12:02:12,2026-05-24T12:02:12,1
821865,01570,173,PE,3685,AMA,,,full,,,serpost-via-peru-pe-cpn,,2026-05-24T12:02:12,2026-05-24T12:02:12,1
821866,01575,173,PE,3685,AMA,,,full,,,serpost-via-peru-pe-cpn,,2026-05-24T12:02:12,2026-05-24T12:02:12,1
821867,01580,173,PE,3685,AMA,,,full,,,serpost-via-peru-pe-cpn,,2026-05-24T12:02:12,2026-05-24T12:02:12,1
821868,01600,173,PE,3685,AMA,,,full,,,serpost-via-peru-pe-cpn,,2026-05-24T12:02:12,2026-05-24T12:02:12,1
821869,01610,173,PE,3685,AMA,,,full,,,serpost-via-peru-pe-cpn,,2026-05-24T12:02:12,2026-05-24T12:02:12,1
821870,01611,173,PE,3685,AMA,,,full,,,serpost-via-peru-pe-cpn,,2026-05-24T12:02:12,2026-05-24T12:02:12,1
821871,01620,173,PE,3685,AMA,,,full,,,serpost-via-peru-pe-cpn,,2026-05-24T12:02:12,2026-05-24T12:02:12,1
821872,01621,173,PE,3685,AMA,,,full,,,serpost-via-peru-pe-cpn,,2026-05-24T12:02:12,2026-05-24T12:02:12,1
821873,01630,173,PE,3685,AMA,,,full,,,serpost-via-peru-pe-cpn,,2026-05-24T12:02:12,2026-05-24T12:02:12,1
821874,01631,173,PE,3685,AMA,,,full,,,serpost-via-peru-pe-cpn,,2026-05-24T12:02:12,2026-05-24T12:02:12,1
821875,01700,173,PE,3685,AMA,,,full,,,serpost-via-peru-pe-cpn,,2026-05-24T12:02:12,2026-05-24T12:02:12,1
821876,01701,173,PE,3685,AMA,,,full,,,serpost-via-peru-pe-cpn,,2026-05-24T12:02:12,2026-05-24T12:02:12,1
821877,01710,173,PE,3685,AMA,,,full,,,serpost-via-peru-pe-cpn,,2026-05-24T12:02:12,2026-05-24T12:02:12,1
821878,01711,173,PE,3685,AMA,,,full,,,serpost-via-peru-pe-cpn,,2026-05-24T12:02:12,2026-05-24T12:02:12,1
821879,01720,173,PE,3685,AMA,,,full,,,serpost-via-peru-pe-cpn,,2026-05-24T12:02:12,2026-05-24T12:02:12,1
821880,01721,173,PE,3685,AMA,,,full,,,serpost-via-peru-pe-cpn,,2026-05-24T12:02:12,2026-05-24T12:02:12,1
821881,01730,173,PE,3685,AMA,,,full,,,serpost-via-peru-pe-cpn,,2026-05-24T12:02:12,2026-05-24T12:02:12,1
821882,01740,173,PE,3685,AMA,,,full,,,serpost-via-peru-pe-cpn,,2026-05-24T12:02:12,2026-05-24T12:02:12,1
821883,01741,173,PE,3685,AMA,,,full,,,serpost-via-peru-pe-cpn,,2026-05-24T12:02:12,2026-05-24T12:02:12,1
821884,01800,173,PE,3685,AMA,,,full,,,serpost-via-peru-pe-cpn,,2026-05-24T12:02:12,2026-05-24T12:02:12,1
821885,01801,173,PE,3685,AMA,,,full,,,serpost-via-peru-pe-cpn,,2026-05-24T12:02:12,2026-05-24T12:02:12,1
821886,01810,173,PE,3685,AMA,,,full,,,serpost-via-peru-pe-cpn,,2026-05-24T12:02:12,2026-05-24T12:02:12,1
821887,01811,173,PE,3685,AMA,,,full,,,serpost-via-peru-pe-cpn,,2026-05-24T12:02:12,2026-05-24T12:02:12,1
821888,01820,173,PE,3685,AMA,,,full,,,serpost-via-peru-pe-cpn,,2026-05-24T12:02:12,2026-05-24T12:02:12,1
821889,01821,173,PE,3685,AMA,,,full,,,serpost-via-peru-pe-cpn,,2026-05-24T12:02:12,2026-05-24T12:02:12,1
821890,01830,173,PE,3685,AMA,,,full,,,serpost-via-peru-pe-cpn,,2026-05-24T12:02:12,2026-05-24T12:02:12,1
821891,01831,173,PE,3685,AMA,,,full,,,serpost-via-peru-pe-cpn,,2026-05-24T12:02:12,2026-05-24T12:02:12,1
821892,01840,173,PE,3685,AMA,,,full,,,serpost-via-peru-pe-cpn,,2026-05-24T12:02:12,2026-05-24T12:02:12,1
821893,01841,173,PE,3685,AMA,,,full,,,serpost-via-peru-pe-cpn,,2026-05-24T12:02:12,2026-05-24T12:02:12,1
821894,02000,173,PE,3680,ANC,,,full,,,serpost-via-peru-pe-cpn,,2026-05-24T12:02:12,2026-05-24T12:02:12,1
821895,02001,173,PE,3680,ANC,,,full,,,serpost-via-peru-pe-cpn,,2026-05-24T12:02:12,2026-05-24T12:02:12,1
821896,02002,173,PE,3680,ANC,,,full,,,serpost-via-peru-pe-cpn,,2026-05-24T12:02:12,2026-05-24T12:02:12,1
821897,02100,173,PE,3680,ANC,,,full,,,serpost-via-peru-pe-cpn,,2026-05-24T12:02:12,2026-05-24T12:02:12,1
821898,02103,173,PE,3680,ANC,,,full,,,serpost-via-peru-pe-cpn,,2026-05-24T12:02:12,2026-05-24T12:02:12,1
821899,02105,173,PE,3680,ANC,,,full,,,serpost-via-peru-pe-cpn,,2026-05-24T12:02:12,2026-05-24T12:02:12,1
821900,02109,173,PE,3680,ANC,,,full,,,serpost-via-peru-pe-cpn,,2026-05-24T12:02:12,2026-05-24T12:02:12,1
821901,02110,173,PE,3680,ANC,,,full,,,serpost-via-peru-pe-cpn,,2026-05-24T12:02:12,2026-05-24T12:02:12,1
821902,02113,173,PE,3680,ANC,,,full,,,serpost-via-peru-pe-cpn,,2026-05-24T12:02:12,2026-05-24T12:02:12,1
821903,02115,173,PE,3680,ANC,,,full,,,serpost-via-peru-pe-cpn,,2026-05-24T12:02:12,2026-05-24T12:02:12,1
821904,02119,173,PE,3680,ANC,,,full,,,serpost-via-peru-pe-cpn,,2026-05-24T12:02:12,2026-05-24T12:02:12,1
821905,02120,173,PE,3680,ANC,,,full,,,serpost-via-peru-pe-cpn,,2026-05-24T12:02:12,2026-05-24T12:02:12,1
821906,02123,173,PE,3680,ANC,,,full,,,serpost-via-peru-pe-cpn,,2026-05-24T12:02:12,2026-05-24T12:02:12,1
821907,02125,173,PE,3680,ANC,,,full,,,serpost-via-peru-pe-cpn,,2026-05-24T12:02:12,2026-05-24T12:02:12,1
821908,02127,173,PE,3680,ANC,,,full,,,serpost-via-peru-pe-cpn,,2026-05-24T12:02:12,2026-05-24T12:02:12,1
821909,02130,173,PE,3680,ANC,,,full,,,serpost-via-peru-pe-cpn,,2026-05-24T12:02:12,2026-05-24T12:02:12,1
821910,02133,173,PE,3680,ANC,,,full,,,serpost-via-peru-pe-cpn,,2026-05-24T12:02:12,2026-05-24T12:02:12,1
821911,02135,173,PE,3680,ANC,,,full,,,serpost-via-peru-pe-cpn,,2026-05-24T12:02:12,2026-05-24T12:02:12,1
821912,02139,173,PE,3680,ANC,,,full,,,serpost-via-peru-pe-cpn,,2026-05-24T12:02:12,2026-05-24T12:02:12,1
821913,02140,173,PE,3680,ANC,,,full,,,serpost-via-peru-pe-cpn,,2026-05-24T12:02:12,2026-05-24T12:02:12,1
821914,02145,173,PE,3680,ANC,,,full,,,serpost-via-peru-pe-cpn,,2026-05-24T12:02:12,2026-05-24T12:02:12,1
821915,02148,173,PE,3680,ANC,,,full,,,serpost-via-peru-pe-cpn,,2026-05-24T12:02:12,2026-05-24T12:02:12,1
821916,02150,173,PE,3680,ANC,,,full,,,serpost-via-peru-pe-cpn,,2026-05-24T12:02:12,2026-05-24T12:02:12,1
821917,02152,173,PE,3680,ANC,,,full,,,serpost-via-peru-pe-cpn,,2026-05-24T12:02:12,2026-05-24T12:02:12,1
821918,02155,173,PE,3680,ANC,,,full,,,serpost-via-peru-pe-cpn,,2026-05-24T12:02:12,2026-05-24T12:02:12,1
821919,02158,173,PE,3680,ANC,,,full,,,serpost-via-peru-pe-cpn,,2026-05-24T12:02:12,2026-05-24T12:02:12,1
821920,02160,173,PE,3680,ANC,,,full,,,serpost-via-peru-pe-cpn,,2026-05-24T12:02:12,2026-05-24T12:02:12,1
821921,02162,173,PE,3680,ANC,,,full,,,serpost-via-peru-pe-cpn,,2026-05-24T12:02:12,2026-05-24T12:02:12,1
821922,02163,173,PE,3680,ANC,,,full,,,serpost-via-peru-pe-cpn,,2026-05-24T12:02:12,2026-05-24T12:02:12,1
821923,02165,173,PE,3680,ANC,,,full,,,serpost-via-peru-pe-cpn,,2026-05-24T12:02:12,2026-05-24T12:02:12,1
821924,02167,173,PE,3680,ANC,,,full,,,serpost-via-peru-pe-cpn,,2026-05-24T12:02:12,2026-05-24T12:02:12,1
821925,02170,173,PE,3680,ANC,,,full,,,serpost-via-peru-pe-cpn,,2026-05-24T12:02:12,2026-05-24T12:02:12,1
821926,02171,173,PE,3680,ANC,,,full,,,serpost-via-peru-pe-cpn,,2026-05-24T12:02:12,2026-05-24T12:02:12,1
821927,02174,173,PE,3680,ANC,,,full,,,serpost-via-peru-pe-cpn,,2026-05-24T12:02:12,2026-05-24T12:02:12,1
821928,02175,173,PE,3680,ANC,,,full,,,serpost-via-peru-pe-cpn,,2026-05-24T12:02:12,2026-05-24T12:02:12,1
821929,02180,173,PE,3680,ANC,,,full,,,serpost-via-peru-pe-cpn,,2026-05-24T12:02:12,2026-05-24T12:02:12,1
821930,02181,173,PE,3680,ANC,,,full,,,serpost-via-peru-pe-cpn,,2026-05-24T12:02:12,2026-05-24T12:02:12,1
821931,02184,173,PE,3680,ANC,,,full,,,serpost-via-peru-pe-cpn,,2026-05-24T12:02:12,2026-05-24T12:02:12,1
821932,02185,173,PE,3680,ANC,,,full,,,serpost-via-peru-pe-cpn,,2026-05-24T12:02:12,2026-05-24T12:02:12,1
821933,02190,173,PE,3680,ANC,,,full,,,serpost-via-peru-pe-cpn,,2026-05-24T12:02:12,2026-05-24T12:02:12,1
821934,02193,173,PE,3680,ANC,,,full,,,serpost-via-peru-pe-cpn,,2026-05-24T12:02:12,2026-05-24T12:02:12,1
821935,02195,173,PE,3680,ANC,,,full,,,serpost-via-peru-pe-cpn,,2026-05-24T12:02:12,2026-05-24T12:02:12,1
821936,02200,173,PE,3680,ANC,,,full,,,serpost-via-peru-pe-cpn,,2026-05-24T12:02:12,2026-05-24T12:02:12,1
821937,02203,173,PE,3680,ANC,,,full,,,serpost-via-peru-pe-cpn,,2026-05-24T12:02:12,2026-05-24T12:02:12,1
821938,02205,173,PE,3680,ANC,,,full,,,serpost-via-peru-pe-cpn,,2026-05-24T12:02:12,2026-05-24T12:02:12,1
821939,02209,173,PE,3680,ANC,,,full,,,serpost-via-peru-pe-cpn,,2026-05-24T12:02:12,2026-05-24T12:02:12,1
821940,02210,173,PE,3680,ANC,,,full,,,serpost-via-peru-pe-cpn,,2026-05-24T12:02:12,2026-05-24T12:02:12,1
821941,02215,173,PE,3680,ANC,,,full,,,serpost-via-peru-pe-cpn,,2026-05-24T12:02:12,2026-05-24T12:02:12,1
821942,02218,173,PE,3680,ANC,,,full,,,serpost-via-peru-pe-cpn,,2026-05-24T12:02:12,2026-05-24T12:02:12,1
821943,02220,173,PE,3680,ANC,,,full,,,serpost-via-peru-pe-cpn,,2026-05-24T12:02:12,2026-05-24T12:02:12,1
821944,02222,173,PE,3680,ANC,,,full,,,serpost-via-peru-pe-cpn,,2026-05-24T12:02:12,2026-05-24T12:02:12,1
821945,02225,173,PE,3680,ANC,,,full,,,serpost-via-peru-pe-cpn,,2026-05-24T12:02:12,2026-05-24T12:02:12,1
821946,02228,173,PE,3680,ANC,,,full,,,serpost-via-peru-pe-cpn,,2026-05-24T12:02:12,2026-05-24T12:02:12,1
821947,02230,173,PE,3680,ANC,,,full,,,serpost-via-peru-pe-cpn,,2026-05-24T12:02:12,2026-05-24T12:02:12,1
821948,02234,173,PE,3680,ANC,,,full,,,serpost-via-peru-pe-cpn,,2026-05-24T12:02:12,2026-05-24T12:02:12,1
821949,02235,173,PE,3680,ANC,,,full,,,serpost-via-peru-pe-cpn,,2026-05-24T12:02:12,2026-05-24T12:02:12,1
821950,02240,173,PE,3680,ANC,,,full,,,serpost-via-peru-pe-cpn,,2026-05-24T12:02:12,2026-05-24T12:02:12,1
821951,02243,173,PE,3680,ANC,,,full,,,serpost-via-peru-pe-cpn,,2026-05-24T12:02:12,2026-05-24T12:02:12,1
821952,02245,173,PE,3680,ANC,,,full,,,serpost-via-peru-pe-cpn,,2026-05-24T12:02:12,2026-05-24T12:02:12,1
821953,02249,173,PE,3680,ANC,,,full,,,serpost-via-peru-pe-cpn,,2026-05-24T12:02:12,2026-05-24T12:02:12,1
821954,02250,173,PE,3680,ANC,,,full,,,serpost-via-peru-pe-cpn,,2026-05-24T12:02:12,2026-05-24T12:02:12,1
821955,02251,173,PE,3680,ANC,,,full,,,serpost-via-peru-pe-cpn,,2026-05-24T12:02:12,2026-05-24T12:02:12,1
821956,02254,173,PE,3680,ANC,,,full,,,serpost-via-peru-pe-cpn,,2026-05-24T12:02:12,2026-05-24T12:02:12,1
821957,02258,173,PE,3680,ANC,,,full,,,serpost-via-peru-pe-cpn,,2026-05-24T12:02:12,2026-05-24T12:02:12,1
821958,02260,173,PE,3680,ANC,,,full,,,serpost-via-peru-pe-cpn,,2026-05-24T12:02:12,2026-05-24T12:02:12,1
821959,02262,173,PE,3680,ANC,,,full,,,serpost-via-peru-pe-cpn,,2026-05-24T12:02:12,2026-05-24T12:02:12,1
821960,02264,173,PE,3680,ANC,,,full,,,serpost-via-peru-pe-cpn,,2026-05-24T12:02:12,2026-05-24T12:02:12,1
821961,02265,173,PE,3680,ANC,,,full,,,serpost-via-peru-pe-cpn,,2026-05-24T12:02:12,2026-05-24T12:02:12,1
821962,02270,173,PE,3680,ANC,,,full,,,serpost-via-peru-pe-cpn,,2026-05-24T12:02:12,2026-05-24T12:02:12,1
821963,02273,173,PE,3680,ANC,,,full,,,serpost-via-peru-pe-cpn,,2026-05-24T12:02:12,2026-05-24T12:02:12,1
821964,02275,173,PE,3680,ANC,,,full,,,serpost-via-peru-pe-cpn,,2026-05-24T12:02:12,2026-05-24T12:02:12,1
821965,02279,173,PE,3680,ANC,,,full,,,serpost-via-peru-pe-cpn,,2026-05-24T12:02:12,2026-05-24T12:02:12,1
821966,02280,173,PE,3680,ANC,,,full,,,serpost-via-peru-pe-cpn,,2026-05-24T12:02:12,2026-05-24T12:02:12,1
821967,02283,173,PE,3680,ANC,,,full,,,serpost-via-peru-pe-cpn,,2026-05-24T12:02:12,2026-05-24T12:02:12,1
821968,02285,173,PE,3680,ANC,,,full,,,serpost-via-peru-pe-cpn,,2026-05-24T12:02:12,2026-05-24T12:02:12,1
821969,02289,173,PE,3680,ANC,,,full,,,serpost-via-peru-pe-cpn,,2026-05-24T12:02:12,2026-05-24T12:02:12,1
821970,02290,173,PE,3680,ANC,,,full,,,serpost-via-peru-pe-cpn,,2026-05-24T12:02:12,2026-05-24T12:02:12,1
821971,02291,173,PE,3680,ANC,,,full,,,serpost-via-peru-pe-cpn,,2026-05-24T12:02:12,2026-05-24T12:02:12,1
821972,02295,173,PE,3680,ANC,,,full,,,serpost-via-peru-pe-cpn,,2026-05-24T12:02:12,2026-05-24T12:02:12,1
821973,02300,173,PE,3680,ANC,,,full,,,serpost-via-peru-pe-cpn,,2026-05-24T12:02:12,2026-05-24T12:02:12,1
821974,02303,173,PE,3680,ANC,,,full,,,serpost-via-peru-pe-cpn,,2026-05-24T12:02:12,2026-05-24T12:02:12,1
821975,02304,173,PE,3680,ANC,,,full,,,serpost-via-peru-pe-cpn,,2026-05-24T12:02:12,2026-05-24T12:02:12,1
821976,02305,173,PE,3680,ANC,,,full,,,serpost-via-peru-pe-cpn,,2026-05-24T12:02:12,2026-05-24T12:02:12,1
821977,02310,173,PE,3680,ANC,,,full,,,serpost-via-peru-pe-cpn,,2026-05-24T12:02:12,2026-05-24T12:02:12,1
821978,02311,173,PE,3680,ANC,,,full,,,serpost-via-peru-pe-cpn,,2026-05-24T12:02:12,2026-05-24T12:02:12,1
821979,02314,173,PE,3680,ANC,,,full,,,serpost-via-peru-pe-cpn,,2026-05-24T12:02:12,2026-05-24T12:02:12,1
821980,02315,173,PE,3680,ANC,,,full,,,serpost-via-peru-pe-cpn,,2026-05-24T12:02:12,2026-05-24T12:02:12,1
821981,02318,173,PE,3680,ANC,,,full,,,serpost-via-peru-pe-cpn,,2026-05-24T12:02:12,2026-05-24T12:02:12,1
821982,02320,173,PE,3680,ANC,,,full,,,serpost-via-peru-pe-cpn,,2026-05-24T12:02:12,2026-05-24T12:02:12,1
821983,02324,173,PE,3680,ANC,,,full,,,serpost-via-peru-pe-cpn,,2026-05-24T12:02:12,2026-05-24T12:02:12,1
821984,02325,173,PE,3680,ANC,,,full,,,serpost-via-peru-pe-cpn,,2026-05-24T12:02:12,2026-05-24T12:02:12,1
821985,02330,173,PE,3680,ANC,,,full,,,serpost-via-peru-pe-cpn,,2026-05-24T12:02:12,2026-05-24T12:02:12,1
821986,02333,173,PE,3680,ANC,,,full,,,serpost-via-peru-pe-cpn,,2026-05-24T12:02:12,2026-05-24T12:02:12,1
821987,02335,173,PE,3680,ANC,,,full,,,serpost-via-peru-pe-cpn,,2026-05-24T12:02:12,2026-05-24T12:02:12,1
821988,02340,173,PE,3680,ANC,,,full,,,serpost-via-peru-pe-cpn,,2026-05-24T12:02:12,2026-05-24T12:02:12,1
821989,02342,173,PE,3680,ANC,,,full,,,serpost-via-peru-pe-cpn,,2026-05-24T12:02:12,2026-05-24T12:02:12,1
821990,02345,173,PE,3680,ANC,,,full,,,serpost-via-peru-pe-cpn,,2026-05-24T12:02:12,2026-05-24T12:02:12,1
821991,02348,173,PE,3680,ANC,,,full,,,serpost-via-peru-pe-cpn,,2026-05-24T12:02:12,2026-05-24T12:02:12,1
821992,02350,173,PE,3680,ANC,,,full,,,serpost-via-peru-pe-cpn,,2026-05-24T12:02:12,2026-05-24T12:02:12,1
821993,02352,173,PE,3680,ANC,,,full,,,serpost-via-peru-pe-cpn,,2026-05-24T12:02:12,2026-05-24T12:02:12,1
821994,02355,173,PE,3680,ANC,,,full,,,serpost-via-peru-pe-cpn,,2026-05-24T12:02:12,2026-05-24T12:02:12,1
821995,02358,173,PE,3680,ANC,,,full,,,serpost-via-peru-pe-cpn,,2026-05-24T12:02:12,2026-05-24T12:02:12,1
821996,02370,173,PE,3680,ANC,,,full,,,serpost-via-peru-pe-cpn,,2026-05-24T12:02:12,2026-05-24T12:02:12,1
821997,02375,173,PE,3680,ANC,,,full,,,serpost-via-peru-pe-cpn,,2026-05-24T12:02:12,2026-05-24T12:02:12,1
821998,02380,173,PE,3680,ANC,,,full,,,serpost-via-peru-pe-cpn,,2026-05-24T12:02:12,2026-05-24T12:02:12,1
821999,02385,173,PE,3680,ANC,,,full,,,serpost-via-peru-pe-cpn,,2026-05-24T12:02:12,2026-05-24T12:02:12,1
822000,02390,173,PE,3680,ANC,,,full,,,serpost-via-peru-pe-cpn,,2026-05-24T12:02:12,2026-05-24T12:02:12,1
822001,02391,173,PE,3680,ANC,,,full,,,serpost-via-peru-pe-cpn,,2026-05-24T12:02:12,2026-05-24T12:02:12,1
822002,02395,173,PE,3680,ANC,,,full,,,serpost-via-peru-pe-cpn,,2026-05-24T12:02:12,2026-05-24T12:02:12,1
822003,02396,173,PE,3680,ANC,,,full,,,serpost-via-peru-pe-cpn,,2026-05-24T12:02:12,2026-05-24T12:02:12,1
822004,02400,173,PE,3680,ANC,,,full,,,serpost-via-peru-pe-cpn,,2026-05-24T12:02:12,2026-05-24T12:02:12,1
822005,02403,173,PE,3680,ANC,,,full,,,serpost-via-peru-pe-cpn,,2026-05-24T12:02:12,2026-05-24T12:02:12,1
822006,02405,173,PE,3680,ANC,,,full,,,serpost-via-peru-pe-cpn,,2026-05-24T12:02:12,2026-05-24T12:02:12,1
822007,02407,173,PE,3680,ANC,,,full,,,serpost-via-peru-pe-cpn,,2026-05-24T12:02:12,2026-05-24T12:02:12,1
822008,02410,173,PE,3680,ANC,,,full,,,serpost-via-peru-pe-cpn,,2026-05-24T12:02:12,2026-05-24T12:02:12,1
822009,02413,173,PE,3680,ANC,,,full,,,serpost-via-peru-pe-cpn,,2026-05-24T12:02:12,2026-05-24T12:02:12,1
822010,02415,173,PE,3680,ANC,,,full,,,serpost-via-peru-pe-cpn,,2026-05-24T12:02:12,2026-05-24T12:02:12,1
822011,02420,173,PE,3680,ANC,,,full,,,serpost-via-peru-pe-cpn,,2026-05-24T12:02:12,2026-05-24T12:02:12,1
822012,02422,173,PE,3680,ANC,,,full,,,serpost-via-peru-pe-cpn,,2026-05-24T12:02:12,2026-05-24T12:02:12,1
822013,02425,173,PE,3680,ANC,,,full,,,serpost-via-peru-pe-cpn,,2026-05-24T12:02:12,2026-05-24T12:02:12,1
822014,02426,173,PE,3680,ANC,,,full,,,serpost-via-peru-pe-cpn,,2026-05-24T12:02:12,2026-05-24T12:02:12,1
822015,02430,173,PE,3680,ANC,,,full,,,serpost-via-peru-pe-cpn,,2026-05-24T12:02:12,2026-05-24T12:02:12,1
822016,02432,173,PE,3680,ANC,,,full,,,serpost-via-peru-pe-cpn,,2026-05-24T12:02:12,2026-05-24T12:02:12,1
822017,02435,173,PE,3680,ANC,,,full,,,serpost-via-peru-pe-cpn,,2026-05-24T12:02:12,2026-05-24T12:02:12,1
822018,02440,173,PE,3680,ANC,,,full,,,serpost-via-peru-pe-cpn,,2026-05-24T12:02:12,2026-05-24T12:02:12,1
822019,02441,173,PE,3680,ANC,,,full,,,serpost-via-peru-pe-cpn,,2026-05-24T12:02:12,2026-05-24T12:02:12,1
822020,02445,173,PE,3680,ANC,,,full,,,serpost-via-peru-pe-cpn,,2026-05-24T12:02:12,2026-05-24T12:02:12,1
822021,02447,173,PE,3680,ANC,,,full,,,serpost-via-peru-pe-cpn,,2026-05-24T12:02:12,2026-05-24T12:02:12,1
822022,02450,173,PE,3680,ANC,,,full,,,serpost-via-peru-pe-cpn,,2026-05-24T12:02:12,2026-05-24T12:02:12,1
822023,02455,173,PE,3680,ANC,,,full,,,serpost-via-peru-pe-cpn,,2026-05-24T12:02:12,2026-05-24T12:02:12,1
822024,02460,173,PE,3680,ANC,,,full,,,serpost-via-peru-pe-cpn,,2026-05-24T12:02:12,2026-05-24T12:02:12,1
822025,02465,173,PE,3680,ANC,,,full,,,serpost-via-peru-pe-cpn,,2026-05-24T12:02:12,2026-05-24T12:02:12,1
822026,02470,173,PE,3680,ANC,,,full,,,serpost-via-peru-pe-cpn,,2026-05-24T12:02:12,2026-05-24T12:02:12,1
822027,02475,173,PE,3680,ANC,,,full,,,serpost-via-peru-pe-cpn,,2026-05-24T12:02:12,2026-05-24T12:02:12,1
822028,02480,173,PE,3680,ANC,,,full,,,serpost-via-peru-pe-cpn,,2026-05-24T12:02:12,2026-05-24T12:02:12,1
822029,02483,173,PE,3680,ANC,,,full,,,serpost-via-peru-pe-cpn,,2026-05-24T12:02:12,2026-05-24T12:02:12,1
822030,02485,173,PE,3680,ANC,,,full,,,serpost-via-peru-pe-cpn,,2026-05-24T12:02:12,2026-05-24T12:02:12,1
822031,02489,173,PE,3680,ANC,,,full,,,serpost-via-peru-pe-cpn,,2026-05-24T12:02:12,2026-05-24T12:02:12,1
822032,02490,173,PE,3680,ANC,,,full,,,serpost-via-peru-pe-cpn,,2026-05-24T12:02:12,2026-05-24T12:02:12,1
822033,02495,173,PE,3680,ANC,,,full,,,serpost-via-peru-pe-cpn,,2026-05-24T12:02:12,2026-05-24T12:02:12,1
822034,02500,173,PE,3680,ANC,,,full,,,serpost-via-peru-pe-cpn,,2026-05-24T12:02:12,2026-05-24T12:02:12,1
822035,02510,173,PE,3680,ANC,,,full,,,serpost-via-peru-pe-cpn,,2026-05-24T12:02:12,2026-05-24T12:02:12,1
822036,02520,173,PE,3680,ANC,,,full,,,serpost-via-peru-pe-cpn,,2026-05-24T12:02:12,2026-05-24T12:02:12,1
822037,02530,173,PE,3680,ANC,,,full,,,serpost-via-peru-pe-cpn,,2026-05-24T12:02:12,2026-05-24T12:02:12,1
822038,02600,173,PE,3680,ANC,,,full,,,serpost-via-peru-pe-cpn,,2026-05-24T12:02:12,2026-05-24T12:02:12,1
822039,02603,173,PE,3680,ANC,,,full,,,serpost-via-peru-pe-cpn,,2026-05-24T12:02:12,2026-05-24T12:02:12,1
822040,02605,173,PE,3680,ANC,,,full,,,serpost-via-peru-pe-cpn,,2026-05-24T12:02:12,2026-05-24T12:02:12,1
822041,02607,173,PE,3680,ANC,,,full,,,serpost-via-peru-pe-cpn,,2026-05-24T12:02:12,2026-05-24T12:02:12,1
822042,02610,173,PE,3680,ANC,,,full,,,serpost-via-peru-pe-cpn,,2026-05-24T12:02:12,2026-05-24T12:02:12,1
822043,02613,173,PE,3680,ANC,,,full,,,serpost-via-peru-pe-cpn,,2026-05-24T12:02:12,2026-05-24T12:02:12,1
822044,02616,173,PE,3680,ANC,,,full,,,serpost-via-peru-pe-cpn,,2026-05-24T12:02:12,2026-05-24T12:02:12,1
822045,02618,173,PE,3680,ANC,,,full,,,serpost-via-peru-pe-cpn,,2026-05-24T12:02:12,2026-05-24T12:02:12,1
822046,02621,173,PE,3680,ANC,,,full,,,serpost-via-peru-pe-cpn,,2026-05-24T12:02:12,2026-05-24T12:02:12,1
822047,02625,173,PE,3680,ANC,,,full,,,serpost-via-peru-pe-cpn,,2026-05-24T12:02:12,2026-05-24T12:02:12,1
822048,02627,173,PE,3680,ANC,,,full,,,serpost-via-peru-pe-cpn,,2026-05-24T12:02:12,2026-05-24T12:02:12,1
822049,02630,173,PE,3680,ANC,,,full,,,serpost-via-peru-pe-cpn,,2026-05-24T12:02:12,2026-05-24T12:02:12,1
822050,02633,173,PE,3680,ANC,,,full,,,serpost-via-peru-pe-cpn,,2026-05-24T12:02:12,2026-05-24T12:02:12,1
822051,02635,173,PE,3680,ANC,,,full,,,serpost-via-peru-pe-cpn,,2026-05-24T12:02:12,2026-05-24T12:02:12,1
822052,02640,173,PE,3680,ANC,,,full,,,serpost-via-peru-pe-cpn,,2026-05-24T12:02:12,2026-05-24T12:02:12,1
822053,02645,173,PE,3680,ANC,,,full,,,serpost-via-peru-pe-cpn,,2026-05-24T12:02:12,2026-05-24T12:02:12,1
822054,02650,173,PE,3680,ANC,,,full,,,serpost-via-peru-pe-cpn,,2026-05-24T12:02:12,2026-05-24T12:02:12,1
822055,02651,173,PE,3680,ANC,,,full,,,serpost-via-peru-pe-cpn,,2026-05-24T12:02:12,2026-05-24T12:02:12,1
822056,02655,173,PE,3680,ANC,,,full,,,serpost-via-peru-pe-cpn,,2026-05-24T12:02:12,2026-05-24T12:02:12,1
822057,02660,173,PE,3680,ANC,,,full,,,serpost-via-peru-pe-cpn,,2026-05-24T12:02:12,2026-05-24T12:02:12,1
822058,02661,173,PE,3680,ANC,,,full,,,serpost-via-peru-pe-cpn,,2026-05-24T12:02:12,2026-05-24T12:02:12,1
822059,02665,173,PE,3680,ANC,,,full,,,serpost-via-peru-pe-cpn,,2026-05-24T12:02:12,2026-05-24T12:02:12,1
822060,02670,173,PE,3680,ANC,,,full,,,serpost-via-peru-pe-cpn,,2026-05-24T12:02:12,2026-05-24T12:02:12,1
822061,02675,173,PE,3680,ANC,,,full,,,serpost-via-peru-pe-cpn,,2026-05-24T12:02:12,2026-05-24T12:02:12,1
822062,02676,173,PE,3680,ANC,,,full,,,serpost-via-peru-pe-cpn,,2026-05-24T12:02:12,2026-05-24T12:02:12,1
822063,02680,173,PE,3680,ANC,,,full,,,serpost-via-peru-pe-cpn,,2026-05-24T12:02:12,2026-05-24T12:02:12,1
822064,02681,173,PE,3680,ANC,,,full,,,serpost-via-peru-pe-cpn,,2026-05-24T12:02:12,2026-05-24T12:02:12,1
822065,02685,173,PE,3680,ANC,,,full,,,serpost-via-peru-pe-cpn,,2026-05-24T12:02:12,2026-05-24T12:02:12,1
822066,02690,173,PE,3680,ANC,,,full,,,serpost-via-peru-pe-cpn,,2026-05-24T12:02:12,2026-05-24T12:02:12,1
822067,02695,173,PE,3680,ANC,,,full,,,serpost-via-peru-pe-cpn,,2026-05-24T12:02:12,2026-05-24T12:02:12,1
822068,02700,173,PE,3680,ANC,,,full,,,serpost-via-peru-pe-cpn,,2026-05-24T12:02:12,2026-05-24T12:02:12,1
822069,02710,173,PE,3680,ANC,,,full,,,serpost-via-peru-pe-cpn,,2026-05-24T12:02:12,2026-05-24T12:02:12,1
822070,02711,173,PE,3680,ANC,,,full,,,serpost-via-peru-pe-cpn,,2026-05-24T12:02:12,2026-05-24T12:02:12,1
822071,02712,173,PE,3680,ANC,,,full,,,serpost-via-peru-pe-cpn,,2026-05-24T12:02:12,2026-05-24T12:02:12,1
822072,02720,173,PE,3680,ANC,,,full,,,serpost-via-peru-pe-cpn,,2026-05-24T12:02:12,2026-05-24T12:02:12,1
822073,02721,173,PE,3680,ANC,,,full,,,serpost-via-peru-pe-cpn,,2026-05-24T12:02:12,2026-05-24T12:02:12,1
822074,02730,173,PE,3680,ANC,,,full,,,serpost-via-peru-pe-cpn,,2026-05-24T12:02:12,2026-05-24T12:02:12,1
822075,02731,173,PE,3680,ANC,,,full,,,serpost-via-peru-pe-cpn,,2026-05-24T12:02:12,2026-05-24T12:02:12,1
822076,02740,173,PE,3680,ANC,,,full,,,serpost-via-peru-pe-cpn,,2026-05-24T12:02:12,2026-05-24T12:02:12,1
822077,02741,173,PE,3680,ANC,,,full,,,serpost-via-peru-pe-cpn,,2026-05-24T12:02:12,2026-05-24T12:02:12,1
822078,02800,173,PE,3680,ANC,,,full,,,serpost-via-peru-pe-cpn,,2026-05-24T12:02:12,2026-05-24T12:02:12,1
822079,02801,173,PE,3680,ANC,,,full,,,serpost-via-peru-pe-cpn,,2026-05-24T12:02:12,2026-05-24T12:02:12,1
822080,02802,173,PE,3680,ANC,,,full,,,serpost-via-peru-pe-cpn,,2026-05-24T12:02:12,2026-05-24T12:02:12,1
822081,02803,173,PE,3680,ANC,,,full,,,serpost-via-peru-pe-cpn,,2026-05-24T12:02:12,2026-05-24T12:02:12,1
822082,02804,173,PE,3680,ANC,,,full,,,serpost-via-peru-pe-cpn,,2026-05-24T12:02:12,2026-05-24T12:02:12,1
822083,02811,173,PE,3680,ANC,,,full,,,serpost-via-peru-pe-cpn,,2026-05-24T12:02:12,2026-05-24T12:02:12,1
822084,02815,173,PE,3680,ANC,,,full,,,serpost-via-peru-pe-cpn,,2026-05-24T12:02:12,2026-05-24T12:02:12,1
822085,02816,173,PE,3680,ANC,,,full,,,serpost-via-peru-pe-cpn,,2026-05-24T12:02:12,2026-05-24T12:02:12,1
822086,02820,173,PE,3680,ANC,,,full,,,serpost-via-peru-pe-cpn,,2026-05-24T12:02:12,2026-05-24T12:02:12,1
822087,02825,173,PE,3680,ANC,,,full,,,serpost-via-peru-pe-cpn,,2026-05-24T12:02:12,2026-05-24T12:02:12,1
822088,02830,173,PE,3680,ANC,,,full,,,serpost-via-peru-pe-cpn,,2026-05-24T12:02:12,2026-05-24T12:02:12,1
822089,02835,173,PE,3680,ANC,,,full,,,serpost-via-peru-pe-cpn,,2026-05-24T12:02:12,2026-05-24T12:02:12,1
822090,02840,173,PE,3680,ANC,,,full,,,serpost-via-peru-pe-cpn,,2026-05-24T12:02:12,2026-05-24T12:02:12,1
822091,02845,173,PE,3680,ANC,,,full,,,serpost-via-peru-pe-cpn,,2026-05-24T12:02:12,2026-05-24T12:02:12,1
822092,02850,173,PE,3680,ANC,,,full,,,serpost-via-peru-pe-cpn,,2026-05-24T12:02:12,2026-05-24T12:02:12,1
822093,02855,173,PE,3680,ANC,,,full,,,serpost-via-peru-pe-cpn,,2026-05-24T12:02:12,2026-05-24T12:02:12,1
822094,02860,173,PE,3680,ANC,,,full,,,serpost-via-peru-pe-cpn,,2026-05-24T12:02:12,2026-05-24T12:02:12,1
822095,02865,173,PE,3680,ANC,,,full,,,serpost-via-peru-pe-cpn,,2026-05-24T12:02:12,2026-05-24T12:02:12,1
822096,02866,173,PE,3680,ANC,,,full,,,serpost-via-peru-pe-cpn,,2026-05-24T12:02:12,2026-05-24T12:02:12,1
822097,02870,173,PE,3680,ANC,,,full,,,serpost-via-peru-pe-cpn,,2026-05-24T12:02:12,2026-05-24T12:02:12,1
822098,02875,173,PE,3680,ANC,,,full,,,serpost-via-peru-pe-cpn,,2026-05-24T12:02:12,2026-05-24T12:02:12,1
822099,02876,173,PE,3680,ANC,,,full,,,serpost-via-peru-pe-cpn,,2026-05-24T12:02:12,2026-05-24T12:02:12,1
822100,03000,173,PE,3699,APU,,,full,,,serpost-via-peru-pe-cpn,,2026-05-24T12:02:12,2026-05-24T12:02:12,1
822101,03001,173,PE,3699,APU,,,full,,,serpost-via-peru-pe-cpn,,2026-05-24T12:02:12,2026-05-24T12:02:12,1
822102,03100,173,PE,3699,APU,,,full,,,serpost-via-peru-pe-cpn,,2026-05-24T12:02:12,2026-05-24T12:02:12,1
822103,03101,173,PE,3699,APU,,,full,,,serpost-via-peru-pe-cpn,,2026-05-24T12:02:12,2026-05-24T12:02:12,1
822104,03110,173,PE,3699,APU,,,full,,,serpost-via-peru-pe-cpn,,2026-05-24T12:02:12,2026-05-24T12:02:12,1
822105,03120,173,PE,3699,APU,,,full,,,serpost-via-peru-pe-cpn,,2026-05-24T12:02:12,2026-05-24T12:02:12,1
822106,03200,173,PE,3699,APU,,,full,,,serpost-via-peru-pe-cpn,,2026-05-24T12:02:12,2026-05-24T12:02:12,1
822107,03210,173,PE,3699,APU,,,full,,,serpost-via-peru-pe-cpn,,2026-05-24T12:02:12,2026-05-24T12:02:12,1
822108,03220,173,PE,3699,APU,,,full,,,serpost-via-peru-pe-cpn,,2026-05-24T12:02:12,2026-05-24T12:02:12,1
822109,03221,173,PE,3699,APU,,,full,,,serpost-via-peru-pe-cpn,,2026-05-24T12:02:12,2026-05-24T12:02:12,1
822110,03230,173,PE,3699,APU,,,full,,,serpost-via-peru-pe-cpn,,2026-05-24T12:02:12,2026-05-24T12:02:12,1
822111,03240,173,PE,3699,APU,,,full,,,serpost-via-peru-pe-cpn,,2026-05-24T12:02:12,2026-05-24T12:02:12,1
822112,03241,173,PE,3699,APU,,,full,,,serpost-via-peru-pe-cpn,,2026-05-24T12:02:12,2026-05-24T12:02:12,1
822113,03250,173,PE,3699,APU,,,full,,,serpost-via-peru-pe-cpn,,2026-05-24T12:02:12,2026-05-24T12:02:12,1
822114,03251,173,PE,3699,APU,,,full,,,serpost-via-peru-pe-cpn,,2026-05-24T12:02:12,2026-05-24T12:02:12,1
822115,03260,173,PE,3699,APU,,,full,,,serpost-via-peru-pe-cpn,,2026-05-24T12:02:12,2026-05-24T12:02:12,1
822116,03261,173,PE,3699,APU,,,full,,,serpost-via-peru-pe-cpn,,2026-05-24T12:02:12,2026-05-24T12:02:12,1
822117,03270,173,PE,3699,APU,,,full,,,serpost-via-peru-pe-cpn,,2026-05-24T12:02:12,2026-05-24T12:02:12,1
822118,03271,173,PE,3699,APU,,,full,,,serpost-via-peru-pe-cpn,,2026-05-24T12:02:12,2026-05-24T12:02:12,1
822119,03280,173,PE,3699,APU,,,full,,,serpost-via-peru-pe-cpn,,2026-05-24T12:02:12,2026-05-24T12:02:12,1
822120,03290,173,PE,3699,APU,,,full,,,serpost-via-peru-pe-cpn,,2026-05-24T12:02:12,2026-05-24T12:02:12,1
822121,03300,173,PE,3699,APU,,,full,,,serpost-via-peru-pe-cpn,,2026-05-24T12:02:12,2026-05-24T12:02:12,1
822122,03301,173,PE,3699,APU,,,full,,,serpost-via-peru-pe-cpn,,2026-05-24T12:02:12,2026-05-24T12:02:12,1
822123,03305,173,PE,3699,APU,,,full,,,serpost-via-peru-pe-cpn,,2026-05-24T12:02:12,2026-05-24T12:02:12,1
822124,03310,173,PE,3699,APU,,,full,,,serpost-via-peru-pe-cpn,,2026-05-24T12:02:12,2026-05-24T12:02:12,1
822125,03311,173,PE,3699,APU,,,full,,,serpost-via-peru-pe-cpn,,2026-05-24T12:02:12,2026-05-24T12:02:12,1
822126,03315,173,PE,3699,APU,,,full,,,serpost-via-peru-pe-cpn,,2026-05-24T12:02:12,2026-05-24T12:02:12,1
822127,03320,173,PE,3699,APU,,,full,,,serpost-via-peru-pe-cpn,,2026-05-24T12:02:12,2026-05-24T12:02:12,1
822128,03325,173,PE,3699,APU,,,full,,,serpost-via-peru-pe-cpn,,2026-05-24T12:02:12,2026-05-24T12:02:12,1
822129,03330,173,PE,3699,APU,,,full,,,serpost-via-peru-pe-cpn,,2026-05-24T12:02:12,2026-05-24T12:02:12,1
822130,03335,173,PE,3699,APU,,,full,,,serpost-via-peru-pe-cpn,,2026-05-24T12:02:12,2026-05-24T12:02:12,1
822131,03340,173,PE,3699,APU,,,full,,,serpost-via-peru-pe-cpn,,2026-05-24T12:02:12,2026-05-24T12:02:12,1
822132,03345,173,PE,3699,APU,,,full,,,serpost-via-peru-pe-cpn,,2026-05-24T12:02:12,2026-05-24T12:02:12,1
822133,03350,173,PE,3699,APU,,,full,,,serpost-via-peru-pe-cpn,,2026-05-24T12:02:12,2026-05-24T12:02:12,1
822134,03355,173,PE,3699,APU,,,full,,,serpost-via-peru-pe-cpn,,2026-05-24T12:02:12,2026-05-24T12:02:12,1
822135,03360,173,PE,3699,APU,,,full,,,serpost-via-peru-pe-cpn,,2026-05-24T12:02:12,2026-05-24T12:02:12,1
822136,03400,173,PE,3699,APU,,,full,,,serpost-via-peru-pe-cpn,,2026-05-24T12:02:12,2026-05-24T12:02:12,1
822137,03405,173,PE,3699,APU,,,full,,,serpost-via-peru-pe-cpn,,2026-05-24T12:02:12,2026-05-24T12:02:12,1
822138,03410,173,PE,3699,APU,,,full,,,serpost-via-peru-pe-cpn,,2026-05-24T12:02:12,2026-05-24T12:02:12,1
822139,03415,173,PE,3699,APU,,,full,,,serpost-via-peru-pe-cpn,,2026-05-24T12:02:12,2026-05-24T12:02:12,1
822140,03420,173,PE,3699,APU,,,full,,,serpost-via-peru-pe-cpn,,2026-05-24T12:02:12,2026-05-24T12:02:12,1
822141,03425,173,PE,3699,APU,,,full,,,serpost-via-peru-pe-cpn,,2026-05-24T12:02:12,2026-05-24T12:02:12,1
822142,03430,173,PE,3699,APU,,,full,,,serpost-via-peru-pe-cpn,,2026-05-24T12:02:12,2026-05-24T12:02:12,1
822143,03435,173,PE,3699,APU,,,full,,,serpost-via-peru-pe-cpn,,2026-05-24T12:02:12,2026-05-24T12:02:12,1
822144,03440,173,PE,3699,APU,,,full,,,serpost-via-peru-pe-cpn,,2026-05-24T12:02:12,2026-05-24T12:02:12,1
822145,03445,173,PE,3699,APU,,,full,,,serpost-via-peru-pe-cpn,,2026-05-24T12:02:12,2026-05-24T12:02:12,1
822146,03450,173,PE,3699,APU,,,full,,,serpost-via-peru-pe-cpn,,2026-05-24T12:02:12,2026-05-24T12:02:12,1
822147,03455,173,PE,3699,APU,,,full,,,serpost-via-peru-pe-cpn,,2026-05-24T12:02:12,2026-05-24T12:02:12,1
822148,03460,173,PE,3699,APU,,,full,,,serpost-via-peru-pe-cpn,,2026-05-24T12:02:12,2026-05-24T12:02:12,1
822149,03465,173,PE,3699,APU,,,full,,,serpost-via-peru-pe-cpn,,2026-05-24T12:02:12,2026-05-24T12:02:12,1
822150,03470,173,PE,3699,APU,,,full,,,serpost-via-peru-pe-cpn,,2026-05-24T12:02:12,2026-05-24T12:02:12,1
822151,03475,173,PE,3699,APU,,,full,,,serpost-via-peru-pe-cpn,,2026-05-24T12:02:12,2026-05-24T12:02:12,1
822152,03500,173,PE,3699,APU,,,full,,,serpost-via-peru-pe-cpn,,2026-05-24T12:02:12,2026-05-24T12:02:12,1
822153,03510,173,PE,3699,APU,,,full,,,serpost-via-peru-pe-cpn,,2026-05-24T12:02:12,2026-05-24T12:02:12,1
822154,03520,173,PE,3699,APU,,,full,,,serpost-via-peru-pe-cpn,,2026-05-24T12:02:12,2026-05-24T12:02:12,1
822155,03530,173,PE,3699,APU,,,full,,,serpost-via-peru-pe-cpn,,2026-05-24T12:02:12,2026-05-24T12:02:12,1
822156,03540,173,PE,3699,APU,,,full,,,serpost-via-peru-pe-cpn,,2026-05-24T12:02:12,2026-05-24T12:02:12,1
822157,03550,173,PE,3699,APU,,,full,,,serpost-via-peru-pe-cpn,,2026-05-24T12:02:12,2026-05-24T12:02:12,1
822158,03560,173,PE,3699,APU,,,full,,,serpost-via-peru-pe-cpn,,2026-05-24T12:02:12,2026-05-24T12:02:12,1
822159,03570,173,PE,3699,APU,,,full,,,serpost-via-peru-pe-cpn,,2026-05-24T12:02:12,2026-05-24T12:02:12,1
822160,03580,173,PE,3699,APU,,,full,,,serpost-via-peru-pe-cpn,,2026-05-24T12:02:12,2026-05-24T12:02:12,1
822161,03600,173,PE,3699,APU,,,full,,,serpost-via-peru-pe-cpn,,2026-05-24T12:02:12,2026-05-24T12:02:12,1
822162,03610,173,PE,3699,APU,,,full,,,serpost-via-peru-pe-cpn,,2026-05-24T12:02:12,2026-05-24T12:02:12,1
822163,03620,173,PE,3699,APU,,,full,,,serpost-via-peru-pe-cpn,,2026-05-24T12:02:12,2026-05-24T12:02:12,1
822164,03630,173,PE,3699,APU,,,full,,,serpost-via-peru-pe-cpn,,2026-05-24T12:02:12,2026-05-24T12:02:12,1
822165,03640,173,PE,3699,APU,,,full,,,serpost-via-peru-pe-cpn,,2026-05-24T12:02:12,2026-05-24T12:02:12,1
822166,03650,173,PE,3699,APU,,,full,,,serpost-via-peru-pe-cpn,,2026-05-24T12:02:12,2026-05-24T12:02:12,1
822167,03660,173,PE,3699,APU,,,full,,,serpost-via-peru-pe-cpn,,2026-05-24T12:02:12,2026-05-24T12:02:12,1
822168,03670,173,PE,3699,APU,,,full,,,serpost-via-peru-pe-cpn,,2026-05-24T12:02:12,2026-05-24T12:02:12,1
822169,03680,173,PE,3699,APU,,,full,,,serpost-via-peru-pe-cpn,,2026-05-24T12:02:12,2026-05-24T12:02:12,1
822170,03700,173,PE,3699,APU,,,full,,,serpost-via-peru-pe-cpn,,2026-05-24T12:02:12,2026-05-24T12:02:12,1
822171,03701,173,PE,3699,APU,,,full,,,serpost-via-peru-pe-cpn,,2026-05-24T12:02:12,2026-05-24T12:02:12,1
822172,03730,173,PE,3699,APU,,,full,,,serpost-via-peru-pe-cpn,,2026-05-24T12:02:12,2026-05-24T12:02:12,1
822173,03731,173,PE,3699,APU,,,full,,,serpost-via-peru-pe-cpn,,2026-05-24T12:02:12,2026-05-24T12:02:12,1
822174,03740,173,PE,3699,APU,,,full,,,serpost-via-peru-pe-cpn,,2026-05-24T12:02:12,2026-05-24T12:02:12,1
822175,03741,173,PE,3699,APU,,,full,,,serpost-via-peru-pe-cpn,,2026-05-24T12:02:12,2026-05-24T12:02:12,1
822176,03750,173,PE,3699,APU,,,full,,,serpost-via-peru-pe-cpn,,2026-05-24T12:02:12,2026-05-24T12:02:12,1
822177,03760,173,PE,3699,APU,,,full,,,serpost-via-peru-pe-cpn,,2026-05-24T12:02:12,2026-05-24T12:02:12,1
822178,03761,173,PE,3699,APU,,,full,,,serpost-via-peru-pe-cpn,,2026-05-24T12:02:12,2026-05-24T12:02:12,1
822179,03770,173,PE,3699,APU,,,full,,,serpost-via-peru-pe-cpn,,2026-05-24T12:02:12,2026-05-24T12:02:12,1
822180,03780,173,PE,3699,APU,,,full,,,serpost-via-peru-pe-cpn,,2026-05-24T12:02:12,2026-05-24T12:02:12,1
822181,03781,173,PE,3699,APU,,,full,,,serpost-via-peru-pe-cpn,,2026-05-24T12:02:12,2026-05-24T12:02:12,1
822182,03800,173,PE,3699,APU,,,full,,,serpost-via-peru-pe-cpn,,2026-05-24T12:02:12,2026-05-24T12:02:12,1
822183,03801,173,PE,3699,APU,,,full,,,serpost-via-peru-pe-cpn,,2026-05-24T12:02:12,2026-05-24T12:02:12,1
822184,03810,173,PE,3699,APU,,,full,,,serpost-via-peru-pe-cpn,,2026-05-24T12:02:12,2026-05-24T12:02:12,1
822185,03820,173,PE,3699,APU,,,full,,,serpost-via-peru-pe-cpn,,2026-05-24T12:02:12,2026-05-24T12:02:12,1
822186,03830,173,PE,3699,APU,,,full,,,serpost-via-peru-pe-cpn,,2026-05-24T12:02:12,2026-05-24T12:02:12,1
822187,03840,173,PE,3699,APU,,,full,,,serpost-via-peru-pe-cpn,,2026-05-24T12:02:12,2026-05-24T12:02:12,1
822188,03841,173,PE,3699,APU,,,full,,,serpost-via-peru-pe-cpn,,2026-05-24T12:02:12,2026-05-24T12:02:12,1
822189,03850,173,PE,3699,APU,,,full,,,serpost-via-peru-pe-cpn,,2026-05-24T12:02:12,2026-05-24T12:02:12,1
822190,03851,173,PE,3699,APU,,,full,,,serpost-via-peru-pe-cpn,,2026-05-24T12:02:12,2026-05-24T12:02:12,1
822191,03860,173,PE,3699,APU,,,full,,,serpost-via-peru-pe-cpn,,2026-05-24T12:02:12,2026-05-24T12:02:12,1
822192,03861,173,PE,3699,APU,,,full,,,serpost-via-peru-pe-cpn,,2026-05-24T12:02:12,2026-05-24T12:02:12,1
822193,03870,173,PE,3699,APU,,,full,,,serpost-via-peru-pe-cpn,,2026-05-24T12:02:12,2026-05-24T12:02:12,1
822194,03871,173,PE,3699,APU,,,full,,,serpost-via-peru-pe-cpn,,2026-05-24T12:02:12,2026-05-24T12:02:12,1
822195,03880,173,PE,3699,APU,,,full,,,serpost-via-peru-pe-cpn,,2026-05-24T12:02:12,2026-05-24T12:02:12,1
822196,03881,173,PE,3699,APU,,,full,,,serpost-via-peru-pe-cpn,,2026-05-24T12:02:12,2026-05-24T12:02:12,1
822197,04000,173,PE,3681,ARE,,,full,,,serpost-via-peru-pe-cpn,,2026-05-24T12:02:12,2026-05-24T12:02:12,1
822198,04001,173,PE,3681,ARE,,,full,,,serpost-via-peru-pe-cpn,,2026-05-24T12:02:12,2026-05-24T12:02:12,1
822199,04002,173,PE,3681,ARE,,,full,,,serpost-via-peru-pe-cpn,,2026-05-24T12:02:12,2026-05-24T12:02:12,1
822200,04003,173,PE,3681,ARE,,,full,,,serpost-via-peru-pe-cpn,,2026-05-24T12:02:12,2026-05-24T12:02:12,1
822201,04004,173,PE,3681,ARE,,,full,,,serpost-via-peru-pe-cpn,,2026-05-24T12:02:12,2026-05-24T12:02:12,1
822202,04006,173,PE,3681,ARE,,,full,,,serpost-via-peru-pe-cpn,,2026-05-24T12:02:12,2026-05-24T12:02:12,1
822203,04007,173,PE,3681,ARE,,,full,,,serpost-via-peru-pe-cpn,,2026-05-24T12:02:12,2026-05-24T12:02:12,1
822204,04008,173,PE,3681,ARE,,,full,,,serpost-via-peru-pe-cpn,,2026-05-24T12:02:12,2026-05-24T12:02:12,1
822205,04009,173,PE,3681,ARE,,,full,,,serpost-via-peru-pe-cpn,,2026-05-24T12:02:12,2026-05-24T12:02:12,1
822206,04011,173,PE,3681,ARE,,,full,,,serpost-via-peru-pe-cpn,,2026-05-24T12:02:12,2026-05-24T12:02:12,1
822207,04012,173,PE,3681,ARE,,,full,,,serpost-via-peru-pe-cpn,,2026-05-24T12:02:12,2026-05-24T12:02:12,1
822208,04013,173,PE,3681,ARE,,,full,,,serpost-via-peru-pe-cpn,,2026-05-24T12:02:12,2026-05-24T12:02:12,1
822209,04014,173,PE,3681,ARE,,,full,,,serpost-via-peru-pe-cpn,,2026-05-24T12:02:12,2026-05-24T12:02:12,1
822210,04016,173,PE,3681,ARE,,,full,,,serpost-via-peru-pe-cpn,,2026-05-24T12:02:12,2026-05-24T12:02:12,1
822211,04017,173,PE,3681,ARE,,,full,,,serpost-via-peru-pe-cpn,,2026-05-24T12:02:12,2026-05-24T12:02:12,1
822212,04018,173,PE,3681,ARE,,,full,,,serpost-via-peru-pe-cpn,,2026-05-24T12:02:12,2026-05-24T12:02:12,1
822213,04076,173,PE,3681,ARE,,,full,,,serpost-via-peru-pe-cpn,,2026-05-24T12:02:12,2026-05-24T12:02:12,1
822214,04100,173,PE,3681,ARE,,,full,,,serpost-via-peru-pe-cpn,,2026-05-24T12:02:12,2026-05-24T12:02:12,1
822215,04102,173,PE,3681,ARE,,,full,,,serpost-via-peru-pe-cpn,,2026-05-24T12:02:12,2026-05-24T12:02:12,1
822216,04105,173,PE,3681,ARE,,,full,,,serpost-via-peru-pe-cpn,,2026-05-24T12:02:12,2026-05-24T12:02:12,1
822217,04108,173,PE,3681,ARE,,,full,,,serpost-via-peru-pe-cpn,,2026-05-24T12:02:12,2026-05-24T12:02:12,1
822218,04110,173,PE,3681,ARE,,,full,,,serpost-via-peru-pe-cpn,,2026-05-24T12:02:12,2026-05-24T12:02:12,1
822219,04112,173,PE,3681,ARE,,,full,,,serpost-via-peru-pe-cpn,,2026-05-24T12:02:12,2026-05-24T12:02:12,1
822220,04115,173,PE,3681,ARE,,,full,,,serpost-via-peru-pe-cpn,,2026-05-24T12:02:12,2026-05-24T12:02:12,1
822221,04118,173,PE,3681,ARE,,,full,,,serpost-via-peru-pe-cpn,,2026-05-24T12:02:12,2026-05-24T12:02:12,1
822222,04120,173,PE,3681,ARE,,,full,,,serpost-via-peru-pe-cpn,,2026-05-24T12:02:12,2026-05-24T12:02:12,1
822223,04124,173,PE,3681,ARE,,,full,,,serpost-via-peru-pe-cpn,,2026-05-24T12:02:12,2026-05-24T12:02:12,1
822224,04125,173,PE,3681,ARE,,,full,,,serpost-via-peru-pe-cpn,,2026-05-24T12:02:12,2026-05-24T12:02:12,1
822225,04130,173,PE,3681,ARE,,,full,,,serpost-via-peru-pe-cpn,,2026-05-24T12:02:12,2026-05-24T12:02:12,1
822226,04135,173,PE,3681,ARE,,,full,,,serpost-via-peru-pe-cpn,,2026-05-24T12:02:12,2026-05-24T12:02:12,1
822227,04140,173,PE,3681,ARE,,,full,,,serpost-via-peru-pe-cpn,,2026-05-24T12:02:12,2026-05-24T12:02:12,1
822228,04145,173,PE,3681,ARE,,,full,,,serpost-via-peru-pe-cpn,,2026-05-24T12:02:12,2026-05-24T12:02:12,1
822229,04146,173,PE,3681,ARE,,,full,,,serpost-via-peru-pe-cpn,,2026-05-24T12:02:12,2026-05-24T12:02:12,1
822230,04150,173,PE,3681,ARE,,,full,,,serpost-via-peru-pe-cpn,,2026-05-24T12:02:12,2026-05-24T12:02:12,1
822231,04155,173,PE,3681,ARE,,,full,,,serpost-via-peru-pe-cpn,,2026-05-24T12:02:12,2026-05-24T12:02:12,1
822232,04160,173,PE,3681,ARE,,,full,,,serpost-via-peru-pe-cpn,,2026-05-24T12:02:12,2026-05-24T12:02:12,1
822233,04165,173,PE,3681,ARE,,,full,,,serpost-via-peru-pe-cpn,,2026-05-24T12:02:12,2026-05-24T12:02:12,1
822234,04170,173,PE,3681,ARE,,,full,,,serpost-via-peru-pe-cpn,,2026-05-24T12:02:12,2026-05-24T12:02:12,1
822235,04175,173,PE,3681,ARE,,,full,,,serpost-via-peru-pe-cpn,,2026-05-24T12:02:12,2026-05-24T12:02:12,1
822236,04180,173,PE,3681,ARE,,,full,,,serpost-via-peru-pe-cpn,,2026-05-24T12:02:12,2026-05-24T12:02:12,1
822237,04185,173,PE,3681,ARE,,,full,,,serpost-via-peru-pe-cpn,,2026-05-24T12:02:12,2026-05-24T12:02:12,1
822238,04190,173,PE,3681,ARE,,,full,,,serpost-via-peru-pe-cpn,,2026-05-24T12:02:12,2026-05-24T12:02:12,1
822239,04195,173,PE,3681,ARE,,,full,,,serpost-via-peru-pe-cpn,,2026-05-24T12:02:12,2026-05-24T12:02:12,1
822240,04200,173,PE,3681,ARE,,,full,,,serpost-via-peru-pe-cpn,,2026-05-24T12:02:12,2026-05-24T12:02:12,1
822241,04210,173,PE,3681,ARE,,,full,,,serpost-via-peru-pe-cpn,,2026-05-24T12:02:12,2026-05-24T12:02:12,1
822242,04220,173,PE,3681,ARE,,,full,,,serpost-via-peru-pe-cpn,,2026-05-24T12:02:12,2026-05-24T12:02:12,1
822243,04300,173,PE,3681,ARE,,,full,,,serpost-via-peru-pe-cpn,,2026-05-24T12:02:12,2026-05-24T12:02:12,1
822244,04310,173,PE,3681,ARE,,,full,,,serpost-via-peru-pe-cpn,,2026-05-24T12:02:12,2026-05-24T12:02:12,1
822245,04320,173,PE,3681,ARE,,,full,,,serpost-via-peru-pe-cpn,,2026-05-24T12:02:12,2026-05-24T12:02:12,1
822246,04330,173,PE,3681,ARE,,,full,,,serpost-via-peru-pe-cpn,,2026-05-24T12:02:12,2026-05-24T12:02:12,1
822247,04340,173,PE,3681,ARE,,,full,,,serpost-via-peru-pe-cpn,,2026-05-24T12:02:12,2026-05-24T12:02:12,1
822248,04400,173,PE,3681,ARE,,,full,,,serpost-via-peru-pe-cpn,,2026-05-24T12:02:12,2026-05-24T12:02:12,1
822249,04401,173,PE,3681,ARE,,,full,,,serpost-via-peru-pe-cpn,,2026-05-24T12:02:12,2026-05-24T12:02:12,1
822250,04405,173,PE,3681,ARE,,,full,,,serpost-via-peru-pe-cpn,,2026-05-24T12:02:12,2026-05-24T12:02:12,1
822251,04406,173,PE,3681,ARE,,,full,,,serpost-via-peru-pe-cpn,,2026-05-24T12:02:12,2026-05-24T12:02:12,1
822252,04410,173,PE,3681,ARE,,,full,,,serpost-via-peru-pe-cpn,,2026-05-24T12:02:12,2026-05-24T12:02:12,1
822253,04415,173,PE,3681,ARE,,,full,,,serpost-via-peru-pe-cpn,,2026-05-24T12:02:12,2026-05-24T12:02:12,1
822254,04416,173,PE,3681,ARE,,,full,,,serpost-via-peru-pe-cpn,,2026-05-24T12:02:12,2026-05-24T12:02:12,1
822255,04420,173,PE,3681,ARE,,,full,,,serpost-via-peru-pe-cpn,,2026-05-24T12:02:12,2026-05-24T12:02:12,1
822256,04425,173,PE,3681,ARE,,,full,,,serpost-via-peru-pe-cpn,,2026-05-24T12:02:12,2026-05-24T12:02:12,1
822257,04426,173,PE,3681,ARE,,,full,,,serpost-via-peru-pe-cpn,,2026-05-24T12:02:12,2026-05-24T12:02:12,1
822258,04430,173,PE,3681,ARE,,,full,,,serpost-via-peru-pe-cpn,,2026-05-24T12:02:12,2026-05-24T12:02:12,1
822259,04431,173,PE,3681,ARE,,,full,,,serpost-via-peru-pe-cpn,,2026-05-24T12:02:12,2026-05-24T12:02:12,1
822260,04435,173,PE,3681,ARE,,,full,,,serpost-via-peru-pe-cpn,,2026-05-24T12:02:12,2026-05-24T12:02:12,1
822261,04436,173,PE,3681,ARE,,,full,,,serpost-via-peru-pe-cpn,,2026-05-24T12:02:12,2026-05-24T12:02:12,1
822262,04440,173,PE,3681,ARE,,,full,,,serpost-via-peru-pe-cpn,,2026-05-24T12:02:12,2026-05-24T12:02:12,1
822263,04445,173,PE,3681,ARE,,,full,,,serpost-via-peru-pe-cpn,,2026-05-24T12:02:12,2026-05-24T12:02:12,1
822264,04446,173,PE,3681,ARE,,,full,,,serpost-via-peru-pe-cpn,,2026-05-24T12:02:12,2026-05-24T12:02:12,1
822265,04450,173,PE,3681,ARE,,,full,,,serpost-via-peru-pe-cpn,,2026-05-24T12:02:12,2026-05-24T12:02:12,1
822266,04451,173,PE,3681,ARE,,,full,,,serpost-via-peru-pe-cpn,,2026-05-24T12:02:12,2026-05-24T12:02:12,1
822267,04455,173,PE,3681,ARE,,,full,,,serpost-via-peru-pe-cpn,,2026-05-24T12:02:12,2026-05-24T12:02:12,1
822268,04456,173,PE,3681,ARE,,,full,,,serpost-via-peru-pe-cpn,,2026-05-24T12:02:12,2026-05-24T12:02:12,1
822269,04460,173,PE,3681,ARE,,,full,,,serpost-via-peru-pe-cpn,,2026-05-24T12:02:12,2026-05-24T12:02:12,1
822270,04465,173,PE,3681,ARE,,,full,,,serpost-via-peru-pe-cpn,,2026-05-24T12:02:12,2026-05-24T12:02:12,1
822271,04466,173,PE,3681,ARE,,,full,,,serpost-via-peru-pe-cpn,,2026-05-24T12:02:12,2026-05-24T12:02:12,1
822272,04470,173,PE,3681,ARE,,,full,,,serpost-via-peru-pe-cpn,,2026-05-24T12:02:12,2026-05-24T12:02:12,1
822273,04475,173,PE,3681,ARE,,,full,,,serpost-via-peru-pe-cpn,,2026-05-24T12:02:12,2026-05-24T12:02:12,1
822274,04500,173,PE,3681,ARE,,,full,,,serpost-via-peru-pe-cpn,,2026-05-24T12:02:12,2026-05-24T12:02:12,1
822275,04501,173,PE,3681,ARE,,,full,,,serpost-via-peru-pe-cpn,,2026-05-24T12:02:12,2026-05-24T12:02:12,1
822276,04510,173,PE,3681,ARE,,,full,,,serpost-via-peru-pe-cpn,,2026-05-24T12:02:12,2026-05-24T12:02:12,1
822277,04520,173,PE,3681,ARE,,,full,,,serpost-via-peru-pe-cpn,,2026-05-24T12:02:12,2026-05-24T12:02:12,1
822278,04530,173,PE,3681,ARE,,,full,,,serpost-via-peru-pe-cpn,,2026-05-24T12:02:12,2026-05-24T12:02:12,1
822279,04540,173,PE,3681,ARE,,,full,,,serpost-via-peru-pe-cpn,,2026-05-24T12:02:12,2026-05-24T12:02:12,1
822280,04550,173,PE,3681,ARE,,,full,,,serpost-via-peru-pe-cpn,,2026-05-24T12:02:12,2026-05-24T12:02:12,1
822281,04560,173,PE,3681,ARE,,,full,,,serpost-via-peru-pe-cpn,,2026-05-24T12:02:12,2026-05-24T12:02:12,1
822282,04570,173,PE,3681,ARE,,,full,,,serpost-via-peru-pe-cpn,,2026-05-24T12:02:12,2026-05-24T12:02:12,1
822283,04580,173,PE,3681,ARE,,,full,,,serpost-via-peru-pe-cpn,,2026-05-24T12:02:12,2026-05-24T12:02:12,1
822284,04590,173,PE,3681,ARE,,,full,,,serpost-via-peru-pe-cpn,,2026-05-24T12:02:12,2026-05-24T12:02:12,1
822285,04600,173,PE,3681,ARE,,,full,,,serpost-via-peru-pe-cpn,,2026-05-24T12:02:12,2026-05-24T12:02:12,1
822286,04601,173,PE,3681,ARE,,,full,,,serpost-via-peru-pe-cpn,,2026-05-24T12:02:12,2026-05-24T12:02:12,1
822287,04605,173,PE,3681,ARE,,,full,,,serpost-via-peru-pe-cpn,,2026-05-24T12:02:12,2026-05-24T12:02:12,1
822288,04606,173,PE,3681,ARE,,,full,,,serpost-via-peru-pe-cpn,,2026-05-24T12:02:12,2026-05-24T12:02:12,1
822289,04610,173,PE,3681,ARE,,,full,,,serpost-via-peru-pe-cpn,,2026-05-24T12:02:12,2026-05-24T12:02:12,1
822290,04615,173,PE,3681,ARE,,,full,,,serpost-via-peru-pe-cpn,,2026-05-24T12:02:12,2026-05-24T12:02:12,1
822291,04620,173,PE,3681,ARE,,,full,,,serpost-via-peru-pe-cpn,,2026-05-24T12:02:12,2026-05-24T12:02:12,1
822292,04625,173,PE,3681,ARE,,,full,,,serpost-via-peru-pe-cpn,,2026-05-24T12:02:12,2026-05-24T12:02:12,1
822293,04630,173,PE,3681,ARE,,,full,,,serpost-via-peru-pe-cpn,,2026-05-24T12:02:12,2026-05-24T12:02:12,1
822294,04635,173,PE,3681,ARE,,,full,,,serpost-via-peru-pe-cpn,,2026-05-24T12:02:12,2026-05-24T12:02:12,1
822295,04640,173,PE,3681,ARE,,,full,,,serpost-via-peru-pe-cpn,,2026-05-24T12:02:12,2026-05-24T12:02:12,1
822296,04645,173,PE,3681,ARE,,,full,,,serpost-via-peru-pe-cpn,,2026-05-24T12:02:12,2026-05-24T12:02:12,1
822297,04650,173,PE,3681,ARE,,,full,,,serpost-via-peru-pe-cpn,,2026-05-24T12:02:12,2026-05-24T12:02:12,1
822298,04655,173,PE,3681,ARE,,,full,,,serpost-via-peru-pe-cpn,,2026-05-24T12:02:12,2026-05-24T12:02:12,1
822299,04656,173,PE,3681,ARE,,,full,,,serpost-via-peru-pe-cpn,,2026-05-24T12:02:12,2026-05-24T12:02:12,1
822300,04660,173,PE,3681,ARE,,,full,,,serpost-via-peru-pe-cpn,,2026-05-24T12:02:12,2026-05-24T12:02:12,1
822301,04665,173,PE,3681,ARE,,,full,,,serpost-via-peru-pe-cpn,,2026-05-24T12:02:12,2026-05-24T12:02:12,1
822302,04700,173,PE,3681,ARE,,,full,,,serpost-via-peru-pe-cpn,,2026-05-24T12:02:12,2026-05-24T12:02:12,1
822303,04710,173,PE,3681,ARE,,,full,,,serpost-via-peru-pe-cpn,,2026-05-24T12:02:12,2026-05-24T12:02:12,1
822304,04720,173,PE,3681,ARE,,,full,,,serpost-via-peru-pe-cpn,,2026-05-24T12:02:12,2026-05-24T12:02:12,1
822305,04730,173,PE,3681,ARE,,,full,,,serpost-via-peru-pe-cpn,,2026-05-24T12:02:12,2026-05-24T12:02:12,1
822306,04740,173,PE,3681,ARE,,,full,,,serpost-via-peru-pe-cpn,,2026-05-24T12:02:12,2026-05-24T12:02:12,1
822307,04750,173,PE,3681,ARE,,,full,,,serpost-via-peru-pe-cpn,,2026-05-24T12:02:12,2026-05-24T12:02:12,1
822308,04760,173,PE,3681,ARE,,,full,,,serpost-via-peru-pe-cpn,,2026-05-24T12:02:12,2026-05-24T12:02:12,1
822309,04770,173,PE,3681,ARE,,,full,,,serpost-via-peru-pe-cpn,,2026-05-24T12:02:12,2026-05-24T12:02:12,1
822310,04800,173,PE,3681,ARE,,,full,,,serpost-via-peru-pe-cpn,,2026-05-24T12:02:12,2026-05-24T12:02:12,1
822311,04805,173,PE,3681,ARE,,,full,,,serpost-via-peru-pe-cpn,,2026-05-24T12:02:12,2026-05-24T12:02:12,1
822312,04810,173,PE,3681,ARE,,,full,,,serpost-via-peru-pe-cpn,,2026-05-24T12:02:12,2026-05-24T12:02:12,1
822313,04815,173,PE,3681,ARE,,,full,,,serpost-via-peru-pe-cpn,,2026-05-24T12:02:12,2026-05-24T12:02:12,1
822314,04820,173,PE,3681,ARE,,,full,,,serpost-via-peru-pe-cpn,,2026-05-24T12:02:12,2026-05-24T12:02:12,1
822315,04825,173,PE,3681,ARE,,,full,,,serpost-via-peru-pe-cpn,,2026-05-24T12:02:12,2026-05-24T12:02:12,1
822316,04830,173,PE,3681,ARE,,,full,,,serpost-via-peru-pe-cpn,,2026-05-24T12:02:12,2026-05-24T12:02:12,1
822317,04835,173,PE,3681,ARE,,,full,,,serpost-via-peru-pe-cpn,,2026-05-24T12:02:12,2026-05-24T12:02:12,1
822318,04840,173,PE,3681,ARE,,,full,,,serpost-via-peru-pe-cpn,,2026-05-24T12:02:12,2026-05-24T12:02:12,1
822319,04845,173,PE,3681,ARE,,,full,,,serpost-via-peru-pe-cpn,,2026-05-24T12:02:12,2026-05-24T12:02:12,1
822320,04850,173,PE,3681,ARE,,,full,,,serpost-via-peru-pe-cpn,,2026-05-24T12:02:12,2026-05-24T12:02:12,1
822321,04855,173,PE,3681,ARE,,,full,,,serpost-via-peru-pe-cpn,,2026-05-24T12:02:12,2026-05-24T12:02:12,1
822322,04860,173,PE,3681,ARE,,,full,,,serpost-via-peru-pe-cpn,,2026-05-24T12:02:12,2026-05-24T12:02:12,1
822323,05000,173,PE,3692,AYA,,,full,,,serpost-via-peru-pe-cpn,,2026-05-24T12:02:12,2026-05-24T12:02:12,1
822324,05001,173,PE,3692,AYA,,,full,,,serpost-via-peru-pe-cpn,,2026-05-24T12:02:12,2026-05-24T12:02:12,1
822325,05002,173,PE,3692,AYA,,,full,,,serpost-via-peru-pe-cpn,,2026-05-24T12:02:12,2026-05-24T12:02:12,1
822326,05003,173,PE,3692,AYA,,,full,,,serpost-via-peru-pe-cpn,,2026-05-24T12:02:12,2026-05-24T12:02:12,1
822327,05100,173,PE,3692,AYA,,,full,,,serpost-via-peru-pe-cpn,,2026-05-24T12:02:12,2026-05-24T12:02:12,1
822328,05110,173,PE,3692,AYA,,,full,,,serpost-via-peru-pe-cpn,,2026-05-24T12:02:12,2026-05-24T12:02:12,1
822329,05120,173,PE,3692,AYA,,,full,,,serpost-via-peru-pe-cpn,,2026-05-24T12:02:12,2026-05-24T12:02:12,1
822330,05121,173,PE,3692,AYA,,,full,,,serpost-via-peru-pe-cpn,,2026-05-24T12:02:12,2026-05-24T12:02:12,1
822331,05130,173,PE,3692,AYA,,,full,,,serpost-via-peru-pe-cpn,,2026-05-24T12:02:12,2026-05-24T12:02:12,1
822332,05131,173,PE,3692,AYA,,,full,,,serpost-via-peru-pe-cpn,,2026-05-24T12:02:12,2026-05-24T12:02:12,1
822333,05140,173,PE,3692,AYA,,,full,,,serpost-via-peru-pe-cpn,,2026-05-24T12:02:12,2026-05-24T12:02:12,1
822334,05141,173,PE,3692,AYA,,,full,,,serpost-via-peru-pe-cpn,,2026-05-24T12:02:12,2026-05-24T12:02:12,1
822335,05150,173,PE,3692,AYA,,,full,,,serpost-via-peru-pe-cpn,,2026-05-24T12:02:12,2026-05-24T12:02:12,1
822336,05151,173,PE,3692,AYA,,,full,,,serpost-via-peru-pe-cpn,,2026-05-24T12:02:12,2026-05-24T12:02:12,1
822337,05160,173,PE,3692,AYA,,,full,,,serpost-via-peru-pe-cpn,,2026-05-24T12:02:12,2026-05-24T12:02:12,1
822338,05161,173,PE,3692,AYA,,,full,,,serpost-via-peru-pe-cpn,,2026-05-24T12:02:12,2026-05-24T12:02:12,1
822339,05170,173,PE,3692,AYA,,,full,,,serpost-via-peru-pe-cpn,,2026-05-24T12:02:12,2026-05-24T12:02:12,1
822340,05171,173,PE,3692,AYA,,,full,,,serpost-via-peru-pe-cpn,,2026-05-24T12:02:12,2026-05-24T12:02:12,1
822341,05180,173,PE,3692,AYA,,,full,,,serpost-via-peru-pe-cpn,,2026-05-24T12:02:12,2026-05-24T12:02:12,1
822342,05181,173,PE,3692,AYA,,,full,,,serpost-via-peru-pe-cpn,,2026-05-24T12:02:12,2026-05-24T12:02:12,1
822343,05200,173,PE,3692,AYA,,,full,,,serpost-via-peru-pe-cpn,,2026-05-24T12:02:12,2026-05-24T12:02:12,1
822344,05201,173,PE,3692,AYA,,,full,,,serpost-via-peru-pe-cpn,,2026-05-24T12:02:12,2026-05-24T12:02:12,1
822345,05210,173,PE,3692,AYA,,,full,,,serpost-via-peru-pe-cpn,,2026-05-24T12:02:12,2026-05-24T12:02:12,1
822346,05211,173,PE,3692,AYA,,,full,,,serpost-via-peru-pe-cpn,,2026-05-24T12:02:12,2026-05-24T12:02:12,1
822347,05220,173,PE,3692,AYA,,,full,,,serpost-via-peru-pe-cpn,,2026-05-24T12:02:12,2026-05-24T12:02:12,1
822348,05221,173,PE,3692,AYA,,,full,,,serpost-via-peru-pe-cpn,,2026-05-24T12:02:12,2026-05-24T12:02:12,1
822349,05230,173,PE,3692,AYA,,,full,,,serpost-via-peru-pe-cpn,,2026-05-24T12:02:12,2026-05-24T12:02:12,1
822350,05231,173,PE,3692,AYA,,,full,,,serpost-via-peru-pe-cpn,,2026-05-24T12:02:12,2026-05-24T12:02:12,1
822351,05240,173,PE,3692,AYA,,,full,,,serpost-via-peru-pe-cpn,,2026-05-24T12:02:12,2026-05-24T12:02:12,1
822352,05241,173,PE,3692,AYA,,,full,,,serpost-via-peru-pe-cpn,,2026-05-24T12:02:12,2026-05-24T12:02:12,1
822353,05250,173,PE,3692,AYA,,,full,,,serpost-via-peru-pe-cpn,,2026-05-24T12:02:12,2026-05-24T12:02:12,1
822354,05251,173,PE,3692,AYA,,,full,,,serpost-via-peru-pe-cpn,,2026-05-24T12:02:12,2026-05-24T12:02:12,1
822355,05260,173,PE,3692,AYA,,,full,,,serpost-via-peru-pe-cpn,,2026-05-24T12:02:12,2026-05-24T12:02:12,1
822356,05261,173,PE,3692,AYA,,,full,,,serpost-via-peru-pe-cpn,,2026-05-24T12:02:12,2026-05-24T12:02:12,1
822357,05270,173,PE,3692,AYA,,,full,,,serpost-via-peru-pe-cpn,,2026-05-24T12:02:12,2026-05-24T12:02:12,1
822358,05271,173,PE,3692,AYA,,,full,,,serpost-via-peru-pe-cpn,,2026-05-24T12:02:12,2026-05-24T12:02:12,1
822359,05280,173,PE,3692,AYA,,,full,,,serpost-via-peru-pe-cpn,,2026-05-24T12:02:12,2026-05-24T12:02:12,1
822360,05290,173,PE,3692,AYA,,,full,,,serpost-via-peru-pe-cpn,,2026-05-24T12:02:12,2026-05-24T12:02:12,1
822361,05300,173,PE,3692,AYA,,,full,,,serpost-via-peru-pe-cpn,,2026-05-24T12:02:12,2026-05-24T12:02:12,1
822362,05301,173,PE,3692,AYA,,,full,,,serpost-via-peru-pe-cpn,,2026-05-24T12:02:12,2026-05-24T12:02:12,1
822363,05305,173,PE,3692,AYA,,,full,,,serpost-via-peru-pe-cpn,,2026-05-24T12:02:12,2026-05-24T12:02:12,1
822364,05306,173,PE,3692,AYA,,,full,,,serpost-via-peru-pe-cpn,,2026-05-24T12:02:12,2026-05-24T12:02:12,1
822365,05310,173,PE,3692,AYA,,,full,,,serpost-via-peru-pe-cpn,,2026-05-24T12:02:12,2026-05-24T12:02:12,1
822366,05311,173,PE,3692,AYA,,,full,,,serpost-via-peru-pe-cpn,,2026-05-24T12:02:12,2026-05-24T12:02:12,1
822367,05315,173,PE,3692,AYA,,,full,,,serpost-via-peru-pe-cpn,,2026-05-24T12:02:12,2026-05-24T12:02:12,1
822368,05316,173,PE,3692,AYA,,,full,,,serpost-via-peru-pe-cpn,,2026-05-24T12:02:12,2026-05-24T12:02:12,1
822369,05320,173,PE,3692,AYA,,,full,,,serpost-via-peru-pe-cpn,,2026-05-24T12:02:12,2026-05-24T12:02:12,1
822370,05325,173,PE,3692,AYA,,,full,,,serpost-via-peru-pe-cpn,,2026-05-24T12:02:12,2026-05-24T12:02:12,1
822371,05326,173,PE,3692,AYA,,,full,,,serpost-via-peru-pe-cpn,,2026-05-24T12:02:12,2026-05-24T12:02:12,1
822372,05330,173,PE,3692,AYA,,,full,,,serpost-via-peru-pe-cpn,,2026-05-24T12:02:12,2026-05-24T12:02:12,1
822373,05335,173,PE,3692,AYA,,,full,,,serpost-via-peru-pe-cpn,,2026-05-24T12:02:12,2026-05-24T12:02:12,1
822374,05340,173,PE,3692,AYA,,,full,,,serpost-via-peru-pe-cpn,,2026-05-24T12:02:12,2026-05-24T12:02:12,1
822375,05345,173,PE,3692,AYA,,,full,,,serpost-via-peru-pe-cpn,,2026-05-24T12:02:12,2026-05-24T12:02:12,1
822376,05350,173,PE,3692,AYA,,,full,,,serpost-via-peru-pe-cpn,,2026-05-24T12:02:12,2026-05-24T12:02:12,1
822377,05355,173,PE,3692,AYA,,,full,,,serpost-via-peru-pe-cpn,,2026-05-24T12:02:12,2026-05-24T12:02:12,1
822378,05360,173,PE,3692,AYA,,,full,,,serpost-via-peru-pe-cpn,,2026-05-24T12:02:12,2026-05-24T12:02:12,1
822379,05365,173,PE,3692,AYA,,,full,,,serpost-via-peru-pe-cpn,,2026-05-24T12:02:12,2026-05-24T12:02:12,1
822380,05370,173,PE,3692,AYA,,,full,,,serpost-via-peru-pe-cpn,,2026-05-24T12:02:12,2026-05-24T12:02:12,1
822381,05375,173,PE,3692,AYA,,,full,,,serpost-via-peru-pe-cpn,,2026-05-24T12:02:12,2026-05-24T12:02:12,1
822382,05380,173,PE,3692,AYA,,,full,,,serpost-via-peru-pe-cpn,,2026-05-24T12:02:12,2026-05-24T12:02:12,1
822383,05385,173,PE,3692,AYA,,,full,,,serpost-via-peru-pe-cpn,,2026-05-24T12:02:12,2026-05-24T12:02:12,1
822384,05390,173,PE,3692,AYA,,,full,,,serpost-via-peru-pe-cpn,,2026-05-24T12:02:12,2026-05-24T12:02:12,1
822385,05395,173,PE,3692,AYA,,,full,,,serpost-via-peru-pe-cpn,,2026-05-24T12:02:12,2026-05-24T12:02:12,1
822386,05400,173,PE,3692,AYA,,,full,,,serpost-via-peru-pe-cpn,,2026-05-24T12:02:12,2026-05-24T12:02:12,1
822387,05401,173,PE,3692,AYA,,,full,,,serpost-via-peru-pe-cpn,,2026-05-24T12:02:12,2026-05-24T12:02:12,1
822388,05405,173,PE,3692,AYA,,,full,,,serpost-via-peru-pe-cpn,,2026-05-24T12:02:12,2026-05-24T12:02:12,1
822389,05410,173,PE,3692,AYA,,,full,,,serpost-via-peru-pe-cpn,,2026-05-24T12:02:12,2026-05-24T12:02:12,1
822390,05415,173,PE,3692,AYA,,,full,,,serpost-via-peru-pe-cpn,,2026-05-24T12:02:12,2026-05-24T12:02:12,1
822391,05420,173,PE,3692,AYA,,,full,,,serpost-via-peru-pe-cpn,,2026-05-24T12:02:12,2026-05-24T12:02:12,1
822392,05425,173,PE,3692,AYA,,,full,,,serpost-via-peru-pe-cpn,,2026-05-24T12:02:12,2026-05-24T12:02:12,1
822393,05430,173,PE,3692,AYA,,,full,,,serpost-via-peru-pe-cpn,,2026-05-24T12:02:12,2026-05-24T12:02:12,1
822394,05435,173,PE,3692,AYA,,,full,,,serpost-via-peru-pe-cpn,,2026-05-24T12:02:12,2026-05-24T12:02:12,1
822395,05440,173,PE,3692,AYA,,,full,,,serpost-via-peru-pe-cpn,,2026-05-24T12:02:12,2026-05-24T12:02:12,1
822396,05445,173,PE,3692,AYA,,,full,,,serpost-via-peru-pe-cpn,,2026-05-24T12:02:12,2026-05-24T12:02:12,1
822397,05450,173,PE,3692,AYA,,,full,,,serpost-via-peru-pe-cpn,,2026-05-24T12:02:12,2026-05-24T12:02:12,1
822398,05455,173,PE,3692,AYA,,,full,,,serpost-via-peru-pe-cpn,,2026-05-24T12:02:12,2026-05-24T12:02:12,1
822399,05460,173,PE,3692,AYA,,,full,,,serpost-via-peru-pe-cpn,,2026-05-24T12:02:12,2026-05-24T12:02:12,1
822400,05465,173,PE,3692,AYA,,,full,,,serpost-via-peru-pe-cpn,,2026-05-24T12:02:12,2026-05-24T12:02:12,1
822401,05470,173,PE,3692,AYA,,,full,,,serpost-via-peru-pe-cpn,,2026-05-24T12:02:12,2026-05-24T12:02:12,1
822402,05475,173,PE,3692,AYA,,,full,,,serpost-via-peru-pe-cpn,,2026-05-24T12:02:12,2026-05-24T12:02:12,1
822403,05480,173,PE,3692,AYA,,,full,,,serpost-via-peru-pe-cpn,,2026-05-24T12:02:12,2026-05-24T12:02:12,1
822404,05485,173,PE,3692,AYA,,,full,,,serpost-via-peru-pe-cpn,,2026-05-24T12:02:12,2026-05-24T12:02:12,1
822405,05500,173,PE,3692,AYA,,,full,,,serpost-via-peru-pe-cpn,,2026-05-24T12:02:12,2026-05-24T12:02:12,1
822406,05501,173,PE,3692,AYA,,,full,,,serpost-via-peru-pe-cpn,,2026-05-24T12:02:12,2026-05-24T12:02:12,1
822407,05510,173,PE,3692,AYA,,,full,,,serpost-via-peru-pe-cpn,,2026-05-24T12:02:12,2026-05-24T12:02:12,1
822408,05520,173,PE,3692,AYA,,,full,,,serpost-via-peru-pe-cpn,,2026-05-24T12:02:12,2026-05-24T12:02:12,1
822409,05530,173,PE,3692,AYA,,,full,,,serpost-via-peru-pe-cpn,,2026-05-24T12:02:12,2026-05-24T12:02:12,1
822410,05540,173,PE,3692,AYA,,,full,,,serpost-via-peru-pe-cpn,,2026-05-24T12:02:12,2026-05-24T12:02:12,1
822411,05550,173,PE,3692,AYA,,,full,,,serpost-via-peru-pe-cpn,,2026-05-24T12:02:12,2026-05-24T12:02:12,1
822412,05560,173,PE,3692,AYA,,,full,,,serpost-via-peru-pe-cpn,,2026-05-24T12:02:12,2026-05-24T12:02:12,1
822413,05570,173,PE,3692,AYA,,,full,,,serpost-via-peru-pe-cpn,,2026-05-24T12:02:12,2026-05-24T12:02:12,1
822414,05600,173,PE,3692,AYA,,,full,,,serpost-via-peru-pe-cpn,,2026-05-24T12:02:12,2026-05-24T12:02:12,1
822415,05605,173,PE,3692,AYA,,,full,,,serpost-via-peru-pe-cpn,,2026-05-24T12:02:12,2026-05-24T12:02:12,1
822416,05606,173,PE,3692,AYA,,,full,,,serpost-via-peru-pe-cpn,,2026-05-24T12:02:12,2026-05-24T12:02:12,1
822417,05610,173,PE,3692,AYA,,,full,,,serpost-via-peru-pe-cpn,,2026-05-24T12:02:12,2026-05-24T12:02:12,1
822418,05611,173,PE,3692,AYA,,,full,,,serpost-via-peru-pe-cpn,,2026-05-24T12:02:12,2026-05-24T12:02:12,1
822419,05615,173,PE,3692,AYA,,,full,,,serpost-via-peru-pe-cpn,,2026-05-24T12:02:12,2026-05-24T12:02:12,1
822420,05620,173,PE,3692,AYA,,,full,,,serpost-via-peru-pe-cpn,,2026-05-24T12:02:12,2026-05-24T12:02:12,1
822421,05625,173,PE,3692,AYA,,,full,,,serpost-via-peru-pe-cpn,,2026-05-24T12:02:12,2026-05-24T12:02:12,1
822422,05630,173,PE,3692,AYA,,,full,,,serpost-via-peru-pe-cpn,,2026-05-24T12:02:12,2026-05-24T12:02:12,1
822423,05635,173,PE,3692,AYA,,,full,,,serpost-via-peru-pe-cpn,,2026-05-24T12:02:12,2026-05-24T12:02:12,1
822424,05640,173,PE,3692,AYA,,,full,,,serpost-via-peru-pe-cpn,,2026-05-24T12:02:12,2026-05-24T12:02:12,1
822425,05645,173,PE,3692,AYA,,,full,,,serpost-via-peru-pe-cpn,,2026-05-24T12:02:12,2026-05-24T12:02:12,1
822426,05650,173,PE,3692,AYA,,,full,,,serpost-via-peru-pe-cpn,,2026-05-24T12:02:12,2026-05-24T12:02:12,1
822427,05655,173,PE,3692,AYA,,,full,,,serpost-via-peru-pe-cpn,,2026-05-24T12:02:12,2026-05-24T12:02:12,1
822428,05660,173,PE,3692,AYA,,,full,,,serpost-via-peru-pe-cpn,,2026-05-24T12:02:12,2026-05-24T12:02:12,1
822429,05665,173,PE,3692,AYA,,,full,,,serpost-via-peru-pe-cpn,,2026-05-24T12:02:12,2026-05-24T12:02:12,1
822430,05670,173,PE,3692,AYA,,,full,,,serpost-via-peru-pe-cpn,,2026-05-24T12:02:12,2026-05-24T12:02:12,1
822431,05675,173,PE,3692,AYA,,,full,,,serpost-via-peru-pe-cpn,,2026-05-24T12:02:12,2026-05-24T12:02:12,1
822432,05680,173,PE,3692,AYA,,,full,,,serpost-via-peru-pe-cpn,,2026-05-24T12:02:12,2026-05-24T12:02:12,1
822433,05685,173,PE,3692,AYA,,,full,,,serpost-via-peru-pe-cpn,,2026-05-24T12:02:12,2026-05-24T12:02:12,1
822434,05690,173,PE,3692,AYA,,,full,,,serpost-via-peru-pe-cpn,,2026-05-24T12:02:12,2026-05-24T12:02:12,1
822435,05695,173,PE,3692,AYA,,,full,,,serpost-via-peru-pe-cpn,,2026-05-24T12:02:12,2026-05-24T12:02:12,1
822436,05700,173,PE,3692,AYA,,,full,,,serpost-via-peru-pe-cpn,,2026-05-24T12:02:12,2026-05-24T12:02:12,1
822437,05710,173,PE,3692,AYA,,,full,,,serpost-via-peru-pe-cpn,,2026-05-24T12:02:12,2026-05-24T12:02:12,1
822438,05720,173,PE,3692,AYA,,,full,,,serpost-via-peru-pe-cpn,,2026-05-24T12:02:12,2026-05-24T12:02:12,1
822439,05730,173,PE,3692,AYA,,,full,,,serpost-via-peru-pe-cpn,,2026-05-24T12:02:12,2026-05-24T12:02:12,1
822440,05740,173,PE,3692,AYA,,,full,,,serpost-via-peru-pe-cpn,,2026-05-24T12:02:12,2026-05-24T12:02:12,1
822441,05750,173,PE,3692,AYA,,,full,,,serpost-via-peru-pe-cpn,,2026-05-24T12:02:12,2026-05-24T12:02:12,1
822442,05760,173,PE,3692,AYA,,,full,,,serpost-via-peru-pe-cpn,,2026-05-24T12:02:12,2026-05-24T12:02:12,1
822443,05770,173,PE,3692,AYA,,,full,,,serpost-via-peru-pe-cpn,,2026-05-24T12:02:12,2026-05-24T12:02:12,1
822444,05780,173,PE,3692,AYA,,,full,,,serpost-via-peru-pe-cpn,,2026-05-24T12:02:12,2026-05-24T12:02:12,1
822445,05790,173,PE,3692,AYA,,,full,,,serpost-via-peru-pe-cpn,,2026-05-24T12:02:12,2026-05-24T12:02:12,1
822446,05800,173,PE,3692,AYA,,,full,,,serpost-via-peru-pe-cpn,,2026-05-24T12:02:12,2026-05-24T12:02:12,1
822447,05805,173,PE,3692,AYA,,,full,,,serpost-via-peru-pe-cpn,,2026-05-24T12:02:12,2026-05-24T12:02:12,1
822448,05810,173,PE,3692,AYA,,,full,,,serpost-via-peru-pe-cpn,,2026-05-24T12:02:12,2026-05-24T12:02:12,1
822449,05811,173,PE,3692,AYA,,,full,,,serpost-via-peru-pe-cpn,,2026-05-24T12:02:12,2026-05-24T12:02:12,1
822450,05815,173,PE,3692,AYA,,,full,,,serpost-via-peru-pe-cpn,,2026-05-24T12:02:12,2026-05-24T12:02:12,1
822451,05816,173,PE,3692,AYA,,,full,,,serpost-via-peru-pe-cpn,,2026-05-24T12:02:12,2026-05-24T12:02:12,1
822452,05820,173,PE,3692,AYA,,,full,,,serpost-via-peru-pe-cpn,,2026-05-24T12:02:12,2026-05-24T12:02:12,1
822453,05821,173,PE,3692,AYA,,,full,,,serpost-via-peru-pe-cpn,,2026-05-24T12:02:12,2026-05-24T12:02:12,1
822454,05825,173,PE,3692,AYA,,,full,,,serpost-via-peru-pe-cpn,,2026-05-24T12:02:12,2026-05-24T12:02:12,1
822455,05830,173,PE,3692,AYA,,,full,,,serpost-via-peru-pe-cpn,,2026-05-24T12:02:12,2026-05-24T12:02:12,1
822456,05835,173,PE,3692,AYA,,,full,,,serpost-via-peru-pe-cpn,,2026-05-24T12:02:12,2026-05-24T12:02:12,1
822457,05836,173,PE,3692,AYA,,,full,,,serpost-via-peru-pe-cpn,,2026-05-24T12:02:12,2026-05-24T12:02:12,1
822458,05840,173,PE,3692,AYA,,,full,,,serpost-via-peru-pe-cpn,,2026-05-24T12:02:12,2026-05-24T12:02:12,1
822459,05845,173,PE,3692,AYA,,,full,,,serpost-via-peru-pe-cpn,,2026-05-24T12:02:12,2026-05-24T12:02:12,1
822460,05846,173,PE,3692,AYA,,,full,,,serpost-via-peru-pe-cpn,,2026-05-24T12:02:12,2026-05-24T12:02:12,1
822461,05850,173,PE,3692,AYA,,,full,,,serpost-via-peru-pe-cpn,,2026-05-24T12:02:12,2026-05-24T12:02:12,1
822462,05855,173,PE,3692,AYA,,,full,,,serpost-via-peru-pe-cpn,,2026-05-24T12:02:12,2026-05-24T12:02:12,1
822463,06000,173,PE,3688,CAJ,,,full,,,serpost-via-peru-pe-cpn,,2026-05-24T12:02:12,2026-05-24T12:02:12,1
822464,06001,173,PE,3688,CAJ,,,full,,,serpost-via-peru-pe-cpn,,2026-05-24T12:02:12,2026-05-24T12:02:12,1
822465,06002,173,PE,3688,CAJ,,,full,,,serpost-via-peru-pe-cpn,,2026-05-24T12:02:12,2026-05-24T12:02:12,1
822466,06003,173,PE,3688,CAJ,,,full,,,serpost-via-peru-pe-cpn,,2026-05-24T12:02:12,2026-05-24T12:02:12,1
822467,06004,173,PE,3688,CAJ,,,full,,,serpost-via-peru-pe-cpn,,2026-05-24T12:02:12,2026-05-24T12:02:12,1
822468,06100,173,PE,3688,CAJ,,,full,,,serpost-via-peru-pe-cpn,,2026-05-24T12:02:12,2026-05-24T12:02:12,1
822469,06101,173,PE,3688,CAJ,,,full,,,serpost-via-peru-pe-cpn,,2026-05-24T12:02:12,2026-05-24T12:02:12,1
822470,06115,173,PE,3688,CAJ,,,full,,,serpost-via-peru-pe-cpn,,2026-05-24T12:02:12,2026-05-24T12:02:12,1
822471,06116,173,PE,3688,CAJ,,,full,,,serpost-via-peru-pe-cpn,,2026-05-24T12:02:12,2026-05-24T12:02:12,1
822472,06120,173,PE,3688,CAJ,,,full,,,serpost-via-peru-pe-cpn,,2026-05-24T12:02:12,2026-05-24T12:02:12,1
822473,06121,173,PE,3688,CAJ,,,full,,,serpost-via-peru-pe-cpn,,2026-05-24T12:02:12,2026-05-24T12:02:12,1
822474,06125,173,PE,3688,CAJ,,,full,,,serpost-via-peru-pe-cpn,,2026-05-24T12:02:12,2026-05-24T12:02:12,1
822475,06126,173,PE,3688,CAJ,,,full,,,serpost-via-peru-pe-cpn,,2026-05-24T12:02:12,2026-05-24T12:02:12,1
822476,06130,173,PE,3688,CAJ,,,full,,,serpost-via-peru-pe-cpn,,2026-05-24T12:02:12,2026-05-24T12:02:12,1
822477,06135,173,PE,3688,CAJ,,,full,,,serpost-via-peru-pe-cpn,,2026-05-24T12:02:12,2026-05-24T12:02:12,1
822478,06136,173,PE,3688,CAJ,,,full,,,serpost-via-peru-pe-cpn,,2026-05-24T12:02:12,2026-05-24T12:02:12,1
822479,06140,173,PE,3688,CAJ,,,full,,,serpost-via-peru-pe-cpn,,2026-05-24T12:02:12,2026-05-24T12:02:12,1
822480,06145,173,PE,3688,CAJ,,,full,,,serpost-via-peru-pe-cpn,,2026-05-24T12:02:12,2026-05-24T12:02:12,1
822481,06146,173,PE,3688,CAJ,,,full,,,serpost-via-peru-pe-cpn,,2026-05-24T12:02:12,2026-05-24T12:02:12,1
822482,06150,173,PE,3688,CAJ,,,full,,,serpost-via-peru-pe-cpn,,2026-05-24T12:02:12,2026-05-24T12:02:12,1
822483,06151,173,PE,3688,CAJ,,,full,,,serpost-via-peru-pe-cpn,,2026-05-24T12:02:12,2026-05-24T12:02:12,1
822484,06155,173,PE,3688,CAJ,,,full,,,serpost-via-peru-pe-cpn,,2026-05-24T12:02:12,2026-05-24T12:02:12,1
822485,06160,173,PE,3688,CAJ,,,full,,,serpost-via-peru-pe-cpn,,2026-05-24T12:02:12,2026-05-24T12:02:12,1
822486,06165,173,PE,3688,CAJ,,,full,,,serpost-via-peru-pe-cpn,,2026-05-24T12:02:12,2026-05-24T12:02:12,1
822487,06170,173,PE,3688,CAJ,,,full,,,serpost-via-peru-pe-cpn,,2026-05-24T12:02:12,2026-05-24T12:02:12,1
822488,06175,173,PE,3688,CAJ,,,full,,,serpost-via-peru-pe-cpn,,2026-05-24T12:02:12,2026-05-24T12:02:12,1
822489,06180,173,PE,3688,CAJ,,,full,,,serpost-via-peru-pe-cpn,,2026-05-24T12:02:12,2026-05-24T12:02:12,1
822490,06200,173,PE,3688,CAJ,,,full,,,serpost-via-peru-pe-cpn,,2026-05-24T12:02:12,2026-05-24T12:02:12,1
822491,06201,173,PE,3688,CAJ,,,full,,,serpost-via-peru-pe-cpn,,2026-05-24T12:02:12,2026-05-24T12:02:12,1
822492,06205,173,PE,3688,CAJ,,,full,,,serpost-via-peru-pe-cpn,,2026-05-24T12:02:12,2026-05-24T12:02:12,1
822493,06206,173,PE,3688,CAJ,,,full,,,serpost-via-peru-pe-cpn,,2026-05-24T12:02:12,2026-05-24T12:02:12,1
822494,06210,173,PE,3688,CAJ,,,full,,,serpost-via-peru-pe-cpn,,2026-05-24T12:02:12,2026-05-24T12:02:12,1
822495,06211,173,PE,3688,CAJ,,,full,,,serpost-via-peru-pe-cpn,,2026-05-24T12:02:12,2026-05-24T12:02:12,1
822496,06215,173,PE,3688,CAJ,,,full,,,serpost-via-peru-pe-cpn,,2026-05-24T12:02:12,2026-05-24T12:02:12,1
822497,06220,173,PE,3688,CAJ,,,full,,,serpost-via-peru-pe-cpn,,2026-05-24T12:02:12,2026-05-24T12:02:12,1
822498,06225,173,PE,3688,CAJ,,,full,,,serpost-via-peru-pe-cpn,,2026-05-24T12:02:12,2026-05-24T12:02:12,1
822499,06226,173,PE,3688,CAJ,,,full,,,serpost-via-peru-pe-cpn,,2026-05-24T12:02:12,2026-05-24T12:02:12,1
822500,06230,173,PE,3688,CAJ,,,full,,,serpost-via-peru-pe-cpn,,2026-05-24T12:02:12,2026-05-24T12:02:12,1
822501,06235,173,PE,3688,CAJ,,,full,,,serpost-via-peru-pe-cpn,,2026-05-24T12:02:12,2026-05-24T12:02:12,1
822502,06236,173,PE,3688,CAJ,,,full,,,serpost-via-peru-pe-cpn,,2026-05-24T12:02:12,2026-05-24T12:02:12,1
822503,06240,173,PE,3688,CAJ,,,full,,,serpost-via-peru-pe-cpn,,2026-05-24T12:02:12,2026-05-24T12:02:12,1
822504,06241,173,PE,3688,CAJ,,,full,,,serpost-via-peru-pe-cpn,,2026-05-24T12:02:12,2026-05-24T12:02:12,1
822505,06245,173,PE,3688,CAJ,,,full,,,serpost-via-peru-pe-cpn,,2026-05-24T12:02:12,2026-05-24T12:02:12,1
822506,06246,173,PE,3688,CAJ,,,full,,,serpost-via-peru-pe-cpn,,2026-05-24T12:02:12,2026-05-24T12:02:12,1
822507,06250,173,PE,3688,CAJ,,,full,,,serpost-via-peru-pe-cpn,,2026-05-24T12:02:12,2026-05-24T12:02:12,1
822508,06255,173,PE,3688,CAJ,,,full,,,serpost-via-peru-pe-cpn,,2026-05-24T12:02:12,2026-05-24T12:02:12,1
822509,06260,173,PE,3688,CAJ,,,full,,,serpost-via-peru-pe-cpn,,2026-05-24T12:02:12,2026-05-24T12:02:12,1
822510,06261,173,PE,3688,CAJ,,,full,,,serpost-via-peru-pe-cpn,,2026-05-24T12:02:12,2026-05-24T12:02:12,1
822511,06300,173,PE,3688,CAJ,,,full,,,serpost-via-peru-pe-cpn,,2026-05-24T12:02:12,2026-05-24T12:02:12,1
822512,06305,173,PE,3688,CAJ,,,full,,,serpost-via-peru-pe-cpn,,2026-05-24T12:02:12,2026-05-24T12:02:12,1
822513,06306,173,PE,3688,CAJ,,,full,,,serpost-via-peru-pe-cpn,,2026-05-24T12:02:12,2026-05-24T12:02:12,1
822514,06310,173,PE,3688,CAJ,,,full,,,serpost-via-peru-pe-cpn,,2026-05-24T12:02:12,2026-05-24T12:02:12,1
822515,06315,173,PE,3688,CAJ,,,full,,,serpost-via-peru-pe-cpn,,2026-05-24T12:02:12,2026-05-24T12:02:12,1
822516,06316,173,PE,3688,CAJ,,,full,,,serpost-via-peru-pe-cpn,,2026-05-24T12:02:12,2026-05-24T12:02:12,1
822517,06320,173,PE,3688,CAJ,,,full,,,serpost-via-peru-pe-cpn,,2026-05-24T12:02:12,2026-05-24T12:02:12,1
822518,06321,173,PE,3688,CAJ,,,full,,,serpost-via-peru-pe-cpn,,2026-05-24T12:02:12,2026-05-24T12:02:12,1
822519,06325,173,PE,3688,CAJ,,,full,,,serpost-via-peru-pe-cpn,,2026-05-24T12:02:12,2026-05-24T12:02:12,1
822520,06330,173,PE,3688,CAJ,,,full,,,serpost-via-peru-pe-cpn,,2026-05-24T12:02:12,2026-05-24T12:02:12,1
822521,06335,173,PE,3688,CAJ,,,full,,,serpost-via-peru-pe-cpn,,2026-05-24T12:02:12,2026-05-24T12:02:12,1
822522,06340,173,PE,3688,CAJ,,,full,,,serpost-via-peru-pe-cpn,,2026-05-24T12:02:12,2026-05-24T12:02:12,1
822523,06341,173,PE,3688,CAJ,,,full,,,serpost-via-peru-pe-cpn,,2026-05-24T12:02:12,2026-05-24T12:02:12,1
822524,06345,173,PE,3688,CAJ,,,full,,,serpost-via-peru-pe-cpn,,2026-05-24T12:02:12,2026-05-24T12:02:12,1
822525,06346,173,PE,3688,CAJ,,,full,,,serpost-via-peru-pe-cpn,,2026-05-24T12:02:12,2026-05-24T12:02:12,1
822526,06350,173,PE,3688,CAJ,,,full,,,serpost-via-peru-pe-cpn,,2026-05-24T12:02:12,2026-05-24T12:02:12,1
822527,06351,173,PE,3688,CAJ,,,full,,,serpost-via-peru-pe-cpn,,2026-05-24T12:02:12,2026-05-24T12:02:12,1
822528,06355,173,PE,3688,CAJ,,,full,,,serpost-via-peru-pe-cpn,,2026-05-24T12:02:12,2026-05-24T12:02:12,1
822529,06356,173,PE,3688,CAJ,,,full,,,serpost-via-peru-pe-cpn,,2026-05-24T12:02:12,2026-05-24T12:02:12,1
822530,06360,173,PE,3688,CAJ,,,full,,,serpost-via-peru-pe-cpn,,2026-05-24T12:02:12,2026-05-24T12:02:12,1
822531,06365,173,PE,3688,CAJ,,,full,,,serpost-via-peru-pe-cpn,,2026-05-24T12:02:12,2026-05-24T12:02:12,1
822532,06366,173,PE,3688,CAJ,,,full,,,serpost-via-peru-pe-cpn,,2026-05-24T12:02:12,2026-05-24T12:02:12,1
822533,06370,173,PE,3688,CAJ,,,full,,,serpost-via-peru-pe-cpn,,2026-05-24T12:02:12,2026-05-24T12:02:12,1
822534,06371,173,PE,3688,CAJ,,,full,,,serpost-via-peru-pe-cpn,,2026-05-24T12:02:12,2026-05-24T12:02:12,1
822535,06400,173,PE,3688,CAJ,,,full,,,serpost-via-peru-pe-cpn,,2026-05-24T12:02:12,2026-05-24T12:02:12,1
822536,06403,173,PE,3688,CAJ,,,full,,,serpost-via-peru-pe-cpn,,2026-05-24T12:02:12,2026-05-24T12:02:12,1
822537,06405,173,PE,3688,CAJ,,,full,,,serpost-via-peru-pe-cpn,,2026-05-24T12:02:12,2026-05-24T12:02:12,1
822538,06407,173,PE,3688,CAJ,,,full,,,serpost-via-peru-pe-cpn,,2026-05-24T12:02:12,2026-05-24T12:02:12,1
822539,06410,173,PE,3688,CAJ,,,full,,,serpost-via-peru-pe-cpn,,2026-05-24T12:02:12,2026-05-24T12:02:12,1
822540,06411,173,PE,3688,CAJ,,,full,,,serpost-via-peru-pe-cpn,,2026-05-24T12:02:12,2026-05-24T12:02:12,1
822541,06412,173,PE,3688,CAJ,,,full,,,serpost-via-peru-pe-cpn,,2026-05-24T12:02:12,2026-05-24T12:02:12,1
822542,06415,173,PE,3688,CAJ,,,full,,,serpost-via-peru-pe-cpn,,2026-05-24T12:02:12,2026-05-24T12:02:12,1
822543,06420,173,PE,3688,CAJ,,,full,,,serpost-via-peru-pe-cpn,,2026-05-24T12:02:12,2026-05-24T12:02:12,1
822544,06421,173,PE,3688,CAJ,,,full,,,serpost-via-peru-pe-cpn,,2026-05-24T12:02:12,2026-05-24T12:02:12,1
822545,06422,173,PE,3688,CAJ,,,full,,,serpost-via-peru-pe-cpn,,2026-05-24T12:02:12,2026-05-24T12:02:12,1
822546,06425,173,PE,3688,CAJ,,,full,,,serpost-via-peru-pe-cpn,,2026-05-24T12:02:12,2026-05-24T12:02:12,1
822547,06430,173,PE,3688,CAJ,,,full,,,serpost-via-peru-pe-cpn,,2026-05-24T12:02:12,2026-05-24T12:02:12,1
822548,06431,173,PE,3688,CAJ,,,full,,,serpost-via-peru-pe-cpn,,2026-05-24T12:02:12,2026-05-24T12:02:12,1
822549,06435,173,PE,3688,CAJ,,,full,,,serpost-via-peru-pe-cpn,,2026-05-24T12:02:12,2026-05-24T12:02:12,1
822550,06437,173,PE,3688,CAJ,,,full,,,serpost-via-peru-pe-cpn,,2026-05-24T12:02:12,2026-05-24T12:02:12,1
822551,06440,173,PE,3688,CAJ,,,full,,,serpost-via-peru-pe-cpn,,2026-05-24T12:02:12,2026-05-24T12:02:12,1
822552,06441,173,PE,3688,CAJ,,,full,,,serpost-via-peru-pe-cpn,,2026-05-24T12:02:12,2026-05-24T12:02:12,1
822553,06445,173,PE,3688,CAJ,,,full,,,serpost-via-peru-pe-cpn,,2026-05-24T12:02:12,2026-05-24T12:02:12,1
822554,06450,173,PE,3688,CAJ,,,full,,,serpost-via-peru-pe-cpn,,2026-05-24T12:02:12,2026-05-24T12:02:12,1
822555,06451,173,PE,3688,CAJ,,,full,,,serpost-via-peru-pe-cpn,,2026-05-24T12:02:12,2026-05-24T12:02:12,1
822556,06452,173,PE,3688,CAJ,,,full,,,serpost-via-peru-pe-cpn,,2026-05-24T12:02:12,2026-05-24T12:02:12,1
822557,06455,173,PE,3688,CAJ,,,full,,,serpost-via-peru-pe-cpn,,2026-05-24T12:02:12,2026-05-24T12:02:12,1
822558,06456,173,PE,3688,CAJ,,,full,,,serpost-via-peru-pe-cpn,,2026-05-24T12:02:12,2026-05-24T12:02:12,1
822559,06460,173,PE,3688,CAJ,,,full,,,serpost-via-peru-pe-cpn,,2026-05-24T12:02:12,2026-05-24T12:02:12,1
822560,06465,173,PE,3688,CAJ,,,full,,,serpost-via-peru-pe-cpn,,2026-05-24T12:02:12,2026-05-24T12:02:12,1
822561,06470,173,PE,3688,CAJ,,,full,,,serpost-via-peru-pe-cpn,,2026-05-24T12:02:12,2026-05-24T12:02:12,1
822562,06475,173,PE,3688,CAJ,,,full,,,serpost-via-peru-pe-cpn,,2026-05-24T12:02:12,2026-05-24T12:02:12,1
822563,06480,173,PE,3688,CAJ,,,full,,,serpost-via-peru-pe-cpn,,2026-05-24T12:02:12,2026-05-24T12:02:12,1
822564,06481,173,PE,3688,CAJ,,,full,,,serpost-via-peru-pe-cpn,,2026-05-24T12:02:12,2026-05-24T12:02:12,1
822565,06485,173,PE,3688,CAJ,,,full,,,serpost-via-peru-pe-cpn,,2026-05-24T12:02:12,2026-05-24T12:02:12,1
822566,06490,173,PE,3688,CAJ,,,full,,,serpost-via-peru-pe-cpn,,2026-05-24T12:02:12,2026-05-24T12:02:12,1
822567,06495,173,PE,3688,CAJ,,,full,,,serpost-via-peru-pe-cpn,,2026-05-24T12:02:12,2026-05-24T12:02:12,1
822568,06500,173,PE,3688,CAJ,,,full,,,serpost-via-peru-pe-cpn,,2026-05-24T12:02:12,2026-05-24T12:02:12,1
822569,06510,173,PE,3688,CAJ,,,full,,,serpost-via-peru-pe-cpn,,2026-05-24T12:02:12,2026-05-24T12:02:12,1
822570,06520,173,PE,3688,CAJ,,,full,,,serpost-via-peru-pe-cpn,,2026-05-24T12:02:12,2026-05-24T12:02:12,1
822571,06530,173,PE,3688,CAJ,,,full,,,serpost-via-peru-pe-cpn,,2026-05-24T12:02:12,2026-05-24T12:02:12,1
822572,06600,173,PE,3688,CAJ,,,full,,,serpost-via-peru-pe-cpn,,2026-05-24T12:02:12,2026-05-24T12:02:12,1
822573,06601,173,PE,3688,CAJ,,,full,,,serpost-via-peru-pe-cpn,,2026-05-24T12:02:12,2026-05-24T12:02:12,1
822574,06605,173,PE,3688,CAJ,,,full,,,serpost-via-peru-pe-cpn,,2026-05-24T12:02:12,2026-05-24T12:02:12,1
822575,06610,173,PE,3688,CAJ,,,full,,,serpost-via-peru-pe-cpn,,2026-05-24T12:02:12,2026-05-24T12:02:12,1
822576,06611,173,PE,3688,CAJ,,,full,,,serpost-via-peru-pe-cpn,,2026-05-24T12:02:12,2026-05-24T12:02:12,1
822577,06615,173,PE,3688,CAJ,,,full,,,serpost-via-peru-pe-cpn,,2026-05-24T12:02:12,2026-05-24T12:02:12,1
822578,06620,173,PE,3688,CAJ,,,full,,,serpost-via-peru-pe-cpn,,2026-05-24T12:02:12,2026-05-24T12:02:12,1
822579,06621,173,PE,3688,CAJ,,,full,,,serpost-via-peru-pe-cpn,,2026-05-24T12:02:12,2026-05-24T12:02:12,1
822580,06625,173,PE,3688,CAJ,,,full,,,serpost-via-peru-pe-cpn,,2026-05-24T12:02:12,2026-05-24T12:02:12,1
822581,06630,173,PE,3688,CAJ,,,full,,,serpost-via-peru-pe-cpn,,2026-05-24T12:02:12,2026-05-24T12:02:12,1
822582,06633,173,PE,3688,CAJ,,,full,,,serpost-via-peru-pe-cpn,,2026-05-24T12:02:12,2026-05-24T12:02:12,1
822583,06635,173,PE,3688,CAJ,,,full,,,serpost-via-peru-pe-cpn,,2026-05-24T12:02:12,2026-05-24T12:02:12,1
822584,06640,173,PE,3688,CAJ,,,full,,,serpost-via-peru-pe-cpn,,2026-05-24T12:02:12,2026-05-24T12:02:12,1
822585,06641,173,PE,3688,CAJ,,,full,,,serpost-via-peru-pe-cpn,,2026-05-24T12:02:12,2026-05-24T12:02:12,1
822586,06644,173,PE,3688,CAJ,,,full,,,serpost-via-peru-pe-cpn,,2026-05-24T12:02:12,2026-05-24T12:02:12,1
822587,06645,173,PE,3688,CAJ,,,full,,,serpost-via-peru-pe-cpn,,2026-05-24T12:02:12,2026-05-24T12:02:12,1
822588,06650,173,PE,3688,CAJ,,,full,,,serpost-via-peru-pe-cpn,,2026-05-24T12:02:12,2026-05-24T12:02:12,1
822589,06651,173,PE,3688,CAJ,,,full,,,serpost-via-peru-pe-cpn,,2026-05-24T12:02:12,2026-05-24T12:02:12,1
822590,06653,173,PE,3688,CAJ,,,full,,,serpost-via-peru-pe-cpn,,2026-05-24T12:02:12,2026-05-24T12:02:12,1
822591,06655,173,PE,3688,CAJ,,,full,,,serpost-via-peru-pe-cpn,,2026-05-24T12:02:12,2026-05-24T12:02:12,1
822592,06660,173,PE,3688,CAJ,,,full,,,serpost-via-peru-pe-cpn,,2026-05-24T12:02:12,2026-05-24T12:02:12,1
822593,06665,173,PE,3688,CAJ,,,full,,,serpost-via-peru-pe-cpn,,2026-05-24T12:02:12,2026-05-24T12:02:12,1
822594,06666,173,PE,3688,CAJ,,,full,,,serpost-via-peru-pe-cpn,,2026-05-24T12:02:12,2026-05-24T12:02:12,1
822595,06670,173,PE,3688,CAJ,,,full,,,serpost-via-peru-pe-cpn,,2026-05-24T12:02:12,2026-05-24T12:02:12,1
822596,06675,173,PE,3688,CAJ,,,full,,,serpost-via-peru-pe-cpn,,2026-05-24T12:02:12,2026-05-24T12:02:12,1
822597,06680,173,PE,3688,CAJ,,,full,,,serpost-via-peru-pe-cpn,,2026-05-24T12:02:12,2026-05-24T12:02:12,1
822598,06683,173,PE,3688,CAJ,,,full,,,serpost-via-peru-pe-cpn,,2026-05-24T12:02:12,2026-05-24T12:02:12,1
822599,06685,173,PE,3688,CAJ,,,full,,,serpost-via-peru-pe-cpn,,2026-05-24T12:02:12,2026-05-24T12:02:12,1
822600,06690,173,PE,3688,CAJ,,,full,,,serpost-via-peru-pe-cpn,,2026-05-24T12:02:12,2026-05-24T12:02:12,1
822601,06691,173,PE,3688,CAJ,,,full,,,serpost-via-peru-pe-cpn,,2026-05-24T12:02:12,2026-05-24T12:02:12,1
822602,06700,173,PE,3688,CAJ,,,full,,,serpost-via-peru-pe-cpn,,2026-05-24T12:02:12,2026-05-24T12:02:12,1
822603,06701,173,PE,3688,CAJ,,,full,,,serpost-via-peru-pe-cpn,,2026-05-24T12:02:12,2026-05-24T12:02:12,1
822604,06705,173,PE,3688,CAJ,,,full,,,serpost-via-peru-pe-cpn,,2026-05-24T12:02:12,2026-05-24T12:02:12,1
822605,06706,173,PE,3688,CAJ,,,full,,,serpost-via-peru-pe-cpn,,2026-05-24T12:02:12,2026-05-24T12:02:12,1
822606,06710,173,PE,3688,CAJ,,,full,,,serpost-via-peru-pe-cpn,,2026-05-24T12:02:12,2026-05-24T12:02:12,1
822607,06711,173,PE,3688,CAJ,,,full,,,serpost-via-peru-pe-cpn,,2026-05-24T12:02:12,2026-05-24T12:02:12,1
822608,06715,173,PE,3688,CAJ,,,full,,,serpost-via-peru-pe-cpn,,2026-05-24T12:02:12,2026-05-24T12:02:12,1
822609,06720,173,PE,3688,CAJ,,,full,,,serpost-via-peru-pe-cpn,,2026-05-24T12:02:12,2026-05-24T12:02:12,1
822610,06721,173,PE,3688,CAJ,,,full,,,serpost-via-peru-pe-cpn,,2026-05-24T12:02:12,2026-05-24T12:02:12,1
822611,06725,173,PE,3688,CAJ,,,full,,,serpost-via-peru-pe-cpn,,2026-05-24T12:02:12,2026-05-24T12:02:12,1
822612,06726,173,PE,3688,CAJ,,,full,,,serpost-via-peru-pe-cpn,,2026-05-24T12:02:12,2026-05-24T12:02:12,1
822613,06730,173,PE,3688,CAJ,,,full,,,serpost-via-peru-pe-cpn,,2026-05-24T12:02:12,2026-05-24T12:02:12,1
822614,06731,173,PE,3688,CAJ,,,full,,,serpost-via-peru-pe-cpn,,2026-05-24T12:02:12,2026-05-24T12:02:12,1
822615,06735,173,PE,3688,CAJ,,,full,,,serpost-via-peru-pe-cpn,,2026-05-24T12:02:12,2026-05-24T12:02:12,1
822616,06736,173,PE,3688,CAJ,,,full,,,serpost-via-peru-pe-cpn,,2026-05-24T12:02:12,2026-05-24T12:02:12,1
822617,06740,173,PE,3688,CAJ,,,full,,,serpost-via-peru-pe-cpn,,2026-05-24T12:02:12,2026-05-24T12:02:12,1
822618,06741,173,PE,3688,CAJ,,,full,,,serpost-via-peru-pe-cpn,,2026-05-24T12:02:12,2026-05-24T12:02:12,1
822619,06745,173,PE,3688,CAJ,,,full,,,serpost-via-peru-pe-cpn,,2026-05-24T12:02:12,2026-05-24T12:02:12,1
822620,06746,173,PE,3688,CAJ,,,full,,,serpost-via-peru-pe-cpn,,2026-05-24T12:02:12,2026-05-24T12:02:12,1
822621,06750,173,PE,3688,CAJ,,,full,,,serpost-via-peru-pe-cpn,,2026-05-24T12:02:12,2026-05-24T12:02:12,1
822622,06751,173,PE,3688,CAJ,,,full,,,serpost-via-peru-pe-cpn,,2026-05-24T12:02:12,2026-05-24T12:02:12,1
822623,06755,173,PE,3688,CAJ,,,full,,,serpost-via-peru-pe-cpn,,2026-05-24T12:02:12,2026-05-24T12:02:12,1
822624,06756,173,PE,3688,CAJ,,,full,,,serpost-via-peru-pe-cpn,,2026-05-24T12:02:12,2026-05-24T12:02:12,1
822625,06760,173,PE,3688,CAJ,,,full,,,serpost-via-peru-pe-cpn,,2026-05-24T12:02:12,2026-05-24T12:02:12,1
822626,06761,173,PE,3688,CAJ,,,full,,,serpost-via-peru-pe-cpn,,2026-05-24T12:02:12,2026-05-24T12:02:12,1
822627,06765,173,PE,3688,CAJ,,,full,,,serpost-via-peru-pe-cpn,,2026-05-24T12:02:12,2026-05-24T12:02:12,1
822628,06766,173,PE,3688,CAJ,,,full,,,serpost-via-peru-pe-cpn,,2026-05-24T12:02:12,2026-05-24T12:02:12,1
822629,06770,173,PE,3688,CAJ,,,full,,,serpost-via-peru-pe-cpn,,2026-05-24T12:02:12,2026-05-24T12:02:12,1
822630,06775,173,PE,3688,CAJ,,,full,,,serpost-via-peru-pe-cpn,,2026-05-24T12:02:12,2026-05-24T12:02:12,1
822631,06780,173,PE,3688,CAJ,,,full,,,serpost-via-peru-pe-cpn,,2026-05-24T12:02:12,2026-05-24T12:02:12,1
822632,06785,173,PE,3688,CAJ,,,full,,,serpost-via-peru-pe-cpn,,2026-05-24T12:02:12,2026-05-24T12:02:12,1
822633,06800,173,PE,3688,CAJ,,,full,,,serpost-via-peru-pe-cpn,,2026-05-24T12:02:12,2026-05-24T12:02:12,1
822634,06801,173,PE,3688,CAJ,,,full,,,serpost-via-peru-pe-cpn,,2026-05-24T12:02:12,2026-05-24T12:02:12,1
822635,06805,173,PE,3688,CAJ,,,full,,,serpost-via-peru-pe-cpn,,2026-05-24T12:02:12,2026-05-24T12:02:12,1
822636,06810,173,PE,3688,CAJ,,,full,,,serpost-via-peru-pe-cpn,,2026-05-24T12:02:12,2026-05-24T12:02:12,1
822637,06811,173,PE,3688,CAJ,,,full,,,serpost-via-peru-pe-cpn,,2026-05-24T12:02:12,2026-05-24T12:02:12,1
822638,06815,173,PE,3688,CAJ,,,full,,,serpost-via-peru-pe-cpn,,2026-05-24T12:02:12,2026-05-24T12:02:12,1
822639,06816,173,PE,3688,CAJ,,,full,,,serpost-via-peru-pe-cpn,,2026-05-24T12:02:12,2026-05-24T12:02:12,1
822640,06820,173,PE,3688,CAJ,,,full,,,serpost-via-peru-pe-cpn,,2026-05-24T12:02:12,2026-05-24T12:02:12,1
822641,06821,173,PE,3688,CAJ,,,full,,,serpost-via-peru-pe-cpn,,2026-05-24T12:02:12,2026-05-24T12:02:12,1
822642,06825,173,PE,3688,CAJ,,,full,,,serpost-via-peru-pe-cpn,,2026-05-24T12:02:12,2026-05-24T12:02:12,1
822643,06826,173,PE,3688,CAJ,,,full,,,serpost-via-peru-pe-cpn,,2026-05-24T12:02:12,2026-05-24T12:02:12,1
822644,06830,173,PE,3688,CAJ,,,full,,,serpost-via-peru-pe-cpn,,2026-05-24T12:02:12,2026-05-24T12:02:12,1
822645,06831,173,PE,3688,CAJ,,,full,,,serpost-via-peru-pe-cpn,,2026-05-24T12:02:12,2026-05-24T12:02:12,1
822646,06835,173,PE,3688,CAJ,,,full,,,serpost-via-peru-pe-cpn,,2026-05-24T12:02:12,2026-05-24T12:02:12,1
822647,06836,173,PE,3688,CAJ,,,full,,,serpost-via-peru-pe-cpn,,2026-05-24T12:02:12,2026-05-24T12:02:12,1
822648,06840,173,PE,3688,CAJ,,,full,,,serpost-via-peru-pe-cpn,,2026-05-24T12:02:12,2026-05-24T12:02:12,1
822649,06841,173,PE,3688,CAJ,,,full,,,serpost-via-peru-pe-cpn,,2026-05-24T12:02:12,2026-05-24T12:02:12,1
822650,06845,173,PE,3688,CAJ,,,full,,,serpost-via-peru-pe-cpn,,2026-05-24T12:02:12,2026-05-24T12:02:12,1
822651,06846,173,PE,3688,CAJ,,,full,,,serpost-via-peru-pe-cpn,,2026-05-24T12:02:12,2026-05-24T12:02:12,1
822652,06850,173,PE,3688,CAJ,,,full,,,serpost-via-peru-pe-cpn,,2026-05-24T12:02:12,2026-05-24T12:02:12,1
822653,06851,173,PE,3688,CAJ,,,full,,,serpost-via-peru-pe-cpn,,2026-05-24T12:02:12,2026-05-24T12:02:12,1
822654,06855,173,PE,3688,CAJ,,,full,,,serpost-via-peru-pe-cpn,,2026-05-24T12:02:12,2026-05-24T12:02:12,1
822655,06856,173,PE,3688,CAJ,,,full,,,serpost-via-peru-pe-cpn,,2026-05-24T12:02:12,2026-05-24T12:02:12,1
822656,06860,173,PE,3688,CAJ,,,full,,,serpost-via-peru-pe-cpn,,2026-05-24T12:02:12,2026-05-24T12:02:12,1
822657,06861,173,PE,3688,CAJ,,,full,,,serpost-via-peru-pe-cpn,,2026-05-24T12:02:12,2026-05-24T12:02:12,1
822658,07001,173,PE,3701,CAL,,,full,,,serpost-via-peru-pe-cpn,,2026-05-24T12:02:12,2026-05-24T12:02:12,1
822659,07006,173,PE,3701,CAL,,,full,,,serpost-via-peru-pe-cpn,,2026-05-24T12:02:12,2026-05-24T12:02:12,1
822660,07011,173,PE,3701,CAL,,,full,,,serpost-via-peru-pe-cpn,,2026-05-24T12:02:12,2026-05-24T12:02:12,1
822661,07016,173,PE,3701,CAL,,,full,,,serpost-via-peru-pe-cpn,,2026-05-24T12:02:12,2026-05-24T12:02:12,1
822662,07021,173,PE,3701,CAL,,,full,,,serpost-via-peru-pe-cpn,,2026-05-24T12:02:12,2026-05-24T12:02:12,1
822663,07026,173,PE,3701,CAL,,,full,,,serpost-via-peru-pe-cpn,,2026-05-24T12:02:12,2026-05-24T12:02:12,1
822664,07031,173,PE,3701,CAL,,,full,,,serpost-via-peru-pe-cpn,,2026-05-24T12:02:12,2026-05-24T12:02:12,1
822665,07036,173,PE,3701,CAL,,,full,,,serpost-via-peru-pe-cpn,,2026-05-24T12:02:12,2026-05-24T12:02:12,1
822666,07041,173,PE,3701,CAL,,,full,,,serpost-via-peru-pe-cpn,,2026-05-24T12:02:12,2026-05-24T12:02:12,1
822667,07046,173,PE,3701,CAL,,,full,,,serpost-via-peru-pe-cpn,,2026-05-24T12:02:12,2026-05-24T12:02:12,1
822668,07051,173,PE,3701,CAL,,,full,,,serpost-via-peru-pe-cpn,,2026-05-24T12:02:12,2026-05-24T12:02:12,1
822669,07056,173,PE,3701,CAL,,,full,,,serpost-via-peru-pe-cpn,,2026-05-24T12:02:12,2026-05-24T12:02:12,1
822670,07061,173,PE,3701,CAL,,,full,,,serpost-via-peru-pe-cpn,,2026-05-24T12:02:12,2026-05-24T12:02:12,1
822671,07066,173,PE,3701,CAL,,,full,,,serpost-via-peru-pe-cpn,,2026-05-24T12:02:12,2026-05-24T12:02:12,1
822672,07071,173,PE,3701,CAL,,,full,,,serpost-via-peru-pe-cpn,,2026-05-24T12:02:12,2026-05-24T12:02:12,1
822673,07076,173,PE,3701,CAL,,,full,,,serpost-via-peru-pe-cpn,,2026-05-24T12:02:12,2026-05-24T12:02:12,1
822674,08000,173,PE,3691,CUS,,,full,,,serpost-via-peru-pe-cpn,,2026-05-24T12:02:12,2026-05-24T12:02:12,1
822675,08001,173,PE,3691,CUS,,,full,,,serpost-via-peru-pe-cpn,,2026-05-24T12:02:12,2026-05-24T12:02:12,1
822676,08002,173,PE,3691,CUS,,,full,,,serpost-via-peru-pe-cpn,,2026-05-24T12:02:12,2026-05-24T12:02:12,1
822677,08003,173,PE,3691,CUS,,,full,,,serpost-via-peru-pe-cpn,,2026-05-24T12:02:12,2026-05-24T12:02:12,1
822678,08004,173,PE,3691,CUS,,,full,,,serpost-via-peru-pe-cpn,,2026-05-24T12:02:12,2026-05-24T12:02:12,1
822679,08006,173,PE,3691,CUS,,,full,,,serpost-via-peru-pe-cpn,,2026-05-24T12:02:12,2026-05-24T12:02:12,1
822680,08007,173,PE,3691,CUS,,,full,,,serpost-via-peru-pe-cpn,,2026-05-24T12:02:12,2026-05-24T12:02:12,1
822681,08051,173,PE,3691,CUS,,,full,,,serpost-via-peru-pe-cpn,,2026-05-24T12:02:12,2026-05-24T12:02:12,1
822682,08100,173,PE,3691,CUS,,,full,,,serpost-via-peru-pe-cpn,,2026-05-24T12:02:12,2026-05-24T12:02:12,1
822683,08105,173,PE,3691,CUS,,,full,,,serpost-via-peru-pe-cpn,,2026-05-24T12:02:12,2026-05-24T12:02:12,1
822684,08106,173,PE,3691,CUS,,,full,,,serpost-via-peru-pe-cpn,,2026-05-24T12:02:12,2026-05-24T12:02:12,1
822685,08110,173,PE,3691,CUS,,,full,,,serpost-via-peru-pe-cpn,,2026-05-24T12:02:12,2026-05-24T12:02:12,1
822686,08115,173,PE,3691,CUS,,,full,,,serpost-via-peru-pe-cpn,,2026-05-24T12:02:12,2026-05-24T12:02:12,1
822687,08116,173,PE,3691,CUS,,,full,,,serpost-via-peru-pe-cpn,,2026-05-24T12:02:12,2026-05-24T12:02:12,1
822688,08120,173,PE,3691,CUS,,,full,,,serpost-via-peru-pe-cpn,,2026-05-24T12:02:12,2026-05-24T12:02:12,1
822689,08121,173,PE,3691,CUS,,,full,,,serpost-via-peru-pe-cpn,,2026-05-24T12:02:12,2026-05-24T12:02:12,1
822690,08125,173,PE,3691,CUS,,,full,,,serpost-via-peru-pe-cpn,,2026-05-24T12:02:12,2026-05-24T12:02:12,1
822691,08126,173,PE,3691,CUS,,,full,,,serpost-via-peru-pe-cpn,,2026-05-24T12:02:12,2026-05-24T12:02:12,1
822692,08130,173,PE,3691,CUS,,,full,,,serpost-via-peru-pe-cpn,,2026-05-24T12:02:12,2026-05-24T12:02:12,1
822693,08131,173,PE,3691,CUS,,,full,,,serpost-via-peru-pe-cpn,,2026-05-24T12:02:12,2026-05-24T12:02:12,1
822694,08135,173,PE,3691,CUS,,,full,,,serpost-via-peru-pe-cpn,,2026-05-24T12:02:12,2026-05-24T12:02:12,1
822695,08136,173,PE,3691,CUS,,,full,,,serpost-via-peru-pe-cpn,,2026-05-24T12:02:12,2026-05-24T12:02:12,1
822696,08140,173,PE,3691,CUS,,,full,,,serpost-via-peru-pe-cpn,,2026-05-24T12:02:12,2026-05-24T12:02:12,1
822697,08141,173,PE,3691,CUS,,,full,,,serpost-via-peru-pe-cpn,,2026-05-24T12:02:12,2026-05-24T12:02:12,1
822698,08145,173,PE,3691,CUS,,,full,,,serpost-via-peru-pe-cpn,,2026-05-24T12:02:12,2026-05-24T12:02:12,1
822699,08150,173,PE,3691,CUS,,,full,,,serpost-via-peru-pe-cpn,,2026-05-24T12:02:12,2026-05-24T12:02:12,1
822700,08151,173,PE,3691,CUS,,,full,,,serpost-via-peru-pe-cpn,,2026-05-24T12:02:12,2026-05-24T12:02:12,1
822701,08155,173,PE,3691,CUS,,,full,,,serpost-via-peru-pe-cpn,,2026-05-24T12:02:12,2026-05-24T12:02:12,1
822702,08160,173,PE,3691,CUS,,,full,,,serpost-via-peru-pe-cpn,,2026-05-24T12:02:12,2026-05-24T12:02:12,1
822703,08161,173,PE,3691,CUS,,,full,,,serpost-via-peru-pe-cpn,,2026-05-24T12:02:12,2026-05-24T12:02:12,1
822704,08165,173,PE,3691,CUS,,,full,,,serpost-via-peru-pe-cpn,,2026-05-24T12:02:12,2026-05-24T12:02:12,1
822705,08166,173,PE,3691,CUS,,,full,,,serpost-via-peru-pe-cpn,,2026-05-24T12:02:12,2026-05-24T12:02:12,1
822706,08170,173,PE,3691,CUS,,,full,,,serpost-via-peru-pe-cpn,,2026-05-24T12:02:12,2026-05-24T12:02:12,1
822707,08171,173,PE,3691,CUS,,,full,,,serpost-via-peru-pe-cpn,,2026-05-24T12:02:12,2026-05-24T12:02:12,1
822708,08175,173,PE,3691,CUS,,,full,,,serpost-via-peru-pe-cpn,,2026-05-24T12:02:12,2026-05-24T12:02:12,1
822709,08180,173,PE,3691,CUS,,,full,,,serpost-via-peru-pe-cpn,,2026-05-24T12:02:12,2026-05-24T12:02:12,1
822710,08185,173,PE,3691,CUS,,,full,,,serpost-via-peru-pe-cpn,,2026-05-24T12:02:12,2026-05-24T12:02:12,1
822711,08200,173,PE,3691,CUS,,,full,,,serpost-via-peru-pe-cpn,,2026-05-24T12:02:12,2026-05-24T12:02:12,1
822712,08204,173,PE,3691,CUS,,,full,,,serpost-via-peru-pe-cpn,,2026-05-24T12:02:12,2026-05-24T12:02:12,1
822713,08205,173,PE,3691,CUS,,,full,,,serpost-via-peru-pe-cpn,,2026-05-24T12:02:12,2026-05-24T12:02:12,1
822714,08207,173,PE,3691,CUS,,,full,,,serpost-via-peru-pe-cpn,,2026-05-24T12:02:12,2026-05-24T12:02:12,1
822715,08210,173,PE,3691,CUS,,,full,,,serpost-via-peru-pe-cpn,,2026-05-24T12:02:12,2026-05-24T12:02:12,1
822716,08215,173,PE,3691,CUS,,,full,,,serpost-via-peru-pe-cpn,,2026-05-24T12:02:12,2026-05-24T12:02:12,1
822717,08219,173,PE,3691,CUS,,,full,,,serpost-via-peru-pe-cpn,,2026-05-24T12:02:12,2026-05-24T12:02:12,1
822718,08220,173,PE,3691,CUS,,,full,,,serpost-via-peru-pe-cpn,,2026-05-24T12:02:12,2026-05-24T12:02:12,1
822719,08222,173,PE,3691,CUS,,,full,,,serpost-via-peru-pe-cpn,,2026-05-24T12:02:12,2026-05-24T12:02:12,1
822720,08223,173,PE,3691,CUS,,,full,,,serpost-via-peru-pe-cpn,,2026-05-24T12:02:12,2026-05-24T12:02:12,1
822721,08225,173,PE,3691,CUS,,,full,,,serpost-via-peru-pe-cpn,,2026-05-24T12:02:12,2026-05-24T12:02:12,1
822722,08230,173,PE,3691,CUS,,,full,,,serpost-via-peru-pe-cpn,,2026-05-24T12:02:12,2026-05-24T12:02:12,1
822723,08234,173,PE,3691,CUS,,,full,,,serpost-via-peru-pe-cpn,,2026-05-24T12:02:12,2026-05-24T12:02:12,1
822724,08235,173,PE,3691,CUS,,,full,,,serpost-via-peru-pe-cpn,,2026-05-24T12:02:12,2026-05-24T12:02:12,1
822725,08238,173,PE,3691,CUS,,,full,,,serpost-via-peru-pe-cpn,,2026-05-24T12:02:12,2026-05-24T12:02:12,1
822726,08240,173,PE,3691,CUS,,,full,,,serpost-via-peru-pe-cpn,,2026-05-24T12:02:12,2026-05-24T12:02:12,1
822727,08242,173,PE,3691,CUS,,,full,,,serpost-via-peru-pe-cpn,,2026-05-24T12:02:12,2026-05-24T12:02:12,1
822728,08243,173,PE,3691,CUS,,,full,,,serpost-via-peru-pe-cpn,,2026-05-24T12:02:12,2026-05-24T12:02:12,1
822729,08245,173,PE,3691,CUS,,,full,,,serpost-via-peru-pe-cpn,,2026-05-24T12:02:12,2026-05-24T12:02:12,1
822730,08250,173,PE,3691,CUS,,,full,,,serpost-via-peru-pe-cpn,,2026-05-24T12:02:12,2026-05-24T12:02:12,1
822731,08254,173,PE,3691,CUS,,,full,,,serpost-via-peru-pe-cpn,,2026-05-24T12:02:12,2026-05-24T12:02:12,1
822732,08255,173,PE,3691,CUS,,,full,,,serpost-via-peru-pe-cpn,,2026-05-24T12:02:12,2026-05-24T12:02:12,1
822733,08257,173,PE,3691,CUS,,,full,,,serpost-via-peru-pe-cpn,,2026-05-24T12:02:12,2026-05-24T12:02:12,1
822734,08258,173,PE,3691,CUS,,,full,,,serpost-via-peru-pe-cpn,,2026-05-24T12:02:12,2026-05-24T12:02:12,1
822735,08260,173,PE,3691,CUS,,,full,,,serpost-via-peru-pe-cpn,,2026-05-24T12:02:12,2026-05-24T12:02:12,1
822736,08264,173,PE,3691,CUS,,,full,,,serpost-via-peru-pe-cpn,,2026-05-24T12:02:12,2026-05-24T12:02:12,1
822737,08265,173,PE,3691,CUS,,,full,,,serpost-via-peru-pe-cpn,,2026-05-24T12:02:12,2026-05-24T12:02:12,1
822738,08267,173,PE,3691,CUS,,,full,,,serpost-via-peru-pe-cpn,,2026-05-24T12:02:12,2026-05-24T12:02:12,1
822739,08268,173,PE,3691,CUS,,,full,,,serpost-via-peru-pe-cpn,,2026-05-24T12:02:12,2026-05-24T12:02:12,1
822740,08270,173,PE,3691,CUS,,,full,,,serpost-via-peru-pe-cpn,,2026-05-24T12:02:12,2026-05-24T12:02:12,1
822741,08274,173,PE,3691,CUS,,,full,,,serpost-via-peru-pe-cpn,,2026-05-24T12:02:12,2026-05-24T12:02:12,1
822742,08275,173,PE,3691,CUS,,,full,,,serpost-via-peru-pe-cpn,,2026-05-24T12:02:12,2026-05-24T12:02:12,1
822743,08277,173,PE,3691,CUS,,,full,,,serpost-via-peru-pe-cpn,,2026-05-24T12:02:12,2026-05-24T12:02:12,1
822744,08278,173,PE,3691,CUS,,,full,,,serpost-via-peru-pe-cpn,,2026-05-24T12:02:12,2026-05-24T12:02:12,1
822745,08280,173,PE,3691,CUS,,,full,,,serpost-via-peru-pe-cpn,,2026-05-24T12:02:12,2026-05-24T12:02:12,1
822746,08285,173,PE,3691,CUS,,,full,,,serpost-via-peru-pe-cpn,,2026-05-24T12:02:12,2026-05-24T12:02:12,1
822747,08290,173,PE,3691,CUS,,,full,,,serpost-via-peru-pe-cpn,,2026-05-24T12:02:12,2026-05-24T12:02:12,1
822748,08295,173,PE,3691,CUS,,,full,,,serpost-via-peru-pe-cpn,,2026-05-24T12:02:12,2026-05-24T12:02:12,1
822749,08300,173,PE,3691,CUS,,,full,,,serpost-via-peru-pe-cpn,,2026-05-24T12:02:12,2026-05-24T12:02:12,1
822750,08301,173,PE,3691,CUS,,,full,,,serpost-via-peru-pe-cpn,,2026-05-24T12:02:12,2026-05-24T12:02:12,1
822751,08310,173,PE,3691,CUS,,,full,,,serpost-via-peru-pe-cpn,,2026-05-24T12:02:12,2026-05-24T12:02:12,1
822752,08320,173,PE,3691,CUS,,,full,,,serpost-via-peru-pe-cpn,,2026-05-24T12:02:12,2026-05-24T12:02:12,1
822753,08321,173,PE,3691,CUS,,,full,,,serpost-via-peru-pe-cpn,,2026-05-24T12:02:12,2026-05-24T12:02:12,1
822754,08330,173,PE,3691,CUS,,,full,,,serpost-via-peru-pe-cpn,,2026-05-24T12:02:12,2026-05-24T12:02:12,1
822755,08340,173,PE,3691,CUS,,,full,,,serpost-via-peru-pe-cpn,,2026-05-24T12:02:12,2026-05-24T12:02:12,1
822756,08350,173,PE,3691,CUS,,,full,,,serpost-via-peru-pe-cpn,,2026-05-24T12:02:12,2026-05-24T12:02:12,1
822757,08360,173,PE,3691,CUS,,,full,,,serpost-via-peru-pe-cpn,,2026-05-24T12:02:12,2026-05-24T12:02:12,1
822758,08370,173,PE,3691,CUS,,,full,,,serpost-via-peru-pe-cpn,,2026-05-24T12:02:12,2026-05-24T12:02:12,1
822759,08371,173,PE,3691,CUS,,,full,,,serpost-via-peru-pe-cpn,,2026-05-24T12:02:12,2026-05-24T12:02:12,1
822760,08400,173,PE,3691,CUS,,,full,,,serpost-via-peru-pe-cpn,,2026-05-24T12:02:12,2026-05-24T12:02:12,1
822761,08410,173,PE,3691,CUS,,,full,,,serpost-via-peru-pe-cpn,,2026-05-24T12:02:12,2026-05-24T12:02:12,1
822762,08411,173,PE,3691,CUS,,,full,,,serpost-via-peru-pe-cpn,,2026-05-24T12:02:12,2026-05-24T12:02:12,1
822763,08420,173,PE,3691,CUS,,,full,,,serpost-via-peru-pe-cpn,,2026-05-24T12:02:12,2026-05-24T12:02:12,1
822764,08421,173,PE,3691,CUS,,,full,,,serpost-via-peru-pe-cpn,,2026-05-24T12:02:12,2026-05-24T12:02:12,1
822765,08430,173,PE,3691,CUS,,,full,,,serpost-via-peru-pe-cpn,,2026-05-24T12:02:12,2026-05-24T12:02:12,1
822766,08431,173,PE,3691,CUS,,,full,,,serpost-via-peru-pe-cpn,,2026-05-24T12:02:12,2026-05-24T12:02:12,1
822767,08440,173,PE,3691,CUS,,,full,,,serpost-via-peru-pe-cpn,,2026-05-24T12:02:12,2026-05-24T12:02:12,1
822768,08441,173,PE,3691,CUS,,,full,,,serpost-via-peru-pe-cpn,,2026-05-24T12:02:12,2026-05-24T12:02:12,1
822769,08450,173,PE,3691,CUS,,,full,,,serpost-via-peru-pe-cpn,,2026-05-24T12:02:12,2026-05-24T12:02:12,1
822770,08460,173,PE,3691,CUS,,,full,,,serpost-via-peru-pe-cpn,,2026-05-24T12:02:12,2026-05-24T12:02:12,1
822771,08461,173,PE,3691,CUS,,,full,,,serpost-via-peru-pe-cpn,,2026-05-24T12:02:12,2026-05-24T12:02:12,1
822772,08470,173,PE,3691,CUS,,,full,,,serpost-via-peru-pe-cpn,,2026-05-24T12:02:12,2026-05-24T12:02:12,1
822773,08471,173,PE,3691,CUS,,,full,,,serpost-via-peru-pe-cpn,,2026-05-24T12:02:12,2026-05-24T12:02:12,1
822774,08500,173,PE,3691,CUS,,,full,,,serpost-via-peru-pe-cpn,,2026-05-24T12:02:12,2026-05-24T12:02:12,1
822775,08501,173,PE,3691,CUS,,,full,,,serpost-via-peru-pe-cpn,,2026-05-24T12:02:12,2026-05-24T12:02:12,1
822776,08505,173,PE,3691,CUS,,,full,,,serpost-via-peru-pe-cpn,,2026-05-24T12:02:12,2026-05-24T12:02:12,1
822777,08510,173,PE,3691,CUS,,,full,,,serpost-via-peru-pe-cpn,,2026-05-24T12:02:12,2026-05-24T12:02:12,1
822778,08515,173,PE,3691,CUS,,,full,,,serpost-via-peru-pe-cpn,,2026-05-24T12:02:12,2026-05-24T12:02:12,1
822779,08520,173,PE,3691,CUS,,,full,,,serpost-via-peru-pe-cpn,,2026-05-24T12:02:12,2026-05-24T12:02:12,1
822780,08525,173,PE,3691,CUS,,,full,,,serpost-via-peru-pe-cpn,,2026-05-24T12:02:12,2026-05-24T12:02:12,1
822781,08530,173,PE,3691,CUS,,,full,,,serpost-via-peru-pe-cpn,,2026-05-24T12:02:12,2026-05-24T12:02:12,1
822782,08535,173,PE,3691,CUS,,,full,,,serpost-via-peru-pe-cpn,,2026-05-24T12:02:12,2026-05-24T12:02:12,1
822783,08540,173,PE,3691,CUS,,,full,,,serpost-via-peru-pe-cpn,,2026-05-24T12:02:12,2026-05-24T12:02:12,1
822784,08545,173,PE,3691,CUS,,,full,,,serpost-via-peru-pe-cpn,,2026-05-24T12:02:12,2026-05-24T12:02:12,1
822785,08550,173,PE,3691,CUS,,,full,,,serpost-via-peru-pe-cpn,,2026-05-24T12:02:12,2026-05-24T12:02:12,1
822786,08551,173,PE,3691,CUS,,,full,,,serpost-via-peru-pe-cpn,,2026-05-24T12:02:12,2026-05-24T12:02:12,1
822787,08555,173,PE,3691,CUS,,,full,,,serpost-via-peru-pe-cpn,,2026-05-24T12:02:12,2026-05-24T12:02:12,1
822788,08560,173,PE,3691,CUS,,,full,,,serpost-via-peru-pe-cpn,,2026-05-24T12:02:12,2026-05-24T12:02:12,1
822789,08561,173,PE,3691,CUS,,,full,,,serpost-via-peru-pe-cpn,,2026-05-24T12:02:12,2026-05-24T12:02:12,1
822790,08565,173,PE,3691,CUS,,,full,,,serpost-via-peru-pe-cpn,,2026-05-24T12:02:12,2026-05-24T12:02:12,1
822791,08566,173,PE,3691,CUS,,,full,,,serpost-via-peru-pe-cpn,,2026-05-24T12:02:12,2026-05-24T12:02:12,1
822792,08600,173,PE,3691,CUS,,,full,,,serpost-via-peru-pe-cpn,,2026-05-24T12:02:12,2026-05-24T12:02:12,1
822793,08605,173,PE,3691,CUS,,,full,,,serpost-via-peru-pe-cpn,,2026-05-24T12:02:12,2026-05-24T12:02:12,1
822794,08610,173,PE,3691,CUS,,,full,,,serpost-via-peru-pe-cpn,,2026-05-24T12:02:12,2026-05-24T12:02:12,1
822795,08615,173,PE,3691,CUS,,,full,,,serpost-via-peru-pe-cpn,,2026-05-24T12:02:12,2026-05-24T12:02:12,1
822796,08616,173,PE,3691,CUS,,,full,,,serpost-via-peru-pe-cpn,,2026-05-24T12:02:12,2026-05-24T12:02:12,1
822797,08620,173,PE,3691,CUS,,,full,,,serpost-via-peru-pe-cpn,,2026-05-24T12:02:12,2026-05-24T12:02:12,1
822798,08625,173,PE,3691,CUS,,,full,,,serpost-via-peru-pe-cpn,,2026-05-24T12:02:12,2026-05-24T12:02:12,1
822799,08626,173,PE,3691,CUS,,,full,,,serpost-via-peru-pe-cpn,,2026-05-24T12:02:12,2026-05-24T12:02:12,1
822800,08630,173,PE,3691,CUS,,,full,,,serpost-via-peru-pe-cpn,,2026-05-24T12:02:12,2026-05-24T12:02:12,1
822801,08635,173,PE,3691,CUS,,,full,,,serpost-via-peru-pe-cpn,,2026-05-24T12:02:12,2026-05-24T12:02:12,1
822802,08636,173,PE,3691,CUS,,,full,,,serpost-via-peru-pe-cpn,,2026-05-24T12:02:12,2026-05-24T12:02:12,1
822803,08640,173,PE,3691,CUS,,,full,,,serpost-via-peru-pe-cpn,,2026-05-24T12:02:12,2026-05-24T12:02:12,1
822804,08641,173,PE,3691,CUS,,,full,,,serpost-via-peru-pe-cpn,,2026-05-24T12:02:12,2026-05-24T12:02:12,1
822805,08645,173,PE,3691,CUS,,,full,,,serpost-via-peru-pe-cpn,,2026-05-24T12:02:12,2026-05-24T12:02:12,1
822806,08650,173,PE,3691,CUS,,,full,,,serpost-via-peru-pe-cpn,,2026-05-24T12:02:12,2026-05-24T12:02:12,1
822807,08651,173,PE,3691,CUS,,,full,,,serpost-via-peru-pe-cpn,,2026-05-24T12:02:12,2026-05-24T12:02:12,1
822808,08655,173,PE,3691,CUS,,,full,,,serpost-via-peru-pe-cpn,,2026-05-24T12:02:12,2026-05-24T12:02:12,1
822809,08656,173,PE,3691,CUS,,,full,,,serpost-via-peru-pe-cpn,,2026-05-24T12:02:12,2026-05-24T12:02:12,1
822810,08660,173,PE,3691,CUS,,,full,,,serpost-via-peru-pe-cpn,,2026-05-24T12:02:12,2026-05-24T12:02:12,1
822811,08661,173,PE,3691,CUS,,,full,,,serpost-via-peru-pe-cpn,,2026-05-24T12:02:12,2026-05-24T12:02:12,1
822812,08665,173,PE,3691,CUS,,,full,,,serpost-via-peru-pe-cpn,,2026-05-24T12:02:12,2026-05-24T12:02:12,1
822813,08670,173,PE,3691,CUS,,,full,,,serpost-via-peru-pe-cpn,,2026-05-24T12:02:12,2026-05-24T12:02:12,1
822814,08675,173,PE,3691,CUS,,,full,,,serpost-via-peru-pe-cpn,,2026-05-24T12:02:12,2026-05-24T12:02:12,1
822815,08676,173,PE,3691,CUS,,,full,,,serpost-via-peru-pe-cpn,,2026-05-24T12:02:12,2026-05-24T12:02:12,1
822816,08680,173,PE,3691,CUS,,,full,,,serpost-via-peru-pe-cpn,,2026-05-24T12:02:12,2026-05-24T12:02:12,1
822817,08681,173,PE,3691,CUS,,,full,,,serpost-via-peru-pe-cpn,,2026-05-24T12:02:12,2026-05-24T12:02:12,1
822818,08700,173,PE,3691,CUS,,,full,,,serpost-via-peru-pe-cpn,,2026-05-24T12:02:12,2026-05-24T12:02:12,1
822819,08701,173,PE,3691,CUS,,,full,,,serpost-via-peru-pe-cpn,,2026-05-24T12:02:12,2026-05-24T12:02:12,1
822820,08710,173,PE,3691,CUS,,,full,,,serpost-via-peru-pe-cpn,,2026-05-24T12:02:12,2026-05-24T12:02:12,1
822821,08711,173,PE,3691,CUS,,,full,,,serpost-via-peru-pe-cpn,,2026-05-24T12:02:12,2026-05-24T12:02:12,1
822822,08720,173,PE,3691,CUS,,,full,,,serpost-via-peru-pe-cpn,,2026-05-24T12:02:12,2026-05-24T12:02:12,1
822823,08721,173,PE,3691,CUS,,,full,,,serpost-via-peru-pe-cpn,,2026-05-24T12:02:12,2026-05-24T12:02:12,1
822824,08730,173,PE,3691,CUS,,,full,,,serpost-via-peru-pe-cpn,,2026-05-24T12:02:12,2026-05-24T12:02:12,1
822825,08731,173,PE,3691,CUS,,,full,,,serpost-via-peru-pe-cpn,,2026-05-24T12:02:12,2026-05-24T12:02:12,1
822826,08740,173,PE,3691,CUS,,,full,,,serpost-via-peru-pe-cpn,,2026-05-24T12:02:12,2026-05-24T12:02:12,1
822827,08741,173,PE,3691,CUS,,,full,,,serpost-via-peru-pe-cpn,,2026-05-24T12:02:12,2026-05-24T12:02:12,1
822828,08750,173,PE,3691,CUS,,,full,,,serpost-via-peru-pe-cpn,,2026-05-24T12:02:12,2026-05-24T12:02:12,1
822829,08751,173,PE,3691,CUS,,,full,,,serpost-via-peru-pe-cpn,,2026-05-24T12:02:12,2026-05-24T12:02:12,1
822830,08760,173,PE,3691,CUS,,,full,,,serpost-via-peru-pe-cpn,,2026-05-24T12:02:12,2026-05-24T12:02:12,1
822831,08761,173,PE,3691,CUS,,,full,,,serpost-via-peru-pe-cpn,,2026-05-24T12:02:12,2026-05-24T12:02:12,1
822832,08770,173,PE,3691,CUS,,,full,,,serpost-via-peru-pe-cpn,,2026-05-24T12:02:12,2026-05-24T12:02:12,1
822833,08771,173,PE,3691,CUS,,,full,,,serpost-via-peru-pe-cpn,,2026-05-24T12:02:12,2026-05-24T12:02:12,1
822834,08780,173,PE,3691,CUS,,,full,,,serpost-via-peru-pe-cpn,,2026-05-24T12:02:12,2026-05-24T12:02:12,1
822835,08781,173,PE,3691,CUS,,,full,,,serpost-via-peru-pe-cpn,,2026-05-24T12:02:12,2026-05-24T12:02:12,1
822836,08800,173,PE,3691,CUS,,,full,,,serpost-via-peru-pe-cpn,,2026-05-24T12:02:12,2026-05-24T12:02:12,1
822837,08801,173,PE,3691,CUS,,,full,,,serpost-via-peru-pe-cpn,,2026-05-24T12:02:12,2026-05-24T12:02:12,1
822838,08850,173,PE,3691,CUS,,,full,,,serpost-via-peru-pe-cpn,,2026-05-24T12:02:12,2026-05-24T12:02:12,1
822839,08851,173,PE,3691,CUS,,,full,,,serpost-via-peru-pe-cpn,,2026-05-24T12:02:12,2026-05-24T12:02:12,1
822840,09000,173,PE,3679,HUV,,,full,,,serpost-via-peru-pe-cpn,,2026-05-24T12:02:12,2026-05-24T12:02:12,1
822841,09001,173,PE,3679,HUV,,,full,,,serpost-via-peru-pe-cpn,,2026-05-24T12:02:12,2026-05-24T12:02:12,1
822842,09100,173,PE,3679,HUV,,,full,,,serpost-via-peru-pe-cpn,,2026-05-24T12:02:12,2026-05-24T12:02:12,1
822843,09101,173,PE,3679,HUV,,,full,,,serpost-via-peru-pe-cpn,,2026-05-24T12:02:12,2026-05-24T12:02:12,1
822844,09105,173,PE,3679,HUV,,,full,,,serpost-via-peru-pe-cpn,,2026-05-24T12:02:12,2026-05-24T12:02:12,1
822845,09110,173,PE,3679,HUV,,,full,,,serpost-via-peru-pe-cpn,,2026-05-24T12:02:12,2026-05-24T12:02:12,1
822846,09111,173,PE,3679,HUV,,,full,,,serpost-via-peru-pe-cpn,,2026-05-24T12:02:12,2026-05-24T12:02:12,1
822847,09115,173,PE,3679,HUV,,,full,,,serpost-via-peru-pe-cpn,,2026-05-24T12:02:12,2026-05-24T12:02:12,1
822848,09120,173,PE,3679,HUV,,,full,,,serpost-via-peru-pe-cpn,,2026-05-24T12:02:12,2026-05-24T12:02:12,1
822849,09125,173,PE,3679,HUV,,,full,,,serpost-via-peru-pe-cpn,,2026-05-24T12:02:12,2026-05-24T12:02:12,1
822850,09130,173,PE,3679,HUV,,,full,,,serpost-via-peru-pe-cpn,,2026-05-24T12:02:12,2026-05-24T12:02:12,1
822851,09135,173,PE,3679,HUV,,,full,,,serpost-via-peru-pe-cpn,,2026-05-24T12:02:12,2026-05-24T12:02:12,1
822852,09136,173,PE,3679,HUV,,,full,,,serpost-via-peru-pe-cpn,,2026-05-24T12:02:12,2026-05-24T12:02:12,1
822853,09140,173,PE,3679,HUV,,,full,,,serpost-via-peru-pe-cpn,,2026-05-24T12:02:12,2026-05-24T12:02:12,1
822854,09141,173,PE,3679,HUV,,,full,,,serpost-via-peru-pe-cpn,,2026-05-24T12:02:12,2026-05-24T12:02:12,1
822855,09145,173,PE,3679,HUV,,,full,,,serpost-via-peru-pe-cpn,,2026-05-24T12:02:12,2026-05-24T12:02:12,1
822856,09146,173,PE,3679,HUV,,,full,,,serpost-via-peru-pe-cpn,,2026-05-24T12:02:12,2026-05-24T12:02:12,1
822857,09150,173,PE,3679,HUV,,,full,,,serpost-via-peru-pe-cpn,,2026-05-24T12:02:12,2026-05-24T12:02:12,1
822858,09151,173,PE,3679,HUV,,,full,,,serpost-via-peru-pe-cpn,,2026-05-24T12:02:12,2026-05-24T12:02:12,1
822859,09155,173,PE,3679,HUV,,,full,,,serpost-via-peru-pe-cpn,,2026-05-24T12:02:12,2026-05-24T12:02:12,1
822860,09156,173,PE,3679,HUV,,,full,,,serpost-via-peru-pe-cpn,,2026-05-24T12:02:12,2026-05-24T12:02:12,1
822861,09160,173,PE,3679,HUV,,,full,,,serpost-via-peru-pe-cpn,,2026-05-24T12:02:12,2026-05-24T12:02:12,1
822862,09161,173,PE,3679,HUV,,,full,,,serpost-via-peru-pe-cpn,,2026-05-24T12:02:12,2026-05-24T12:02:12,1
822863,09200,173,PE,3679,HUV,,,full,,,serpost-via-peru-pe-cpn,,2026-05-24T12:02:12,2026-05-24T12:02:12,1
822864,09201,173,PE,3679,HUV,,,full,,,serpost-via-peru-pe-cpn,,2026-05-24T12:02:12,2026-05-24T12:02:12,1
822865,09210,173,PE,3679,HUV,,,full,,,serpost-via-peru-pe-cpn,,2026-05-24T12:02:12,2026-05-24T12:02:12,1
822866,09220,173,PE,3679,HUV,,,full,,,serpost-via-peru-pe-cpn,,2026-05-24T12:02:12,2026-05-24T12:02:12,1
822867,09230,173,PE,3679,HUV,,,full,,,serpost-via-peru-pe-cpn,,2026-05-24T12:02:12,2026-05-24T12:02:12,1
822868,09240,173,PE,3679,HUV,,,full,,,serpost-via-peru-pe-cpn,,2026-05-24T12:02:12,2026-05-24T12:02:12,1
822869,09241,173,PE,3679,HUV,,,full,,,serpost-via-peru-pe-cpn,,2026-05-24T12:02:12,2026-05-24T12:02:12,1
822870,09250,173,PE,3679,HUV,,,full,,,serpost-via-peru-pe-cpn,,2026-05-24T12:02:12,2026-05-24T12:02:12,1
822871,09260,173,PE,3679,HUV,,,full,,,serpost-via-peru-pe-cpn,,2026-05-24T12:02:12,2026-05-24T12:02:12,1
822872,09261,173,PE,3679,HUV,,,full,,,serpost-via-peru-pe-cpn,,2026-05-24T12:02:12,2026-05-24T12:02:12,1
822873,09300,173,PE,3679,HUV,,,full,,,serpost-via-peru-pe-cpn,,2026-05-24T12:02:12,2026-05-24T12:02:12,1
822874,09301,173,PE,3679,HUV,,,full,,,serpost-via-peru-pe-cpn,,2026-05-24T12:02:12,2026-05-24T12:02:12,1
822875,09305,173,PE,3679,HUV,,,full,,,serpost-via-peru-pe-cpn,,2026-05-24T12:02:12,2026-05-24T12:02:12,1
822876,09306,173,PE,3679,HUV,,,full,,,serpost-via-peru-pe-cpn,,2026-05-24T12:02:12,2026-05-24T12:02:12,1
822877,09310,173,PE,3679,HUV,,,full,,,serpost-via-peru-pe-cpn,,2026-05-24T12:02:12,2026-05-24T12:02:12,1
822878,09315,173,PE,3679,HUV,,,full,,,serpost-via-peru-pe-cpn,,2026-05-24T12:02:12,2026-05-24T12:02:12,1
822879,09316,173,PE,3679,HUV,,,full,,,serpost-via-peru-pe-cpn,,2026-05-24T12:02:12,2026-05-24T12:02:12,1
822880,09320,173,PE,3679,HUV,,,full,,,serpost-via-peru-pe-cpn,,2026-05-24T12:02:12,2026-05-24T12:02:12,1
822881,09321,173,PE,3679,HUV,,,full,,,serpost-via-peru-pe-cpn,,2026-05-24T12:02:12,2026-05-24T12:02:12,1
822882,09325,173,PE,3679,HUV,,,full,,,serpost-via-peru-pe-cpn,,2026-05-24T12:02:12,2026-05-24T12:02:12,1
822883,09330,173,PE,3679,HUV,,,full,,,serpost-via-peru-pe-cpn,,2026-05-24T12:02:12,2026-05-24T12:02:12,1
822884,09331,173,PE,3679,HUV,,,full,,,serpost-via-peru-pe-cpn,,2026-05-24T12:02:12,2026-05-24T12:02:12,1
822885,09335,173,PE,3679,HUV,,,full,,,serpost-via-peru-pe-cpn,,2026-05-24T12:02:12,2026-05-24T12:02:12,1
822886,09340,173,PE,3679,HUV,,,full,,,serpost-via-peru-pe-cpn,,2026-05-24T12:02:12,2026-05-24T12:02:12,1
822887,09345,173,PE,3679,HUV,,,full,,,serpost-via-peru-pe-cpn,,2026-05-24T12:02:12,2026-05-24T12:02:12,1
822888,09346,173,PE,3679,HUV,,,full,,,serpost-via-peru-pe-cpn,,2026-05-24T12:02:12,2026-05-24T12:02:12,1
822889,09350,173,PE,3679,HUV,,,full,,,serpost-via-peru-pe-cpn,,2026-05-24T12:02:12,2026-05-24T12:02:12,1
822890,09355,173,PE,3679,HUV,,,full,,,serpost-via-peru-pe-cpn,,2026-05-24T12:02:12,2026-05-24T12:02:12,1
822891,09360,173,PE,3679,HUV,,,full,,,serpost-via-peru-pe-cpn,,2026-05-24T12:02:12,2026-05-24T12:02:12,1
822892,09365,173,PE,3679,HUV,,,full,,,serpost-via-peru-pe-cpn,,2026-05-24T12:02:12,2026-05-24T12:02:12,1
822893,09370,173,PE,3679,HUV,,,full,,,serpost-via-peru-pe-cpn,,2026-05-24T12:02:12,2026-05-24T12:02:12,1
822894,09371,173,PE,3679,HUV,,,full,,,serpost-via-peru-pe-cpn,,2026-05-24T12:02:12,2026-05-24T12:02:12,1
822895,09375,173,PE,3679,HUV,,,full,,,serpost-via-peru-pe-cpn,,2026-05-24T12:02:12,2026-05-24T12:02:12,1
822896,09376,173,PE,3679,HUV,,,full,,,serpost-via-peru-pe-cpn,,2026-05-24T12:02:12,2026-05-24T12:02:12,1
822897,09380,173,PE,3679,HUV,,,full,,,serpost-via-peru-pe-cpn,,2026-05-24T12:02:12,2026-05-24T12:02:12,1
822898,09381,173,PE,3679,HUV,,,full,,,serpost-via-peru-pe-cpn,,2026-05-24T12:02:12,2026-05-24T12:02:12,1
822899,09385,173,PE,3679,HUV,,,full,,,serpost-via-peru-pe-cpn,,2026-05-24T12:02:12,2026-05-24T12:02:12,1
822900,09390,173,PE,3679,HUV,,,full,,,serpost-via-peru-pe-cpn,,2026-05-24T12:02:12,2026-05-24T12:02:12,1
822901,09395,173,PE,3679,HUV,,,full,,,serpost-via-peru-pe-cpn,,2026-05-24T12:02:12,2026-05-24T12:02:12,1
822902,09400,173,PE,3679,HUV,,,full,,,serpost-via-peru-pe-cpn,,2026-05-24T12:02:12,2026-05-24T12:02:12,1
822903,09405,173,PE,3679,HUV,,,full,,,serpost-via-peru-pe-cpn,,2026-05-24T12:02:12,2026-05-24T12:02:12,1
822904,09406,173,PE,3679,HUV,,,full,,,serpost-via-peru-pe-cpn,,2026-05-24T12:02:12,2026-05-24T12:02:12,1
822905,09415,173,PE,3679,HUV,,,full,,,serpost-via-peru-pe-cpn,,2026-05-24T12:02:12,2026-05-24T12:02:12,1
822906,09416,173,PE,3679,HUV,,,full,,,serpost-via-peru-pe-cpn,,2026-05-24T12:02:12,2026-05-24T12:02:12,1
822907,09420,173,PE,3679,HUV,,,full,,,serpost-via-peru-pe-cpn,,2026-05-24T12:02:12,2026-05-24T12:02:12,1
822908,09425,173,PE,3679,HUV,,,full,,,serpost-via-peru-pe-cpn,,2026-05-24T12:02:12,2026-05-24T12:02:12,1
822909,09430,173,PE,3679,HUV,,,full,,,serpost-via-peru-pe-cpn,,2026-05-24T12:02:12,2026-05-24T12:02:12,1
822910,09435,173,PE,3679,HUV,,,full,,,serpost-via-peru-pe-cpn,,2026-05-24T12:02:12,2026-05-24T12:02:12,1
822911,09440,173,PE,3679,HUV,,,full,,,serpost-via-peru-pe-cpn,,2026-05-24T12:02:12,2026-05-24T12:02:12,1
822912,09445,173,PE,3679,HUV,,,full,,,serpost-via-peru-pe-cpn,,2026-05-24T12:02:12,2026-05-24T12:02:12,1
822913,09450,173,PE,3679,HUV,,,full,,,serpost-via-peru-pe-cpn,,2026-05-24T12:02:12,2026-05-24T12:02:12,1
822914,09455,173,PE,3679,HUV,,,full,,,serpost-via-peru-pe-cpn,,2026-05-24T12:02:12,2026-05-24T12:02:12,1
822915,09460,173,PE,3679,HUV,,,full,,,serpost-via-peru-pe-cpn,,2026-05-24T12:02:12,2026-05-24T12:02:12,1
822916,09500,173,PE,3679,HUV,,,full,,,serpost-via-peru-pe-cpn,,2026-05-24T12:02:12,2026-05-24T12:02:12,1
822917,09510,173,PE,3679,HUV,,,full,,,serpost-via-peru-pe-cpn,,2026-05-24T12:02:12,2026-05-24T12:02:12,1
822918,09520,173,PE,3679,HUV,,,full,,,serpost-via-peru-pe-cpn,,2026-05-24T12:02:12,2026-05-24T12:02:12,1
822919,09600,173,PE,3679,HUV,,,full,,,serpost-via-peru-pe-cpn,,2026-05-24T12:02:12,2026-05-24T12:02:12,1
822920,09605,173,PE,3679,HUV,,,full,,,serpost-via-peru-pe-cpn,,2026-05-24T12:02:12,2026-05-24T12:02:12,1
822921,09610,173,PE,3679,HUV,,,full,,,serpost-via-peru-pe-cpn,,2026-05-24T12:02:12,2026-05-24T12:02:12,1
822922,09615,173,PE,3679,HUV,,,full,,,serpost-via-peru-pe-cpn,,2026-05-24T12:02:12,2026-05-24T12:02:12,1
822923,09620,173,PE,3679,HUV,,,full,,,serpost-via-peru-pe-cpn,,2026-05-24T12:02:12,2026-05-24T12:02:12,1
822924,09625,173,PE,3679,HUV,,,full,,,serpost-via-peru-pe-cpn,,2026-05-24T12:02:12,2026-05-24T12:02:12,1
822925,09630,173,PE,3679,HUV,,,full,,,serpost-via-peru-pe-cpn,,2026-05-24T12:02:12,2026-05-24T12:02:12,1
822926,09635,173,PE,3679,HUV,,,full,,,serpost-via-peru-pe-cpn,,2026-05-24T12:02:12,2026-05-24T12:02:12,1
822927,09640,173,PE,3679,HUV,,,full,,,serpost-via-peru-pe-cpn,,2026-05-24T12:02:12,2026-05-24T12:02:12,1
822928,09645,173,PE,3679,HUV,,,full,,,serpost-via-peru-pe-cpn,,2026-05-24T12:02:12,2026-05-24T12:02:12,1
822929,09650,173,PE,3679,HUV,,,full,,,serpost-via-peru-pe-cpn,,2026-05-24T12:02:12,2026-05-24T12:02:12,1
822930,09655,173,PE,3679,HUV,,,full,,,serpost-via-peru-pe-cpn,,2026-05-24T12:02:12,2026-05-24T12:02:12,1
822931,09660,173,PE,3679,HUV,,,full,,,serpost-via-peru-pe-cpn,,2026-05-24T12:02:12,2026-05-24T12:02:12,1
822932,09665,173,PE,3679,HUV,,,full,,,serpost-via-peru-pe-cpn,,2026-05-24T12:02:12,2026-05-24T12:02:12,1
822933,09670,173,PE,3679,HUV,,,full,,,serpost-via-peru-pe-cpn,,2026-05-24T12:02:12,2026-05-24T12:02:12,1
822934,09700,173,PE,3679,HUV,,,full,,,serpost-via-peru-pe-cpn,,2026-05-24T12:02:12,2026-05-24T12:02:12,1
822935,09705,173,PE,3679,HUV,,,full,,,serpost-via-peru-pe-cpn,,2026-05-24T12:02:12,2026-05-24T12:02:12,1
822936,09710,173,PE,3679,HUV,,,full,,,serpost-via-peru-pe-cpn,,2026-05-24T12:02:12,2026-05-24T12:02:12,1
822937,09715,173,PE,3679,HUV,,,full,,,serpost-via-peru-pe-cpn,,2026-05-24T12:02:12,2026-05-24T12:02:12,1
822938,09720,173,PE,3679,HUV,,,full,,,serpost-via-peru-pe-cpn,,2026-05-24T12:02:12,2026-05-24T12:02:12,1
822939,09725,173,PE,3679,HUV,,,full,,,serpost-via-peru-pe-cpn,,2026-05-24T12:02:12,2026-05-24T12:02:12,1
822940,09730,173,PE,3679,HUV,,,full,,,serpost-via-peru-pe-cpn,,2026-05-24T12:02:12,2026-05-24T12:02:12,1
822941,09735,173,PE,3679,HUV,,,full,,,serpost-via-peru-pe-cpn,,2026-05-24T12:02:12,2026-05-24T12:02:12,1
822942,09740,173,PE,3679,HUV,,,full,,,serpost-via-peru-pe-cpn,,2026-05-24T12:02:12,2026-05-24T12:02:12,1
822943,09745,173,PE,3679,HUV,,,full,,,serpost-via-peru-pe-cpn,,2026-05-24T12:02:12,2026-05-24T12:02:12,1
822944,09750,173,PE,3679,HUV,,,full,,,serpost-via-peru-pe-cpn,,2026-05-24T12:02:12,2026-05-24T12:02:12,1
822945,09755,173,PE,3679,HUV,,,full,,,serpost-via-peru-pe-cpn,,2026-05-24T12:02:12,2026-05-24T12:02:12,1
822946,09800,173,PE,3679,HUV,,,full,,,serpost-via-peru-pe-cpn,,2026-05-24T12:02:12,2026-05-24T12:02:12,1
822947,09810,173,PE,3679,HUV,,,full,,,serpost-via-peru-pe-cpn,,2026-05-24T12:02:12,2026-05-24T12:02:12,1
822948,09820,173,PE,3679,HUV,,,full,,,serpost-via-peru-pe-cpn,,2026-05-24T12:02:12,2026-05-24T12:02:12,1
822949,09830,173,PE,3679,HUV,,,full,,,serpost-via-peru-pe-cpn,,2026-05-24T12:02:12,2026-05-24T12:02:12,1
822950,09840,173,PE,3679,HUV,,,full,,,serpost-via-peru-pe-cpn,,2026-05-24T12:02:12,2026-05-24T12:02:12,1
822951,09850,173,PE,3679,HUV,,,full,,,serpost-via-peru-pe-cpn,,2026-05-24T12:02:12,2026-05-24T12:02:12,1
822952,09860,173,PE,3679,HUV,,,full,,,serpost-via-peru-pe-cpn,,2026-05-24T12:02:12,2026-05-24T12:02:12,1
822953,09870,173,PE,3679,HUV,,,full,,,serpost-via-peru-pe-cpn,,2026-05-24T12:02:12,2026-05-24T12:02:12,1
822954,09880,173,PE,3679,HUV,,,full,,,serpost-via-peru-pe-cpn,,2026-05-24T12:02:12,2026-05-24T12:02:12,1
822955,09890,173,PE,3679,HUV,,,full,,,serpost-via-peru-pe-cpn,,2026-05-24T12:02:12,2026-05-24T12:02:12,1
822956,10000,173,PE,3687,HUC,,,full,,,serpost-via-peru-pe-cpn,,2026-05-24T12:02:12,2026-05-24T12:02:12,1
822957,10001,173,PE,3687,HUC,,,full,,,serpost-via-peru-pe-cpn,,2026-05-24T12:02:12,2026-05-24T12:02:12,1
822958,10002,173,PE,3687,HUC,,,full,,,serpost-via-peru-pe-cpn,,2026-05-24T12:02:12,2026-05-24T12:02:12,1
822959,10003,173,PE,3687,HUC,,,full,,,serpost-via-peru-pe-cpn,,2026-05-24T12:02:12,2026-05-24T12:02:12,1
822960,10031,173,PE,3687,HUC,,,full,,,serpost-via-peru-pe-cpn,,2026-05-24T12:02:12,2026-05-24T12:02:12,1
822961,10100,173,PE,3687,HUC,,,full,,,serpost-via-peru-pe-cpn,,2026-05-24T12:02:12,2026-05-24T12:02:12,1
822962,10101,173,PE,3687,HUC,,,full,,,serpost-via-peru-pe-cpn,,2026-05-24T12:02:12,2026-05-24T12:02:12,1
822963,10110,173,PE,3687,HUC,,,full,,,serpost-via-peru-pe-cpn,,2026-05-24T12:02:12,2026-05-24T12:02:12,1
822964,10111,173,PE,3687,HUC,,,full,,,serpost-via-peru-pe-cpn,,2026-05-24T12:02:12,2026-05-24T12:02:12,1
822965,10120,173,PE,3687,HUC,,,full,,,serpost-via-peru-pe-cpn,,2026-05-24T12:02:12,2026-05-24T12:02:12,1
822966,10121,173,PE,3687,HUC,,,full,,,serpost-via-peru-pe-cpn,,2026-05-24T12:02:12,2026-05-24T12:02:12,1
822967,10130,173,PE,3687,HUC,,,full,,,serpost-via-peru-pe-cpn,,2026-05-24T12:02:12,2026-05-24T12:02:12,1
822968,10131,173,PE,3687,HUC,,,full,,,serpost-via-peru-pe-cpn,,2026-05-24T12:02:12,2026-05-24T12:02:12,1
822969,10140,173,PE,3687,HUC,,,full,,,serpost-via-peru-pe-cpn,,2026-05-24T12:02:12,2026-05-24T12:02:12,1
822970,10141,173,PE,3687,HUC,,,full,,,serpost-via-peru-pe-cpn,,2026-05-24T12:02:12,2026-05-24T12:02:12,1
822971,10150,173,PE,3687,HUC,,,full,,,serpost-via-peru-pe-cpn,,2026-05-24T12:02:12,2026-05-24T12:02:12,1
822972,10151,173,PE,3687,HUC,,,full,,,serpost-via-peru-pe-cpn,,2026-05-24T12:02:12,2026-05-24T12:02:12,1
822973,10160,173,PE,3687,HUC,,,full,,,serpost-via-peru-pe-cpn,,2026-05-24T12:02:12,2026-05-24T12:02:12,1
822974,10170,173,PE,3687,HUC,,,full,,,serpost-via-peru-pe-cpn,,2026-05-24T12:02:12,2026-05-24T12:02:12,1
822975,10171,173,PE,3687,HUC,,,full,,,serpost-via-peru-pe-cpn,,2026-05-24T12:02:12,2026-05-24T12:02:12,1
822976,10180,173,PE,3687,HUC,,,full,,,serpost-via-peru-pe-cpn,,2026-05-24T12:02:12,2026-05-24T12:02:12,1
822977,10181,173,PE,3687,HUC,,,full,,,serpost-via-peru-pe-cpn,,2026-05-24T12:02:12,2026-05-24T12:02:12,1
822978,10200,173,PE,3687,HUC,,,full,,,serpost-via-peru-pe-cpn,,2026-05-24T12:02:12,2026-05-24T12:02:12,1
822979,10201,173,PE,3687,HUC,,,full,,,serpost-via-peru-pe-cpn,,2026-05-24T12:02:12,2026-05-24T12:02:12,1
822980,10210,173,PE,3687,HUC,,,full,,,serpost-via-peru-pe-cpn,,2026-05-24T12:02:12,2026-05-24T12:02:12,1
822981,10211,173,PE,3687,HUC,,,full,,,serpost-via-peru-pe-cpn,,2026-05-24T12:02:12,2026-05-24T12:02:12,1
822982,10220,173,PE,3687,HUC,,,full,,,serpost-via-peru-pe-cpn,,2026-05-24T12:02:12,2026-05-24T12:02:12,1
822983,10221,173,PE,3687,HUC,,,full,,,serpost-via-peru-pe-cpn,,2026-05-24T12:02:12,2026-05-24T12:02:12,1
822984,10230,173,PE,3687,HUC,,,full,,,serpost-via-peru-pe-cpn,,2026-05-24T12:02:12,2026-05-24T12:02:12,1
822985,10231,173,PE,3687,HUC,,,full,,,serpost-via-peru-pe-cpn,,2026-05-24T12:02:12,2026-05-24T12:02:12,1
822986,10240,173,PE,3687,HUC,,,full,,,serpost-via-peru-pe-cpn,,2026-05-24T12:02:12,2026-05-24T12:02:12,1
822987,10241,173,PE,3687,HUC,,,full,,,serpost-via-peru-pe-cpn,,2026-05-24T12:02:12,2026-05-24T12:02:12,1
822988,10250,173,PE,3687,HUC,,,full,,,serpost-via-peru-pe-cpn,,2026-05-24T12:02:12,2026-05-24T12:02:12,1
822989,10251,173,PE,3687,HUC,,,full,,,serpost-via-peru-pe-cpn,,2026-05-24T12:02:12,2026-05-24T12:02:12,1
822990,10260,173,PE,3687,HUC,,,full,,,serpost-via-peru-pe-cpn,,2026-05-24T12:02:12,2026-05-24T12:02:12,1
822991,10261,173,PE,3687,HUC,,,full,,,serpost-via-peru-pe-cpn,,2026-05-24T12:02:12,2026-05-24T12:02:12,1
822992,10300,173,PE,3687,HUC,,,full,,,serpost-via-peru-pe-cpn,,2026-05-24T12:02:12,2026-05-24T12:02:12,1
822993,10301,173,PE,3687,HUC,,,full,,,serpost-via-peru-pe-cpn,,2026-05-24T12:02:12,2026-05-24T12:02:12,1
822994,10350,173,PE,3687,HUC,,,full,,,serpost-via-peru-pe-cpn,,2026-05-24T12:02:12,2026-05-24T12:02:12,1
822995,10351,173,PE,3687,HUC,,,full,,,serpost-via-peru-pe-cpn,,2026-05-24T12:02:12,2026-05-24T12:02:12,1
822996,10400,173,PE,3687,HUC,,,full,,,serpost-via-peru-pe-cpn,,2026-05-24T12:02:12,2026-05-24T12:02:12,1
822997,10401,173,PE,3687,HUC,,,full,,,serpost-via-peru-pe-cpn,,2026-05-24T12:02:12,2026-05-24T12:02:12,1
822998,10410,173,PE,3687,HUC,,,full,,,serpost-via-peru-pe-cpn,,2026-05-24T12:02:12,2026-05-24T12:02:12,1
822999,10420,173,PE,3687,HUC,,,full,,,serpost-via-peru-pe-cpn,,2026-05-24T12:02:12,2026-05-24T12:02:12,1
823000,10421,173,PE,3687,HUC,,,full,,,serpost-via-peru-pe-cpn,,2026-05-24T12:02:12,2026-05-24T12:02:12,1
823001,10430,173,PE,3687,HUC,,,full,,,serpost-via-peru-pe-cpn,,2026-05-24T12:02:12,2026-05-24T12:02:12,1
823002,10431,173,PE,3687,HUC,,,full,,,serpost-via-peru-pe-cpn,,2026-05-24T12:02:12,2026-05-24T12:02:12,1
823003,10440,173,PE,3687,HUC,,,full,,,serpost-via-peru-pe-cpn,,2026-05-24T12:02:12,2026-05-24T12:02:12,1
823004,10441,173,PE,3687,HUC,,,full,,,serpost-via-peru-pe-cpn,,2026-05-24T12:02:12,2026-05-24T12:02:12,1
823005,10450,173,PE,3687,HUC,,,full,,,serpost-via-peru-pe-cpn,,2026-05-24T12:02:12,2026-05-24T12:02:12,1
823006,10460,173,PE,3687,HUC,,,full,,,serpost-via-peru-pe-cpn,,2026-05-24T12:02:12,2026-05-24T12:02:12,1
823007,10470,173,PE,3687,HUC,,,full,,,serpost-via-peru-pe-cpn,,2026-05-24T12:02:12,2026-05-24T12:02:12,1
823008,10500,173,PE,3687,HUC,,,full,,,serpost-via-peru-pe-cpn,,2026-05-24T12:02:12,2026-05-24T12:02:12,1
823009,10510,173,PE,3687,HUC,,,full,,,serpost-via-peru-pe-cpn,,2026-05-24T12:02:12,2026-05-24T12:02:12,1
823010,10511,173,PE,3687,HUC,,,full,,,serpost-via-peru-pe-cpn,,2026-05-24T12:02:12,2026-05-24T12:02:12,1
823011,10520,173,PE,3687,HUC,,,full,,,serpost-via-peru-pe-cpn,,2026-05-24T12:02:12,2026-05-24T12:02:12,1
823012,10521,173,PE,3687,HUC,,,full,,,serpost-via-peru-pe-cpn,,2026-05-24T12:02:12,2026-05-24T12:02:12,1
823013,10530,173,PE,3687,HUC,,,full,,,serpost-via-peru-pe-cpn,,2026-05-24T12:02:12,2026-05-24T12:02:12,1
823014,10531,173,PE,3687,HUC,,,full,,,serpost-via-peru-pe-cpn,,2026-05-24T12:02:12,2026-05-24T12:02:12,1
823015,10540,173,PE,3687,HUC,,,full,,,serpost-via-peru-pe-cpn,,2026-05-24T12:02:12,2026-05-24T12:02:12,1
823016,10541,173,PE,3687,HUC,,,full,,,serpost-via-peru-pe-cpn,,2026-05-24T12:02:12,2026-05-24T12:02:12,1
823017,10550,173,PE,3687,HUC,,,full,,,serpost-via-peru-pe-cpn,,2026-05-24T12:02:12,2026-05-24T12:02:12,1
823018,10560,173,PE,3687,HUC,,,full,,,serpost-via-peru-pe-cpn,,2026-05-24T12:02:12,2026-05-24T12:02:12,1
823019,10570,173,PE,3687,HUC,,,full,,,serpost-via-peru-pe-cpn,,2026-05-24T12:02:12,2026-05-24T12:02:12,1
823020,10580,173,PE,3687,HUC,,,full,,,serpost-via-peru-pe-cpn,,2026-05-24T12:02:12,2026-05-24T12:02:12,1
823021,10590,173,PE,3687,HUC,,,full,,,serpost-via-peru-pe-cpn,,2026-05-24T12:02:12,2026-05-24T12:02:12,1
823022,10600,173,PE,3687,HUC,,,full,,,serpost-via-peru-pe-cpn,,2026-05-24T12:02:12,2026-05-24T12:02:12,1
823023,10601,173,PE,3687,HUC,,,full,,,serpost-via-peru-pe-cpn,,2026-05-24T12:02:12,2026-05-24T12:02:12,1
823024,10605,173,PE,3687,HUC,,,full,,,serpost-via-peru-pe-cpn,,2026-05-24T12:02:12,2026-05-24T12:02:12,1
823025,10610,173,PE,3687,HUC,,,full,,,serpost-via-peru-pe-cpn,,2026-05-24T12:02:12,2026-05-24T12:02:12,1
823026,10611,173,PE,3687,HUC,,,full,,,serpost-via-peru-pe-cpn,,2026-05-24T12:02:12,2026-05-24T12:02:12,1
823027,10615,173,PE,3687,HUC,,,full,,,serpost-via-peru-pe-cpn,,2026-05-24T12:02:12,2026-05-24T12:02:12,1
823028,10620,173,PE,3687,HUC,,,full,,,serpost-via-peru-pe-cpn,,2026-05-24T12:02:12,2026-05-24T12:02:12,1
823029,10621,173,PE,3687,HUC,,,full,,,serpost-via-peru-pe-cpn,,2026-05-24T12:02:12,2026-05-24T12:02:12,1
823030,10626,173,PE,3687,HUC,,,full,,,serpost-via-peru-pe-cpn,,2026-05-24T12:02:12,2026-05-24T12:02:12,1
823031,10630,173,PE,3687,HUC,,,full,,,serpost-via-peru-pe-cpn,,2026-05-24T12:02:12,2026-05-24T12:02:12,1
823032,10631,173,PE,3687,HUC,,,full,,,serpost-via-peru-pe-cpn,,2026-05-24T12:02:12,2026-05-24T12:02:12,1
823033,10640,173,PE,3687,HUC,,,full,,,serpost-via-peru-pe-cpn,,2026-05-24T12:02:12,2026-05-24T12:02:12,1
823034,10641,173,PE,3687,HUC,,,full,,,serpost-via-peru-pe-cpn,,2026-05-24T12:02:12,2026-05-24T12:02:12,1
823035,10650,173,PE,3687,HUC,,,full,,,serpost-via-peru-pe-cpn,,2026-05-24T12:02:12,2026-05-24T12:02:12,1
823036,10660,173,PE,3687,HUC,,,full,,,serpost-via-peru-pe-cpn,,2026-05-24T12:02:12,2026-05-24T12:02:12,1
823037,10670,173,PE,3687,HUC,,,full,,,serpost-via-peru-pe-cpn,,2026-05-24T12:02:12,2026-05-24T12:02:12,1
823038,10680,173,PE,3687,HUC,,,full,,,serpost-via-peru-pe-cpn,,2026-05-24T12:02:12,2026-05-24T12:02:12,1
823039,10685,173,PE,3687,HUC,,,full,,,serpost-via-peru-pe-cpn,,2026-05-24T12:02:12,2026-05-24T12:02:12,1
823040,10690,173,PE,3687,HUC,,,full,,,serpost-via-peru-pe-cpn,,2026-05-24T12:02:12,2026-05-24T12:02:12,1
823041,10700,173,PE,3687,HUC,,,full,,,serpost-via-peru-pe-cpn,,2026-05-24T12:02:12,2026-05-24T12:02:12,1
823042,10701,173,PE,3687,HUC,,,full,,,serpost-via-peru-pe-cpn,,2026-05-24T12:02:12,2026-05-24T12:02:12,1
823043,10705,173,PE,3687,HUC,,,full,,,serpost-via-peru-pe-cpn,,2026-05-24T12:02:12,2026-05-24T12:02:12,1
823044,10710,173,PE,3687,HUC,,,full,,,serpost-via-peru-pe-cpn,,2026-05-24T12:02:12,2026-05-24T12:02:12,1
823045,10711,173,PE,3687,HUC,,,full,,,serpost-via-peru-pe-cpn,,2026-05-24T12:02:12,2026-05-24T12:02:12,1
823046,10720,173,PE,3687,HUC,,,full,,,serpost-via-peru-pe-cpn,,2026-05-24T12:02:12,2026-05-24T12:02:12,1
823047,10721,173,PE,3687,HUC,,,full,,,serpost-via-peru-pe-cpn,,2026-05-24T12:02:12,2026-05-24T12:02:12,1
823048,10730,173,PE,3687,HUC,,,full,,,serpost-via-peru-pe-cpn,,2026-05-24T12:02:12,2026-05-24T12:02:12,1
823049,10731,173,PE,3687,HUC,,,full,,,serpost-via-peru-pe-cpn,,2026-05-24T12:02:12,2026-05-24T12:02:12,1
823050,10740,173,PE,3687,HUC,,,full,,,serpost-via-peru-pe-cpn,,2026-05-24T12:02:12,2026-05-24T12:02:12,1
823051,10741,173,PE,3687,HUC,,,full,,,serpost-via-peru-pe-cpn,,2026-05-24T12:02:12,2026-05-24T12:02:12,1
823052,10745,173,PE,3687,HUC,,,full,,,serpost-via-peru-pe-cpn,,2026-05-24T12:02:12,2026-05-24T12:02:12,1
823053,10750,173,PE,3687,HUC,,,full,,,serpost-via-peru-pe-cpn,,2026-05-24T12:02:12,2026-05-24T12:02:12,1
823054,10755,173,PE,3687,HUC,,,full,,,serpost-via-peru-pe-cpn,,2026-05-24T12:02:12,2026-05-24T12:02:12,1
823055,10760,173,PE,3687,HUC,,,full,,,serpost-via-peru-pe-cpn,,2026-05-24T12:02:12,2026-05-24T12:02:12,1
823056,10761,173,PE,3687,HUC,,,full,,,serpost-via-peru-pe-cpn,,2026-05-24T12:02:12,2026-05-24T12:02:12,1
823057,10770,173,PE,3687,HUC,,,full,,,serpost-via-peru-pe-cpn,,2026-05-24T12:02:12,2026-05-24T12:02:12,1
823058,10771,173,PE,3687,HUC,,,full,,,serpost-via-peru-pe-cpn,,2026-05-24T12:02:12,2026-05-24T12:02:12,1
823059,10775,173,PE,3687,HUC,,,full,,,serpost-via-peru-pe-cpn,,2026-05-24T12:02:12,2026-05-24T12:02:12,1
823060,10780,173,PE,3687,HUC,,,full,,,serpost-via-peru-pe-cpn,,2026-05-24T12:02:12,2026-05-24T12:02:12,1
823061,10800,173,PE,3687,HUC,,,full,,,serpost-via-peru-pe-cpn,,2026-05-24T12:02:12,2026-05-24T12:02:12,1
823062,10801,173,PE,3687,HUC,,,full,,,serpost-via-peru-pe-cpn,,2026-05-24T12:02:12,2026-05-24T12:02:12,1
823063,10810,173,PE,3687,HUC,,,full,,,serpost-via-peru-pe-cpn,,2026-05-24T12:02:12,2026-05-24T12:02:12,1
823064,10820,173,PE,3687,HUC,,,full,,,serpost-via-peru-pe-cpn,,2026-05-24T12:02:12,2026-05-24T12:02:12,1
823065,10830,173,PE,3687,HUC,,,full,,,serpost-via-peru-pe-cpn,,2026-05-24T12:02:12,2026-05-24T12:02:12,1
823066,10840,173,PE,3687,HUC,,,full,,,serpost-via-peru-pe-cpn,,2026-05-24T12:02:12,2026-05-24T12:02:12,1
823067,10841,173,PE,3687,HUC,,,full,,,serpost-via-peru-pe-cpn,,2026-05-24T12:02:12,2026-05-24T12:02:12,1
823068,10850,173,PE,3687,HUC,,,full,,,serpost-via-peru-pe-cpn,,2026-05-24T12:02:12,2026-05-24T12:02:12,1
823069,10851,173,PE,3687,HUC,,,full,,,serpost-via-peru-pe-cpn,,2026-05-24T12:02:12,2026-05-24T12:02:12,1
823070,10860,173,PE,3687,HUC,,,full,,,serpost-via-peru-pe-cpn,,2026-05-24T12:02:12,2026-05-24T12:02:12,1
823071,10870,173,PE,3687,HUC,,,full,,,serpost-via-peru-pe-cpn,,2026-05-24T12:02:12,2026-05-24T12:02:12,1
823072,10880,173,PE,3687,HUC,,,full,,,serpost-via-peru-pe-cpn,,2026-05-24T12:02:12,2026-05-24T12:02:12,1
823073,10881,173,PE,3687,HUC,,,full,,,serpost-via-peru-pe-cpn,,2026-05-24T12:02:12,2026-05-24T12:02:12,1
823074,10890,173,PE,3687,HUC,,,full,,,serpost-via-peru-pe-cpn,,2026-05-24T12:02:12,2026-05-24T12:02:12,1
823075,10891,173,PE,3687,HUC,,,full,,,serpost-via-peru-pe-cpn,,2026-05-24T12:02:12,2026-05-24T12:02:12,1
823076,11000,173,PE,3700,ICA,,,full,,,serpost-via-peru-pe-cpn,,2026-05-24T12:02:12,2026-05-24T12:02:12,1
823077,11001,173,PE,3700,ICA,,,full,,,serpost-via-peru-pe-cpn,,2026-05-24T12:02:12,2026-05-24T12:02:12,1
823078,11002,173,PE,3700,ICA,,,full,,,serpost-via-peru-pe-cpn,,2026-05-24T12:02:12,2026-05-24T12:02:12,1
823079,11003,173,PE,3700,ICA,,,full,,,serpost-via-peru-pe-cpn,,2026-05-24T12:02:12,2026-05-24T12:02:12,1
823080,11004,173,PE,3700,ICA,,,full,,,serpost-via-peru-pe-cpn,,2026-05-24T12:02:12,2026-05-24T12:02:12,1
823081,11061,173,PE,3700,ICA,,,full,,,serpost-via-peru-pe-cpn,,2026-05-24T12:02:12,2026-05-24T12:02:12,1
823082,11100,173,PE,3700,ICA,,,full,,,serpost-via-peru-pe-cpn,,2026-05-24T12:02:12,2026-05-24T12:02:12,1
823083,11101,173,PE,3700,ICA,,,full,,,serpost-via-peru-pe-cpn,,2026-05-24T12:02:12,2026-05-24T12:02:12,1
823084,11200,173,PE,3700,ICA,,,full,,,serpost-via-peru-pe-cpn,,2026-05-24T12:02:12,2026-05-24T12:02:12,1
823085,11210,173,PE,3700,ICA,,,full,,,serpost-via-peru-pe-cpn,,2026-05-24T12:02:12,2026-05-24T12:02:12,1
823086,11220,173,PE,3700,ICA,,,full,,,serpost-via-peru-pe-cpn,,2026-05-24T12:02:12,2026-05-24T12:02:12,1
823087,11221,173,PE,3700,ICA,,,full,,,serpost-via-peru-pe-cpn,,2026-05-24T12:02:12,2026-05-24T12:02:12,1
823088,11230,173,PE,3700,ICA,,,full,,,serpost-via-peru-pe-cpn,,2026-05-24T12:02:12,2026-05-24T12:02:12,1
823089,11231,173,PE,3700,ICA,,,full,,,serpost-via-peru-pe-cpn,,2026-05-24T12:02:12,2026-05-24T12:02:12,1
823090,11240,173,PE,3700,ICA,,,full,,,serpost-via-peru-pe-cpn,,2026-05-24T12:02:12,2026-05-24T12:02:12,1
823091,11260,173,PE,3700,ICA,,,full,,,serpost-via-peru-pe-cpn,,2026-05-24T12:02:12,2026-05-24T12:02:12,1
823092,11300,173,PE,3700,ICA,,,full,,,serpost-via-peru-pe-cpn,,2026-05-24T12:02:12,2026-05-24T12:02:12,1
823093,11310,173,PE,3700,ICA,,,full,,,serpost-via-peru-pe-cpn,,2026-05-24T12:02:12,2026-05-24T12:02:12,1
823094,11320,173,PE,3700,ICA,,,full,,,serpost-via-peru-pe-cpn,,2026-05-24T12:02:12,2026-05-24T12:02:12,1
823095,11330,173,PE,3700,ICA,,,full,,,serpost-via-peru-pe-cpn,,2026-05-24T12:02:12,2026-05-24T12:02:12,1
823096,11331,173,PE,3700,ICA,,,full,,,serpost-via-peru-pe-cpn,,2026-05-24T12:02:12,2026-05-24T12:02:12,1
823097,11340,173,PE,3700,ICA,,,full,,,serpost-via-peru-pe-cpn,,2026-05-24T12:02:12,2026-05-24T12:02:12,1
823098,11350,173,PE,3700,ICA,,,full,,,serpost-via-peru-pe-cpn,,2026-05-24T12:02:12,2026-05-24T12:02:12,1
823099,11360,173,PE,3700,ICA,,,full,,,serpost-via-peru-pe-cpn,,2026-05-24T12:02:12,2026-05-24T12:02:12,1
823100,11400,173,PE,3700,ICA,,,full,,,serpost-via-peru-pe-cpn,,2026-05-24T12:02:12,2026-05-24T12:02:12,1
823101,11401,173,PE,3700,ICA,,,full,,,serpost-via-peru-pe-cpn,,2026-05-24T12:02:12,2026-05-24T12:02:12,1
823102,11420,173,PE,3700,ICA,,,full,,,serpost-via-peru-pe-cpn,,2026-05-24T12:02:12,2026-05-24T12:02:12,1
823103,11421,173,PE,3700,ICA,,,full,,,serpost-via-peru-pe-cpn,,2026-05-24T12:02:12,2026-05-24T12:02:12,1
823104,11500,173,PE,3700,ICA,,,full,,,serpost-via-peru-pe-cpn,,2026-05-24T12:02:12,2026-05-24T12:02:12,1
823105,11501,173,PE,3700,ICA,,,full,,,serpost-via-peru-pe-cpn,,2026-05-24T12:02:12,2026-05-24T12:02:12,1
823106,11550,173,PE,3700,ICA,,,full,,,serpost-via-peru-pe-cpn,,2026-05-24T12:02:12,2026-05-24T12:02:12,1
823107,11600,173,PE,3700,ICA,,,full,,,serpost-via-peru-pe-cpn,,2026-05-24T12:02:12,2026-05-24T12:02:12,1
823108,11601,173,PE,3700,ICA,,,full,,,serpost-via-peru-pe-cpn,,2026-05-24T12:02:12,2026-05-24T12:02:12,1
823109,11620,173,PE,3700,ICA,,,full,,,serpost-via-peru-pe-cpn,,2026-05-24T12:02:12,2026-05-24T12:02:12,1
823110,11621,173,PE,3700,ICA,,,full,,,serpost-via-peru-pe-cpn,,2026-05-24T12:02:12,2026-05-24T12:02:12,1
823111,11630,173,PE,3700,ICA,,,full,,,serpost-via-peru-pe-cpn,,2026-05-24T12:02:12,2026-05-24T12:02:12,1
823112,11631,173,PE,3700,ICA,,,full,,,serpost-via-peru-pe-cpn,,2026-05-24T12:02:12,2026-05-24T12:02:12,1
823113,11640,173,PE,3700,ICA,,,full,,,serpost-via-peru-pe-cpn,,2026-05-24T12:02:12,2026-05-24T12:02:12,1
823114,11641,173,PE,3700,ICA,,,full,,,serpost-via-peru-pe-cpn,,2026-05-24T12:02:12,2026-05-24T12:02:12,1
823115,11650,173,PE,3700,ICA,,,full,,,serpost-via-peru-pe-cpn,,2026-05-24T12:02:12,2026-05-24T12:02:12,1
823116,11651,173,PE,3700,ICA,,,full,,,serpost-via-peru-pe-cpn,,2026-05-24T12:02:12,2026-05-24T12:02:12,1
823117,11660,173,PE,3700,ICA,,,full,,,serpost-via-peru-pe-cpn,,2026-05-24T12:02:12,2026-05-24T12:02:12,1
823118,11700,173,PE,3700,ICA,,,full,,,serpost-via-peru-pe-cpn,,2026-05-24T12:02:12,2026-05-24T12:02:12,1
823119,11701,173,PE,3700,ICA,,,full,,,serpost-via-peru-pe-cpn,,2026-05-24T12:02:12,2026-05-24T12:02:12,1
823120,11702,173,PE,3700,ICA,,,full,,,serpost-via-peru-pe-cpn,,2026-05-24T12:02:12,2026-05-24T12:02:12,1
823121,11703,173,PE,3700,ICA,,,full,,,serpost-via-peru-pe-cpn,,2026-05-24T12:02:12,2026-05-24T12:02:12,1
823122,11740,173,PE,3700,ICA,,,full,,,serpost-via-peru-pe-cpn,,2026-05-24T12:02:12,2026-05-24T12:02:12,1
823123,11741,173,PE,3700,ICA,,,full,,,serpost-via-peru-pe-cpn,,2026-05-24T12:02:12,2026-05-24T12:02:12,1
823124,11750,173,PE,3700,ICA,,,full,,,serpost-via-peru-pe-cpn,,2026-05-24T12:02:12,2026-05-24T12:02:12,1
823125,11751,173,PE,3700,ICA,,,full,,,serpost-via-peru-pe-cpn,,2026-05-24T12:02:12,2026-05-24T12:02:12,1
823126,11760,173,PE,3700,ICA,,,full,,,serpost-via-peru-pe-cpn,,2026-05-24T12:02:12,2026-05-24T12:02:12,1
823127,11770,173,PE,3700,ICA,,,full,,,serpost-via-peru-pe-cpn,,2026-05-24T12:02:12,2026-05-24T12:02:12,1
823128,11771,173,PE,3700,ICA,,,full,,,serpost-via-peru-pe-cpn,,2026-05-24T12:02:12,2026-05-24T12:02:12,1
823129,11780,173,PE,3700,ICA,,,full,,,serpost-via-peru-pe-cpn,,2026-05-24T12:02:12,2026-05-24T12:02:12,1
823130,11800,173,PE,3700,ICA,,,full,,,serpost-via-peru-pe-cpn,,2026-05-24T12:02:12,2026-05-24T12:02:12,1
823131,11850,173,PE,3700,ICA,,,full,,,serpost-via-peru-pe-cpn,,2026-05-24T12:02:12,2026-05-24T12:02:12,1
823132,12000,173,PE,3693,JUN,,,full,,,serpost-via-peru-pe-cpn,,2026-05-24T12:02:12,2026-05-24T12:02:12,1
823133,12001,173,PE,3693,JUN,,,full,,,serpost-via-peru-pe-cpn,,2026-05-24T12:02:12,2026-05-24T12:02:12,1
823134,12002,173,PE,3693,JUN,,,full,,,serpost-via-peru-pe-cpn,,2026-05-24T12:02:12,2026-05-24T12:02:12,1
823135,12003,173,PE,3693,JUN,,,full,,,serpost-via-peru-pe-cpn,,2026-05-24T12:02:12,2026-05-24T12:02:12,1
823136,12004,173,PE,3693,JUN,,,full,,,serpost-via-peru-pe-cpn,,2026-05-24T12:02:12,2026-05-24T12:02:12,1
823137,12006,173,PE,3693,JUN,,,full,,,serpost-via-peru-pe-cpn,,2026-05-24T12:02:12,2026-05-24T12:02:12,1
823138,12007,173,PE,3693,JUN,,,full,,,serpost-via-peru-pe-cpn,,2026-05-24T12:02:12,2026-05-24T12:02:12,1
823139,12051,173,PE,3693,JUN,,,full,,,serpost-via-peru-pe-cpn,,2026-05-24T12:02:12,2026-05-24T12:02:12,1
823140,12100,173,PE,3693,JUN,,,full,,,serpost-via-peru-pe-cpn,,2026-05-24T12:02:12,2026-05-24T12:02:12,1
823141,12101,173,PE,3693,JUN,,,full,,,serpost-via-peru-pe-cpn,,2026-05-24T12:02:12,2026-05-24T12:02:12,1
823142,12105,173,PE,3693,JUN,,,full,,,serpost-via-peru-pe-cpn,,2026-05-24T12:02:12,2026-05-24T12:02:12,1
823143,12110,173,PE,3693,JUN,,,full,,,serpost-via-peru-pe-cpn,,2026-05-24T12:02:12,2026-05-24T12:02:12,1
823144,12115,173,PE,3693,JUN,,,full,,,serpost-via-peru-pe-cpn,,2026-05-24T12:02:12,2026-05-24T12:02:12,1
823145,12116,173,PE,3693,JUN,,,full,,,serpost-via-peru-pe-cpn,,2026-05-24T12:02:12,2026-05-24T12:02:12,1
823146,12120,173,PE,3693,JUN,,,full,,,serpost-via-peru-pe-cpn,,2026-05-24T12:02:12,2026-05-24T12:02:12,1
823147,12125,173,PE,3693,JUN,,,full,,,serpost-via-peru-pe-cpn,,2026-05-24T12:02:12,2026-05-24T12:02:12,1
823148,12126,173,PE,3693,JUN,,,full,,,serpost-via-peru-pe-cpn,,2026-05-24T12:02:12,2026-05-24T12:02:12,1
823149,12130,173,PE,3693,JUN,,,full,,,serpost-via-peru-pe-cpn,,2026-05-24T12:02:12,2026-05-24T12:02:12,1
823150,12135,173,PE,3693,JUN,,,full,,,serpost-via-peru-pe-cpn,,2026-05-24T12:02:12,2026-05-24T12:02:12,1
823151,12136,173,PE,3693,JUN,,,full,,,serpost-via-peru-pe-cpn,,2026-05-24T12:02:12,2026-05-24T12:02:12,1
823152,12140,173,PE,3693,JUN,,,full,,,serpost-via-peru-pe-cpn,,2026-05-24T12:02:12,2026-05-24T12:02:12,1
823153,12145,173,PE,3693,JUN,,,full,,,serpost-via-peru-pe-cpn,,2026-05-24T12:02:12,2026-05-24T12:02:12,1
823154,12150,173,PE,3693,JUN,,,full,,,serpost-via-peru-pe-cpn,,2026-05-24T12:02:12,2026-05-24T12:02:12,1
823155,12155,173,PE,3693,JUN,,,full,,,serpost-via-peru-pe-cpn,,2026-05-24T12:02:12,2026-05-24T12:02:12,1
823156,12160,173,PE,3693,JUN,,,full,,,serpost-via-peru-pe-cpn,,2026-05-24T12:02:12,2026-05-24T12:02:12,1
823157,12165,173,PE,3693,JUN,,,full,,,serpost-via-peru-pe-cpn,,2026-05-24T12:02:12,2026-05-24T12:02:12,1
823158,12170,173,PE,3693,JUN,,,full,,,serpost-via-peru-pe-cpn,,2026-05-24T12:02:12,2026-05-24T12:02:12,1
823159,12175,173,PE,3693,JUN,,,full,,,serpost-via-peru-pe-cpn,,2026-05-24T12:02:12,2026-05-24T12:02:12,1
823160,12180,173,PE,3693,JUN,,,full,,,serpost-via-peru-pe-cpn,,2026-05-24T12:02:12,2026-05-24T12:02:12,1
823161,12200,173,PE,3693,JUN,,,full,,,serpost-via-peru-pe-cpn,,2026-05-24T12:02:12,2026-05-24T12:02:12,1
823162,12205,173,PE,3693,JUN,,,full,,,serpost-via-peru-pe-cpn,,2026-05-24T12:02:12,2026-05-24T12:02:12,1
823163,12210,173,PE,3693,JUN,,,full,,,serpost-via-peru-pe-cpn,,2026-05-24T12:02:12,2026-05-24T12:02:12,1
823164,12215,173,PE,3693,JUN,,,full,,,serpost-via-peru-pe-cpn,,2026-05-24T12:02:12,2026-05-24T12:02:12,1
823165,12220,173,PE,3693,JUN,,,full,,,serpost-via-peru-pe-cpn,,2026-05-24T12:02:12,2026-05-24T12:02:12,1
823166,12221,173,PE,3693,JUN,,,full,,,serpost-via-peru-pe-cpn,,2026-05-24T12:02:12,2026-05-24T12:02:12,1
823167,12225,173,PE,3693,JUN,,,full,,,serpost-via-peru-pe-cpn,,2026-05-24T12:02:12,2026-05-24T12:02:12,1
823168,12230,173,PE,3693,JUN,,,full,,,serpost-via-peru-pe-cpn,,2026-05-24T12:02:12,2026-05-24T12:02:12,1
823169,12235,173,PE,3693,JUN,,,full,,,serpost-via-peru-pe-cpn,,2026-05-24T12:02:12,2026-05-24T12:02:12,1
823170,12236,173,PE,3693,JUN,,,full,,,serpost-via-peru-pe-cpn,,2026-05-24T12:02:12,2026-05-24T12:02:12,1
823171,12240,173,PE,3693,JUN,,,full,,,serpost-via-peru-pe-cpn,,2026-05-24T12:02:12,2026-05-24T12:02:12,1
823172,12241,173,PE,3693,JUN,,,full,,,serpost-via-peru-pe-cpn,,2026-05-24T12:02:12,2026-05-24T12:02:12,1
823173,12245,173,PE,3693,JUN,,,full,,,serpost-via-peru-pe-cpn,,2026-05-24T12:02:12,2026-05-24T12:02:12,1
823174,12246,173,PE,3693,JUN,,,full,,,serpost-via-peru-pe-cpn,,2026-05-24T12:02:12,2026-05-24T12:02:12,1
823175,12250,173,PE,3693,JUN,,,full,,,serpost-via-peru-pe-cpn,,2026-05-24T12:02:12,2026-05-24T12:02:12,1
823176,12251,173,PE,3693,JUN,,,full,,,serpost-via-peru-pe-cpn,,2026-05-24T12:02:12,2026-05-24T12:02:12,1
823177,12255,173,PE,3693,JUN,,,full,,,serpost-via-peru-pe-cpn,,2026-05-24T12:02:12,2026-05-24T12:02:12,1
823178,12256,173,PE,3693,JUN,,,full,,,serpost-via-peru-pe-cpn,,2026-05-24T12:02:12,2026-05-24T12:02:12,1
823179,12260,173,PE,3693,JUN,,,full,,,serpost-via-peru-pe-cpn,,2026-05-24T12:02:12,2026-05-24T12:02:12,1
823180,12261,173,PE,3693,JUN,,,full,,,serpost-via-peru-pe-cpn,,2026-05-24T12:02:12,2026-05-24T12:02:12,1
823181,12300,173,PE,3693,JUN,,,full,,,serpost-via-peru-pe-cpn,,2026-05-24T12:02:12,2026-05-24T12:02:12,1
823182,12301,173,PE,3693,JUN,,,full,,,serpost-via-peru-pe-cpn,,2026-05-24T12:02:12,2026-05-24T12:02:12,1
823183,12310,173,PE,3693,JUN,,,full,,,serpost-via-peru-pe-cpn,,2026-05-24T12:02:12,2026-05-24T12:02:12,1
823184,12311,173,PE,3693,JUN,,,full,,,serpost-via-peru-pe-cpn,,2026-05-24T12:02:12,2026-05-24T12:02:12,1
823185,12320,173,PE,3693,JUN,,,full,,,serpost-via-peru-pe-cpn,,2026-05-24T12:02:12,2026-05-24T12:02:12,1
823186,12321,173,PE,3693,JUN,,,full,,,serpost-via-peru-pe-cpn,,2026-05-24T12:02:12,2026-05-24T12:02:12,1
823187,12330,173,PE,3693,JUN,,,full,,,serpost-via-peru-pe-cpn,,2026-05-24T12:02:12,2026-05-24T12:02:12,1
823188,12331,173,PE,3693,JUN,,,full,,,serpost-via-peru-pe-cpn,,2026-05-24T12:02:12,2026-05-24T12:02:12,1
823189,12400,173,PE,3693,JUN,,,full,,,serpost-via-peru-pe-cpn,,2026-05-24T12:02:12,2026-05-24T12:02:12,1
823190,12401,173,PE,3693,JUN,,,full,,,serpost-via-peru-pe-cpn,,2026-05-24T12:02:12,2026-05-24T12:02:12,1
823191,12404,173,PE,3693,JUN,,,full,,,serpost-via-peru-pe-cpn,,2026-05-24T12:02:12,2026-05-24T12:02:12,1
823192,12405,173,PE,3693,JUN,,,full,,,serpost-via-peru-pe-cpn,,2026-05-24T12:02:12,2026-05-24T12:02:12,1
823193,12408,173,PE,3693,JUN,,,full,,,serpost-via-peru-pe-cpn,,2026-05-24T12:02:12,2026-05-24T12:02:12,1
823194,12410,173,PE,3693,JUN,,,full,,,serpost-via-peru-pe-cpn,,2026-05-24T12:02:12,2026-05-24T12:02:12,1
823195,12415,173,PE,3693,JUN,,,full,,,serpost-via-peru-pe-cpn,,2026-05-24T12:02:12,2026-05-24T12:02:12,1
823196,12419,173,PE,3693,JUN,,,full,,,serpost-via-peru-pe-cpn,,2026-05-24T12:02:12,2026-05-24T12:02:12,1
823197,12420,173,PE,3693,JUN,,,full,,,serpost-via-peru-pe-cpn,,2026-05-24T12:02:12,2026-05-24T12:02:12,1
823198,12425,173,PE,3693,JUN,,,full,,,serpost-via-peru-pe-cpn,,2026-05-24T12:02:12,2026-05-24T12:02:12,1
823199,12428,173,PE,3693,JUN,,,full,,,serpost-via-peru-pe-cpn,,2026-05-24T12:02:12,2026-05-24T12:02:12,1
823200,12430,173,PE,3693,JUN,,,full,,,serpost-via-peru-pe-cpn,,2026-05-24T12:02:12,2026-05-24T12:02:12,1
823201,12435,173,PE,3693,JUN,,,full,,,serpost-via-peru-pe-cpn,,2026-05-24T12:02:12,2026-05-24T12:02:12,1
823202,12436,173,PE,3693,JUN,,,full,,,serpost-via-peru-pe-cpn,,2026-05-24T12:02:12,2026-05-24T12:02:12,1
823203,12440,173,PE,3693,JUN,,,full,,,serpost-via-peru-pe-cpn,,2026-05-24T12:02:12,2026-05-24T12:02:12,1
823204,12442,173,PE,3693,JUN,,,full,,,serpost-via-peru-pe-cpn,,2026-05-24T12:02:12,2026-05-24T12:02:12,1
823205,12445,173,PE,3693,JUN,,,full,,,serpost-via-peru-pe-cpn,,2026-05-24T12:02:12,2026-05-24T12:02:12,1
823206,12450,173,PE,3693,JUN,,,full,,,serpost-via-peru-pe-cpn,,2026-05-24T12:02:12,2026-05-24T12:02:12,1
823207,12451,173,PE,3693,JUN,,,full,,,serpost-via-peru-pe-cpn,,2026-05-24T12:02:12,2026-05-24T12:02:12,1
823208,12455,173,PE,3693,JUN,,,full,,,serpost-via-peru-pe-cpn,,2026-05-24T12:02:12,2026-05-24T12:02:12,1
823209,12456,173,PE,3693,JUN,,,full,,,serpost-via-peru-pe-cpn,,2026-05-24T12:02:12,2026-05-24T12:02:12,1
823210,12460,173,PE,3693,JUN,,,full,,,serpost-via-peru-pe-cpn,,2026-05-24T12:02:12,2026-05-24T12:02:12,1
823211,12465,173,PE,3693,JUN,,,full,,,serpost-via-peru-pe-cpn,,2026-05-24T12:02:12,2026-05-24T12:02:12,1
823212,12466,173,PE,3693,JUN,,,full,,,serpost-via-peru-pe-cpn,,2026-05-24T12:02:12,2026-05-24T12:02:12,1
823213,12470,173,PE,3693,JUN,,,full,,,serpost-via-peru-pe-cpn,,2026-05-24T12:02:12,2026-05-24T12:02:12,1
823214,12475,173,PE,3693,JUN,,,full,,,serpost-via-peru-pe-cpn,,2026-05-24T12:02:12,2026-05-24T12:02:12,1
823215,12480,173,PE,3693,JUN,,,full,,,serpost-via-peru-pe-cpn,,2026-05-24T12:02:12,2026-05-24T12:02:12,1
823216,12485,173,PE,3693,JUN,,,full,,,serpost-via-peru-pe-cpn,,2026-05-24T12:02:12,2026-05-24T12:02:12,1
823217,12490,173,PE,3693,JUN,,,full,,,serpost-via-peru-pe-cpn,,2026-05-24T12:02:12,2026-05-24T12:02:12,1
823218,12495,173,PE,3693,JUN,,,full,,,serpost-via-peru-pe-cpn,,2026-05-24T12:02:12,2026-05-24T12:02:12,1
823219,12496,173,PE,3693,JUN,,,full,,,serpost-via-peru-pe-cpn,,2026-05-24T12:02:12,2026-05-24T12:02:12,1
823220,12500,173,PE,3693,JUN,,,full,,,serpost-via-peru-pe-cpn,,2026-05-24T12:02:12,2026-05-24T12:02:12,1
823221,12501,173,PE,3693,JUN,,,full,,,serpost-via-peru-pe-cpn,,2026-05-24T12:02:12,2026-05-24T12:02:12,1
823222,12504,173,PE,3693,JUN,,,full,,,serpost-via-peru-pe-cpn,,2026-05-24T12:02:12,2026-05-24T12:02:12,1
823223,12505,173,PE,3693,JUN,,,full,,,serpost-via-peru-pe-cpn,,2026-05-24T12:02:12,2026-05-24T12:02:12,1
823224,12510,173,PE,3693,JUN,,,full,,,serpost-via-peru-pe-cpn,,2026-05-24T12:02:12,2026-05-24T12:02:12,1
823225,12513,173,PE,3693,JUN,,,full,,,serpost-via-peru-pe-cpn,,2026-05-24T12:02:12,2026-05-24T12:02:12,1
823226,12515,173,PE,3693,JUN,,,full,,,serpost-via-peru-pe-cpn,,2026-05-24T12:02:12,2026-05-24T12:02:12,1
823227,12520,173,PE,3693,JUN,,,full,,,serpost-via-peru-pe-cpn,,2026-05-24T12:02:12,2026-05-24T12:02:12,1
823228,12525,173,PE,3693,JUN,,,full,,,serpost-via-peru-pe-cpn,,2026-05-24T12:02:12,2026-05-24T12:02:12,1
823229,12530,173,PE,3693,JUN,,,full,,,serpost-via-peru-pe-cpn,,2026-05-24T12:02:12,2026-05-24T12:02:12,1
823230,12535,173,PE,3693,JUN,,,full,,,serpost-via-peru-pe-cpn,,2026-05-24T12:02:12,2026-05-24T12:02:12,1
823231,12540,173,PE,3693,JUN,,,full,,,serpost-via-peru-pe-cpn,,2026-05-24T12:02:12,2026-05-24T12:02:12,1
823232,12545,173,PE,3693,JUN,,,full,,,serpost-via-peru-pe-cpn,,2026-05-24T12:02:12,2026-05-24T12:02:12,1
823233,12550,173,PE,3693,JUN,,,full,,,serpost-via-peru-pe-cpn,,2026-05-24T12:02:12,2026-05-24T12:02:12,1
823234,12555,173,PE,3693,JUN,,,full,,,serpost-via-peru-pe-cpn,,2026-05-24T12:02:12,2026-05-24T12:02:12,1
823235,12560,173,PE,3693,JUN,,,full,,,serpost-via-peru-pe-cpn,,2026-05-24T12:02:12,2026-05-24T12:02:12,1
823236,12565,173,PE,3693,JUN,,,full,,,serpost-via-peru-pe-cpn,,2026-05-24T12:02:12,2026-05-24T12:02:12,1
823237,12570,173,PE,3693,JUN,,,full,,,serpost-via-peru-pe-cpn,,2026-05-24T12:02:12,2026-05-24T12:02:12,1
823238,12575,173,PE,3693,JUN,,,full,,,serpost-via-peru-pe-cpn,,2026-05-24T12:02:12,2026-05-24T12:02:12,1
823239,12576,173,PE,3693,JUN,,,full,,,serpost-via-peru-pe-cpn,,2026-05-24T12:02:12,2026-05-24T12:02:12,1
823240,12585,173,PE,3693,JUN,,,full,,,serpost-via-peru-pe-cpn,,2026-05-24T12:02:12,2026-05-24T12:02:12,1
823241,12590,173,PE,3693,JUN,,,full,,,serpost-via-peru-pe-cpn,,2026-05-24T12:02:12,2026-05-24T12:02:12,1
823242,12591,173,PE,3693,JUN,,,full,,,serpost-via-peru-pe-cpn,,2026-05-24T12:02:12,2026-05-24T12:02:12,1
823243,12595,173,PE,3693,JUN,,,full,,,serpost-via-peru-pe-cpn,,2026-05-24T12:02:12,2026-05-24T12:02:12,1
823244,12596,173,PE,3693,JUN,,,full,,,serpost-via-peru-pe-cpn,,2026-05-24T12:02:12,2026-05-24T12:02:12,1
823245,12600,173,PE,3693,JUN,,,full,,,serpost-via-peru-pe-cpn,,2026-05-24T12:02:12,2026-05-24T12:02:12,1
823246,12601,173,PE,3693,JUN,,,full,,,serpost-via-peru-pe-cpn,,2026-05-24T12:02:12,2026-05-24T12:02:12,1
823247,12615,173,PE,3693,JUN,,,full,,,serpost-via-peru-pe-cpn,,2026-05-24T12:02:12,2026-05-24T12:02:12,1
823248,12620,173,PE,3693,JUN,,,full,,,serpost-via-peru-pe-cpn,,2026-05-24T12:02:12,2026-05-24T12:02:12,1
823249,12621,173,PE,3693,JUN,,,full,,,serpost-via-peru-pe-cpn,,2026-05-24T12:02:12,2026-05-24T12:02:12,1
823250,12625,173,PE,3693,JUN,,,full,,,serpost-via-peru-pe-cpn,,2026-05-24T12:02:12,2026-05-24T12:02:12,1
823251,12630,173,PE,3693,JUN,,,full,,,serpost-via-peru-pe-cpn,,2026-05-24T12:02:12,2026-05-24T12:02:12,1
823252,12635,173,PE,3693,JUN,,,full,,,serpost-via-peru-pe-cpn,,2026-05-24T12:02:12,2026-05-24T12:02:12,1
823253,12640,173,PE,3693,JUN,,,full,,,serpost-via-peru-pe-cpn,,2026-05-24T12:02:12,2026-05-24T12:02:12,1
823254,12645,173,PE,3693,JUN,,,full,,,serpost-via-peru-pe-cpn,,2026-05-24T12:02:12,2026-05-24T12:02:12,1
823255,12650,173,PE,3693,JUN,,,full,,,serpost-via-peru-pe-cpn,,2026-05-24T12:02:12,2026-05-24T12:02:12,1
823256,12651,173,PE,3693,JUN,,,full,,,serpost-via-peru-pe-cpn,,2026-05-24T12:02:12,2026-05-24T12:02:12,1
823257,12655,173,PE,3693,JUN,,,full,,,serpost-via-peru-pe-cpn,,2026-05-24T12:02:12,2026-05-24T12:02:12,1
823258,12700,173,PE,3693,JUN,,,full,,,serpost-via-peru-pe-cpn,,2026-05-24T12:02:12,2026-05-24T12:02:12,1
823259,12701,173,PE,3693,JUN,,,full,,,serpost-via-peru-pe-cpn,,2026-05-24T12:02:12,2026-05-24T12:02:12,1
823260,12710,173,PE,3693,JUN,,,full,,,serpost-via-peru-pe-cpn,,2026-05-24T12:02:12,2026-05-24T12:02:12,1
823261,12711,173,PE,3693,JUN,,,full,,,serpost-via-peru-pe-cpn,,2026-05-24T12:02:12,2026-05-24T12:02:12,1
823262,12720,173,PE,3693,JUN,,,full,,,serpost-via-peru-pe-cpn,,2026-05-24T12:02:12,2026-05-24T12:02:12,1
823263,12721,173,PE,3693,JUN,,,full,,,serpost-via-peru-pe-cpn,,2026-05-24T12:02:12,2026-05-24T12:02:12,1
823264,12730,173,PE,3693,JUN,,,full,,,serpost-via-peru-pe-cpn,,2026-05-24T12:02:12,2026-05-24T12:02:12,1
823265,12731,173,PE,3693,JUN,,,full,,,serpost-via-peru-pe-cpn,,2026-05-24T12:02:12,2026-05-24T12:02:12,1
823266,12740,173,PE,3693,JUN,,,full,,,serpost-via-peru-pe-cpn,,2026-05-24T12:02:12,2026-05-24T12:02:12,1
823267,12741,173,PE,3693,JUN,,,full,,,serpost-via-peru-pe-cpn,,2026-05-24T12:02:12,2026-05-24T12:02:12,1
823268,12750,173,PE,3693,JUN,,,full,,,serpost-via-peru-pe-cpn,,2026-05-24T12:02:12,2026-05-24T12:02:12,1
823269,12751,173,PE,3693,JUN,,,full,,,serpost-via-peru-pe-cpn,,2026-05-24T12:02:12,2026-05-24T12:02:12,1
823270,12760,173,PE,3693,JUN,,,full,,,serpost-via-peru-pe-cpn,,2026-05-24T12:02:12,2026-05-24T12:02:12,1
823271,12770,173,PE,3693,JUN,,,full,,,serpost-via-peru-pe-cpn,,2026-05-24T12:02:12,2026-05-24T12:02:12,1
823272,12780,173,PE,3693,JUN,,,full,,,serpost-via-peru-pe-cpn,,2026-05-24T12:02:12,2026-05-24T12:02:12,1
823273,12800,173,PE,3693,JUN,,,full,,,serpost-via-peru-pe-cpn,,2026-05-24T12:02:12,2026-05-24T12:02:12,1
823274,12805,173,PE,3693,JUN,,,full,,,serpost-via-peru-pe-cpn,,2026-05-24T12:02:12,2026-05-24T12:02:12,1
823275,12810,173,PE,3693,JUN,,,full,,,serpost-via-peru-pe-cpn,,2026-05-24T12:02:12,2026-05-24T12:02:12,1
823276,12815,173,PE,3693,JUN,,,full,,,serpost-via-peru-pe-cpn,,2026-05-24T12:02:12,2026-05-24T12:02:12,1
823277,12820,173,PE,3693,JUN,,,full,,,serpost-via-peru-pe-cpn,,2026-05-24T12:02:12,2026-05-24T12:02:12,1
823278,12825,173,PE,3693,JUN,,,full,,,serpost-via-peru-pe-cpn,,2026-05-24T12:02:12,2026-05-24T12:02:12,1
823279,12826,173,PE,3693,JUN,,,full,,,serpost-via-peru-pe-cpn,,2026-05-24T12:02:12,2026-05-24T12:02:12,1
823280,12830,173,PE,3693,JUN,,,full,,,serpost-via-peru-pe-cpn,,2026-05-24T12:02:12,2026-05-24T12:02:12,1
823281,12831,173,PE,3693,JUN,,,full,,,serpost-via-peru-pe-cpn,,2026-05-24T12:02:12,2026-05-24T12:02:12,1
823282,12835,173,PE,3693,JUN,,,full,,,serpost-via-peru-pe-cpn,,2026-05-24T12:02:12,2026-05-24T12:02:12,1
823283,12836,173,PE,3693,JUN,,,full,,,serpost-via-peru-pe-cpn,,2026-05-24T12:02:12,2026-05-24T12:02:12,1
823284,12840,173,PE,3693,JUN,,,full,,,serpost-via-peru-pe-cpn,,2026-05-24T12:02:12,2026-05-24T12:02:12,1
823285,12841,173,PE,3693,JUN,,,full,,,serpost-via-peru-pe-cpn,,2026-05-24T12:02:12,2026-05-24T12:02:12,1
823286,12845,173,PE,3693,JUN,,,full,,,serpost-via-peru-pe-cpn,,2026-05-24T12:02:12,2026-05-24T12:02:12,1
823287,12850,173,PE,3693,JUN,,,full,,,serpost-via-peru-pe-cpn,,2026-05-24T12:02:12,2026-05-24T12:02:12,1
823288,12855,173,PE,3693,JUN,,,full,,,serpost-via-peru-pe-cpn,,2026-05-24T12:02:12,2026-05-24T12:02:12,1
823289,12856,173,PE,3693,JUN,,,full,,,serpost-via-peru-pe-cpn,,2026-05-24T12:02:12,2026-05-24T12:02:12,1
823290,12860,173,PE,3693,JUN,,,full,,,serpost-via-peru-pe-cpn,,2026-05-24T12:02:12,2026-05-24T12:02:12,1
823291,12861,173,PE,3693,JUN,,,full,,,serpost-via-peru-pe-cpn,,2026-05-24T12:02:12,2026-05-24T12:02:12,1
823292,12865,173,PE,3693,JUN,,,full,,,serpost-via-peru-pe-cpn,,2026-05-24T12:02:12,2026-05-24T12:02:12,1
823293,12866,173,PE,3693,JUN,,,full,,,serpost-via-peru-pe-cpn,,2026-05-24T12:02:12,2026-05-24T12:02:12,1
823294,12867,173,PE,3693,JUN,,,full,,,serpost-via-peru-pe-cpn,,2026-05-24T12:02:12,2026-05-24T12:02:12,1
823295,12875,173,PE,3693,JUN,,,full,,,serpost-via-peru-pe-cpn,,2026-05-24T12:02:12,2026-05-24T12:02:12,1
823296,12876,173,PE,3693,JUN,,,full,,,serpost-via-peru-pe-cpn,,2026-05-24T12:02:12,2026-05-24T12:02:12,1
823297,13000,173,PE,3683,LAL,,,full,,,serpost-via-peru-pe-cpn,,2026-05-24T12:02:12,2026-05-24T12:02:12,1
823298,13001,173,PE,3683,LAL,,,full,,,serpost-via-peru-pe-cpn,,2026-05-24T12:02:12,2026-05-24T12:02:12,1
823299,13002,173,PE,3683,LAL,,,full,,,serpost-via-peru-pe-cpn,,2026-05-24T12:02:12,2026-05-24T12:02:12,1
823300,13003,173,PE,3683,LAL,,,full,,,serpost-via-peru-pe-cpn,,2026-05-24T12:02:12,2026-05-24T12:02:12,1
823301,13004,173,PE,3683,LAL,,,full,,,serpost-via-peru-pe-cpn,,2026-05-24T12:02:12,2026-05-24T12:02:12,1
823302,13006,173,PE,3683,LAL,,,full,,,serpost-via-peru-pe-cpn,,2026-05-24T12:02:12,2026-05-24T12:02:12,1
823303,13007,173,PE,3683,LAL,,,full,,,serpost-via-peru-pe-cpn,,2026-05-24T12:02:12,2026-05-24T12:02:12,1
823304,13008,173,PE,3683,LAL,,,full,,,serpost-via-peru-pe-cpn,,2026-05-24T12:02:12,2026-05-24T12:02:12,1
823305,13009,173,PE,3683,LAL,,,full,,,serpost-via-peru-pe-cpn,,2026-05-24T12:02:12,2026-05-24T12:02:12,1
823306,13011,173,PE,3683,LAL,,,full,,,serpost-via-peru-pe-cpn,,2026-05-24T12:02:12,2026-05-24T12:02:12,1
823307,13012,173,PE,3683,LAL,,,full,,,serpost-via-peru-pe-cpn,,2026-05-24T12:02:12,2026-05-24T12:02:12,1
823308,13013,173,PE,3683,LAL,,,full,,,serpost-via-peru-pe-cpn,,2026-05-24T12:02:12,2026-05-24T12:02:12,1
823309,13014,173,PE,3683,LAL,,,full,,,serpost-via-peru-pe-cpn,,2026-05-24T12:02:12,2026-05-24T12:02:12,1
823310,13100,173,PE,3683,LAL,,,full,,,serpost-via-peru-pe-cpn,,2026-05-24T12:02:12,2026-05-24T12:02:12,1
823311,13101,173,PE,3683,LAL,,,full,,,serpost-via-peru-pe-cpn,,2026-05-24T12:02:12,2026-05-24T12:02:12,1
823312,13105,173,PE,3683,LAL,,,full,,,serpost-via-peru-pe-cpn,,2026-05-24T12:02:12,2026-05-24T12:02:12,1
823313,13110,173,PE,3683,LAL,,,full,,,serpost-via-peru-pe-cpn,,2026-05-24T12:02:12,2026-05-24T12:02:12,1
823314,13111,173,PE,3683,LAL,,,full,,,serpost-via-peru-pe-cpn,,2026-05-24T12:02:12,2026-05-24T12:02:12,1
823315,13115,173,PE,3683,LAL,,,full,,,serpost-via-peru-pe-cpn,,2026-05-24T12:02:12,2026-05-24T12:02:12,1
823316,13120,173,PE,3683,LAL,,,full,,,serpost-via-peru-pe-cpn,,2026-05-24T12:02:12,2026-05-24T12:02:12,1
823317,13125,173,PE,3683,LAL,,,full,,,serpost-via-peru-pe-cpn,,2026-05-24T12:02:12,2026-05-24T12:02:12,1
823318,13130,173,PE,3683,LAL,,,full,,,serpost-via-peru-pe-cpn,,2026-05-24T12:02:12,2026-05-24T12:02:12,1
823319,13131,173,PE,3683,LAL,,,full,,,serpost-via-peru-pe-cpn,,2026-05-24T12:02:12,2026-05-24T12:02:12,1
823320,13135,173,PE,3683,LAL,,,full,,,serpost-via-peru-pe-cpn,,2026-05-24T12:02:12,2026-05-24T12:02:12,1
823321,13136,173,PE,3683,LAL,,,full,,,serpost-via-peru-pe-cpn,,2026-05-24T12:02:12,2026-05-24T12:02:12,1
823322,13140,173,PE,3683,LAL,,,full,,,serpost-via-peru-pe-cpn,,2026-05-24T12:02:12,2026-05-24T12:02:12,1
823323,13141,173,PE,3683,LAL,,,full,,,serpost-via-peru-pe-cpn,,2026-05-24T12:02:12,2026-05-24T12:02:12,1
823324,13145,173,PE,3683,LAL,,,full,,,serpost-via-peru-pe-cpn,,2026-05-24T12:02:12,2026-05-24T12:02:12,1
823325,13146,173,PE,3683,LAL,,,full,,,serpost-via-peru-pe-cpn,,2026-05-24T12:02:12,2026-05-24T12:02:12,1
823326,13150,173,PE,3683,LAL,,,full,,,serpost-via-peru-pe-cpn,,2026-05-24T12:02:12,2026-05-24T12:02:12,1
823327,13155,173,PE,3683,LAL,,,full,,,serpost-via-peru-pe-cpn,,2026-05-24T12:02:12,2026-05-24T12:02:12,1
823328,13156,173,PE,3683,LAL,,,full,,,serpost-via-peru-pe-cpn,,2026-05-24T12:02:12,2026-05-24T12:02:12,1
823329,13160,173,PE,3683,LAL,,,full,,,serpost-via-peru-pe-cpn,,2026-05-24T12:02:12,2026-05-24T12:02:12,1
823330,13161,173,PE,3683,LAL,,,full,,,serpost-via-peru-pe-cpn,,2026-05-24T12:02:12,2026-05-24T12:02:12,1
823331,13165,173,PE,3683,LAL,,,full,,,serpost-via-peru-pe-cpn,,2026-05-24T12:02:12,2026-05-24T12:02:12,1
823332,13170,173,PE,3683,LAL,,,full,,,serpost-via-peru-pe-cpn,,2026-05-24T12:02:12,2026-05-24T12:02:12,1
823333,13175,173,PE,3683,LAL,,,full,,,serpost-via-peru-pe-cpn,,2026-05-24T12:02:12,2026-05-24T12:02:12,1
823334,13180,173,PE,3683,LAL,,,full,,,serpost-via-peru-pe-cpn,,2026-05-24T12:02:12,2026-05-24T12:02:12,1
823335,13181,173,PE,3683,LAL,,,full,,,serpost-via-peru-pe-cpn,,2026-05-24T12:02:12,2026-05-24T12:02:12,1
823336,13185,173,PE,3683,LAL,,,full,,,serpost-via-peru-pe-cpn,,2026-05-24T12:02:12,2026-05-24T12:02:12,1
823337,13186,173,PE,3683,LAL,,,full,,,serpost-via-peru-pe-cpn,,2026-05-24T12:02:12,2026-05-24T12:02:12,1
823338,13190,173,PE,3683,LAL,,,full,,,serpost-via-peru-pe-cpn,,2026-05-24T12:02:12,2026-05-24T12:02:12,1
823339,13191,173,PE,3683,LAL,,,full,,,serpost-via-peru-pe-cpn,,2026-05-24T12:02:12,2026-05-24T12:02:12,1
823340,13195,173,PE,3683,LAL,,,full,,,serpost-via-peru-pe-cpn,,2026-05-24T12:02:12,2026-05-24T12:02:12,1
823341,13196,173,PE,3683,LAL,,,full,,,serpost-via-peru-pe-cpn,,2026-05-24T12:02:12,2026-05-24T12:02:12,1
823342,13200,173,PE,3683,LAL,,,full,,,serpost-via-peru-pe-cpn,,2026-05-24T12:02:12,2026-05-24T12:02:12,1
823343,13201,173,PE,3683,LAL,,,full,,,serpost-via-peru-pe-cpn,,2026-05-24T12:02:12,2026-05-24T12:02:12,1
823344,13210,173,PE,3683,LAL,,,full,,,serpost-via-peru-pe-cpn,,2026-05-24T12:02:12,2026-05-24T12:02:12,1
823345,13220,173,PE,3683,LAL,,,full,,,serpost-via-peru-pe-cpn,,2026-05-24T12:02:12,2026-05-24T12:02:12,1
823346,13221,173,PE,3683,LAL,,,full,,,serpost-via-peru-pe-cpn,,2026-05-24T12:02:12,2026-05-24T12:02:12,1
823347,13230,173,PE,3683,LAL,,,full,,,serpost-via-peru-pe-cpn,,2026-05-24T12:02:12,2026-05-24T12:02:12,1
823348,13231,173,PE,3683,LAL,,,full,,,serpost-via-peru-pe-cpn,,2026-05-24T12:02:12,2026-05-24T12:02:12,1
823349,13240,173,PE,3683,LAL,,,full,,,serpost-via-peru-pe-cpn,,2026-05-24T12:02:12,2026-05-24T12:02:12,1
823350,13241,173,PE,3683,LAL,,,full,,,serpost-via-peru-pe-cpn,,2026-05-24T12:02:12,2026-05-24T12:02:12,1
823351,13250,173,PE,3683,LAL,,,full,,,serpost-via-peru-pe-cpn,,2026-05-24T12:02:12,2026-05-24T12:02:12,1
823352,13251,173,PE,3683,LAL,,,full,,,serpost-via-peru-pe-cpn,,2026-05-24T12:02:12,2026-05-24T12:02:12,1
823353,13260,173,PE,3683,LAL,,,full,,,serpost-via-peru-pe-cpn,,2026-05-24T12:02:12,2026-05-24T12:02:12,1
823354,13300,173,PE,3683,LAL,,,full,,,serpost-via-peru-pe-cpn,,2026-05-24T12:02:12,2026-05-24T12:02:12,1
823355,13301,173,PE,3683,LAL,,,full,,,serpost-via-peru-pe-cpn,,2026-05-24T12:02:12,2026-05-24T12:02:12,1
823356,13310,173,PE,3683,LAL,,,full,,,serpost-via-peru-pe-cpn,,2026-05-24T12:02:12,2026-05-24T12:02:12,1
823357,13311,173,PE,3683,LAL,,,full,,,serpost-via-peru-pe-cpn,,2026-05-24T12:02:12,2026-05-24T12:02:12,1
823358,13320,173,PE,3683,LAL,,,full,,,serpost-via-peru-pe-cpn,,2026-05-24T12:02:12,2026-05-24T12:02:12,1
823359,13321,173,PE,3683,LAL,,,full,,,serpost-via-peru-pe-cpn,,2026-05-24T12:02:12,2026-05-24T12:02:12,1
823360,13330,173,PE,3683,LAL,,,full,,,serpost-via-peru-pe-cpn,,2026-05-24T12:02:12,2026-05-24T12:02:12,1
823361,13331,173,PE,3683,LAL,,,full,,,serpost-via-peru-pe-cpn,,2026-05-24T12:02:12,2026-05-24T12:02:12,1
823362,13340,173,PE,3683,LAL,,,full,,,serpost-via-peru-pe-cpn,,2026-05-24T12:02:12,2026-05-24T12:02:12,1
823363,13341,173,PE,3683,LAL,,,full,,,serpost-via-peru-pe-cpn,,2026-05-24T12:02:12,2026-05-24T12:02:12,1
823364,13350,173,PE,3683,LAL,,,full,,,serpost-via-peru-pe-cpn,,2026-05-24T12:02:12,2026-05-24T12:02:12,1
823365,13351,173,PE,3683,LAL,,,full,,,serpost-via-peru-pe-cpn,,2026-05-24T12:02:12,2026-05-24T12:02:12,1
823366,13360,173,PE,3683,LAL,,,full,,,serpost-via-peru-pe-cpn,,2026-05-24T12:02:12,2026-05-24T12:02:12,1
823367,13361,173,PE,3683,LAL,,,full,,,serpost-via-peru-pe-cpn,,2026-05-24T12:02:12,2026-05-24T12:02:12,1
823368,13370,173,PE,3683,LAL,,,full,,,serpost-via-peru-pe-cpn,,2026-05-24T12:02:12,2026-05-24T12:02:12,1
823369,13371,173,PE,3683,LAL,,,full,,,serpost-via-peru-pe-cpn,,2026-05-24T12:02:12,2026-05-24T12:02:12,1
823370,13380,173,PE,3683,LAL,,,full,,,serpost-via-peru-pe-cpn,,2026-05-24T12:02:12,2026-05-24T12:02:12,1
823371,13400,173,PE,3683,LAL,,,full,,,serpost-via-peru-pe-cpn,,2026-05-24T12:02:12,2026-05-24T12:02:12,1
823372,13410,173,PE,3683,LAL,,,full,,,serpost-via-peru-pe-cpn,,2026-05-24T12:02:12,2026-05-24T12:02:12,1
823373,13420,173,PE,3683,LAL,,,full,,,serpost-via-peru-pe-cpn,,2026-05-24T12:02:12,2026-05-24T12:02:12,1
823374,13430,173,PE,3683,LAL,,,full,,,serpost-via-peru-pe-cpn,,2026-05-24T12:02:12,2026-05-24T12:02:12,1
823375,13440,173,PE,3683,LAL,,,full,,,serpost-via-peru-pe-cpn,,2026-05-24T12:02:12,2026-05-24T12:02:12,1
823376,13450,173,PE,3683,LAL,,,full,,,serpost-via-peru-pe-cpn,,2026-05-24T12:02:12,2026-05-24T12:02:12,1
823377,13500,173,PE,3683,LAL,,,full,,,serpost-via-peru-pe-cpn,,2026-05-24T12:02:12,2026-05-24T12:02:12,1
823378,13501,173,PE,3683,LAL,,,full,,,serpost-via-peru-pe-cpn,,2026-05-24T12:02:12,2026-05-24T12:02:12,1
823379,13505,173,PE,3683,LAL,,,full,,,serpost-via-peru-pe-cpn,,2026-05-24T12:02:12,2026-05-24T12:02:12,1
823380,13510,173,PE,3683,LAL,,,full,,,serpost-via-peru-pe-cpn,,2026-05-24T12:02:12,2026-05-24T12:02:12,1
823381,13511,173,PE,3683,LAL,,,full,,,serpost-via-peru-pe-cpn,,2026-05-24T12:02:12,2026-05-24T12:02:12,1
823382,13515,173,PE,3683,LAL,,,full,,,serpost-via-peru-pe-cpn,,2026-05-24T12:02:12,2026-05-24T12:02:12,1
823383,13520,173,PE,3683,LAL,,,full,,,serpost-via-peru-pe-cpn,,2026-05-24T12:02:12,2026-05-24T12:02:12,1
823384,13525,173,PE,3683,LAL,,,full,,,serpost-via-peru-pe-cpn,,2026-05-24T12:02:12,2026-05-24T12:02:12,1
823385,13526,173,PE,3683,LAL,,,full,,,serpost-via-peru-pe-cpn,,2026-05-24T12:02:12,2026-05-24T12:02:12,1
823386,13530,173,PE,3683,LAL,,,full,,,serpost-via-peru-pe-cpn,,2026-05-24T12:02:12,2026-05-24T12:02:12,1
823387,13531,173,PE,3683,LAL,,,full,,,serpost-via-peru-pe-cpn,,2026-05-24T12:02:12,2026-05-24T12:02:12,1
823388,13535,173,PE,3683,LAL,,,full,,,serpost-via-peru-pe-cpn,,2026-05-24T12:02:12,2026-05-24T12:02:12,1
823389,13540,173,PE,3683,LAL,,,full,,,serpost-via-peru-pe-cpn,,2026-05-24T12:02:12,2026-05-24T12:02:12,1
823390,13545,173,PE,3683,LAL,,,full,,,serpost-via-peru-pe-cpn,,2026-05-24T12:02:12,2026-05-24T12:02:12,1
823391,13550,173,PE,3683,LAL,,,full,,,serpost-via-peru-pe-cpn,,2026-05-24T12:02:12,2026-05-24T12:02:12,1
823392,13551,173,PE,3683,LAL,,,full,,,serpost-via-peru-pe-cpn,,2026-05-24T12:02:12,2026-05-24T12:02:12,1
823393,13555,173,PE,3683,LAL,,,full,,,serpost-via-peru-pe-cpn,,2026-05-24T12:02:12,2026-05-24T12:02:12,1
823394,13560,173,PE,3683,LAL,,,full,,,serpost-via-peru-pe-cpn,,2026-05-24T12:02:12,2026-05-24T12:02:12,1
823395,13600,173,PE,3683,LAL,,,full,,,serpost-via-peru-pe-cpn,,2026-05-24T12:02:12,2026-05-24T12:02:12,1
823396,13601,173,PE,3683,LAL,,,full,,,serpost-via-peru-pe-cpn,,2026-05-24T12:02:12,2026-05-24T12:02:12,1
823397,13610,173,PE,3683,LAL,,,full,,,serpost-via-peru-pe-cpn,,2026-05-24T12:02:12,2026-05-24T12:02:12,1
823398,13611,173,PE,3683,LAL,,,full,,,serpost-via-peru-pe-cpn,,2026-05-24T12:02:12,2026-05-24T12:02:12,1
823399,13620,173,PE,3683,LAL,,,full,,,serpost-via-peru-pe-cpn,,2026-05-24T12:02:12,2026-05-24T12:02:12,1
823400,13621,173,PE,3683,LAL,,,full,,,serpost-via-peru-pe-cpn,,2026-05-24T12:02:12,2026-05-24T12:02:12,1
823401,13630,173,PE,3683,LAL,,,full,,,serpost-via-peru-pe-cpn,,2026-05-24T12:02:12,2026-05-24T12:02:12,1
823402,13631,173,PE,3683,LAL,,,full,,,serpost-via-peru-pe-cpn,,2026-05-24T12:02:12,2026-05-24T12:02:12,1
823403,13640,173,PE,3683,LAL,,,full,,,serpost-via-peru-pe-cpn,,2026-05-24T12:02:12,2026-05-24T12:02:12,1
823404,13641,173,PE,3683,LAL,,,full,,,serpost-via-peru-pe-cpn,,2026-05-24T12:02:12,2026-05-24T12:02:12,1
823405,13700,173,PE,3683,LAL,,,full,,,serpost-via-peru-pe-cpn,,2026-05-24T12:02:12,2026-05-24T12:02:12,1
823406,13701,173,PE,3683,LAL,,,full,,,serpost-via-peru-pe-cpn,,2026-05-24T12:02:12,2026-05-24T12:02:12,1
823407,13710,173,PE,3683,LAL,,,full,,,serpost-via-peru-pe-cpn,,2026-05-24T12:02:12,2026-05-24T12:02:12,1
823408,13711,173,PE,3683,LAL,,,full,,,serpost-via-peru-pe-cpn,,2026-05-24T12:02:12,2026-05-24T12:02:12,1
823409,13720,173,PE,3683,LAL,,,full,,,serpost-via-peru-pe-cpn,,2026-05-24T12:02:12,2026-05-24T12:02:12,1
823410,13721,173,PE,3683,LAL,,,full,,,serpost-via-peru-pe-cpn,,2026-05-24T12:02:12,2026-05-24T12:02:12,1
823411,13730,173,PE,3683,LAL,,,full,,,serpost-via-peru-pe-cpn,,2026-05-24T12:02:12,2026-05-24T12:02:12,1
823412,13731,173,PE,3683,LAL,,,full,,,serpost-via-peru-pe-cpn,,2026-05-24T12:02:12,2026-05-24T12:02:12,1
823413,13740,173,PE,3683,LAL,,,full,,,serpost-via-peru-pe-cpn,,2026-05-24T12:02:12,2026-05-24T12:02:12,1
823414,13741,173,PE,3683,LAL,,,full,,,serpost-via-peru-pe-cpn,,2026-05-24T12:02:12,2026-05-24T12:02:12,1
823415,13750,173,PE,3683,LAL,,,full,,,serpost-via-peru-pe-cpn,,2026-05-24T12:02:12,2026-05-24T12:02:12,1
823416,13760,173,PE,3683,LAL,,,full,,,serpost-via-peru-pe-cpn,,2026-05-24T12:02:12,2026-05-24T12:02:12,1
823417,13761,173,PE,3683,LAL,,,full,,,serpost-via-peru-pe-cpn,,2026-05-24T12:02:12,2026-05-24T12:02:12,1
823418,13770,173,PE,3683,LAL,,,full,,,serpost-via-peru-pe-cpn,,2026-05-24T12:02:12,2026-05-24T12:02:12,1
823419,13771,173,PE,3683,LAL,,,full,,,serpost-via-peru-pe-cpn,,2026-05-24T12:02:12,2026-05-24T12:02:12,1
823420,13780,173,PE,3683,LAL,,,full,,,serpost-via-peru-pe-cpn,,2026-05-24T12:02:12,2026-05-24T12:02:12,1
823421,13781,173,PE,3683,LAL,,,full,,,serpost-via-peru-pe-cpn,,2026-05-24T12:02:12,2026-05-24T12:02:12,1
823422,13800,173,PE,3683,LAL,,,full,,,serpost-via-peru-pe-cpn,,2026-05-24T12:02:12,2026-05-24T12:02:12,1
823423,13801,173,PE,3683,LAL,,,full,,,serpost-via-peru-pe-cpn,,2026-05-24T12:02:12,2026-05-24T12:02:12,1
823424,13810,173,PE,3683,LAL,,,full,,,serpost-via-peru-pe-cpn,,2026-05-24T12:02:12,2026-05-24T12:02:12,1
823425,13811,173,PE,3683,LAL,,,full,,,serpost-via-peru-pe-cpn,,2026-05-24T12:02:12,2026-05-24T12:02:12,1
823426,13820,173,PE,3683,LAL,,,full,,,serpost-via-peru-pe-cpn,,2026-05-24T12:02:12,2026-05-24T12:02:12,1
823427,13830,173,PE,3683,LAL,,,full,,,serpost-via-peru-pe-cpn,,2026-05-24T12:02:12,2026-05-24T12:02:12,1
823428,13831,173,PE,3683,LAL,,,full,,,serpost-via-peru-pe-cpn,,2026-05-24T12:02:12,2026-05-24T12:02:12,1
823429,13840,173,PE,3683,LAL,,,full,,,serpost-via-peru-pe-cpn,,2026-05-24T12:02:12,2026-05-24T12:02:12,1
823430,13841,173,PE,3683,LAL,,,full,,,serpost-via-peru-pe-cpn,,2026-05-24T12:02:12,2026-05-24T12:02:12,1
823431,13850,173,PE,3683,LAL,,,full,,,serpost-via-peru-pe-cpn,,2026-05-24T12:02:12,2026-05-24T12:02:12,1
823432,13851,173,PE,3683,LAL,,,full,,,serpost-via-peru-pe-cpn,,2026-05-24T12:02:12,2026-05-24T12:02:12,1
823433,13860,173,PE,3683,LAL,,,full,,,serpost-via-peru-pe-cpn,,2026-05-24T12:02:12,2026-05-24T12:02:12,1
823434,13861,173,PE,3683,LAL,,,full,,,serpost-via-peru-pe-cpn,,2026-05-24T12:02:12,2026-05-24T12:02:12,1
823435,13870,173,PE,3683,LAL,,,full,,,serpost-via-peru-pe-cpn,,2026-05-24T12:02:12,2026-05-24T12:02:12,1
823436,13871,173,PE,3683,LAL,,,full,,,serpost-via-peru-pe-cpn,,2026-05-24T12:02:12,2026-05-24T12:02:12,1
823437,14000,173,PE,3702,LAM,,,full,,,serpost-via-peru-pe-cpn,,2026-05-24T12:02:12,2026-05-24T12:02:12,1
823438,14001,173,PE,3702,LAM,,,full,,,serpost-via-peru-pe-cpn,,2026-05-24T12:02:12,2026-05-24T12:02:12,1
823439,14002,173,PE,3702,LAM,,,full,,,serpost-via-peru-pe-cpn,,2026-05-24T12:02:12,2026-05-24T12:02:12,1
823440,14003,173,PE,3702,LAM,,,full,,,serpost-via-peru-pe-cpn,,2026-05-24T12:02:12,2026-05-24T12:02:12,1
823441,14004,173,PE,3702,LAM,,,full,,,serpost-via-peru-pe-cpn,,2026-05-24T12:02:12,2026-05-24T12:02:12,1
823442,14006,173,PE,3702,LAM,,,full,,,serpost-via-peru-pe-cpn,,2026-05-24T12:02:12,2026-05-24T12:02:12,1
823443,14007,173,PE,3702,LAM,,,full,,,serpost-via-peru-pe-cpn,,2026-05-24T12:02:12,2026-05-24T12:02:12,1
823444,14008,173,PE,3702,LAM,,,full,,,serpost-via-peru-pe-cpn,,2026-05-24T12:02:12,2026-05-24T12:02:12,1
823445,14009,173,PE,3702,LAM,,,full,,,serpost-via-peru-pe-cpn,,2026-05-24T12:02:12,2026-05-24T12:02:12,1
823446,14011,173,PE,3702,LAM,,,full,,,serpost-via-peru-pe-cpn,,2026-05-24T12:02:12,2026-05-24T12:02:12,1
823447,14012,173,PE,3702,LAM,,,full,,,serpost-via-peru-pe-cpn,,2026-05-24T12:02:12,2026-05-24T12:02:12,1
823448,14013,173,PE,3702,LAM,,,full,,,serpost-via-peru-pe-cpn,,2026-05-24T12:02:12,2026-05-24T12:02:12,1
823449,14051,173,PE,3702,LAM,,,full,,,serpost-via-peru-pe-cpn,,2026-05-24T12:02:12,2026-05-24T12:02:12,1
823450,14110,173,PE,3702,LAM,,,full,,,serpost-via-peru-pe-cpn,,2026-05-24T12:02:12,2026-05-24T12:02:12,1
823451,14111,173,PE,3702,LAM,,,full,,,serpost-via-peru-pe-cpn,,2026-05-24T12:02:12,2026-05-24T12:02:12,1
823452,14120,173,PE,3702,LAM,,,full,,,serpost-via-peru-pe-cpn,,2026-05-24T12:02:12,2026-05-24T12:02:12,1
823453,14121,173,PE,3702,LAM,,,full,,,serpost-via-peru-pe-cpn,,2026-05-24T12:02:12,2026-05-24T12:02:12,1
823454,14130,173,PE,3702,LAM,,,full,,,serpost-via-peru-pe-cpn,,2026-05-24T12:02:12,2026-05-24T12:02:12,1
823455,14131,173,PE,3702,LAM,,,full,,,serpost-via-peru-pe-cpn,,2026-05-24T12:02:12,2026-05-24T12:02:12,1
823456,14140,173,PE,3702,LAM,,,full,,,serpost-via-peru-pe-cpn,,2026-05-24T12:02:12,2026-05-24T12:02:12,1
823457,14141,173,PE,3702,LAM,,,full,,,serpost-via-peru-pe-cpn,,2026-05-24T12:02:12,2026-05-24T12:02:12,1
823458,14150,173,PE,3702,LAM,,,full,,,serpost-via-peru-pe-cpn,,2026-05-24T12:02:12,2026-05-24T12:02:12,1
823459,14151,173,PE,3702,LAM,,,full,,,serpost-via-peru-pe-cpn,,2026-05-24T12:02:12,2026-05-24T12:02:12,1
823460,14160,173,PE,3702,LAM,,,full,,,serpost-via-peru-pe-cpn,,2026-05-24T12:02:12,2026-05-24T12:02:12,1
823461,14161,173,PE,3702,LAM,,,full,,,serpost-via-peru-pe-cpn,,2026-05-24T12:02:12,2026-05-24T12:02:12,1
823462,14200,173,PE,3702,LAM,,,full,,,serpost-via-peru-pe-cpn,,2026-05-24T12:02:12,2026-05-24T12:02:12,1
823463,14201,173,PE,3702,LAM,,,full,,,serpost-via-peru-pe-cpn,,2026-05-24T12:02:12,2026-05-24T12:02:12,1
823464,14210,173,PE,3702,LAM,,,full,,,serpost-via-peru-pe-cpn,,2026-05-24T12:02:12,2026-05-24T12:02:12,1
823465,14211,173,PE,3702,LAM,,,full,,,serpost-via-peru-pe-cpn,,2026-05-24T12:02:12,2026-05-24T12:02:12,1
823466,14220,173,PE,3702,LAM,,,full,,,serpost-via-peru-pe-cpn,,2026-05-24T12:02:12,2026-05-24T12:02:12,1
823467,14230,173,PE,3702,LAM,,,full,,,serpost-via-peru-pe-cpn,,2026-05-24T12:02:12,2026-05-24T12:02:12,1
823468,14231,173,PE,3702,LAM,,,full,,,serpost-via-peru-pe-cpn,,2026-05-24T12:02:12,2026-05-24T12:02:12,1
823469,14300,173,PE,3702,LAM,,,full,,,serpost-via-peru-pe-cpn,,2026-05-24T12:02:12,2026-05-24T12:02:12,1
823470,14301,173,PE,3702,LAM,,,full,,,serpost-via-peru-pe-cpn,,2026-05-24T12:02:12,2026-05-24T12:02:12,1
823471,14310,173,PE,3702,LAM,,,full,,,serpost-via-peru-pe-cpn,,2026-05-24T12:02:12,2026-05-24T12:02:12,1
823472,14311,173,PE,3702,LAM,,,full,,,serpost-via-peru-pe-cpn,,2026-05-24T12:02:12,2026-05-24T12:02:12,1
823473,14330,173,PE,3702,LAM,,,full,,,serpost-via-peru-pe-cpn,,2026-05-24T12:02:12,2026-05-24T12:02:12,1
823474,14340,173,PE,3702,LAM,,,full,,,serpost-via-peru-pe-cpn,,2026-05-24T12:02:12,2026-05-24T12:02:12,1
823475,14341,173,PE,3702,LAM,,,full,,,serpost-via-peru-pe-cpn,,2026-05-24T12:02:12,2026-05-24T12:02:12,1
823476,14400,173,PE,3702,LAM,,,full,,,serpost-via-peru-pe-cpn,,2026-05-24T12:02:12,2026-05-24T12:02:12,1
823477,14401,173,PE,3702,LAM,,,full,,,serpost-via-peru-pe-cpn,,2026-05-24T12:02:12,2026-05-24T12:02:12,1
823478,14500,173,PE,3702,LAM,,,full,,,serpost-via-peru-pe-cpn,,2026-05-24T12:02:12,2026-05-24T12:02:12,1
823479,14501,173,PE,3702,LAM,,,full,,,serpost-via-peru-pe-cpn,,2026-05-24T12:02:12,2026-05-24T12:02:12,1
823480,14600,173,PE,3702,LAM,,,full,,,serpost-via-peru-pe-cpn,,2026-05-24T12:02:12,2026-05-24T12:02:12,1
823481,14601,173,PE,3702,LAM,,,full,,,serpost-via-peru-pe-cpn,,2026-05-24T12:02:12,2026-05-24T12:02:12,1
823482,14610,173,PE,3702,LAM,,,full,,,serpost-via-peru-pe-cpn,,2026-05-24T12:02:12,2026-05-24T12:02:12,1
823483,14611,173,PE,3702,LAM,,,full,,,serpost-via-peru-pe-cpn,,2026-05-24T12:02:12,2026-05-24T12:02:12,1
823484,14620,173,PE,3702,LAM,,,full,,,serpost-via-peru-pe-cpn,,2026-05-24T12:02:12,2026-05-24T12:02:12,1
823485,14621,173,PE,3702,LAM,,,full,,,serpost-via-peru-pe-cpn,,2026-05-24T12:02:12,2026-05-24T12:02:12,1
823486,14630,173,PE,3702,LAM,,,full,,,serpost-via-peru-pe-cpn,,2026-05-24T12:02:12,2026-05-24T12:02:12,1
823487,14631,173,PE,3702,LAM,,,full,,,serpost-via-peru-pe-cpn,,2026-05-24T12:02:12,2026-05-24T12:02:12,1
823488,14700,173,PE,3702,LAM,,,full,,,serpost-via-peru-pe-cpn,,2026-05-24T12:02:12,2026-05-24T12:02:12,1
823489,14701,173,PE,3702,LAM,,,full,,,serpost-via-peru-pe-cpn,,2026-05-24T12:02:12,2026-05-24T12:02:12,1
823490,14710,173,PE,3702,LAM,,,full,,,serpost-via-peru-pe-cpn,,2026-05-24T12:02:12,2026-05-24T12:02:12,1
823491,14711,173,PE,3702,LAM,,,full,,,serpost-via-peru-pe-cpn,,2026-05-24T12:02:12,2026-05-24T12:02:12,1
823492,14720,173,PE,3702,LAM,,,full,,,serpost-via-peru-pe-cpn,,2026-05-24T12:02:12,2026-05-24T12:02:12,1
823493,14721,173,PE,3702,LAM,,,full,,,serpost-via-peru-pe-cpn,,2026-05-24T12:02:12,2026-05-24T12:02:12,1
823494,14730,173,PE,3702,LAM,,,full,,,serpost-via-peru-pe-cpn,,2026-05-24T12:02:12,2026-05-24T12:02:12,1
823495,14740,173,PE,3702,LAM,,,full,,,serpost-via-peru-pe-cpn,,2026-05-24T12:02:12,2026-05-24T12:02:12,1
823496,14741,173,PE,3702,LAM,,,full,,,serpost-via-peru-pe-cpn,,2026-05-24T12:02:12,2026-05-24T12:02:12,1
823497,14800,173,PE,3702,LAM,,,full,,,serpost-via-peru-pe-cpn,,2026-05-24T12:02:12,2026-05-24T12:02:12,1
823498,14801,173,PE,3702,LAM,,,full,,,serpost-via-peru-pe-cpn,,2026-05-24T12:02:12,2026-05-24T12:02:12,1
823499,14810,173,PE,3702,LAM,,,full,,,serpost-via-peru-pe-cpn,,2026-05-24T12:02:12,2026-05-24T12:02:12,1
823500,14820,173,PE,3702,LAM,,,full,,,serpost-via-peru-pe-cpn,,2026-05-24T12:02:12,2026-05-24T12:02:12,1
823501,14821,173,PE,3702,LAM,,,full,,,serpost-via-peru-pe-cpn,,2026-05-24T12:02:12,2026-05-24T12:02:12,1
823502,14830,173,PE,3702,LAM,,,full,,,serpost-via-peru-pe-cpn,,2026-05-24T12:02:12,2026-05-24T12:02:12,1
823503,14831,173,PE,3702,LAM,,,full,,,serpost-via-peru-pe-cpn,,2026-05-24T12:02:12,2026-05-24T12:02:12,1
823504,14840,173,PE,3702,LAM,,,full,,,serpost-via-peru-pe-cpn,,2026-05-24T12:02:12,2026-05-24T12:02:12,1
823505,14841,173,PE,3702,LAM,,,full,,,serpost-via-peru-pe-cpn,,2026-05-24T12:02:12,2026-05-24T12:02:12,1
823506,15001,173,PE,3695,LIM,,,full,,,serpost-via-peru-pe-cpn,,2026-05-24T12:02:12,2026-05-24T12:02:12,1
823507,15003,173,PE,3695,LIM,,,full,,,serpost-via-peru-pe-cpn,,2026-05-24T12:02:12,2026-05-24T12:02:12,1
823508,15004,173,PE,3695,LIM,,,full,,,serpost-via-peru-pe-cpn,,2026-05-24T12:02:12,2026-05-24T12:02:12,1
823509,15006,173,PE,3695,LIM,,,full,,,serpost-via-peru-pe-cpn,,2026-05-24T12:02:12,2026-05-24T12:02:12,1
823510,15007,173,PE,3695,LIM,,,full,,,serpost-via-peru-pe-cpn,,2026-05-24T12:02:12,2026-05-24T12:02:12,1
823511,15008,173,PE,3695,LIM,,,full,,,serpost-via-peru-pe-cpn,,2026-05-24T12:02:12,2026-05-24T12:02:12,1
823512,15009,173,PE,3695,LIM,,,full,,,serpost-via-peru-pe-cpn,,2026-05-24T12:02:12,2026-05-24T12:02:12,1
823513,15011,173,PE,3695,LIM,,,full,,,serpost-via-peru-pe-cpn,,2026-05-24T12:02:12,2026-05-24T12:02:12,1
823514,15012,173,PE,3695,LIM,,,full,,,serpost-via-peru-pe-cpn,,2026-05-24T12:02:12,2026-05-24T12:02:12,1
823515,15018,173,PE,3695,LIM,,,full,,,serpost-via-peru-pe-cpn,,2026-05-24T12:02:12,2026-05-24T12:02:12,1
823516,15019,173,PE,3695,LIM,,,full,,,serpost-via-peru-pe-cpn,,2026-05-24T12:02:12,2026-05-24T12:02:12,1
823517,15021,173,PE,3695,LIM,,,full,,,serpost-via-peru-pe-cpn,,2026-05-24T12:02:12,2026-05-24T12:02:12,1
823518,15022,173,PE,3695,LIM,,,full,,,serpost-via-peru-pe-cpn,,2026-05-24T12:02:12,2026-05-24T12:02:12,1
823519,15023,173,PE,3695,LIM,,,full,,,serpost-via-peru-pe-cpn,,2026-05-24T12:02:12,2026-05-24T12:02:12,1
823520,15024,173,PE,3695,LIM,,,full,,,serpost-via-peru-pe-cpn,,2026-05-24T12:02:12,2026-05-24T12:02:12,1
823521,15026,173,PE,3695,LIM,,,full,,,serpost-via-peru-pe-cpn,,2026-05-24T12:02:12,2026-05-24T12:02:12,1
823522,15033,173,PE,3695,LIM,,,full,,,serpost-via-peru-pe-cpn,,2026-05-24T12:02:12,2026-05-24T12:02:12,1
823523,15034,173,PE,3695,LIM,,,full,,,serpost-via-peru-pe-cpn,,2026-05-24T12:02:12,2026-05-24T12:02:12,1
823524,15036,173,PE,3695,LIM,,,full,,,serpost-via-peru-pe-cpn,,2026-05-24T12:02:12,2026-05-24T12:02:12,1
823525,15037,173,PE,3695,LIM,,,full,,,serpost-via-peru-pe-cpn,,2026-05-24T12:02:12,2026-05-24T12:02:12,1
823526,15038,173,PE,3695,LIM,,,full,,,serpost-via-peru-pe-cpn,,2026-05-24T12:02:12,2026-05-24T12:02:12,1
823527,15039,173,PE,3695,LIM,,,full,,,serpost-via-peru-pe-cpn,,2026-05-24T12:02:12,2026-05-24T12:02:12,1
823528,15046,173,PE,3695,LIM,,,full,,,serpost-via-peru-pe-cpn,,2026-05-24T12:02:12,2026-05-24T12:02:12,1
823529,15047,173,PE,3695,LIM,,,full,,,serpost-via-peru-pe-cpn,,2026-05-24T12:02:12,2026-05-24T12:02:12,1
823530,15048,173,PE,3695,LIM,,,full,,,serpost-via-peru-pe-cpn,,2026-05-24T12:02:12,2026-05-24T12:02:12,1
823531,15049,173,PE,3695,LIM,,,full,,,serpost-via-peru-pe-cpn,,2026-05-24T12:02:12,2026-05-24T12:02:12,1
823532,15054,173,PE,3695,LIM,,,full,,,serpost-via-peru-pe-cpn,,2026-05-24T12:02:12,2026-05-24T12:02:12,1
823533,15056,173,PE,3695,LIM,,,full,,,serpost-via-peru-pe-cpn,,2026-05-24T12:02:12,2026-05-24T12:02:12,1
823534,15057,173,PE,3695,LIM,,,full,,,serpost-via-peru-pe-cpn,,2026-05-24T12:02:12,2026-05-24T12:02:12,1
823535,15058,173,PE,3695,LIM,,,full,,,serpost-via-peru-pe-cpn,,2026-05-24T12:02:12,2026-05-24T12:02:12,1
823536,15063,173,PE,3695,LIM,,,full,,,serpost-via-peru-pe-cpn,,2026-05-24T12:02:12,2026-05-24T12:02:12,1
823537,15064,173,PE,3695,LIM,,,full,,,serpost-via-peru-pe-cpn,,2026-05-24T12:02:12,2026-05-24T12:02:12,1
823538,15066,173,PE,3695,LIM,,,full,,,serpost-via-peru-pe-cpn,,2026-05-24T12:02:12,2026-05-24T12:02:12,1
823539,15067,173,PE,3695,LIM,,,full,,,serpost-via-peru-pe-cpn,,2026-05-24T12:02:12,2026-05-24T12:02:12,1
823540,15072,173,PE,3695,LIM,,,full,,,serpost-via-peru-pe-cpn,,2026-05-24T12:02:12,2026-05-24T12:02:12,1
823541,15073,173,PE,3695,LIM,,,full,,,serpost-via-peru-pe-cpn,,2026-05-24T12:02:12,2026-05-24T12:02:12,1
823542,15074,173,PE,3695,LIM,,,full,,,serpost-via-peru-pe-cpn,,2026-05-24T12:02:12,2026-05-24T12:02:12,1
823543,15076,173,PE,3695,LIM,,,full,,,serpost-via-peru-pe-cpn,,2026-05-24T12:02:12,2026-05-24T12:02:12,1
823544,15079,173,PE,3695,LIM,,,full,,,serpost-via-peru-pe-cpn,,2026-05-24T12:02:12,2026-05-24T12:02:12,1
823545,15081,173,PE,3695,LIM,,,full,,,serpost-via-peru-pe-cpn,,2026-05-24T12:02:12,2026-05-24T12:02:12,1
823546,15082,173,PE,3695,LIM,,,full,,,serpost-via-peru-pe-cpn,,2026-05-24T12:02:12,2026-05-24T12:02:12,1
823547,15083,173,PE,3695,LIM,,,full,,,serpost-via-peru-pe-cpn,,2026-05-24T12:02:12,2026-05-24T12:02:12,1
823548,15084,173,PE,3695,LIM,,,full,,,serpost-via-peru-pe-cpn,,2026-05-24T12:02:12,2026-05-24T12:02:12,1
823549,15086,173,PE,3695,LIM,,,full,,,serpost-via-peru-pe-cpn,,2026-05-24T12:02:12,2026-05-24T12:02:12,1
823550,15087,173,PE,3695,LIM,,,full,,,serpost-via-peru-pe-cpn,,2026-05-24T12:02:12,2026-05-24T12:02:12,1
823551,15088,173,PE,3695,LIM,,,full,,,serpost-via-peru-pe-cpn,,2026-05-24T12:02:12,2026-05-24T12:02:12,1
823552,15093,173,PE,3695,LIM,,,full,,,serpost-via-peru-pe-cpn,,2026-05-24T12:02:12,2026-05-24T12:02:12,1
823553,15094,173,PE,3695,LIM,,,full,,,serpost-via-peru-pe-cpn,,2026-05-24T12:02:12,2026-05-24T12:02:12,1
823554,15096,173,PE,3695,LIM,,,full,,,serpost-via-peru-pe-cpn,,2026-05-24T12:02:12,2026-05-24T12:02:12,1
823555,15101,173,PE,3695,LIM,,,full,,,serpost-via-peru-pe-cpn,,2026-05-24T12:02:12,2026-05-24T12:02:12,1
823556,15102,173,PE,3695,LIM,,,full,,,serpost-via-peru-pe-cpn,,2026-05-24T12:02:12,2026-05-24T12:02:12,1
823557,15103,173,PE,3695,LIM,,,full,,,serpost-via-peru-pe-cpn,,2026-05-24T12:02:12,2026-05-24T12:02:12,1
823558,15106,173,PE,3695,LIM,,,full,,,serpost-via-peru-pe-cpn,,2026-05-24T12:02:12,2026-05-24T12:02:12,1
823559,15107,173,PE,3695,LIM,,,full,,,serpost-via-peru-pe-cpn,,2026-05-24T12:02:12,2026-05-24T12:02:12,1
823560,15108,173,PE,3695,LIM,,,full,,,serpost-via-peru-pe-cpn,,2026-05-24T12:02:12,2026-05-24T12:02:12,1
823561,15109,173,PE,3695,LIM,,,full,,,serpost-via-peru-pe-cpn,,2026-05-24T12:02:12,2026-05-24T12:02:12,1
823562,15112,173,PE,3695,LIM,,,full,,,serpost-via-peru-pe-cpn,,2026-05-24T12:02:12,2026-05-24T12:02:12,1
823563,15113,173,PE,3695,LIM,,,full,,,serpost-via-peru-pe-cpn,,2026-05-24T12:02:12,2026-05-24T12:02:12,1
823564,15116,173,PE,3695,LIM,,,full,,,serpost-via-peru-pe-cpn,,2026-05-24T12:02:12,2026-05-24T12:02:12,1
823565,15117,173,PE,3695,LIM,,,full,,,serpost-via-peru-pe-cpn,,2026-05-24T12:02:12,2026-05-24T12:02:12,1
823566,15118,173,PE,3695,LIM,,,full,,,serpost-via-peru-pe-cpn,,2026-05-24T12:02:12,2026-05-24T12:02:12,1
823567,15121,173,PE,3695,LIM,,,full,,,serpost-via-peru-pe-cpn,,2026-05-24T12:02:12,2026-05-24T12:02:12,1
823568,15122,173,PE,3695,LIM,,,full,,,serpost-via-peru-pe-cpn,,2026-05-24T12:02:12,2026-05-24T12:02:12,1
823569,15123,173,PE,3695,LIM,,,full,,,serpost-via-peru-pe-cpn,,2026-05-24T12:02:12,2026-05-24T12:02:12,1
823570,15125,173,PE,3695,LIM,,,full,,,serpost-via-peru-pe-cpn,,2026-05-24T12:02:12,2026-05-24T12:02:12,1
823571,15126,173,PE,3695,LIM,,,full,,,serpost-via-peru-pe-cpn,,2026-05-24T12:02:12,2026-05-24T12:02:12,1
823572,15130,173,PE,3695,LIM,,,full,,,serpost-via-peru-pe-cpn,,2026-05-24T12:02:12,2026-05-24T12:02:12,1
823573,15131,173,PE,3695,LIM,,,full,,,serpost-via-peru-pe-cpn,,2026-05-24T12:02:12,2026-05-24T12:02:12,1
823574,15135,173,PE,3695,LIM,,,full,,,serpost-via-peru-pe-cpn,,2026-05-24T12:02:12,2026-05-24T12:02:12,1
823575,15136,173,PE,3695,LIM,,,full,,,serpost-via-peru-pe-cpn,,2026-05-24T12:02:12,2026-05-24T12:02:12,1
823576,15137,173,PE,3695,LIM,,,full,,,serpost-via-peru-pe-cpn,,2026-05-24T12:02:12,2026-05-24T12:02:12,1
823577,15138,173,PE,3695,LIM,,,full,,,serpost-via-peru-pe-cpn,,2026-05-24T12:02:12,2026-05-24T12:02:12,1
823578,15157,173,PE,3695,LIM,,,full,,,serpost-via-peru-pe-cpn,,2026-05-24T12:02:12,2026-05-24T12:02:12,1
823579,15160,173,PE,3695,LIM,,,full,,,serpost-via-peru-pe-cpn,,2026-05-24T12:02:12,2026-05-24T12:02:12,1
823580,15161,173,PE,3695,LIM,,,full,,,serpost-via-peru-pe-cpn,,2026-05-24T12:02:12,2026-05-24T12:02:12,1
823581,15162,173,PE,3695,LIM,,,full,,,serpost-via-peru-pe-cpn,,2026-05-24T12:02:12,2026-05-24T12:02:12,1
823582,15169,173,PE,3695,LIM,,,full,,,serpost-via-peru-pe-cpn,,2026-05-24T12:02:12,2026-05-24T12:02:12,1
823583,15170,173,PE,3695,LIM,,,full,,,serpost-via-peru-pe-cpn,,2026-05-24T12:02:12,2026-05-24T12:02:12,1
823584,15174,173,PE,3695,LIM,,,full,,,serpost-via-peru-pe-cpn,,2026-05-24T12:02:12,2026-05-24T12:02:12,1
823585,15175,173,PE,3695,LIM,,,full,,,serpost-via-peru-pe-cpn,,2026-05-24T12:02:12,2026-05-24T12:02:12,1
823586,15178,173,PE,3695,LIM,,,full,,,serpost-via-peru-pe-cpn,,2026-05-24T12:02:12,2026-05-24T12:02:12,1
823587,15180,173,PE,3695,LIM,,,full,,,serpost-via-peru-pe-cpn,,2026-05-24T12:02:12,2026-05-24T12:02:12,1
823588,15182,173,PE,3695,LIM,,,full,,,serpost-via-peru-pe-cpn,,2026-05-24T12:02:12,2026-05-24T12:02:12,1
823589,15185,173,PE,3695,LIM,,,full,,,serpost-via-peru-pe-cpn,,2026-05-24T12:02:12,2026-05-24T12:02:12,1
823590,15190,173,PE,3695,LIM,,,full,,,serpost-via-peru-pe-cpn,,2026-05-24T12:02:12,2026-05-24T12:02:12,1
823591,15191,173,PE,3695,LIM,,,full,,,serpost-via-peru-pe-cpn,,2026-05-24T12:02:12,2026-05-24T12:02:12,1
823592,15195,173,PE,3695,LIM,,,full,,,serpost-via-peru-pe-cpn,,2026-05-24T12:02:12,2026-05-24T12:02:12,1
823593,15197,173,PE,3695,LIM,,,full,,,serpost-via-peru-pe-cpn,,2026-05-24T12:02:12,2026-05-24T12:02:12,1
823594,15200,173,PE,3695,LIM,,,full,,,serpost-via-peru-pe-cpn,,2026-05-24T12:02:12,2026-05-24T12:02:12,1
823595,15201,173,PE,3695,LIM,,,full,,,serpost-via-peru-pe-cpn,,2026-05-24T12:02:12,2026-05-24T12:02:12,1
823596,15202,173,PE,3695,LIM,,,full,,,serpost-via-peru-pe-cpn,,2026-05-24T12:02:12,2026-05-24T12:02:12,1
823597,15205,173,PE,3695,LIM,,,full,,,serpost-via-peru-pe-cpn,,2026-05-24T12:02:12,2026-05-24T12:02:12,1
823598,15210,173,PE,3695,LIM,,,full,,,serpost-via-peru-pe-cpn,,2026-05-24T12:02:12,2026-05-24T12:02:12,1
823599,15215,173,PE,3695,LIM,,,full,,,serpost-via-peru-pe-cpn,,2026-05-24T12:02:12,2026-05-24T12:02:12,1
823600,15220,173,PE,3695,LIM,,,full,,,serpost-via-peru-pe-cpn,,2026-05-24T12:02:12,2026-05-24T12:02:12,1
823601,15221,173,PE,3695,LIM,,,full,,,serpost-via-peru-pe-cpn,,2026-05-24T12:02:12,2026-05-24T12:02:12,1
823602,15225,173,PE,3695,LIM,,,full,,,serpost-via-peru-pe-cpn,,2026-05-24T12:02:12,2026-05-24T12:02:12,1
823603,15230,173,PE,3695,LIM,,,full,,,serpost-via-peru-pe-cpn,,2026-05-24T12:02:12,2026-05-24T12:02:12,1
823604,15235,173,PE,3695,LIM,,,full,,,serpost-via-peru-pe-cpn,,2026-05-24T12:02:12,2026-05-24T12:02:12,1
823605,15237,173,PE,3695,LIM,,,full,,,serpost-via-peru-pe-cpn,,2026-05-24T12:02:12,2026-05-24T12:02:12,1
823606,15240,173,PE,3695,LIM,,,full,,,serpost-via-peru-pe-cpn,,2026-05-24T12:02:12,2026-05-24T12:02:12,1
823607,15245,173,PE,3695,LIM,,,full,,,serpost-via-peru-pe-cpn,,2026-05-24T12:02:12,2026-05-24T12:02:12,1
823608,15246,173,PE,3695,LIM,,,full,,,serpost-via-peru-pe-cpn,,2026-05-24T12:02:12,2026-05-24T12:02:12,1
823609,15250,173,PE,3695,LIM,,,full,,,serpost-via-peru-pe-cpn,,2026-05-24T12:02:12,2026-05-24T12:02:12,1
823610,15255,173,PE,3695,LIM,,,full,,,serpost-via-peru-pe-cpn,,2026-05-24T12:02:12,2026-05-24T12:02:12,1
823611,15260,173,PE,3695,LIM,,,full,,,serpost-via-peru-pe-cpn,,2026-05-24T12:02:12,2026-05-24T12:02:12,1
823612,15265,173,PE,3695,LIM,,,full,,,serpost-via-peru-pe-cpn,,2026-05-24T12:02:12,2026-05-24T12:02:12,1
823613,15266,173,PE,3695,LIM,,,full,,,serpost-via-peru-pe-cpn,,2026-05-24T12:02:12,2026-05-24T12:02:12,1
823614,15270,173,PE,3695,LIM,,,full,,,serpost-via-peru-pe-cpn,,2026-05-24T12:02:12,2026-05-24T12:02:12,1
823615,15274,173,PE,3695,LIM,,,full,,,serpost-via-peru-pe-cpn,,2026-05-24T12:02:12,2026-05-24T12:02:12,1
823616,15275,173,PE,3695,LIM,,,full,,,serpost-via-peru-pe-cpn,,2026-05-24T12:02:12,2026-05-24T12:02:12,1
823617,15280,173,PE,3695,LIM,,,full,,,serpost-via-peru-pe-cpn,,2026-05-24T12:02:12,2026-05-24T12:02:12,1
823618,15285,173,PE,3695,LIM,,,full,,,serpost-via-peru-pe-cpn,,2026-05-24T12:02:12,2026-05-24T12:02:12,1
823619,15301,173,PE,3695,LIM,,,full,,,serpost-via-peru-pe-cpn,,2026-05-24T12:02:12,2026-05-24T12:02:12,1
823620,15302,173,PE,3695,LIM,,,full,,,serpost-via-peru-pe-cpn,,2026-05-24T12:02:12,2026-05-24T12:02:12,1
823621,15304,173,PE,3695,LIM,,,full,,,serpost-via-peru-pe-cpn,,2026-05-24T12:02:12,2026-05-24T12:02:12,1
823622,15306,173,PE,3695,LIM,,,full,,,serpost-via-peru-pe-cpn,,2026-05-24T12:02:12,2026-05-24T12:02:12,1
823623,15307,173,PE,3695,LIM,,,full,,,serpost-via-peru-pe-cpn,,2026-05-24T12:02:12,2026-05-24T12:02:12,1
823624,15311,173,PE,3695,LIM,,,full,,,serpost-via-peru-pe-cpn,,2026-05-24T12:02:12,2026-05-24T12:02:12,1
823625,15312,173,PE,3695,LIM,,,full,,,serpost-via-peru-pe-cpn,,2026-05-24T12:02:12,2026-05-24T12:02:12,1
823626,15313,173,PE,3695,LIM,,,full,,,serpost-via-peru-pe-cpn,,2026-05-24T12:02:12,2026-05-24T12:02:12,1
823627,15314,173,PE,3695,LIM,,,full,,,serpost-via-peru-pe-cpn,,2026-05-24T12:02:12,2026-05-24T12:02:12,1
823628,15316,173,PE,3695,LIM,,,full,,,serpost-via-peru-pe-cpn,,2026-05-24T12:02:12,2026-05-24T12:02:12,1
823629,15318,173,PE,3695,LIM,,,full,,,serpost-via-peru-pe-cpn,,2026-05-24T12:02:12,2026-05-24T12:02:12,1
823630,15319,173,PE,3695,LIM,,,full,,,serpost-via-peru-pe-cpn,,2026-05-24T12:02:12,2026-05-24T12:02:12,1
823631,15320,173,PE,3695,LIM,,,full,,,serpost-via-peru-pe-cpn,,2026-05-24T12:02:12,2026-05-24T12:02:12,1
823632,15321,173,PE,3695,LIM,,,full,,,serpost-via-peru-pe-cpn,,2026-05-24T12:02:12,2026-05-24T12:02:12,1
823633,15324,173,PE,3695,LIM,,,full,,,serpost-via-peru-pe-cpn,,2026-05-24T12:02:12,2026-05-24T12:02:12,1
823634,15326,173,PE,3695,LIM,,,full,,,serpost-via-peru-pe-cpn,,2026-05-24T12:02:12,2026-05-24T12:02:12,1
823635,15327,173,PE,3695,LIM,,,full,,,serpost-via-peru-pe-cpn,,2026-05-24T12:02:12,2026-05-24T12:02:12,1
823636,15328,173,PE,3695,LIM,,,full,,,serpost-via-peru-pe-cpn,,2026-05-24T12:02:12,2026-05-24T12:02:12,1
823637,15331,173,PE,3695,LIM,,,full,,,serpost-via-peru-pe-cpn,,2026-05-24T12:02:12,2026-05-24T12:02:12,1
823638,15332,173,PE,3695,LIM,,,full,,,serpost-via-peru-pe-cpn,,2026-05-24T12:02:12,2026-05-24T12:02:12,1
823639,15333,173,PE,3695,LIM,,,full,,,serpost-via-peru-pe-cpn,,2026-05-24T12:02:12,2026-05-24T12:02:12,1
823640,15335,173,PE,3695,LIM,,,full,,,serpost-via-peru-pe-cpn,,2026-05-24T12:02:12,2026-05-24T12:02:12,1
823641,15336,173,PE,3695,LIM,,,full,,,serpost-via-peru-pe-cpn,,2026-05-24T12:02:12,2026-05-24T12:02:12,1
823642,15340,173,PE,3695,LIM,,,full,,,serpost-via-peru-pe-cpn,,2026-05-24T12:02:12,2026-05-24T12:02:12,1
823643,15345,173,PE,3695,LIM,,,full,,,serpost-via-peru-pe-cpn,,2026-05-24T12:02:12,2026-05-24T12:02:12,1
823644,15350,173,PE,3695,LIM,,,full,,,serpost-via-peru-pe-cpn,,2026-05-24T12:02:12,2026-05-24T12:02:12,1
823645,15355,173,PE,3695,LIM,,,full,,,serpost-via-peru-pe-cpn,,2026-05-24T12:02:12,2026-05-24T12:02:12,1
823646,15360,173,PE,3695,LIM,,,full,,,serpost-via-peru-pe-cpn,,2026-05-24T12:02:12,2026-05-24T12:02:12,1
823647,15365,173,PE,3695,LIM,,,full,,,serpost-via-peru-pe-cpn,,2026-05-24T12:02:12,2026-05-24T12:02:12,1
823648,15401,173,PE,3695,LIM,,,full,,,serpost-via-peru-pe-cpn,,2026-05-24T12:02:12,2026-05-24T12:02:12,1
823649,15404,173,PE,3695,LIM,,,full,,,serpost-via-peru-pe-cpn,,2026-05-24T12:02:12,2026-05-24T12:02:12,1
823650,15408,173,PE,3695,LIM,,,full,,,serpost-via-peru-pe-cpn,,2026-05-24T12:02:12,2026-05-24T12:02:12,1
823651,15412,173,PE,3695,LIM,,,full,,,serpost-via-peru-pe-cpn,,2026-05-24T12:02:12,2026-05-24T12:02:12,1
823652,15416,173,PE,3695,LIM,,,full,,,serpost-via-peru-pe-cpn,,2026-05-24T12:02:12,2026-05-24T12:02:12,1
823653,15419,173,PE,3695,LIM,,,full,,,serpost-via-peru-pe-cpn,,2026-05-24T12:02:12,2026-05-24T12:02:12,1
823654,15423,173,PE,3695,LIM,,,full,,,serpost-via-peru-pe-cpn,,2026-05-24T12:02:12,2026-05-24T12:02:12,1
823655,15427,173,PE,3695,LIM,,,full,,,serpost-via-peru-pe-cpn,,2026-05-24T12:02:12,2026-05-24T12:02:12,1
823656,15431,173,PE,3695,LIM,,,full,,,serpost-via-peru-pe-cpn,,2026-05-24T12:02:12,2026-05-24T12:02:12,1
823657,15434,173,PE,3695,LIM,,,full,,,serpost-via-peru-pe-cpn,,2026-05-24T12:02:12,2026-05-24T12:02:12,1
823658,15438,173,PE,3695,LIM,,,full,,,serpost-via-peru-pe-cpn,,2026-05-24T12:02:12,2026-05-24T12:02:12,1
823659,15442,173,PE,3695,LIM,,,full,,,serpost-via-peru-pe-cpn,,2026-05-24T12:02:12,2026-05-24T12:02:12,1
823660,15446,173,PE,3695,LIM,,,full,,,serpost-via-peru-pe-cpn,,2026-05-24T12:02:12,2026-05-24T12:02:12,1
823661,15449,173,PE,3695,LIM,,,full,,,serpost-via-peru-pe-cpn,,2026-05-24T12:02:12,2026-05-24T12:02:12,1
823662,15453,173,PE,3695,LIM,,,full,,,serpost-via-peru-pe-cpn,,2026-05-24T12:02:12,2026-05-24T12:02:12,1
823663,15457,173,PE,3695,LIM,,,full,,,serpost-via-peru-pe-cpn,,2026-05-24T12:02:12,2026-05-24T12:02:12,1
823664,15461,173,PE,3695,LIM,,,full,,,serpost-via-peru-pe-cpn,,2026-05-24T12:02:12,2026-05-24T12:02:12,1
823665,15464,173,PE,3695,LIM,,,full,,,serpost-via-peru-pe-cpn,,2026-05-24T12:02:12,2026-05-24T12:02:12,1
823666,15468,173,PE,3695,LIM,,,full,,,serpost-via-peru-pe-cpn,,2026-05-24T12:02:12,2026-05-24T12:02:12,1
823667,15472,173,PE,3695,LIM,,,full,,,serpost-via-peru-pe-cpn,,2026-05-24T12:02:12,2026-05-24T12:02:12,1
823668,15476,173,PE,3695,LIM,,,full,,,serpost-via-peru-pe-cpn,,2026-05-24T12:02:12,2026-05-24T12:02:12,1
823669,15479,173,PE,3695,LIM,,,full,,,serpost-via-peru-pe-cpn,,2026-05-24T12:02:12,2026-05-24T12:02:12,1
823670,15483,173,PE,3695,LIM,,,full,,,serpost-via-peru-pe-cpn,,2026-05-24T12:02:12,2026-05-24T12:02:12,1
823671,15487,173,PE,3695,LIM,,,full,,,serpost-via-peru-pe-cpn,,2026-05-24T12:02:12,2026-05-24T12:02:12,1
823672,15491,173,PE,3695,LIM,,,full,,,serpost-via-peru-pe-cpn,,2026-05-24T12:02:12,2026-05-24T12:02:12,1
823673,15494,173,PE,3695,LIM,,,full,,,serpost-via-peru-pe-cpn,,2026-05-24T12:02:12,2026-05-24T12:02:12,1
823674,15498,173,PE,3695,LIM,,,full,,,serpost-via-peru-pe-cpn,,2026-05-24T12:02:12,2026-05-24T12:02:12,1
823675,15500,173,PE,3695,LIM,,,full,,,serpost-via-peru-pe-cpn,,2026-05-24T12:02:12,2026-05-24T12:02:12,1
823676,15501,173,PE,3695,LIM,,,full,,,serpost-via-peru-pe-cpn,,2026-05-24T12:02:12,2026-05-24T12:02:12,1
823677,15505,173,PE,3695,LIM,,,full,,,serpost-via-peru-pe-cpn,,2026-05-24T12:02:12,2026-05-24T12:02:12,1
823678,15510,173,PE,3695,LIM,,,full,,,serpost-via-peru-pe-cpn,,2026-05-24T12:02:12,2026-05-24T12:02:12,1
823679,15515,173,PE,3695,LIM,,,full,,,serpost-via-peru-pe-cpn,,2026-05-24T12:02:12,2026-05-24T12:02:12,1
823680,15516,173,PE,3695,LIM,,,full,,,serpost-via-peru-pe-cpn,,2026-05-24T12:02:12,2026-05-24T12:02:12,1
823681,15520,173,PE,3695,LIM,,,full,,,serpost-via-peru-pe-cpn,,2026-05-24T12:02:12,2026-05-24T12:02:12,1
823682,15525,173,PE,3695,LIM,,,full,,,serpost-via-peru-pe-cpn,,2026-05-24T12:02:12,2026-05-24T12:02:12,1
823683,15530,173,PE,3695,LIM,,,full,,,serpost-via-peru-pe-cpn,,2026-05-24T12:02:12,2026-05-24T12:02:12,1
823684,15535,173,PE,3695,LIM,,,full,,,serpost-via-peru-pe-cpn,,2026-05-24T12:02:12,2026-05-24T12:02:12,1
823685,15536,173,PE,3695,LIM,,,full,,,serpost-via-peru-pe-cpn,,2026-05-24T12:02:12,2026-05-24T12:02:12,1
823686,15537,173,PE,3695,LIM,,,full,,,serpost-via-peru-pe-cpn,,2026-05-24T12:02:12,2026-05-24T12:02:12,1
823687,15540,173,PE,3695,LIM,,,full,,,serpost-via-peru-pe-cpn,,2026-05-24T12:02:12,2026-05-24T12:02:12,1
823688,15545,173,PE,3695,LIM,,,full,,,serpost-via-peru-pe-cpn,,2026-05-24T12:02:12,2026-05-24T12:02:12,1
823689,15550,173,PE,3695,LIM,,,full,,,serpost-via-peru-pe-cpn,,2026-05-24T12:02:12,2026-05-24T12:02:12,1
823690,15555,173,PE,3695,LIM,,,full,,,serpost-via-peru-pe-cpn,,2026-05-24T12:02:12,2026-05-24T12:02:12,1
823691,15556,173,PE,3695,LIM,,,full,,,serpost-via-peru-pe-cpn,,2026-05-24T12:02:12,2026-05-24T12:02:12,1
823692,15560,173,PE,3695,LIM,,,full,,,serpost-via-peru-pe-cpn,,2026-05-24T12:02:12,2026-05-24T12:02:12,1
823693,15561,173,PE,3695,LIM,,,full,,,serpost-via-peru-pe-cpn,,2026-05-24T12:02:12,2026-05-24T12:02:12,1
823694,15564,173,PE,3695,LIM,,,full,,,serpost-via-peru-pe-cpn,,2026-05-24T12:02:12,2026-05-24T12:02:12,1
823695,15565,173,PE,3695,LIM,,,full,,,serpost-via-peru-pe-cpn,,2026-05-24T12:02:12,2026-05-24T12:02:12,1
823696,15570,173,PE,3695,LIM,,,full,,,serpost-via-peru-pe-cpn,,2026-05-24T12:02:12,2026-05-24T12:02:12,1
823697,15571,173,PE,3695,LIM,,,full,,,serpost-via-peru-pe-cpn,,2026-05-24T12:02:12,2026-05-24T12:02:12,1
823698,15575,173,PE,3695,LIM,,,full,,,serpost-via-peru-pe-cpn,,2026-05-24T12:02:12,2026-05-24T12:02:12,1
823699,15577,173,PE,3695,LIM,,,full,,,serpost-via-peru-pe-cpn,,2026-05-24T12:02:12,2026-05-24T12:02:12,1
823700,15580,173,PE,3695,LIM,,,full,,,serpost-via-peru-pe-cpn,,2026-05-24T12:02:12,2026-05-24T12:02:12,1
823701,15585,173,PE,3695,LIM,,,full,,,serpost-via-peru-pe-cpn,,2026-05-24T12:02:12,2026-05-24T12:02:12,1
823702,15586,173,PE,3695,LIM,,,full,,,serpost-via-peru-pe-cpn,,2026-05-24T12:02:12,2026-05-24T12:02:12,1
823703,15590,173,PE,3695,LIM,,,full,,,serpost-via-peru-pe-cpn,,2026-05-24T12:02:12,2026-05-24T12:02:12,1
823704,15593,173,PE,3695,LIM,,,full,,,serpost-via-peru-pe-cpn,,2026-05-24T12:02:12,2026-05-24T12:02:12,1
823705,15594,173,PE,3695,LIM,,,full,,,serpost-via-peru-pe-cpn,,2026-05-24T12:02:12,2026-05-24T12:02:12,1
823706,15600,173,PE,3695,LIM,,,full,,,serpost-via-peru-pe-cpn,,2026-05-24T12:02:12,2026-05-24T12:02:12,1
823707,15605,173,PE,3695,LIM,,,full,,,serpost-via-peru-pe-cpn,,2026-05-24T12:02:12,2026-05-24T12:02:12,1
823708,15608,173,PE,3695,LIM,,,full,,,serpost-via-peru-pe-cpn,,2026-05-24T12:02:12,2026-05-24T12:02:12,1
823709,15610,173,PE,3695,LIM,,,full,,,serpost-via-peru-pe-cpn,,2026-05-24T12:02:12,2026-05-24T12:02:12,1
823710,15615,173,PE,3695,LIM,,,full,,,serpost-via-peru-pe-cpn,,2026-05-24T12:02:12,2026-05-24T12:02:12,1
823711,15620,173,PE,3695,LIM,,,full,,,serpost-via-peru-pe-cpn,,2026-05-24T12:02:12,2026-05-24T12:02:12,1
823712,15621,173,PE,3695,LIM,,,full,,,serpost-via-peru-pe-cpn,,2026-05-24T12:02:12,2026-05-24T12:02:12,1
823713,15625,173,PE,3695,LIM,,,full,,,serpost-via-peru-pe-cpn,,2026-05-24T12:02:12,2026-05-24T12:02:12,1
823714,15630,173,PE,3695,LIM,,,full,,,serpost-via-peru-pe-cpn,,2026-05-24T12:02:12,2026-05-24T12:02:12,1
823715,15635,173,PE,3695,LIM,,,full,,,serpost-via-peru-pe-cpn,,2026-05-24T12:02:12,2026-05-24T12:02:12,1
823716,15640,173,PE,3695,LIM,,,full,,,serpost-via-peru-pe-cpn,,2026-05-24T12:02:12,2026-05-24T12:02:12,1
823717,15641,173,PE,3695,LIM,,,full,,,serpost-via-peru-pe-cpn,,2026-05-24T12:02:12,2026-05-24T12:02:12,1
823718,15645,173,PE,3695,LIM,,,full,,,serpost-via-peru-pe-cpn,,2026-05-24T12:02:12,2026-05-24T12:02:12,1
823719,15650,173,PE,3695,LIM,,,full,,,serpost-via-peru-pe-cpn,,2026-05-24T12:02:12,2026-05-24T12:02:12,1
823720,15655,173,PE,3695,LIM,,,full,,,serpost-via-peru-pe-cpn,,2026-05-24T12:02:12,2026-05-24T12:02:12,1
823721,15660,173,PE,3695,LIM,,,full,,,serpost-via-peru-pe-cpn,,2026-05-24T12:02:12,2026-05-24T12:02:12,1
823722,15661,173,PE,3695,LIM,,,full,,,serpost-via-peru-pe-cpn,,2026-05-24T12:02:12,2026-05-24T12:02:12,1
823723,15665,173,PE,3695,LIM,,,full,,,serpost-via-peru-pe-cpn,,2026-05-24T12:02:12,2026-05-24T12:02:12,1
823724,15670,173,PE,3695,LIM,,,full,,,serpost-via-peru-pe-cpn,,2026-05-24T12:02:12,2026-05-24T12:02:12,1
823725,15675,173,PE,3695,LIM,,,full,,,serpost-via-peru-pe-cpn,,2026-05-24T12:02:12,2026-05-24T12:02:12,1
823726,15680,173,PE,3695,LIM,,,full,,,serpost-via-peru-pe-cpn,,2026-05-24T12:02:12,2026-05-24T12:02:12,1
823727,15681,173,PE,3695,LIM,,,full,,,serpost-via-peru-pe-cpn,,2026-05-24T12:02:12,2026-05-24T12:02:12,1
823728,15685,173,PE,3695,LIM,,,full,,,serpost-via-peru-pe-cpn,,2026-05-24T12:02:12,2026-05-24T12:02:12,1
823729,15689,173,PE,3695,LIM,,,full,,,serpost-via-peru-pe-cpn,,2026-05-24T12:02:12,2026-05-24T12:02:12,1
823730,15690,173,PE,3695,LIM,,,full,,,serpost-via-peru-pe-cpn,,2026-05-24T12:02:12,2026-05-24T12:02:12,1
823731,15700,173,PE,3695,LIM,,,full,,,serpost-via-peru-pe-cpn,,2026-05-24T12:02:12,2026-05-24T12:02:12,1
823732,15701,173,PE,3695,LIM,,,full,,,serpost-via-peru-pe-cpn,,2026-05-24T12:02:12,2026-05-24T12:02:12,1
823733,15712,173,PE,3695,LIM,,,full,,,serpost-via-peru-pe-cpn,,2026-05-24T12:02:12,2026-05-24T12:02:12,1
823734,15715,173,PE,3695,LIM,,,full,,,serpost-via-peru-pe-cpn,,2026-05-24T12:02:12,2026-05-24T12:02:12,1
823735,15716,173,PE,3695,LIM,,,full,,,serpost-via-peru-pe-cpn,,2026-05-24T12:02:12,2026-05-24T12:02:12,1
823736,15717,173,PE,3695,LIM,,,full,,,serpost-via-peru-pe-cpn,,2026-05-24T12:02:12,2026-05-24T12:02:12,1
823737,15719,173,PE,3695,LIM,,,full,,,serpost-via-peru-pe-cpn,,2026-05-24T12:02:12,2026-05-24T12:02:12,1
823738,15720,173,PE,3695,LIM,,,full,,,serpost-via-peru-pe-cpn,,2026-05-24T12:02:12,2026-05-24T12:02:12,1
823739,15723,173,PE,3695,LIM,,,full,,,serpost-via-peru-pe-cpn,,2026-05-24T12:02:12,2026-05-24T12:02:12,1
823740,15725,173,PE,3695,LIM,,,full,,,serpost-via-peru-pe-cpn,,2026-05-24T12:02:12,2026-05-24T12:02:12,1
823741,15727,173,PE,3695,LIM,,,full,,,serpost-via-peru-pe-cpn,,2026-05-24T12:02:12,2026-05-24T12:02:12,1
823742,15730,173,PE,3695,LIM,,,full,,,serpost-via-peru-pe-cpn,,2026-05-24T12:02:12,2026-05-24T12:02:12,1
823743,15735,173,PE,3695,LIM,,,full,,,serpost-via-peru-pe-cpn,,2026-05-24T12:02:12,2026-05-24T12:02:12,1
823744,15736,173,PE,3695,LIM,,,full,,,serpost-via-peru-pe-cpn,,2026-05-24T12:02:12,2026-05-24T12:02:12,1
823745,15740,173,PE,3695,LIM,,,full,,,serpost-via-peru-pe-cpn,,2026-05-24T12:02:12,2026-05-24T12:02:12,1
823746,15742,173,PE,3695,LIM,,,full,,,serpost-via-peru-pe-cpn,,2026-05-24T12:02:12,2026-05-24T12:02:12,1
823747,15745,173,PE,3695,LIM,,,full,,,serpost-via-peru-pe-cpn,,2026-05-24T12:02:12,2026-05-24T12:02:12,1
823748,15748,173,PE,3695,LIM,,,full,,,serpost-via-peru-pe-cpn,,2026-05-24T12:02:12,2026-05-24T12:02:12,1
823749,15750,173,PE,3695,LIM,,,full,,,serpost-via-peru-pe-cpn,,2026-05-24T12:02:12,2026-05-24T12:02:12,1
823750,15753,173,PE,3695,LIM,,,full,,,serpost-via-peru-pe-cpn,,2026-05-24T12:02:12,2026-05-24T12:02:12,1
823751,15755,173,PE,3695,LIM,,,full,,,serpost-via-peru-pe-cpn,,2026-05-24T12:02:12,2026-05-24T12:02:12,1
823752,15760,173,PE,3695,LIM,,,full,,,serpost-via-peru-pe-cpn,,2026-05-24T12:02:12,2026-05-24T12:02:12,1
823753,15761,173,PE,3695,LIM,,,full,,,serpost-via-peru-pe-cpn,,2026-05-24T12:02:12,2026-05-24T12:02:12,1
823754,15763,173,PE,3695,LIM,,,full,,,serpost-via-peru-pe-cpn,,2026-05-24T12:02:12,2026-05-24T12:02:12,1
823755,15765,173,PE,3695,LIM,,,full,,,serpost-via-peru-pe-cpn,,2026-05-24T12:02:12,2026-05-24T12:02:12,1
823756,15768,173,PE,3695,LIM,,,full,,,serpost-via-peru-pe-cpn,,2026-05-24T12:02:12,2026-05-24T12:02:12,1
823757,15770,173,PE,3695,LIM,,,full,,,serpost-via-peru-pe-cpn,,2026-05-24T12:02:12,2026-05-24T12:02:12,1
823758,15775,173,PE,3695,LIM,,,full,,,serpost-via-peru-pe-cpn,,2026-05-24T12:02:12,2026-05-24T12:02:12,1
823759,15780,173,PE,3695,LIM,,,full,,,serpost-via-peru-pe-cpn,,2026-05-24T12:02:12,2026-05-24T12:02:12,1
823760,15781,173,PE,3695,LIM,,,full,,,serpost-via-peru-pe-cpn,,2026-05-24T12:02:12,2026-05-24T12:02:12,1
823761,15785,173,PE,3695,LIM,,,full,,,serpost-via-peru-pe-cpn,,2026-05-24T12:02:12,2026-05-24T12:02:12,1
823762,15786,173,PE,3695,LIM,,,full,,,serpost-via-peru-pe-cpn,,2026-05-24T12:02:12,2026-05-24T12:02:12,1
823763,15790,173,PE,3695,LIM,,,full,,,serpost-via-peru-pe-cpn,,2026-05-24T12:02:12,2026-05-24T12:02:12,1
823764,15792,173,PE,3695,LIM,,,full,,,serpost-via-peru-pe-cpn,,2026-05-24T12:02:12,2026-05-24T12:02:12,1
823765,15795,173,PE,3695,LIM,,,full,,,serpost-via-peru-pe-cpn,,2026-05-24T12:02:12,2026-05-24T12:02:12,1
823766,15796,173,PE,3695,LIM,,,full,,,serpost-via-peru-pe-cpn,,2026-05-24T12:02:12,2026-05-24T12:02:12,1
823767,15801,173,PE,3695,LIM,,,full,,,serpost-via-peru-pe-cpn,,2026-05-24T12:02:12,2026-05-24T12:02:12,1
823768,15803,173,PE,3695,LIM,,,full,,,serpost-via-peru-pe-cpn,,2026-05-24T12:02:12,2026-05-24T12:02:12,1
823769,15804,173,PE,3695,LIM,,,full,,,serpost-via-peru-pe-cpn,,2026-05-24T12:02:12,2026-05-24T12:02:12,1
823770,15806,173,PE,3695,LIM,,,full,,,serpost-via-peru-pe-cpn,,2026-05-24T12:02:12,2026-05-24T12:02:12,1
823771,15809,173,PE,3695,LIM,,,full,,,serpost-via-peru-pe-cpn,,2026-05-24T12:02:12,2026-05-24T12:02:12,1
823772,15811,173,PE,3695,LIM,,,full,,,serpost-via-peru-pe-cpn,,2026-05-24T12:02:12,2026-05-24T12:02:12,1
823773,15812,173,PE,3695,LIM,,,full,,,serpost-via-peru-pe-cpn,,2026-05-24T12:02:12,2026-05-24T12:02:12,1
823774,15816,173,PE,3695,LIM,,,full,,,serpost-via-peru-pe-cpn,,2026-05-24T12:02:12,2026-05-24T12:02:12,1
823775,15817,173,PE,3695,LIM,,,full,,,serpost-via-peru-pe-cpn,,2026-05-24T12:02:12,2026-05-24T12:02:12,1
823776,15818,173,PE,3695,LIM,,,full,,,serpost-via-peru-pe-cpn,,2026-05-24T12:02:12,2026-05-24T12:02:12,1
823777,15822,173,PE,3695,LIM,,,full,,,serpost-via-peru-pe-cpn,,2026-05-24T12:02:12,2026-05-24T12:02:12,1
823778,15823,173,PE,3695,LIM,,,full,,,serpost-via-peru-pe-cpn,,2026-05-24T12:02:12,2026-05-24T12:02:12,1
823779,15824,173,PE,3695,LIM,,,full,,,serpost-via-peru-pe-cpn,,2026-05-24T12:02:12,2026-05-24T12:02:12,1
823780,15828,173,PE,3695,LIM,,,full,,,serpost-via-peru-pe-cpn,,2026-05-24T12:02:12,2026-05-24T12:02:12,1
823781,15829,173,PE,3695,LIM,,,full,,,serpost-via-peru-pe-cpn,,2026-05-24T12:02:12,2026-05-24T12:02:12,1
823782,15831,173,PE,3695,LIM,,,full,,,serpost-via-peru-pe-cpn,,2026-05-24T12:02:12,2026-05-24T12:02:12,1
823783,15834,173,PE,3695,LIM,,,full,,,serpost-via-peru-pe-cpn,,2026-05-24T12:02:12,2026-05-24T12:02:12,1
823784,15836,173,PE,3695,LIM,,,full,,,serpost-via-peru-pe-cpn,,2026-05-24T12:02:12,2026-05-24T12:02:12,1
823785,15837,173,PE,3695,LIM,,,full,,,serpost-via-peru-pe-cpn,,2026-05-24T12:02:12,2026-05-24T12:02:12,1
823786,15841,173,PE,3695,LIM,,,full,,,serpost-via-peru-pe-cpn,,2026-05-24T12:02:12,2026-05-24T12:02:12,1
823787,15842,173,PE,3695,LIM,,,full,,,serpost-via-peru-pe-cpn,,2026-05-24T12:02:12,2026-05-24T12:02:12,1
823788,15845,173,PE,3695,LIM,,,full,,,serpost-via-peru-pe-cpn,,2026-05-24T12:02:12,2026-05-24T12:02:12,1
823789,15846,173,PE,3695,LIM,,,full,,,serpost-via-peru-pe-cpn,,2026-05-24T12:02:12,2026-05-24T12:02:12,1
823790,15850,173,PE,3695,LIM,,,full,,,serpost-via-peru-pe-cpn,,2026-05-24T12:02:12,2026-05-24T12:02:12,1
823791,15851,173,PE,3695,LIM,,,full,,,serpost-via-peru-pe-cpn,,2026-05-24T12:02:12,2026-05-24T12:02:12,1
823792,15855,173,PE,3695,LIM,,,full,,,serpost-via-peru-pe-cpn,,2026-05-24T12:02:12,2026-05-24T12:02:12,1
823793,15856,173,PE,3695,LIM,,,full,,,serpost-via-peru-pe-cpn,,2026-05-24T12:02:12,2026-05-24T12:02:12,1
823794,15861,173,PE,3695,LIM,,,full,,,serpost-via-peru-pe-cpn,,2026-05-24T12:02:12,2026-05-24T12:02:12,1
823795,15865,173,PE,3695,LIM,,,full,,,serpost-via-peru-pe-cpn,,2026-05-24T12:02:12,2026-05-24T12:02:12,1
823796,15866,173,PE,3695,LIM,,,full,,,serpost-via-peru-pe-cpn,,2026-05-24T12:02:12,2026-05-24T12:02:12,1
823797,15870,173,PE,3695,LIM,,,full,,,serpost-via-peru-pe-cpn,,2026-05-24T12:02:12,2026-05-24T12:02:12,1
823798,15871,173,PE,3695,LIM,,,full,,,serpost-via-peru-pe-cpn,,2026-05-24T12:02:12,2026-05-24T12:02:12,1
823799,16000,173,PE,4922,LOR,,,full,,,serpost-via-peru-pe-cpn,,2026-05-24T12:02:12,2026-05-24T12:02:12,1
823800,16001,173,PE,4922,LOR,,,full,,,serpost-via-peru-pe-cpn,,2026-05-24T12:02:12,2026-05-24T12:02:12,1
823801,16002,173,PE,4922,LOR,,,full,,,serpost-via-peru-pe-cpn,,2026-05-24T12:02:12,2026-05-24T12:02:12,1
823802,16003,173,PE,4922,LOR,,,full,,,serpost-via-peru-pe-cpn,,2026-05-24T12:02:12,2026-05-24T12:02:12,1
823803,16004,173,PE,4922,LOR,,,full,,,serpost-via-peru-pe-cpn,,2026-05-24T12:02:12,2026-05-24T12:02:12,1
823804,16006,173,PE,4922,LOR,,,full,,,serpost-via-peru-pe-cpn,,2026-05-24T12:02:12,2026-05-24T12:02:12,1
823805,16007,173,PE,4922,LOR,,,full,,,serpost-via-peru-pe-cpn,,2026-05-24T12:02:12,2026-05-24T12:02:12,1
823806,16008,173,PE,4922,LOR,,,full,,,serpost-via-peru-pe-cpn,,2026-05-24T12:02:12,2026-05-24T12:02:12,1
823807,16100,173,PE,4922,LOR,,,full,,,serpost-via-peru-pe-cpn,,2026-05-24T12:02:12,2026-05-24T12:02:12,1
823808,16101,173,PE,4922,LOR,,,full,,,serpost-via-peru-pe-cpn,,2026-05-24T12:02:12,2026-05-24T12:02:12,1
823809,16110,173,PE,4922,LOR,,,full,,,serpost-via-peru-pe-cpn,,2026-05-24T12:02:12,2026-05-24T12:02:12,1
823810,16111,173,PE,4922,LOR,,,full,,,serpost-via-peru-pe-cpn,,2026-05-24T12:02:12,2026-05-24T12:02:12,1
823811,16120,173,PE,4922,LOR,,,full,,,serpost-via-peru-pe-cpn,,2026-05-24T12:02:12,2026-05-24T12:02:12,1
823812,16121,173,PE,4922,LOR,,,full,,,serpost-via-peru-pe-cpn,,2026-05-24T12:02:12,2026-05-24T12:02:12,1
823813,16130,173,PE,4922,LOR,,,full,,,serpost-via-peru-pe-cpn,,2026-05-24T12:02:12,2026-05-24T12:02:12,1
823814,16140,173,PE,4922,LOR,,,full,,,serpost-via-peru-pe-cpn,,2026-05-24T12:02:12,2026-05-24T12:02:12,1
823815,16200,173,PE,4922,LOR,,,full,,,serpost-via-peru-pe-cpn,,2026-05-24T12:02:12,2026-05-24T12:02:12,1
823816,16201,173,PE,4922,LOR,,,full,,,serpost-via-peru-pe-cpn,,2026-05-24T12:02:12,2026-05-24T12:02:12,1
823817,16210,173,PE,4922,LOR,,,full,,,serpost-via-peru-pe-cpn,,2026-05-24T12:02:12,2026-05-24T12:02:12,1
823818,16211,173,PE,4922,LOR,,,full,,,serpost-via-peru-pe-cpn,,2026-05-24T12:02:12,2026-05-24T12:02:12,1
823819,16220,173,PE,4922,LOR,,,full,,,serpost-via-peru-pe-cpn,,2026-05-24T12:02:12,2026-05-24T12:02:12,1
823820,16221,173,PE,4922,LOR,,,full,,,serpost-via-peru-pe-cpn,,2026-05-24T12:02:12,2026-05-24T12:02:12,1
823821,16230,173,PE,4922,LOR,,,full,,,serpost-via-peru-pe-cpn,,2026-05-24T12:02:12,2026-05-24T12:02:12,1
823822,16231,173,PE,4922,LOR,,,full,,,serpost-via-peru-pe-cpn,,2026-05-24T12:02:12,2026-05-24T12:02:12,1
823823,16240,173,PE,4922,LOR,,,full,,,serpost-via-peru-pe-cpn,,2026-05-24T12:02:12,2026-05-24T12:02:12,1
823824,16241,173,PE,4922,LOR,,,full,,,serpost-via-peru-pe-cpn,,2026-05-24T12:02:12,2026-05-24T12:02:12,1
823825,16250,173,PE,4922,LOR,,,full,,,serpost-via-peru-pe-cpn,,2026-05-24T12:02:12,2026-05-24T12:02:12,1
823826,16251,173,PE,4922,LOR,,,full,,,serpost-via-peru-pe-cpn,,2026-05-24T12:02:12,2026-05-24T12:02:12,1
823827,16300,173,PE,4922,LOR,,,full,,,serpost-via-peru-pe-cpn,,2026-05-24T12:02:12,2026-05-24T12:02:12,1
823828,16301,173,PE,4922,LOR,,,full,,,serpost-via-peru-pe-cpn,,2026-05-24T12:02:12,2026-05-24T12:02:12,1
823829,16310,173,PE,4922,LOR,,,full,,,serpost-via-peru-pe-cpn,,2026-05-24T12:02:12,2026-05-24T12:02:12,1
823830,16311,173,PE,4922,LOR,,,full,,,serpost-via-peru-pe-cpn,,2026-05-24T12:02:12,2026-05-24T12:02:12,1
823831,16320,173,PE,4922,LOR,,,full,,,serpost-via-peru-pe-cpn,,2026-05-24T12:02:12,2026-05-24T12:02:12,1
823832,16330,173,PE,4922,LOR,,,full,,,serpost-via-peru-pe-cpn,,2026-05-24T12:02:12,2026-05-24T12:02:12,1
823833,16331,173,PE,4922,LOR,,,full,,,serpost-via-peru-pe-cpn,,2026-05-24T12:02:12,2026-05-24T12:02:12,1
823834,16340,173,PE,4922,LOR,,,full,,,serpost-via-peru-pe-cpn,,2026-05-24T12:02:12,2026-05-24T12:02:12,1
823835,16341,173,PE,4922,LOR,,,full,,,serpost-via-peru-pe-cpn,,2026-05-24T12:02:12,2026-05-24T12:02:12,1
823836,16350,173,PE,4922,LOR,,,full,,,serpost-via-peru-pe-cpn,,2026-05-24T12:02:12,2026-05-24T12:02:12,1
823837,16360,173,PE,4922,LOR,,,full,,,serpost-via-peru-pe-cpn,,2026-05-24T12:02:12,2026-05-24T12:02:12,1
823838,16370,173,PE,4922,LOR,,,full,,,serpost-via-peru-pe-cpn,,2026-05-24T12:02:12,2026-05-24T12:02:12,1
823839,16380,173,PE,4922,LOR,,,full,,,serpost-via-peru-pe-cpn,,2026-05-24T12:02:12,2026-05-24T12:02:12,1
823840,16400,173,PE,4922,LOR,,,full,,,serpost-via-peru-pe-cpn,,2026-05-24T12:02:12,2026-05-24T12:02:12,1
823841,16410,173,PE,4922,LOR,,,full,,,serpost-via-peru-pe-cpn,,2026-05-24T12:02:12,2026-05-24T12:02:12,1
823842,16411,173,PE,4922,LOR,,,full,,,serpost-via-peru-pe-cpn,,2026-05-24T12:02:12,2026-05-24T12:02:12,1
823843,16420,173,PE,4922,LOR,,,full,,,serpost-via-peru-pe-cpn,,2026-05-24T12:02:12,2026-05-24T12:02:12,1
823844,16421,173,PE,4922,LOR,,,full,,,serpost-via-peru-pe-cpn,,2026-05-24T12:02:12,2026-05-24T12:02:12,1
823845,16430,173,PE,4922,LOR,,,full,,,serpost-via-peru-pe-cpn,,2026-05-24T12:02:12,2026-05-24T12:02:12,1
823846,16431,173,PE,4922,LOR,,,full,,,serpost-via-peru-pe-cpn,,2026-05-24T12:02:12,2026-05-24T12:02:12,1
823847,16440,173,PE,4922,LOR,,,full,,,serpost-via-peru-pe-cpn,,2026-05-24T12:02:12,2026-05-24T12:02:12,1
823848,16441,173,PE,4922,LOR,,,full,,,serpost-via-peru-pe-cpn,,2026-05-24T12:02:12,2026-05-24T12:02:12,1
823849,16450,173,PE,4922,LOR,,,full,,,serpost-via-peru-pe-cpn,,2026-05-24T12:02:12,2026-05-24T12:02:12,1
823850,16451,173,PE,4922,LOR,,,full,,,serpost-via-peru-pe-cpn,,2026-05-24T12:02:12,2026-05-24T12:02:12,1
823851,16460,173,PE,4922,LOR,,,full,,,serpost-via-peru-pe-cpn,,2026-05-24T12:02:12,2026-05-24T12:02:12,1
823852,16470,173,PE,4922,LOR,,,full,,,serpost-via-peru-pe-cpn,,2026-05-24T12:02:12,2026-05-24T12:02:12,1
823853,16471,173,PE,4922,LOR,,,full,,,serpost-via-peru-pe-cpn,,2026-05-24T12:02:12,2026-05-24T12:02:12,1
823854,16480,173,PE,4922,LOR,,,full,,,serpost-via-peru-pe-cpn,,2026-05-24T12:02:12,2026-05-24T12:02:12,1
823855,16481,173,PE,4922,LOR,,,full,,,serpost-via-peru-pe-cpn,,2026-05-24T12:02:12,2026-05-24T12:02:12,1
823856,16490,173,PE,4922,LOR,,,full,,,serpost-via-peru-pe-cpn,,2026-05-24T12:02:12,2026-05-24T12:02:12,1
823857,16491,173,PE,4922,LOR,,,full,,,serpost-via-peru-pe-cpn,,2026-05-24T12:02:12,2026-05-24T12:02:12,1
823858,16500,173,PE,4922,LOR,,,full,,,serpost-via-peru-pe-cpn,,2026-05-24T12:02:12,2026-05-24T12:02:12,1
823859,16501,173,PE,4922,LOR,,,full,,,serpost-via-peru-pe-cpn,,2026-05-24T12:02:12,2026-05-24T12:02:12,1
823860,16510,173,PE,4922,LOR,,,full,,,serpost-via-peru-pe-cpn,,2026-05-24T12:02:12,2026-05-24T12:02:12,1
823861,16511,173,PE,4922,LOR,,,full,,,serpost-via-peru-pe-cpn,,2026-05-24T12:02:12,2026-05-24T12:02:12,1
823862,16520,173,PE,4922,LOR,,,full,,,serpost-via-peru-pe-cpn,,2026-05-24T12:02:12,2026-05-24T12:02:12,1
823863,16530,173,PE,4922,LOR,,,full,,,serpost-via-peru-pe-cpn,,2026-05-24T12:02:12,2026-05-24T12:02:12,1
823864,16531,173,PE,4922,LOR,,,full,,,serpost-via-peru-pe-cpn,,2026-05-24T12:02:12,2026-05-24T12:02:12,1
823865,16540,173,PE,4922,LOR,,,full,,,serpost-via-peru-pe-cpn,,2026-05-24T12:02:12,2026-05-24T12:02:12,1
823866,16550,173,PE,4922,LOR,,,full,,,serpost-via-peru-pe-cpn,,2026-05-24T12:02:12,2026-05-24T12:02:12,1
823867,16551,173,PE,4922,LOR,,,full,,,serpost-via-peru-pe-cpn,,2026-05-24T12:02:12,2026-05-24T12:02:12,1
823868,16560,173,PE,4922,LOR,,,full,,,serpost-via-peru-pe-cpn,,2026-05-24T12:02:12,2026-05-24T12:02:12,1
823869,16561,173,PE,4922,LOR,,,full,,,serpost-via-peru-pe-cpn,,2026-05-24T12:02:12,2026-05-24T12:02:12,1
823870,16570,173,PE,4922,LOR,,,full,,,serpost-via-peru-pe-cpn,,2026-05-24T12:02:12,2026-05-24T12:02:12,1
823871,16571,173,PE,4922,LOR,,,full,,,serpost-via-peru-pe-cpn,,2026-05-24T12:02:12,2026-05-24T12:02:12,1
823872,16600,173,PE,4922,LOR,,,full,,,serpost-via-peru-pe-cpn,,2026-05-24T12:02:12,2026-05-24T12:02:12,1
823873,16601,173,PE,4922,LOR,,,full,,,serpost-via-peru-pe-cpn,,2026-05-24T12:02:12,2026-05-24T12:02:12,1
823874,16610,173,PE,4922,LOR,,,full,,,serpost-via-peru-pe-cpn,,2026-05-24T12:02:12,2026-05-24T12:02:12,1
823875,16611,173,PE,4922,LOR,,,full,,,serpost-via-peru-pe-cpn,,2026-05-24T12:02:12,2026-05-24T12:02:12,1
823876,16620,173,PE,4922,LOR,,,full,,,serpost-via-peru-pe-cpn,,2026-05-24T12:02:12,2026-05-24T12:02:12,1
823877,16621,173,PE,4922,LOR,,,full,,,serpost-via-peru-pe-cpn,,2026-05-24T12:02:12,2026-05-24T12:02:12,1
823878,16630,173,PE,4922,LOR,,,full,,,serpost-via-peru-pe-cpn,,2026-05-24T12:02:12,2026-05-24T12:02:12,1
823879,16631,173,PE,4922,LOR,,,full,,,serpost-via-peru-pe-cpn,,2026-05-24T12:02:12,2026-05-24T12:02:12,1
823880,16700,173,PE,4922,LOR,,,full,,,serpost-via-peru-pe-cpn,,2026-05-24T12:02:12,2026-05-24T12:02:12,1
823881,16701,173,PE,4922,LOR,,,full,,,serpost-via-peru-pe-cpn,,2026-05-24T12:02:12,2026-05-24T12:02:12,1
823882,16750,173,PE,4922,LOR,,,full,,,serpost-via-peru-pe-cpn,,2026-05-24T12:02:12,2026-05-24T12:02:12,1
823883,16751,173,PE,4922,LOR,,,full,,,serpost-via-peru-pe-cpn,,2026-05-24T12:02:12,2026-05-24T12:02:12,1
823884,16800,173,PE,4922,LOR,,,full,,,serpost-via-peru-pe-cpn,,2026-05-24T12:02:12,2026-05-24T12:02:12,1
823885,16810,173,PE,4922,LOR,,,full,,,serpost-via-peru-pe-cpn,,2026-05-24T12:02:12,2026-05-24T12:02:12,1
823886,16811,173,PE,4922,LOR,,,full,,,serpost-via-peru-pe-cpn,,2026-05-24T12:02:12,2026-05-24T12:02:12,1
823887,16820,173,PE,4922,LOR,,,full,,,serpost-via-peru-pe-cpn,,2026-05-24T12:02:12,2026-05-24T12:02:12,1
823888,16821,173,PE,4922,LOR,,,full,,,serpost-via-peru-pe-cpn,,2026-05-24T12:02:12,2026-05-24T12:02:12,1
823889,17000,173,PE,3678,MDD,,,full,,,serpost-via-peru-pe-cpn,,2026-05-24T12:02:12,2026-05-24T12:02:12,1
823890,17001,173,PE,3678,MDD,,,full,,,serpost-via-peru-pe-cpn,,2026-05-24T12:02:12,2026-05-24T12:02:12,1
823891,17100,173,PE,3678,MDD,,,full,,,serpost-via-peru-pe-cpn,,2026-05-24T12:02:12,2026-05-24T12:02:12,1
823892,17101,173,PE,3678,MDD,,,full,,,serpost-via-peru-pe-cpn,,2026-05-24T12:02:12,2026-05-24T12:02:12,1
823893,17200,173,PE,3678,MDD,,,full,,,serpost-via-peru-pe-cpn,,2026-05-24T12:02:12,2026-05-24T12:02:12,1
823894,17250,173,PE,3678,MDD,,,full,,,serpost-via-peru-pe-cpn,,2026-05-24T12:02:12,2026-05-24T12:02:12,1
823895,17251,173,PE,3678,MDD,,,full,,,serpost-via-peru-pe-cpn,,2026-05-24T12:02:12,2026-05-24T12:02:12,1
823896,17300,173,PE,3678,MDD,,,full,,,serpost-via-peru-pe-cpn,,2026-05-24T12:02:12,2026-05-24T12:02:12,1
823897,17400,173,PE,3678,MDD,,,full,,,serpost-via-peru-pe-cpn,,2026-05-24T12:02:12,2026-05-24T12:02:12,1
823898,17500,173,PE,3678,MDD,,,full,,,serpost-via-peru-pe-cpn,,2026-05-24T12:02:12,2026-05-24T12:02:12,1
823899,17501,173,PE,3678,MDD,,,full,,,serpost-via-peru-pe-cpn,,2026-05-24T12:02:12,2026-05-24T12:02:12,1
823900,17550,173,PE,3678,MDD,,,full,,,serpost-via-peru-pe-cpn,,2026-05-24T12:02:12,2026-05-24T12:02:12,1
823901,17551,173,PE,3678,MDD,,,full,,,serpost-via-peru-pe-cpn,,2026-05-24T12:02:12,2026-05-24T12:02:12,1
823902,17600,173,PE,3678,MDD,,,full,,,serpost-via-peru-pe-cpn,,2026-05-24T12:02:12,2026-05-24T12:02:12,1
823903,17601,173,PE,3678,MDD,,,full,,,serpost-via-peru-pe-cpn,,2026-05-24T12:02:12,2026-05-24T12:02:12,1
823904,17700,173,PE,3678,MDD,,,full,,,serpost-via-peru-pe-cpn,,2026-05-24T12:02:12,2026-05-24T12:02:12,1
823905,17800,173,PE,3678,MDD,,,full,,,serpost-via-peru-pe-cpn,,2026-05-24T12:02:12,2026-05-24T12:02:12,1
823906,18000,173,PE,3698,MOQ,,,full,,,serpost-via-peru-pe-cpn,,2026-05-24T12:02:12,2026-05-24T12:02:12,1
823907,18001,173,PE,3698,MOQ,,,full,,,serpost-via-peru-pe-cpn,,2026-05-24T12:02:12,2026-05-24T12:02:12,1
823908,18100,173,PE,3698,MOQ,,,full,,,serpost-via-peru-pe-cpn,,2026-05-24T12:02:12,2026-05-24T12:02:12,1
823909,18101,173,PE,3698,MOQ,,,full,,,serpost-via-peru-pe-cpn,,2026-05-24T12:02:12,2026-05-24T12:02:12,1
823910,18200,173,PE,3698,MOQ,,,full,,,serpost-via-peru-pe-cpn,,2026-05-24T12:02:12,2026-05-24T12:02:12,1
823911,18210,173,PE,3698,MOQ,,,full,,,serpost-via-peru-pe-cpn,,2026-05-24T12:02:12,2026-05-24T12:02:12,1
823912,18220,173,PE,3698,MOQ,,,full,,,serpost-via-peru-pe-cpn,,2026-05-24T12:02:12,2026-05-24T12:02:12,1
823913,18230,173,PE,3698,MOQ,,,full,,,serpost-via-peru-pe-cpn,,2026-05-24T12:02:12,2026-05-24T12:02:12,1
823914,18300,173,PE,3698,MOQ,,,full,,,serpost-via-peru-pe-cpn,,2026-05-24T12:02:12,2026-05-24T12:02:12,1
823915,18310,173,PE,3698,MOQ,,,full,,,serpost-via-peru-pe-cpn,,2026-05-24T12:02:12,2026-05-24T12:02:12,1
823916,18320,173,PE,3698,MOQ,,,full,,,serpost-via-peru-pe-cpn,,2026-05-24T12:02:12,2026-05-24T12:02:12,1
823917,18400,173,PE,3698,MOQ,,,full,,,serpost-via-peru-pe-cpn,,2026-05-24T12:02:12,2026-05-24T12:02:12,1
823918,18410,173,PE,3698,MOQ,,,full,,,serpost-via-peru-pe-cpn,,2026-05-24T12:02:12,2026-05-24T12:02:12,1
823919,18420,173,PE,3698,MOQ,,,full,,,serpost-via-peru-pe-cpn,,2026-05-24T12:02:12,2026-05-24T12:02:12,1
823920,18500,173,PE,3698,MOQ,,,full,,,serpost-via-peru-pe-cpn,,2026-05-24T12:02:12,2026-05-24T12:02:12,1
823921,18510,173,PE,3698,MOQ,,,full,,,serpost-via-peru-pe-cpn,,2026-05-24T12:02:12,2026-05-24T12:02:12,1
823922,18520,173,PE,3698,MOQ,,,full,,,serpost-via-peru-pe-cpn,,2026-05-24T12:02:12,2026-05-24T12:02:12,1
823923,18530,173,PE,3698,MOQ,,,full,,,serpost-via-peru-pe-cpn,,2026-05-24T12:02:12,2026-05-24T12:02:12,1
823924,18600,173,PE,3698,MOQ,,,full,,,serpost-via-peru-pe-cpn,,2026-05-24T12:02:12,2026-05-24T12:02:12,1
823925,18601,173,PE,3698,MOQ,,,full,,,serpost-via-peru-pe-cpn,,2026-05-24T12:02:12,2026-05-24T12:02:12,1
823926,18610,173,PE,3698,MOQ,,,full,,,serpost-via-peru-pe-cpn,,2026-05-24T12:02:12,2026-05-24T12:02:12,1
823927,18611,173,PE,3698,MOQ,,,full,,,serpost-via-peru-pe-cpn,,2026-05-24T12:02:12,2026-05-24T12:02:12,1
823928,18620,173,PE,3698,MOQ,,,full,,,serpost-via-peru-pe-cpn,,2026-05-24T12:02:12,2026-05-24T12:02:12,1
823929,19000,173,PE,3686,PAS,,,full,,,serpost-via-peru-pe-cpn,,2026-05-24T12:02:12,2026-05-24T12:02:12,1
823930,19001,173,PE,3686,PAS,,,full,,,serpost-via-peru-pe-cpn,,2026-05-24T12:02:12,2026-05-24T12:02:12,1
823931,19031,173,PE,3686,PAS,,,full,,,serpost-via-peru-pe-cpn,,2026-05-24T12:02:12,2026-05-24T12:02:12,1
823932,19100,173,PE,3686,PAS,,,full,,,serpost-via-peru-pe-cpn,,2026-05-24T12:02:12,2026-05-24T12:02:12,1
823933,19101,173,PE,3686,PAS,,,full,,,serpost-via-peru-pe-cpn,,2026-05-24T12:02:12,2026-05-24T12:02:12,1
823934,19110,173,PE,3686,PAS,,,full,,,serpost-via-peru-pe-cpn,,2026-05-24T12:02:12,2026-05-24T12:02:12,1
823935,19120,173,PE,3686,PAS,,,full,,,serpost-via-peru-pe-cpn,,2026-05-24T12:02:12,2026-05-24T12:02:12,1
823936,19121,173,PE,3686,PAS,,,full,,,serpost-via-peru-pe-cpn,,2026-05-24T12:02:12,2026-05-24T12:02:12,1
823937,19130,173,PE,3686,PAS,,,full,,,serpost-via-peru-pe-cpn,,2026-05-24T12:02:12,2026-05-24T12:02:12,1
823938,19131,173,PE,3686,PAS,,,full,,,serpost-via-peru-pe-cpn,,2026-05-24T12:02:12,2026-05-24T12:02:12,1
823939,19200,173,PE,3686,PAS,,,full,,,serpost-via-peru-pe-cpn,,2026-05-24T12:02:12,2026-05-24T12:02:12,1
823940,19201,173,PE,3686,PAS,,,full,,,serpost-via-peru-pe-cpn,,2026-05-24T12:02:12,2026-05-24T12:02:12,1
823941,19210,173,PE,3686,PAS,,,full,,,serpost-via-peru-pe-cpn,,2026-05-24T12:02:12,2026-05-24T12:02:12,1
823942,19220,173,PE,3686,PAS,,,full,,,serpost-via-peru-pe-cpn,,2026-05-24T12:02:12,2026-05-24T12:02:12,1
823943,19230,173,PE,3686,PAS,,,full,,,serpost-via-peru-pe-cpn,,2026-05-24T12:02:12,2026-05-24T12:02:12,1
823944,19231,173,PE,3686,PAS,,,full,,,serpost-via-peru-pe-cpn,,2026-05-24T12:02:12,2026-05-24T12:02:12,1
823945,19240,173,PE,3686,PAS,,,full,,,serpost-via-peru-pe-cpn,,2026-05-24T12:02:12,2026-05-24T12:02:12,1
823946,19241,173,PE,3686,PAS,,,full,,,serpost-via-peru-pe-cpn,,2026-05-24T12:02:12,2026-05-24T12:02:12,1
823947,19250,173,PE,3686,PAS,,,full,,,serpost-via-peru-pe-cpn,,2026-05-24T12:02:12,2026-05-24T12:02:12,1
823948,19251,173,PE,3686,PAS,,,full,,,serpost-via-peru-pe-cpn,,2026-05-24T12:02:12,2026-05-24T12:02:12,1
823949,19300,173,PE,3686,PAS,,,full,,,serpost-via-peru-pe-cpn,,2026-05-24T12:02:12,2026-05-24T12:02:12,1
823950,19301,173,PE,3686,PAS,,,full,,,serpost-via-peru-pe-cpn,,2026-05-24T12:02:12,2026-05-24T12:02:12,1
823951,19310,173,PE,3686,PAS,,,full,,,serpost-via-peru-pe-cpn,,2026-05-24T12:02:12,2026-05-24T12:02:12,1
823952,19311,173,PE,3686,PAS,,,full,,,serpost-via-peru-pe-cpn,,2026-05-24T12:02:12,2026-05-24T12:02:12,1
823953,19320,173,PE,3686,PAS,,,full,,,serpost-via-peru-pe-cpn,,2026-05-24T12:02:12,2026-05-24T12:02:12,1
823954,19321,173,PE,3686,PAS,,,full,,,serpost-via-peru-pe-cpn,,2026-05-24T12:02:12,2026-05-24T12:02:12,1
823955,19400,173,PE,3686,PAS,,,full,,,serpost-via-peru-pe-cpn,,2026-05-24T12:02:12,2026-05-24T12:02:12,1
823956,19401,173,PE,3686,PAS,,,full,,,serpost-via-peru-pe-cpn,,2026-05-24T12:02:12,2026-05-24T12:02:12,1
823957,19410,173,PE,3686,PAS,,,full,,,serpost-via-peru-pe-cpn,,2026-05-24T12:02:12,2026-05-24T12:02:12,1
823958,19420,173,PE,3686,PAS,,,full,,,serpost-via-peru-pe-cpn,,2026-05-24T12:02:12,2026-05-24T12:02:12,1
823959,19500,173,PE,3686,PAS,,,full,,,serpost-via-peru-pe-cpn,,2026-05-24T12:02:12,2026-05-24T12:02:12,1
823960,19501,173,PE,3686,PAS,,,full,,,serpost-via-peru-pe-cpn,,2026-05-24T12:02:12,2026-05-24T12:02:12,1
823961,19600,173,PE,3686,PAS,,,full,,,serpost-via-peru-pe-cpn,,2026-05-24T12:02:12,2026-05-24T12:02:12,1
823962,19601,173,PE,3686,PAS,,,full,,,serpost-via-peru-pe-cpn,,2026-05-24T12:02:12,2026-05-24T12:02:12,1
823963,19650,173,PE,3686,PAS,,,full,,,serpost-via-peru-pe-cpn,,2026-05-24T12:02:12,2026-05-24T12:02:12,1
823964,19700,173,PE,3686,PAS,,,full,,,serpost-via-peru-pe-cpn,,2026-05-24T12:02:12,2026-05-24T12:02:12,1
823965,19701,173,PE,3686,PAS,,,full,,,serpost-via-peru-pe-cpn,,2026-05-24T12:02:12,2026-05-24T12:02:12,1
823966,19710,173,PE,3686,PAS,,,full,,,serpost-via-peru-pe-cpn,,2026-05-24T12:02:12,2026-05-24T12:02:12,1
823967,19720,173,PE,3686,PAS,,,full,,,serpost-via-peru-pe-cpn,,2026-05-24T12:02:12,2026-05-24T12:02:12,1
823968,19730,173,PE,3686,PAS,,,full,,,serpost-via-peru-pe-cpn,,2026-05-24T12:02:12,2026-05-24T12:02:12,1
823969,19740,173,PE,3686,PAS,,,full,,,serpost-via-peru-pe-cpn,,2026-05-24T12:02:12,2026-05-24T12:02:12,1
823970,19750,173,PE,3686,PAS,,,full,,,serpost-via-peru-pe-cpn,,2026-05-24T12:02:12,2026-05-24T12:02:12,1
823971,20000,173,PE,3697,PIU,,,full,,,serpost-via-peru-pe-cpn,,2026-05-24T12:02:12,2026-05-24T12:02:12,1
823972,20001,173,PE,3697,PIU,,,full,,,serpost-via-peru-pe-cpn,,2026-05-24T12:02:12,2026-05-24T12:02:12,1
823973,20002,173,PE,3697,PIU,,,full,,,serpost-via-peru-pe-cpn,,2026-05-24T12:02:12,2026-05-24T12:02:12,1
823974,20003,173,PE,3697,PIU,,,full,,,serpost-via-peru-pe-cpn,,2026-05-24T12:02:12,2026-05-24T12:02:12,1
823975,20004,173,PE,3697,PIU,,,full,,,serpost-via-peru-pe-cpn,,2026-05-24T12:02:12,2026-05-24T12:02:12,1
823976,20006,173,PE,3697,PIU,,,full,,,serpost-via-peru-pe-cpn,,2026-05-24T12:02:12,2026-05-24T12:02:12,1
823977,20007,173,PE,3697,PIU,,,full,,,serpost-via-peru-pe-cpn,,2026-05-24T12:02:12,2026-05-24T12:02:12,1
823978,20008,173,PE,3697,PIU,,,full,,,serpost-via-peru-pe-cpn,,2026-05-24T12:02:12,2026-05-24T12:02:12,1
823979,20009,173,PE,3697,PIU,,,full,,,serpost-via-peru-pe-cpn,,2026-05-24T12:02:12,2026-05-24T12:02:12,1
823980,20100,173,PE,3697,PIU,,,full,,,serpost-via-peru-pe-cpn,,2026-05-24T12:02:12,2026-05-24T12:02:12,1
823981,20101,173,PE,3697,PIU,,,full,,,serpost-via-peru-pe-cpn,,2026-05-24T12:02:12,2026-05-24T12:02:12,1
823982,20102,173,PE,3697,PIU,,,full,,,serpost-via-peru-pe-cpn,,2026-05-24T12:02:12,2026-05-24T12:02:12,1
823983,20103,173,PE,3697,PIU,,,full,,,serpost-via-peru-pe-cpn,,2026-05-24T12:02:12,2026-05-24T12:02:12,1
823984,20120,173,PE,3697,PIU,,,full,,,serpost-via-peru-pe-cpn,,2026-05-24T12:02:12,2026-05-24T12:02:12,1
823985,20121,173,PE,3697,PIU,,,full,,,serpost-via-peru-pe-cpn,,2026-05-24T12:02:12,2026-05-24T12:02:12,1
823986,20130,173,PE,3697,PIU,,,full,,,serpost-via-peru-pe-cpn,,2026-05-24T12:02:12,2026-05-24T12:02:12,1
823987,20131,173,PE,3697,PIU,,,full,,,serpost-via-peru-pe-cpn,,2026-05-24T12:02:12,2026-05-24T12:02:12,1
823988,20140,173,PE,3697,PIU,,,full,,,serpost-via-peru-pe-cpn,,2026-05-24T12:02:12,2026-05-24T12:02:12,1
823989,20141,173,PE,3697,PIU,,,full,,,serpost-via-peru-pe-cpn,,2026-05-24T12:02:12,2026-05-24T12:02:12,1
823990,20150,173,PE,3697,PIU,,,full,,,serpost-via-peru-pe-cpn,,2026-05-24T12:02:12,2026-05-24T12:02:12,1
823991,20151,173,PE,3697,PIU,,,full,,,serpost-via-peru-pe-cpn,,2026-05-24T12:02:12,2026-05-24T12:02:12,1
823992,20200,173,PE,3697,PIU,,,full,,,serpost-via-peru-pe-cpn,,2026-05-24T12:02:12,2026-05-24T12:02:12,1
823993,20201,173,PE,3697,PIU,,,full,,,serpost-via-peru-pe-cpn,,2026-05-24T12:02:12,2026-05-24T12:02:12,1
823994,20210,173,PE,3697,PIU,,,full,,,serpost-via-peru-pe-cpn,,2026-05-24T12:02:12,2026-05-24T12:02:12,1
823995,20211,173,PE,3697,PIU,,,full,,,serpost-via-peru-pe-cpn,,2026-05-24T12:02:12,2026-05-24T12:02:12,1
823996,20220,173,PE,3697,PIU,,,full,,,serpost-via-peru-pe-cpn,,2026-05-24T12:02:12,2026-05-24T12:02:12,1
823997,20221,173,PE,3697,PIU,,,full,,,serpost-via-peru-pe-cpn,,2026-05-24T12:02:12,2026-05-24T12:02:12,1
823998,20230,173,PE,3697,PIU,,,full,,,serpost-via-peru-pe-cpn,,2026-05-24T12:02:12,2026-05-24T12:02:12,1
823999,20231,173,PE,3697,PIU,,,full,,,serpost-via-peru-pe-cpn,,2026-05-24T12:02:12,2026-05-24T12:02:12,1
824000,20300,173,PE,3697,PIU,,,full,,,serpost-via-peru-pe-cpn,,2026-05-24T12:02:12,2026-05-24T12:02:12,1
824001,20301,173,PE,3697,PIU,,,full,,,serpost-via-peru-pe-cpn,,2026-05-24T12:02:12,2026-05-24T12:02:12,1
824002,20310,173,PE,3697,PIU,,,full,,,serpost-via-peru-pe-cpn,,2026-05-24T12:02:12,2026-05-24T12:02:12,1
824003,20311,173,PE,3697,PIU,,,full,,,serpost-via-peru-pe-cpn,,2026-05-24T12:02:12,2026-05-24T12:02:12,1
824004,20320,173,PE,3697,PIU,,,full,,,serpost-via-peru-pe-cpn,,2026-05-24T12:02:12,2026-05-24T12:02:12,1
824005,20330,173,PE,3697,PIU,,,full,,,serpost-via-peru-pe-cpn,,2026-05-24T12:02:12,2026-05-24T12:02:12,1
824006,20331,173,PE,3697,PIU,,,full,,,serpost-via-peru-pe-cpn,,2026-05-24T12:02:12,2026-05-24T12:02:12,1
824007,20340,173,PE,3697,PIU,,,full,,,serpost-via-peru-pe-cpn,,2026-05-24T12:02:12,2026-05-24T12:02:12,1
824008,20341,173,PE,3697,PIU,,,full,,,serpost-via-peru-pe-cpn,,2026-05-24T12:02:12,2026-05-24T12:02:12,1
824009,20350,173,PE,3697,PIU,,,full,,,serpost-via-peru-pe-cpn,,2026-05-24T12:02:12,2026-05-24T12:02:12,1
824010,20351,173,PE,3697,PIU,,,full,,,serpost-via-peru-pe-cpn,,2026-05-24T12:02:12,2026-05-24T12:02:12,1
824011,20360,173,PE,3697,PIU,,,full,,,serpost-via-peru-pe-cpn,,2026-05-24T12:02:12,2026-05-24T12:02:12,1
824012,20361,173,PE,3697,PIU,,,full,,,serpost-via-peru-pe-cpn,,2026-05-24T12:02:12,2026-05-24T12:02:12,1
824013,20370,173,PE,3697,PIU,,,full,,,serpost-via-peru-pe-cpn,,2026-05-24T12:02:12,2026-05-24T12:02:12,1
824014,20371,173,PE,3697,PIU,,,full,,,serpost-via-peru-pe-cpn,,2026-05-24T12:02:12,2026-05-24T12:02:12,1
824015,20380,173,PE,3697,PIU,,,full,,,serpost-via-peru-pe-cpn,,2026-05-24T12:02:12,2026-05-24T12:02:12,1
824016,20381,173,PE,3697,PIU,,,full,,,serpost-via-peru-pe-cpn,,2026-05-24T12:02:12,2026-05-24T12:02:12,1
824017,20400,173,PE,3697,PIU,,,full,,,serpost-via-peru-pe-cpn,,2026-05-24T12:02:12,2026-05-24T12:02:12,1
824018,20401,173,PE,3697,PIU,,,full,,,serpost-via-peru-pe-cpn,,2026-05-24T12:02:12,2026-05-24T12:02:12,1
824019,20410,173,PE,3697,PIU,,,full,,,serpost-via-peru-pe-cpn,,2026-05-24T12:02:12,2026-05-24T12:02:12,1
824020,20411,173,PE,3697,PIU,,,full,,,serpost-via-peru-pe-cpn,,2026-05-24T12:02:12,2026-05-24T12:02:12,1
824021,20420,173,PE,3697,PIU,,,full,,,serpost-via-peru-pe-cpn,,2026-05-24T12:02:12,2026-05-24T12:02:12,1
824022,20421,173,PE,3697,PIU,,,full,,,serpost-via-peru-pe-cpn,,2026-05-24T12:02:12,2026-05-24T12:02:12,1
824023,20430,173,PE,3697,PIU,,,full,,,serpost-via-peru-pe-cpn,,2026-05-24T12:02:12,2026-05-24T12:02:12,1
824024,20431,173,PE,3697,PIU,,,full,,,serpost-via-peru-pe-cpn,,2026-05-24T12:02:12,2026-05-24T12:02:12,1
824025,20440,173,PE,3697,PIU,,,full,,,serpost-via-peru-pe-cpn,,2026-05-24T12:02:12,2026-05-24T12:02:12,1
824026,20441,173,PE,3697,PIU,,,full,,,serpost-via-peru-pe-cpn,,2026-05-24T12:02:12,2026-05-24T12:02:12,1
824027,20450,173,PE,3697,PIU,,,full,,,serpost-via-peru-pe-cpn,,2026-05-24T12:02:12,2026-05-24T12:02:12,1
824028,20451,173,PE,3697,PIU,,,full,,,serpost-via-peru-pe-cpn,,2026-05-24T12:02:12,2026-05-24T12:02:12,1
824029,20460,173,PE,3697,PIU,,,full,,,serpost-via-peru-pe-cpn,,2026-05-24T12:02:12,2026-05-24T12:02:12,1
824030,20461,173,PE,3697,PIU,,,full,,,serpost-via-peru-pe-cpn,,2026-05-24T12:02:12,2026-05-24T12:02:12,1
824031,20470,173,PE,3697,PIU,,,full,,,serpost-via-peru-pe-cpn,,2026-05-24T12:02:12,2026-05-24T12:02:12,1
824032,20471,173,PE,3697,PIU,,,full,,,serpost-via-peru-pe-cpn,,2026-05-24T12:02:12,2026-05-24T12:02:12,1
824033,20480,173,PE,3697,PIU,,,full,,,serpost-via-peru-pe-cpn,,2026-05-24T12:02:12,2026-05-24T12:02:12,1
824034,20481,173,PE,3697,PIU,,,full,,,serpost-via-peru-pe-cpn,,2026-05-24T12:02:12,2026-05-24T12:02:12,1
824035,20490,173,PE,3697,PIU,,,full,,,serpost-via-peru-pe-cpn,,2026-05-24T12:02:12,2026-05-24T12:02:12,1
824036,20491,173,PE,3697,PIU,,,full,,,serpost-via-peru-pe-cpn,,2026-05-24T12:02:12,2026-05-24T12:02:12,1
824037,20500,173,PE,3697,PIU,,,full,,,serpost-via-peru-pe-cpn,,2026-05-24T12:02:12,2026-05-24T12:02:12,1
824038,20501,173,PE,3697,PIU,,,full,,,serpost-via-peru-pe-cpn,,2026-05-24T12:02:12,2026-05-24T12:02:12,1
824039,20510,173,PE,3697,PIU,,,full,,,serpost-via-peru-pe-cpn,,2026-05-24T12:02:12,2026-05-24T12:02:12,1
824040,20511,173,PE,3697,PIU,,,full,,,serpost-via-peru-pe-cpn,,2026-05-24T12:02:12,2026-05-24T12:02:12,1
824041,20520,173,PE,3697,PIU,,,full,,,serpost-via-peru-pe-cpn,,2026-05-24T12:02:12,2026-05-24T12:02:12,1
824042,20530,173,PE,3697,PIU,,,full,,,serpost-via-peru-pe-cpn,,2026-05-24T12:02:12,2026-05-24T12:02:12,1
824043,20540,173,PE,3697,PIU,,,full,,,serpost-via-peru-pe-cpn,,2026-05-24T12:02:12,2026-05-24T12:02:12,1
824044,20541,173,PE,3697,PIU,,,full,,,serpost-via-peru-pe-cpn,,2026-05-24T12:02:12,2026-05-24T12:02:12,1
824045,20550,173,PE,3697,PIU,,,full,,,serpost-via-peru-pe-cpn,,2026-05-24T12:02:12,2026-05-24T12:02:12,1
824046,20551,173,PE,3697,PIU,,,full,,,serpost-via-peru-pe-cpn,,2026-05-24T12:02:12,2026-05-24T12:02:12,1
824047,20560,173,PE,3697,PIU,,,full,,,serpost-via-peru-pe-cpn,,2026-05-24T12:02:12,2026-05-24T12:02:12,1
824048,20561,173,PE,3697,PIU,,,full,,,serpost-via-peru-pe-cpn,,2026-05-24T12:02:12,2026-05-24T12:02:12,1
824049,20600,173,PE,3697,PIU,,,full,,,serpost-via-peru-pe-cpn,,2026-05-24T12:02:12,2026-05-24T12:02:12,1
824050,20601,173,PE,3697,PIU,,,full,,,serpost-via-peru-pe-cpn,,2026-05-24T12:02:12,2026-05-24T12:02:12,1
824051,20620,173,PE,3697,PIU,,,full,,,serpost-via-peru-pe-cpn,,2026-05-24T12:02:12,2026-05-24T12:02:12,1
824052,20621,173,PE,3697,PIU,,,full,,,serpost-via-peru-pe-cpn,,2026-05-24T12:02:12,2026-05-24T12:02:12,1
824053,20630,173,PE,3697,PIU,,,full,,,serpost-via-peru-pe-cpn,,2026-05-24T12:02:12,2026-05-24T12:02:12,1
824054,20640,173,PE,3697,PIU,,,full,,,serpost-via-peru-pe-cpn,,2026-05-24T12:02:12,2026-05-24T12:02:12,1
824055,20641,173,PE,3697,PIU,,,full,,,serpost-via-peru-pe-cpn,,2026-05-24T12:02:12,2026-05-24T12:02:12,1
824056,20650,173,PE,3697,PIU,,,full,,,serpost-via-peru-pe-cpn,,2026-05-24T12:02:12,2026-05-24T12:02:12,1
824057,20660,173,PE,3697,PIU,,,full,,,serpost-via-peru-pe-cpn,,2026-05-24T12:02:12,2026-05-24T12:02:12,1
824058,20670,173,PE,3697,PIU,,,full,,,serpost-via-peru-pe-cpn,,2026-05-24T12:02:12,2026-05-24T12:02:12,1
824059,20671,173,PE,3697,PIU,,,full,,,serpost-via-peru-pe-cpn,,2026-05-24T12:02:12,2026-05-24T12:02:12,1
824060,20680,173,PE,3697,PIU,,,full,,,serpost-via-peru-pe-cpn,,2026-05-24T12:02:12,2026-05-24T12:02:12,1
824061,20690,173,PE,3697,PIU,,,full,,,serpost-via-peru-pe-cpn,,2026-05-24T12:02:12,2026-05-24T12:02:12,1
824062,20691,173,PE,3697,PIU,,,full,,,serpost-via-peru-pe-cpn,,2026-05-24T12:02:12,2026-05-24T12:02:12,1
824063,20700,173,PE,3697,PIU,,,full,,,serpost-via-peru-pe-cpn,,2026-05-24T12:02:12,2026-05-24T12:02:12,1
824064,20701,173,PE,3697,PIU,,,full,,,serpost-via-peru-pe-cpn,,2026-05-24T12:02:12,2026-05-24T12:02:12,1
824065,20710,173,PE,3697,PIU,,,full,,,serpost-via-peru-pe-cpn,,2026-05-24T12:02:12,2026-05-24T12:02:12,1
824066,20711,173,PE,3697,PIU,,,full,,,serpost-via-peru-pe-cpn,,2026-05-24T12:02:12,2026-05-24T12:02:12,1
824067,20720,173,PE,3697,PIU,,,full,,,serpost-via-peru-pe-cpn,,2026-05-24T12:02:12,2026-05-24T12:02:12,1
824068,20730,173,PE,3697,PIU,,,full,,,serpost-via-peru-pe-cpn,,2026-05-24T12:02:12,2026-05-24T12:02:12,1
824069,20740,173,PE,3697,PIU,,,full,,,serpost-via-peru-pe-cpn,,2026-05-24T12:02:12,2026-05-24T12:02:12,1
824070,20741,173,PE,3697,PIU,,,full,,,serpost-via-peru-pe-cpn,,2026-05-24T12:02:12,2026-05-24T12:02:12,1
824071,20750,173,PE,3697,PIU,,,full,,,serpost-via-peru-pe-cpn,,2026-05-24T12:02:12,2026-05-24T12:02:12,1
824072,20760,173,PE,3697,PIU,,,full,,,serpost-via-peru-pe-cpn,,2026-05-24T12:02:12,2026-05-24T12:02:12,1
824073,20761,173,PE,3697,PIU,,,full,,,serpost-via-peru-pe-cpn,,2026-05-24T12:02:12,2026-05-24T12:02:12,1
824074,20770,173,PE,3697,PIU,,,full,,,serpost-via-peru-pe-cpn,,2026-05-24T12:02:12,2026-05-24T12:02:12,1
824075,20771,173,PE,3697,PIU,,,full,,,serpost-via-peru-pe-cpn,,2026-05-24T12:02:12,2026-05-24T12:02:12,1
824076,20780,173,PE,3697,PIU,,,full,,,serpost-via-peru-pe-cpn,,2026-05-24T12:02:12,2026-05-24T12:02:12,1
824077,20781,173,PE,3697,PIU,,,full,,,serpost-via-peru-pe-cpn,,2026-05-24T12:02:12,2026-05-24T12:02:12,1
824078,20800,173,PE,3697,PIU,,,full,,,serpost-via-peru-pe-cpn,,2026-05-24T12:02:12,2026-05-24T12:02:12,1
824079,20801,173,PE,3697,PIU,,,full,,,serpost-via-peru-pe-cpn,,2026-05-24T12:02:12,2026-05-24T12:02:12,1
824080,20810,173,PE,3697,PIU,,,full,,,serpost-via-peru-pe-cpn,,2026-05-24T12:02:12,2026-05-24T12:02:12,1
824081,20811,173,PE,3697,PIU,,,full,,,serpost-via-peru-pe-cpn,,2026-05-24T12:02:12,2026-05-24T12:02:12,1
824082,20820,173,PE,3697,PIU,,,full,,,serpost-via-peru-pe-cpn,,2026-05-24T12:02:12,2026-05-24T12:02:12,1
824083,20830,173,PE,3697,PIU,,,full,,,serpost-via-peru-pe-cpn,,2026-05-24T12:02:12,2026-05-24T12:02:12,1
824084,20831,173,PE,3697,PIU,,,full,,,serpost-via-peru-pe-cpn,,2026-05-24T12:02:12,2026-05-24T12:02:12,1
824085,20840,173,PE,3697,PIU,,,full,,,serpost-via-peru-pe-cpn,,2026-05-24T12:02:12,2026-05-24T12:02:12,1
824086,20841,173,PE,3697,PIU,,,full,,,serpost-via-peru-pe-cpn,,2026-05-24T12:02:12,2026-05-24T12:02:12,1
824087,20850,173,PE,3697,PIU,,,full,,,serpost-via-peru-pe-cpn,,2026-05-24T12:02:12,2026-05-24T12:02:12,1
824088,20851,173,PE,3697,PIU,,,full,,,serpost-via-peru-pe-cpn,,2026-05-24T12:02:12,2026-05-24T12:02:12,1
824089,21000,173,PE,3682,PUN,,,full,,,serpost-via-peru-pe-cpn,,2026-05-24T12:02:12,2026-05-24T12:02:12,1
824090,21001,173,PE,3682,PUN,,,full,,,serpost-via-peru-pe-cpn,,2026-05-24T12:02:12,2026-05-24T12:02:12,1
824091,21002,173,PE,3682,PUN,,,full,,,serpost-via-peru-pe-cpn,,2026-05-24T12:02:12,2026-05-24T12:02:12,1
824092,21100,173,PE,3682,PUN,,,full,,,serpost-via-peru-pe-cpn,,2026-05-24T12:02:12,2026-05-24T12:02:12,1
824093,21101,173,PE,3682,PUN,,,full,,,serpost-via-peru-pe-cpn,,2026-05-24T12:02:12,2026-05-24T12:02:12,1
824094,21102,173,PE,3682,PUN,,,full,,,serpost-via-peru-pe-cpn,,2026-05-24T12:02:12,2026-05-24T12:02:12,1
824095,21103,173,PE,3682,PUN,,,full,,,serpost-via-peru-pe-cpn,,2026-05-24T12:02:12,2026-05-24T12:02:12,1
824096,21104,173,PE,3682,PUN,,,full,,,serpost-via-peru-pe-cpn,,2026-05-24T12:02:12,2026-05-24T12:02:12,1
824097,21107,173,PE,3682,PUN,,,full,,,serpost-via-peru-pe-cpn,,2026-05-24T12:02:12,2026-05-24T12:02:12,1
824098,21108,173,PE,3682,PUN,,,full,,,serpost-via-peru-pe-cpn,,2026-05-24T12:02:12,2026-05-24T12:02:12,1
824099,21110,173,PE,3682,PUN,,,full,,,serpost-via-peru-pe-cpn,,2026-05-24T12:02:12,2026-05-24T12:02:12,1
824100,21113,173,PE,3682,PUN,,,full,,,serpost-via-peru-pe-cpn,,2026-05-24T12:02:12,2026-05-24T12:02:12,1
824101,21115,173,PE,3682,PUN,,,full,,,serpost-via-peru-pe-cpn,,2026-05-24T12:02:12,2026-05-24T12:02:12,1
824102,21116,173,PE,3682,PUN,,,full,,,serpost-via-peru-pe-cpn,,2026-05-24T12:02:12,2026-05-24T12:02:12,1
824103,21117,173,PE,3682,PUN,,,full,,,serpost-via-peru-pe-cpn,,2026-05-24T12:02:12,2026-05-24T12:02:12,1
824104,21119,173,PE,3682,PUN,,,full,,,serpost-via-peru-pe-cpn,,2026-05-24T12:02:12,2026-05-24T12:02:12,1
824105,21120,173,PE,3682,PUN,,,full,,,serpost-via-peru-pe-cpn,,2026-05-24T12:02:12,2026-05-24T12:02:12,1
824106,21123,173,PE,3682,PUN,,,full,,,serpost-via-peru-pe-cpn,,2026-05-24T12:02:12,2026-05-24T12:02:12,1
824107,21125,173,PE,3682,PUN,,,full,,,serpost-via-peru-pe-cpn,,2026-05-24T12:02:12,2026-05-24T12:02:12,1
824108,21127,173,PE,3682,PUN,,,full,,,serpost-via-peru-pe-cpn,,2026-05-24T12:02:12,2026-05-24T12:02:12,1
824109,21130,173,PE,3682,PUN,,,full,,,serpost-via-peru-pe-cpn,,2026-05-24T12:02:12,2026-05-24T12:02:12,1
824110,21135,173,PE,3682,PUN,,,full,,,serpost-via-peru-pe-cpn,,2026-05-24T12:02:12,2026-05-24T12:02:12,1
824111,21136,173,PE,3682,PUN,,,full,,,serpost-via-peru-pe-cpn,,2026-05-24T12:02:12,2026-05-24T12:02:12,1
824112,21137,173,PE,3682,PUN,,,full,,,serpost-via-peru-pe-cpn,,2026-05-24T12:02:12,2026-05-24T12:02:12,1
824113,21139,173,PE,3682,PUN,,,full,,,serpost-via-peru-pe-cpn,,2026-05-24T12:02:12,2026-05-24T12:02:12,1
824114,21140,173,PE,3682,PUN,,,full,,,serpost-via-peru-pe-cpn,,2026-05-24T12:02:12,2026-05-24T12:02:12,1
824115,21143,173,PE,3682,PUN,,,full,,,serpost-via-peru-pe-cpn,,2026-05-24T12:02:12,2026-05-24T12:02:12,1
824116,21145,173,PE,3682,PUN,,,full,,,serpost-via-peru-pe-cpn,,2026-05-24T12:02:12,2026-05-24T12:02:12,1
824117,21146,173,PE,3682,PUN,,,full,,,serpost-via-peru-pe-cpn,,2026-05-24T12:02:12,2026-05-24T12:02:12,1
824118,21149,173,PE,3682,PUN,,,full,,,serpost-via-peru-pe-cpn,,2026-05-24T12:02:12,2026-05-24T12:02:12,1
824119,21150,173,PE,3682,PUN,,,full,,,serpost-via-peru-pe-cpn,,2026-05-24T12:02:12,2026-05-24T12:02:12,1
824120,21153,173,PE,3682,PUN,,,full,,,serpost-via-peru-pe-cpn,,2026-05-24T12:02:12,2026-05-24T12:02:12,1
824121,21155,173,PE,3682,PUN,,,full,,,serpost-via-peru-pe-cpn,,2026-05-24T12:02:12,2026-05-24T12:02:12,1
824122,21157,173,PE,3682,PUN,,,full,,,serpost-via-peru-pe-cpn,,2026-05-24T12:02:12,2026-05-24T12:02:12,1
824123,21160,173,PE,3682,PUN,,,full,,,serpost-via-peru-pe-cpn,,2026-05-24T12:02:12,2026-05-24T12:02:12,1
824124,21162,173,PE,3682,PUN,,,full,,,serpost-via-peru-pe-cpn,,2026-05-24T12:02:12,2026-05-24T12:02:12,1
824125,21165,173,PE,3682,PUN,,,full,,,serpost-via-peru-pe-cpn,,2026-05-24T12:02:12,2026-05-24T12:02:12,1
824126,21166,173,PE,3682,PUN,,,full,,,serpost-via-peru-pe-cpn,,2026-05-24T12:02:12,2026-05-24T12:02:12,1
824127,21169,173,PE,3682,PUN,,,full,,,serpost-via-peru-pe-cpn,,2026-05-24T12:02:12,2026-05-24T12:02:12,1
824128,21170,173,PE,3682,PUN,,,full,,,serpost-via-peru-pe-cpn,,2026-05-24T12:02:12,2026-05-24T12:02:12,1
824129,21175,173,PE,3682,PUN,,,full,,,serpost-via-peru-pe-cpn,,2026-05-24T12:02:12,2026-05-24T12:02:12,1
824130,21180,173,PE,3682,PUN,,,full,,,serpost-via-peru-pe-cpn,,2026-05-24T12:02:12,2026-05-24T12:02:12,1
824131,21200,173,PE,3682,PUN,,,full,,,serpost-via-peru-pe-cpn,,2026-05-24T12:02:12,2026-05-24T12:02:12,1
824132,21201,173,PE,3682,PUN,,,full,,,serpost-via-peru-pe-cpn,,2026-05-24T12:02:12,2026-05-24T12:02:12,1
824133,21205,173,PE,3682,PUN,,,full,,,serpost-via-peru-pe-cpn,,2026-05-24T12:02:12,2026-05-24T12:02:12,1
824134,21210,173,PE,3682,PUN,,,full,,,serpost-via-peru-pe-cpn,,2026-05-24T12:02:12,2026-05-24T12:02:12,1
824135,21211,173,PE,3682,PUN,,,full,,,serpost-via-peru-pe-cpn,,2026-05-24T12:02:12,2026-05-24T12:02:12,1
824136,21215,173,PE,3682,PUN,,,full,,,serpost-via-peru-pe-cpn,,2026-05-24T12:02:12,2026-05-24T12:02:12,1
824137,21216,173,PE,3682,PUN,,,full,,,serpost-via-peru-pe-cpn,,2026-05-24T12:02:12,2026-05-24T12:02:12,1
824138,21220,173,PE,3682,PUN,,,full,,,serpost-via-peru-pe-cpn,,2026-05-24T12:02:12,2026-05-24T12:02:12,1
824139,21225,173,PE,3682,PUN,,,full,,,serpost-via-peru-pe-cpn,,2026-05-24T12:02:12,2026-05-24T12:02:12,1
824140,21230,173,PE,3682,PUN,,,full,,,serpost-via-peru-pe-cpn,,2026-05-24T12:02:12,2026-05-24T12:02:12,1
824141,21235,173,PE,3682,PUN,,,full,,,serpost-via-peru-pe-cpn,,2026-05-24T12:02:12,2026-05-24T12:02:12,1
824142,21236,173,PE,3682,PUN,,,full,,,serpost-via-peru-pe-cpn,,2026-05-24T12:02:12,2026-05-24T12:02:12,1
824143,21240,173,PE,3682,PUN,,,full,,,serpost-via-peru-pe-cpn,,2026-05-24T12:02:12,2026-05-24T12:02:12,1
824144,21245,173,PE,3682,PUN,,,full,,,serpost-via-peru-pe-cpn,,2026-05-24T12:02:12,2026-05-24T12:02:12,1
824145,21246,173,PE,3682,PUN,,,full,,,serpost-via-peru-pe-cpn,,2026-05-24T12:02:12,2026-05-24T12:02:12,1
824146,21250,173,PE,3682,PUN,,,full,,,serpost-via-peru-pe-cpn,,2026-05-24T12:02:12,2026-05-24T12:02:12,1
824147,21251,173,PE,3682,PUN,,,full,,,serpost-via-peru-pe-cpn,,2026-05-24T12:02:12,2026-05-24T12:02:12,1
824148,21255,173,PE,3682,PUN,,,full,,,serpost-via-peru-pe-cpn,,2026-05-24T12:02:12,2026-05-24T12:02:12,1
824149,21256,173,PE,3682,PUN,,,full,,,serpost-via-peru-pe-cpn,,2026-05-24T12:02:12,2026-05-24T12:02:12,1
824150,21260,173,PE,3682,PUN,,,full,,,serpost-via-peru-pe-cpn,,2026-05-24T12:02:12,2026-05-24T12:02:12,1
824151,21261,173,PE,3682,PUN,,,full,,,serpost-via-peru-pe-cpn,,2026-05-24T12:02:12,2026-05-24T12:02:12,1
824152,21265,173,PE,3682,PUN,,,full,,,serpost-via-peru-pe-cpn,,2026-05-24T12:02:12,2026-05-24T12:02:12,1
824153,21270,173,PE,3682,PUN,,,full,,,serpost-via-peru-pe-cpn,,2026-05-24T12:02:12,2026-05-24T12:02:12,1
824154,21275,173,PE,3682,PUN,,,full,,,serpost-via-peru-pe-cpn,,2026-05-24T12:02:12,2026-05-24T12:02:12,1
824155,21300,173,PE,3682,PUN,,,full,,,serpost-via-peru-pe-cpn,,2026-05-24T12:02:12,2026-05-24T12:02:12,1
824156,21301,173,PE,3682,PUN,,,full,,,serpost-via-peru-pe-cpn,,2026-05-24T12:02:12,2026-05-24T12:02:12,1
824157,21305,173,PE,3682,PUN,,,full,,,serpost-via-peru-pe-cpn,,2026-05-24T12:02:12,2026-05-24T12:02:12,1
824158,21306,173,PE,3682,PUN,,,full,,,serpost-via-peru-pe-cpn,,2026-05-24T12:02:12,2026-05-24T12:02:12,1
824159,21310,173,PE,3682,PUN,,,full,,,serpost-via-peru-pe-cpn,,2026-05-24T12:02:12,2026-05-24T12:02:12,1
824160,21311,173,PE,3682,PUN,,,full,,,serpost-via-peru-pe-cpn,,2026-05-24T12:02:12,2026-05-24T12:02:12,1
824161,21315,173,PE,3682,PUN,,,full,,,serpost-via-peru-pe-cpn,,2026-05-24T12:02:12,2026-05-24T12:02:12,1
824162,21316,173,PE,3682,PUN,,,full,,,serpost-via-peru-pe-cpn,,2026-05-24T12:02:12,2026-05-24T12:02:12,1
824163,21320,173,PE,3682,PUN,,,full,,,serpost-via-peru-pe-cpn,,2026-05-24T12:02:12,2026-05-24T12:02:12,1
824164,21321,173,PE,3682,PUN,,,full,,,serpost-via-peru-pe-cpn,,2026-05-24T12:02:12,2026-05-24T12:02:12,1
824165,21325,173,PE,3682,PUN,,,full,,,serpost-via-peru-pe-cpn,,2026-05-24T12:02:12,2026-05-24T12:02:12,1
824166,21330,173,PE,3682,PUN,,,full,,,serpost-via-peru-pe-cpn,,2026-05-24T12:02:12,2026-05-24T12:02:12,1
824167,21335,173,PE,3682,PUN,,,full,,,serpost-via-peru-pe-cpn,,2026-05-24T12:02:12,2026-05-24T12:02:12,1
824168,21340,173,PE,3682,PUN,,,full,,,serpost-via-peru-pe-cpn,,2026-05-24T12:02:12,2026-05-24T12:02:12,1
824169,21341,173,PE,3682,PUN,,,full,,,serpost-via-peru-pe-cpn,,2026-05-24T12:02:12,2026-05-24T12:02:12,1
824170,21345,173,PE,3682,PUN,,,full,,,serpost-via-peru-pe-cpn,,2026-05-24T12:02:12,2026-05-24T12:02:12,1
824171,21346,173,PE,3682,PUN,,,full,,,serpost-via-peru-pe-cpn,,2026-05-24T12:02:12,2026-05-24T12:02:12,1
824172,21350,173,PE,3682,PUN,,,full,,,serpost-via-peru-pe-cpn,,2026-05-24T12:02:12,2026-05-24T12:02:12,1
824173,21351,173,PE,3682,PUN,,,full,,,serpost-via-peru-pe-cpn,,2026-05-24T12:02:12,2026-05-24T12:02:12,1
824174,21355,173,PE,3682,PUN,,,full,,,serpost-via-peru-pe-cpn,,2026-05-24T12:02:12,2026-05-24T12:02:12,1
824175,21356,173,PE,3682,PUN,,,full,,,serpost-via-peru-pe-cpn,,2026-05-24T12:02:12,2026-05-24T12:02:12,1
824176,21360,173,PE,3682,PUN,,,full,,,serpost-via-peru-pe-cpn,,2026-05-24T12:02:12,2026-05-24T12:02:12,1
824177,21361,173,PE,3682,PUN,,,full,,,serpost-via-peru-pe-cpn,,2026-05-24T12:02:12,2026-05-24T12:02:12,1
824178,21365,173,PE,3682,PUN,,,full,,,serpost-via-peru-pe-cpn,,2026-05-24T12:02:12,2026-05-24T12:02:12,1
824179,21366,173,PE,3682,PUN,,,full,,,serpost-via-peru-pe-cpn,,2026-05-24T12:02:12,2026-05-24T12:02:12,1
824180,21370,173,PE,3682,PUN,,,full,,,serpost-via-peru-pe-cpn,,2026-05-24T12:02:12,2026-05-24T12:02:12,1
824181,21371,173,PE,3682,PUN,,,full,,,serpost-via-peru-pe-cpn,,2026-05-24T12:02:12,2026-05-24T12:02:12,1
824182,21375,173,PE,3682,PUN,,,full,,,serpost-via-peru-pe-cpn,,2026-05-24T12:02:12,2026-05-24T12:02:12,1
824183,21376,173,PE,3682,PUN,,,full,,,serpost-via-peru-pe-cpn,,2026-05-24T12:02:12,2026-05-24T12:02:12,1
824184,21380,173,PE,3682,PUN,,,full,,,serpost-via-peru-pe-cpn,,2026-05-24T12:02:12,2026-05-24T12:02:12,1
824185,21381,173,PE,3682,PUN,,,full,,,serpost-via-peru-pe-cpn,,2026-05-24T12:02:12,2026-05-24T12:02:12,1
824186,21385,173,PE,3682,PUN,,,full,,,serpost-via-peru-pe-cpn,,2026-05-24T12:02:12,2026-05-24T12:02:12,1
824187,21390,173,PE,3682,PUN,,,full,,,serpost-via-peru-pe-cpn,,2026-05-24T12:02:12,2026-05-24T12:02:12,1
824188,21395,173,PE,3682,PUN,,,full,,,serpost-via-peru-pe-cpn,,2026-05-24T12:02:12,2026-05-24T12:02:12,1
824189,21400,173,PE,3682,PUN,,,full,,,serpost-via-peru-pe-cpn,,2026-05-24T12:02:12,2026-05-24T12:02:12,1
824190,21401,173,PE,3682,PUN,,,full,,,serpost-via-peru-pe-cpn,,2026-05-24T12:02:12,2026-05-24T12:02:12,1
824191,21410,173,PE,3682,PUN,,,full,,,serpost-via-peru-pe-cpn,,2026-05-24T12:02:12,2026-05-24T12:02:12,1
824192,21420,173,PE,3682,PUN,,,full,,,serpost-via-peru-pe-cpn,,2026-05-24T12:02:12,2026-05-24T12:02:12,1
824193,21421,173,PE,3682,PUN,,,full,,,serpost-via-peru-pe-cpn,,2026-05-24T12:02:12,2026-05-24T12:02:12,1
824194,21430,173,PE,3682,PUN,,,full,,,serpost-via-peru-pe-cpn,,2026-05-24T12:02:12,2026-05-24T12:02:12,1
824195,21431,173,PE,3682,PUN,,,full,,,serpost-via-peru-pe-cpn,,2026-05-24T12:02:12,2026-05-24T12:02:12,1
824196,21440,173,PE,3682,PUN,,,full,,,serpost-via-peru-pe-cpn,,2026-05-24T12:02:12,2026-05-24T12:02:12,1
824197,21450,173,PE,3682,PUN,,,full,,,serpost-via-peru-pe-cpn,,2026-05-24T12:02:12,2026-05-24T12:02:12,1
824198,21460,173,PE,3682,PUN,,,full,,,serpost-via-peru-pe-cpn,,2026-05-24T12:02:12,2026-05-24T12:02:12,1
824199,21500,173,PE,3682,PUN,,,full,,,serpost-via-peru-pe-cpn,,2026-05-24T12:02:12,2026-05-24T12:02:12,1
824200,21501,173,PE,3682,PUN,,,full,,,serpost-via-peru-pe-cpn,,2026-05-24T12:02:12,2026-05-24T12:02:12,1
824201,21510,173,PE,3682,PUN,,,full,,,serpost-via-peru-pe-cpn,,2026-05-24T12:02:12,2026-05-24T12:02:12,1
824202,21511,173,PE,3682,PUN,,,full,,,serpost-via-peru-pe-cpn,,2026-05-24T12:02:12,2026-05-24T12:02:12,1
824203,21515,173,PE,3682,PUN,,,full,,,serpost-via-peru-pe-cpn,,2026-05-24T12:02:12,2026-05-24T12:02:12,1
824204,21516,173,PE,3682,PUN,,,full,,,serpost-via-peru-pe-cpn,,2026-05-24T12:02:12,2026-05-24T12:02:12,1
824205,21520,173,PE,3682,PUN,,,full,,,serpost-via-peru-pe-cpn,,2026-05-24T12:02:12,2026-05-24T12:02:12,1
824206,21521,173,PE,3682,PUN,,,full,,,serpost-via-peru-pe-cpn,,2026-05-24T12:02:12,2026-05-24T12:02:12,1
824207,21525,173,PE,3682,PUN,,,full,,,serpost-via-peru-pe-cpn,,2026-05-24T12:02:12,2026-05-24T12:02:12,1
824208,21526,173,PE,3682,PUN,,,full,,,serpost-via-peru-pe-cpn,,2026-05-24T12:02:12,2026-05-24T12:02:12,1
824209,21530,173,PE,3682,PUN,,,full,,,serpost-via-peru-pe-cpn,,2026-05-24T12:02:12,2026-05-24T12:02:12,1
824210,21531,173,PE,3682,PUN,,,full,,,serpost-via-peru-pe-cpn,,2026-05-24T12:02:12,2026-05-24T12:02:12,1
824211,21535,173,PE,3682,PUN,,,full,,,serpost-via-peru-pe-cpn,,2026-05-24T12:02:12,2026-05-24T12:02:12,1
824212,21536,173,PE,3682,PUN,,,full,,,serpost-via-peru-pe-cpn,,2026-05-24T12:02:12,2026-05-24T12:02:12,1
824213,21540,173,PE,3682,PUN,,,full,,,serpost-via-peru-pe-cpn,,2026-05-24T12:02:12,2026-05-24T12:02:12,1
824214,21545,173,PE,3682,PUN,,,full,,,serpost-via-peru-pe-cpn,,2026-05-24T12:02:12,2026-05-24T12:02:12,1
824215,21546,173,PE,3682,PUN,,,full,,,serpost-via-peru-pe-cpn,,2026-05-24T12:02:12,2026-05-24T12:02:12,1
824216,21550,173,PE,3682,PUN,,,full,,,serpost-via-peru-pe-cpn,,2026-05-24T12:02:12,2026-05-24T12:02:12,1
824217,21555,173,PE,3682,PUN,,,full,,,serpost-via-peru-pe-cpn,,2026-05-24T12:02:12,2026-05-24T12:02:12,1
824218,21560,173,PE,3682,PUN,,,full,,,serpost-via-peru-pe-cpn,,2026-05-24T12:02:12,2026-05-24T12:02:12,1
824219,21565,173,PE,3682,PUN,,,full,,,serpost-via-peru-pe-cpn,,2026-05-24T12:02:12,2026-05-24T12:02:12,1
824220,21570,173,PE,3682,PUN,,,full,,,serpost-via-peru-pe-cpn,,2026-05-24T12:02:12,2026-05-24T12:02:12,1
824221,21571,173,PE,3682,PUN,,,full,,,serpost-via-peru-pe-cpn,,2026-05-24T12:02:12,2026-05-24T12:02:12,1
824222,21575,173,PE,3682,PUN,,,full,,,serpost-via-peru-pe-cpn,,2026-05-24T12:02:12,2026-05-24T12:02:12,1
824223,21576,173,PE,3682,PUN,,,full,,,serpost-via-peru-pe-cpn,,2026-05-24T12:02:12,2026-05-24T12:02:12,1
824224,21600,173,PE,3682,PUN,,,full,,,serpost-via-peru-pe-cpn,,2026-05-24T12:02:12,2026-05-24T12:02:12,1
824225,21601,173,PE,3682,PUN,,,full,,,serpost-via-peru-pe-cpn,,2026-05-24T12:02:12,2026-05-24T12:02:12,1
824226,21610,173,PE,3682,PUN,,,full,,,serpost-via-peru-pe-cpn,,2026-05-24T12:02:12,2026-05-24T12:02:12,1
824227,21611,173,PE,3682,PUN,,,full,,,serpost-via-peru-pe-cpn,,2026-05-24T12:02:12,2026-05-24T12:02:12,1
824228,21620,173,PE,3682,PUN,,,full,,,serpost-via-peru-pe-cpn,,2026-05-24T12:02:12,2026-05-24T12:02:12,1
824229,21621,173,PE,3682,PUN,,,full,,,serpost-via-peru-pe-cpn,,2026-05-24T12:02:12,2026-05-24T12:02:12,1
824230,21630,173,PE,3682,PUN,,,full,,,serpost-via-peru-pe-cpn,,2026-05-24T12:02:12,2026-05-24T12:02:12,1
824231,21631,173,PE,3682,PUN,,,full,,,serpost-via-peru-pe-cpn,,2026-05-24T12:02:12,2026-05-24T12:02:12,1
824232,21640,173,PE,3682,PUN,,,full,,,serpost-via-peru-pe-cpn,,2026-05-24T12:02:12,2026-05-24T12:02:12,1
824233,21641,173,PE,3682,PUN,,,full,,,serpost-via-peru-pe-cpn,,2026-05-24T12:02:12,2026-05-24T12:02:12,1
824234,21650,173,PE,3682,PUN,,,full,,,serpost-via-peru-pe-cpn,,2026-05-24T12:02:12,2026-05-24T12:02:12,1
824235,21660,173,PE,3682,PUN,,,full,,,serpost-via-peru-pe-cpn,,2026-05-24T12:02:12,2026-05-24T12:02:12,1
824236,21661,173,PE,3682,PUN,,,full,,,serpost-via-peru-pe-cpn,,2026-05-24T12:02:12,2026-05-24T12:02:12,1
824237,21670,173,PE,3682,PUN,,,full,,,serpost-via-peru-pe-cpn,,2026-05-24T12:02:12,2026-05-24T12:02:12,1
824238,21700,173,PE,3682,PUN,,,full,,,serpost-via-peru-pe-cpn,,2026-05-24T12:02:12,2026-05-24T12:02:12,1
824239,21710,173,PE,3682,PUN,,,full,,,serpost-via-peru-pe-cpn,,2026-05-24T12:02:12,2026-05-24T12:02:12,1
824240,21711,173,PE,3682,PUN,,,full,,,serpost-via-peru-pe-cpn,,2026-05-24T12:02:12,2026-05-24T12:02:12,1
824241,21720,173,PE,3682,PUN,,,full,,,serpost-via-peru-pe-cpn,,2026-05-24T12:02:12,2026-05-24T12:02:12,1
824242,21721,173,PE,3682,PUN,,,full,,,serpost-via-peru-pe-cpn,,2026-05-24T12:02:12,2026-05-24T12:02:12,1
824243,21730,173,PE,3682,PUN,,,full,,,serpost-via-peru-pe-cpn,,2026-05-24T12:02:12,2026-05-24T12:02:12,1
824244,21731,173,PE,3682,PUN,,,full,,,serpost-via-peru-pe-cpn,,2026-05-24T12:02:12,2026-05-24T12:02:12,1
824245,21740,173,PE,3682,PUN,,,full,,,serpost-via-peru-pe-cpn,,2026-05-24T12:02:12,2026-05-24T12:02:12,1
824246,21750,173,PE,3682,PUN,,,full,,,serpost-via-peru-pe-cpn,,2026-05-24T12:02:12,2026-05-24T12:02:12,1
824247,21760,173,PE,3682,PUN,,,full,,,serpost-via-peru-pe-cpn,,2026-05-24T12:02:12,2026-05-24T12:02:12,1
824248,21770,173,PE,3682,PUN,,,full,,,serpost-via-peru-pe-cpn,,2026-05-24T12:02:12,2026-05-24T12:02:12,1
824249,21771,173,PE,3682,PUN,,,full,,,serpost-via-peru-pe-cpn,,2026-05-24T12:02:12,2026-05-24T12:02:12,1
824250,21780,173,PE,3682,PUN,,,full,,,serpost-via-peru-pe-cpn,,2026-05-24T12:02:12,2026-05-24T12:02:12,1
824251,21781,173,PE,3682,PUN,,,full,,,serpost-via-peru-pe-cpn,,2026-05-24T12:02:12,2026-05-24T12:02:12,1
824252,21800,173,PE,3682,PUN,,,full,,,serpost-via-peru-pe-cpn,,2026-05-24T12:02:12,2026-05-24T12:02:12,1
824253,21801,173,PE,3682,PUN,,,full,,,serpost-via-peru-pe-cpn,,2026-05-24T12:02:12,2026-05-24T12:02:12,1
824254,21805,173,PE,3682,PUN,,,full,,,serpost-via-peru-pe-cpn,,2026-05-24T12:02:12,2026-05-24T12:02:12,1
824255,21815,173,PE,3682,PUN,,,full,,,serpost-via-peru-pe-cpn,,2026-05-24T12:02:12,2026-05-24T12:02:12,1
824256,21825,173,PE,3682,PUN,,,full,,,serpost-via-peru-pe-cpn,,2026-05-24T12:02:12,2026-05-24T12:02:12,1
824257,21835,173,PE,3682,PUN,,,full,,,serpost-via-peru-pe-cpn,,2026-05-24T12:02:12,2026-05-24T12:02:12,1
824258,21845,173,PE,3682,PUN,,,full,,,serpost-via-peru-pe-cpn,,2026-05-24T12:02:12,2026-05-24T12:02:12,1
824259,21855,173,PE,3682,PUN,,,full,,,serpost-via-peru-pe-cpn,,2026-05-24T12:02:12,2026-05-24T12:02:12,1
824260,21865,173,PE,3682,PUN,,,full,,,serpost-via-peru-pe-cpn,,2026-05-24T12:02:12,2026-05-24T12:02:12,1
824261,21866,173,PE,3682,PUN,,,full,,,serpost-via-peru-pe-cpn,,2026-05-24T12:02:12,2026-05-24T12:02:12,1
824262,21875,173,PE,3682,PUN,,,full,,,serpost-via-peru-pe-cpn,,2026-05-24T12:02:12,2026-05-24T12:02:12,1
824263,21876,173,PE,3682,PUN,,,full,,,serpost-via-peru-pe-cpn,,2026-05-24T12:02:12,2026-05-24T12:02:12,1
824264,21885,173,PE,3682,PUN,,,full,,,serpost-via-peru-pe-cpn,,2026-05-24T12:02:12,2026-05-24T12:02:12,1
824265,21886,173,PE,3682,PUN,,,full,,,serpost-via-peru-pe-cpn,,2026-05-24T12:02:12,2026-05-24T12:02:12,1
824266,21895,173,PE,3682,PUN,,,full,,,serpost-via-peru-pe-cpn,,2026-05-24T12:02:12,2026-05-24T12:02:12,1
824267,21896,173,PE,3682,PUN,,,full,,,serpost-via-peru-pe-cpn,,2026-05-24T12:02:12,2026-05-24T12:02:12,1
824268,22000,173,PE,3694,SAM,,,full,,,serpost-via-peru-pe-cpn,,2026-05-24T12:02:12,2026-05-24T12:02:12,1
824269,22001,173,PE,3694,SAM,,,full,,,serpost-via-peru-pe-cpn,,2026-05-24T12:02:12,2026-05-24T12:02:12,1
824270,22051,173,PE,3694,SAM,,,full,,,serpost-via-peru-pe-cpn,,2026-05-24T12:02:12,2026-05-24T12:02:12,1
824271,22100,173,PE,3694,SAM,,,full,,,serpost-via-peru-pe-cpn,,2026-05-24T12:02:12,2026-05-24T12:02:12,1
824272,22101,173,PE,3694,SAM,,,full,,,serpost-via-peru-pe-cpn,,2026-05-24T12:02:12,2026-05-24T12:02:12,1
824273,22110,173,PE,3694,SAM,,,full,,,serpost-via-peru-pe-cpn,,2026-05-24T12:02:12,2026-05-24T12:02:12,1
824274,22111,173,PE,3694,SAM,,,full,,,serpost-via-peru-pe-cpn,,2026-05-24T12:02:12,2026-05-24T12:02:12,1
824275,22120,173,PE,3694,SAM,,,full,,,serpost-via-peru-pe-cpn,,2026-05-24T12:02:12,2026-05-24T12:02:12,1
824276,22121,173,PE,3694,SAM,,,full,,,serpost-via-peru-pe-cpn,,2026-05-24T12:02:12,2026-05-24T12:02:12,1
824277,22130,173,PE,3694,SAM,,,full,,,serpost-via-peru-pe-cpn,,2026-05-24T12:02:12,2026-05-24T12:02:12,1
824278,22140,173,PE,3694,SAM,,,full,,,serpost-via-peru-pe-cpn,,2026-05-24T12:02:12,2026-05-24T12:02:12,1
824279,22141,173,PE,3694,SAM,,,full,,,serpost-via-peru-pe-cpn,,2026-05-24T12:02:12,2026-05-24T12:02:12,1
824280,22150,173,PE,3694,SAM,,,full,,,serpost-via-peru-pe-cpn,,2026-05-24T12:02:12,2026-05-24T12:02:12,1
824281,22151,173,PE,3694,SAM,,,full,,,serpost-via-peru-pe-cpn,,2026-05-24T12:02:12,2026-05-24T12:02:12,1
824282,22160,173,PE,3694,SAM,,,full,,,serpost-via-peru-pe-cpn,,2026-05-24T12:02:12,2026-05-24T12:02:12,1
824283,22170,173,PE,3694,SAM,,,full,,,serpost-via-peru-pe-cpn,,2026-05-24T12:02:12,2026-05-24T12:02:12,1
824284,22180,173,PE,3694,SAM,,,full,,,serpost-via-peru-pe-cpn,,2026-05-24T12:02:12,2026-05-24T12:02:12,1
824285,22190,173,PE,3694,SAM,,,full,,,serpost-via-peru-pe-cpn,,2026-05-24T12:02:12,2026-05-24T12:02:12,1
824286,22200,173,PE,3694,SAM,,,full,,,serpost-via-peru-pe-cpn,,2026-05-24T12:02:12,2026-05-24T12:02:12,1
824287,22201,173,PE,3694,SAM,,,full,,,serpost-via-peru-pe-cpn,,2026-05-24T12:02:12,2026-05-24T12:02:12,1
824288,22202,173,PE,3694,SAM,,,full,,,serpost-via-peru-pe-cpn,,2026-05-24T12:02:12,2026-05-24T12:02:12,1
824289,22215,173,PE,3694,SAM,,,full,,,serpost-via-peru-pe-cpn,,2026-05-24T12:02:12,2026-05-24T12:02:12,1
824290,22220,173,PE,3694,SAM,,,full,,,serpost-via-peru-pe-cpn,,2026-05-24T12:02:12,2026-05-24T12:02:12,1
824291,22235,173,PE,3694,SAM,,,full,,,serpost-via-peru-pe-cpn,,2026-05-24T12:02:12,2026-05-24T12:02:12,1
824292,22236,173,PE,3694,SAM,,,full,,,serpost-via-peru-pe-cpn,,2026-05-24T12:02:12,2026-05-24T12:02:12,1
824293,22240,173,PE,3694,SAM,,,full,,,serpost-via-peru-pe-cpn,,2026-05-24T12:02:12,2026-05-24T12:02:12,1
824294,22241,173,PE,3694,SAM,,,full,,,serpost-via-peru-pe-cpn,,2026-05-24T12:02:12,2026-05-24T12:02:12,1
824295,22245,173,PE,3694,SAM,,,full,,,serpost-via-peru-pe-cpn,,2026-05-24T12:02:12,2026-05-24T12:02:12,1
824296,22250,173,PE,3694,SAM,,,full,,,serpost-via-peru-pe-cpn,,2026-05-24T12:02:12,2026-05-24T12:02:12,1
824297,22255,173,PE,3694,SAM,,,full,,,serpost-via-peru-pe-cpn,,2026-05-24T12:02:12,2026-05-24T12:02:12,1
824298,22260,173,PE,3694,SAM,,,full,,,serpost-via-peru-pe-cpn,,2026-05-24T12:02:12,2026-05-24T12:02:12,1
824299,22300,173,PE,3694,SAM,,,full,,,serpost-via-peru-pe-cpn,,2026-05-24T12:02:12,2026-05-24T12:02:12,1
824300,22310,173,PE,3694,SAM,,,full,,,serpost-via-peru-pe-cpn,,2026-05-24T12:02:12,2026-05-24T12:02:12,1
824301,22311,173,PE,3694,SAM,,,full,,,serpost-via-peru-pe-cpn,,2026-05-24T12:02:12,2026-05-24T12:02:12,1
824302,22320,173,PE,3694,SAM,,,full,,,serpost-via-peru-pe-cpn,,2026-05-24T12:02:12,2026-05-24T12:02:12,1
824303,22330,173,PE,3694,SAM,,,full,,,serpost-via-peru-pe-cpn,,2026-05-24T12:02:12,2026-05-24T12:02:12,1
824304,22331,173,PE,3694,SAM,,,full,,,serpost-via-peru-pe-cpn,,2026-05-24T12:02:12,2026-05-24T12:02:12,1
824305,22340,173,PE,3694,SAM,,,full,,,serpost-via-peru-pe-cpn,,2026-05-24T12:02:12,2026-05-24T12:02:12,1
824306,22350,173,PE,3694,SAM,,,full,,,serpost-via-peru-pe-cpn,,2026-05-24T12:02:12,2026-05-24T12:02:12,1
824307,22360,173,PE,3694,SAM,,,full,,,serpost-via-peru-pe-cpn,,2026-05-24T12:02:12,2026-05-24T12:02:12,1
824308,22370,173,PE,3694,SAM,,,full,,,serpost-via-peru-pe-cpn,,2026-05-24T12:02:12,2026-05-24T12:02:12,1
824309,22371,173,PE,3694,SAM,,,full,,,serpost-via-peru-pe-cpn,,2026-05-24T12:02:12,2026-05-24T12:02:12,1
824310,22400,173,PE,3694,SAM,,,full,,,serpost-via-peru-pe-cpn,,2026-05-24T12:02:12,2026-05-24T12:02:12,1
824311,22410,173,PE,3694,SAM,,,full,,,serpost-via-peru-pe-cpn,,2026-05-24T12:02:12,2026-05-24T12:02:12,1
824312,22420,173,PE,3694,SAM,,,full,,,serpost-via-peru-pe-cpn,,2026-05-24T12:02:12,2026-05-24T12:02:12,1
824313,22430,173,PE,3694,SAM,,,full,,,serpost-via-peru-pe-cpn,,2026-05-24T12:02:12,2026-05-24T12:02:12,1
824314,22431,173,PE,3694,SAM,,,full,,,serpost-via-peru-pe-cpn,,2026-05-24T12:02:12,2026-05-24T12:02:12,1
824315,22440,173,PE,3694,SAM,,,full,,,serpost-via-peru-pe-cpn,,2026-05-24T12:02:12,2026-05-24T12:02:12,1
824316,22450,173,PE,3694,SAM,,,full,,,serpost-via-peru-pe-cpn,,2026-05-24T12:02:12,2026-05-24T12:02:12,1
824317,22460,173,PE,3694,SAM,,,full,,,serpost-via-peru-pe-cpn,,2026-05-24T12:02:12,2026-05-24T12:02:12,1
824318,22470,173,PE,3694,SAM,,,full,,,serpost-via-peru-pe-cpn,,2026-05-24T12:02:12,2026-05-24T12:02:12,1
824319,22471,173,PE,3694,SAM,,,full,,,serpost-via-peru-pe-cpn,,2026-05-24T12:02:12,2026-05-24T12:02:12,1
824320,22480,173,PE,3694,SAM,,,full,,,serpost-via-peru-pe-cpn,,2026-05-24T12:02:12,2026-05-24T12:02:12,1
824321,22481,173,PE,3694,SAM,,,full,,,serpost-via-peru-pe-cpn,,2026-05-24T12:02:12,2026-05-24T12:02:12,1
824322,22490,173,PE,3694,SAM,,,full,,,serpost-via-peru-pe-cpn,,2026-05-24T12:02:12,2026-05-24T12:02:12,1
824323,22491,173,PE,3694,SAM,,,full,,,serpost-via-peru-pe-cpn,,2026-05-24T12:02:12,2026-05-24T12:02:12,1
824324,22500,173,PE,3694,SAM,,,full,,,serpost-via-peru-pe-cpn,,2026-05-24T12:02:12,2026-05-24T12:02:12,1
824325,22501,173,PE,3694,SAM,,,full,,,serpost-via-peru-pe-cpn,,2026-05-24T12:02:12,2026-05-24T12:02:12,1
824326,22510,173,PE,3694,SAM,,,full,,,serpost-via-peru-pe-cpn,,2026-05-24T12:02:12,2026-05-24T12:02:12,1
824327,22520,173,PE,3694,SAM,,,full,,,serpost-via-peru-pe-cpn,,2026-05-24T12:02:12,2026-05-24T12:02:12,1
824328,22521,173,PE,3694,SAM,,,full,,,serpost-via-peru-pe-cpn,,2026-05-24T12:02:12,2026-05-24T12:02:12,1
824329,22530,173,PE,3694,SAM,,,full,,,serpost-via-peru-pe-cpn,,2026-05-24T12:02:12,2026-05-24T12:02:12,1
824330,22531,173,PE,3694,SAM,,,full,,,serpost-via-peru-pe-cpn,,2026-05-24T12:02:12,2026-05-24T12:02:12,1
824331,22540,173,PE,3694,SAM,,,full,,,serpost-via-peru-pe-cpn,,2026-05-24T12:02:12,2026-05-24T12:02:12,1
824332,22541,173,PE,3694,SAM,,,full,,,serpost-via-peru-pe-cpn,,2026-05-24T12:02:12,2026-05-24T12:02:12,1
824333,22550,173,PE,3694,SAM,,,full,,,serpost-via-peru-pe-cpn,,2026-05-24T12:02:12,2026-05-24T12:02:12,1
824334,22551,173,PE,3694,SAM,,,full,,,serpost-via-peru-pe-cpn,,2026-05-24T12:02:12,2026-05-24T12:02:12,1
824335,22560,173,PE,3694,SAM,,,full,,,serpost-via-peru-pe-cpn,,2026-05-24T12:02:12,2026-05-24T12:02:12,1
824336,22561,173,PE,3694,SAM,,,full,,,serpost-via-peru-pe-cpn,,2026-05-24T12:02:12,2026-05-24T12:02:12,1
824337,22570,173,PE,3694,SAM,,,full,,,serpost-via-peru-pe-cpn,,2026-05-24T12:02:12,2026-05-24T12:02:12,1
824338,22600,173,PE,3694,SAM,,,full,,,serpost-via-peru-pe-cpn,,2026-05-24T12:02:12,2026-05-24T12:02:12,1
824339,22601,173,PE,3694,SAM,,,full,,,serpost-via-peru-pe-cpn,,2026-05-24T12:02:12,2026-05-24T12:02:12,1
824340,22610,173,PE,3694,SAM,,,full,,,serpost-via-peru-pe-cpn,,2026-05-24T12:02:12,2026-05-24T12:02:12,1
824341,22620,173,PE,3694,SAM,,,full,,,serpost-via-peru-pe-cpn,,2026-05-24T12:02:12,2026-05-24T12:02:12,1
824342,22621,173,PE,3694,SAM,,,full,,,serpost-via-peru-pe-cpn,,2026-05-24T12:02:12,2026-05-24T12:02:12,1
824343,22630,173,PE,3694,SAM,,,full,,,serpost-via-peru-pe-cpn,,2026-05-24T12:02:12,2026-05-24T12:02:12,1
824344,22640,173,PE,3694,SAM,,,full,,,serpost-via-peru-pe-cpn,,2026-05-24T12:02:12,2026-05-24T12:02:12,1
824345,22650,173,PE,3694,SAM,,,full,,,serpost-via-peru-pe-cpn,,2026-05-24T12:02:12,2026-05-24T12:02:12,1
824346,22660,173,PE,3694,SAM,,,full,,,serpost-via-peru-pe-cpn,,2026-05-24T12:02:12,2026-05-24T12:02:12,1
824347,22661,173,PE,3694,SAM,,,full,,,serpost-via-peru-pe-cpn,,2026-05-24T12:02:12,2026-05-24T12:02:12,1
824348,22670,173,PE,3694,SAM,,,full,,,serpost-via-peru-pe-cpn,,2026-05-24T12:02:12,2026-05-24T12:02:12,1
824349,22700,173,PE,3694,SAM,,,full,,,serpost-via-peru-pe-cpn,,2026-05-24T12:02:12,2026-05-24T12:02:12,1
824350,22701,173,PE,3694,SAM,,,full,,,serpost-via-peru-pe-cpn,,2026-05-24T12:02:12,2026-05-24T12:02:12,1
824351,22710,173,PE,3694,SAM,,,full,,,serpost-via-peru-pe-cpn,,2026-05-24T12:02:12,2026-05-24T12:02:12,1
824352,22720,173,PE,3694,SAM,,,full,,,serpost-via-peru-pe-cpn,,2026-05-24T12:02:12,2026-05-24T12:02:12,1
824353,22721,173,PE,3694,SAM,,,full,,,serpost-via-peru-pe-cpn,,2026-05-24T12:02:12,2026-05-24T12:02:12,1
824354,22730,173,PE,3694,SAM,,,full,,,serpost-via-peru-pe-cpn,,2026-05-24T12:02:12,2026-05-24T12:02:12,1
824355,22731,173,PE,3694,SAM,,,full,,,serpost-via-peru-pe-cpn,,2026-05-24T12:02:12,2026-05-24T12:02:12,1
824356,22740,173,PE,3694,SAM,,,full,,,serpost-via-peru-pe-cpn,,2026-05-24T12:02:12,2026-05-24T12:02:12,1
824357,22741,173,PE,3694,SAM,,,full,,,serpost-via-peru-pe-cpn,,2026-05-24T12:02:12,2026-05-24T12:02:12,1
824358,22750,173,PE,3694,SAM,,,full,,,serpost-via-peru-pe-cpn,,2026-05-24T12:02:12,2026-05-24T12:02:12,1
824359,22760,173,PE,3694,SAM,,,full,,,serpost-via-peru-pe-cpn,,2026-05-24T12:02:12,2026-05-24T12:02:12,1
824360,22770,173,PE,3694,SAM,,,full,,,serpost-via-peru-pe-cpn,,2026-05-24T12:02:12,2026-05-24T12:02:12,1
824361,22771,173,PE,3694,SAM,,,full,,,serpost-via-peru-pe-cpn,,2026-05-24T12:02:12,2026-05-24T12:02:12,1
824362,22800,173,PE,3694,SAM,,,full,,,serpost-via-peru-pe-cpn,,2026-05-24T12:02:12,2026-05-24T12:02:12,1
824363,22805,173,PE,3694,SAM,,,full,,,serpost-via-peru-pe-cpn,,2026-05-24T12:02:12,2026-05-24T12:02:12,1
824364,22810,173,PE,3694,SAM,,,full,,,serpost-via-peru-pe-cpn,,2026-05-24T12:02:12,2026-05-24T12:02:12,1
824365,22811,173,PE,3694,SAM,,,full,,,serpost-via-peru-pe-cpn,,2026-05-24T12:02:12,2026-05-24T12:02:12,1
824366,22820,173,PE,3694,SAM,,,full,,,serpost-via-peru-pe-cpn,,2026-05-24T12:02:12,2026-05-24T12:02:12,1
824367,22825,173,PE,3694,SAM,,,full,,,serpost-via-peru-pe-cpn,,2026-05-24T12:02:12,2026-05-24T12:02:12,1
824368,22826,173,PE,3694,SAM,,,full,,,serpost-via-peru-pe-cpn,,2026-05-24T12:02:12,2026-05-24T12:02:12,1
824369,22835,173,PE,3694,SAM,,,full,,,serpost-via-peru-pe-cpn,,2026-05-24T12:02:12,2026-05-24T12:02:12,1
824370,22840,173,PE,3694,SAM,,,full,,,serpost-via-peru-pe-cpn,,2026-05-24T12:02:12,2026-05-24T12:02:12,1
824371,22841,173,PE,3694,SAM,,,full,,,serpost-via-peru-pe-cpn,,2026-05-24T12:02:12,2026-05-24T12:02:12,1
824372,22845,173,PE,3694,SAM,,,full,,,serpost-via-peru-pe-cpn,,2026-05-24T12:02:12,2026-05-24T12:02:12,1
824373,22846,173,PE,3694,SAM,,,full,,,serpost-via-peru-pe-cpn,,2026-05-24T12:02:12,2026-05-24T12:02:12,1
824374,22850,173,PE,3694,SAM,,,full,,,serpost-via-peru-pe-cpn,,2026-05-24T12:02:12,2026-05-24T12:02:12,1
824375,22855,173,PE,3694,SAM,,,full,,,serpost-via-peru-pe-cpn,,2026-05-24T12:02:12,2026-05-24T12:02:12,1
824376,22860,173,PE,3694,SAM,,,full,,,serpost-via-peru-pe-cpn,,2026-05-24T12:02:12,2026-05-24T12:02:12,1
824377,22861,173,PE,3694,SAM,,,full,,,serpost-via-peru-pe-cpn,,2026-05-24T12:02:12,2026-05-24T12:02:12,1
824378,22865,173,PE,3694,SAM,,,full,,,serpost-via-peru-pe-cpn,,2026-05-24T12:02:12,2026-05-24T12:02:12,1
824379,22866,173,PE,3694,SAM,,,full,,,serpost-via-peru-pe-cpn,,2026-05-24T12:02:12,2026-05-24T12:02:12,1
824380,23000,173,PE,3696,TAC,,,full,,,serpost-via-peru-pe-cpn,,2026-05-24T12:02:12,2026-05-24T12:02:12,1
824381,23001,173,PE,3696,TAC,,,full,,,serpost-via-peru-pe-cpn,,2026-05-24T12:02:12,2026-05-24T12:02:12,1
824382,23002,173,PE,3696,TAC,,,full,,,serpost-via-peru-pe-cpn,,2026-05-24T12:02:12,2026-05-24T12:02:12,1
824383,23003,173,PE,3696,TAC,,,full,,,serpost-via-peru-pe-cpn,,2026-05-24T12:02:12,2026-05-24T12:02:12,1
824384,23004,173,PE,3696,TAC,,,full,,,serpost-via-peru-pe-cpn,,2026-05-24T12:02:12,2026-05-24T12:02:12,1
824385,23006,173,PE,3696,TAC,,,full,,,serpost-via-peru-pe-cpn,,2026-05-24T12:02:12,2026-05-24T12:02:12,1
824386,23041,173,PE,3696,TAC,,,full,,,serpost-via-peru-pe-cpn,,2026-05-24T12:02:12,2026-05-24T12:02:12,1
824387,23100,173,PE,3696,TAC,,,full,,,serpost-via-peru-pe-cpn,,2026-05-24T12:02:12,2026-05-24T12:02:12,1
824388,23120,173,PE,3696,TAC,,,full,,,serpost-via-peru-pe-cpn,,2026-05-24T12:02:12,2026-05-24T12:02:12,1
824389,23140,173,PE,3696,TAC,,,full,,,serpost-via-peru-pe-cpn,,2026-05-24T12:02:12,2026-05-24T12:02:12,1
824390,23200,173,PE,3696,TAC,,,full,,,serpost-via-peru-pe-cpn,,2026-05-24T12:02:12,2026-05-24T12:02:12,1
824391,23220,173,PE,3696,TAC,,,full,,,serpost-via-peru-pe-cpn,,2026-05-24T12:02:12,2026-05-24T12:02:12,1
824392,23240,173,PE,3696,TAC,,,full,,,serpost-via-peru-pe-cpn,,2026-05-24T12:02:12,2026-05-24T12:02:12,1
824393,23300,173,PE,3696,TAC,,,full,,,serpost-via-peru-pe-cpn,,2026-05-24T12:02:12,2026-05-24T12:02:12,1
824394,23350,173,PE,3696,TAC,,,full,,,serpost-via-peru-pe-cpn,,2026-05-24T12:02:12,2026-05-24T12:02:12,1
824395,23400,173,PE,3696,TAC,,,full,,,serpost-via-peru-pe-cpn,,2026-05-24T12:02:12,2026-05-24T12:02:12,1
824396,23420,173,PE,3696,TAC,,,full,,,serpost-via-peru-pe-cpn,,2026-05-24T12:02:12,2026-05-24T12:02:12,1
824397,23440,173,PE,3696,TAC,,,full,,,serpost-via-peru-pe-cpn,,2026-05-24T12:02:12,2026-05-24T12:02:12,1
824398,23460,173,PE,3696,TAC,,,full,,,serpost-via-peru-pe-cpn,,2026-05-24T12:02:12,2026-05-24T12:02:12,1
824399,23480,173,PE,3696,TAC,,,full,,,serpost-via-peru-pe-cpn,,2026-05-24T12:02:12,2026-05-24T12:02:12,1
824400,23500,173,PE,3696,TAC,,,full,,,serpost-via-peru-pe-cpn,,2026-05-24T12:02:12,2026-05-24T12:02:12,1
824401,23550,173,PE,3696,TAC,,,full,,,serpost-via-peru-pe-cpn,,2026-05-24T12:02:12,2026-05-24T12:02:12,1
824402,23600,173,PE,3696,TAC,,,full,,,serpost-via-peru-pe-cpn,,2026-05-24T12:02:12,2026-05-24T12:02:12,1
824403,23650,173,PE,3696,TAC,,,full,,,serpost-via-peru-pe-cpn,,2026-05-24T12:02:12,2026-05-24T12:02:12,1
824404,23700,173,PE,3696,TAC,,,full,,,serpost-via-peru-pe-cpn,,2026-05-24T12:02:12,2026-05-24T12:02:12,1
824405,23750,173,PE,3696,TAC,,,full,,,serpost-via-peru-pe-cpn,,2026-05-24T12:02:12,2026-05-24T12:02:12,1
824406,23800,173,PE,3696,TAC,,,full,,,serpost-via-peru-pe-cpn,,2026-05-24T12:02:12,2026-05-24T12:02:12,1
824407,23850,173,PE,3696,TAC,,,full,,,serpost-via-peru-pe-cpn,,2026-05-24T12:02:12,2026-05-24T12:02:12,1
824408,24000,173,PE,3689,TUM,,,full,,,serpost-via-peru-pe-cpn,,2026-05-24T12:02:12,2026-05-24T12:02:12,1
824409,24001,173,PE,3689,TUM,,,full,,,serpost-via-peru-pe-cpn,,2026-05-24T12:02:12,2026-05-24T12:02:12,1
824410,24002,173,PE,3689,TUM,,,full,,,serpost-via-peru-pe-cpn,,2026-05-24T12:02:12,2026-05-24T12:02:12,1
824411,24100,173,PE,3689,TUM,,,full,,,serpost-via-peru-pe-cpn,,2026-05-24T12:02:12,2026-05-24T12:02:12,1
824412,24101,173,PE,3689,TUM,,,full,,,serpost-via-peru-pe-cpn,,2026-05-24T12:02:12,2026-05-24T12:02:12,1
824413,24150,173,PE,3689,TUM,,,full,,,serpost-via-peru-pe-cpn,,2026-05-24T12:02:12,2026-05-24T12:02:12,1
824414,24151,173,PE,3689,TUM,,,full,,,serpost-via-peru-pe-cpn,,2026-05-24T12:02:12,2026-05-24T12:02:12,1
824415,24200,173,PE,3689,TUM,,,full,,,serpost-via-peru-pe-cpn,,2026-05-24T12:02:12,2026-05-24T12:02:12,1
824416,24250,173,PE,3689,TUM,,,full,,,serpost-via-peru-pe-cpn,,2026-05-24T12:02:12,2026-05-24T12:02:12,1
824417,24300,173,PE,3689,TUM,,,full,,,serpost-via-peru-pe-cpn,,2026-05-24T12:02:12,2026-05-24T12:02:12,1
824418,24350,173,PE,3689,TUM,,,full,,,serpost-via-peru-pe-cpn,,2026-05-24T12:02:12,2026-05-24T12:02:12,1
824419,24351,173,PE,3689,TUM,,,full,,,serpost-via-peru-pe-cpn,,2026-05-24T12:02:12,2026-05-24T12:02:12,1
824420,24400,173,PE,3689,TUM,,,full,,,serpost-via-peru-pe-cpn,,2026-05-24T12:02:12,2026-05-24T12:02:12,1
824421,24401,173,PE,3689,TUM,,,full,,,serpost-via-peru-pe-cpn,,2026-05-24T12:02:12,2026-05-24T12:02:12,1
824422,24450,173,PE,3689,TUM,,,full,,,serpost-via-peru-pe-cpn,,2026-05-24T12:02:12,2026-05-24T12:02:12,1
824423,24500,173,PE,3689,TUM,,,full,,,serpost-via-peru-pe-cpn,,2026-05-24T12:02:12,2026-05-24T12:02:12,1
824424,24501,173,PE,3689,TUM,,,full,,,serpost-via-peru-pe-cpn,,2026-05-24T12:02:12,2026-05-24T12:02:12,1
824425,24520,173,PE,3689,TUM,,,full,,,serpost-via-peru-pe-cpn,,2026-05-24T12:02:12,2026-05-24T12:02:12,1
824426,24521,173,PE,3689,TUM,,,full,,,serpost-via-peru-pe-cpn,,2026-05-24T12:02:12,2026-05-24T12:02:12,1
824427,24540,173,PE,3689,TUM,,,full,,,serpost-via-peru-pe-cpn,,2026-05-24T12:02:12,2026-05-24T12:02:12,1
824428,24541,173,PE,3689,TUM,,,full,,,serpost-via-peru-pe-cpn,,2026-05-24T12:02:12,2026-05-24T12:02:12,1
824429,24560,173,PE,3689,TUM,,,full,,,serpost-via-peru-pe-cpn,,2026-05-24T12:02:12,2026-05-24T12:02:12,1
824430,25000,173,PE,3684,UCA,,,full,,,serpost-via-peru-pe-cpn,,2026-05-24T12:02:12,2026-05-24T12:02:12,1
824431,25001,173,PE,3684,UCA,,,full,,,serpost-via-peru-pe-cpn,,2026-05-24T12:02:12,2026-05-24T12:02:12,1
824432,25002,173,PE,3684,UCA,,,full,,,serpost-via-peru-pe-cpn,,2026-05-24T12:02:12,2026-05-24T12:02:12,1
824433,25003,173,PE,3684,UCA,,,full,,,serpost-via-peru-pe-cpn,,2026-05-24T12:02:12,2026-05-24T12:02:12,1
824434,25004,173,PE,3684,UCA,,,full,,,serpost-via-peru-pe-cpn,,2026-05-24T12:02:12,2026-05-24T12:02:12,1
824435,25006,173,PE,3684,UCA,,,full,,,serpost-via-peru-pe-cpn,,2026-05-24T12:02:12,2026-05-24T12:02:12,1
824436,25100,173,PE,3684,UCA,,,full,,,serpost-via-peru-pe-cpn,,2026-05-24T12:02:12,2026-05-24T12:02:12,1
824437,25101,173,PE,3684,UCA,,,full,,,serpost-via-peru-pe-cpn,,2026-05-24T12:02:12,2026-05-24T12:02:12,1
824438,25200,173,PE,3684,UCA,,,full,,,serpost-via-peru-pe-cpn,,2026-05-24T12:02:12,2026-05-24T12:02:12,1
824439,25201,173,PE,3684,UCA,,,full,,,serpost-via-peru-pe-cpn,,2026-05-24T12:02:12,2026-05-24T12:02:12,1
824440,25210,173,PE,3684,UCA,,,full,,,serpost-via-peru-pe-cpn,,2026-05-24T12:02:12,2026-05-24T12:02:12,1
824441,25211,173,PE,3684,UCA,,,full,,,serpost-via-peru-pe-cpn,,2026-05-24T12:02:12,2026-05-24T12:02:12,1
824442,25220,173,PE,3684,UCA,,,full,,,serpost-via-peru-pe-cpn,,2026-05-24T12:02:12,2026-05-24T12:02:12,1
824443,25221,173,PE,3684,UCA,,,full,,,serpost-via-peru-pe-cpn,,2026-05-24T12:02:12,2026-05-24T12:02:12,1
824444,25230,173,PE,3684,UCA,,,full,,,serpost-via-peru-pe-cpn,,2026-05-24T12:02:12,2026-05-24T12:02:12,1
824445,25231,173,PE,3684,UCA,,,full,,,serpost-via-peru-pe-cpn,,2026-05-24T12:02:12,2026-05-24T12:02:12,1
824446,25300,173,PE,3684,UCA,,,full,,,serpost-via-peru-pe-cpn,,2026-05-24T12:02:12,2026-05-24T12:02:12,1
824447,25400,173,PE,3684,UCA,,,full,,,serpost-via-peru-pe-cpn,,2026-05-24T12:02:12,2026-05-24T12:02:12,1
824448,25500,173,PE,3684,UCA,,,full,,,serpost-via-peru-pe-cpn,,2026-05-24T12:02:12,2026-05-24T12:02:12,1
824449,25501,173,PE,3684,UCA,,,full,,,serpost-via-peru-pe-cpn,,2026-05-24T12:02:12,2026-05-24T12:02:12,1
824450,25530,173,PE,3684,UCA,,,full,,,serpost-via-peru-pe-cpn,,2026-05-24T12:02:12,2026-05-24T12:02:12,1
824451,25531,173,PE,3684,UCA,,,full,,,serpost-via-peru-pe-cpn,,2026-05-24T12:02:12,2026-05-24T12:02:12,1
824452,25550,173,PE,3684,UCA,,,full,,,serpost-via-peru-pe-cpn,,2026-05-24T12:02:12,2026-05-24T12:02:12,1
824453,25551,173,PE,3684,UCA,,,full,,,serpost-via-peru-pe-cpn,,2026-05-24T12:02:12,2026-05-24T12:02:12,1
824454,25600,173,PE,3684,UCA,,,full,,,serpost-via-peru-pe-cpn,,2026-05-24T12:02:12,2026-05-24T12:02:12,1
824455,25601,173,PE,3684,UCA,,,full,,,serpost-via-peru-pe-cpn,,2026-05-24T12:02:12,2026-05-24T12:02:12,1
824456,25700,173,PE,3684,UCA,,,full,,,serpost-via-peru-pe-cpn,,2026-05-24T12:02:12,2026-05-24T12:02:12,1
824457,25701,173,PE,3684,UCA,,,full,,,serpost-via-peru-pe-cpn,,2026-05-24T12:02:12,2026-05-24T12:02:12,1
