id,name,state_id,state_code,country_id,country_code,type,level,parent_id,latitude,longitude,native,population,timezone,translations,created_at,updated_at,flag,wikiDataId
637,28 de Noviembre,3649,Z,11,AR,city,,,-51.58390000,-72.21382000,28 de Noviembre,4686,America/Argentina/Rio_Gallegos,"{""br"":""28 a viz Du"",""ko"":""11월 28일"",""pt-BR"":""28 de novembro"",""pt"":""28 de novembro"",""nl"":""28 november"",""hr"":""28. studenog"",""fa"":""۲۸ نوامبر"",""de"":""28. November"",""es"":""28 de noviembre"",""fr"":""28 novembre"",""ja"":""11月28日"",""it"":""28 novembre"",""zh-CN"":""11月28日"",""tr"":""28 Kasım"",""ru"":""28 ноября"",""uk"":""28 листопада"",""pl"":""28 listopada"",""hi"":""28 नवंबर"",""ar"":""28 نوفمبر""}",2019-10-06T09:28:12,2025-12-02T14:39:55,1,Q1533589
638,Abra Pampa,3645,Y,11,AR,adm2,,,-22.72049000,-65.69697000,Abra Pampa,9425,America/Argentina/Jujuy,"{""br"":""Abra Pampa"",""ko"":""아브라 팜파"",""pt-BR"":""Abra Pampa"",""pt"":""Abra Pampa"",""nl"":""Abra Pampa"",""hr"":""Abra Pampa"",""fa"":""آبرا پامپا"",""de"":""Abra Pampa"",""es"":""Abra Pampa"",""fr"":""Abra Pampa"",""ja"":""アブラパンパ"",""it"":""Abra Pampa"",""zh-CN"":""阿布拉潘帕"",""tr"":""Abra Pampa"",""ru"":""Абра Пампа"",""uk"":""Абра Пампа"",""pl"":""Abra Pampa"",""hi"":""अब्रा पम्पा"",""ar"":""أبرا بامبا""}",2019-10-06T09:28:12,2025-12-02T14:39:55,1,Q55386
639,Achiras,3642,X,11,AR,city,,,-33.17538000,-64.99331000,Atrraíes,2173,America/Argentina/Cordoba,"{""br"":""Achiras"",""ko"":""아키라스"",""pt-BR"":""Achiras"",""pt"":""Achiras"",""nl"":""Achiras"",""hr"":""Ahira"",""fa"":""آچیراس"",""de"":""Achiras"",""es"":""Achiras"",""fr"":""Achiras"",""ja"":""アキラス"",""it"":""Achiras"",""zh-CN"":""阿奇拉斯"",""tr"":""Achiras"",""ru"":""Ачирас"",""uk"":""Ахірас"",""pl"":""Achiras"",""hi"":""अचिरस"",""ar"":""أتشيراس""}",2019-10-06T09:28:12,2025-12-02T14:39:55,1,Q8187413
640,Adelia María,3642,X,11,AR,city,,,-33.63152000,-64.02097000,Adelia María,6434,America/Argentina/Cordoba,"{""br"":""Adelia María"",""ko"":""아델리아 마리아"",""pt-BR"":""Adélia Maria"",""pt"":""Adélia Maria"",""nl"":""Adelia Maria"",""hr"":""Adelia María"",""fa"":""آدلیا ماریا"",""de"":""Adelia María"",""es"":""Adelia María"",""fr"":""Adélia María"",""ja"":""アデリア・マリア"",""it"":""Adelia María"",""zh-CN"":""阿德莉亚·玛丽亚"",""tr"":""Adelia Maria"",""ru"":""Аделия Мария"",""uk"":""Аделія Марія"",""pl"":""Adelia Maria"",""hi"":""एडेलिया मारिया"",""ar"":""أديليا ماريا""}",2019-10-06T09:28:12,2025-12-02T14:39:55,1,Q5682817
641,Agua de Oro,3642,X,11,AR,city,,,-31.06661000,-64.30017000,Agua de Oro,1553,America/Argentina/Cordoba,"{""br"":""Agua de Oro"",""ko"":""아과 데 오로"",""pt-BR"":""Água de Ouro"",""pt"":""Água de Ouro"",""nl"":""Goudwater"",""hr"":""Agua de Oro"",""fa"":""آگوا د اورو"",""de"":""Agua de Oro"",""es"":""Agua de Oro"",""fr"":""Eau d'or"",""ja"":""アグア・デ・オロ"",""it"":""Agua de Oro"",""zh-CN"":""黄金水"",""tr"":""Altın Suyu"",""ru"":""Агуа де Оро"",""uk"":""Агуа-де-Оро"",""pl"":""Złota woda"",""hi"":""अगुआ डे ओरो"",""ar"":""ماء الذهب""}",2019-10-06T09:28:12,2025-12-02T14:39:55,1,Q2215108
642,Aguilares,3637,T,11,AR,adm2,,,-27.43380000,-65.61427000,Aguilares,32494,America/Argentina/Tucuman,"{""br"":""Aguilares"",""ko"":""아길라레스"",""pt-BR"":""Aguilares"",""pt"":""Aguilares"",""nl"":""Aguilares"",""hr"":""Aguilares"",""fa"":""آگیلارس"",""de"":""Aguilares"",""es"":""Aguilares"",""fr"":""Aguilares"",""ja"":""アギラレス"",""it"":""Aguilares"",""zh-CN"":""阿吉拉雷斯"",""tr"":""Aguilares"",""ru"":""Агиларес"",""uk"":""Агіларес"",""pl"":""Aguilares"",""hi"":""एगुइलारेस"",""ar"":""أغيلاريس""}",2019-10-06T09:28:12,2025-12-02T14:39:55,1,Q398365
643,Alba Posse,3644,N,11,AR,adm2,,,-27.56978000,-54.68262000,Posse de Alba,6652,America/Argentina/Cordoba,"{""br"":""Alba Posse"",""ko"":""알바 포세"",""pt-BR"":""Alba Posse"",""pt"":""Alba Posse"",""nl"":""Alba Posse"",""hr"":""Alba Posse"",""fa"":""آلبا پوسه"",""de"":""Alba Posse"",""es"":""Alba Posse"",""fr"":""Alba Posse"",""ja"":""アルバ・ポッセ"",""it"":""Alba Posse"",""zh-CN"":""阿尔巴波塞"",""tr"":""Alba Posse"",""ru"":""Альба Поссе"",""uk"":""Альба Поссе"",""pl"":""Alba Posse"",""hi"":""अल्बा पोसे"",""ar"":""ألبا بوسيه""}",2019-10-06T09:28:12,2025-12-02T14:39:55,1,Q2830746
644,Albardón,3634,J,11,AR,city,,,-31.43722000,-68.52556000,Albardón,20413,America/Argentina/San_Juan,"{""br"":""Albardón"",""ko"":""알바르돈"",""pt-BR"":""Albardón"",""pt"":""Albardón"",""nl"":""Albardón"",""hr"":""Albardón"",""fa"":""آلباردون"",""de"":""Albardón"",""es"":""Albardón"",""fr"":""Albardón"",""ja"":""アルバルドン"",""it"":""Albardón"",""zh-CN"":""阿尔巴东"",""tr"":""Albardón"",""ru"":""Альбардон"",""uk"":""Альбардон"",""pl"":""Albardón"",""hi"":""अल्बार्डोन"",""ar"":""ألباردون""}",2019-10-06T09:28:12,2025-12-02T14:39:55,1,Q1190205
645,Aldea San Antonio,3654,E,11,AR,city,,,-32.62317000,-58.70512000,Aldea San Antonio,1127,America/Argentina/Cordoba,"{""br"":""Aldea San Antonio"",""ko"":""알데아 산 안토니오"",""pt-BR"":""Aldeia San Antonio"",""pt"":""Aldeia San Antonio"",""nl"":""Aldea San Antonio"",""hr"":""Aldea San Antonio"",""fa"":""آلدیا سن آنتونیو"",""de"":""Aldea San Antonio"",""es"":""Aldea San Antonio"",""fr"":""Village de San Antonio"",""ja"":""アルデア・サン・アントニオ"",""it"":""Aldea San Antonio"",""zh-CN"":""阿尔迪亚圣安东尼奥"",""tr"":""Aldea San Antonio"",""ru"":""Альдеа Сан-Антонио"",""uk"":""Альдеа Сан-Антоніо"",""pl"":""Aldea San Antonio"",""hi"":""एल्डिया सैन एंटोनियो"",""ar"":""ألديا سان أنطونيو""}",2019-10-06T09:28:12,2025-12-02T14:39:55,1,Q4713475
646,Alderetes,3637,T,11,AR,section,,,-26.81667000,-65.13333000,Edad,38466,America/Argentina/Buenos_Aires,"{""br"":""Alderetes"",""ko"":""알데레테스"",""pt-BR"":""Alderetes"",""pt"":""Alderetes"",""nl"":""Alderetes"",""hr"":""Aldereti"",""fa"":""آلدرتس"",""de"":""Alderetes"",""es"":""Alderetes"",""fr"":""Alderetes"",""ja"":""アルデレテス"",""it"":""Alderetes"",""zh-CN"":""阿尔德雷特斯"",""tr"":""Alderetes"",""ru"":""Альдеретес"",""uk"":""Альдерети"",""pl"":""Alderetes"",""hi"":""एल्डेरेट्स"",""ar"":""ألديريتس""}",2019-10-06T09:28:12,2025-12-02T17:11:50,1,Q2456137
647,Alejandro Roca,3642,X,11,AR,city,,,-33.35369000,-63.71849000,Alejandro Roca,4724,America/Argentina/Cordoba,"{""br"":""Alejandro Roca"",""ko"":""알레한드로 로카"",""pt-BR"":""Alejandro Roca"",""pt"":""Alejandro Roca"",""nl"":""Alejandro Roca"",""hr"":""Alejandro Roca"",""fa"":""آلخاندرو روکا"",""de"":""Alejandro Roca"",""es"":""Alejandro Roca"",""fr"":""Alexandre Roca"",""ja"":""アレハンドロ・ロカ"",""it"":""Alejandro Roca"",""zh-CN"":""亚历杭德罗·罗卡"",""tr"":""Alejandro Roca"",""ru"":""Алехандро Рока"",""uk"":""Алехандро Рока"",""pl"":""Alejandro Roca"",""hi"":""एलेजांद्रो रोका"",""ar"":""أليخاندرو روكا""}",2019-10-06T09:28:12,2025-12-02T14:39:55,1,Q8194200
648,Alejo Ledesma,3642,X,11,AR,city,,,-33.60643000,-62.62304000,Alejo Ledesma,3310,America/Argentina/Cordoba,"{""br"":""Alejo Ledesma"",""ko"":""알레호 레데스마"",""pt-BR"":""Alejo Ledesma"",""pt"":""Alejo Ledesma"",""nl"":""Alejo Ledesma"",""hr"":""Alejo Ledesma"",""fa"":""آلخو لدسما"",""de"":""Alejo Ledesma"",""es"":""Alejo Ledesma"",""fr"":""Alejo Ledesma"",""ja"":""アレホ・レデスマ"",""it"":""Alejo Ledesma"",""zh-CN"":""阿莱霍·莱德斯马"",""tr"":""Alejo Ledesma"",""ru"":""Алехо Ледесма"",""uk"":""Алехо Ледесма"",""pl"":""Alejo Ledesma"",""hi"":""एलेजो लेडेस्मा"",""ar"":""أليخو ليديسما""}",2019-10-06T09:28:12,2025-12-02T14:39:55,1,Q8194316
649,Allen,3639,R,11,AR,city,,,-38.97736000,-67.82714000,Allen,31864,America/Argentina/Salta,"{""br"":""Allen"",""ko"":""앨런"",""pt-BR"":""Allen"",""pt"":""Allen"",""nl"":""Allen"",""hr"":""Allen"",""fa"":""آلن"",""de"":""Allen"",""es"":""Allen"",""fr"":""Allen"",""ja"":""アレン"",""it"":""Allen"",""zh-CN"":""艾伦"",""tr"":""Allen"",""ru"":""Аллен"",""uk"":""Аллен"",""pl"":""Allen"",""hi"":""एलन"",""ar"":""ألين""}",2019-10-06T09:28:12,2025-12-02T14:39:55,1,Q21848444
650,Almafuerte,3644,N,11,AR,city,,,-27.50825000,-55.40258000,Almafuerte,1022,America/Argentina/Cordoba,"{""br"":""Almafuerte"",""ko"":""알마푸에르테"",""pt-BR"":""Almafuerte"",""pt"":""Almafuerte"",""nl"":""Almafuerte"",""hr"":""Almafuerte"",""fa"":""آلمافورته"",""de"":""Almafuerte"",""es"":""Almafuerte"",""fr"":""Almafuerte"",""ja"":""アルマフエルテ"",""it"":""Almafuerte"",""zh-CN"":""阿尔马富埃特"",""tr"":""Almafuerte"",""ru"":""Альмафуэрте"",""uk"":""Альмафуерте"",""pl"":""Almafuerte"",""hi"":""अल्माफुएर्टे"",""ar"":""ألمافويرتي""}",2019-10-06T09:28:12,2025-12-02T14:39:55,1,Q4733652
651,Almafuerte,3642,X,11,AR,city,,,-32.19296000,-64.25559000,Almafuerte,10534,America/Argentina/Cordoba,"{""br"":""Almafuerte"",""ko"":""알마푸에르테"",""pt-BR"":""Almafuerte"",""pt"":""Almafuerte"",""nl"":""Almafuerte"",""hr"":""Almafuerte"",""fa"":""آلمافورته"",""de"":""Almafuerte"",""es"":""Almafuerte"",""fr"":""Almafuerte"",""ja"":""アルマフエルテ"",""it"":""Almafuerte"",""zh-CN"":""阿尔马富埃特"",""tr"":""Almafuerte"",""ru"":""Альмафуэрте"",""uk"":""Альмафуерте"",""pl"":""Almafuerte"",""hi"":""अल्माफुएर्टे"",""ar"":""ألمافويرتي""}",2019-10-06T09:28:12,2025-12-02T14:39:55,1,Q1935889
652,Alpachiri,3655,L,11,AR,city,,,-37.37704000,-63.77445000,Alpachiri,2138,America/Argentina/Salta,"{""br"":""Alpachiri"",""ko"":""알파치리"",""pt-BR"":""Alpachiri"",""pt"":""Alpachiri"",""nl"":""Alpachiri"",""hr"":""Alpachiri"",""fa"":""آلپاچیری"",""de"":""Alpachiri"",""es"":""Alpachiri"",""fr"":""Alpachiri"",""ja"":""アルパチリ"",""it"":""Alpachiri"",""zh-CN"":""阿尔帕奇里"",""tr"":""Alpachiri"",""ru"":""Альпачири"",""uk"":""Альпачірі"",""pl"":""Alpachiri"",""hi"":""अल्पाचिरी"",""ar"":""ألباتشيري""}",2019-10-06T09:28:12,2025-12-02T14:39:55,1,Q4734750
653,Alta Gracia,3642,X,11,AR,adm2,,,-31.65292000,-64.42826000,Alta Gracia,48140,America/Argentina/Cordoba,"{""br"":""Alta Gracia"",""ko"":""알타 그라시아"",""pt-BR"":""Alta Gracia"",""pt"":""Alta Gracia"",""nl"":""Alta Gracia"",""hr"":""Alta Gracija"",""fa"":""آلتا گراسیا"",""de"":""Alta Gracia"",""es"":""Alta Gracia"",""fr"":""Alta Gracia"",""ja"":""アルタグラシア"",""it"":""Alta Gracia"",""zh-CN"":""上格拉西亚"",""tr"":""Alta Gracia"",""ru"":""Альта Грасия"",""uk"":""Альта Грасія"",""pl"":""Alta Gracia"",""hi"":""अल्टा ग्रासिया"",""ar"":""ألتا غراسيا""}",2019-10-06T09:28:12,2025-12-02T14:39:55,1,Q48293
654,Alta Italia,3655,L,11,AR,city,,,-35.33350000,-64.11496000,Alta Italia,1481,America/Argentina/Salta,"{""br"":""Alta Italia"",""ko"":""알타 이탈리아"",""pt-BR"":""Alta Itália"",""pt"":""Alta Itália"",""nl"":""Alta Italia"",""hr"":""Alta Italija"",""fa"":""آلتا ایتالیا"",""de"":""Alta Italia"",""es"":""Alta Italia"",""fr"":""Haute-Italie"",""ja"":""アルタイタリア"",""it"":""Alta Italia"",""zh-CN"":""阿尔塔意大利"",""tr"":""Alta İtalya"",""ru"":""Альта Италия"",""uk"":""Альта Італія"",""pl"":""Alta Italia"",""hi"":""अल्टा इटालिया"",""ar"":""ألتا إيطاليا""}",2019-10-06T09:28:12,2025-12-02T14:39:55,1,Q4735983
655,Alto Río Senguer,3651,U,11,AR,adm2,,,-45.04105000,-70.81982000,Alto Río Senguer,1570,America/Argentina/Buenos_Aires,"{""br"":""Alto Río Senguer"",""ko"":""알토 리오 센구에르"",""pt-BR"":""Alto Río Senguer"",""pt"":""Alto Río Senguer"",""nl"":""Alto Río Senguer"",""hr"":""Alto Río Senguer"",""fa"":""آلتو ریو سنگوئر"",""de"":""Alto Río Senguer"",""es"":""Alto Río Senguer"",""fr"":""Haut Río Senguer"",""ja"":""アルト・リオ・センゲル"",""it"":""Alto Río Senguer"",""zh-CN"":""上里奥森格尔"",""tr"":""Alto Río Senguer"",""ru"":""Альто-Рио-Сенгер"",""uk"":""Альто-Ріо-Сенгер"",""pl"":""Alto Río Senguer"",""hi"":""ऑल्टो रियो सेंगुएर"",""ar"":""ألتو ريو سينغير""}",2019-10-06T09:28:12,2025-12-02T17:11:50,1,Q178740
656,Altos de Chipión,3642,X,11,AR,city,,,-30.95590000,-62.33727000,Altos de Chipión,1512,America/Argentina/Cordoba,"{""br"":""Altos de Chipión"",""ko"":""알토스 데 치피온"",""pt-BR"":""Altos de Chipión"",""pt"":""Altos de Chipión"",""nl"":""Altos de Chipión"",""hr"":""Altos de Chipión"",""fa"":""آلتوس د چیپیون"",""de"":""Altos de Chipión"",""es"":""Altos de Chipión"",""fr"":""Altos de Chipión"",""ja"":""アルトス・デ・チピオン"",""it"":""Altos de Chipión"",""zh-CN"":""奇皮翁山"",""tr"":""Altos de Chipión"",""ru"":""Альтос де Чипион"",""uk"":""Альтос-де-Чіпіон"",""pl"":""Altos de Chipión"",""hi"":""Altos de Chipión"",""ar"":""Altos de Chipión""}",2019-10-06T09:28:12,2025-12-02T14:39:55,1,Q3613347
657,Aluminé,3648,Q,11,AR,adm2,,,-39.23686000,-70.91970000,Aluminé,3720,America/Argentina/Salta,"{""br"":""Aluminé"",""ko"":""알루미늄"",""pt-BR"":""Alumínio"",""pt"":""Alumínio"",""nl"":""Aluminium"",""hr"":""Aluminij"",""fa"":""آلومینیم"",""de"":""Aluminium"",""es"":""Aluminé"",""fr"":""Aluminé"",""ja"":""アルミネ"",""it"":""Alluminato"",""zh-CN"":""阿卢内"",""tr"":""Alüminyum"",""ru"":""Алюминий"",""uk"":""Алюміній"",""pl"":""Aluminiowy"",""hi"":""एल्युमिने"",""ar"":""ألومنيوم""}",2019-10-06T09:28:12,2025-12-02T14:39:55,1,Q447844
658,Alvear,3638,W,11,AR,adm2,,,-29.09683000,-56.55043000,Alvear,7917,America/Argentina/Cordoba,"{""br"":""Alvear"",""ko"":""알베아르"",""pt-BR"":""Alvear"",""pt"":""Alvear"",""nl"":""Alvear"",""hr"":""Alvear"",""fa"":""آلویر"",""de"":""Alvear"",""es"":""Alvear"",""fr"":""Alvear"",""ja"":""アルベアル"",""it"":""Alveare"",""zh-CN"":""阿尔韦亚尔"",""tr"":""Alvear"",""ru"":""Альвеар"",""uk"":""Альвеар"",""pl"":""Alvear"",""hi"":""अल्वियर"",""ar"":""ألفيار""}",2019-10-06T09:28:12,2025-12-02T14:39:55,1,Q2658439
659,Ancasti,3647,K,11,AR,adm2,,,-28.81247000,-65.50145000,Ancasti,3082,America/Argentina/Catamarca,"{""br"":""Ancasti"",""ko"":""안카스티"",""pt-BR"":""Ancasti"",""pt"":""Ancasti"",""nl"":""Ancasti"",""hr"":""Ancasti"",""fa"":""آنکاستی"",""de"":""Ancasti"",""es"":""Ancasti"",""fr"":""Ancasti"",""ja"":""アンカスティ"",""it"":""Ancasti"",""zh-CN"":""安卡斯蒂"",""tr"":""Ancasti"",""ru"":""Анкасти"",""uk"":""Анкасті"",""pl"":""Ancasti"",""hi"":""अंकास्टी"",""ar"":""أنكاستي""}",2019-10-06T09:28:12,2025-12-02T14:39:55,1,Q21845580
660,Andacollo,3648,Q,11,AR,adm2,,,-37.17945000,-70.66912000,Andacollo,2627,America/Argentina/Salta,"{""br"":""Andacollo"",""ko"":""안다콜로"",""pt-BR"":""Andacollo"",""pt"":""Andacollo"",""nl"":""Andacollo"",""hr"":""Andacollo"",""fa"":""آنداکولو"",""de"":""Andacollo"",""es"":""Andacollo"",""fr"":""Andacollo"",""ja"":""アンダコロ"",""it"":""Andacollo"",""zh-CN"":""安达科洛"",""tr"":""Andacollo"",""ru"":""Андаколло"",""uk"":""Андаколло"",""pl"":""Andacollo"",""hi"":""अंडाकोलो"",""ar"":""أنداكولو""}",2019-10-06T09:28:12,2025-12-02T14:39:55,1,Q2358842
661,Andalgalá,3647,K,11,AR,adm2,,,-27.58185000,-66.31626000,Andalgalá,14068,America/Argentina/Catamarca,"{""br"":""Andalgalá"",""ko"":""안달갈라"",""pt-BR"":""Andalgalá"",""pt"":""Andalgalá"",""nl"":""Andalusië"",""hr"":""Andalgalá"",""fa"":""آندالگالا"",""de"":""Andalgalá"",""es"":""Andalgalá"",""fr"":""Andalgalá"",""ja"":""アンダルガラ"",""it"":""Andalgalá"",""zh-CN"":""安达尔加拉"",""tr"":""Andalgala"",""ru"":""Андалгала"",""uk"":""Андалгала"",""pl"":""Andalgalá"",""hi"":""अंडालगाला"",""ar"":""أندالغالا""}",2019-10-06T09:28:12,2025-12-02T14:39:55,1,Q489679
662,Anguil,3655,L,11,AR,city,,,-36.52567000,-64.01025000,Angulio,1977,America/Argentina/Salta,"{""br"":""Anguil"",""ko"":""앵귈"",""pt-BR"":""Anguil"",""pt"":""Anguil"",""nl"":""Anguil"",""hr"":""Anguil"",""fa"":""آنگیل"",""de"":""Anguil"",""es"":""Anguila"",""fr"":""Anguil"",""ja"":""アンギル"",""it"":""Anguilla"",""zh-CN"":""安吉尔"",""tr"":""Angulus"",""ru"":""Ангиль"",""uk"":""Ангіль"",""pl"":""Anguil"",""hi"":""एंगुइल"",""ar"":""أنغيل""}",2019-10-06T09:28:12,2025-12-02T14:39:55,1,Q937524
663,Antofagasta de la Sierra,3647,K,11,AR,adm2,,,-26.05940000,-67.40636000,Antofagasta de la Sierra,500,America/Argentina/Catamarca,"{""br"":""Antofagasta de la Sierra"",""ko"":""안토파가스타 데 라 시에라"",""pt-BR"":""Antofagasta de la Sierra"",""pt"":""Antofagasta de la Sierra"",""nl"":""Antofagasta de la Sierra"",""hr"":""Antofagasta de la Sierra"",""fa"":""آنتوفاگاستا د لا سیرا"",""de"":""Antofagasta de la Sierra"",""es"":""Antofagasta de la Sierra"",""fr"":""Antofagasta de la Sierra"",""ja"":""アントファガスタ・デ・ラ・シエラ"",""it"":""Antofagasta de la Sierra"",""zh-CN"":""安托法加斯塔德拉谢拉"",""tr"":""Antofagasta de la Sierra"",""ru"":""Антофагаста-де-ла-Сьерра"",""uk"":""Антофагаста-де-ла-Сьєрра"",""pl"":""Antofagasta de la Sierra"",""hi"":""एंटोफ़गास्टा डे ला सिएरा"",""ar"":""أنتوفاجاستا دي لا سييرا""}",2019-10-06T09:28:12,2025-12-02T14:39:55,1,Q2536371
664,Apolinario Saravia,3643,A,11,AR,city,,,-24.43276000,-63.99535000,Apolinario Saravia,8595,America/Argentina/Salta,"{""br"":""Apolinario Saravia"",""ko"":""아폴리나리오 사라비아"",""pt-BR"":""Apolinário Saravia"",""pt"":""Apolinário Saravia"",""nl"":""Apolinario Saravia"",""hr"":""Apolinario Saravia"",""fa"":""آپولیناریو ساراویا"",""de"":""Apolinario Saravia"",""es"":""Apolinario Saravia"",""fr"":""Apolinario Saravia"",""ja"":""アポリナリオ・サラビア"",""it"":""Apolinario Saravia"",""zh-CN"":""阿波利纳里奥·萨拉维亚"",""tr"":""Apolinario Saravia"",""ru"":""Аполинарио Саравия"",""uk"":""Аполінаріо Саравія"",""pl"":""Apolinario Saravia"",""hi"":""अपोलिनारियो साराविया"",""ar"":""أبوليناريو سارافيا""}",2019-10-06T09:28:12,2025-12-02T14:39:55,1,Q4780228
665,Aranguren,3654,E,11,AR,city,,,-32.24252000,-60.16107000,Argurur,1581,America/Argentina/Cordoba,"{""br"":""Aranguren"",""ko"":""아랑구렌"",""pt-BR"":""Aranguren"",""pt"":""Aranguren"",""nl"":""Aranguren"",""hr"":""Aranguren"",""fa"":""آرانگورن"",""de"":""Aranguren"",""es"":""Aranguren"",""fr"":""Aranguren"",""ja"":""アランギュレン"",""it"":""Aranguren"",""zh-CN"":""阿朗古伦"",""tr"":""Aranjuren"",""ru"":""Арангурен"",""uk"":""Арангурен"",""pl"":""Aranguren"",""hi"":""अरंगुरेन"",""ar"":""أرانغورين""}",2019-10-06T09:28:12,2025-12-02T14:39:55,1,Q4784111
666,Arata,3655,L,11,AR,city,,,-35.63895000,-64.35621000,Arata,1202,America/Argentina/Salta,"{""br"":""Arata"",""ko"":""아라타"",""pt-BR"":""Arata"",""pt"":""Arata"",""nl"":""Arata"",""hr"":""Arata"",""fa"":""آراتا"",""de"":""Arata"",""es"":""Arata"",""fr"":""Arata"",""ja"":""アラタ"",""it"":""Arata"",""zh-CN"":""新"",""tr"":""Arata"",""ru"":""Арата"",""uk"":""Арата"",""pl"":""Arata"",""hi"":""अराता"",""ar"":""أراتا""}",2019-10-06T09:28:12,2025-12-02T14:39:55,1,Q933365
667,Arauco,3653,F,11,AR,city,,,-28.58071000,-66.79250000,Arauco,13720,America/Argentina/La_Rioja,"{""br"":""Arauco"",""ko"":""아라우코"",""pt-BR"":""Arauco"",""pt"":""Arauco"",""nl"":""Arauco"",""hr"":""Arauco"",""fa"":""آراوکو"",""de"":""Arauco"",""es"":""Arauco"",""fr"":""Arauco"",""ja"":""アラウコ"",""it"":""Arauco"",""zh-CN"":""阿劳科"",""tr"":""Arauco"",""ru"":""Арауко"",""uk"":""Арауко"",""pl"":""Arauco"",""hi"":""अरौको"",""ar"":""أراوكو""}",2019-10-06T09:28:12,2025-12-02T14:39:55,1,Q4784463
668,Arias,3642,X,11,AR,city,,,-33.64411000,-62.40272000,Arias,6928,America/Argentina/Cordoba,"{""br"":""Arias"",""ko"":""아리아스"",""pt-BR"":""Árias"",""pt"":""Árias"",""nl"":""Aria's"",""hr"":""Arije"",""fa"":""آریاس"",""de"":""Arien"",""es"":""Arias"",""fr"":""Arias"",""ja"":""アリアス"",""it"":""Arie"",""zh-CN"":""阿里亚斯"",""tr"":""Aryalar"",""ru"":""Арии"",""uk"":""Арії"",""pl"":""Arie"",""hi"":""एरियस"",""ar"":""أرياس""}",2019-10-06T09:28:12,2025-12-02T14:39:55,1,Q2693020
669,Aristóbulo del Valle,3644,N,11,AR,city,,,-27.09625000,-54.89626000,Aristóbulo del Valle,20683,America/Argentina/Cordoba,"{""br"":""Aristobulo del Valle"",""ko"":""아리스토불로 델 발레"",""pt-BR"":""Aristóbulo del Valle"",""pt"":""Aristóbulo del Valle"",""nl"":""Aristobulo del Valle"",""hr"":""Aristobulo del Valle"",""fa"":""آریستوبولو دل واله"",""de"":""Aristobulo del Valle"",""es"":""Aristóbulo del Valle"",""fr"":""Aristóbulo del Valle"",""ja"":""アリストブロ・デル・ヴァッレ"",""it"":""Aristóbulo del Valle"",""zh-CN"":""阿里斯托布洛·德尔·瓦列"",""tr"":""Aristóbulo del Valle"",""ru"":""Аристобуло дель Валле"",""uk"":""Арістобуло дель Вальє"",""pl"":""Arystobulo del Valle"",""hi"":""अरिस्टोबुलो डेल वैले"",""ar"":""أريستوبولو ديل فالي""}",2019-10-06T09:28:12,2025-12-02T14:39:55,1,Q2861426
670,Armstrong,3641,S,11,AR,city,,,-32.78215000,-61.60222000,Brazo,11181,America/Argentina/Cordoba,"{""br"":""Armstrong"",""ko"":""암스트롱"",""pt-BR"":""Armstrong"",""pt"":""Armstrong"",""nl"":""Armstrong"",""hr"":""Armstrong"",""fa"":""آرمسترانگ"",""de"":""Armstrong"",""es"":""Armstrong"",""fr"":""Armstrong"",""ja"":""アームストロング"",""it"":""Armstrong"",""zh-CN"":""阿姆斯特朗"",""tr"":""Armstrong"",""ru"":""Армстронг"",""uk"":""Армстронг"",""pl"":""Armstrong"",""hi"":""आर्मस्ट्रांग"",""ar"":""أرمسترونج""}",2019-10-06T09:28:12,2025-12-02T14:39:55,1,Q2397804
671,Arroyito,3642,X,11,AR,city,,,-31.42022000,-63.05002000,Arroyito,22726,America/Argentina/Cordoba,"{""br"":""Arroyito"",""ko"":""아로이토"",""pt-BR"":""Arroyito"",""pt"":""Arroyito"",""nl"":""Arroyito"",""hr"":""Arroyito"",""fa"":""آرویتو"",""de"":""Arroyito"",""es"":""Arroyito"",""fr"":""Arroyito"",""ja"":""アロイト"",""it"":""Arroyito"",""zh-CN"":""阿罗伊托"",""tr"":""Arroyito"",""ru"":""Арройито"",""uk"":""Арройто"",""pl"":""Arroyito"",""hi"":""अरोयितो"",""ar"":""أروييتو""}",2019-10-06T09:28:12,2025-12-02T14:39:55,1,Q671062
672,Arroyo Cabral,3642,X,11,AR,city,,,-32.49119000,-63.40126000,Arroyo Cabral,2727,America/Argentina/Cordoba,"{""br"":""Arroyo Cabral"",""ko"":""아로요 카브랄"",""pt-BR"":""Arroyo Cabral"",""pt"":""Arroyo Cabral"",""nl"":""Arroyo Cabral"",""hr"":""Arroyo Cabral"",""fa"":""آرویو کابرال"",""de"":""Arroyo Cabral"",""es"":""Arroyo Cabral"",""fr"":""Arroyo Cabral"",""ja"":""アロヨ・カブラル"",""it"":""Arroyo Cabral"",""zh-CN"":""阿罗约·卡布拉尔"",""tr"":""Arroyo Cabral"",""ru"":""Арройо Кабрал"",""uk"":""Арройо Кабрал"",""pl"":""Arroyo Cabral"",""hi"":""अरोयो कैब्राल"",""ar"":""أرويو كابرال""}",2019-10-06T09:28:12,2025-12-02T14:39:55,1,Q21845813
673,Arroyo Seco,3641,S,11,AR,city,,,-33.15489000,-60.50863000,Arroyo Seco,20620,America/Argentina/Buenos_Aires,"{""br"":""Arroyo Seco"",""ko"":""아로요 세코"",""pt-BR"":""Arroyo Seco"",""pt"":""Arroyo Seco"",""nl"":""Arroyo Seco"",""hr"":""Arroyo Seco"",""fa"":""آرویو سکو"",""de"":""Arroyo Seco"",""es"":""Arroyo Seco"",""fr"":""Arroyo Seco"",""ja"":""アロヨ・セコ"",""it"":""Arroyo Seco"",""zh-CN"":""阿罗约·塞科"",""tr"":""Arroyo Seco"",""ru"":""Арройо Секо"",""uk"":""Арройо Секо"",""pl"":""Arroyo Seco"",""hi"":""अरोयो सेको"",""ar"":""أرويو سيكو""}",2019-10-06T09:28:12,2025-12-02T17:11:50,1,Q974987
674,Arroyo del Medio,3644,N,11,AR,city,,,-27.69748000,-55.40376000,Arroyo del Medio,2142,America/Argentina/Cordoba,"{""br"":""Arroyo del Medio"",""ko"":""아로요 델 메디오"",""pt-BR"":""Arroyo del Medio"",""pt"":""Arroyo del Medio"",""nl"":""Arroyo del Medio"",""hr"":""Arroyo del Medio"",""fa"":""آرویو دل مدیو"",""de"":""Arroyo del Medio"",""es"":""Arroyo del Medio"",""fr"":""Arroyo del Medio"",""ja"":""アロヨ・デル・メディオ"",""it"":""Arroyo del Medio"",""zh-CN"":""阿罗约德尔梅迪奥"",""tr"":""Arroyo del Medio"",""ru"":""Арройо дель Медио"",""uk"":""Арройо-дель-Медіо"",""pl"":""Arroyo del Medio"",""hi"":""अरोयो डेल मेडियो"",""ar"":""أرويو ديل ميديو""}",2019-10-06T09:28:12,2025-12-02T14:39:55,1,Q2242988
675,Arrufó,3641,S,11,AR,city,,,-30.23281000,-61.72862000,Arrufó,2190,America/Argentina/Cordoba,"{""br"":""Arrufó"",""ko"":""아루포"",""pt-BR"":""Arrufó"",""pt"":""Arrufó"",""nl"":""Arrufó"",""hr"":""Arrufó"",""fa"":""آروفو"",""de"":""Arrufó"",""es"":""Arrufó"",""fr"":""Arrufó"",""ja"":""アルフォ"",""it"":""Arrufó"",""zh-CN"":""阿鲁福"",""tr"":""Arrufo"",""ru"":""Арруфо"",""uk"":""Арруфо"",""pl"":""Arrufó"",""hi"":""अरुफो"",""ar"":""أروفو""}",2019-10-06T09:28:12,2025-12-02T14:39:55,1,Q8205105
676,Avellaneda,3641,S,11,AR,city,,,-29.11761000,-59.65834000,Avellaneda,23341,America/Argentina/Cordoba,"{""br"":""Avellaneda"",""ko"":""아벨라네다"",""pt-BR"":""Avellaneda"",""pt"":""Avellaneda"",""nl"":""Avellaneda"",""hr"":""Avellaneda"",""fa"":""آوِلاندا"",""de"":""Avellaneda"",""es"":""Avellaneda"",""fr"":""Avellaneda"",""ja"":""アベジャネーダ"",""it"":""Avellaneda"",""zh-CN"":""阿韦利亚内达"",""tr"":""Avellaneda"",""ru"":""Авельянеда"",""uk"":""Авелланеда"",""pl"":""Avellaneda"",""hi"":""एवेल्लानेडा"",""ar"":""أفيلاينيدا""}",2019-10-06T09:28:13,2025-12-02T14:39:55,1,Q932398
677,Aviá Terai,3640,H,11,AR,city,,,-26.68532000,-60.72920000,Aviá terai,6821,America/Argentina/Cordoba,"{""br"":""Aviá Terai"",""ko"":""아비아 테라이"",""pt-BR"":""Aviá Terai"",""pt"":""Aviá Terai"",""nl"":""Aviá Terai"",""hr"":""Aviá Terai"",""fa"":""آویا ترای"",""de"":""Aviá Terai"",""es"":""Aviá Terai"",""fr"":""Aviá Terai"",""ja"":""アビア・テライ"",""it"":""Aviá Terai"",""zh-CN"":""阿维亚特莱"",""tr"":""Aviá Terai"",""ru"":""Авиа Терай"",""uk"":""Авіа Терай"",""pl"":""Aviá Terai"",""hi"":""एविया तराई"",""ar"":""أفيا تيراي""}",2019-10-06T09:28:13,2025-12-02T14:39:55,1,Q528399
678,Azara,3644,N,11,AR,city,,,-28.06160000,-55.67797000,Aclarar,3484,America/Argentina/Cordoba,"{""br"":""Azara"",""ko"":""아자라"",""pt-BR"":""Azara"",""pt"":""Azara"",""nl"":""Azara"",""hr"":""Azara"",""fa"":""آزارا"",""de"":""Azara"",""es"":""Azara"",""fr"":""Azara"",""ja"":""アザラ"",""it"":""Azara"",""zh-CN"":""阿扎拉"",""tr"":""Azara"",""ru"":""Азара"",""uk"":""Азара"",""pl"":""Azara"",""hi"":""अज़ारा"",""ar"":""أزارا""}",2019-10-06T09:28:13,2025-12-02T14:39:55,1,Q5243541
679,Añatuya,3635,G,11,AR,adm2,,,-28.46064000,-62.83472000,Añatuya,20261,America/Argentina/Cordoba,"{""br"":""Añatuya"",""ko"":""아냐투야"",""pt-BR"":""Añatuya"",""pt"":""Añatuya"",""nl"":""Añatuya"",""hr"":""Añatuya"",""fa"":""آناتویا"",""de"":""Añatuya"",""es"":""Añatuya"",""fr"":""Añatuya"",""ja"":""アナトゥヤ"",""it"":""Añatuya"",""zh-CN"":""阿纳图亚"",""tr"":""Añatuya"",""ru"":""Аньятуйя"",""uk"":""Аньятуя"",""pl"":""Añatuya"",""hi"":""अनातुया"",""ar"":""أناتويا""}",2019-10-06T09:28:13,2025-12-02T14:39:55,1,Q794668
680,Añelo,3648,Q,11,AR,adm2,,,-38.35441000,-68.78840000,Añelo,1742,America/Argentina/Salta,"{""br"":""Añelo"",""ko"":""아넬로"",""pt-BR"":""Añelo"",""pt"":""Añelo"",""nl"":""Añelo"",""hr"":""Añelo"",""fa"":""آنلو"",""de"":""Añelo"",""es"":""Añelo"",""fr"":""Añelo"",""ja"":""アネロ"",""it"":""Añelo"",""zh-CN"":""阿涅洛"",""tr"":""Añelo"",""ru"":""Аньело"",""uk"":""Аньєло"",""pl"":""Rok"",""hi"":""अनेलो"",""ar"":""أنيلو""}",2019-10-06T09:28:13,2025-12-02T14:39:55,1,Q794673
681,Balnearia,3642,X,11,AR,city,,,-31.00880000,-62.66733000,Balnearia,5585,America/Argentina/Cordoba,"{""br"":""Balnearia"",""ko"":""발네아리아"",""pt-BR"":""Balneário"",""pt"":""Balneário"",""nl"":""Balnearia"",""hr"":""Balnearia"",""fa"":""بالنیاریا"",""de"":""Balnearia"",""es"":""Balneario"",""fr"":""Balnéaire"",""ja"":""バルネアリア"",""it"":""Balnearia"",""zh-CN"":""巴尔内阿里亚"",""tr"":""Balnearia"",""ru"":""Бальнеария"",""uk"":""Балнеарія"",""pl"":""Balnearia"",""hi"":""बाल्नेरिया"",""ar"":""بلنياريا""}",2019-10-06T09:28:13,2025-12-02T14:39:55,1,Q8240830
684,Barrancas,3648,Q,11,AR,city,,,-36.82344000,-69.91564000,Barrancas,1098,America/Argentina/Salta,"{""br"":""Barrancas"",""ko"":""바랑카스"",""pt-BR"":""Barrancas"",""pt"":""Barrancas"",""nl"":""Barrancas"",""hr"":""Barrancas"",""fa"":""بارانکاس"",""de"":""Barrancas"",""es"":""Barrancas"",""fr"":""Barrancas"",""ja"":""バランカス"",""it"":""Barrancas"",""zh-CN"":""巴兰卡斯"",""tr"":""Barrancas"",""ru"":""Барранкас"",""uk"":""Барранкас"",""pl"":""Barrancas"",""hi"":""बारांकास"",""ar"":""بارانكاس""}",2019-10-06T09:28:13,2025-12-02T14:39:55,1,Q4863233
685,Barranqueras,3640,H,11,AR,city,,,-27.48132000,-58.93925000,Barranqueras,50823,America/Argentina/Cordoba,"{""br"":""Barranqueras"",""ko"":""바랑케라스"",""pt-BR"":""Barranqueras"",""pt"":""Barranqueras"",""nl"":""Barranqueras"",""hr"":""Barranqueras"",""fa"":""بارانکراس"",""de"":""Barranqueras"",""es"":""Barranqueras"",""fr"":""Barranqueras"",""ja"":""バランケラス"",""it"":""Barranqueras"",""zh-CN"":""巴兰克拉斯"",""tr"":""Barranqueras"",""ru"":""Барранкерас"",""uk"":""Барранкерас"",""pl"":""Barranqueras"",""hi"":""बैरेंक्वेरस"",""ar"":""بارانكيراس""}",2019-10-06T09:28:13,2025-12-02T14:39:55,1,Q2885504
686,Basail,3640,H,11,AR,city,,,-27.88539000,-59.28245000,Salail,3652,America/Argentina/Cordoba,"{""br"":""Basail"",""ko"":""바사일"",""pt-BR"":""Manjericão"",""pt"":""Manjericão"",""nl"":""Basil"",""hr"":""Basail"",""fa"":""باسیل"",""de"":""Basail"",""es"":""Basail"",""fr"":""Basile"",""ja"":""バサイル"",""it"":""Basail"",""zh-CN"":""巴塞尔"",""tr"":""Bazail"",""ru"":""Василий"",""uk"":""Басаїл"",""pl"":""Basail"",""hi"":""बसैल"",""ar"":""الريحان""}",2019-10-06T09:28:13,2025-12-02T14:39:55,1,Q1578997
688,Bell Ville,3642,X,11,AR,adm2,,,-32.62591000,-62.68873000,Campana,33835,America/Argentina/Cordoba,"{""br"":""Kêr Kloc'h"",""ko"":""벨빌"",""pt-BR"":""Bell Ville"",""pt"":""Bell Ville"",""nl"":""Bell Ville"",""hr"":""Bell Ville"",""fa"":""بل ویل"",""de"":""Bell Ville"",""es"":""Bell Ville"",""fr"":""Bell Ville"",""ja"":""ベルヴィル"",""it"":""Bell Ville"",""zh-CN"":""贝尔维尔"",""tr"":""Bell Ville"",""ru"":""Белл Вилль"",""uk"":""Белл Вілле"",""pl"":""Bell Ville"",""hi"":""बेल विले"",""ar"":""بيل فيل""}",2019-10-06T09:28:13,2025-12-02T14:39:55,1,Q284308
689,Bella Italia,3641,S,11,AR,city,,,-31.28182000,-61.41092000,Hermosa Italia,1100,America/Argentina/Cordoba,"{""br"":""Bella Italia"",""ko"":""벨라 이탈리아"",""pt-BR"":""Bella Itália"",""pt"":""Bella Itália"",""nl"":""Mooi Italië"",""hr"":""Bella Italija"",""fa"":""بلا ایتالیا"",""de"":""Bella Italia"",""es"":""Bella Italia"",""fr"":""Belle Italie"",""ja"":""ベラ・イタリア"",""it"":""Bella Italia"",""zh-CN"":""贝拉意大利"",""tr"":""Güzel İtalya"",""ru"":""Прекрасная Италия"",""uk"":""Белла Італія"",""pl"":""Piękne Włochy"",""hi"":""बेला इटालिया"",""ar"":""بيلا إيطاليا""}",2019-10-06T09:28:13,2025-12-02T14:39:55,1,Q5725165
690,Bella Vista,3637,T,11,AR,adm2,,,-27.03424000,-65.30196000,Hermosa vista,15126,America/Argentina/Tucuman,"{""br"":""Bella Vista"",""ko"":""벨라 비스타"",""pt-BR"":""Bella Vista"",""pt"":""Bella Vista"",""nl"":""Prachtig uitzicht"",""hr"":""Bella Vista"",""fa"":""بلا ویستا"",""de"":""Bella Vista"",""es"":""Bella Vista"",""fr"":""Bella Vista"",""ja"":""ベラビスタ"",""it"":""Bella Vista"",""zh-CN"":""贝拉维斯塔"",""tr"":""Bella Vista"",""ru"":""Белла Виста"",""uk"":""Белла Віста"",""pl"":""Bella Vista"",""hi"":""बेला विस्टा"",""ar"":""بيلا فيستا""}",2019-10-06T09:28:13,2025-12-02T14:39:55,1,Q815781
691,Beltrán,3635,G,11,AR,city,,,-27.82913000,-64.06098000,Beltrán,5321,America/Argentina/Cordoba,"{""br"":""Beltrán"",""ko"":""벨트란"",""pt-BR"":""Beltrán"",""pt"":""Beltrán"",""nl"":""Beltran"",""hr"":""Beltrán"",""fa"":""بلتران"",""de"":""Beltrán"",""es"":""Beltrán"",""fr"":""Beltran"",""ja"":""ベルトラン"",""it"":""Beltrán"",""zh-CN"":""贝尔特兰"",""tr"":""Beltran"",""ru"":""Бельтран"",""uk"":""Белтран"",""pl"":""Beltrán"",""hi"":""बेल्ट्रान"",""ar"":""بلتران""}",2019-10-06T09:28:13,2025-12-02T14:39:55,1,Q4884800
692,Bernardo Larroudé,3655,L,11,AR,city,,,-35.02449000,-63.58253000,Bernardo Larroudé,1619,America/Argentina/Salta,"{""br"":""Bernardo Larroudé"",""ko"":""베르나르도 라루데"",""pt-BR"":""Bernardo Larroudé"",""pt"":""Bernardo Larroudé"",""nl"":""Bernardo Larroudé"",""hr"":""Bernardo Larroudé"",""fa"":""برناردو لاروده"",""de"":""Bernardo Larroudé"",""es"":""Bernardo Larroudé"",""fr"":""Bernardo Larroudé"",""ja"":""ベルナルド・ラルデ"",""it"":""Bernardo Larroudé"",""zh-CN"":""贝尔纳多·拉鲁德"",""tr"":""Bernardo Larroudé"",""ru"":""Бернардо Ларруде"",""uk"":""Бернардо Ларруде"",""pl"":""Bernardo Larroudé"",""hi"":""बर्नार्डो लारौडे"",""ar"":""برناردو لارودي""}",2019-10-06T09:28:13,2025-12-02T14:39:55,1,Q584726
693,Bernardo de Irigoyen,3644,N,11,AR,adm2,,,-26.25520000,-53.64581000,Bernardo de Irigoyen,10889,America/Argentina/Cordoba,"{""br"":""Bernardo de Irigoyen"",""ko"":""베르나르도 데 이리고이엔"",""pt-BR"":""Bernardo de Irigoyen"",""pt"":""Bernardo de Irigoyen"",""nl"":""Bernardo de Irigoyen"",""hr"":""Bernardo de Irigoyen"",""fa"":""برناردو دِ ایریگوین"",""de"":""Bernardo de Irigoyen"",""es"":""Bernardo de Irigoyen"",""fr"":""Bernardo de Irigoyen"",""ja"":""ベルナルド・デ・イリゴイエン"",""it"":""Bernardo de Irigoyen"",""zh-CN"":""贝尔纳多·德·伊里戈延"",""tr"":""Bernardo de Irigoyen"",""ru"":""Бернардо де Иригойен"",""uk"":""Бернардо де Ірігойєн"",""pl"":""Bernardo de Irigoyen"",""hi"":""बर्नार्डो डी इरिगोयेन"",""ar"":""برناردو دي إيريجوين""}",2019-10-06T09:28:13,2025-12-02T14:39:55,1,Q823073
694,Bernasconi,3655,L,11,AR,adm2,,,-37.90459000,-63.74240000,Bernasconi,1781,America/Argentina/Salta,"{""br"":""Bernasconi"",""ko"":""베르나스코니"",""pt-BR"":""Bernasconi"",""pt"":""Bernasconi"",""nl"":""Bernasconi"",""hr"":""Bernasconi"",""fa"":""برناسکونی"",""de"":""Bernasconi"",""es"":""Bernasconi"",""fr"":""Bernasconi"",""ja"":""ベルナスコーニ"",""it"":""Bernasconi"",""zh-CN"":""贝尔纳斯科尼"",""tr"":""Bernasconi"",""ru"":""Бернаскони"",""uk"":""Бернасконі"",""pl"":""Bernasconi"",""hi"":""बर्नास्कोनी"",""ar"":""بيرناسكوني""}",2019-10-06T09:28:13,2025-12-02T14:39:55,1,Q530248
695,Berrotarán,3642,X,11,AR,city,,,-32.45100000,-64.38867000,Berrotarán,6446,America/Argentina/Cordoba,"{""br"":""Berrotarán"",""ko"":""베로타란"",""pt-BR"":""Berrotarán"",""pt"":""Berrotarán"",""nl"":""Berrotarán"",""hr"":""Berrotarán"",""fa"":""بروتاران"",""de"":""Berrotarán"",""es"":""Berrotarán"",""fr"":""Berrotarán"",""ja"":""ベロタラン"",""it"":""Berrotarán"",""zh-CN"":""贝罗塔兰"",""tr"":""Berrotarán"",""ru"":""Берротаран"",""uk"":""Берротаран"",""pl"":""Berrotarán"",""hi"":""बेरोटारन"",""ar"":""بيروتاران""}",2019-10-06T09:28:13,2025-12-02T14:39:55,1,Q8247020
696,Berón de Astrada,3638,W,11,AR,adm2,,,-27.55067000,-57.53460000,Berón de Astrada,2826,America/Argentina/Buenos_Aires,"{""br"":""Berón de Astrada"",""ko"":""베론 데 아스트라다"",""pt-BR"":""Berón de Astrada"",""pt"":""Berón de Astrada"",""nl"":""Berón de Astrada"",""hr"":""Berón de Astrada"",""fa"":""برون د آسترادا"",""de"":""Berón de Astrada"",""es"":""Berón de Astrada"",""fr"":""Berón de Astrada"",""ja"":""ベロン・デ・アストラーダ"",""it"":""Berón de Astrada"",""zh-CN"":""贝隆·德·阿斯特拉达"",""tr"":""Berón de Astrada"",""ru"":""Берон де Астрада"",""uk"":""Берон-де-Астрада"",""pl"":""Berón de Astrada"",""hi"":""बेरोन डे एस्ट्राडा"",""ar"":""بيرون دي أسترادا""}",2019-10-06T09:28:13,2025-12-02T17:11:50,1,Q55856
698,Bonpland,3638,W,11,AR,city,,,-29.81708000,-57.42974000,Pez gordo,1063,America/Argentina/Cordoba,"{""br"":""Bonpland"",""ko"":""본플란드"",""pt-BR"":""Bonpland"",""pt"":""Bonpland"",""nl"":""Bonpland"",""hr"":""Bonpland"",""fa"":""بونپلاند"",""de"":""Bonpland"",""es"":""Bonpland"",""fr"":""Bonpland"",""ja"":""ボンプランド"",""it"":""Bonpland"",""zh-CN"":""邦普兰"",""tr"":""Bonpland"",""ru"":""Бонплан"",""uk"":""Бонпланд"",""pl"":""Bonpland"",""hi"":""बोनपलैंड"",""ar"":""بونبلاند""}",2019-10-06T09:28:13,2025-12-02T14:39:55,1,Q4942564
699,Bonpland,3644,N,11,AR,city,,,-27.48218000,-55.47756000,Pez gordo,2173,America/Argentina/Cordoba,"{""br"":""Bonpland"",""ko"":""본플란드"",""pt-BR"":""Bonpland"",""pt"":""Bonpland"",""nl"":""Bonpland"",""hr"":""Bonpland"",""fa"":""بونپلاند"",""de"":""Bonpland"",""es"":""Bonpland"",""fr"":""Bonpland"",""ja"":""ボンプランド"",""it"":""Bonpland"",""zh-CN"":""邦普兰"",""tr"":""Bonpland"",""ru"":""Бонплан"",""uk"":""Бонпланд"",""pl"":""Bonpland"",""hi"":""बोनपलैंड"",""ar"":""بونبلاند""}",2019-10-06T09:28:13,2025-12-02T14:39:55,1,Q21828961
700,Bovril,3654,E,11,AR,city,,,-31.34311000,-59.44512000,Bovril,7977,America/Argentina/Cordoba,"{""br"":""Bovril"",""ko"":""보브릴"",""pt-BR"":""Bovril"",""pt"":""Bovril"",""nl"":""Bovril"",""hr"":""Bovril"",""fa"":""بووریل"",""de"":""Bovril"",""es"":""Bovril"",""fr"":""Bovril"",""ja"":""ボブリル"",""it"":""Bovril"",""zh-CN"":""博维利"",""tr"":""Bovril"",""ru"":""Боврил"",""uk"":""Бовріл"",""pl"":""Bovril"",""hi"":""Bovril"",""ar"":""بوفريل""}",2019-10-06T09:28:13,2025-12-02T14:39:55,1,Q2626346
701,Brinkmann,3642,X,11,AR,city,,,-30.86589000,-62.03742000,Brinkmann,8237,America/Argentina/Buenos_Aires,"{""br"":""Brinkmann"",""ko"":""브링크만"",""pt-BR"":""Brinkmann"",""pt"":""Brinkmann"",""nl"":""Brinkmann"",""hr"":""Brinkmann"",""fa"":""برینکمن"",""de"":""Brinkmann"",""es"":""Brinkmann"",""fr"":""Brinkmann"",""ja"":""ブリンクマン"",""it"":""Brinkmann"",""zh-CN"":""布林克曼"",""tr"":""Brinkmann"",""ru"":""Бринкманн"",""uk"":""Брінкманн"",""pl"":""Brinkmann"",""hi"":""Brinkmann"",""ar"":""برينكمان""}",2019-10-06T09:28:13,2025-12-02T17:11:50,1,Q17297395
702,Buchardo,3642,X,11,AR,city,,,-34.72263000,-63.50920000,Bucardo,1756,America/Argentina/Cordoba,"{""br"":""Buchardo"",""ko"":""부차르도"",""pt-BR"":""Buchardo"",""pt"":""Buchardo"",""nl"":""Buchardo"",""hr"":""Buchardo"",""fa"":""بوچاردو"",""de"":""Buchardo"",""es"":""Buchardo"",""fr"":""Buchardo"",""ja"":""ブチャルド"",""it"":""Buchardo"",""zh-CN"":""布查多"",""tr"":""Buchardo"",""ru"":""Бучардо"",""uk"":""Бучардо"",""pl"":""Buchardo"",""hi"":""बुचार्डो"",""ar"":""بوتشاردو""}",2019-10-06T09:28:13,2025-12-02T14:39:55,1,Q8253269
703,Buena Esperanza,3636,D,11,AR,adm2,,,-34.75647000,-65.25379000,Buena Esperanza,2531,America/Argentina/San_Luis,"{""br"":""Buena Esperanza"",""ko"":""부에나 에스페란자"",""pt-BR"":""Boa Esperança"",""pt"":""Boa Esperança"",""nl"":""Goede Esperanza"",""hr"":""Buena Esperanza"",""fa"":""بوئنا اسپرانزا"",""de"":""Buena Esperanza"",""es"":""Buena Esperanza"",""fr"":""Bonne espérance"",""ja"":""ブエナ・エスペランサ"",""it"":""Buona Speranza"",""zh-CN"":""布埃纳埃斯佩兰萨"",""tr"":""İyi Umut"",""ru"":""Буэна Эсперанса"",""uk"":""Буена Есперанса"",""pl"":""Buena Esperanza"",""hi"":""बुएना एस्पेरांज़ा"",""ar"":""بوينا إسبيرانزا""}",2019-10-06T09:28:13,2025-12-02T14:39:55,1,Q786129
705,Burruyacú,3637,T,11,AR,adm2,,,-26.49918000,-64.74206000,Burruyacú,2037,America/Argentina/Tucuman,"{""br"":""Burruyacú"",""ko"":""부루야쿠"",""pt-BR"":""Burruyacú"",""pt"":""Burruyacú"",""nl"":""Burruyacú"",""hr"":""Burruyacú"",""fa"":""بورویاکو"",""de"":""Burruyacú"",""es"":""Burruyacú"",""fr"":""Burruyacu"",""ja"":""ブルヤク"",""it"":""Burruyacú"",""zh-CN"":""布鲁亚库"",""tr"":""Burruyacú"",""ru"":""Бурруяку"",""uk"":""Бурруяку"",""pl"":""Burruyacú"",""hi"":""बुरुयाकू"",""ar"":""بوروياكو""}",2019-10-06T09:28:13,2025-12-02T14:39:55,1,Q386975
706,Buta Ranquil,3648,Q,11,AR,city,,,-37.05222000,-69.87713000,Ranquil ciego,2221,America/Argentina/Salta,"{""br"":""Buta Ranquil"",""ko"":""부타 란킬"",""pt-BR"":""Buta Ranquil"",""pt"":""Buta Ranquil"",""nl"":""Buta Ranquil"",""hr"":""Buta Ranquil"",""fa"":""بوتا رانکوئیل"",""de"":""Buta Ranquil"",""es"":""Buta Ranquil"",""fr"":""Buta Ranquil"",""ja"":""ブタ・ランキル"",""it"":""Buta Ranquil"",""zh-CN"":""布塔·兰奎尔"",""tr"":""Buta Ranquil"",""ru"":""Бута Ранкиль"",""uk"":""Бута Ранквіл"",""pl"":""Buta Ranquil"",""hi"":""बूटा रैन्क्विल"",""ar"":""بوتا رانكويل""}",2019-10-06T09:28:13,2025-12-02T14:39:55,1,Q630891
707,Cachí,3643,A,11,AR,adm2,,,-25.12033000,-66.16519000,Caché,2189,America/Argentina/Salta,"{""br"":""Cachí"",""ko"":""카치"",""pt-BR"":""Cachí"",""pt"":""Cachí"",""nl"":""Cachí"",""hr"":""Cachí"",""fa"":""کاش"",""de"":""Cachí"",""es"":""Cachí"",""fr"":""Cachi"",""ja"":""カチ"",""it"":""Cachí"",""zh-CN"":""卡奇"",""tr"":""Cachi"",""ru"":""Качи"",""uk"":""Качі"",""pl"":""Cachí"",""hi"":""cachi"",""ar"":""كاتشي""}",2019-10-06T09:28:13,2025-12-02T14:39:55,1,Q520684
708,Cafayate,3643,A,11,AR,city,,,-26.08333000,-65.83333000,Cafayate,11785,America/Argentina/Buenos_Aires,"{""br"":""Cafayate"",""ko"":""카파야테"",""pt-BR"":""Cafayate"",""pt"":""Cafayate"",""nl"":""Cafayate"",""hr"":""Cafayate"",""fa"":""کفایت"",""de"":""Cafayate"",""es"":""Cafayate"",""fr"":""Cafayate"",""ja"":""カファヤテ"",""it"":""Cafayate"",""zh-CN"":""卡法亚特"",""tr"":""Cafayate"",""ru"":""Кафайяте"",""uk"":""Кафаяте"",""pl"":""Cafayate"",""hi"":""कैफायते"",""ar"":""كافاياتي""}",2019-10-06T09:28:13,2025-12-02T16:59:27,1,Q1190297
709,Caimancito,3645,Y,11,AR,city,,,-23.74069000,-64.59370000,Caimancito,5403,America/Argentina/Jujuy,"{""br"":""Caimancito"",""ko"":""카이만시토"",""pt-BR"":""Caimancito"",""pt"":""Caimancito"",""nl"":""Caimancito"",""hr"":""Caimancito"",""fa"":""کایمانسیتو"",""de"":""Caimancito"",""es"":""Caimancito"",""fr"":""Caïmancito"",""ja"":""カイマンシト"",""it"":""Caimancito"",""zh-CN"":""凯门鳄"",""tr"":""Kayman"",""ru"":""Каймансито"",""uk"":""Каймансіто"",""pl"":""Caimancito"",""hi"":""कैमनसिटो"",""ar"":""كايمانسيتو""}",2019-10-06T09:28:13,2025-12-02T14:39:55,1,Q1749213
710,Calchaquí,3641,S,11,AR,city,,,-29.88767000,-60.28697000,Calchaquí,10221,America/Argentina/Cordoba,"{""br"":""Calchaquí"",""ko"":""칼차키"",""pt-BR"":""Calchaquí"",""pt"":""Calchaquí"",""nl"":""Calchaquí"",""hr"":""Calchaquí"",""fa"":""کالچاکی"",""de"":""Calchaquí"",""es"":""Calchaquí"",""fr"":""Calchaquí"",""ja"":""カルチャキ"",""it"":""Calchaquí"",""zh-CN"":""卡尔查基"",""tr"":""Calchaquí"",""ru"":""Кальчаки"",""uk"":""Кальчакі"",""pl"":""Calchaquí"",""hi"":""कैल्चाक्वी"",""ar"":""كالشاكي""}",2019-10-06T09:28:13,2025-12-02T14:39:55,1,Q1955294
711,Caleta Olivia,3649,Z,11,AR,city,,,-46.43929000,-67.52814000,Caleta Olivia,56298,America/Argentina/Buenos_Aires,"{""br"":""Caleta Olivia"",""ko"":""칼레타 올리비아"",""pt-BR"":""Caleta Olivia"",""pt"":""Caleta Olivia"",""nl"":""Caleta Olivia"",""hr"":""Ćaleta Olivia"",""fa"":""کالتا اولیویا"",""de"":""Caleta Olivia"",""es"":""Caleta Olivia"",""fr"":""Caleta Olivia"",""ja"":""カレタ・オリビア"",""it"":""Caleta Olivia"",""zh-CN"":""卡莱塔·奥利维亚"",""tr"":""Caleta Olivia"",""ru"":""Калета Оливия"",""uk"":""Калета Олівія"",""pl"":""Caleta Olivia"",""hi"":""कैलेटा ओलिविया"",""ar"":""كاليتا أوليفيا""}",2019-10-06T09:28:13,2025-12-02T17:11:50,1,Q1026633
712,Caleufú,3655,L,11,AR,city,,,-35.59559000,-64.55778000,Beeufú,2396,America/Argentina/Salta,"{""br"":""Caleufú"",""ko"":""칼레우푸"",""pt-BR"":""Caleufú"",""pt"":""Caleufú"",""nl"":""Caleufú"",""hr"":""Caleufú"",""fa"":""کالئوفو"",""de"":""Caleufú"",""es"":""Caleufú"",""fr"":""Caleufú"",""ja"":""カレウフ"",""it"":""Caleufú"",""zh-CN"":""卡莱乌夫"",""tr"":""Caleufú"",""ru"":""Калеуфу"",""uk"":""Калеуфу"",""pl"":""Caleufú"",""hi"":""कैलेफू"",""ar"":""كاليوفو""}",2019-10-06T09:28:13,2025-12-02T14:39:55,1,Q590236
713,Calilegua,3645,Y,11,AR,city,,,-23.77368000,-64.77002000,Calilegua,5174,America/Argentina/Jujuy,"{""br"":""Kalilegua"",""ko"":""칼리레구아"",""pt-BR"":""Calilegua"",""pt"":""Calilegua"",""nl"":""Calilegua"",""hr"":""Calilegua"",""fa"":""کالیگوآ"",""de"":""Calilegua"",""es"":""Calilegua"",""fr"":""Calilegua"",""ja"":""カリレグア"",""it"":""Calilegua"",""zh-CN"":""卡利莱瓜"",""tr"":""Calilegua"",""ru"":""Калилегуа"",""uk"":""Калілегуа"",""pl"":""Kalilegua"",""hi"":""कैलिलेगुआ"",""ar"":""كاليليجوا""}",2019-10-06T09:28:13,2025-12-02T14:39:55,1,Q1749231
714,Calingasta,3634,J,11,AR,city,,,-31.33394000,-69.42080000,Caliningasta,8176,America/Argentina/San_Juan,"{""br"":""Calingasta"",""ko"":""칼링가스타"",""pt-BR"":""Calingasta"",""pt"":""Calingasta"",""nl"":""Calingasta"",""hr"":""Calingasta"",""fa"":""کالینگاستا"",""de"":""Calingasta"",""es"":""Calingasta"",""fr"":""Calingasta"",""ja"":""カリンガスタ"",""it"":""Calingasta"",""zh-CN"":""卡林加斯塔"",""tr"":""Calingasta"",""ru"":""Калингаста"",""uk"":""Калінгаста"",""pl"":""Calingasta"",""hi"":""कैलिंगास्टा"",""ar"":""كالينجستا""}",2019-10-06T09:28:13,2025-12-02T14:39:55,1,Q21843829
715,Camarones,3651,U,11,AR,adm2,,,-44.79709000,-65.70994000,Camarones,1296,America/Argentina/Catamarca,"{""br"":""Kamaroneoù"",""ko"":""카마론스"",""pt-BR"":""Camarones"",""pt"":""Camarones"",""nl"":""Camarones"",""hr"":""Camarones"",""fa"":""کامارونز"",""de"":""Camarones"",""es"":""Camarones"",""fr"":""Camarones"",""ja"":""カマロネス"",""it"":""Camarones"",""zh-CN"":""卡马罗内斯"",""tr"":""Camarones"",""ru"":""Камаронес"",""uk"":""Камаронес"",""pl"":""Camarones"",""hi"":""कैमरोन्स"",""ar"":""كامارونيس""}",2019-10-06T09:28:13,2025-12-02T14:39:55,1,Q972040
716,Camilo Aldao,3642,X,11,AR,city,,,-33.12745000,-62.09453000,Camilo Aldao,4895,America/Argentina/Cordoba,"{""br"":""Camilo Aldao"",""ko"":""카밀로 알다오"",""pt-BR"":""Camilo Aldao"",""pt"":""Camilo Aldao"",""nl"":""Camilo Aldao"",""hr"":""Camilo Aldão"",""fa"":""کامیلو آلدائو"",""de"":""Camilo Aldao"",""es"":""Camilo Aldao"",""fr"":""Camilo Aldao"",""ja"":""カミロ・アルダオ"",""it"":""Camilo Aldao"",""zh-CN"":""卡米洛·阿尔道"",""tr"":""Camilo Aldao"",""ru"":""Камило Альдао"",""uk"":""Каміло Альдао"",""pl"":""Camilo Aldao"",""hi"":""कैमिलो अल्दाओ"",""ar"":""كاميلو ألداو""}",2019-10-06T09:28:13,2025-12-02T14:39:55,1,Q2128078
717,Campo Gallo,3635,G,11,AR,adm2,,,-26.58333000,-62.85000000,Campo Gallo,5455,America/Argentina/Cordoba,"{""br"":""Campo Gallo"",""ko"":""캄포 갈로"",""pt-BR"":""Campo Gallo"",""pt"":""Campo Gallo"",""nl"":""Campo Gallo"",""hr"":""Campo Gallo"",""fa"":""کامپو گالو"",""de"":""Campo Gallo"",""es"":""Campo Gallo"",""fr"":""Campo Gallo"",""ja"":""カンポ・ガロ"",""it"":""Campo Gallo"",""zh-CN"":""坎波加洛"",""tr"":""Campo Gallo"",""ru"":""Кампо Галло"",""uk"":""Кампо-Галло"",""pl"":""Pole Gallo"",""hi"":""कैम्पो गैलो"",""ar"":""كامبو جالو""}",2019-10-06T09:28:13,2025-12-02T14:39:55,1,Q761980
718,Campo Grande,3644,N,11,AR,adm2,,,-27.20770000,-54.97977000,Campo Grande,12040,America/Argentina/Cordoba,"{""br"":""Campo Grande"",""ko"":""캄포 그란데"",""pt-BR"":""Campo Grande"",""pt"":""Campo Grande"",""nl"":""Campo Grande"",""hr"":""Campo Grande"",""fa"":""کامپو گرانده"",""de"":""Campo Grande"",""es"":""Campo Grande"",""fr"":""Campo Grande"",""ja"":""カンポグランデ"",""it"":""Campo Grande"",""zh-CN"":""坎普格兰德"",""tr"":""Campo Grande"",""ru"":""Кампо-Гранде"",""uk"":""Кампо-Гранде"",""pl"":""Campo Grande"",""hi"":""कैम्पो ग्रांडे"",""ar"":""كامبو غراندي""}",2019-10-06T09:28:13,2025-12-02T14:39:55,1,Q588681
719,Campo Largo,3640,H,11,AR,adm2,,,-26.80077000,-60.84215000,Campo Largo,10743,America/Argentina/Cordoba,"{""br"":""Campo Largo"",""ko"":""캄포 라르고"",""pt-BR"":""Campo Largo"",""pt"":""Campo Largo"",""nl"":""Campo Largo"",""hr"":""Campo Largo"",""fa"":""کامپو لارگو"",""de"":""Campo Largo"",""es"":""Campo Largo"",""fr"":""Campo Largo"",""ja"":""カンポ・ラルゴ"",""it"":""Campo Largo"",""zh-CN"":""坎普拉戈"",""tr"":""Campo Largo"",""ru"":""Кампо Ларго"",""uk"":""Кампо Ларго"",""pl"":""Campo Largo"",""hi"":""कैम्पो लार्गो"",""ar"":""كامبو لارغو""}",2019-10-06T09:28:13,2025-12-02T14:39:55,1,Q21843910
720,Campo Quijano,3643,A,11,AR,city,,,-24.90982000,-65.63656000,Campo Quijano,5000,America/Argentina/Buenos_Aires,"{""br"":""Campo Quijano"",""ko"":""캄포 키하노"",""pt-BR"":""Campo Quijano"",""pt"":""Campo Quijano"",""nl"":""Campo Quijano"",""hr"":""Campo Quijano"",""fa"":""کامپو کیخانو"",""de"":""Campo Quijano"",""es"":""Campo Quijano"",""fr"":""Campo Quijano"",""ja"":""カンポ・キハノ"",""it"":""Campo Quijano"",""zh-CN"":""坎波基哈诺"",""tr"":""Campo Quijano"",""ru"":""Кампо Кихано"",""uk"":""Кампо Кіхано"",""pl"":""Pole Quijano"",""hi"":""कैम्पो क्विजानो"",""ar"":""كامبو كيخانو""}",2019-10-06T09:28:13,2025-12-02T17:11:50,1,Q2553556
721,Campo Ramón,3644,N,11,AR,city,,,-27.45490000,-55.02122000,Campo Ramón,10088,America/Argentina/Cordoba,"{""br"":""Campo Ramón"",""ko"":""캄포 라몬"",""pt-BR"":""Campo Ramón"",""pt"":""Campo Ramón"",""nl"":""Campo Ramón"",""hr"":""Campo Ramón"",""fa"":""کامپو رامون"",""de"":""Campo Ramón"",""es"":""Campo Ramón"",""fr"":""Campo Ramón"",""ja"":""カンポ・ラモン"",""it"":""Campo Ramón"",""zh-CN"":""坎波拉蒙"",""tr"":""Campo Ramón"",""ru"":""Кампо Рамон"",""uk"":""Кампо Рамон"",""pl"":""Campo Ramón"",""hi"":""कैम्पो रामोन"",""ar"":""كامبو رامون""}",2019-10-06T09:28:13,2025-12-02T14:39:55,1,Q2918968
722,Campo Viera,3644,N,11,AR,city,,,-27.33271000,-55.05651000,Campo Viera,9228,America/Argentina/Cordoba,"{""br"":""Campo Viera"",""ko"":""캄포 비에라"",""pt-BR"":""Campo Viera"",""pt"":""Campo Viera"",""nl"":""Campo Viera"",""hr"":""Campo Viera"",""fa"":""کامپو ویرا"",""de"":""Campo Viera"",""es"":""Campo Viera"",""fr"":""Campo Viera"",""ja"":""カンポ・ビエラ"",""it"":""Campo Viera"",""zh-CN"":""坎波维埃拉"",""tr"":""Campo Viera"",""ru"":""Кампо Виера"",""uk"":""Кампо Вієра"",""pl"":""Pole Viera"",""hi"":""कैम्पो विएरा"",""ar"":""كامبو فييرا""}",2019-10-06T09:28:13,2025-12-02T14:39:55,1,Q5028465
723,Canals,3642,X,11,AR,city,,,-33.56542000,-62.88927000,Canales,8343,America/Argentina/Buenos_Aires,"{""br"":""Kanolioù"",""ko"":""운하"",""pt-BR"":""Canais"",""pt"":""Canais"",""nl"":""Kanalen"",""hr"":""Kanali"",""fa"":""کانال‌ها"",""de"":""Kanäle"",""es"":""Canales"",""fr"":""Canaux"",""ja"":""運河"",""it"":""Canali"",""zh-CN"":""运河"",""tr"":""Kanallar"",""ru"":""Каналы"",""uk"":""Канали"",""pl"":""Kanały"",""hi"":""नहरों"",""ar"":""القنوات""}",2019-10-06T09:28:13,2025-12-02T17:11:50,1,Q2594504
724,Candelaria,3644,N,11,AR,city,,,-27.45950000,-55.74536000,Candelaria,11039,America/Argentina/Cordoba,"{""br"":""Kandelaria"",""ko"":""칸델라리아"",""pt-BR"":""Candelária"",""pt"":""Candelária"",""nl"":""Candelaria"",""hr"":""Candelaria"",""fa"":""کاندلاریا"",""de"":""Candelaria"",""es"":""Candelaria"",""fr"":""Candelaria"",""ja"":""カンデラリア"",""it"":""Candelaria"",""zh-CN"":""坎德拉里亚"",""tr"":""Candelaria"",""ru"":""Канделария"",""uk"":""Канделарія"",""pl"":""Candelaria"",""hi"":""Candelaria"",""ar"":""كانديلاريا""}",2019-10-06T09:28:13,2025-12-02T14:39:55,1,Q21829077
725,Candelaria,3636,D,11,AR,city,,,-32.06036000,-65.82477000,Candelaria,2269,America/Argentina/San_Luis,"{""br"":""Kandelaria"",""ko"":""칸델라리아"",""pt-BR"":""Candelária"",""pt"":""Candelária"",""nl"":""Candelaria"",""hr"":""Candelaria"",""fa"":""کاندلاریا"",""de"":""Candelaria"",""es"":""Candelaria"",""fr"":""Candelaria"",""ja"":""カンデラリア"",""it"":""Candelaria"",""zh-CN"":""坎德拉里亚"",""tr"":""Candelaria"",""ru"":""Канделария"",""uk"":""Канделарія"",""pl"":""Candelaria"",""hi"":""Candelaria"",""ar"":""كانديلاريا""}",2019-10-06T09:28:13,2025-12-02T14:39:55,1,Q5031647
726,Capayán,3647,K,11,AR,city,,,-28.77436000,-66.04749000,Capayán,6358,America/Argentina/Catamarca,"{""br"":""Capayán"",""ko"":""카파얀"",""pt-BR"":""Capayán"",""pt"":""Capayán"",""nl"":""Capayán"",""hr"":""Capayán"",""fa"":""کاپایان"",""de"":""Capayán"",""es"":""Capayán"",""fr"":""Capayan"",""ja"":""カパヤン"",""it"":""Capayán"",""zh-CN"":""卡帕扬"",""tr"":""Capayán"",""ru"":""Капаян"",""uk"":""Капайан"",""pl"":""Capayán"",""hi"":""कैपायन"",""ar"":""كابايان""}",2019-10-06T09:28:13,2025-12-02T14:39:55,1,Q21844014
727,Capilla del Monte,3642,X,11,AR,city,,,-30.86088000,-64.52515000,Capilla del Monte,11181,America/Argentina/Cordoba,"{""br"":""Capilla del Monte"",""ko"":""카필라 델 몬테"",""pt-BR"":""Capela do Monte"",""pt"":""Capela do Monte"",""nl"":""Capilla del Monte"",""hr"":""Kapela del Monte"",""fa"":""کاپیلا دل مونته"",""de"":""Kapelle des Berges"",""es"":""Capilla del Monte"",""fr"":""Chapelle du Mont"",""ja"":""カピラ・デル・モンテ"",""it"":""Capilla del Monte"",""zh-CN"":""蒙特教堂"",""tr"":""Capilla del Monte"",""ru"":""Капилья дель Монте"",""uk"":""Капілья-дель-Монте"",""pl"":""Kaplica Góry"",""hi"":""कैपिला डेल मोंटे"",""ar"":""كابيلا ديل مونتي""}",2019-10-06T09:28:13,2025-12-02T14:39:55,1,Q1020576
728,Capioví,3644,N,11,AR,city,,,-26.92998000,-55.06084000,Capia,5860,America/Argentina/Cordoba,"{""br"":""Capioví"",""ko"":""카피오비"",""pt-BR"":""Capioví"",""pt"":""Capioví"",""nl"":""Capioví"",""hr"":""Capioví"",""fa"":""کاپیووی"",""de"":""Capioví"",""es"":""Capioví"",""fr"":""Capioví"",""ja"":""カピオヴィ"",""it"":""Capioví"",""zh-CN"":""卡皮奥维"",""tr"":""Capioví"",""ru"":""Капиови"",""uk"":""Капіові"",""pl"":""Capioví"",""hi"":""कैपियोवी"",""ar"":""كابيوفي""}",2019-10-06T09:28:13,2025-12-02T14:39:55,1,Q5035413
729,Capitán Bermúdez,3641,S,11,AR,city,,,-32.82262000,-60.71852000,Capitán Bermúdez,29218,America/Argentina/Cordoba,"{""br"":""Ar c'habiten Bermúdez"",""ko"":""카피탄 베르무데스"",""pt-BR"":""Capitão Bermúdez"",""pt"":""Capitão Bermúdez"",""nl"":""Kapitein Bermúdez"",""hr"":""Kapetan Bermúdez"",""fa"":""کاپیتان برمودز"",""de"":""Kapitän Bermúdez"",""es"":""Capitán Bermúdez"",""fr"":""Capitaine Bermúdez"",""ja"":""キャプテン・ベルムデス"",""it"":""Capitano Bermúdez"",""zh-CN"":""贝穆德斯船长"",""tr"":""Kaptan Bermúdez"",""ru"":""Капитан Бермудес"",""uk"":""Капітан Бермудес"",""pl"":""Kapitan Bermúdez"",""hi"":""कैपिटान बरमूडेज़"",""ar"":""كابيتان بيرموديز""}",2019-10-06T09:28:13,2025-12-02T14:39:55,1,Q1620664
730,Capitán Solari,3640,H,11,AR,city,,,-26.80215000,-59.56089000,Capitán Solari,2123,America/Argentina/Buenos_Aires,"{""br"":""Kabitan Heol"",""ko"":""카피탄 솔라리"",""pt-BR"":""Capitão Solari"",""pt"":""Capitão Solari"",""nl"":""Kapitein Solari"",""hr"":""Kapetan Solari"",""fa"":""کاپیتان سولاری"",""de"":""Kapitän Solari"",""es"":""Capitán Solari"",""fr"":""Capitaine Solari"",""ja"":""カピタン・ソラーリ"",""it"":""Capitan Solari"",""zh-CN"":""索拉里上尉"",""tr"":""Kaptan Solari"",""ru"":""Капитан Солари"",""uk"":""Капітан Соларі"",""pl"":""Kapitan Solari"",""hi"":""कैपिटान सोलारी"",""ar"":""كابيتان سولاري""}",2019-10-06T09:28:13,2025-12-02T17:11:50,1,Q1579019
731,Caraguatay,3644,N,11,AR,city,,,-26.60587000,-54.78093000,Caraguatay,3287,America/Argentina/Cordoba,"{""br"":""Caraguatay"",""ko"":""카라과타이"",""pt-BR"":""Caraguatay"",""pt"":""Caraguatay"",""nl"":""Caraguatay"",""hr"":""Caraguatay"",""fa"":""کاراگواتای"",""de"":""Caraguatay"",""es"":""Caraguatay"",""fr"":""Caraguatay"",""ja"":""カラグアタイ"",""it"":""Caraguatay"",""zh-CN"":""卡拉瓜泰"",""tr"":""Caraguatay"",""ru"":""Карагуатай"",""uk"":""Карагуайта"",""pl"":""Karaguatay"",""hi"":""कारागुआटे"",""ar"":""كاراغواتاي""}",2019-10-06T09:28:13,2025-12-02T14:39:55,1,Q5037636
732,Carcarañá,3641,S,11,AR,city,,,-32.85679000,-61.15331000,Carcarañá,17350,America/Argentina/Cordoba,"{""br"":""Carcarañá"",""ko"":""카르카라냐"",""pt-BR"":""Carcarañá"",""pt"":""Carcarañá"",""nl"":""Carcarañá"",""hr"":""Carcarañá"",""fa"":""کارکارانیا"",""de"":""Carcarañá"",""es"":""Carcarañá"",""fr"":""Carcarañá"",""ja"":""カルカラニャ"",""it"":""Carcarañá"",""zh-CN"":""卡尔卡拉尼亚"",""tr"":""Carcarañá"",""ru"":""Каркаранья"",""uk"":""Каркаранья"",""pl"":""Carcarañá"",""hi"":""Carcarana"",""ar"":""كاركارانا""}",2019-10-06T09:28:13,2025-12-02T14:39:55,1,Q3658334
733,Carnerillo,3642,X,11,AR,city,,,-32.91371000,-64.02175000,Carnerillo,1575,America/Argentina/Cordoba,"{""br"":""Carnerillo"",""ko"":""카네릴로"",""pt-BR"":""Carnerillo"",""pt"":""Carnerillo"",""nl"":""Carnerillo"",""hr"":""Carnerillo"",""fa"":""کارنریلو"",""de"":""Carnerillo"",""es"":""Carnerillo"",""fr"":""Carnerillo"",""ja"":""カルネリージョ"",""it"":""Carnerillo"",""zh-CN"":""卡内里略"",""tr"":""Carnerillo"",""ru"":""Карнерильо"",""uk"":""Карнерільйо"",""pl"":""Carnerillo"",""hi"":""कार्नेरिलो"",""ar"":""كارنيريلو""}",2019-10-06T09:28:13,2025-12-02T14:39:55,1,Q8338730
734,Carrilobo,3642,X,11,AR,city,,,-31.87296000,-63.11715000,Carrilobo,1522,America/Argentina/Cordoba,"{""br"":""Carrilobo"",""ko"":""카릴로보"",""pt-BR"":""Carrilobo"",""pt"":""Carrilobo"",""nl"":""Carrilobo"",""hr"":""Carrilobo"",""fa"":""کاریلوبو"",""de"":""Carrilobo"",""es"":""Carrilobo"",""fr"":""Carrilobo"",""ja"":""カリロボ"",""it"":""Carrilobo"",""zh-CN"":""卡里洛博"",""tr"":""Carrilobo"",""ru"":""Каррилобо"",""uk"":""Каррілобо"",""pl"":""Carrilobo"",""hi"":""कैरिलोबो"",""ar"":""كاريلوبو""}",2019-10-06T09:28:14,2025-12-02T14:39:55,1,Q8341370
735,Caseros,3654,E,11,AR,city,,,-32.46325000,-58.47872000,Caseros,2109,America/Argentina/Cordoba,"{""br"":""Caseros"",""ko"":""카세로스"",""pt-BR"":""Caseros"",""pt"":""Caseros"",""nl"":""Caseros"",""hr"":""Caseros"",""fa"":""کاسروس"",""de"":""Caseros"",""es"":""Caseros"",""fr"":""Caseros"",""ja"":""カセロス"",""it"":""Caseros"",""zh-CN"":""卡塞罗斯"",""tr"":""Caseros"",""ru"":""Касерос"",""uk"":""Касерос"",""pl"":""Caseros"",""hi"":""Caseros"",""ar"":""كاسيروس""}",2019-10-06T09:28:14,2025-12-02T14:39:55,1,Q5048424
736,Casilda,3641,S,11,AR,adm2,,,-33.04417000,-61.16806000,Casilda,35058,America/Argentina/Buenos_Aires,"{""br"":""Casilda"",""ko"":""카실다"",""pt-BR"":""Casilda"",""pt"":""Casilda"",""nl"":""Casilda"",""hr"":""Casilda"",""fa"":""کاسیلدا"",""de"":""Casilda"",""es"":""Casilda"",""fr"":""Casilda"",""ja"":""カシルダ"",""it"":""Casilda"",""zh-CN"":""卡西尔达"",""tr"":""Casilda"",""ru"":""Касильда"",""uk"":""Касільда"",""pl"":""Casilda"",""hi"":""कैसिल्डा"",""ar"":""كاسيلدا""}",2019-10-06T09:28:14,2025-12-02T17:11:50,1,Q2097797
737,Castelli,3640,H,11,AR,city,,,-25.94679000,-60.61947000,Castelli,6859,America/Argentina/Buenos_Aires,"{""br"":""Castelli"",""ko"":""카스텔리"",""pt-BR"":""Castelli"",""pt"":""Castelli"",""nl"":""Castelli"",""hr"":""Castelli"",""fa"":""کاستلی"",""de"":""Castelli"",""es"":""Castelli"",""fr"":""Castelli"",""ja"":""カステリ"",""it"":""Castelli"",""zh-CN"":""卡斯特利"",""tr"":""Castelli"",""ru"":""Кастелли"",""uk"":""Кастеллі"",""pl"":""Castelli"",""hi"":""कास्टेली"",""ar"":""كاستيلي""}",2019-10-06T09:28:14,2025-12-02T16:59:27,1,Q568624
738,Castro Barros,3653,F,11,AR,city,,,-30.57952000,-65.72696000,Castro Barros,4322,America/Argentina/La_Rioja,"{""br"":""Castro Barros"",""ko"":""카스트로 바로스"",""pt-BR"":""Castro Barros"",""pt"":""Castro Barros"",""nl"":""Castro Barros"",""hr"":""Castro Barros"",""fa"":""کاسترو باروس"",""de"":""Castro Barros"",""es"":""Castro Barros"",""fr"":""Castro Barros"",""ja"":""カストロ・バロス"",""it"":""Castro Barros"",""zh-CN"":""卡斯特罗·巴罗斯"",""tr"":""Castro Barros"",""ru"":""Кастро Баррос"",""uk"":""Кастро Баррос"",""pl"":""Castro Barros"",""hi"":""कास्त्रो बैरोस"",""ar"":""كاسترو باروس""}",2019-10-06T09:28:14,2025-12-02T14:39:55,1,Q5050786
739,Catriel,3639,R,11,AR,city,,,-37.87907000,-67.79560000,Catriel,15169,America/Argentina/Salta,"{""br"":""Catriel"",""ko"":""카트리엘"",""pt-BR"":""Catriel"",""pt"":""Catriel"",""nl"":""Catriel"",""hr"":""Catriel"",""fa"":""کاتریل"",""de"":""Catriel"",""es"":""Catriel"",""fr"":""Catriel"",""ja"":""カトリエル"",""it"":""Catriel"",""zh-CN"":""卡特里尔"",""tr"":""Catriel"",""ru"":""Катриэль"",""uk"":""Катріель"",""pl"":""Catriel"",""hi"":""कैट्रिएल"",""ar"":""كاتريل""}",2019-10-06T09:28:14,2025-12-02T14:39:55,1,Q3663629
740,Catriló,3655,L,11,AR,adm2,,,-36.40597000,-63.42168000,Catriló,3743,America/Argentina/Salta,"{""br"":""Catriló"",""ko"":""카트릴로"",""pt-BR"":""Catriló"",""pt"":""Catriló"",""nl"":""Catriló"",""hr"":""Catriló"",""fa"":""کاتریلو"",""de"":""Catriló"",""es"":""Catriló"",""fr"":""Catriló"",""ja"":""カトリロ"",""it"":""Catrilo"",""zh-CN"":""卡特里洛"",""tr"":""Kedi"",""ru"":""Катрило"",""uk"":""Катріло"",""pl"":""Catriló"",""hi"":""कैट्रिलो"",""ar"":""كاتريلو""}",2019-10-06T09:28:14,2025-12-02T14:39:55,1,Q600897
741,Caucete,3634,J,11,AR,adm2,,,-31.65179000,-68.28105000,Pez,33609,America/Argentina/San_Juan,"{""br"":""Caucete"",""ko"":""카우세테"",""pt-BR"":""Caucete"",""pt"":""Caucete"",""nl"":""Caucete"",""hr"":""Kaucet"",""fa"":""کائوست"",""de"":""Caucete"",""es"":""Caucete"",""fr"":""Caucete"",""ja"":""カウセテ"",""it"":""Caucete"",""zh-CN"":""考塞特"",""tr"":""Caucete"",""ru"":""Каусете"",""uk"":""Кауцет"",""pl"":""Caucete"",""hi"":""कौसेटे"",""ar"":""كوسيت""}",2019-10-06T09:28:14,2025-12-02T14:39:55,1,Q2498538
742,Cavanagh,3642,X,11,AR,city,,,-33.47606000,-62.33888000,Cavanagh,1150,America/Argentina/Cordoba,"{""br"":""Cavanagh"",""ko"":""카바나흐"",""pt-BR"":""Cavanagh"",""pt"":""Cavanagh"",""nl"":""Cavanagh"",""hr"":""Cavanagh"",""fa"":""کاوانا"",""de"":""Cavanagh"",""es"":""Cavanagh"",""fr"":""Cavanagh"",""ja"":""カヴァナ"",""it"":""Cavanagh"",""zh-CN"":""卡瓦纳"",""tr"":""Cavanagh"",""ru"":""Каванах"",""uk"":""Кавана"",""pl"":""Cavanagh"",""hi"":""कैवनघ"",""ar"":""كافانا""}",2019-10-06T09:28:14,2025-12-02T14:39:55,1,Q8342984
743,Cañada de Gómez,3641,S,11,AR,adm2,,,-32.81636000,-61.39493000,Cañada de Gómez,32108,America/Argentina/Cordoba,"{""br"":""Cañada de Gómez"",""ko"":""카냐다 데 고메스"",""pt-BR"":""Cañada de Gómez"",""pt"":""Cañada de Gómez"",""nl"":""Cañada de Gómez"",""hr"":""Cañada de Gómez"",""fa"":""کانادا دِ گومز"",""de"":""Cañada de Gómez"",""es"":""Cañada de Gómez"",""fr"":""Cañada de Gómez"",""ja"":""カニャダ・デ・ゴメス"",""it"":""Cañada de Gómez"",""zh-CN"":""卡尼亚达·德·戈麦斯"",""tr"":""Kanada de Gómez"",""ru"":""Каньяда де Гомес"",""uk"":""Каньяда-де-Гомес"",""pl"":""Cañada de Gómez"",""hi"":""कैनाडा डी गोमेज़"",""ar"":""كندا دي غوميز""}",2019-10-06T09:28:14,2025-12-02T14:39:55,1,Q971555
744,Cañada de Luque,3642,X,11,AR,city,,,-30.73341000,-63.72375000,Cañada de Luque,1054,America/Argentina/Cordoba,"{""br"":""Cañada de Luque"",""ko"":""카냐다 데 루케"",""pt-BR"":""Cañada de Luque"",""pt"":""Cañada de Luque"",""nl"":""Cañada de Luque"",""hr"":""Cañada de Luque"",""fa"":""کانادا دِ لوک"",""de"":""Cañada de Luque"",""es"":""Cañada de Luque"",""fr"":""Cañada de Luque"",""ja"":""カニャダ・デ・ルケ"",""it"":""Cañada de Luque"",""zh-CN"":""卡纳达·德·卢克"",""tr"":""Kanada Luque"",""ru"":""Каньяда де Луке"",""uk"":""Каньяда-де-Луке"",""pl"":""Cañada de Luque"",""hi"":""कनाडा डे लुके"",""ar"":""كندا دي لوك""}",2019-10-06T09:28:14,2025-12-02T14:39:55,1,Q8343231
745,Ceibas,3654,E,11,AR,city,,,-33.43333000,-58.75000000,Ceibas,1405,America/Argentina/Buenos_Aires,"{""br"":""Ceibas"",""ko"":""세이바스"",""pt-BR"":""Ceibas"",""pt"":""Ceibas"",""nl"":""Ceibas"",""hr"":""Ceibas"",""fa"":""سیباس"",""de"":""Ceibas"",""es"":""Ceibas"",""fr"":""Ceibas"",""ja"":""セイバス"",""it"":""Ceiba"",""zh-CN"":""木棉"",""tr"":""Ceibas"",""ru"":""Сейбас"",""uk"":""Сейбас"",""pl"":""Ceibas"",""hi"":""सीबास"",""ar"":""سيباس""}",2019-10-06T09:28:14,2025-12-02T16:59:27,1,Q5057355
746,Centenario,3648,Q,11,AR,city,,,-38.82955000,-68.13180000,Centenario,28956,America/Argentina/Salta,"{""br"":""Kantved"",""ko"":""센테나리오"",""pt-BR"":""Centenário"",""pt"":""Centenário"",""nl"":""Honderdjarig"",""hr"":""Stogodišnjica"",""fa"":""سنتناریو"",""de"":""Centenario"",""es"":""Centenario"",""fr"":""Centenaire"",""ja"":""センテナリオ"",""it"":""Centenario"",""zh-CN"":""百年纪念"",""tr"":""Yüzüncü yıl"",""ru"":""Сентенарио"",""uk"":""Сентенаріо"",""pl"":""Stulecie"",""hi"":""सेंटेनारियो"",""ar"":""سنتيناريو""}",2019-10-06T09:28:14,2025-12-02T14:39:55,1,Q2233683
747,Ceres,3641,S,11,AR,city,,,-29.88100000,-61.94504000,Ceres,14499,America/Argentina/Cordoba,"{""br"":""Ceres"",""ko"":""케레스"",""pt-BR"":""Ceres"",""pt"":""Ceres"",""nl"":""Ceres"",""hr"":""Ceres"",""fa"":""سرس"",""de"":""Ceres"",""es"":""Ceres"",""fr"":""Cérès"",""ja"":""セレス"",""it"":""Cerere"",""zh-CN"":""谷神星"",""tr"":""Ceres"",""ru"":""Церера"",""uk"":""Церера"",""pl"":""Ceres"",""hi"":""सायरस"",""ar"":""سيريس""}",2019-10-06T09:28:14,2025-12-02T14:39:55,1,Q2544458
748,Cerro Azul,3644,N,11,AR,city,,,-27.63310000,-55.49620000,Cerro Azul,5323,America/Argentina/Cordoba,"{""br"":""Cerro Azul"",""ko"":""세로 아줄"",""pt-BR"":""Cerro Azul"",""pt"":""Cerro Azul"",""nl"":""Blauwe Berg"",""hr"":""Plavi Cerro"",""fa"":""سرو آزول"",""de"":""Cerro Azul"",""es"":""Cerro Azul"",""fr"":""Cerro Azul"",""ja"":""セロ・アスール"",""it"":""Cerro Azul"",""zh-CN"":""塞罗阿苏尔"",""tr"":""Mavi Tepe"",""ru"":""Серро Асуль"",""uk"":""Серро-Азул"",""pl"":""Cerro Azul"",""hi"":""सेरो अज़ुल"",""ar"":""سيرو أزول""}",2019-10-06T09:28:14,2025-12-02T14:39:55,1,Q5064858
749,Cerro Corá,3644,N,11,AR,city,,,-27.51310000,-55.60896000,Cerro Kone,1153,America/Argentina/Cordoba,"{""br"":""Cerro Corá"",""ko"":""세로 코라"",""pt-BR"":""Cerro Corá"",""pt"":""Cerro Corá"",""nl"":""Cerro Corá"",""hr"":""Cerro Corá"",""fa"":""سرو کورا"",""de"":""Cerro Corá"",""es"":""Cerro Corá"",""fr"":""Cerro Corá"",""ja"":""セロ・コラ"",""it"":""Cerro Corá"",""zh-CN"":""塞罗科拉"",""tr"":""Cerro Corá"",""ru"":""Серро Кора"",""uk"":""Серро-Кора"",""pl"":""Cerro Corá"",""hi"":""सेरो कोरा"",""ar"":""سيرو كورا""}",2019-10-06T09:28:14,2025-12-02T14:39:55,1,Q5064903
750,Cervantes,3639,R,11,AR,city,,,-39.05444000,-67.39426000,Cervantes,5173,America/Argentina/Salta,"{""br"":""Cervantes"",""ko"":""세르반테스"",""pt-BR"":""Cervantes"",""pt"":""Cervantes"",""nl"":""Cervantes"",""hr"":""Cervantes"",""fa"":""سروانتس"",""de"":""Cervantes"",""es"":""Cervantes"",""fr"":""Cervantès"",""ja"":""セルバンテス"",""it"":""Cervantes"",""zh-CN"":""塞万提斯"",""tr"":""Cervantes"",""ru"":""Сервантес"",""uk"":""Сервантес"",""pl"":""Cervantes"",""hi"":""Cervantes"",""ar"":""سرفانتس""}",2019-10-06T09:28:14,2025-12-02T14:39:55,1,Q5065312
751,Chajarí,3654,E,11,AR,city,,,-30.75048000,-57.97962000,Chajarí,30655,America/Argentina/Cordoba,"{""br"":""Chajarí"",""ko"":""차하리"",""pt-BR"":""Chajarí"",""pt"":""Chajarí"",""nl"":""Chajarí"",""hr"":""Čajarí"",""fa"":""چاجاری"",""de"":""Chajarí"",""es"":""Chajarí"",""fr"":""Chajarí"",""ja"":""チャジャリ"",""it"":""Chajarí"",""zh-CN"":""查哈里"",""tr"":""Chajarí"",""ru"":""Чаджари"",""uk"":""Чахарі"",""pl"":""Chajarí"",""hi"":""चाजारी"",""ar"":""شاجاري""}",2019-10-06T09:28:14,2025-12-02T14:39:55,1,Q2654603
752,Chamical,3653,F,11,AR,adm2,,,-30.36002000,-66.31399000,Chamical,15666,America/Argentina/La_Rioja,"{""br"":""Kimiek"",""ko"":""케미칼"",""pt-BR"":""Chamical"",""pt"":""Chamical"",""nl"":""Chemisch"",""hr"":""Kemijski"",""fa"":""شیمیایی"",""de"":""Chemisch"",""es"":""Químico"",""fr"":""Chamical"",""ja"":""化学"",""it"":""Chamical"",""zh-CN"":""化学"",""tr"":""Kimyasal"",""ru"":""Химический"",""uk"":""Хімікал"",""pl"":""Chemiczny"",""hi"":""चामिकल"",""ar"":""كيميائي""}",2019-10-06T09:28:14,2025-12-02T14:39:55,1,Q2779417
753,Charadai,3640,H,11,AR,adm2,,,-27.65503000,-59.86291000,Charadai,2538,America/Argentina/Cordoba,"{""br"":""Charadai"",""ko"":""차라다이"",""pt-BR"":""Charadai"",""pt"":""Charadai"",""nl"":""Charadai"",""hr"":""Čaradai"",""fa"":""چارادای"",""de"":""Charadai"",""es"":""Charadai"",""fr"":""Charadai"",""ja"":""キャラダイ"",""it"":""Charadai"",""zh-CN"":""查拉代"",""tr"":""Charadai"",""ru"":""Чарадаи"",""uk"":""Чарадай"",""pl"":""Charadai"",""hi"":""चरदाई"",""ar"":""شاراداي""}",2019-10-06T09:28:14,2025-12-02T14:39:55,1,Q1578855
754,Charata,3640,H,11,AR,adm2,,,-27.21438000,-61.18795000,Charata,27813,America/Argentina/Cordoba,"{""br"":""Charata"",""ko"":""차라타"",""pt-BR"":""Charata"",""pt"":""Charata"",""nl"":""Charata"",""hr"":""Čarata"",""fa"":""چاراتا"",""de"":""Charata"",""es"":""Charata"",""fr"":""Charata"",""ja"":""チャラタ"",""it"":""Charata"",""zh-CN"":""查拉塔"",""tr"":""Charata"",""ru"":""Чарата"",""uk"":""Чарата"",""pl"":""Charata"",""hi"":""चराता"",""ar"":""شاراتا""}",2019-10-06T09:28:14,2025-12-02T14:39:55,1,Q1578300
755,Charras,3642,X,11,AR,city,,,-33.02400000,-64.04719000,Carmillo,1001,America/Argentina/Cordoba,"{""br"":""Charras"",""ko"":""샤라스"",""pt-BR"":""Charras"",""pt"":""Charras"",""nl"":""Charras"",""hr"":""Čaras"",""fa"":""چاراس"",""de"":""Charras"",""es"":""Charras"",""fr"":""Charras"",""ja"":""チャラス"",""it"":""Charras"",""zh-CN"":""查拉斯"",""tr"":""Çarras"",""ru"":""Чаррас"",""uk"":""Чаррас"",""pl"":""Charras"",""hi"":""चर्रास"",""ar"":""شاراس""}",2019-10-06T09:28:14,2025-12-02T14:39:55,1,Q21844653
756,Chavarría,3638,W,11,AR,city,,,-28.95489000,-58.57277000,Chavarría,2337,America/Argentina/Cordoba,"{""br"":""Chavarría"",""ko"":""차바리아"",""pt-BR"":""Chavarría"",""pt"":""Chavarría"",""nl"":""Chavarria"",""hr"":""Chavarría"",""fa"":""چاواریا"",""de"":""Chavarría"",""es"":""Chavarría"",""fr"":""Chavarría"",""ja"":""チャバリア"",""it"":""Chavarria"",""zh-CN"":""查瓦里亚"",""tr"":""Chavarria"",""ru"":""Чаваррия"",""uk"":""Чаваррія"",""pl"":""Chavarría"",""hi"":""चावरिया"",""ar"":""شافاريا""}",2019-10-06T09:28:14,2025-12-02T14:39:55,1,Q5088475
757,Chazón,3642,X,11,AR,city,,,-33.07872000,-63.27657000,Chazón,1010,America/Argentina/Cordoba,"{""br"":""Chazón"",""ko"":""차존"",""pt-BR"":""Chazón"",""pt"":""Chazón"",""nl"":""Chazón"",""hr"":""Chazón"",""fa"":""چازون"",""de"":""Chazón"",""es"":""Chazón"",""fr"":""Chazon"",""ja"":""チャソン"",""it"":""Chazón"",""zh-CN"":""查宗"",""tr"":""Chazón"",""ru"":""Часон"",""uk"":""Часон"",""pl"":""Chazón"",""hi"":""चाज़ोन"",""ar"":""شازون""}",2019-10-06T09:28:14,2025-12-02T14:39:55,1,Q8345116
758,Chañar Ladeado,3641,S,11,AR,city,,,-33.32524000,-62.03831000,Chañar Ladeado,5639,America/Argentina/Cordoba,"{""br"":""Chañar Ladeado"",""ko"":""차냐르 라데아도"",""pt-BR"":""Chañar Ladeado"",""pt"":""Chañar Ladeado"",""nl"":""Chañar Ladeado"",""hr"":""Chañar Ladeado"",""fa"":""چانار لادیادو"",""de"":""Chañar Ladeado"",""es"":""Chañar Ladeado"",""fr"":""Chañar Ladeado"",""ja"":""チャニャル・ラデアド"",""it"":""Chañar Ladeado"",""zh-CN"":""查纳尔·拉德阿多"",""tr"":""Chañar Ladeado"",""ru"":""Чаньяр Ладеадо"",""uk"":""Чаньяр Ладеадо"",""pl"":""Chañar Ladeado"",""hi"":""चानार लादेदो"",""ar"":""شانيار لاديدو""}",2019-10-06T09:28:14,2025-12-02T14:39:55,1,Q2518584
759,Chichinales,3639,R,11,AR,city,,,-39.11505000,-66.92714000,Chichinales,3057,America/Argentina/Buenos_Aires,"{""br"":""Chichinales"",""ko"":""치치날레스"",""pt-BR"":""Chichinales"",""pt"":""Chichinales"",""nl"":""Chichinales"",""hr"":""Čičinale"",""fa"":""چیچینال‌ها"",""de"":""Chichinales"",""es"":""Chichinales"",""fr"":""Chichinales"",""ja"":""チチナレス"",""it"":""Chichinales"",""zh-CN"":""奇奇纳莱斯"",""tr"":""Chichinales"",""ru"":""Чичиналес"",""uk"":""Чичинали"",""pl"":""Chichinales"",""hi"":""चिचिनालेस"",""ar"":""تشيشيناليس""}",2019-10-06T09:28:14,2025-12-02T17:11:50,1,Q5096059
760,Chicoana,3643,A,11,AR,adm2,,,-25.10502000,-65.53473000,Chicoana,8468,America/Argentina/Salta,"{""br"":""Chicoana"",""ko"":""치코아나"",""pt-BR"":""Chicoana"",""pt"":""Chicoana"",""nl"":""Chicoana"",""hr"":""Čikoana"",""fa"":""چیکوانا"",""de"":""Chicoana"",""es"":""Chicoana"",""fr"":""Chicoana"",""ja"":""チコアナ"",""it"":""Chicoana"",""zh-CN"":""奇科阿纳"",""tr"":""Chicoana"",""ru"":""Чикоана"",""uk"":""Чікоана"",""pl"":""Chicoana"",""hi"":""चिकोआना"",""ar"":""تشيكوانا""}",2019-10-06T09:28:14,2025-12-02T14:39:55,1,Q1016092
761,Chilecito,3653,F,11,AR,adm2,,,-29.16195000,-67.49740000,Chilecito,42248,America/Argentina/La_Rioja,"{""br"":""Chilecito"",""ko"":""칠레시토"",""pt-BR"":""Chilecito"",""pt"":""Chilecito"",""nl"":""Chilecito"",""hr"":""Čilekito"",""fa"":""چیلسیتو"",""de"":""Chilecito"",""es"":""Chilecito"",""fr"":""Chilecito"",""ja"":""チレシト"",""it"":""Chilecito"",""zh-CN"":""奇莱西托"",""tr"":""Şilicito"",""ru"":""Чилесито"",""uk"":""Чілісіто"",""pl"":""Chilecito"",""hi"":""चिलेसिटो"",""ar"":""تشيليسيتو""}",2019-10-06T09:28:14,2025-12-02T14:39:55,1,Q1072833
762,Chimbas,3634,J,11,AR,adm2,,,-31.48333000,-68.53333000,Chimbas,73829,America/Argentina/San_Juan,"{""br"":""Chimbaed"",""ko"":""침바스"",""pt-BR"":""Chimbas"",""pt"":""Chimbas"",""nl"":""Chimba's"",""hr"":""Čimbasi"",""fa"":""چیمباس"",""de"":""Chimbas"",""es"":""Chimbas"",""fr"":""Chimbas"",""ja"":""チンバス"",""it"":""Chimbas"",""zh-CN"":""奇姆巴"",""tr"":""Çimbas"",""ru"":""Чимбас"",""uk"":""Чімбас"",""pl"":""Chimbas"",""hi"":""चिम्बास"",""ar"":""شيمباس""}",2019-10-06T09:28:14,2025-12-02T14:39:55,1,Q1072833
763,Chimpay,3639,R,11,AR,city,,,-39.16482000,-66.14236000,Chimpancín,3905,America/Argentina/Buenos_Aires,"{""br"":""Chimpay"",""ko"":""침페이"",""pt-BR"":""Chimpay"",""pt"":""Chimpay"",""nl"":""Chimpansee"",""hr"":""Čimpaja"",""fa"":""چیمپی"",""de"":""Chimpay"",""es"":""Chimpay"",""fr"":""Chimpay"",""ja"":""チンペイ"",""it"":""Scimpay"",""zh-CN"":""Chimpay"",""tr"":""Şempay"",""ru"":""Чимпай"",""uk"":""Шимпей"",""pl"":""Szympans"",""hi"":""चिम्पे"",""ar"":""شيمباي""}",2019-10-06T09:28:14,2025-12-02T17:11:50,1,Q4520581
764,Choele Choel,3639,R,11,AR,adm2,,,-39.28941000,-65.66060000,Choele Choel,10146,America/Argentina/Salta,"{""br"":""Choele Choel"",""ko"":""초엘레 초엘"",""pt-BR"":""Choele Choel"",""pt"":""Choele Choel"",""nl"":""Choele Choel"",""hr"":""Choele Choel"",""fa"":""چوئل چوئل"",""de"":""Choele Choel"",""es"":""Choele Choel"",""fr"":""Choele Choel"",""ja"":""チョーレ・チョーレ"",""it"":""Choele Choel"",""zh-CN"":""乔莱·乔尔"",""tr"":""Çole Çol"",""ru"":""Чоэл Чоэл"",""uk"":""Чоеле Чоель"",""pl"":""Choele Choel"",""hi"":""चोएल चोएल"",""ar"":""تشويل تشويل""}",2019-10-06T09:28:14,2025-12-02T14:39:55,1,Q52522
765,Chorotis,3640,H,11,AR,city,,,-27.91578000,-61.39982000,Corotis,1445,America/Argentina/Buenos_Aires,"{""br"":""Chorotis"",""ko"":""코로티스"",""pt-BR"":""Chorotis"",""pt"":""Chorotis"",""nl"":""Chorotis"",""hr"":""Chorotis"",""fa"":""کوروتیس"",""de"":""Chorotis"",""es"":""Chorotis"",""fr"":""Chorotis"",""ja"":""チョロティス"",""it"":""Chorotis"",""zh-CN"":""乔罗蒂斯"",""tr"":""Chorotis"",""ru"":""Хоротис"",""uk"":""Хоротіс"",""pl"":""Chorotis"",""hi"":""चोरोटिस"",""ar"":""كوروتيس""}",2019-10-06T09:28:14,2025-12-02T17:11:50,1,Q1579594
766,Chos Malal,3648,Q,11,AR,adm2,,,-37.37809000,-70.27085000,Chos Malal,11721,America/Argentina/Salta,"{""br"":""Chos Malal"",""ko"":""코스 말랄"",""pt-BR"":""Chos Malal"",""pt"":""Chos Malal"",""nl"":""Chos Malal"",""hr"":""Čos Malal"",""fa"":""چوس ملال"",""de"":""Chos Malal"",""es"":""Chos Malal"",""fr"":""Chos Malal"",""ja"":""チョス・マラル"",""it"":""Chos Malal"",""zh-CN"":""乔斯马拉尔"",""tr"":""Chos Malal"",""ru"":""Чос Малал"",""uk"":""Чос Малал"",""pl"":""Chos Malal"",""hi"":""चोस मलाल"",""ar"":""تشوس مالال""}",2019-10-06T09:28:14,2025-12-02T14:39:55,1,Q288993
767,Ciervo Petiso,3640,H,11,AR,city,,,-26.58041000,-59.63094000,Ciervo Petiso,1055,America/Argentina/Cordoba,"{""br"":""Ciervo Petiso"",""ko"":""시에르보 페티소"",""pt-BR"":""Ciervo Petiso"",""pt"":""Ciervo Petiso"",""nl"":""Ciervo Petiso"",""hr"":""Ciervo Petiso"",""fa"":""چیروو پتیسو"",""de"":""Ciervo Petiso"",""es"":""Ciervo Petiso"",""fr"":""Ciervo Petiso"",""ja"":""シエルボ・ペティソ"",""it"":""Ciervo Petiso"",""zh-CN"":""切尔沃·佩蒂索"",""tr"":""Ciervo Petiso"",""ru"":""Сьерво Петизо"",""uk"":""Сьєрво Петісо"",""pl"":""Ciervo Petiso"",""hi"":""सिएर्वो पेटिसो"",""ar"":""سييرفو بيتيسو""}",2019-10-06T09:28:14,2025-12-02T14:39:55,1,Q5119715
768,Cinco Saltos,3639,R,11,AR,city,,,-38.82225000,-68.06293000,Cinco Saltos,19819,America/Argentina/Salta,"{""br"":""Cinco Saltos"",""ko"":""싱코 살토스"",""pt-BR"":""Cinco Saltos"",""pt"":""Cinco Saltos"",""nl"":""Vijf salto's"",""hr"":""Cinco Saltos"",""fa"":""سینکو سالتوس"",""de"":""Fünf Saltos"",""es"":""Cinco Saltos"",""fr"":""Cinq sauts"",""ja"":""シンコ・サルトス"",""it"":""Cinco Saltos"",""zh-CN"":""五角星舞"",""tr"":""Beş Saltos"",""ru"":""Синко Сальтос"",""uk"":""Сінко Сальтос"",""pl"":""Pięć Saltosów"",""hi"":""सिन्को साल्टोस"",""ar"":""سينكو سالتوس""}",2019-10-06T09:28:14,2025-12-02T14:39:55,1,Q2933923
769,Cintra,3642,X,11,AR,city,,,-32.30673000,-62.65214000,Cinta,1054,America/Argentina/Cordoba,"{""br"":""Cintra"",""ko"":""신트라"",""pt-BR"":""Cintra"",""pt"":""Cintra"",""nl"":""Cintra"",""hr"":""Cintra"",""fa"":""سینترا"",""de"":""Cintra"",""es"":""Cintra"",""fr"":""Cintra"",""ja"":""シントラ"",""it"":""Cintra"",""zh-CN"":""辛特拉"",""tr"":""Cintra"",""ru"":""Цинтра"",""uk"":""Цинтра"",""pl"":""Cintra"",""hi"":""सिंट्रा"",""ar"":""سينترا""}",2019-10-06T09:28:14,2025-12-02T14:39:55,1,Q21842797
770,Cipolletti,3639,R,11,AR,city,,,-38.93392000,-67.99032000,Cipolletti,75078,America/Argentina/Salta,"{""br"":""Cipolletti"",""ko"":""치폴레티"",""pt-BR"":""Cipolletti"",""pt"":""Cipolletti"",""nl"":""Cipolletti"",""hr"":""Cipolletti"",""fa"":""سیپولتی"",""de"":""Cipolletti"",""es"":""Cipolletti"",""fr"":""Cipolletti"",""ja"":""チポレッティ"",""it"":""Cipolletti"",""zh-CN"":""西波莱蒂"",""tr"":""Cipolletti"",""ru"":""Чиполлетти"",""uk"":""Чіполлетті"",""pl"":""Cipolletti"",""hi"":""सिपोलेटी"",""ar"":""شيبوليتي""}",2019-10-06T09:28:14,2025-12-02T14:39:55,1,Q1014306
771,Clodomira,3635,G,11,AR,city,,,-27.57440000,-64.13108000,Clodom,9043,America/Argentina/Cordoba,"{""br"":""Clodomira"",""ko"":""클로도미라"",""pt-BR"":""Clodomira"",""pt"":""Clodomira"",""nl"":""Clodomira"",""hr"":""Klodomira"",""fa"":""کلودومیرا"",""de"":""Clodomira"",""es"":""Clodomira"",""fr"":""Clodomire"",""ja"":""クロドミラ"",""it"":""Clodomira"",""zh-CN"":""克洛多米拉"",""tr"":""Klodomira"",""ru"":""Клодомира"",""uk"":""Клодоміра"",""pl"":""Klodomira"",""hi"":""क्लोडोमिरा"",""ar"":""كلودوميرا""}",2019-10-06T09:28:14,2025-12-02T14:39:55,1,Q3680889
772,Clorinda,3652,P,11,AR,adm2,,,-25.28481000,-57.71851000,Clorinda,15000,America/Argentina/Cordoba,"{""br"":""Clorinda"",""ko"":""클로린다"",""pt-BR"":""Clorinda"",""pt"":""Clorinda"",""nl"":""Clorinda"",""hr"":""Clorinda"",""fa"":""کلوریندا"",""de"":""Clorinda"",""es"":""Clorinda"",""fr"":""Clorinda"",""ja"":""クロリンダ"",""it"":""Clorinda"",""zh-CN"":""克洛琳达"",""tr"":""Clorinda"",""ru"":""Клоринда"",""uk"":""Клорінда"",""pl"":""Klorinda"",""hi"":""क्लोरिंडा"",""ar"":""كلوريندا""}",2019-10-06T09:28:14,2025-12-02T14:39:55,1,Q106063
774,Colonia Aurora,3644,N,11,AR,city,,,-27.47428000,-54.52498000,Colonia de aurora,8407,America/Argentina/Cordoba,"{""br"":""Colonia Aurora"",""ko"":""콜로니아 오로라"",""pt-BR"":""Colônia Aurora"",""pt"":""Colônia Aurora"",""nl"":""Colonia Aurora"",""hr"":""Kolonija Aurora"",""fa"":""کولونیا آرورا"",""de"":""Colonia Aurora"",""es"":""Colonia Aurora"",""fr"":""Colonia Aurora"",""ja"":""コロニア・アウロラ"",""it"":""Colonia Aurora"",""zh-CN"":""科洛尼亚奥罗拉"",""tr"":""Koloni Aurora"",""ru"":""Колония Аврора"",""uk"":""Колонія Аврора"",""pl"":""Kolonia Aurora"",""hi"":""कोलोनिया ऑरोरा"",""ar"":""كولونيا أورورا""}",2019-10-06T09:28:14,2025-12-02T14:39:55,1,Q908300
775,Colonia Barón,3655,L,11,AR,city,,,-36.15152000,-63.85404000,Colonia Barón,3317,America/Argentina/Salta,"{""br"":""Colonia Barón"",""ko"":""콜로니아 바론"",""pt-BR"":""Colônia Barón"",""pt"":""Colônia Barón"",""nl"":""Colonia Barón"",""hr"":""Colonia Barón"",""fa"":""کولونیا بارون"",""de"":""Colonia Barón"",""es"":""Colonia Barón"",""fr"":""Colonie Barón"",""ja"":""コロニア・バロン"",""it"":""Colonia Barón"",""zh-CN"":""科洛尼亚·巴隆"",""tr"":""Colonia Barón"",""ru"":""Колония Барон"",""uk"":""Колонія Барон"",""pl"":""Kolonia Barón"",""hi"":""कोलोनिया बैरोन"",""ar"":""كولونيا بارون""}",2019-10-06T09:28:14,2025-12-02T14:39:55,1,Q5148214
776,Colonia Benítez,3640,H,11,AR,city,,,-27.33099000,-58.94622000,Colonia Benítez,3584,America/Argentina/Cordoba,"{""br"":""Colonia Benítez"",""ko"":""콜로니아 베니테스"",""pt-BR"":""Colônia Benítez"",""pt"":""Colônia Benítez"",""nl"":""Colonia Benítez"",""hr"":""Colonia Benítez"",""fa"":""کولونیا بنیتز"",""de"":""Colonia Benítez"",""es"":""Colonia Benítez"",""fr"":""Colonia Benítez"",""ja"":""コロニア・ベニテス"",""it"":""Colonia Benítez"",""zh-CN"":""科洛尼亚·贝尼特斯"",""tr"":""Colonia Benitez"",""ru"":""Колония Бенитес"",""uk"":""Колонія Бенітес"",""pl"":""Kolonia Benítez"",""hi"":""कोलोनिया बेनिटेज़"",""ar"":""كولونيا بينيتيز""}",2019-10-06T09:28:14,2025-12-02T14:39:55,1,Q1579162
777,Colonia Dora,3635,G,11,AR,city,,,-28.60000000,-62.95000000,Colonia Dora,2406,America/Argentina/Cordoba,"{""br"":""Colonia Dora"",""ko"":""콜로니아 도라"",""pt-BR"":""Colônia Dora"",""pt"":""Colônia Dora"",""nl"":""Colonia Dora"",""hr"":""Kolonija Dora"",""fa"":""کولونیا دورا"",""de"":""Colonia Dora"",""es"":""Colonia Dora"",""fr"":""Colonie Dora"",""ja"":""コロニア・ドラ"",""it"":""Colonia Dora"",""zh-CN"":""科洛尼亚多拉"",""tr"":""Koloni Dora"",""ru"":""Колония Дора"",""uk"":""Колонія Дора"",""pl"":""Kolonia Dora"",""hi"":""कोलोनिया डोरा"",""ar"":""كولونيا دورا""}",2019-10-06T09:28:14,2025-12-02T14:39:55,1,Q5148225
778,Colonia Elisa,3640,H,11,AR,adm2,,,-26.93041000,-59.51861000,Colonia Elisa,4570,America/Argentina/Cordoba,"{""br"":""Colonia Elisa"",""ko"":""콜로니아 엘리사"",""pt-BR"":""Colônia Elisa"",""pt"":""Colônia Elisa"",""nl"":""Colonia Elisa"",""hr"":""Kolonija Elisa"",""fa"":""کولونیا الیزا"",""de"":""Colonia Elisa"",""es"":""Colonia Elisa"",""fr"":""Colonie Elisa"",""ja"":""コロニア・エリサ"",""it"":""Colonia Elisa"",""zh-CN"":""科洛尼亚·伊丽莎"",""tr"":""Koloni Elisa"",""ru"":""Колония Элиза"",""uk"":""Колонія Еліза"",""pl"":""Kolonia Elisa"",""hi"":""कोलोनिया एलिसा"",""ar"":""كولونيا إليزا""}",2019-10-06T09:28:14,2025-12-02T14:39:55,1,Q1579265
779,Colonia Elía,3654,E,11,AR,city,,,-32.67144000,-58.32538000,Colonia Elía,1620,America/Argentina/Cordoba,"{""br"":""Colonia Elía"",""ko"":""콜로니아 엘리아"",""pt-BR"":""Colônia Elía"",""pt"":""Colônia Elía"",""nl"":""Colonia Elía"",""hr"":""Kolonija Elía"",""fa"":""کولونیا الیا"",""de"":""Colonia Elía"",""es"":""Colonia Elía"",""fr"":""Colonie Elía"",""ja"":""コロニア・エリア"",""it"":""Colonia Elía"",""zh-CN"":""科洛尼亚埃利亚"",""tr"":""Colonia Elía"",""ru"":""Колония Элия"",""uk"":""Колонія Елія"",""pl"":""Kolonia Elía"",""hi"":""कोलोनिया एलिया"",""ar"":""كولونيا إيليا""}",2019-10-06T09:28:14,2025-12-02T14:39:55,1,Q385453
780,Colonia La Tordilla,3642,X,11,AR,city,,,-31.23746000,-63.06134000,Colonia La Tordilla,1138,America/Argentina/Cordoba,"{""br"":""Colonia La Tordilla"",""ko"":""콜로니아 라 토르디야"",""pt-BR"":""Colônia La Tordilla"",""pt"":""Colônia La Tordilla"",""nl"":""Kolonie La Tordilla"",""hr"":""Colonia La Tordilla"",""fa"":""کولونیا لا توردیلا"",""de"":""Colonia La Tordilla"",""es"":""Colonia La Tordilla"",""fr"":""Colonie La Tordilla"",""ja"":""コロニア・ラ・トルディージャ"",""it"":""Colonia La Tordilla"",""zh-CN"":""科洛尼亚·拉托尔迪利亚"",""tr"":""Koloni La Tordilla"",""ru"":""Колония Ла Тордилья"",""uk"":""Колонія Ла Торділья"",""pl"":""Kolonia La Tordilla"",""hi"":""कोलोनिया ला टोरडिला"",""ar"":""كولونيا لا تورديلا""}",2019-10-06T09:28:14,2025-12-02T14:39:55,1,Q21842946
781,Colonia San Bartolomé,3642,X,11,AR,city,,,-31.52780000,-62.72436000,Colonia San Bartolomé,1104,America/Argentina/Cordoba,"{""br"":""Colonia San Bartolomé"",""ko"":""콜로니아 산 바르톨로메"",""pt-BR"":""Colônia San Bartolomé"",""pt"":""Colônia San Bartolomé"",""nl"":""Colonia San Bartolomé"",""hr"":""Kolonija San Bartolomé"",""fa"":""کولونیا سن بارتولومه"",""de"":""Colonia San Bartolomé"",""es"":""Colonia San Bartolomé"",""fr"":""Colonie San Bartolomé"",""ja"":""コロニア・サン・バルトロメ"",""it"":""Colonia San Bartolomé"",""zh-CN"":""圣巴托洛梅殖民地"",""tr"":""Colonia San Bartolomé"",""ru"":""Колония Сан-Бартоломе"",""uk"":""Колонія Сан-Бартоломе"",""pl"":""Kolonia San Bartolomé"",""hi"":""कोलोनिया सैन बार्टोलोमे"",""ar"":""كولونيا سان بارتولومي""}",2019-10-06T09:28:14,2025-12-02T14:39:55,1,Q5777842
782,Colonias Unidas,3640,H,11,AR,city,,,-26.69825000,-59.63154000,Colonias Unidas,4093,America/Argentina/Cordoba,"{""br"":""Trevadennoù Unanet"",""ko"":""콜로니아스 유니다스"",""pt-BR"":""Colônias Unidas"",""pt"":""Colônias Unidas"",""nl"":""Colonias Unidas"",""hr"":""Ujedinjene kolonije"",""fa"":""کولونیاس یونیداس"",""de"":""Colonias Unidas"",""es"":""Colonias Unidas"",""fr"":""Colonies Unies"",""ja"":""コロニアス・ウニダス"",""it"":""Colonias Unidas"",""zh-CN"":""联合殖民地"",""tr"":""Birleşik Koloniler"",""ru"":""Colonias Unidas"",""uk"":""Колонії Унідас"",""pl"":""Zjednoczone Kolonie"",""hi"":""कोलोनियास यूनिडास"",""ar"":""كولونياس يونيداس""}",2019-10-06T09:28:14,2025-12-02T14:39:55,1,Q1579067
783,Colón,3654,E,11,AR,adm2,,,-32.22312000,-58.14426000,Colon,58219,America/Argentina/Cordoba,"{""br"":""Colón"",""ko"":""콜론"",""pt-BR"":""Cólon"",""pt"":""Cólon"",""nl"":""Dubbele punt"",""hr"":""Debelo crijevo"",""fa"":""کولون"",""de"":""Doppelpunkt"",""es"":""Colon"",""fr"":""Côlon"",""ja"":""結腸"",""it"":""Colon"",""zh-CN"":""冒号"",""tr"":""Kolon"",""ru"":""Колон"",""uk"":""Колон"",""pl"":""Okrężnica"",""hi"":""कोलन"",""ar"":""كولون""}",2019-10-06T09:28:14,2025-12-02T14:39:55,1,Q52591
784,Comallo,3639,R,11,AR,city,,,-41.02993000,-70.26784000,Comallo,1306,America/Argentina/Salta,"{""br"":""Comallo"",""ko"":""코말로"",""pt-BR"":""Comallo"",""pt"":""Comallo"",""nl"":""Comallo"",""hr"":""Comallo"",""fa"":""کومالو"",""de"":""Comallo"",""es"":""Comallo"",""fr"":""Comallo"",""ja"":""コマーロ"",""it"":""Comallo"",""zh-CN"":""科马洛"",""tr"":""Comallo"",""ru"":""Комалло"",""uk"":""Комалло"",""pl"":""Comallo"",""hi"":""कोमालो"",""ar"":""كومالو""}",2019-10-06T09:28:14,2025-12-02T14:39:55,1,Q1954924
785,Comandante Fontana,3652,P,11,AR,adm2,,,-25.33453000,-59.68212000,Comandante de fontana,5655,America/Argentina/Cordoba,"{""br"":""Komandant Fontana"",""ko"":""코만단테 폰타나"",""pt-BR"":""Comandante Fontana"",""pt"":""Comandante Fontana"",""nl"":""Commandant Fontana"",""hr"":""Komandant Fontana"",""fa"":""فرمانده فونتانا"",""de"":""Comandante Fontana"",""es"":""Comandante Fontana"",""fr"":""Commandant Fontana"",""ja"":""フォンタナ司令官"",""it"":""Comandante Fontana"",""zh-CN"":""丰塔纳司令官"",""tr"":""Komutan Fontana"",""ru"":""Команданте Фонтана"",""uk"":""Команданте Фонтана"",""pl"":""Komendant Fontana"",""hi"":""कमांडेंट फोंटाना"",""ar"":""القائد فونتانا""}",2019-10-06T09:28:14,2025-12-02T14:39:55,1,Q106069
786,Comandante Luis Piedra Buena,3649,Z,11,AR,city,,,-49.98513000,-68.91467000,Comandante Luis Piedra Buena,4176,America/Argentina/Rio_Gallegos,"{""br"":""Ar c'homandant Luis Piedra Buena"",""ko"":""코만단테 루이스 피에드라 부에나"",""pt-BR"":""Comandante Luis Piedra Buena"",""pt"":""Comandante Luis Piedra Buena"",""nl"":""Commandant Luis Piedra Buena"",""hr"":""Komandant Luis Piedra Buena"",""fa"":""فرمانده لوئیس پیدرا بوئنا"",""de"":""Comandante Luis Piedra Buena"",""es"":""Comandante Luis Piedra Buena"",""fr"":""Commandant Luis Piedra Buena"",""ja"":""ルイス・ピエドラ・ブエナ司令官"",""it"":""Comandante Luis Piedra Buena"",""zh-CN"":""路易斯·彼德拉·布埃纳司令官"",""tr"":""Comandante Luis Piedra Buena"",""ru"":""Команданте Луис Пьедра Буэна"",""uk"":""Команданте Луїс П'єдра Буена"",""pl"":""Komendant Luis Piedra Buena"",""hi"":""कमांडेंट लुइस पिएड्रा बुएना"",""ar"":""القائد لويس بيدرا بوينا""}",2019-10-06T09:28:14,2025-12-02T14:39:55,1,Q962170
787,Comodoro Rivadavia,3651,U,11,AR,adm2,,,-45.86413000,-67.49656000,Comodoro Rivadavia,201228,America/Argentina/Buenos_Aires,"{""br"":""Comodoro Rivadavia"",""ko"":""코모도로 리바다비아"",""pt-BR"":""Comodoro Rivadavia"",""pt"":""Comodoro Rivadavia"",""nl"":""Comodoro Rivadavia"",""hr"":""Comodoro Rivadavia"",""fa"":""کومودورو ریواداویا"",""de"":""Comodoro Rivadavia"",""es"":""Comodoro Rivadavia"",""fr"":""Comodoro Rivadavia"",""ja"":""コモドロ・リバダビア"",""it"":""Comodoro Rivadavia"",""zh-CN"":""里瓦达维亚海军准将城"",""tr"":""Comodoro Rivadavia"",""ru"":""Комодоро Ривадавия"",""uk"":""Комодоро Рівадавія"",""pl"":""Comodoro Rivadavia"",""hi"":""कोमोडोरो रिवादाविया"",""ar"":""كومودورو ريفادافيا""}",2019-10-06T09:28:14,2025-12-02T17:11:50,1,Q221921
788,Concarán,3636,D,11,AR,adm2,,,-32.56009000,-65.24270000,Concarán,4530,America/Argentina/San_Luis,"{""br"":""Concarán"",""ko"":""콘카란"",""pt-BR"":""Concarán"",""pt"":""Concarán"",""nl"":""Concarán"",""hr"":""Concarán"",""fa"":""کونکاران"",""de"":""Concarán"",""es"":""Concarán"",""fr"":""Concaran"",""ja"":""コンカラン"",""it"":""Concarán"",""zh-CN"":""孔卡兰"",""tr"":""Concarán"",""ru"":""Конкаран"",""uk"":""Конкаран"",""pl"":""Concarán"",""hi"":""कॉनकारान"",""ar"":""كونكاران""}",2019-10-06T09:28:14,2025-12-02T14:39:55,1,Q1018588
789,Concepción,3638,W,11,AR,adm2,,,-28.39175000,-57.88777000,Concepción,4022,America/Argentina/Cordoba,"{""br"":""Konsepsion"",""ko"":""콘셉시온"",""pt-BR"":""Conceição"",""pt"":""Conceição"",""nl"":""Conceptie"",""hr"":""Concepción"",""fa"":""کانسپسیون"",""de"":""Konzeption"",""es"":""Concepción"",""fr"":""Conception"",""ja"":""コンセプシオン"",""it"":""Concezione"",""zh-CN"":""康塞普西翁"",""tr"":""Konsept"",""ru"":""Консепсьон"",""uk"":""Консепсьйон"",""pl"":""Concepción"",""hi"":""कॉन्सेप्शन"",""ar"":""كونسيبسيون""}",2019-10-06T09:28:14,2025-12-02T14:39:55,1,Q1016869
790,Concepción de la Sierra,3644,N,11,AR,adm2,,,-27.98311000,-55.52031000,Concepción de la Sierra,7398,America/Argentina/Cordoba,"{""br"":""Konsepsion de la Sierra"",""ko"":""콘셉시온 데 라 시에라"",""pt-BR"":""Concepção da Serra"",""pt"":""Concepção da Serra"",""nl"":""Conceptie van de Sierra"",""hr"":""Concepción de la Sierra"",""fa"":""کونسپسیون د لا سیرا"",""de"":""Concepción de la Sierra"",""es"":""Concepción de la Sierra"",""fr"":""Concepción de la Sierra"",""ja"":""コンセプシオン・デ・ラ・シエラ"",""it"":""Concepción de la Sierra"",""zh-CN"":""康塞普西翁德拉谢拉"",""tr"":""Concepción de la Sierra"",""ru"":""Консепсьон-де-ла-Сьерра"",""uk"":""Консепсьйон-де-ла-Сьєрра"",""pl"":""Concepción de la Sierra"",""hi"":""कॉन्सेप्सिओन डे ला सिएरा"",""ar"":""كونسيبسيون دي لا سييرا""}",2019-10-06T09:28:14,2025-12-02T14:39:55,1,Q2991642
791,Concepción del Bermejo,3640,H,11,AR,city,,,-26.59926000,-60.94617000,Concepción del Bermejo,5830,America/Argentina/Cordoba,"{""br"":""Konsepsion ar Bermejo"",""ko"":""콘셉시온 델 베르메호"",""pt-BR"":""Concepção do Bermejo"",""pt"":""Concepção do Bermejo"",""nl"":""Concepción del Bermejo"",""hr"":""Concepción del Bermejo"",""fa"":""کانسپسیون دل برمخو"",""de"":""Concepción del Bermejo"",""es"":""Concepción del Bermejo"",""fr"":""Concepción del Bermejo"",""ja"":""コンセプシオン・デル・ベルメホ"",""it"":""Concepción del Bermejo"",""zh-CN"":""康塞普西翁·德尔·贝尔梅霍"",""tr"":""Concepción del Bermejo"",""ru"":""Консепсьон дель Бермехо"",""uk"":""Консепсьйон-дель-Бермехо"",""pl"":""Concepción del Bermejo"",""hi"":""कॉन्सेप्सिओन डेल बरमेजो"",""ar"":""Concepción del Bermejo""}",2019-10-06T09:28:14,2025-12-02T14:39:55,1,Q785491
792,Concepción del Uruguay,3654,E,11,AR,adm2,,,-32.48463000,-58.23217000,Concepción del Uruguay,67895,America/Argentina/Cordoba,"{""br"":""Konsepsion Uruguay"",""ko"":""콘셉시온 델 우루과이"",""pt-BR"":""Concepção do Uruguai"",""pt"":""Concepção do Uruguai"",""nl"":""Conceptie van Uruguay"",""hr"":""Concepción del Uruguay"",""fa"":""کونسپسیون دل اروگوئه"",""de"":""Concepción del Uruguay"",""es"":""Concepción del Uruguay"",""fr"":""Concepción del Uruguay"",""ja"":""コンセプシオン・デル・ウルグアイ"",""it"":""Concepción del Uruguay"",""zh-CN"":""乌拉圭康塞普西翁"",""tr"":""Concepción del Uruguay"",""ru"":""Консепсьон-дель-Уругвай"",""uk"":""Консепсьйон-дель-Уругвай"",""pl"":""Concepción del Uruguay"",""hi"":""कॉन्सेप्सिओन डेल उरुग्वे"",""ar"":""كونسيبسيون ديل أوروغواي""}",2019-10-06T09:28:14,2025-12-02T14:39:55,1,Q727464
793,Concordia,3654,E,11,AR,adm2,,,-31.39296000,-58.02089000,Concordia,149450,America/Argentina/Buenos_Aires,"{""br"":""Concordia"",""ko"":""콘코디아"",""pt-BR"":""Concórdia"",""pt"":""Concórdia"",""nl"":""Concordia"",""hr"":""Concordia"",""fa"":""کنکوردیا"",""de"":""Concordia"",""es"":""Concordia"",""fr"":""Concordia"",""ja"":""コンコルディア"",""it"":""Concordia"",""zh-CN"":""康考迪亚"",""tr"":""Concordia"",""ru"":""Конкордия"",""uk"":""Конкордія"",""pl"":""Concordia"",""hi"":""कॉनकॉर्डिया"",""ar"":""كونكورديا""}",2019-10-06T09:28:14,2025-12-02T17:11:50,1,Q52578
794,Conscripto Bernardi,3654,E,11,AR,city,,,-31.04837000,-59.08435000,Bernardo,1464,America/Argentina/Cordoba,"{""br"":""Conscripto Bernardi"",""ko"":""콘스크립토 베르나르디"",""pt-BR"":""Conscrito Bernardi"",""pt"":""Conscrito Bernardi"",""nl"":""Conscripto Bernardi"",""hr"":""Bernardijev regrut"",""fa"":""سرباز وظیفه برناردی"",""de"":""Conscripto Bernardi"",""es"":""Conscripto Bernardi"",""fr"":""Conscrit Bernardi"",""ja"":""コンスクリプト・ベルナルディ"",""it"":""Conscripto Bernardi"",""zh-CN"":""伯纳迪征兵官"",""tr"":""Bernardi Asker"",""ru"":""Конскрипт Бернарди"",""uk"":""Конскрипто Бернарді"",""pl"":""Konskryptor Bernardi"",""hi"":""कॉन्स्क्रिप्टो बर्नार्डी"",""ar"":""المجند برناردي""}",2019-10-06T09:28:14,2025-12-02T14:39:55,1,Q8349932
795,Contraalmirante Cordero,3639,R,11,AR,city,,,-38.72423000,-68.15284000,Contraalmirante Cordero,,America/Argentina/Buenos_Aires,"{""br"":""Contraalmirante Cordero"",""ko"":""콘트라알미란테 코르데로"",""pt-BR"":""Contraalmirante Cordero"",""pt"":""Contraalmirante Cordero"",""nl"":""Contraalmirante Cordero"",""hr"":""Contraalmirante Cordero"",""fa"":""کونتراالمیرانته کوردرو"",""de"":""Contraalmirante Cordero"",""es"":""Contraalmirante Cordero"",""fr"":""Contre-amiral Cordero"",""ja"":""コントラアルミランテ・コルデロ"",""it"":""Contraalmirante Cordero"",""zh-CN"":""科尔德罗海军上将"",""tr"":""Contraalmirante Cordero"",""ru"":""Контраальмиранте Кордеро"",""uk"":""Контральміранте Кордеро"",""pl"":""Contraalmirante Cordero"",""hi"":""कॉन्ट्राअल्मिरांटे कोर्डेरो"",""ar"":""كونتراالميرانتي كورديرو""}",2019-10-06T09:28:14,2025-12-02T17:11:50,1,Q21841285
796,Coronda,3641,S,11,AR,adm2,,,-31.97263000,-60.91983000,Coronda,18115,America/Argentina/Cordoba,"{""br"":""Coronda"",""ko"":""코로나다"",""pt-BR"":""Coroa"",""pt"":""Coroa"",""nl"":""Coronada"",""hr"":""Koronda"",""fa"":""کوروندا"",""de"":""Coronada"",""es"":""Coronda"",""fr"":""Couronne"",""ja"":""コロナダ"",""it"":""Coronda"",""zh-CN"":""科隆达"",""tr"":""Taç"",""ru"":""Коронда"",""uk"":""Коронда"",""pl"":""Coronda"",""hi"":""कोरोंडा"",""ar"":""كورونادا""}",2019-10-06T09:28:14,2025-12-02T14:39:55,1,Q52542
797,Coronel Baigorria,3642,X,11,AR,city,,,-32.84770000,-64.36107000,Coronel Baigorria,1334,America/Argentina/Cordoba,"{""br"":""Ar c'horonal Baigorria"",""ko"":""코로넬 바이고리아"",""pt-BR"":""Coronel Baigorria"",""pt"":""Coronel Baigorria"",""nl"":""Coronel Baigorria"",""hr"":""Pukovnik Baigorria"",""fa"":""کورونل بایگوریا"",""de"":""Coronel Baigorria"",""es"":""Coronel Baigorría"",""fr"":""Colonel Baigorria"",""ja"":""コロネル・バイゴリア"",""it"":""Colonnello Baigorria"",""zh-CN"":""巴伊戈里亚上校"",""tr"":""Albay Baigorria"",""ru"":""Полковник Байгоррия"",""uk"":""Коронель Байгоррія"",""pl"":""Koroner Baigorria"",""hi"":""कोरोनेल बैगोरिया"",""ar"":""كورونيل بايجوريا""}",2019-10-06T09:28:14,2025-12-02T14:39:55,1,Q8351097
798,Coronel Belisle,3639,R,11,AR,city,,,-39.18688000,-65.95422000,Belisle de coronel,1841,America/Argentina/Salta,"{""br"":""Ar c'horonal Belisle"",""ko"":""코로넬 벨라일"",""pt-BR"":""Coronel Belisle"",""pt"":""Coronel Belisle"",""nl"":""Coronel Belisle"",""hr"":""Pukovnik Belisle"",""fa"":""کورونل بلیسل"",""de"":""Oberst Belisle"",""es"":""Coronel Belisle"",""fr"":""Colonel Belisle"",""ja"":""コロネル・ベリスル"",""it"":""Colonnello Belisle"",""zh-CN"":""贝利斯勒上校"",""tr"":""Albay Belisle"",""ru"":""Полковник Белисл"",""uk"":""Коронель Белісл"",""pl"":""Koroner Belisle"",""hi"":""कोरोनेल बेलिसले"",""ar"":""كورونيل بيليسل""}",2019-10-06T09:28:14,2025-12-02T14:39:55,1,Q2884472
799,Coronel Du Graty,3640,H,11,AR,city,,,-27.68038000,-60.91462000,Coronel de gratízal,9140,America/Argentina/Buenos_Aires,"{""br"":""Koronel Du Graty"",""ko"":""코로넬 뒤 그라티"",""pt-BR"":""Coronel Du Graty"",""pt"":""Coronel Du Graty"",""nl"":""Coronel Du Graty"",""hr"":""Pukovnik Du Graty"",""fa"":""کورونل دو گراتی"",""de"":""Coronel Du Graty"",""es"":""Coronel Du Graty"",""fr"":""Colonel Du Graty"",""ja"":""コロネル・デュ・グラティ"",""it"":""Coronel Du Graty"",""zh-CN"":""格拉蒂上校"",""tr"":""Albay Du Graty"",""ru"":""Коронель Дю Грати"",""uk"":""Коронель Дю Граті"",""pl"":""Koroner Du Graty"",""hi"":""कोरोनेल डू ग्रैटी"",""ar"":""كورونيل دو جراتي""}",2019-10-06T09:28:14,2025-12-02T17:11:50,1,Q1657891
800,Coronel Moldes,3642,X,11,AR,city,,,-33.62270000,-64.59711000,Coronel Moldes,8104,America/Argentina/Cordoba,"{""br"":""Koronal Moldes"",""ko"":""코로넬 몰데스"",""pt-BR"":""Coronel Moldes"",""pt"":""Coronel Moldes"",""nl"":""Coronel Moldes"",""hr"":""Pukovnik Moldes"",""fa"":""کورونل مولدز"",""de"":""Coronel Moldes"",""es"":""Coronel Moldes"",""fr"":""Colonel Moldes"",""ja"":""コロネル・モルデス"",""it"":""Coronel Moldes"",""zh-CN"":""莫尔德斯上校镇"",""tr"":""Albay Moldes"",""ru"":""Коронель Молдес"",""uk"":""Коронель Молдес"",""pl"":""Koroner Moldes"",""hi"":""कोरोनेल मोल्डेस"",""ar"":""كورونيل مولديس""}",2019-10-06T09:28:14,2025-12-02T14:39:55,1,Q21841360
801,Corral de Bustos,3642,X,11,AR,city,,,-33.28205000,-62.18463000,Corral de Bustos,10407,America/Argentina/Cordoba,"{""br"":""Corral de Bustos"",""ko"":""코랄 데 부스토스"",""pt-BR"":""Curral de Bustos"",""pt"":""Curral de Bustos"",""nl"":""Corral de Bustos"",""hr"":""Corral de Bustos"",""fa"":""کورال دو بوستوس"",""de"":""Corral de Bustos"",""es"":""Corral de Bustos"",""fr"":""Corral de Bustos"",""ja"":""コラル・デ・ブストス"",""it"":""Corral de Bustos"",""zh-CN"":""科拉尔·德·布斯托斯"",""tr"":""Bustos Avlusu"",""ru"":""Корраль де Бустос"",""uk"":""Коррал-де-Бустос"",""pl"":""Corral de Bustos"",""hi"":""कोरल डे बुस्टोस"",""ar"":""كورال دي بوستوس""}",2019-10-06T09:28:14,2025-12-02T14:39:55,1,Q5172720
802,Corralito,3642,X,11,AR,city,,,-32.02462000,-64.19216000,Corralito,1873,America/Argentina/Cordoba,"{""br"":""Corralito"",""ko"":""코랄리토"",""pt-BR"":""Corralito"",""pt"":""Corralito"",""nl"":""Corralito"",""hr"":""Corralito"",""fa"":""کورالیتو"",""de"":""Corralito"",""es"":""Corralito"",""fr"":""Corralito"",""ja"":""コラリート"",""it"":""Corralito"",""zh-CN"":""科拉利托"",""tr"":""Corralito"",""ru"":""Корралито"",""uk"":""Корраліто"",""pl"":""Corralito"",""hi"":""कोरालिटो"",""ar"":""كوراليتو""}",2019-10-06T09:28:14,2025-12-02T14:39:55,1,Q21841392
803,Corrientes,3638,W,11,AR,adm1,,,-27.46784000,-58.83440000,Corrientes,352646,America/Argentina/Cordoba,"{""br"":""Pennaennoù"",""ko"":""코리엔테스"",""pt-BR"":""Corrientes"",""pt"":""Corrientes"",""nl"":""Corrientes"",""hr"":""Corrientes"",""fa"":""کورینتس"",""de"":""Corrientes"",""es"":""Corrientes"",""fr"":""Corrientes"",""ja"":""コリエンテス"",""it"":""Correnti"",""zh-CN"":""科连特斯"",""tr"":""Corrientes"",""ru"":""Корриентес"",""uk"":""Коррієнтес"",""pl"":""Corrientes"",""hi"":""कोरिएंटेस"",""ar"":""كورينتس""}",2019-10-06T09:28:14,2025-12-02T14:39:55,1,Q44211
804,Corzuela,3640,H,11,AR,adm2,,,-26.95374000,-60.96928000,Corby,10470,America/Argentina/Cordoba,"{""br"":""Corzuela"",""ko"":""코르주엘라"",""pt-BR"":""Corzuela"",""pt"":""Corzuela"",""nl"":""Corzuela"",""hr"":""Corzuela"",""fa"":""کورزوئلا"",""de"":""Corzuela"",""es"":""Corzuela"",""fr"":""Corzuela"",""ja"":""コルスエラ"",""it"":""Corzuela"",""zh-CN"":""科尔苏埃拉"",""tr"":""Corzuela"",""ru"":""Корсуэла"",""uk"":""Корсуела"",""pl"":""Corzuela"",""hi"":""कोर्ज़ुएला"",""ar"":""كورزويلا""}",2019-10-06T09:28:14,2025-12-02T14:39:55,1,Q1135953
805,Cosquín,3642,X,11,AR,adm2,,,-31.24508000,-64.46563000,Cosquín,19070,America/Argentina/Cordoba,"{""br"":""Cosquín"",""ko"":""코스킨"",""pt-BR"":""Cosquín"",""pt"":""Cosquín"",""nl"":""Cosquín"",""hr"":""Cosquín"",""fa"":""کوشکین"",""de"":""Cosquín"",""es"":""Cosquín"",""fr"":""Cosquín"",""ja"":""コスキン"",""it"":""Cosquín"",""zh-CN"":""科斯金"",""tr"":""Cosquín"",""ru"":""Коскин"",""uk"":""Коскін"",""pl"":""Cosquin"",""hi"":""कोस्क्विन"",""ar"":""كوسكوين""}",2019-10-06T09:28:14,2025-12-02T14:39:55,1,Q48290
806,Costa Sacate,3642,X,11,AR,city,,,-31.64770000,-63.75935000,Costa Sacate,1288,America/Argentina/Cordoba,"{""br"":""Costa Sacate"",""ko"":""코스타 사카테"",""pt-BR"":""Costa Sacate"",""pt"":""Costa Sacate"",""nl"":""Costa Sacate"",""hr"":""Costa Sacate"",""fa"":""کاستا ساکاته"",""de"":""Costa Sacate"",""es"":""Costa Sacate"",""fr"":""Côte Sacate"",""ja"":""コスタ・サカーテ"",""it"":""Costa Sacate"",""zh-CN"":""科斯塔萨卡特"",""tr"":""Costa Sacate"",""ru"":""Коста Сакате"",""uk"":""Коста-Сакате"",""pl"":""Costa Sacate"",""hi"":""कोस्टा साकाटे"",""ar"":""كوستا ساكاتي""}",2019-10-06T09:28:14,2025-12-02T14:39:55,1,Q5574326
807,Coté-Lai,3640,H,11,AR,city,,,-27.50000000,-59.60000000,Listado,,America/Argentina/Buenos_Aires,"{""br"":""Coté-Lai"",""ko"":""코테레"",""pt-BR"":""Coté-Lai"",""pt"":""Coté-Lai"",""nl"":""Coté-Lai"",""hr"":""Cóté-Lai"",""fa"":""کوت-لای"",""de"":""Coté-Lai"",""es"":""Coté-Lai"",""fr"":""Coté-Lai"",""ja"":""コテ・レイ"",""it"":""Coté-Lai"",""zh-CN"":""科特莱"",""tr"":""Coté-Lai"",""ru"":""Кот-Лай"",""uk"":""Коте-Лай"",""pl"":""Coté-Lai"",""hi"":""कोटे-लाई"",""ar"":""كوتيه لاي""}",2019-10-06T09:28:14,2025-12-02T17:11:50,1,Q21829400
808,Crespo,3654,E,11,AR,city,,,-32.02873000,-60.30658000,Copa,19536,America/Argentina/Cordoba,"{""br"":""Crespo"",""ko"":""크레스포"",""pt-BR"":""Crespo"",""pt"":""Crespo"",""nl"":""Crespo"",""hr"":""Crespo"",""fa"":""کرسپو"",""de"":""Crespo"",""es"":""Crespo"",""fr"":""Crespo"",""ja"":""クレスポ"",""it"":""Crespo"",""zh-CN"":""克雷斯波"",""tr"":""Crespo"",""ru"":""Креспо"",""uk"":""Креспо"",""pl"":""Crespo"",""hi"":""क्रेस्पो"",""ar"":""كريسبو""}",2019-10-06T09:28:14,2025-12-02T14:39:55,1,Q2486561
809,Cruz Alta,3642,X,11,AR,city,,,-33.00887000,-61.80746000,Cruz Alta,6862,America/Argentina/Cordoba,"{""br"":""Kroaz Alta"",""ko"":""크루즈 알타"",""pt-BR"":""Cruz Alta"",""pt"":""Cruz Alta"",""nl"":""Cruz Alta"",""hr"":""Cruz Alta"",""fa"":""کروز آلتا"",""de"":""Cruz Alta"",""es"":""Cruz Alta"",""fr"":""Cruz Alta"",""ja"":""クルス・アルタ"",""it"":""Cruz Alta"",""zh-CN"":""克鲁兹阿尔塔"",""tr"":""Cruz Alta"",""ru"":""Крус Альта"",""uk"":""Крус Альта"",""pl"":""Cruz Alta"",""hi"":""क्रूज़ अल्टा"",""ar"":""كروز ألتا""}",2019-10-06T09:28:14,2025-12-02T14:39:55,1,Q21841539
810,Cruz de los Milagros,3638,W,11,AR,city,,,-28.83646000,-59.00476000,Cruz de los Milagros,1768,America/Argentina/Cordoba,"{""br"":""Kroaz ar Milagros"",""ko"":""크루스 데 로스 밀라그로스"",""pt-BR"":""Cruz dos Milagres"",""pt"":""Cruz dos Milagres"",""nl"":""Cruz de los Milagros"",""hr"":""Cruz de los Milagros"",""fa"":""کروز د لوس میلاگروس"",""de"":""Cruz de los Milagros"",""es"":""Cruz de los Milagros"",""fr"":""Croix des Milagros"",""ja"":""クルス・デ・ロス・ミラグロス"",""it"":""Cruz de los Milagros"",""zh-CN"":""米拉格罗斯十字"",""tr"":""Cruz de los Milagros"",""ru"":""Крус-де-лос-Милагрос"",""uk"":""Крус-де-лос-Мілагрос"",""pl"":""Cruz de los Milagros"",""hi"":""क्रूज़ डे लॉस मिलाग्रोस"",""ar"":""كروز دي لوس ميلاجروس""}",2019-10-06T09:28:14,2025-12-02T14:39:55,1,Q21829416
811,Cruz del Eje,3642,X,11,AR,adm2,,,-30.72644000,-64.80387000,Cruz del Eje,30680,America/Argentina/Cordoba,"{""br"":""Kroaz ar C'hreisteiz"",""ko"":""크루스 델 에헤"",""pt-BR"":""Cruz del Eje"",""pt"":""Cruz del Eje"",""nl"":""Kruis van het Eje"",""hr"":""Cruz del Eje"",""fa"":""کروز دل اِخه"",""de"":""Cruz del Eje"",""es"":""Cruz del Eje"",""fr"":""Croix de l'Eje"",""ja"":""クルス・デル・エヘ"",""it"":""Cruz del Eje"",""zh-CN"":""十字军"",""tr"":""Cruz del Eje"",""ru"":""Крус-дель-Эхе"",""uk"":""Крус-дель-Ехе"",""pl"":""Cruz del Eje"",""hi"":""क्रूज़ डेल एजे"",""ar"":""كروز ديل إيخي""}",2019-10-06T09:28:14,2025-12-02T14:39:55,1,Q1016873
812,Cuesta Blanca,3642,X,11,AR,locality,,,-31.48658000,-64.57150000,Cuesta Blanca,3200,America/Argentina/Cordoba,"{""br"":""Cuesta Blanca"",""ko"":""쿠에스타 블랑카"",""pt-BR"":""Cuesta Blanca"",""pt"":""Cuesta Blanca"",""nl"":""Cuesta Blanca"",""hr"":""Cuesta Blanca"",""fa"":""کوئستا بلانکا"",""de"":""Cuesta Blanca"",""es"":""Cuesta Blanca"",""fr"":""Cuesta Blanca"",""ja"":""クエスタ・ブランカ"",""it"":""Cuesta Blanca"",""zh-CN"":""库埃斯塔·布兰卡"",""tr"":""Cuesta Blanca"",""ru"":""Куэста Бланка"",""uk"":""Куеста Бланка"",""pl"":""Cuesta Blanca"",""hi"":""क्यूस्टा ब्लैंका"",""ar"":""كويستا بلانكا""}",2019-10-06T09:28:14,2025-12-02T14:39:55,1,Q637219
813,Curuzú Cuatiá,3638,W,11,AR,adm2,,,-29.79171000,-58.05460000,Curuzú Cuatiá,51532,America/Argentina/Buenos_Aires,"{""br"":""Cuatiá Curuzú"",""ko"":""쿠루즈 쿠아티아"",""pt-BR"":""Curuzú Cuatiá"",""pt"":""Curuzú Cuatiá"",""nl"":""Curuzú Cuatiá"",""hr"":""Curuzú Cuatiá"",""fa"":""کوروزو کواتیا"",""de"":""Curuzú Cuatiá"",""es"":""Curuzú Cuatiá"",""fr"":""Curuzú Cuatiá"",""ja"":""クルズ・クアティア"",""it"":""Curuzú Cuatiá"",""zh-CN"":""库鲁祖·库阿蒂亚"",""tr"":""Curuzú Cuatiá"",""ru"":""Curuzú Cuatiá"",""uk"":""Курусу Куатія"",""pl"":""Curuzú Cuatiá"",""hi"":""कुरुज़ु कुआतिया"",""ar"":""Curuzú Cuatiá""}",2019-10-06T09:28:14,2025-12-02T17:11:50,1,Q2364886
814,Cutral-Có,3648,Q,11,AR,city,,,-38.93424000,-69.23052000,Cutral-Có,47380,America/Argentina/Salta,"{""br"":""Cutral-Có"",""ko"":""쿠트랄-코"",""pt-BR"":""Cutral-Có"",""pt"":""Cutral-Có"",""nl"":""Cutral-Có"",""hr"":""Cutral-Có"",""fa"":""کاترال-کو"",""de"":""Cutral-Có"",""es"":""Cutral-Có"",""fr"":""Cutral-Có"",""ja"":""クトラル・コ"",""it"":""Cutral-Có"",""zh-CN"":""库特拉尔-科"",""tr"":""Cutral-Có"",""ru"":""Кутраль-Ко"",""uk"":""Кутраль-Ко"",""pl"":""Cutral-Có"",""hi"":""सांस्कृतिक-Có"",""ar"":""كوترال-كو""}",2019-10-06T09:28:14,2025-12-02T14:39:55,1,Q970536
815,Córdoba,3642,X,11,AR,adm1,,,-31.41350000,-64.18105000,Córdoba,1329604,America/Argentina/Buenos_Aires,"{""br"":""Córdoba"",""ko"":""코르도바"",""pt-BR"":""Córdoba"",""pt"":""Córdoba"",""nl"":""Cordoba"",""hr"":""Córdoba"",""fa"":""کوردوبا"",""de"":""Córdoba"",""es"":""Córdoba"",""fr"":""Cordoue"",""ja"":""コルドバ"",""it"":""Cordova"",""zh-CN"":""科尔多瓦"",""tr"":""Kordoba"",""ru"":""Кордова"",""uk"":""Кордова"",""pl"":""Kordoba"",""hi"":""कोरडोबा"",""ar"":""قرطبة""}",2019-10-06T09:28:14,2025-12-02T17:11:50,1,Q44210
816,Dalmacio Vélez Sársfield,3642,X,11,AR,city,,,-32.61072000,-63.58038000,Dalmacio Vélez Sársfield,1344,America/Argentina/Buenos_Aires,"{""br"":""Dalmacio Vélez Sársfield"",""ko"":""달마시오 벨레스 사르스필드"",""pt-BR"":""Dalmacio Vélez Sársfield"",""pt"":""Dalmacio Vélez Sársfield"",""nl"":""Dalmacio Vélez Sársfield"",""hr"":""Dalmacio Vélez Sársfield"",""fa"":""دالماسیو ولز سارسفیلد"",""de"":""Dalmacio Vélez Sársfield"",""es"":""Dalmacio Vélez Sársfield"",""fr"":""Dalmacio Vélez Sársfield"",""ja"":""ダルマシオ・ベレス・サースフィールド"",""it"":""Dalmacio Vélez Sársfield"",""zh-CN"":""达尔马西奥·贝莱斯·萨斯菲尔德"",""tr"":""Dalmacio Vélez Sársfield"",""ru"":""Далмасио Велес Сарсфилд"",""uk"":""Далмасіо Велес Сарсфілд"",""pl"":""Dalmacio Vélez Sársfield"",""hi"":""डाल्मासियो वेलेज़ सार्सफ़ील्ड"",""ar"":""دالماتيو فيليز سارسفيلد""}",2019-10-06T09:28:14,2025-12-02T16:59:27,1,Q21841723
817,Darwin,3639,R,11,AR,city,,,-39.20334000,-65.73952000,Darwin,1052,America/Argentina/Salta,"{""br"":""Darwin"",""ko"":""다윈"",""pt-BR"":""Darwin"",""pt"":""Darwin"",""nl"":""Darwin"",""hr"":""Darwin"",""fa"":""داروین"",""de"":""Darwin"",""es"":""Darwin"",""fr"":""Darwin"",""ja"":""ダーウィン"",""it"":""Darwin"",""zh-CN"":""达尔文"",""tr"":""Darwin"",""ru"":""Дарвин"",""uk"":""Дарвін"",""pl"":""Darwin"",""hi"":""डार्विन"",""ar"":""داروين""}",2019-10-06T09:28:14,2025-12-02T14:39:55,1,Q5225916
818,Del Campillo,3642,X,11,AR,city,,,-34.37659000,-64.49504000,Del Campillo,3155,America/Argentina/Cordoba,"{""br"":""Del Campillo"",""ko"":""델 캄필로"",""pt-BR"":""Do Campillo"",""pt"":""Do Campillo"",""nl"":""Del Campillo"",""hr"":""Del Campillo"",""fa"":""دل کامپیلو"",""de"":""Del Campillo"",""es"":""Del Campillo"",""fr"":""Del Campillo"",""ja"":""デル・カンピージョ"",""it"":""Del Campillo"",""zh-CN"":""德尔坎皮略"",""tr"":""Del Campillo"",""ru"":""Дель Кампильо"",""uk"":""Дель Кампілло"",""pl"":""Del Campillo"",""hi"":""डेल कैम्पिलो"",""ar"":""ديل كامبيلو""}",2019-10-06T09:28:14,2025-12-02T14:39:55,1,Q8354470
819,Departamento Capital,3643,A,11,AR,city,,,-24.83333000,-65.33333000,Departamento Capital,,America/Argentina/Buenos_Aires,"{""br"":""Departamant Kêr-benn"",""ko"":""수도청"",""pt-BR"":""Departamento Capital"",""pt"":""Departamento Capital"",""nl"":""Departement Hoofdstad"",""hr"":""Departamento Capital"",""fa"":""دپارتمان سرمایه"",""de"":""Departamento Capital"",""es"":""Departamento Capital"",""fr"":""Département Capital"",""ja"":""首都デパルタメント"",""it"":""Dipartimento Capitale"",""zh-CN"":""首都部门"",""tr"":""Başkent Departmanı"",""ru"":""Департаменто Капитал"",""uk"":""Департамент столиці"",""pl"":""Departamento Capital"",""hi"":""डिपार्टामेंटो कैपिटल"",""ar"":""مقاطعة العاصمة""}",2019-10-06T09:28:14,2025-12-02T16:59:27,1,Q1190331
820,Departamento de Aguirre,3635,G,11,AR,city,,,-29.33333000,-62.50000000,Departamento de Aguirre,8970,America/Argentina/Buenos_Aires,"{""br"":""Departamant an Aguirre"",""ko"":""아기레"",""pt-BR"":""Departamento de Aguirre"",""pt"":""Departamento de Aguirre"",""nl"":""Departamento de Aguirre"",""hr"":""Departamento de Aguirre"",""fa"":""بخش آگیره"",""de"":""Departamento de Aguirre"",""es"":""Departamento de Aguirre"",""fr"":""Département d'Aguirre"",""ja"":""アギーレ県"",""it"":""Departamento de Aguirre"",""zh-CN"":""阿吉雷省"",""tr"":""Aguirre Dairesi"",""ru"":""Департамент Агирре"",""uk"":""Департамент Агірре"",""pl"":""Departamento de Aguirre"",""hi"":""डिपार्टामेंटो डे एगुइरे"",""ar"":""Departamento de Aguirre""}",2019-10-06T09:28:14,2025-12-02T16:59:27,1,Q1190331
821,Departamento de Albardón,3634,J,11,AR,adm2,,,-31.28333000,-68.41667000,Departamento de Albardón,31284,America/Argentina/Buenos_Aires,"{""br"":""Departamant Albardón"",""ko"":""알바르돈"",""pt-BR"":""Departamento de Albardón"",""pt"":""Departamento de Albardón"",""nl"":""Departamento de Albardón"",""hr"":""Departamento de Albardón"",""fa"":""شهرستان آلباردون"",""de"":""Departamento de Albardón"",""es"":""Departamento de Albardón"",""fr"":""Département d'Albardón"",""ja"":""アルバルドン県"",""it"":""Departamento de Albardón"",""zh-CN"":""阿尔巴东省"",""tr"":""Albardón Dairesi"",""ru"":""Departamento de Albardón"",""uk"":""Департамент Альбардон"",""pl"":""Departamento de Albardón"",""hi"":""Departamento de Albardón"",""ar"":""Departamento de Albardón""}",2019-10-06T09:28:14,2025-12-02T17:11:50,1,Q1190331
822,Departamento de Almirante Brown,3640,H,11,AR,city,,,-25.81662000,-61.45576000,Departamento de Almirante Brown,,America/Argentina/Buenos_Aires,"{""br"":""Departamant Almirante Brown"",""ko"":""데파르타멘토 데 알미란테 브라운"",""pt-BR"":""Departamento de Almirante Brown"",""pt"":""Departamento de Almirante Brown"",""nl"":""Afdeling van Almirante Brown"",""hr"":""Departamento de Almirante Brown"",""fa"":""Departamento de Almirante Brown"",""de"":""Departamento de Almirante Brown"",""es"":""Departamento de Almirante Brown"",""fr"":""Département d'Almirante Brown"",""ja"":""デパートメント デ アルミランテ ブラウン"",""it"":""Dipartimento di Almirante Brown"",""zh-CN"":""布朗海军上将部"",""tr"":""Almirante Brown Departmanı"",""ru"":""Департамент Альмиранте Браун"",""uk"":""Департамент Альміранте Браун"",""pl"":""Departamento de Almirante Brown"",""hi"":""अलमीरांटे ब्राउन विभाग"",""ar"":""قسم ألميرانتي براون""}",2019-10-06T09:28:14,2025-12-02T16:59:27,1,Q1190331
823,Departamento de Aluminé,3648,Q,11,AR,city,,,-39.16667000,-71.00000000,Departamento de Aluminé,10244,America/Argentina/Buenos_Aires,"{""br"":""Departamant an aluminiezh"",""ko"":""알루미늄 학과"",""pt-BR"":""Departamento de Alumínio"",""pt"":""Departamento de Alumínio"",""nl"":""Departamento de Aluminé"",""hr"":""Departamento de Aluminé"",""fa"":""دپارتمان آلومینیوم"",""de"":""Departamento de Aluminé"",""es"":""Departamento de Aluminé"",""fr"":""Département d'Aluminé"",""ja"":""アルミニウム部門"",""it"":""Departamento de Aluminé"",""zh-CN"":""铝业部"",""tr"":""Departmanto de Aluminé"",""ru"":""Departamento de Aluminé"",""uk"":""Департамент алюмінію"",""pl"":""Departamento de Aluminé"",""hi"":""Departamento de Aluminé"",""ar"":""Departamento de Aluminé""}",2019-10-06T09:28:14,2025-12-02T16:59:27,1,Q1190331
824,Departamento de Ambato,3647,K,11,AR,city,,,-28.00000000,-65.91667000,Departamento de Ambato,5129,America/Argentina/Buenos_Aires,"{""br"":""Departamant an emgannoù"",""ko"":""암바토"",""pt-BR"":""Departamento de Ambato"",""pt"":""Departamento de Ambato"",""nl"":""Departamento de Ambato"",""hr"":""Departamento de Ambato"",""fa"":""بخش آمباتو"",""de"":""Departamento de Ambato"",""es"":""Departamento de Ambato"",""fr"":""Département d'Ambato"",""ja"":""アンバト県"",""it"":""Departamento de Ambato"",""zh-CN"":""安巴托省"",""tr"":""Ambato Dairesi"",""ru"":""Департамент Амбато"",""uk"":""Департамент Амбато"",""pl"":""Departamento de Ambato"",""hi"":""अंबाटो विभाग"",""ar"":""Departamento de Ambato""}",2019-10-06T09:28:14,2025-12-02T16:59:27,1,Q688734
825,Departamento de Ancasti,3647,K,11,AR,adm2,,,-29.00000000,-65.50000000,Departamento de Ancasti,3302,America/Argentina/Buenos_Aires,"{""br"":""Departamant Ancasti"",""ko"":""안카스티"",""pt-BR"":""Departamento de Ancasti"",""pt"":""Departamento de Ancasti"",""nl"":""Departamento de Ancasti"",""hr"":""Departamento de Ancasti"",""fa"":""بخش آنکاستی"",""de"":""Departamento de Ancasti"",""es"":""Departamento de Ancasti"",""fr"":""Département d'Ancasti"",""ja"":""アンカスティ県"",""it"":""Departamento de Ancasti"",""zh-CN"":""安卡斯蒂省"",""tr"":""Ancasti Departmanı"",""ru"":""Departamento de Ancasti"",""uk"":""Департамент Анкасті"",""pl"":""Departamento de Ancasti"",""hi"":""Departamento de Ancasti"",""ar"":""Departamento de Ancasti""}",2019-10-06T09:28:14,2025-12-02T17:11:50,1,Q760261
826,Departamento de Andalgalá,3647,K,11,AR,city,,,-27.58333000,-66.46667000,Departamento de Andalgalá,19678,America/Argentina/Buenos_Aires,"{""br"":""Departamant an Andalgalá"",""ko"":""안달갈라"",""pt-BR"":""Departamento de Andalgalá"",""pt"":""Departamento de Andalgalá"",""nl"":""Departamento de Andalgalá"",""hr"":""Departamento de Andalgalá"",""fa"":""بخش آندالگالا"",""de"":""Departamento de Andalgalá"",""es"":""Departamento de Andalgalá"",""fr"":""Département d'Andalgalá"",""ja"":""アンダルガラ県"",""it"":""Departamento de Andalgalá"",""zh-CN"":""安达尔加拉省"",""tr"":""Departmanto de Andalgalá"",""ru"":""Departamento de Andalgalá"",""uk"":""Департамент Андалгала"",""pl"":""Departamento de Andalgalá"",""hi"":""Departamento de Andalgalá"",""ar"":""Departamento de Andalgalá""}",2019-10-06T09:28:14,2025-12-02T16:59:27,1,Q1190227
827,Departamento de Angaco,3634,J,11,AR,city,,,-31.20000000,-68.13333000,Departamento de Angaco,10176,America/Argentina/Buenos_Aires,"{""br"":""Departamant Angaco"",""ko"":""앙가코"",""pt-BR"":""Departamento de Angaco"",""pt"":""Departamento de Angaco"",""nl"":""Departamento de Angaco"",""hr"":""Departamento de Angaco"",""fa"":""بخش آنگاکو"",""de"":""Departamento de Angaco"",""es"":""Departamento de Angaco"",""fr"":""Département d'Angaco"",""ja"":""アンガコ県"",""it"":""Departamento de Angaco"",""zh-CN"":""安加科省"",""tr"":""Angaco Dairesi"",""ru"":""Департамент Ангако"",""uk"":""Департамент Ангако"",""pl"":""Departamento de Angaco"",""hi"":""डिपार्टामेंटो डी अंगाको"",""ar"":""Departamento de Angaco""}",2019-10-06T09:28:14,2025-12-02T16:59:27,1,Q537390
828,Departamento de Anta,3643,A,11,AR,city,,,-24.91667000,-64.00000000,Departamento de Anta,70170,America/Argentina/Buenos_Aires,"{""br"":""Departamant an Anta"",""ko"":""안타"",""pt-BR"":""Departamento de Anta"",""pt"":""Departamento de Anta"",""nl"":""Departamento de Anta"",""hr"":""Departamento de Anta"",""fa"":""بخش آنتا"",""de"":""Departamento de Anta"",""es"":""Departamento de Anta"",""fr"":""Département d'Anta"",""ja"":""アンタ県"",""it"":""Departamento de Anta"",""zh-CN"":""安塔省"",""tr"":""Anta Departmanı"",""ru"":""Департамент Анта"",""uk"":""Департамент Анта"",""pl"":""Departamento de Anta"",""hi"":""डिपार्टमेंटो डी अन्ता"",""ar"":""Departamento de Anta""}",2019-10-06T09:28:14,2025-12-02T16:59:27,1,Q1190229
829,Departamento de Antofagasta de la Sierra,3647,K,11,AR,city,,,-26.00000000,-67.58333000,Departamento de Antofagasta de la Sierra,2022,America/Argentina/Buenos_Aires,"{""br"":""Departamant Antofagasta ar Sierra"",""ko"":""데파르타멘토 데 안토파가스타 데 라 시에라"",""pt-BR"":""Departamento de Antofagasta de la Sierra"",""pt"":""Departamento de Antofagasta de la Sierra"",""nl"":""Vertrek van Antofagasta de la Sierra"",""hr"":""Departamento de Antofagasta de la Sierra"",""fa"":""Departamento de Antofagasta de la Sierra"",""de"":""Departamento de Antofagasta de la Sierra"",""es"":""Departamento de Antofagasta de la Sierra"",""fr"":""Département d'Antofagasta de la Sierra"",""ja"":""アントファガスタ デ ラ シエラ県"",""it"":""Dipartimento di Antofagasta de la Sierra"",""zh-CN"":""安托法加斯塔省"",""tr"":""Antofagasta de la Sierra Departamento"",""ru"":""Департамент Антофагаста-де-ла-Сьерра"",""uk"":""Департамент Антофагаста-де-ла-Сьєрра"",""pl"":""Departamento de Antofagasta de la Sierra"",""hi"":""डिपार्टमेंट डे एंटोफ़गास्टा डे ला सिएरा"",""ar"":""قسم أنتوفاجاستا دي لا سييرا""}",2019-10-06T09:28:14,2025-12-02T16:59:27,1,Q1190229
830,Departamento de Apóstoles,3644,N,11,AR,adm3,,,-27.91667000,-55.75000000,Departamento de Apóstoles,50597,America/Argentina/Buenos_Aires,"{""br"":""Departamant an Apostoled"",""ko"":""아포스톨레스"",""pt-BR"":""Departamento de Apóstolos"",""pt"":""Departamento de Apóstolos"",""nl"":""Departamento de Apóstoles"",""hr"":""Departamento de Apóstoles"",""fa"":""اداره رسولان"",""de"":""Departamento de Apóstoles"",""es"":""Departamento de Apóstoles"",""fr"":""Département des Apóstoles"",""ja"":""アポストレス省"",""it"":""Departamento de Apóstoles"",""zh-CN"":""Departamento de Apóstoles"",""tr"":""Departamento de Apóstoles"",""ru"":""Departamento de Apóstoles"",""uk"":""Департамент Апостолес"",""pl"":""Departamento de Apostoles"",""hi"":""Departamento de Apóstoles"",""ar"":""Departamento de Apóstoles""}",2019-10-06T09:28:14,2025-12-02T17:11:50,1,Q1190229
831,Departamento de Arauco,3653,F,11,AR,city,,,-28.50000000,-66.83333000,Departamento de Arauco,16257,America/Argentina/Buenos_Aires,"{""br"":""Departamant Arauco"",""ko"":""아라우코"",""pt-BR"":""Departamento de Arauco"",""pt"":""Departamento de Arauco"",""nl"":""Departamento de Arauco"",""hr"":""Departamento de Arauco"",""fa"":""بخش آراکو"",""de"":""Departamento de Arauco"",""es"":""Departamento de Arauco"",""fr"":""Département d'Arauco"",""ja"":""アラウコ県"",""it"":""Departamento de Arauco"",""zh-CN"":""阿劳科省"",""tr"":""Departmanto de Arauco"",""ru"":""Департамент Арауко"",""uk"":""Департамент Арауко"",""pl"":""Departamento de Arauco"",""hi"":""डिपार्टामेंटो डे अरौको"",""ar"":""Departamento de Arauco""}",2019-10-06T09:28:14,2025-12-02T16:59:27,1,Q782464
832,Departamento de Avellaneda,3639,R,11,AR,city,,,-39.50000000,-66.50000000,Departamento de Avellaneda,41352,America/Argentina/Buenos_Aires,"{""br"":""Departamant an Avellaneda"",""ko"":""아베야네다"",""pt-BR"":""Departamento de Avellaneda"",""pt"":""Departamento de Avellaneda"",""nl"":""Departamento de Avellaneda"",""hr"":""Departamento de Avellaneda"",""fa"":""بخش آوِلاندا"",""de"":""Departamento de Avellaneda"",""es"":""Departamento de Avellaneda"",""fr"":""Département d'Avellaneda"",""ja"":""アベジャネーダ県"",""it"":""Departamento de Avellaneda"",""zh-CN"":""阿韦亚内达省"",""tr"":""Avellaneda Dairesi"",""ru"":""Departamento de Avellaneda"",""uk"":""Департамент Авельянеда"",""pl"":""Departamento de Avellaneda"",""hi"":""Departamento de Avellaneda"",""ar"":""Departamento de Avellaneda""}",2019-10-06T09:28:14,2025-12-02T16:59:27,1,Q1190249
833,Departamento de Añelo,3648,Q,11,AR,city,,,-38.16667000,-69.00000000,Departamento de Añelo,18166,America/Argentina/Buenos_Aires,"{""br"":""Departamant Añelo"",""ko"":""아넬로"",""pt-BR"":""Departamento de Añelo"",""pt"":""Departamento de Añelo"",""nl"":""Departamento de Añelo"",""hr"":""Departamento de Añelo"",""fa"":""دپارتمان آنلو"",""de"":""Departamento de Añelo"",""es"":""Departamento de Añelo"",""fr"":""Département d'Añelo"",""ja"":""アネロ郡"",""it"":""Departamento de Añelo"",""zh-CN"":""阿涅洛省"",""tr"":""Departamento de Añelo"",""ru"":""Departamento de Añelo"",""uk"":""Департамент Аньело"",""pl"":""Departamento de Añelo"",""hi"":""Departamento de Añelo"",""ar"":""Departamento de Añelo""}",2019-10-06T09:28:14,2025-12-02T16:59:27,1,Q1190264
834,Departamento de Banda,3635,G,11,AR,city,,,-27.50000000,-64.33333000,Departamento de Banda,170651,America/Argentina/Buenos_Aires,"{""br"":""Departamant ar Banda"",""ko"":""반다"",""pt-BR"":""Departamento de Banda"",""pt"":""Departamento de Banda"",""nl"":""Departamento de Banda"",""hr"":""Departamento de Banda"",""fa"":""دپارتمان باندا"",""de"":""Departamento de Banda"",""es"":""Departamento de Banda"",""fr"":""Département de Banda"",""ja"":""バンダ県"",""it"":""Departamento de Banda"",""zh-CN"":""班达省"",""tr"":""Departmanto de Banda"",""ru"":""Департамент Банда"",""uk"":""Департамент Банда"",""pl"":""Departamento de Banda"",""hi"":""डिपार्टामेंटो डी बांदा"",""ar"":""Departamento de Banda""}",2019-10-06T09:28:14,2025-12-02T16:59:27,1,Q1190264
835,Departamento de Belgrano,3641,S,11,AR,city,,,-32.50000000,-61.75000000,Departamento de Belgrano,48781,America/Argentina/Buenos_Aires,"{""br"":""Departamant Belgrano"",""ko"":""벨그라노"",""pt-BR"":""Departamento de Belgrano"",""pt"":""Departamento de Belgrano"",""nl"":""Departamento de Belgrano"",""hr"":""Departamento de Belgrano"",""fa"":""بخش بلگرانو"",""de"":""Departamento de Belgrano"",""es"":""Departamento de Belgrano"",""fr"":""Département de Belgrano"",""ja"":""ベルグラーノ県"",""it"":""Departamento de Belgrano"",""zh-CN"":""贝尔格拉诺省"",""tr"":""Belgrano Dairesi"",""ru"":""Департамент Бельграно"",""uk"":""Департамент Белграно"",""pl"":""Departamento de Belgrano"",""hi"":""बेलग्रानो विभाग"",""ar"":""Departamento de Belgrano""}",2019-10-06T09:28:14,2025-12-02T16:59:27,1,Q1190264
836,Departamento de Bella Vista,3638,W,11,AR,city,,,-28.50000000,-58.83333000,Departamento de Bella Vista,44406,America/Argentina/Buenos_Aires,"{""br"":""Departamant Bella Vista"",""ko"":""벨라 비스타"",""pt-BR"":""Departamento de Bella Vista"",""pt"":""Departamento de Bella Vista"",""nl"":""Departamento de Bella Vista"",""hr"":""Odjel Bella Vista"",""fa"":""دپارتمان بلا ویستا"",""de"":""Departamento de Bella Vista"",""es"":""Departamento de Bella Vista"",""fr"":""Département de Bella Vista"",""ja"":""ベラビスタ県"",""it"":""Departamento de Bella Vista"",""zh-CN"":""贝拉维斯塔省"",""tr"":""Bella Vista Dairesi"",""ru"":""Departamento de Bella Vista"",""uk"":""Департамент Белла-Віста"",""pl"":""Departamento de Bella Vista"",""hi"":""डेपार्टामेंटो डे बेला विस्टा"",""ar"":""Departamento de Bella Vista""}",2019-10-06T09:28:14,2025-12-02T16:59:27,1,Q792464
837,Departamento de Bermejo,3640,H,11,AR,city,,,-27.00000000,-58.66667000,Departamento de Bermejo,28144,America/Argentina/Buenos_Aires,"{""br"":""Departamant ar Bermejo"",""ko"":""베르메조"",""pt-BR"":""Departamento de Bermejo"",""pt"":""Departamento de Bermejo"",""nl"":""Departamento de Bermejo"",""hr"":""Departamento de Bermejo"",""fa"":""بخش برمخو"",""de"":""Departamento de Bermejo"",""es"":""Departamento de Bermejo"",""fr"":""Département de Bermejo"",""ja"":""ベルメホ県"",""it"":""Departamento de Bermejo"",""zh-CN"":""贝尔梅霍省"",""tr"":""Bermejo Dairesi"",""ru"":""Департамент Бермехо"",""uk"":""Департамент Бермехо"",""pl"":""Departamento de Bermejo"",""hi"":""डेपार्टामेंटो डे बर्मेजो"",""ar"":""Departamento de Bermejo""}",2019-10-06T09:28:14,2025-12-02T17:11:50,1,Q792464
838,Departamento de Berón de Astrada,3638,W,11,AR,city,,,-27.50000000,-57.66667000,Departamento de Berón de Astrada,2826,America/Argentina/Buenos_Aires,"{""br"":""Departamant Beron an Astrada"",""ko"":""데파르타멘토 데 베론 데 아스트라다"",""pt-BR"":""Departamento de Berón de Astrada"",""pt"":""Departamento de Berón de Astrada"",""nl"":""Departamento de Berón de Astrada"",""hr"":""Departamento de Berón de Astrada"",""fa"":""Departamento de Berón de Astrada"",""de"":""Departamento de Berón de Astrada"",""es"":""Departamento de Berón de Astrada"",""fr"":""Département de Berón de Astrada"",""ja"":""ベロン デ アストラーダ部門"",""it"":""Dipartimento di Berón de Astrada"",""zh-CN"":""贝隆·德·阿斯特拉达省"",""tr"":""Berón de Astrada Departmanı"",""ru"":""Департамент Берон де Астрада"",""uk"":""Департамент Берон де Астрада"",""pl"":""Departamento de Berón de Astrada"",""hi"":""डिपार्टमेंट डी बेरोन डी एस्ट्राडा"",""ar"":""قسم بيرون دي أسترادا""}",2019-10-06T09:28:15,2025-12-02T16:59:27,1,Q573042
839,Departamento de Biedma,3651,U,11,AR,city,,,-42.41667000,-65.00000000,Departamento de Biedma,,America/Argentina/Buenos_Aires,"{""br"":""Departamant ar Biedma"",""ko"":""비에드마"",""pt-BR"":""Departamento de Biedma"",""pt"":""Departamento de Biedma"",""nl"":""Departamento de Biedma"",""hr"":""Departamento de Biedma"",""fa"":""دپارتمان بیدما"",""de"":""Departamento de Biedma"",""es"":""Departamento de Biedma"",""fr"":""Département de Biedma"",""ja"":""ビエドマ県"",""it"":""Departamento de Biedma"",""zh-CN"":""比德马省"",""tr"":""Biedma Departmanı"",""ru"":""Departamento de Biedma"",""uk"":""Департамент Б'єдма"",""pl"":""Departamento de Biedma"",""hi"":""Departamento de Biedma"",""ar"":""Departamento de Biedma""}",2019-10-06T09:28:15,2025-12-02T16:59:27,1,Q573042
840,Departamento de Burruyacú,3637,T,11,AR,city,,,-26.50000000,-64.91667000,Departamento de Burruyacú,45476,America/Argentina/Buenos_Aires,"{""br"":""Departamant Burruyacú"",""ko"":""부루야쿠"",""pt-BR"":""Departamento de Burruyacú"",""pt"":""Departamento de Burruyacú"",""nl"":""Departamento de Burruyacú"",""hr"":""Departamento de Burruyacú"",""fa"":""بخش بورویاکو"",""de"":""Departamento de Burruyacú"",""es"":""Departamento de Burruyacú"",""fr"":""Département de Burruyacú"",""ja"":""Departamento de Burruyacú"",""it"":""Departamento de Burruyacú"",""zh-CN"":""布鲁亚库省"",""tr"":""Departamento de Burruyacú"",""ru"":""Departamento de Burruyacú"",""uk"":""Департамент Бурруяку"",""pl"":""Departamento de Burruyacú"",""hi"":""Departamento de Burruyacú"",""ar"":""Departamento de Burruyacú""}",2019-10-06T09:28:15,2025-12-02T16:59:27,1,Q573042
841,Departamento de Cainguás,3644,N,11,AR,city,,,-27.16667000,-54.83333000,Departamento de Cainguás,,America/Argentina/Buenos_Aires,"{""br"":""Departamant ar C'heinoù"",""ko"":""카잉구아스"",""pt-BR"":""Departamento de Cainguás"",""pt"":""Departamento de Cainguás"",""nl"":""Departamento de Cainguás"",""hr"":""Departamento de Cainguás"",""fa"":""شهرستان کاینگوس"",""de"":""Departamento de Cainguás"",""es"":""Departamento de Cainguás"",""fr"":""Département de Cainguás"",""ja"":""カイングアス県"",""it"":""Departamento de Cainguás"",""zh-CN"":""卡因瓜斯省"",""tr"":""Departamento de Cainguás"",""ru"":""Департамент Каингуас"",""uk"":""Департамент Каінгуас"",""pl"":""Departamento de Cainguás"",""hi"":""Departamento de Cainguás"",""ar"":""Departamento de Cainguás""}",2019-10-06T09:28:15,2025-12-02T16:59:27,1,Q573042
842,Departamento de Calamuchita,3642,X,11,AR,city,,,-32.25000000,-64.58333000,Departamento de Calamuchita,75911,America/Argentina/Buenos_Aires,"{""br"":""Departamant Calamuchita"",""ko"":""칼라무치타"",""pt-BR"":""Departamento de Calamuchita"",""pt"":""Departamento de Calamuchita"",""nl"":""Departamento de Calamuchita"",""hr"":""Odjel Calamuchita"",""fa"":""بخش کالاموچیتا"",""de"":""Departamento de Calamuchita"",""es"":""Departamento de Calamuchita"",""fr"":""Département de Calamuchita"",""ja"":""カラムチタ県"",""it"":""Departamento de Calamuchita"",""zh-CN"":""卡拉穆奇塔省"",""tr"":""Calamuchita Dairesi"",""ru"":""Departamento de Calamuchita"",""uk"":""Департамент Каламучіта"",""pl"":""Departamento de Calamuchita"",""hi"":""Departamento de Calamuchita"",""ar"":""Departamento de Calamuchita""}",2019-10-06T09:28:15,2025-12-02T17:11:50,1,Q665082
843,Departamento de Caleu-Caleu,3655,L,11,AR,city,,,-38.58333000,-64.00000000,Departamento de Caleu-Caleu,,America/Argentina/Buenos_Aires,"{""br"":""Departamant Kaleu-Kaleu"",""ko"":""칼레우주-칼레우"",""pt-BR"":""Departamento de Caleu-Caleu"",""pt"":""Departamento de Caleu-Caleu"",""nl"":""Departamento de Caleu-Caleu"",""hr"":""Departamento de Caleu-Caleu"",""fa"":""بخش کالئو-کالئو"",""de"":""Departamento de Caleu-Caleu"",""es"":""Departamento de Caleu-Caleu"",""fr"":""Département de Caleu-Caleu"",""ja"":""カレウ・カレウ県"",""it"":""Departamento de Caleu-Caleu"",""zh-CN"":""卡莱乌-卡莱乌省"",""tr"":""Caleu-Caleu Dairesi"",""ru"":""Departamento de Caleu-Caleu"",""uk"":""Департамент Калеу-Калеу"",""pl"":""Departamento de Caleu-Caleu"",""hi"":""Departamento de Caleu-Caleu"",""ar"":""Departamento de Caleu-Caleu""}",2019-10-06T09:28:15,2025-12-02T16:59:27,1,Q1190307
844,Departamento de Calingasta,3634,J,11,AR,city,,,-31.50000000,-69.75000000,Departamento de Calingasta,11034,America/Argentina/Buenos_Aires,"{""br"":""Departamant Calingasta"",""ko"":""칼링가스타"",""pt-BR"":""Departamento de Calingasta"",""pt"":""Departamento de Calingasta"",""nl"":""Departamento de Calingasta"",""hr"":""Odjel Calingasta"",""fa"":""بخش کالینگاستا"",""de"":""Departamento de Calingasta"",""es"":""Departamento de Calingasta"",""fr"":""Département de Calingasta"",""ja"":""カリンガスタ県"",""it"":""Departamento de Calingasta"",""zh-CN"":""卡林加斯塔省"",""tr"":""Calingasta Dairesi"",""ru"":""Департамент Калингаста"",""uk"":""Департамент Калінгаста"",""pl"":""Departamento de Calingasta"",""hi"":""Departamento de Calingasta"",""ar"":""Departamento de Calingasta""}",2019-10-06T09:28:15,2025-12-02T16:59:27,1,Q1190309
845,Departamento de Candelaria,3644,N,11,AR,city,,,-27.50000000,-55.50000000,Departamento de Candelaria,,America/Argentina/Buenos_Aires,"{""br"":""Departamant ar C'handeleria"",""ko"":""칸델라리아"",""pt-BR"":""Departamento de Candelária"",""pt"":""Departamento de Candelária"",""nl"":""Departamento de Candelaria"",""hr"":""Odjel Candelaria"",""fa"":""دپارتمان کاندلاریا"",""de"":""Departamento de Candelaria"",""es"":""Departamento de Candelaria"",""fr"":""Département de Candelaria"",""ja"":""カンデラリア県"",""it"":""Departamento de Candelaria"",""zh-CN"":""坎德拉里亚省"",""tr"":""Candelaria Dairesi"",""ru"":""Департамент Канделария"",""uk"":""Департамент Канделарія"",""pl"":""Departamento de Candelaria"",""hi"":""कैंडेलारिया विभाग"",""ar"":""Departamento de Candelaria""}",2019-10-06T09:28:15,2025-12-02T17:11:50,1,Q55379
846,Departamento de Capayán,3647,K,11,AR,city,,,-28.83333000,-66.00000000,Departamento de Capayán,19885,America/Argentina/Buenos_Aires,"{""br"":""Departamant ar C'hapay"",""ko"":""카파얀"",""pt-BR"":""Departamento de Capayán"",""pt"":""Departamento de Capayán"",""nl"":""Departamento de Capayán"",""hr"":""Departamento de Capayán"",""fa"":""بخش کاپیتان"",""de"":""Departamento de Capayán"",""es"":""Departamento de Capayán"",""fr"":""Département de Capayán"",""ja"":""カパヤン県"",""it"":""Departamento de Capayán"",""zh-CN"":""卡帕扬省"",""tr"":""Departamento de Capayán"",""ru"":""Departamento de Capayán"",""uk"":""Департамент Капайан"",""pl"":""Departamento de Capayán"",""hi"":""Departamento de Capayán"",""ar"":""Departamento de Capayán""}",2019-10-06T09:28:15,2025-12-02T17:11:50,1,Q858107
847,Departamento de Capital,3638,W,11,AR,city,,,-27.50000000,-58.75000000,Departamento de Capital,627704,America/Argentina/Buenos_Aires,"{""br"":""Departamant ar C'hêr-benn"",""ko"":""수도청"",""pt-BR"":""Departamento de Capital"",""pt"":""Departamento de Capital"",""nl"":""Departamento de Capital"",""hr"":""Departamento de Capital"",""fa"":""اداره سرمایه"",""de"":""Departamento de Capital"",""es"":""Departamento de Capital"",""fr"":""Département de la Capitale"",""ja"":""首都区"",""it"":""Departamento de Capital"",""zh-CN"":""首都省"",""tr"":""Başkent Departmanı"",""ru"":""Департамент столицы"",""uk"":""Департамент столиці"",""pl"":""Departament Stołeczny"",""hi"":""राजधानी विभाग"",""ar"":""وزارة العاصمة""}",2019-10-06T09:28:15,2025-12-02T17:11:50,1,Q858107
848,Departamento de Capital,3644,N,11,AR,city,,,-27.50000000,-55.83333000,Departamento de Capital,627704,America/Argentina/Buenos_Aires,"{""br"":""Departamant ar C'hêr-benn"",""ko"":""수도청"",""pt-BR"":""Departamento de Capital"",""pt"":""Departamento de Capital"",""nl"":""Departamento de Capital"",""hr"":""Departamento de Capital"",""fa"":""اداره سرمایه"",""de"":""Departamento de Capital"",""es"":""Departamento de Capital"",""fr"":""Département de la Capitale"",""ja"":""首都区"",""it"":""Departamento de Capital"",""zh-CN"":""首都省"",""tr"":""Başkent Departmanı"",""ru"":""Департамент столицы"",""uk"":""Департамент столиці"",""pl"":""Departament Stołeczny"",""hi"":""राजधानी विभाग"",""ar"":""وزارة العاصمة""}",2019-10-06T09:28:15,2025-12-02T17:11:50,1,Q858107
849,Departamento de Capital,3647,K,11,AR,adm1,,,-28.41667000,-65.80000000,Departamento de Capital,627704,America/Argentina/Buenos_Aires,"{""br"":""Departamant ar C'hêr-benn"",""ko"":""수도청"",""pt-BR"":""Departamento de Capital"",""pt"":""Departamento de Capital"",""nl"":""Departamento de Capital"",""hr"":""Departamento de Capital"",""fa"":""اداره سرمایه"",""de"":""Departamento de Capital"",""es"":""Departamento de Capital"",""fr"":""Département de la Capitale"",""ja"":""首都区"",""it"":""Departamento de Capital"",""zh-CN"":""首都省"",""tr"":""Başkent Departmanı"",""ru"":""Департамент столицы"",""uk"":""Департамент столиці"",""pl"":""Departament Stołeczny"",""hi"":""राजधानी विभाग"",""ar"":""وزارة العاصمة""}",2019-10-06T09:28:15,2025-12-02T17:11:50,1,Q858182
850,Departamento de Capital,3646,M,11,AR,adm1,,,-32.88469000,-68.85826000,Departamento de Capital,627704,America/Argentina/Buenos_Aires,"{""br"":""Departamant ar C'hêr-benn"",""ko"":""수도청"",""pt-BR"":""Departamento de Capital"",""pt"":""Departamento de Capital"",""nl"":""Departamento de Capital"",""hr"":""Departamento de Capital"",""fa"":""اداره سرمایه"",""de"":""Departamento de Capital"",""es"":""Departamento de Capital"",""fr"":""Département de la Capitale"",""ja"":""首都区"",""it"":""Departamento de Capital"",""zh-CN"":""首都省"",""tr"":""Başkent Departmanı"",""ru"":""Департамент столицы"",""uk"":""Департамент столиці"",""pl"":""Departament Stołeczny"",""hi"":""राजधानी विभाग"",""ar"":""وزارة العاصمة""}",2019-10-06T09:28:15,2025-12-02T17:11:50,1,Q1190324
851,Departamento de Capital,3634,J,11,AR,city,,,-31.53333000,-68.53333000,Departamento de Capital,627704,America/Argentina/Buenos_Aires,"{""br"":""Departamant ar C'hêr-benn"",""ko"":""수도청"",""pt-BR"":""Departamento de Capital"",""pt"":""Departamento de Capital"",""nl"":""Departamento de Capital"",""hr"":""Departamento de Capital"",""fa"":""اداره سرمایه"",""de"":""Departamento de Capital"",""es"":""Departamento de Capital"",""fr"":""Département de la Capitale"",""ja"":""首都区"",""it"":""Departamento de Capital"",""zh-CN"":""首都省"",""tr"":""Başkent Departmanı"",""ru"":""Департамент столицы"",""uk"":""Департамент столиці"",""pl"":""Departament Stołeczny"",""hi"":""राजधानी विभाग"",""ar"":""وزارة العاصمة""}",2019-10-06T09:28:15,2025-12-02T17:11:50,1,Q1190333
852,Departamento de Capital,3637,T,11,AR,city,,,-26.82825000,-65.21126000,Departamento de Capital,627704,America/Argentina/Buenos_Aires,"{""br"":""Departamant ar C'hêr-benn"",""ko"":""수도청"",""pt-BR"":""Departamento de Capital"",""pt"":""Departamento de Capital"",""nl"":""Departamento de Capital"",""hr"":""Departamento de Capital"",""fa"":""اداره سرمایه"",""de"":""Departamento de Capital"",""es"":""Departamento de Capital"",""fr"":""Département de la Capitale"",""ja"":""首都区"",""it"":""Departamento de Capital"",""zh-CN"":""首都省"",""tr"":""Başkent Departmanı"",""ru"":""Департамент столицы"",""uk"":""Департамент столиці"",""pl"":""Departament Stołeczny"",""hi"":""राजधानी विभाग"",""ar"":""وزارة العاصمة""}",2019-10-06T09:28:15,2025-12-02T16:59:27,1,Q1190337
853,Departamento de Caseros,3641,S,11,AR,city,,,-33.25000000,-61.66667000,Departamento de Caseros,86912,America/Argentina/Buenos_Aires,"{""br"":""Departamant ar c'haseroioù"",""ko"":""카세로스"",""pt-BR"":""Departamento de Caseros"",""pt"":""Departamento de Caseros"",""nl"":""Departamento de Caseros"",""hr"":""Odjel Caseros"",""fa"":""بخش کازروس"",""de"":""Departamento de Caseros"",""es"":""Departamento de Caseros"",""fr"":""Département de Caseros"",""ja"":""カセロス県"",""it"":""Departamento de Caseros"",""zh-CN"":""卡塞罗斯省"",""tr"":""Caseros Departmanı"",""ru"":""Департамент Касерос"",""uk"":""Департамент Касерос"",""pl"":""Departamento de Caseros"",""hi"":""डिपार्टामेंटो डे कैसरोस"",""ar"":""Departamento de Caseros""}",2019-10-06T09:28:15,2025-12-02T16:59:27,1,Q1190342
854,Departamento de Castellanos,3641,S,11,AR,city,,,-31.16667000,-61.66667000,Departamento de Castellanos,190577,America/Argentina/Buenos_Aires,"{""br"":""Departamant ar C'hastell"",""ko"":""카스테야노스"",""pt-BR"":""Departamento de Castellanos"",""pt"":""Departamento de Castellanos"",""nl"":""Departamento de Castellanos"",""hr"":""Odjel Castellanos"",""fa"":""بخش کاستلانوس"",""de"":""Departamento de Castellanos"",""es"":""Departamento de Castellanos"",""fr"":""Département de Castellanos"",""ja"":""カステリャーノス県"",""it"":""Departamento de Castellanos"",""zh-CN"":""卡斯特利亚诺斯省"",""tr"":""Castellanos Dairesi"",""ru"":""Департамент Кастельянос"",""uk"":""Департамент Кастельянос"",""pl"":""Departamento de Castellanos"",""hi"":""डिपार्टामेंटो डे कास्टेलानोस"",""ar"":""Departamento de Castellanos""}",2019-10-06T09:28:15,2025-12-02T16:59:27,1,Q1125823
855,Departamento de Catán-Lil,3648,Q,11,AR,city,,,-39.50000000,-70.33333000,Departamento de Catán-Lil,,America/Argentina/Buenos_Aires,"{""br"":""Departamant Catan-Lil"",""ko"":""카탄-릴"",""pt-BR"":""Departamento de Catán-Lil"",""pt"":""Departamento de Catán-Lil"",""nl"":""Departamento de Catán-Lil"",""hr"":""Departamento de Catán-Lil"",""fa"":""بخش کاتان-لیل"",""de"":""Departamento de Catán-Lil"",""es"":""Departamento de Catán-Lil"",""fr"":""Département de Catán-Lil"",""ja"":""カタン＝リル県"",""it"":""Departamento de Catán-Lil"",""zh-CN"":""卡坦利尔省"",""tr"":""Departamento de Catán-Lil"",""ru"":""Departamento de Catán-Lil"",""uk"":""Департамент Катан-Ліл"",""pl"":""Departamento de Catán-Lil"",""hi"":""Departamento de Catán-Lil"",""ar"":""Departamento de Catán-Lil""}",2019-10-06T09:28:15,2025-12-02T16:59:27,1,Q1190347
856,Departamento de Caucete,3634,J,11,AR,city,,,-31.45000000,-67.66667000,Departamento de Caucete,44047,America/Argentina/Buenos_Aires,"{""br"":""Departamant ar C'haoc'h"",""ko"":""카우세테"",""pt-BR"":""Departamento de Caucete"",""pt"":""Departamento de Caucete"",""nl"":""Departamento de Caucete"",""hr"":""Departamento de Caucete"",""fa"":""اداره کائوست"",""de"":""Departamento de Caucete"",""es"":""Departamento de Caucete"",""fr"":""Département de Caucete"",""ja"":""カウセテ県"",""it"":""Departamento de Caucete"",""zh-CN"":""考塞特省"",""tr"":""Departman de Caucete"",""ru"":""Departamento de Caucete"",""uk"":""Департамент Каусете"",""pl"":""Departamento de Caucete"",""hi"":""डिपार्टामेंटो डे काउसेटे"",""ar"":""Departamento de Caucete""}",2019-10-06T09:28:15,2025-12-02T16:59:27,1,Q1190349
857,Departamento de Cerrillos,3643,A,11,AR,adm1,,,-25.00000000,-65.41667000,Departamento de Cerrillos,55949,America/Argentina/Buenos_Aires,"{""br"":""Departamant ar C'helc'hioù"",""ko"":""세리요스"",""pt-BR"":""Departamento de Cerrillos"",""pt"":""Departamento de Cerrillos"",""nl"":""Departamento de Cerrillos"",""hr"":""Departamento de Cerrillos"",""fa"":""بخش سریلوس"",""de"":""Departamento de Cerrillos"",""es"":""Departamento de Cerrillos"",""fr"":""Département de Cerrillos"",""ja"":""セリジョス県"",""it"":""Departamento de Cerrillos"",""zh-CN"":""塞里略斯省"",""tr"":""Cerrillos Dairesi"",""ru"":""Департамент Серрильос"",""uk"":""Департамент Серрільос"",""pl"":""Departamento de Cerrillos"",""hi"":""डिपार्टमेंटो डे सेरिलोस"",""ar"":""Departamento de Cerrillos""}",2019-10-06T09:28:15,2025-12-02T17:11:50,1,Q665915
858,Departamento de Chicoana,3643,A,11,AR,adm2,,,-25.11583000,-65.59466000,Departamento de Chicoana,24729,America/Argentina/Buenos_Aires,"{""br"":""Departamant Chicoana"",""ko"":""치코아나"",""pt-BR"":""Departamento de Chicoana"",""pt"":""Departamento de Chicoana"",""nl"":""Departamento de Chicoana"",""hr"":""Departamento de Chicoana"",""fa"":""دپارتمان چیکوانا"",""de"":""Departamento de Chicoana"",""es"":""Departamento de Chicoana"",""fr"":""Département de Chicoana"",""ja"":""チコアナ県"",""it"":""Departamento de Chicoana"",""zh-CN"":""奇科纳省"",""tr"":""Chicoana Dairesi"",""ru"":""Департамент Чикоана"",""uk"":""Департамент Чікоана"",""pl"":""Departamento de Chicoana"",""hi"":""Departamento de Chicoana"",""ar"":""Departamento de Chicoana""}",2019-10-06T09:28:15,2025-12-02T17:11:50,1,Q547590
859,Departamento de Chimbas,3634,J,11,AR,adm1,,,-31.48738000,-68.52691000,Departamento de Chimbas,105627,America/Argentina/San_Juan,"{""br"":""Departamant ar Chimbaz"",""ko"":""침바스"",""pt-BR"":""Departamento de Chimbas"",""pt"":""Departamento de Chimbas"",""nl"":""Departamento de Chimbas"",""hr"":""Departamento de Chimbas"",""fa"":""بخش چیمباس"",""de"":""Departamento de Chimbas"",""es"":""Departamento de Chimbas"",""fr"":""Département de Chimbas"",""ja"":""チンバス県"",""it"":""Departamento de Chimbas"",""zh-CN"":""清真省"",""tr"":""Chimbas Dairesi"",""ru"":""Департамент Чимбас"",""uk"":""Департамент Чімбас"",""pl"":""Departamento de Chimbas"",""hi"":""डिपार्टमेंटो डी चिम्बास"",""ar"":""Departamento de Chimbas""}",2019-10-06T09:28:15,2025-12-02T14:39:55,1,Q1190374
860,Departamento de Chos-Malal,3648,Q,11,AR,city,,,-36.91667000,-70.16667000,Departamento de Chos-Malal,,America/Argentina/Buenos_Aires,"{""br"":""Departamant Chos-Malal"",""ko"":""쇼스말랄"",""pt-BR"":""Departamento de Chos-Malal"",""pt"":""Departamento de Chos-Malal"",""nl"":""Departamento de Chos-Malal"",""hr"":""Departamento de Chos-Malal"",""fa"":""شهرستان چوس-ملال"",""de"":""Departamento de Chos-Malal"",""es"":""Departamento de Chos-Malal"",""fr"":""Département de Chos-Malal"",""ja"":""チョス・マラル県"",""it"":""Departamento de Chos-Malal"",""zh-CN"":""乔斯-马拉尔省"",""tr"":""Departamento de Chos-Malal"",""ru"":""Departamento de Chos-Malal"",""uk"":""Департамент Чос-Малал"",""pl"":""Departamento de Chos-Malal"",""hi"":""Departamento de Chos-Malal"",""ar"":""Departamento de Chos-Malal""}",2019-10-06T09:28:15,2025-12-02T16:59:27,1,Q1190374
861,Departamento de Choya,3635,G,11,AR,city,,,-28.75000000,-64.75000000,Departamento de Choya,43736,America/Argentina/Buenos_Aires,"{""br"":""Departamant Choya"",""ko"":""초야"",""pt-BR"":""Departamento de Choya"",""pt"":""Departamento de Choya"",""nl"":""Departamento de Choya"",""hr"":""Odjel Choya"",""fa"":""بخش چویا"",""de"":""Departamento de Choya"",""es"":""Departamento de Choya"",""fr"":""Département de Choya"",""ja"":""チョーヤ部門"",""it"":""Departamento de Choya"",""zh-CN"":""乔亚省"",""tr"":""Choya Departmanı"",""ru"":""Департамент Чойя"",""uk"":""Департамент Чойя"",""pl"":""Departamento de Choya"",""hi"":""डिपार्टमेंटो डी चोया"",""ar"":""Departamento de Choya""}",2019-10-06T09:28:15,2025-12-02T16:59:27,1,Q1190374
862,Departamento de Cochinoca,3645,Y,11,AR,city,,,-23.00000000,-65.83333000,Departamento de Cochinoca,15054,America/Argentina/Buenos_Aires,"{""br"":""Departamant Cochinoca"",""ko"":""코치노카"",""pt-BR"":""Departamento de Cochinoca"",""pt"":""Departamento de Cochinoca"",""nl"":""Departamento de Cochinoca"",""hr"":""Departamento de Cochinoca"",""fa"":""بخش کوچینوکا"",""de"":""Departamento de Cochinoca"",""es"":""Departamento de Cochinoca"",""fr"":""Département de Cochinoca"",""ja"":""コチノカ県"",""it"":""Departamento de Cochinoca"",""zh-CN"":""科奇诺卡省"",""tr"":""Cochinoca Departmanı"",""ru"":""Departamento de Cochinoca"",""uk"":""Департамент Кочінока"",""pl"":""Departamento de Cochinoca"",""hi"":""डिपार्टामेंटो डी कोचीनोका"",""ar"":""Departamento de Cochinoca""}",2019-10-06T09:28:15,2025-12-02T16:59:27,1,Q609628
863,Departamento de Collón-Curá,3648,Q,11,AR,city,,,-40.08333000,-70.16667000,Departamento de Collón-Curá,,America/Argentina/Buenos_Aires,"{""br"":""Departamant ar C'holon-Curá"",""ko"":""콜론-쿠라"",""pt-BR"":""Departamento de Collón-Curá"",""pt"":""Departamento de Collón-Curá"",""nl"":""Departamento de Collón-Curá"",""hr"":""Departamento de Collón-Curá"",""fa"":""اداره کولون-کورا"",""de"":""Departamento de Collón-Curá"",""es"":""Departamento de Collón-Curá"",""fr"":""Département de Collón-Curá"",""ja"":""コロン＝クーラ県"",""it"":""Departamento de Collón-Curá"",""zh-CN"":""科隆-库拉省"",""tr"":""Departamento de Collón-Curá"",""ru"":""Departamento de Collón-Curá"",""uk"":""Департамент Коллон-Кура"",""pl"":""Departamento de Collón-Curá"",""hi"":""Departamento de Collón-Curá"",""ar"":""Departamento de Collón-Curá""}",2019-10-06T09:28:15,2025-12-02T16:59:27,1,Q1190400
864,Departamento de Colón,3642,X,11,AR,adm1,,,-31.16667000,-64.16667000,Departamento de Colón,295725,America/Argentina/Buenos_Aires,"{""br"":""Departamant an drevadenn"",""ko"":""콜론"",""pt-BR"":""Departamento de Colón"",""pt"":""Departamento de Colón"",""nl"":""Departamento de Colón"",""hr"":""Departamento de Colón"",""fa"":""بخش کولون"",""de"":""Departamento de Colón"",""es"":""Departamento de Colón"",""fr"":""Département de Colón"",""ja"":""コロン県"",""it"":""Departamento de Colón"",""zh-CN"":""科隆省"",""tr"":""Colón Departmanı"",""ru"":""Департамент Колон"",""uk"":""Департамент Колон"",""pl"":""Departamento de Colón"",""hi"":""कोलोन विभाग"",""ar"":""Departamento de Colón""}",2019-10-06T09:28:15,2025-12-02T17:11:50,1,Q868409
865,Departamento de Comandante Fernández,3640,H,11,AR,city,,,-26.83333000,-60.50000000,Departamento de Comandante Fernández,101960,America/Argentina/Buenos_Aires,"{""br"":""Departamant ar C'homandant Fernández"",""ko"":""데파르타멘토 데 코만단테 페르난데스"",""pt-BR"":""Departamento do Comandante Fernández"",""pt"":""Departamento do Comandante Fernández"",""nl"":""Departamento de Comandante Fernández"",""hr"":""Departamento de Comandante Fernández"",""fa"":""بخش فرماندهی فرناندز"",""de"":""Departamento de Comandante Fernández"",""es"":""Departamento de Comandante Fernández"",""fr"":""Département du commandant Fernández"",""ja"":""フェルナンデス司令官局"",""it"":""Dipartimento del Comandante Fernández"",""zh-CN"":""费尔南德斯司令部"",""tr"":""Comandante Fernández Departamento"",""ru"":""Департамент команданте Фернандес"",""uk"":""Departamento de Comandante Fernández"",""pl"":""Departamento de Comandante Fernández"",""hi"":""डिपार्टामेंटो डी कोमांडेंटे फर्नांडीज"",""ar"":""قسم القائد فرنانديز""}",2019-10-06T09:28:15,2025-12-02T16:59:27,1,Q868409
866,Departamento de Concepción,3638,W,11,AR,city,,,-28.33333000,-58.00000000,Departamento de Concepción,10348,America/Argentina/Buenos_Aires,"{""br"":""Departamant ar C'honsepsion"",""ko"":""콘셉시온"",""pt-BR"":""Departamento de Concepción"",""pt"":""Departamento de Concepción"",""nl"":""Departamento de Concepción"",""hr"":""Departamento de Concepción"",""fa"":""بخش کونسپسیون"",""de"":""Departamento de Concepción"",""es"":""Departamento de Concepción"",""fr"":""Département de Concepción"",""ja"":""コンセプシオン県"",""it"":""Departamento de Concepción"",""zh-CN"":""康塞普西翁省"",""tr"":""Departmanto de Concepción"",""ru"":""Departamento de Concepción"",""uk"":""Департамент Консепсьйон"",""pl"":""Departamento de Concepción"",""hi"":""डिपार्टामेंटो डे कॉन्सेप्सिओन"",""ar"":""Departamento de Concepción""}",2019-10-06T09:28:15,2025-12-02T16:59:27,1,Q868674
867,Departamento de Concepción de la Sierra,3644,N,11,AR,city,,,-27.83333000,-55.41667000,Departamento de Concepción de la Sierra,,America/Argentina/Buenos_Aires,"{""br"":""Departamant ar C'honsepsion eus ar Sierra"",""ko"":""데파르타멘토 데 콘셉시온 데 라 시에라"",""pt-BR"":""Departamento de Concepción de la Sierra"",""pt"":""Departamento de Concepción de la Sierra"",""nl"":""Departamento de Concepción de la Sierra"",""hr"":""Departamento de Concepción de la Sierra"",""fa"":""Departamento de Concepción de la Sierra"",""de"":""Departamento de Concepción de la Sierra"",""es"":""Departamento de Concepción de la Sierra"",""fr"":""Département de Concepción de la Sierra"",""ja"":""コンセプシオン・デ・ラ・シエラ局"",""it"":""Dipartimento di Concepción della Sierra"",""zh-CN"":""塞拉利昂康塞普西翁省"",""tr"":""Sierra Concepción Departamento"",""ru"":""Департамент Консепсьон де ла Сьерра"",""uk"":""Департамент Консепсьйон-де-ла-Сьєрра"",""pl"":""Departamento de Concepción de la Sierra"",""hi"":""कॉन्सेप्सिओन डे ला सिएरा विभाग"",""ar"":""Departamento de Concepción de la Sierra""}",2019-10-06T09:28:15,2025-12-02T17:11:50,1,Q868674
868,Departamento de Confluencia,3648,Q,11,AR,city,,,-38.83333000,-68.83333000,Departamento de Confluencia,468794,America/Argentina/Buenos_Aires,"{""br"":""Departamant ar C'hevredigezh"",""ko"":""Departamento de Confluencia"",""pt-BR"":""Departamento de Confluência"",""pt"":""Departamento de Confluência"",""nl"":""Departamento de Confluencia"",""hr"":""Departamento de Confluencia"",""fa"":""دپارتمان کنفلوئنسیا"",""de"":""Departamento de Confluencia"",""es"":""Departamento de Confluencia"",""fr"":""Département de Confluencia"",""ja"":""コンフルエンシア県"",""it"":""Departamento de Confluencia"",""zh-CN"":""汇流部"",""tr"":""Confluencia Departmanı"",""ru"":""Departamento de Confluencia"",""uk"":""Департамент Конфлуенсія"",""pl"":""Departamento de Confluencia"",""hi"":""डिपार्टामेंटो डे कॉन्फ्लुएंसिया"",""ar"":""Departamento de Confluencia""}",2019-10-06T09:28:15,2025-12-02T16:59:27,1,Q960802
869,Departamento de Constitución,3641,S,11,AR,city,,,-33.50000000,-60.91667000,Departamento de Constitución,93441,America/Argentina/Buenos_Aires,"{""br"":""Departamant ar Vonreizh"",""ko"":""헌법부"",""pt-BR"":""Departamento de Constituição"",""pt"":""Departamento de Constituição"",""nl"":""Departamento de Constitución"",""hr"":""Departamento de Constitución"",""fa"":""وزارت قانون اساسی"",""de"":""Departamento de Constitución"",""es"":""Departamento de Constitución"",""fr"":""Département de la Constitution"",""ja"":""Departamento de Constitución"",""it"":""Departamento de Constitución"",""zh-CN"":""宪法部"",""tr"":""Departmanto de Constitución"",""ru"":""Departamento de Constitución"",""uk"":""Департамент Конституції"",""pl"":""Departamento de Constitución"",""hi"":""Departamento de Constitución"",""ar"":""Departamento de Constitución""}",2019-10-06T09:28:15,2025-12-02T16:59:27,1,Q1190426
870,Departamento de Cruz Alta,3637,T,11,AR,city,,,-26.91667000,-64.91667000,Departamento de Cruz Alta,228077,America/Argentina/Buenos_Aires,"{""br"":""Departamant Kroaz Alta"",""ko"":""크루스 알타"",""pt-BR"":""Departamento de Cruz Alta"",""pt"":""Departamento de Cruz Alta"",""nl"":""Departamento de Cruz Alta"",""hr"":""Departamento de Cruz Alta"",""fa"":""بخش کروز آلتا"",""de"":""Departamento de Cruz Alta"",""es"":""Departamento de Cruz Alta"",""fr"":""Département de Cruz Alta"",""ja"":""クルス・アルタ県"",""it"":""Departamento de Cruz Alta"",""zh-CN"":""克鲁斯阿尔塔省"",""tr"":""Departamento de Cruz Alta"",""ru"":""Departamento de Cruz Alta"",""uk"":""Департамент Круз-Альта"",""pl"":""Departamento de Cruz Alta"",""hi"":""Departamento de Cruz Alta"",""ar"":""Departamento de Cruz Alta""}",2019-10-06T09:28:15,2025-12-02T16:59:27,1,Q1190426
871,Departamento de Cruz del Eje,3642,X,11,AR,city,,,-30.75000000,-65.00000000,Departamento de Cruz del Eje,67112,America/Argentina/Buenos_Aires,"{""br"":""Departamant Kroaz ar C'hreisteiz"",""ko"":""크루스 델 에헤"",""pt-BR"":""Departamento de Cruz del Eje"",""pt"":""Departamento de Cruz del Eje"",""nl"":""Departamento de Cruz del Eje"",""hr"":""Departamento de Cruz del Eje"",""fa"":""بخش کروز دل اِخه"",""de"":""Departamento de Cruz del Eje"",""es"":""Departamento de Cruz del Eje"",""fr"":""Département de Cruz del Eje"",""ja"":""クルス・デル・エヘ県"",""it"":""Departamento de Cruz del Eje"",""zh-CN"":""埃赫十字省"",""tr"":""Departamento de Cruz del Eje"",""ru"":""Departamento de Cruz del Eje"",""uk"":""Департамент Крус-дель-Ехе"",""pl"":""Departamento de Cruz del Eje"",""hi"":""Departamento de Cruz del Eje"",""ar"":""Departamento de Cruz del Eje""}",2019-10-06T09:28:15,2025-12-02T16:59:27,1,Q635957
872,Departamento de Curuzú Cuatiá,3638,W,11,AR,city,,,-29.50000000,-58.50000000,Departamento de Curuzú Cuatiá,51532,America/Argentina/Buenos_Aires,"{""br"":""Departamant Curuzú Cuatiá"",""ko"":""Departamento de Curuzú Cuatiá"",""pt-BR"":""Departamento de Curuzú Cuatiá"",""pt"":""Departamento de Curuzú Cuatiá"",""nl"":""Departamento de Curuzú Cuatiá"",""hr"":""Departamento de Curuzú Cuatiá"",""fa"":""Departamento de Curuzú Cuatiá"",""de"":""Departamento de Curuzú Cuatiá"",""es"":""Departamento de Curuzú Cuatiá"",""fr"":""Département de Curuzú Cuatiá"",""ja"":""クルス クアティア県"",""it"":""Departamento de Curuzú Cuatiá"",""zh-CN"":""库鲁苏库蒂亚省"",""tr"":""Curuzú Cuatiá Departmanı"",""ru"":""Департамент Курузу Куатиа"",""uk"":""Департамент Курузу Куатія"",""pl"":""Departamento de Curuzú Cuatiá"",""hi"":""कुरुज़ु कुटिया विभाग"",""ar"":""Departamento de Curuzú Cuatiá""}",2019-10-06T09:28:15,2025-12-02T16:59:27,1,Q899638
873,Departamento de Cushamen,3651,U,11,AR,city,,,-42.50000000,-70.83333000,Departamento de Cushamen,28209,America/Argentina/Buenos_Aires,"{""br"":""Departamant Cushamen"",""ko"":""쿠샤멘"",""pt-BR"":""Departamento de Cushamen"",""pt"":""Departamento de Cushamen"",""nl"":""Departamento de Cushamen"",""hr"":""Departamento de Cushamen"",""fa"":""بخش کوشامن"",""de"":""Departamento de Cushamen"",""es"":""Departamento de Cushamen"",""fr"":""Département de Cushamen"",""ja"":""クシャメン県"",""it"":""Departamento de Cushamen"",""zh-CN"":""库沙门省"",""tr"":""Cushamen Departmanı"",""ru"":""Departamento de Cushamen"",""uk"":""Департамент Кушамен"",""pl"":""Departamento de Cushamen"",""hi"":""डिपार्टमेंटो डी कुशामेन"",""ar"":""Departamento de Cushamen""}",2019-10-06T09:28:15,2025-12-02T16:59:27,1,Q899638
874,Departamento de Deseado,3649,Z,11,AR,city,,,-47.33333000,-67.83333000,Departamento de Deseado,126743,America/Argentina/Buenos_Aires,"{""br"":""Departamant an Deseado"",""ko"":""Deseado"",""pt-BR"":""Departamento de Desejo"",""pt"":""Departamento de Desejo"",""nl"":""Departamento de Deseado"",""hr"":""Odjel za želje"",""fa"":""بخش دِسِادو"",""de"":""Departamento de Deseado"",""es"":""Departamento de Deseado"",""fr"":""Département de Deseado"",""ja"":""デセアド部"",""it"":""Departamento de Deseado"",""zh-CN"":""德塞阿多省"",""tr"":""Deseado Dairesi"",""ru"":""Departamento de Deseado"",""uk"":""Департамент Десеадо"",""pl"":""Departamento de Deseado"",""hi"":""Departamento de Deseado"",""ar"":""Departamento de Deseado""}",2019-10-06T09:28:15,2025-12-02T16:59:27,1,Q899638
875,Departamento de Doce de Octubre,3640,H,11,AR,city,,,-27.41667000,-61.33333000,Departamento de Doce de Octubre,23222,America/Argentina/Buenos_Aires,"{""br"":""Departamant an Doz Here"",""ko"":""Departamento de Doce de Octubre"",""pt-BR"":""Departamento de Doce de Outubro"",""pt"":""Departamento de Doce de Outubro"",""nl"":""Departamento de Doce de Octubre"",""hr"":""Departamento de Doce de Octubre"",""fa"":""Departamento de Doce de Octubre"",""de"":""Departamento de Doce de Octubre"",""es"":""Departamento de Doce de Octubre"",""fr"":""Département de l'Éducation d'Octubre"",""ja"":""10 月の保健局"",""it"":""Dipartimento di Doce de Octubre"",""zh-CN"":""十月事务部"",""tr"":""Doce de Octubre Departamento"",""ru"":""Апартаменты Doce de Octubre"",""uk"":""Departamento de Doce de Octubre"",""pl"":""Departamento de Doce de Octubre"",""hi"":""डिपार्टमेंटो डे डोसे डे ऑक्टुब्रे"",""ar"":""Departamento de Doce de Octubre""}",2019-10-06T09:28:15,2025-12-02T16:59:27,1,Q899638
876,Departamento de Dos de Abril,3640,H,11,AR,adm2,,,-27.60932000,-61.34473000,Departamento de Dos de Abril,8319,America/Argentina/Cordoba,"{""br"":""Departamant Dozioù Ebrel"",""ko"":""4월 2일"",""pt-BR"":""Departamento de Dos de Abril"",""pt"":""Departamento de Dos de Abril"",""nl"":""Departamento de Dos de Abril"",""hr"":""Departamento de Dos de April"",""fa"":""وزارت دوس آوریل"",""de"":""Departamento de Dos de Abril"",""es"":""Departamento de Dos de Abril"",""fr"":""Département de Dos de Abril"",""ja"":""Departamento de Dos de Abril"",""it"":""Departamento de Dos de Abril"",""zh-CN"":""四月十二日省"",""tr"":""Departamento de Dos de Abril"",""ru"":""Departamento de Dos de Abril"",""uk"":""Департамент Дос-де-Абриль"",""pl"":""Departamento de Dos de Abril"",""hi"":""Departamento de Dos de April"",""ar"":""Departamento de Dos de Abril""}",2019-10-06T09:28:15,2025-12-02T14:39:55,1,Q899638
877,Departamento de El Alto,3647,K,11,AR,city,,,-28.41667000,-65.41667000,Departamento de El Alto,4375,America/Argentina/Buenos_Aires,"{""br"":""Departamant an Alto"",""ko"":""엘 알토"",""pt-BR"":""Departamento de El Alto"",""pt"":""Departamento de El Alto"",""nl"":""Departamento de El Alto"",""hr"":""Departamento de El Alto"",""fa"":""بخش ال آلتو"",""de"":""Departamento de El Alto"",""es"":""Departamento de El Alto"",""fr"":""Département d'El Alto"",""ja"":""エル・アルト県"",""it"":""Departamento de El Alto"",""zh-CN"":""埃尔阿尔托省"",""tr"":""El Alto Departmanı"",""ru"":""Департамент Эль-Альто"",""uk"":""Департамент Ель-Альто"",""pl"":""Departamento de El Alto"",""hi"":""डेपार्टामेंटो डे एल ऑल्टो"",""ar"":""Departamento de El Alto""}",2019-10-06T09:28:15,2025-12-02T16:59:27,1,Q899638
878,Departamento de Eldorado,3644,N,11,AR,city,,,-26.25000000,-54.41667000,Departamento de Eldorado,91728,America/Argentina/Buenos_Aires,"{""br"":""Departamant an Eldorado"",""ko"":""엘도라도"",""pt-BR"":""Departamento de Eldorado"",""pt"":""Departamento de Eldorado"",""nl"":""Departamento de Eldorado"",""hr"":""Departamento de Eldorado"",""fa"":""بخش الدورادو"",""de"":""Departamento de Eldorado"",""es"":""Departamento de Eldorado"",""fr"":""Département d'Eldorado"",""ja"":""エルドラド県"",""it"":""Departamento de Eldorado"",""zh-CN"":""埃尔多拉多省"",""tr"":""Eldorado Dairesi"",""ru"":""Департамент Эльдорадо"",""uk"":""Департамент Ельдорадо"",""pl"":""Departamento de Eldorado"",""hi"":""डेपार्टामेंटो डी एल्डोरैडो"",""ar"":""Departamento de Eldorado""}",2019-10-06T09:28:15,2025-12-02T16:59:27,1,Q899638
879,Departamento de Empedrado,3638,W,11,AR,city,,,-27.83333000,-58.66667000,Departamento de Empedrado,17968,America/Argentina/Buenos_Aires,"{""br"":""Departamant an Empedrado"",""ko"":""엠페드라도"",""pt-BR"":""Departamento de Empedrado"",""pt"":""Departamento de Empedrado"",""nl"":""Departamento de Empedrado"",""hr"":""Odjel Empedrado"",""fa"":""دپارتمان امپراتوری"",""de"":""Departamento de Empedrado"",""es"":""Departamento de Empedrado"",""fr"":""Département d'Empedrado"",""ja"":""エンペドラド県"",""it"":""Departamento de Empedrado"",""zh-CN"":""就业部"",""tr"":""Empedrado Dairesi"",""ru"":""Департамент Эмпедрадо"",""uk"":""Департамент Емпедрадо"",""pl"":""Departamento de Empedrado"",""hi"":""Departamento de Empedrado"",""ar"":""Departamento de Empedrado""}",2019-10-06T09:28:15,2025-12-02T16:59:27,1,Q583893
880,Departamento de Escalante,3651,U,11,AR,city,,,-45.33333000,-67.33333000,Departamento de Escalante,215453,America/Argentina/Buenos_Aires,"{""br"":""Departamant an Eskalañ"",""ko"":""에스칼란테"",""pt-BR"":""Departamento de Escalante"",""pt"":""Departamento de Escalante"",""nl"":""Departement van Escalante"",""hr"":""Departamento de Escalante"",""fa"":""بخش اسکالانته"",""de"":""Departamento de Escalante"",""es"":""Departamento de Escalante"",""fr"":""Département d'Escalante"",""ja"":""エスカランテ県"",""it"":""Departamento de Escalante"",""zh-CN"":""埃斯卡兰特省"",""tr"":""Escalante Dairesi"",""ru"":""Департамент Эскаланте"",""uk"":""Департамент Ескаланте"",""pl"":""Departamento de Escalante"",""hi"":""एस्केलेंटे विभाग"",""ar"":""Departamento de Escalante""}",2019-10-06T09:28:15,2025-12-02T16:59:27,1,Q583893
881,Departamento de Esquina,3638,W,11,AR,city,,,-30.00000000,-59.33333000,Departamento de Esquina,39185,America/Argentina/Buenos_Aires,"{""br"":""Departamant an Esquina"",""ko"":""에스퀴나 주 정부"",""pt-BR"":""Departamento de Esquina"",""pt"":""Departamento de Esquina"",""nl"":""Departamento de Esquina"",""hr"":""Departamento de Esquina"",""fa"":""بخش اسکوینا"",""de"":""Departamento de Esquina"",""es"":""Departamento de Esquina"",""fr"":""Département d'Esquina"",""ja"":""エスキーナ県"",""it"":""Departamento de Esquina"",""zh-CN"":""埃斯基纳省"",""tr"":""Esquina Dairesi"",""ru"":""Департамент Эскина"",""uk"":""Департамент Ескіна"",""pl"":""Departamento de Esquina"",""hi"":""Departamento de Esquina"",""ar"":""Departamento de Esquina""}",2019-10-06T09:28:15,2025-12-02T16:59:27,1,Q991357
882,Departamento de Famaillá,3637,T,11,AR,city,,,-26.91667000,-65.50000000,Departamento de Famaillá,20762,America/Argentina/Buenos_Aires,"{""br"":""Departamant ar Familh"",""ko"":""파마일라"",""pt-BR"":""Departamento de Famaillá"",""pt"":""Departamento de Famaillá"",""nl"":""Departamento de Famaillá"",""hr"":""Departamento de Famaillá"",""fa"":""دپارتمان خانواده"",""de"":""Departamento de Famaillá"",""es"":""Departamento de Famaillá"",""fr"":""Département de Famaillá"",""ja"":""ファマイリャ県"",""it"":""Departamento de Famaillá"",""zh-CN"":""家庭部"",""tr"":""Departamento de Famaillá"",""ru"":""Departamento de Famaillá"",""uk"":""Департамент Фамайя"",""pl"":""Departamento de Famaillá"",""hi"":""Departamento de Famaillá"",""ar"":""Departamento de Famaillá""}",2019-10-06T09:28:15,2025-12-02T16:59:27,1,Q991357
883,Departamento de Florentino Ameghino,3651,U,11,AR,city,,,-44.41667000,-66.16667000,Departamento de Florentino Ameghino,1786,America/Argentina/Buenos_Aires,"{""br"":""Departamant Ameghineg Florentina"",""ko"":""데파르타멘토 데 플로렌티노 아메기노"",""pt-BR"":""Departamento de Florentino Ameghino"",""pt"":""Departamento de Florentino Ameghino"",""nl"":""Departamento de Florentino Ameghino"",""hr"":""Departamento de Florentino Ameghino"",""fa"":""بخش فلورنتینو آمگینو"",""de"":""Departamento de Florentino Ameghino"",""es"":""Departamento de Florentino Ameghino"",""fr"":""Département de Florentino Ameghino"",""ja"":""フロレンティーノ アメーギーノ部門"",""it"":""Dipartimento di Florentino Ameghino"",""zh-CN"":""弗洛伦蒂诺·阿梅吉诺省"",""tr"":""Florentino Ameghino Departmanı"",""ru"":""Департамент Флорентино Амегино"",""uk"":""Департамент Флорентіно Амегіно"",""pl"":""Departamento de Florentino Ameghino"",""hi"":""डिपार्टमेंटो डे फ्लोरेंटिनो अमेघिनो"",""ar"":""قسم فلورنتينو أميغينو""}",2019-10-06T09:28:15,2025-12-02T16:59:27,1,Q991357
884,Departamento de Fray Mamerto Esquiú,3647,K,11,AR,city,,,-28.30000000,-65.75000000,Departamento de Fray Mamerto Esquiú,14625,America/Argentina/Buenos_Aires,"{""br"":""Departamant Fray Mamerto Esquiú"",""ko"":""Departamento de Fray Mamerto Esquiú"",""pt-BR"":""Departamento de Fray Mamerto Esquiú"",""pt"":""Departamento de Fray Mamerto Esquiú"",""nl"":""Departamento de Fray Mamerto Esquiú"",""hr"":""Departamento de Fray Mamerto Esquiú"",""fa"":""Departamento de Fray Mamerto Esquiú"",""de"":""Departamento de Fray Mamerto Esquiú"",""es"":""Departamento de Fray Mamerto Esquiú"",""fr"":""Département de Fray Mamerto Esquiú"",""ja"":""デパートメント デ フライ マメルト エスキー"",""it"":""Departamento de Fray Mamerto Esquiú"",""zh-CN"":""弗雷马默托埃斯基乌省"",""tr"":""Fray Mamerto Esquiú Departmanı"",""ru"":""Апартаменты De Fray Mamerto Esquiú"",""uk"":""Departamento de Fray Mamerto Esquiú"",""pl"":""Departamento de Fray Mamerto Esquiú"",""hi"":""फ़्रे ममेर्टो एस्क्यू का विभाग"",""ar"":""Departamento de Fray Mamerto Esquiú""}",2019-10-06T09:28:15,2025-12-02T16:59:27,1,Q775145
885,Departamento de Futaleufú,3651,U,11,AR,city,,,-43.08333000,-71.41667000,Departamento de Futaleufú,50316,America/Argentina/Buenos_Aires,"{""br"":""Departamant an Futaleufú"",""ko"":""푸탈레우푸"",""pt-BR"":""Departamento de Futaleufú"",""pt"":""Departamento de Futaleufú"",""nl"":""Departamento de Futaleufú"",""hr"":""Departamento de Futaleufú"",""fa"":""بخش فوتالئوفو"",""de"":""Departamento de Futaleufú"",""es"":""Departamento de Futaleufú"",""fr"":""Département de Futaleufú"",""ja"":""Departamento de Futaleufú"",""it"":""Departamento de Futaleufú"",""zh-CN"":""富塔莱乌富省"",""tr"":""Departamento de Futaleufú"",""ru"":""Departamento de Futaleufú"",""uk"":""Департамент Футалеуфу"",""pl"":""Departamento de Futaleufú"",""hi"":""Departamento de Futaleufú"",""ar"":""Departamento de Futaleufú""}",2019-10-06T09:28:15,2025-12-02T16:59:27,1,Q775145
886,Departamento de Gaimán,3651,U,11,AR,city,,,-43.33333000,-66.33333000,Departamento de Gaimán,12639,America/Argentina/Buenos_Aires,"{""br"":""Departamant Gaimán"",""ko"":""가이만"",""pt-BR"":""Departamento de Gaimán"",""pt"":""Departamento de Gaimán"",""nl"":""Departamento de Gaimán"",""hr"":""Departamento de Gaimán"",""fa"":""بخش گیمان"",""de"":""Departamento de Gaimán"",""es"":""Departamento de Gaimán"",""fr"":""Département de Gaimán"",""ja"":""ガイマン県"",""it"":""Departamento de Gaimán"",""zh-CN"":""盖曼省"",""tr"":""Departmanto de Gaimán"",""ru"":""Департамент Гайман"",""uk"":""Департамент Гайман"",""pl"":""Departamento de Gaimán"",""hi"":""Departamento de Gaimán"",""ar"":""Departamento de Gaimán""}",2019-10-06T09:28:15,2025-12-02T16:59:27,1,Q775145
887,Departamento de Gastre,3651,U,11,AR,city,,,-42.83333000,-68.66667000,Departamento de Gastre,1195,America/Argentina/Buenos_Aires,"{""br"":""Departamant ar Gwastell"",""ko"":""가스트레"",""pt-BR"":""Departamento de Gastre"",""pt"":""Departamento de Gastre"",""nl"":""Departamento de Gastre"",""hr"":""Odjel Gastre"",""fa"":""اداره معده"",""de"":""Departamento de Gastre"",""es"":""Departamento de Gastre"",""fr"":""Département de Gastre"",""ja"":""ガストレ部"",""it"":""Departamento de Gastre"",""zh-CN"":""加斯特雷省"",""tr"":""Gastre Departmanı"",""ru"":""Департамент Гастре"",""uk"":""Департамент Гастре"",""pl"":""Departamento de Gastre"",""hi"":""डिपार्टमेंटो डे गैस्ट्रे"",""ar"":""Departamento de Gastre""}",2019-10-06T09:28:15,2025-12-02T16:59:27,1,Q775145
888,Departamento de General Alvear,3638,W,11,AR,city,,,-28.83333000,-56.50000000,Departamento de General Alvear,9145,America/Argentina/Buenos_Aires,"{""br"":""Departamant Meur Alvear"",""ko"":""데파르타멘토 데 헤네랄 알베아르"",""pt-BR"":""Departamento de General Alvear"",""pt"":""Departamento de General Alvear"",""nl"":""Departamento van generaal Alvear"",""hr"":""Departamento de General Alvear"",""fa"":""دپارتمان ژنرال آلوئار"",""de"":""Departamento de General Alvear"",""es"":""Departamento de General Alvear"",""fr"":""Département du Général Alvear"",""ja"":""アルベアール将軍局"",""it"":""Dipartimento del Generale Alvear"",""zh-CN"":""阿尔维尔将军省"",""tr"":""General Alvear Departamento"",""ru"":""Департамент генерала Альвеара"",""uk"":""Департамент генерал-альвеар"",""pl"":""Departament generała Alveara"",""hi"":""जनरल अल्वेर विभाग"",""ar"":""إدارة الجنرال ألفير""}",2019-10-06T09:28:15,2025-12-02T16:59:27,1,Q691062
889,Departamento de General Alvear,3646,M,11,AR,city,,,-35.16667000,-67.33333000,Departamento de General Alvear,9145,America/Argentina/Buenos_Aires,"{""br"":""Departamant Meur Alvear"",""ko"":""데파르타멘토 데 헤네랄 알베아르"",""pt-BR"":""Departamento de General Alvear"",""pt"":""Departamento de General Alvear"",""nl"":""Departamento van generaal Alvear"",""hr"":""Departamento de General Alvear"",""fa"":""دپارتمان ژنرال آلوئار"",""de"":""Departamento de General Alvear"",""es"":""Departamento de General Alvear"",""fr"":""Département du Général Alvear"",""ja"":""アルベアール将軍局"",""it"":""Dipartimento del Generale Alvear"",""zh-CN"":""阿尔维尔将军省"",""tr"":""General Alvear Departamento"",""ru"":""Департамент генерала Альвеара"",""uk"":""Департамент генерала Альвеара"",""pl"":""Departament generała Alveara"",""hi"":""जनरल अल्वेर विभाग"",""ar"":""إدارة الجنرال ألفير""}",2019-10-06T09:28:15,2025-12-02T16:59:27,1,Q691062
890,Departamento de General Donovan,3640,H,11,AR,city,,,-27.16667000,-59.33333000,Departamento de General Donovan,15096,America/Argentina/Buenos_Aires,"{""br"":""Departamant Meur Donovan"",""ko"":""도노반 장군 데파르타멘토 드 제너럴 도노반"",""pt-BR"":""Departamento de General Donovan"",""pt"":""Departamento de General Donovan"",""nl"":""Departamento van generaal Donovan"",""hr"":""Departamento de General Donovan"",""fa"":""دپارتمان ژنرال دونوان"",""de"":""Departamento de General Donovan"",""es"":""Departamento de General Donovan"",""fr"":""Département du Général Donovan"",""ja"":""ドノバン将軍部門"",""it"":""Dipartimento del Generale Donovan"",""zh-CN"":""多诺万将军部"",""tr"":""General Donovan Departmanı"",""ru"":""Департамент генерала Донована"",""uk"":""Департамент генерала Донована"",""pl"":""Departament generała Donovana"",""hi"":""जनरल डोनोवन का विभाग"",""ar"":""إدارة الجنرال دونوفان""}",2019-10-06T09:28:15,2025-12-02T16:59:27,1,Q922325
891,Departamento de General Güemes,3643,A,11,AR,city,,,-24.79464000,-64.94393000,Departamento de General Güemes,56166,America/Argentina/Buenos_Aires,"{""br"":""Departamant Meur ar Güemes"",""ko"":""Departamento de General Güemes"",""pt-BR"":""Departamento de General Güemes"",""pt"":""Departamento de General Güemes"",""nl"":""Departamento de General Güemes"",""hr"":""Departamento de General Güemes"",""fa"":""Departamento de General Guemes"",""de"":""Departamento de General Güemes"",""es"":""Departamento de General Güemes"",""fr"":""Département du Général Güemes"",""ja"":""グエメス将軍局"",""it"":""Dipartimento del Generale Güemes"",""zh-CN"":""格梅斯将军部"",""tr"":""Genel Güemes Departmanı"",""ru"":""Департамент генерала Гуэмеса"",""uk"":""Департамент генерал-гуемес"",""pl"":""Departamento de General Güemes"",""hi"":""जनरल गुएम्स का विभाग"",""ar"":""Departamento de General Güemes""}",2019-10-06T09:28:15,2025-12-02T16:59:27,1,Q922325
892,Departamento de General Güemes,3640,H,11,AR,city,,,-25.16667000,-61.41667000,Departamento de General Güemes,56166,America/Argentina/Buenos_Aires,"{""br"":""Departamant Meur ar Güemes"",""ko"":""Departamento de General Güemes"",""pt-BR"":""Departamento de General Güemes"",""pt"":""Departamento de General Güemes"",""nl"":""Departamento de General Güemes"",""hr"":""Departamento de General Güemes"",""fa"":""Departamento de General Guemes"",""de"":""Departamento de General Güemes"",""es"":""Departamento de General Güemes"",""fr"":""Département du Général Güemes"",""ja"":""グエメス将軍局"",""it"":""Dipartimento del Generale Güemes"",""zh-CN"":""格梅斯将军部"",""tr"":""Genel Güemes Departmanı"",""ru"":""Департамент генерала Гуэмеса"",""uk"":""Департамент генерал-гуемес"",""pl"":""Departamento de General Güemes"",""hi"":""जनरल गुएम्स का विभाग"",""ar"":""Departamento de General Güemes""}",2019-10-06T09:28:15,2025-12-02T16:59:27,1,Q922325
893,Departamento de General Lamadrid,3653,F,11,AR,city,,,-28.83333000,-68.66667000,Departamento de General Lamadrid,,America/Argentina/Buenos_Aires,"{""br"":""Departamant Meur Lamadrid"",""ko"":""데파타멘토 데 헤네랄 라마드리드"",""pt-BR"":""Departamento de General Lamadrid"",""pt"":""Departamento de General Lamadrid"",""nl"":""Departamento van generaal Lamadrid"",""hr"":""Departamento de General Lamadrid"",""fa"":""دپارتمان ژنرال لامدرید"",""de"":""Departamento de General Lamadrid"",""es"":""Departamento de General Lamadrid"",""fr"":""Département Général Lamadrid"",""ja"":""ラマドリード将軍局"",""it"":""Dipartimento del Generale Lamadrid"",""zh-CN"":""拉马德里将军部"",""tr"":""General Lamadrid Departamento"",""ru"":""Департамент генерала Ламадрида"",""uk"":""Департамент генерал-ламадрід"",""pl"":""Departamento de General Lamadrid"",""hi"":""जनरल लैमड्रिड विभाग"",""ar"":""إدارة الجنرال لامدريد""}",2019-10-06T09:28:16,2025-12-02T16:59:27,1,Q922325
894,Departamento de General Manuel Belgrano,3644,N,11,AR,city,,,-26.16667000,-53.91667000,Departamento de General Manuel Belgrano,,America/Argentina/Buenos_Aires,"{""br"":""Departamant Meur Manuel Belgrano"",""ko"":""Departamento de General Manuel Belgrano"",""pt-BR"":""Departamento de General Manuel Belgrano"",""pt"":""Departamento de General Manuel Belgrano"",""nl"":""Departamento van generaal Manuel Belgrano"",""hr"":""Departamento de General Manuel Belgrano"",""fa"":""بخش ژنرال مانوئل بلگرانو"",""de"":""Departamento de General Manuel Belgrano"",""es"":""Departamento de General Manuel Belgrano"",""fr"":""Département du Général Manuel Belgrano"",""ja"":""マヌエル・ベルグラーノ将軍局"",""it"":""Dipartimento del Generale Manuel Belgrano"",""zh-CN"":""曼努埃尔·贝尔格拉诺将军部"",""tr"":""Genel Müdürlük Manuel Belgrano"",""ru"":""Департамент генерала Мануэля Бельграно"",""uk"":""Departamento de General Manuel Belgrano"",""pl"":""Departament generała Manuela Belgrano"",""hi"":""जनरल मैनुअल बेलग्रानो विभाग"",""ar"":""إدارة الجنرال مانويل بلغرانو""}",2019-10-06T09:28:16,2025-12-02T16:59:27,1,Q922325
895,Departamento de General Paz,3638,W,11,AR,city,,,-27.75000000,-57.83333000,Departamento de General Paz,17020,America/Argentina/Buenos_Aires,"{""br"":""Departamant Meur ar Paz"",""ko"":""파스 주 총독부"",""pt-BR"":""Departamento de General Paz"",""pt"":""Departamento de General Paz"",""nl"":""Departamento de General Paz"",""hr"":""Odjel za opći Paz"",""fa"":""دپارتمان ژنرال پاز"",""de"":""Departamento de General Paz"",""es"":""Departamento de General Paz"",""fr"":""Département de General Paz"",""ja"":""平和ヘネラル県"",""it"":""Departamento de General Paz"",""zh-CN"":""帕斯将军省"",""tr"":""Departmanto de General Paz"",""ru"":""Департамент Генерала Паса"",""uk"":""Департамент Генерал Пас"",""pl"":""Departamento de General Paz"",""hi"":""Departamento de General Paz"",""ar"":""Departamento de General Paz""}",2019-10-06T09:28:16,2025-12-02T16:59:27,1,Q368679
896,Departamento de General Roca,3642,X,11,AR,adm2,,,-34.66667000,-64.25000000,Departamento de General Roca,380525,America/Argentina/Buenos_Aires,"{""br"":""Departamant Meur ar Roka"",""ko"":""로카 주 총무부"",""pt-BR"":""Departamento de General Roca"",""pt"":""Departamento de General Roca"",""nl"":""Departamento de General Roca"",""hr"":""Odjel za generala Rocu"",""fa"":""دپارتمان عمومی روکا"",""de"":""Departamento de General Roca"",""es"":""Departamento de General Roca"",""fr"":""Département de General Roca"",""ja"":""ロカ将軍県"",""it"":""Departamento de General Roca"",""zh-CN"":""罗卡将军省"",""tr"":""Roca Genel Departmanı"",""ru"":""Департамент генерала Рока"",""uk"":""Департамент генерала Рока"",""pl"":""Departamento de General Roca"",""hi"":""Departamento de General Roca"",""ar"":""Departamento de General Roca""}",2019-10-06T09:28:16,2025-12-02T17:11:50,1,Q368679
897,Departamento de General San Martín,3642,X,11,AR,city,,,-32.50000000,-63.33333000,Departamento de General San Martín,154269,America/Argentina/Buenos_Aires,"{""br"":""Departamant Meur San Martín"",""ko"":""데파르타멘토 데 헤네랄 산 마르틴"",""pt-BR"":""Departamento de General San Martín"",""pt"":""Departamento de General San Martín"",""nl"":""Departamento van Generaal San Martín"",""hr"":""Departamento de General San Martín"",""fa"":""بخش ژنرال سن مارتین"",""de"":""Departamento de General San Martín"",""es"":""Departamento de General San Martín"",""fr"":""Département Général San Martín"",""ja"":""サン マルティン将軍局"",""it"":""Dipartimento del Generale San Martín"",""zh-CN"":""圣马丁将军省"",""tr"":""General San Martín Departamento"",""ru"":""Департамент генерала Сан-Мартина"",""uk"":""Департамент Сан-Мартін"",""pl"":""Departamento de General San Martin"",""hi"":""जनरल सैन मार्टिन विभाग"",""ar"":""إدارة الجنرال سان مارتن""}",2019-10-06T09:28:16,2025-12-02T17:11:50,1,Q368679
898,Departamento de Godoy Cruz,3646,M,11,AR,adm2,,,-32.93333000,-68.86667000,Departamento de Godoy Cruz,195159,America/Argentina/Buenos_Aires,"{""br"":""Departamant Godoy Cruz"",""ko"":""고도이 크루즈"",""pt-BR"":""Departamento de Godoy Cruz"",""pt"":""Departamento de Godoy Cruz"",""nl"":""Departamento de Godoy Cruz"",""hr"":""Departamento de Godoy Cruz"",""fa"":""بخش گودوی کروز"",""de"":""Departamento de Godoy Cruz"",""es"":""Departamento de Godoy Cruz"",""fr"":""Département de Godoy Cruz"",""ja"":""ゴドイ・クルス県"",""it"":""Departamento de Godoy Cruz"",""zh-CN"":""戈多伊克鲁斯省"",""tr"":""Godoy Cruz Dairesi"",""ru"":""Departamento de Godoy Cruz"",""uk"":""Департамент Годой-Крус"",""pl"":""Departamento de Godoy Cruz"",""hi"":""Departamento de Godoy Cruz"",""ar"":""Departamento de Godoy Cruz""}",2019-10-06T09:28:16,2025-12-02T17:11:50,1,Q1190576
899,Departamento de Goya,3638,W,11,AR,city,,,-29.50000000,-59.50000000,Departamento de Goya,106371,America/Argentina/Buenos_Aires,"{""br"":""Departamant Goya"",""ko"":""고야"",""pt-BR"":""Departamento de Goya"",""pt"":""Departamento de Goya"",""nl"":""Departement van Goya"",""hr"":""Departamento de Goya"",""fa"":""دپارتمان گویا"",""de"":""Departamento de Goya"",""es"":""Departamento de Goya"",""fr"":""Département de Goya"",""ja"":""ゴヤ県"",""it"":""Departamento de Goya"",""zh-CN"":""戈雅省"",""tr"":""Goya Departmanı"",""ru"":""Департаменто де Гойя"",""uk"":""Департамент Гойї"",""pl"":""Departament Goya"",""hi"":""डिपार्टमेंटो डी गोया"",""ar"":""قسم غويا""}",2019-10-06T09:28:16,2025-12-02T16:59:27,1,Q372623
900,Departamento de Graneros,3637,T,11,AR,city,,,-27.75000000,-65.33333000,Departamento de Graneros,13063,America/Argentina/Buenos_Aires,"{""br"":""Departamant ar Greunvaen"",""ko"":""그라네로스"",""pt-BR"":""Departamento de Graneros"",""pt"":""Departamento de Graneros"",""nl"":""Departamento de Graneros"",""hr"":""Odjel Graneros"",""fa"":""بخش گرانروس"",""de"":""Departamento de Graneros"",""es"":""Departamento de Graneros"",""fr"":""Département de Graneros"",""ja"":""グラネロス県"",""it"":""Departamento de Graneros"",""zh-CN"":""格拉内罗斯省"",""tr"":""Graneros Dairesi"",""ru"":""Департамент де Гранерос"",""uk"":""Департамент Гранерос"",""pl"":""Departamento de Graneros"",""hi"":""डेपार्टामेंटो डे ग्रानेरोस"",""ar"":""Departamento de Graneros""}",2019-10-06T09:28:16,2025-12-02T16:59:27,1,Q372700
901,Departamento de Guachipas,3643,A,11,AR,adm2,,,-25.66667000,-65.50000000,Departamento de Guachipas,3491,America/Argentina/Buenos_Aires,"{""br"":""Departamant Gwachipas"",""ko"":""과치파스"",""pt-BR"":""Departamento de Guachipas"",""pt"":""Departamento de Guachipas"",""nl"":""Departamento de Guachipas"",""hr"":""Departamento de Guachipas"",""fa"":""بخش گواچیپاس"",""de"":""Departamento de Guachipas"",""es"":""Departamento de Guachipas"",""fr"":""Département de Guachipas"",""ja"":""グアチパス県"",""it"":""Departamento de Guachipas"",""zh-CN"":""瓜奇帕斯省"",""tr"":""Guachipas Departmanı"",""ru"":""Департамент Гуачипас"",""uk"":""Департамент Гуачіпас"",""pl"":""Departamento de Guachipas"",""hi"":""Departamento de Guachipas"",""ar"":""Departamento de Guachipas""}",2019-10-06T09:28:16,2025-12-02T17:11:50,1,Q1190588
902,Departamento de Gualeguaychú,3654,E,11,AR,city,,,-33.25000000,-59.00000000,Departamento de Gualeguaychú,126147,America/Argentina/Buenos_Aires,"{""br"":""Departamant Gualeguaychú"",""ko"":""구알레과이추"",""pt-BR"":""Departamento de Gualeguaychú"",""pt"":""Departamento de Gualeguaychú"",""nl"":""Departamento de Gualeguaychú"",""hr"":""Departamento de Gualeguaychú"",""fa"":""بخش گوالِگوئایچو"",""de"":""Departamento de Gualeguaychú"",""es"":""Departamento de Gualeguaychú"",""fr"":""Département de Gualeguaychú"",""ja"":""グアレグアイチュ県"",""it"":""Departamento de Gualeguaychú"",""zh-CN"":""瓜莱瓜伊丘省"",""tr"":""Departamento de Gualeguaychú"",""ru"":""Departamento de Gualeguaychú"",""uk"":""Департамент Гуалегуайчу"",""pl"":""Departamento de Gualeguaychú"",""hi"":""Departamento de Gualeguaychú"",""ar"":""Departamento de Gualeguaychú""}",2019-10-06T09:28:16,2025-12-02T17:11:50,1,Q1028486
903,Departamento de Guaraní,3644,N,11,AR,city,,,-27.16667000,-54.16667000,Departamento de Guaraní,77160,America/Argentina/Buenos_Aires,"{""br"":""Departamant ar Gwarant"",""ko"":""과라니"",""pt-BR"":""Departamento de Guaraní"",""pt"":""Departamento de Guaraní"",""nl"":""Departamento de Guaraní"",""hr"":""Departamento de Guaraní"",""fa"":""بخش گوارانی"",""de"":""Departamento de Guaraní"",""es"":""Departamento de Guaraní"",""fr"":""Département de Guaraní"",""ja"":""グアラニ県"",""it"":""Departamento de Guaraní"",""zh-CN"":""瓜拉尼省"",""tr"":""Departmanto de Guaraní"",""ru"":""Департамент Гуарани"",""uk"":""Департамент Гуарані"",""pl"":""Departamento de Guaraní"",""hi"":""Departamento de Guaraní"",""ar"":""Departamento de Guaraní""}",2019-10-06T09:28:16,2025-12-02T16:59:27,1,Q1028486
904,Departamento de Guasayán,3635,G,11,AR,city,,,-28.00000000,-64.83333000,Departamento de Guasayán,9255,America/Argentina/Buenos_Aires,"{""br"":""Departamant Gwasayán"",""ko"":""과사얀"",""pt-BR"":""Departamento de Guasayán"",""pt"":""Departamento de Guasayán"",""nl"":""Departamento de Guasayán"",""hr"":""Departamento de Guasayán"",""fa"":""بخش گواسایان"",""de"":""Departamento de Guasayán"",""es"":""Departamento de Guasayán"",""fr"":""Département de Guasayán"",""ja"":""グアサヤン県"",""it"":""Departamento de Guasayán"",""zh-CN"":""瓜萨扬省"",""tr"":""Departamento de Guasayán"",""ru"":""Departamento de Guasayán"",""uk"":""Департамент Гуасаян"",""pl"":""Departamento de Guasayán"",""hi"":""Departamento de Guasayán"",""ar"":""Departamento de Guasayán""}",2019-10-06T09:28:16,2025-12-02T16:59:27,1,Q587984
905,Departamento de Guaymallén,3646,M,11,AR,city,,,-32.88333000,-68.70000000,Departamento de Guaymallén,321966,America/Argentina/Buenos_Aires,"{""br"":""Departamant Gwaymallén"",""ko"":""과이말렌"",""pt-BR"":""Departamento de Guaymallén"",""pt"":""Departamento de Guaymallén"",""nl"":""Departamento de Guaymallén"",""hr"":""Departamento de Guaymallén"",""fa"":""بخش گوایمالن"",""de"":""Departamento de Guaymallén"",""es"":""Departamento de Guaymallén"",""fr"":""Département de Guaymallén"",""ja"":""グアイマレン県"",""it"":""Departamento de Guaymallén"",""zh-CN"":""瓜伊马伦省"",""tr"":""Departmanto de Guaymallén"",""ru"":""Departamento de Guaymallén"",""uk"":""Департамент Гуаймаллен"",""pl"":""Departamento de Guaymallén"",""hi"":""Departamento de Guaymallén"",""ar"":""Departamento de Guaymallén""}",2019-10-06T09:28:16,2025-12-02T16:59:27,1,Q512660
906,Departamento de Güer Aike,3649,Z,11,AR,city,,,-51.33333000,-70.33333000,Departamento de Güer Aike,137895,America/Argentina/Buenos_Aires,"{""br"":""Departamant Güer Aiki"",""ko"":""구에르 아이케 주청사"",""pt-BR"":""Departamento de Güer Aike"",""pt"":""Departamento de Güer Aike"",""nl"":""Departamento de Güer Aike"",""hr"":""Departamento de Güer Aike"",""fa"":""دپارتمان گور آیکه"",""de"":""Departamento de Güer Aike"",""es"":""Departamento de Güer Aike"",""fr"":""Département de Güer Aike"",""ja"":""Departamento de Güer Aike"",""it"":""Departamento de Güer Aike"",""zh-CN"":""格尔艾克省"",""tr"":""Departamento de Güer Aike"",""ru"":""Departamento de Güer Aike"",""uk"":""Департамент Гуер-Айке"",""pl"":""Departamento de Güer Aike"",""hi"":""Departamento de Güer Aike"",""ar"":""Departamento de Güer Aike""}",2019-10-06T09:28:16,2025-12-02T16:59:27,1,Q512660
907,Departamento de Iglesia,3634,J,11,AR,city,,,-29.33333000,-69.58333000,Departamento de Iglesia,8845,America/Argentina/Buenos_Aires,"{""br"":""Departamant an Iliz"",""ko"":""데파르타멘토 데 이글레시아"",""pt-BR"":""Departamento de Igreja"",""pt"":""Departamento de Igreja"",""nl"":""Departement van Kerk"",""hr"":""Departamento de Iglesia"",""fa"":""دپارتمان ایگلسیا"",""de"":""Departamento de Iglesia"",""es"":""Departamento de Iglesia"",""fr"":""Département d'Église"",""ja"":""教会部"",""it"":""Departamento de Iglesia"",""zh-CN"":""教堂部"",""tr"":""Kilise Dairesi"",""ru"":""Департамент Иглесия"",""uk"":""Департамент церкви"",""pl"":""Departamento de Iglesia"",""hi"":""इग्लेसिया विभाग"",""ar"":""Departamento de Iglesia""}",2019-10-06T09:28:16,2025-12-02T16:59:27,1,Q974455
908,Departamento de Iguazú,3644,N,11,AR,city,,,-25.86667000,-54.36667000,Departamento de Iguazú,100096,America/Argentina/Buenos_Aires,"{""br"":""Departamant Iguazú"",""ko"":""이과수"",""pt-BR"":""Departamento de Iguaçu"",""pt"":""Departamento de Iguaçu"",""nl"":""Departamento de Iguazú"",""hr"":""Departamento de Iguazú"",""fa"":""شهرستان ایگواسو"",""de"":""Departamento de Iguazú"",""es"":""Departamento de Iguazú"",""fr"":""Département d'Iguazú"",""ja"":""イグアス県"",""it"":""Dipartimento di Iguazú"",""zh-CN"":""伊瓜苏省"",""tr"":""Departamento de Iguazú"",""ru"":""Департамент Игуасу"",""uk"":""Департамент Ігуасу"",""pl"":""Departamento de Iguazú"",""hi"":""Departamento de Iguazú"",""ar"":""Departamento de Iguazú""}",2019-10-06T09:28:16,2025-12-02T16:59:27,1,Q974455
909,Departamento de Independencia,3640,H,11,AR,city,,,-26.66667000,-60.66667000,Departamento de Independencia,,America/Argentina/Buenos_Aires,"{""br"":""Departamant an Dizalc'hiezh"",""ko"":""독립부"",""pt-BR"":""Departamento de Independência"",""pt"":""Departamento de Independência"",""nl"":""Departamento de Independencia"",""hr"":""Odjel za neovisnost"",""fa"":""وزارت استقلال"",""de"":""Departamento de Independencia"",""es"":""Departamento de Independencia"",""fr"":""Département de l'Indépendance"",""ja"":""独立省"",""it"":""Departamento de Independencia"",""zh-CN"":""独立省"",""tr"":""Bağımsızlık Dairesi"",""ru"":""Департамент независимости"",""uk"":""Департамент Незалежності"",""pl"":""Departamento de Independencia"",""hi"":""स्वतंत्रता विभाग"",""ar"":""وزارة الاستقلال""}",2019-10-06T09:28:16,2025-12-02T16:59:27,1,Q731983
910,Departamento de Independencia,3653,F,11,AR,city,,,-30.16667000,-67.41667000,Departamento de Independencia,,America/Argentina/Buenos_Aires,"{""br"":""Departamant an Dizalc'hiezh"",""ko"":""독립부"",""pt-BR"":""Departamento de Independência"",""pt"":""Departamento de Independência"",""nl"":""Departamento de Independencia"",""hr"":""Odjel za neovisnost"",""fa"":""وزارت استقلال"",""de"":""Departamento de Independencia"",""es"":""Departamento de Independencia"",""fr"":""Département de l'Indépendance"",""ja"":""独立省"",""it"":""Departamento de Independencia"",""zh-CN"":""独立省"",""tr"":""Bağımsızlık Dairesi"",""ru"":""Департамент независимости"",""uk"":""Департамент Незалежності"",""pl"":""Departamento de Independencia"",""hi"":""स्वतंत्रता विभाग"",""ar"":""وزارة الاستقلال""}",2019-10-06T09:28:16,2025-12-02T16:59:27,1,Q731983
911,Departamento de Iruya,3643,A,11,AR,city,,,-22.80000000,-64.91667000,Departamento de Iruya,6118,America/Argentina/Buenos_Aires,"{""br"":""Departamant Iruya"",""ko"":""이루야"",""pt-BR"":""Departamento de Iruya"",""pt"":""Departamento de Iruya"",""nl"":""Departamento de Iruya"",""hr"":""Departamento de Iruya"",""fa"":""بخش ایروییا"",""de"":""Departamento de Iruya"",""es"":""Departamento de Iruya"",""fr"":""Département d'Iruya"",""ja"":""イルヤ県"",""it"":""Departamento de Iruya"",""zh-CN"":""伊鲁亚省"",""tr"":""Departmanto de Iruya"",""ru"":""Департамент Ируйя"",""uk"":""Департамент Іруя"",""pl"":""Departamento de Iruya"",""hi"":""Departamento de Iruya"",""ar"":""Departamento de Iruya""}",2019-10-06T09:28:16,2025-12-02T16:59:27,1,Q1190632
912,Departamento de Itatí,3638,W,11,AR,city,,,-27.33333000,-58.00000000,Departamento de Itatí,12010,America/Argentina/Buenos_Aires,"{""br"":""Departamant Italia"",""ko"":""이타티"",""pt-BR"":""Departamento de Itatí"",""pt"":""Departamento de Itatí"",""nl"":""Departamento de Itatí"",""hr"":""Departamento de Itatí"",""fa"":""اداره امور اداری"",""de"":""Departamento de Itatí"",""es"":""Departamento de Itatí"",""fr"":""Département d'Itatí"",""ja"":""イタティ県"",""it"":""Departamento de Itatí"",""zh-CN"":""伊塔蒂省"",""tr"":""Itatí Departmanı"",""ru"":""Departamento de Itatí"",""uk"":""Департамент Ітаті"",""pl"":""Departamento de Itatí"",""hi"":""Departamento de Itatí"",""ar"":""Departamento de Itatí""}",2019-10-06T09:28:16,2025-12-02T16:59:27,1,Q774170
913,Departamento de Ituzaingó,3638,W,11,AR,city,,,-27.90085000,-56.86604000,Departamento de Ituzaingó,38837,America/Argentina/Buenos_Aires,"{""br"":""Departamant an Ituzaingó"",""ko"":""이투자인고"",""pt-BR"":""Departamento de Ituzaingó"",""pt"":""Departamento de Ituzaingó"",""nl"":""Departamento de Ituzaingó"",""hr"":""Odjel Ituzaingó"",""fa"":""بخش ایتوزاینگو"",""de"":""Departamento de Ituzaingó"",""es"":""Departamento de Ituzaingó"",""fr"":""Département d'Ituzaingó"",""ja"":""イトゥザインゴ県"",""it"":""Departamento de Ituzaingó"",""zh-CN"":""伊图萨因戈省"",""tr"":""Ituzaingó Departmanı"",""ru"":""Departamento de Ituzaingó"",""uk"":""Департамент Ітузаїнго"",""pl"":""Departamento de Ituzaingó"",""hi"":""Departamento de Ituzaingó"",""ar"":""Departamento de Ituzaingó""}",2019-10-06T09:28:16,2025-12-02T16:59:27,1,Q511702
914,Departamento de Juárez Celman,3642,X,11,AR,city,,,-33.33333000,-63.66667000,Departamento de Juárez Celman,68631,America/Argentina/Buenos_Aires,"{""br"":""Departamant Juárez Celman"",""ko"":""데파르타멘토 데 후아레스 셀만"",""pt-BR"":""Departamento de Juárez Celman"",""pt"":""Departamento de Juárez Celman"",""nl"":""Departamento de Juarez Celman"",""hr"":""Departamento de Juárez Celman"",""fa"":""بخش خوارز سلمان"",""de"":""Departamento de Juárez Celman"",""es"":""Departamento de Juárez Celman"",""fr"":""Département de Juárez Celman"",""ja"":""フアレス セルマン部門"",""it"":""Dipartimento di Juárez Celman"",""zh-CN"":""华雷斯·塞尔曼省"",""tr"":""Juárez Celman Departmanı"",""ru"":""Департамент Хуареса Сельмана"",""uk"":""Департамент Хуарес Сельман"",""pl"":""Departamento de Juárez Celman"",""hi"":""डिपार्टमेंट डे जुआरेज़ सेलमैन"",""ar"":""قسم خواريز سيلمان""}",2019-10-06T09:28:16,2025-12-02T16:59:27,1,Q511702
915,Departamento de Jáchal,3634,J,11,AR,city,,,-30.50000000,-68.50000000,Departamento de Jáchal,25297,America/Argentina/Buenos_Aires,"{""br"":""Departamant Jáchal"",""ko"":""자찰"",""pt-BR"":""Departamento de Jáchal"",""pt"":""Departamento de Jáchal"",""nl"":""Departamento de Jáchal"",""hr"":""Departamento de Jáchal"",""fa"":""بخش یاچال"",""de"":""Departamento de Jáchal"",""es"":""Departamento de Jáchal"",""fr"":""Département de Jáchal"",""ja"":""Departamento de Jáchal"",""it"":""Departamento de Jáchal"",""zh-CN"":""哈查尔省"",""tr"":""Departmanto de Jáchal"",""ru"":""Департамент Хачал"",""uk"":""Департамент Хачал"",""pl"":""Departamento de Jáchal"",""hi"":""Departamento de Jáchal"",""ar"":""Departamento de Jáchal""}",2019-10-06T09:28:16,2025-12-02T16:59:27,1,Q1190671
916,Departamento de La Capital,3641,S,11,AR,city,,,-31.50000000,-60.66667000,Departamento de La Capital,186947,America/Argentina/Buenos_Aires,"{""br"":""Departamant ar C'hêr-benn"",""ko"":""수도청"",""pt-BR"":""Departamento de La Capital"",""pt"":""Departamento de La Capital"",""nl"":""Departamento de La Capital"",""hr"":""Departamento de La Capital"",""fa"":""اداره سرمایه"",""de"":""Departamento de La Capital"",""es"":""Departamento de La Capital"",""fr"":""Département de La Capital"",""ja"":""首都部"",""it"":""Departamento de La Capital"",""zh-CN"":""首都省"",""tr"":""Başkent Departmanı"",""ru"":""Департамент де Ла Капитал"",""uk"":""Департамент столиці"",""pl"":""Departamento de La Capital"",""hi"":""डेपार्टामेंटो डे ला कैपिटल"",""ar"":""إدارة العاصمة""}",2019-10-06T09:28:16,2025-12-02T17:11:50,1,Q858183
917,Departamento de La Cocha,3637,T,11,AR,adm2,,,-27.77784000,-65.57109000,Departamento de La Cocha,17683,America/Argentina/Buenos_Aires,"{""br"":""Departamant ar C'hoc'hu"",""ko"":""라 코차"",""pt-BR"":""Departamento de La Cocha"",""pt"":""Departamento de La Cocha"",""nl"":""Departamento de La Cocha"",""hr"":""Odjel La Cocha"",""fa"":""دپارتمان لا کوچا"",""de"":""Departamento de La Cocha"",""es"":""Departamento de La Cocha"",""fr"":""Département de La Cocha"",""ja"":""ラ・コチャ県"",""it"":""Departamento de La Cocha"",""zh-CN"":""拉科查省"",""tr"":""Departman de La Cocha"",""ru"":""Департамент Ла-Коча"",""uk"":""Департамент Ла Коча"",""pl"":""Departamento de La Cocha"",""hi"":""डेपार्टामेंटो डे ला कोचा"",""ar"":""Departamento de La Cocha""}",2019-10-06T09:28:16,2025-12-02T17:11:50,1,Q858183
918,Departamento de La Paz,3647,K,11,AR,city,,,-29.25000000,-65.25000000,Departamento de La Paz,26370,America/Argentina/Buenos_Aires,"{""br"":""Departamant ar Paz"",""ko"":""라파스"",""pt-BR"":""Departamento de La Paz"",""pt"":""Departamento de La Paz"",""nl"":""Departamento de La Paz"",""hr"":""Departamento de La Paz"",""fa"":""بخش لاپاز"",""de"":""Departamento de La Paz"",""es"":""Departamento de La Paz"",""fr"":""Département de La Paz"",""ja"":""ラパス県"",""it"":""Dipartimento di La Paz"",""zh-CN"":""拉巴斯省"",""tr"":""Departman de La Paz"",""ru"":""Департамент Ла-Пас"",""uk"":""Департамент Ла-Пас"",""pl"":""Departamento de La Paz"",""hi"":""डेपार्टामेंटो डे ला पाज़"",""ar"":""مقاطعة لاباز""}",2019-10-06T09:28:16,2025-12-02T16:59:27,1,Q1127089
919,Departamento de La Paz,3646,M,11,AR,city,,,-33.66667000,-67.25000000,Departamento de La Paz,26370,America/Argentina/Buenos_Aires,"{""br"":""Departamant ar Paz"",""ko"":""라파스"",""pt-BR"":""Departamento de La Paz"",""pt"":""Departamento de La Paz"",""nl"":""Departamento de La Paz"",""hr"":""Departamento de La Paz"",""fa"":""بخش لاپاز"",""de"":""Departamento de La Paz"",""es"":""Departamento de La Paz"",""fr"":""Département de La Paz"",""ja"":""ラパス県"",""it"":""Departamento de La Paz"",""zh-CN"":""拉巴斯省"",""tr"":""Departman de La Paz"",""ru"":""Департамент Ла-Пас"",""uk"":""Департамент Ла-Пас"",""pl"":""Departamento de La Paz"",""hi"":""डेपार्टामेंटो डे ला पाज़"",""ar"":""مقاطعة لاباز""}",2019-10-06T09:28:16,2025-12-02T16:59:27,1,Q584369
920,Departamento de La Poma,3643,A,11,AR,city,,,-24.16667000,-66.16667000,Departamento de La Poma,1789,America/Argentina/Buenos_Aires,"{""br"":""Departamant ar Poma"",""ko"":""라 포마"",""pt-BR"":""Departamento de La Poma"",""pt"":""Departamento de La Poma"",""nl"":""Departamento de La Poma"",""hr"":""Departamento de La Poma"",""fa"":""بخش لا پوما"",""de"":""Departamento de La Poma"",""es"":""Departamento de La Poma"",""fr"":""Département de La Poma"",""ja"":""ラ・ポマ県"",""it"":""Departamento de La Poma"",""zh-CN"":""拉波马省"",""tr"":""Departman de La Poma"",""ru"":""Департамент Ла Пома"",""uk"":""Департамент Ла-Пома"",""pl"":""Departamento de La Poma"",""hi"":""डेपार्टामेंटो डे ला पोमा"",""ar"":""Departamento de La Poma""}",2019-10-06T09:28:16,2025-12-02T16:59:27,1,Q584369
921,Departamento de La Viña,3643,A,11,AR,city,,,-25.50000000,-65.66667000,Departamento de La Viña,8900,America/Argentina/Buenos_Aires,"{""br"":""Departamant ar Gwenn"",""ko"":""라비냐"",""pt-BR"":""Departamento de La Viña"",""pt"":""Departamento de La Viña"",""nl"":""Departamento de La Viña"",""hr"":""Departamento de La Viña"",""fa"":""دپارتمان لاوینا"",""de"":""Departamento de La Viña"",""es"":""Departamento de La Viña"",""fr"":""Département de La Viña"",""ja"":""ラ・ビニャ県"",""it"":""Departamento de La Viña"",""zh-CN"":""拉维尼亚省"",""tr"":""Departmanto de La Viña"",""ru"":""Департамент Ла Винья"",""uk"":""Департамент Ла-Вінья"",""pl"":""Departamento de La Viña"",""hi"":""Departamento de La Viña"",""ar"":""Departamento de La Viña""}",2019-10-06T09:28:16,2025-12-02T16:59:27,1,Q584369
922,Departamento de Lago Argentino,3649,Z,11,AR,city,,,-49.75000000,-72.00000000,Departamento de Lago Argentino,25586,America/Argentina/Buenos_Aires,"{""br"":""Departamant al Lago Arc'hantina"",""ko"":""데파르타멘토 데 라고 아르헨티노"",""pt-BR"":""Departamento do Lago Argentino"",""pt"":""Departamento do Lago Argentino"",""nl"":""Departamento de Lago Argentino"",""hr"":""Departamento de Lago Argentino"",""fa"":""Departamento de Lago Argentino"",""de"":""Departamento de Lago Argentino"",""es"":""Departamento en Lago Argentino"",""fr"":""Département du Lac Argentino"",""ja"":""アルヘンティーノ湖県"",""it"":""Dipartimento del Lago Argentino"",""zh-CN"":""阿根廷湖区"",""tr"":""Lago Argentino Departamento"",""ru"":""Департамент Лаго Аргентино"",""uk"":""Департамент Лаго Аргентино"",""pl"":""Departament Lago Argentino"",""hi"":""डिपार्टमेंटो डे लागो अर्जेंटीनो"",""ar"":""قسم البحيرة الأرجنتينية""}",2019-10-06T09:28:16,2025-12-02T16:59:27,1,Q1190713
923,Departamento de Languiñeo,3651,U,11,AR,city,,,-43.33333000,-70.66667000,Departamento de Languiñeo,2884,America/Argentina/Buenos_Aires,"{""br"":""Departamant ar yezh"",""ko"":""랑기네오"",""pt-BR"":""Departamento de Languiñeo"",""pt"":""Departamento de Languiñeo"",""nl"":""Departamento de Languiñeo"",""hr"":""Departamento de Languiñeo"",""fa"":""اداره زبان‌شناسی"",""de"":""Departamento de Languiñeo"",""es"":""Departamento de Languiñeo"",""fr"":""Département de Languiñeo"",""ja"":""ランギニェオ"",""it"":""Departamento de Languiñeo"",""zh-CN"":""语言部"",""tr"":""Departamento de Languiñeo"",""ru"":""Departamento de Languiñeo"",""uk"":""Департамент Лангуїньєо"",""pl"":""Departamento de Languiñeo"",""hi"":""Departamento de Languiñeo"",""ar"":""Departamento de Languiñeo""}",2019-10-06T09:28:16,2025-12-02T16:59:27,1,Q372333
924,Departamento de Las Heras,3646,M,11,AR,city,,,-32.50000000,-69.50000000,Departamento de Las Heras,234401,America/Argentina/Buenos_Aires,"{""br"":""Departamant Las Heras"",""ko"":""라스 에라스"",""pt-BR"":""Departamento de Las Heras"",""pt"":""Departamento de Las Heras"",""nl"":""Departamento de Las Heras"",""hr"":""Odjel Las Heras"",""fa"":""بخش لاس هراس"",""de"":""Departamento de Las Heras"",""es"":""Departamento de Las Heras"",""fr"":""Département de Las Heras"",""ja"":""ラス・ヘラス県"",""it"":""Departamento de Las Heras"",""zh-CN"":""拉斯埃拉斯省"",""tr"":""Las Heras Dairesi"",""ru"":""Департамент Лас-Эрас"",""uk"":""Департамент Лас-Герас"",""pl"":""Departamento de Las Heras"",""hi"":""डिपार्टमेंटो डे लास हेरास"",""ar"":""Departamento de Las Heras""}",2019-10-06T09:28:16,2025-12-02T16:59:27,1,Q1190729
925,Departamento de Lavalle,3638,W,11,AR,city,,,-29.00000000,-58.91667000,Departamento de Lavalle,40448,America/Argentina/Buenos_Aires,"{""br"":""Departamant al Laval"",""ko"":""라발레"",""pt-BR"":""Departamento de Lavalle"",""pt"":""Departamento de Lavalle"",""nl"":""Departement van Lavalle"",""hr"":""Departamento de Lavalle"",""fa"":""بخش لاوال"",""de"":""Departamento de Lavalle"",""es"":""Departamento de Lavalle"",""fr"":""Département de Lavalle"",""ja"":""ラヴァッレ県"",""it"":""Departamento de Lavalle"",""zh-CN"":""拉瓦列省"",""tr"":""Lavalle Dairesi"",""ru"":""Департамент Лавалье"",""uk"":""Департамент Лаваль"",""pl"":""Departamento de Lavalle"",""hi"":""डेपार्टामेंटो डे लावेल"",""ar"":""مقاطعة لافال""}",2019-10-06T09:28:16,2025-12-02T17:11:50,1,Q764565
926,Departamento de Lavalle,3646,M,11,AR,city,,,-32.50000000,-68.00000000,Departamento de Lavalle,40448,America/Argentina/Buenos_Aires,"{""br"":""Departamant al Laval"",""ko"":""라발레"",""pt-BR"":""Departamento de Lavalle"",""pt"":""Departamento de Lavalle"",""nl"":""Departement van Lavalle"",""hr"":""Departamento de Lavalle"",""fa"":""بخش لاوال"",""de"":""Departamento de Lavalle"",""es"":""Departamento de Lavalle"",""fr"":""Département de Lavalle"",""ja"":""ラヴァッレ県"",""it"":""Departamento de Lavalle"",""zh-CN"":""拉瓦列省"",""tr"":""Lavalle Dairesi"",""ru"":""Департамент Лавалье"",""uk"":""Департамент Лаваль"",""pl"":""Departamento de Lavalle"",""hi"":""डेपार्टामेंटो डे लावेल"",""ar"":""مقاطعة لافال""}",2019-10-06T09:28:16,2025-12-02T16:59:27,1,Q426743
927,Departamento de Leandro N. Alem,3644,N,11,AR,adm2,,,-27.56667000,-55.33333000,Departamento de Leandro N. Alem,49797,America/Argentina/Buenos_Aires,"{""br"":""Departamant Leandro N. Alem"",""ko"":""데파르타멘토 드 레안드로 N. 알렘"",""pt-BR"":""Departamento de Leandro N. Alem"",""pt"":""Departamento de Leandro N. Alem"",""nl"":""Departamento de Leandro N. Alem"",""hr"":""Departamento de Leandro N. Alem"",""fa"":""Departamento de Leandro N. Alem"",""de"":""Departamento de Leandro N. Alem"",""es"":""Departamento de Leandro N. Alem"",""fr"":""Département de Leandro N. Alem"",""ja"":""レアンドロ N. アレム部門"",""it"":""Dipartimento di Leandro N. Alem"",""zh-CN"":""莱安德罗·N·阿莱姆省"",""tr"":""Leandro N. Alem Departmanı"",""ru"":""Департамент Леандро Н. Алема"",""uk"":""Departamento de Leandro N. Alem"",""pl"":""Departamento de Leandro N. Alem"",""hi"":""लिएंड्रो एन एलेम का विभाग"",""ar"":""Departamento de Leandro N. Alem""}",2019-10-06T09:28:16,2025-12-02T17:11:50,1,Q426743
928,Departamento de Libertad,3640,H,11,AR,city,,,-27.33333000,-59.33333000,Departamento de Libertad,13807,America/Argentina/Buenos_Aires,"{""br"":""Departamant ar Frankiz"",""ko"":""자유부"",""pt-BR"":""Departamento de Liberdade"",""pt"":""Departamento de Liberdade"",""nl"":""Departamento de Libertad"",""hr"":""Departamento de Libertad"",""fa"":""وزارت آزادی‌ها"",""de"":""Departamento de Libertad"",""es"":""Departamento de Libertad"",""fr"":""Département de Libertad"",""ja"":""自由"",""it"":""Departamento de Libertad"",""zh-CN"":""自由省"",""tr"":""Özgürlük Dairesi"",""ru"":""Департамент Либертад"",""uk"":""Департамент свободи"",""pl"":""Departamento de Libertad"",""hi"":""डिपार्टामेंटो डे लिबर्टाड"",""ar"":""وزارة الحرية""}",2019-10-06T09:28:16,2025-12-02T16:59:27,1,Q279489
929,Departamento de Libertador General San Martín,3644,N,11,AR,city,,,-26.91667000,-54.91667000,Departamento de Libertador General San Martín,4691,America/Argentina/Buenos_Aires,"{""br"":""Departamant ar Frankiz Meur San Martín"",""ko"":""Departamento de Libertador General San Martín"",""pt-BR"":""Departamento de Libertador General San Martín"",""pt"":""Departamento de Libertador General San Martín"",""nl"":""Departamento de Libertador General San Martín"",""hr"":""Departamento de Libertador General San Martín"",""fa"":""Departamento de Libertador General San Martín"",""de"":""Departamento de Libertador General San Martín"",""es"":""Departamento de Libertador General San Martín"",""fr"":""Département de Libertador General San Martín"",""ja"":""サン マルティン将軍リベルタメント局"",""it"":""Dipartimento del Libertador General San Martín"",""zh-CN"":""圣马丁解放将军部"",""tr"":""Libertador Departamento General San Martín"",""ru"":""Департамент генерала свободы Сан-Мартина"",""uk"":""Departamento de Libertador General San Martin"",""pl"":""Departamento de Libertador General San Martín"",""hi"":""डिपार्टमेंट ऑफ लिबर्टाडोर जनरल सैन मार्टिन"",""ar"":""إدارة ليبرتادور العامة سان مارتن""}",2019-10-06T09:28:16,2025-12-02T17:11:50,1,Q279489
930,Departamento de Loreto,3635,G,11,AR,city,,,-28.55000000,-64.33333000,Departamento de Loreto,24060,America/Argentina/Buenos_Aires,"{""br"":""Departamant Loreto"",""ko"":""로레토"",""pt-BR"":""Departamento de Loreto"",""pt"":""Departamento de Loreto"",""nl"":""Departamento de Loreto"",""hr"":""Odjel Loreto"",""fa"":""بخش لورتو"",""de"":""Departamento de Loreto"",""es"":""Departamento de Loreto"",""fr"":""Département de Loreto"",""ja"":""ロレト県"",""it"":""Departamento de Loreto"",""zh-CN"":""洛雷托省"",""tr"":""Loreto Dairesi"",""ru"":""Департамент Лорето"",""uk"":""Департамент Лорето"",""pl"":""Departamento de Loreto"",""hi"":""डिपार्टमेंटो डी लोरेटो"",""ar"":""قسم لوريتو""}",2019-10-06T09:28:16,2025-12-02T16:59:27,1,Q279489
931,Departamento de Los Andes,3643,A,11,AR,city,,,-24.50000000,-67.33333000,Departamento de Los Andes,7182,America/Argentina/Buenos_Aires,"{""br"":""Departamant Los Andoù"",""ko"":""로스 안데스"",""pt-BR"":""Departamento de Los Andes"",""pt"":""Departamento de Los Andes"",""nl"":""Departement van Los Andes"",""hr"":""Departamento de Los Andes"",""fa"":""دپارتمان لوس آند"",""de"":""Departamento de Los Andes"",""es"":""Departamento de Los Andes"",""fr"":""Département des Andes"",""ja"":""ロスアンデス"",""it"":""Departamento de Los Andes"",""zh-CN"":""安第斯省"",""tr"":""Los Andes Departmanı"",""ru"":""Департамент Лос-Андес"",""uk"":""Департамент Лос-Андес"",""pl"":""Departamento de Los Andes"",""hi"":""Departamento de Los Andes"",""ar"":""Departamento de Los Andes""}",2019-10-06T09:28:16,2025-12-02T16:59:27,1,Q514500
932,Departamento de Luján,3646,M,11,AR,city,,,-33.00000000,-69.33333000,Departamento de Luján,,America/Argentina/Buenos_Aires,"{""br"":""Departamant al Lujan"",""ko"":""루한"",""pt-BR"":""Departamento de Luján"",""pt"":""Departamento de Luján"",""nl"":""Departamento de Luján"",""hr"":""Departamento de Luján"",""fa"":""بخش لوخان"",""de"":""Departamento de Luján"",""es"":""Departamento de Luján"",""fr"":""Département de Luján"",""ja"":""ルハン県"",""it"":""Departamento de Luján"",""zh-CN"":""卢汉省"",""tr"":""Departamento de Luján"",""ru"":""Департамент Лухан"",""uk"":""Департамент Лухан"",""pl"":""Departamento de Luján"",""hi"":""Departamento de Luján"",""ar"":""Departamento de Luján""}",2019-10-06T09:28:16,2025-12-02T16:59:27,1,Q972194
933,Departamento de Lules,3637,T,11,AR,adm2,,,-26.92886000,-65.33848000,Departamento de Lules,0,America/Argentina/Tucuman,"{""br"":""Departamant ar Gwenn"",""ko"":""룰레스"",""pt-BR"":""Departamento de Lules"",""pt"":""Departamento de Lules"",""nl"":""Departamento de Lules"",""hr"":""Departamento de Lules"",""fa"":""بخش لولس"",""de"":""Departamento de Lules"",""es"":""Departamento de Lules"",""fr"":""Département de Lules"",""ja"":""ルレス県"",""it"":""Departamento de Lules"",""zh-CN"":""吕勒斯省"",""tr"":""Lules Departmanı"",""ru"":""Департамент Лулеса"",""uk"":""Департамент Лулес"",""pl"":""Departamento de Lules"",""hi"":""डिपार्टमेंटो डे लुलेस"",""ar"":""مقاطعة لوليس""}",2019-10-06T09:28:16,2025-12-02T14:39:55,1,Q597806
934,Departamento de Lácar,3648,Q,11,AR,city,,,-40.25000000,-71.20000000,Departamento de Lácar,39596,America/Argentina/Buenos_Aires,"{""br"":""Departamant al Lec'har"",""ko"":""라카르"",""pt-BR"":""Departamento de Lácar"",""pt"":""Departamento de Lácar"",""nl"":""Departamento de Lácar"",""hr"":""Odjel Lácar"",""fa"":""دپارتمان لاکار"",""de"":""Departamento de Lácar"",""es"":""Departamento de Lácar"",""fr"":""Département de Lácar"",""ja"":""ラカル県"",""it"":""Departamento de Lácar"",""zh-CN"":""拉卡尔省"",""tr"":""Departmanto de Lácar"",""ru"":""Департамент Лакар"",""uk"":""Департамент Лакар"",""pl"":""Departamento de Lácar"",""hi"":""Departamento de Lácar"",""ar"":""Departamento de Lácar""}",2019-10-06T09:28:16,2025-12-02T16:59:27,1,Q546774
935,Departamento de Magallanes,3649,Z,11,AR,city,,,-48.75000000,-68.50000000,Departamento de Magallanes,12911,America/Argentina/Buenos_Aires,"{""br"":""Departamant ar Magallanes"",""ko"":""마가야네스"",""pt-BR"":""Departamento de Magalhães"",""pt"":""Departamento de Magalhães"",""nl"":""Departamento de Magallanes"",""hr"":""Departamento de Magallanes"",""fa"":""شهرستان ماگالان"",""de"":""Departamento de Magallanes"",""es"":""Departamento de Magallanes"",""fr"":""Département de Magallanes"",""ja"":""マガリャネス県"",""it"":""Dipartimento di Magellano"",""zh-CN"":""麦哲伦省"",""tr"":""Magallanes Departmanı"",""ru"":""Департамент Магальянес"",""uk"":""Департамент Магальянес"",""pl"":""Departamento de Magallanes"",""hi"":""डिपार्टामेंटो डे मैगलैनेस"",""ar"":""Departamento de Magallanes""}",2019-10-06T09:28:16,2025-12-02T16:59:27,1,Q1190783
936,Departamento de Maipú,3646,M,11,AR,adm2,,,-33.00000000,-68.58333000,Departamento de Maipú,219402,America/Argentina/Buenos_Aires,"{""br"":""Departamant Maipú"",""ko"":""마이푸"",""pt-BR"":""Departamento de Maipú"",""pt"":""Departamento de Maipú"",""nl"":""Departamento de Maipú"",""hr"":""Departamento de Maipú"",""fa"":""بخش مایپو"",""de"":""Departamento de Maipú"",""es"":""Departamento de Maipú"",""fr"":""Département de Maipú"",""ja"":""マイプ県"",""it"":""Departamento de Maipú"",""zh-CN"":""迈普省"",""tr"":""Departamento de Maipú"",""ru"":""Departamento de Maipú"",""uk"":""Департамент Майпу"",""pl"":""Departamento de Maipú"",""hi"":""डिपार्टामेंटो डे माइपु"",""ar"":""Departamento de Maipú""}",2019-10-06T09:28:16,2025-12-02T17:11:50,1,Q588032
937,Departamento de Maipú,3640,H,11,AR,city,,,-26.33333000,-60.41667000,Departamento de Maipú,219402,America/Argentina/Buenos_Aires,"{""br"":""Departamant Maipú"",""ko"":""마이푸"",""pt-BR"":""Departamento de Maipú"",""pt"":""Departamento de Maipú"",""nl"":""Departamento de Maipú"",""hr"":""Departamento de Maipú"",""fa"":""بخش مایپو"",""de"":""Departamento de Maipú"",""es"":""Departamento de Maipú"",""fr"":""Département de Maipú"",""ja"":""マイプ県"",""it"":""Departamento de Maipú"",""zh-CN"":""迈普省"",""tr"":""Departamento de Maipú"",""ru"":""Departamento de Maipú"",""uk"":""Департамент Майпу"",""pl"":""Departamento de Maipú"",""hi"":""डिपार्टामेंटो डे माइपु"",""ar"":""Departamento de Maipú""}",2019-10-06T09:28:16,2025-12-02T16:59:27,1,Q588032
938,Departamento de Malargüe,3646,M,11,AR,city,,,-36.25000000,-69.25000000,Departamento de Malargüe,32717,America/Argentina/Buenos_Aires,"{""br"":""Departamant ar Malarg"",""ko"":""말라르게"",""pt-BR"":""Departamento de Malargüe"",""pt"":""Departamento de Malargüe"",""nl"":""Departamento de Malargüe"",""hr"":""Departamento de Malargüe"",""fa"":""بخش مالاروگه"",""de"":""Departamento de Malargüe"",""es"":""Departamento de Malargüe"",""fr"":""Département de Malargüe"",""ja"":""マラルグエ県"",""it"":""Departamento de Malargüe"",""zh-CN"":""马拉圭省"",""tr"":""Departamento de Malargüe"",""ru"":""Departamento de Malargüe"",""uk"":""Департамент Маларге"",""pl"":""Departamento de Malargüe"",""hi"":""Departamento de Malargüe"",""ar"":""Departamento de Malargüe""}",2019-10-06T09:28:16,2025-12-02T16:59:27,1,Q588032
939,Departamento de Marcos Juárez,3642,X,11,AR,city,,,-33.00000000,-62.25000000,Departamento de Marcos Juárez,107764,America/Argentina/Buenos_Aires,"{""br"":""Departamant Marcos Juárez"",""ko"":""데파르타멘토 데 마르코스 후아레스"",""pt-BR"":""Departamento de Marcos Juárez"",""pt"":""Departamento de Marcos Juárez"",""nl"":""Departamento de Marcos Juarez"",""hr"":""Departamento de Marcos Juárez"",""fa"":""دپارتامنتوی مارکوس خوارز"",""de"":""Departamento de Marcos Juárez"",""es"":""Departamento de Marcos Juárez"",""fr"":""Département de Marcos Juárez"",""ja"":""マルコス・フアレス部門"",""it"":""Dipartimento di Marcos Juárez"",""zh-CN"":""马科斯华雷斯省"",""tr"":""Marcos Juárez Departmanı"",""ru"":""Департамент Маркоса Хуареса"",""uk"":""Департамент Маркос Хуарес"",""pl"":""Departamento de Marcos Juárez"",""hi"":""डिपार्टमेंट डे मार्कोस जुआरेज़"",""ar"":""قسم ماركوس خواريز""}",2019-10-06T09:28:16,2025-12-02T16:59:27,1,Q784895
940,Departamento de Mburucuyá,3638,W,11,AR,adm2,,,-28.00000000,-58.25000000,Departamento de Mburucuyá,11568,America/Argentina/Buenos_Aires,"{""br"":""Departamant Mburucuyá"",""ko"":""Mburucuyá"",""pt-BR"":""Departamento de Mburucuyá"",""pt"":""Departamento de Mburucuyá"",""nl"":""Departamento de Mburucuyá"",""hr"":""Departamento de Mburucuyá"",""fa"":""بخش امبوروکویا"",""de"":""Departamento de Mburucuyá"",""es"":""Departamento de Mburucuyá"",""fr"":""Département de Mburucuyá"",""ja"":""Departamento de Mburucuyá"",""it"":""Departamento de Mburucuyá"",""zh-CN"":""姆布鲁库亚省"",""tr"":""Departamento de Mburucuyá"",""ru"":""Departamento de Mburucuyá"",""uk"":""Департамент Мбурукуя"",""pl"":""Departamento de Mburucuyá"",""hi"":""Departamento de Mburucuyá"",""ar"":""Departamento de Mburucuyá""}",2019-10-06T09:28:16,2025-12-02T17:11:50,1,Q921040
941,Departamento de Mercedes,3638,W,11,AR,city,,,-29.00000000,-57.83333000,Departamento de Mercedes,49882,America/Argentina/Buenos_Aires,"{""br"":""Departamant Mercedes"",""ko"":""메르세데스 사무소"",""pt-BR"":""Departamento de Mercedes"",""pt"":""Departamento de Mercedes"",""nl"":""Departamento de Mercedes"",""hr"":""Odjel Mercedes"",""fa"":""دپارتمان مرسدس"",""de"":""Departamento de Mercedes"",""es"":""Departamento de Mercedes"",""fr"":""Département de Mercedes"",""ja"":""メルセデス部門"",""it"":""Departamento de Mercedes"",""zh-CN"":""梅赛德斯省"",""tr"":""Mercedes Departmanı"",""ru"":""Departamento de Mercedes"",""uk"":""Департамент Мерседес"",""pl"":""Departamento de Mercedes"",""hi"":""मर्सिडीज विभाग"",""ar"":""Departamento de Mercedes""}",2019-10-06T09:28:16,2025-12-02T16:59:27,1,Q1088713
942,Departamento de Metán,3643,A,11,AR,city,,,-25.50000000,-64.66667000,Departamento de Metán,48245,America/Argentina/Buenos_Aires,"{""br"":""Departamant ar Metan"",""ko"":""메탄"",""pt-BR"":""Departamento de Metán"",""pt"":""Departamento de Metán"",""nl"":""Departamento de Metán"",""hr"":""Departamento de Metán"",""fa"":""بخش متان"",""de"":""Departamento de Metán"",""es"":""Departamento de Metán"",""fr"":""Département de Metán"",""ja"":""メタン県"",""it"":""Departamento de Metán"",""zh-CN"":""梅坦省"",""tr"":""Departmanto de Metán"",""ru"":""Departamento de Metán"",""uk"":""Департамент Метан"",""pl"":""Departamento de Metán"",""hi"":""Departamento de Metán"",""ar"":""Departamento de Metán""}",2019-10-06T09:28:16,2025-12-02T17:11:50,1,Q1190811
943,Departamento de Minas,3642,X,11,AR,city,,,-31.00000000,-65.33333000,Departamento de Minas,4870,America/Argentina/Buenos_Aires,"{""br"":""Departamant ar Minas"",""ko"":""미나스"",""pt-BR"":""Departamento de Minas"",""pt"":""Departamento de Minas"",""nl"":""Departamento de Minas"",""hr"":""Departamento de Minas"",""fa"":""بخش میناس"",""de"":""Departamento de Minas"",""es"":""Departamento de Minas"",""fr"":""Département de Minas"",""ja"":""ミナス県"",""it"":""Departamento de Minas"",""zh-CN"":""米纳斯省"",""tr"":""Minas Departmanı"",""ru"":""Департамент Минас"",""uk"":""Департамент Мінас"",""pl"":""Departamento de Minas"",""hi"":""डिपार्टामेंटो डी मिनास"",""ar"":""وزارة المناجم""}",2019-10-06T09:28:16,2025-12-02T16:59:27,1,Q591241
944,Departamento de Minas,3648,Q,11,AR,city,,,-36.83333000,-70.83333000,Departamento de Minas,4870,America/Argentina/Buenos_Aires,"{""br"":""Departamant ar Minas"",""ko"":""미나스"",""pt-BR"":""Departamento de Minas"",""pt"":""Departamento de Minas"",""nl"":""Departamento de Minas"",""hr"":""Departamento de Minas"",""fa"":""بخش میناس"",""de"":""Departamento de Minas"",""es"":""Departamento de Minas"",""fr"":""Département de Minas"",""ja"":""ミナス県"",""it"":""Departamento de Minas"",""zh-CN"":""米纳斯省"",""tr"":""Minas Departmanı"",""ru"":""Департамент Минас"",""uk"":""Департамент Мінас"",""pl"":""Departamento de Minas"",""hi"":""डिपार्टामेंटो डी मिनास"",""ar"":""وزارة المناجم""}",2019-10-06T09:28:16,2025-12-02T16:59:27,1,Q591241
945,Departamento de Monte Caseros,3638,W,11,AR,city,,,-30.25000000,-57.83333000,Departamento de Monte Caseros,45670,America/Argentina/Buenos_Aires,"{""br"":""Departamant ar Menez Kaseros"",""ko"":""몬테 카세로스"",""pt-BR"":""Departamento de Monte Caseros"",""pt"":""Departamento de Monte Caseros"",""nl"":""Departamento de Monte Caseros"",""hr"":""Departamento de Monte Caseros"",""fa"":""بخش مونته کاسروس"",""de"":""Departamento de Monte Caseros"",""es"":""Departamento de Monte Caseros"",""fr"":""Département de Monte Caseros"",""ja"":""モンテ・カセロス県"",""it"":""Departamento de Monte Caseros"",""zh-CN"":""卡塞罗斯山省"",""tr"":""Monte Caseros Departmanı"",""ru"":""Departamento de Monte Caseros"",""uk"":""Департамент Монте-Касерос"",""pl"":""Departamento de Monte Caseros"",""hi"":""Departamento de Monte Caseros"",""ar"":""Departamento de Monte Caseros""}",2019-10-06T09:28:16,2025-12-02T16:59:27,1,Q584331
946,Departamento de Montecarlo,3644,N,11,AR,city,,,-26.71667000,-54.58333000,Departamento de Montecarlo,,America/Argentina/Buenos_Aires,"{""br"":""Departamant Montecarlo"",""ko"":""몬테카를로"",""pt-BR"":""Departamento de Montecarlo"",""pt"":""Departamento de Montecarlo"",""nl"":""Departement van Monte Carlo"",""hr"":""Departamento de Montecarlo"",""fa"":""بخش مونتکارلو"",""de"":""Departamento de Montecarlo"",""es"":""Departamento de Montecarlo"",""fr"":""Département de Monte-Carlo"",""ja"":""モンテカルロ県"",""it"":""Departamento de Montecarlo"",""zh-CN"":""蒙特卡洛省"",""tr"":""Montecarlo Dairesi"",""ru"":""Департамент Монтекарло"",""uk"":""Департамент Монтекарло"",""pl"":""Departamento de Monte Carlo"",""hi"":""मोंटेकार्लो विभाग"",""ar"":""Departamento de Montecarlo""}",2019-10-06T09:28:16,2025-12-02T16:59:27,1,Q1190847
947,Departamento de Monteros,3637,T,11,AR,adm2,,,-27.16667000,-65.58333000,Departamento de Monteros,,America/Argentina/Buenos_Aires,"{""br"":""Departamant Monteros"",""ko"":""몬테로스"",""pt-BR"":""Departamento de Monteros"",""pt"":""Departamento de Monteros"",""nl"":""Departamento de Monteros"",""hr"":""Departamento de Monteros"",""fa"":""بخش مونتروس"",""de"":""Departamento de Monteros"",""es"":""Departamento de Monteros"",""fr"":""Département de Monteros"",""ja"":""モンテロス県"",""it"":""Departamento de Monteros"",""zh-CN"":""蒙特罗斯省"",""tr"":""Monteros Dairesi"",""ru"":""Департамент Монтерос"",""uk"":""Департамент Монтерос"",""pl"":""Departamento de Monteros"",""hi"":""डेपार्टामेंटो डे मोंटेरोस"",""ar"":""Departamento de Monteros""}",2019-10-06T09:28:16,2025-12-02T17:11:50,1,Q1190848
948,Departamento de Moreno,3635,G,11,AR,city,,,-27.33333000,-62.50000000,Departamento de Moreno,40460,America/Argentina/Buenos_Aires,"{""br"":""Departamant Moreno"",""ko"":""모레노"",""pt-BR"":""Departamento de Moreno"",""pt"":""Departamento de Moreno"",""nl"":""Departamento de Moreno"",""hr"":""Odjel Moreno"",""fa"":""بخش مورنو"",""de"":""Departamento de Moreno"",""es"":""Departamento de Moreno"",""fr"":""Département de Moreno"",""ja"":""モレノ県"",""it"":""Departamento de Moreno"",""zh-CN"":""莫雷诺省"",""tr"":""Moreno Dairesi"",""ru"":""Департамент Морено"",""uk"":""Департамент Морено"",""pl"":""Departament Moreno"",""hi"":""डिपार्टमेंटो डे मोरेनो"",""ar"":""مقاطعة مورينو""}",2019-10-06T09:28:16,2025-12-02T16:59:27,1,Q1190857
949,Departamento de Mártires,3651,U,11,AR,city,,,-43.83333000,-67.16667000,Departamento de Mártires,754,America/Argentina/Buenos_Aires,"{""br"":""Departamant ar Vrevourien"",""ko"":""마르티레스"",""pt-BR"":""Departamento de Mártires"",""pt"":""Departamento de Mártires"",""nl"":""Departamento de Mártires"",""hr"":""Odjel za mučenike"",""fa"":""اداره مارتیر"",""de"":""Departamento de Mártires"",""es"":""Departamento de Mártires"",""fr"":""Département des Martyrs"",""ja"":""マルティレス県"",""it"":""Departamento de Mártires"",""zh-CN"":""烈士省"",""tr"":""Departamento de Mártires"",""ru"":""Departamento de Mártires"",""uk"":""Департамент мучеників"",""pl"":""Departamento de Mártires"",""hi"":""डेपार्टामेंटो डे मार्टियर्स"",""ar"":""Departamento de Mártires""}",2019-10-06T09:28:16,2025-12-02T16:59:27,1,Q770031
950,Departamento de Nueve de Julio,3640,H,11,AR,adm2,,,-26.95331000,-61.27627000,Departamento de Nueve de Julio,12514,America/Argentina/Buenos_Aires,"{""br"":""Departamant Nevez Julio"",""ko"":""데파르타멘토 데 누에베 데 훌리오"",""pt-BR"":""Departamento de Nueve de Julio"",""pt"":""Departamento de Nueve de Julio"",""nl"":""Departamento de Nueve de Julio"",""hr"":""Departamento de Nueve de Julio"",""fa"":""Departamento de Nueve de Julio"",""de"":""Departamento de Nueve de Julio"",""es"":""Departamento de Nueve de Julio"",""fr"":""Département de Nueve de Julio"",""ja"":""ヌエベ デ フリオ局"",""it"":""Dipartimento di Nuovo de Julio"",""zh-CN"":""新七月省"",""tr"":""Nueve de Julio Departamento"",""ru"":""Департамент Нуэве-де-Хулио"",""uk"":""Департамент Нуеве-де-Хуліо"",""pl"":""Departamento de Nueve de Julio"",""hi"":""नुएवे दे जूलियो विभाग"",""ar"":""قسم دي نويفي دي خوليو""}",2019-10-06T09:28:16,2025-12-02T17:11:50,1,Q770031
951,Departamento de Nueve de Julio,3641,S,11,AR,city,,,-28.83333000,-61.33333000,Departamento de Nueve de Julio,12514,America/Argentina/Buenos_Aires,"{""br"":""Departamant Nevez Julio"",""ko"":""데파르타멘토 데 누에베 데 훌리오"",""pt-BR"":""Departamento de Nueve de Julio"",""pt"":""Departamento de Nueve de Julio"",""nl"":""Departamento de Nueve de Julio"",""hr"":""Departamento de Nueve de Julio"",""fa"":""Departamento de Nueve de Julio"",""de"":""Departamento de Nueve de Julio"",""es"":""Departamento de Nueve de Julio"",""fr"":""Département de Nueve de Julio"",""ja"":""ヌエベ デ フリオ局"",""it"":""Dipartimento di Nuovo de Julio"",""zh-CN"":""新七月省"",""tr"":""Nueve de Julio Departamento"",""ru"":""Департамент Нуэве-де-Хулио"",""uk"":""Департамент Нуеве-де-Хуліо"",""pl"":""Departamento de Nueve de Julio"",""hi"":""नुएवे दे जूलियो विभाग"",""ar"":""قسم دي نويفي دي خوليو""}",2019-10-06T09:28:16,2025-12-02T16:59:27,1,Q770031
952,Departamento de Nueve de Julio,3634,J,11,AR,adm2,,,-31.65072000,-68.38925000,Departamento de Nueve de Julio,7652,America/Argentina/San_Juan,"{""br"":""Departamant Nevez Julio"",""ko"":""데파르타멘토 데 누에베 데 훌리오"",""pt-BR"":""Departamento de Nueve de Julio"",""pt"":""Departamento de Nueve de Julio"",""nl"":""Departamento de Nueve de Julio"",""hr"":""Departamento de Nueve de Julio"",""fa"":""Departamento de Nueve de Julio"",""de"":""Departamento de Nueve de Julio"",""es"":""Departamento de Nueve de Julio"",""fr"":""Département de Nueve de Julio"",""ja"":""ヌエベ デ フリオ局"",""it"":""Dipartimento di Nuovo de Julio"",""zh-CN"":""新七月省"",""tr"":""Nueve de Julio Departamento"",""ru"":""Департамент Нуэве-де-Хулио"",""uk"":""Департамент Нуеве-де-Хуліо"",""pl"":""Departamento de Nueve de Julio"",""hi"":""नुएवे दे जूलियो विभाग"",""ar"":""قسم دي نويفي دي خوليو""}",2019-10-06T09:28:17,2025-12-02T14:39:55,1,Q770031
953,Departamento de Oberá,3644,N,11,AR,city,,,-27.55000000,-55.08333000,Departamento de Oberá,1979,America/Argentina/Cordoba,"{""br"":""Departamant an Oberá"",""ko"":""오버라"",""pt-BR"":""Departamento de Oberá"",""pt"":""Departamento de Oberá"",""nl"":""Departamento de Oberá"",""hr"":""Departamento de Oberá"",""fa"":""بخش اوبرا"",""de"":""Departamento de Oberá"",""es"":""Departamento de Oberá"",""fr"":""Département d'Oberá"",""ja"":""オベラ県"",""it"":""Departamento de Oberá"",""zh-CN"":""奥贝拉省"",""tr"":""Departamento de Oberá"",""ru"":""Департамент Обера"",""uk"":""Департамент Обера"",""pl"":""Departamento de Oberá"",""hi"":""Departamento de Oberá"",""ar"":""Departamento de Oberá""}",2019-10-06T09:28:17,2025-12-02T14:39:55,1,Q770031
954,Departamento de O’Higgins,3640,H,11,AR,city,,,-27.25000000,-60.66667000,Departamento de O'Higgins,,America/Argentina/Buenos_Aires,"{""br"":""Departamant O'Higgins"",""ko"":""오히긴스"",""pt-BR"":""Departamento de O'Higgins"",""pt"":""Departamento de O'Higgins"",""nl"":""Departamento de O’Higgins"",""hr"":""Odjel O'Higgins"",""fa"":""دپارتمان اوهیگینز"",""de"":""Departamento de O’Higgins"",""es"":""Departamento de O’Higgins"",""fr"":""Département d'O'Higgins"",""ja"":""オイギンス県"",""it"":""Dipartimento di O'Higgins"",""zh-CN"":""奥希金斯省"",""tr"":""O'Higgins Departmanı"",""ru"":""Департамент О’Хиггинса"",""uk"":""Департамент О'Хіггінса"",""pl"":""Departamento de O’Higgins"",""hi"":""Departamento de O’Higgins"",""ar"":""Departamento de O’Higgins""}",2019-10-06T09:28:17,2025-12-02T16:59:27,1,Q770031
955,Departamento de Paraná,3654,E,11,AR,city,,,-31.66667000,-60.00000000,Departamento de Paraná,391696,America/Argentina/Buenos_Aires,"{""br"":""Departamant Parana"",""ko"":""파라나"",""pt-BR"":""Departamento do Paraná"",""pt"":""Departamento do Paraná"",""nl"":""Departamento de Paraná"",""hr"":""Departamento de Paraná"",""fa"":""بخش پارانا"",""de"":""Departamento de Paraná"",""es"":""Departamento de Paraná"",""fr"":""Département de Paraná"",""ja"":""パラナ"",""it"":""Departamento de Paraná"",""zh-CN"":""巴拉那"",""tr"":""Departamento de Paraná"",""ru"":""Департамент Парана"",""uk"":""Департамент Парана"",""pl"":""Departamento de Paraná"",""hi"":""Departamento de Paraná"",""ar"":""Departamento de Paraná""}",2019-10-06T09:28:17,2025-12-02T17:11:50,1,Q770031
956,Departamento de Paso de Indios,3651,U,11,AR,city,,,-44.00000000,-68.83333000,Departamento de Paso de Indios,1866,America/Argentina/Buenos_Aires,"{""br"":""Departamant Paso an Indianed"",""ko"":""데파르타멘토 데 파소 데 인디오스"",""pt-BR"":""Departamento de Paso de Índios"",""pt"":""Departamento de Paso de Índios"",""nl"":""Departamento de Paso de Indios"",""hr"":""Departamento de Paso de Indios"",""fa"":""Departamento de Paso de Indios"",""de"":""Departamento de Paso de Indios"",""es"":""Departamento de Paso de Indios"",""fr"":""Département de Paso de Indios"",""ja"":""パソ デ インディオス県"",""it"":""Dipartimento del Passo degli Indios"",""zh-CN"":""帕索德印第奥斯省"",""tr"":""Paso de Indios Departamento"",""ru"":""Департамент Пасо-де-Индиос"",""uk"":""Департамент Пасо-де-Індіос"",""pl"":""Departamento de Paso de Indias"",""hi"":""डिपार्टमेंट ऑफ पासो डी इंडिओस"",""ar"":""قسم دي باسو دي إنديوس""}",2019-10-06T09:28:17,2025-12-02T16:59:27,1,Q770031
957,Departamento de Paso de los Libres,3638,W,11,AR,city,,,-29.66667000,-57.25000000,Departamento de Paso de los Libres,56989,America/Argentina/Buenos_Aires,"{""br"":""Departamant Paso al Libres"",""ko"":""데파르타멘토 데 파소 데 로스 리브레스"",""pt-BR"":""Departamento de Paso de los Libres"",""pt"":""Departamento de Paso de los Libres"",""nl"":""Departamento de Paso de los Libres"",""hr"":""Departamento de Paso de los Libres"",""fa"":""Departamento de Paso de los Libres"",""de"":""Departamento de Paso de los Libres"",""es"":""Departamento de Paso de los Libres"",""fr"":""Département de Paso de los Libres"",""ja"":""パソ デ ロス リブレス県"",""it"":""Dipartimento del Paso de los Libres"",""zh-CN"":""自由帕索部"",""tr"":""Departamento de Paso de los Libres"",""ru"":""Департамент Пасо де лос Либрес"",""uk"":""Департамент Пасо-де-лос-Лібрес"",""pl"":""Departamento de Paso de los Libres"",""hi"":""डिपार्टमेंट डे पासो डे लॉस लाइब्रेस"",""ar"":""Departamento de Paso de los Libres""}",2019-10-06T09:28:17,2025-12-02T16:59:27,1,Q1953119
958,Departamento de Pilcomayo,3652,P,11,AR,city,,,-25.50000000,-58.08333000,Departamento de Pilcomayo,94383,America/Argentina/Buenos_Aires,"{""br"":""Departamant ar Pilcomayo"",""ko"":""필코마요"",""pt-BR"":""Departamento de Pilcomayo"",""pt"":""Departamento de Pilcomayo"",""nl"":""Departamento de Pilcomayo"",""hr"":""Odjel Pilcomayo"",""fa"":""بخش پیلکومایو"",""de"":""Departamento de Pilcomayo"",""es"":""Departamento de Pilcomayo"",""fr"":""Département de Pilcomayo"",""ja"":""ピルコマヨ県"",""it"":""Departamento de Pilcomayo"",""zh-CN"":""皮尔科马约省"",""tr"":""Pilcomayo Departmanı"",""ru"":""Departamento de Pilcomayo"",""uk"":""Департамент Пілкомайо"",""pl"":""Departamento de Pilcomayo"",""hi"":""Departamento de Pilcomayo"",""ar"":""Departamento de Pilcomayo""}",2019-10-06T09:28:17,2025-12-02T16:59:27,1,Q1190958
959,Departamento de Pomán,3647,K,11,AR,city,,,-28.25000000,-66.41667000,Departamento de Pomán,12260,America/Argentina/Buenos_Aires,"{""br"":""Departamant Pomán"",""ko"":""포만"",""pt-BR"":""Departamento de Pomán"",""pt"":""Departamento de Pomán"",""nl"":""Departamento de Pomán"",""hr"":""Departamento de Pomán"",""fa"":""شهرستان پومن"",""de"":""Departamento de Pomán"",""es"":""Departamento de Pomán"",""fr"":""Département de Pomán"",""ja"":""ポマン"",""it"":""Departamento de Pomán"",""zh-CN"":""波曼省"",""tr"":""Departamento de Pomán"",""ru"":""Департамент Помана"",""uk"":""Департамент Поман"",""pl"":""Departamento de Pomán"",""hi"":""Departamento de Pomán"",""ar"":""Departamento de Pomán""}",2019-10-06T09:28:17,2025-12-02T16:59:27,1,Q1190958
960,Departamento de Presidencia de la Plaza,3640,H,11,AR,city,,,-27.00000000,-59.75000000,Departamento de Presidencia de la Plaza,13956,America/Argentina/Buenos_Aires,"{""br"":""Departamant Prezidant ar Plasenn"",""ko"":""Departamento de Presidencia de la Plaza"",""pt-BR"":""Departamento de Presidência da Plaza"",""pt"":""Departamento de Presidência da Plaza"",""nl"":""Departamento de Presidencia de la Plaza"",""hr"":""Departamento de Presidencia de la Plaza"",""fa"":""Departamento de Presidencia de la Plaza"",""de"":""Departamento de Presidencia de la Plaza"",""es"":""Departamento de Presidencia de la Plaza"",""fr"":""Département de la Présidence de la Place"",""ja"":""ラ・プラザ大統領府"",""it"":""Dipartimento della Presidenza della Plaza"",""zh-CN"":""广场总统府"",""tr"":""Plaza Başkanlık Departmanı"",""ru"":""Департамент Президиума де ла Плаза"",""uk"":""Департамент президентства де ла Плаза"",""pl"":""Departamento de Presidencia de la Plaza"",""hi"":""डिपार्टमेंट डे प्रेसीडेंसिया डे ला प्लाज़ा"",""ar"":""Departamento de Presidencia de la Plaza""}",2019-10-06T09:28:17,2025-12-02T16:59:27,1,Q1190958
961,Departamento de Presidente Roque Sáenz Peña,3642,X,11,AR,city,,,-34.25000000,-63.50000000,Departamento de Presidente Roque Sáenz Peña,37726,America/Argentina/Buenos_Aires,"{""br"":""Departamant ar Prezidant Roque Sáenz Peña"",""ko"":""Departamento de Presidente Roque Sáenz Peña"",""pt-BR"":""Departamento de Presidente Roque Sáenz Peña"",""pt"":""Departamento de Presidente Roque Sáenz Peña"",""nl"":""Departamento de Presidente Roque Sáenz Peña"",""hr"":""Departamento de Presidente Roque Sáenz Peña"",""fa"":""Departamento de Presidente Roque Sáenz Peña"",""de"":""Departamento de Presidente Roque Sáenz Peña"",""es"":""Departamento de Presidente Roque Sáenz Peña"",""fr"":""Département du Président Roque Sáenz Peña"",""ja"":""ロケ・サエンス・ペーニャ大統領府"",""it"":""Dipartimento del Presidente Roque Sáenz Peña"",""zh-CN"":""罗克·萨恩斯·佩尼亚总统部"",""tr"":""Başkanlık Departmanı Roque Sáenz Peña"",""ru"":""Департамент президента Роке Саэнса Пенья"",""uk"":""Департамент президента Роке Саенса Пенья"",""pl"":""Departamento de Presidente Roque Sáenz Peña"",""hi"":""राष्ट्रपति रोके सैन्ज़ पेना का विभाग"",""ar"":""إدارة الرئيس روكي ساينز بينيا""}",2019-10-06T09:28:17,2025-12-02T16:59:27,1,Q1063416
962,Departamento de Quitilipi,3640,H,11,AR,city,,,-26.66667000,-60.16667000,Departamento de Quitilipi,32642,America/Argentina/Buenos_Aires,"{""br"":""Departamant ar C'hitilipi"",""ko"":""키틸리피"",""pt-BR"":""Departamento de Quitilipi"",""pt"":""Departamento de Quitilipi"",""nl"":""Departamento de Quitilipi"",""hr"":""Departamento de Quitilipi"",""fa"":""بخش کویتیلیپ"",""de"":""Departamento de Quitilipi"",""es"":""Departamento de Quitilipi"",""fr"":""Département de Quitilipi"",""ja"":""キティリピ県"",""it"":""Departamento de Quitilipi"",""zh-CN"":""基蒂利皮省"",""tr"":""Quitilipi Dairesi"",""ru"":""Departamento de Quitilipi"",""uk"":""Департамент Кітіліпі"",""pl"":""Departamento de Quitilipi"",""hi"":""डिपार्टामेंटो डी क्विटिलिपी"",""ar"":""Departamento de Quitilipi""}",2019-10-06T09:28:17,2025-12-02T16:59:27,1,Q1063416
963,Departamento de Rawson,3651,U,11,AR,adm1,,,-43.12342000,-65.10179000,Departamento de Rawson,145763,America/Argentina/Buenos_Aires,"{""br"":""Departamant Rawson"",""ko"":""로슨 부서"",""pt-BR"":""Departamento de Rawson"",""pt"":""Departamento de Rawson"",""nl"":""Departamento de Rawson"",""hr"":""Odjel Rawson"",""fa"":""بخش راوسون"",""de"":""Departamento de Rawson"",""es"":""Departamento de Rawson"",""fr"":""Département de Rawson"",""ja"":""ローソン県"",""it"":""Departamento de Rawson"",""zh-CN"":""罗森省"",""tr"":""Rawson Departmanı"",""ru"":""Департамент Роусон"",""uk"":""Департамент Роусон"",""pl"":""Departamento de Rawson"",""hi"":""Departamento de Rawson"",""ar"":""Departamento de Rawson""}",2019-10-06T09:28:17,2025-12-02T17:11:50,1,Q1088518
964,Departamento de Rawson,3634,J,11,AR,city,,,-31.70000000,-68.46667000,Departamento de Rawson,145763,America/Argentina/Buenos_Aires,"{""br"":""Departamant Rawson"",""ko"":""로슨 부서"",""pt-BR"":""Departamento de Rawson"",""pt"":""Departamento de Rawson"",""nl"":""Departamento de Rawson"",""hr"":""Odjel Rawson"",""fa"":""بخش راوسون"",""de"":""Departamento de Rawson"",""es"":""Departamento de Rawson"",""fr"":""Département de Rawson"",""ja"":""ローソン県"",""it"":""Departamento de Rawson"",""zh-CN"":""罗森省"",""tr"":""Rawson Departmanı"",""ru"":""Департамент Роусон"",""uk"":""Департамент Роусон"",""pl"":""Departamento de Rawson"",""hi"":""Departamento de Rawson"",""ar"":""Departamento de Rawson""}",2019-10-06T09:28:17,2025-12-02T16:59:27,1,Q1088518
965,Departamento de Rinconada,3645,Y,11,AR,city,,,-22.50000000,-66.50000000,Departamento de Rinconada,1802,America/Argentina/Buenos_Aires,"{""br"":""Departamant ar Rinconada"",""ko"":""린코나다"",""pt-BR"":""Departamento de Rinconada"",""pt"":""Departamento de Rinconada"",""nl"":""Departamento de Rinconada"",""hr"":""Departamento de Rinconada"",""fa"":""بخش رینکونادا"",""de"":""Departamento de Rinconada"",""es"":""Departamento de Rinconada"",""fr"":""Département de Rinconada"",""ja"":""リンコナダ県"",""it"":""Departamento de Rinconada"",""zh-CN"":""林科纳达省"",""tr"":""Rinconada Dairesi"",""ru"":""Departamento de Rinconada"",""uk"":""Департамент Рінконада"",""pl"":""Departamento de Rinconada"",""hi"":""Departamento de Rinconada"",""ar"":""Departamento de Rinconada""}",2019-10-06T09:28:17,2025-12-02T16:59:27,1,Q1063533
966,Departamento de Rivadavia,3634,J,11,AR,city,,,-31.56450000,-68.65219000,Departamento de Rivadavia,101666,America/Argentina/Buenos_Aires,"{""br"":""Departamant Rivadavia"",""ko"":""리바다비아"",""pt-BR"":""Departamento de Rivadavia"",""pt"":""Departamento de Rivadavia"",""nl"":""Departamento de Rivadavia"",""hr"":""Departamento de Rivadavia"",""fa"":""بخش ریواداویا"",""de"":""Departamento de Rivadavia"",""es"":""Departamento de Rivadavia"",""fr"":""Département de Rivadavia"",""ja"":""リバダビア県"",""it"":""Departamento de Rivadavia"",""zh-CN"":""里瓦达维亚省"",""tr"":""Rivadavia Dairesi"",""ru"":""Департамент Ривадавии"",""uk"":""Департамент Рівадавія"",""pl"":""Departamento de Rivadavia"",""hi"":""रिवादाविया विभाग"",""ar"":""Departamento de Rivadavia""}",2019-10-06T09:28:17,2025-12-02T16:59:27,1,Q613945
967,Departamento de Rivadavia,3646,M,11,AR,adm2,,,-33.18000000,-68.46600000,Departamento de Rivadavia,101666,America/Argentina/Buenos_Aires,"{""br"":""Departamant Rivadavia"",""ko"":""리바다비아"",""pt-BR"":""Departamento de Rivadavia"",""pt"":""Departamento de Rivadavia"",""nl"":""Departamento de Rivadavia"",""hr"":""Departamento de Rivadavia"",""fa"":""بخش ریواداویا"",""de"":""Departamento de Rivadavia"",""es"":""Departamento de Rivadavia"",""fr"":""Département de Rivadavia"",""ja"":""リバダビア県"",""it"":""Departamento de Rivadavia"",""zh-CN"":""里瓦达维亚省"",""tr"":""Rivadavia Dairesi"",""ru"":""Департамент Ривадавии"",""uk"":""Департамент Рівадавія"",""pl"":""Departamento de Rivadavia"",""hi"":""रिवादाविया विभाग"",""ar"":""Departamento de Rivadavia""}",2019-10-06T09:28:17,2025-12-02T17:11:50,1,Q613945
968,Departamento de Rivadavia,3643,A,11,AR,city,,,-23.66667000,-62.91667000,Departamento de Rivadavia,101666,America/Argentina/Buenos_Aires,"{""br"":""Departamant Rivadavia"",""ko"":""리바다비아"",""pt-BR"":""Departamento de Rivadavia"",""pt"":""Departamento de Rivadavia"",""nl"":""Departamento de Rivadavia"",""hr"":""Departamento de Rivadavia"",""fa"":""بخش ریواداویا"",""de"":""Departamento de Rivadavia"",""es"":""Departamento de Rivadavia"",""fr"":""Département de Rivadavia"",""ja"":""リバダビア県"",""it"":""Departamento de Rivadavia"",""zh-CN"":""里瓦达维亚省"",""tr"":""Rivadavia Dairesi"",""ru"":""Департамент Ривадавии"",""uk"":""Департамент Рівадавія"",""pl"":""Departamento de Rivadavia"",""hi"":""रिवादाविया विभाग"",""ar"":""Departamento de Rivadavia""}",2019-10-06T09:28:17,2025-12-02T16:59:27,1,Q1017544
969,Departamento de Robles,3635,G,11,AR,city,,,-27.83333000,-63.91667000,Departamento de Robles,54015,America/Argentina/Buenos_Aires,"{""br"":""Departamant ar Meuzioù"",""ko"":""로블레스"",""pt-BR"":""Departamento de Robles"",""pt"":""Departamento de Robles"",""nl"":""Departement van Robles"",""hr"":""Odjel Robles"",""fa"":""بخش روبلس"",""de"":""Departamento de Robles"",""es"":""Departamento de Robles"",""fr"":""Département de Robles"",""ja"":""ロブレス県"",""it"":""Departamento de Robles"",""zh-CN"":""罗夫莱斯省"",""tr"":""Robles Departmanı"",""ru"":""Департамент Роблес"",""uk"":""Департамент Роблес"",""pl"":""Departamento de Robles"",""hi"":""रोबल्स विभाग"",""ar"":""Departamento de Robles""}",2019-10-06T09:28:17,2025-12-02T16:59:27,1,Q1017544
970,Departamento de Rosario de Lerma,3643,A,11,AR,city,,,-24.58333000,-65.83333000,Departamento de Rosario de Lerma,,America/Argentina/Buenos_Aires,"{""br"":""Departamant Rosario ar Lerma"",""ko"":""데파르타멘토 데 로사리오 데 레르마"",""pt-BR"":""Departamento de Rosário de Lerma"",""pt"":""Departamento de Rosário de Lerma"",""nl"":""Departamento de Rosario de Lerma"",""hr"":""Departamento de Rosario de Lerma"",""fa"":""Departamento de Rosario de Lerma"",""de"":""Departamento de Rosario de Lerma"",""es"":""Departamento de Rosario de Lerma"",""fr"":""Département de Rosario de Lerma"",""ja"":""ロサリオ デ レルマ県"",""it"":""Dipartimento del Rosario di Lerma"",""zh-CN"":""罗萨里奥·德·莱尔马省"",""tr"":""Departamento de Rosario de Lerma"",""ru"":""Департамент Росарио-де-Лерма"",""uk"":""Департамент Росаріо де Лерма"",""pl"":""Departamento de Rosario de Lerma"",""hi"":""डिपार्टमेंटो डी रोसारियो डी लेर्मा"",""ar"":""قسم روزاريو دي ليرما""}",2019-10-06T09:28:17,2025-12-02T16:59:27,1,Q1017556
971,Departamento de Rosario de la Frontera,3643,A,11,AR,city,,,-25.91667000,-64.83333000,Departamento de Rosario de la Frontera,,America/Argentina/Buenos_Aires,"{""br"":""Departamant Rosario ar Frontera"",""ko"":""데파르타멘토 데 로사리오 데 라 프론테라"",""pt-BR"":""Departamento de Rosário de la Frontera"",""pt"":""Departamento de Rosário de la Frontera"",""nl"":""Departamento de Rosario de la Frontera"",""hr"":""Departamento de Rosario de la Frontera"",""fa"":""Departamento de Rosario de la Frontera"",""de"":""Departamento de Rosario de la Frontera"",""es"":""Departamento de Rosario de la Frontera"",""fr"":""Département de Rosario de la Frontera"",""ja"":""ロサリオ デ ラ フロンテーラ部門"",""it"":""Dipartimento del Rosario de la Frontera"",""zh-CN"":""罗萨里奥·德拉弗龙特拉省"",""tr"":""Departamento de Rosario de la Frontera"",""ru"":""Департамент Росарио де ла Фронтера"",""uk"":""Департамент Росаріо-де-ла-Фронтера"",""pl"":""Departamento de Rosario de la Frontera"",""hi"":""डिपार्टमेंटो डे रोसारियो डे ला फ्रोंटेरा"",""ar"":""إدارة روزاريو دي لا فرونتيرا""}",2019-10-06T09:28:17,2025-12-02T16:59:27,1,Q106122
972,Departamento de Río Chico,3649,Z,11,AR,city,,,-48.25000000,-71.00000000,Departamento de Río Chico,6314,America/Argentina/Buenos_Aires,"{""br"":""Departamant Río Chico"",""ko"":""리오 치코"",""pt-BR"":""Departamento de Río Chico"",""pt"":""Departamento de Río Chico"",""nl"":""Departamento de Río Chico"",""hr"":""Departamento de Río Chico"",""fa"":""بخش ریو چیکو"",""de"":""Departamento de Río Chico"",""es"":""Departamento de Río Chico"",""fr"":""Département de Río Chico"",""ja"":""リオチコ県"",""it"":""Departamento de Río Chico"",""zh-CN"":""里奥奇科省"",""tr"":""Departamento de Río Chico"",""ru"":""Департамент Рио-Чико"",""uk"":""Департамент Ріо-Чіко"",""pl"":""Departamento de Río Chico"",""hi"":""Departamento de Río Chico"",""ar"":""Departamento de Río Chico""}",2019-10-06T09:28:17,2025-12-02T16:59:27,1,Q106122
973,Departamento de Río Chico,3637,T,11,AR,city,,,-27.43368000,-65.76671000,Departamento de Río Chico,6314,America/Argentina/Buenos_Aires,"{""br"":""Departamant Río Chico"",""ko"":""리오 치코"",""pt-BR"":""Departamento de Río Chico"",""pt"":""Departamento de Río Chico"",""nl"":""Departamento de Río Chico"",""hr"":""Departamento de Río Chico"",""fa"":""بخش ریو چیکو"",""de"":""Departamento de Río Chico"",""es"":""Departamento de Río Chico"",""fr"":""Département de Río Chico"",""ja"":""リオチコ県"",""it"":""Departamento de Río Chico"",""zh-CN"":""里奥奇科省"",""tr"":""Departamento de Río Chico"",""ru"":""Департамент Рио-Чико"",""uk"":""Департамент Ріо-Чіко"",""pl"":""Departamento de Río Chico"",""hi"":""Departamento de Río Chico"",""ar"":""Departamento de Río Chico""}",2019-10-06T09:28:17,2025-12-02T16:59:27,1,Q1191028
974,Departamento de Río Cuarto,3642,X,11,AR,city,,,-33.33333000,-64.50000000,Departamento de Río Cuarto,279923,America/Argentina/Buenos_Aires,"{""br"":""Departamant ar Río Cuarto"",""ko"":""리오 쿠아르토"",""pt-BR"":""Departamento de Río Cuarto"",""pt"":""Departamento de Río Cuarto"",""nl"":""Departamento de Río Cuarto"",""hr"":""Departamento de Río Cuarto"",""fa"":""دپارتمان ریو کوارتو"",""de"":""Departamento de Río Cuarto"",""es"":""Departamento de Río Cuarto"",""fr"":""Département de Río Cuarto"",""ja"":""リオ・クアルト県"",""it"":""Departamento de Río Cuarto"",""zh-CN"":""里奥夸尔托省"",""tr"":""Departamento de Río Cuarto"",""ru"":""Департамент Рио-Куарто"",""uk"":""Департамент Ріо-Куарто"",""pl"":""Departamento de Río Cuarto"",""hi"":""Departamento de Río Cuarto"",""ar"":""Departamento de Río Cuarto""}",2019-10-06T09:28:17,2025-12-02T16:59:27,1,Q1063409
975,Departamento de Río Hondo,3635,G,11,AR,city,,,-27.58333000,-64.75000000,Departamento de Río Hondo,66761,America/Argentina/Buenos_Aires,"{""br"":""Departamant an Hondo ar Río"",""ko"":""리오 온도"",""pt-BR"":""Departamento de Río Hondo"",""pt"":""Departamento de Río Hondo"",""nl"":""Departamento de Río Hondo"",""hr"":""Departamento de Río Hondo"",""fa"":""بخش ریو هندو"",""de"":""Departamento de Río Hondo"",""es"":""Departamento de Río Hondo"",""fr"":""Département de Río Hondo"",""ja"":""リオ・オンド県"",""it"":""Departamento de Río Hondo"",""zh-CN"":""里奥翁多省"",""tr"":""Departamento de Río Hondo"",""ru"":""Departamento de Río Hondo"",""uk"":""Департамент Ріо-Ондо"",""pl"":""Departamento de Río Hondo"",""hi"":""Departamento de Río Hondo"",""ar"":""Departamento de Río Hondo""}",2019-10-06T09:28:17,2025-12-02T16:59:27,1,Q1063409
976,Departamento de Río Primero,3642,X,11,AR,city,,,-31.08333000,-63.50000000,Departamento de Río Primero,58428,America/Argentina/Buenos_Aires,"{""br"":""Departamant ar Río Primero"",""ko"":""리오 프리메로"",""pt-BR"":""Departamento de Río Primero"",""pt"":""Departamento de Río Primero"",""nl"":""Departamento de Río Primero"",""hr"":""Departamento de Río Primero"",""fa"":""دپارتمان ریو پریمرو"",""de"":""Departamento de Río Primero"",""es"":""Departamento de Río Primero"",""fr"":""Département de Río Primero"",""ja"":""リオ・プリメロ県"",""it"":""Departamento de Río Primero"",""zh-CN"":""里奥普里梅罗省"",""tr"":""Departamento de Río Primero"",""ru"":""Departamento de Río Primero"",""uk"":""Департамент Ріо-Прімеро"",""pl"":""Departamento de Río Primero"",""hi"":""Departamento de Río Primero"",""ar"":""Departamento de Río Primero""}",2019-10-06T09:28:17,2025-12-02T16:59:27,1,Q1063403
977,Departamento de Río Seco,3642,X,11,AR,city,,,-30.08333000,-63.00000000,Departamento de Río Seco,15302,America/Argentina/Buenos_Aires,"{""br"":""Departamant ar Río Seco"",""ko"":""리오 세코"",""pt-BR"":""Departamento de Río Seco"",""pt"":""Departamento de Río Seco"",""nl"":""Departamento de Río Seco"",""hr"":""Departamento de Río Seco"",""fa"":""بخش ریو سکو"",""de"":""Departamento de Río Seco"",""es"":""Departamento de Río Seco"",""fr"":""Département de Río Seco"",""ja"":""リオセコ県"",""it"":""Departamento de Río Seco"",""zh-CN"":""里奥塞科省"",""tr"":""Departamento de Río Seco"",""ru"":""Departamento de Río Seco"",""uk"":""Департамент Ріо-Секо"",""pl"":""Departamento de Río Seco"",""hi"":""Departamento de Río Seco"",""ar"":""Departamento de Río Seco""}",2019-10-06T09:28:17,2025-12-02T16:59:27,1,Q531018
978,Departamento de Río Segundo,3642,X,11,AR,city,,,-31.75000000,-63.50000000,Departamento de Río Segundo,113950,America/Argentina/Buenos_Aires,"{""br"":""Departamant ar Río Segundo"",""ko"":""리오 세군도"",""pt-BR"":""Departamento de Río Segundo"",""pt"":""Departamento de Río Segundo"",""nl"":""Departamento de Río Segundo"",""hr"":""Departamento de Río Segundo"",""fa"":""بخش ریو سگوندو"",""de"":""Departamento de Río Segundo"",""es"":""Departamento de Río Segundo"",""fr"":""Département de Río Segundo"",""ja"":""リオセグンド県"",""it"":""Departamento de Río Segundo"",""zh-CN"":""里奥塞贡多省"",""tr"":""Departamento de Río Segundo"",""ru"":""Departamento de Río Segundo"",""uk"":""Департамент Ріо-Сегундо"",""pl"":""Departamento de Río Segundo"",""hi"":""Departamento de Río Segundo"",""ar"":""Departamento de Río Segundo""}",2019-10-06T09:28:17,2025-12-02T16:59:27,1,Q1063078
979,Departamento de Río Senguerr,3651,U,11,AR,adm2,,,-45.33333000,-70.83333000,Departamento de Río Senguerr,,America/Argentina/Buenos_Aires,"{""br"":""Departamant ar Río Senguerr"",""ko"":""리오 센게르"",""pt-BR"":""Departamento de Río Senguerr"",""pt"":""Departamento de Río Senguerr"",""nl"":""Departamento de Río Senguerr"",""hr"":""Departamento de Río Senguerr"",""fa"":""بخش ریو سنگوئر"",""de"":""Departamento de Río Senguer"",""es"":""Departamento de Río Senguerr"",""fr"":""Département de Río Senguerr"",""ja"":""リオ・センゲール県"",""it"":""Departamento de Río Senguerr"",""zh-CN"":""里奥森盖尔省"",""tr"":""Departamento de Río Senguerr"",""ru"":""Departamento de Río Senguerr"",""uk"":""Департамент Ріо-Сенгерр"",""pl"":""Departamento de Río Senguerr"",""hi"":""Departamento de Río Senguerr"",""ar"":""Departamento de Río Senguerr""}",2019-10-06T09:28:17,2025-12-02T17:11:50,1,Q1063078
980,Departamento de Saladas,3638,W,11,AR,city,,,-28.25000000,-58.75000000,Departamento de ensaladas,29198,America/Argentina/Buenos_Aires,"{""br"":""Departamant ar Saladennoù"",""ko"":""살라다스"",""pt-BR"":""Departamento de Saladas"",""pt"":""Departamento de Saladas"",""nl"":""Departamento de Saladas"",""hr"":""Odjel za Saladas"",""fa"":""بخش سالادها"",""de"":""Departamento de Saladas"",""es"":""Departamento de Saladas"",""fr"":""Département de Saladas"",""ja"":""サラダ部門"",""it"":""Departamento de Saladas"",""zh-CN"":""萨拉达斯省"",""tr"":""Departmanto de Saladas"",""ru"":""Департамент Саладас"",""uk"":""Департамент Саладас"",""pl"":""Departamento de Saladas"",""hi"":""सलाद विभाग"",""ar"":""Departamento de Saladas""}",2019-10-06T09:28:17,2025-12-02T16:59:27,1,Q1088710
981,Departamento de San Alberto,3642,X,11,AR,city,,,-31.75000000,-65.25000000,Departamento de San Alberto,42166,America/Argentina/Buenos_Aires,"{""br"":""Departamant San Alberto"",""ko"":""산 알베르토"",""pt-BR"":""Departamento de San Alberto"",""pt"":""Departamento de San Alberto"",""nl"":""Departement van San Alberto"",""hr"":""Odjel San Alberto"",""fa"":""بخش سن آلبرتو"",""de"":""Departamento de San Alberto"",""es"":""Departamento de San Alberto"",""fr"":""Département de San Alberto"",""ja"":""サンアルベルト県"",""it"":""Departamento de San Alberto"",""zh-CN"":""圣阿尔贝托省"",""tr"":""San Alberto Dairesi"",""ru"":""Департамент Сан-Альберто"",""uk"":""Департамент Сан-Альберто"",""pl"":""Departamento de San Alberto"",""hi"":""सैन अल्बर्टो विभाग"",""ar"":""Departamento de San Alberto""}",2019-10-06T09:28:17,2025-12-02T16:59:27,1,Q633783
982,Departamento de San Carlos,3643,A,11,AR,city,,,-25.75000000,-66.08333000,Departamento de San Carlos,7798,America/Argentina/Buenos_Aires,"{""br"":""Departamant San Carlos"",""ko"":""산 카를로스"",""pt-BR"":""Departamento de San Carlos"",""pt"":""Departamento de San Carlos"",""nl"":""Departement van San Carlos"",""hr"":""Odjel San Carlos"",""fa"":""بخش سن کارلوس"",""de"":""Departamento de San Carlos"",""es"":""Departamento de San Carlos"",""fr"":""Département de San Carlos"",""ja"":""サンカルロス県"",""it"":""Departamento de San Carlos"",""zh-CN"":""圣卡洛斯省"",""tr"":""San Carlos Departmanı"",""ru"":""Департамент Сан-Карлос"",""uk"":""Департамент Сан-Карлос"",""pl"":""Departamento de San Carlos"",""hi"":""सैन कार्लोस विभाग"",""ar"":""مقاطعة سان كارلوس""}",2019-10-06T09:28:17,2025-12-02T16:59:27,1,Q1191069
983,Departamento de San Carlos,3646,M,11,AR,city,,,-34.00000000,-69.00000000,Departamento de San Carlos,7798,America/Argentina/Buenos_Aires,"{""br"":""Departamant San Carlos"",""ko"":""산 카를로스"",""pt-BR"":""Departamento de San Carlos"",""pt"":""Departamento de San Carlos"",""nl"":""Departement van San Carlos"",""hr"":""Odjel San Carlos"",""fa"":""بخش سن کارلوس"",""de"":""Departamento de San Carlos"",""es"":""Departamento de San Carlos"",""fr"":""Département de San Carlos"",""ja"":""サンカルロス県"",""it"":""Departamento de San Carlos"",""zh-CN"":""圣卡洛斯省"",""tr"":""San Carlos Departmanı"",""ru"":""Департамент Сан-Карлос"",""uk"":""Департамент Сан-Карлос"",""pl"":""Departamento de San Carlos"",""hi"":""सैन कार्लोस विभाग"",""ar"":""مقاطعة سان كارلوس""}",2019-10-06T09:28:17,2025-12-02T16:59:27,1,Q1191066
984,Departamento de San Cosme,3638,W,11,AR,adm2,,,-27.33333000,-58.50000000,Departamento de San Cosme,19706,America/Argentina/Buenos_Aires,"{""br"":""Departamant ar C'hosme"",""ko"":""산 코스메 부서"",""pt-BR"":""Departamento de San Cosme"",""pt"":""Departamento de San Cosme"",""nl"":""Departamento de San Cosme"",""hr"":""Odjel San Cosme"",""fa"":""دپارتمان سن کازمه"",""de"":""Departamento de San Cosme"",""es"":""Departamento de San Cosme"",""fr"":""Département de San Cosme"",""ja"":""サンコスメ部"",""it"":""Departamento de San Cosme"",""zh-CN"":""圣科斯梅省"",""tr"":""San Cosme Dairesi"",""ru"":""Departamento de San Cosme"",""uk"":""Департамент Сан-Косме"",""pl"":""Departamento de San Cosme"",""hi"":""Departamento de San Cosme"",""ar"":""Departamento de San Cosme""}",2019-10-06T09:28:17,2025-12-02T17:11:50,1,Q374940
985,Departamento de San Cristóbal,3641,S,11,AR,city,,,-30.33333000,-61.33333000,Departamento de San Cristóbal,72801,America/Argentina/Buenos_Aires,"{""br"":""Departamant San Cristóbal"",""ko"":""데파르타멘토 데 산 크리스토발"",""pt-BR"":""Departamento de San Cristóbal"",""pt"":""Departamento de San Cristóbal"",""nl"":""Departamento de San Cristobal"",""hr"":""Departamento de San Cristóbal"",""fa"":""بخش سن کریستوبال"",""de"":""Departamento de San Cristóbal"",""es"":""Departamento de San Cristóbal"",""fr"":""Département de San Cristóbal"",""ja"":""サンクリストバル県"",""it"":""Dipartimento di San Cristóbal"",""zh-CN"":""圣克里斯托瓦尔省"",""tr"":""San Cristóbal Departmanı"",""ru"":""Департамент Сан-Кристобаль"",""uk"":""Департамент Сан-Крістобаль"",""pl"":""Departamento de San Cristóbal"",""hi"":""सैन क्रिस्टोबल विभाग"",""ar"":""قسم سان كريستوبال""}",2019-10-06T09:28:17,2025-12-02T16:59:27,1,Q645679
986,Departamento de San Fernando,3640,H,11,AR,city,,,-27.66667000,-59.16667000,Departamento de San Fernando,416140,America/Argentina/Buenos_Aires,"{""br"":""Departamant San Fernando"",""ko"":""산 페르난도"",""pt-BR"":""Departamento de San Fernando"",""pt"":""Departamento de San Fernando"",""nl"":""Departamento de San Fernando"",""hr"":""Odjel San Fernando"",""fa"":""بخش سن فرناندو"",""de"":""Departamento de San Fernando"",""es"":""Departamento de San Fernando"",""fr"":""Département de San Fernando"",""ja"":""サンフェルナンド県"",""it"":""Departamento de San Fernando"",""zh-CN"":""圣费尔南多省"",""tr"":""San Fernando Departmanı"",""ru"":""Департамент Сан-Фернандо"",""uk"":""Департамент Сан-Фернандо"",""pl"":""Departamento de San Fernando"",""hi"":""सैन फर्नांडो विभाग"",""ar"":""Departamento de San Fernando""}",2019-10-06T09:28:17,2025-12-02T16:59:27,1,Q1063341
987,Departamento de San Ignacio,3644,N,11,AR,city,,,-27.25000000,-55.33333000,Departamento de San Ignacio,,America/Argentina/Buenos_Aires,"{""br"":""Departamant San Ignacio"",""ko"":""산 이그나시오"",""pt-BR"":""Departamento de San Ignacio"",""pt"":""Departamento de San Ignacio"",""nl"":""Departamento de San Ignacio"",""hr"":""Odjel San Ignacio"",""fa"":""بخش سن ایگناسیو"",""de"":""Departamento de San Ignacio"",""es"":""Departamento de San Ignacio"",""fr"":""Département de San Ignacio"",""ja"":""サン・イグナシオ県"",""it"":""Departamento de San Ignacio"",""zh-CN"":""圣伊格纳西奥省"",""tr"":""San Ignacio Dairesi"",""ru"":""Департамент Сан-Игнасио"",""uk"":""Департамент Сан-Ігнасіо"",""pl"":""Departamento de San Ignacio"",""hi"":""सैन इग्नासियो विभाग"",""ar"":""Departamento de San Ignacio""}",2019-10-06T09:28:17,2025-12-02T16:59:27,1,Q1191078
988,Departamento de San Javier,3641,S,11,AR,adm2,,,-30.33333000,-59.91667000,Departamento de San Javier,33274,America/Argentina/Buenos_Aires,"{""br"":""Departamant San Javier"",""ko"":""산 하비에르"",""pt-BR"":""Departamento de San Javier"",""pt"":""Departamento de San Javier"",""nl"":""Departamento de San Javier"",""hr"":""Odjel San Javier"",""fa"":""بخش سن خاویر"",""de"":""Departamento de San Javier"",""es"":""Departamento de San Javier"",""fr"":""Département de San Javier"",""ja"":""サン・ハビエル県"",""it"":""Departamento de San Javier"",""zh-CN"":""圣哈维尔省"",""tr"":""San Javier Departmanı"",""ru"":""Департамент Сан-Хавьер"",""uk"":""Департамент Сан-Хав'єр"",""pl"":""Departamento de San Javier"",""hi"":""Departamento de San Javier"",""ar"":""Departamento de San Javier""}",2019-10-06T09:28:17,2025-12-02T17:11:50,1,Q651117
989,Departamento de San Javier,3644,N,11,AR,adm2,,,-27.77806000,-55.13004000,Departamento de San Javier,33274,America/Argentina/Buenos_Aires,"{""br"":""Departamant San Javier"",""ko"":""산 하비에르"",""pt-BR"":""Departamento de San Javier"",""pt"":""Departamento de San Javier"",""nl"":""Departamento de San Javier"",""hr"":""Odjel San Javier"",""fa"":""بخش سن خاویر"",""de"":""Departamento de San Javier"",""es"":""Departamento de San Javier"",""fr"":""Département de San Javier"",""ja"":""サン・ハビエル県"",""it"":""Departamento de San Javier"",""zh-CN"":""圣哈维尔省"",""tr"":""San Javier Departmanı"",""ru"":""Департамент Сан-Хавьер"",""uk"":""Департамент Сан-Хав'єр"",""pl"":""Departamento de San Javier"",""hi"":""Departamento de San Javier"",""ar"":""Departamento de San Javier""}",2019-10-06T09:28:17,2025-12-02T17:11:50,1,Q730306
990,Departamento de San Javier,3642,X,11,AR,city,,,-32.08333000,-65.16667000,Departamento de San Javier,33274,America/Argentina/Buenos_Aires,"{""br"":""Departamant San Javier"",""ko"":""산 하비에르"",""pt-BR"":""Departamento de San Javier"",""pt"":""Departamento de San Javier"",""nl"":""Departamento de San Javier"",""hr"":""Odjel San Javier"",""fa"":""بخش سن خاویر"",""de"":""Departamento de San Javier"",""es"":""Departamento de San Javier"",""fr"":""Département de San Javier"",""ja"":""サン・ハビエル県"",""it"":""Departamento de San Javier"",""zh-CN"":""圣哈维尔省"",""tr"":""San Javier Departmanı"",""ru"":""Департамент Сан-Хавьер"",""uk"":""Департамент Сан-Хав'єр"",""pl"":""Departamento de San Javier"",""hi"":""Departamento de San Javier"",""ar"":""Departamento de San Javier""}",2019-10-06T09:28:17,2025-12-02T17:11:50,1,Q777079
991,Departamento de San Justo,3642,X,11,AR,city,,,-31.33333000,-62.66667000,Departamento de San Justo,230339,America/Argentina/Buenos_Aires,"{""br"":""Departamant San Justo"",""ko"":""산 후스토"",""pt-BR"":""Departamento de San Justo"",""pt"":""Departamento de San Justo"",""nl"":""Departamento de San Justo"",""hr"":""Odjel San Justo"",""fa"":""بخش سن خوستو"",""de"":""Departamento de San Justo"",""es"":""Departamento de San Justo"",""fr"":""Département de San Justo"",""ja"":""サンフスト県"",""it"":""Departamento de San Justo"",""zh-CN"":""圣胡斯托省"",""tr"":""San Justo Dairesi"",""ru"":""Департамент Сан-Хусто"",""uk"":""Департамент Сан-Хусто"",""pl"":""Departamento de San Justo"",""hi"":""Departamento de San Justo"",""ar"":""Departamento de San Justo""}",2019-10-06T09:28:17,2025-12-02T16:59:27,1,Q950820
992,Departamento de San Justo,3641,S,11,AR,city,,,-30.66667000,-60.50000000,Departamento de San Justo,230339,America/Argentina/Buenos_Aires,"{""br"":""Departamant San Justo"",""ko"":""산 후스토"",""pt-BR"":""Departamento de San Justo"",""pt"":""Departamento de San Justo"",""nl"":""Departamento de San Justo"",""hr"":""Odjel San Justo"",""fa"":""بخش سن خوستو"",""de"":""Departamento de San Justo"",""es"":""Departamento de San Justo"",""fr"":""Département de San Justo"",""ja"":""サンフスト県"",""it"":""Departamento de San Justo"",""zh-CN"":""圣胡斯托省"",""tr"":""San Justo Dairesi"",""ru"":""Департамент Сан-Хусто"",""uk"":""Департамент Сан-Хусто"",""pl"":""Departamento de San Justo"",""hi"":""Departamento de San Justo"",""ar"":""Departamento de San Justo""}",2019-10-06T09:28:17,2025-12-02T16:59:27,1,Q1191097
993,Departamento de San Lorenzo,3641,S,11,AR,city,,,-33.00000000,-61.00000000,Departamento de San Lorenzo,194580,America/Argentina/Buenos_Aires,"{""br"":""Departamant San Lorenzo"",""ko"":""산 로렌조"",""pt-BR"":""Departamento de San Lorenzo"",""pt"":""Departamento de San Lorenzo"",""nl"":""Departement van San Lorenzo"",""hr"":""Odjel San Lorenzo"",""fa"":""بخش سن لورنزو"",""de"":""Departamento de San Lorenzo"",""es"":""Departamento de San Lorenzo"",""fr"":""Département de San Lorenzo"",""ja"":""サン・ロレンソ県"",""it"":""Departamento de San Lorenzo"",""zh-CN"":""圣洛伦索省"",""tr"":""San Lorenzo Dairesi"",""ru"":""Департамент Сан-Лоренцо"",""uk"":""Департамент Сан-Лоренцо"",""pl"":""Departamento de San Lorenzo"",""hi"":""सैन लोरेंजो विभाग"",""ar"":""Departamento de San Lorenzo""}",2019-10-06T09:28:17,2025-12-02T16:59:27,1,Q1191103
994,Departamento de San Lorenzo,3640,H,11,AR,city,,,-27.33333000,-60.41667000,Departamento de San Lorenzo,194580,America/Argentina/Buenos_Aires,"{""br"":""Departamant San Lorenzo"",""ko"":""산 로렌조"",""pt-BR"":""Departamento de San Lorenzo"",""pt"":""Departamento de San Lorenzo"",""nl"":""Departamento de San Lorenzo"",""hr"":""Odjel San Lorenzo"",""fa"":""بخش سن لورنزو"",""de"":""Departamento de San Lorenzo"",""es"":""Departamento de San Lorenzo"",""fr"":""Département de San Lorenzo"",""ja"":""サン・ロレンソ県"",""it"":""Departamento de San Lorenzo"",""zh-CN"":""圣洛伦索省"",""tr"":""San Lorenzo Dairesi"",""ru"":""Департамент Сан-Лоренцо"",""uk"":""Департамент Сан-Лоренцо"",""pl"":""Departamento de San Lorenzo"",""hi"":""सैन लोरेंजो विभाग"",""ar"":""Departamento de San Lorenzo""}",2019-10-06T09:28:17,2025-12-02T17:11:50,1,Q1191103
995,Departamento de San Luis del Palmar,3638,W,11,AR,city,,,-27.50000000,-58.25000000,Departamento de San Luis del Palmar,21459,America/Argentina/Buenos_Aires,"{""br"":""Departamant San Luis del Palmar"",""ko"":""데파르타멘토 데 산 루이스 델 팔마르"",""pt-BR"":""Departamento de San Luis del Palmar"",""pt"":""Departamento de San Luis del Palmar"",""nl"":""Vertrek van San Luis del Palmar"",""hr"":""Departamento de San Luis del Palmar"",""fa"":""Departamento de San Luis del Palmar"",""de"":""Departamento de San Luis del Palmar"",""es"":""Departamento de San Luis del Palmar"",""fr"":""Département de San Luis del Palmar"",""ja"":""サン ルイス デル パルマルデパートメント"",""it"":""Dipartimento di San Luis del Palmar"",""zh-CN"":""圣路易斯德尔帕尔马省"",""tr"":""San Luis del Palmar Departamento"",""ru"":""Департамент Сан-Луис-дель-Пальмар"",""uk"":""Департамент Сан-Луїс-дель-Пальмар"",""pl"":""Departamento de San Luis del Palmar"",""hi"":""डिपार्टमेंट डे सैन लुइस डेल पालमार"",""ar"":""قسم سان لويس ديل بالمار""}",2019-10-06T09:28:17,2025-12-02T16:59:27,1,Q1191103
996,Departamento de San Martín,3638,W,11,AR,city,,,-28.83333000,-56.91667000,Departamento de San Martín,15187,America/Argentina/Buenos_Aires,"{""br"":""Departamant San Martín"",""ko"":""산 마르틴"",""pt-BR"":""Departamento de San Martín"",""pt"":""Departamento de San Martín"",""nl"":""Departamento de San Martín"",""hr"":""Odjel San Martín"",""fa"":""شهرستان سن مارتین"",""de"":""Departamento de San Martín"",""es"":""Departamento de San Martín"",""fr"":""Département de San Martín"",""ja"":""サンマルティン県"",""it"":""Departamento de San Martín"",""zh-CN"":""圣马丁省"",""tr"":""Departamento de San Martín"",""ru"":""Департамент Сан-Мартин"",""uk"":""Департамент Сан-Мартін"",""pl"":""Departamento de San Martín"",""hi"":""Departamento de San Martín"",""ar"":""Departamento de San Martín""}",2019-10-06T09:28:17,2025-12-02T16:59:27,1,Q1063365
997,Departamento de San Martín,3635,G,11,AR,adm2,,,-28.16667000,-63.83333000,Departamento de San Martín,15187,America/Argentina/Buenos_Aires,"{""br"":""Departamant San Martín"",""ko"":""산 마르틴"",""pt-BR"":""Departamento de San Martín"",""pt"":""Departamento de San Martín"",""nl"":""Departamento de San Martín"",""hr"":""Odjel San Martín"",""fa"":""شهرستان سن مارتین"",""de"":""Departamento de San Martín"",""es"":""Departamento de San Martín"",""fr"":""Département de San Martín"",""ja"":""サンマルティン県"",""it"":""Departamento de San Martín"",""zh-CN"":""圣马丁省"",""tr"":""Departamento de San Martín"",""ru"":""Департамент Сан-Мартин"",""uk"":""Департамент Сан-Мартін"",""pl"":""Departamento de San Martín"",""hi"":""Departamento de San Martín"",""ar"":""Departamento de San Martín""}",2019-10-06T09:28:17,2025-12-02T17:11:50,1,Q1191115
998,Departamento de San Martín,3634,J,11,AR,city,,,-31.50000000,-68.25000000,Departamento de San Martín,15187,America/Argentina/Buenos_Aires,"{""br"":""Departamant San Martín"",""ko"":""산 마르틴"",""pt-BR"":""Departamento de San Martín"",""pt"":""Departamento de San Martín"",""nl"":""Departamento de San Martín"",""hr"":""Odjel San Martín"",""fa"":""شهرستان سن مارتین"",""de"":""Departamento de San Martín"",""es"":""Departamento de San Martín"",""fr"":""Département de San Martín"",""ja"":""サンマルティン県"",""it"":""Departamento de San Martín"",""zh-CN"":""圣马丁省"",""tr"":""Departamento de San Martín"",""ru"":""Департамент Сан-Мартин"",""uk"":""Департамент Сан-Мартін"",""pl"":""Departamento de San Martín"",""hi"":""Departamento de San Martín"",""ar"":""Departamento de San Martín""}",2019-10-06T09:28:17,2025-12-02T16:59:27,1,Q1191115
999,Departamento de San Martín,3646,M,11,AR,city,,,-32.83730000,-68.24922000,Departamento de San Martín,15187,America/Argentina/Buenos_Aires,"{""br"":""Departamant San Martín"",""ko"":""산 마르틴"",""pt-BR"":""Departamento de San Martín"",""pt"":""Departamento de San Martín"",""nl"":""Departamento de San Martín"",""hr"":""Odjel San Martín"",""fa"":""شهرستان سن مارتین"",""de"":""Departamento de San Martín"",""es"":""Departamento de San Martín"",""fr"":""Département de San Martín"",""ja"":""サンマルティン県"",""it"":""Departamento de San Martín"",""zh-CN"":""圣马丁省"",""tr"":""Departamento de San Martín"",""ru"":""Департамент Сан-Мартин"",""uk"":""Департамент Сан-Мартін"",""pl"":""Departamento de San Martín"",""hi"":""Departamento de San Martín"",""ar"":""Departamento de San Martín""}",2019-10-06T09:28:17,2025-12-02T16:59:27,1,Q376089
1000,Departamento de San Martín,3641,S,11,AR,city,,,-32.00000000,-61.83333000,Departamento de San Martín,15187,America/Argentina/Buenos_Aires,"{""br"":""Departamant San Martín"",""ko"":""산 마르틴"",""pt-BR"":""Departamento de San Martín"",""pt"":""Departamento de San Martín"",""nl"":""Departamento de San Martín"",""hr"":""Odjel San Martín"",""fa"":""شهرستان سن مارتین"",""de"":""Departamento de San Martín"",""es"":""Departamento de San Martín"",""fr"":""Département de San Martín"",""ja"":""サンマルティン県"",""it"":""Departamento de San Martín"",""zh-CN"":""圣马丁省"",""tr"":""Departamento de San Martín"",""ru"":""Департамент Сан-Мартин"",""uk"":""Департамент Сан-Мартін"",""pl"":""Departamento de San Martín"",""hi"":""Departamento de San Martín"",""ar"":""Departamento de San Martín""}",2019-10-06T09:28:17,2025-12-02T17:11:50,1,Q284326
1001,Departamento de San Miguel,3638,W,11,AR,adm2,,,-27.91667000,-57.50000000,Departamento de San Miguel,12713,America/Argentina/Buenos_Aires,"{""br"":""Departamant San Miguel"",""ko"":""산 미구엘"",""pt-BR"":""Departamento de San Miguel"",""pt"":""Departamento de San Miguel"",""nl"":""Departamento de San Miguel"",""hr"":""Departamento de San Miguel"",""fa"":""بخش سن میگل"",""de"":""Departamento de San Miguel"",""es"":""Departamento de San Miguel"",""fr"":""Département de San Miguel"",""ja"":""サンミゲル県"",""it"":""Dipartimento di San Miguel"",""zh-CN"":""圣米格尔省"",""tr"":""San Miguel Departmanı"",""ru"":""Департамент Сан-Мигель"",""uk"":""Департамент Сан-Мігель"",""pl"":""Departamento de San Miguel"",""hi"":""सैन मिगुएल विभाग"",""ar"":""Departamento de San Miguel""}",2019-10-06T09:28:17,2025-12-02T17:11:50,1,Q1063338
1002,Departamento de San Pedro,3644,N,11,AR,city,,,-26.66667000,-54.00000000,Departamento de San Pedro,34801,America/Argentina/Buenos_Aires,"{""br"":""Departamant San Pedro"",""ko"":""산페드로"",""pt-BR"":""Departamento de San Pedro"",""pt"":""Departamento de San Pedro"",""nl"":""Departamento de San Pedro"",""hr"":""Departamento de San Pedro"",""fa"":""بخش سن پدرو"",""de"":""Departamento de San Pedro"",""es"":""Departamento de San Pedro"",""fr"":""Département de San Pedro"",""ja"":""サンペドロ県"",""it"":""Departamento de San Pedro"",""zh-CN"":""圣佩德罗省"",""tr"":""San Pedro Departmanı"",""ru"":""Департамент Сан-Педро"",""uk"":""Департамент Сан-Педро"",""pl"":""Departamento de San Pedro"",""hi"":""सैन पेड्रो विभाग"",""ar"":""Departamento de San Pedro""}",2019-10-06T09:28:17,2025-12-02T16:59:27,1,Q782340
1003,Departamento de San Rafael,3646,M,11,AR,city,,,-35.00000000,-68.83333000,Departamento de San Rafael,215020,America/Argentina/Buenos_Aires,"{""br"":""Departamant San Rafael"",""ko"":""산 라파엘"",""pt-BR"":""Departamento de San Rafael"",""pt"":""Departamento de San Rafael"",""nl"":""Departamento de San Rafael"",""hr"":""Odjel San Rafael"",""fa"":""بخش سن رافائل"",""de"":""Departamento de San Rafael"",""es"":""Departamento de San Rafael"",""fr"":""Département de San Rafael"",""ja"":""サンラファエル県"",""it"":""Departamento de San Rafael"",""zh-CN"":""圣拉斐尔省"",""tr"":""San Rafael Departmanı"",""ru"":""Департамент Сан-Рафаэль"",""uk"":""Департамент Сан-Рафаель"",""pl"":""Departamento de San Rafael"",""hi"":""सैन राफेल विभाग"",""ar"":""Departamento de San Rafael""}",2019-10-06T09:28:17,2025-12-02T16:59:27,1,Q2004531
1004,Departamento de San Roque,3638,W,11,AR,city,,,-28.66667000,-58.75000000,Departamento de San Roque,22715,America/Argentina/Buenos_Aires,"{""br"":""Departamant San Roque"",""ko"":""산 로케"",""pt-BR"":""Departamento de San Roque"",""pt"":""Departamento de San Roque"",""nl"":""Departement van San Roque"",""hr"":""Departamento de San Roque"",""fa"":""بخش سن روکه"",""de"":""Departamento de San Roque"",""es"":""Departamento de San Roque"",""fr"":""Département de San Roque"",""ja"":""サンロケ県"",""it"":""Departamento de San Roque"",""zh-CN"":""圣罗克省"",""tr"":""San Roque Dairesi"",""ru"":""Департамент Сан-Роке"",""uk"":""Департамент Сан-Роке"",""pl"":""Departamento de San Roque"",""hi"":""सैन रोके विभाग"",""ar"":""Departamento de San Roque""}",2019-10-06T09:28:17,2025-12-02T16:59:27,1,Q374562
1005,Departamento de Santa Lucía,3634,J,11,AR,city,,,-31.53333000,-68.46667000,Departamento de Santa Lucía,62729,America/Argentina/Buenos_Aires,"{""br"":""Departamant Santa Lucía"",""ko"":""산타 루시아"",""pt-BR"":""Departamento de Santa Lucía"",""pt"":""Departamento de Santa Lucía"",""nl"":""Departamento de Santa Lucía"",""hr"":""Departamento de Santa Lucía"",""fa"":""بخش سانتا لوسیا"",""de"":""Departamento de Santa Lucía"",""es"":""Departamento de Santa Lucía"",""fr"":""Département de Santa Lucía"",""ja"":""サンタ・ルシア県"",""it"":""Departamento de Santa Lucía"",""zh-CN"":""圣卢西亚省"",""tr"":""Departmanto de Santa Lucía"",""ru"":""Departamento de Santa Lucía"",""uk"":""Департамент Санта-Лусія"",""pl"":""Departamento de Santa Lucía"",""hi"":""सांता लूसिया विभाग"",""ar"":""Departamento de Santa Lucía""}",2019-10-06T09:28:17,2025-12-02T16:59:27,1,Q1191155
1006,Departamento de Santa María,3647,K,11,AR,city,,,-26.66667000,-66.41667000,Departamento de Santa María,26929,America/Argentina/Buenos_Aires,"{""br"":""Departamant Santa Maria"",""ko"":""산타 마리아"",""pt-BR"":""Departamento de Santa María"",""pt"":""Departamento de Santa María"",""nl"":""Departamento de Santa María"",""hr"":""Departamento de Santa María"",""fa"":""بخش سانتا ماریا"",""de"":""Departamento de Santa María"",""es"":""Departamento de Santa María"",""fr"":""Département de Santa María"",""ja"":""サンタマリア県"",""it"":""Departamento de Santa María"",""zh-CN"":""圣玛丽亚省"",""tr"":""Departmanto de Santa María"",""ru"":""Департамент Санта-Мария"",""uk"":""Департамент Санта-Марія"",""pl"":""Departamento de Santa María"",""hi"":""सांता मारिया विभाग"",""ar"":""Departamento de Santa María""}",2019-10-06T09:28:17,2025-12-02T16:59:27,1,Q1080656
1007,Departamento de Santa Rosa,3647,K,11,AR,city,,,-28.08333000,-65.25000000,Departamento de Santa Rosa,13322,America/Argentina/Buenos_Aires,"{""br"":""Departamant Santa Rosa"",""ko"":""산타 로사"",""pt-BR"":""Departamento de Santa Rosa"",""pt"":""Departamento de Santa Rosa"",""nl"":""Departement van Santa Rosa"",""hr"":""Odjel Santa Rosa"",""fa"":""بخش سانتا روزا"",""de"":""Departamento de Santa Rosa"",""es"":""Departamento de Santa Rosa"",""fr"":""Département de Santa Rosa"",""ja"":""サンタローザ県"",""it"":""Departamento de Santa Rosa"",""zh-CN"":""圣罗莎省"",""tr"":""Santa Rosa Dairesi"",""ru"":""Департамент Санта-Роза"",""uk"":""Департамент Санта-Роза"",""pl"":""Departamento de Santa Rosa"",""hi"":""सांता रोजा विभाग"",""ar"":""Departamento de Santa Rosa""}",2019-10-06T09:28:17,2025-12-02T16:59:27,1,Q638965
1008,Departamento de Santa Rosa,3646,M,11,AR,city,,,-33.50000000,-68.00000000,Departamento de Santa Rosa,13322,America/Argentina/Buenos_Aires,"{""br"":""Departamant Santa Rosa"",""ko"":""산타 로사"",""pt-BR"":""Departamento de Santa Rosa"",""pt"":""Departamento de Santa Rosa"",""nl"":""Departement van Santa Rosa"",""hr"":""Odjel Santa Rosa"",""fa"":""بخش سانتا روزا"",""de"":""Departamento de Santa Rosa"",""es"":""Departamento de Santa Rosa"",""fr"":""Département de Santa Rosa"",""ja"":""サンタローザ県"",""it"":""Departamento de Santa Rosa"",""zh-CN"":""圣罗莎省"",""tr"":""Santa Rosa Dairesi"",""ru"":""Департамент Санта-Роза"",""uk"":""Департамент Санта-Роза"",""pl"":""Departamento de Santa Rosa"",""hi"":""सांता रोजा विभाग"",""ar"":""Departamento de Santa Rosa""}",2019-10-06T09:28:17,2025-12-02T16:59:27,1,Q600622
1009,Departamento de Santo Tomé,3638,W,11,AR,city,,,-28.25000000,-56.25000000,Departamento de Santo Tomé,71927,America/Argentina/Buenos_Aires,"{""br"":""Departamant Sant Tomé"",""ko"":""산토 토메"",""pt-BR"":""Departamento de Santo Tomé"",""pt"":""Departamento de Santo Tomé"",""nl"":""Departamento de Santo Tomé"",""hr"":""Departamento de Santo Tomé"",""fa"":""بخش سانتو تومه"",""de"":""Departamento de Santo Tomé"",""es"":""Departamento de Santo Tomé"",""fr"":""Département de Santo Tomé"",""ja"":""サントトメ県"",""it"":""Departamento de Santo Tomé"",""zh-CN"":""圣托梅省"",""tr"":""Departamento de Santo Tomé"",""ru"":""Departamento de Santo Tomé"",""uk"":""Департамент Санто-Томе"",""pl"":""Departamento de Santo Tomé"",""hi"":""Departamento de Santo Tomé"",""ar"":""Departamento de Santo Tomé""}",2019-10-06T09:28:17,2025-12-02T16:59:27,1,Q967023
1010,Departamento de Sargento Cabral,3640,H,11,AR,adm2,,,-26.83333000,-59.50000000,Departamento de Sargento Cabral,18793,America/Argentina/Buenos_Aires,"{""br"":""Departamant Sargento Cabral"",""ko"":""데파르타멘토 데 사르젠토 카브랄"",""pt-BR"":""Departamento de Sargento Cabral"",""pt"":""Departamento de Sargento Cabral"",""nl"":""Departamento de Sargento Cabral"",""hr"":""Departamento de Sargento Cabral"",""fa"":""Departamento de Sargento Cabral"",""de"":""Departamento de Sargento Cabral"",""es"":""Departamento de Sargento Cabral"",""fr"":""Département de Sargento Cabral"",""ja"":""サルジェント カブラル部門"",""it"":""Dipartimento del Sargento Cabral"",""zh-CN"":""萨真托·卡布拉尔省"",""tr"":""Sargento Cabral Departamento"",""ru"":""Департамент Сардженто Кабрал"",""uk"":""Департамент Сардженто Кабрал"",""pl"":""Departamento de Sargento Cabral"",""hi"":""डिपार्टमेंट डे सार्जेंटो कैब्रल"",""ar"":""قسم سارجنتو كابرال""}",2019-10-06T09:28:17,2025-12-02T17:11:50,1,Q1063313
1011,Departamento de Sarmiento,3635,G,11,AR,adm2,,,-28.08333000,-63.41667000,Departamento de Sarmiento,14596,America/Argentina/Buenos_Aires,"{""br"":""Departamant ar Sarentez"",""ko"":""사르미엔토"",""pt-BR"":""Departamento de Sarmiento"",""pt"":""Departamento de Sarmiento"",""nl"":""Departamento de Sarmiento"",""hr"":""Departamento de Sarmiento"",""fa"":""بخش سارمینتو"",""de"":""Departamento de Sarmiento"",""es"":""Departamento de Sarmiento"",""fr"":""Département de Sarmiento"",""ja"":""サルミエント県"",""it"":""Departamento de Sarmiento"",""zh-CN"":""萨米恩托省"",""tr"":""Sarmiento Dairesi"",""ru"":""Департамент Сармьенто"",""uk"":""Департамент Сарм'єнто"",""pl"":""Departamento de Sarmiento"",""hi"":""डिपार्टमेंटो डी सरमिएंटो"",""ar"":""Departamento de Sarmiento""}",2019-10-06T09:28:17,2025-12-02T17:11:50,1,Q1063313
1012,Departamento de Sarmiento,3651,U,11,AR,city,,,-45.33333000,-69.00000000,Departamento de Sarmiento,14596,America/Argentina/Buenos_Aires,"{""br"":""Departamant ar Sarmento"",""ko"":""사르미엔토"",""pt-BR"":""Departamento de Sarmiento"",""pt"":""Departamento de Sarmiento"",""nl"":""Departamento de Sarmiento"",""hr"":""Departamento de Sarmiento"",""fa"":""بخش سارمینتو"",""de"":""Departamento de Sarmiento"",""es"":""Departamento de Sarmiento"",""fr"":""Département de Sarmiento"",""ja"":""サルミエント県"",""it"":""Departamento de Sarmiento"",""zh-CN"":""萨米恩托省"",""tr"":""Sarmiento Dairesi"",""ru"":""Департамент Сармьенто"",""uk"":""Департамент Сарм'єнто"",""pl"":""Departamento de Sarmiento"",""hi"":""सार्मिएंटो विभाग"",""ar"":""Departamento de Sarmiento""}",2019-10-06T09:28:17,2025-12-02T16:59:27,1,Q1063313
1013,Departamento de Sarmiento,3634,J,11,AR,city,,,-32.00000000,-68.66667000,Departamento de Sarmiento,14596,America/Argentina/Buenos_Aires,"{""br"":""Departamant ar Sarentez"",""ko"":""사르미엔토"",""pt-BR"":""Departamento de Sarmiento"",""pt"":""Departamento de Sarmiento"",""nl"":""Departamento de Sarmiento"",""hr"":""Departamento de Sarmiento"",""fa"":""بخش سارمینتو"",""de"":""Departamento de Sarmiento"",""es"":""Departamento de Sarmiento"",""fr"":""Département de Sarmiento"",""ja"":""サルミエント県"",""it"":""Departamento de Sarmiento"",""zh-CN"":""萨米恩托省"",""tr"":""Sarmiento Dairesi"",""ru"":""Департамент Сармьенто"",""uk"":""Департамент Сарм'єнто"",""pl"":""Departamento de Sarmiento"",""hi"":""डिपार्टमेंटो डी सरमिएंटो"",""ar"":""Departamento de Sarmiento""}",2019-10-06T09:28:17,2025-12-02T16:59:27,1,Q548342
1014,Departamento de Sauce,3638,W,11,AR,city,,,-30.00000000,-58.66667000,Departamento de Sauce,10382,America/Argentina/Buenos_Aires,"{""br"":""Departamant ar soubenn"",""ko"":""소스부"",""pt-BR"":""Departamento de Molho"",""pt"":""Departamento de Molho"",""nl"":""Departamento de Sauce"",""hr"":""Odjel za umake"",""fa"":""دپارتمان سس"",""de"":""Departamento de Sauce"",""es"":""Departamento de Sauce"",""fr"":""Département de Sauce"",""ja"":""ソース部門"",""it"":""Departamento de Sauce"",""zh-CN"":""酱料部"",""tr"":""Sos Bölümü"",""ru"":""Departamento de Sauce"",""uk"":""Департамент Соус"",""pl"":""Departamento de Sauce"",""hi"":""सॉस विभाग"",""ar"":""قسم الصلصة""}",2019-10-06T09:28:17,2025-12-02T16:59:27,1,Q630600
1015,Departamento de Simoca,3637,T,11,AR,adm2,,,-27.26360000,-65.35612000,Departamento de Simoca,7939,America/Argentina/Tucuman,"{""br"":""Departamant Simoka"",""ko"":""시모카"",""pt-BR"":""Departamento de Simoca"",""pt"":""Departamento de Simoca"",""nl"":""Departamento de Simoca"",""hr"":""Departamento de Simoca"",""fa"":""دپارتمان سیموکا"",""de"":""Departamento de Simoca"",""es"":""Departamento de Simoca"",""fr"":""Département de Simoca"",""ja"":""シモカ県"",""it"":""Departamento de Simoca"",""zh-CN"":""西莫卡省"",""tr"":""Simoca Dairesi"",""ru"":""Departamento de Simoca"",""uk"":""Департамент Сімока"",""pl"":""Departamento de Simoca"",""hi"":""डिपार्टामेंटो डी सिमोका"",""ar"":""Departamento de Simoca""}",2019-10-06T09:28:17,2025-12-02T14:39:55,1,Q1191190
1016,Departamento de Sobremonte,3642,X,11,AR,city,,,-29.66667000,-64.08333000,Departamento de Sobremonte,4503,America/Argentina/Buenos_Aires,"{""br"":""Departamant Sobremont"",""ko"":""소브레몬테"",""pt-BR"":""Departamento de Sobremonte"",""pt"":""Departamento de Sobremonte"",""nl"":""Departamento de Sobremonte"",""hr"":""Odjel Sobremonte"",""fa"":""دپارتمان سوبرمونته"",""de"":""Departamento de Sobremonte"",""es"":""Departamento de Sobremonte"",""fr"":""Département de Sobremonte"",""ja"":""ソブレモンテ県"",""it"":""Departamento de Sobremonte"",""zh-CN"":""索布雷蒙特省"",""tr"":""Sobremonte Departmanı"",""ru"":""Departamento de Sobremonte"",""uk"":""Департамент Собремонте"",""pl"":""Departamento de Sobremonte"",""hi"":""Departamento de Sobremonte"",""ar"":""Departamento de Sobremonte""}",2019-10-06T09:28:17,2025-12-02T16:59:27,1,Q1063095
1017,Departamento de Tapenagá,3640,H,11,AR,city,,,-27.50000000,-59.75000000,Departamento de Tapenagá,4059,America/Argentina/Buenos_Aires,"{""br"":""Departamant an Tapenaga"",""ko"":""타페나가"",""pt-BR"":""Departamento de Tapenagá"",""pt"":""Departamento de Tapenagá"",""nl"":""Departamento de Tapenagá"",""hr"":""Departamento de Tapenagá"",""fa"":""بخش تاپناگا"",""de"":""Departamento de Tapenagá"",""es"":""Departamento de Tapenagá"",""fr"":""Département de Tapenagá"",""ja"":""タペナガ県"",""it"":""Departamento de Tapenagá"",""zh-CN"":""塔佩纳加省"",""tr"":""Departamento de Tapenagá"",""ru"":""Departamento de Tapenagá"",""uk"":""Департамент Тапенага"",""pl"":""Departamento de Tapenagá"",""hi"":""Departamento de Tapenagá"",""ar"":""Departamento de Tapenagá""}",2019-10-06T09:28:17,2025-12-02T16:59:27,1,Q1063095
1018,Departamento de Tehuelches,3651,U,11,AR,city,,,-44.22132000,-70.25260000,Departamento de Tehuelches,5978,America/Argentina/Buenos_Aires,"{""br"":""Departamant ar C'helenn"",""ko"":""테우엘체스"",""pt-BR"":""Departamento de Tehuelches"",""pt"":""Departamento de Tehuelches"",""nl"":""Departamento de Tehuelches"",""hr"":""Odjel Tehuelches"",""fa"":""شهرستان تهوئلش"",""de"":""Departamento de Tehuelches"",""es"":""Departamento de Tehuelches"",""fr"":""Département de Tehuelches"",""ja"":""テウェルチェス県"",""it"":""Departamento de Tehuelches"",""zh-CN"":""特韦尔切斯省"",""tr"":""Tehuelches Departmanı"",""ru"":""Departamento de Tehuelches"",""uk"":""Департамент Теуельчес"",""pl"":""Departamento de Tehuelches"",""hi"":""Departamento de Tehuelches"",""ar"":""Departamento de Tehuelches""}",2019-10-06T09:28:17,2025-12-02T16:59:27,1,Q980641
1019,Departamento de Telsen,3651,U,11,AR,city,,,-42.41667000,-67.16667000,Departamento de Telsen,1623,America/Argentina/Buenos_Aires,"{""br"":""Departamant an Telsen"",""ko"":""텔센"",""pt-BR"":""Departamento de Telsen"",""pt"":""Departamento de Telsen"",""nl"":""Departamento de Telsen"",""hr"":""Odjel Telsen"",""fa"":""دپارتمان تلسن"",""de"":""Departamento de Telsen"",""es"":""Departamento de Telsen"",""fr"":""Département de Telsen"",""ja"":""テルセン県"",""it"":""Departamento de Telsen"",""zh-CN"":""特尔森省"",""tr"":""Telsen Departmanı"",""ru"":""Departamento de Telsen"",""uk"":""Департамент Тельсен"",""pl"":""Departamento de Telsen"",""hi"":""डिपार्टमेंटो डे टेल्सन"",""ar"":""Departamento de Telsen""}",2019-10-06T09:28:17,2025-12-02T16:59:27,1,Q290328
1020,Departamento de Tinogasta,3647,K,11,AR,city,,,-27.50000000,-68.00000000,Departamento de Tinogasta,25395,America/Argentina/Buenos_Aires,"{""br"":""Departamant an Tinogasta"",""ko"":""티노가스타"",""pt-BR"":""Departamento de Tinogasta"",""pt"":""Departamento de Tinogasta"",""nl"":""Departamento de Tinogasta"",""hr"":""Departamento de Tinogasta"",""fa"":""بخش تینوگستا"",""de"":""Departamento de Tinogasta"",""es"":""Departamento de Tinogasta"",""fr"":""Département de Tinogasta"",""ja"":""ティノガスタ県"",""it"":""Departamento de Tinogasta"",""zh-CN"":""蒂诺加斯塔省"",""tr"":""Tinogasta Dairesi"",""ru"":""Департамент Тиногаста"",""uk"":""Департамент Тіногаста"",""pl"":""Departamento de Tinogasta"",""hi"":""डिपार्टामेंटो डे टिनोगास्टा"",""ar"":""Departamento de Tinogasta""}",2019-10-06T09:28:17,2025-12-02T16:59:27,1,Q1080210
1021,Departamento de Toay,3655,L,11,AR,city,,,-36.58333000,-64.80000000,Departamento de Toay,18029,America/Argentina/Buenos_Aires,"{""br"":""Departamant ar c'hoariva"",""ko"":""토아이"",""pt-BR"":""Departamento de Toay"",""pt"":""Departamento de Toay"",""nl"":""Departamento de Toay"",""hr"":""Departamento de Toay"",""fa"":""دپارتمان توای"",""de"":""Departamento de Toay"",""es"":""Departamento de Toay"",""fr"":""Département de Toay"",""ja"":""トアイ県"",""it"":""Departamento de Toay"",""zh-CN"":""托伊省"",""tr"":""Toay Departmanı"",""ru"":""Департамент Тоай"",""uk"":""Департамент Тоай"",""pl"":""Departamento de Toay"",""hi"":""Departamento de Toay"",""ar"":""Departamento de Toay""}",2019-10-06T09:28:17,2025-12-02T16:59:27,1,Q2145575
1022,Departamento de Totoral,3642,X,11,AR,city,,,-30.83333000,-63.91667000,Departamento de Totoral,22495,America/Argentina/Buenos_Aires,"{""br"":""Departamant an Hollvedel"",""ko"":""총무부"",""pt-BR"":""Departamento de Totoral"",""pt"":""Departamento de Totoral"",""nl"":""Departamento de Totoral"",""hr"":""Departamento de Totoral"",""fa"":""اداره آموزش و پرورش"",""de"":""Departamento de Totoral"",""es"":""Departamento de Totoral"",""fr"":""Département de Totoral"",""ja"":""トトラル県"",""it"":""Departamento de Totoral"",""zh-CN"":""托托拉尔省"",""tr"":""Departmanto de Totoral"",""ru"":""Departamento de Totoral"",""uk"":""Департамент Тотораль"",""pl"":""Departamento de Totoral"",""hi"":""Departamento de Totoral"",""ar"":""Departamento de Totoral""}",2019-10-06T09:28:17,2025-12-02T16:59:27,1,Q1063056
1023,Departamento de Trancas,3637,T,11,AR,city,,,-26.41667000,-65.50000000,Departamento de Trancas,17541,America/Argentina/Buenos_Aires,"{""br"":""Departamant an Treuzdougen"",""ko"":""트란카스"",""pt-BR"":""Departamento de Trancas"",""pt"":""Departamento de Trancas"",""nl"":""Departamento de Trancas"",""hr"":""Odjel Trancas"",""fa"":""اداره حمل و نقل"",""de"":""Departamento de Trancas"",""es"":""Departamento de Trancas"",""fr"":""Département de Trancas"",""ja"":""トランカス県"",""it"":""Departamento de Trancas"",""zh-CN"":""特兰卡斯省"",""tr"":""Departmanto de Trancas"",""ru"":""Департамент Транкас"",""uk"":""Департамент Транкас"",""pl"":""Departamento de Trancas"",""hi"":""डिपार्टमेंटो डे ट्रांकास"",""ar"":""Departamento de Trancas""}",2019-10-06T09:28:17,2025-12-02T16:59:27,1,Q1191220
1024,Departamento de Tulumba,3642,X,11,AR,city,,,-30.25000000,-63.91667000,Tulumba en el departamento,14134,America/Argentina/Buenos_Aires,"{""br"":""Departamant an Tulumba"",""ko"":""툴룸바"",""pt-BR"":""Departamento de Tulumba"",""pt"":""Departamento de Tulumba"",""nl"":""Departamento de Tulumba"",""hr"":""Departamento de Tulumba"",""fa"":""بخش تولومبا"",""de"":""Departamento de Tulumba"",""es"":""Departamento de Tulumba"",""fr"":""Département de Tulumba"",""ja"":""トゥルンバ県"",""it"":""Departamento de Tulumba"",""zh-CN"":""图伦巴省"",""tr"":""Tulumba Dairesi"",""ru"":""Департамент Тулумбы"",""uk"":""Департамент Тулумба"",""pl"":""Departamento de Tulumba"",""hi"":""Departamento de Tulumba"",""ar"":""Departamento de Tulumba""}",2019-10-06T09:28:17,2025-12-02T16:59:27,1,Q972349
1025,Departamento de Tumbaya,3645,Y,11,AR,city,,,-23.71667000,-65.66667000,Departamento de Tumbaya,,America/Argentina/Buenos_Aires,"{""br"":""Departamant Tumbaya"",""ko"":""툼바야"",""pt-BR"":""Departamento de Tumbaya"",""pt"":""Departamento de Tumbaya"",""nl"":""Departamento de Tumbaya"",""hr"":""Odjel Tumbaya"",""fa"":""بخش تومبایا"",""de"":""Departamento de Tumbaya"",""es"":""Departamento de Tumbaya"",""fr"":""Département de Tumbaya"",""ja"":""トゥンバヤ県"",""it"":""Departamento de Tumbaya"",""zh-CN"":""通巴亚省"",""tr"":""Tumbaya Dairesi"",""ru"":""Департамент Тумбая"",""uk"":""Департамент Тумбая"",""pl"":""Departamento de Tumbaya"",""hi"":""Departamento de Tumbaya"",""ar"":""Departamento de Tumbaya""}",2019-10-06T09:28:17,2025-12-02T16:59:27,1,Q1063348
1026,Departamento de Tunuyán,3646,M,11,AR,city,,,-33.66667000,-69.50000000,Departamento de Tunuyán,60171,America/Argentina/Buenos_Aires,"{""br"":""Departamant Tunuyán"",""ko"":""투누얀"",""pt-BR"":""Departamento de Tunuyán"",""pt"":""Departamento de Tunuyán"",""nl"":""Departamento de Tunuyán"",""hr"":""Departamento de Tunuyán"",""fa"":""شهرستان تونویان"",""de"":""Departamento de Tunuyán"",""es"":""Departamento de Tunuyán"",""fr"":""Département de Tunuyán"",""ja"":""トゥヌヤン県"",""it"":""Departamento de Tunuyán"",""zh-CN"":""图努扬省"",""tr"":""Departamento de Tunuyán"",""ru"":""Departamento de Tunuyán"",""uk"":""Департамент Тунуян"",""pl"":""Departamento de Tunuyán"",""hi"":""Departamento de Tunuyán"",""ar"":""Departamento de Tunuyán""}",2019-10-06T09:28:17,2025-12-02T16:59:27,1,Q1063348
1027,Departamento de Tupungato,3646,M,11,AR,city,,,-33.25000000,-69.25000000,Departamento de Tupungato,41280,America/Argentina/Buenos_Aires,"{""br"":""Departamant an Tupungato"",""ko"":""투풍가토"",""pt-BR"":""Departamento de Tupungato"",""pt"":""Departamento de Tupungato"",""nl"":""Departamento de Tupungato"",""hr"":""Departamento de Tupungato"",""fa"":""بخش توپونگاتو"",""de"":""Departamento de Tupungato"",""es"":""Departamento de Tupungato"",""fr"":""Département de Tupungato"",""ja"":""トゥプンガト県"",""it"":""Departamento de Tupungato"",""zh-CN"":""图蓬加托省"",""tr"":""Tupungato Departmanı"",""ru"":""Departamento de Tupungato"",""uk"":""Департамент Тупунгато"",""pl"":""Departamento de Tupungato"",""hi"":""Departamento de Tupungato"",""ar"":""Departamento de Tupungato""}",2019-10-06T09:28:17,2025-12-02T16:59:27,1,Q2317932
1028,Departamento de Ullúm,3634,J,11,AR,city,,,-31.00000000,-68.91667000,Departamento de Ullúm,6454,America/Argentina/Buenos_Aires,"{""br"":""Departamant Ullúm"",""ko"":""울룸"",""pt-BR"":""Departamento de Ullúm"",""pt"":""Departamento de Ullúm"",""nl"":""Departamento de Ullúm"",""hr"":""Departamento de Ullúm"",""fa"":""شهرستان اولوم"",""de"":""Departamento de Ullúm"",""es"":""Departamento de Ullúm"",""fr"":""Département d'Ullúm"",""ja"":""ウラム県"",""it"":""Departamento de Ullúm"",""zh-CN"":""乌卢姆省"",""tr"":""Departamento de Ullúm"",""ru"":""Departamento de Ullúm"",""uk"":""Департамент Ульюм"",""pl"":""Departamento de Ullúm"",""hi"":""Departamento de Ullúm"",""ar"":""Departamento de Ullúm""}",2019-10-06T09:28:17,2025-12-02T16:59:27,1,Q2317932
1029,Departamento de Unión,3642,X,11,AR,city,,,-32.83333000,-62.75000000,Departamento de Unión,114571,America/Argentina/Buenos_Aires,"{""br"":""Departamant an Unaniezh"",""ko"":""연방부"",""pt-BR"":""Departamento de União"",""pt"":""Departamento de União"",""nl"":""Departamento de Unión"",""hr"":""Departamento de Unión"",""fa"":""وزارت اتحادیه"",""de"":""Departamento de Unión"",""es"":""Departamento de Unión"",""fr"":""Département de l'Union"",""ja"":""Departamento de Unión"",""it"":""Departamento de Unión"",""zh-CN"":""联合省"",""tr"":""Departmanto de Union"",""ru"":""Департамент Унион"",""uk"":""Департамент Уніон"",""pl"":""Departamento de Union"",""hi"":""यूनियन विभाग"",""ar"":""Departamento de Unión""}",2019-10-06T09:28:17,2025-12-02T16:59:27,1,Q2317932
1030,Departamento de Valle Viejo,3647,K,11,AR,city,,,-28.58333000,-65.75000000,Departamento de Valle Viejo,34029,America/Argentina/Buenos_Aires,"{""br"":""Departamant ar Valle Viejo"",""ko"":""발레 비에호"",""pt-BR"":""Departamento de Valle Viejo"",""pt"":""Departamento de Valle Viejo"",""nl"":""Departamento de Valle Viejo"",""hr"":""Departamento de Valle Viejo"",""fa"":""بخش واله ویخو"",""de"":""Departamento de Valle Viejo"",""es"":""Departamento de Valle Viejo"",""fr"":""Département de Valle Viejo"",""ja"":""バジェ・ビエホ県"",""it"":""Departamento de Valle Viejo"",""zh-CN"":""瓦列维耶霍省"",""tr"":""Departamento de Valle Viejo"",""ru"":""Департамент Валле-Вьехо"",""uk"":""Департамент Вальє-В'єхо"",""pl"":""Departamento de Valle Viejo"",""hi"":""Departamento de Valle Viejo"",""ar"":""Departamento de Valle Viejo""}",2019-10-06T09:28:17,2025-12-02T16:59:27,1,Q288586
1031,Departamento de Veinticinco de Mayo,3644,N,11,AR,city,,,-27.41667000,-54.66667000,Departamento de Veinticinco de Mayo,20824,America/Argentina/Buenos_Aires,"{""br"":""Departamant ar Veintikinko e Mayo"",""ko"":""데파르타멘토 데 베인티신코 데 마요"",""pt-BR"":""Departamento de Veinticinco de Mayo"",""pt"":""Departamento de Veinticinco de Mayo"",""nl"":""Departamento de Veinticinco de Mayo"",""hr"":""Departamento de Veinticinco de Mayo"",""fa"":""Departamento de Veinticinco de Mayo"",""de"":""Departamento de Veinticinco de Mayo"",""es"":""Departamento de Veinticinco de Mayo"",""fr"":""Département de Veinticinco de Mayo"",""ja"":""ベインティシンコ デ マヨ県"",""it"":""Dipartimento di Veinticinco de Mayo"",""zh-CN"":""五月葡萄酒局"",""tr"":""Mayo Veinticinco Departamento"",""ru"":""Департамент Вентичинко-де-Майо"",""uk"":""Департамент Вейнтікінко-де-Майо"",""pl"":""Departamento de Veinticinco de Mayo"",""hi"":""डिपार्टामेंटो डे वेन्टिसिनको डे मेयो"",""ar"":""Departamento de Veinticinco de Mayo""}",2019-10-06T09:28:17,2025-12-02T16:59:27,1,Q288586
1032,Departamento de Veinticinco de Mayo,3639,R,11,AR,city,,,-41.25000000,-69.00000000,Departamento de Veinticinco de Mayo,20824,America/Argentina/Buenos_Aires,"{""br"":""Departamant ar Veintikinko e Mayo"",""ko"":""데파르타멘토 데 베인티신코 데 마요"",""pt-BR"":""Departamento de Veinticinco de Mayo"",""pt"":""Departamento de Veinticinco de Mayo"",""nl"":""Departamento de Veinticinco de Mayo"",""hr"":""Departamento de Veinticinco de Mayo"",""fa"":""Departamento de Veinticinco de Mayo"",""de"":""Departamento de Veinticinco de Mayo"",""es"":""Departamento de Veinticinco de Mayo"",""fr"":""Département de Veinticinco de Mayo"",""ja"":""ベインティシンコ デ マヨ県"",""it"":""Dipartimento di Veinticinco de Mayo"",""zh-CN"":""五月葡萄酒局"",""tr"":""Mayo Veinticinco Departamento"",""ru"":""Департамент Вентичинко-де-Майо"",""uk"":""Департамент Вейнтікінко-де-Майо"",""pl"":""Departamento de Veinticinco de Mayo"",""hi"":""डिपार्टामेंटो डे वेन्टिसिनको डे मेयो"",""ar"":""Departamento de Veinticinco de Mayo""}",2019-10-06T09:28:17,2025-12-02T16:59:27,1,Q288586
1033,Departamento de Vera,3641,S,11,AR,city,,,-29.00000000,-60.50000000,Departamento de Vera,56027,America/Argentina/Buenos_Aires,"{""br"":""Departamant ar Vera"",""ko"":""베라"",""pt-BR"":""Departamento de Vera"",""pt"":""Departamento de Vera"",""nl"":""Departement van Vera"",""hr"":""Departamento de Vera"",""fa"":""دپارتمان ورا"",""de"":""Departamento de Vera"",""es"":""Departamento de Vera"",""fr"":""Département de Vera"",""ja"":""ベラ県"",""it"":""Departamento de Vera"",""zh-CN"":""维拉省"",""tr"":""Vera Dairesi"",""ru"":""Департамент Вера"",""uk"":""Департамент Вера"",""pl"":""Departament Vera"",""hi"":""डेपार्टामेंटो डे वेरा"",""ar"":""Departamento de Vera""}",2019-10-06T09:28:17,2025-12-02T16:59:27,1,Q1191274
1034,Departamento de Yerba Buena,3637,T,11,AR,adm2,,,-26.81826000,-65.31733000,Departamento de Yerba Buena,63707,America/Argentina/Buenos_Aires,"{""br"":""Departamant Yerba Buena"",""ko"":""예르바 부에나 주청사"",""pt-BR"":""Departamento de Yerba Buena"",""pt"":""Departamento de Yerba Buena"",""nl"":""Departamento de Yerba Buena"",""hr"":""Departamento de Yerba Buena"",""fa"":""بخش یربا بوئنا"",""de"":""Departamento de Yerba Buena"",""es"":""Departamento de Yerba Buena"",""fr"":""Département de Yerba Buena"",""ja"":""イエルバブエナ県"",""it"":""Departamento de Yerba Buena"",""zh-CN"":""耶尔巴布埃纳省"",""tr"":""Departamento de Yerba Buena"",""ru"":""Departamento de Yerba Buena"",""uk"":""Департамент Єрба-Буена"",""pl"":""Departamento de Yerba Buena"",""hi"":""Departamento de Yerba Buena"",""ar"":""Departamento de Yerba Buena""}",2019-10-06T09:28:17,2025-12-02T17:11:50,1,Q618008
1035,Departamento de Zapala,3648,Q,11,AR,city,,,-39.00000000,-69.83333000,Departamento de Zapala,45698,America/Argentina/Buenos_Aires,"{""br"":""Departamant Zapala"",""ko"":""사팔라"",""pt-BR"":""Departamento de Zapala"",""pt"":""Departamento de Zapala"",""nl"":""Departamento de Zapala"",""hr"":""Departamento de Zapala"",""fa"":""بخش زاپالا"",""de"":""Departamento de Zapala"",""es"":""Departamento de Zapala"",""fr"":""Département de Zapala"",""ja"":""サパラ県"",""it"":""Departamento de Zapala"",""zh-CN"":""萨帕拉省"",""tr"":""Zapala Dairesi"",""ru"":""Департамент Сапала"",""uk"":""Департамент Сапала"",""pl"":""Departamento de Zapala"",""hi"":""डेपार्टामेंटो डे ज़ापाला"",""ar"":""Departamento de Zapala""}",2019-10-06T09:28:17,2025-12-02T16:59:27,1,Q1191283
1036,Departamento de Zonda,3634,J,11,AR,city,,,-31.68260000,-68.89938000,Departamento de Zonda,6683,America/Argentina/Buenos_Aires,"{""br"":""Departamant Zonda"",""ko"":""존다"",""pt-BR"":""Departamento de Zonda"",""pt"":""Departamento de Zonda"",""nl"":""Departamento de Zonda"",""hr"":""Departamento de Zonda"",""fa"":""بخش زوندا"",""de"":""Departamento de Zonda"",""es"":""Departamento de Zonda"",""fr"":""Département de Zonda"",""ja"":""ゾンダ県"",""it"":""Departamento de Zonda"",""zh-CN"":""佐纳省"",""tr"":""Zonda Dairesi"",""ru"":""Departamento de Zonda"",""uk"":""Департамент Зонда"",""pl"":""Departamento de Zonda"",""hi"":""Departamento de Zonda"",""ar"":""Departamento de Zonda""}",2019-10-06T09:28:17,2025-12-02T16:59:27,1,Q571569
1037,Despeñaderos,3642,X,11,AR,city,,,-31.81626000,-64.28989000,Despeñaderos,5645,America/Argentina/Buenos_Aires,"{""br"":""Despeñaderos"",""ko"":""데스페냐데로스"",""pt-BR"":""Despeñaderos"",""pt"":""Despeñaderos"",""nl"":""Despeñaderos"",""hr"":""Despeñaderos"",""fa"":""دسپنادروس"",""de"":""Despeñaderos"",""es"":""Despeñaderos"",""fr"":""Despeñaderos"",""ja"":""デスペニャデロス"",""it"":""Despeñaderos"",""zh-CN"":""绝望者"",""tr"":""Despeñaderos"",""ru"":""Деспенадерос"",""uk"":""Деспеньядерос"",""pl"":""Despeñaderos"",""hi"":""डेस्पेनाडेरोस"",""ar"":""ديسبيناديروس""}",2019-10-06T09:28:17,2025-12-02T17:11:50,1,Q5804390
1038,Devoto,3642,X,11,AR,city,,,-31.40431000,-62.30634000,Dedicado,5597,America/Argentina/Cordoba,"{""br"":""Devoto"",""ko"":""데보토"",""pt-BR"":""Devoto"",""pt"":""Devoto"",""nl"":""Devoto"",""hr"":""Devoto"",""fa"":""دوتو"",""de"":""Devoto"",""es"":""Devoto"",""fr"":""Dévotion"",""ja"":""デヴォト"",""it"":""Devoto"",""zh-CN"":""德沃托"",""tr"":""Devoto"",""ru"":""Devoto"",""uk"":""Девото"",""pl"":""Devoto"",""hi"":""देवोटो"",""ar"":""ديفوتو""}",2019-10-06T09:28:17,2025-12-02T14:39:55,1,Q21841792
1039,Deán Funes,3642,X,11,AR,adm2,,,-30.42036000,-64.34984000,Deán Funes,21518,America/Argentina/Cordoba,"{""br"":""Deán Funes"",""ko"":""딘 푸네스"",""pt-BR"":""Deán Funes"",""pt"":""Deán Funes"",""nl"":""Deán Funes"",""hr"":""Deán Funes"",""fa"":""دین فونس"",""de"":""Deán Funes"",""es"":""Deán Funes"",""fr"":""Deán Funes"",""ja"":""デアン・フネス"",""it"":""Deán Funes"",""zh-CN"":""迪安·富内斯"",""tr"":""Deán Funes"",""ru"":""Деан Фунес"",""uk"":""Діан Фунес"",""pl"":""Deán Funes"",""hi"":""डीन फ्यूनेस"",""ar"":""ديان فونيس""}",2019-10-06T09:28:17,2025-12-02T14:39:55,1,Q525817
1040,Diamante,3654,E,11,AR,adm2,,,-32.06641000,-60.63837000,Diamante,19142,America/Argentina/Buenos_Aires,"{""br"":""Diamante"",""ko"":""디아만테"",""pt-BR"":""Diamante"",""pt"":""Diamante"",""nl"":""Diamant"",""hr"":""Dijamant"",""fa"":""دیامانته"",""de"":""Diamante"",""es"":""Diamante"",""fr"":""Diamant"",""ja"":""ディアマンテ"",""it"":""Diamante"",""zh-CN"":""钻石"",""tr"":""Elmas"",""ru"":""Диаманте"",""uk"":""Діаманте"",""pl"":""Diament"",""hi"":""डायमंड"",""ar"":""الماس""}",2019-10-06T09:28:17,2025-12-02T17:11:50,1,Q2381636
1041,Doblas,3655,L,11,AR,city,,,-37.14967000,-64.01183000,Doblas,1860,America/Argentina/Salta,"{""br"":""Doblas"",""ko"":""도블라스"",""pt-BR"":""Doblas"",""pt"":""Doblas"",""nl"":""Doblas"",""hr"":""Doblas"",""fa"":""دوبلاس"",""de"":""Doblas"",""es"":""Doblas"",""fr"":""Doblas"",""ja"":""ドブラス"",""it"":""Doblas"",""zh-CN"":""多布拉斯"",""tr"":""Doblas"",""ru"":""Доблас"",""uk"":""Доблас"",""pl"":""Doblas"",""hi"":""डोब्लास"",""ar"":""دوبلاس""}",2019-10-06T09:28:17,2025-12-02T14:39:55,1,Q8561381
1042,Dolavón,3651,U,11,AR,city,,,-43.30684000,-65.70651000,Dolavón,2887,America/Argentina/Catamarca,"{""br"":""Dolavón"",""ko"":""돌라본"",""pt-BR"":""Dolavón"",""pt"":""Dolavón"",""nl"":""Dolavón"",""hr"":""Dolavón"",""fa"":""دولاوون"",""de"":""Dolavón"",""es"":""Dolavón"",""fr"":""Dolavon"",""ja"":""ドラヴォン"",""it"":""Dolavón"",""zh-CN"":""多拉翁"",""tr"":""Dolavón"",""ru"":""Долавон"",""uk"":""Долавон"",""pl"":""Dolavon"",""hi"":""डोलावोन"",""ar"":""دولافون""}",2019-10-06T09:28:17,2025-12-02T14:39:55,1,Q106043
1043,Domínguez,3654,E,11,AR,city,,,-31.98710000,-58.96197000,Domínguez,1925,America/Argentina/Cordoba,"{""br"":""Domíngez"",""ko"":""도밍게스"",""pt-BR"":""Domínguez"",""pt"":""Domínguez"",""nl"":""Domínguez"",""hr"":""Domínguez"",""fa"":""دومینگز"",""de"":""Domínguez"",""es"":""Domínguez"",""fr"":""Domínguez"",""ja"":""ドミンゲス"",""it"":""Domínguez"",""zh-CN"":""多明格斯"",""tr"":""Dominguez"",""ru"":""Домингес"",""uk"":""Домінгес"",""pl"":""Domínguez"",""hi"":""Dominguez"",""ar"":""دومينغيز""}",2019-10-06T09:28:17,2025-12-02T14:39:55,1,Q922694
1044,Dos Arroyos,3644,N,11,AR,city,,,-27.69946000,-55.25207000,Dos Arroyos,3079,America/Argentina/Cordoba,"{""br"":""Dos Arroyos"",""ko"":""도스 아로요스"",""pt-BR"":""Dos Arroyos"",""pt"":""Dos Arroyos"",""nl"":""Dos Arroyos"",""hr"":""Dos Arroyos"",""fa"":""دوس آرویوس"",""de"":""Dos Arroyos"",""es"":""Dos Arroyos"",""fr"":""Dos Arroyos"",""ja"":""ドス・アロヨス"",""it"":""Dos Arroyos"",""zh-CN"":""多斯阿罗约斯"",""tr"":""Dos Arroyos"",""ru"":""Дос Арройос"",""uk"":""Дос Арройос"",""pl"":""Dos Arroyos"",""hi"":""डॉस अरोयोस"",""ar"":""دوس أرويوس""}",2019-10-06T09:28:17,2025-12-02T14:39:55,1,Q5299139
1045,Dos de Mayo,3644,N,11,AR,city,,,-27.02277000,-54.68669000,Dos de Mayo,14544,America/Argentina/Cordoba,"{""br"":""Dos de Mayo"",""ko"":""도스 데 마요"",""pt-BR"":""Dois de Maio"",""pt"":""Dois de Maio"",""nl"":""Tweeënhalve mei"",""hr"":""Dos de Mayo"",""fa"":""دوس د مایو"",""de"":""Dos de Mayo"",""es"":""Dos de Mayo"",""fr"":""Dos de Mayo"",""ja"":""ドス・デ・マヨ"",""it"":""Dos de Mayo"",""zh-CN"":""五月二日"",""tr"":""Dos de Mayo"",""ru"":""Дос де Майо"",""uk"":""Дос-де-Майо"",""pl"":""Dwa Majonezy"",""hi"":""डॉस डे मेयो"",""ar"":""دوس دي مايو""}",2019-10-06T09:28:17,2025-12-02T14:39:55,1,Q5299217
1046,Eduardo Castex,3655,L,11,AR,adm2,,,-35.91501000,-64.29448000,Eduardo Castex,9861,America/Argentina/Salta,"{""br"":""Eduardo Castex"",""ko"":""에두아르도 카스텍스"",""pt-BR"":""Eduardo Castex"",""pt"":""Eduardo Castex"",""nl"":""Eduardo Castex"",""hr"":""Eduardo Castex"",""fa"":""ادواردو کاستکس"",""de"":""Eduardo Castex"",""es"":""Eduardo Castex"",""fr"":""Eduardo Castex"",""ja"":""エドゥアルド・カステックス"",""it"":""Eduardo Castex"",""zh-CN"":""爱德华多·卡斯特克斯"",""tr"":""Eduardo Castex"",""ru"":""Эдуардо Кастекс"",""uk"":""Едуардо Кастекс"",""pl"":""Eduardo Castex"",""hi"":""एडुआर्डो कास्टेक्स"",""ar"":""إدواردو كاستيكس""}",2019-10-06T09:28:17,2025-12-02T14:39:55,1,Q1919552
1047,El Aguilar,3645,Y,11,AR,city,,,-23.21572000,-65.68005000,El Aguilar,3655,America/Argentina/Jujuy,"{""br"":""El Aguilar"",""ko"":""엘 아길라르"",""pt-BR"":""O Aguilar"",""pt"":""O Aguilar"",""nl"":""El Aguilar"",""hr"":""El Aguilar"",""fa"":""ال آگیلار"",""de"":""El Aguilar"",""es"":""El Aguilar"",""fr"":""L'Aguilar"",""ja"":""エル・アギラール"",""it"":""L'Aguilar"",""zh-CN"":""埃尔阿吉拉尔"",""tr"":""El Aguilar"",""ru"":""Эль Агилар"",""uk"":""Ель-Агілар"",""pl"":""El Aguilar"",""hi"":""एल अगुइलर"",""ar"":""إل أغيلار""}",2019-10-06T09:28:17,2025-12-02T14:39:55,1,Q3720844
1048,El Alcázar,3644,N,11,AR,city,,,-26.71459000,-54.81523000,El Alcázar,5127,America/Argentina/Cordoba,"{""br"":""El Alcázar"",""ko"":""엘 알카사르"",""pt-BR"":""O Alcázar"",""pt"":""O Alcázar"",""nl"":""Het Alcazar"",""hr"":""El Alcázar"",""fa"":""ال آلکازار"",""de"":""El Alcázar"",""es"":""El Alcázar"",""fr"":""L'Alcazar"",""ja"":""エル・アルカサル"",""it"":""L'Alcázar"",""zh-CN"":""埃尔卡萨尔"",""tr"":""El Alcázar"",""ru"":""Эль Алькасар"",""uk"":""Ель-Алькасар"",""pl"":""Alkazar"",""hi"":""एल अल्काज़ार"",""ar"":""القصر""}",2019-10-06T09:28:17,2025-12-02T14:39:55,1,Q5350719
1049,El Arañado,3642,X,11,AR,city,,,-31.74120000,-62.89322000,El Arañado,1395,America/Argentina/Buenos_Aires,"{""br"":""El Arañado"",""ko"":""엘 아라냐도"",""pt-BR"":""El Arañado"",""pt"":""El Arañado"",""nl"":""El Arañado"",""hr"":""El Arañado"",""fa"":""ال آرانادوو"",""de"":""El Arañado"",""es"":""El Arañado"",""fr"":""L'Arañado"",""ja"":""エル・アラニャード"",""it"":""El Arañado"",""zh-CN"":""埃尔阿拉尼亚多"",""tr"":""El Arañado"",""ru"":""Эль-Араньядо"",""uk"":""Ель-Араньядо"",""pl"":""El Arañado"",""hi"":""एल अरानाडो"",""ar"":""إل أرانادو""}",2019-10-06T09:28:17,2025-12-02T17:11:50,1,Q5820863
1050,El Bolsón,3639,R,11,AR,city,,,-41.96051000,-71.53336000,El Bolsón,19009,America/Argentina/Salta,"{""br"":""El Bolsón"",""ko"":""엘 볼손"",""pt-BR"":""El Bolsón"",""pt"":""El Bolsón"",""nl"":""El Bolsón"",""hr"":""El Bolsón"",""fa"":""ال بولسون"",""de"":""El Bolsón"",""es"":""El Bolsón"",""fr"":""Le Bolson"",""ja"":""エル・ボルソン"",""it"":""El Bolsón"",""zh-CN"":""埃尔博尔松"",""tr"":""El Bolsón"",""ru"":""Эль Больсон"",""uk"":""Ель-Больсон"",""pl"":""El Bolsón"",""hi"":""एल बोल्सन"",""ar"":""إل بولسون""}",2019-10-06T09:28:17,2025-12-02T14:39:55,1,Q1323928
1051,El Calafate,3649,Z,11,AR,city,,,-50.34075000,-72.27682000,El Calafate,8000,America/Argentina/Rio_Gallegos,"{""br"":""El Calafate"",""ko"":""엘 칼라파테"",""pt-BR"":""El Calafate"",""pt"":""El Calafate"",""nl"":""El Calafate"",""hr"":""El Calafate"",""fa"":""ال کالافاته"",""de"":""El Calafate"",""es"":""El Calafate"",""fr"":""El Calafate"",""ja"":""エル・カラファテ"",""it"":""El Calafate"",""zh-CN"":""埃尔卡拉法特"",""tr"":""El Calafate"",""ru"":""Эль-Калафате"",""uk"":""Ель-Калафате"",""pl"":""El Calafate"",""hi"":""एल कैलाफेट"",""ar"":""إل كالافاتي""}",2019-10-06T09:28:17,2025-12-02T14:39:55,1,Q81561
1052,El Carril,3643,A,11,AR,city,,,-25.07410000,-65.49174000,El Carril,9780,America/Argentina/Salta,"{""br"":""El Carril"",""ko"":""엘 카릴"",""pt-BR"":""O Carril"",""pt"":""O Carril"",""nl"":""El Carril"",""hr"":""El Carril"",""fa"":""ال کاریل"",""de"":""El Carril"",""es"":""El Carril"",""fr"":""Le Carril"",""ja"":""エル・カリル"",""it"":""El Carril"",""zh-CN"":""埃尔卡里尔"",""tr"":""El Carril"",""ru"":""Эль Карриль"",""uk"":""Ель Карріль"",""pl"":""El Carril"",""hi"":""एल कैरिल"",""ar"":""إل كاريل""}",2019-10-06T09:28:17,2025-12-02T14:39:55,1,Q21841997
1053,El Colorado,3652,P,11,AR,city,,,-26.30808000,-59.37291000,El Colorado,12780,America/Argentina/Cordoba,"{""br"":""El Colorado"",""ko"":""엘 콜로라도"",""pt-BR"":""O Colorado"",""pt"":""O Colorado"",""nl"":""El Colorado"",""hr"":""El Colorado"",""fa"":""ال کلرادو"",""de"":""El Colorado"",""es"":""El Colorado"",""fr"":""Le Colorado"",""ja"":""エル・コロラド"",""it"":""Il Colorado"",""zh-CN"":""埃尔科罗拉多"",""tr"":""El Colorado"",""ru"":""Эль Колорадо"",""uk"":""Ель-Колорадо"",""pl"":""El Colorado"",""hi"":""एल कोलोराडो"",""ar"":""إل كولورادو""}",2019-10-06T09:28:17,2025-12-02T14:39:55,1,Q994889
1054,El Cuy,3639,R,11,AR,adm2,,,-39.92685000,-68.34208000,El Cuy,0,America/Argentina/Salta,"{""br"":""El Cuy"",""ko"":""엘 쿠이"",""pt-BR"":""El Cuy"",""pt"":""El Cuy"",""nl"":""El Cuy"",""hr"":""El Cuy"",""fa"":""ال کوی"",""de"":""El Cuy"",""es"":""El Cuy"",""fr"":""Le Cuy"",""ja"":""エル・クイ"",""it"":""Il Cuy"",""zh-CN"":""埃尔库伊"",""tr"":""El Cuy"",""ru"":""Эль Куй"",""uk"":""Ель-Куй"",""pl"":""El Cuy"",""hi"":""एल कुय"",""ar"":""إل كوي""}",2019-10-06T09:28:17,2025-12-02T14:39:55,1,Q995105
1055,El Galpón,3643,A,11,AR,city,,,-25.38069000,-64.65259000,El Galpón,8357,America/Argentina/Salta,"{""br"":""El Galpón"",""ko"":""엘 갈폰"",""pt-BR"":""El Galpón"",""pt"":""El Galpón"",""nl"":""El Galpón"",""hr"":""El Galpón"",""fa"":""ال گالپون"",""de"":""El Galpón"",""es"":""El Galpón"",""fr"":""Le Galpón"",""ja"":""エル・ガルポン"",""it"":""El Galpón"",""zh-CN"":""埃尔加尔蓬"",""tr"":""El Galpón"",""ru"":""Эль Гальпон"",""uk"":""Ель-Гальпон"",""pl"":""El Galpón"",""hi"":""एल गैल्पोन"",""ar"":""الغالبون""}",2019-10-06T09:28:17,2025-12-02T14:39:55,1,Q5351301
1056,El Hoyo,3635,G,11,AR,city,,,-27.02872000,-63.23197000,El Hoyo,2162,America/Argentina/Cordoba,"{""br"":""El Hoyo"",""ko"":""엘 호요"",""pt-BR"":""El Hoyo"",""pt"":""El Hoyo"",""nl"":""El Hoyo"",""hr"":""El Hoyo"",""fa"":""ال هویو"",""de"":""El Hoyo"",""es"":""El Hoyo"",""fr"":""Le Hoyo"",""ja"":""エル・オヨ"",""it"":""El Hoyo"",""zh-CN"":""埃尔霍约"",""tr"":""El Hoyo"",""ru"":""Эль Ойо"",""uk"":""Ель-Хойо"",""pl"":""El Hoyo"",""hi"":""एल होयो"",""ar"":""إل هويو""}",2019-10-06T09:28:17,2025-12-02T14:39:55,1,Q21842092
1057,El Huecú,3648,Q,11,AR,adm2,,,-37.64522000,-70.58006000,El Huecú,1723,America/Argentina/Salta,"{""br"":""El Huecú"",""ko"":""엘 우에쿠"",""pt-BR"":""El Huecú"",""pt"":""El Huecú"",""nl"":""El Huecú"",""hr"":""El Huecú"",""fa"":""ال هوئکو"",""de"":""El Huecú"",""es"":""El Huecú"",""fr"":""Le Huecú"",""ja"":""エル・ウエク"",""it"":""El Huecú"",""zh-CN"":""埃尔韦库"",""tr"":""El Huecú"",""ru"":""Эль-Уэку"",""uk"":""Ель-Уеку"",""pl"":""Huecú"",""hi"":""एल हुएकू"",""ar"":""إل هويكو""}",2019-10-06T09:28:17,2025-12-02T14:39:55,1,Q1017560
1058,El Maitén,3651,U,11,AR,city,,,-42.04924000,-71.16693000,El Maitén,4011,America/Argentina/Catamarca,"{""br"":""El Maitén"",""ko"":""엘 마이텐"",""pt-BR"":""El Maitén"",""pt"":""El Maitén"",""nl"":""El Maitén"",""hr"":""El Maitén"",""fa"":""ال مایتن"",""de"":""El Maitén"",""es"":""El Maitén"",""fr"":""El Maitén"",""ja"":""エル・マイテン"",""it"":""El Maitén"",""zh-CN"":""埃尔迈滕"",""tr"":""El Maiten"",""ru"":""Эль-Майтен"",""uk"":""Ель-Майтен"",""pl"":""El Maitén"",""hi"":""एल मैतेन"",""ar"":""إل مايتن""}",2019-10-06T09:28:17,2025-12-02T14:39:55,1,Q106050
1059,El Quebrachal,3643,A,11,AR,city,,,-25.28333000,-64.06667000,El Quebrachal,10243,America/Argentina/Salta,"{""br"":""El Quebrachal"",""ko"":""엘 케브라찰"",""pt-BR"":""El Quebrachal"",""pt"":""El Quebrachal"",""nl"":""El Quebrachal"",""hr"":""El Quebrachal"",""fa"":""ال کبراچال"",""de"":""El Quebrachal"",""es"":""El Quebrachal"",""fr"":""Le Quebrachal"",""ja"":""エル・ケブラチャル"",""it"":""El Quebrachal"",""zh-CN"":""埃尔·克布拉查尔"",""tr"":""El Quebrachal"",""ru"":""Эль-Кебрачал"",""uk"":""Ель-Кебрачаль"",""pl"":""El Quebrachal"",""hi"":""एल क्यूब्राचल"",""ar"":""إل كيبراشال""}",2019-10-06T09:28:17,2025-12-02T14:39:55,1,Q5351959
1060,El Rodeo,3647,K,11,AR,city,,,-28.21518000,-65.87420000,El Rodeo,1083,America/Argentina/Catamarca,"{""br"":""El Rodeo"",""ko"":""엘 로데오"",""pt-BR"":""O Rodeio"",""pt"":""O Rodeio"",""nl"":""De Rodeo"",""hr"":""El Rodeo"",""fa"":""ال رودیو"",""de"":""El Rodeo"",""es"":""El Rodeo"",""fr"":""Le rodéo"",""ja"":""エル・ロデオ"",""it"":""Il Rodeo"",""zh-CN"":""埃尔罗德奥"",""tr"":""El Rodeo"",""ru"":""Эль Родео"",""uk"":""Ель-Родео"",""pl"":""El Rodeo"",""hi"":""एल रोडियो"",""ar"":""إل روديو""}",2019-10-06T09:28:17,2025-12-02T14:39:55,1,Q21842213
1061,El Soberbio,3644,N,11,AR,adm2,,,-27.29847000,-54.19877000,El Soberbio,19571,America/Argentina/Cordoba,"{""br"":""El Soberbio"",""ko"":""엘 소베르비오"",""pt-BR"":""O Soberbio"",""pt"":""O Soberbio"",""nl"":""El Soberbio"",""hr"":""El Soberbio"",""fa"":""ال سوبربیو"",""de"":""El Soberbio"",""es"":""El Soberbio"",""fr"":""Le Soberbio"",""ja"":""エル・ソベルビオ"",""it"":""El Soberbio"",""zh-CN"":""埃尔索韦比奥"",""tr"":""El Soberbio"",""ru"":""Эль Собербио"",""uk"":""Ель Собербіо"",""pl"":""Trzeźwy"",""hi"":""एल सोबरबियो"",""ar"":""إل سوبربيو""}",2019-10-06T09:28:17,2025-12-02T14:39:55,1,Q3050254
1062,El Trébol,3641,S,11,AR,city,,,-32.20080000,-61.70140000,El Trébol,11086,America/Argentina/Cordoba,"{""br"":""El Trébol"",""ko"":""엘 트레볼"",""pt-BR"":""O Trébol"",""pt"":""O Trébol"",""nl"":""El Trébol"",""hr"":""El Trébol"",""fa"":""ال تربول"",""de"":""El Trébol"",""es"":""El Trébol"",""fr"":""Le Trébol"",""ja"":""エル・トレボル"",""it"":""El Trébol"",""zh-CN"":""埃尔特雷波尔"",""tr"":""El Trebol"",""ru"":""Эль Треболь"",""uk"":""Ель-Треболь"",""pl"":""El Trébol"",""hi"":""एल ट्रेबोल"",""ar"":""إل تريبول""}",2019-10-06T09:28:17,2025-12-02T14:39:55,1,Q5352295
1063,El Tío,3642,X,11,AR,city,,,-31.38357000,-62.82938000,El Tío,1510,America/Argentina/Cordoba,"{""br"":""El Tío"",""ko"":""엘 티오"",""pt-BR"":""O Tio"",""pt"":""O Tio"",""nl"":""De Tio"",""hr"":""El Tío"",""fa"":""ال تیو"",""de"":""El Tío"",""es"":""El Tío"",""fr"":""Le Tío"",""ja"":""エル・ティオ"",""it"":""El Tío"",""zh-CN"":""埃尔蒂奥"",""tr"":""El Tío"",""ru"":""Эль Тио"",""uk"":""Ель-Тіо"",""pl"":""El Tío"",""hi"":""एल टियो"",""ar"":""إل تيو""}",2019-10-06T09:28:17,2025-12-02T14:39:55,1,Q21842250
1064,Elena,3642,X,11,AR,city,,,-32.57205000,-64.39481000,Elena,2815,America/Argentina/Cordoba,"{""br"":""Elena"",""ko"":""엘레나"",""pt-BR"":""Elena"",""pt"":""Elena"",""nl"":""Elena"",""hr"":""Elena"",""fa"":""النا"",""de"":""Elena"",""es"":""Elena"",""fr"":""Hélène"",""ja"":""エレナ"",""it"":""Elena"",""zh-CN"":""埃琳娜"",""tr"":""Elena"",""ru"":""Елена"",""uk"":""Олена"",""pl"":""Elena"",""hi"":""ऐलेना"",""ar"":""إيلينا""}",2019-10-06T09:28:17,2025-12-02T14:39:55,1,Q21842056
1065,Embajador Martini,3655,L,11,AR,city,,,-35.38633000,-64.28092000,Embajador Martini,1298,America/Argentina/Salta,"{""br"":""Kannad Martini"",""ko"":""엠바하도르 마티니"",""pt-BR"":""Embaixador Martini"",""pt"":""Embaixador Martini"",""nl"":""Embajador Martini"",""hr"":""Embajador Martini"",""fa"":""امباجادور مارتینی"",""de"":""Embajador Martini"",""es"":""Embajador Martini"",""fr"":""Ambassadeur Martini"",""ja"":""エンバハドール・マルティーニ"",""it"":""Ambasciatore Martini"",""zh-CN"":""马蒂尼大使"",""tr"":""Elçi Martini"",""ru"":""Эмбахадор Мартини"",""uk"":""Ембахадор Мартіні"",""pl"":""Ambasador Martini"",""hi"":""एम्बेजाडोर मार्टिनी"",""ar"":""السفير مارتيني""}",2019-10-06T09:28:17,2025-12-02T14:39:55,1,Q5369413
1066,Embalse,3642,X,11,AR,city,,,-32.18000000,-64.41809000,Embalse,9660,America/Argentina/Buenos_Aires,"{""br"":""Embalse"",""ko"":""엠발세"",""pt-BR"":""Embalse"",""pt"":""Embalse"",""nl"":""Embalse"",""hr"":""Balzamirati"",""fa"":""امبالس"",""de"":""Embalse"",""es"":""Embalse"",""fr"":""Embarquement"",""ja"":""エンバルセ"",""it"":""Embalse"",""zh-CN"":""恩巴尔斯"",""tr"":""Mumyalanmış"",""ru"":""Водохранилище"",""uk"":""Бальзам"",""pl"":""Embalse"",""hi"":""शव को संजोना"",""ar"":""تحنيط""}",2019-10-06T09:28:17,2025-12-02T17:11:50,1,Q1011693
1067,Embarcación,3643,A,11,AR,city,,,-23.21003000,-64.09965000,Vergüenza,23961,America/Argentina/Salta,"{""br"":""Embarkasion"",""ko"":""엠바카시온"",""pt-BR"":""Embarque"",""pt"":""Embarque"",""nl"":""Inscheping"",""hr"":""Ukrcaj"",""fa"":""امبارکاسیون"",""de"":""Einschiffung"",""es"":""Embarcación"",""fr"":""Embarquement"",""ja"":""出国"",""it"":""Imbarcazione"",""zh-CN"":""登船"",""tr"":""Embarcación"",""ru"":""Embarcación"",""uk"":""Ембаркасьйон"",""pl"":""Embarcación"",""hi"":""एम्बार्केशन"",""ar"":""إمباركاسيون""}",2019-10-06T09:28:17,2025-12-02T14:39:55,1,Q3052011
1068,Empedrado,3638,W,11,AR,adm2,,,-27.95178000,-58.80584000,Empedrado,0,America/Argentina/Cordoba,"{""br"":""Empedrado"",""ko"":""엠페드라도"",""pt-BR"":""Empedrado"",""pt"":""Empedrado"",""nl"":""Empedrado"",""hr"":""Empedrado"",""fa"":""امپدرادو"",""de"":""Empedrado"",""es"":""Empedrado"",""fr"":""Empedrado"",""ja"":""エンペドラード"",""it"":""Empedrado"",""zh-CN"":""恩佩德拉多"",""tr"":""Empedrado"",""ru"":""Эмпедрадо"",""uk"":""Емпедрадо"",""pl"":""Empedrado"",""hi"":""एम्पेड्राडो"",""ar"":""إمبيدرادو""}",2019-10-06T09:28:17,2025-12-02T14:39:55,1,Q2792846
1069,Esperanza,3641,S,11,AR,adm2,,,-31.44880000,-60.93173000,Esperanza,42082,America/Argentina/Cordoba,"{""br"":""Esperanza"",""ko"":""에스페란자"",""pt-BR"":""Esperança"",""pt"":""Esperança"",""nl"":""Esperanza"",""hr"":""Esperanza"",""fa"":""اسپرانزا"",""de"":""Esperanza"",""es"":""Esperanza"",""fr"":""Esperanza"",""ja"":""エスペランサ"",""it"":""Esperanza"",""zh-CN"":""埃斯佩兰萨"",""tr"":""Umut"",""ru"":""Эсперанса"",""uk"":""Есперанса"",""pl"":""Esperanza"",""hi"":""Esperanza"",""ar"":""إسبيرانزا""}",2019-10-06T09:28:17,2025-12-02T14:39:55,1,Q1368165
1070,Esquel,3651,U,11,AR,city,,,-42.91147000,-71.31947000,Esquel,28486,America/Argentina/Catamarca,"{""br"":""Esquel"",""ko"":""에스켈"",""pt-BR"":""Esquel"",""pt"":""Esquel"",""nl"":""Esquel"",""hr"":""Esquel"",""fa"":""اسکئل"",""de"":""Esquel"",""es"":""Esquel"",""fr"":""Esquel"",""ja"":""エスケル"",""it"":""Esquel"",""zh-CN"":""溢达"",""tr"":""Esquel"",""ru"":""Эскуэль"",""uk"":""Ескель"",""pl"":""Esquel"",""hi"":""एस्केल"",""ar"":""إسكويل""}",2019-10-06T09:28:17,2025-12-02T14:39:55,1,Q81656
1071,Esquina,3638,W,11,AR,adm2,,,-30.01476000,-59.52890000,Esquina,26399,America/Argentina/Cordoba,"{""br"":""Esquina"",""ko"":""에스퀴나"",""pt-BR"":""Esquina"",""pt"":""Esquina"",""nl"":""Esquina"",""hr"":""Esquina"",""fa"":""اسکوینا"",""de"":""Esquina"",""es"":""Esquina"",""fr"":""Esquina"",""ja"":""エスキーナ"",""it"":""Esquina"",""zh-CN"":""埃斯基纳"",""tr"":""Eskina"",""ru"":""Эскина"",""uk"":""Ескіна"",""pl"":""Esquina"",""hi"":""एस्क्विना"",""ar"":""إسكينا""}",2019-10-06T09:28:17,2025-12-02T14:39:55,1,Q55860
1072,Estanislao del Campo,3652,P,11,AR,city,,,-25.05504000,-60.09218000,Estanislao del Campo,4055,America/Argentina/Cordoba,"{""br"":""Stanislao del Campo"",""ko"":""에스타니슬라오 델 캄포"",""pt-BR"":""Estanislao del Campo"",""pt"":""Estanislao del Campo"",""nl"":""Estanislao del Campo"",""hr"":""Estanislao del Campo"",""fa"":""استانیسلائو دل کامپو"",""de"":""Estanislao del Campo"",""es"":""Estanislao del Campo"",""fr"":""Estanislao del Campo"",""ja"":""エスタニスラオ・デル・カンポ"",""it"":""Estanislao del Campo"",""zh-CN"":""埃斯塔尼斯劳·德尔坎波"",""tr"":""Estanislao del Campo"",""ru"":""Эстанислао дель Кампо"",""uk"":""Естаніслао-дель-Кампо"",""pl"":""Stanislao del Campo"",""hi"":""एस्टानिस्लाओ डेल कैम्पो"",""ar"":""إستانيسلاو ديل كامبو""}",2019-10-06T09:28:17,2025-12-02T14:39:55,1,Q8843108
1073,Etruria,3642,X,11,AR,city,,,-32.94008000,-63.24660000,Etruria,3788,America/Argentina/Cordoba,"{""br"":""Etruria"",""ko"":""에트루리아"",""pt-BR"":""Etrúria"",""pt"":""Etrúria"",""nl"":""Etrurië"",""hr"":""Etrurija"",""fa"":""اتروریا"",""de"":""Etrurien"",""es"":""Etruria"",""fr"":""Étrurie"",""ja"":""エトルリア"",""it"":""Etruria"",""zh-CN"":""伊特鲁里亚"",""tr"":""Etrurya"",""ru"":""Этрурия"",""uk"":""Етрурія"",""pl"":""Etruria"",""hi"":""एत्रुरिया"",""ar"":""إتروريا""}",2019-10-06T09:28:17,2025-12-02T14:39:55,1,Q1442288
1074,Famaillá,3637,T,11,AR,adm2,,,-27.05413000,-65.40329000,Familia,30951,America/Argentina/Tucuman,"{""br"":""Famailla"",""ko"":""파마일라"",""pt-BR"":""Famaillá"",""pt"":""Famaillá"",""nl"":""Famaillá"",""hr"":""Famaillá"",""fa"":""فامایلا"",""de"":""Famaillá"",""es"":""Famaillá"",""fr"":""Famaillá"",""ja"":""ファマイヤ"",""it"":""Famaillá"",""zh-CN"":""法麦拉"",""tr"":""Famaillá"",""ru"":""Фамайлла"",""uk"":""Фамайла"",""pl"":""Famaillá"",""hi"":""फ़मैला"",""ar"":""فامايلا""}",2019-10-06T09:28:17,2025-12-02T14:39:55,1,Q1395079
1075,Federación,3654,E,11,AR,adm2,,,-31.00621000,-57.89962000,Federación,16658,America/Argentina/Buenos_Aires,"{""br"":""Kevredigezh"",""ko"":""연방"",""pt-BR"":""Federação"",""pt"":""Federação"",""nl"":""Federatie"",""hr"":""Federacija"",""fa"":""فدراسیون"",""de"":""Federación"",""es"":""Federación"",""fr"":""Fédération"",""ja"":""フェデラシオン"",""it"":""Federazione"",""zh-CN"":""联合会"",""tr"":""Federasyon"",""ru"":""Федерация"",""uk"":""Федерація"",""pl"":""Federacja"",""hi"":""फेडरेशन"",""ar"":""الاتحاد""}",2019-10-06T09:28:17,2025-12-02T17:11:50,1,Q52595
1076,Federal,3654,E,11,AR,adm2,,,-30.95465000,-58.78326000,Federal,16075,America/Argentina/Buenos_Aires,"{""br"":""Kevreadel"",""ko"":""연방"",""pt-BR"":""Federal"",""pt"":""Federal"",""nl"":""Federaal"",""hr"":""Savezni"",""fa"":""فدرال"",""de"":""Bundes"",""es"":""Federal"",""fr"":""Fédéral"",""ja"":""連邦政府"",""it"":""Federale"",""zh-CN"":""联邦"",""tr"":""Federal"",""ru"":""Федеральный"",""uk"":""Федеральний"",""pl"":""Federalny"",""hi"":""संघीय"",""ar"":""الفيدرالية""}",2019-10-06T09:28:17,2025-12-02T17:11:50,1,Q2158248
1077,Felipe Yofré,3638,W,11,AR,city,,,-29.10226000,-58.33772000,Felipe yofré,1947,America/Argentina/Buenos_Aires,"{""br"":""Felipe Yofré"",""ko"":""펠리페 요프레"",""pt-BR"":""Felipe Yofré"",""pt"":""Felipe Yofré"",""nl"":""Felipe Yofré"",""hr"":""Felipe Yofré"",""fa"":""فیلیپه یوفره"",""de"":""Felipe Yofré"",""es"":""Felipe Yofré"",""fr"":""Felipe Yofré"",""ja"":""フェリペ・ヨフレ"",""it"":""Felipe Yofré"",""zh-CN"":""费利佩·约弗雷"",""tr"":""Felipe Yofré"",""ru"":""Фелипе Йофре"",""uk"":""Феліпе Йофре"",""pl"":""Felipe Yofré"",""hi"":""फेलिप योफ्रे"",""ar"":""فيليبي يوفري""}",2019-10-06T09:28:17,2025-12-02T17:11:50,1,Q21828202
1078,Fiambalá,3647,K,11,AR,city,,,-27.67225000,-67.61870000,Chasquido,8061,America/Argentina/Catamarca,"{""br"":""Fiambalá"",""ko"":""피암발라"",""pt-BR"":""Fiambalá"",""pt"":""Fiambalá"",""nl"":""Fiambalá"",""hr"":""Fiambalá"",""fa"":""فیامبالا"",""de"":""Fiambalá"",""es"":""Fiambalá"",""fr"":""Fiambala"",""ja"":""フィアンバラ"",""it"":""Fiambalá"",""zh-CN"":""菲安巴拉"",""tr"":""Fiambala"",""ru"":""Фьямбала"",""uk"":""Фьямба"",""pl"":""Fiambalá"",""hi"":""Fiambala"",""ar"":""فيامبالا""}",2019-10-06T09:28:17,2025-12-02T14:39:55,1,Q2613214
1079,Firmat,3641,S,11,AR,city,,,-33.45937000,-61.48320000,Compañía,18294,America/Argentina/Cordoba,"{""br"":""Embregerezh"",""ko"":""회사"",""pt-BR"":""Firmat"",""pt"":""Firmat"",""nl"":""Firma"",""hr"":""Firmat"",""fa"":""فرمات"",""de"":""Firmat"",""es"":""Firmat"",""fr"":""Firmat"",""ja"":""会社"",""it"":""Firmat"",""zh-CN"":""菲马特"",""tr"":""Firmat"",""ru"":""Фирмат"",""uk"":""Фірмат"",""pl"":""Firmat"",""hi"":""फ़िरमैट"",""ar"":""فيرمات""}",2019-10-06T09:28:17,2025-12-02T14:39:55,1,Q677450
1080,Florentino Ameghino,3644,N,11,AR,city,,,-27.56667000,-55.13333000,Florentino Ameghino,1979,America/Argentina/Buenos_Aires,"{""br"":""Florentino Ameghino"",""ko"":""플로렌티노 아메기노"",""pt-BR"":""Florentino Ameghino"",""pt"":""Florentino Ameghino"",""nl"":""Florentino Ameghino"",""hr"":""Florentino Ameghino"",""fa"":""فلورنتینو آمگینو"",""de"":""Florentino Ameghino"",""es"":""Florentino Ameghino"",""fr"":""Florentino Ameghino"",""ja"":""フロレンティーノ・アメーギーノ"",""it"":""Florentino Ameghino"",""zh-CN"":""弗洛伦蒂诺·阿梅吉诺"",""tr"":""Florentino Ameghino"",""ru"":""Флорентино Амегино"",""uk"":""Флорентіно Амегіно"",""pl"":""Florentino Ameghino"",""hi"":""फ्लोरेंटिनो अमेघिनो"",""ar"":""فلورنتينو أميغينو""}",2019-10-06T09:28:17,2025-12-02T17:11:50,1,Q2779881
1081,Fontana,3640,H,11,AR,city,,,-27.41813000,-59.02392000,Fontana,26745,America/Argentina/Buenos_Aires,"{""br"":""Fontana"",""ko"":""폰타나"",""pt-BR"":""Fontana"",""pt"":""Fontana"",""nl"":""Fontana"",""hr"":""Fontana"",""fa"":""فونتانا"",""de"":""Fontana"",""es"":""Fontana"",""fr"":""Fontaine"",""ja"":""フォンタナ"",""it"":""Fontana"",""zh-CN"":""丰塔纳"",""tr"":""Çeşme"",""ru"":""Фонтана"",""uk"":""Фонтана"",""pl"":""Fontana"",""hi"":""फॉन्टाना"",""ar"":""فونتانا""}",2019-10-06T09:28:17,2025-12-02T17:11:50,1,Q923414
1082,Formosa,3652,P,11,AR,adm1,,,-26.18489000,-58.17313000,Formosa,222226,America/Argentina/Cordoba,"{""br"":""Formoza"",""ko"":""대만"",""pt-BR"":""Formosa"",""pt"":""Formosa"",""nl"":""Formosa"",""hr"":""Formosa"",""fa"":""فورموسا"",""de"":""Formosa"",""es"":""Formosa"",""fr"":""Formose"",""ja"":""フォルモサ"",""it"":""Formosa"",""zh-CN"":""福尔摩莎"",""tr"":""Formosa"",""ru"":""Формоза"",""uk"":""Формоза"",""pl"":""Formoza"",""hi"":""Formosa"",""ar"":""فورموزا""}",2019-10-06T09:28:17,2025-12-02T14:39:55,1,Q44214
1083,Fraile Pintado,3645,Y,11,AR,city,,,-23.94079000,-64.79943000,Fraile Pintado,13682,America/Argentina/Jujuy,"{""br"":""Fraile Pintado"",""ko"":""프레일 핀타도"",""pt-BR"":""Frágil Pintado"",""pt"":""Frágil Pintado"",""nl"":""Fraile Pintado"",""hr"":""Fraile Pintado"",""fa"":""فریل پینتادو"",""de"":""Fraile Pintado"",""es"":""Fraile pintado"",""fr"":""Fraile Pintado"",""ja"":""フライレ・ピンタド"",""it"":""Fraile Pintado"",""zh-CN"":""弗雷莱·平塔多"",""tr"":""Kırılgan Pintado"",""ru"":""Фрайле Пинтадо"",""uk"":""Фрайле Пінтадо"",""pl"":""Kruche Pintado"",""hi"":""फ्रैले पिंटाडो"",""ar"":""فرايلي بينتادو""}",2019-10-06T09:28:17,2025-12-02T14:39:55,1,Q1923525
1084,Fray Luis A. Beltrán,3641,S,11,AR,city,,,-32.79122000,-60.72819000,Fray Luis A. Beltrán,14390,America/Argentina/Cordoba,"{""br"":""Fray Luis A. Beltrán"",""ko"":""프라이 루이스 A. 벨트란"",""pt-BR"":""Frei Luis A. Beltrán"",""pt"":""Frei Luis A. Beltrán"",""nl"":""Fray Luis A. Beltrán"",""hr"":""Fray Luis A. Beltrán"",""fa"":""فری لوئیس ای. بلتران"",""de"":""Fray Luis A. Beltrán"",""es"":""Fray Luis A. Beltrán"",""fr"":""Frère Luis A. Beltrán"",""ja"":""ルイス・A・ベルトラン飛行士"",""it"":""Frate Luis A. Beltrán"",""zh-CN"":""弗雷·路易斯·A·贝尔特兰"",""tr"":""Fray Luis A. Beltrán"",""ru"":""Фрай Луис А. Бельтран"",""uk"":""Фрай Луїс А. Белтран"",""pl"":""Fray Luis A. Beltrán"",""hi"":""फ्राय लुइस ए. बेल्ट्रान"",""ar"":""فراي لويس أ. بلتران""}",2019-10-06T09:28:17,2025-12-02T14:39:55,1,Q5493943
1085,Fray Luis Beltrán,3639,R,11,AR,city,,,-39.31369000,-65.76002000,Fray Luis Beltrán,6401,America/Argentina/Salta,"{""br"":""Fray Luis Beltrán"",""ko"":""프라이 루이스 벨트란"",""pt-BR"":""Frei Luis Beltrán"",""pt"":""Frei Luis Beltrán"",""nl"":""Fray Luis Beltrán"",""hr"":""Fray Luis Beltrán"",""fa"":""فری لوئیس بلتران"",""de"":""Fray Luis Beltrán"",""es"":""Fray Luis Beltrán"",""fr"":""Frère Luis Beltrán"",""ja"":""ルイス・ベルトラン師"",""it"":""Frate Luis Beltrán"",""zh-CN"":""弗雷·路易斯·贝尔特兰"",""tr"":""Fray Luis Beltrán"",""ru"":""Фрай Луис Бельтран"",""uk"":""Фрай Луїс Белтран"",""pl"":""Fray Luis Beltrán"",""hi"":""फ्राय लुइस बेल्ट्रान"",""ar"":""فراي لويس بلتران""}",2019-10-06T09:28:17,2025-12-02T14:39:55,1,Q5493943
1086,Funes,3641,S,11,AR,city,,,-32.91568000,-60.80995000,Funes,14750,America/Argentina/Cordoba,"{""br"":""Funes"",""ko"":""푸네스"",""pt-BR"":""Funes"",""pt"":""Funes"",""nl"":""Funes"",""hr"":""Funes"",""fa"":""فونس"",""de"":""Villnöss"",""es"":""Funes"",""fr"":""Funes"",""ja"":""フネス"",""it"":""Funes"",""zh-CN"":""富内斯"",""tr"":""Funes"",""ru"":""Фунес"",""uk"":""Фунес"",""pl"":""Funes"",""hi"":""फ्यूनेस"",""ar"":""فونيس""}",2019-10-06T09:28:17,2025-12-02T14:39:55,1,Q2370892
1087,Gaimán,3651,U,11,AR,adm2,,,-43.28970000,-65.49290000,Gaimán,4730,America/Argentina/Buenos_Aires,"{""br"":""Gaimán"",""ko"":""가이만"",""pt-BR"":""Gaiman"",""pt"":""Gaiman"",""nl"":""Gaimán"",""hr"":""Gaimán"",""fa"":""گیمن"",""de"":""Gaimán"",""es"":""Gaimán"",""fr"":""Gaiman"",""ja"":""ガイマン"",""it"":""Gaimán"",""zh-CN"":""盖曼"",""tr"":""Gaimán"",""ru"":""Гейман"",""uk"":""Гайман"",""pl"":""Gaimán"",""hi"":""गैमन"",""ar"":""جايمان""}",2019-10-06T09:28:17,2025-12-02T17:11:50,1,Q106055
1088,Gancedo,3640,H,11,AR,city,,,-27.49038000,-61.67571000,Gancedo,3737,America/Argentina/Cordoba,"{""br"":""Gancedo"",""ko"":""간세도"",""pt-BR"":""Gancedo"",""pt"":""Gancedo"",""nl"":""Gancedo"",""hr"":""Gancedo"",""fa"":""گانسدو"",""de"":""Gancedo"",""es"":""Gancedo"",""fr"":""Gancedo"",""ja"":""ガンセド"",""it"":""Gancedo"",""zh-CN"":""甘塞多"",""tr"":""Gancedo"",""ru"":""Ганседо"",""uk"":""Ганседо"",""pl"":""Gancedo"",""hi"":""गैंसेडो"",""ar"":""غانسيدو""}",2019-10-06T09:28:17,2025-12-02T14:39:55,1,Q1578967
1089,Garruchos,3638,W,11,AR,city,,,-28.17208000,-55.65406000,Garruchos,1152,America/Argentina/Cordoba,"{""br"":""Garruchos"",""ko"":""가루초스"",""pt-BR"":""Garruchos"",""pt"":""Garruchos"",""nl"":""Garruchos"",""hr"":""Garruchos"",""fa"":""گاروچوس"",""de"":""Garruchos"",""es"":""Garruchos"",""fr"":""Garruchos"",""ja"":""ガルチョス"",""it"":""Garruchos"",""zh-CN"":""加鲁乔斯"",""tr"":""Garruchos"",""ru"":""Гарручос"",""uk"":""Гарручос"",""pl"":""Garruchos"",""hi"":""गरुचोस"",""ar"":""غاروتشوس""}",2019-10-06T09:28:17,2025-12-02T14:39:55,1,Q5875555
1090,Garuhapé,3644,N,11,AR,city,,,-26.81768000,-54.95665000,Acelerado,8259,America/Argentina/Cordoba,"{""br"":""Garuhapé"",""ko"":""가루하페"",""pt-BR"":""Garuhapé"",""pt"":""Garuhapé"",""nl"":""Garuhapé"",""hr"":""Garuhapé"",""fa"":""گاروهاپه"",""de"":""Garuhapé"",""es"":""Garuhapé"",""fr"":""Garuhapé"",""ja"":""ガルハペ"",""it"":""Garuhapé"",""zh-CN"":""加鲁哈佩"",""tr"":""Garuhapé"",""ru"":""Гарухапе"",""uk"":""Гарухапе"",""pl"":""Garuhapé"",""hi"":""गरुहापे"",""ar"":""غاروهابي""}",2019-10-06T09:28:17,2025-12-02T14:39:55,1,Q993283
1091,Garupá,3644,N,11,AR,city,,,-27.48171000,-55.82921000,Garupa,28814,America/Argentina/Cordoba,"{""br"":""Garupá"",""ko"":""가루파"",""pt-BR"":""Garupá"",""pt"":""Garupá"",""nl"":""Garupá"",""hr"":""Garupá"",""fa"":""گاروپه"",""de"":""Garupá"",""es"":""Garupá"",""fr"":""Garupá"",""ja"":""ガルパ"",""it"":""Garupá"",""zh-CN"":""加鲁帕"",""tr"":""Garupá"",""ru"":""Гарупа"",""uk"":""Гарупа"",""pl"":""Garupá"",""hi"":""गरुपा"",""ar"":""غاروبا""}",2019-10-06T09:28:17,2025-12-02T14:39:55,1,Q5524495
1092,Gastre,3651,U,11,AR,adm2,,,-42.26186000,-69.22112000,Gastre,0,America/Argentina/Catamarca,"{""br"":""Gastre"",""ko"":""가스트레"",""pt-BR"":""Gastre"",""pt"":""Gastre"",""nl"":""Gastre"",""hr"":""Gastre"",""fa"":""گاستر"",""de"":""Gastre"",""es"":""Gastro"",""fr"":""Gastre"",""ja"":""ガストレ"",""it"":""Gastre"",""zh-CN"":""胃部"",""tr"":""Gastre"",""ru"":""Гастр"",""uk"":""Гастре"",""pl"":""Gastre"",""hi"":""गैस्ट्रे"",""ar"":""جاستر""}",2019-10-06T09:28:17,2025-12-02T14:39:55,1,Q1016275
1093,Gato Colorado,3641,S,11,AR,city,,,-28.02219000,-61.18663000,Gato Colorado,1412,America/Argentina/Cordoba,"{""br"":""Gato Colorado"",""ko"":""콜로라도 가토"",""pt-BR"":""Gato Colorado"",""pt"":""Gato Colorado"",""nl"":""Gato Colorado"",""hr"":""Gato Colorado"",""fa"":""گاتو کلرادو"",""de"":""Gato Colorado"",""es"":""Gato Colorado"",""fr"":""Chat du Colorado"",""ja"":""ガト・コロラド"",""it"":""Gatto Colorado"",""zh-CN"":""加托科罗拉多"",""tr"":""Colorado'lu Gato"",""ru"":""Гато Колорадо"",""uk"":""Гато, Колорадо"",""pl"":""Gato Colorado"",""hi"":""गाटो कोलोराडो"",""ar"":""جاتو كولورادو""}",2019-10-06T09:28:17,2025-12-02T14:39:55,1,Q1016275
1094,General Acha,3655,L,11,AR,adm2,,,-37.37698000,-64.60431000,General Acha,12536,America/Argentina/Salta,"{""br"":""Jeneral Acha"",""ko"":""아차 장군"",""pt-BR"":""General Acha"",""pt"":""General Acha"",""nl"":""Generaal Acha"",""hr"":""General Acha"",""fa"":""ژنرال آچا"",""de"":""General Acha"",""es"":""General Acha"",""fr"":""Général Acha"",""ja"":""アチャ将軍"",""it"":""Generale Acha"",""zh-CN"":""阿查将军"",""tr"":""General Acha"",""ru"":""Генерал Ача"",""uk"":""Генерал Ача"",""pl"":""Generał Acha"",""hi"":""जनरल आचा"",""ar"":""الجنرال آتشا""}",2019-10-06T09:28:17,2025-12-02T14:39:55,1,Q58350
1095,General Alvear,3644,N,11,AR,city,,,-27.42611000,-55.16916000,General Alvear,1431,America/Argentina/Cordoba,"{""br"":""Jeneral Alvear"",""ko"":""알베아르 장군"",""pt-BR"":""General Alvear"",""pt"":""General Alvear"",""nl"":""Generaal Alvear"",""hr"":""General Alvear"",""fa"":""ژنرال آلویر"",""de"":""General Alvear"",""es"":""General Alvear"",""fr"":""Général Alvear"",""ja"":""アルベアル将軍"",""it"":""Generale Alvear"",""zh-CN"":""阿尔维亚尔将军"",""tr"":""General Alvear"",""ru"":""Генерал Альвеар"",""uk"":""Генерал Альвеар"",""pl"":""Generał Alvear"",""hi"":""जनरल अल्वियर"",""ar"":""الجنرال ألفيار""}",2019-10-06T09:28:17,2025-12-02T14:39:55,1,Q5531687
1096,General Baldissera,3642,X,11,AR,city,,,-33.12246000,-62.30630000,General Baldissera,2133,America/Argentina/Buenos_Aires,"{""br"":""Jeneral Baldissera"",""ko"":""발디세라 장군"",""pt-BR"":""General Baldissera"",""pt"":""General Baldissera"",""nl"":""Generaal Baldissera"",""hr"":""General Baldissera"",""fa"":""ژنرال بالدیسرا"",""de"":""General Baldissera"",""es"":""General Baldissera"",""fr"":""Général Baldissera"",""ja"":""バルディセラ将軍"",""it"":""Generale Baldissera"",""zh-CN"":""巴尔迪塞拉将军"",""tr"":""General Baldissera"",""ru"":""Генерал Балдиссера"",""uk"":""Генерал Балдіссера"",""pl"":""Generał Baldissera"",""hi"":""जनरल बाल्डिसेरा"",""ar"":""الجنرال بالديسيرا""}",2019-10-06T09:28:17,2025-12-02T17:11:50,1,Q932486
1097,General Cabrera,3642,X,11,AR,city,,,-32.81313000,-63.87243000,General Cabrera,10351,America/Argentina/Cordoba,"{""br"":""Jeneral Cabrera"",""ko"":""카브레라 장군"",""pt-BR"":""General Cabrera"",""pt"":""General Cabrera"",""nl"":""Generaal Cabrera"",""hr"":""General Cabrera"",""fa"":""ژنرال کابررا"",""de"":""General Cabrera"",""es"":""General Cabrera"",""fr"":""Général Cabrera"",""ja"":""カブレラ将軍"",""it"":""Generale Cabrera"",""zh-CN"":""卡布雷拉将军"",""tr"":""General Cabrera"",""ru"":""Генерал Кабрера"",""uk"":""Генерал Кабрера"",""pl"":""Generał Cabrera"",""hi"":""जनरल कैबरेरा"",""ar"":""الجنرال كابريرا""}",2019-10-06T09:28:17,2025-12-02T14:39:55,1,Q973090
1098,General Campos,3654,E,11,AR,city,,,-31.52311000,-58.40490000,Campos general,2982,America/Argentina/Cordoba,"{""br"":""Jeneral Campos"",""ko"":""캄포스 장군"",""pt-BR"":""General Campos"",""pt"":""General Campos"",""nl"":""Generaal Campos"",""hr"":""General Campos"",""fa"":""جنرال کامپوس"",""de"":""General Campos"",""es"":""General Campos"",""fr"":""Général Campos"",""ja"":""ヘネラル・カンポス"",""it"":""Generale Campos"",""zh-CN"":""坎波斯将军"",""tr"":""General Campos"",""ru"":""Генерал Кампос"",""uk"":""Генерал Кампос"",""pl"":""Generał Campos"",""hi"":""जनरल कैम्पोस"",""ar"":""الجنرال كامبوس""}",2019-10-06T09:28:17,2025-12-02T14:39:55,1,Q1982713
1099,General Conesa,3639,R,11,AR,adm2,,,-40.10408000,-64.45592000,General Conesa,5484,America/Argentina/Salta,"{""br"":""Jeneral Conesa"",""ko"":""코네사 장군"",""pt-BR"":""General Conesa"",""pt"":""General Conesa"",""nl"":""Generaal Conesa"",""hr"":""General Conesa"",""fa"":""ژنرال کونسا"",""de"":""General Conesa"",""es"":""General Conesa"",""fr"":""Général Conesa"",""ja"":""コネサ将軍"",""it"":""Generale Conesa"",""zh-CN"":""科内萨将军"",""tr"":""General Conesa"",""ru"":""Генерал Конеса"",""uk"":""Генерал Конеса"",""pl"":""Generał Conesa"",""hi"":""जनरल कोनेसा"",""ar"":""الجنرال كونيسا""}",2019-10-06T09:28:17,2025-12-02T14:39:55,1,Q21839871
1100,General Enrique Godoy,3639,R,11,AR,city,,,-39.07891000,-67.15807000,General Enrique Godoy,3112,America/Argentina/Salta,"{""br"":""Ar jeneral Enrique Godoy"",""ko"":""엔리케 고도이 장군"",""pt-BR"":""General Enrique Godoy"",""pt"":""General Enrique Godoy"",""nl"":""Generaal Enrique Godoy"",""hr"":""General Enrique Godoy"",""fa"":""ژنرال انریکه گودوی"",""de"":""General Enrique Godoy"",""es"":""General Enrique Godoy"",""fr"":""Général Enrique Godoy"",""ja"":""エンリケ・ゴドイ将軍"",""it"":""Generale Enrique Godoy"",""zh-CN"":""恩里克·戈多伊将军"",""tr"":""General Enrique Godoy"",""ru"":""Генерал Энрике Годой"",""uk"":""Генерал Енріке Годой"",""pl"":""Generał Enrique Godoy"",""hi"":""जनरल एनरिक गोडॉय"",""ar"":""الجنرال إنريكي جودوي""}",2019-10-06T09:28:17,2025-12-02T14:39:55,1,Q425872
1101,General Enrique Mosconi,3643,A,11,AR,city,,,-22.59588000,-63.81255000,General Enrique Mosconi,19811,America/Argentina/Salta,"{""br"":""Ar jeneral Enrique Mosconi"",""ko"":""엔리케 모스코니 장군"",""pt-BR"":""General Enrique Mosconi"",""pt"":""General Enrique Mosconi"",""nl"":""Generaal Enrique Mosconi"",""hr"":""General Enrique Mosconi"",""fa"":""ژنرال انریکه ماسکونی"",""de"":""General Enrique Mosconi"",""es"":""General Enrique Mosconi"",""fr"":""Général Enrique Mosconi"",""ja"":""エンリケ・モスコニ将軍"",""it"":""Generale Enrique Mosconi"",""zh-CN"":""恩里克·莫斯科尼将军"",""tr"":""General Enrique Mosconi"",""ru"":""Генерал Энрике Москони"",""uk"":""Генерал Енріке Москоні"",""pl"":""Generał Enrique Mosconi"",""hi"":""जनरल एनरिक मोस्कोनी"",""ar"":""الجنرال إنريكي موسكوني""}",2019-10-06T09:28:17,2025-12-02T14:39:55,1,Q2132246
1102,General Enrique Mosconi,3652,P,11,AR,adm2,,,-23.21667000,-62.30000000,General Enrique Mosconi,,America/Argentina/Buenos_Aires,"{""br"":""Ar jeneral Enrique Mosconi"",""ko"":""엔리케 모스코니 장군"",""pt-BR"":""General Enrique Mosconi"",""pt"":""General Enrique Mosconi"",""nl"":""Generaal Enrique Mosconi"",""hr"":""General Enrique Mosconi"",""fa"":""ژنرال انریکه ماسکونی"",""de"":""General Enrique Mosconi"",""es"":""General Enrique Mosconi"",""fr"":""Général Enrique Mosconi"",""ja"":""エンリケ・モスコニ将軍"",""it"":""Generale Enrique Mosconi"",""zh-CN"":""恩里克·莫斯科尼将军"",""tr"":""General Enrique Mosconi"",""ru"":""Генерал Энрике Москони"",""uk"":""Генерал Енріке Москоні"",""pl"":""Generał Enrique Mosconi"",""hi"":""जनरल एनरिक मोस्कोनी"",""ar"":""الجنرال إنريكي موسكوني""}",2019-10-06T09:28:17,2025-12-02T17:11:50,1,Q2132246
1103,General Fernández Oro,3639,R,11,AR,city,,,-38.95297000,-67.92489000,General Fernández Oro,6772,America/Argentina/Salta,"{""br"":""Ar jeneral Fernández Oro"",""ko"":""페르난데스 오로 장군"",""pt-BR"":""General Fernández Oro"",""pt"":""General Fernández Oro"",""nl"":""Generaal Fernández Oro"",""hr"":""General Fernández Oro"",""fa"":""ژنرال فرناندز اورو"",""de"":""General Fernández Oro"",""es"":""General Fernández Oro"",""fr"":""Général Fernández Oro"",""ja"":""フェルナンデス・オロ将軍"",""it"":""Generale Fernández Oro"",""zh-CN"":""费尔南德斯·奥罗将军"",""tr"":""General Fernández Oro"",""ru"":""Генерал Фернандес Оро"",""uk"":""Генерал Фернандес Оро"",""pl"":""Generał Fernández Oro"",""hi"":""जनरल फर्नांडीज ओरो"",""ar"":""الجنرال فرنانديز أورو""}",2019-10-06T09:28:17,2025-12-02T14:39:55,1,Q3100497
1104,General Galarza,3654,E,11,AR,city,,,-32.72034000,-59.39615000,General Galarza,4150,America/Argentina/Cordoba,"{""br"":""Jeneral Galarza"",""ko"":""갈라르자 장군"",""pt-BR"":""General Galarza"",""pt"":""General Galarza"",""nl"":""Generaal Galarza"",""hr"":""General Galarza"",""fa"":""ژنرال گالارزا"",""de"":""General Galarza"",""es"":""General Galarza"",""fr"":""Général Galarza"",""ja"":""ガラルサ将軍"",""it"":""Generale Galarza"",""zh-CN"":""加拉尔萨将军"",""tr"":""General Galarza"",""ru"":""Генерал Галарза"",""uk"":""Генерал Галарза"",""pl"":""Generał Galarza"",""hi"":""जनरल गैलार्ज़ा"",""ar"":""الجنرال غالارزا""}",2019-10-06T09:28:17,2025-12-02T14:39:55,1,Q2220740
1105,General José de San Martín,3640,H,11,AR,adm2,,,-26.53743000,-59.34158000,General José de San Martín,31758,America/Argentina/Cordoba,"{""br"":""Jeneral José de San Martín"",""ko"":""호세 데 산 마르틴 장군"",""pt-BR"":""General José de San Martín"",""pt"":""General José de San Martín"",""nl"":""Generaal José de San Martín"",""hr"":""General José de San Martín"",""fa"":""ژنرال خوزه د سن مارتین"",""de"":""General José de San Martín"",""es"":""General José de San Martín"",""fr"":""Général José de San Martín"",""ja"":""ホセ・デ・サン・マルティン将軍"",""it"":""Generale José de San Martín"",""zh-CN"":""何塞·德·圣马丁将军"",""tr"":""General José de San Martín"",""ru"":""Генерал Хосе де Сан Мартин"",""uk"":""Генерал Хосе де Сан Мартін"",""pl"":""Generał José de San Martín"",""hi"":""जनरल जोस डी सैन मार्टिन"",""ar"":""الجنرال خوسيه دي سان مارتن""}",2019-10-06T09:28:17,2025-12-02T14:39:55,1,Q2220740
1106,General Levalle,3642,X,11,AR,city,,,-34.01472000,-63.92413000,Levalle general,5697,America/Argentina/Cordoba,"{""br"":""Jeneral Levalle"",""ko"":""르발 장군"",""pt-BR"":""General Levalle"",""pt"":""General Levalle"",""nl"":""Generaal Levalle"",""hr"":""General Levalle"",""fa"":""ژنرال لوال"",""de"":""General Levelle"",""es"":""General Levalle"",""fr"":""Général Levalle"",""ja"":""レヴァル将軍"",""it"":""Generale Levalle"",""zh-CN"":""勒瓦列将军"",""tr"":""General Levalle"",""ru"":""Генерал Леваль"",""uk"":""Генерал Леваль"",""pl"":""Generał Levalle"",""hi"":""जनरल लेवल"",""ar"":""الجنرال ليفال""}",2019-10-06T09:28:17,2025-12-02T14:39:55,1,Q938803
1107,General Manuel J. Campos,3655,L,11,AR,city,,,-37.46025000,-63.58537000,Manual general J. Fields,1016,America/Argentina/Salta,"{""br"":""Jeneral Manuel J. Campos"",""ko"":""마누엘 J. 캄포스 장군"",""pt-BR"":""General Manuel J. Campos"",""pt"":""General Manuel J. Campos"",""nl"":""Generaal Manuel J. Campos"",""hr"":""General Manuel J. Campos"",""fa"":""ژنرال مانوئل جی. کامپوس"",""de"":""General Manuel J. Campos"",""es"":""General Manuel J. Campos"",""fr"":""Général Manuel J. Campos"",""ja"":""マヌエル・J・カンポス将軍"",""it"":""Generale Manuel J. Campos"",""zh-CN"":""曼努埃尔·J·坎波斯将军"",""tr"":""General Manuel J. Campos"",""ru"":""Генерал Мануэль Х. Кампос"",""uk"":""Генерал Мануель Х. Кампос"",""pl"":""Generał Manuel J. Campos"",""hi"":""जनरल मैनुअल जे. कैम्पोस"",""ar"":""الجنرال مانويل ج. كامبوس""}",2019-10-06T09:28:17,2025-12-02T14:39:55,1,Q5532024
1108,General Pico,3655,L,11,AR,adm2,,,-35.65662000,-63.75682000,General Pico,57669,America/Argentina/Salta,"{""br"":""Jeneral Pico"",""ko"":""피코 장군"",""pt-BR"":""General Pico"",""pt"":""General Pico"",""nl"":""Generaal Pico"",""hr"":""General Pico"",""fa"":""ژنرال پیکو"",""de"":""General Pico"",""es"":""General Pico"",""fr"":""Général Pico"",""ja"":""ピコ将軍"",""it"":""Generale Pico"",""zh-CN"":""皮科将军"",""tr"":""General Pico"",""ru"":""Генерал Пико"",""uk"":""Генерал Піко"",""pl"":""Generał Pico"",""hi"":""जनरल पिको"",""ar"":""الجنرال بيكو""}",2019-10-06T09:28:17,2025-12-02T14:39:55,1,Q58349
1109,General Pinedo,3640,H,11,AR,adm2,,,-27.31667000,-61.28333000,Pino general,15741,America/Argentina/Cordoba,"{""br"":""Ar jeneral Pinedo"",""ko"":""피네도 장군"",""pt-BR"":""General Pinedo"",""pt"":""General Pinedo"",""nl"":""Generaal Pinedo"",""hr"":""General Pinedo"",""fa"":""ژنرال پیندو"",""de"":""General Pinedo"",""es"":""General Pinedo"",""fr"":""Général Pinedo"",""ja"":""ピネド将軍"",""it"":""Generale Pinedo"",""zh-CN"":""皮内多将军"",""tr"":""General Pinedo"",""ru"":""Генерал Пинедо"",""uk"":""Генерал Пінедо"",""pl"":""Generał Pinedo"",""hi"":""जनरल पिनेडो"",""ar"":""الجنرال بينيدو""}",2019-10-06T09:28:18,2025-12-02T14:39:55,1,Q611504
1110,General Ramírez,3654,E,11,AR,city,,,-32.17601000,-60.20079000,General Ramírez,8614,America/Argentina/Cordoba,"{""br"":""Ar jeneral Ramírez"",""ko"":""라미레스 장군"",""pt-BR"":""General Ramírez"",""pt"":""General Ramírez"",""nl"":""Generaal Ramírez"",""hr"":""General Ramírez"",""fa"":""ژنرال رامیرز"",""de"":""General Ramírez"",""es"":""General Ramírez"",""fr"":""Général Ramírez"",""ja"":""ラミレス将軍"",""it"":""Generale Ramírez"",""zh-CN"":""拉米雷斯将军"",""tr"":""General Ramírez"",""ru"":""Генерал Рамирес"",""uk"":""Генерал Рамірес"",""pl"":""Generał Ramírez"",""hi"":""जनरल रामिरेज़"",""ar"":""الجنرال راميريز""}",2019-10-06T09:28:18,2025-12-02T14:39:55,1,Q5532145
1111,General Roca,3642,X,11,AR,city,,,-32.73196000,-61.91599000,General Roca,2597,America/Argentina/Cordoba,"{""br"":""Ar jeneral Roca"",""ko"":""로카 장군"",""pt-BR"":""General Roca"",""pt"":""General Roca"",""nl"":""Generaal Roca"",""hr"":""General Roca"",""fa"":""ژنرال روکا"",""de"":""General Roca"",""es"":""General Roca"",""fr"":""Général Roca"",""ja"":""ロカ将軍"",""it"":""Generale Roca"",""zh-CN"":""罗卡将军"",""tr"":""General Roca"",""ru"":""Генерал Рока"",""uk"":""Генерал Рока"",""pl"":""Generał Roca"",""hi"":""जनरल रोका"",""ar"":""الجنرال روكا""}",2019-10-06T09:28:18,2025-12-02T14:39:55,1,Q21839890
1112,General Roca,3639,R,11,AR,city,,,-39.03333000,-67.58333000,General Roca,73212,America/Argentina/Salta,"{""br"":""Ar jeneral Roca"",""ko"":""로카 장군"",""pt-BR"":""General Roca"",""pt"":""General Roca"",""nl"":""Generaal Roca"",""hr"":""General Roca"",""fa"":""ژنرال روکا"",""de"":""General Roca"",""es"":""General Roca"",""fr"":""Général Roca"",""ja"":""ロカ将軍"",""it"":""Generale Roca"",""zh-CN"":""罗卡将军"",""tr"":""General Roca"",""ru"":""Генерал Рока"",""uk"":""Генерал Рока"",""pl"":""Generał Roca"",""hi"":""जनरल रोका"",""ar"":""الجنرال روكا""}",2019-10-06T09:28:18,2025-12-02T14:39:55,1,Q52506
1113,General San Martín,3655,L,11,AR,city,,,-37.97904000,-63.60449000,General San Martín,2846,America/Argentina/Salta,"{""br"":""Jeneral San Martín"",""ko"":""산 마르틴 장군"",""pt-BR"":""General San Martín"",""pt"":""General San Martín"",""nl"":""Generaal San Martín"",""hr"":""General San Martín"",""fa"":""ژنرال سن مارتین"",""de"":""General San Martín"",""es"":""General San Martín"",""fr"":""Général San Martín"",""ja"":""サン・マルティン将軍"",""it"":""Generale San Martín"",""zh-CN"":""圣马丁将军"",""tr"":""General San Martin"",""ru"":""Генерал Сан Мартин"",""uk"":""Генерал Сан-Мартін"",""pl"":""Generał San Martín"",""hi"":""जनरल सैन मार्टिन"",""ar"":""الجنرال سان مارتن""}",2019-10-06T09:28:18,2025-12-02T14:39:55,1,Q21839895
1114,General Vedia,3640,H,11,AR,city,,,-26.93382000,-58.66040000,General saber,3513,America/Argentina/Cordoba,"{""br"":""Vedia dre vras"",""ko"":""제너럴 베디아"",""pt-BR"":""Vedia Geral"",""pt"":""Vedia Geral"",""nl"":""Generaal Vedia"",""hr"":""Opća Veda"",""fa"":""ودیا عمومی"",""de"":""Allgemeine Vedia"",""es"":""General Vedia"",""fr"":""Général Vedia"",""ja"":""ヴェディア将軍"",""it"":""Generale Vedia"",""zh-CN"":""通用维迪亚"",""tr"":""Genel Vedia"",""ru"":""Генерал Ведия"",""uk"":""Загальна Ведія"",""pl"":""Ogólne Vedia"",""hi"":""जनरल वेडिया"",""ar"":""جنرال فيديا""}",2019-10-06T09:28:18,2025-12-02T14:39:55,1,Q1656049
1115,Gobernador Costa,3651,U,11,AR,city,,,-44.04992000,-70.59798000,Gobernador Costa,2251,America/Argentina/Catamarca,"{""br"":""Gouarnour Costa"",""ko"":""고베르나도르 코스타"",""pt-BR"":""Governador Costa"",""pt"":""Governador Costa"",""nl"":""Gouverneur Costa"",""hr"":""Guverner Costa"",""fa"":""گوبرنادور کوستا"",""de"":""Gouverneur Costa"",""es"":""Gobernador Costa"",""fr"":""Gouverneur Costa"",""ja"":""ゴベルナドール・コスタ"",""it"":""Governatore Costa"",""zh-CN"":""科斯塔州长"",""tr"":""Vali Costa"",""ru"":""Губернатор Коста"",""uk"":""Губернатор Коста"",""pl"":""Gubernator Costa"",""hi"":""गवर्नर कोस्टा"",""ar"":""جوبيرنادور كوستا""}",2019-10-06T09:28:18,2025-12-02T14:39:55,1,Q1773893
1116,Gobernador Gregores,3649,Z,11,AR,adm2,,,-48.75057000,-70.24741000,Gobernador Gregores,0,America/Argentina/Rio_Gallegos,"{""br"":""Gouarnour Gregores"",""ko"":""고베르나도르 그레고레스"",""pt-BR"":""Governador Gregores"",""pt"":""Governador Gregores"",""nl"":""Gobernador Gregores"",""hr"":""Guverner Gregores"",""fa"":""گوبرنادور گرگورس"",""de"":""Gouverneur Gregores"",""es"":""Gobernador Gregores"",""fr"":""Gouverneur Gregores"",""ja"":""ゴベルナドール・グレゴレス"",""it"":""Governatore Gregores"",""zh-CN"":""格雷戈雷斯州长"",""tr"":""Vali Gregores"",""ru"":""Губернатор Грегорес"",""uk"":""Губернатор Грегорес"",""pl"":""Gubernator Gregores"",""hi"":""गवर्नर ग्रेगोरेस"",""ar"":""الحاكم غريغوريس""}",2019-10-06T09:28:18,2025-12-02T14:39:55,1,Q950541
1117,Gobernador Gálvez,3641,S,11,AR,city,,,-33.03016000,-60.64045000,Gobernador Gálvez,74650,America/Argentina/Cordoba,"{""br"":""Gouarnour Gálvez"",""ko"":""고베르나도르 갈베스"",""pt-BR"":""Governador Gálvez"",""pt"":""Governador Gálvez"",""nl"":""Gobernador Gálvez"",""hr"":""Guverner Gálvez"",""fa"":""گوبرنادور گالوز"",""de"":""Gouverneur Gálvez"",""es"":""Gobernador Gálvez"",""fr"":""Gouverneur Gálvez"",""ja"":""ゴベルナドール・ガルベス"",""it"":""Governatore Gálvez"",""zh-CN"":""加尔维斯省长"",""tr"":""Vali Gálvez"",""ru"":""Гобернадор Гальвес"",""uk"":""Губернатор Гальвес"",""pl"":""Gubernador Gálvez"",""hi"":""गवर्नर गाल्वेज़"",""ar"":""حاكم غالفيز""}",2019-10-06T09:28:18,2025-12-02T14:39:55,1,Q2280502
1118,Gobernador Juan E. Martínez,3638,W,11,AR,city,,,-28.91161000,-58.93594000,Gobernador Juan E. Martínez,3529,America/Argentina/Cordoba,"{""br"":""Ar gouarnour Juan E. Martínez"",""ko"":""후안 E. 마르티네스 주지사"",""pt-BR"":""Governador Juan E. Martínez"",""pt"":""Governador Juan E. Martínez"",""nl"":""Gobernador Juan E. Martínez"",""hr"":""Guverner Juan E. Martínez"",""fa"":""گوبرنادور خوان ای. مارتینز"",""de"":""Gouverneur Juan E. Martínez"",""es"":""Gobernador Juan E. Martínez"",""fr"":""Gouverneur Juan E. Martínez"",""ja"":""フアン・E・マルティネス知事"",""it"":""Governatore Juan E. Martínez"",""zh-CN"":""胡安·E·马丁内斯州长"",""tr"":""Vali Juan E. Martínez"",""ru"":""Губернатор Хуан Э. Мартинес"",""uk"":""Губернатор Хуан Е. Мартінес"",""pl"":""Gubernator Juan E. Martínez"",""hi"":""गवर्नर जुआन ई. मार्टिनेज"",""ar"":""الحاكم خوان إي. مارتينيز""}",2019-10-06T09:28:18,2025-12-02T14:39:55,1,Q5881697
1119,Gobernador Mansilla,3654,E,11,AR,city,,,-32.54453000,-59.35480000,Gobernador Mansilla,2264,America/Argentina/Cordoba,"{""br"":""Gouarnour Mansilla"",""ko"":""만실라 주지사"",""pt-BR"":""Governador Mansilla"",""pt"":""Governador Mansilla"",""nl"":""Gouverneur Mansilla"",""hr"":""Guverner Mansilla"",""fa"":""گوبرنادور مانسیلا"",""de"":""Gouverneur Mansilla"",""es"":""Gobernador Mansilla"",""fr"":""Gouverneur Mansilla"",""ja"":""ゴベルナドール・マンシージャ"",""it"":""Governatore Mansilla"",""zh-CN"":""曼西拉州长"",""tr"":""Mansilla Valisi"",""ru"":""Гобернадор Мансилья"",""uk"":""Губернатор Мансілья"",""pl"":""Gubernator Mansilla"",""hi"":""गवर्नर मंसिला"",""ar"":""حاكم مانسيلا""}",2019-10-06T09:28:18,2025-12-02T14:39:55,1,Q5575454
1120,Gobernador Roca,3644,N,11,AR,city,,,-27.18636000,-55.46433000,Gobernador Roca,6315,America/Argentina/Buenos_Aires,"{""br"":""Gouarnour Roca"",""ko"":""고베르나도르 로카"",""pt-BR"":""Governador Roca"",""pt"":""Governador Roca"",""nl"":""Gobernador Roca"",""hr"":""Guverner Roca"",""fa"":""گوبرنادور روکا"",""de"":""Gouverneur Roca"",""es"":""Gobernador Roca"",""fr"":""Gouverneur Roca"",""ja"":""ゴベルナドール・ロカ"",""it"":""Governatore Roca"",""zh-CN"":""罗卡州长"",""tr"":""Vali Roca"",""ru"":""Губернатор Рока"",""uk"":""Губернатор Рока"",""pl"":""Gubernator Roca"",""hi"":""गवर्नर रोका"",""ar"":""حاكم روكا""}",2019-10-06T09:28:18,2025-12-02T17:11:50,1,Q5575458
1121,Gobernador Virasora,3638,W,11,AR,city,,,-28.05000000,-56.03333000,Gobernador Virasora,28756,America/Argentina/Cordoba,"{""br"":""Gouarnour Virasora"",""ko"":""고베르나도르 비라소라"",""pt-BR"":""Governador Virasora"",""pt"":""Governador Virasora"",""nl"":""Gouverneur Virasora"",""hr"":""Guverner Virasora"",""fa"":""گوبرنادور ویراسورا"",""de"":""Gouverneur Virasora"",""es"":""Gobernador Virasora"",""fr"":""Gouverneur Virasora"",""ja"":""ゴベルナドール・ビラソラ"",""it"":""Governatore Virasora"",""zh-CN"":""维拉索拉州长"",""tr"":""Vali Virasora"",""ru"":""Гобернадор Вирасора"",""uk"":""Губернатор Вірасора"",""pl"":""Gubernator Virasora"",""hi"":""गवर्नर विरासोरा"",""ar"":""حاكم فيراسورا""}",2019-10-06T09:28:18,2025-12-02T14:39:55,1,Q2100648
1122,Godoy Cruz,3646,M,11,AR,adm2,,,-32.92863000,-68.83510000,Godoy Cruz,191299,America/Argentina/Buenos_Aires,"{""br"":""Godoy Cruz"",""ko"":""고도이 크루즈"",""pt-BR"":""Godoy Cruz"",""pt"":""Godoy Cruz"",""nl"":""Godoy Cruz"",""hr"":""Godoy Cruz"",""fa"":""گودوی کروز"",""de"":""Godoy Cruz"",""es"":""Godoy Cruz"",""fr"":""Godoy Cruz"",""ja"":""ゴドイ・クルス"",""it"":""Godoy Cruz"",""zh-CN"":""戈多伊·克鲁斯"",""tr"":""Godoy Cruz"",""ru"":""Годой Круз"",""uk"":""Годой Крус"",""pl"":""Godoy Cruz"",""hi"":""गोडॉय क्रूज़"",""ar"":""جودوي كروز""}",2019-10-06T09:28:18,2025-12-02T17:11:50,1,Q1189982
1123,Goya,3638,W,11,AR,adm2,,,-29.13995000,-59.26343000,Goya,70245,America/Argentina/Cordoba,"{""br"":""Goya"",""ko"":""고야"",""pt-BR"":""Goya"",""pt"":""Goya"",""nl"":""Goya"",""hr"":""Goya"",""fa"":""گویا"",""de"":""Goya"",""es"":""Goya"",""fr"":""Goya"",""ja"":""ゴヤ"",""it"":""Goya"",""zh-CN"":""戈雅"",""tr"":""Goya"",""ru"":""Гойя"",""uk"":""Гойя"",""pl"":""Goya"",""hi"":""गोया"",""ar"":""غويا""}",2019-10-06T09:28:18,2025-12-02T14:39:55,1,Q55862
1124,Granadero Baigorria,3641,S,11,AR,city,,,-32.85683000,-60.71754000,Granadero Baigorria,36994,America/Argentina/Cordoba,"{""br"":""Granadero Baigorria"",""ko"":""그라나데로 바이고리아"",""pt-BR"":""Granadero Baigorria"",""pt"":""Granadero Baigorria"",""nl"":""Granadero Baigorria"",""hr"":""Granadero Baigorria"",""fa"":""گرانادرو بایگوریا"",""de"":""Granadero Baigorria"",""es"":""Granadero Baigorria"",""fr"":""Granadero Baigorria"",""ja"":""グラナデロ・バイゴリア"",""it"":""Granadero Baigorria"",""zh-CN"":""格拉纳德罗·拜戈里亚"",""tr"":""Granadero Baigorria"",""ru"":""Гранадеро Байгоррия"",""uk"":""Гранадеро Байгоррія"",""pl"":""Granadero Baigorria"",""hi"":""ग्रेनाडेरो बैगोरिया"",""ar"":""جراناديرو بايجوريا""}",2019-10-06T09:28:18,2025-12-02T14:39:55,1,Q5594127
1125,Graneros,3637,T,11,AR,adm2,,,-27.64934000,-65.43830000,Graneros,5263,America/Argentina/Tucuman,"{""br"":""Graneros"",""ko"":""그라네로스"",""pt-BR"":""Graneros"",""pt"":""Graneros"",""nl"":""Graneros"",""hr"":""Graneros"",""fa"":""گرانروس"",""de"":""Graneros"",""es"":""Graneros"",""fr"":""Graneros"",""ja"":""グラネロス"",""it"":""Graneros"",""zh-CN"":""格拉内罗斯"",""tr"":""Graneros"",""ru"":""Гранерос"",""uk"":""Гранерос"",""pl"":""Graneros"",""hi"":""ग्रैनेरोस"",""ar"":""جرانيروس""}",2019-10-06T09:28:18,2025-12-02T14:39:55,1,Q1014652
1126,Gualeguay,3654,E,11,AR,adm2,,,-33.14156000,-59.30966000,Gualeguay,57303,America/Argentina/Buenos_Aires,"{""br"":""Gualeguay"",""ko"":""과레과이"",""pt-BR"":""Gualeguay"",""pt"":""Gualeguay"",""nl"":""Gualeguay"",""hr"":""Gualeguay"",""fa"":""گوآلگوئه"",""de"":""Gualeguay"",""es"":""Gualeguay"",""fr"":""Gualeguay"",""ja"":""グアレグアイ"",""it"":""Gualeguay"",""zh-CN"":""瓜莱瓜伊"",""tr"":""Gualeguay"",""ru"":""Гуалегуай"",""uk"":""Гуалегуай"",""pl"":""Gualeguay"",""hi"":""गुआलेग्वे"",""ar"":""غواليغواي""}",2019-10-06T09:28:18,2025-12-02T17:11:50,1,Q52602
1127,Gualeguaychú,3654,E,11,AR,adm2,,,-33.00937000,-58.51722000,Gualeguaychú,78676,America/Argentina/Cordoba,"{""br"":""Gualeguaychú"",""ko"":""과레과이추"",""pt-BR"":""Gualeguaychú"",""pt"":""Gualeguaychú"",""nl"":""Gualeguaychú"",""hr"":""Gualeguaychú"",""fa"":""گوالگوئایچو"",""de"":""Gualeguaychú"",""es"":""Gualeguaychú"",""fr"":""Gualeguaychú"",""ja"":""グアレグアイチュ"",""it"":""Gualeguaychú"",""zh-CN"":""瓜莱瓜伊丘"",""tr"":""Gualeguaychú"",""ru"":""Гуалегуайчу"",""uk"":""Гуалегуайчу"",""pl"":""Gualeguaychú"",""hi"":""गुआलेगुआयचु"",""ar"":""غواليغوايتشو""}",2019-10-06T09:28:18,2025-12-02T14:39:55,1,Q52585
1128,Guaraní,3644,N,11,AR,city,,,-27.52323000,-55.16077000,Guaraní,4530,America/Argentina/Cordoba,"{""br"":""Guaranieg"",""ko"":""과라니"",""pt-BR"":""Guarani"",""pt"":""Guarani"",""nl"":""Guaraní"",""hr"":""Guaraní"",""fa"":""گوارانی"",""de"":""Guaraní"",""es"":""Guaraní"",""fr"":""Guarani"",""ja"":""グアラニー語"",""it"":""Guaraní"",""zh-CN"":""瓜拉尼语"",""tr"":""Guarani"",""ru"":""Гуарани"",""uk"":""Гуарані"",""pl"":""Guarani"",""hi"":""गुआरानी"",""ar"":""غواراني""}",2019-10-06T09:28:18,2025-12-02T14:39:55,1,Q5613944
1129,Guatimozín,3642,X,11,AR,city,,,-33.46149000,-62.43844000,GuaaMozina,2524,America/Argentina/Cordoba,"{""br"":""Guatimozín"",""ko"":""과티모진"",""pt-BR"":""Guatimozín"",""pt"":""Guatimozín"",""nl"":""Guatimozín"",""hr"":""Guatimozín"",""fa"":""گواتیموزین"",""de"":""Guatimozín"",""es"":""Guatimozín"",""fr"":""Guatimozín"",""ja"":""グアティモジン"",""it"":""Guatimozin"",""zh-CN"":""瓜蒂莫津"",""tr"":""Guatimozin"",""ru"":""Гуатимосин"",""uk"":""Гуатімосін"",""pl"":""Guatimozín"",""hi"":""गुआतिमोज़िन"",""ar"":""غواتيموسين""}",2019-10-06T09:28:18,2025-12-02T14:39:55,1,Q21840259
1130,Guatraché,3655,L,11,AR,adm2,,,-37.66776000,-63.53021000,Guatraque,5271,America/Argentina/Buenos_Aires,"{""br"":""Guatraché"",""ko"":""과트라셰"",""pt-BR"":""Guatraché"",""pt"":""Guatraché"",""nl"":""Guatraché"",""hr"":""Guatraché"",""fa"":""گواتراچ"",""de"":""Guatrache"",""es"":""Guatraché"",""fr"":""Guatraché"",""ja"":""グアトラシェ"",""it"":""Guatraché"",""zh-CN"":""瓜特拉切"",""tr"":""Guatrache"",""ru"":""Гуатраче"",""uk"":""Гуатраче"",""pl"":""Guatraché"",""hi"":""गुआट्राचे"",""ar"":""غواتراشيه""}",2019-10-06T09:28:18,2025-12-02T17:11:50,1,Q58351
1131,Gálvez,3641,S,11,AR,city,,,-32.02927000,-61.22103000,Gálvez,20100,America/Argentina/Cordoba,"{""br"":""Gálvez"",""ko"":""갈베스"",""pt-BR"":""Gálvez"",""pt"":""Gálvez"",""nl"":""Gálvez"",""hr"":""Gálvez"",""fa"":""گالوز"",""de"":""Gálvez"",""es"":""Gálvez"",""fr"":""Gálvez"",""ja"":""ガルベス"",""it"":""Gálvez"",""zh-CN"":""加尔维斯"",""tr"":""Gálvez"",""ru"":""Гальвес"",""uk"":""Гальвес"",""pl"":""Gálvez"",""hi"":""गैल्वेज़"",""ar"":""جالفيز""}",2019-10-06T09:28:18,2025-12-02T14:39:55,1,Q2407577
1132,Hasenkamp,3654,E,11,AR,city,,,-31.51226000,-59.83545000,Hasenkamp,4413,America/Argentina/Cordoba,"{""br"":""Hasenkamp"",""ko"":""하센캄프"",""pt-BR"":""Hasenkamp"",""pt"":""Hasenkamp"",""nl"":""Hasenkamp"",""hr"":""Hasenkamp"",""fa"":""هاسنکمپ"",""de"":""Hasenkamp"",""es"":""Hasenkamp"",""fr"":""Hasenkamp"",""ja"":""ハゼンカンプ"",""it"":""Hasenkamp"",""zh-CN"":""哈森坎普"",""tr"":""Hasenkamp"",""ru"":""Хазенкамп"",""uk"":""Хазенкамп"",""pl"":""Hasenkamp"",""hi"":""हसेनकैंप"",""ar"":""هاسينكامب""}",2019-10-06T09:28:18,2025-12-02T14:39:55,1,Q375431
1133,Helvecia,3641,S,11,AR,adm2,,,-31.09834000,-60.08830000,Helvecia,0,America/Argentina/Cordoba,"{""br"":""Helvecia"",""ko"":""헬베시아"",""pt-BR"":""Helvécia"",""pt"":""Helvécia"",""nl"":""Helvecia"",""hr"":""Helvecija"",""fa"":""هلوسیا"",""de"":""Helvecia"",""es"":""Helvecia"",""fr"":""Helvecia"",""ja"":""ヘルベシア"",""it"":""Helvecia"",""zh-CN"":""赫尔维西亚"",""tr"":""Helvecia"",""ru"":""Гельвеция"",""uk"":""Гельвеція"",""pl"":""Helvecia"",""hi"":""हेल्वेसिया"",""ar"":""هيلفيسيا""}",2019-10-06T09:28:18,2025-12-02T14:39:55,1,Q2804220
1134,Herlitzka,3638,W,11,AR,city,,,-27.56516000,-58.25557000,Herlitzka,1166,America/Argentina/Buenos_Aires,"{""br"":""Herlitzka"",""ko"":""헤를리츠카"",""pt-BR"":""Herlitzka"",""pt"":""Herlitzka"",""nl"":""Herlitzka"",""hr"":""Herlitzka"",""fa"":""هرلیتسکا"",""de"":""Herlitzka"",""es"":""Herlitzka"",""fr"":""Herlitzka"",""ja"":""ヘルリッツカ"",""it"":""Herlitzka"",""zh-CN"":""赫利茨卡"",""tr"":""Herlitzka"",""ru"":""Херлицка"",""uk"":""Герліцка"",""pl"":""Herlitzka"",""hi"":""हर्लिट्ज़का"",""ar"":""هيرليتزكا""}",2019-10-06T09:28:18,2025-12-02T17:11:50,1,Q5894887
1135,Hermoso Campo,3640,H,11,AR,adm2,,,-27.60816000,-61.34441000,Hermoso Campo,7435,America/Argentina/Cordoba,"{""br"":""Hermoso Campo"",""ko"":""에르모소 캄포"",""pt-BR"":""Lindo Campo"",""pt"":""Lindo Campo"",""nl"":""Prachtige Veld"",""hr"":""Hermoso Campo"",""fa"":""هرموسو کامپو"",""de"":""Hermoso Campo"",""es"":""Hermoso Campo"",""fr"":""Hermoso Campo"",""ja"":""エルモソ・カンポ"",""it"":""Hermoso Campo"",""zh-CN"":""埃尔莫索坎波"",""tr"":""Güzel Campo"",""ru"":""Эрмосо Кампо"",""uk"":""Ермосо Кампо"",""pl"":""Hermoso Campo"",""hi"":""हर्मोसो कैम्पो"",""ar"":""هيرموسو كامبو""}",2019-10-06T09:28:18,2025-12-02T14:39:55,1,Q751497
1136,Hernando,3642,X,11,AR,city,,,-32.42657000,-63.73333000,Hernando,10486,America/Argentina/Cordoba,"{""br"":""Hernando"",""ko"":""에르난도"",""pt-BR"":""Hernando"",""pt"":""Hernando"",""nl"":""Hernando"",""hr"":""Hernando"",""fa"":""هرناندو"",""de"":""Hernando"",""es"":""Hernando"",""fr"":""Hernando"",""ja"":""ヘルナンド"",""it"":""Hernando"",""zh-CN"":""埃尔南多"",""tr"":""Hernando"",""ru"":""Эрнандо"",""uk"":""Ернандо"",""pl"":""Hernando"",""hi"":""हर्नांडो"",""ar"":""هيرناندو""}",2019-10-06T09:28:18,2025-12-02T14:39:55,1,Q2648980
1137,Hernández,3654,E,11,AR,city,,,-32.33730000,-60.02160000,Hernández,1801,America/Argentina/Buenos_Aires,"{""br"":""Hernández"",""ko"":""에르난데스"",""pt-BR"":""Hernández"",""pt"":""Hernández"",""nl"":""Hernández"",""hr"":""Hernández"",""fa"":""هرناندز"",""de"":""Hernández"",""es"":""Hernández"",""fr"":""Hernandez"",""ja"":""エルナンデス"",""it"":""Hernández"",""zh-CN"":""埃尔南德斯"",""tr"":""Hernández"",""ru"":""Эрнандес"",""uk"":""Ернандес"",""pl"":""Hernández"",""hi"":""हर्नेनडेज़"",""ar"":""هيرنانديز""}",2019-10-06T09:28:18,2025-12-02T17:11:50,1,Q21840340
1138,Herradura,3652,P,11,AR,city,,,-26.48705000,-58.31198000,Herradura,2333,America/Argentina/Cordoba,"{""br"":""Herradura"",""ko"":""에라두라"",""pt-BR"":""Herradura"",""pt"":""Herradura"",""nl"":""Herradura"",""hr"":""Herradura"",""fa"":""هرادورا"",""de"":""Herradura"",""es"":""Herradura"",""fr"":""Herradura"",""ja"":""エラドゥーラ"",""it"":""Herradura"",""zh-CN"":""埃拉杜拉"",""tr"":""Herradura"",""ru"":""Эррадура"",""uk"":""Геррадура"",""pl"":""Herradura"",""hi"":""हेराडुरा"",""ar"":""هيرادورا""}",2019-10-06T09:28:18,2025-12-02T14:39:55,1,Q3197888
1139,Herrera,3654,E,11,AR,city,,,-32.43401000,-58.63177000,Herrera,1587,America/Argentina/Cordoba,"{""br"":""Herrera"",""ko"":""에레라"",""pt-BR"":""Herrera"",""pt"":""Herrera"",""nl"":""Herrera"",""hr"":""Herrera"",""fa"":""هررا"",""de"":""Herrera"",""es"":""Herrera"",""fr"":""Herrera"",""ja"":""ヘレラ"",""it"":""Herrera"",""zh-CN"":""埃雷拉"",""tr"":""Herrera"",""ru"":""Эррера"",""uk"":""Еррера"",""pl"":""Herrera"",""hi"":""हेरेरा"",""ar"":""هيريرا""}",2019-10-06T09:28:18,2025-12-02T14:39:55,1,Q5743957
1140,Hersilia,3641,S,11,AR,city,,,-30.00447000,-61.84080000,Hersilia,3000,America/Argentina/Cordoba,"{""br"":""Hersilia"",""ko"":""헤르실리아"",""pt-BR"":""Hersília"",""pt"":""Hersília"",""nl"":""Hersilia"",""hr"":""Hersilia"",""fa"":""هرسیلیا"",""de"":""Hersilia"",""es"":""Hersilia"",""fr"":""Hersilia"",""ja"":""ヘルシリア"",""it"":""Hersilia"",""zh-CN"":""赫西莉亚"",""tr"":""Hersilia"",""ru"":""Херсилия"",""uk"":""Герсілія"",""pl"":""Hersilia"",""hi"":""हर्सिलिया"",""ar"":""هيرسيليا""}",2019-10-06T09:28:18,2025-12-02T14:39:55,1,Q21840344
1141,Hoyo de Epuyén,3651,U,11,AR,city,,,-42.07189000,-71.50811000,Hoyo de Epuyén,,America/Argentina/Buenos_Aires,"{""br"":""Hoyo de Epuyén"",""ko"":""호요 데 에푸옌"",""pt-BR"":""Hoyo de Epuyén"",""pt"":""Hoyo de Epuyén"",""nl"":""Hoyo de Epuyén"",""hr"":""Hoyo de Epuyén"",""fa"":""هویو دو اپوین"",""de"":""Hoyo de Epuyén"",""es"":""Hoyo de Epuyén"",""fr"":""Hoyo de Epuyén"",""ja"":""オヨ・デ・エプイエン"",""it"":""Hoyo de Epuyén"",""zh-CN"":""奥约·德埃普延"",""tr"":""Hoyo de Epuyén"",""ru"":""Ойо де Эпуен"",""uk"":""Ойо-де-Епуєн"",""pl"":""Hoyo de Epuyén"",""hi"":""होयो डी एपुयेन"",""ar"":""Hoyo de Epuyén""}",2019-10-06T09:28:18,2025-12-02T17:11:50,1,Q3720934
1142,Hualfín,3647,K,11,AR,city,,,-27.22896000,-66.83131000,Hualfin,2304,America/Argentina/Catamarca,"{""br"":""Hualfín"",""ko"":""후알핀"",""pt-BR"":""Hualfín"",""pt"":""Hualfín"",""nl"":""Hualfín"",""hr"":""Hualfín"",""fa"":""هوالفین"",""de"":""Hualfín"",""es"":""Hualfín"",""fr"":""Hualfín"",""ja"":""ワルフィン"",""it"":""Hualfín"",""zh-CN"":""瓦尔芬"",""tr"":""Hualfin"",""ru"":""Хуалфин"",""uk"":""Уафін"",""pl"":""Hualfín"",""hi"":""हुआल्फिन"",""ar"":""هوالفين""}",2019-10-06T09:28:18,2025-12-02T14:39:55,1,Q1774287
1143,Huanchillas,3642,X,11,AR,city,,,-33.66653000,-63.63701000,Huanchillas,1020,America/Argentina/Cordoba,"{""br"":""Huanchillas"",""ko"":""후안칠라스"",""pt-BR"":""Huanchillas"",""pt"":""Huanchillas"",""nl"":""Huanchillas"",""hr"":""Huanchillas"",""fa"":""هوانچیلا"",""de"":""Huanchillas"",""es"":""Huanchillas"",""fr"":""Huanchillas"",""ja"":""ワンチリャス"",""it"":""Huanchillas"",""zh-CN"":""胡安奇拉斯"",""tr"":""Huanchillas"",""ru"":""Уанчильяс"",""uk"":""Уанчільяс"",""pl"":""Huanchillas"",""hi"":""हुआंचिलास"",""ar"":""هوانشيلاس""}",2019-10-06T09:28:18,2025-12-02T14:39:55,1,Q21840489
1144,Huerta Grande,3642,X,11,AR,city,,,-31.07524000,-64.49063000,Huerta Grande,5630,America/Argentina/Cordoba,"{""br"":""Huerta Grande"",""ko"":""우에르타 그란데"",""pt-BR"":""Huerta Grande"",""pt"":""Huerta Grande"",""nl"":""Huerta Grande"",""hr"":""Huerta Grande"",""fa"":""هوئرتا گرانده"",""de"":""Huerta Grande"",""es"":""Huerta Grande"",""fr"":""Huerta Grande"",""ja"":""ウエルタ・グランデ"",""it"":""Huerta Grande"",""zh-CN"":""韦尔塔格兰德"",""tr"":""Huerta Grande"",""ru"":""Уэрта Гранде"",""uk"":""Уерта-Гранде"",""pl"":""Huerta Grande"",""hi"":""हुएर्टा ग्रांडे"",""ar"":""هويرتا غراندي""}",2019-10-06T09:28:18,2025-12-02T14:39:55,1,Q21840531
1145,Huillapima,3647,K,11,AR,city,,,-28.72533000,-65.97870000,Caseos,7779,America/Argentina/Catamarca,"{""br"":""Huillapima"",""ko"":""우일라피마"",""pt-BR"":""Huillapima"",""pt"":""Huillapima"",""nl"":""Huillapima"",""hr"":""Huillapima"",""fa"":""هویلاپیم"",""de"":""Huillapima"",""es"":""Huillapima"",""fr"":""Huillapima"",""ja"":""ウイラピマ"",""it"":""Huillapima"",""zh-CN"":""维拉皮马"",""tr"":""Huillapima"",""ru"":""Уильяпима"",""uk"":""Уїльяпіма"",""pl"":""Huillapima"",""hi"":""हुइलापिमा"",""ar"":""هويلابيما""}",2019-10-06T09:28:18,2025-12-02T14:39:55,1,Q81653
1146,Huinca Renancó,3642,X,11,AR,city,,,-34.84038000,-64.37580000,Huinca Renancó,8637,America/Argentina/Cordoba,"{""br"":""Huinca Renancó"",""ko"":""우인카 레난코"",""pt-BR"":""Huinca Renancó"",""pt"":""Huinca Renancó"",""nl"":""Huinca Renancó"",""hr"":""Huinca Renancó"",""fa"":""هوینکا رنانکو"",""de"":""Huinca Renancó"",""es"":""Huinca Renancó"",""fr"":""Huinca Renancó"",""ja"":""ウインカ・レナンコ"",""it"":""Huinca Renancó"",""zh-CN"":""Huinca Renancó"",""tr"":""Huinca Renancó"",""ru"":""Уинка Ренанко"",""uk"":""Уінка Ренанко"",""pl"":""Huinca Renancó"",""hi"":""हुइंका रेनांको"",""ar"":""هوينكا رينانكو""}",2019-10-06T09:28:18,2025-12-02T14:39:55,1,Q2638654
1147,Humahuaca,3645,Y,11,AR,adm2,,,-23.20544000,-65.35048000,Humahuaca,11369,America/Argentina/Jujuy,"{""br"":""Humahuaca"",""ko"":""우마우아카"",""pt-BR"":""Humahuaca"",""pt"":""Humahuaca"",""nl"":""Humahuaca"",""hr"":""Humahuaca"",""fa"":""هوماهواکا"",""de"":""Humahuaca"",""es"":""Humahuaca"",""fr"":""Humahuaca"",""ja"":""ウマワカ"",""it"":""Humahuaca"",""zh-CN"":""乌马瓦卡"",""tr"":""Humahuaca"",""ru"":""Умауака"",""uk"":""Умахуака"",""pl"":""Humahuaca"",""hi"":""हुमाहुआका"",""ar"":""هوماهواكا""}",2019-10-06T09:28:18,2025-12-02T14:39:55,1,Q1026833
1148,Ibarreta,3652,P,11,AR,city,,,-25.21438000,-59.85851000,Valle,8687,America/Argentina/Cordoba,"{""br"":""Ibarreta"",""ko"":""이바레타"",""pt-BR"":""Ibarreta"",""pt"":""Ibarreta"",""nl"":""Ibarreta"",""hr"":""Ibarreta"",""fa"":""ایبارتا"",""de"":""Ibarreta"",""es"":""Ibarreta"",""fr"":""Ibarreta"",""ja"":""イバレタ"",""it"":""Ibarreta"",""zh-CN"":""伊瓦雷塔"",""tr"":""Ibarreta"",""ru"":""Ибаррета"",""uk"":""Ібаррета"",""pl"":""Ibarreta"",""hi"":""इबरेटा"",""ar"":""إيباريتا""}",2019-10-06T09:28:18,2025-12-02T14:39:55,1,Q5983760
1149,Icaño,3647,K,11,AR,city,,,-28.91934000,-65.32817000,Icaño,6857,America/Argentina/Catamarca,"{""br"":""Icaño"",""ko"":""이카뇨"",""pt-BR"":""Icano"",""pt"":""Icano"",""nl"":""Icaño"",""hr"":""Icaño"",""fa"":""ایکانو"",""de"":""Icaño"",""es"":""Icaño"",""fr"":""Icaño"",""ja"":""イカノ"",""it"":""Icaño"",""zh-CN"":""伊卡尼奥"",""tr"":""Icaño"",""ru"":""Иканьо"",""uk"":""Іканьо"",""pl"":""Icaño"",""hi"":""इकानो"",""ar"":""إيكانو""}",2019-10-06T09:28:18,2025-12-02T14:39:55,1,Q3791626
1150,Idiazábal,3642,X,11,AR,city,,,-32.81411000,-63.03252000,Rydiazabal,1567,America/Argentina/Cordoba,"{""br"":""Idiazábal"",""ko"":""이디아사발"",""pt-BR"":""Idiazábal"",""pt"":""Idiazábal"",""nl"":""Idiazábal"",""hr"":""Idiazábal"",""fa"":""ایدیازابال"",""de"":""Idiazábal"",""es"":""Idiazábal"",""fr"":""Idiazábal"",""ja"":""イディアサバル"",""it"":""Idiazábal"",""zh-CN"":""伊迪亚萨巴尔"",""tr"":""İdiazábal"",""ru"":""Идиасабаль"",""uk"":""Ідіасабаль"",""pl"":""Idiazábal"",""hi"":""इडियाज़ाबल"",""ar"":""إيديازابال""}",2019-10-06T09:28:18,2025-12-02T14:39:55,1,Q21840564
1151,Ingeniero Guillermo N. Juárez,3652,P,11,AR,adm2,,,-23.90000000,-61.85000000,Ingeniero Guillermo N. Juárez,,America/Argentina/Buenos_Aires,"{""br"":""Ingeniero Guillermo N. Juárez"",""ko"":""잉게니에로 기예르모 N. 후아레스"",""pt-BR"":""Engenheiro Guillermo N. Juárez"",""pt"":""Engenheiro Guillermo N. Juárez"",""nl"":""Ingeniero Guillermo N. Juárez"",""hr"":""Ingeniero Guillermo N. Juárez"",""fa"":""Ingeniero Guillermo N. Juárez"",""de"":""Ingenieur Guillermo N. Juárez"",""es"":""Ingeniero Guillermo N. Juárez"",""fr"":""Ingéniero Guillermo N. Juárez"",""ja"":""インヘニエロ・ギジェルモ・N・フアレス"",""it"":""Ingeniero Guillermo N. Juárez"",""zh-CN"":""吉列尔莫·华雷斯工程师"",""tr"":""Ingeniero Guillermo N. Juárez"",""ru"":""Инженер Гильермо Н. Хуарес"",""uk"":""Інженер Гільєрмо Н. Хуарес"",""pl"":""Ingeniero Guillermo N. Juárez"",""hi"":""इंजेनिरो गुइलेर्मो एन. जुआरेज़"",""ar"":""إنجينيرو غييرمو ن. خواريز""}",2019-10-06T09:28:18,2025-12-02T17:11:50,1,Q106075
1152,Ingeniero Jacobacci,3639,R,11,AR,city,,,-41.32920000,-69.55015000,Ingeniero Jacobacci,6261,America/Argentina/Salta,"{""br"":""Ingeniero Jacobacci"",""ko"":""인제니에로 야코바치"",""pt-BR"":""Engenheiro Jacobacci"",""pt"":""Engenheiro Jacobacci"",""nl"":""Ingeniero Jacobacci"",""hr"":""Ingeniero Jacobacci"",""fa"":""اینجنیرو جاکوباچی"",""de"":""Ingeniero Jacobacci"",""es"":""Ingeniero Jacobacci"",""fr"":""Ingénieur Jacobacci"",""ja"":""インジェニエロ・ヤコバッチ"",""it"":""Ingeniero Jacobacci"",""zh-CN"":""雅各巴奇工程师"",""tr"":""Mühendis Jacobacci"",""ru"":""Инженер Якобаччи"",""uk"":""Інженіеро Джакобаччі"",""pl"":""Inżynier Jacobacci"",""hi"":""इंजीनिएरो जैकोबैकी"",""ar"":""المهندس جاكوباتشي""}",2019-10-06T09:28:18,2025-12-02T14:39:55,1,Q2205145
1153,Ingeniero Luiggi,3655,L,11,AR,city,,,-35.38585000,-64.46519000,Luiggi ingenuo,4671,America/Argentina/Salta,"{""br"":""Ingeniero Luiggi"",""ko"":""인제니에로 루이지"",""pt-BR"":""Engenheiro Luiggi"",""pt"":""Engenheiro Luiggi"",""nl"":""Ingenieur Luiggi"",""hr"":""Ingeniero Luiggi"",""fa"":""اینجنیرو لوئیجی"",""de"":""Ingeniero Luiggi"",""es"":""Ingeniero Luiggi"",""fr"":""Ingénieur Luiggi"",""ja"":""エンジニア・ルイッジ"",""it"":""Ingeniero Luiggi"",""zh-CN"":""路易吉工程师"",""tr"":""Mühendis Luiggi"",""ru"":""Инженер Луиджи"",""uk"":""Інженер Луїджі"",""pl"":""Inżynier Luiggi"",""hi"":""इंजीनिएरो लुइगी"",""ar"":""المهندس لويجي""}",2019-10-06T09:28:18,2025-12-02T14:39:55,1,Q3038413
1154,Ingeniero Luis A. Huergo,3639,R,11,AR,city,,,-39.07146000,-67.23790000,Ingeniero Luis A. Huergo,6483,America/Argentina/Salta,"{""br"":""Ingeniero Luis A. Huergo"",""ko"":""인제니에로 루이스 A. 우에르고"",""pt-BR"":""Engenheiro Luis A. Huergo"",""pt"":""Engenheiro Luis A. Huergo"",""nl"":""Ingeniero Luis A. Huergo"",""hr"":""Ingeniero Luis A. Huergo"",""fa"":""اینجنیرو لوئیس آ. هورگو"",""de"":""Ingeniero Luis A. Huergo"",""es"":""Ingeniero Luis A. Huergo"",""fr"":""Ingénieur Luis A. Huergo"",""ja"":""エンジニア ルイス A. ウエルゴ"",""it"":""Ingeniero Luis A. Huergo"",""zh-CN"":""路易斯·A·韦尔戈工程师"",""tr"":""Ingeniero Luis A. Huergo"",""ru"":""Инженер Луис А. Уэрго"",""uk"":""Інженер Луїс А. Уерго"",""pl"":""Inżynier Luis A. Huergo"",""hi"":""इंजीनियर लुइस ए. हुएर्गो"",""ar"":""المهندس لويس أ. هويرجو""}",2019-10-06T09:28:18,2025-12-02T14:39:55,1,Q9008444
1155,Ingenio La Esperanza,3645,Y,11,AR,city,,,-24.22554000,-64.83896000,Ingenio La Esperanza,5002,America/Argentina/Jujuy,"{""br"":""Ingenio La Esperanza"",""ko"":""인제니오 라 에스페란자"",""pt-BR"":""Engenho La Esperanza"",""pt"":""Engenho La Esperanza"",""nl"":""Ingenio La Esperanza"",""hr"":""Ingenio La Esperanza"",""fa"":""اینجنیو لا اسپرانزا"",""de"":""Ingenio La Esperanza"",""es"":""Ingenio La Esperanza"",""fr"":""Ingenio La Esperanza"",""ja"":""インジェニオ・ラ・エスペランサ"",""it"":""Ingenio La Esperanza"",""zh-CN"":""希望之因杰尼奥"",""tr"":""Ingenio La Esperanza"",""ru"":""Ингенио Ла Эсперанса"",""uk"":""Інгеніо Ла Есперанса"",""pl"":""Ingenio La Esperanza"",""hi"":""इंजेनियो ला एस्पेरांज़ा"",""ar"":""إنجينيو لا إسبيرانزا""}",2019-10-06T09:28:18,2025-12-02T14:39:55,1,Q21840643
1156,Inriville,3642,X,11,AR,city,,,-32.94424000,-62.23028000,Enriquecer,3778,America/Argentina/Cordoba,"{""br"":""Inriville"",""ko"":""인리빌"",""pt-BR"":""Inriville"",""pt"":""Inriville"",""nl"":""Inriville"",""hr"":""Inriville"",""fa"":""اینریویل"",""de"":""Inriville"",""es"":""Inriville"",""fr"":""Inriville"",""ja"":""インリヴィル"",""it"":""Inriville"",""zh-CN"":""因里维尔"",""tr"":""Inriville"",""ru"":""Инривиль"",""uk"":""Інрівілл"",""pl"":""Inriville"",""hi"":""इनरिविले"",""ar"":""إنريفيل""}",2019-10-06T09:28:18,2025-12-02T14:39:55,1,Q9008605
1157,Intendente Alvear,3655,L,11,AR,adm2,,,-35.23383000,-63.59205000,Intendente Alvear,6990,America/Argentina/Salta,"{""br"":""Intendente Alvear"",""ko"":""인텐덴테 알베아르"",""pt-BR"":""Intendente Alvear"",""pt"":""Intendente Alvear"",""nl"":""Intendente Alvear"",""hr"":""Namjesnik Alvear"",""fa"":""تمایل آلوئار"",""de"":""Intendente Alvear"",""es"":""Intendente Alvear"",""fr"":""Intendant Alvear"",""ja"":""インテンデンテ・アルベアール"",""it"":""Intendente Alvear"",""zh-CN"":""阿尔韦亚尔中尉"",""tr"":""Intendente Alvear"",""ru"":""Интенденте Альвеар"",""uk"":""Інтендант Альвеар"",""pl"":""Intendente Alvear"",""hi"":""इंटेंडेंटे अल्वियर"",""ar"":""Intendente Alvear""}",2019-10-06T09:28:18,2025-12-02T14:39:55,1,Q58371
1158,Iriondo Department,3641,S,11,AR,city,,,-32.63333000,-61.33333000,Iriondo Department,74504,America/Argentina/Buenos_Aires,"{""br"":""Departamant Iriondo"",""ko"":""이리온도 부서"",""pt-BR"":""Departamento de Iriondo"",""pt"":""Departamento de Iriondo"",""nl"":""Iriondo-afdeling"",""hr"":""Odjel Iriondo"",""fa"":""بخش ایریوندو"",""de"":""Iriondo-Abteilung"",""es"":""Departamento de Iriondo"",""fr"":""Département d'Iriondo"",""ja"":""イリオンド県"",""it"":""Dipartimento di Iriondo"",""zh-CN"":""伊里翁多省"",""tr"":""Iriondo Bölümü"",""ru"":""Департамент Ириондо"",""uk"":""Департамент Іріондо"",""pl"":""Departament Iriondo"",""hi"":""इरियोंडो विभाग"",""ar"":""قسم إيريوندو""}",2019-10-06T09:28:18,2025-12-02T16:59:27,1,Q538693
1159,Isla Verde,3642,X,11,AR,city,,,-33.24104000,-62.40297000,Isla Verde,4245,America/Argentina/Cordoba,"{""br"":""Enez Glas"",""ko"":""이슬라 베르데"",""pt-BR"":""Ilha Verde"",""pt"":""Ilha Verde"",""nl"":""Eiland Verde"",""hr"":""Isla Verde"",""fa"":""ایسلا ورده"",""de"":""Isla Verde"",""es"":""Isla Verde"",""fr"":""Île Verte"",""ja"":""イスラ・ベルデ"",""it"":""Isola Verde"",""zh-CN"":""绿岛"",""tr"":""Yeşil Ada"",""ru"":""Исла-Верде"",""uk"":""Ісла-Верде"",""pl"":""Wyspa Zielona"",""hi"":""इस्ला वर्डे"",""ar"":""جزيرة فيردي""}",2019-10-06T09:28:18,2025-12-02T14:39:55,1,Q21840678
1160,Italó,3642,X,11,AR,city,,,-34.79237000,-63.78199000,Bebida,1139,America/Argentina/Cordoba,"{""br"":""Italó"",""ko"":""이탈로"",""pt-BR"":""Italiano"",""pt"":""Italiano"",""nl"":""Italiaans"",""hr"":""Italo"",""fa"":""ایتالو"",""de"":""Italó"",""es"":""Italó"",""fr"":""italien"",""ja"":""イタロ"",""it"":""Italó"",""zh-CN"":""意大利"",""tr"":""İtalyanca"",""ru"":""Итало"",""uk"":""Італо"",""pl"":""Italó"",""hi"":""इटालो"",""ar"":""إيطالي""}",2019-10-06T09:28:18,2025-12-02T14:39:55,1,Q21840687
1161,Itatí,3638,W,11,AR,adm2,,,-27.27043000,-58.24458000,Itatí,7902,America/Argentina/Cordoba,"{""br"":""Itatí"",""ko"":""이타티"",""pt-BR"":""Itatí"",""pt"":""Itatí"",""nl"":""Itatí"",""hr"":""Itatí"",""fa"":""ایتاتی"",""de"":""Itatí"",""es"":""Itatí"",""fr"":""Itati"",""ja"":""イタティ"",""it"":""Itatí"",""zh-CN"":""伊塔蒂"",""tr"":""Itatí"",""ru"":""Итати"",""uk"":""Ітаті"",""pl"":""Itatí"",""hi"":""इटाती"",""ar"":""إيتاتي""}",2019-10-06T09:28:18,2025-12-02T14:39:55,1,Q549659
1162,Ituzaingó,3638,W,11,AR,adm2,,,-27.58162000,-56.68231000,Ituzaingó,19575,America/Argentina/Buenos_Aires,"{""br"":""Ituzaingó"",""ko"":""이투자잉고"",""pt-BR"":""Ituzaingó"",""pt"":""Ituzaingó"",""nl"":""Ituzaingó"",""hr"":""Ituzaingó"",""fa"":""ایتوزاینگو"",""de"":""Ituzaingó"",""es"":""Ituzaingó"",""fr"":""Ituzaingó"",""ja"":""イトゥザインゴ"",""it"":""Ituzaingó"",""zh-CN"":""伊图萨因戈"",""tr"":""Ituzaingó"",""ru"":""Итузаинго"",""uk"":""Ітузаїнго"",""pl"":""Ituzaingó"",""hi"":""इतुज़ाइंगो"",""ar"":""إيتوزاينغو""}",2019-10-06T09:28:18,2025-12-02T17:11:50,1,Q1470601
1163,Itá Ibaté,3638,W,11,AR,city,,,-27.42573000,-57.33758000,Itá ibaté,4115,America/Argentina/Cordoba,"{""br"":""Itá Ibaté"",""ko"":""이타 이바테"",""pt-BR"":""Itá Ibaté"",""pt"":""Itá Ibaté"",""nl"":""Itá Ibaté"",""hr"":""Itá Ibaté"",""fa"":""ایتا ایباته"",""de"":""Itá Ibaté"",""es"":""Itá Ibaté"",""fr"":""Itá Ibaté"",""ja"":""イタ・イバテ"",""it"":""Itá Ibaté"",""zh-CN"":""伊塔伊巴泰"",""tr"":""Itá Ibaté"",""ru"":""Itá Ibaté"",""uk"":""Іта-Ібате"",""pl"":""Itá Ibaté"",""hi"":""इटा इबाटे"",""ar"":""إيتا إيباتي""}",2019-10-06T09:28:18,2025-12-02T14:39:55,1,Q5923221
1164,Jacinto Arauz,3655,L,11,AR,city,,,-38.08606000,-63.43169000,Jacinto Arauz,2773,America/Argentina/Salta,"{""br"":""Jacinto Arauz"",""ko"":""자신토 아라우즈"",""pt-BR"":""Jacinto Arauz"",""pt"":""Jacinto Arauz"",""nl"":""Jacinto Arauz"",""hr"":""Jacinto Arauz"",""fa"":""جاسینتو آراوز"",""de"":""Jacinto Arauz"",""es"":""Jacinto Arauz"",""fr"":""Jacinto Arauz"",""ja"":""ジャシント・アラウズ"",""it"":""Jacinto Arauz"",""zh-CN"":""哈辛托·阿劳斯"",""tr"":""Jacinto Arauz"",""ru"":""Хасинто Араус"",""uk"":""Хасінто Арауз"",""pl"":""Jacinto Arauz"",""hi"":""जैसिंटो अराउज़"",""ar"":""جاسينتو أراوز""}",2019-10-06T09:28:18,2025-12-02T14:39:55,1,Q3157094
1165,James Craik,3642,X,11,AR,city,,,-32.16120000,-63.46688000,James Craik,4560,America/Argentina/Cordoba,"{""br"":""James Craik"",""ko"":""제임스 크레이크"",""pt-BR"":""James Craik"",""pt"":""James Craik"",""nl"":""James Craik"",""hr"":""James Craik"",""fa"":""جیمز کریک"",""de"":""James Craik"",""es"":""James Craik"",""fr"":""James Craik"",""ja"":""ジェームズ・クレイク"",""it"":""James Craik"",""zh-CN"":""詹姆斯·克雷克"",""tr"":""James Craik"",""ru"":""Джеймс Крейк"",""uk"":""Джеймс Крейк"",""pl"":""James Craik"",""hi"":""जेम्स क्रेक"",""ar"":""جيمس كريك""}",2019-10-06T09:28:18,2025-12-02T14:39:55,1,Q2732721
1166,Jardín América,3644,N,11,AR,city,,,-27.04346000,-55.22698000,Jardín América,24905,America/Argentina/Cordoba,"{""br"":""Jardín Amerika"",""ko"":""하르딘 아메리카"",""pt-BR"":""Jardim América"",""pt"":""Jardim América"",""nl"":""Tuin Amerika"",""hr"":""Jardín América"",""fa"":""باغ آمریکا"",""de"":""Jardín América"",""es"":""Jardín América"",""fr"":""Jardin d'Amérique"",""ja"":""ハルディン・アメリカ"",""it"":""Giardino America"",""zh-CN"":""美洲花园"",""tr"":""Jardín América"",""ru"":""Сад Америки"",""uk"":""Хардін Америка"",""pl"":""Ogród Ameryki"",""hi"":""जार्डिन अमेरिका"",""ar"":""حديقة أمريكا""}",2019-10-06T09:28:18,2025-12-02T14:39:55,1,Q3115487
1167,Jesús María,3642,X,11,AR,adm2,,,-30.98153000,-64.09424000,Jesús María,31602,America/Argentina/Cordoba,"{""br"":""Jesús María"",""ko"":""예수스 마리아"",""pt-BR"":""Jesus Maria"",""pt"":""Jesus Maria"",""nl"":""Jesús María"",""hr"":""Jesús María"",""fa"":""خسوس ماریا"",""de"":""Jesús María"",""es"":""Jesús María"",""fr"":""Jésus-Marie"",""ja"":""ヘスス・マリア"",""it"":""Gesù Maria"",""zh-CN"":""赫苏斯·玛丽亚"",""tr"":""İsa Maria"",""ru"":""Хесус Мария"",""uk"":""Хесус Марія"",""pl"":""Jesús María"",""hi"":""जेसुस मारिया"",""ar"":""يسوع ماريا""}",2019-10-06T09:28:18,2025-12-02T14:39:55,1,Q48288
1168,Joaquín V. González,3643,A,11,AR,city,,,-25.11364000,-64.12628000,Joaquín V. González,19185,America/Argentina/Salta,"{""br"":""Joaquín V. González"",""ko"":""호아킨 V. 곤잘레스"",""pt-BR"":""Joaquín V. González"",""pt"":""Joaquín V. González"",""nl"":""Joaquín V. González"",""hr"":""Joaquín V. González"",""fa"":""خواکین وی. گونزالس"",""de"":""Joaquín V. González"",""es"":""Joaquín V. González"",""fr"":""Joaquín V. González"",""ja"":""ホアキン・V・ゴンザレス"",""it"":""Joaquín V. González"",""zh-CN"":""华金·V·冈萨雷斯"",""tr"":""Joaquín V. González"",""ru"":""Хоакин В. Гонсалес"",""uk"":""Хоакін В. Гонсалес"",""pl"":""Joaquín V. González"",""hi"":""जोआक्विन वी. गोंजालेज"",""ar"":""خواكين ف. غونزاليس""}",2019-10-06T09:28:18,2025-12-02T14:39:55,1,Q1014965
1169,José de San Martín,3651,U,11,AR,adm2,,,-44.05032000,-70.46967000,José de San Martín,1612,America/Argentina/Catamarca,"{""br"":""José de San Martín"",""ko"":""호세 데 산 마르틴"",""pt-BR"":""José de San Martín"",""pt"":""José de San Martín"",""nl"":""José de San Martín"",""hr"":""José de San Martín"",""fa"":""خوزه د سن مارتین"",""de"":""José de San Martín"",""es"":""José de San Martín"",""fr"":""José de San Martín"",""ja"":""ホセ・デ・サン・マルティン"",""it"":""José de San Martín"",""zh-CN"":""何塞·德·圣马丁"",""tr"":""José de San Martín"",""ru"":""Хосе де Сан Мартин"",""uk"":""Хосе де Сан Мартін"",""pl"":""José de San Martín"",""hi"":""जोस डी सैन मार्टिन"",""ar"":""خوسيه دي سان مارتن""}",2019-10-06T09:28:18,2025-12-02T14:39:55,1,Q1015513
1170,Juan Martín de Pueyrredón,3636,D,11,AR,locality,,,-33.27544000,-66.32017000,Juan Martín de Pueyrredón,261697,America/Argentina/Buenos_Aires,"{""br"":""Juan Martín de Pueyrredón"",""ko"":""후안 마르틴 데 푸에이레돈"",""pt-BR"":""Juan Martín de Pueyrredón"",""pt"":""Juan Martín de Pueyrredón"",""nl"":""Juan Martín de Pueyrredón"",""hr"":""Juan Martín de Pueyrredón"",""fa"":""خوان مارتین دِ پوئرِدون"",""de"":""Juan Martín de Pueyrredón"",""es"":""Juan Martín de Pueyrredón"",""fr"":""Juan Martín de Pueyrredón"",""ja"":""フアン・マルティン・デ・プエイレドン"",""it"":""Juan Martín de Pueyrredón"",""zh-CN"":""胡安·马丁·德普埃雷东"",""tr"":""Juan Martín de Pueyrredón"",""ru"":""Хуан Мартин де Пуэйрредон"",""uk"":""Хуан Мартін де Пуейрредон"",""pl"":""Juan Martín de Pueyrredón"",""hi"":""जुआन मार्टिन डी पुएरेडोन"",""ar"":""خوان مارتن دي بويريدون""}",2019-10-06T09:28:18,2025-12-02T17:11:50,1,Q21847757
1171,Juan Pujol,3638,W,11,AR,city,,,-30.41873000,-57.85612000,Juan Pujol,1487,America/Argentina/Cordoba,"{""br"":""Juan Pujol"",""ko"":""후안 푸홀"",""pt-BR"":""Juan Pujol"",""pt"":""Juan Pujol"",""nl"":""Juan Pujol"",""hr"":""Juan Pujol"",""fa"":""خوان پوجول"",""de"":""Juan Pujol"",""es"":""Juan Pujol"",""fr"":""Juan Pujol"",""ja"":""フアン・プホル"",""it"":""Juan Pujol"",""zh-CN"":""胡安·普霍尔"",""tr"":""Juan Pujol"",""ru"":""Хуан Пухоль"",""uk"":""Хуан Пухоль"",""pl"":""Juan Pujol"",""hi"":""जुआन पुजोल"",""ar"":""خوان بوجول""}",2019-10-06T09:28:18,2025-12-02T14:39:55,1,Q2313682
1172,Junín de los Andes,3648,Q,11,AR,adm2,,,-39.95043000,-71.06936000,Junín de los Andes,18716,America/Argentina/Buenos_Aires,"{""br"":""Junín de los Andes"",""ko"":""후닌 데 로스 안데스"",""pt-BR"":""Junín de los Andes"",""pt"":""Junín de los Andes"",""nl"":""Junín de los Andes"",""hr"":""Junín de los Andes"",""fa"":""جونین د لوس آند"",""de"":""Junín de los Andes"",""es"":""Junín de los Andes"",""fr"":""Junín de los Andes"",""ja"":""フニン・デ・ロス・アンデス"",""it"":""Junín de los Andes"",""zh-CN"":""安第斯山脉胡宁"",""tr"":""Junín de los Andes"",""ru"":""Хунин-де-лос-Андес"",""uk"":""Хунін-де-лос-Андес"",""pl"":""Junín de los Andes"",""hi"":""जुनिन डे लॉस एंडीज़"",""ar"":""جونين دي لوس أنديس""}",2019-10-06T09:28:18,2025-12-02T17:11:50,1,Q952426
1173,Justiniano Posse,3642,X,11,AR,city,,,-32.88411000,-62.67788000,Posesión justiniana,8499,America/Argentina/Cordoba,"{""br"":""Justiniano Posse"",""ko"":""저스티니아노 포세"",""pt-BR"":""Justiniano Posse"",""pt"":""Justiniano Posse"",""nl"":""Justiniano Posse"",""hr"":""Justiniano Posse"",""fa"":""جاستینیانو پوسه"",""de"":""Justiniano Posse"",""es"":""Justiniano Posse"",""fr"":""Justiniano Posse"",""ja"":""フスティニアーノ・ポッセ"",""it"":""Justiniano Posse"",""zh-CN"":""贾斯蒂尼亚诺·波塞"",""tr"":""Justiniano Posse"",""ru"":""Джустиниано Поссе"",""uk"":""Юстиніано Поссе"",""pl"":""Posse Justiniano"",""hi"":""जस्टिनियानो पोसे"",""ar"":""جوستينيانو بوسيه""}",2019-10-06T09:28:18,2025-12-02T14:39:55,1,Q524744
1174,Justo Daract,3636,D,11,AR,city,,,-33.85940000,-65.18277000,Justo Daract,9680,America/Argentina/San_Luis,"{""br"":""Justo Daract"",""ko"":""후스토 다락트"",""pt-BR"":""Justo Daract"",""pt"":""Justo Daract"",""nl"":""Justo Daract"",""hr"":""Justo Daract"",""fa"":""جاستو داراکت"",""de"":""Justo Daract"",""es"":""Justo Daract"",""fr"":""Juste Daract"",""ja"":""フスト・ダラクト"",""it"":""Justo Daract"",""zh-CN"":""胡斯托·达拉克特"",""tr"":""Justo Daract"",""ru"":""Хусто Даракт"",""uk"":""Джасто Даракт"",""pl"":""Justo Daract"",""hi"":""जस्टो डारैक्ट"",""ar"":""جوستو داراكت""}",2019-10-06T09:28:18,2025-12-02T14:39:55,1,Q3190556
1175,La Adela,3655,L,11,AR,city,,,-38.98333000,-64.08333000,La Adela,2000,America/Argentina/Salta,"{""br"":""La Adela"",""ko"":""라 아델라"",""pt-BR"":""La Adela"",""pt"":""La Adela"",""nl"":""La Adela"",""hr"":""La Adela"",""fa"":""لا آدلا"",""de"":""La Adela"",""es"":""La Adela"",""fr"":""La Adela"",""ja"":""ラ・アデラ"",""it"":""La Adela"",""zh-CN"":""拉阿德拉"",""tr"":""La Adela"",""ru"":""Ла Адела"",""uk"":""Ла Адела"",""pl"":""La Adela"",""hi"":""ला एडेला"",""ar"":""لا أديلا""}",2019-10-06T09:28:18,2025-12-02T14:39:55,1,Q3190556
1176,La Banda,3635,G,11,AR,adm2,,,-27.73348000,-64.24278000,La Banda,0,America/Argentina/Cordoba,"{""br"":""La Banda"",""ko"":""라 반다"",""pt-BR"":""A Banda"",""pt"":""A Banda"",""nl"":""La Banda"",""hr"":""La Banda"",""fa"":""لا باندا"",""de"":""La Banda"",""es"":""La Banda"",""fr"":""La Banda"",""ja"":""ラ・バンダ"",""it"":""La Banda"",""zh-CN"":""拉班达"",""tr"":""La Banda"",""ru"":""Ла Банда"",""uk"":""Ла Банда"",""pl"":""La Banda"",""hi"":""ला बांदा"",""ar"":""لا باندا""}",2019-10-06T09:28:18,2025-12-02T14:39:55,1,Q1494067
1177,La Caldera,3643,A,11,AR,adm2,,,-24.58333000,-65.41667000,La Caldera,0,America/Argentina/Buenos_Aires,"{""br"":""La Caldera"",""ko"":""라 칼데라"",""pt-BR"":""A Caldeira"",""pt"":""A Caldeira"",""nl"":""De Caldera"",""hr"":""Kaldera"",""fa"":""لا کالدرا"",""de"":""La Caldera"",""es"":""La Caldera"",""fr"":""La Caldera"",""ja"":""ラ・カルデラ"",""it"":""La Caldera"",""zh-CN"":""拉卡尔德拉"",""tr"":""La Caldera"",""ru"":""Ла Кальдера"",""uk"":""Ла-Кальдера"",""pl"":""La Caldera"",""hi"":""ला काल्डेरा"",""ar"":""لا كالديرا""}",2019-10-06T09:28:18,2025-12-02T17:11:50,1,Q1190675
1178,La Calera,3642,X,11,AR,city,,,-31.34377000,-64.33529000,La Calera,45600,America/Argentina/Buenos_Aires,"{""br"":""La Calera"",""ko"":""라 칼레라"",""pt-BR"":""A Calera"",""pt"":""A Calera"",""nl"":""De Calera"",""hr"":""La Calera"",""fa"":""لا کالرا"",""de"":""La Calera"",""es"":""La Calera"",""fr"":""La Calera"",""ja"":""ラ・カレラ"",""it"":""La Calera"",""zh-CN"":""拉卡莱拉"",""tr"":""La Calera"",""ru"":""Ла Калера"",""uk"":""Ла Калера"",""pl"":""La Calera"",""hi"":""ला कैलेरा"",""ar"":""لا كاليرا""}",2019-10-06T09:28:18,2025-12-02T17:11:50,1,Q21840871
1179,La Carlota,3642,X,11,AR,adm2,,,-33.41993000,-63.29769000,La Carlota,12537,America/Argentina/Cordoba,"{""br"":""La Carlota"",""ko"":""라 카를로타"",""pt-BR"":""A Carlota"",""pt"":""A Carlota"",""nl"":""La Carlota"",""hr"":""La Carlota"",""fa"":""لا کارلوتا"",""de"":""La Carlota"",""es"":""La Carlota"",""fr"":""La Carlota"",""ja"":""ラ・カルロタ"",""it"":""La Carlota"",""zh-CN"":""拉卡洛塔"",""tr"":""La Carlota"",""ru"":""Ла Карлота"",""uk"":""Ла Карлота"",""pl"":""La Carlota"",""hi"":""ला कार्लोटा"",""ar"":""لا كارلوتا""}",2019-10-06T09:28:18,2025-12-02T14:39:55,1,Q2336157
1180,La Cesira,3642,X,11,AR,city,,,-33.95115000,-62.97238000,Cesira,1140,America/Argentina/Buenos_Aires,"{""br"":""La Cesira"",""ko"":""라 세시라"",""pt-BR"":""La Cesira"",""pt"":""La Cesira"",""nl"":""De Cesira"",""hr"":""La Cesira"",""fa"":""لا چزیرا"",""de"":""La Cesira"",""es"":""La Cesira"",""fr"":""La Cesira"",""ja"":""ラ・チェシラ"",""it"":""La Cesira"",""zh-CN"":""拉切西拉"",""tr"":""La Cesira"",""ru"":""Ла Чезира"",""uk"":""Ла-Чезіра"",""pl"":""La Cesira"",""hi"":""ला सेसिरा"",""ar"":""لا تشيسيرا""}",2019-10-06T09:28:18,2025-12-02T17:11:50,1,Q10315018
1181,La Clotilde,3640,H,11,AR,city,,,-27.13333000,-60.66667000,En Clotilde,3625,America/Argentina/Buenos_Aires,"{""br"":""La Clotilde"",""ko"":""라 클로틸드"",""pt-BR"":""La Clotilde"",""pt"":""La Clotilde"",""nl"":""De Clothilde"",""hr"":""Klotilda"",""fa"":""لا کلوتیلد"",""de"":""La Clotilde"",""es"":""La Clotilde"",""fr"":""La Clotilde"",""ja"":""ラ・クロティルド"",""it"":""La Clotilde"",""zh-CN"":""拉克洛蒂尔德"",""tr"":""Clotilde"",""ru"":""Клотильда"",""uk"":""Клотільда"",""pl"":""Klotylda"",""hi"":""ला क्लोटिल्डे"",""ar"":""لا كلوتيلد""}",2019-10-06T09:28:18,2025-12-02T16:59:27,1,Q1656083
1182,La Cocha,3637,T,11,AR,adm2,,,-27.76927000,-65.58711000,La Cocha,7066,America/Argentina/Tucuman,"{""br"":""La Cocha"",""ko"":""라 코차"",""pt-BR"":""La Cocha"",""pt"":""La Cocha"",""nl"":""De Cocha"",""hr"":""La Cocha"",""fa"":""لا کوچا"",""de"":""La Cocha"",""es"":""La Cocha"",""fr"":""La Cocha"",""ja"":""ラ・コチャ"",""it"":""La Cocha"",""zh-CN"":""拉科查"",""tr"":""La Cocha"",""ru"":""Ла Коча"",""uk"":""Ла Коча"",""pl"":""La Cocha"",""hi"":""ला कोचा"",""ar"":""لا كوتشا""}",2019-10-06T09:28:18,2025-12-02T14:39:55,1,Q663822
1183,La Criolla,3654,E,11,AR,city,,,-31.26904000,-58.10558000,La Criolla,1852,America/Argentina/Buenos_Aires,"{""br"":""La Criolla"",""ko"":""라 크리올라"",""pt-BR"":""A Crioula"",""pt"":""A Crioula"",""nl"":""La Criolla"",""hr"":""La Criolla"",""fa"":""لا کریولا"",""de"":""La Criolla"",""es"":""La Criolla"",""fr"":""La Criolla"",""ja"":""ラ・クリオージャ"",""it"":""La Criolla"",""zh-CN"":""拉克里奥拉"",""tr"":""La Criolla"",""ru"":""Ла Криолла"",""uk"":""Ла Кріолла"",""pl"":""La Criolla"",""hi"":""ला क्रिओला"",""ar"":""لا كريولا""}",2019-10-06T09:28:18,2025-12-02T17:11:50,1,Q21826802
1184,La Cruz,3638,W,11,AR,adm2,,,-29.17443000,-56.64326000,La Cruz,8591,America/Argentina/Cordoba,"{""br"":""La Cruz"",""ko"":""라 크루즈"",""pt-BR"":""A Cruz"",""pt"":""A Cruz"",""nl"":""La Cruz"",""hr"":""La Cruz"",""fa"":""لا کروز"",""de"":""La Cruz"",""es"":""La Cruz"",""fr"":""La Cruz"",""ja"":""ラ・クルス"",""it"":""La Cruz"",""zh-CN"":""拉克鲁斯"",""tr"":""La Cruz"",""ru"":""Ла-Крус"",""uk"":""Ла-Крус"",""pl"":""Krzyż"",""hi"":""ला क्रूज़"",""ar"":""لا كروز""}",2019-10-06T09:28:18,2025-12-02T14:39:55,1,Q1016042
1185,La Cumbre,3642,X,11,AR,city,,,-30.98201000,-64.49139000,La Cumbre,7235,America/Argentina/Cordoba,"{""br"":""La Cumbre"",""ko"":""라 쿰브레"",""pt-BR"":""La Cumbre"",""pt"":""La Cumbre"",""nl"":""De Cumbre"",""hr"":""La Cumbre"",""fa"":""لا کامبر"",""de"":""La Cumbre"",""es"":""La Cumbre"",""fr"":""La Cumbre"",""ja"":""ラ・クンブレ"",""it"":""La Cumbre"",""zh-CN"":""拉昆布雷"",""tr"":""La Cumbre"",""ru"":""Ла Кумбре"",""uk"":""Ла-Кумбре"",""pl"":""La Cumbre"",""hi"":""ला कुम्ब्रे"",""ar"":""لا كومبري""}",2019-10-06T09:28:18,2025-12-02T14:39:55,1,Q1798756
1186,La Eduvigis,3640,H,11,AR,city,,,-26.83607000,-59.06211000,El eduvigis,3816,America/Argentina/Cordoba,"{""br"":""La Eduvigis"",""ko"":""라 에두비지스"",""pt-BR"":""A Eduvigis"",""pt"":""A Eduvigis"",""nl"":""La Eduvigis"",""hr"":""Eduvigis"",""fa"":""لا ادوویگیس"",""de"":""La Eduvigis"",""es"":""La Eduvigis"",""fr"":""La Eduvigis"",""ja"":""ラ・エドゥヴィジス"",""it"":""La Eduvigilis"",""zh-CN"":""拉埃杜维吉斯"",""tr"":""Eduvigis"",""ru"":""Ла Эдувигис"",""uk"":""Ла Едувіджіс"",""pl"":""La Eduvigis"",""hi"":""ला एडुविगिस"",""ar"":""لا إدوفيجيس""}",2019-10-06T09:28:18,2025-12-02T14:39:55,1,Q1657326
1187,La Escondida,3640,H,11,AR,city,,,-27.10724000,-59.44784000,La Escondida,3948,America/Argentina/Cordoba,"{""br"":""La Escondida"",""ko"":""라 에스콘디다"",""pt-BR"":""La Escondida"",""pt"":""La Escondida"",""nl"":""De Escondida"",""hr"":""La Escondida"",""fa"":""لا اسکوندیدا"",""de"":""La Escondida"",""es"":""La Escondida"",""fr"":""La Escondida"",""ja"":""ラ・エスコンディーダ"",""it"":""La Escondida"",""zh-CN"":""拉埃斯孔迪达"",""tr"":""La Escondida"",""ru"":""Ла Эскондида"",""uk"":""Ла-Ескондіда"",""pl"":""La Escondida"",""hi"":""ला एस्कोन्डिडा"",""ar"":""لا إسكونديدا""}",2019-10-06T09:28:18,2025-12-02T14:39:55,1,Q1656012
1188,La Falda,3642,X,11,AR,city,,,-31.08841000,-64.48987000,La Falda,5630,America/Argentina/Cordoba,"{""br"":""La Falda"",""ko"":""라 팔다"",""pt-BR"":""La Falda"",""pt"":""La Falda"",""nl"":""La Falda"",""hr"":""La Falda"",""fa"":""لا فالدا"",""de"":""La Falda"",""es"":""La Falda"",""fr"":""La Falda"",""ja"":""ラ・ファルダ"",""it"":""La Falda"",""zh-CN"":""拉法尔达"",""tr"":""La Falda"",""ru"":""Ла Фальда"",""uk"":""Ла Фальда"",""pl"":""La Falda"",""hi"":""ला फाल्दा"",""ar"":""لا فالدا""}",2019-10-06T09:28:18,2025-12-02T14:39:55,1,Q48294
1189,La Francia,3642,X,11,AR,city,,,-31.40675000,-62.63396000,La Francia,3503,America/Argentina/Cordoba,"{""br"":""La Francia"",""ko"":""라 프란시아"",""pt-BR"":""A França"",""pt"":""A França"",""nl"":""De Franken"",""hr"":""La Francia"",""fa"":""لا فرانسیا"",""de"":""La Francia"",""es"":""La Francia"",""fr"":""La France"",""ja"":""ラ・フランシア"",""it"":""La Francia"",""zh-CN"":""拉弗朗西亚"",""tr"":""Fransa"",""ru"":""Ла Франсия"",""uk"":""Ла-Франсія"",""pl"":""Francja"",""hi"":""ला फ्रांसिया"",""ar"":""فرنسا""}",2019-10-06T09:28:18,2025-12-02T14:39:55,1,Q9018548
1190,La Granja,3642,X,11,AR,city,,,-31.00919000,-64.26869000,La Granja,2406,America/Argentina/Cordoba,"{""br"":""La Granda"",""ko"":""라 그란하"",""pt-BR"":""La Granja"",""pt"":""La Granja"",""nl"":""La Granja"",""hr"":""La Granja"",""fa"":""لا گرانخا"",""de"":""La Granja"",""es"":""La Granja"",""fr"":""La Granja"",""ja"":""ラ・グランハ"",""it"":""La Granja"",""zh-CN"":""拉格兰哈"",""tr"":""La Granja"",""ru"":""Ла Гранха"",""uk"":""Ла-Гранха"",""pl"":""La Granja"",""hi"":""ला ग्रांजा"",""ar"":""لا غرانجا""}",2019-10-06T09:28:18,2025-12-02T14:39:55,1,Q21840995
1191,La Leonesa,3640,H,11,AR,adm2,,,-27.03786000,-58.70347000,La Leonesa,10067,America/Argentina/Cordoba,"{""br"":""La Leonesa"",""ko"":""라 레오네사"",""pt-BR"":""A Leonesa"",""pt"":""A Leonesa"",""nl"":""La Leonesa"",""hr"":""La Leonesa"",""fa"":""لا لئونسا"",""de"":""La Leonesa"",""es"":""La Leonesa"",""fr"":""La Leonesa"",""ja"":""ラ・レオネサ"",""it"":""La Leonesa"",""zh-CN"":""拉莱奥内萨"",""tr"":""La Leonesa"",""ru"":""Ла Леонеса"",""uk"":""Ла-Леонеса"",""pl"":""La Leonesa"",""hi"":""ला लियोनेसा"",""ar"":""لا ليونيسا""}",2019-10-06T09:28:18,2025-12-02T14:39:55,1,Q1657423
1192,La Maruja,3655,L,11,AR,city,,,-35.67360000,-64.93997000,La Maruja,1389,America/Argentina/Salta,"{""br"":""La Maruja"",""ko"":""라 마루하"",""pt-BR"":""La Maruja"",""pt"":""La Maruja"",""nl"":""La Maruja"",""hr"":""La Maruja"",""fa"":""لا ماروخا"",""de"":""La Maruja"",""es"":""La Maruja"",""fr"":""La Maruja"",""ja"":""ラ・マルハ"",""it"":""La Maruja"",""zh-CN"":""拉玛鲁哈"",""tr"":""La Maruja"",""ru"":""Ла Маруха"",""uk"":""Ла Маруха"",""pl"":""La Maruja"",""hi"":""ला मारुजा"",""ar"":""لا ماروخا""}",2019-10-06T09:28:18,2025-12-02T14:39:55,1,Q6463765
1193,La Mendieta,3645,Y,11,AR,city,,,-24.31187000,-64.96377000,La Mendieta,3812,America/Argentina/Jujuy,"{""br"":""La Mendieta"",""ko"":""라 멘디에타"",""pt-BR"":""A Mendieta"",""pt"":""A Mendieta"",""nl"":""La Mendieta"",""hr"":""La Mendieta"",""fa"":""لا مندیتا"",""de"":""La Mendieta"",""es"":""La Mendieta"",""fr"":""La Mendieta"",""ja"":""ラ・メンディエタ"",""it"":""La Mendieta"",""zh-CN"":""拉门迪埃塔"",""tr"":""La Mendieta"",""ru"":""Ла Мендьета"",""uk"":""Ла Мендьєта"",""pl"":""La Mendieta"",""hi"":""ला मेंडिएटा"",""ar"":""لا ميندييتا""}",2019-10-06T09:28:18,2025-12-02T14:39:55,1,Q3820983
1194,La Para,3642,X,11,AR,city,,,-30.89416000,-63.00107000,La Para,3021,America/Argentina/Cordoba,"{""br"":""La Para"",""ko"":""라 파라"",""pt-BR"":""La Para"",""pt"":""La Para"",""nl"":""La Para"",""hr"":""La Para"",""fa"":""لا پارا"",""de"":""La Para"",""es"":""La Para"",""fr"":""La Para"",""ja"":""ラ・パラ"",""it"":""La Para"",""zh-CN"":""拉帕拉"",""tr"":""La Para"",""ru"":""Ла Пара"",""uk"":""Ла Пара"",""pl"":""La Para"",""hi"":""ला पारा"",""ar"":""لا بارا""}",2019-10-06T09:28:18,2025-12-02T14:39:55,1,Q977211
1195,La Paz,3654,E,11,AR,adm2,,,-30.74179000,-59.64517000,La Paz,24716,America/Argentina/Cordoba,"{""br"":""Ar Paz"",""ko"":""라파스"",""pt-BR"":""La Paz"",""pt"":""La Paz"",""nl"":""La Paz"",""hr"":""La Paz"",""fa"":""لاپاز"",""de"":""La Paz"",""es"":""La Paz"",""fr"":""La Paz"",""ja"":""ラパス"",""it"":""La Pace"",""zh-CN"":""拉巴斯"",""tr"":""La Paz"",""ru"":""Ла-Пас"",""uk"":""Ла-Пас"",""pl"":""La Paz"",""hi"":""ला पेज़"",""ar"":""لاباز""}",2019-10-06T09:28:18,2025-12-02T14:39:55,1,Q2440276
1196,La Playosa,3642,X,11,AR,city,,,-32.10002000,-63.03088000,La Playosa,2376,America/Argentina/Cordoba,"{""br"":""La Playosa"",""ko"":""라 플라야사"",""pt-BR"":""A Playosa"",""pt"":""A Playosa"",""nl"":""La Playosa"",""hr"":""La Playosa"",""fa"":""لا پلیوسا"",""de"":""La Playosa"",""es"":""La Playosa"",""fr"":""La Playosa"",""ja"":""ラ・プレイサ"",""it"":""La Playosa"",""zh-CN"":""拉普莱奥萨"",""tr"":""La Playosa"",""ru"":""Ла Плайоса"",""uk"":""Ла Плайоса"",""pl"":""La Playosa"",""hi"":""ला प्लायोसा"",""ar"":""لا بلايوسا""}",2019-10-06T09:28:18,2025-12-02T14:39:55,1,Q9018831
1197,La Puerta de San José,3647,K,11,AR,city,,,-27.55000000,-67.01667000,La Puerta de San José,,America/Argentina/Buenos_Aires,"{""br"":""La Puerta de San José"",""ko"":""라 푸에르타 데 산호세"",""pt-BR"":""A Porta de São José"",""pt"":""A Porta de São José"",""nl"":""De poort van San José"",""hr"":""Vrata San Joséa"",""fa"":""لا پوئرتا د سن خوزه"",""de"":""La Puerta de San José"",""es"":""La Puerta de San José"",""fr"":""La Puerta de San José"",""ja"":""ラ・プエルタ・デ・サン・ホセ"",""it"":""La Puerta de San José"",""zh-CN"":""圣何塞门"",""tr"":""San José Kapısı"",""ru"":""La Puerta de San José"",""uk"":""Ворота Сан-Хосе"",""pl"":""Brama San José"",""hi"":""ला पुएर्ता डे सैन जोस"",""ar"":""باب سان خوسيه""}",2019-10-06T09:28:18,2025-12-02T17:11:50,1,Q1774215
1198,La Punta,3636,D,11,AR,locality,,,-33.18368000,-66.31270000,La Punta,15000,America/Argentina/San_Luis,"{""br"":""La Punta"",""ko"":""라 푼타"",""pt-BR"":""La Punta"",""pt"":""La Punta"",""nl"":""La Punta"",""hr"":""La Punta"",""fa"":""لا پونتا"",""de"":""La Punta"",""es"":""La Punta"",""fr"":""La Punta"",""ja"":""ラ・プンタ"",""it"":""La Punta"",""zh-CN"":""拉蓬塔"",""tr"":""La Punta"",""ru"":""Ла Пунта"",""uk"":""Ла Пунта"",""pl"":""La Punta"",""hi"":""ला पुंटा"",""ar"":""لا بونتا""}",2019-10-06T09:28:18,2025-12-02T14:39:55,1,Q4811974
1199,La Quiaca,3645,Y,11,AR,adm2,,,-22.10236000,-65.59299000,La Quiaca,16874,America/Argentina/Jujuy,"{""br"":""La Quiaca"",""ko"":""라 키아카"",""pt-BR"":""A Quiaca"",""pt"":""A Quiaca"",""nl"":""La Quiaca"",""hr"":""La Quiaça"",""fa"":""لا کویاکا"",""de"":""La Quiaca"",""es"":""La Quiaca"",""fr"":""La Quiaca"",""ja"":""ラ・キアカ"",""it"":""La Quiaca"",""zh-CN"":""拉基亚卡"",""tr"":""La Quiaca"",""ru"":""Ла Киака"",""uk"":""Ла Кіака"",""pl"":""La Quiaca"",""hi"":""ला क्विआका"",""ar"":""لا كياكا""}",2019-10-06T09:28:18,2025-12-02T14:39:55,1,Q693381
1200,La Rioja,3653,F,11,AR,adm1,,,-29.41105000,-66.85067000,La Rioja,180995,America/Argentina/Buenos_Aires,"{""br"":""La Rioja"",""ko"":""라 리오하"",""pt-BR"":""La Rioja"",""pt"":""La Rioja"",""nl"":""La Rioja"",""hr"":""La Rioja"",""fa"":""لا ریوخا"",""de"":""La Rioja"",""es"":""La Rioja"",""fr"":""La Rioja"",""ja"":""ラ・リオハ"",""it"":""La Rioja"",""zh-CN"":""拉里奥哈"",""tr"":""La Rioja"",""ru"":""Ла-Риоха"",""uk"":""Ла-Ріоха"",""pl"":""La Rioja"",""hi"":""ला रियोजा"",""ar"":""لا ريوخا""}",2019-10-06T09:28:18,2025-12-02T17:11:50,1,Q44236
1201,La Tigra,3640,H,11,AR,city,,,-27.10996000,-60.58719000,La Tigra,4505,America/Argentina/Cordoba,"{""br"":""La Tigra"",""ko"":""라 티그라"",""pt-BR"":""A Tigra"",""pt"":""A Tigra"",""nl"":""De Tigra"",""hr"":""Tigra"",""fa"":""لا تیگرا"",""de"":""La Tigra"",""es"":""La Tigra"",""fr"":""La Tigra"",""ja"":""ラ・ティグラ"",""it"":""La Tigra"",""zh-CN"":""拉蒂格拉"",""tr"":""La Tigra"",""ru"":""Ла Тигра"",""uk"":""Ла Тігра"",""pl"":""La Tigra"",""hi"":""ला तिगरा"",""ar"":""لا تيغرا""}",2019-10-06T09:28:18,2025-12-02T14:39:55,1,Q21838634
1202,La Toma,3636,D,11,AR,adm2,,,-33.05258000,-65.62385000,La Toma,6663,America/Argentina/San_Luis,"{""br"":""La Toma"",""ko"":""라 토마"",""pt-BR"":""La Toma"",""pt"":""La Toma"",""nl"":""De Toma"",""hr"":""La Toma"",""fa"":""لا توما"",""de"":""La Toma"",""es"":""La Toma"",""fr"":""La Toma"",""ja"":""ラ・トマ"",""it"":""La Toma"",""zh-CN"":""拉托马"",""tr"":""La Domates"",""ru"":""Ла Тома"",""uk"":""Ла-Тома"",""pl"":""La Toma"",""hi"":""ला टोमा"",""ar"":""لا توما""}",2019-10-06T09:28:18,2025-12-02T14:39:55,1,Q1018352
1203,La Verde,3640,H,11,AR,city,,,-27.12634000,-59.37352000,La Verde,2995,America/Argentina/Cordoba,"{""br"":""La Verde"",""ko"":""라 베르데"",""pt-BR"":""La Verde"",""pt"":""La Verde"",""nl"":""De Groene"",""hr"":""La Verde"",""fa"":""لا ورد"",""de"":""La Verde"",""es"":""La Verde"",""fr"":""La Verde"",""ja"":""ラ・ヴェルデ"",""it"":""La Verde"",""zh-CN"":""拉维德"",""tr"":""Yeşil"",""ru"":""Ла Верде"",""uk"":""Ла Верде"",""pl"":""La Verde"",""hi"":""ला वर्डे"",""ar"":""لا فيردي""}",2019-10-06T09:28:18,2025-12-02T14:39:55,1,Q1657869
1204,Laborde,3642,X,11,AR,city,,,-33.15319000,-62.85661000,Laborde,5492,America/Argentina/Cordoba,"{""br"":""Laborde"",""ko"":""라보르드"",""pt-BR"":""Laborde"",""pt"":""Laborde"",""nl"":""Laborde"",""hr"":""Laborde"",""fa"":""لابرد"",""de"":""Laborde"",""es"":""Laborde"",""fr"":""Laborde"",""ja"":""ラボルド"",""it"":""Laborde"",""zh-CN"":""拉博德"",""tr"":""İşçi"",""ru"":""Лаборде"",""uk"":""Лаборде"",""pl"":""Laborde"",""hi"":""लाबोर्डे"",""ar"":""لابورد""}",2019-10-06T09:28:18,2025-12-02T14:39:55,1,Q850581
1205,Laboulaye,3642,X,11,AR,adm2,,,-34.12662000,-63.39119000,Enchufar,20534,America/Argentina/Cordoba,"{""br"":""Laboulaye"",""ko"":""라불라예"",""pt-BR"":""Laboulaye"",""pt"":""Laboulaye"",""nl"":""Laboulaye"",""hr"":""Laboulaye"",""fa"":""لابولای"",""de"":""Laboulaye"",""es"":""Laboulaye"",""fr"":""Laboulaye"",""ja"":""ラブーレイ"",""it"":""Laboulaye"",""zh-CN"":""拉布莱"",""tr"":""Laboulaye"",""ru"":""Лабуле"",""uk"":""Лабуле"",""pl"":""Laboulaye"",""hi"":""लाबौले"",""ar"":""لابولاي""}",2019-10-06T09:28:18,2025-12-02T14:39:55,1,Q2520086
1206,Lago Puelo,3651,U,11,AR,city,,,-42.06684000,-71.60384000,Lago Puelo,4046,America/Argentina/Catamarca,"{""br"":""Lenn Puelo"",""ko"":""라고 푸엘로"",""pt-BR"":""Lago Puelo"",""pt"":""Lago Puelo"",""nl"":""Meer Puelo"",""hr"":""Jezero Puelo"",""fa"":""لاگو پوئلو"",""de"":""Lago Puelo"",""es"":""Lago Puelo"",""fr"":""Lac Puelo"",""ja"":""ラゴ・プエロ"",""it"":""Lago Puelo"",""zh-CN"":""普埃洛湖"",""tr"":""Puelo Gölü"",""ru"":""Лаго Пуэло"",""uk"":""Лаго Пуело"",""pl"":""Jezioro Puelo"",""hi"":""लागो पुएलो"",""ar"":""بحيرة بويلو""}",2019-10-06T09:28:18,2025-12-02T14:39:55,1,Q3825767
1207,Laguna Larga,3642,X,11,AR,city,,,-31.77652000,-63.80104000,Laguna Larga,7437,America/Argentina/Cordoba,"{""br"":""Laguna Larga"",""ko"":""라구나 라르가"",""pt-BR"":""Lagoa Larga"",""pt"":""Lagoa Larga"",""nl"":""Laguna Larga"",""hr"":""Laguna Larga"",""fa"":""لاگونا لارگا"",""de"":""Laguna Larga"",""es"":""Laguna Larga"",""fr"":""Laguna Larga"",""ja"":""ラグナ・ラルガ"",""it"":""Laguna Larga"",""zh-CN"":""拉古纳·拉尔加"",""tr"":""Laguna Larga"",""ru"":""Лагуна Ларга"",""uk"":""Лагуна Ларга"",""pl"":""Laguna Larga"",""hi"":""लगुना लार्गा"",""ar"":""لاجونا لارجا""}",2019-10-06T09:28:18,2025-12-02T14:39:55,1,Q21838086
1208,Laguna Limpia,3640,H,11,AR,city,,,-26.49565000,-59.68083000,Laguna Limpia,1594,America/Argentina/Cordoba,"{""br"":""Laguna Limpia"",""ko"":""라구나 림피아"",""pt-BR"":""Laguna Limpia"",""pt"":""Laguna Limpia"",""nl"":""Laguna Limpia"",""hr"":""Laguna Limpia"",""fa"":""لاگونا لیمپیا"",""de"":""Laguna Limpia"",""es"":""Laguna Limpia"",""fr"":""Laguna Limpia"",""ja"":""ラグナ・リンピア"",""it"":""Laguna Limpia"",""zh-CN"":""拉古纳林皮亚"",""tr"":""Laguna Limpia"",""ru"":""Лагуна Лимпия"",""uk"":""Лагуна Лімпія"",""pl"":""Laguna Limpia"",""hi"":""लगुना लिम्पिया"",""ar"":""لاجونا ليمبيا""}",2019-10-06T09:28:18,2025-12-02T14:39:55,1,Q1656138
1209,Laguna Naick-Neck,3652,P,11,AR,city,,,-25.24769000,-58.09383000,Cuello de laguna,2115,America/Argentina/Buenos_Aires,"{""br"":""Laguna Naick-Neck"",""ko"":""라구나 나이크넥"",""pt-BR"":""Laguna Naick-Neck"",""pt"":""Laguna Naick-Neck"",""nl"":""Laguna Naick-Neck"",""hr"":""Laguna Naick-Neck"",""fa"":""لاگونا نایک-نک"",""de"":""Laguna Naick-Neck"",""es"":""Laguna Naick-Neck"",""fr"":""Laguna Naick-Neck"",""ja"":""ラグナ・ナイクネック"",""it"":""Laguna Naick-Neck"",""zh-CN"":""拉古纳·奈克内克"",""tr"":""Laguna Naick-Neck"",""ru"":""Лагуна Найк-Нек"",""uk"":""Лагуна Найк-Нек"",""pl"":""Laguna Naick-Neck"",""hi"":""लगुना नाइक-नेक"",""ar"":""لاجونا نايك نيك""}",2019-10-06T09:28:18,2025-12-02T17:11:50,1,Q21826826
1210,Laguna Paiva,3641,S,11,AR,city,,,-31.30391000,-60.65894000,Deja que la potencia late,12334,America/Argentina/Cordoba,"{""br"":""Laguna Paiva"",""ko"":""라구나 파이바"",""pt-BR"":""Lagoa Paiva"",""pt"":""Lagoa Paiva"",""nl"":""Laguna Paiva"",""hr"":""Laguna Paiva"",""fa"":""لاگونا پایوا"",""de"":""Laguna Paiva"",""es"":""Laguna Paiva"",""fr"":""Lagune Paiva"",""ja"":""ラグナ・パイヴァ"",""it"":""Laguna Paiva"",""zh-CN"":""拉古纳派瓦"",""tr"":""Laguna Paiva"",""ru"":""Лагуна Пайва"",""uk"":""Лагуна Пайва"",""pl"":""Laguna Paiva"",""hi"":""लगुना पाइवा"",""ar"":""بحيرة بايفا""}",2019-10-06T09:28:18,2025-12-02T14:39:55,1,Q21838090
1211,Laguna Yema,3652,P,11,AR,adm2,,,-24.25391000,-61.24466000,Laguna Yema,2744,America/Argentina/Cordoba,"{""br"":""Laguna Yema"",""ko"":""라구나 예마"",""pt-BR"":""Lagoa Yema"",""pt"":""Lagoa Yema"",""nl"":""Laguna Yema"",""hr"":""Laguna Yema"",""fa"":""لاگونا یما"",""de"":""Laguna Yema"",""es"":""Laguna Yema"",""fr"":""Lagune Yema"",""ja"":""ラグナ・イェマ"",""it"":""Laguna Yema"",""zh-CN"":""拉古纳耶玛"",""tr"":""Laguna Yema"",""ru"":""Лагуна Йема"",""uk"":""Лагуна Єма"",""pl"":""Laguna Yema"",""hi"":""लगुना येमा"",""ar"":""لاجونا يما""}",2019-10-06T09:28:18,2025-12-02T14:39:55,1,Q1016035
1212,Lamarque,3639,R,11,AR,city,,,-39.42304000,-65.70208000,Lamarque,7686,America/Argentina/Salta,"{""br"":""Lamarque"",""ko"":""라마르크"",""pt-BR"":""Lamarque"",""pt"":""Lamarque"",""nl"":""Lamarque"",""hr"":""Lamarque"",""fa"":""لامارک"",""de"":""Lamarque"",""es"":""Lamarque"",""fr"":""Lamarque"",""ja"":""ラマルク"",""it"":""Lamarque"",""zh-CN"":""拉马克"",""tr"":""Lamarque"",""ru"":""Ламарк"",""uk"":""Ламарк"",""pl"":""Lamarque"",""hi"":""लामार्क"",""ar"":""لامارك""}",2019-10-06T09:28:18,2025-12-02T14:39:55,1,Q6480952
1213,Lapachito,3640,H,11,AR,city,,,-27.15997000,-59.38605000,Trabajadores,1448,America/Argentina/Cordoba,"{""br"":""Lapachito"",""ko"":""라파치토"",""pt-BR"":""Lapachito"",""pt"":""Lapachito"",""nl"":""Lapachito"",""hr"":""Lapachito"",""fa"":""لاپاچیتو"",""de"":""Lapachito"",""es"":""Lapachito"",""fr"":""Lapachito"",""ja"":""ラパチート"",""it"":""Lapachito"",""zh-CN"":""拉帕奇托"",""tr"":""Lapachito"",""ru"":""Лапачито"",""uk"":""Лапачіто"",""pl"":""Lapachito"",""hi"":""लापाचिटो"",""ar"":""لاباتشيتو""}",2019-10-06T09:28:18,2025-12-02T14:39:55,1,Q1657314
1214,Larroque,3654,E,11,AR,city,,,-33.03595000,-59.00125000,Larroque,6200,America/Argentina/Cordoba,"{""br"":""Larroque"",""ko"":""라로크"",""pt-BR"":""Larroque"",""pt"":""Larroque"",""nl"":""Larroque"",""hr"":""Larroque"",""fa"":""لاروک"",""de"":""Larroque"",""es"":""Larroque"",""fr"":""Larroque"",""ja"":""ラロック"",""it"":""Larroque"",""zh-CN"":""拉罗克"",""tr"":""Larroque"",""ru"":""Ларрок"",""uk"":""Ларрок"",""pl"":""Larroque"",""hi"":""लारोक"",""ar"":""لاروك""}",2019-10-06T09:28:18,2025-12-02T14:39:55,1,Q5410731
1215,Las Acequias,3642,X,11,AR,city,,,-33.28155000,-63.97610000,Las Acequias,2116,America/Argentina/Cordoba,"{""br"":""Las Acequias"",""ko"":""라스 아세키아스"",""pt-BR"":""As Acequias"",""pt"":""As Acequias"",""nl"":""Las Acequias"",""hr"":""Las Acequias"",""fa"":""لاس آکوئیاس"",""de"":""Las Acequias"",""es"":""Las Acequias"",""fr"":""Las Acequias"",""ja"":""ラス・アセキアス"",""it"":""Las Acequias"",""zh-CN"":""拉斯阿塞基亚斯"",""tr"":""Las Acequias"",""ru"":""Лас Асекьяс"",""uk"":""Лас-Асекіас"",""pl"":""Las Acequias"",""hi"":""लास एसेक्वियास"",""ar"":""لاس أسييكياس""}",2019-10-06T09:28:18,2025-12-02T14:39:55,1,Q9020363
1216,Las Breñas,3640,H,11,AR,adm2,,,-27.08966000,-61.08161000,Las Breñas,26955,America/Argentina/Cordoba,"{""br"":""Las Breñas"",""ko"":""라스 브레냐스"",""pt-BR"":""Las Breñas"",""pt"":""Las Breñas"",""nl"":""Las Breñas"",""hr"":""Las Breñas"",""fa"":""لاس برناس"",""de"":""Las Breñas"",""es"":""Las Breñas"",""fr"":""Las Breñas"",""ja"":""ラス・ブレニャス"",""it"":""Las Breñas"",""zh-CN"":""拉斯布雷尼亚斯"",""tr"":""Las Breñas"",""ru"":""Лас-Бреньяс"",""uk"":""Лас-Бреньяс"",""pl"":""Las Breñas"",""hi"":""लास ब्रेनास"",""ar"":""لاس بريناس""}",2019-10-06T09:28:18,2025-12-02T14:39:55,1,Q1017552
1217,Las Coloradas,3648,Q,11,AR,adm2,,,-39.55534000,-70.59491000,Las Coloradas,0,America/Argentina/Salta,"{""br"":""Las Coloradas"",""ko"":""라스 콜로라다스"",""pt-BR"":""As Coloradas"",""pt"":""As Coloradas"",""nl"":""Las Coloradas"",""hr"":""Las Coloradas"",""fa"":""لاس کلوراداس"",""de"":""Las Coloradas"",""es"":""Las Coloradas"",""fr"":""Las Coloradas"",""ja"":""ラス・コロラダス"",""it"":""Las Coloradas"",""zh-CN"":""拉斯科洛拉达斯"",""tr"":""Las Coloradas"",""ru"":""Лас-Колорадас"",""uk"":""Лас-Колорадас"",""pl"":""Las Coloradas"",""hi"":""लास कोलोरादास"",""ar"":""لاس كولوراداس""}",2019-10-06T09:28:18,2025-12-02T14:39:55,1,Q1016900
1218,Las Garcitas,3640,H,11,AR,city,,,-26.61802000,-59.80135000,Las Garcitas,4244,America/Argentina/Cordoba,"{""br"":""Las Garcitas"",""ko"":""라스 가르시타스"",""pt-BR"":""Las Garcitas"",""pt"":""Las Garcitas"",""nl"":""Las Garcitas"",""hr"":""Las Garcitas"",""fa"":""لاس گارسیتاس"",""de"":""Las Garcitas"",""es"":""Las Garcitas"",""fr"":""Las Garcitas"",""ja"":""ラス・ガルシータス"",""it"":""Las Garcitas"",""zh-CN"":""拉斯·加西塔斯"",""tr"":""Las Garcitas"",""ru"":""Лас-Гарситас"",""uk"":""Лас-Гарсітас"",""pl"":""Las Garcitas"",""hi"":""लास गार्सिटास"",""ar"":""لاس غارسيتاس""}",2019-10-06T09:28:18,2025-12-02T14:39:55,1,Q1657855
1219,Las Heras,3646,M,11,AR,adm2,,,-32.85273000,-68.82837000,Las Heras,24741,America/Argentina/Buenos_Aires,"{""br"":""Las Heras"",""ko"":""라스 헤라스"",""pt-BR"":""Las Heras"",""pt"":""Las Heras"",""nl"":""Las Heras"",""hr"":""Las Heras"",""fa"":""لاس هراس"",""de"":""Las Heras"",""es"":""Las Heras"",""fr"":""Las Heras"",""ja"":""ラス・ヘラス"",""it"":""Las Heras"",""zh-CN"":""拉斯埃拉斯"",""tr"":""Las Heras"",""ru"":""Лас-Херас"",""uk"":""Лас-Герас"",""pl"":""Las Heras"",""hi"":""लास हेरास"",""ar"":""لاس هيراس""}",2019-10-06T09:28:18,2025-12-02T17:11:50,1,Q2707626
1220,Las Heras,3649,Z,11,AR,city,,,-46.54186000,-68.93593000,Las Heras,24741,America/Argentina/Buenos_Aires,"{""br"":""Las Heras"",""ko"":""라스 헤라스"",""pt-BR"":""Las Heras"",""pt"":""Las Heras"",""nl"":""Las Heras"",""hr"":""Las Heras"",""fa"":""لاس هراس"",""de"":""Las Heras"",""es"":""Las Heras"",""fr"":""Las Heras"",""ja"":""ラス・ヘラス"",""it"":""Las Heras"",""zh-CN"":""拉斯埃拉斯"",""tr"":""Las Heras"",""ru"":""Лас-Херас"",""uk"":""Лас-Герас"",""pl"":""Las Heras"",""hi"":""लास हेरास"",""ar"":""لاس هيراس""}",2019-10-06T09:28:18,2025-12-02T17:11:50,1,Q2204862
1221,Las Higueras,3642,X,11,AR,city,,,-33.09231000,-64.28899000,Las Higueras,5282,America/Argentina/Cordoba,"{""br"":""Las Higueras"",""ko"":""라스 이게라스"",""pt-BR"":""As Higueras"",""pt"":""As Higueras"",""nl"":""Las Higueras"",""hr"":""Las Higueras"",""fa"":""لاس هیگراس"",""de"":""Las Higueras"",""es"":""Las Higueras"",""fr"":""Las Higueras"",""ja"":""ラス・イゲラス"",""it"":""Las Higueras"",""zh-CN"":""拉斯伊格拉斯"",""tr"":""Las Higueras"",""ru"":""Лас-Игуэрас"",""uk"":""Лас-Ігерас"",""pl"":""Las Higueras"",""hi"":""लास हिगुएरास"",""ar"":""لاس هيجويراس""}",2019-10-06T09:28:18,2025-12-02T14:39:55,1,Q21838493
1222,Las Junturas,3642,X,11,AR,city,,,-31.83125000,-63.45016000,Las Junturas,1541,America/Argentina/Cordoba,"{""br"":""Las Junturas"",""ko"":""라스 훈투라스"",""pt-BR"":""As Junturas"",""pt"":""As Junturas"",""nl"":""Las Junturas"",""hr"":""Las Junturas"",""fa"":""لاس خونتوراس"",""de"":""Las Junturas"",""es"":""Las Junturas"",""fr"":""Las Junturas"",""ja"":""ラス・ジュントゥラス"",""it"":""Las Junturas"",""zh-CN"":""拉斯洪图拉斯"",""tr"":""Las Junturas"",""ru"":""Лас-Хунтурас"",""uk"":""Лас-Хунтурас"",""pl"":""Las Junturas"",""hi"":""लास जुंटुरास"",""ar"":""لاس جونتوراس""}",2019-10-06T09:28:18,2025-12-02T14:39:55,1,Q9020468
1223,Las Lajas,3648,Q,11,AR,adm2,,,-38.52322000,-70.36745000,Las Lajas,4673,America/Argentina/Salta,"{""br"":""Las Lajas"",""ko"":""라스 라하스"",""pt-BR"":""Las Lajas"",""pt"":""Las Lajas"",""nl"":""Las Lajas"",""hr"":""Las Lajas"",""fa"":""لاس لاخاس"",""de"":""Las Lajas"",""es"":""Las Lajas"",""fr"":""Las Lajas"",""ja"":""ラス・ラハス"",""it"":""Las Lajas"",""zh-CN"":""拉斯拉哈斯"",""tr"":""Las Lajas"",""ru"":""Лас-Лахас"",""uk"":""Лас-Лахас"",""pl"":""Las Lajas"",""hi"":""लास लाजास"",""ar"":""لاس لاجاس""}",2019-10-06T09:28:18,2025-12-02T14:39:55,1,Q1016895
1224,Las Lajitas,3643,A,11,AR,city,,,-24.72762000,-64.19335000,Las Lajitas,9151,America/Argentina/Salta,"{""br"":""Las Lajitas"",""ko"":""라스 라히타스"",""pt-BR"":""As Lajitas"",""pt"":""As Lajitas"",""nl"":""Las Lajitas"",""hr"":""Las Lajitas"",""fa"":""لاس لاخیتاس"",""de"":""Las Lajitas"",""es"":""Las Lajitas"",""fr"":""Las Lajitas"",""ja"":""ラス・ラヒータス"",""it"":""Las Lajitas"",""zh-CN"":""拉斯拉希塔斯"",""tr"":""Las Lajitas"",""ru"":""Лас-Лахитас"",""uk"":""Лас-Лахітас"",""pl"":""Las Lajitas"",""hi"":""लास लाजितास"",""ar"":""لاس لاجيتاس""}",2019-10-06T09:28:18,2025-12-02T14:39:55,1,Q6492276
1225,Las Lomitas,3652,P,11,AR,city,,,-24.70955000,-60.59303000,Las Lomitas,10354,America/Argentina/Cordoba,"{""br"":""Las Lomitas"",""ko"":""라스 로미타스"",""pt-BR"":""Las Lomitas"",""pt"":""Las Lomitas"",""nl"":""Las Lomitas"",""hr"":""Las Lomitas"",""fa"":""لاس لومیتا"",""de"":""Las Lomitas"",""es"":""Las Lomitas"",""fr"":""Las Lomitas"",""ja"":""ラス・ロミタス"",""it"":""Las Lomitas"",""zh-CN"":""拉斯洛米塔斯"",""tr"":""Las Lomitas"",""ru"":""Лас-Ломитас"",""uk"":""Лас-Ломітас"",""pl"":""Las Lomitas"",""hi"":""लास लोमिटास"",""ar"":""لاس لوميتاس""}",2019-10-06T09:28:18,2025-12-02T14:39:55,1,Q6492291
1226,Las Ovejas,3648,Q,11,AR,city,,,-36.98881000,-70.74991000,Las Ovejas,1312,America/Argentina/Salta,"{""br"":""Las Ovejas"",""ko"":""라스 오베하스"",""pt-BR"":""Las Ovejas"",""pt"":""Las Ovejas"",""nl"":""Las Ovejas"",""hr"":""Las Ovejas"",""fa"":""لاس اوخاس"",""de"":""Las Ovejas"",""es"":""Las Ovejas"",""fr"":""Les Ovejas"",""ja"":""ラス・オベハス"",""it"":""Las Ovejas"",""zh-CN"":""拉斯奥维哈斯"",""tr"":""Las Ovejas"",""ru"":""Лас-Овехас"",""uk"":""Лас-Овехас"",""pl"":""Las Ovejas"",""hi"":""लास ओवेजास"",""ar"":""لاس أوفيجاس""}",2019-10-06T09:28:18,2025-12-02T14:39:55,1,Q6492369
1227,Las Parejas,3641,S,11,AR,city,,,-32.68478000,-61.51637000,Las Parejas,12375,America/Argentina/Cordoba,"{""br"":""Las Parejas"",""ko"":""라스 파레하스"",""pt-BR"":""Las Parejas"",""pt"":""Las Parejas"",""nl"":""Las Parejas"",""hr"":""Las Parejas"",""fa"":""لاس پارخاس"",""de"":""Las Parejas"",""es"":""Las Parejas"",""fr"":""Les couples"",""ja"":""ラス・パレハス"",""it"":""Las Parejas"",""zh-CN"":""拉斯帕雷哈斯"",""tr"":""Las Parejas"",""ru"":""Лас Парехас"",""uk"":""Лас-Парехас"",""pl"":""Las Parejas"",""hi"":""लास पेरेजास"",""ar"":""لاس باريخاس""}",2019-10-06T09:28:18,2025-12-02T14:39:55,1,Q926587
1228,Las Perdices,3642,X,11,AR,city,,,-32.69794000,-63.70634000,Las Perdices,4615,America/Argentina/Cordoba,"{""br"":""Las Perdices"",""ko"":""라스 페르디세스"",""pt-BR"":""Las Perdices"",""pt"":""Las Perdices"",""nl"":""Las Perdices"",""hr"":""Las Perdices"",""fa"":""لاس پردایس"",""de"":""Las Perdices"",""es"":""Las Perdices"",""fr"":""Las Perdices"",""ja"":""ラス・ペルディセス"",""it"":""Las Perdices"",""zh-CN"":""拉斯佩迪塞斯"",""tr"":""Las Perdices"",""ru"":""Лас-Пердисес"",""uk"":""Лас-Пердічес"",""pl"":""Las Perdices"",""hi"":""लास पेर्डिसेस"",""ar"":""لاس بيرديسيس""}",2019-10-06T09:28:18,2025-12-02T14:39:55,1,Q21838558
1229,Las Plumas,3651,U,11,AR,adm2,,,-43.72058000,-67.28319000,Las Plumas,0,America/Argentina/Catamarca,"{""br"":""Las Plumas"",""ko"":""라스 플루마스"",""pt-BR"":""Las Plumas"",""pt"":""Las Plumas"",""nl"":""Las Plumas"",""hr"":""Las Plumas"",""fa"":""لاس پلوماس"",""de"":""Las Plumas"",""es"":""Las Plumas"",""fr"":""Las Plumas"",""ja"":""ラス・プルマス"",""it"":""Las Plumas"",""zh-CN"":""拉斯普卢马斯"",""tr"":""Las Plumas"",""ru"":""Лас Плумас"",""uk"":""Лас-Плумас"",""pl"":""Las Plumas"",""hi"":""लास प्लुमास"",""ar"":""لاس بلوماس""}",2019-10-06T09:28:18,2025-12-02T14:39:55,1,Q1530166
1230,Las Rosas,3641,S,11,AR,adm2,,,-32.47661000,-61.58041000,Las Rosas,13068,America/Argentina/Buenos_Aires,"{""br"":""Las Rosas"",""ko"":""라스 로사스"",""pt-BR"":""As Rosas"",""pt"":""As Rosas"",""nl"":""Las Rosas"",""hr"":""Las Rosas"",""fa"":""لاس روساس"",""de"":""Las Rosas"",""es"":""Las Rosas"",""fr"":""Las Rosas"",""ja"":""ラス・ロサス"",""it"":""Las Rosas"",""zh-CN"":""拉斯罗萨斯"",""tr"":""Las Rosas"",""ru"":""Лас Росас"",""uk"":""Лас-Росас"",""pl"":""Las Rosas"",""hi"":""लास रोसास"",""ar"":""لاس روزاس""}",2019-10-06T09:28:18,2025-12-02T17:11:50,1,Q518660
1231,Las Toscas,3641,S,11,AR,city,,,-28.35290000,-59.25795000,Las Toscas,11811,America/Argentina/Cordoba,"{""br"":""Las Toscas"",""ko"":""라스 토스카스"",""pt-BR"":""As Toscas"",""pt"":""As Toscas"",""nl"":""Las Toscas"",""hr"":""Las Toscas"",""fa"":""لاس توسکاس"",""de"":""Las Toscas"",""es"":""Las Toscas"",""fr"":""Las Toscas"",""ja"":""ラス・トスカス"",""it"":""Las Toscas"",""zh-CN"":""托斯卡斯"",""tr"":""Las Toscas"",""ru"":""Лас Тоскас"",""uk"":""Лас-Тоскас"",""pl"":""Las Toscas"",""hi"":""लास टोस्कास"",""ar"":""لاس توسكاس""}",2019-10-06T09:28:18,2025-12-02T14:39:55,1,Q2278387
1232,Las Varas,3642,X,11,AR,city,,,-31.80260000,-62.61655000,Las Varas,1017,America/Argentina/Cordoba,"{""br"":""Las Varas"",""ko"":""라스 바라스"",""pt-BR"":""Las Varas"",""pt"":""Las Varas"",""nl"":""Las Varas"",""hr"":""Las Varas"",""fa"":""لاس واراس"",""de"":""Las Varas"",""es"":""Las Varas"",""fr"":""Las Varas"",""ja"":""ラスバラス"",""it"":""Las Varas"",""zh-CN"":""拉斯瓦拉斯"",""tr"":""Las Varas"",""ru"":""Лас Варас"",""uk"":""Лас-Варас"",""pl"":""Las Varas"",""hi"":""लास वरस"",""ar"":""لاس فاراس""}",2019-10-06T09:28:18,2025-12-02T14:39:55,1,Q21838615
1233,Las Varillas,3642,X,11,AR,city,,,-31.87208000,-62.71946000,Las Varillas,14649,America/Argentina/Cordoba,"{""br"":""Las Varillas"",""ko"":""라스 바릴라스"",""pt-BR"":""Las Varillas"",""pt"":""Las Varillas"",""nl"":""Las Varillas"",""hr"":""Las Varillas"",""fa"":""لاس واریلاس"",""de"":""Las Varillas"",""es"":""Las Varillas"",""fr"":""Las Varillas"",""ja"":""ラス・バリラス"",""it"":""Las Varillas"",""zh-CN"":""拉斯瓦里利亚斯"",""tr"":""Las Varillas"",""ru"":""Лас Варильяс"",""uk"":""Лас-Варільяс"",""pl"":""Las Varillas"",""hi"":""लास वरिलास"",""ar"":""لاس فاريلاس""}",2019-10-06T09:28:18,2025-12-02T14:39:55,1,Q10316445
1234,Leones,3642,X,11,AR,city,,,-32.66174000,-62.29678000,Leones,10391,America/Argentina/Cordoba,"{""br"":""Leoned"",""ko"":""레오네스"",""pt-BR"":""Leones"",""pt"":""Leones"",""nl"":""Leones"",""hr"":""Leones"",""fa"":""لئونز"",""de"":""Leones"",""es"":""Leones"",""fr"":""Léones"",""ja"":""レオネス"",""it"":""Leoni"",""zh-CN"":""莱昂内斯"",""tr"":""Leones"",""ru"":""Леонес"",""uk"":""Леонес"",""pl"":""Leones"",""hi"":""लियोन"",""ar"":""ليونيس""}",2019-10-06T09:28:18,2025-12-02T14:39:55,1,Q21838780
1235,Libertad,3638,W,11,AR,city,,,-30.04300000,-57.82020000,Libertad,1438,America/Argentina/Cordoba,"{""br"":""Libertad"",""ko"":""리베르타드"",""pt-BR"":""Liberdade"",""pt"":""Liberdade"",""nl"":""Vrijheid"",""hr"":""Libertad"",""fa"":""لیبرتاد"",""de"":""Libertad"",""es"":""Libertad"",""fr"":""Liberté"",""ja"":""リベルタッド"",""it"":""Libertà"",""zh-CN"":""利伯塔德"",""tr"":""Özgürlük"",""ru"":""Либертад"",""uk"":""Лібертад"",""pl"":""Wolność"",""hi"":""लिबर्टाड"",""ar"":""الحرية""}",2019-10-06T09:28:19,2025-12-02T14:39:55,1,Q21826989
1236,Libertador General San Martín,3645,Y,11,AR,adm2,,,-23.80644000,-64.78757000,Libertador General San Martín,49267,America/Argentina/Buenos_Aires,"{""br"":""Libertador Jeneral San Martín"",""ko"":""자유의사 장군 산 마르틴"",""pt-BR"":""Libertador General San Martín"",""pt"":""Libertador General San Martín"",""nl"":""Libertador-generaal San Martín"",""hr"":""Libertador General San Martín"",""fa"":""ژنرال لیبرتادور سن مارتین"",""de"":""Libertador General San Martín"",""es"":""Libertador General San Martín"",""fr"":""Libertador General San Martín"",""ja"":""リベルタドール将軍サン・マルティン"",""it"":""Libertador General San Martín"",""zh-CN"":""解放者将军圣马丁"",""tr"":""Libertador General San Martín"",""ru"":""Генерал-либертадор Сан-Мартин"",""uk"":""Лібертадор Генерал Сан-Мартін"",""pl"":""Generał Libertadoru San Martín"",""hi"":""लिबर्टाडोर जनरल सैन मार्टिन"",""ar"":""ليبرتادور جنرال سان مارتن""}",2019-10-06T09:28:19,2025-12-02T17:11:50,1,Q600706
1237,Lomas de Vallejos,3638,W,11,AR,city,,,-27.73501000,-57.91850000,Lomas de Vallejos,1415,America/Argentina/Cordoba,"{""br"":""Lomas de Vallejos"",""ko"":""로마스 데 바예호스"",""pt-BR"":""Lomas de Vallejos"",""pt"":""Lomas de Vallejos"",""nl"":""Lomas de Vallejos"",""hr"":""Lomas de Vallejos"",""fa"":""لوماس دِ والِخوس"",""de"":""Lomas de Vallejos"",""es"":""Lomas de Vallejos"",""fr"":""Lomas de Vallejos"",""ja"":""ロマス・デ・バジェホス"",""it"":""Lomas de Vallejos"",""zh-CN"":""洛马斯·德·瓦列霍斯"",""tr"":""Lomas de Vallejos"",""ru"":""Ломас де Вальехос"",""uk"":""Ломас-де-Вальєхос"",""pl"":""Lomas de Vallejos"",""hi"":""लोमास डे वैलेजोस"",""ar"":""لوماس دي فاليجوس""}",2019-10-06T09:28:19,2025-12-02T14:39:55,1,Q5638031
1238,Loncopué,3648,Q,11,AR,adm2,,,-38.07284000,-70.61609000,Longopué,4323,America/Argentina/Salta,"{""br"":""Loncopué"",""ko"":""론코푸에"",""pt-BR"":""Loncopué"",""pt"":""Loncopué"",""nl"":""Loncopué"",""hr"":""Loncopué"",""fa"":""لونکوپو"",""de"":""Loncopué"",""es"":""Loncopué"",""fr"":""Loncopué"",""ja"":""ロンコプエ"",""it"":""Loncopué"",""zh-CN"":""隆科普埃"",""tr"":""Loncopué"",""ru"":""Лонкопуэ"",""uk"":""Лонкопуе"",""pl"":""Loncopué"",""hi"":""लोंकोप्यु"",""ar"":""لونكوبوي""}",2019-10-06T09:28:19,2025-12-02T14:39:55,1,Q579990
1239,Londres,3647,K,11,AR,city,,,-27.71439000,-67.13349000,Londres,2627,America/Argentina/Catamarca,"{""br"":""Londrez"",""ko"":""런던"",""pt-BR"":""Londres"",""pt"":""Londres"",""nl"":""Londen"",""hr"":""London"",""fa"":""لندن"",""de"":""London"",""es"":""Londres"",""fr"":""Londres"",""ja"":""ロンドン"",""it"":""Londra"",""zh-CN"":""伦敦"",""tr"":""Londra"",""ru"":""Лондон"",""uk"":""Лондон"",""pl"":""Londyn"",""hi"":""लंदन"",""ar"":""لندن""}",2019-10-06T09:28:19,2025-12-02T14:39:55,1,Q930973
1240,Lonquimay,3655,L,11,AR,city,,,-36.46546000,-63.62429000,Lonquimay,1672,America/Argentina/Salta,"{""br"":""Lonquimay"",""ko"":""론키마이"",""pt-BR"":""Lonquimay"",""pt"":""Lonquimay"",""nl"":""Lonquimay"",""hr"":""Lonquimay"",""fa"":""لونکویمای"",""de"":""Lonquimay"",""es"":""Lonquimay"",""fr"":""Lonquimay"",""ja"":""ロンキメイ"",""it"":""Lonquimay"",""zh-CN"":""隆基迈"",""tr"":""Lonquimay"",""ru"":""Лонкимай"",""uk"":""Лонкімей"",""pl"":""Lonquimay"",""hi"":""लोनक्विमे"",""ar"":""لونكيماي""}",2019-10-06T09:28:19,2025-12-02T14:39:55,1,Q6674813
1241,Loreto,3644,N,11,AR,city,,,-27.33177000,-55.52499000,Loreto,1201,America/Argentina/Cordoba,"{""br"":""Loreto"",""ko"":""로레토"",""pt-BR"":""Loreto"",""pt"":""Loreto"",""nl"":""Loreto"",""hr"":""Loreto"",""fa"":""لورتو"",""de"":""Loreto"",""es"":""Loreto"",""fr"":""Lorette"",""ja"":""ロレト"",""it"":""Loreto"",""zh-CN"":""洛雷托"",""tr"":""Loreto"",""ru"":""Лорето"",""uk"":""Лорето"",""pl"":""Loreto"",""hi"":""लोरेटो"",""ar"":""لوريتو""}",2019-10-06T09:28:19,2025-12-02T14:39:55,1,Q2987221
1242,Loreto,3638,W,11,AR,city,,,-27.76834000,-57.27531000,Loreto,2856,America/Argentina/Cordoba,"{""br"":""Loreto"",""ko"":""로레토"",""pt-BR"":""Loreto"",""pt"":""Loreto"",""nl"":""Loreto"",""hr"":""Loreto"",""fa"":""لورتو"",""de"":""Loreto"",""es"":""Loreto"",""fr"":""Lorette"",""ja"":""ロレト"",""it"":""Loreto"",""zh-CN"":""洛雷托"",""tr"":""Loreto"",""ru"":""Лорето"",""uk"":""Лорето"",""pl"":""Loreto"",""hi"":""लोरेटो"",""ar"":""لوريتو""}",2019-10-06T09:28:19,2025-12-02T14:39:55,1,Q21827027
1243,Los Altos,3647,K,11,AR,city,,,-28.04845000,-65.49945000,Los Altos,6421,America/Argentina/Catamarca,"{""br"":""Los Altos"",""ko"":""로스 알토스"",""pt-BR"":""Los Altos"",""pt"":""Los Altos"",""nl"":""Los Altos"",""hr"":""Los Altos"",""fa"":""لوس آلتوس"",""de"":""Los Altos"",""es"":""Los Altos"",""fr"":""Los Altos"",""ja"":""ロスアルトス"",""it"":""Los Altos"",""zh-CN"":""洛斯阿尔托斯"",""tr"":""Los Altos"",""ru"":""Лос-Альтос"",""uk"":""Лос-Альтос"",""pl"":""Los Altos"",""hi"":""लॉस अल्टोस"",""ar"":""لوس ألتوس""}",2019-10-06T09:28:19,2025-12-02T14:39:55,1,Q6681893
1244,Los Antiguos,3649,Z,11,AR,city,,,-46.54972000,-71.63086000,Los Antiguos,2047,America/Argentina/Rio_Gallegos,"{""br"":""Los Antiguos"",""ko"":""로스 안티구오스"",""pt-BR"":""Os Antigos"",""pt"":""Os Antigos"",""nl"":""De Oudheden"",""hr"":""Los Antiguos"",""fa"":""لوس آنتیگوس"",""de"":""Los Antiguos"",""es"":""Los Antiguos"",""fr"":""Les Anciens"",""ja"":""ロス・アンティグオス"",""it"":""Los Antiguos"",""zh-CN"":""洛斯安蒂古斯"",""tr"":""Los Antiguos"",""ru"":""Лос-Антигуос"",""uk"":""Лос-Антігуос"",""pl"":""Los Antiguos"",""hi"":""लॉस एंटीगुओस"",""ar"":""لوس أنتيجوس""}",2019-10-06T09:28:19,2025-12-02T14:39:55,1,Q1870494
1245,Los Charrúas,3654,E,11,AR,city,,,-31.17548000,-58.18774000,Los Charrúas,3414,America/Argentina/Cordoba,"{""br"":""Los Charrúas"",""ko"":""로스 차루아스"",""pt-BR"":""Los Charrúas"",""pt"":""Los Charrúas"",""nl"":""Los Charrúas"",""hr"":""Los Charrúas"",""fa"":""لوس چاروس"",""de"":""Los Charrúas"",""es"":""Los Charrúas"",""fr"":""Les Charrúas"",""ja"":""ロス・チャルーアス"",""it"":""Los Charrúas"",""zh-CN"":""洛斯查鲁阿斯"",""tr"":""Los Charruas"",""ru"":""Лос-Чарруас"",""uk"":""Лос-Чарруас"",""pl"":""Los Charrúas"",""hi"":""लॉस चार्रुआस"",""ar"":""لوس تشاروس""}",2019-10-06T09:28:19,2025-12-02T14:39:55,1,Q6682609
1246,Los Cocos,3642,X,11,AR,city,,,-30.92497000,-64.50207000,Los Cocos,1035,America/Argentina/Cordoba,"{""br"":""Los Cocos"",""ko"":""로스 코코스"",""pt-BR"":""Os Cocos"",""pt"":""Os Cocos"",""nl"":""Los Cocos"",""hr"":""Los Kokos"",""fa"":""لوس کوکوس"",""de"":""Los Cocos"",""es"":""Los Cocos"",""fr"":""Les Cocos"",""ja"":""ロスココス"",""it"":""Los Cocos"",""zh-CN"":""洛斯科科斯"",""tr"":""Los Cocos"",""ru"":""Лос-Кокос"",""uk"":""Лос-Кокос"",""pl"":""Los Cocos"",""hi"":""लॉस कोकोस"",""ar"":""لوس كوكوس""}",2019-10-06T09:28:19,2025-12-02T14:39:55,1,Q6682609
1247,Los Conquistadores,3654,E,11,AR,city,,,-30.59080000,-58.46773000,Los Conquistadores,1214,America/Argentina/Cordoba,"{""br"":""Los Conquistadores"",""ko"":""로스 콩키스타도레스"",""pt-BR"":""Os Conquistadores"",""pt"":""Os Conquistadores"",""nl"":""De Veroveraars"",""hr"":""Los Conquistadori"",""fa"":""لوس کونکیستادورس"",""de"":""Los Conquistadores"",""es"":""Los conquistadores"",""fr"":""Les Conquistadors"",""ja"":""ロス・コンキスタドーレス"",""it"":""I conquistatori"",""zh-CN"":""征服者"",""tr"":""Los Conquistadores"",""ru"":""Лос-Конкистадорес"",""uk"":""Лос-Конкістадори"",""pl"":""Konkwistadorzy"",""hi"":""लॉस कॉन्क्विस्टाडोर्स"",""ar"":""الغزاة""}",2019-10-06T09:28:19,2025-12-02T14:39:55,1,Q21827035
1248,Los Cóndores,3642,X,11,AR,city,,,-32.31983000,-64.27751000,Los Cóndores,2720,America/Argentina/Cordoba,"{""br"":""Los Cóndores"",""ko"":""로스 콘도레스"",""pt-BR"":""Los Cóndores"",""pt"":""Los Cóndores"",""nl"":""De Condores"",""hr"":""Los Cóndores"",""fa"":""لوس کندورس"",""de"":""Los Cóndores"",""es"":""Los Cóndores"",""fr"":""Les Condors"",""ja"":""ロス・コンドレス"",""it"":""Los Cóndores"",""zh-CN"":""洛斯孔多雷斯"",""tr"":""Los Cóndores"",""ru"":""Лос-Кондорес"",""uk"":""Лос-Кондорес"",""pl"":""Los Condores"",""hi"":""लॉस कोंडोरेस"",""ar"":""لوس كوندوريس""}",2019-10-06T09:28:19,2025-12-02T14:39:55,1,Q21839069
1249,Los Frentones,3640,H,11,AR,city,,,-26.40770000,-61.41367000,Los Frentones,6610,America/Argentina/Cordoba,"{""br"":""Los Frentones"",""ko"":""로스 프렌토네스"",""pt-BR"":""Os Frentones"",""pt"":""Os Frentones"",""nl"":""Los Frentones"",""hr"":""Los Frentones"",""fa"":""لوس فرنتونز"",""de"":""Los Frentones"",""es"":""Los Frentones"",""fr"":""Les Frentones"",""ja"":""ロス・フレントネス"",""it"":""Los Frentones"",""zh-CN"":""洛斯弗伦托内斯"",""tr"":""Los Frentones"",""ru"":""Лос Френтонес"",""uk"":""Лос-Френтонес"",""pl"":""Los Frentones"",""hi"":""लॉस फ्रेंटोन्स"",""ar"":""لوس فرينتونيس""}",2019-10-06T09:28:19,2025-12-02T14:39:55,1,Q925007
1250,Los Helechos,3644,N,11,AR,city,,,-27.55051000,-55.07908000,Los Helechos,3616,America/Argentina/Cordoba,"{""br"":""Los Helechos"",""ko"":""로스 헬레코스"",""pt-BR"":""Os Helechos"",""pt"":""Os Helechos"",""nl"":""Los Helechos"",""hr"":""Los Helechos"",""fa"":""لوس هلچوس"",""de"":""Los Helechos"",""es"":""Los Helechos"",""fr"":""Les Héros"",""ja"":""ロス・ヘレチョス"",""it"":""Los Helechos"",""zh-CN"":""洛斯·赫莱乔斯"",""tr"":""Los Helechos"",""ru"":""Лос-Элехос"",""uk"":""Лос-Елечос"",""pl"":""Los Helechos"",""hi"":""लॉस हेलेचोस"",""ar"":""لوس هيليتشوس""}",2019-10-06T09:28:19,2025-12-02T14:39:55,1,Q9296343
1251,Los Juríes,3635,G,11,AR,city,,,-28.46539000,-62.10862000,Los Juríes,3212,America/Argentina/Cordoba,"{""br"":""Los Juríes"",""ko"":""로스 주리스"",""pt-BR"":""Os Jurados"",""pt"":""Os Jurados"",""nl"":""Los Juríes"",""hr"":""Los Juríes"",""fa"":""لوس جوریس"",""de"":""Los Juríes"",""es"":""Los Juríes"",""fr"":""Les Jurés"",""ja"":""ロス・フリス"",""it"":""Los Juríes"",""zh-CN"":""法官们"",""tr"":""Los Juríes"",""ru"":""Лос-Хуриес"",""uk"":""Лос-Хуріес"",""pl"":""Los Juríes"",""hi"":""लॉस ज्यूरीस"",""ar"":""لوس جوريس""}",2019-10-06T09:28:19,2025-12-02T14:39:55,1,Q2917961
1252,Los Laureles,3641,S,11,AR,city,,,-29.36847000,-59.73634000,Los Laureles,1519,America/Argentina/Cordoba,"{""br"":""Los Laureles"",""ko"":""로스 라우렐레스"",""pt-BR"":""Os Laureles"",""pt"":""Os Laureles"",""nl"":""Los Laureles"",""hr"":""Los Laureles"",""fa"":""لوس لاورل"",""de"":""Los Laureles"",""es"":""Los Laureles"",""fr"":""Les Laureles"",""ja"":""ロス・ラウレレス"",""it"":""Los Laureles"",""zh-CN"":""洛斯劳雷莱斯"",""tr"":""Los Laureles"",""ru"":""Лос-Лорелес"",""uk"":""Лос-Лаурелес"",""pl"":""Los Laureles"",""hi"":""लॉस लॉरेलेस"",""ar"":""لوس لوريليس""}",2019-10-06T09:28:19,2025-12-02T14:39:55,1,Q2917961
1253,Los Menucos,3639,R,11,AR,city,,,-40.84402000,-68.08718000,Los Menucos,2689,America/Argentina/Salta,"{""br"":""Los Menucos"",""ko"":""로스 메누코스"",""pt-BR"":""Os Menucos"",""pt"":""Os Menucos"",""nl"":""De Menucos"",""hr"":""Los Menucos"",""fa"":""لوس منوکوس"",""de"":""Los Menucos"",""es"":""Los Menucos"",""fr"":""Les Menucos"",""ja"":""ロス・メヌコス"",""it"":""Los Menucos"",""zh-CN"":""洛斯梅努科斯"",""tr"":""Los Menucos"",""ru"":""Лос-Менукос"",""uk"":""Лос-Менукос"",""pl"":""Los Menucos"",""hi"":""लॉस मेनुकोस"",""ar"":""لوس مينوكوس""}",2019-10-06T09:28:19,2025-12-02T14:39:55,1,Q4353093
1254,Los Surgentes,3642,X,11,AR,city,,,-32.98454000,-62.02191000,Los Rising,2804,America/Argentina/Cordoba,"{""br"":""Los Surgentes"",""ko"":""로스 수르젠테스"",""pt-BR"":""Os Surgentes"",""pt"":""Os Surgentes"",""nl"":""De Surgentes"",""hr"":""Los Surgentes"",""fa"":""جراحان لس"",""de"":""Los Surgentes"",""es"":""Los Surgentes"",""fr"":""Les Surgentes"",""ja"":""ロス・スルヘンテス"",""it"":""Los Surgentes"",""zh-CN"":""洛斯苏尔根特斯"",""tr"":""Los Surgentes"",""ru"":""Лос-Сурхентес"",""uk"":""Лос-Сургентес"",""pl"":""Los Surgentes"",""hi"":""लॉस सर्जेंटेस"",""ar"":""لوس سورجينتيس""}",2019-10-06T09:28:19,2025-12-02T14:39:55,1,Q5487799
1255,Los Telares,3635,G,11,AR,adm2,,,-28.98479000,-63.44889000,Los Telares,2032,America/Argentina/Cordoba,"{""br"":""Los Telares"",""ko"":""로스 텔라레스"",""pt-BR"":""Los Telares"",""pt"":""Los Telares"",""nl"":""Los Telares"",""hr"":""Los Telares"",""fa"":""لوس تلارس"",""de"":""Los Telares"",""es"":""Los Telares"",""fr"":""Les Telares"",""ja"":""ロス・テラレス"",""it"":""Los Telares"",""zh-CN"":""洛斯特拉雷斯"",""tr"":""Los Telares"",""ru"":""Лос-Теларес"",""uk"":""Лос-Теларес"",""pl"":""Los Telares"",""hi"":""लॉस टेलारेस"",""ar"":""لوس تيلاريس""}",2019-10-06T09:28:19,2025-12-02T14:39:55,1,Q1015224
1256,Los Varela,3647,K,11,AR,city,,,-27.93003000,-65.87153000,Los Varela,1908,America/Argentina/Catamarca,"{""br"":""Los Varela"",""ko"":""로스 바렐라"",""pt-BR"":""Los Varela"",""pt"":""Los Varela"",""nl"":""Los Varela"",""hr"":""Los Varela"",""fa"":""لوس وارلا"",""de"":""Los Varela"",""es"":""Los Varela"",""fr"":""Les Varela"",""ja"":""ロス・バレラ"",""it"":""Los Varela"",""zh-CN"":""洛斯瓦雷拉"",""tr"":""Los Varela"",""ru"":""Лос Варела"",""uk"":""Лос-Варела"",""pl"":""Los Varela"",""hi"":""लॉस वरेला"",""ar"":""لوس فاريلا""}",2019-10-06T09:28:19,2025-12-02T14:39:55,1,Q1774269
1257,Lucas González,3654,E,11,AR,city,,,-32.38430000,-59.53013000,Lucas González,4466,America/Argentina/Cordoba,"{""br"":""Lucas González"",""ko"":""루카스 곤잘레스"",""pt-BR"":""Lucas González"",""pt"":""Lucas González"",""nl"":""Lucas González"",""hr"":""Lucas González"",""fa"":""لوکاس گونزالس"",""de"":""Lucas González"",""es"":""Lucas González"",""fr"":""Lucas Gonzalez"",""ja"":""ルーカス・ゴンザレス"",""it"":""Lucas González"",""zh-CN"":""卢卡斯·冈萨雷斯"",""tr"":""Lucas González"",""ru"":""Лукас Гонсалес"",""uk"":""Лукас Гонсалес"",""pl"":""Lucas González"",""hi"":""लुकास गोंजालेज"",""ar"":""لوكاس غونزاليس""}",2019-10-06T09:28:19,2025-12-02T14:39:55,1,Q5981875
1258,Luján,3636,D,11,AR,city,,,-32.36674000,-65.93642000,Luján,1896,America/Argentina/San_Luis,"{""br"":""Luján"",""ko"":""루잔"",""pt-BR"":""Luján"",""pt"":""Luján"",""nl"":""Lujan"",""hr"":""Luján"",""fa"":""لوخان"",""de"":""Luján"",""es"":""Luján"",""fr"":""Lujan"",""ja"":""ルハン"",""it"":""Luján"",""zh-CN"":""卢汉"",""tr"":""Luján"",""ru"":""Лухан"",""uk"":""Лухан"",""pl"":""Luján"",""hi"":""लुजान"",""ar"":""لوجان""}",2019-10-06T09:28:19,2025-12-02T14:39:55,1,Q2838669
1259,Macachín,3655,L,11,AR,adm2,,,-37.13598000,-63.66650000,Macachín,4768,America/Argentina/Salta,"{""br"":""Macachín"",""ko"":""마카친"",""pt-BR"":""Macachín"",""pt"":""Macachín"",""nl"":""Macachín"",""hr"":""Macachín"",""fa"":""ماکاچین"",""de"":""Macachín"",""es"":""Macachín"",""fr"":""Macachín"",""ja"":""マカチン"",""it"":""Macachín"",""zh-CN"":""马卡辛"",""tr"":""Macachín"",""ru"":""Макачин"",""uk"":""Макачін"",""pl"":""Macachín"",""hi"":""मैकाचिन"",""ar"":""ماكاتشين""}",2019-10-06T09:28:19,2025-12-02T14:39:55,1,Q2911913
1260,Machagai,3640,H,11,AR,adm2,,,-26.92614000,-60.04955000,Machagai,28070,America/Argentina/Cordoba,"{""br"":""Machagai"",""ko"":""마차가이"",""pt-BR"":""Machagai"",""pt"":""Machagai"",""nl"":""Machagai"",""hr"":""Machagai"",""fa"":""ماچاگای"",""de"":""Machagai"",""es"":""Machagai"",""fr"":""Machagai"",""ja"":""マチャガイ"",""it"":""Machagai"",""zh-CN"":""马查盖"",""tr"":""Machagai"",""ru"":""Мачагай"",""uk"":""Мачагай"",""pl"":""Machagai"",""hi"":""मचागाई"",""ar"":""ماشاجاي""}",2019-10-06T09:28:19,2025-12-02T14:39:55,1,Q1579325
1261,Maciá,3654,E,11,AR,city,,,-32.17220000,-59.39947000,Maciá,5806,America/Argentina/Cordoba,"{""br"":""Maciá"",""ko"":""마시아"",""pt-BR"":""Maciá"",""pt"":""Maciá"",""nl"":""Maciá"",""hr"":""Maciá"",""fa"":""ماسیا"",""de"":""Maciá"",""es"":""Maciá"",""fr"":""Macia"",""ja"":""マシア"",""it"":""Maciá"",""zh-CN"":""马西亚"",""tr"":""Maciá"",""ru"":""Масиа"",""uk"":""Масія"",""pl"":""Maciá"",""hi"":""मैकिया"",""ar"":""ماسيا""}",2019-10-06T09:28:19,2025-12-02T14:39:55,1,Q6724173
1262,Maimará,3645,Y,11,AR,city,,,-23.62392000,-65.40797000,Maimará,2470,America/Argentina/Jujuy,"{""br"":""Maimará"",""ko"":""마이마라"",""pt-BR"":""Maimará"",""pt"":""Maimará"",""nl"":""Maimará"",""hr"":""Maimará"",""fa"":""مایمارا"",""de"":""Maimará"",""es"":""Maimará"",""fr"":""Maimará"",""ja"":""マイマラ"",""it"":""Maimará"",""zh-CN"":""迈马拉"",""tr"":""Maimará"",""ru"":""Маймара"",""uk"":""Маймара"",""pl"":""Maimará"",""hi"":""मैमारा"",""ar"":""مايمارا""}",2019-10-06T09:28:19,2025-12-02T14:39:55,1,Q3843526
1263,Mainque,3639,R,11,AR,city,,,-39.06667000,-67.30000000,Mano,2658,America/Argentina/Buenos_Aires,"{""br"":""Mainque"",""ko"":""마인케"",""pt-BR"":""Mainque"",""pt"":""Mainque"",""nl"":""Hoofd"",""hr"":""Mainque"",""fa"":""ماینکه"",""de"":""Mainque"",""es"":""Mainque"",""fr"":""Mainque"",""ja"":""メインケ"",""it"":""Mainque"",""zh-CN"":""Mainque"",""tr"":""Mainque"",""ru"":""Майнке"",""uk"":""Майнк"",""pl"":""Mainque"",""hi"":""मेनक्यू"",""ar"":""مينك""}",2019-10-06T09:28:19,2025-12-02T17:11:50,1,Q6736720
1264,Makallé,3640,H,11,AR,adm2,,,-27.20687000,-59.28696000,Alegre,4994,America/Argentina/Cordoba,"{""br"":""Makallé"",""ko"":""마칼레"",""pt-BR"":""Makallé"",""pt"":""Makallé"",""nl"":""Makallé"",""hr"":""Makallé"",""fa"":""ماکاله"",""de"":""Makallé"",""es"":""Makallé"",""fr"":""Makallé"",""ja"":""マカレ"",""it"":""Makallé"",""zh-CN"":""马卡莱"",""tr"":""Makallé"",""ru"":""Макалле"",""uk"":""Макалле"",""pl"":""Makallé"",""hi"":""मकाले"",""ar"":""ماكالي""}",2019-10-06T09:28:19,2025-12-02T14:39:55,1,Q602345
1265,Malabrigo,3641,S,11,AR,city,,,-29.34636000,-59.96957000,Malabrigo,7026,America/Argentina/Cordoba,"{""br"":""Malabrigo"",""ko"":""말라브리고"",""pt-BR"":""Malabrigo"",""pt"":""Malabrigo"",""nl"":""Malabrigo"",""hr"":""Malabrigo"",""fa"":""مالابیگو"",""de"":""Malabrigo"",""es"":""Malabrigo"",""fr"":""Malabrigo"",""ja"":""マラブリゴ"",""it"":""Malabrigo"",""zh-CN"":""马拉布里戈"",""tr"":""Malabrigo"",""ru"":""Малабриго"",""uk"":""Малабріго"",""pl"":""Malabrigo"",""hi"":""मालाब्रिगो"",""ar"":""مالابريجو""}",2019-10-06T09:28:19,2025-12-02T14:39:55,1,Q21827083
1266,Malagueño,3642,X,11,AR,city,,,-31.46467000,-64.35840000,Malagueño,9364,America/Argentina/Cordoba,"{""br"":""Malagueño"",""ko"":""말라게뇨"",""pt-BR"":""Malagueño"",""pt"":""Malagueño"",""nl"":""Malagueño"",""hr"":""Malagueño"",""fa"":""مالاگینو"",""de"":""Malagueño"",""es"":""Malagueño"",""fr"":""Malaga"",""ja"":""マラゲーニョ"",""it"":""Malagueño"",""zh-CN"":""马拉加人"",""tr"":""Malagueño"",""ru"":""Малагеньо"",""uk"":""Малагеньйо"",""pl"":""Malagueño"",""hi"":""मालाग्यूनो"",""ar"":""مالاجينو""}",2019-10-06T09:28:19,2025-12-02T14:39:55,1,Q1886644
1267,Malvinas Argentinas,3642,X,11,AR,city,,,-31.38194000,-64.05545000,Malvinas Argentinas,8628,America/Argentina/Cordoba,"{""br"":""Malvinas Arc'hantina"",""ko"":""말비나스 아르헨티나스"",""pt-BR"":""Malvinas Argentinas"",""pt"":""Malvinas Argentinas"",""nl"":""Malvinas Argentinas"",""hr"":""Malvini Argentinas"",""fa"":""مالویناس آرژانتیناس"",""de"":""Malvinas Argentinas"",""es"":""Malvinas Argentinas"",""fr"":""Malouines argentines"",""ja"":""マルビナス諸島"",""it"":""Malvinas Argentinas"",""zh-CN"":""马尔维纳斯群岛"",""tr"":""Malvinas Arjantin"",""ru"":""Мальвинские Аргентины"",""uk"":""Мальвінські острови Аргентинас"",""pl"":""Malwiny Argentyńskie"",""hi"":""माल्विनास अर्जेंटीनास"",""ar"":""جزر مالفيناس الأرجنتينية""}",2019-10-06T09:28:19,2025-12-02T14:39:55,1,Q503652
1268,Maquinchao,3639,R,11,AR,adm2,,,-41.24912000,-68.70321000,Maquinchao,2494,America/Argentina/Salta,"{""br"":""Maquinchao"",""ko"":""마킨차오"",""pt-BR"":""Maquinchao"",""pt"":""Maquinchao"",""nl"":""Maquinchao"",""hr"":""Maquinchao"",""fa"":""ماکوینچائو"",""de"":""Maquinchao"",""es"":""Maquinchao"",""fr"":""Maquinchao"",""ja"":""マシンチャオ"",""it"":""Maquinchao"",""zh-CN"":""马金朝"",""tr"":""Maquinchao"",""ru"":""Макинчао"",""uk"":""Макінчао"",""pl"":""Maquinchao"",""hi"":""माक्विनचाओ"",""ar"":""ماكينتشاو""}",2019-10-06T09:28:19,2025-12-02T14:39:55,1,Q2171426
1269,Marcos Juárez,3642,X,11,AR,adm2,,,-32.69780000,-62.10672000,Marcos Juárez,27004,America/Argentina/Cordoba,"{""br"":""Marcos Juárez"",""ko"":""마르코스 후아레스"",""pt-BR"":""Marcos Juárez"",""pt"":""Marcos Juárez"",""nl"":""Marcos Juárez"",""hr"":""Marcos Juárez"",""fa"":""مارکوس خوارز"",""de"":""Marcos Juárez"",""es"":""Marcos Juárez"",""fr"":""Marcos Juárez"",""ja"":""マルコス・フアレス"",""it"":""Marcos Juárez"",""zh-CN"":""马科斯·胡亚雷斯"",""tr"":""Marcos Juárez"",""ru"":""Маркос Хуарес"",""uk"":""Маркос Хуарес"",""pl"":""Marcos Juarez"",""hi"":""मार्कोस जुआरेज़"",""ar"":""ماركوس خواريز""}",2019-10-06T09:28:19,2025-12-02T14:39:55,1,Q1016881
1270,Margarita Belén,3640,H,11,AR,adm2,,,-27.26160000,-58.97219000,Margarita Belén,5547,America/Argentina/Cordoba,"{""br"":""Margarita Belén"",""ko"":""마가리타 벨렌"",""pt-BR"":""Margarita Belém"",""pt"":""Margarita Belém"",""nl"":""Margarita Belén"",""hr"":""Margarita Belén"",""fa"":""مارگاریتا بلن"",""de"":""Margarita Belén"",""es"":""Margarita Belén"",""fr"":""Margarita Belén"",""ja"":""マルガリータ・ベレン"",""it"":""Margarita Belén"",""zh-CN"":""玛格丽塔·贝伦"",""tr"":""Margarita Belén"",""ru"":""Маргарита Белен"",""uk"":""Маргарита Белен"",""pl"":""Margarita Belén"",""hi"":""मार्गारीटा बेलेन"",""ar"":""مارغريتا بيلين""}",2019-10-06T09:28:19,2025-12-02T14:39:55,1,Q383019
1271,Mariano I. Loza,3638,W,11,AR,city,,,-29.37667000,-58.19436000,Mariano I. Loza,2015,America/Argentina/Cordoba,"{""br"":""Mariano I. Loza"",""ko"":""마리아노 I. 로자"",""pt-BR"":""Mariano I. Loza"",""pt"":""Mariano I. Loza"",""nl"":""Mariano I. Loza"",""hr"":""Mariano I. Loza"",""fa"":""ماریانو آی. لوزا"",""de"":""Mariano I. Loza"",""es"":""Mariano I. Loza"",""fr"":""Mariano I. Loza"",""ja"":""マリアーノ・I・ロザ"",""it"":""Mariano I. Loza"",""zh-CN"":""马里亚诺·I·洛萨"",""tr"":""Mariano I. Loza"",""ru"":""Мариано И. Лоза"",""uk"":""Маріано І. Лоза"",""pl"":""Mariano I. Loza"",""hi"":""मारियानो आई. लोज़ा"",""ar"":""ماريانو الأول لوزا""}",2019-10-06T09:28:19,2025-12-02T14:39:55,1,Q5997783
1272,Mariano Moreno,3648,Q,11,AR,city,,,-38.75029000,-70.02367000,Mariano Moreno,3365,America/Argentina/Buenos_Aires,"{""br"":""Mariano Moreno"",""ko"":""마리아노 모레노"",""pt-BR"":""Mariano Moreno"",""pt"":""Mariano Moreno"",""nl"":""Mariano Moreno"",""hr"":""Mariano Moreno"",""fa"":""ماریانو مورنو"",""de"":""Mariano Moreno"",""es"":""Mariano Moreno"",""fr"":""Mariano Moreno"",""ja"":""マリアーノ・モレノ"",""it"":""Mariano Moreno"",""zh-CN"":""马里亚诺·莫雷诺"",""tr"":""Mariano Moreno"",""ru"":""Мариано Морено"",""uk"":""Маріано Морено"",""pl"":""Mariano Moreno"",""hi"":""मारियानो मोरेनो"",""ar"":""ماريانو مورينو""}",2019-10-06T09:28:19,2025-12-02T17:11:50,1,Q3291391
1273,Marull,3642,X,11,AR,city,,,-30.99471000,-62.82576000,Marillo,1765,America/Argentina/Cordoba,"{""br"":""Marull"",""ko"":""마룰"",""pt-BR"":""Marull"",""pt"":""Marull"",""nl"":""Marull"",""hr"":""Marull"",""fa"":""مارول"",""de"":""Marull"",""es"":""Marull"",""fr"":""Marull"",""ja"":""マルル"",""it"":""Marull"",""zh-CN"":""马鲁尔"",""tr"":""Marull"",""ru"":""Марулл"",""uk"":""Марулл"",""pl"":""Marull"",""hi"":""मारुल"",""ar"":""مارول""}",2019-10-06T09:28:19,2025-12-02T14:39:55,1,Q2500565
1274,Mattaldi,3642,X,11,AR,city,,,-34.48194000,-64.17255000,Mattaldi,1714,America/Argentina/Cordoba,"{""br"":""Mattaldi"",""ko"":""마탈디"",""pt-BR"":""Mattaldi"",""pt"":""Mattaldi"",""nl"":""Mattaldi"",""hr"":""Mattaldi"",""fa"":""ماتالدی"",""de"":""Mattaldi"",""es"":""Mattaldi"",""fr"":""Mattaldi"",""ja"":""マタルディ"",""it"":""Mattaldi"",""zh-CN"":""马塔尔迪"",""tr"":""Mattaldi"",""ru"":""Маттальди"",""uk"":""Маттальді"",""pl"":""Mattaldi"",""hi"":""मट्टाल्डी"",""ar"":""ماتالدي""}",2019-10-06T09:28:19,2025-12-02T14:39:55,1,Q21837152
1275,Mburucuyá,3638,W,11,AR,adm2,,,-28.04532000,-58.22835000,Mburucuyá,9012,America/Argentina/Cordoba,"{""br"":""Mburucuyá"",""ko"":""음부루쿠야"",""pt-BR"":""Mburucuyá"",""pt"":""Mburucuyá"",""nl"":""Mburucuyá"",""hr"":""Mburucuyá"",""fa"":""امبوروکویا"",""de"":""Mburucuyá"",""es"":""Mburucuyá"",""fr"":""Mburucuyá"",""ja"":""ムブルクヤ"",""it"":""Mburucuyá"",""zh-CN"":""姆布鲁库亚"",""tr"":""Mburucuyá"",""ru"":""Мбурукуйя"",""uk"":""Мбурукуя"",""pl"":""Mburucuyá"",""hi"":""म्बुरुकुया"",""ar"":""مبوروكويا""}",2019-10-06T09:28:19,2025-12-02T14:39:55,1,Q1015504
1276,Melincué,3641,S,11,AR,adm2,,,-33.65847000,-61.45459000,Melletuit,0,America/Argentina/Cordoba,"{""br"":""Melincué"",""ko"":""멜린쿠에"",""pt-BR"":""Melincué"",""pt"":""Melincué"",""nl"":""Melincué"",""hr"":""Melincué"",""fa"":""ملینکوئه"",""de"":""Melincué"",""es"":""Melincué"",""fr"":""Mélincué"",""ja"":""メリンクエ"",""it"":""Melincué"",""zh-CN"":""梅林库埃"",""tr"":""Melincué"",""ru"":""Мелинкуэ"",""uk"":""Мелінкуе"",""pl"":""Melincué"",""hi"":""मेलिन्कुए"",""ar"":""ميلينكوي""}",2019-10-06T09:28:19,2025-12-02T14:39:55,1,Q2301762
1277,Mendiolaza,3642,X,11,AR,section,,,-31.26738000,-64.30087000,Montazazaza,4204,America/Argentina/Buenos_Aires,"{""br"":""Mendiolaza"",""ko"":""멘디올라자"",""pt-BR"":""Mendiolaza"",""pt"":""Mendiolaza"",""nl"":""Mendiolaza"",""hr"":""Mendiolaza"",""fa"":""مندیولازا"",""de"":""Mendiolaza"",""es"":""Mendiolaza"",""fr"":""Mendiolaza"",""ja"":""メンディオラザ"",""it"":""Mendiolaza"",""zh-CN"":""门迪奥拉萨"",""tr"":""Mendiolaza"",""ru"":""Мендиолаза"",""uk"":""Мендіолаза"",""pl"":""Mendiolaza"",""hi"":""मेंडिओलाज़ा"",""ar"":""منديولازا""}",2019-10-06T09:28:19,2025-12-02T17:11:50,1,Q9031514
1278,Mendoza,3646,M,11,AR,adm1,,,-32.89084000,-68.82717000,Mendoza,114822,America/Argentina/Buenos_Aires,"{""br"":""Mendoza"",""ko"":""멘도사"",""pt-BR"":""Mendoza"",""pt"":""Mendoza"",""nl"":""Mendoza"",""hr"":""Mendoza"",""fa"":""مندوزا"",""de"":""Mendoza"",""es"":""Mendoza"",""fr"":""Mendoza"",""ja"":""メンドーサ"",""it"":""Mendoza"",""zh-CN"":""门多萨"",""tr"":""Mendoza"",""ru"":""Мендоса"",""uk"":""Мендоса"",""pl"":""Mendoza"",""hi"":""मेंडोज़ा"",""ar"":""مندوزا""}",2019-10-06T09:28:19,2025-12-02T17:11:50,1,Q44237
1279,Mercedes,3638,W,11,AR,adm2,,,-29.18416000,-58.07519000,Mercedes,30649,America/Argentina/Cordoba,"{""br"":""Mercedes"",""ko"":""메르세데스"",""pt-BR"":""Mercedes"",""pt"":""Mercedes"",""nl"":""Mercedes"",""hr"":""mercedes"",""fa"":""مرسدس"",""de"":""Mercedes"",""es"":""Mercedes"",""fr"":""Mercedes"",""ja"":""メルセデス"",""it"":""Mercedes"",""zh-CN"":""梅赛德斯"",""tr"":""Mercedes"",""ru"":""Мерседес"",""uk"":""Мерседес"",""pl"":""Mercedes"",""hi"":""मर्सिडीज"",""ar"":""مرسيدس""}",2019-10-06T09:28:19,2025-12-02T14:39:55,1,Q1783539
1280,Merlo,3636,D,11,AR,city,,,-32.34288000,-65.01396000,Merlo,11159,America/Argentina/San_Luis,"{""br"":""Merlo"",""ko"":""메를로"",""pt-BR"":""Merlo"",""pt"":""Merlo"",""nl"":""Merlo"",""hr"":""Merlo"",""fa"":""مرلو"",""de"":""Merlo"",""es"":""Merlo"",""fr"":""Merlo"",""ja"":""メルロ"",""it"":""Merlo"",""zh-CN"":""梅洛"",""tr"":""Merlo"",""ru"":""Мерло"",""uk"":""Мерло"",""pl"":""Merlo"",""hi"":""मेरलो"",""ar"":""ميرلو""}",2019-10-06T09:28:19,2025-12-02T14:39:55,1,Q106139
1281,Miguel Riglos,3655,L,11,AR,city,,,-36.85398000,-63.68842000,Miguel Riglos,2385,America/Argentina/Salta,"{""br"":""Miguel Riglos"",""ko"":""미구엘 리글로스"",""pt-BR"":""Miguel Riglos"",""pt"":""Miguel Riglos"",""nl"":""Miguel Riglos"",""hr"":""Miguel Riglos"",""fa"":""میگل ریگلوس"",""de"":""Miguel Riglos"",""es"":""Miguel Riglos"",""fr"":""Miguel Riglos"",""ja"":""ミゲル・リグロス"",""it"":""Miguel Riglos"",""zh-CN"":""米格尔·里格洛斯"",""tr"":""Miguel Riglos"",""ru"":""Мигель Риглос"",""uk"":""Мігель Ріглос"",""pl"":""Miguel Riglos"",""hi"":""मिगुएल रिग्लोस"",""ar"":""ميغيل ريجلوس""}",2019-10-06T09:28:19,2025-12-02T14:39:55,1,Q9297738
1282,Mina Clavero,3642,X,11,AR,city,,,-31.72101000,-65.00619000,Mina Clavero,8487,America/Argentina/Cordoba,"{""br"":""Mina Clavero"",""ko"":""미나 클라베로"",""pt-BR"":""Mina Clavero"",""pt"":""Mina Clavero"",""nl"":""Mina Clavero"",""hr"":""Mina Clavero"",""fa"":""مینا کلاورو"",""de"":""Mina Clavero"",""es"":""Mina Clavero"",""fr"":""Mine Clavero"",""ja"":""ミナ・クラベロ"",""it"":""Mina Clavero"",""zh-CN"":""米娜·克拉韦罗"",""tr"":""Mina Clavero"",""ru"":""Мина Клаверо"",""uk"":""Міна Клаверо"",""pl"":""Mina Clavero"",""hi"":""मीना क्लेवरो"",""ar"":""مينا كلافيرو""}",2019-10-06T09:28:19,2025-12-02T14:39:55,1,Q48348
1283,Miramar,3642,X,11,AR,city,,,-30.91859000,-62.67814000,Miramar,1979,America/Argentina/Buenos_Aires,"{""br"":""Miramar"",""ko"":""미라마르"",""pt-BR"":""Miramar"",""pt"":""Miramar"",""nl"":""Miramar"",""hr"":""Miramar"",""fa"":""میرامار"",""de"":""Miramar"",""es"":""Miramar"",""fr"":""Miramar"",""ja"":""ミラマー"",""it"":""Miramar"",""zh-CN"":""米拉马尔"",""tr"":""Miramar"",""ru"":""Мирамар"",""uk"":""Мірамар"",""pl"":""Miramar"",""hi"":""Miramar"",""ar"":""ميرامار""}",2019-10-06T09:28:19,2025-12-02T17:11:50,1,Q991707
1284,Mocoretá,3638,W,11,AR,city,,,-30.61891000,-57.96344000,Mocoretá,6088,America/Argentina/Buenos_Aires,"{""br"":""Mocoretá"",""ko"":""모코레타"",""pt-BR"":""Mocoretá"",""pt"":""Mocoretá"",""nl"":""Mocoretá"",""hr"":""Mocoretá"",""fa"":""موکورتا"",""de"":""Mocoretá"",""es"":""Mocoretá"",""fr"":""Mocoretá"",""ja"":""モコレタ"",""it"":""Mocoretá"",""zh-CN"":""莫科雷塔"",""tr"":""Mocoreta"",""ru"":""Мокорета"",""uk"":""Мокорета"",""pl"":""Mocoretá"",""hi"":""मोकोरेटा"",""ar"":""موكوريتا""}",2019-10-06T09:28:19,2025-12-02T17:11:50,1,Q55861
1285,Mojón Grande,3644,N,11,AR,city,,,-27.71165000,-55.15631000,Mojón Grande,2233,America/Argentina/Cordoba,"{""br"":""Mojón Grande"",""ko"":""모혼 그란데"",""pt-BR"":""Mojón Grande"",""pt"":""Mojón Grande"",""nl"":""Mojón Grande"",""hr"":""Mojón Grande"",""fa"":""موجون گرانده"",""de"":""Mojón Grande"",""es"":""Mojón Grande"",""fr"":""Mojón Grande"",""ja"":""モホン・グランデ"",""it"":""Mojón Grande"",""zh-CN"":""莫洪格兰德"",""tr"":""Mojón Grande"",""ru"":""Mojón Grande"",""uk"":""Мохон Гранде"",""pl"":""Mojón Grande"",""hi"":""मोजोन ग्रांडे"",""ar"":""موجون غراندي""}",2019-10-06T09:28:19,2025-12-02T14:39:55,1,Q1886208
1286,Monte Buey,3642,X,11,AR,city,,,-32.91642000,-62.45669000,Monte Buey,5497,America/Argentina/Cordoba,"{""br"":""Monte Buey"",""ko"":""몬테 부에이"",""pt-BR"":""Monte Buey"",""pt"":""Monte Buey"",""nl"":""Monte Buey"",""hr"":""Monte Buey"",""fa"":""مونت بوی"",""de"":""Monte Buey"",""es"":""Monte Buey"",""fr"":""Monte Buey"",""ja"":""モンテ・ブエイ"",""it"":""Monte Buey"",""zh-CN"":""蒙特布埃"",""tr"":""Monte Buey"",""ru"":""Монте Буэй"",""uk"":""Монте Буей"",""pl"":""Monte Buey"",""hi"":""मोंटे बुए"",""ar"":""مونتي بوي""}",2019-10-06T09:28:19,2025-12-02T14:39:55,1,Q2506369
1287,Monte Caseros,3638,W,11,AR,adm2,,,-30.25359000,-57.63626000,Monte Caseros,24671,America/Argentina/Cordoba,"{""br"":""Monte Caseros"",""ko"":""몬테 카세로스"",""pt-BR"":""Monte Caseros"",""pt"":""Monte Caseros"",""nl"":""Monte Caseros"",""hr"":""Monte Caseros"",""fa"":""مونته کاسروس"",""de"":""Monte Caseros"",""es"":""Monte Caseros"",""fr"":""Mont Caseros"",""ja"":""モンテ・カセロス"",""it"":""Monte Caseros"",""zh-CN"":""蒙特卡塞罗斯"",""tr"":""Monte Caseros"",""ru"":""Монте Касерос"",""uk"":""Монте-Касерос"",""pl"":""Monte Caseros"",""hi"":""मोंटे कैसेरोस"",""ar"":""مونتي كاسيروس""}",2019-10-06T09:28:19,2025-12-02T14:39:55,1,Q765820
1288,Monte Cristo,3642,X,11,AR,city,,,-31.34312000,-63.94437000,Monte Cristo,6914,America/Argentina/Cordoba,"{""br"":""Monte Cristo"",""ko"":""몬테크리스토"",""pt-BR"":""Monte Cristo"",""pt"":""Monte Cristo"",""nl"":""Monte Cristo"",""hr"":""Monte Cristo"",""fa"":""مونت کریستو"",""de"":""Monte Christo"",""es"":""Monte Cristo"",""fr"":""Monte-Cristo"",""ja"":""モンテ・クリスト"",""it"":""Montecristo"",""zh-CN"":""基督山"",""tr"":""Monte Kristo"",""ru"":""Монте-Кристо"",""uk"":""Монте-Крісто"",""pl"":""Monte Christo"",""hi"":""मोंटे क्रिस्टो"",""ar"":""مونتي كريستو""}",2019-10-06T09:28:19,2025-12-02T14:39:55,1,Q21837558
1289,Monte Maíz,3642,X,11,AR,city,,,-33.20462000,-62.60085000,Monte Maíz,6920,America/Argentina/Cordoba,"{""br"":""Menez Maíz"",""ko"":""몬테 마이스"",""pt-BR"":""Monte Maíz"",""pt"":""Monte Maíz"",""nl"":""Monte Maíz"",""hr"":""Monte Maíz"",""fa"":""مونته مایز"",""de"":""Monte Maíz"",""es"":""Monte Maíz"",""fr"":""Monte Maíz"",""ja"":""モンテ・マイス"",""it"":""Monte Maíz"",""zh-CN"":""蒙特马伊兹"",""tr"":""Monte Maíz"",""ru"":""Монте Маис"",""uk"":""Монте-Маїз"",""pl"":""Monte Maíz"",""hi"":""मोंटे मैज़"",""ar"":""مونتي مايز""}",2019-10-06T09:28:19,2025-12-02T14:39:55,1,Q9034750
1290,Montecarlo,3644,N,11,AR,adm2,,,-26.56620000,-54.75700000,Montecarlo,22229,America/Argentina/Cordoba,"{""br"":""Montecarlo"",""ko"":""몬테카를로"",""pt-BR"":""Monte Carlo"",""pt"":""Monte Carlo"",""nl"":""Monte Carlo"",""hr"":""Montecarlo"",""fa"":""مونتکارلو"",""de"":""Monte Carlo"",""es"":""Montecarlo"",""fr"":""Monte-Carlo"",""ja"":""モンテカルロ"",""it"":""Montecarlo"",""zh-CN"":""蒙特卡洛"",""tr"":""Monte Carlo"",""ru"":""Монте-Карло"",""uk"":""Монтекарло"",""pl"":""Monte Carlo"",""hi"":""मोंटे कार्लो"",""ar"":""مونتي كارلو""}",2019-10-06T09:28:19,2025-12-02T14:39:55,1,Q648215
1291,Monteros,3637,T,11,AR,adm2,,,-27.16741000,-65.49832000,Monteros,23771,America/Argentina/Tucuman,"{""br"":""Monteros"",""ko"":""몬테로스"",""pt-BR"":""Monteros"",""pt"":""Monteros"",""nl"":""Monteros"",""hr"":""Monteros"",""fa"":""مونتروس"",""de"":""Monteros"",""es"":""Monteros"",""fr"":""Monteros"",""ja"":""モンテロス"",""it"":""Monteros"",""zh-CN"":""蒙特罗斯"",""tr"":""Monteros"",""ru"":""Монтерос"",""uk"":""Монтерос"",""pl"":""Monteros"",""hi"":""मोंटेरोस"",""ar"":""مونتيروس""}",2019-10-06T09:28:19,2025-12-02T14:39:55,1,Q1616963
1292,Morrison,3642,X,11,AR,city,,,-32.59480000,-62.83455000,Morrison,3245,America/Argentina/Cordoba,"{""br"":""Morrison"",""ko"":""모리슨"",""pt-BR"":""Morrison"",""pt"":""Morrison"",""nl"":""Morrison"",""hr"":""Morrison"",""fa"":""موریسون"",""de"":""Morrison"",""es"":""Morrison"",""fr"":""Morrison"",""ja"":""モリソン"",""it"":""Morrison"",""zh-CN"":""莫里森"",""tr"":""Morrison"",""ru"":""Моррисон"",""uk"":""Моррісон"",""pl"":""Morrison"",""hi"":""मॉरिसन"",""ar"":""موريسون""}",2019-10-06T09:28:19,2025-12-02T14:39:55,1,Q21837657
1293,Morteros,3642,X,11,AR,city,,,-30.71164000,-61.99862000,Morteros,15129,America/Argentina/Buenos_Aires,"{""br"":""Morteros"",""ko"":""모르테로스"",""pt-BR"":""Morteros"",""pt"":""Morteros"",""nl"":""Morteros"",""hr"":""Morteros"",""fa"":""مورتروس"",""de"":""Morteros"",""es"":""Morteros"",""fr"":""Morteros"",""ja"":""モルテロス"",""it"":""Morteros"",""zh-CN"":""莫特罗斯"",""tr"":""Morteros"",""ru"":""Мортерос"",""uk"":""Мортерос"",""pl"":""Morteros"",""hi"":""मोर्टेरोस"",""ar"":""مورتيروس""}",2019-10-06T09:28:19,2025-12-02T17:11:50,1,Q953723
1294,Mutquín,3647,K,11,AR,city,,,-28.32104000,-66.14253000,Mutquín,1207,America/Argentina/Buenos_Aires,"{""br"":""Mutquín"",""ko"":""무트킨"",""pt-BR"":""Mutquín"",""pt"":""Mutquín"",""nl"":""Mutquín"",""hr"":""Mutquín"",""fa"":""موتکین"",""de"":""Mutquín"",""es"":""Mutquín"",""fr"":""Mutquín"",""ja"":""ムトキン"",""it"":""Mutquín"",""zh-CN"":""穆特金"",""tr"":""Mutquín"",""ru"":""Муткин"",""uk"":""Муткін"",""pl"":""Mutquin"",""hi"":""मुटक्विन"",""ar"":""موتكوين""}",2019-10-06T09:28:19,2025-12-02T17:11:50,1,Q2387512
1295,Mártires,3644,N,11,AR,city,,,-27.42265000,-55.37659000,Mártires,1135,America/Argentina/Cordoba,"{""br"":""Mártires"",""ko"":""마르티레스"",""pt-BR"":""Mártires"",""pt"":""Mártires"",""nl"":""Martires"",""hr"":""Mártires"",""fa"":""مارتیرز"",""de"":""Mártires"",""es"":""Mártires"",""fr"":""Martyrs"",""ja"":""マルティレス"",""it"":""Martiri"",""zh-CN"":""烈士"",""tr"":""Martires"",""ru"":""Мартирес"",""uk"":""Мартірес"",""pl"":""Mártires"",""hi"":""मार्टियर्स"",""ar"":""الشهداء""}",2019-10-06T09:28:19,2025-12-02T14:39:55,1,Q2929515
1296,Napenay,3640,H,11,AR,city,,,-26.73333000,-60.61667000,Napenay,3056,America/Argentina/Cordoba,"{""br"":""Napenay"",""ko"":""나페네이"",""pt-BR"":""Napenay"",""pt"":""Napenay"",""nl"":""Napenay"",""hr"":""Napenay"",""fa"":""ناپنای"",""de"":""Napenay"",""es"":""Napenay"",""fr"":""Napenay"",""ja"":""ナペネイ"",""it"":""Napenay"",""zh-CN"":""纳佩奈"",""tr"":""Napenay"",""ru"":""Напенай"",""uk"":""Напенай"",""pl"":""Napenay"",""hi"":""नेपेनय"",""ar"":""نابيناي""}",2019-10-06T09:28:19,2025-12-02T14:39:55,1,Q1579131
1297,Naschel,3636,D,11,AR,city,,,-32.91656000,-65.37535000,Naschel,3157,America/Argentina/San_Luis,"{""br"":""Naschel"",""ko"":""나셸"",""pt-BR"":""Naschel"",""pt"":""Naschel"",""nl"":""Naschel"",""hr"":""Naschel"",""fa"":""نشل"",""de"":""Naschel"",""es"":""Naschel"",""fr"":""Naschel"",""ja"":""ナシェル"",""it"":""Naschel"",""zh-CN"":""纳舍尔"",""tr"":""Naschel"",""ru"":""Нашель"",""uk"":""Нашель"",""pl"":""Naschel"",""hi"":""नाशेल"",""ar"":""ناشيل""}",2019-10-06T09:28:19,2025-12-02T14:39:55,1,Q1257238
1298,Neuquén,3648,Q,11,AR,adm1,,,-38.95161000,-68.05910000,Neuquén,288896,America/Argentina/Salta,"{""br"":""Neuquén"",""ko"":""네우켄"",""pt-BR"":""Neuquén"",""pt"":""Neuquén"",""nl"":""Neuquén"",""hr"":""Neuquén"",""fa"":""نئوکن"",""de"":""Neuquén"",""es"":""Neuquén"",""fr"":""Neuquén"",""ja"":""ネウケン"",""it"":""Neuquén"",""zh-CN"":""内乌肯"",""tr"":""Neuquén"",""ru"":""Неукен"",""uk"":""Неукен"",""pl"":""Neuquén"",""hi"":""न्यूक्वेन"",""ar"":""نيوكوين""}",2019-10-06T09:28:19,2025-12-02T14:39:55,1,Q44239
1299,Noetinger,3642,X,11,AR,city,,,-32.36597000,-62.31126000,Noetinger,4508,America/Argentina/Buenos_Aires,"{""br"":""Noetinger"",""ko"":""뇌팅거"",""pt-BR"":""Noetinger"",""pt"":""Noetinger"",""nl"":""Noetinger"",""hr"":""Noetinger"",""fa"":""نوتینگر"",""de"":""Nötinger"",""es"":""Noetinger"",""fr"":""Noetinger"",""ja"":""ノエティンガー"",""it"":""Noetinger"",""zh-CN"":""诺廷格"",""tr"":""Noetinger"",""ru"":""Нётингер"",""uk"":""Нётінгер"",""pl"":""Noetinger"",""hi"":""नोएटिंगर"",""ar"":""نوتينجر""}",2019-10-06T09:28:19,2025-12-02T17:11:50,1,Q525771
1300,Nogoyá,3654,E,11,AR,adm2,,,-32.39387000,-59.78953000,Nogoyá,43195,America/Argentina/Cordoba,"{""br"":""Nogoyá"",""ko"":""노고야"",""pt-BR"":""Nogoyá"",""pt"":""Nogoyá"",""nl"":""Nogoyá"",""hr"":""Nogoya"",""fa"":""نوگویا"",""de"":""Nogoyá"",""es"":""Nogoyá"",""fr"":""Nogoyá"",""ja"":""ノゴヤ"",""it"":""Nogoyá"",""zh-CN"":""诺戈亚"",""tr"":""Nogoya"",""ru"":""Ногойя"",""uk"":""Ногоя"",""pl"":""Nogoyá"",""hi"":""नोगोया"",""ar"":""نوغويا""}",2019-10-06T09:28:19,2025-12-02T14:39:55,1,Q3112762
1301,Nuestra Señora del Rosario de Caa Catí,3638,W,11,AR,adm2,,,-27.75072000,-57.62073000,Nuestra Señora del Rosario de Caa Catí,7573,America/Argentina/Cordoba,"{""br"":""Nuestra Señora del Rosario de Caa Catí"",""ko"":""누에스트라 세뇨라 델 로사리오 데 카 카티"",""pt-BR"":""Nossa Senhora do Rosário de Caa Catí"",""pt"":""Nossa Senhora do Rosário de Caa Catí"",""nl"":""Nuestra Señora del Rosario de Caa Catí"",""hr"":""Nuestra Señora del Rosario de Caa Catí"",""fa"":""Nuestra Senora del Rosario de Caa Catí"",""de"":""Nuestra Señora del Rosario de Caa Catí"",""es"":""Nuestra Señora del Rosario de Caa Catí"",""fr"":""Nuestra Señora del Rosario de Caa Catí"",""ja"":""ヌエストラ セニョーラ デル ロサリオ デ カア カティ"",""it"":""Nuestra Señora del Rosario de Caa Catí"",""zh-CN"":""卡阿卡蒂罗萨里奥圣母"",""tr"":""Nuestra Señora del Rosario de Caa Catí"",""ru"":""Нуэстра-Сеньора-дель-Росарио-де-Каа-Кати"",""uk"":""Нуестра Сеньйора дель Росаріо де Каа Каті"",""pl"":""Nuestra Señora del Rosario de Caa Catí"",""hi"":""नुएस्ट्रा सेनोरा डेल रोसारियो डी काआ कैटी"",""ar"":""نويسترا سينورا ديل روزاريو دي كا كاتي""}",2019-10-06T09:28:19,2025-12-02T14:39:55,1,Q682849
1302,Nueve de Julio,3634,J,11,AR,adm2,,,-31.66914000,-68.39023000,Nueve de Julio,7652,America/Argentina/San_Juan,"{""br"":""Nueve de Julio"",""ko"":""누에베 데 훌리오"",""pt-BR"":""Nova de Julho"",""pt"":""Nova de Julho"",""nl"":""Nueve de Julio"",""hr"":""Nueve de Julio"",""fa"":""نوو دو خولیو"",""de"":""Nueve de Julio"",""es"":""Nueve de Julio"",""fr"":""Nueve de Julio"",""ja"":""ヌエベ・デ・フリオ"",""it"":""Nueve de Julio"",""zh-CN"":""七月九日"",""tr"":""Nueve de Julio"",""ru"":""Nueve de Julio"",""uk"":""Нуеве-де-Хуліо"",""pl"":""Nowy Julio"",""hi"":""नुएवे डे जूलियो"",""ar"":""نويفي دي خوليو""}",2019-10-06T09:28:19,2025-12-02T14:39:55,1,Q3113782
1303,Nueve de Julio,3638,W,11,AR,city,,,-28.84051000,-58.82650000,Nueve de Julio,2671,America/Argentina/Buenos_Aires,"{""br"":""Nueve de Julio"",""ko"":""누에베 데 훌리오"",""pt-BR"":""Nova de Julho"",""pt"":""Nova de Julho"",""nl"":""Nueve de Julio"",""hr"":""Nueve de Julio"",""fa"":""نوو دو خولیو"",""de"":""Nueve de Julio"",""es"":""Nueve de Julio"",""fr"":""Nueve de Julio"",""ja"":""ヌエベ・デ・フリオ"",""it"":""Nueve de Julio"",""zh-CN"":""七月九日"",""tr"":""Nueve de Julio"",""ru"":""Nueve de Julio"",""uk"":""Нуеве-де-Хуліо"",""pl"":""Nowy Julio"",""hi"":""नुएवे डे जूलियो"",""ar"":""نويفي دي خوليو""}",2019-10-06T09:28:19,2025-12-02T17:11:50,1,Q7068654
1304,Oberá,3644,N,11,AR,adm2,,,-27.48706000,-55.11994000,Pasteles,66112,America/Argentina/Cordoba,"{""br"":""Oberá"",""ko"":""오베라"",""pt-BR"":""Oberá"",""pt"":""Oberá"",""nl"":""Oberá"",""hr"":""Oberá"",""fa"":""اوبرا"",""de"":""Oberá"",""es"":""Oberá"",""fr"":""Oberá"",""ja"":""オベラ"",""it"":""Oberá"",""zh-CN"":""奥贝拉"",""tr"":""Oberá"",""ru"":""Обера"",""uk"":""Обера"",""pl"":""Oberá"",""hi"":""ओबेरा"",""ar"":""أوبيرا""}",2019-10-06T09:28:19,2025-12-02T14:39:55,1,Q55377
1305,Obispo Trejo,3642,X,11,AR,city,,,-30.78128000,-63.41349000,Obispo Trejo,1911,America/Argentina/Buenos_Aires,"{""br"":""Obispo Trejo"",""ko"":""오비스포 트레호"",""pt-BR"":""Bispo Trejo"",""pt"":""Bispo Trejo"",""nl"":""Obispo Trejo"",""hr"":""Obispo Trejo"",""fa"":""اوبیسپو ترخو"",""de"":""Obispo Trejo"",""es"":""Obispo Trejo"",""fr"":""Obispo Trejo"",""ja"":""オビスポ・トレホ"",""it"":""Obispo Trejo"",""zh-CN"":""奥比斯波·特雷霍"",""tr"":""Obispo Trejo"",""ru"":""Обиспо Трехо"",""uk"":""Обіспо Трехо"",""pl"":""Obispo Trejo"",""hi"":""ओबिस्पो ट्रेजो"",""ar"":""أوبيسبو تريجو""}",2019-10-06T09:28:19,2025-12-02T17:11:50,1,Q3482948
1306,Oliva,3642,X,11,AR,adm2,,,-32.04158000,-63.56978000,Oliva,11672,America/Argentina/Cordoba,"{""br"":""Oliva"",""ko"":""올리바"",""pt-BR"":""Oliva"",""pt"":""Oliva"",""nl"":""Oliva"",""hr"":""Oliva"",""fa"":""اولیوا"",""de"":""Oliva"",""es"":""Oliva"",""fr"":""Oliva"",""ja"":""オリバ"",""it"":""Oliva"",""zh-CN"":""奥利瓦"",""tr"":""Zeytin"",""ru"":""Олива"",""uk"":""Оліва"",""pl"":""Oliwa"",""hi"":""ओलिवा"",""ar"":""أوليفا""}",2019-10-06T09:28:19,2025-12-02T14:39:55,1,Q3111948
1307,Oncativo,3642,X,11,AR,city,,,-31.91353000,-63.68201000,Oncativo,13180,America/Argentina/Cordoba,"{""br"":""Oncativo"",""ko"":""온카티보"",""pt-BR"":""Oncativo"",""pt"":""Oncativo"",""nl"":""Oncativo"",""hr"":""Oncativo"",""fa"":""اونکاتیوو"",""de"":""Oncativo"",""es"":""Oncativo"",""fr"":""Oncativo"",""ja"":""オンカティーボ"",""it"":""Oncativo"",""zh-CN"":""昂卡蒂沃"",""tr"":""Oncativo"",""ru"":""Онкативо"",""uk"":""Онкатіво"",""pl"":""Oncativo"",""hi"":""ओन्काटिवो"",""ar"":""أونكاتيفو""}",2019-10-06T09:28:19,2025-12-02T14:39:55,1,Q2106471
1308,Ordóñez,3642,X,11,AR,city,,,-32.84057000,-62.86552000,Ordóñez,2328,America/Argentina/Cordoba,"{""br"":""Ordóñez"",""ko"":""오르도네즈"",""pt-BR"":""Ordóñez"",""pt"":""Ordóñez"",""nl"":""Ordóñez"",""hr"":""Ordóñez"",""fa"":""اردونز"",""de"":""Ordóñez"",""es"":""Ordóñez"",""fr"":""Ordóñez"",""ja"":""オルドニェス"",""it"":""Ordóñez"",""zh-CN"":""奥尔多涅斯"",""tr"":""Ordóñez"",""ru"":""Ордоньес"",""uk"":""Ордоньєс"",""pl"":""Ordóñez"",""hi"":""ऑर्डोनेज़"",""ar"":""أوردونيز""}",2019-10-06T09:28:19,2025-12-02T14:39:55,1,Q10341376
1309,Oro Verde,3654,E,11,AR,city,,,-31.82508000,-60.51749000,Oro Verde,2548,America/Argentina/Cordoba,"{""br"":""Oro Verde"",""ko"":""오로 베르데"",""pt-BR"":""Ouro Verde"",""pt"":""Ouro Verde"",""nl"":""Goudgroen"",""hr"":""Oro Verde"",""fa"":""اورو ورده"",""de"":""Oro Verde"",""es"":""Oro Verde"",""fr"":""Or vert"",""ja"":""オロ・ヴェルデ"",""it"":""Oro Verde"",""zh-CN"":""奥罗维德"",""tr"":""Oro Verde"",""ru"":""Оро Верде"",""uk"":""Оро Верде"",""pl"":""Oro Verde"",""hi"":""ओरो वर्डे"",""ar"":""أورو فيردي""}",2019-10-06T09:28:19,2025-12-02T14:39:55,1,Q2190329
1310,Palma Sola,3645,Y,11,AR,city,,,-23.97771000,-64.30311000,Palma Sola,5318,America/Argentina/Jujuy,"{""br"":""Palma Sola"",""ko"":""팔마 솔라"",""pt-BR"":""Palma Sola"",""pt"":""Palma Sola"",""nl"":""Palma Sola"",""hr"":""Palma Sola"",""fa"":""پالما سولا"",""de"":""Palma Sola"",""es"":""Palma Sola"",""fr"":""Palma Sola"",""ja"":""パルマ・ソラ"",""it"":""Palma Sola"",""zh-CN"":""帕尔马索拉"",""tr"":""Palma Sola"",""ru"":""Пальма Сола"",""uk"":""Пальма Сола"",""pl"":""Palma Sola"",""hi"":""पाल्मा सोला"",""ar"":""بالما سولا""}",2019-10-06T09:28:19,2025-12-02T14:39:55,1,Q1749064
1311,Palmar Grande,3638,W,11,AR,city,,,-27.94195000,-57.90057000,Palmar Grande,1672,America/Argentina/Cordoba,"{""br"":""Palmar Grande"",""ko"":""팔마르 그란데"",""pt-BR"":""Palmar Grande"",""pt"":""Palmar Grande"",""nl"":""Grote palm"",""hr"":""Palmar Grande"",""fa"":""پالمار گراند"",""de"":""Palmar Grande"",""es"":""Palmar Grande"",""fr"":""Palmar Grande"",""ja"":""パルマー・グランデ"",""it"":""Palmar Grande"",""zh-CN"":""帕尔玛格兰德"",""tr"":""Palmar Grande"",""ru"":""Пальмар Гранде"",""uk"":""Палмар Гранде"",""pl"":""Palmar Grande"",""hi"":""पालमार ग्रांडे"",""ar"":""بالمار غراندي""}",2019-10-06T09:28:19,2025-12-02T14:39:55,1,Q21827359
1312,Palo Santo,3652,P,11,AR,city,,,-25.56332000,-59.33781000,Palo Santo,5324,America/Argentina/Cordoba,"{""br"":""Palo Santo"",""ko"":""팔로 산토"",""pt-BR"":""Palo Santo"",""pt"":""Palo Santo"",""nl"":""Palo Santo"",""hr"":""Palo Santo"",""fa"":""پالو سانتو"",""de"":""Palo Santo"",""es"":""Palo Santo"",""fr"":""Palo Santo"",""ja"":""パロサント"",""it"":""Palo Santo"",""zh-CN"":""帕洛桑托"",""tr"":""Palo Santo"",""ru"":""Пало Санто"",""uk"":""Пало Санто"",""pl"":""Palo Santo"",""hi"":""पालो सैंटो"",""ar"":""بالو سانتو""}",2019-10-06T09:28:19,2025-12-02T14:39:55,1,Q9054861
1313,Palpalá,3645,Y,11,AR,adm2,,,-24.25647000,-65.21163000,Palpalá,48199,America/Argentina/Jujuy,"{""br"":""Palpalá"",""ko"":""팔팔라"",""pt-BR"":""Palpalá"",""pt"":""Palpalá"",""nl"":""Palpalá"",""hr"":""Palpala"",""fa"":""پالپالا"",""de"":""Palpalá"",""es"":""Palpalá"",""fr"":""Palpalá"",""ja"":""パルパラ"",""it"":""Palpalá"",""zh-CN"":""帕尔帕拉"",""tr"":""Palpala"",""ru"":""Палпала"",""uk"":""Палпала"",""pl"":""Palpalá"",""hi"":""Palpala"",""ar"":""بالبالا""}",2019-10-06T09:28:19,2025-12-02T14:39:55,1,Q9054861
1314,Pampa Almirón,3640,H,11,AR,city,,,-26.70039000,-59.12331000,Pampa Almirón,1747,America/Argentina/Cordoba,"{""br"":""Pampa Almirón"",""ko"":""팜파 알미론"",""pt-BR"":""Pampa Almirón"",""pt"":""Pampa Almirón"",""nl"":""Pampa Almirón"",""hr"":""Pampa Almirón"",""fa"":""پامپا آلمیرون"",""de"":""Pampa Almirón"",""es"":""Pampa Almirón"",""fr"":""Pampa Almirón"",""ja"":""パンパ・アルミロン"",""it"":""Pampa Almirón"",""zh-CN"":""阿尔米龙半岛"",""tr"":""Pampa Almirón"",""ru"":""Пампа Альмирон"",""uk"":""Пампа Альмірон"",""pl"":""Pampa Almirón"",""hi"":""पम्पा अल्मिरोन"",""ar"":""بامبا ألميرون""}",2019-10-06T09:28:19,2025-12-02T14:39:55,1,Q1656116
1315,Pampa de los Guanacos,3635,G,11,AR,city,,,-26.23002000,-61.83774000,Pampa de los Guanacos,4393,America/Argentina/Cordoba,"{""br"":""Pampa de los Guanacos"",""ko"":""팜파 데 로스 과나코스"",""pt-BR"":""Pampa dos Guanacos"",""pt"":""Pampa dos Guanacos"",""nl"":""Pampa de los Guanacos"",""hr"":""Pampa de los Guanacos"",""fa"":""پمپا د لوس گواناکوس"",""de"":""Pampa de los Guanacos"",""es"":""Pampa de los Guanacos"",""fr"":""Pampa des Guanacos"",""ja"":""パンパ・デ・ロス・グアナコス"",""it"":""Pampa de los Guanacos"",""zh-CN"":""原驼草原"",""tr"":""Pampa de los Guanacos"",""ru"":""Пампа де лос Гуанакос"",""uk"":""Пампа-де-лос-Гуанакос"",""pl"":""Pampa de los Guanacos"",""hi"":""पम्पा डे लॉस गुआनाकोस"",""ar"":""بامبا دي لوس غواناكوس""}",2019-10-06T09:28:19,2025-12-02T14:39:55,1,Q1154215
1316,Pampa del Indio,3640,H,11,AR,city,,,-26.04982000,-59.93728000,Pampa del Indio,11588,America/Argentina/Cordoba,"{""br"":""Pampa del Indio"",""ko"":""팜파 델 인디오"",""pt-BR"":""Pampa del Indio"",""pt"":""Pampa del Indio"",""nl"":""Pampa del Indio"",""hr"":""Pampa del Indio"",""fa"":""پامپا دل ایندیو"",""de"":""Pampa del Indio"",""es"":""Pampa del Indio"",""fr"":""Pampa del Indio"",""ja"":""パンパ・デル・インディオ"",""it"":""Pampa del Indio"",""zh-CN"":""印第安大草原"",""tr"":""Pampa del Indio"",""ru"":""Пампа-дель-Индио"",""uk"":""Пампа-дель-Індіо"",""pl"":""Pampa del Indio"",""hi"":""पम्पा डेल इंडियो"",""ar"":""بامبا ديل إنديو""}",2019-10-06T09:28:19,2025-12-02T14:39:55,1,Q1656045
1317,Pampa del Infierno,3640,H,11,AR,adm2,,,-26.50517000,-61.17436000,Pampa del Infierno,8176,America/Argentina/Cordoba,"{""br"":""Pampa del Infierno"",""ko"":""팜파 델 인피에르노"",""pt-BR"":""Pampa del Infierno"",""pt"":""Pampa del Infierno"",""nl"":""Pampa del Infierno"",""hr"":""Pampa del Infierno"",""fa"":""پامپا دل اینفیرنو"",""de"":""Pampa del Infierno"",""es"":""Pampa del Infierno"",""fr"":""Pampa del Infierno"",""ja"":""パンパ・デル・インフィエルノ"",""it"":""Pampa del Infierno"",""zh-CN"":""地狱平原"",""tr"":""Pampa del Infierno"",""ru"":""Пампа дель Инфьерно"",""uk"":""Пампа-дель-Інфієрно"",""pl"":""Pampa del Infierno"",""hi"":""पम्पा डेल इन्फिरनो"",""ar"":""بامبا ديل إنفيرنو""}",2019-10-06T09:28:19,2025-12-02T14:39:55,1,Q1578938
1318,Panambí,3644,N,11,AR,city,,,-27.72369000,-54.91515000,Panambí,5970,America/Argentina/Cordoba,"{""br"":""Panambí"",""ko"":""파남비"",""pt-BR"":""Panambi"",""pt"":""Panambi"",""nl"":""Panambi"",""hr"":""Panambí"",""fa"":""پانامبی"",""de"":""Panambi"",""es"":""Panambí"",""fr"":""Panama"",""ja"":""パナンビ"",""it"":""Panambí"",""zh-CN"":""帕南比"",""tr"":""Panambi"",""ru"":""Панамби"",""uk"":""Панамбі"",""pl"":""Panambí"",""hi"":""पनाम्बी"",""ar"":""بانامبي""}",2019-10-06T09:28:19,2025-12-02T14:39:55,1,Q7130019
1319,Paraná,3654,E,11,AR,adm1,,,-31.73271000,-60.52897000,Paraná,247863,America/Argentina/Cordoba,"{""br"":""Paraná"",""ko"":""파라나"",""pt-BR"":""Paraná"",""pt"":""Paraná"",""nl"":""Paraná"",""hr"":""Paraná"",""fa"":""پارانا"",""de"":""Paraná"",""es"":""Paraná"",""fr"":""Paraná"",""ja"":""パラナ"",""it"":""Paraná"",""zh-CN"":""巴拉那"",""tr"":""Paraná"",""ru"":""Парана"",""uk"":""Парана"",""pl"":""Paraná"",""hi"":""पराना"",""ar"":""بارانا""}",2019-10-06T09:28:19,2025-12-02T14:39:55,1,Q44213
1320,Parera,3655,L,11,AR,adm2,,,-35.14600000,-64.50089000,Parera,3675,America/Argentina/Salta,"{""br"":""Parera"",""ko"":""파레라"",""pt-BR"":""Parera"",""pt"":""Parera"",""nl"":""Parera"",""hr"":""Parera"",""fa"":""پاررا"",""de"":""Parera"",""es"":""Parera"",""fr"":""Parera"",""ja"":""パレラ"",""it"":""Parera"",""zh-CN"":""帕雷拉"",""tr"":""Parera"",""ru"":""Парера"",""uk"":""Парера"",""pl"":""Parera"",""hi"":""परेरा"",""ar"":""باريرا""}",2019-10-06T09:28:19,2025-12-02T14:39:55,1,Q2728178
1321,Pascanas,3642,X,11,AR,city,,,-33.12550000,-63.04084000,Pascanas,2567,America/Argentina/Cordoba,"{""br"":""Pascanas"",""ko"":""파스카나스"",""pt-BR"":""Pascanas"",""pt"":""Pascanas"",""nl"":""Pascanas"",""hr"":""Pascañas"",""fa"":""پاسکاناس"",""de"":""Pascanas"",""es"":""Pascanas"",""fr"":""Pascanas"",""ja"":""パスカナス"",""it"":""Pascanas"",""zh-CN"":""帕斯卡纳斯"",""tr"":""Pascanas"",""ru"":""Пасканьяс"",""uk"":""Пасканас"",""pl"":""Pascanas"",""hi"":""पास्कानास"",""ar"":""باسكاناس""}",2019-10-06T09:28:19,2025-12-02T14:39:55,1,Q7141762
1322,Pasco,3642,X,11,AR,city,,,-32.74733000,-63.34232000,Pasto,1072,America/Argentina/Cordoba,"{""br"":""Pasco"",""ko"":""파스코"",""pt-BR"":""Pasco"",""pt"":""Pasco"",""nl"":""Pasco"",""hr"":""Pasco"",""fa"":""پاسکو"",""de"":""Pasco"",""es"":""Pasco"",""fr"":""Pasco"",""ja"":""パスコ"",""it"":""Pasco"",""zh-CN"":""帕斯科"",""tr"":""Pasco"",""ru"":""Паско"",""uk"":""Паско"",""pl"":""Pasco"",""hi"":""पास्को"",""ar"":""باسكو""}",2019-10-06T09:28:19,2025-12-02T14:39:55,1,Q21835214
1323,Paso de la Patria,3638,W,11,AR,city,,,-27.31676000,-58.57197000,Paso de la Patria,5818,America/Argentina/Cordoba,"{""br"":""Paso de la Patria"",""ko"":""파소 데 라 파트리아"",""pt-BR"":""Paso de la Patria"",""pt"":""Paso de la Patria"",""nl"":""Paso de la Patria"",""hr"":""Paso de la Patria"",""fa"":""پاسو د لا پاتریا"",""de"":""Paso de la Patria"",""es"":""Paso de la Patria"",""fr"":""Paso de la Patria"",""ja"":""パソ・デ・ラ・パトリア"",""it"":""Passo della Patria"",""zh-CN"":""祖国之路"",""tr"":""Paso de la Patria"",""ru"":""Пасо-де-ла-Патрия"",""uk"":""Пасо-де-ла-Патрія"",""pl"":""Paso de la Patria"",""hi"":""पासो डे ला पैट्रिया"",""ar"":""طريق الوطن""}",2019-10-06T09:28:19,2025-12-02T14:39:55,1,Q9056608
1324,Paso de los Libres,3638,W,11,AR,adm2,,,-29.71251000,-57.08771000,Paso de los Libres,43805,America/Argentina/Cordoba,"{""br"":""Paso al Libres"",""ko"":""파소 데 로스 리브레스"",""pt-BR"":""Paso de los Libres"",""pt"":""Paso de los Libres"",""nl"":""Paso de los Libres"",""hr"":""Paso de los Libres"",""fa"":""پاسو د لوس لیبرس"",""de"":""Paso de los Libres"",""es"":""Paso de los Libres"",""fr"":""Paso de los Libres"",""ja"":""パソ・デ・ロス・リブレス"",""it"":""Paso de los Libres"",""zh-CN"":""自由之路"",""tr"":""Paso de los Libres"",""ru"":""Пасо де лос Либрес"",""uk"":""Пасо-де-лос-Лібрес"",""pl"":""Paso de los Libres"",""hi"":""पासो डे लॉस लिब्रेस"",""ar"":""Paso de los Libres""}",2019-10-06T09:28:19,2025-12-02T14:39:55,1,Q9056608
1325,Pedro R. Fernández,3638,W,11,AR,city,,,-28.75097000,-58.65583000,Pedro R. Fernández,2058,America/Argentina/Cordoba,"{""br"":""Pedro R. Fernández"",""ko"":""페드로 R. 페르난데스"",""pt-BR"":""Pedro R. Fernández"",""pt"":""Pedro R. Fernández"",""nl"":""Pedro R. Fernández"",""hr"":""Pedro R. Fernández"",""fa"":""پدرو آر. فرناندز"",""de"":""Pedro R. Fernández"",""es"":""Pedro R. Fernández"",""fr"":""Pedro R. Fernández"",""ja"":""ペドロ・R・フェルナンデス"",""it"":""Pedro R. Fernández"",""zh-CN"":""佩德罗·R·费尔南德斯"",""tr"":""Pedro R. Fernández"",""ru"":""Педро Р. Фернандес"",""uk"":""Педро Р. Фернандес"",""pl"":""Pedro R. Fernández"",""hi"":""पेड्रो आर. फर्नांडीज"",""ar"":""بيدرو ر. فرنانديز""}",2019-10-06T09:28:19,2025-12-02T14:39:55,1,Q6069905
1326,Perito Moreno,3649,Z,11,AR,adm2,,,-46.58995000,-70.92975000,Perito Moreno,7808,America/Argentina/Buenos_Aires,"{""br"":""Perito Moreno"",""ko"":""페리토 모레노"",""pt-BR"":""Perito Moreno"",""pt"":""Perito Moreno"",""nl"":""Perito Moreno"",""hr"":""Perito Moreno"",""fa"":""پریتو مورنو"",""de"":""Perito Moreno"",""es"":""Perito Moreno"",""fr"":""Perito Moreno"",""ja"":""ペリト・モレノ"",""it"":""Perito Moreno"",""zh-CN"":""佩里托莫雷诺"",""tr"":""Perito Moreno"",""ru"":""Перито Морено"",""uk"":""Періто Морено"",""pl"":""Perito Moreno"",""hi"":""पेरिटो मोरेनो"",""ar"":""بيريتو مورينو""}",2019-10-06T09:28:19,2025-12-02T17:11:50,1,Q21835493
1327,Perugorría,3638,W,11,AR,city,,,-29.34132000,-58.61059000,Perugorría,5685,America/Argentina/Cordoba,"{""br"":""Perugorría"",""ko"":""페루고리아"",""pt-BR"":""Perugorría"",""pt"":""Perugorría"",""nl"":""Perugorria"",""hr"":""Perugorría"",""fa"":""پروگوریا"",""de"":""Perugorría"",""es"":""Perugorría"",""fr"":""Pérouse"",""ja"":""ペルゴリア"",""it"":""Perugorría"",""zh-CN"":""佩鲁戈里亚"",""tr"":""Perugorria"",""ru"":""Перугоррия"",""uk"":""Перугоррія"",""pl"":""Perugorria"",""hi"":""पेरुगोरिया"",""ar"":""بيروغوريا""}",2019-10-06T09:28:19,2025-12-02T14:39:55,1,Q6073076
1328,Picada Gobernador López,3644,N,11,AR,city,,,-27.67069000,-55.24585000,Picada Gobernador López,,America/Argentina/Buenos_Aires,"{""br"":""Gouarnour Picada López"",""ko"":""피카다 고베르나도르 로페즈"",""pt-BR"":""Picada Gobernador López"",""pt"":""Picada Gobernador López"",""nl"":""Picada Gobernador López"",""hr"":""Picada Gobernador López"",""fa"":""پیکادا گوبرنادور لوپز"",""de"":""Picada Gobernador López"",""es"":""Picada Gobernador López"",""fr"":""Picada Gouverneur López"",""ja"":""ピカダ・ゴベルナドール・ロペス"",""it"":""Picada Gobernador López"",""zh-CN"":""皮卡达·戈贝纳多·洛佩斯"",""tr"":""Picada Gobernador López"",""ru"":""Picada Gobernador López"",""uk"":""Пікада Гобернадор Лопес"",""pl"":""Picada Gobernador López"",""hi"":""पिकाडा गोबरनाडोर लोपेज़"",""ar"":""بيكادا جوبيرنادور لوبيز""}",2019-10-06T09:28:19,2025-12-02T17:11:50,1,Q519881
1329,Pico Truncado,3649,Z,11,AR,city,,,-46.79490000,-67.95731000,Pico Truncado,14985,America/Argentina/Rio_Gallegos,"{""br"":""Pico Truncado"",""ko"":""피코 트룬카도"",""pt-BR"":""Pico Truncado"",""pt"":""Pico Truncado"",""nl"":""Pico Truncado"",""hr"":""Pico Truncado"",""fa"":""پیکو ترونکادو"",""de"":""Pico Truncado"",""es"":""Pico Truncado"",""fr"":""Pico Troncado"",""ja"":""ピコ・トゥルンカド"",""it"":""Pico Truncado"",""zh-CN"":""特伦卡多峰"",""tr"":""Pico Truncado"",""ru"":""Пико Трункадо"",""uk"":""Піко Трункадо"",""pl"":""Pico Truncado"",""hi"":""पिको ट्रुंकाडो"",""ar"":""بيكو ترونكادو""}",2019-10-06T09:28:19,2025-12-02T14:39:55,1,Q81562
1330,Picún Leufú,3648,Q,11,AR,adm2,,,-39.51614000,-69.28765000,Picken Leuing,3222,America/Argentina/Salta,"{""br"":""Picún Leufú"",""ko"":""피쿤 레우푸"",""pt-BR"":""Picún Leufú"",""pt"":""Picún Leufú"",""nl"":""Picún Leufú"",""hr"":""Picún Leufú"",""fa"":""پیکون لوفو"",""de"":""Picún Leufú"",""es"":""Picún Leufú"",""fr"":""Picún Leufú"",""ja"":""ピクン・レウフ"",""it"":""Picún Leufú"",""zh-CN"":""皮孔莱乌夫"",""tr"":""Picún Leufú"",""ru"":""Picún Leufú"",""uk"":""Пікун Леуфу"",""pl"":""Picún Leufú"",""hi"":""पिकुन लेउफू"",""ar"":""بيكون ليوفو""}",2019-10-06T09:28:19,2025-12-02T14:39:55,1,Q922199
1331,Piedra del Águila,3648,Q,11,AR,adm2,,,-40.04811000,-70.07410000,Piedra del Águila,3921,America/Argentina/Salta,"{""br"":""Piedra del Águila"",""ko"":""피에드라 델 아길라"",""pt-BR"":""Pedra da Águila"",""pt"":""Pedra da Águila"",""nl"":""Piedra del Águila"",""hr"":""Piedra del Águila"",""fa"":""پیدرا دل آگیلا"",""de"":""Piedra del Águila"",""es"":""Piedra del Águila"",""fr"":""Piedra del Águila"",""ja"":""ピエドラ・デル・アギラ"",""it"":""Piedra del Águila"",""zh-CN"":""彼德拉·德尔·阿吉拉"",""tr"":""Piedra del Águila"",""ru"":""Пьедра-дель-Агила"",""uk"":""П'єдра-дель-Агіла"",""pl"":""Piedra del Águila"",""hi"":""पिएड्रा डेल एगुइला"",""ar"":""بيدرا ديل أغيلا""}",2019-10-06T09:28:19,2025-12-02T14:39:55,1,Q1015985
1332,Piedras Blancas,3654,E,11,AR,city,,,-31.18592000,-59.95181000,Piedras Blancas,1714,America/Argentina/Cordoba,"{""br"":""Piedras Blancas"",""ko"":""피에드라스 블랑카스"",""pt-BR"":""Pedras Brancas"",""pt"":""Pedras Brancas"",""nl"":""Witte stenen"",""hr"":""Piedras Blancas"",""fa"":""پیدراس بلانکاس"",""de"":""Piedras Blancas"",""es"":""Piedras Blancas"",""fr"":""Piedras Blancas"",""ja"":""ピエドラス・ブランカス"",""it"":""Piedras Blancas"",""zh-CN"":""彼德拉斯·布兰卡斯"",""tr"":""Beyaz Ayaklar"",""ru"":""Пьедрас Бланкас"",""uk"":""П'єдрас Бланкас"",""pl"":""Piedras Blancas"",""hi"":""पिएड्रास ब्लैंकास"",""ar"":""بيدراس بلانكاس""}",2019-10-06T09:28:19,2025-12-02T14:39:55,1,Q21827466
1333,Pilar,3642,X,11,AR,city,,,-31.67890000,-63.87964000,Pilar,14735,America/Argentina/Cordoba,"{""br"":""Pilar"",""ko"":""필라르"",""pt-BR"":""Pilar"",""pt"":""Pilar"",""nl"":""Pilaar"",""hr"":""Pilar"",""fa"":""پیلار"",""de"":""Pilar"",""es"":""Pilar"",""fr"":""Pilar"",""ja"":""ピラール"",""it"":""Pilar"",""zh-CN"":""皮拉尔"",""tr"":""Pilar"",""ru"":""Пилар"",""uk"":""Пілар"",""pl"":""Pilar"",""hi"":""पिलर"",""ar"":""بيلار""}",2019-10-06T09:28:19,2025-12-02T14:39:55,1,Q7193761
1334,Pilcaniyeu,3639,R,11,AR,adm2,,,-41.12288000,-70.72152000,Pilcaniyeu,1467,America/Argentina/Salta,"{""br"":""Pilcaniyeu"",""ko"":""필카니유"",""pt-BR"":""Pilcaniyeu"",""pt"":""Pilcaniyeu"",""nl"":""Pilcaniyeu"",""hr"":""Pilcaniyeu"",""fa"":""پیلکانیو"",""de"":""Pilcaniyeu"",""es"":""Pilcaniyeu"",""fr"":""Pilcaniyeu"",""ja"":""ピルカニエウ"",""it"":""Pilcaniyeu"",""zh-CN"":""皮尔卡尼耶乌"",""tr"":""Pilcaniyeu"",""ru"":""Пилканиеу"",""uk"":""Пілканієу"",""pl"":""Pilcaniyeu"",""hi"":""पिलकानियू"",""ar"":""بيلكانيو""}",2019-10-06T09:28:19,2025-12-02T14:39:55,1,Q1936853
1335,Piquillín,3642,X,11,AR,city,,,-31.30158000,-63.75788000,Piquillín,1170,America/Argentina/Cordoba,"{""br"":""Piquillín"",""ko"":""피킬린"",""pt-BR"":""Piquillín"",""pt"":""Piquillín"",""nl"":""Piquillín"",""hr"":""Piquillín"",""fa"":""پیکیلین"",""de"":""Piquillín"",""es"":""Piquillín"",""fr"":""Piquillin"",""ja"":""ピキリン"",""it"":""Piquillín"",""zh-CN"":""皮基林"",""tr"":""Piquillín"",""ru"":""Пикильин"",""uk"":""Пікіллін"",""pl"":""Piquillín"",""hi"":""पिक्विलिन"",""ar"":""بيكويلين""}",2019-10-06T09:28:19,2025-12-02T14:39:55,1,Q6076671
1336,Pirané,3652,P,11,AR,adm2,,,-25.73239000,-59.10879000,Pirañero,19124,America/Argentina/Cordoba,"{""br"":""Pirané"",""ko"":""피라네"",""pt-BR"":""Pirané"",""pt"":""Pirané"",""nl"":""Pirané"",""hr"":""Pirane"",""fa"":""پیرانه"",""de"":""Pirané"",""es"":""Pirané"",""fr"":""Pirané"",""ja"":""ピラネ"",""it"":""Pirané"",""zh-CN"":""皮拉内"",""tr"":""Pirané"",""ru"":""Пиране"",""uk"":""Піране"",""pl"":""Pirané"",""hi"":""पिराने"",""ar"":""بيراني""}",2019-10-06T09:28:19,2025-12-02T14:39:55,1,Q2031369
1337,Plaza Huincul,3648,Q,11,AR,city,,,-38.92598000,-69.20863000,Plaza Huincul,12273,America/Argentina/Salta,"{""br"":""Plaza Huincul"",""ko"":""플라자 후인쿨"",""pt-BR"":""Praça Huincul"",""pt"":""Praça Huincul"",""nl"":""Plein Huincul"",""hr"":""Trg Huincul"",""fa"":""پلازا هوینکول"",""de"":""Plaza Huincul"",""es"":""Plaza Huincul"",""fr"":""Place Huincul"",""ja"":""プラザ・ウインクル"",""it"":""Piazza Huincul"",""zh-CN"":""温库尔广场"",""tr"":""Plaza Huincul"",""ru"":""Плаза Хуинкуль"",""uk"":""Плаза Уінкул"",""pl"":""Plac Huincul"",""hi"":""प्लाजा हुइंकुल"",""ar"":""ساحة هوينكول""}",2019-10-06T09:28:19,2025-12-02T14:39:55,1,Q980712
1338,Plottier,3648,Q,11,AR,city,,,-38.96667000,-68.23333000,Plottier,25186,America/Argentina/Salta,"{""br"":""Plottier"",""ko"":""플로티어"",""pt-BR"":""Plottier"",""pt"":""Plottier"",""nl"":""Plottier"",""hr"":""Plottier"",""fa"":""پلاتیر"",""de"":""Plottier"",""es"":""Conspirador"",""fr"":""Plottier"",""ja"":""プロティエ"",""it"":""Cospiratore"",""zh-CN"":""阴谋家"",""tr"":""Komplocu"",""ru"":""Плотье"",""uk"":""Плоттьє"",""pl"":""Plottier"",""hi"":""प्लॉटियर"",""ar"":""بلوتير""}",2019-10-06T09:28:20,2025-12-02T14:39:55,1,Q1017590
1339,Pocito,3634,J,11,AR,city,,,-31.68333000,-68.58333000,Pocito,40969,America/Argentina/San_Juan,"{""br"":""Pocito"",""ko"":""포시토"",""pt-BR"":""Pocito"",""pt"":""Pocito"",""nl"":""Pocito"",""hr"":""Pocito"",""fa"":""پوسیتو"",""de"":""Pocito"",""es"":""Pocito"",""fr"":""Pocito"",""ja"":""ポシト"",""it"":""Pocito"",""zh-CN"":""波西托"",""tr"":""Pocito"",""ru"":""Посито"",""uk"":""Посіто"",""pl"":""Pocito"",""hi"":""पोसिटो"",""ar"":""بوسيتو""}",2019-10-06T09:28:20,2025-12-02T14:39:55,1,Q1190967
1340,Pomán,3647,K,11,AR,city,,,-28.39455000,-66.22052000,Pomano,3387,America/Argentina/Catamarca,"{""br"":""Pomán"",""ko"":""포만"",""pt-BR"":""Pomán"",""pt"":""Pomán"",""nl"":""Pomán"",""hr"":""Pomán"",""fa"":""پومن"",""de"":""Pomán"",""es"":""Pomán"",""fr"":""Pomán"",""ja"":""ポマン"",""it"":""Pomán"",""zh-CN"":""波曼"",""tr"":""Poman"",""ru"":""Поман"",""uk"":""Поман"",""pl"":""Pomán"",""hi"":""Poman"",""ar"":""بومان""}",2019-10-06T09:28:20,2025-12-02T14:39:55,1,Q2437304
1341,Porteña,3642,X,11,AR,city,,,-31.01391000,-62.06650000,Porteña,4624,America/Argentina/Buenos_Aires,"{""br"":""Porteña"",""ko"":""포르테냐"",""pt-BR"":""Porteña"",""pt"":""Porteña"",""nl"":""Porteña"",""hr"":""Porteña"",""fa"":""پورتنیا"",""de"":""Porteña"",""es"":""Porteña"",""fr"":""Porteña"",""ja"":""ポルテーニャ"",""it"":""Porteña"",""zh-CN"":""波特尼亚"",""tr"":""Porteña"",""ru"":""Портенья"",""uk"":""Портенья"",""pl"":""Porteña"",""hi"":""Portena"",""ar"":""بورتينا""}",2019-10-06T09:28:20,2025-12-02T17:11:50,1,Q2071003
1342,Posadas,3644,N,11,AR,adm1,,,-27.36708000,-55.89608000,Posadas,275988,America/Argentina/Buenos_Aires,"{""br"":""Posadaoù"",""ko"":""포사다스"",""pt-BR"":""Posadas"",""pt"":""Posadas"",""nl"":""Posadas"",""hr"":""Posadas"",""fa"":""پوساداس"",""de"":""Posadas"",""es"":""Posadas"",""fr"":""Posadas"",""ja"":""ポサダス"",""it"":""Posadas"",""zh-CN"":""波萨达斯"",""tr"":""Posadalar"",""ru"":""Посадас"",""uk"":""Посадас"",""pl"":""Posadas"",""hi"":""पोसादास"",""ar"":""بوساداس""}",2019-10-06T09:28:20,2025-12-02T17:11:50,1,Q44238
1343,Pozo del Molle,3642,X,11,AR,city,,,-32.01860000,-62.91984000,Pozo del Molle,5429,America/Argentina/Cordoba,"{""br"":""Pozo del Molle"",""ko"":""포조 델 몰레"",""pt-BR"":""Pozo del Molle"",""pt"":""Pozo del Molle"",""nl"":""Pozo del Molle"",""hr"":""Pozo del Molle"",""fa"":""پوزو دل موله"",""de"":""Pozo del Molle"",""es"":""Pozo del Molle"",""fr"":""Pozo del Molle"",""ja"":""ポソ・デル・モレ"",""it"":""Pozo del Molle"",""zh-CN"":""波索德尔莫勒"",""tr"":""Molle Pozo"",""ru"":""Позо дель Молле"",""uk"":""Посо-дель-Молле"",""pl"":""Pozo del Molle"",""hi"":""पोज़ो डेल मोले"",""ar"":""بوزو ديل مولي""}",2019-10-06T09:28:20,2025-12-02T14:39:55,1,Q3909741
1344,Pozo del Tigre,3652,P,11,AR,city,,,-24.89682000,-60.32359000,Pozo del Tigre,3948,America/Argentina/Cordoba,"{""br"":""Pozo del Tigre"",""ko"":""포조 델 티그레"",""pt-BR"":""Pozo del Tigre"",""pt"":""Pozo del Tigre"",""nl"":""Pozo del Tigre"",""hr"":""Pozo del Tigre"",""fa"":""پوزو دل تیگره"",""de"":""Pozo del Tigre"",""es"":""Pozo del Tigre"",""fr"":""Pozo del Tigre"",""ja"":""ポソ・デル・ティグレ"",""it"":""Pozo del Tigre"",""zh-CN"":""波索德尔蒂格雷"",""tr"":""Kaplan Pozo"",""ru"":""Посо дель Тигре"",""uk"":""Посо-дель-Тигре"",""pl"":""Pozo del Tigre"",""hi"":""पोज़ो डेल टाइग्रे"",""ar"":""بوزو ديل تيغري""}",2019-10-06T09:28:20,2025-12-02T14:39:55,1,Q937642
1345,Presidencia Roca,3640,H,11,AR,city,,,-26.14090000,-59.59541000,Presidencia Roca,4987,America/Argentina/Cordoba,"{""br"":""Prezidant Roca"",""ko"":""로카 대통령"",""pt-BR"":""Presidência Roca"",""pt"":""Presidência Roca"",""nl"":""Presidentschap Roca"",""hr"":""Presidencia Roca"",""fa"":""پرزیدنتیا روکا"",""de"":""Präsidentin Roca"",""es"":""Presidencia Roca"",""fr"":""Présidence Roca"",""ja"":""プレジデンシア・ロカ"",""it"":""Presidenza Roca"",""zh-CN"":""罗卡总统府"",""tr"":""Başkanlık Roca"",""ru"":""Президентство Рока"",""uk"":""Президенсія Рока"",""pl"":""Presidencia Roca"",""hi"":""प्रेसीडेनिया रोका"",""ar"":""رئاسة روكا""}",2019-10-06T09:28:20,2025-12-02T14:39:55,1,Q1657374
1346,Presidencia Roque Sáenz Peña,3640,H,11,AR,adm2,,,-26.78522000,-60.43876000,Presidencia Roque Sáenz Peña,101086,America/Argentina/Cordoba,"{""br"":""Prezidantelezh Roque Sáenz Peña"",""ko"":""프레지덴시아 로케 산즈 페냐"",""pt-BR"":""Presidência Roque Sáenz Peña"",""pt"":""Presidência Roque Sáenz Peña"",""nl"":""Presidencia Roque Sáenz Peña"",""hr"":""Presidencia Roque Sáenz Peña"",""fa"":""پرزیدنسیا روکه سانتس پنیا"",""de"":""Präsident Roque Sáenz Peña"",""es"":""Presidencia Roque Sáenz Peña"",""fr"":""Présidence Roque Sáenz Peña"",""ja"":""ロケ・サエンス・ペーニャ大統領"",""it"":""Presidencia Roque Sáenz Peña"",""zh-CN"":""罗克·萨恩斯·佩尼亚总统"",""tr"":""Başkanlık Roque Sáenz Peña"",""ru"":""Президиум Роке Саенс Пенья"",""uk"":""Президент Роке Саенс Пенья"",""pl"":""prezydenta Roque Sáenz Peña"",""hi"":""प्रेसीडेंसिया रोके सैन्ज़ पेना"",""ar"":""الرئاسة روكي ساينز بينيا""}",2019-10-06T09:28:20,2025-12-02T14:39:55,1,Q1656936
1347,Presidencia de la Plaza,3640,H,11,AR,adm2,,,-27.00147000,-59.84243000,Presidencia de la Plaza,12231,America/Argentina/Cordoba,"{""br"":""Prezidant ar blasenn"",""ko"":""플라자 대통령궁"",""pt-BR"":""Presidência da Praça"",""pt"":""Presidência da Praça"",""nl"":""Presidencia de la Plaza"",""hr"":""Presidencia de la Plaza"",""fa"":""ریاست جمهوری پلازا"",""de"":""Präsidentschaft der Plaza"",""es"":""Presidencia de la Plaza"",""fr"":""Présidence de la Plaza"",""ja"":""プレシデンシア・デ・ラ・プラザ"",""it"":""Presidencia de la Plaza"",""zh-CN"":""广场总统府"",""tr"":""Plaza Başkanlığı"",""ru"":""Президентство Плазы"",""uk"":""Президенсія де ла Плаза"",""pl"":""Presidencia de la Plaza"",""hi"":""प्रेसीडेनिया डे ला प्लाजा"",""ar"":""رئاسة بلازا""}",2019-10-06T09:28:20,2025-12-02T14:39:55,1,Q1656867
1348,Pronunciamiento,3654,E,11,AR,city,,,-32.34480000,-58.44268000,Pronunciamiento,1301,America/Argentina/Cordoba,"{""br"":""Distagadur"",""ko"":""발음"",""pt-BR"":""Pronúncia"",""pt"":""Pronúncia"",""nl"":""Uitspraak"",""hr"":""Izgovor"",""fa"":""تلفظ"",""de"":""Aussprache"",""es"":""Pronunciamiento"",""fr"":""Prononciation"",""ja"":""発音"",""it"":""Pronunciamiento"",""zh-CN"":""发音"",""tr"":""Telaffuz"",""ru"":""Пронунциамиенто"",""uk"":""Вимова"",""pl"":""Wymowa"",""hi"":""उच्चारण"",""ar"":""النطق""}",2019-10-06T09:28:20,2025-12-02T14:39:55,1,Q7249966
1349,Pueblo Libertador,3638,W,11,AR,city,,,-30.22087000,-59.38981000,Pueblo Libertador,3973,America/Argentina/Cordoba,"{""br"":""Pueblo Libertador"",""ko"":""푸에블로 리베르타도르"",""pt-BR"":""Pueblo Libertador"",""pt"":""Pueblo Libertador"",""nl"":""Dorp van de Vrijheid"",""hr"":""Pueblo Libertador"",""fa"":""پوئبلو لیبرتادور"",""de"":""Pueblo Libertador"",""es"":""Pueblo Libertador"",""fr"":""Pueblo Libertador"",""ja"":""プエブロ・リベルタドール"",""it"":""Pueblo Libertador"",""zh-CN"":""普韦布洛解放者"",""tr"":""Pueblo Libertador"",""ru"":""Пуэбло Либертадор"",""uk"":""Пуебло Лібертадор"",""pl"":""Pueblo Libertador"",""hi"":""पुएब्लो लिबर्टाडोर"",""ar"":""بويبلو ليبيرتادور""}",2019-10-06T09:28:20,2025-12-02T14:39:55,1,Q5394748
1350,Puerta de Corral Quemado,3647,K,11,AR,city,,,-27.23000000,-66.93635000,Puerta de Corral Quemado,1634,America/Argentina/Buenos_Aires,"{""br"":""Puerta de Corral Quemado"",""ko"":""푸에르타 데 코랄 케마도"",""pt-BR"":""Porta de Corral Quemado"",""pt"":""Porta de Corral Quemado"",""nl"":""Puerta de Corral Quemado"",""hr"":""Vrata Corral Quemado"",""fa"":""پورتا د کورال کومادو"",""de"":""Puerta de Corral Quemado"",""es"":""Puerta de Corral Quemado"",""fr"":""Porte de Corral Quemado"",""ja"":""プエルタ・デ・コラル・ケマド"",""it"":""Puerta de Corral Quemado"",""zh-CN"":""科拉尔·克马多门"",""tr"":""Puerta de Corral Quemado"",""ru"":""Puerta de Corral Quemado"",""uk"":""Пуерта-де-Коррал-Кемадо"",""pl"":""Puerta de Corral Quemado"",""hi"":""Puerta de Corral Quemado"",""ar"":""Puerta de Corral Quemado""}",2019-10-06T09:28:20,2025-12-02T17:11:50,1,Q1774277
1351,Puerto Bermejo,3640,H,11,AR,city,,,-26.92739000,-58.50917000,Puerto Bermejo,1832,America/Argentina/Cordoba,"{""br"":""Puerto Bermejo"",""ko"":""푸에르토 베르메호"",""pt-BR"":""Porto Bermejo"",""pt"":""Porto Bermejo"",""nl"":""Puerto Bermejo"",""hr"":""Puerto Bermejo"",""fa"":""پورتو برمخو"",""de"":""Puerto Bermejo"",""es"":""Puerto Bermejo"",""fr"":""Puerto Bermejo"",""ja"":""プエルト・ベルメホ"",""it"":""Porto Bermejo"",""zh-CN"":""贝尔梅霍港"",""tr"":""Puerto Bermejo"",""ru"":""Пуэрто-Бермехо"",""uk"":""Пуерто-Бермехо"",""pl"":""Port Bermejo"",""hi"":""प्यूर्टो बर्मेजो"",""ar"":""بويرتو بيرميجو""}",2019-10-06T09:28:20,2025-12-02T14:39:55,1,Q1656125
1352,Puerto Deseado,3649,Z,11,AR,adm2,,,-47.75034000,-65.89382000,Puerto Deseado,16812,America/Argentina/Buenos_Aires,"{""br"":""Puerto Deseado"",""ko"":""푸에르토 데세아도"",""pt-BR"":""Porto Deseado"",""pt"":""Porto Deseado"",""nl"":""Puerto Deseado"",""hr"":""Puerto Deseado"",""fa"":""پورتو دسه‌آدو"",""de"":""Puerto Deseado"",""es"":""Puerto Deseado"",""fr"":""Puerto Deseado"",""ja"":""プエルト・デセアド"",""it"":""Porto Deseado"",""zh-CN"":""德塞阿多港"",""tr"":""Puerto Deseado"",""ru"":""Пуэрто Десеадо"",""uk"":""Пуерто-Десеадо"",""pl"":""Port Deseado"",""hi"":""प्यूर्टो डेसेडो"",""ar"":""بويرتو ديسيدو""}",2019-10-06T09:28:20,2025-12-02T17:11:50,1,Q923541
1353,Puerto Eldorado,3644,N,11,AR,city,,,-26.40843000,-54.69463000,Puerto Eldorado,54189,America/Argentina/Cordoba,"{""br"":""Puerto Eldorado"",""ko"":""푸에르토 엘도라도"",""pt-BR"":""Porto Eldorado"",""pt"":""Porto Eldorado"",""nl"":""Puerto Eldorado"",""hr"":""Puerto Eldorado"",""fa"":""پورتو الدورادو"",""de"":""Puerto Eldorado"",""es"":""Puerto Eldorado"",""fr"":""Puerto Eldorado"",""ja"":""プエルトエルドラド"",""it"":""Porto Eldorado"",""zh-CN"":""埃尔多拉多港"",""tr"":""Puerto Eldorado"",""ru"":""Пуэрто-Эльдорадо"",""uk"":""Пуерто-Ельдорадо"",""pl"":""Puerto Eldorado"",""hi"":""प्यूर्टो एल्डोरैडो"",""ar"":""بويرتو إلدورادو""}",2019-10-06T09:28:20,2025-12-02T14:39:55,1,Q21827536
1354,Puerto Esperanza,3644,N,11,AR,adm2,,,-26.02267000,-54.61356000,Puerto Esperanza,15579,America/Argentina/Cordoba,"{""br"":""Puerto Esperanza"",""ko"":""푸에르토 에스페란자"",""pt-BR"":""Puerto Esperanza"",""pt"":""Puerto Esperanza"",""nl"":""Puerto Esperanza"",""hr"":""Puerto Esperanza"",""fa"":""پورتو اسپرانزا"",""de"":""Puerto Esperanza"",""es"":""Puerto Esperanza"",""fr"":""Puerto Esperanza"",""ja"":""プエルト・エスペランサ"",""it"":""Porto Esperanza"",""zh-CN"":""埃斯佩兰萨港"",""tr"":""Puerto Esperanza"",""ru"":""Пуэрто-Эсперанса"",""uk"":""Пуерто-Есперанса"",""pl"":""Port Esperanza"",""hi"":""प्यूर्टो एस्पेरांज़ा"",""ar"":""بويرتو إسبيرانزا""}",2019-10-06T09:28:20,2025-12-02T14:39:55,1,Q3112889
1355,Puerto Ibicuy,3654,E,11,AR,city,,,-33.75305000,-59.17762000,Puerto Ibicuy,4477,America/Argentina/Cordoba,"{""br"":""Puerto Ibicuy"",""ko"":""푸에르토 이비쿠이"",""pt-BR"":""Porto Ibicuy"",""pt"":""Porto Ibicuy"",""nl"":""Puerto Ibicuy"",""hr"":""Puerto Ibicuy"",""fa"":""پورتو ایبیکوی"",""de"":""Puerto Ibicuy"",""es"":""Puerto Ibicuy"",""fr"":""Puerto Ibicuy"",""ja"":""プエルト・イビクイ"",""it"":""Porto Ibicuy"",""zh-CN"":""伊比库伊港"",""tr"":""Puerto Ibicuy"",""ru"":""Пуэрто-Ибикуй"",""uk"":""Пуерто-Ібікуй"",""pl"":""Puerto Ibicuy"",""hi"":""प्यूर्टो इबिकुय"",""ar"":""بويرتو إيبيكوي""}",2019-10-06T09:28:20,2025-12-02T14:39:55,1,Q3314293
1356,Puerto Iguazú,3644,N,11,AR,adm4,,,-25.59912000,-54.57355000,Puerto Iguazú,32038,America/Argentina/Cordoba,"{""br"":""Puerto Iguazú"",""ko"":""푸에르토 이과수"",""pt-BR"":""Porto Iguaçu"",""pt"":""Porto Iguaçu"",""nl"":""Puerto Iguazú"",""hr"":""Puerto Iguazú"",""fa"":""پورتو ایگواسو"",""de"":""Puerto Iguazú"",""es"":""Puerto Iguazú"",""fr"":""Puerto Iguazú"",""ja"":""プエルト・イグアス"",""it"":""Porto Iguazú"",""zh-CN"":""伊瓜苏港"",""tr"":""Puerto Iguazú"",""ru"":""Пуэрто-Игуасу"",""uk"":""Пуерто-Ігуасу"",""pl"":""Puerto Iguazú"",""hi"":""प्यूर्टो इगुआज़ू"",""ar"":""بويرتو إجوازو""}",2019-10-06T09:28:20,2025-12-02T14:39:55,1,Q55378
1357,Puerto Leoni,3644,N,11,AR,city,,,-26.98762000,-55.16569000,Puerto Leoni,2329,America/Argentina/Cordoba,"{""br"":""Puerto Leoni"",""ko"":""푸에르토 레오니"",""pt-BR"":""Porto Leoni"",""pt"":""Porto Leoni"",""nl"":""Puerto Leoni"",""hr"":""Puerto Leoni"",""fa"":""پورتو لئونی"",""de"":""Puerto Leoni"",""es"":""Puerto León"",""fr"":""Puerto Leoni"",""ja"":""プエルト・レオニ"",""it"":""Puerto Leoni"",""zh-CN"":""波多黎各莱奥尼"",""tr"":""Puerto Leoni"",""ru"":""Пуэрто-Леони"",""uk"":""Пуерто-Леоні"",""pl"":""Puerto Leoni"",""hi"":""प्यूर्टो लियोनी"",""ar"":""بويرتو ليوني""}",2019-10-06T09:28:20,2025-12-02T14:39:55,1,Q2565742
1358,Puerto Libertad,3644,N,11,AR,city,,,-25.91958000,-54.58229000,Puerto Libertad,6143,America/Argentina/Cordoba,"{""br"":""Puerto Libertad"",""ko"":""푸에르토 리베르타드"",""pt-BR"":""Puerto Libertad"",""pt"":""Puerto Libertad"",""nl"":""Puerto Libertad"",""hr"":""Puerto Libertad"",""fa"":""پورتو لیبرتاد"",""de"":""Puerto Libertad"",""es"":""Puerto Libertad"",""fr"":""Puerto Libertad"",""ja"":""プエルト・リベルタッド"",""it"":""Porto Libertad"",""zh-CN"":""波多黎各自由"",""tr"":""Puerto Libertad"",""ru"":""Пуэрто-Либертад"",""uk"":""Пуерто-Лібертад"",""pl"":""Port Wolności"",""hi"":""प्यूर्टो लिबर्टाड"",""ar"":""بويرتو ليبرتاد""}",2019-10-06T09:28:20,2025-12-02T14:39:55,1,Q3036970
1359,Puerto Madryn,3651,U,11,AR,adm2,,,-42.76920000,-65.03851000,Puerto Madryn,64555,America/Argentina/Catamarca,"{""br"":""Puerto Madryn"",""ko"":""푸에르토 마드린"",""pt-BR"":""Porto Madryn"",""pt"":""Porto Madryn"",""nl"":""Puerto Madryn"",""hr"":""Puerto Madryn"",""fa"":""پورتو مادرین"",""de"":""Puerto Madryn"",""es"":""Puerto Madryn"",""fr"":""Puerto Madryn"",""ja"":""プエルト・マドリン"",""it"":""Porto Madryn"",""zh-CN"":""马德林港"",""tr"":""Puerto Madryn"",""ru"":""Пуэрто-Мадрин"",""uk"":""Пуерто-Мадрін"",""pl"":""Puerto Madryn"",""hi"":""प्यूर्टो मैड्रिन"",""ar"":""بويرتو مادرين""}",2019-10-06T09:28:20,2025-12-02T14:39:55,1,Q748028
1360,Puerto Piray,3644,N,11,AR,city,,,-26.46937000,-54.70736000,Puerto Piray,8557,America/Argentina/Cordoba,"{""br"":""Puerto Piray"",""ko"":""푸에르토 피레이"",""pt-BR"":""Puerto Piray"",""pt"":""Puerto Piray"",""nl"":""Puerto Piray"",""hr"":""Puerto Piray"",""fa"":""پورتو پیرای"",""de"":""Puerto Piray"",""es"":""Puerto Piray"",""fr"":""Puerto Piray"",""ja"":""プエルト・ピライ"",""it"":""Porto Pirata"",""zh-CN"":""皮雷港"",""tr"":""Puerto Piray"",""ru"":""Пуэрто-Пирай"",""uk"":""Пуерто-Пірай"",""pl"":""Puerto Piray"",""hi"":""प्यूर्टो पिरे"",""ar"":""بويرتو بيراي""}",2019-10-06T09:28:20,2025-12-02T14:39:55,1,Q3115721
1361,Puerto Rico,3644,N,11,AR,adm2,,,-26.79598000,-55.02402000,Puerto Rico,17491,America/Argentina/Cordoba,"{""br"":""Puerto Rico"",""ko"":""푸에르토리코"",""pt-BR"":""Porto Rico"",""pt"":""Porto Rico"",""nl"":""Puerto Rico"",""hr"":""Portoriko"",""fa"":""پورتوریکو"",""de"":""Puerto Rico"",""es"":""Puerto Rico"",""fr"":""Porto Rico"",""ja"":""プエルトリコ"",""it"":""Porto Rico"",""zh-CN"":""波多黎各"",""tr"":""Porto Riko"",""ru"":""Пуэрто-Рико"",""uk"":""Пуерто-Рико"",""pl"":""Portoryko"",""hi"":""प्यूर्टो रिको"",""ar"":""بورتوريكو""}",2019-10-06T09:28:20,2025-12-02T14:39:55,1,Q2530831
1362,Puerto Santa Cruz,3649,Z,11,AR,adm2,,,-50.01910000,-68.52321000,Puerto Santa Cruz,3397,America/Argentina/Rio_Gallegos,"{""br"":""Puerto Santa Cruz"",""ko"":""푸에르토 산타 크루즈"",""pt-BR"":""Porto Santa Cruz"",""pt"":""Porto Santa Cruz"",""nl"":""Puerto Santa Cruz"",""hr"":""Puerto Santa Cruz"",""fa"":""پورتو سانتا کروز"",""de"":""Puerto Santa Cruz"",""es"":""Puerto Santa Cruz"",""fr"":""Puerto Santa Cruz"",""ja"":""プエルト・サンタ・クルス"",""it"":""Porto Santa Cruz"",""zh-CN"":""圣克鲁斯港"",""tr"":""Puerto Santa Cruz"",""ru"":""Пуэрто Санта-Крус"",""uk"":""Пуерто-Санта-Крус"",""pl"":""Puerto Santa Cruz"",""hi"":""प्यूर्टो सांता क्रूज़"",""ar"":""بويرتو سانتا كروز""}",2019-10-06T09:28:20,2025-12-02T14:39:55,1,Q932809
1363,Puerto Tirol,3640,H,11,AR,adm2,,,-27.37218000,-59.08206000,Puerto Tirol,9767,America/Argentina/Buenos_Aires,"{""br"":""Puerto Tirol"",""ko"":""푸에르토 티롤"",""pt-BR"":""Porto Tirol"",""pt"":""Porto Tirol"",""nl"":""Puerto Tirol"",""hr"":""Puerto Tirol"",""fa"":""پورتو تیرول"",""de"":""Puerto Tirol"",""es"":""Puerto Tirol"",""fr"":""Puerto Tirol"",""ja"":""プエルト・チロル"",""it"":""Porto Tirolo"",""zh-CN"":""蒂罗尔港"",""tr"":""Porto Tirol"",""ru"":""Пуэрто Тироль"",""uk"":""Пуерто-Тіроль"",""pl"":""Puerto Tyrol"",""hi"":""प्यूर्टो टिरोल"",""ar"":""بويرتو تيرول""}",2019-10-06T09:28:20,2025-12-02T17:11:50,1,Q1003738
1364,Puerto Vilelas,3640,H,11,AR,city,,,-27.51414000,-58.93906000,Puerto Vilelas,8455,America/Argentina/Cordoba,"{""br"":""Puerto Vilelas"",""ko"":""푸에르토 빌렐라스"",""pt-BR"":""Porto Vilelas"",""pt"":""Porto Vilelas"",""nl"":""Puerto Vilelas"",""hr"":""Puerto Vilelas"",""fa"":""پورتو ویلاس"",""de"":""Puerto Vilelas"",""es"":""Puerto Vilelas"",""fr"":""Puerto Vilelas"",""ja"":""プエルト・ビレラス"",""it"":""Puerto Vilelas"",""zh-CN"":""波多维莱拉斯"",""tr"":""Puerto Vilelas"",""ru"":""Пуэрто Вилелас"",""uk"":""Пуерто-Вілелас"",""pl"":""Puerto Vilelas"",""hi"":""प्यूर्टो विलेलास"",""ar"":""بويرتو فيليلاس""}",2019-10-06T09:28:20,2025-12-02T14:39:55,1,Q1656101
1365,Puerto Yeruá,3654,E,11,AR,city,,,-31.53713000,-58.01527000,Puerto Yeruá,1541,America/Argentina/Cordoba,"{""br"":""Puerto Yeruá"",""ko"":""푸에르토 예루아"",""pt-BR"":""Puerto Yeruá"",""pt"":""Puerto Yeruá"",""nl"":""Puerto Yeruá"",""hr"":""Puerto Yeruá"",""fa"":""پورتو یروئه"",""de"":""Puerto Yeruá"",""es"":""Puerto Yeruá"",""fr"":""Puerto Yeruá"",""ja"":""プエルト・イェルア"",""it"":""Puerto Yeruá"",""zh-CN"":""耶鲁阿港"",""tr"":""Puerto Yeruá"",""ru"":""Пуэрто-Йеруа"",""uk"":""Пуерто-Єруа"",""pl"":""Port Yeruá"",""hi"":""प्यूर्टो येरुआ"",""ar"":""بويرتو يروا""}",2019-10-06T09:28:20,2025-12-02T14:39:55,1,Q9064581
1366,Pérez,3641,S,11,AR,city,,,-32.99835000,-60.76791000,Pérez,26448,America/Argentina/Cordoba,"{""br"":""Pérez"",""ko"":""페레스"",""pt-BR"":""Pérez"",""pt"":""Pérez"",""nl"":""Perez"",""hr"":""Pérez"",""fa"":""پرز"",""de"":""Pérez"",""es"":""Pérez"",""fr"":""Pérez"",""ja"":""ペレス"",""it"":""Perez"",""zh-CN"":""佩雷斯"",""tr"":""Perez"",""ru"":""Перес"",""uk"":""Перес"",""pl"":""Pérez"",""hi"":""पेरेस"",""ar"":""بيريز""}",2019-10-06T09:28:20,2025-12-02T14:39:55,1,Q7264669
1367,Quemú Quemú,3655,L,11,AR,adm2,,,-36.05463000,-63.56428000,A quien,3851,America/Argentina/Salta,"{""br"":""Quemú Quemú"",""ko"":""케무 케무"",""pt-BR"":""Quemú Quemú"",""pt"":""Quemú Quemú"",""nl"":""Quemú Quemú"",""hr"":""Quemú Quemú"",""fa"":""کمو"",""de"":""Quemú Quemú"",""es"":""Quemú Quemú"",""fr"":""Quemú Quemú"",""ja"":""ケム ケム"",""it"":""Quemú Quemú"",""zh-CN"":""克穆 克穆"",""tr"":""Quemú Quemú"",""ru"":""Quemú Quemú"",""uk"":""Кему Кему"",""pl"":""Quemú Quemú"",""hi"":""क्वेमु क्वेमु"",""ar"":""كيمو كيمو""}",2019-10-06T09:28:20,2025-12-02T14:39:55,1,Q2947915
1368,Quilino,3642,X,11,AR,city,,,-30.21397000,-64.50063000,Kilino,4534,America/Argentina/Cordoba,"{""br"":""Quilino"",""ko"":""퀼리노"",""pt-BR"":""Quilino"",""pt"":""Quilino"",""nl"":""Quilino"",""hr"":""Quilino"",""fa"":""کویلینو"",""de"":""Quilino"",""es"":""Quilino"",""fr"":""Quilino"",""ja"":""キリノ"",""it"":""Quilino"",""zh-CN"":""基利诺"",""tr"":""Quilino"",""ru"":""Килино"",""uk"":""Кіліно"",""pl"":""Quilino"",""hi"":""क्विलिनो"",""ar"":""كويلينو""}",2019-10-06T09:28:20,2025-12-02T14:39:55,1,Q21836395
1369,Quimilí,3635,G,11,AR,adm2,,,-27.64615000,-62.41655000,Quimilí,10959,America/Argentina/Cordoba,"{""br"":""Quimilí"",""ko"":""키밀리"",""pt-BR"":""Quimilí"",""pt"":""Quimilí"",""nl"":""Quimilí"",""hr"":""Quimilí"",""fa"":""کیمیلی"",""de"":""Quimilí"",""es"":""Quimilí"",""fr"":""Quimili"",""ja"":""キミリ"",""it"":""Quimilí"",""zh-CN"":""基米利"",""tr"":""Quimilí"",""ru"":""Кимили"",""uk"":""Кімілі"",""pl"":""Quimilí"",""hi"":""क्विमिली"",""ar"":""كيميلي""}",2019-10-06T09:28:20,2025-12-02T14:39:55,1,Q1015595
1370,Quitilipi,3640,H,11,AR,adm2,,,-26.86913000,-60.21683000,Quitilipi,32083,America/Argentina/Cordoba,"{""br"":""Quitilipi"",""ko"":""퀴틸리피"",""pt-BR"":""Quitilipi"",""pt"":""Quitilipi"",""nl"":""Quitilipi"",""hr"":""Quitilipi"",""fa"":""کویتیلیپ"",""de"":""Quitilipi"",""es"":""Quitilipi"",""fr"":""Quitilipi"",""ja"":""キティリピ"",""it"":""Quitilipi"",""zh-CN"":""基蒂利皮"",""tr"":""Quitilipi"",""ru"":""Китилипи"",""uk"":""Кітіліпі"",""pl"":""Quitilipi"",""hi"":""क्विटिलिपी"",""ar"":""كويتيليبي""}",2019-10-06T09:28:20,2025-12-02T14:39:55,1,Q1656947
1371,Rada Tilly,3651,U,11,AR,city,,,-45.92462000,-67.55424000,Rada Tilly,6208,America/Argentina/Catamarca,"{""br"":""Rada Tilly"",""ko"":""라다 틸리"",""pt-BR"":""Rada Tilly"",""pt"":""Rada Tilly"",""nl"":""Rada Tilly"",""hr"":""Rada Tilly"",""fa"":""رادا تیلی"",""de"":""Rada Tilly"",""es"":""Rada Tilly"",""fr"":""Rada Tilly"",""ja"":""ラダ・ティリー"",""it"":""Rada Tilly"",""zh-CN"":""拉达·蒂莉"",""tr"":""Rada Tilly"",""ru"":""Рада Тилли"",""uk"":""Рада Тіллі"",""pl"":""Rada Tilly"",""hi"":""राडा टिली"",""ar"":""رادا تيلي""}",2019-10-06T09:28:20,2025-12-02T14:39:55,1,Q998325
1372,Rafaela,3641,S,11,AR,adm2,,,-31.25033000,-61.48670000,Rafaela,110709,America/Argentina/Buenos_Aires,"{""br"":""Rafaela"",""ko"":""라파엘라"",""pt-BR"":""Rafaela"",""pt"":""Rafaela"",""nl"":""Rafaëla"",""hr"":""Rafaela"",""fa"":""رافائلا"",""de"":""Rafaela"",""es"":""Rafaela"",""fr"":""Rafaela"",""ja"":""ラファエラ"",""it"":""Raffaella"",""zh-CN"":""拉斐拉"",""tr"":""Rafaela"",""ru"":""Рафаэла"",""uk"":""Рафаела"",""pl"":""Rafaela"",""hi"":""राफैला"",""ar"":""رافاييلا""}",2019-10-06T09:28:20,2025-12-02T17:11:50,1,Q259498
1373,Rancul,3655,L,11,AR,city,,,-35.06862000,-64.68107000,Rance,3699,America/Argentina/Buenos_Aires,"{""br"":""Rancul"",""ko"":""랜컬"",""pt-BR"":""Rancul"",""pt"":""Rancul"",""nl"":""Rancul"",""hr"":""Rancul"",""fa"":""رانکول"",""de"":""Rancul"",""es"":""Rancul"",""fr"":""Rancul"",""ja"":""ランクル"",""it"":""Rancul"",""zh-CN"":""兰库尔"",""tr"":""Rancul"",""ru"":""Ранкул"",""uk"":""Ранкул"",""pl"":""Rancul"",""hi"":""रानकुल"",""ar"":""رانكول""}",2019-10-06T09:28:20,2025-12-02T17:11:50,1,Q954161
1374,Rawson,3651,U,11,AR,adm1,,,-43.30016000,-65.10228000,Crudo,31787,America/Argentina/Buenos_Aires,"{""br"":""Rawson"",""ko"":""로슨"",""pt-BR"":""Rawson"",""pt"":""Rawson"",""nl"":""Rawson"",""hr"":""Rawson"",""fa"":""راوسون"",""de"":""Rawson"",""es"":""Rawson"",""fr"":""Rawson"",""ja"":""ローソン"",""it"":""Rawson"",""zh-CN"":""罗森"",""tr"":""Rawson"",""ru"":""Роусон"",""uk"":""Роусон"",""pl"":""Rawson"",""hi"":""रॉसन"",""ar"":""روسون""}",2019-10-06T09:28:20,2025-12-02T17:11:50,1,Q44208
1375,Realicó,3655,L,11,AR,adm2,,,-35.03658000,-64.24470000,Realicó,7151,America/Argentina/Salta,"{""br"":""Gwirvoud"",""ko"":""레알리코"",""pt-BR"":""Realicó"",""pt"":""Realicó"",""nl"":""Realicó"",""hr"":""Realicó"",""fa"":""رئالیکو"",""de"":""Realicó"",""es"":""Realicó"",""fr"":""Realicó"",""ja"":""リアリコ"",""it"":""Realicó"",""zh-CN"":""雷亚尔科"",""tr"":""Gerçek"",""ru"":""Реалико"",""uk"":""Реаліко"",""pl"":""Realicó"",""hi"":""रियलिको"",""ar"":""رياليكو""}",2019-10-06T09:28:20,2025-12-02T14:39:55,1,Q3036199
1376,Reconquista,3641,S,11,AR,adm2,,,-29.15000000,-59.65000000,Reconquista,87965,America/Argentina/Cordoba,"{""br"":""Adkonkista"",""ko"":""레콩키스타"",""pt-BR"":""Reconquista"",""pt"":""Reconquista"",""nl"":""Herovering"",""hr"":""Rekonkvista"",""fa"":""رکونکویستا"",""de"":""Rückeroberung"",""es"":""Reconquista"",""fr"":""Reconquista"",""ja"":""レコンキスタ"",""it"":""Riconquista"",""zh-CN"":""收复失地运动"",""tr"":""Reconquista"",""ru"":""Реконкиста"",""uk"":""Реконкіста"",""pl"":""Rekonkwista"",""hi"":""Reconquista"",""ar"":""الاسترداد""}",2019-10-06T09:28:20,2025-12-02T14:39:55,1,Q3036199
1377,Recreo,3641,S,11,AR,city,,,-31.49076000,-60.73299000,Cría,14204,America/Argentina/Cordoba,"{""br"":""Recreo"",""ko"":""레크레오"",""pt-BR"":""Recreio"",""pt"":""Recreio"",""nl"":""Recreo"",""hr"":""Recreo"",""fa"":""ریکرو"",""de"":""Recreo"",""es"":""Recreación"",""fr"":""Récréation"",""ja"":""レクレオ"",""it"":""Recreo"",""zh-CN"":""雷克雷奥"",""tr"":""Rekreasyon"",""ru"":""Рекрео"",""uk"":""Рекрео"",""pl"":""Rekreacja"",""hi"":""रेक्रियो"",""ar"":""ريكريو""}",2019-10-06T09:28:20,2025-12-02T14:39:55,1,Q21833265
1378,Recreo,3647,K,11,AR,adm2,,,-29.28184000,-65.06096000,Cría,14204,America/Argentina/Catamarca,"{""br"":""Recreo"",""ko"":""레크레오"",""pt-BR"":""Recreio"",""pt"":""Recreio"",""nl"":""Recreo"",""hr"":""Recreo"",""fa"":""ریکرو"",""de"":""Recreo"",""es"":""Recreación"",""fr"":""Récréation"",""ja"":""レクレオ"",""it"":""Recreo"",""zh-CN"":""雷克雷奥"",""tr"":""Rekreasyon"",""ru"":""Рекрео"",""uk"":""Рекрео"",""pl"":""Rekreacja"",""hi"":""रेक्रियो"",""ar"":""ريكريو""}",2019-10-06T09:28:20,2025-12-02T14:39:55,1,Q766923
1379,Resistencia,3640,H,11,AR,adm1,,,-27.46056000,-58.98389000,Resistencia,298611,America/Argentina/Cordoba,"{""br"":""Rezistans"",""ko"":""저항"",""pt-BR"":""Resistência"",""pt"":""Resistência"",""nl"":""Weerstand"",""hr"":""Resistencia"",""fa"":""مقاومت"",""de"":""Widerstand"",""es"":""Resistencia"",""fr"":""Résistance"",""ja"":""レジステンシア"",""it"":""Resistenza"",""zh-CN"":""雷西斯滕西亚"",""tr"":""Direnç"",""ru"":""Сопротивление"",""uk"":""Ресістенсія"",""pl"":""Odporność"",""hi"":""रेसिस्टेंशिया"",""ar"":""المقاومة""}",2019-10-06T09:28:20,2025-12-02T14:39:55,1,Q44206
1381,Riacho Eh-Eh,3652,P,11,AR,city,,,-25.36209000,-58.27750000,Riacho eh-eh,3566,America/Argentina/Cordoba,"{""br"":""Riacho Eh-Eh"",""ko"":""리아초 에에"",""pt-BR"":""Riacho Eh-Eh"",""pt"":""Riacho Eh-Eh"",""nl"":""Riacho Eh-Eh"",""hr"":""Riacho Eh-Eh"",""fa"":""ریاچو اه اه"",""de"":""Riacho Eh-Eh"",""es"":""Riacho Eh-Eh"",""fr"":""Riacho Eh-Eh"",""ja"":""リアチョ・エーエー"",""it"":""Riacho Eh-Eh"",""zh-CN"":""里亚乔·埃埃"",""tr"":""Riacho Eh-Eh"",""ru"":""Риачо Э-Э"",""uk"":""Ріачо Е-Е"",""pl"":""Riacho Eh-Eh"",""hi"":""रियाचो एह-एह"",""ar"":""رياتشو إيه إيه""}",2019-10-06T09:28:20,2025-12-02T14:39:55,1,Q21827591
1382,Riachuelo,3638,W,11,AR,city,,,-27.58191000,-58.74497000,Riacho,3668,America/Argentina/Cordoba,"{""br"":""Riachuelo"",""ko"":""리아추엘로"",""pt-BR"":""Riachuelo"",""pt"":""Riachuelo"",""nl"":""Riachuelo"",""hr"":""Riachuelo"",""fa"":""ریاچوئلو"",""de"":""Riachuelo"",""es"":""Riachuelo"",""fr"":""Riachuelo"",""ja"":""リアチュエロ"",""it"":""Riachuelo"",""zh-CN"":""里亚丘埃洛"",""tr"":""Riachuelo"",""ru"":""Риачуэло"",""uk"":""Ріачуело"",""pl"":""Riachuelo"",""hi"":""रियाचुएलो"",""ar"":""رياتشويلو""}",2019-10-06T09:28:20,2025-12-02T14:39:55,1,Q21827593
1383,Roldán,3641,S,11,AR,city,,,-32.89846000,-60.90681000,Roldán,14113,America/Argentina/Cordoba,"{""br"":""Roldán"",""ko"":""롤단"",""pt-BR"":""Roldán"",""pt"":""Roldán"",""nl"":""Roldán"",""hr"":""Roldán"",""fa"":""رولدان"",""de"":""Roldán"",""es"":""Roldán"",""fr"":""Roldan"",""ja"":""ロルダン"",""it"":""Roldán"",""zh-CN"":""罗尔丹"",""tr"":""Roldán"",""ru"":""Рольдан"",""uk"":""Ролдан"",""pl"":""Roldán"",""hi"":""रोल्डन"",""ar"":""رولدان""}",2019-10-06T09:28:20,2025-12-02T14:39:55,1,Q7360617
1384,Rosario,3641,S,11,AR,adm2,,,-32.94682000,-60.63932000,Rosario,1029619,America/Argentina/Cordoba,"{""br"":""Rosario"",""ko"":""로사리오"",""pt-BR"":""Rosário"",""pt"":""Rosário"",""nl"":""Rosario"",""hr"":""Rosario"",""fa"":""روزاریو"",""de"":""Rosario"",""es"":""Rosario"",""fr"":""Rosario"",""ja"":""ロザリオ"",""it"":""Rosario"",""zh-CN"":""罗萨里奥"",""tr"":""Rosario"",""ru"":""Росарио"",""uk"":""Росаріо"",""pl"":""Rosario"",""hi"":""रोसारियो"",""ar"":""روزاريو""}",2019-10-06T09:28:20,2025-12-02T14:39:55,1,Q52535
1385,Rosario del Tala,3654,E,11,AR,adm2,,,-32.30286000,-59.14545000,Rosario del Tala,12801,America/Argentina/Buenos_Aires,"{""br"":""Rosario del Tala"",""ko"":""로사리오 델 탈라"",""pt-BR"":""Rosario del Tala"",""pt"":""Rosario del Tala"",""nl"":""Rosario del Tala"",""hr"":""Rosario del Tala"",""fa"":""روزاریو دل تالا"",""de"":""Rosario del Tala"",""es"":""Rosario del Tala"",""fr"":""Rosario del Tala"",""ja"":""ロザリオ・デル・タラ"",""it"":""Rosario del Tala"",""zh-CN"":""罗萨里奥德尔塔拉"",""tr"":""Rosario del Tala"",""ru"":""Росарио дель Тала"",""uk"":""Росаріо-дель-Тала"",""pl"":""Rosario del Tala"",""hi"":""रोसारियो डेल ताला"",""ar"":""روزاريو ديل تالا""}",2019-10-06T09:28:20,2025-12-02T17:11:50,1,Q2247641
1386,Rufino,3641,S,11,AR,city,,,-34.26827000,-62.71262000,Rufino,18980,America/Argentina/Cordoba,"{""br"":""Rufino"",""ko"":""루피노"",""pt-BR"":""Rufino"",""pt"":""Rufino"",""nl"":""Rufino"",""hr"":""Rufino"",""fa"":""روفینو"",""de"":""Rufino"",""es"":""Rufino"",""fr"":""Rufino"",""ja"":""ルフィーノ"",""it"":""Rufino"",""zh-CN"":""鲁菲诺"",""tr"":""Rufino"",""ru"":""Руфино"",""uk"":""Руфіно"",""pl"":""Rufin"",""hi"":""रूफिनो"",""ar"":""روفينو""}",2019-10-06T09:28:20,2025-12-02T14:39:55,1,Q960119
1387,Ruiz de Montoya,3644,N,11,AR,city,,,-26.98333000,-55.05000000,Ruiz de Montoya,3374,America/Argentina/Cordoba,"{""br"":""Ruiz de Montoya"",""ko"":""루이스 데 몬토야"",""pt-BR"":""Ruiz de Montoya"",""pt"":""Ruiz de Montoya"",""nl"":""Ruiz de Montoya"",""hr"":""Ruiz de Montoya"",""fa"":""روئیز د مونتویا"",""de"":""Ruiz de Montoya"",""es"":""Ruiz de Montoya"",""fr"":""Ruiz de Montoya"",""ja"":""ルイス・デ・モントーヤ"",""it"":""Ruiz de Montoya"",""zh-CN"":""鲁伊斯·德·蒙托亚"",""tr"":""Ruiz de Montoya"",""ru"":""Руис де Монтойя"",""uk"":""Руїс де Монтойя"",""pl"":""Ruiz de Montoya"",""hi"":""रुइज़ डी मोंटोया"",""ar"":""رويز دي مونتويا""}",2019-10-06T09:28:20,2025-12-02T14:39:55,1,Q2550082
1388,Río Ceballos,3642,X,11,AR,section,,,-31.16486000,-64.32241000,Río Ceballos,16632,America/Argentina/Buenos_Aires,"{""br"":""Río Ceballos"",""ko"":""리오 세바요스"",""pt-BR"":""Rio Ceballos"",""pt"":""Rio Ceballos"",""nl"":""Río Ceballos"",""hr"":""Río Ceballos"",""fa"":""ریو سبالوس"",""de"":""Río Ceballos"",""es"":""Río Ceballos"",""fr"":""Rivière Ceballos"",""ja"":""リオ・セバージョス"",""it"":""Río Ceballos"",""zh-CN"":""里奥塞瓦略斯"",""tr"":""Rio Ceballos"",""ru"":""Рио Себальос"",""uk"":""Ріо-Себальос"",""pl"":""Río Ceballos"",""hi"":""रियो सेबालोस"",""ar"":""ريو سيبايوس""}",2019-10-06T09:28:20,2025-12-02T17:11:50,1,Q990605
1389,Río Colorado,3639,R,11,AR,adm2,,,-38.99397000,-64.09295000,Río Colorado,11733,America/Argentina/Buenos_Aires,"{""br"":""Río Colorado"",""ko"":""리오 콜로라도"",""pt-BR"":""Rio Colorado"",""pt"":""Rio Colorado"",""nl"":""Río Colorado"",""hr"":""Río Colorado"",""fa"":""ریو کلرادو"",""de"":""Rio Colorado"",""es"":""Río Colorado"",""fr"":""Rio Colorado"",""ja"":""リオコロラド"",""it"":""Rio Colorado"",""zh-CN"":""里奥科罗拉多"",""tr"":""Rio Colorado"",""ru"":""Рио-Колорадо"",""uk"":""Ріо-Колорадо"",""pl"":""Rio Kolorado"",""hi"":""रियो कोलोराडो"",""ar"":""ريو كولورادو""}",2019-10-06T09:28:20,2025-12-02T17:11:50,1,Q1410272
1390,Río Cuarto,3642,X,11,AR,adm2,,,-33.13067000,-64.34992000,Río Cuarto,200000,America/Argentina/Buenos_Aires,"{""br"":""Río Cuarto"",""ko"":""리오 쿠아르토"",""pt-BR"":""Rio Cuarto"",""pt"":""Rio Cuarto"",""nl"":""Río Vier"",""hr"":""Río Cuarto"",""fa"":""ریو کوارتو"",""de"":""Río Cuarto"",""es"":""Río Cuarto"",""fr"":""Río Cuarto"",""ja"":""リオ・クアルト"",""it"":""Río Cuarto"",""zh-CN"":""里奥夸尔托"",""tr"":""Rio Cuarto"",""ru"":""Рио Куарто"",""uk"":""Ріо-Куарто"",""pl"":""Río Cuarto"",""hi"":""रियो कुआर्टो"",""ar"":""ريو كوارتو""}",2019-10-06T09:28:20,2025-12-02T17:11:50,1,Q983451
1391,Río Gallegos,3649,Z,11,AR,city,,,-51.62261000,-69.21813000,Río Gallegos,115585,America/Argentina/Buenos_Aires,"{""br"":""Río Gallegos"",""ko"":""리오 갈레고스"",""pt-BR"":""Rio Gallegos"",""pt"":""Rio Gallegos"",""nl"":""Río Gallegos"",""hr"":""Río Gallegos"",""fa"":""ریو گالگوس"",""de"":""Río Gallegos"",""es"":""Río Gallegos"",""fr"":""Río Gallegos"",""ja"":""リオ・ガジェゴス"",""it"":""Río Gallegos"",""zh-CN"":""里奥加耶戈斯"",""tr"":""Rio Gallegos"",""ru"":""Рио-Гальегос"",""uk"":""Ріо-Гальєгос"",""pl"":""Río Gallegos"",""hi"":""रियो गैलेगोस"",""ar"":""ريو جاليجوس""}",2019-10-06T09:28:20,2025-12-02T16:59:27,1,Q44242
1392,Río Grande,3650,V,11,AR,adm2,,,-53.78769000,-67.70946000,Río Grande,52681,America/Argentina/Ushuaia,"{""br"":""Río Grande"",""ko"":""리오 그란데"",""pt-BR"":""Rio Grande"",""pt"":""Rio Grande"",""nl"":""Río Grande"",""hr"":""Rio Grande"",""fa"":""ریو گرانده"",""de"":""Rio Grande"",""es"":""Río Grande"",""fr"":""Río Grande"",""ja"":""リオグランデ川"",""it"":""Rio Grande"",""zh-CN"":""里奥格兰德"",""tr"":""Rio Grande"",""ru"":""Рио-Гранде"",""uk"":""Ріо-Гранде"",""pl"":""Rio Grande"",""hi"":""रियो ग्रांडे"",""ar"":""ريو غراندي""}",2019-10-06T09:28:20,2025-12-02T14:39:55,1,Q1005221
1393,Río Mayo,3651,U,11,AR,city,,,-45.68573000,-70.25797000,Río Mayo,2791,America/Argentina/Catamarca,"{""br"":""Río Mayo"",""ko"":""리오 마요"",""pt-BR"":""Rio Mayo"",""pt"":""Rio Mayo"",""nl"":""Rio Mayo"",""hr"":""Río Mayo"",""fa"":""ریو مایو"",""de"":""Río Mayo"",""es"":""Río Mayo"",""fr"":""Río Mayo"",""ja"":""リオマヨ"",""it"":""Río Mayo"",""zh-CN"":""里奥马约"",""tr"":""Rio Mayo"",""ru"":""Рио-Майо"",""uk"":""Ріо-Майо"",""pl"":""Rio Mayo"",""hi"":""रियो मायो"",""ar"":""ريو مايو""}",2019-10-06T09:28:20,2025-12-02T14:39:55,1,Q21833451
1394,Río Pico,3651,U,11,AR,city,,,-44.17905000,-71.36847000,Río Pico,1386,America/Argentina/Catamarca,"{""br"":""Río Pico"",""ko"":""리오 피코"",""pt-BR"":""Rio Pico"",""pt"":""Rio Pico"",""nl"":""Río Pico"",""hr"":""Río Pico"",""fa"":""ریو پیکو"",""de"":""Río Pico"",""es"":""Río Pico"",""fr"":""Rivière Pico"",""ja"":""リオピコ"",""it"":""Río Pico"",""zh-CN"":""里奥皮科"",""tr"":""Rio Pico"",""ru"":""Рио Пико"",""uk"":""Ріо-Піко"",""pl"":""Río Pico"",""hi"":""रियो पिको"",""ar"":""ريو بيكو""}",2019-10-06T09:28:20,2025-12-02T14:39:55,1,Q1774299
1395,Río Segundo,3642,X,11,AR,city,,,-31.65260000,-63.90990000,Río Segundo,19713,America/Argentina/Cordoba,"{""br"":""Río Segundo"",""ko"":""리오 세군도"",""pt-BR"":""Rio Segundo"",""pt"":""Rio Segundo"",""nl"":""Río Segundo"",""hr"":""Río Segundo"",""fa"":""ریو سگوندو"",""de"":""Río Segundo"",""es"":""Río Segundo"",""fr"":""Río Segundo"",""ja"":""リオセグンド"",""it"":""Río Segundo"",""zh-CN"":""里奥塞贡多"",""tr"":""Rio Segundo"",""ru"":""Рио Сегундо"",""uk"":""Ріо-Сегундо"",""pl"":""Río Drugie"",""hi"":""रियो सेगुंडो"",""ar"":""ريو سيغوندو""}",2019-10-06T09:28:20,2025-12-02T14:39:55,1,Q1937588
1396,Río Tercero,3642,X,11,AR,city,,,-32.17301000,-64.11405000,Río Tercero,46421,America/Argentina/Cordoba,"{""br"":""Río Tercero"",""ko"":""리오 테르세로"",""pt-BR"":""Rio Tercero"",""pt"":""Rio Tercero"",""nl"":""Río Tercero"",""hr"":""Río Tercero"",""fa"":""ریو ترسرو"",""de"":""Río Tercero"",""es"":""Río Tercero"",""fr"":""Río Tercero"",""ja"":""リオ・テルセロ"",""it"":""Río Tercero"",""zh-CN"":""里奥特塞罗"",""tr"":""Üçüncü Nehir"",""ru"":""Рио Терсеро"",""uk"":""Ріо-Терсеро"",""pl"":""Río Tercero"",""hi"":""रियो टेरसेरो"",""ar"":""ريو تيرسيرو""}",2019-10-06T09:28:20,2025-12-02T14:39:55,1,Q994351
1397,Río Turbio,3649,Z,11,AR,city,,,-51.53587000,-72.33673000,Río Turbio,6650,America/Argentina/Rio_Gallegos,"{""br"":""Río Turbio"",""ko"":""리오 투르비오"",""pt-BR"":""Rio Turbio"",""pt"":""Rio Turbio"",""nl"":""Río Turbio"",""hr"":""Río Turbio"",""fa"":""ریو توربو"",""de"":""Río Turbio"",""es"":""Río Turbio"",""fr"":""Rivière Turbio"",""ja"":""リオ・トゥルビオ"",""it"":""Río Turbio"",""zh-CN"":""里奥图尔比奥"",""tr"":""Rio Turbio"",""ru"":""Рио Турбио"",""uk"":""Ріо-Турбіо"",""pl"":""Río Turbio"",""hi"":""रियो टर्बियो"",""ar"":""ريو توربيو""}",2019-10-06T09:28:20,2025-12-02T14:39:55,1,Q2608901
1398,Sacanta,3642,X,11,AR,city,,,-31.66300000,-63.04505000,Sacanta,2791,America/Argentina/Buenos_Aires,"{""br"":""Sacanta"",""ko"":""사칸타"",""pt-BR"":""Sacanta"",""pt"":""Sacanta"",""nl"":""Sacanta"",""hr"":""Sacanta"",""fa"":""ساکانتا"",""de"":""Sacanta"",""es"":""Sacanta"",""fr"":""Sacanta"",""ja"":""サカンタ"",""it"":""Sacanta"",""zh-CN"":""萨坎塔"",""tr"":""Sacanta"",""ru"":""Саканта"",""uk"":""Саканта"",""pl"":""Sacanta"",""hi"":""सकैंटा"",""ar"":""ساكانتا""}",2019-10-06T09:28:20,2025-12-02T17:11:50,1,Q9072519
1399,Saladas,3638,W,11,AR,adm2,,,-28.25384000,-58.62591000,Ensaladas,18349,America/Argentina/Cordoba,"{""br"":""Saladennoù"",""ko"":""살라다스"",""pt-BR"":""Saladas"",""pt"":""Saladas"",""nl"":""Salades"",""hr"":""Salate"",""fa"":""سالادها"",""de"":""Salate"",""es"":""Ensaladas"",""fr"":""Salades"",""ja"":""サラダ"",""it"":""Saladas"",""zh-CN"":""沙拉"",""tr"":""Salatalar"",""ru"":""Салаты"",""uk"":""Салати"",""pl"":""Sałatki"",""hi"":""सलादा"",""ar"":""السلطات""}",2019-10-06T09:28:20,2025-12-02T14:39:55,1,Q544023
1400,Saldán,3642,X,11,AR,section,,,-31.30262000,-64.30700000,Salmón,2099,America/Argentina/Buenos_Aires,"{""br"":""Saldán"",""ko"":""살단"",""pt-BR"":""Saldán"",""pt"":""Saldán"",""nl"":""Saldán"",""hr"":""Saldán"",""fa"":""سالدان"",""de"":""Saldán"",""es"":""Saldán"",""fr"":""Saldán"",""ja"":""サルダン"",""it"":""Saldán"",""zh-CN"":""萨尔丹"",""tr"":""Saldan"",""ru"":""Салдан"",""uk"":""Салдан"",""pl"":""Saldán"",""hi"":""Saldan"",""ar"":""سالدان""}",2019-10-06T09:28:20,2025-12-02T17:11:50,1,Q2214082
1401,Salsacate,3642,X,11,AR,adm2,,,-31.31842000,-65.09003000,Salsacato,1275,America/Argentina/Cordoba,"{""br"":""Salsakat"",""ko"":""살사케이트"",""pt-BR"":""Salsacate"",""pt"":""Salsacate"",""nl"":""Salsacate"",""hr"":""Salsacate"",""fa"":""سالساکات"",""de"":""Salsacate"",""es"":""Salsacate"",""fr"":""Salsacate"",""ja"":""サルサケート"",""it"":""Salsacate"",""zh-CN"":""萨尔萨卡特"",""tr"":""Salsakat"",""ru"":""Сальсакат"",""uk"":""Сальсакат"",""pl"":""Salsacate"",""hi"":""साल्साकेट"",""ar"":""صلصة السالساكات""}",2019-10-06T09:28:20,2025-12-02T14:39:55,1,Q3111167
1402,Salsipuedes,3642,X,11,AR,city,,,-31.13725000,-64.29589000,Salsipuedes,6411,America/Argentina/Buenos_Aires,"{""br"":""Salsipuedes"",""ko"":""살시푸에데스"",""pt-BR"":""Salsipuedes"",""pt"":""Salsipuedes"",""nl"":""Salsipuedes"",""hr"":""Salsipuedes"",""fa"":""سالسیپودس"",""de"":""Salsipuedes"",""es"":""Salsipuedes"",""fr"":""Salsipuedes"",""ja"":""サルシプエデス"",""it"":""Salsicce"",""zh-CN"":""萨尔西普埃德斯"",""tr"":""Salsipuedes"",""ru"":""Сальсипуэдес"",""uk"":""Козляки"",""pl"":""Salsipuedes"",""hi"":""साल्सिपुएडेस"",""ar"":""سالسيبويديس""}",2019-10-06T09:28:20,2025-12-02T17:11:50,1,Q21833759
1403,Salta,3643,A,11,AR,adm1,,,-24.78590000,-65.41166000,Salta,535303,America/Argentina/Buenos_Aires,"{""br"":""Holen"",""ko"":""살타"",""pt-BR"":""Salta"",""pt"":""Salta"",""nl"":""Salta"",""hr"":""Salta"",""fa"":""سالتا"",""de"":""Salta"",""es"":""Salta"",""fr"":""Salta"",""ja"":""サルタ"",""it"":""Salta"",""zh-CN"":""萨尔塔"",""tr"":""Salta"",""ru"":""Сальта"",""uk"":""Сальта"",""pl"":""Salta"",""hi"":""साल्टा"",""ar"":""سالتا""}",2019-10-06T09:28:20,2025-12-02T17:11:50,1,Q36307
1404,Sampacho,3642,X,11,AR,city,,,-33.38390000,-64.72211000,Sampacho,7238,America/Argentina/Cordoba,"{""br"":""Sampacho"",""ko"":""삼파초"",""pt-BR"":""Sampacho"",""pt"":""Sampacho"",""nl"":""Sampacho"",""hr"":""Sampacho"",""fa"":""سامپاچو"",""de"":""Sampacho"",""es"":""Sampacho"",""fr"":""Sampacho"",""ja"":""サンパチョ"",""it"":""Sampacho"",""zh-CN"":""桑帕乔"",""tr"":""Sampacho"",""ru"":""Сампачо"",""uk"":""Сампачо"",""pl"":""Sampacho"",""hi"":""सम्पाचो"",""ar"":""سامباتشو""}",2019-10-06T09:28:20,2025-12-02T14:39:55,1,Q2982604
1405,Samuhú,3640,H,11,AR,city,,,-27.52116000,-60.39167000,Samuhú,2223,America/Argentina/Cordoba,"{""br"":""Samuhú"",""ko"":""사무후"",""pt-BR"":""Samuhú"",""pt"":""Samuhú"",""nl"":""Samuhú"",""hr"":""Samuhú"",""fa"":""ساموهو"",""de"":""Samuhú"",""es"":""Samuhú"",""fr"":""Samuhú"",""ja"":""サムフ"",""it"":""Samuhú"",""zh-CN"":""萨穆胡"",""tr"":""Samuhú"",""ru"":""Самуху"",""uk"":""Самуху"",""pl"":""Samuhú"",""hi"":""समुहु"",""ar"":""ساموهو""}",2019-10-06T09:28:20,2025-12-02T14:39:55,1,Q7413040
1406,San Agustín,3642,X,11,AR,adm2,,,-31.97681000,-64.37400000,San Agustín,3317,America/Argentina/Cordoba,"{""br"":""San Agustín"",""ko"":""산 아구스틴"",""pt-BR"":""Santo Agostinho"",""pt"":""Santo Agostinho"",""nl"":""San Agustín"",""hr"":""San Agustín"",""fa"":""سن آگوستین"",""de"":""San Agustín"",""es"":""San Agustín"",""fr"":""Saint Augustin"",""ja"":""サン・アグスティン"",""it"":""San Agustín"",""zh-CN"":""圣奥古斯丁"",""tr"":""San Agustin"",""ru"":""Сан-Агустин"",""uk"":""Сан-Агустін"",""pl"":""Święty Agustín"",""hi"":""सैन अगस्टिन"",""ar"":""سان أوغستين""}",2019-10-06T09:28:20,2025-12-02T14:39:55,1,Q1863952
1407,San Agustín de Valle Fértil,3634,J,11,AR,adm2,,,-30.63353000,-67.46821000,San Agustín de Valle Fértil,6864,America/Argentina/San_Juan,"{""br"":""San Agustín de Valle Fértil"",""ko"":""산 아구스틴 데 발레 페르틸"",""pt-BR"":""San Agustín de Valle Fértil"",""pt"":""San Agustín de Valle Fértil"",""nl"":""San Agustín de Valle Fértil"",""hr"":""San Agustín de Valle Fértil"",""fa"":""سن آگوستین دو واله فرتیل"",""de"":""San Agustín de Valle Fértil"",""es"":""San Agustín de Valle Fértil"",""fr"":""San Agustín de Valle Fértil"",""ja"":""サン・アグスティン・デ・バジェ・フェルティル"",""it"":""San Agustín de Valle Fértil"",""zh-CN"":""圣奥古斯丁·德瓦列费蒂尔"",""tr"":""San Agustín de Valle Fértil"",""ru"":""Сан-Агустин-де-Валье-Фертиль"",""uk"":""Сан-Агустін-де-Вальє-Фертіль"",""pl"":""San Agustín de Valle Fértil"",""hi"":""सैन अगस्टिन डे वैले फर्टिल"",""ar"":""سان أغوستين دي فالي فيرتيل""}",2019-10-06T09:28:20,2025-12-02T14:39:55,1,Q21833794
1408,San Antonio,3647,K,11,AR,city,,,-28.01009000,-65.70874000,San Antonio,4290,America/Argentina/Catamarca,"{""br"":""San Antonio"",""ko"":""샌안토니오"",""pt-BR"":""Santo Antônio"",""pt"":""Santo Antônio"",""nl"":""San Antonio"",""hr"":""San Antonio"",""fa"":""سن آنتونیو"",""de"":""San Antonio"",""es"":""San Antonio"",""fr"":""San Antonio"",""ja"":""サンアントニオ"",""it"":""San Antonio"",""zh-CN"":""圣安东尼奥"",""tr"":""San Antonio"",""ru"":""Сан-Антонио"",""uk"":""Сан-Антоніо"",""pl"":""San Antonio"",""hi"":""सेन एंटोनियो"",""ar"":""سان أنطونيو""}",2019-10-06T09:28:20,2025-12-02T14:39:55,1,Q7413304
1409,San Antonio Oeste,3639,R,11,AR,adm2,,,-40.73193000,-64.94769000,San Antonio Oeste,16265,America/Argentina/Salta,"{""br"":""San Antonio Oeste"",""ko"":""산 안토니오 오에스테"",""pt-BR"":""Santo Antônio Oeste"",""pt"":""Santo Antônio Oeste"",""nl"":""San Antonio Oost"",""hr"":""San Antonio Oeste"",""fa"":""سن آنتونیو اوسته"",""de"":""San Antonio Oeste"",""es"":""San Antonio Oeste"",""fr"":""San Antonio Ouest"",""ja"":""サンアントニオオエステ"",""it"":""San Antonio Oeste"",""zh-CN"":""圣安东尼奥西"",""tr"":""San Antonio Batı"",""ru"":""Сан-Антонио-Оэсте"",""uk"":""Сан-Антоніо Оесте"",""pl"":""San Antonio Oeste"",""hi"":""सैन एंटोनियो ओस्टे"",""ar"":""سان أنطونيو أويستي""}",2019-10-06T09:28:20,2025-12-02T14:39:55,1,Q1894082
1410,San Antonio de Litín,3642,X,11,AR,city,,,-32.21377000,-62.63237000,San Antonio de Litín,1240,America/Argentina/Cordoba,"{""br"":""San Antonio de Litín"",""ko"":""산 안토니오 데 리틴"",""pt-BR"":""Santo Antônio de Litín"",""pt"":""Santo Antônio de Litín"",""nl"":""San Antonio de Litín"",""hr"":""San Antonio de Litín"",""fa"":""سن آنتونیو د لیتین"",""de"":""San Antonio de Litín"",""es"":""San Antonio de Litín"",""fr"":""San Antonio de Litín"",""ja"":""サン・アントニオ・デ・リティン"",""it"":""San Antonio de Litín"",""zh-CN"":""圣安东尼奥·德利廷"",""tr"":""San Antonio de Litín"",""ru"":""Сан-Антонио-де-Литин"",""uk"":""Сан-Антоніо-де-Літін"",""pl"":""San Antonio de Litín"",""hi"":""सैन एंटोनियो डी लिटिन"",""ar"":""سان أنطونيو دي ليتين""}",2019-10-06T09:28:20,2025-12-02T14:39:55,1,Q9073324
1411,San Antonio de los Cobres,3643,A,11,AR,adm2,,,-24.21804000,-66.31877000,San Antonio de los Cobres,4000,America/Argentina/Salta,"{""br"":""San Antonio de los Cobres"",""ko"":""산 안토니오 데 로스 코브레스"",""pt-BR"":""San Antonio de los Cobres"",""pt"":""San Antonio de los Cobres"",""nl"":""San Antonio de los Cobres"",""hr"":""San Antonio de los Cobres"",""fa"":""سن آنتونیو د لوس کوبرس"",""de"":""San Antonio de los Cobres"",""es"":""San Antonio de los Cobres"",""fr"":""San Antonio de los Cobres"",""ja"":""サン・アントニオ・デ・ロス・コブレス"",""it"":""San Antonio de los Cobres"",""zh-CN"":""圣安东尼奥·德洛斯科布雷斯"",""tr"":""San Antonio de los Cobres"",""ru"":""Сан-Антонио-де-лос-Кобрес"",""uk"":""Сан-Антоніо-де-лос-Кобрес"",""pl"":""San Antonio de los Cobres"",""hi"":""सैन एंटोनियो डे लॉस कोबरेस"",""ar"":""سان أنطونيو دي لوس كوبريس""}",2019-10-06T09:28:20,2025-12-02T14:39:55,1,Q1563449
1412,San Basilio,3642,X,11,AR,city,,,-33.49763000,-64.31495000,San Basilio,2882,America/Argentina/Cordoba,"{""br"":""San Basilio"",""ko"":""산 바실리오"",""pt-BR"":""São Basílio"",""pt"":""São Basílio"",""nl"":""San Basilio"",""hr"":""San Basilio"",""fa"":""سن باسیلیو"",""de"":""San Basilio"",""es"":""San Basilio"",""fr"":""Saint Basilio"",""ja"":""サン・バジリオ"",""it"":""San Basilio"",""zh-CN"":""圣巴西利奥"",""tr"":""San Basilio"",""ru"":""Сан-Базилио"",""uk"":""Сан-Базиліо"",""pl"":""Święty Bazyli"",""hi"":""सैन बेसिलियो"",""ar"":""سان باسيليو""}",2019-10-06T09:28:20,2025-12-02T14:39:55,1,Q21833822
1413,San Benito,3654,E,11,AR,city,,,-31.78371000,-60.44156000,San Benito,6771,America/Argentina/Cordoba,"{""br"":""San Benito"",""ko"":""산 베니토"",""pt-BR"":""São Bento"",""pt"":""São Bento"",""nl"":""San Benito"",""hr"":""San Benito"",""fa"":""سن بنیتو"",""de"":""San Benito"",""es"":""San Benito"",""fr"":""San Benito"",""ja"":""サンベニート"",""it"":""San Benito"",""zh-CN"":""圣贝尼托"",""tr"":""San Benito"",""ru"":""Сан-Бенито"",""uk"":""Сан-Беніто"",""pl"":""San Benito"",""hi"":""सैन बेनिटो"",""ar"":""سان بينيتو""}",2019-10-06T09:28:20,2025-12-02T14:39:55,1,Q5243488
1414,San Bernardo,3640,H,11,AR,adm2,,,-27.28782000,-60.71252000,San Bernardo,11101,America/Argentina/Cordoba,"{""br"":""San Bernardo"",""ko"":""산 베르나르도"",""pt-BR"":""São Bernardo"",""pt"":""São Bernardo"",""nl"":""San Bernardo"",""hr"":""San Bernardo"",""fa"":""سن برناردو"",""de"":""San Bernardo"",""es"":""San Bernardo"",""fr"":""San Bernardo"",""ja"":""サンベルナルド"",""it"":""San Bernardo"",""zh-CN"":""圣贝尔纳多"",""tr"":""San Bernardo"",""ru"":""Сан-Бернардо"",""uk"":""Сан-Бернардо"",""pl"":""San Bernardo"",""hi"":""सैन बर्नार्डो"",""ar"":""سان برناردو""}",2019-10-06T09:28:20,2025-12-02T14:39:55,1,Q967629
1415,San Carlos,3642,X,11,AR,adm2,,,-31.17761000,-65.10245000,San Carlos,3350,America/Argentina/Buenos_Aires,"{""br"":""San Carlos"",""ko"":""산 카를로스"",""pt-BR"":""São Carlos"",""pt"":""São Carlos"",""nl"":""San Carlos"",""hr"":""San Carlos"",""fa"":""سن کارلوس"",""de"":""San Carlos"",""es"":""San Carlos"",""fr"":""San Carlos"",""ja"":""サンカルロス"",""it"":""San Carlos"",""zh-CN"":""圣卡洛斯"",""tr"":""San Carlos"",""ru"":""Сан-Карлос"",""uk"":""Сан-Карлос"",""pl"":""San Carlos"",""hi"":""सैन कार्लोस"",""ar"":""سان كارلوس""}",2019-10-06T09:28:20,2025-12-02T17:11:50,1,Q967364
1416,San Carlos,3638,W,11,AR,city,,,-27.74586000,-55.89731000,San Carlos,3350,America/Argentina/Cordoba,"{""br"":""San Carlos"",""ko"":""산 카를로스"",""pt-BR"":""São Carlos"",""pt"":""São Carlos"",""nl"":""San Carlos"",""hr"":""San Carlos"",""fa"":""سن کارلوس"",""de"":""San Carlos"",""es"":""San Carlos"",""fr"":""San Carlos"",""ja"":""サンカルロス"",""it"":""San Carlos"",""zh-CN"":""圣卡洛斯"",""tr"":""San Carlos"",""ru"":""Сан-Карлос"",""uk"":""Сан-Карлос"",""pl"":""San Carlos"",""hi"":""सैन कार्लोस"",""ar"":""سان كارلوس""}",2019-10-06T09:28:20,2025-12-02T14:39:55,1,Q21827699
1417,San Carlos Centro,3641,S,11,AR,city,,,-31.72864000,-61.09192000,San Carlos Centro,10465,America/Argentina/Cordoba,"{""br"":""Kreizenn San Carlos"",""ko"":""산 카를로스 센트로"",""pt-BR"":""Centro de São Carlos"",""pt"":""Centro de São Carlos"",""nl"":""San Carlos Centrum"",""hr"":""Centar San Carlosa"",""fa"":""سن کارلوس سنترو"",""de"":""San Carlos Centro"",""es"":""Centro de San Carlos"",""fr"":""Centre de San Carlos"",""ja"":""サンカルロスセントロ"",""it"":""San Carlos Centro"",""zh-CN"":""圣卡洛斯中心"",""tr"":""San Carlos Merkezi"",""ru"":""Сан-Карлос-Сентро"",""uk"":""Центр Сан-Карлоса"",""pl"":""Centrum San Carlos"",""hi"":""सैन कार्लोस सेंट्रो"",""ar"":""سان كارلوس سنترو""}",2019-10-06T09:28:20,2025-12-02T14:39:55,1,Q2261100
1418,San Carlos de Bariloche,3639,R,11,AR,adm3,,,-41.14557000,-71.30822000,San Carlos de Bariloche,95394,America/Argentina/Salta,"{""br"":""San Carlos de Bariloche"",""ko"":""산 카를로스 데 바릴로체"",""pt-BR"":""São Carlos de Bariloche"",""pt"":""São Carlos de Bariloche"",""nl"":""San Carlos de Bariloche"",""hr"":""San Carlos de Bariloche"",""fa"":""سن کارلوس د باریلوچه"",""de"":""San Carlos de Bariloche"",""es"":""San Carlos de Bariloche"",""fr"":""San Carlos de Bariloche"",""ja"":""サンカルロスデバリローチェ"",""it"":""San Carlos de Bariloche"",""zh-CN"":""圣卡洛斯-德巴里洛切"",""tr"":""San Carlos de Bariloche"",""ru"":""Сан-Карлос-де-Барилоче"",""uk"":""Сан-Карлос-де-Барілоче"",""pl"":""San Carlos de Bariloche"",""hi"":""सैन कार्लोस डी बारिलोचे"",""ar"":""سان كارلوس دي باريلوتشي""}",2019-10-06T09:28:20,2025-12-02T14:39:55,1,Q47772
1419,San Cosme,3638,W,11,AR,adm2,,,-27.37123000,-58.51214000,San Cosme,4429,America/Argentina/Cordoba,"{""br"":""San Cosme"",""ko"":""산 코스메"",""pt-BR"":""São Cosme"",""pt"":""São Cosme"",""nl"":""San Cosme"",""hr"":""San Cosme"",""fa"":""سان کازمه"",""de"":""San Cosme"",""es"":""San Cosme"",""fr"":""San Cosme"",""ja"":""サンコスメ"",""it"":""San Cosme"",""zh-CN"":""圣科斯梅"",""tr"":""San Cosme"",""ru"":""Сан Косме"",""uk"":""Сан-Косме"",""pl"":""San Cosme"",""hi"":""सैन कॉस्मे"",""ar"":""سان كوزمي""}",2019-10-06T09:28:20,2025-12-02T14:39:55,1,Q21827707
1420,San Cristóbal,3641,S,11,AR,adm2,,,-30.31053000,-61.23724000,San Cristóbal,14389,America/Argentina/Cordoba,"{""br"":""San Cristóbal"",""ko"":""산 크리스토발"",""pt-BR"":""São Cristóvão"",""pt"":""São Cristóvão"",""nl"":""San Cristóbal"",""hr"":""San Cristóbal"",""fa"":""سن کریستوبال"",""de"":""San Cristóbal"",""es"":""San Cristóbal"",""fr"":""San Cristóbal"",""ja"":""サン・クリストバル"",""it"":""San Cristobal"",""zh-CN"":""圣克里斯托瓦尔"",""tr"":""San Cristóbal"",""ru"":""Сан-Кристобаль"",""uk"":""Сан-Крістобаль"",""pl"":""San Cristóbal"",""hi"":""सैन क्रिस्टोबल"",""ar"":""سان كريستوبال""}",2019-10-06T09:28:20,2025-12-02T14:39:55,1,Q607174
1421,San Fernando del Valle de Catamarca,3647,K,11,AR,city,,,-28.46957000,-65.78524000,San Fernando del Valle de Catamarca,159139,America/Argentina/Buenos_Aires,"{""br"":""San Fernando del Valle de Catamarca"",""ko"":""산 페르난도 델 발레 데 카타마르카"",""pt-BR"":""San Fernando del Valle de Catamarca"",""pt"":""San Fernando del Valle de Catamarca"",""nl"":""San Fernando del Valle de Catamarca"",""hr"":""San Fernando del Valle de Catamarca"",""fa"":""سن فرناندو دل واله د کاتامارکا"",""de"":""San Fernando del Valle de Catamarca"",""es"":""San Fernando del Valle de Catamarca"",""fr"":""San Fernando del Valle de Catamarca"",""ja"":""サン フェルナンド デル バジェ デ カタマルカ"",""it"":""San Fernando del Valle de Catamarca"",""zh-CN"":""卡塔马卡谷圣费尔南多"",""tr"":""San Fernando del Valle de Catamarca"",""ru"":""Сан-Фернандо-дель-Валле-де-Катамарка"",""uk"":""Сан-Фернандо-дель-Вальє-де-Катамарка"",""pl"":""San Fernando del Valle de Catamarca"",""hi"":""सैन फर्नांडो डेल वैले डी कैटामार्का"",""ar"":""سان فرناندو ديل فالي دي كاتاماركا""}",2019-10-06T09:28:20,2025-12-02T16:59:27,1,Q44162
1422,San Francisco,3642,X,11,AR,adm2,,,-31.42797000,-62.08266000,San Francisco,59062,America/Argentina/Cordoba,"{""br"":""San Francisco"",""ko"":""샌프란시스코"",""pt-BR"":""São Francisco"",""pt"":""São Francisco"",""nl"":""San Francisco"",""hr"":""San Francisco"",""fa"":""سانفرانسیسکو"",""de"":""San Francisco"",""es"":""San Francisco"",""fr"":""San Francisco"",""ja"":""サンフランシスコ"",""it"":""San Francisco"",""zh-CN"":""旧金山"",""tr"":""San Francisco"",""ru"":""Сан-Франциско"",""uk"":""Сан-Франциско"",""pl"":""San Francisco"",""hi"":""सैन फ्रांसिस्को"",""ar"":""سان فرانسيسكو""}",2019-10-06T09:28:20,2025-12-02T14:39:55,1,Q949535
1423,San Francisco de Laishí,3652,P,11,AR,adm2,,,-26.24262000,-58.63039000,San Francisco de Laishí,4384,America/Argentina/Cordoba,"{""br"":""San Francisco de Laishí"",""ko"":""산 프란시스코 데 라이시"",""pt-BR"":""São Francisco de Laishí"",""pt"":""São Francisco de Laishí"",""nl"":""San Francisco de Laishí"",""hr"":""San Francisco de Laishí"",""fa"":""سان فرانسیسکو دِ لایشی"",""de"":""San Francisco de Laishí"",""es"":""San Francisco de Laishí"",""fr"":""San Francisco de Laishí"",""ja"":""サン・フランシスコ・デ・ライシ"",""it"":""San Francisco de Laishí"",""zh-CN"":""圣弗朗西斯科·德·莱什"",""tr"":""San Francisco de Laishí"",""ru"":""Сан-Франциско-де-Лаиши"",""uk"":""Сан-Франциско де Лаїші"",""pl"":""San Francisco de Laishí"",""hi"":""सैन फ्रांसिस्को डी लैशी"",""ar"":""سان فرانسيسكو دي لايشي""}",2019-10-06T09:28:20,2025-12-02T14:39:55,1,Q994886
1424,San Francisco del Chañar,3642,X,11,AR,adm2,,,-29.78830000,-63.94411000,San Francisco del Chañar,2256,America/Argentina/Cordoba,"{""br"":""San Francisco del Chañar"",""ko"":""산 프란시스코 델 차냐르"",""pt-BR"":""São Francisco del Chañar"",""pt"":""São Francisco del Chañar"",""nl"":""San Francisco del Chañar"",""hr"":""San Francisco del Chanar"",""fa"":""سان فرانسیسکو دل چانار"",""de"":""San Francisco del Chañar"",""es"":""San Francisco del Chañar"",""fr"":""San Francisco del Chañar"",""ja"":""サン・フランシスコ・デル・チャニャル"",""it"":""San Francisco del Chañar"",""zh-CN"":""圣弗朗西斯科·德尔·查尼亚尔"",""tr"":""San Francisco del Chañar"",""ru"":""Сан-Франциско-дель-Чаньяр"",""uk"":""Сан-Франциско-дель-Чаньяр"",""pl"":""San Francisco del Chañar"",""hi"":""सैन फ्रांसिस्को डेल चानार"",""ar"":""سان فرانسيسكو ديل شانيار""}",2019-10-06T09:28:20,2025-12-02T14:39:55,1,Q3082023
1425,San Francisco del Monte de Oro,3636,D,11,AR,adm2,,,-32.59825000,-66.12539000,San Francisco del Monte de Oro,3295,America/Argentina/San_Luis,"{""br"":""San Francisco del Monte de Oro"",""ko"":""샌프란시스코 델 몬테 데 오로"",""pt-BR"":""São Francisco del Monte de Oro"",""pt"":""São Francisco del Monte de Oro"",""nl"":""San Francisco del Monte de Oro"",""hr"":""San Francisco del Monte de Oro"",""fa"":""سانفرانسیسکو دل مونت د اورو"",""de"":""San Francisco del Monte de Oro"",""es"":""San Francisco del Monte de Oro"",""fr"":""San Francisco del Monte de Oro"",""ja"":""サンフランシスコ デル モンテ デ オロ"",""it"":""San Francisco del Monte d'Oro"",""zh-CN"":""旧金山德尔蒙特德奥罗"",""tr"":""San Francisco del Monte de Oro"",""ru"":""Сан-Франциско дель Монте де Оро"",""uk"":""Сан-Франциско дель Монте де Оро"",""pl"":""San Francisco del Monte de Oro"",""hi"":""सैन फ्रांसिस्को डेल मोंटे डे ओरो"",""ar"":""سان فرانسيسكو ديل مونتي دي أورو""}",2019-10-06T09:28:20,2025-12-02T14:39:55,1,Q1015495
1426,San Gustavo,3654,E,11,AR,city,,,-30.68961000,-59.39840000,San Gustavo,1307,America/Argentina/Cordoba,"{""br"":""San Gustavo"",""ko"":""산 구스타보"",""pt-BR"":""São Gustavo"",""pt"":""São Gustavo"",""nl"":""San Gustavo"",""hr"":""San Gustavo"",""fa"":""سن گوستاوو"",""de"":""San Gustavo"",""es"":""San Gustavo"",""fr"":""Saint Gustave"",""ja"":""サン・グスタボ"",""it"":""San Gustavo"",""zh-CN"":""圣古斯塔沃"",""tr"":""San Gustavo"",""ru"":""Сан-Густаво"",""uk"":""Сан-Густаво"",""pl"":""Święty Gustaw"",""hi"":""सैन गुस्तावो"",""ar"":""سان جوستافو""}",2019-10-06T09:28:20,2025-12-02T14:39:55,1,Q9073465
1427,San Javier,3641,S,11,AR,adm2,,,-30.57781000,-59.93170000,San Javier,13604,America/Argentina/Cordoba,"{""br"":""San Javier"",""ko"":""산 하비에르"",""pt-BR"":""São Javier"",""pt"":""São Javier"",""nl"":""San Javier"",""hr"":""San Javier"",""fa"":""سن خاویر"",""de"":""San Javier"",""es"":""San Javier"",""fr"":""San Javier"",""ja"":""サン・ハビエル"",""it"":""San Javier"",""zh-CN"":""圣哈维尔"",""tr"":""San Javier"",""ru"":""Сан-Хавьер"",""uk"":""Сан-Хав'єр"",""pl"":""San Javier"",""hi"":""सैन जेवियर"",""ar"":""سان خافيير""}",2019-10-06T09:28:20,2025-12-02T14:39:55,1,Q2527694
1428,San Jorge,3641,S,11,AR,city,,,-31.89618000,-61.85984000,San Jorge,19521,America/Argentina/Cordoba,"{""br"":""San Jorge"",""ko"":""산 호르헤"",""pt-BR"":""São Jorge"",""pt"":""São Jorge"",""nl"":""San Jorge"",""hr"":""San Jorge"",""fa"":""سن خورخه"",""de"":""San Jorge"",""es"":""San Jorge"",""fr"":""Saint-Georges"",""ja"":""サンホルヘ"",""it"":""San Giorgio"",""zh-CN"":""圣豪尔赫"",""tr"":""San Jorge"",""ru"":""Сан-Хорхе"",""uk"":""Сан-Хорхе"",""pl"":""Święty Jerzy"",""hi"":""सैन जॉर्ज"",""ar"":""سان خورخي""}",2019-10-06T09:28:20,2025-12-02T14:39:55,1,Q21833909
1429,San José,3644,N,11,AR,city,,,-27.76979000,-55.78260000,San José,6452,America/Argentina/Cordoba,"{""br"":""San José"",""ko"":""산호세"",""pt-BR"":""São José"",""pt"":""São José"",""nl"":""San José"",""hr"":""San José"",""fa"":""سن خوزه"",""de"":""San José"",""es"":""San José"",""fr"":""San José"",""ja"":""サンホセ"",""it"":""San José"",""zh-CN"":""圣何塞"",""tr"":""San Jose"",""ru"":""Сан-Хосе"",""uk"":""Сан-Хосе"",""pl"":""San Jose"",""hi"":""सैन होज़े"",""ar"":""سان خوسيه""}",2019-10-06T09:28:20,2025-12-02T14:39:55,1,Q7414513
1430,San José de Feliciano,3654,E,11,AR,adm2,,,-30.38452000,-58.75167000,San José de Feliciano,10282,America/Argentina/Cordoba,"{""br"":""San José de Feliciano"",""ko"":""산 호세 데 펠리시아노"",""pt-BR"":""São José de Feliciano"",""pt"":""São José de Feliciano"",""nl"":""San José de Feliciano"",""hr"":""San José de Feliciano"",""fa"":""سن خوزه د فلیسیانو"",""de"":""San José de Feliciano"",""es"":""San José de Feliciano"",""fr"":""San José de Feliciano"",""ja"":""サン・ホセ・デ・フェリシアーノ"",""it"":""San José de Feliciano"",""zh-CN"":""圣何塞·德·费利西亚诺"",""tr"":""San José de Feliciano"",""ru"":""Сан-Хосе-де-Фелисиано"",""uk"":""Сан-Хосе-де-Фелісіано"",""pl"":""San José de Feliciano"",""hi"":""सैन जोस डे फेलिसियानो"",""ar"":""سان خوسيه دي فيليسيانو""}",2019-10-06T09:28:20,2025-12-02T14:39:55,1,Q2501258
1431,San José de Jáchal,3634,J,11,AR,adm2,,,-30.24057000,-68.74693000,San José de Jáchal,21018,America/Argentina/San_Juan,"{""br"":""San José de Jáchal"",""ko"":""산 호세 데 하찰"",""pt-BR"":""São José de Jáchal"",""pt"":""São José de Jáchal"",""nl"":""San José de Jáchal"",""hr"":""San José de Jáchal"",""fa"":""سن خوزه د یاچال"",""de"":""San José de Jáchal"",""es"":""San José de Jáchal"",""fr"":""San José de Jáchal"",""ja"":""サン・ホセ・デ・ハチャル"",""it"":""San José de Jáchal"",""zh-CN"":""圣何塞·德·哈查尔"",""tr"":""San José de Jáchal"",""ru"":""Сан-Хосе-де-Хачал"",""uk"":""Сан-Хосе-де-Хахал"",""pl"":""San José de Jáchal"",""hi"":""सैन जोस डे जाचल"",""ar"":""سان خوسيه دي جاشال""}",2019-10-06T09:28:20,2025-12-02T14:39:55,1,Q1018389
1432,San José de la Dormida,3642,X,11,AR,city,,,-30.35440000,-63.94871000,San José de la Dormida,3272,America/Argentina/Cordoba,"{""br"":""San José de la Dormida"",""ko"":""산 호세 데 라 도르미다"",""pt-BR"":""San José de la Dormida"",""pt"":""San José de la Dormida"",""nl"":""San José de la Dormida"",""hr"":""San José de la Dormida"",""fa"":""سن خوزه د لا دورمیدا"",""de"":""San José de la Dormida"",""es"":""San José de la Dormida"",""fr"":""San José de la Dormida"",""ja"":""サン・ホセ・デ・ラ・ドルミダ"",""it"":""San José de la Dormida"",""zh-CN"":""圣何塞·德拉多米达"",""tr"":""San José de la Dormida"",""ru"":""Сан-Хосе-де-ла-Дормида"",""uk"":""Сан-Хосе-де-ла-Дорміда"",""pl"":""San José de la Dormida"",""hi"":""सैन जोस डे ला डोर्मिडा"",""ar"":""سان خوسيه دي لا دورميدا""}",2019-10-06T09:28:20,2025-12-02T14:39:55,1,Q6119038
1433,San Juan,3634,J,11,AR,city,,,-31.53750000,-68.53639000,San Juan,19092,America/Argentina/San_Juan,"{""br"":""San Juan"",""ko"":""산후안"",""pt-BR"":""São João"",""pt"":""São João"",""nl"":""San Juan"",""hr"":""San Juan"",""fa"":""سن خوان"",""de"":""San Juan"",""es"":""San Juan"",""fr"":""San Juan"",""ja"":""サンファン"",""it"":""San Juan"",""zh-CN"":""圣胡安"",""tr"":""San Juan"",""ru"":""Сан-Хуан"",""uk"":""Сан-Хуан"",""pl"":""San Juan"",""hi"":""सहन जुआन"",""ar"":""سان خوان""}",2019-10-06T09:28:20,2025-12-02T14:39:55,1,Q44241
1434,San Julián,3649,Z,11,AR,adm2,,,-49.30554000,-67.72743000,San Julián,,America/Argentina/Buenos_Aires,"{""br"":""San Julián"",""ko"":""산 훌리안"",""pt-BR"":""São Julião"",""pt"":""São Julião"",""nl"":""San Julián"",""hr"":""San Julián"",""fa"":""سن جولیان"",""de"":""San Julián"",""es"":""San Julián"",""fr"":""San Julian"",""ja"":""サン・フリアン"",""it"":""San Giuliano"",""zh-CN"":""圣胡利安"",""tr"":""San Julian"",""ru"":""Сан-Хулиан"",""uk"":""Сан-Хуліан"",""pl"":""San Julian"",""hi"":""सैन जूलियन"",""ar"":""سان جوليان""}",2019-10-06T09:28:20,2025-12-02T17:11:50,1,Q955668
1435,San Justo,3654,E,11,AR,city,,,-32.44654000,-58.43569000,San Justo,1473,America/Argentina/Cordoba,"{""br"":""San Justo"",""ko"":""산 후스토"",""pt-BR"":""São Justo"",""pt"":""São Justo"",""nl"":""San Justo"",""hr"":""San Justo"",""fa"":""سن جاستو"",""de"":""San Justo"",""es"":""San Justo"",""fr"":""San Justo"",""ja"":""サンフスト"",""it"":""San Justo"",""zh-CN"":""圣胡斯托"",""tr"":""San Justo"",""ru"":""Сан-Хусто"",""uk"":""Сан-Хусто"",""pl"":""Święty Justo"",""hi"":""सैन जस्टो"",""ar"":""سان خوستو""}",2019-10-06T09:28:20,2025-12-02T14:39:55,1,Q21827757
1436,San Justo,3641,S,11,AR,adm2,,,-30.78913000,-60.59189000,San Justo,21809,America/Argentina/Cordoba,"{""br"":""San Justo"",""ko"":""산 후스토"",""pt-BR"":""São Justo"",""pt"":""São Justo"",""nl"":""San Justo"",""hr"":""San Justo"",""fa"":""سن جاستو"",""de"":""San Justo"",""es"":""San Justo"",""fr"":""San Justo"",""ja"":""サンフスト"",""it"":""San Justo"",""zh-CN"":""圣胡斯托"",""tr"":""San Justo"",""ru"":""Сан-Хусто"",""uk"":""Сан-Хусто"",""pl"":""Święty Justo"",""hi"":""सैन जस्टो"",""ar"":""سان خوستو""}",2019-10-06T09:28:20,2025-12-02T14:39:55,1,Q2134760
1437,San Lorenzo,3638,W,11,AR,city,,,-28.13306000,-58.76733000,San Lorenzo,47626,America/Argentina/Cordoba,"{""br"":""San Lorenzo"",""ko"":""산 로렌조"",""pt-BR"":""São Lourenço"",""pt"":""São Lourenço"",""nl"":""San Lorenzo"",""hr"":""San Lorenzo"",""fa"":""سن لورنزو"",""de"":""San Lorenzo"",""es"":""San Lorenzo"",""fr"":""San Lorenzo"",""ja"":""サン・ロレンツォ"",""it"":""San Lorenzo"",""zh-CN"":""圣洛伦索"",""tr"":""San Lorenzo"",""ru"":""Сан-Лоренцо"",""uk"":""Сан-Лоренцо"",""pl"":""Święty Wawrzyniec"",""hi"":""सैन लोरेंजो"",""ar"":""سان لورينزو""}",2019-10-06T09:28:20,2025-12-02T14:39:55,1,Q21827760
1438,San Luis,3636,D,11,AR,adm1,,,-33.29501000,-66.33563000,San Luis,169947,America/Argentina/Buenos_Aires,"{""br"":""San Luis"",""ko"":""산 루이스"",""pt-BR"":""São Luís"",""pt"":""São Luís"",""nl"":""San Luis"",""hr"":""San Luis"",""fa"":""سن لوئیس"",""de"":""San Luis"",""es"":""San Luis"",""fr"":""San Luis"",""ja"":""サンルイス"",""it"":""San Luis"",""zh-CN"":""圣路易斯"",""tr"":""San Luis"",""ru"":""Сан-Луис"",""uk"":""Сан-Луїс"",""pl"":""San Luis"",""hi"":""सैन लुइस"",""ar"":""سان لويس""}",2019-10-06T09:28:20,2025-12-02T17:11:50,1,Q44243
1439,San Luis del Palmar,3638,W,11,AR,adm2,,,-27.50790000,-58.55454000,San Luis del Palmar,15347,America/Argentina/Cordoba,"{""br"":""San Luis del Palmar"",""ko"":""산 루이스 델 팔마르"",""pt-BR"":""São Luís do Palmar"",""pt"":""São Luís do Palmar"",""nl"":""San Luis del Palmar"",""hr"":""San Luis del Palmar"",""fa"":""سن لوئیس دل پالمار"",""de"":""San Luis del Palmar"",""es"":""San Luis del Palmar"",""fr"":""San Luis del Palmar"",""ja"":""サン・ルイス・デル・パルマル"",""it"":""San Luis del Palmar"",""zh-CN"":""圣路易斯德尔帕尔马"",""tr"":""San Luis del Palmar"",""ru"":""Сан-Луис-дель-Пальмар"",""uk"":""Сан-Луїс-дель-Пальмар"",""pl"":""San Luis del Palmar"",""hi"":""सैन लुइस डेल पालमार"",""ar"":""سان لويس ديل بالمار""}",2019-10-06T09:28:20,2025-12-02T14:39:55,1,Q1016055
1440,San Martín,3646,M,11,AR,adm2,,,-33.08103000,-68.46814000,San Martín,0,America/Argentina/Buenos_Aires,"{""br"":""San Martín"",""ko"":""산 마르틴"",""pt-BR"":""São Martinho"",""pt"":""São Martinho"",""nl"":""San Martín"",""hr"":""San Martín"",""fa"":""سن مارتین"",""de"":""San Martín"",""es"":""San Martín"",""fr"":""Saint-Martin"",""ja"":""サン・マルティン"",""it"":""San Martino"",""zh-CN"":""圣马丁"",""tr"":""San Martin"",""ru"":""Сан-Мартин"",""uk"":""Сан-Мартін"",""pl"":""Święty Marcin"",""hi"":""सैन मार्टिन"",""ar"":""سان مارتن""}",2019-10-06T09:28:20,2025-12-02T17:11:50,1,Q1806934
1441,San Martín,3634,J,11,AR,adm2,,,-31.42957000,-68.50065000,San Martín,0,America/Argentina/Buenos_Aires,"{""br"":""San Martín"",""ko"":""산 마르틴"",""pt-BR"":""São Martinho"",""pt"":""São Martinho"",""nl"":""San Martín"",""hr"":""San Martín"",""fa"":""سن مارتین"",""de"":""San Martín"",""es"":""San Martín"",""fr"":""Saint-Martin"",""ja"":""サン・マルティン"",""it"":""San Martino"",""zh-CN"":""圣马丁"",""tr"":""San Martin"",""ru"":""Сан-Мартин"",""uk"":""Сан-Мартін"",""pl"":""Święty Marcin"",""hi"":""सैन मार्टिन"",""ar"":""سان مارتن""}",2019-10-06T09:28:20,2025-12-02T17:11:50,1,Q685766
1442,San Martín de los Andes,3648,Q,11,AR,city,,,-40.15789000,-71.35337000,San Martín de los Andes,23519,America/Argentina/Salta,"{""br"":""San Martín de los Andes"",""ko"":""산 마르틴 데 로스 안데스"",""pt-BR"":""San Martín de los Andes"",""pt"":""San Martín de los Andes"",""nl"":""San Martín de los Andes"",""hr"":""San Martín de los Andes"",""fa"":""سن مارتین دِ لوس آند"",""de"":""San Martín de los Andes"",""es"":""San Martín de los Andes"",""fr"":""San Martín de los Andes"",""ja"":""サン・マルティン・デ・ロス・アンデス"",""it"":""San Martín de los Andes"",""zh-CN"":""圣马丁德洛斯安第斯"",""tr"":""San Martín de los Andes"",""ru"":""Сан-Мартин-де-лос-Андес"",""uk"":""Сан-Мартін-де-лос-Андес"",""pl"":""San Martín de los Andes"",""hi"":""सैन मार्टिन डे लॉस एंडीज़"",""ar"":""سان مارتن دي لوس أنديس""}",2019-10-06T09:28:20,2025-12-02T14:39:55,1,Q1019152
1443,San Miguel,3638,W,11,AR,adm2,,,-27.99585000,-57.58964000,San Miguel,7396,America/Argentina/Cordoba,"{""br"":""San Miguel"",""ko"":""산 미구엘"",""pt-BR"":""São Miguel"",""pt"":""São Miguel"",""nl"":""San Miguel"",""hr"":""San Miguel"",""fa"":""سن میگل"",""de"":""San Miguel"",""es"":""San Miguel"",""fr"":""San Miguel"",""ja"":""サンミゲル"",""it"":""San Miguel"",""zh-CN"":""圣米格尔"",""tr"":""San Miguel"",""ru"":""Сан-Мигель"",""uk"":""Сан-Мігель"",""pl"":""San Miguel"",""hi"":""सैन मिगुएल"",""ar"":""سان ميغيل""}",2019-10-06T09:28:20,2025-12-02T14:39:55,1,Q1016019
1444,San Miguel de Tucumán,3637,T,11,AR,adm1,,,-26.82414000,-65.22260000,San Miguel de Tucumán,605767,America/Argentina/Buenos_Aires,"{""br"":""San Miguel de Tucumán"",""ko"":""산 미구엘 데 투쿠만"",""pt-BR"":""São Miguel de Tucumã"",""pt"":""São Miguel de Tucumã"",""nl"":""San Miguel de Tucumán"",""hr"":""San Miguel de Tucumán"",""fa"":""سن میگل د توکومان"",""de"":""San Miguel de Tucumán"",""es"":""San Miguel de Tucumán"",""fr"":""San Miguel de Tucumán"",""ja"":""サン・ミゲル・デ・トゥクマン"",""it"":""San Miguel de Tucumán"",""zh-CN"":""圣米格尔·德图库曼"",""tr"":""San Miguel de Tucumán"",""ru"":""Сан-Мигель-де-Тукуман"",""uk"":""Сан-Мігель-де-Тукуман"",""pl"":""San Miguel de Tucumán"",""hi"":""सैन मिगुएल डे तुकुमान"",""ar"":""سان ميغيل دي توكومان""}",2019-10-06T09:28:20,2025-12-02T17:11:50,1,Q44255
1445,San Pedro,3635,G,11,AR,city,,,-27.95386000,-65.16651000,San Pedro,390654,America/Argentina/Buenos_Aires,"{""br"":""San Pedro"",""ko"":""산 페드로"",""pt-BR"":""São Pedro"",""pt"":""São Pedro"",""nl"":""San Pedro"",""hr"":""San Pedro"",""fa"":""سن پدرو"",""de"":""San Pedro"",""es"":""San Pedro"",""fr"":""San Pedro"",""ja"":""サンペドロ"",""it"":""San Pedro"",""zh-CN"":""圣佩德罗"",""tr"":""San Pedro"",""ru"":""Сан-Педро"",""uk"":""Сан-Педро"",""pl"":""Święty Pedro"",""hi"":""सैन पेड्रो"",""ar"":""سان بيدرو""}",2019-10-06T09:28:20,2025-12-02T16:59:27,1,Q1015246
1446,San Pedro,3644,N,11,AR,adm2,,,-26.62207000,-54.10842000,San Pedro,23736,America/Argentina/Cordoba,"{""br"":""San Pedro"",""ko"":""산 페드로"",""pt-BR"":""São Pedro"",""pt"":""São Pedro"",""nl"":""San Pedro"",""hr"":""San Pedro"",""fa"":""سن پدرو"",""de"":""San Pedro"",""es"":""San Pedro"",""fr"":""San Pedro"",""ja"":""サンペドロ"",""it"":""San Pedro"",""zh-CN"":""圣佩德罗"",""tr"":""San Pedro"",""ru"":""Сан-Педро"",""uk"":""Сан-Педро"",""pl"":""Święty Pedro"",""hi"":""सैन पेड्रो"",""ar"":""سان بيدرو""}",2019-10-06T09:28:20,2025-12-02T14:39:55,1,Q3112883
1447,San Pedro de Jujuy,3645,Y,11,AR,adm2,,,-24.23127000,-64.86614000,San Pedro de Jujuy,71000,America/Argentina/Jujuy,"{""br"":""San Pedro de Jujuy"",""ko"":""산 페드로 데 후후이"",""pt-BR"":""San Pedro de Jujuy"",""pt"":""San Pedro de Jujuy"",""nl"":""San Pedro de Jujuy"",""hr"":""San Pedro de Jujuy"",""fa"":""سن پدرو د خوخوی"",""de"":""San Pedro de Jujuy"",""es"":""San Pedro de Jujuy"",""fr"":""San Pedro de Jujuy"",""ja"":""サン・ペドロ・デ・フフイ"",""it"":""San Pedro de Jujuy"",""zh-CN"":""圣佩德罗德胡胡伊"",""tr"":""San Pedro de Jujuy"",""ru"":""Сан-Педро-де-Жужуй"",""uk"":""Сан-Педро-де-Жухуй"",""pl"":""San Pedro de Jujuy"",""hi"":""सैन पेड्रो डी जुजुय"",""ar"":""سان بيدرو دي خوخوي""}",2019-10-06T09:28:20,2025-12-02T14:39:55,1,Q1020263
1448,San Rafael,3646,M,11,AR,adm2,,,-34.61772000,-68.33007000,San Rafael,118009,America/Argentina/Mendoza,"{""br"":""San Rafael"",""ko"":""산 라파엘"",""pt-BR"":""São Rafael"",""pt"":""São Rafael"",""nl"":""San Rafael"",""hr"":""San Rafael"",""fa"":""سن رافائل"",""de"":""San Rafael"",""es"":""San Rafael"",""fr"":""San Rafael"",""ja"":""サンラファエル"",""it"":""San Rafael"",""zh-CN"":""圣拉斐尔"",""tr"":""San Rafael"",""ru"":""Сан-Рафаэль"",""uk"":""Сан-Рафаель"",""pl"":""San Rafael"",""hi"":""सैन राफेल"",""ar"":""سان رافائيل""}",2019-10-06T09:28:20,2025-12-02T14:39:55,1,Q23044
1449,San Ramón de la Nueva Orán,3643,A,11,AR,city,,,-23.13705000,-64.32426000,San Ramón de la Nueva Orán,74059,America/Argentina/Salta,"{""br"":""San Ramón de la Nueva Orán"",""ko"":""산 라몬 데 라 누에바 오란"",""pt-BR"":""San Ramón de la Nueva Orán"",""pt"":""San Ramón de la Nueva Orán"",""nl"":""San Ramón de la Nueva Orán"",""hr"":""San Ramón de la Nueva Orán"",""fa"":""سن رامون د لا نوئوا اوران"",""de"":""San Ramón de la Nueva Orán"",""es"":""San Ramón de la Nueva Orán"",""fr"":""San Ramón de la Nueva Orán"",""ja"":""サン・ラモン・デ・ラ・ヌエバ・オラン"",""it"":""San Ramón de la Nueva Orán"",""zh-CN"":""新奥兰省圣拉蒙"",""tr"":""San Ramón de la Nueva Orán"",""ru"":""Сан-Рамон-де-ла-Нуэва-Оран"",""uk"":""Сан-Рамон-де-ла-Нуева-Оран"",""pl"":""San Ramón de la Nueva Orán"",""hi"":""सैन रामोन डे ला नुएवा ओरान"",""ar"":""سان رامون دي لا نويفا أوران""}",2019-10-06T09:28:20,2025-12-02T14:39:55,1,Q1755283
1450,San Salvador,3654,E,11,AR,adm2,,,-31.62487000,-58.50524000,San Salvador,11626,America/Argentina/Cordoba,"{""br"":""San Salvador"",""ko"":""산살바도르"",""pt-BR"":""São Salvador"",""pt"":""São Salvador"",""nl"":""San Salvador"",""hr"":""San Salvador"",""fa"":""سان سالوادور"",""de"":""San Salvador"",""es"":""San Salvador"",""fr"":""San Salvador"",""ja"":""サンサルバドル"",""it"":""San Salvador"",""zh-CN"":""圣萨尔瓦多"",""tr"":""San Salvador"",""ru"":""Сан-Сальвадор"",""uk"":""Сан-Сальвадор"",""pl"":""San Salvador"",""hi"":""सैन साल्वाडोर"",""ar"":""سان سلفادور""}",2019-10-06T09:28:20,2025-12-02T14:39:55,1,Q2065245
1451,San Salvador de Jujuy,3645,Y,11,AR,adm1,,,-24.19457000,-65.29712000,San Salvador de Jujuy,321789,America/Argentina/Jujuy,"{""br"":""San Salvador de Jujuy"",""ko"":""산 살바도르 데 후후이"",""pt-BR"":""San Salvador de Jujuy"",""pt"":""San Salvador de Jujuy"",""nl"":""San Salvador de Jujuy"",""hr"":""San Salvador de Jujuy"",""fa"":""سان سالوادور د خوخوی"",""de"":""San Salvador de Jujuy"",""es"":""San Salvador de Jujuy"",""fr"":""San Salvador de Jujuy"",""ja"":""サンサルバドルデフフイ"",""it"":""San Salvador de Jujuy"",""zh-CN"":""圣萨尔瓦多-德胡胡伊"",""tr"":""San Salvador de Jujuy"",""ru"":""Сан-Сальвадор-де-Жужуй"",""uk"":""Сан-Сальвадор-де-Жухуй"",""pl"":""San Salvador de Jujuy"",""hi"":""सैन साल्वाडोर डी जुजुय"",""ar"":""سان سلفادور دي خوخوي""}",2019-10-06T09:28:20,2025-12-02T14:39:55,1,Q44217
1452,San Vicente,3644,N,11,AR,city,,,-26.61667000,-54.13333000,San Vicente,38247,America/Argentina/Cordoba,"{""br"":""San Visente"",""ko"":""산 비센테"",""pt-BR"":""São Vicente"",""pt"":""São Vicente"",""nl"":""San Vicente"",""hr"":""San Vicente"",""fa"":""سن ویسنته"",""de"":""San Vicente"",""es"":""San Vicente"",""fr"":""Saint-Vincent"",""ja"":""サン・ビセンテ"",""it"":""San Vicente"",""zh-CN"":""圣维森特"",""tr"":""San Vicente"",""ru"":""Сан-Висенте"",""uk"":""Сан-Вісенте"",""pl"":""Święty Wincenty"",""hi"":""सैन विसेंट"",""ar"":""سان فيسينتي""}",2019-10-06T09:28:20,2025-12-02T14:39:55,1,Q21827849
1453,Santa Ana,3654,E,11,AR,city,,,-30.90004000,-57.93162000,Santa Ana,2059,America/Argentina/Cordoba,"{""br"":""Santa Ana"",""ko"":""산타 아나"",""pt-BR"":""Santa Ana"",""pt"":""Santa Ana"",""nl"":""Santa Ana"",""hr"":""Santa Ana"",""fa"":""سانتا آنا"",""de"":""Santa Ana"",""es"":""Santa Ana"",""fr"":""Santa Ana"",""ja"":""サンタアナ"",""it"":""Santa Ana"",""zh-CN"":""圣安娜"",""tr"":""Santa Ana"",""ru"":""Санта-Ана"",""uk"":""Санта-Ана"",""pl"":""Święta Ana"",""hi"":""सांता ऐना"",""ar"":""سانتا آنا""}",2019-10-06T09:28:20,2025-12-02T14:39:55,1,Q7419149
1454,Santa Anita,3654,E,11,AR,city,,,-32.17476000,-58.78622000,Santa Anita,1254,America/Argentina/Cordoba,"{""br"":""Tad-kozh Anita"",""ko"":""산타 아니타"",""pt-BR"":""Santa Anita"",""pt"":""Santa Anita"",""nl"":""Santa Anita"",""hr"":""Santa Anita"",""fa"":""سانتا آنیتا"",""de"":""Santa Anita"",""es"":""Santa Anita"",""fr"":""Santa Anita"",""ja"":""サンタアニタ"",""it"":""Santa Anita"",""zh-CN"":""圣塔安尼塔"",""tr"":""Santa Anita"",""ru"":""Санта Анита"",""uk"":""Санта-Аніта"",""pl"":""Święta Anita"",""hi"":""सांता अनीता"",""ar"":""سانتا أنيتا""}",2019-10-06T09:28:20,2025-12-02T14:39:55,1,Q21827820
1455,Santa Clara,3645,Y,11,AR,adm2,,,-24.30921000,-64.66253000,Santa Clara,4883,America/Argentina/Jujuy,"{""br"":""Tad Nedeleg"",""ko"":""산타 클라라"",""pt-BR"":""Santa Clara"",""pt"":""Santa Clara"",""nl"":""Santa Clara"",""hr"":""Santa Clara"",""fa"":""سانتا کلارا"",""de"":""Santa Clara"",""es"":""Santa Clara"",""fr"":""Santa Clara"",""ja"":""サンタクララ"",""it"":""Santa Clara"",""zh-CN"":""圣克拉拉"",""tr"":""Santa Clara"",""ru"":""Санта-Клара"",""uk"":""Санта-Клара"",""pl"":""Święta Klara"",""hi"":""सांता क्लारा"",""ar"":""سانتا كلارا""}",2019-10-06T09:28:20,2025-12-02T14:39:55,1,Q2001906
1456,Santa Elena,3654,E,11,AR,city,,,-30.94432000,-59.78832000,Santa Elena,20538,America/Argentina/Cordoba,"{""br"":""Santa Elena"",""ko"":""산타 엘레나"",""pt-BR"":""Santa Elena"",""pt"":""Santa Elena"",""nl"":""Santa Elena"",""hr"":""Santa Elena"",""fa"":""سانتا النا"",""de"":""Santa Elena"",""es"":""Santa Elena"",""fr"":""Santa Elena"",""ja"":""サンタエレナ"",""it"":""Santa Elena"",""zh-CN"":""圣埃伦娜"",""tr"":""Santa Elena"",""ru"":""Санта-Элена"",""uk"":""Санта-Елена"",""pl"":""Święta Elena"",""hi"":""सांता एलेना"",""ar"":""سانتا إيلينا""}",2019-10-06T09:28:20,2025-12-02T14:39:55,1,Q2475908
1457,Santa Eufemia,3642,X,11,AR,city,,,-33.17659000,-63.28281000,Santa Eufemia,2179,America/Argentina/Cordoba,"{""br"":""Tad-kozh Eufemia"",""ko"":""산타 에우페미아"",""pt-BR"":""Santa Eufemia"",""pt"":""Santa Eufemia"",""nl"":""Santa Eufemia"",""hr"":""Santa Eufemija"",""fa"":""سانتا یوفمی"",""de"":""Santa Eufemia"",""es"":""Santa Eufemia"",""fr"":""Sainte Euphémie"",""ja"":""サンタ・エウフェミア"",""it"":""Santa Eufemia"",""zh-CN"":""圣欧菲米亚"",""tr"":""Santa Eufemia"",""ru"":""Санта Эуфемия"",""uk"":""Санта-Еуфемія"",""pl"":""Święta Eufemia"",""hi"":""सांता यूफेमिया"",""ar"":""سانتا يوفيميا""}",2019-10-06T09:28:20,2025-12-02T14:39:55,1,Q10367830
1458,Santa Fe,3641,S,11,AR,adm1,,,-31.64881000,-60.70868000,Santa Fe,405683,America/Argentina/Cordoba,"{""br"":""Santa Fe"",""ko"":""산타페"",""pt-BR"":""Santa Fé"",""pt"":""Santa Fé"",""nl"":""Santa Fe"",""hr"":""Santa Fe"",""fa"":""سانتافه"",""de"":""Santa Fe"",""es"":""Santa Fe"",""fr"":""Santa Fe"",""ja"":""サンタフェ"",""it"":""Santa Fe"",""zh-CN"":""圣达菲"",""tr"":""Santa Fe"",""ru"":""Санта-Фе"",""uk"":""Санта-Фе"",""pl"":""Santa Fe"",""hi"":""सांता फ़े"",""ar"":""سانتا في""}",2019-10-06T09:28:20,2025-12-02T14:39:55,1,Q44244
1459,Santa Isabel,3655,L,11,AR,adm2,,,-36.22724000,-66.94240000,Santa Isabel,2493,America/Argentina/Buenos_Aires,"{""br"":""Tad-kozh Izabel"",""ko"":""산타 이사벨"",""pt-BR"":""Santa Isabel"",""pt"":""Santa Isabel"",""nl"":""Sint Isabel"",""hr"":""Santa Isabel"",""fa"":""سانتا ایزابل"",""de"":""Santa Isabel"",""es"":""Santa Isabel"",""fr"":""Santa Isabel"",""ja"":""サンタ・イザベル"",""it"":""Santa Isabel"",""zh-CN"":""圣伊莎贝尔"",""tr"":""Santa Isabel"",""ru"":""Санта-Исабель"",""uk"":""Санта-Ізабель"",""pl"":""Święta Izabela"",""hi"":""सांता इसाबेल"",""ar"":""سانتا إيزابيل""}",2019-10-06T09:28:20,2025-12-02T17:11:50,1,Q3034804
1460,Santa Lucía,3634,J,11,AR,adm2,,,-31.53987000,-68.49503000,Santa Lucía,14056,America/Argentina/Buenos_Aires,"{""br"":""Santa Lucía"",""ko"":""산타 루시아"",""pt-BR"":""Santa Lúcia"",""pt"":""Santa Lúcia"",""nl"":""Santa Lucia"",""hr"":""Santa Lucía"",""fa"":""سانتا لوسیا"",""de"":""Santa Lucía"",""es"":""Santa Lucía"",""fr"":""Sainte-Lucie"",""ja"":""サンタ・ルシア"",""it"":""Santa Lucia"",""zh-CN"":""圣卢西亚"",""tr"":""Santa Lucia"",""ru"":""Санта-Люсия"",""uk"":""Санта-Лусія"",""pl"":""Święta Lucía"",""hi"":""सांता लूसिया"",""ar"":""سانتا لوسيا""}",2019-10-06T09:28:20,2025-12-02T17:11:50,1,Q3034804
1461,Santa Lucía,3638,W,11,AR,adm2,,,-28.98746000,-59.10287000,Santa Lucía,14056,America/Argentina/Cordoba,"{""br"":""Santa Lucía"",""ko"":""산타 루시아"",""pt-BR"":""Santa Lúcia"",""pt"":""Santa Lúcia"",""nl"":""Santa Lucia"",""hr"":""Santa Lucía"",""fa"":""سانتا لوسیا"",""de"":""Santa Lucía"",""es"":""Santa Lucía"",""fr"":""Sainte-Lucie"",""ja"":""サンタ・ルシア"",""it"":""Santa Lucia"",""zh-CN"":""圣卢西亚"",""tr"":""Santa Lucia"",""ru"":""Санта-Люсия"",""uk"":""Санта-Лусія"",""pl"":""Święta Lucía"",""hi"":""सांता लूसिया"",""ar"":""سانتا لوسيا""}",2019-10-06T09:28:20,2025-12-02T14:39:55,1,Q3949073
1462,Santa Magdalena,3642,X,11,AR,city,,,-34.51776000,-63.94409000,Santa Magdalena,,America/Argentina/Buenos_Aires,"{""br"":""Tad-kozh Madalen"",""ko"":""산타 막달레나"",""pt-BR"":""Santa Madalena"",""pt"":""Santa Madalena"",""nl"":""Sint Magdalena"",""hr"":""Sveta Magdalena"",""fa"":""سانتا ماگدالنا"",""de"":""Santa Magdalena"",""es"":""Santa Magdalena"",""fr"":""Sainte-Madeleine"",""ja"":""サンタ・マグダレーナ"",""it"":""Santa Maddalena"",""zh-CN"":""圣玛格达莱娜"",""tr"":""Santa Magdalena"",""ru"":""Санта-Магдалена"",""uk"":""Санта-Магдалена"",""pl"":""Święta Magdalena"",""hi"":""सांता मैग्डेलेना"",""ar"":""سانتا ماجدالينا""}",2019-10-06T09:28:20,2025-12-02T16:59:27,1,Q1709980
1463,Santa María,3644,N,11,AR,city,,,-27.93490000,-55.40742000,Santa María,1687,America/Argentina/Cordoba,"{""br"":""Santa María"",""ko"":""산타 마리아"",""pt-BR"":""Santa Maria"",""pt"":""Santa Maria"",""nl"":""Santa Maria"",""hr"":""Santa Maria"",""fa"":""سانتا ماریا"",""de"":""Santa María"",""es"":""Santa María"",""fr"":""Santa María"",""ja"":""サンタマリア"",""it"":""Santa Maria"",""zh-CN"":""圣玛丽亚"",""tr"":""Santa Maria"",""ru"":""Санта-Мария"",""uk"":""Санта-Марія"",""pl"":""Santa Maria"",""hi"":""सांता मारिया"",""ar"":""سانتا ماريا""}",2019-10-06T09:28:20,2025-12-02T14:39:55,1,Q2238097
1464,Santa María,3647,K,11,AR,adm2,,,-26.69547000,-66.04732000,Santa María,0,America/Argentina/Catamarca,"{""br"":""Santa María"",""ko"":""산타 마리아"",""pt-BR"":""Santa Maria"",""pt"":""Santa Maria"",""nl"":""Santa Maria"",""hr"":""Santa Maria"",""fa"":""سانتا ماریا"",""de"":""Santa María"",""es"":""Santa María"",""fr"":""Santa María"",""ja"":""サンタマリア"",""it"":""Santa Maria"",""zh-CN"":""圣玛丽亚"",""tr"":""Santa Maria"",""ru"":""Санта-Мария"",""uk"":""Санта-Марія"",""pl"":""Santa Maria"",""hi"":""सांता मारिया"",""ar"":""سانتا ماريا""}",2019-10-06T09:28:20,2025-12-02T14:39:55,1,Q1012407
1465,Santa Rosa,3655,L,11,AR,adm1,,,-36.61667000,-64.28333000,Santa Rosa,7143,America/Argentina/Buenos_Aires,"{""br"":""Santa Roza"",""ko"":""산타로사"",""pt-BR"":""Santa Rosa"",""pt"":""Santa Rosa"",""nl"":""Santa Rosa"",""hr"":""Santa Rosa"",""fa"":""سانتا روزا"",""de"":""Santa Rosa"",""es"":""Santa Rosa"",""fr"":""Santa Rosa"",""ja"":""サンタローザ"",""it"":""Santa Rosa"",""zh-CN"":""圣罗莎"",""tr"":""Santa Rosa"",""ru"":""Санта-Роза"",""uk"":""Санта-Роза"",""pl"":""Santa Rosa"",""hi"":""सांता रोजा"",""ar"":""سانتا روزا""}",2019-10-06T09:28:20,2025-12-02T17:11:50,1,Q44215
1466,Santa Rosa,3638,W,11,AR,city,,,-28.26318000,-58.11891000,Santa Rosa,7143,America/Argentina/Cordoba,"{""br"":""Santa Roza"",""ko"":""산타로사"",""pt-BR"":""Santa Rosa"",""pt"":""Santa Rosa"",""nl"":""Santa Rosa"",""hr"":""Santa Rosa"",""fa"":""سانتا روزا"",""de"":""Santa Rosa"",""es"":""Santa Rosa"",""fr"":""Santa Rosa"",""ja"":""サンタローザ"",""it"":""Santa Rosa"",""zh-CN"":""圣罗莎"",""tr"":""Santa Rosa"",""ru"":""Санта-Роза"",""uk"":""Санта-Роза"",""pl"":""Santa Rosa"",""hi"":""सांता रोजा"",""ar"":""سانتا روزا""}",2019-10-06T09:28:20,2025-12-02T14:39:55,1,Q21827837
1467,Santa Rosa de Calamuchita,3642,X,11,AR,city,,,-32.06905000,-64.53631000,Santa Rosa de Calamuchita,19012,America/Argentina/Buenos_Aires,"{""br"":""Santa Rosa de Calamuchita"",""ko"":""산타 로사 데 칼라무치타"",""pt-BR"":""Santa Rosa de Calamuchita"",""pt"":""Santa Rosa de Calamuchita"",""nl"":""Santa Rosa de Calamuchita"",""hr"":""Santa Rosa de Calamuchita"",""fa"":""سانتا روزا د کالاموچیتا"",""de"":""Santa Rosa de Calamuchita"",""es"":""Santa Rosa de Calamuchita"",""fr"":""Santa Rosa de Calamuchita"",""ja"":""サンタ・ローザ・デ・カラムチタ"",""it"":""Santa Rosa de Calamuchita"",""zh-CN"":""圣罗莎·德卡拉穆奇塔"",""tr"":""Santa Rosa de Calamuchita"",""ru"":""Санта-Роза-де-Каламучита"",""uk"":""Санта-Роза-де-Каламучіта"",""pl"":""Santa Rosa de Calamuchita"",""hi"":""सांता रोजा डे कैलामुचिटा"",""ar"":""سانتا روزا دي كالاموتشيتا""}",2019-10-06T09:28:20,2025-12-02T17:11:50,1,Q15329
1468,Santa Rosa de Río Primero,3642,X,11,AR,adm2,,,-31.15231000,-63.40191000,Santa Rosa de Río Primero,6788,America/Argentina/Cordoba,"{""br"":""Santa Rosa de Río Primero"",""ko"":""산타 로사 데 리오 프리메로"",""pt-BR"":""Santa Rosa de Río Primero"",""pt"":""Santa Rosa de Río Primero"",""nl"":""Santa Rosa de Río Primero"",""hr"":""Santa Rosa de Río Primero"",""fa"":""سانتا روزا د ریو پریمرو"",""de"":""Santa Rosa de Río Primero"",""es"":""Santa Rosa de Río Primero"",""fr"":""Santa Rosa de Río Primero"",""ja"":""サンタ・ロサ・デ・リオ・プリメロ"",""it"":""Santa Rosa de Río Primero"",""zh-CN"":""圣罗莎德里奥普里梅罗"",""tr"":""Santa Rosa de Río Primero"",""ru"":""Санта-Роса-де-Рио-Примеро"",""uk"":""Санта-Роса-де-Ріо-Прімеро"",""pl"":""Santa Rosa de Río Primero"",""hi"":""सांता रोजा डे रियो प्रिमेरो"",""ar"":""سانتا روزا دي ريو بريميرو""}",2019-10-06T09:28:20,2025-12-02T14:39:55,1,Q2765854
1469,Santa Rosa de Tastil,3643,A,11,AR,city,,,-24.45166000,-65.97452000,Santa Rosa de Tastil,2000,America/Argentina/Buenos_Aires,"{""br"":""Santa Rosa de Tastil"",""ko"":""산타 로사 데 타스틸"",""pt-BR"":""Santa Rosa de Tastil"",""pt"":""Santa Rosa de Tastil"",""nl"":""Santa Rosa de Tastil"",""hr"":""Santa Rosa de Tastil"",""fa"":""سانتا رزا دِ تاستیل"",""de"":""Santa Rosa de Tastil"",""es"":""Santa Rosa de Tastil"",""fr"":""Santa Rosa de Tastil"",""ja"":""サンタ・ローザ・デ・タスティル"",""it"":""Santa Rosa de Tastil"",""zh-CN"":""圣罗莎·德塔斯蒂尔"",""tr"":""Santa Rosa de Tastil"",""ru"":""Санта-Роза-де-Тастил"",""uk"":""Санта-Роза-де-Тастіл"",""pl"":""Santa Rosa de Tastil"",""hi"":""सांता रोजा डे टैस्टिल"",""ar"":""سانتا روزا دي تاستيل""}",2019-10-06T09:28:20,2025-12-02T17:11:50,1,Q370723
1470,Santa Rosa del Conlara,3636,D,11,AR,adm2,,,-32.34286000,-65.20323000,Santa Rosa del Conlara,4489,America/Argentina/San_Luis,"{""br"":""Santa Rosa del Conlara"",""ko"":""산타 로사 델 콘라라"",""pt-BR"":""Santa Rosa del Conlara"",""pt"":""Santa Rosa del Conlara"",""nl"":""Santa Rosa del Conlara"",""hr"":""Santa Rosa del Conlara"",""fa"":""سانتا روزا دل کونلارا"",""de"":""Santa Rosa del Conlara"",""es"":""Santa Rosa del Conlara"",""fr"":""Santa Rosa del Conlara"",""ja"":""サンタ・ローザ・デル・コンラーラ"",""it"":""Santa Rosa del Conlara"",""zh-CN"":""圣罗莎德尔孔拉拉"",""tr"":""Santa Rosa del Conlara"",""ru"":""Санта-Роза-дель-Конлара"",""uk"":""Санта-Роза-дель-Конлара"",""pl"":""Santa Rosa del Conlara"",""hi"":""सांता रोजा डेल कोनलारा"",""ar"":""سانتا روزا ديل كونلارا""}",2019-10-06T09:28:20,2025-12-02T14:39:55,1,Q1018381
1471,Santa Sylvina,3640,H,11,AR,adm2,,,-27.83261000,-61.13747000,Santa Sylvina,9040,America/Argentina/Cordoba,"{""br"":""Santa Sylvina"",""ko"":""산타 실비나"",""pt-BR"":""Santa Silvina"",""pt"":""Santa Silvina"",""nl"":""Santa Sylvina"",""hr"":""Santa Sylvina"",""fa"":""سانتا سیلوینا"",""de"":""Santa Sylvina"",""es"":""Santa Silvina"",""fr"":""Santa Sylvina"",""ja"":""サンタ・シルヴィナ"",""it"":""Santa Sylvina"",""zh-CN"":""圣西尔维娜"",""tr"":""Santa Sylvina"",""ru"":""Санта Сильвина"",""uk"":""Санта-Сільвіна"",""pl"":""Święta Sylwina"",""hi"":""सांता सिल्विना"",""ar"":""سانتا سيلفينا""}",2019-10-06T09:28:20,2025-12-02T14:39:55,1,Q1015553
1472,Santiago Temple,3642,X,11,AR,city,,,-31.38731000,-63.41821000,Templo de Santiago,2358,America/Argentina/Cordoba,"{""br"":""Templ Santiago"",""ko"":""산티아고 사원"",""pt-BR"":""Templo de Santiago"",""pt"":""Templo de Santiago"",""nl"":""Santiago Tempel"",""hr"":""Hram Santiago"",""fa"":""معبد سانتیاگو"",""de"":""Santiago-Tempel"",""es"":""Templo de Santiago"",""fr"":""Temple de Santiago"",""ja"":""サンティアゴ神殿"",""it"":""Tempio di Santiago"",""zh-CN"":""圣地亚哥神庙"",""tr"":""Santiago Tapınağı"",""ru"":""Храм Сантьяго"",""uk"":""Храм Сантьяго"",""pl"":""Świątynia Santiago"",""hi"":""सैंटियागो मंदिर"",""ar"":""معبد سانتياغو""}",2019-10-06T09:28:20,2025-12-02T14:39:55,1,Q9074307
1473,Santiago del Estero,3635,G,11,AR,adm1,,,-27.79511000,-64.26149000,Santiago del Estero,252192,America/Argentina/Cordoba,"{""br"":""Santiago del Estero"",""ko"":""산티아고 델 에스테로"",""pt-BR"":""Santiago del Estero"",""pt"":""Santiago del Estero"",""nl"":""Santiago del Estero"",""hr"":""Santiago del Estero"",""fa"":""سانتیاگو دل استرو"",""de"":""Santiago del Estero"",""es"":""Santiago del Estero"",""fr"":""Santiago del Estero"",""ja"":""サンティアゴ・デル・エステロ"",""it"":""Santiago del Estero"",""zh-CN"":""圣地亚哥·德尔埃斯特罗"",""tr"":""Santiago del Estero"",""ru"":""Сантьяго-дель-Эстеро"",""uk"":""Сантьяго-дель-Естеро"",""pl"":""Santiago del Estero"",""hi"":""सैंटियागो डेल एस्टेरो"",""ar"":""سانتياغو ديل استيرو""}",2019-10-06T09:28:20,2025-12-02T14:39:55,1,Q44253
1474,Santo Pipó,3644,N,11,AR,city,,,-27.14132000,-55.40867000,Santo Pipó,5447,America/Argentina/Cordoba,"{""br"":""Sant Pipó"",""ko"":""산토 피포"",""pt-BR"":""Santo Pipó"",""pt"":""Santo Pipó"",""nl"":""Santo Pipó"",""hr"":""Santo Pipó"",""fa"":""سانتو پیپو"",""de"":""Santo Pipó"",""es"":""Santo Pipó"",""fr"":""Santo Pipó"",""ja"":""サント・ピポ"",""it"":""Santo Pipó"",""zh-CN"":""圣皮波"",""tr"":""Santo Pipó"",""ru"":""Санто Пипо"",""uk"":""Санто-Піпо"",""pl"":""Santo Pipó"",""hi"":""सैंटो पिपो"",""ar"":""سانتو بيبو""}",2019-10-06T09:28:20,2025-12-02T14:39:55,1,Q7420542
1475,Santo Tomé,3641,S,11,AR,city,,,-31.66274000,-60.76530000,Santo Tomé,59072,America/Argentina/Cordoba,"{""br"":""Sant Tomé"",""ko"":""산토 토메"",""pt-BR"":""Santo Tomé"",""pt"":""Santo Tomé"",""nl"":""Santo Tomé"",""hr"":""Santo Tomé"",""fa"":""سانتو تومه"",""de"":""Santo Tomé"",""es"":""Santo Tomé"",""fr"":""Santo Tomé"",""ja"":""サント・トメ"",""it"":""Santo Tomé"",""zh-CN"":""圣托梅"",""tr"":""Santo Tomé"",""ru"":""Санто-Томе"",""uk"":""Санто-Томе"",""pl"":""Santo Tomé"",""hi"":""सैंटो टोमे"",""ar"":""سانتو تومي""}",2019-10-06T09:28:20,2025-12-02T14:39:55,1,Q2540118
1476,Santo Tomé,3638,W,11,AR,adm2,,,-28.54939000,-56.04077000,Santo Tomé,22634,America/Argentina/Cordoba,"{""br"":""Sant Tomé"",""ko"":""산토 토메"",""pt-BR"":""Santo Tomé"",""pt"":""Santo Tomé"",""nl"":""Santo Tomé"",""hr"":""Santo Tomé"",""fa"":""سانتو تومه"",""de"":""Santo Tomé"",""es"":""Santo Tomé"",""fr"":""Santo Tomé"",""ja"":""サント・トメ"",""it"":""Santo Tomé"",""zh-CN"":""圣托梅"",""tr"":""Santo Tomé"",""ru"":""Санто-Томе"",""uk"":""Санто-Томе"",""pl"":""Santo Tomé"",""hi"":""सैंटो टोमे"",""ar"":""سانتو تومي""}",2019-10-06T09:28:20,2025-12-02T14:39:55,1,Q2031463
1477,Sarmiento,3651,U,11,AR,adm2,,,-45.58815000,-69.06996000,Sarmiento,8292,America/Argentina/Catamarca,"{""br"":""Sarmiento"",""ko"":""사르미엔토"",""pt-BR"":""Sarmiento"",""pt"":""Sarmiento"",""nl"":""Sarmiento"",""hr"":""Sarmiento"",""fa"":""سارمینتو"",""de"":""Sarmiento"",""es"":""Sarmiento"",""fr"":""Sarmiento"",""ja"":""サルミエント"",""it"":""Sarmiento"",""zh-CN"":""萨米恩托"",""tr"":""Sarmiento"",""ru"":""Сармьенто"",""uk"":""Сарм'єнто"",""pl"":""Sarmiento"",""hi"":""सरमिएंटो"",""ar"":""سارمينتو""}",2019-10-06T09:28:20,2025-12-02T14:39:55,1,Q106034
1478,Sastre,3641,S,11,AR,adm2,,,-31.76762000,-61.82887000,Sastre,5521,America/Argentina/Cordoba,"{""br"":""Sastre"",""ko"":""사스트레"",""pt-BR"":""Sastre"",""pt"":""Sastre"",""nl"":""Sastre"",""hr"":""Sastre"",""fa"":""ساستر"",""de"":""Sastre"",""es"":""Sastre"",""fr"":""Sastre"",""ja"":""サストレ"",""it"":""Sastre"",""zh-CN"":""萨斯特雷"",""tr"":""Sastre"",""ru"":""Састре"",""uk"":""Састре"",""pl"":""Sastre"",""hi"":""सास्त्रे"",""ar"":""ساستر""}",2019-10-06T09:28:20,2025-12-02T14:39:55,1,Q3473836
1479,Saturnino M. Laspiur,3642,X,11,AR,city,,,-31.70287000,-62.48202000,Saturnino M. LASPIUR,2316,America/Argentina/Cordoba,"{""br"":""Saturnino M. Laspiur"",""ko"":""사투르니노 M. 라스피우르"",""pt-BR"":""Saturnino M. Laspiur"",""pt"":""Saturnino M. Laspiur"",""nl"":""Saturnino M. Laspiur"",""hr"":""Saturnino M. Laspiur"",""fa"":""ساتورنینو ام. لاسپیور"",""de"":""Saturnino M. Laspiur"",""es"":""Saturnino M. Laspiur"",""fr"":""Saturnino M. Laspiur"",""ja"":""サトゥルニーノ・M・ラスピール"",""it"":""Saturnino M. Laspiur"",""zh-CN"":""萨图尼诺·M·拉斯皮尔"",""tr"":""Saturnino M. Laspiur"",""ru"":""Сатурнино М. Ласпюр"",""uk"":""Сатурніно М. Ласпіур"",""pl"":""Saturnino M. Laspiur"",""hi"":""सैटर्निनो एम. लास्पिउर"",""ar"":""ساتورنينو م. لاسبيور""}",2019-10-06T09:28:20,2025-12-02T14:39:55,1,Q21834167
1480,Sauce de Luna,3654,E,11,AR,city,,,-31.23794000,-59.21872000,Salsa de la luna,2901,America/Argentina/Cordoba,"{""br"":""Sauce de Luna"",""ko"":""소스 드 루나"",""pt-BR"":""Molho de Luna"",""pt"":""Molho de Luna"",""nl"":""Luna saus"",""hr"":""Umak od Lune"",""fa"":""سس د لونا"",""de"":""Sauce de Luna"",""es"":""Salsa de Luna"",""fr"":""Sauce de Luna"",""ja"":""ソース・デ・ルナ"",""it"":""Salsa di Luna"",""zh-CN"":""露娜酱"",""tr"":""Ay Sosu"",""ru"":""Соус де Луна"",""uk"":""Соус де Луна"",""pl"":""Sos księżycowy"",""hi"":""सॉस डे लूना"",""ar"":""صلصة دي لونا""}",2019-10-06T09:28:20,2025-12-02T14:39:55,1,Q7427010
1481,Sebastián Elcano,3642,X,11,AR,city,,,-30.16105000,-63.59360000,Sebastián Elcano,2042,America/Argentina/Cordoba,"{""br"":""Sebastián Elcano"",""ko"":""세바스티안 엘카노"",""pt-BR"":""Sebastián Elcano"",""pt"":""Sebastián Elcano"",""nl"":""Sebastián Elcano"",""hr"":""Sebastián Elcano"",""fa"":""سباستین الکانو"",""de"":""Sebastián Elcano"",""es"":""Sebastián Elcano"",""fr"":""Sébastien Elcano"",""ja"":""セバスティアン・エルカノ"",""it"":""Sebastián Elcano"",""zh-CN"":""塞巴斯蒂安·埃尔卡诺"",""tr"":""Sebastián Elcano"",""ru"":""Себастьян Элькано"",""uk"":""Себастьян Елькано"",""pl"":""Sebastián Elcano"",""hi"":""सेबेस्टियन एल्कानो"",""ar"":""سيباستيان إلكانو""}",2019-10-06T09:28:20,2025-12-02T14:39:55,1,Q21834217
1482,Seguí,3654,E,11,AR,city,,,-31.95642000,-60.12488000,Seguí,3646,America/Argentina/Buenos_Aires,"{""br"":""Seguí"",""ko"":""다음"",""pt-BR"":""Segue"",""pt"":""Segue"",""nl"":""Volgen"",""hr"":""Prati"",""fa"":""سگوی"",""de"":""Seguí"",""es"":""Seguí"",""fr"":""Continuer"",""ja"":""セギ"",""it"":""Seguí"",""zh-CN"":""塞吉"",""tr"":""Seguí"",""ru"":""Сеги"",""uk"":""Слідкуйте"",""pl"":""Seguí"",""hi"":""Segui"",""ar"":""تابع""}",2019-10-06T09:28:20,2025-12-02T17:11:50,1,Q9075712
1483,Senillosa,3648,Q,11,AR,city,,,-39.01412000,-68.43281000,Senilosa,6394,America/Argentina/Salta,"{""br"":""Senillosa"",""ko"":""세닐로사"",""pt-BR"":""Senillosa"",""pt"":""Senillosa"",""nl"":""Senillosa"",""hr"":""Senillosa"",""fa"":""سنیلوسا"",""de"":""Senillosa"",""es"":""Senillosa"",""fr"":""Sénillosa"",""ja"":""セニロサ"",""it"":""Senillosa"",""zh-CN"":""千层属"",""tr"":""Senillosa"",""ru"":""Сениллоса"",""uk"":""Сенільйоса"",""pl"":""Senillosa"",""hi"":""सेनिलोसा"",""ar"":""سينيلوسا""}",2019-10-06T09:28:20,2025-12-02T14:39:55,1,Q3478557
1484,Serrano,3642,X,11,AR,city,,,-34.46971000,-63.53842000,Serrano,2670,America/Argentina/Cordoba,"{""br"":""Serrano"",""ko"":""세라노"",""pt-BR"":""Serrano"",""pt"":""Serrano"",""nl"":""Serrano"",""hr"":""Serrano"",""fa"":""سرانو"",""de"":""Serrano"",""es"":""Serrano"",""fr"":""Serrano"",""ja"":""セラーノ"",""it"":""Serrano"",""zh-CN"":""塞拉诺"",""tr"":""Serrano"",""ru"":""Серрано"",""uk"":""Серрано"",""pl"":""Serrano"",""hi"":""सेरानो"",""ar"":""سيرانو""}",2019-10-06T09:28:20,2025-12-02T14:39:55,1,Q974361
1485,Serrezuela,3642,X,11,AR,city,,,-30.63761000,-65.38692000,Apretar,2291,America/Argentina/Cordoba,"{""br"":""Serrezuela"",""ko"":""세레주엘라"",""pt-BR"":""Serrezuela"",""pt"":""Serrezuela"",""nl"":""Serrezuela"",""hr"":""Serrezuela"",""fa"":""سرزوئلا"",""de"":""Serrezuela"",""es"":""Serrezuela"",""fr"":""Serrezuela"",""ja"":""セレズエラ"",""it"":""Serrezuela"",""zh-CN"":""塞雷苏埃拉"",""tr"":""Serrezuela"",""ru"":""Серресуэла"",""uk"":""Серресуела"",""pl"":""Serrezuela"",""hi"":""सेरेज़ुएला"",""ar"":""سيريزويلا""}",2019-10-06T09:28:20,2025-12-02T14:39:55,1,Q21834373
1486,Sierra Colorada,3639,R,11,AR,adm2,,,-40.58487000,-67.75674000,Sierra Colorada,1542,America/Argentina/Salta,"{""br"":""Sierra Colorada"",""ko"":""시에라 콜로라다"",""pt-BR"":""Serra Colorado"",""pt"":""Serra Colorado"",""nl"":""Sierra Colorado"",""hr"":""Sierra Colorada"",""fa"":""سیرا کلرادو"",""de"":""Sierra Colorado"",""es"":""Sierra Colorada"",""fr"":""Sierra Colorado"",""ja"":""シエラ・コロラダ"",""it"":""Sierra Colorada"",""zh-CN"":""科罗拉多山脉"",""tr"":""Sierra Colorado"",""ru"":""Сьерра-Колорада"",""uk"":""Сьєрра-Колорада"",""pl"":""Sierra Kolorada"",""hi"":""सिएरा कोलोराडो"",""ar"":""سييرا كولورادا""}",2019-10-06T09:28:20,2025-12-02T14:39:55,1,Q692861
1487,Sierra Grande,3639,R,11,AR,city,,,-41.60603000,-65.35574000,Sierra Grande,7404,America/Argentina/Salta,"{""br"":""Sierra Grande"",""ko"":""시에라 그란데"",""pt-BR"":""Serra Grande"",""pt"":""Serra Grande"",""nl"":""Sierra Grande"",""hr"":""Sierra Grande"",""fa"":""سیرا گراند"",""de"":""Sierra Grande"",""es"":""Sierra Grande"",""fr"":""Sierra Grande"",""ja"":""シエラグランデ"",""it"":""Sierra Grande"",""zh-CN"":""塞拉格兰德"",""tr"":""Sierra Grande"",""ru"":""Сьерра-Гранде"",""uk"":""Сьєрра-Гранде"",""pl"":""Sierra Grande"",""hi"":""सिएरा ग्रांडे"",""ar"":""سييرا غراندي""}",2019-10-06T09:28:20,2025-12-02T14:39:55,1,Q21834393
1488,Simoca,3637,T,11,AR,adm2,,,-27.26272000,-65.35647000,Simoca,7939,America/Argentina/Tucuman,"{""br"":""Simoka"",""ko"":""시모카"",""pt-BR"":""Simoca"",""pt"":""Simoca"",""nl"":""Simoca"",""hr"":""Simoca"",""fa"":""سیموکا"",""de"":""Simoca"",""es"":""Simoca"",""fr"":""Simoca"",""ja"":""シモカ"",""it"":""Simoca"",""zh-CN"":""西莫卡"",""tr"":""Simoca"",""ru"":""Симока"",""uk"":""Сімока"",""pl"":""Simoca"",""hi"":""सिमोका"",""ar"":""سيموكا""}",2019-10-06T09:28:20,2025-12-02T14:39:55,1,Q367345
1489,Sumampa,3635,G,11,AR,adm2,,,-29.38470000,-63.46907000,Verano,4812,America/Argentina/Buenos_Aires,"{""br"":""Sumampa"",""ko"":""수맘파"",""pt-BR"":""Sumampa"",""pt"":""Sumampa"",""nl"":""Sumampa"",""hr"":""Sumampa"",""fa"":""سومامپا"",""de"":""Sumampa"",""es"":""Sumampa"",""fr"":""Sumampa"",""ja"":""スマンパ"",""it"":""Sumampa"",""zh-CN"":""苏曼帕"",""tr"":""Sumampa"",""ru"":""Сумампа"",""uk"":""Сумампа"",""pl"":""Sumampa"",""hi"":""सुमम्पा"",""ar"":""سومامبا""}",2019-10-06T09:28:20,2025-12-02T17:11:50,1,Q1015605
1490,Sunchales,3641,S,11,AR,city,,,-30.94404000,-61.56148000,Sunchales,20537,America/Argentina/Cordoba,"{""br"":""Sunchales"",""ko"":""순찰레스"",""pt-BR"":""Sunchales"",""pt"":""Sunchales"",""nl"":""Sunchales"",""hr"":""Sunčane sobe"",""fa"":""سانچالز"",""de"":""Sunchales"",""es"":""Sunchales"",""fr"":""Chaleçons de soleil"",""ja"":""サンチャレス"",""it"":""Sunchales"",""zh-CN"":""孙查莱斯"",""tr"":""Sunchales"",""ru"":""Санчалес"",""uk"":""Санчалес"",""pl"":""Sunchales"",""hi"":""सनचेल्स"",""ar"":""شاليهات شمسية""}",2019-10-06T09:28:20,2025-12-02T14:39:55,1,Q2509609
1491,Suncho Corral,3635,G,11,AR,adm2,,,-27.93357000,-63.42938000,Sundo Corral,6087,America/Argentina/Cordoba,"{""br"":""Suncho Corral"",""ko"":""순초 코럴"",""pt-BR"":""Curral Suncho"",""pt"":""Curral Suncho"",""nl"":""Suncho Corral"",""hr"":""Suncho Corral"",""fa"":""سانچو کورال"",""de"":""Suncho Corral"",""es"":""Suncho Corral"",""fr"":""Suncho Corral"",""ja"":""サンチョ・コラル"",""it"":""Suncho Corral"",""zh-CN"":""桑乔·科拉尔"",""tr"":""Suncho Corral"",""ru"":""Сунчо Коррал"",""uk"":""Сунчо Коррал"",""pl"":""Suncho Corral"",""hi"":""सुनचो कोरल"",""ar"":""سونشو كورال""}",2019-10-06T09:28:20,2025-12-02T14:39:55,1,Q1015579
1492,Tabossi,3654,E,11,AR,city,,,-31.80135000,-59.93477000,Tabossi,1333,America/Argentina/Cordoba,"{""br"":""Tabossi"",""ko"":""타보시"",""pt-BR"":""Tabossi"",""pt"":""Tabossi"",""nl"":""Tabossi"",""hr"":""Tabossi"",""fa"":""طبسی"",""de"":""Tabossi"",""es"":""Tabossi"",""fr"":""Tabossi"",""ja"":""タボッシ"",""it"":""Tabossi"",""zh-CN"":""塔博西"",""tr"":""Tabossi"",""ru"":""Табосси"",""uk"":""Табоссі"",""pl"":""Tabossi"",""hi"":""तबोसी"",""ar"":""تابوسي""}",2019-10-06T09:28:20,2025-12-02T14:39:55,1,Q5476809
1493,Taco Pozo,3640,H,11,AR,city,,,-25.61557000,-63.26708000,Taco Pozo,8470,America/Argentina/Cordoba,"{""br"":""Taco Pozo"",""ko"":""타코 포조"",""pt-BR"":""Taco Pozo"",""pt"":""Taco Pozo"",""nl"":""Taco Pozo"",""hr"":""Taco Pozo"",""fa"":""تاکو پوزو"",""de"":""Taco Pozo"",""es"":""Taco Pozo"",""fr"":""Taco Pozo"",""ja"":""タコポソ"",""it"":""Taco Pozo"",""zh-CN"":""塔可波佐"",""tr"":""Taco Pozo"",""ru"":""Тако Позо"",""uk"":""Тако Позо"",""pl"":""Taco Pozo"",""hi"":""टैको पोज़ो"",""ar"":""تاكو بوزو""}",2019-10-06T09:28:20,2025-12-02T14:39:55,1,Q1579288
1494,Tacuarendí,3641,S,11,AR,city,,,-28.41265000,-59.26000000,Tacuarendí,3067,America/Argentina/Cordoba,"{""br"":""Tacuarendí"",""ko"":""타쿠아렌디"",""pt-BR"":""Tacuarendí"",""pt"":""Tacuarendí"",""nl"":""Tacuarendí"",""hr"":""Tacuarendí"",""fa"":""تاکوآرندی"",""de"":""Tacuarendí"",""es"":""Tacuarendí"",""fr"":""Tacuarendí"",""ja"":""タクアレンディ"",""it"":""Tacuarendí"",""zh-CN"":""塔夸伦迪"",""tr"":""Tacuarendí"",""ru"":""Такуаренди"",""uk"":""Такуаренді"",""pl"":""Tacuarendí"",""hi"":""टाकुआरेन्डी"",""ar"":""تاكواريندي""}",2019-10-06T09:28:20,2025-12-02T14:39:55,1,Q1579288
1495,Tafí Viejo,3637,T,11,AR,adm2,,,-26.73201000,-65.25921000,Tafí Viejo,48459,America/Argentina/Tucuman,"{""br"":""Tafí Viejo"",""ko"":""타피 비에호"",""pt-BR"":""Tafí Viejo"",""pt"":""Tafí Viejo"",""nl"":""Tafí Viejo"",""hr"":""Tafí Viejo"",""fa"":""تافی ویخو"",""de"":""Tafí Viejo"",""es"":""Tafí Viejo"",""fr"":""Tafí Viejo"",""ja"":""タフィ・ビエホ"",""it"":""Tafí Viejo"",""zh-CN"":""塔菲维耶霍"",""tr"":""Tafí Viejo"",""ru"":""Тафи Вьехо"",""uk"":""Тафі В'єхо"",""pl"":""Tafí Viejo"",""hi"":""ताफी विएजो"",""ar"":""تافي فيجو""}",2019-10-06T09:28:20,2025-12-02T14:39:55,1,Q2092448
1496,Tafí del Valle,3637,T,11,AR,adm2,,,-26.85275000,-65.70983000,Tafí del Valle,3403,America/Argentina/Tucuman,"{""br"":""Tafí del Valle"",""ko"":""타피 델 발레"",""pt-BR"":""Tafí del Valle"",""pt"":""Tafí del Valle"",""nl"":""Tafí del Valle"",""hr"":""Tafí del Valle"",""fa"":""تافی دل واله"",""de"":""Tafí del Valle"",""es"":""Tafí del Valle"",""fr"":""Tafí del Valle"",""ja"":""タフィ・デル・ヴァッレ"",""it"":""Tafí del Valle"",""zh-CN"":""塔菲德尔瓦列"",""tr"":""Tafí del Valle"",""ru"":""Тафи дель Валье"",""uk"":""Тафі-дель-Вальє"",""pl"":""Tafí del Valle"",""hi"":""ताफी डेल वैले"",""ar"":""تافي ديل فالي""}",2019-10-06T09:28:20,2025-12-02T14:39:55,1,Q948534
1497,Tancacha,3642,X,11,AR,city,,,-32.24309000,-63.98070000,Tancacha,5184,America/Argentina/Cordoba,"{""br"":""Tancacha"",""ko"":""탄차차"",""pt-BR"":""Tancacha"",""pt"":""Tancacha"",""nl"":""Tancacha"",""hr"":""Tancacha"",""fa"":""تانکاچا"",""de"":""Tancacha"",""es"":""Tancacha"",""fr"":""Tancacha"",""ja"":""タンカチャ"",""it"":""Tancacha"",""zh-CN"":""坦卡查"",""tr"":""Tancacha"",""ru"":""Танкача"",""uk"":""Танча"",""pl"":""Tancacha"",""hi"":""तनकाचा"",""ar"":""تانكاشا""}",2019-10-06T09:28:20,2025-12-02T14:39:55,1,Q21831429
1498,Tartagal,3643,A,11,AR,adm2,,,-22.51637000,-63.80131000,Tartagal,60819,America/Argentina/Buenos_Aires,"{""br"":""Tartagal"",""ko"":""타르타갈"",""pt-BR"":""Tartagal"",""pt"":""Tartagal"",""nl"":""Tartagal"",""hr"":""Tartagal"",""fa"":""تارتاگال"",""de"":""Tartagal"",""es"":""Tartagal"",""fr"":""Tartagal"",""ja"":""タルタガル"",""it"":""Tartagal"",""zh-CN"":""塔塔加尔"",""tr"":""Tartagal"",""ru"":""Тартагал"",""uk"":""Тартагал"",""pl"":""Tartagal"",""hi"":""टार्टागल"",""ar"":""تارتاغال""}",2019-10-06T09:28:20,2025-12-02T17:11:50,1,Q106115
1499,Tecka,3651,U,11,AR,adm2,,,-43.49489000,-70.81020000,Tecka,0,America/Argentina/Catamarca,"{""br"":""Tecka"",""ko"":""테카"",""pt-BR"":""Tecka"",""pt"":""Tecka"",""nl"":""Tecka"",""hr"":""Tečka"",""fa"":""تکا"",""de"":""Tecka"",""es"":""Teca"",""fr"":""Tecka"",""ja"":""テッカ"",""it"":""Tecka"",""zh-CN"":""特卡"",""tr"":""Tecka"",""ru"":""Текка"",""uk"":""Тека"",""pl"":""Tecka"",""hi"":""टेका"",""ar"":""تيكا""}",2019-10-06T09:28:20,2025-12-02T14:39:55,1,Q2259996
1500,Telén,3655,L,11,AR,city,,,-36.26429000,-65.51018000,Durante el invierno,1549,America/Argentina/Salta,"{""br"":""Telén"",""ko"":""텔렌"",""pt-BR"":""Telén"",""pt"":""Telén"",""nl"":""Telén"",""hr"":""Telén"",""fa"":""تلن"",""de"":""Telén"",""es"":""Telén"",""fr"":""Telén"",""ja"":""テレン"",""it"":""Telén"",""zh-CN"":""泰伦"",""tr"":""Telén"",""ru"":""Телен"",""uk"":""Телен"",""pl"":""Telén"",""hi"":""टेलीन"",""ar"":""تيلين""}",2019-10-06T09:28:20,2025-12-02T14:39:55,1,Q7697943
1501,Termas de Río Hondo,3635,G,11,AR,adm2,,,-27.49362000,-64.85972000,Termas de Río Hondo,27838,America/Argentina/Cordoba,"{""br"":""Termas de Río Hondo"",""ko"":""테르마스 데 리오 온도"",""pt-BR"":""Termas de Río Hondo"",""pt"":""Termas de Río Hondo"",""nl"":""Termas de Río Hondo"",""hr"":""Terme Río Hondo"",""fa"":""ترماس د ریو هوندو"",""de"":""Termas de Río Hondo"",""es"":""Termas de Río Hondo"",""fr"":""Thermes de Río Hondo"",""ja"":""テルマス・デ・リオ・オンド"",""it"":""Termas de Río Hondo"",""zh-CN"":""里奥翁多温泉"",""tr"":""Termas de Río Hondo"",""ru"":""Termas de Río Hondo"",""uk"":""Термас-де-Ріо-Ондо"",""pl"":""Termas de Río Hondo"",""hi"":""Termas de Río Hondo"",""ar"":""Termas de Río Hondo""}",2019-10-06T09:28:20,2025-12-02T14:39:55,1,Q169334
1502,Ticino,3642,X,11,AR,city,,,-32.69350000,-63.43606000,Ticino,1895,America/Argentina/Cordoba,"{""br"":""Ticino"",""ko"":""티치노"",""pt-BR"":""Ticino"",""pt"":""Ticino"",""nl"":""Ticino"",""hr"":""Ticino"",""fa"":""تیچینو"",""de"":""Tessin"",""es"":""Tesino"",""fr"":""Tessin"",""ja"":""ティチーノ"",""it"":""Ticino"",""zh-CN"":""提契诺"",""tr"":""Ticino"",""ru"":""Тичино"",""uk"":""Тічино"",""pl"":""Ticino"",""hi"":""टिसिनो"",""ar"":""تيسينو""}",2019-10-06T09:28:20,2025-12-02T14:39:55,1,Q21831530
1503,Tilcara,3645,Y,11,AR,adm2,,,-23.57817000,-65.39516000,Tilcara,5640,America/Argentina/Jujuy,"{""br"":""Tilcara"",""ko"":""틸카라"",""pt-BR"":""Tilcara"",""pt"":""Tilcara"",""nl"":""Tilcara"",""hr"":""Tilcara"",""fa"":""تیلکارا"",""de"":""Tilcara"",""es"":""Tilcara"",""fr"":""Tilcara"",""ja"":""ティルカラ"",""it"":""Tilcara"",""zh-CN"":""蒂尔卡拉"",""tr"":""Tilcara"",""ru"":""Тилкара"",""uk"":""Тілкара"",""pl"":""Tilcara"",""hi"":""तिलकारा"",""ar"":""تيلكارا""}",2019-10-06T09:28:20,2025-12-02T14:39:55,1,Q604722
1504,Tilisarao,3636,D,11,AR,city,,,-32.73292000,-65.29109000,Tilisarao,5478,America/Argentina/San_Luis,"{""br"":""Tilisarao"",""ko"":""틸리사라오"",""pt-BR"":""Tilisarao"",""pt"":""Tilisarao"",""nl"":""Tilisarao"",""hr"":""Tilisarao"",""fa"":""تیلیسارائو"",""de"":""Tilisarao"",""es"":""Tilisarao"",""fr"":""Tilisarao"",""ja"":""ティリサラオ"",""it"":""Tilisarao"",""zh-CN"":""蒂利萨劳"",""tr"":""Tilisarao"",""ru"":""Тилисарао"",""uk"":""Тілісарао"",""pl"":""Tilisarao"",""hi"":""तिलिसराव"",""ar"":""تيليساراو""}",2019-10-06T09:28:20,2025-12-02T14:39:55,1,Q2536970
1505,Tinogasta,3647,K,11,AR,adm2,,,-28.06319000,-67.56488000,Tinogasta,14509,America/Argentina/Catamarca,"{""br"":""Tinogasta"",""ko"":""티노가스타"",""pt-BR"":""Tinogasta"",""pt"":""Tinogasta"",""nl"":""Tinogasta"",""hr"":""Tinogasta"",""fa"":""تینوگستا"",""de"":""Tinogasta"",""es"":""Tinogasta"",""fr"":""Tinogasta"",""ja"":""ティノガスタ"",""it"":""Tinogasta"",""zh-CN"":""蒂诺加斯塔"",""tr"":""Tinogasta"",""ru"":""Тиногаста"",""uk"":""Тіногаста"",""pl"":""Tinogasta"",""hi"":""टिनोगास्टा"",""ar"":""تينوغاستا""}",2019-10-06T09:28:20,2025-12-02T14:39:55,1,Q81563
1506,Tintina,3635,G,11,AR,city,,,-27.02687000,-62.70643000,Tintia,3868,America/Argentina/Cordoba,"{""br"":""Tintina"",""ko"":""틴티나"",""pt-BR"":""Tintina"",""pt"":""Tintina"",""nl"":""Kuifje"",""hr"":""Tintina"",""fa"":""تینتینا"",""de"":""Tintina"",""es"":""Tintina"",""fr"":""Tintina"",""ja"":""ティンティナ"",""it"":""Tintina"",""zh-CN"":""廷蒂娜"",""tr"":""Tintina"",""ru"":""Тинтина"",""uk"":""Тінтина"",""pl"":""Tintina"",""hi"":""टिंटिना"",""ar"":""تينتينا""}",2019-10-06T09:28:20,2025-12-02T14:39:55,1,Q1154169
1507,Toledo,3642,X,11,AR,city,,,-31.55574000,-64.00947000,Toledo,3046,America/Argentina/Cordoba,"{""br"":""Toledo"",""ko"":""톨레도"",""pt-BR"":""Toledo"",""pt"":""Toledo"",""nl"":""Toledo"",""hr"":""Toledo"",""fa"":""تولدو"",""de"":""Toledo"",""es"":""Toledo"",""fr"":""Tolède"",""ja"":""トレド"",""it"":""Toledo"",""zh-CN"":""托莱多"",""tr"":""Toledo"",""ru"":""Толедо"",""uk"":""Толедо"",""pl"":""Toledo"",""hi"":""टोलेडो"",""ar"":""توليدو""}",2019-10-06T09:28:20,2025-12-02T14:39:55,1,Q21831641
1508,Tolhuin,3650,V,11,AR,adm2,,,-54.51083000,-67.19550000,Peaje huin,3000,America/Argentina/Ushuaia,"{""br"":""Tolhuin"",""ko"":""톨후인"",""pt-BR"":""Tolhuin"",""pt"":""Tolhuin"",""nl"":""Tolhuin"",""hr"":""Tolhuin"",""fa"":""تولوین"",""de"":""Tolhuin"",""es"":""Tolhuín"",""fr"":""Tolhuin"",""ja"":""トルフイン"",""it"":""Tolhuin"",""zh-CN"":""托尔胡因"",""tr"":""Tolhuin"",""ru"":""Толуин"",""uk"":""Толхуїн"",""pl"":""Tolhuin"",""hi"":""तोल्हुइन"",""ar"":""تولوين""}",2019-10-06T09:28:20,2025-12-02T14:39:55,1,Q21831641
1509,Tostado,3641,S,11,AR,adm2,,,-29.23202000,-61.76917000,Tostado,14582,America/Argentina/Cordoba,"{""br"":""Tostado"",""ko"":""토스타도"",""pt-BR"":""Tostado"",""pt"":""Tostado"",""nl"":""Tostado"",""hr"":""Tostado"",""fa"":""توستادو"",""de"":""Tostado"",""es"":""Tostado"",""fr"":""Tostado"",""ja"":""トスタード"",""it"":""Tostato"",""zh-CN"":""托斯塔多"",""tr"":""Tostado"",""ru"":""Тостадо"",""uk"":""Тостадо"",""pl"":""Tostado"",""hi"":""टोस्टाडो"",""ar"":""توستادو""}",2019-10-06T09:28:20,2025-12-02T14:39:55,1,Q971021
1510,Totoras,3641,S,11,AR,city,,,-32.58440000,-61.16852000,Totoras,9587,America/Argentina/Cordoba,"{""br"":""Totoras"",""ko"":""토토라스"",""pt-BR"":""Totoras"",""pt"":""Totoras"",""nl"":""Totoras"",""hr"":""Totoras"",""fa"":""توتوراس"",""de"":""Totoras"",""es"":""Totoras"",""fr"":""Totoras"",""ja"":""トトラス"",""it"":""Totoras"",""zh-CN"":""托托拉斯"",""tr"":""Totoralar"",""ru"":""Тоторасы"",""uk"":""Тоторас"",""pl"":""Totoras"",""hi"":""टोटोरस"",""ar"":""توتوراس""}",2019-10-06T09:28:20,2025-12-02T14:39:55,1,Q2226504
1511,Trancas,3637,T,11,AR,adm2,,,-26.23136000,-65.28093000,Trancas,6658,America/Argentina/Tucuman,"{""br"":""Trancas"",""ko"":""트란카스"",""pt-BR"":""Trancas"",""pt"":""Trancas"",""nl"":""Trancas"",""hr"":""Trancas"",""fa"":""ترانسکاس"",""de"":""Trancas"",""es"":""Trancas"",""fr"":""Trancas"",""ja"":""トランカス"",""it"":""Trancas"",""zh-CN"":""特兰卡斯"",""tr"":""Trancalar"",""ru"":""Транкас"",""uk"":""Транкас"",""pl"":""Trancas"",""hi"":""ट्रैंकास"",""ar"":""ترانكاس""}",2019-10-06T09:28:20,2025-12-02T14:39:55,1,Q976838
1512,Trelew,3651,U,11,AR,city,,,-43.24895000,-65.30505000,Treleo,97915,America/Argentina/Catamarca,"{""br"":""Trelew"",""ko"":""트렐류"",""pt-BR"":""Trelew"",""pt"":""Trelew"",""nl"":""Trelew"",""hr"":""Trelew"",""fa"":""ترلو"",""de"":""Trelew"",""es"":""Trelew"",""fr"":""Trelew"",""ja"":""トレレウ"",""it"":""Trelew"",""zh-CN"":""特雷利乌"",""tr"":""Trelew"",""ru"":""Трелью"",""uk"":""Трелью"",""pl"":""Trelew"",""hi"":""ट्रेलेव"",""ar"":""تريليو""}",2019-10-06T09:28:20,2025-12-02T14:39:55,1,Q1009276
1513,Trenel,3655,L,11,AR,adm2,,,-35.69837000,-64.13218000,Trenel,3387,America/Argentina/Salta,"{""br"":""Trenel"",""ko"":""트레넬"",""pt-BR"":""Trenel"",""pt"":""Trenel"",""nl"":""Trenel"",""hr"":""Trenel"",""fa"":""ترنل"",""de"":""Trenel"",""es"":""Trenel"",""fr"":""Trenel"",""ja"":""トレネル"",""it"":""Trenel"",""zh-CN"":""特雷内尔"",""tr"":""Trenel"",""ru"":""Тренель"",""uk"":""Тренел"",""pl"":""Trenel"",""hi"":""ट्रेनेल"",""ar"":""ترينيل""}",2019-10-06T09:28:20,2025-12-02T14:39:55,1,Q3037564
1514,Tres Capones,3644,N,11,AR,city,,,-28.00641000,-55.60471000,Tres capones,1234,America/Argentina/Buenos_Aires,"{""br"":""Tres Capones"",""ko"":""트레스 카포네스"",""pt-BR"":""Tres Capones"",""pt"":""Tres Capones"",""nl"":""Drie Capones"",""hr"":""Tres Capones"",""fa"":""ترس کاپون‌ها"",""de"":""Tres Capones"",""es"":""Tres Capones"",""fr"":""Tres Capones"",""ja"":""トレス・カポネス"",""it"":""Tres Capones"",""zh-CN"":""特雷斯·卡彭斯"",""tr"":""Üç Capones"",""ru"":""Трес Капонес"",""uk"":""Трес Капонес"",""pl"":""Trzech Capones"",""hi"":""ट्रेस कैपोनेस"",""ar"":""تريس كابونيس""}",2019-10-06T09:28:20,2025-12-02T17:11:50,1,Q9297687
1515,Tres Isletas,3640,H,11,AR,adm2,,,-26.34067000,-60.43207000,Tres Isletas,24747,America/Argentina/Cordoba,"{""br"":""Tres Enezenn"",""ko"":""트레스 이슬레타스"",""pt-BR"":""Três Isletas"",""pt"":""Três Isletas"",""nl"":""Drie Eilanden"",""hr"":""Tres Isletas"",""fa"":""ترس ایسلتاس"",""de"":""Tres Isletas"",""es"":""Tres Isletas"",""fr"":""Trois Îles"",""ja"":""トレス・イスレタス"",""it"":""Tres Isletas"",""zh-CN"":""特雷斯岛"",""tr"":""Tres Isletas"",""ru"":""Трес-Ислетас"",""uk"":""Трес-Істетас"",""pl"":""Trzy wysepki"",""hi"":""ट्रेस आइलेटस"",""ar"":""تريس إيسليتاس""}",2019-10-06T09:28:20,2025-12-02T14:39:55,1,Q169222
1516,Trevelin,3651,U,11,AR,city,,,-43.08580000,-71.46386000,Trevelón,6353,America/Argentina/Catamarca,"{""br"":""Trevelin"",""ko"":""트레벨린"",""pt-BR"":""Trevelin"",""pt"":""Trevelin"",""nl"":""Trevelin"",""hr"":""Trevelin"",""fa"":""ترولین"",""de"":""Trevelin"",""es"":""Trevelín"",""fr"":""Trevelin"",""ja"":""トレベリン"",""it"":""Trevelin"",""zh-CN"":""特雷韦林"",""tr"":""Trevelin"",""ru"":""Тревелин"",""uk"":""Тревелін"",""pl"":""Trevelin"",""hi"":""ट्रेवेलिन"",""ar"":""تريفيلين""}",2019-10-06T09:28:20,2025-12-02T14:39:55,1,Q2368288
1517,Tío Pujio,3642,X,11,AR,city,,,-32.28790000,-63.35598000,Tío Pujio,2383,America/Argentina/Cordoba,"{""br"":""Tio Pujio"",""ko"":""티오 푸지오"",""pt-BR"":""Tio Pujio"",""pt"":""Tio Pujio"",""nl"":""Tío Pujio"",""hr"":""Tío Pujio"",""fa"":""تیو پوجیو"",""de"":""Tío Pujio"",""es"":""Tío Pujio"",""fr"":""Tío Pujio"",""ja"":""ティオ・プジオ"",""it"":""Zio Pujio"",""zh-CN"":""普希奥叔叔"",""tr"":""Tío Pujio"",""ru"":""Тио Пухио"",""uk"":""Тіо Пухіо"",""pl"":""Wujek Pujio"",""hi"":""टियो पुजियो"",""ar"":""تيو بوجيو""}",2019-10-06T09:28:20,2025-12-02T14:39:55,1,Q6154571
1518,Ubajay,3654,E,11,AR,city,,,-31.79358000,-58.31350000,Ubajay,2334,America/Argentina/Cordoba,"{""br"":""Ubajay"",""ko"":""우바자이"",""pt-BR"":""Ubajay"",""pt"":""Ubajay"",""nl"":""Ubajay"",""hr"":""Ubajay"",""fa"":""اوباجی"",""de"":""Ubajay"",""es"":""Ubajay"",""fr"":""Ubajay"",""ja"":""ウバジャイ"",""it"":""Ubajay"",""zh-CN"":""乌巴杰"",""tr"":""Ubajay"",""ru"":""Убаджай"",""uk"":""Убаджай"",""pl"":""Ubajay"",""hi"":""उबाजय"",""ar"":""أوباجاي""}",2019-10-06T09:28:20,2025-12-02T14:39:55,1,Q7876389
1519,Ucacha,3642,X,11,AR,city,,,-33.03203000,-63.50666000,Ucacá,4747,America/Argentina/Cordoba,"{""br"":""Ucacha"",""ko"":""우카차"",""pt-BR"":""Ucacha"",""pt"":""Ucacha"",""nl"":""Ucacha"",""hr"":""Ucacha"",""fa"":""اوکاچا"",""de"":""Ucacha"",""es"":""Ucacha"",""fr"":""Ucacha"",""ja"":""ウカチャ"",""it"":""Ucacha"",""zh-CN"":""乌卡查"",""tr"":""Ucacha"",""ru"":""Укача"",""uk"":""Укачча"",""pl"":""Ucacha"",""hi"":""उकाचा"",""ar"":""أوكاتشا""}",2019-10-06T09:28:20,2025-12-02T14:39:55,1,Q2628025
1520,Unión,3636,D,11,AR,city,,,-35.15282000,-65.94602000,Unión,2341,America/Argentina/San_Luis,"{""br"":""Unvaniezh"",""ko"":""노동 조합"",""pt-BR"":""União"",""pt"":""União"",""nl"":""Unie"",""hr"":""Unija"",""fa"":""یونیون"",""de"":""Union"",""es"":""Unión"",""fr"":""Union"",""ja"":""連合"",""it"":""Unione"",""zh-CN"":""联盟"",""tr"":""Birlik"",""ru"":""Унион"",""uk"":""Уніон"",""pl"":""Unia"",""hi"":""यूनियन"",""ar"":""الاتحاد""}",2019-10-06T09:28:20,2025-12-02T14:39:55,1,Q7896892
1521,Unquillo,3642,X,11,AR,city,,,-31.23073000,-64.31615000,Sin ser,18483,America/Argentina/Buenos_Aires,"{""br"":""Unquillo"",""ko"":""운킬로"",""pt-BR"":""Unquillo"",""pt"":""Unquillo"",""nl"":""Unquillo"",""hr"":""Unquillo"",""fa"":""آنکیلو"",""de"":""Unquillo"",""es"":""Unquillo"",""fr"":""Unquillo"",""ja"":""ウンキージョ"",""it"":""Unquillo"",""zh-CN"":""安基洛"",""tr"":""Unquillo"",""ru"":""Ункильо"",""uk"":""Ункільо"",""pl"":""Unquillo"",""hi"":""अनक्विलो"",""ar"":""أونكويلو""}",2019-10-06T09:28:20,2025-12-02T17:11:50,1,Q3120316
1522,Urdinarrain,3654,E,11,AR,city,,,-32.68573000,-58.89323000,Azul,7992,America/Argentina/Buenos_Aires,"{""br"":""Urdinarrain"",""ko"":""우르디나라인"",""pt-BR"":""Urdinarrain"",""pt"":""Urdinarrain"",""nl"":""Urdinarrain"",""hr"":""Urdinarrain"",""fa"":""اوردیناراین"",""de"":""Urdinarrain"",""es"":""Urdinarrain"",""fr"":""Urdinarrain"",""ja"":""ウルディナライン"",""it"":""Urdinarrain"",""zh-CN"":""乌尔迪纳拉因"",""tr"":""Urdinarrain"",""ru"":""Урдинаррайн"",""uk"":""Урдінарайн"",""pl"":""Urdinarrain"",""hi"":""उर्दिनारैन"",""ar"":""أرديناراين""}",2019-10-06T09:28:20,2025-12-02T17:11:50,1,Q2032321
1523,Uriburu,3655,L,11,AR,city,,,-36.50682000,-63.86225000,Portal,1200,America/Argentina/Salta,"{""br"":""Uriburu"",""ko"":""우리부루"",""pt-BR"":""Uriburu"",""pt"":""Uriburu"",""nl"":""Uriburu"",""hr"":""Uriburu"",""fa"":""اوریبورو"",""de"":""Uriburu"",""es"":""Uriburu"",""fr"":""Uriburu"",""ja"":""ウリブル"",""it"":""Uriburu"",""zh-CN"":""乌里布鲁"",""tr"":""Uriburu"",""ru"":""Урибуру"",""uk"":""Урібуру"",""pl"":""Uriburu"",""hi"":""उरीबुरु"",""ar"":""أوريبورو""}",2019-10-06T09:28:20,2025-12-02T14:39:55,1,Q7900572
1524,Ushuaia,3650,V,11,AR,adm1,,,-54.81084000,-68.31591000,Ushuaia,56825,America/Argentina/Ushuaia,"{""br"":""Ushuaia"",""ko"":""우수아이아"",""pt-BR"":""Ushuaia"",""pt"":""Ushuaia"",""nl"":""Ushuaia"",""hr"":""Ushuaia"",""fa"":""اوشوایا"",""de"":""Ushuaia"",""es"":""Ushuaia"",""fr"":""Ushuaïa"",""ja"":""ウシュアイア"",""it"":""Ushuaia"",""zh-CN"":""乌斯怀亚"",""tr"":""Ushuaia"",""ru"":""Ушуайя"",""uk"":""Ушуайя"",""pl"":""Ushuaia"",""hi"":""उशुआइया"",""ar"":""أوشوايا""}",2019-10-06T09:28:21,2025-12-02T14:39:55,1,Q44254
1525,Valcheta,3639,R,11,AR,adm2,,,-40.67989000,-66.16283000,Valcheta,3867,America/Argentina/Salta,"{""br"":""Valcheta"",""ko"":""발체타"",""pt-BR"":""Valcheta"",""pt"":""Valcheta"",""nl"":""Valcheta"",""hr"":""Valcheta"",""fa"":""والچتا"",""de"":""Valcheta"",""es"":""Valcheta"",""fr"":""Valcheta"",""ja"":""ヴァルチェタ"",""it"":""Valcheta"",""zh-CN"":""瓦尔切塔"",""tr"":""Valcheta"",""ru"":""Вальчета"",""uk"":""Валчета"",""pl"":""Valcheta"",""hi"":""वाल्चेटा"",""ar"":""فالتشيتا""}",2019-10-06T09:28:21,2025-12-02T14:39:55,1,Q1015230
1526,Valle Hermoso,3642,X,11,AR,city,,,-31.11732000,-64.48084000,Valle Hermoso,5486,America/Argentina/Cordoba,"{""br"":""Valle Hermoso"",""ko"":""발레 에르모소"",""pt-BR"":""Vale Hermoso"",""pt"":""Vale Hermoso"",""nl"":""Valle Hermoso"",""hr"":""Valle Hermoso"",""fa"":""واله هرموسو"",""de"":""Valle Hermoso"",""es"":""Valle Hermoso"",""fr"":""Vallée Hermoso"",""ja"":""ヴァッレ・エルモソ"",""it"":""Valle Hermoso"",""zh-CN"":""巴列埃尔莫索"",""tr"":""Güzel Vadi"",""ru"":""Валье Эрмосо"",""uk"":""Валле Ермосо"",""pl"":""Valle Hermoso"",""hi"":""वैले हर्मोसो"",""ar"":""وادي هيرموسو""}",2019-10-06T09:28:21,2025-12-02T14:39:55,1,Q9092406
1527,Veinticinco de Mayo,3655,L,11,AR,adm2,,,-37.77410000,-67.71638000,Veinticinco de Mayo,30891,America/Argentina/Buenos_Aires,"{""br"":""Veinticinco de Mayo"",""ko"":""베인티신코 데 마요"",""pt-BR"":""Veinticinco de Mayo"",""pt"":""Veinticinco de Mayo"",""nl"":""Veinticinco de Mayo"",""hr"":""Veinticinco de Mayo"",""fa"":""وینتیچینکو د مایو"",""de"":""Veinticinco de Mayo"",""es"":""Veinticinco de Mayo"",""fr"":""Veinticinco de Mayo"",""ja"":""ベインティシンコ・デ・マヨ"",""it"":""Veinticinco de Mayo"",""zh-CN"":""五月十五日"",""tr"":""Veinticinco de Mayo"",""ru"":""Вейнтисинко де Майо"",""uk"":""Вентісінко-де-Майо"",""pl"":""Veinticinco de Mayo"",""hi"":""वेन्टिसिन्को डे मेयो"",""ar"":""فينتيسينكو دي مايو""}",2019-10-06T09:28:21,2025-12-02T17:11:50,1,Q2449535
1528,Veinticinco de Mayo,3644,N,11,AR,city,,,-27.37679000,-54.74312000,Veinticinco de Mayo,11928,America/Argentina/Cordoba,"{""br"":""Veinticinco de Mayo"",""ko"":""베인티신코 데 마요"",""pt-BR"":""Veinticinco de Mayo"",""pt"":""Veinticinco de Mayo"",""nl"":""Veinticinco de Mayo"",""hr"":""Veinticinco de Mayo"",""fa"":""وینتیچینکو د مایو"",""de"":""Veinticinco de Mayo"",""es"":""Veinticinco de Mayo"",""fr"":""Veinticinco de Mayo"",""ja"":""ベインティシンコ・デ・マヨ"",""it"":""Veinticinco de Mayo"",""zh-CN"":""五月十五日"",""tr"":""Veinticinco de Mayo"",""ru"":""Вейнтисинко де Майо"",""uk"":""Вентісінко-де-Майо"",""pl"":""Veinticinco de Mayo"",""hi"":""वेन्टिसिन्को डे मेयो"",""ar"":""فينتيسينكو دي مايو""}",2019-10-06T09:28:21,2025-12-02T14:39:55,1,Q2374393
1529,Venado Tuerto,3641,S,11,AR,city,,,-33.74556000,-61.96885000,Venado Tuerto,82757,America/Argentina/Cordoba,"{""br"":""Venado Tuerto"",""ko"":""베나도 투에르토"",""pt-BR"":""Venado Tuerto"",""pt"":""Venado Tuerto"",""nl"":""Venado Tuerto"",""hr"":""Venado Tuerto"",""fa"":""ونادو تورتو"",""de"":""Venado Tuerto"",""es"":""Venado Tuerto"",""fr"":""Venado Tuerto"",""ja"":""ベナド・トゥエルト"",""it"":""Venado Tuerto"",""zh-CN"":""维纳多·图埃尔托"",""tr"":""Venado Tuerto"",""ru"":""Венадо Туэрто"",""uk"":""Венадо Туерто"",""pl"":""Venado Tuerto"",""hi"":""वेनाडो टुएर्टो"",""ar"":""فينادو تويرتو""}",2019-10-06T09:28:21,2025-12-02T14:39:55,1,Q1889146
1530,Vera,3641,S,11,AR,adm2,,,-29.45930000,-60.21261000,Vera,19185,America/Argentina/Cordoba,"{""br"":""Vera"",""ko"":""베라"",""pt-BR"":""Vera"",""pt"":""Vera"",""nl"":""Vera"",""hr"":""Vera"",""fa"":""ورا"",""de"":""Glaube"",""es"":""Vera"",""fr"":""Véra"",""ja"":""ヴェラ"",""it"":""Vera"",""zh-CN"":""维拉"",""tr"":""Vera"",""ru"":""Вера"",""uk"":""Віра"",""pl"":""Wiera"",""hi"":""वेरा"",""ar"":""فيرا""}",2019-10-06T09:28:21,2025-12-02T14:39:55,1,Q2540770
1531,Viale,3654,E,11,AR,city,,,-31.86782000,-60.00722000,Avenida,8939,America/Argentina/Cordoba,"{""br"":""Viale"",""ko"":""비알레"",""pt-BR"":""Viale"",""pt"":""Viale"",""nl"":""Viale"",""hr"":""Viale"",""fa"":""ویاله"",""de"":""Viale"",""es"":""Viale"",""fr"":""Viale"",""ja"":""ヴィアーレ"",""it"":""Viale"",""zh-CN"":""维亚莱"",""tr"":""Viale"",""ru"":""Виале"",""uk"":""Віале"",""pl"":""Viale"",""hi"":""वियाल"",""ar"":""فيالي""}",2019-10-06T09:28:21,2025-12-02T14:39:55,1,Q7924485
1532,Viamonte,3642,X,11,AR,city,,,-33.74647000,-63.09764000,Viamonte,1598,America/Argentina/Cordoba,"{""br"":""Viamonte"",""ko"":""비아몬테"",""pt-BR"":""Viamonte"",""pt"":""Viamonte"",""nl"":""Viamonte"",""hr"":""Viamonte"",""fa"":""ویامونته"",""de"":""Viamonte"",""es"":""Viamonte"",""fr"":""Viamonte"",""ja"":""ヴィアモンテ"",""it"":""Viamonte"",""zh-CN"":""维亚蒙特"",""tr"":""Viamonte"",""ru"":""Виамонте"",""uk"":""Віамонте"",""pl"":""Viamonte"",""hi"":""वियामोंटे"",""ar"":""فيامونتي""}",2019-10-06T09:28:21,2025-12-02T14:39:55,1,Q21832337
1533,Victoria,3654,E,11,AR,city,,,-32.61841000,-60.15478000,Victoria,30623,America/Argentina/Cordoba,"{""br"":""Victoria"",""ko"":""빅토리아"",""pt-BR"":""Vitória"",""pt"":""Vitória"",""nl"":""Victoria"",""hr"":""Viktorija"",""fa"":""ویکتوریا"",""de"":""Viktoria"",""es"":""Victoria"",""fr"":""Victoria"",""ja"":""ビクトリア"",""it"":""Vittoria"",""zh-CN"":""维多利亚"",""tr"":""Victoria"",""ru"":""Виктория"",""uk"":""Вікторія"",""pl"":""Wiktoria"",""hi"":""विक्टोरिया"",""ar"":""فيكتوريا""}",2019-10-06T09:28:21,2025-12-02T14:39:55,1,Q1905080
1534,Victorica,3655,L,11,AR,adm2,,,-36.21505000,-65.43586000,Victorica,6565,America/Argentina/Salta,"{""br"":""Victoria"",""ko"":""빅토리아"",""pt-BR"":""Vitória"",""pt"":""Vitória"",""nl"":""Victoria"",""hr"":""Viktorija"",""fa"":""ویکتوریا"",""de"":""Viktoria"",""es"":""Victoria"",""fr"":""Victoria"",""ja"":""ヴィクトリカ"",""it"":""Vittoria"",""zh-CN"":""维多利亚"",""tr"":""Viktorya"",""ru"":""Викторика"",""uk"":""Вікторія"",""pl"":""Wiktoria"",""hi"":""विक्टोरिका"",""ar"":""فيكتوريا""}",2019-10-06T09:28:21,2025-12-02T14:39:55,1,Q2272570
1535,Vicuña Mackenna,3642,X,11,AR,city,,,-33.91965000,-64.39215000,Vicuña Mackenna,8994,America/Argentina/Cordoba,"{""br"":""Vicuña Mackenna"",""ko"":""비쿠냐 마케나"",""pt-BR"":""Vicunha Mackenna"",""pt"":""Vicunha Mackenna"",""nl"":""Vicuña Mackenna"",""hr"":""Vicuña Mackenna"",""fa"":""ویکونا مکنا"",""de"":""Vicuña Mackenna"",""es"":""Vicuña Mackenna"",""fr"":""Vigogne Mackenna"",""ja"":""ビクーニャ・マッケナ"",""it"":""Vicuña Mackenna"",""zh-CN"":""麦肯纳小羊驼"",""tr"":""Vicuña Mackenna"",""ru"":""Викунья Макенна"",""uk"":""Вікунья Маккенна"",""pl"":""Wikunia Mackenna"",""hi"":""विकुना मैकेना"",""ar"":""فيكونيا ماكينا""}",2019-10-06T09:28:21,2025-12-02T14:39:55,1,Q918656
1536,Viedma,3639,R,11,AR,adm1,,,-40.81345000,-62.99668000,Viedma,59993,America/Argentina/Buenos_Aires,"{""br"":""Viedma"",""ko"":""비에드마"",""pt-BR"":""Viedma"",""pt"":""Viedma"",""nl"":""Viedma"",""hr"":""Viedma"",""fa"":""ویدما"",""de"":""Viedma"",""es"":""Viedma"",""fr"":""Viedma"",""ja"":""ビエドマ"",""it"":""Viedma"",""zh-CN"":""维德马"",""tr"":""Viedma"",""ru"":""Вьедма"",""uk"":""Вієдма"",""pl"":""Viedma"",""hi"":""विद्मा"",""ar"":""فيدما""}",2019-10-06T09:28:21,2025-12-02T17:11:50,1,Q44240
1537,Villa Allende,3642,X,11,AR,section,,,-31.29458000,-64.29538000,Villa Allende,21683,America/Argentina/Cordoba,"{""br"":""Villa Allende"",""ko"":""빌라 알렌데"",""pt-BR"":""Vila Allende"",""pt"":""Vila Allende"",""nl"":""Villa Allende"",""hr"":""Vila Allende"",""fa"":""ویلا آلنده"",""de"":""Villa Allende"",""es"":""Villa Allende"",""fr"":""Villa Allende"",""ja"":""ビジャ・アジェンデ"",""it"":""Villa Allende"",""zh-CN"":""维拉阿连德"",""tr"":""Villa Allende"",""ru"":""Вилла Альенде"",""uk"":""Вілла Альєнде"",""pl"":""Willa Allende"",""hi"":""विला अलेंदे"",""ar"":""فيلا الليندي""}",2019-10-06T09:28:21,2025-12-02T14:39:55,1,Q991758
1538,Villa Ascasubi,3642,X,11,AR,city,,,-32.16351000,-63.89157000,Villa Ascasubi,2081,America/Argentina/Cordoba,"{""br"":""Villa Ascasubi"",""ko"":""빌라 아스카수비"",""pt-BR"":""Vila Ascasubi"",""pt"":""Vila Ascasubi"",""nl"":""Villa Ascasubi"",""hr"":""Vila Ascasubi"",""fa"":""ویلا آسکاسوبی"",""de"":""Villa Ascasubi"",""es"":""Villa Ascasubi"",""fr"":""Villa Ascasubi"",""ja"":""ヴィラ・アスカスビ"",""it"":""Villa Ascasubi"",""zh-CN"":""阿斯卡苏比别墅"",""tr"":""Villa Ascasubi"",""ru"":""Вилла Аскасуби"",""uk"":""Вілла Аскасубі"",""pl"":""Willa Ascasubi"",""hi"":""विला असकासुबी"",""ar"":""فيلا أسكاسوبي""}",2019-10-06T09:28:21,2025-12-02T14:39:55,1,Q1973813
1539,Villa Atamisqui,3635,G,11,AR,adm2,,,-28.49609000,-63.81609000,Villa atamisqui,2683,America/Argentina/Cordoba,"{""br"":""Villa Atamisqui"",""ko"":""빌라 아타미스키"",""pt-BR"":""Vila Atamisqui"",""pt"":""Vila Atamisqui"",""nl"":""Villa Atamisqui"",""hr"":""Vila Atamisqui"",""fa"":""ویلا آتامیسکی"",""de"":""Villa Atamisqui"",""es"":""Villa Atamisqui"",""fr"":""Villa Atamisqui"",""ja"":""ヴィラ アタミスキ"",""it"":""Villa Atamisqui"",""zh-CN"":""阿塔米斯基别墅"",""tr"":""Villa Atamisqui"",""ru"":""Вилла Атамиски"",""uk"":""Вілла Атаміскі"",""pl"":""Willa Atamisqui"",""hi"":""विला अटामिस्क्वी"",""ar"":""فيلا أتاميسكي""}",2019-10-06T09:28:21,2025-12-02T14:39:55,1,Q577778
1540,Villa Basilio Nievas,3634,J,11,AR,adm2,,,-31.55000000,-68.73333000,Villa Basilio Nievas,4038,America/Argentina/San_Juan,"{""br"":""Villa Basilio Nievas"",""ko"":""빌라 바실리오 니에바스"",""pt-BR"":""Villa Basílio Neves"",""pt"":""Villa Basílio Neves"",""nl"":""Villa Basilio Nievas"",""hr"":""Vila Basilio Nievas"",""fa"":""ویلا باسیلیو نیواس"",""de"":""Villa Basilio Nievas"",""es"":""Villa Basilio Nievas"",""fr"":""Villa Basilio Nievas"",""ja"":""ヴィラ・バシリオ・ニエバス"",""it"":""Villa Basilio Nievas"",""zh-CN"":""巴西利奥·涅瓦斯别墅"",""tr"":""Villa Basilio Nievas"",""ru"":""Вилла Базилио Ниевас"",""uk"":""Вілла Базиліо Ньєвас"",""pl"":""Willa Basilio Nievas"",""hi"":""विला बेसिलियो नीवास"",""ar"":""فيلا باسيليو نيفاس""}",2019-10-06T09:28:21,2025-12-02T14:39:55,1,Q2052395
1541,Villa Berna,3642,X,11,AR,city,,,-31.91419000,-64.73249000,Villa Berna,5000,America/Argentina/Cordoba,"{""br"":""Villa Berna"",""ko"":""빌라 베르나"",""pt-BR"":""Vila Berna"",""pt"":""Vila Berna"",""nl"":""Villa Berna"",""hr"":""Vila Berna"",""fa"":""ویلا برنا"",""de"":""Villa Berna"",""es"":""Villa Berna"",""fr"":""Villa Berna"",""ja"":""ヴィラ・ベルナ"",""it"":""Villa Berna"",""zh-CN"":""伯纳别墅"",""tr"":""Villa Berna"",""ru"":""Вилла Берна"",""uk"":""Вілла Берна"",""pl"":""Willa Berna"",""hi"":""विला बर्ना"",""ar"":""فيلا بيرنا""}",2019-10-06T09:28:21,2025-12-02T14:39:55,1,Q6162060
1542,Villa Berthet,3640,H,11,AR,adm2,,,-27.29174000,-60.41263000,Villa Berthet,12029,America/Argentina/Cordoba,"{""br"":""Villa Berthet"",""ko"":""빌라 베르테"",""pt-BR"":""Vila Berthet"",""pt"":""Vila Berthet"",""nl"":""Villa Berthet"",""hr"":""Vila Berthet"",""fa"":""ویلا برتت"",""de"":""Villa Berthet"",""es"":""Villa Berthet"",""fr"":""Villa Berthet"",""ja"":""ヴィラ・ベルテ"",""it"":""Villa Berthet"",""zh-CN"":""贝尔特别墅"",""tr"":""Villa Berthet"",""ru"":""Вилла Бертет"",""uk"":""Вілла Бертет"",""pl"":""Willa Berthet"",""hi"":""विला बर्थेट"",""ar"":""فيلا بيرثيت""}",2019-10-06T09:28:21,2025-12-02T14:39:55,1,Q1657333
1543,Villa Bustos,3653,F,11,AR,city,,,-29.28636000,-67.02067000,Villa Bustos,2165,America/Argentina/La_Rioja,"{""br"":""Villa Bustos"",""ko"":""빌라 부스토스"",""pt-BR"":""Vila Bustos"",""pt"":""Vila Bustos"",""nl"":""Villa Bustos"",""hr"":""Vila Bustos"",""fa"":""ویلا بوستوس"",""de"":""Villa Bustos"",""es"":""Villa Bustos"",""fr"":""Villa Bustos"",""ja"":""ヴィラ・ブストス"",""it"":""Villa Bustos"",""zh-CN"":""布斯托斯别墅"",""tr"":""Villa Bustos"",""ru"":""Вилла Бустос"",""uk"":""Вілла Бустос"",""pl"":""Willa Bustos"",""hi"":""विला बुस्टोस"",""ar"":""فيلا بوستوس""}",2019-10-06T09:28:21,2025-12-02T14:39:55,1,Q58388
1544,Villa Carlos Paz,3642,X,11,AR,city,,,-31.42414000,-64.49778000,Villa Carlos Paz,,America/Argentina/Buenos_Aires,"{""br"":""Villa Carlos Paz"",""ko"":""빌라 카를로스 파스"",""pt-BR"":""Vila Carlos Paz"",""pt"":""Vila Carlos Paz"",""nl"":""Villa Carlos Paz"",""hr"":""Vila Carlos Paz"",""fa"":""ویلا کارلوس پاز"",""de"":""Villa Carlos Paz"",""es"":""Villa Carlos Paz"",""fr"":""Villa Carlos Paz"",""ja"":""ビジャ・カルロス・パス"",""it"":""Villa Carlos Paz"",""zh-CN"":""维拉卡洛斯帕兹"",""tr"":""Villa Carlos Paz"",""ru"":""Вилья-Карлос-Пас"",""uk"":""Вілья Карлос Пас"",""pl"":""Willa Carlos Paz"",""hi"":""विला कार्लोस पाज़"",""ar"":""فيلا كارلوس باز""}",2019-10-06T09:28:21,2025-12-02T17:11:50,1,Q48285
1545,Villa Cañás,3641,S,11,AR,city,,,-34.00565000,-61.60757000,Villa Cañás,9328,America/Argentina/Cordoba,"{""br"":""Villa Cañás"",""ko"":""빌라 카냐스"",""pt-BR"":""Villa Cañás"",""pt"":""Villa Cañás"",""nl"":""Villa Cañás"",""hr"":""Vila Cañás"",""fa"":""ویلا کاناس"",""de"":""Villa Cañás"",""es"":""Villa Cañás"",""fr"":""Villa Cañás"",""ja"":""ヴィラ・カニャス"",""it"":""Villa Cañás"",""zh-CN"":""卡纳斯别墅"",""tr"":""Villa Cañás"",""ru"":""Вилла Каньяс"",""uk"":""Вілла Каньяс"",""pl"":""Willa Cañás"",""hi"":""विला कैनास"",""ar"":""فيلا كاناس""}",2019-10-06T09:28:21,2025-12-02T14:39:55,1,Q1865187
1546,Villa Concepción del Tío,3642,X,11,AR,city,,,-31.32259000,-62.81354000,Villa Concepción del Tío,1585,America/Argentina/Cordoba,"{""br"":""Villa Concepción del Tío"",""ko"":""빌라 콘셉시온 델 티오"",""pt-BR"":""Villa Concepción del Tío"",""pt"":""Villa Concepción del Tío"",""nl"":""Villa Concepción del Tío"",""hr"":""Vila Concepción del Tío"",""fa"":""ویلا کونسپسیون دل تیو"",""de"":""Villa Concepción del Tío"",""es"":""Villa Concepción del Tío"",""fr"":""Villa Concepción del Tío"",""ja"":""ヴィラ・コンセプシオン・デル・ティオ"",""it"":""Villa Concepción del Tío"",""zh-CN"":""康塞普西翁德尔蒂奥别墅"",""tr"":""Villa Concepción del Tío"",""ru"":""Вилла Консепсьон дель Тио"",""uk"":""Вілла Консепсьйон-дель-Тіо"",""pl"":""Villa Concepción del Tío"",""hi"":""विला कॉन्सेप्सिओन डेल टियो"",""ar"":""فيلا كونسيبسيون ديل تيو""}",2019-10-06T09:28:21,2025-12-02T14:39:55,1,Q6162106
1547,Villa Constitución,3641,S,11,AR,adm2,,,-33.22778000,-60.32970000,Villa Constitución,47374,America/Argentina/Cordoba,"{""br"":""Villa Constitución"",""ko"":""빌라 콘스티투시온"",""pt-BR"":""Villa Constitución"",""pt"":""Villa Constitución"",""nl"":""Villa Constitución"",""hr"":""Vila Constitución"",""fa"":""ویلا کانستیتوسیون"",""de"":""Villa Constitución"",""es"":""Villa Constitución"",""fr"":""Villa Constitución"",""ja"":""ヴィラ・コンスティトゥシオン"",""it"":""Villa Constitución"",""zh-CN"":""宪法别墅"",""tr"":""Villa Constitución"",""ru"":""Вилла Конститусьон"",""uk"":""Вілла Конститусьйон"",""pl"":""Willa Konstytucja"",""hi"":""विला कॉन्स्टिट्यूसिओन"",""ar"":""فيلا كونستيتسيون""}",2019-10-06T09:28:21,2025-12-02T14:39:55,1,Q2584195
1548,Villa Cura Brochero,3642,X,11,AR,adm2,,,-31.70578000,-65.01796000,Villa Cura Brochero,4707,America/Argentina/Cordoba,"{""br"":""Villa Cura Brochero"",""ko"":""빌라 쿠라 브로체로"",""pt-BR"":""Villa Cura Brochero"",""pt"":""Villa Cura Brochero"",""nl"":""Villa Cura Brochero"",""hr"":""Vila Cura Brochero"",""fa"":""بروشور ویلا کورا"",""de"":""Villa Cura Brochero"",""es"":""Villa Cura Brochero"",""fr"":""Villa Cura Brochero"",""ja"":""ヴィラ クーラ ブロチェロ"",""it"":""Villa Cura Brochero"",""zh-CN"":""库拉布罗切罗别墅"",""tr"":""Villa Cura Brochero"",""ru"":""Вилла Кура Брочеро"",""uk"":""Вілла Кура Брочеро"",""pl"":""Willa Cura Brochero"",""hi"":""विला क्यूरा ब्रोचेरो"",""ar"":""فيلا كورا بروشيرو""}",2019-10-06T09:28:21,2025-12-02T14:39:55,1,Q1818180
1549,Villa Dolores,3642,X,11,AR,city,,,-31.94585000,-65.18958000,Villa Dolores,29854,America/Argentina/Cordoba,"{""br"":""Villa Dolores"",""ko"":""빌라 돌로레스"",""pt-BR"":""Vila Dolores"",""pt"":""Vila Dolores"",""nl"":""Villa Dolores"",""hr"":""Vila Dolores"",""fa"":""ویلا دولورس"",""de"":""Villa Dolores"",""es"":""Villa Dolores"",""fr"":""Villa Dolores"",""ja"":""ヴィラ・ドロレス"",""it"":""Villa Dolores"",""zh-CN"":""多洛雷斯别墅"",""tr"":""Villa Dolores"",""ru"":""Вилла Долорес"",""uk"":""Вілла Долорес"",""pl"":""Willa Dolores"",""hi"":""विला डोलोरेस"",""ar"":""فيلا دولوريس""}",2019-10-06T09:28:21,2025-12-02T14:39:55,1,Q374013
1550,Villa Elisa,3654,E,11,AR,city,,,-32.16320000,-58.40082000,Villa Elisa,10266,America/Argentina/Cordoba,"{""br"":""Villa Elisa"",""ko"":""빌라 엘리사"",""pt-BR"":""Vila Elisa"",""pt"":""Vila Elisa"",""nl"":""Villa Elisa"",""hr"":""Vila Elisa"",""fa"":""ویلا الیسا"",""de"":""Villa Elisa"",""es"":""Villa Elisa"",""fr"":""Villa Elisa"",""ja"":""ヴィラ・エリサ"",""it"":""Villa Elisa"",""zh-CN"":""伊莉莎别墅"",""tr"":""Villa Elisa"",""ru"":""Вилла Элиза"",""uk"":""Вілла Еліза"",""pl"":""Willa Elisa"",""hi"":""विला एलिसा"",""ar"":""فيلا إليسا""}",2019-10-06T09:28:21,2025-12-02T14:39:55,1,Q52581
1551,Villa Escolar,3652,P,11,AR,city,,,-26.62209000,-58.67134000,Villa Escolar,1261,America/Argentina/Cordoba,"{""br"":""Villa Escolar"",""ko"":""빌라 에스콜라"",""pt-BR"":""Vila Escolar"",""pt"":""Vila Escolar"",""nl"":""Villa Escolar"",""hr"":""Vila Escolar"",""fa"":""ویلا اسکولار"",""de"":""Villa Escolar"",""es"":""Villa Escolar"",""fr"":""Villa Escolar"",""ja"":""ヴィラ・エスコラール"",""it"":""Villa Escolar"",""zh-CN"":""埃斯科拉别墅"",""tr"":""Villa Escolar"",""ru"":""Вилла Эсколар"",""uk"":""Вілла Есколар"",""pl"":""Willa Escolar"",""hi"":""विला एस्कोलर"",""ar"":""فيلا إسكولار""}",2019-10-06T09:28:21,2025-12-02T14:39:55,1,Q5854222
1552,Villa General Belgrano,3642,X,11,AR,city,,,-31.97828000,-64.55627000,Villa General Belgrano,5888,America/Argentina/Cordoba,"{""br"":""Villa General Belgrano"",""ko"":""빌라 제네랄 벨그라노"",""pt-BR"":""Vila Geral Belgrano"",""pt"":""Vila Geral Belgrano"",""nl"":""Villa Generaal Belgrano"",""hr"":""Vila general Belgrano"",""fa"":""ویلا جنرال بلگرانو"",""de"":""Villa General Belgrano"",""es"":""Villa General Belgrano"",""fr"":""Villa General Belgrano"",""ja"":""ヴィラ・ヘネラル・ベルグラーノ"",""it"":""Villa General Belgrano"",""zh-CN"":""贝尔格拉诺将军别墅"",""tr"":""Villa General Belgrano"",""ru"":""Вилья-Хенераль-Бельграно"",""uk"":""Вілла Генерал Бельграно"",""pl"":""Willa Generalna Belgrano"",""hi"":""विला जनरल बेलग्रानो"",""ar"":""فيلا جنرال بيلجرانو""}",2019-10-06T09:28:21,2025-12-02T14:39:55,1,Q1013424
1553,Villa General Guemes,3652,P,11,AR,city,,,-24.75530000,-59.48940000,Villa General Guemes,4000,America/Argentina/Cordoba,"{""br"":""Villa General Guemes"",""ko"":""빌라 제너럴 게메스"",""pt-BR"":""Vila General Guemes"",""pt"":""Vila General Guemes"",""nl"":""Villa Generaal Guemes"",""hr"":""Vila General Guemes"",""fa"":""ویلا جنرال گومس"",""de"":""Villa General Guemes"",""es"":""Villa General Güemes"",""fr"":""Villa General Guemes"",""ja"":""ヴィラ・ヘネラル・ゲメス"",""it"":""Villa General Guemes"",""zh-CN"":""格梅斯将军镇"",""tr"":""Villa General Guemes"",""ru"":""Вилья-Хенераль-Гуэмес"",""uk"":""Вілла Генерал Гемес"",""pl"":""Willa General Guemes"",""hi"":""विला जनरल गुएम्स"",""ar"":""فيلا الجنرال غويميس""}",2019-10-06T09:28:21,2025-12-02T14:39:55,1,Q1013424
1554,Villa General Mitre,3635,G,11,AR,city,,,-29.14310000,-62.65248000,Villa General Mitre,3605,America/Argentina/Cordoba,"{""br"":""Villa General Mitre"",""ko"":""빌라 제너럴 미트레"",""pt-BR"":""Vila General Mitre"",""pt"":""Vila General Mitre"",""nl"":""Villa Generaal Mitre"",""hr"":""Vila General Mitre"",""fa"":""ویلا جنرال میتر"",""de"":""Villa General Mitre"",""es"":""Villa General Mitre"",""fr"":""Villa General Mitre"",""ja"":""ヴィラ・ジェネラル・ミトレ"",""it"":""Villa General Mitre"",""zh-CN"":""米特将军别墅"",""tr"":""Villa General Mitre"",""ru"":""Вилла Генерал Митре"",""uk"":""Вілла Генерала Мітре"",""pl"":""Willa General Mitre"",""hi"":""विला जनरल मिट्रे"",""ar"":""فيلا جنرال ميتري""}",2019-10-06T09:28:21,2025-12-02T14:39:55,1,Q1016062
1555,Villa General Roca,3636,D,11,AR,adm2,,,-32.66535000,-66.45052000,Villa General Roca,196,America/Argentina/San_Luis,"{""br"":""Villa General Roca"",""ko"":""빌라 제네랄 로카"",""pt-BR"":""Vila General Roca"",""pt"":""Vila General Roca"",""nl"":""Villa General Roca"",""hr"":""Vila General Roca"",""fa"":""ویلا جنرال روکا"",""de"":""Villa General Roca"",""es"":""Villa General Roca"",""fr"":""Villa General Roca"",""ja"":""ヴィラ・ヘネラル・ロカ"",""it"":""Villa General Roca"",""zh-CN"":""罗卡将军别墅"",""tr"":""Villa General Roca"",""ru"":""Вилья-Хенераль-Рока"",""uk"":""Вілла Генерал Рока"",""pl"":""Willa Generał Roca"",""hi"":""विला जनरल रोका"",""ar"":""فيلا جنرال روكا""}",2019-10-06T09:28:21,2025-12-02T14:39:55,1,Q678141
1556,Villa Giardino,3642,X,11,AR,city,,,-31.03333000,-64.48333000,Villa de jardín,15112,America/Argentina/Cordoba,"{""br"":""Villa Giardino"",""ko"":""빌라 자르디노"",""pt-BR"":""Vila Giardino"",""pt"":""Vila Giardino"",""nl"":""Villa Giardino"",""hr"":""Vila Giardino"",""fa"":""ویلا جیاردینو"",""de"":""Villa Giardino"",""es"":""Villa Jardín"",""fr"":""Villa Giardino"",""ja"":""ヴィラ・ジャルディーノ"",""it"":""Villa Giardino"",""zh-CN"":""花园别墅"",""tr"":""Villa Giardino"",""ru"":""Вилла Джардино"",""uk"":""Вілла Джардіно"",""pl"":""Willa Giardino"",""hi"":""विला गिआर्डिनो"",""ar"":""فيلا جياردينو""}",2019-10-06T09:28:21,2025-12-02T14:39:55,1,Q839912
1557,Villa Hernandarias,3654,E,11,AR,city,,,-31.23097000,-59.98464000,Villa Hernandarias,5375,America/Argentina/Cordoba,"{""br"":""Villa Hernandarias"",""ko"":""빌라 에르난다리아스"",""pt-BR"":""Vila Hernandarias"",""pt"":""Vila Hernandarias"",""nl"":""Villa Hernandarias"",""hr"":""Vila Hernandarias"",""fa"":""ویلا هرنانداریاس"",""de"":""Villa Hernandarias"",""es"":""Villa Hernandarias"",""fr"":""Villa Hernandarias"",""ja"":""ヴィラ・エルナンダリアス"",""it"":""Villa Hernandarias"",""zh-CN"":""埃尔南达里亚斯别墅"",""tr"":""Villa Hernandarias"",""ru"":""Вилла Эрнандариас"",""uk"":""Вілла Ернандаріас"",""pl"":""Willa Hernandarias"",""hi"":""विला हर्नांडारियास"",""ar"":""فيلا هيرناندارياس""}",2019-10-06T09:28:21,2025-12-02T14:39:55,1,Q7930352
1558,Villa Huidobro,3642,X,11,AR,adm2,,,-34.83826000,-64.58686000,Villa Huidobro,5658,America/Argentina/Cordoba,"{""br"":""Villa Huidobro"",""ko"":""빌라 후이도브로"",""pt-BR"":""Vila Huidobro"",""pt"":""Vila Huidobro"",""nl"":""Villa Huidobro"",""hr"":""Vila Huidobro"",""fa"":""ویلا هویدوبرو"",""de"":""Villa Huidobro"",""es"":""Villa Huidobro"",""fr"":""Villa Huidobro"",""ja"":""ヴィラ・ウイドブロ"",""it"":""Villa Huidobro"",""zh-CN"":""维拉·维多布罗"",""tr"":""Villa Huidobro"",""ru"":""Вилла Уидобро"",""uk"":""Вілла Гуйдобро"",""pl"":""Willa Huidobro"",""hi"":""विला हुईडोब्रो"",""ar"":""فيلا هويدوبرو""}",2019-10-06T09:28:21,2025-12-02T14:39:55,1,Q2730365
1559,Villa La Angostura,3648,Q,11,AR,city,,,-40.76173000,-71.64631000,Villa La Angostura,7526,America/Argentina/Salta,"{""br"":""Villa La Angostura"",""ko"":""빌라 라 앙고스투라"",""pt-BR"":""Vila La Angostura"",""pt"":""Vila La Angostura"",""nl"":""Villa La Angostura"",""hr"":""Vila La Angostura"",""fa"":""ویلا لا آنگوستورا"",""de"":""Villa La Angostura"",""es"":""Villa La Angostura"",""fr"":""Villa La Angostura"",""ja"":""ヴィラ・ラ・アンゴスチュラ"",""it"":""Villa La Angostura"",""zh-CN"":""拉安戈斯图拉别墅"",""tr"":""Villa La Angostura"",""ru"":""Вилла Ла Ангостура"",""uk"":""Вілла Ла Ангостура"",""pl"":""Willa La Angostura"",""hi"":""विला ला अंगोस्टुरा"",""ar"":""فيلا لا أنجوستورا""}",2019-10-06T09:28:21,2025-12-02T14:39:55,1,Q106096
1560,Villa Las Rosas,3642,X,11,AR,city,,,-31.95021000,-65.05354000,Villa Las Rosas,2535,America/Argentina/Cordoba,"{""br"":""Villa Las Rosas"",""ko"":""빌라 라스 로사스"",""pt-BR"":""Vila Las Rosas"",""pt"":""Vila Las Rosas"",""nl"":""Villa Las Rosas"",""hr"":""Vila Las Rosas"",""fa"":""ویلا لاس روساس"",""de"":""Villa Las Rosas"",""es"":""Villa Las Rosas"",""fr"":""Villa Las Rosas"",""ja"":""ヴィラ ラス ロサス"",""it"":""Villa Las Rosas"",""zh-CN"":""拉斯罗萨斯别墅"",""tr"":""Villa Las Rosas"",""ru"":""Вилла Лас Росас"",""uk"":""Вілла Лас Росас"",""pl"":""Willa Las Rosas"",""hi"":""विला लास रोसास"",""ar"":""فيلا لاس روزاس""}",2019-10-06T09:28:21,2025-12-02T14:39:55,1,Q9093939
1562,Villa Mantero,3654,E,11,AR,city,,,-32.39727000,-58.74596000,Villa Montero,1526,America/Argentina/Cordoba,"{""br"":""Villa Mantero"",""ko"":""빌라 만테로"",""pt-BR"":""Vila Mantero"",""pt"":""Vila Mantero"",""nl"":""Villa Mantero"",""hr"":""Vila Mantero"",""fa"":""ویلا مانترو"",""de"":""Villa Mantero"",""es"":""Villa Mantero"",""fr"":""Villa Mantero"",""ja"":""ヴィラ マンテロ"",""it"":""Villa Mantero"",""zh-CN"":""曼特罗别墅"",""tr"":""Villa Mantero"",""ru"":""Вилла Мантеро"",""uk"":""Вілла Мантеро"",""pl"":""Willa Mantero"",""hi"":""विला मंटेरो"",""ar"":""فيلا مانتيرو""}",2019-10-06T09:28:21,2025-12-02T14:39:55,1,Q7930410
1563,Villa María,3642,X,11,AR,adm2,,,-32.40751000,-63.24016000,Villa María,88600,America/Argentina/Cordoba,"{""br"":""Villa María"",""ko"":""빌라 마리아"",""pt-BR"":""Vila Maria"",""pt"":""Vila Maria"",""nl"":""Villa Maria"",""hr"":""Vila Marija"",""fa"":""ویلا ماریا"",""de"":""Villa María"",""es"":""Villa María"",""fr"":""Villa María"",""ja"":""ヴィラ・マリア"",""it"":""Villa Maria"",""zh-CN"":""玛丽亚别墅"",""tr"":""Villa Maria"",""ru"":""Вилла Мария"",""uk"":""Вілла Марія"",""pl"":""Willa Maria"",""hi"":""विला मारिया"",""ar"":""فيلا ماريا""}",2019-10-06T09:28:21,2025-12-02T14:39:55,1,Q2525523
1564,Villa María Grande,3654,E,11,AR,city,,,-31.66565000,-59.90182000,Villa María Grande,7101,America/Argentina/Cordoba,"{""br"":""Villa Maria Grande"",""ko"":""빌라 마리아 그란데"",""pt-BR"":""Vila Maria Grande"",""pt"":""Vila Maria Grande"",""nl"":""Villa Maria Grande"",""hr"":""Vila Marija Grande"",""fa"":""ویلا ماریا گرانده"",""de"":""Villa María Grande"",""es"":""Villa María Grande"",""fr"":""Villa María Grande"",""ja"":""ヴィラ・マリア・グランデ"",""it"":""Villa María Grande"",""zh-CN"":""玛丽亚格兰德别墅"",""tr"":""Villa Maria Grande"",""ru"":""Вилла Мария Гранде"",""uk"":""Вілла Марія Гранде"",""pl"":""Willa Maria Grande"",""hi"":""विला मारिया ग्रांडे"",""ar"":""فيلا ماريا غراندي""}",2019-10-06T09:28:21,2025-12-02T14:39:55,1,Q2378999
1565,Villa Mercedes,3636,D,11,AR,city,,,-33.67571000,-65.45783000,Villa Mercedes,96781,America/Argentina/San_Luis,"{""br"":""Villa Mercedes"",""ko"":""빌라 메르세데스"",""pt-BR"":""Vila Mercedes"",""pt"":""Vila Mercedes"",""nl"":""Villa Mercedes"",""hr"":""Vila Mercedes"",""fa"":""ویلا مرسدس"",""de"":""Villa Mercedes"",""es"":""Villa Mercedes"",""fr"":""Villa Mercedes"",""ja"":""ヴィラ メルセデス"",""it"":""Villa Mercedes"",""zh-CN"":""梅赛德斯别墅"",""tr"":""Villa Mercedes"",""ru"":""Вилла Мерседес"",""uk"":""Вілла Мерседес"",""pl"":""Willa Mercedes"",""hi"":""विला मर्सिडीज"",""ar"":""فيلا مرسيدس""}",2019-10-06T09:28:21,2025-12-02T14:39:55,1,Q1756745
1566,Villa Mugueta,3641,S,11,AR,locality,,,-33.31129000,-61.05515000,Villa mugueta,2789,America/Argentina/Cordoba,"{""br"":""Villa Mugueta"",""ko"":""빌라 무기에타"",""pt-BR"":""Vila Mugueta"",""pt"":""Vila Mugueta"",""nl"":""Villa Mugueta"",""hr"":""Vila Mugueta"",""fa"":""ویلا موگوئتا"",""de"":""Villa Mugueta"",""es"":""Villa Mugueta"",""fr"":""Villa Mugueta"",""ja"":""ヴィラ・ムゲタ"",""it"":""Villa Mugueta"",""zh-CN"":""穆格塔别墅"",""tr"":""Villa Mugueta"",""ru"":""Вилла Мугета"",""uk"":""Вілла Мугета"",""pl"":""Willa Mugueta"",""hi"":""विला मुगुएटा"",""ar"":""فيلا موغويتا""}",2019-10-06T09:28:21,2025-12-02T14:39:55,1,Q1756745
1567,Villa Nueva,3642,X,11,AR,city,,,-32.43293000,-63.24763000,Villa Nueva,18818,America/Argentina/Cordoba,"{""br"":""Villa Nueva"",""ko"":""빌라 누에바"",""pt-BR"":""Vila Nova"",""pt"":""Vila Nova"",""nl"":""Villa Nueva"",""hr"":""Vila Nova"",""fa"":""ویلا نوئوا"",""de"":""Villa Nueva"",""es"":""Villa Nueva"",""fr"":""Villa Nueva"",""ja"":""ヴィラ・ヌエバ"",""it"":""Villa Nueva"",""zh-CN"":""新别墅"",""tr"":""Villa Nueva"",""ru"":""Вилла Нуэва"",""uk"":""Вілла Нуева"",""pl"":""Willa Nueva"",""hi"":""विला नुएवा"",""ar"":""فيلا نويفا""}",2019-10-06T09:28:21,2025-12-02T14:39:55,1,Q6162298
1568,Villa Ocampo,3641,S,11,AR,city,,,-28.48752000,-59.35515000,Villa Ocampo,19026,America/Argentina/Cordoba,"{""br"":""Villa Ocampo"",""ko"":""빌라 오캄포"",""pt-BR"":""Vila Ocampo"",""pt"":""Vila Ocampo"",""nl"":""Villa Ocampo"",""hr"":""Vila Ocampo"",""fa"":""ویلا اوکامپو"",""de"":""Villa Ocampo"",""es"":""Villa Ocampo"",""fr"":""Villa Ocampo"",""ja"":""ヴィラ・オカンポ"",""it"":""Villa Ocampo"",""zh-CN"":""维拉奥坎波"",""tr"":""Villa Ocampo"",""ru"":""Вилла Окампо"",""uk"":""Вілла Окампо"",""pl"":""Willa Ocampo"",""hi"":""विला ओकैम्पो"",""ar"":""فيلا أوكامبو""}",2019-10-06T09:28:21,2025-12-02T14:39:55,1,Q21825595
1569,Villa Ojo de Agua,3635,G,11,AR,adm2,,,-29.50003000,-63.69377000,Villa Ojo de Agua,5832,America/Argentina/Cordoba,"{""br"":""Villa Ojo de Agua"",""ko"":""빌라 오호 데 아과"",""pt-BR"":""Villa Ojo de Agua"",""pt"":""Villa Ojo de Agua"",""nl"":""Villa Ojo de Agua"",""hr"":""Vila Ojo de Agua"",""fa"":""ویلا اوخو د آگوا"",""de"":""Villa Ojo de Agua"",""es"":""Villa Ojo de Agua"",""fr"":""Villa Ojo de Agua"",""ja"":""ヴィラ オホ デ アグア"",""it"":""Villa Ojo de Agua"",""zh-CN"":""奥霍德阿瓜别墅"",""tr"":""Villa Ojo de Agua"",""ru"":""Вилла Охо де Агуа"",""uk"":""Вілла Охо-де-Агуа"",""pl"":""Willa Ojo de Agua"",""hi"":""विला ओजो डी अगुआ"",""ar"":""فيلا أوجو دي أغوا""}",2019-10-06T09:28:21,2025-12-02T14:39:55,1,Q1016067
1571,Villa Paranacito,3654,E,11,AR,adm2,,,-33.71381000,-58.65844000,Villa paranacito,3988,America/Argentina/Cordoba,"{""br"":""Villa Paranacito"",""ko"":""빌라 파라나시토"",""pt-BR"":""Vila Paranacito"",""pt"":""Vila Paranacito"",""nl"":""Villa Paranacito"",""hr"":""Vila Paranacito"",""fa"":""ویلا پاراناسیتو"",""de"":""Villa Paranacito"",""es"":""Villa Paranacito"",""fr"":""Villa Paranacito"",""ja"":""ヴィラ パラナシト"",""it"":""Villa Paranacito"",""zh-CN"":""帕拉纳西托别墅"",""tr"":""Villa Paranacito"",""ru"":""Вилла Паранасито"",""uk"":""Вілла Паранасіто"",""pl"":""Willa Paranacito"",""hi"":""विला परानासिटो"",""ar"":""فيلا باراناسيتو""}",2019-10-06T09:28:21,2025-12-02T14:39:55,1,Q662831
1572,Villa Paula de Sarmiento,3634,J,11,AR,city,,,-31.49330000,-68.53838000,Villa Paula de Sarmiento,19092,America/Argentina/San_Juan,"{""br"":""Villa Paula de Sarmiento"",""ko"":""빌라 파울라 데 사르미엔토"",""pt-BR"":""Vila Paula de Sarmiento"",""pt"":""Vila Paula de Sarmiento"",""nl"":""Villa Paula de Sarmiento"",""hr"":""Vila Paula de Sarmiento"",""fa"":""ویلا پائولا د سارمینتو"",""de"":""Villa Paula de Sarmiento"",""es"":""Villa Paula de Sarmiento"",""fr"":""Villa Paula de Sarmiento"",""ja"":""ヴィラ・パウラ・デ・サルミエント"",""it"":""Villa Paula de Sarmiento"",""zh-CN"":""保拉·德·萨米恩托别墅"",""tr"":""Villa Paula de Sarmiento"",""ru"":""Вилла Паула де Сармьенто"",""uk"":""Вілла Паула де Сарм'єнто"",""pl"":""Willa Paula de Sarmiento"",""hi"":""विला पाउला डे सरमिएंटो"",""ar"":""فيلا باولا دي سارمينتو""}",2019-10-06T09:28:21,2025-12-02T14:39:55,1,Q21832403
1573,Villa Reducción,3642,X,11,AR,city,,,-33.20105000,-63.86234000,Villa Reducción,1467,America/Argentina/Cordoba,"{""br"":""Villa Reducción"",""ko"":""빌라 레두치온"",""pt-BR"":""Villa Redução"",""pt"":""Villa Redução"",""nl"":""Villa Reducción"",""hr"":""Vila Reducción"",""fa"":""ویلا ردوچین"",""de"":""Villa Reducción"",""es"":""Villa Reducción"",""fr"":""Villa Reducción"",""ja"":""ヴィラ・レドゥシオン"",""it"":""Villa Reducción"",""zh-CN"":""雷杜奇翁别墅"",""tr"":""Villa Reducción"",""ru"":""Вилла Редуччо́н"",""uk"":""Вілла Редуксіон"",""pl"":""Villa Reducción"",""hi"":""विला रेडुचियोन"",""ar"":""فيلا ريدوكسيون""}",2019-10-06T09:28:21,2025-12-02T14:39:55,1,Q11071461
1574,Villa Regina,3639,R,11,AR,city,,,-39.10000000,-67.06667000,Villa regina,30028,America/Argentina/Buenos_Aires,"{""br"":""Villa Regina"",""ko"":""빌라 레지나"",""pt-BR"":""Vila Regina"",""pt"":""Vila Regina"",""nl"":""Villa Regina"",""hr"":""Vila Regina"",""fa"":""ویلا رجینا"",""de"":""Villa Regina"",""es"":""Villa Regina"",""fr"":""Villa Regina"",""ja"":""ヴィラ レジーナ"",""it"":""Villa Regina"",""zh-CN"":""里贾纳别墅"",""tr"":""Villa Regina"",""ru"":""Вилла Регина"",""uk"":""Вілла Регіна"",""pl"":""Willa Regina"",""hi"":""विला रेजिना"",""ar"":""فيلا ريجينا""}",2019-10-06T09:28:21,2025-12-02T17:11:50,1,Q1017096
1575,Villa Rumipal,3642,X,11,AR,city,,,-32.18790000,-64.48027000,Villa rumipal,1922,America/Argentina/Cordoba,"{""br"":""Villa Rumipal"",""ko"":""빌라 루미팔"",""pt-BR"":""Vila Rumipal"",""pt"":""Vila Rumipal"",""nl"":""Villa Rumipal"",""hr"":""Vila Rumipal"",""fa"":""ویلا رومیپال"",""de"":""Villa Rumipal"",""es"":""Villa Rumipal"",""fr"":""Villa Rumipal"",""ja"":""ヴィラ・ルミパル"",""it"":""Villa Rumipal"",""zh-CN"":""鲁米帕尔别墅"",""tr"":""Villa Rumipal"",""ru"":""Вилла Румипаль"",""uk"":""Вілла Руміпал"",""pl"":""Willa Rumipal"",""hi"":""विला रुमिपाल"",""ar"":""فيلا روميبال""}",2019-10-06T09:28:21,2025-12-02T14:39:55,1,Q10391476
1577,Villa Trinidad,3641,S,11,AR,city,,,-30.21329000,-61.87597000,Villa Trinidad,2945,America/Argentina/Cordoba,"{""br"":""Villa Trinidad"",""ko"":""빌라 트리니다드"",""pt-BR"":""Vila Trinidad"",""pt"":""Vila Trinidad"",""nl"":""Villa Trinidad"",""hr"":""Vila Trinidad"",""fa"":""ویلا ترینیداد"",""de"":""Villa Trinidad"",""es"":""Villa Trinidad"",""fr"":""Villa Trinidad"",""ja"":""ヴィラ トリニダード"",""it"":""Villa Trinidad"",""zh-CN"":""特立尼达别墅"",""tr"":""Villa Trinidad"",""ru"":""Вилла Тринидад"",""uk"":""Вілла Тринідад"",""pl"":""Willa Trinidad"",""hi"":""विला त्रिनिदाद"",""ar"":""فيلا ترينيداد""}",2019-10-06T09:28:21,2025-12-02T14:39:55,1,Q10751249
1578,Villa Tulumba,3642,X,11,AR,adm2,,,-30.39552000,-64.12241000,Tulumba de lana,1161,America/Argentina/Cordoba,"{""br"":""Villa Tulumba"",""ko"":""빌라 툴룸바"",""pt-BR"":""Vila Tulumba"",""pt"":""Vila Tulumba"",""nl"":""Villa Tulumba"",""hr"":""Vila Tulumba"",""fa"":""ویلا تولومبا"",""de"":""Villa Tulumba"",""es"":""Villa Tulumba"",""fr"":""Villa Tulumba"",""ja"":""ヴィラ トゥルンバ"",""it"":""Villa Tulumba"",""zh-CN"":""图伦巴别墅"",""tr"":""Villa Tulumba"",""ru"":""Вилла Тулумба"",""uk"":""Вілла Тулумба"",""pl"":""Willa Tulumba"",""hi"":""विला तुलुम्बा"",""ar"":""فيلا تولومبا""}",2019-10-06T09:28:21,2025-12-02T14:39:55,1,Q3111419
1579,Villa Urquiza,3654,E,11,AR,city,,,-31.64757000,-60.37516000,Villa Urquiza,1566,America/Argentina/Cordoba,"{""br"":""Villa Urquiza"",""ko"":""빌라 우르키자"",""pt-BR"":""Vila Urquiza"",""pt"":""Vila Urquiza"",""nl"":""Villa Urquiza"",""hr"":""Vila Urquiza"",""fa"":""ویلا اورکیزا"",""de"":""Villa Urquiza"",""es"":""Villa Urquiza"",""fr"":""Villa Urquiza"",""ja"":""ヴィラ・ウルキサ"",""it"":""Villa Urquiza"",""zh-CN"":""乌尔基萨别墅"",""tr"":""Villa Urquiza"",""ru"":""Вилла Уркиса"",""uk"":""Вілла Уркіса"",""pl"":""Willa Urquiza"",""hi"":""विला उर्कीज़ा"",""ar"":""فيلا أوركيزا""}",2019-10-06T09:28:21,2025-12-02T14:39:55,1,Q7930524
1580,Villa Valeria,3642,X,11,AR,city,,,-34.34093000,-64.92030000,Villa Valeria,2525,America/Argentina/Cordoba,"{""br"":""Villa Valeria"",""ko"":""빌라 발레리아"",""pt-BR"":""Vila Valéria"",""pt"":""Vila Valéria"",""nl"":""Villa Valeria"",""hr"":""Vila Valerija"",""fa"":""ویلا والریا"",""de"":""Villa Valeria"",""es"":""Villa Valeria"",""fr"":""Villa Valeria"",""ja"":""ヴィラ ヴァレリア"",""it"":""Villa Valeria"",""zh-CN"":""瓦莱里娅别墅"",""tr"":""Villa Valeria"",""ru"":""Вилла Валерия"",""uk"":""Вілла Валерія"",""pl"":""Willa Valeria"",""hi"":""विला वेलेरिया"",""ar"":""فيلا فاليريا""}",2019-10-06T09:28:21,2025-12-02T14:39:55,1,Q9093936
1581,Villa de Soto,3642,X,11,AR,city,,,-30.85523000,-64.99947000,Villa de Soto,7303,America/Argentina/Buenos_Aires,"{""br"":""Villa de Soto"",""ko"":""빌라 데 소토"",""pt-BR"":""Vila de Soto"",""pt"":""Vila de Soto"",""nl"":""Villa de Soto"",""hr"":""Vila de Soto"",""fa"":""ویلا د سوتو"",""de"":""Villa de Soto"",""es"":""Villa de Soto"",""fr"":""Villa de Soto"",""ja"":""ヴィラ・デ・ソト"",""it"":""Villa de Soto"",""zh-CN"":""维拉德索托"",""tr"":""Villa de Soto"",""ru"":""Вилья де Сото"",""uk"":""Вілла-де-Сото"",""pl"":""Willa de Soto"",""hi"":""विला डे सोटो"",""ar"":""فيلا دي سوتو""}",2019-10-06T09:28:21,2025-12-02T17:11:50,1,Q9093952
1582,Villa del Dique,3642,X,11,AR,city,,,-32.17667000,-64.45543000,Villa del Dique,2829,America/Argentina/Cordoba,"{""br"":""Villa del Dique"",""ko"":""빌라 델 디케"",""pt-BR"":""Vila do Dique"",""pt"":""Vila do Dique"",""nl"":""Villa del Dique"",""hr"":""Vila del Dique"",""fa"":""ویلا دل دیک"",""de"":""Villa del Dique"",""es"":""Villa del Dique"",""fr"":""Villa del Dique"",""ja"":""ヴィラ・デル・ディケ"",""it"":""Villa del Dique"",""zh-CN"":""迪克别墅"",""tr"":""Villa del Dique"",""ru"":""Вилла дель Дике"",""uk"":""Вілла дель Діке"",""pl"":""Willa del Dique"",""hi"":""विला डेल डिक"",""ar"":""فيلا ديل ديكي""}",2019-10-06T09:28:21,2025-12-02T14:39:55,1,Q2170454
1583,Villa del Rosario,3642,X,11,AR,adm2,,,-31.55660000,-63.53452000,Villa del Rosario,0,America/Argentina/Cordoba,"{""br"":""Villa del Rosario"",""ko"":""빌라 델 로사리오"",""pt-BR"":""Vila do Rosário"",""pt"":""Vila do Rosário"",""nl"":""Villa del Rosario"",""hr"":""Vila del Rosario"",""fa"":""ویلا دل روساریو"",""de"":""Villa del Rosario"",""es"":""Villa del Rosario"",""fr"":""Villa del Rosario"",""ja"":""ヴィラ・デル・ロサリオ"",""it"":""Villa del Rosario"",""zh-CN"":""罗萨里奥别墅"",""tr"":""Villa del Rosario"",""ru"":""Вилла дель Росарио"",""uk"":""Вілла дель Росаріо"",""pl"":""Willa del Rosario"",""hi"":""विला डेल रोसारियो"",""ar"":""فيلا ديل روساريو""}",2019-10-06T09:28:21,2025-12-02T14:39:55,1,Q2314221
1584,Villa del Rosario,3654,E,11,AR,city,,,-30.79567000,-57.91257000,Villa del Rosario,3488,America/Argentina/Cordoba,"{""br"":""Villa del Rosario"",""ko"":""빌라 델 로사리오"",""pt-BR"":""Vila do Rosário"",""pt"":""Vila do Rosário"",""nl"":""Villa del Rosario"",""hr"":""Vila del Rosario"",""fa"":""ویلا دل روساریو"",""de"":""Villa del Rosario"",""es"":""Villa del Rosario"",""fr"":""Villa del Rosario"",""ja"":""ヴィラ・デル・ロサリオ"",""it"":""Villa del Rosario"",""zh-CN"":""罗萨里奥别墅"",""tr"":""Villa del Rosario"",""ru"":""Вилла дель Росарио"",""uk"":""Вілла дель Росаріо"",""pl"":""Willa del Rosario"",""hi"":""विला डेल रोसारियो"",""ar"":""فيلا ديل روساريو""}",2019-10-06T09:28:21,2025-12-02T14:39:55,1,Q7930566
1585,Villa del Totoral,3642,X,11,AR,adm2,,,-30.81667000,-63.71667000,Villa del Totoral,7110,America/Argentina/Cordoba,"{""br"":""Villa del Totoral"",""ko"":""빌라 델 토토랄"",""pt-BR"":""Vila do Totoral"",""pt"":""Vila do Totoral"",""nl"":""Villa del Totoral"",""hr"":""Vila del Totoral"",""fa"":""ویلا دل توتورال"",""de"":""Villa del Totoral"",""es"":""Villa del Totoral"",""fr"":""Villa del Totoral"",""ja"":""ヴィラ・デル・トトラル"",""it"":""Villa del Totoral"",""zh-CN"":""托托拉尔别墅"",""tr"":""Villa del Totoral"",""ru"":""Вилла дель Тотораль"",""uk"":""Вілла дель Тотораль"",""pl"":""Willa del Totoral"",""hi"":""विला डेल टोटोरल"",""ar"":""فيلا ديل توتورال""}",2019-10-06T09:28:21,2025-12-02T14:39:55,1,Q2636994
1586,Villa Ángela,3640,H,11,AR,adm2,,,-27.57383000,-60.71526000,Villa Ángela,43511,America/Argentina/Buenos_Aires,"{""br"":""Villa Ángela"",""ko"":""빌라 앙헬라"",""pt-BR"":""Villa Ángela"",""pt"":""Villa Ángela"",""nl"":""Villa Angela"",""hr"":""Vila Ángela"",""fa"":""ویلا آنجلا"",""de"":""Villa Ángela"",""es"":""Villa Ángela"",""fr"":""Villa Ángela"",""ja"":""ヴィラ・アンジェラ"",""it"":""Villa Ángela"",""zh-CN"":""安吉拉别墅"",""tr"":""Villa Angela"",""ru"":""Вилья Анхела"",""uk"":""Вілла Анхела"",""pl"":""Willa Ángela"",""hi"":""विला एंजेला"",""ar"":""فيلا أنجيلا""}",2019-10-06T09:28:21,2025-12-02T17:11:50,1,Q1657303
1587,Villaguay,3654,E,11,AR,adm2,,,-31.86530000,-59.02689000,Villaguay,32027,America/Argentina/Cordoba,"{""br"":""Villaguay"",""ko"":""빌라과이"",""pt-BR"":""Villaguay"",""pt"":""Villaguay"",""nl"":""Villaguay"",""hr"":""Villaguay"",""fa"":""ویلاگوآ"",""de"":""Villaguay"",""es"":""Villaguay"",""fr"":""Villaguay"",""ja"":""ビジャグアイ"",""it"":""Villaguay"",""zh-CN"":""比利亚圭"",""tr"":""Villaguay"",""ru"":""Вильягуай"",""uk"":""Вільягуай"",""pl"":""Villaguay"",""hi"":""विलाग्वे"",""ar"":""فيلاغواي""}",2019-10-06T09:28:21,2025-12-02T14:39:55,1,Q2297707
1588,Vinchina,3653,F,11,AR,adm2,,,-28.75964000,-68.20692000,Vinchina,2699,America/Argentina/La_Rioja,"{""br"":""Vinchina"",""ko"":""빈치나"",""pt-BR"":""Vinchina"",""pt"":""Vinchina"",""nl"":""Vinchina"",""hr"":""Vinčina"",""fa"":""وینچینا"",""de"":""Vinchina"",""es"":""Vinchina"",""fr"":""Vinchina"",""ja"":""ヴィンチナ"",""it"":""Vinchina"",""zh-CN"":""文奇纳"",""tr"":""Vinçina"",""ru"":""Винчина"",""uk"":""Вінчина"",""pl"":""Winchina"",""hi"":""विंचिना"",""ar"":""فينشينا""}",2019-10-06T09:28:21,2025-12-02T14:39:55,1,Q2297707
1589,Vista Alegre,3648,Q,11,AR,city,,,-38.75000000,-68.18333000,Vista Alegre,4277,America/Argentina/Buenos_Aires,"{""br"":""Vista Alegre"",""ko"":""비스타 알레그레"",""pt-BR"":""Vista Alegre"",""pt"":""Vista Alegre"",""nl"":""Vista Alegre"",""hr"":""Vista Alegre"",""fa"":""ویستا آلگره"",""de"":""Vista Alegre"",""es"":""Vista Alegre"",""fr"":""Vista Alegre"",""ja"":""ビスタアレグレ"",""it"":""Vista Alegre"",""zh-CN"":""维斯塔阿莱格雷"",""tr"":""Vista Alegre"",""ru"":""Виста-Алегри"",""uk"":""Віста-Алегре"",""pl"":""Vista Alegre"",""hi"":""विस्टा एलेग्रे"",""ar"":""فيستا أليغري""}",2019-10-06T09:28:21,2025-12-02T17:11:50,1,Q7936429
1590,Wanda,3644,N,11,AR,city,,,-25.96879000,-54.56285000,Wanda,15529,America/Argentina/Cordoba,"{""br"":""Wanda"",""ko"":""완다"",""pt-BR"":""Wanda"",""pt"":""Wanda"",""nl"":""Wanda"",""hr"":""Vanda"",""fa"":""واندا"",""de"":""Wanda"",""es"":""Wanda"",""fr"":""Wanda"",""ja"":""ワンダ"",""it"":""Wanda"",""zh-CN"":""万达"",""tr"":""Wanda"",""ru"":""Ванда"",""uk"":""Ванда"",""pl"":""Wanda"",""hi"":""वांडा"",""ar"":""واندا""}",2019-10-06T09:28:21,2025-12-02T14:39:55,1,Q3115808
1591,Wenceslao Escalante,3642,X,11,AR,city,,,-33.17303000,-62.77078000,Wenceslao Escalante,1549,America/Argentina/Cordoba,"{""br"":""Wenceslao Escalante"",""ko"":""웬체슬라오 에스칼란테"",""pt-BR"":""Venceslau Escalante"",""pt"":""Venceslau Escalante"",""nl"":""Wenceslao Escalante"",""hr"":""Wenceslao Escalante"",""fa"":""ونسلاو اسکالانته"",""de"":""Wenceslao Escalante"",""es"":""Wenceslao Escalante"",""fr"":""Venceslas Escalante"",""ja"":""ウェンセスラオ・エスカランテ"",""it"":""Venceslao Escalante"",""zh-CN"":""温塞斯劳·埃斯卡兰特"",""tr"":""Wenceslao Escalante"",""ru"":""Венсеслао Эскаланте"",""uk"":""Венсеслао Ескаланте"",""pl"":""Wenceslao Escalante"",""hi"":""वेन्सेस्लाओ एस्केलांटे"",""ar"":""وينسيسلاو إسكالانتي""}",2019-10-06T09:28:21,2025-12-02T14:39:55,1,Q10393380
1592,Winifreda,3655,L,11,AR,city,,,-36.22643000,-64.23388000,Winifred,2902,America/Argentina/Salta,"{""br"":""Winifreda"",""ko"":""위니프레다"",""pt-BR"":""Winifreda"",""pt"":""Winifreda"",""nl"":""Winifreda"",""hr"":""Winifreda"",""fa"":""وینیفردا"",""de"":""Winifreda"",""es"":""Winifreda"",""fr"":""Winifreda"",""ja"":""ウィニフレダ"",""it"":""Winifreda"",""zh-CN"":""温妮弗雷达"",""tr"":""Winifreda"",""ru"":""Винифреда"",""uk"":""Вініфреда"",""pl"":""Winifreda"",""hi"":""विनीफ्रेडा"",""ar"":""وينيفريدا""}",2019-10-06T09:28:21,2025-12-02T14:39:55,1,Q3036270
1593,Yacimiento Río Turbio,3649,Z,11,AR,city,,,-51.57321000,-72.35080000,Yacimiento Río Turbio,6650,America/Argentina/Buenos_Aires,"{""br"":""Yacimiento Río Turbio"",""ko"":""야시미엔토 리오 투르비오"",""pt-BR"":""Yacimiento Río Turbio"",""pt"":""Yacimiento Río Turbio"",""nl"":""Yacimiento Río Turbio"",""hr"":""Yacimiento Río Turbio"",""fa"":""یاسیمینتو ریو توربو"",""de"":""Yacimiento Río Turbio"",""es"":""Yacimiento Río Turbio"",""fr"":""Yacimiento Río Turbio"",""ja"":""ヤシミエント・リオ・トゥルビオ"",""it"":""Yacimiento Río Turbio"",""zh-CN"":""亚西米恩托·里奥·图尔比奥"",""tr"":""Yacimiento Río Turbio"",""ru"":""Yacimiento Río Turbio"",""uk"":""Ясім'єнто Ріо Турбіо"",""pl"":""Yacimiento Río Turbio"",""hi"":""Yacimiento Río Turbio"",""ar"":""Yacimiento Río Turbio""}",2019-10-06T09:28:21,2025-12-02T17:11:50,1,Q21832512
1594,Yapeyú,3638,W,11,AR,city,,,-29.46914000,-56.81841000,Yapeyú,2124,America/Argentina/Cordoba,"{""br"":""Yapeyú"",""ko"":""야페유"",""pt-BR"":""Yapeyú"",""pt"":""Yapeyú"",""nl"":""Yapeyú"",""hr"":""Yapeyú"",""fa"":""یاپیئو"",""de"":""Yapeyú"",""es"":""Yapeyú"",""fr"":""Yapeyú"",""ja"":""ヤペユ"",""it"":""Yapeyú"",""zh-CN"":""亚佩尤"",""tr"":""Yapeyú"",""ru"":""Япейю"",""uk"":""Япею"",""pl"":""Yapeyú"",""hi"":""यापेयु"",""ar"":""يابيو""}",2019-10-06T09:28:21,2025-12-02T14:39:55,1,Q55854
1595,Yataity Calle,3638,W,11,AR,city,,,-29.01913000,-58.90846000,Yataidad,,America/Argentina/Buenos_Aires,"{""br"":""Yataity Calle"",""ko"":""야타이티 칼레"",""pt-BR"":""Rua Yataity"",""pt"":""Rua Yataity"",""nl"":""Yataity Calle"",""hr"":""Yataity Calle"",""fa"":""کاله یاتائیتی"",""de"":""Yataity Calle"",""es"":""Yataity Calle"",""fr"":""Rue Yataity"",""ja"":""ヤタイティ通り"",""it"":""Yataity Calle"",""zh-CN"":""亚泰蒂街"",""tr"":""Yataity Calle"",""ru"":""Ятаити Калле"",""uk"":""Ятайті Калле"",""pl"":""Ulica Yataity"",""hi"":""यातायती कैले"",""ar"":""شارع ياتيتي""}",2019-10-06T09:28:21,2025-12-02T17:11:50,1,Q21825635
1596,Yerba Buena,3637,T,11,AR,adm2,,,-26.81667000,-65.31667000,Yerba Buena,50783,America/Argentina/Buenos_Aires,"{""br"":""Yerba Buena"",""ko"":""예르바 부에나"",""pt-BR"":""Yerba Buena"",""pt"":""Yerba Buena"",""nl"":""Yerba Buena"",""hr"":""Yerba Buena"",""fa"":""یربا بوئنا"",""de"":""Yerba Buena"",""es"":""Yerba Buena"",""fr"":""Yerba Buena"",""ja"":""イエルバブエナ"",""it"":""Yerba Buena"",""zh-CN"":""耶尔巴布埃纳"",""tr"":""Yerba Buena"",""ru"":""Йерба Буэна"",""uk"":""Єрба Буена"",""pl"":""Yerba Buena"",""hi"":""येरबा बुएना"",""ar"":""يربا بوينا""}",2019-10-06T09:28:21,2025-12-02T17:11:50,1,Q1719036
1597,Yuto,3645,Y,11,AR,city,,,-23.64342000,-64.47194000,Yuto,7732,America/Argentina/Jujuy,"{""br"":""Yuto"",""ko"":""유토"",""pt-BR"":""Yuto"",""pt"":""Yuto"",""nl"":""Yuto"",""hr"":""Yuto"",""fa"":""یوتو"",""de"":""Yuto"",""es"":""Yuto"",""fr"":""Yuto"",""ja"":""悠人"",""it"":""Yuto"",""zh-CN"":""勇斗"",""tr"":""Yuto"",""ru"":""Юто"",""uk"":""Юто"",""pl"":""Yuto"",""hi"":""युटो"",""ar"":""يوتو""}",2019-10-06T09:28:21,2025-12-02T14:39:55,1,Q1115054
1598,Zapala,3648,Q,11,AR,adm2,,,-38.89916000,-70.05442000,Iluminado,40472,America/Argentina/Buenos_Aires,"{""br"":""Zapala"",""ko"":""자팔라"",""pt-BR"":""Zapala"",""pt"":""Zapala"",""nl"":""Zapala"",""hr"":""Zapala"",""fa"":""زاپالا"",""de"":""Zapala"",""es"":""Zapala"",""fr"":""Zapala"",""ja"":""ザパラ"",""it"":""Zapala"",""zh-CN"":""萨帕拉"",""tr"":""Zapala"",""ru"":""Запала"",""uk"":""Запала"",""pl"":""Zapala"",""hi"":""ज़ापाला"",""ar"":""زابالا""}",2019-10-06T09:28:21,2025-12-02T17:11:50,1,Q147196
1599,Ñorquinco,3639,R,11,AR,adm2,,,-41.85072000,-70.90173000,Ñorquinco,0,America/Argentina/Salta,"{""br"":""Ñorquinco"",""ko"":""뇨르퀸코"",""pt-BR"":""Ñorquinco"",""pt"":""Ñorquinco"",""nl"":""Ñorquinco"",""hr"":""Ñorquinco"",""fa"":""نورکینکو"",""de"":""Ñorquinco"",""es"":""Ñorquinco"",""fr"":""Ñorquinco"",""ja"":""ニョルキンコ"",""it"":""Ñorquinco"",""zh-CN"":""诺尔金科"",""tr"":""Ñorquinco"",""ru"":""Ñorquinco"",""uk"":""Ньоркінко"",""pl"":""Ñorquinco"",""hi"":""नोरक्विनको"",""ar"":""نوركوينكو""}",2019-10-06T09:28:21,2025-12-02T14:39:55,1,Q292866
154263,Agronomía,4880,C,11,AR,adm2,,,-34.59222640,-58.49997640,Agronomía,13912,America/Argentina/Buenos_Aires,"{""br"":""Agronomiezh"",""ko"":""농업"",""pt-BR"":""Agronomia"",""pt"":""Agronomia"",""nl"":""Agronomie"",""hr"":""Agronomija"",""fa"":""زراعت"",""de"":""Agronomía"",""es"":""Agronomía"",""fr"":""Agronomie"",""ja"":""農学"",""it"":""Agronomia"",""zh-CN"":""农学"",""tr"":""Tarım Bilimi"",""ru"":""Агрономия"",""uk"":""Агрономія"",""pl"":""Agronomia"",""hi"":""एग्रोनोमिया"",""ar"":""علم الزراعة""}",2024-10-19T03:21:55,2025-12-02T17:11:50,1,Q397422
154264,Almagro,4880,C,11,AR,section,,,-34.60985140,-58.44322610,Almagro,131699,America/Argentina/Buenos_Aires,"{""br"":""Almagro"",""ko"":""알마그로"",""pt-BR"":""Almagro"",""pt"":""Almagro"",""nl"":""Almagro"",""hr"":""Almagro"",""fa"":""آلماگرو"",""de"":""Almagro"",""es"":""Almagro"",""fr"":""Almagro"",""ja"":""アルマグロ"",""it"":""Almagro"",""zh-CN"":""阿尔马格罗"",""tr"":""Almagro"",""ru"":""Альмагро"",""uk"":""Альмагро"",""pl"":""Almagro"",""hi"":""अल्माग्रो"",""ar"":""ألماغرو""}",2024-10-19T03:21:55,2025-12-02T17:11:50,1,Q2064433
154265,Balvanera,4880,C,11,AR,section,,,-34.60928550,-58.42375890,Balvanera,138926,America/Argentina/Buenos_Aires,"{""br"":""Balvanera"",""ko"":""발바네라"",""pt-BR"":""Balvanera"",""pt"":""Balvanera"",""nl"":""Balvanera"",""hr"":""Balvanera"",""fa"":""بالوانرا"",""de"":""Balvanera"",""es"":""Balvanera"",""fr"":""Balvanera"",""ja"":""バルバネラ"",""it"":""Balvanera"",""zh-CN"":""巴尔瓦内拉"",""tr"":""Balvanera"",""ru"":""Бальванера"",""uk"":""Балванера"",""pl"":""Balvanera"",""hi"":""बलवनेरा"",""ar"":""بالفانيرا""}",2024-10-19T03:21:55,2025-12-02T17:11:50,1,Q805848
154266,Barracas,4880,C,11,AR,section,,,-34.64448730,-58.40516880,Establos,89452,America/Argentina/Buenos_Aires,"{""br"":""Barracas"",""ko"":""바라카스"",""pt-BR"":""Barracas"",""pt"":""Barracas"",""nl"":""Barracas"",""hr"":""Barake"",""fa"":""باراکاس"",""de"":""Barracas"",""es"":""Barracas"",""fr"":""Barracas"",""ja"":""バラカス"",""it"":""Barracas"",""zh-CN"":""巴拉卡斯"",""tr"":""Barracas"",""ru"":""Барракас"",""uk"":""Барракас"",""pl"":""Barracas"",""hi"":""बाराकास"",""ar"":""باراكاس""}",2024-10-19T03:21:55,2025-12-02T17:11:50,1,Q680964
154267,Belgrano,4880,C,11,AR,section,,,-34.55543270,-58.47138570,Belgrano,126831,America/Argentina/Buenos_Aires,"{""br"":""Belgrano"",""ko"":""벨그라노"",""pt-BR"":""Belgrano"",""pt"":""Belgrano"",""nl"":""Belgrano"",""hr"":""Belgrano"",""fa"":""بلگرانو"",""de"":""Belgrano"",""es"":""Belgrano"",""fr"":""Belgrano"",""ja"":""ベルグラーノ"",""it"":""Belgrano"",""zh-CN"":""贝尔格拉诺"",""tr"":""Belgrano"",""ru"":""Бельграно"",""uk"":""Бельграно"",""pl"":""Belgrano"",""hi"":""बेलग्रानो"",""ar"":""بلغرانو""}",2024-10-19T03:21:55,2025-12-02T17:11:50,1,Q815569
154268,Boedo,4880,C,11,AR,section,,,-34.63038420,-58.43974170,Alarde,47306,America/Argentina/Buenos_Aires,"{""br"":""Boedo"",""ko"":""보에도"",""pt-BR"":""Boedo"",""pt"":""Boedo"",""nl"":""Boedo"",""hr"":""Boedo"",""fa"":""بودو"",""de"":""Boedo"",""es"":""Boedo"",""fr"":""Boedo"",""ja"":""ボエド"",""it"":""Boedo"",""zh-CN"":""博埃多"",""tr"":""Boedo"",""ru"":""Боэдо"",""uk"":""Боедо"",""pl"":""Boedo"",""hi"":""बोएडो"",""ar"":""بويدو""}",2024-10-19T03:21:55,2025-12-02T17:11:50,1,Q890147
154269,Caballito,4880,C,11,AR,section,,,-34.61661920,-58.46532990,Caballito,176076,America/Argentina/Buenos_Aires,"{""br"":""Caballito"",""ko"":""카발리토"",""pt-BR"":""Caballito"",""pt"":""Caballito"",""nl"":""Caballito"",""hr"":""Caballito"",""fa"":""کابالیتو"",""de"":""Caballito"",""es"":""Caballito"",""fr"":""Cheval"",""ja"":""カバリート"",""it"":""Caballito"",""zh-CN"":""卡巴利托"",""tr"":""Caballito"",""ru"":""Кабальито"",""uk"":""Кабальїто"",""pl"":""Kabałita"",""hi"":""कैबालिटो"",""ar"":""كاباليتو""}",2024-10-19T03:21:55,2025-12-02T17:11:50,1,Q536312
154270,Chacarita,4880,C,11,AR,section,,,-34.58802750,-58.47332730,Chacarita,27761,America/Argentina/Buenos_Aires,"{""br"":""Chacarita"",""ko"":""차카리타"",""pt-BR"":""Chacarita"",""pt"":""Chacarita"",""nl"":""Chacarita"",""hr"":""Čačarita"",""fa"":""چاکاریتا"",""de"":""Chacarita"",""es"":""Chacarita"",""fr"":""Chacarita"",""ja"":""チャカリタ"",""it"":""Chacarita"",""zh-CN"":""查卡里塔"",""tr"":""Çacarita"",""ru"":""Чакарита"",""uk"":""Чакаріта"",""pl"":""Chacarita"",""hi"":""चकारिता"",""ar"":""تشاكاريتا""}",2024-10-19T03:21:55,2025-12-02T17:11:50,1,Q547713
154271,Coghlan,4880,C,11,AR,section,,,-34.56017320,-58.48536760,Coghlan,18604,America/Argentina/Buenos_Aires,"{""br"":""Coghlan"",""ko"":""코글란"",""pt-BR"":""Coghlan"",""pt"":""Coghlan"",""nl"":""Coghlan"",""hr"":""Coghlan"",""fa"":""کوگلان"",""de"":""Coghlan"",""es"":""Coghlan"",""fr"":""Coghlan"",""ja"":""コグラン"",""it"":""Coghlan"",""zh-CN"":""科格兰"",""tr"":""Coghlan"",""ru"":""Коглан"",""uk"":""Коглан"",""pl"":""Coghlan"",""hi"":""कोहलान"",""ar"":""كوجلان""}",2024-10-19T03:21:55,2025-12-02T17:11:50,1,Q1106974
154272,Colegiales,4880,C,11,AR,section,,,-34.57463180,-58.46194700,Colegiales,52551,America/Argentina/Buenos_Aires,"{""br"":""Skolioù-meur"",""ko"":""콜레기알레스"",""pt-BR"":""Colegiais"",""pt"":""Colegiais"",""nl"":""Collegialen"",""hr"":""Kolegiales"",""fa"":""کالج‌ها"",""de"":""Colegiales"",""es"":""Colegiales"",""fr"":""Collèges"",""ja"":""コレヒアル"",""it"":""Collegiali"",""zh-CN"":""学院派"",""tr"":""Üniversiteliler"",""ru"":""Коллегиалес"",""uk"":""Колегіалес"",""pl"":""Kolegiales"",""hi"":""कोलेजियाल्स"",""ar"":""الكليات""}",2024-10-19T03:21:55,2025-12-02T17:11:50,1,Q1108064
154273,Constitución,4880,C,11,AR,section,,,-34.62577020,-58.39393470,Constitución,44107,America/Argentina/Buenos_Aires,"{""br"":""Bonreizh"",""ko"":""헌법"",""pt-BR"":""Constituição"",""pt"":""Constituição"",""nl"":""Grondwet"",""hr"":""Ustav"",""fa"":""قانون اساسی"",""de"":""Verfassung"",""es"":""Constitución"",""fr"":""Constitution"",""ja"":""憲法"",""it"":""Costituzione"",""zh-CN"":""宪法"",""tr"":""Anayasa"",""ru"":""Конститусьон"",""uk"":""Конституція"",""pl"":""Konstytucja"",""hi"":""संविधान"",""ar"":""دستور""}",2024-10-19T03:21:55,2025-12-02T17:11:50,1,Q1405193
154274,Flores,4880,C,11,AR,section,,,-34.63528600,-58.49881470,Flores,164310,America/Argentina/Buenos_Aires,"{""br"":""Flores"",""ko"":""플로레스"",""pt-BR"":""Flores"",""pt"":""Flores"",""nl"":""Flores"",""hr"":""Flores"",""fa"":""فلورس"",""de"":""Flores"",""es"":""Flores"",""fr"":""Flores"",""ja"":""フローレス"",""it"":""Fiori"",""zh-CN"":""弗洛雷斯"",""tr"":""Çiçek"",""ru"":""Флорес"",""uk"":""Флорес"",""pl"":""Flores"",""hi"":""फ्लोरेस"",""ar"":""فلوريس""}",2024-10-19T03:21:55,2025-12-02T17:11:50,1,Q643907
154275,Floresta,4880,C,11,AR,section,,,-34.62778190,-58.50535160,Bosque,37575,America/Argentina/Buenos_Aires,"{""br"":""Floresta"",""ko"":""플로레스타"",""pt-BR"":""Floresta"",""pt"":""Floresta"",""nl"":""Floresta"",""hr"":""Floresta"",""fa"":""فلورستا"",""de"":""Floresta"",""es"":""Floresta"",""fr"":""Floresta"",""ja"":""フロレスタ"",""it"":""Floresta"",""zh-CN"":""弗洛雷斯塔"",""tr"":""Floresta"",""ru"":""Флореста"",""uk"":""Флореста"",""pl"":""Floresta"",""hi"":""फ्लोरेस्टा"",""ar"":""فلوريستا""}",2024-10-19T03:21:55,2025-12-02T17:11:50,1,Q1429543
154276,La Boca,4880,C,11,AR,section,,,-34.63755140,-58.38229510,La Boca,45113,America/Argentina/Buenos_Aires,"{""br"":""La Boca"",""ko"":""라 보카"",""pt-BR"":""La Boca"",""pt"":""La Boca"",""nl"":""La Boca"",""hr"":""La Boca"",""fa"":""لا بوکا"",""de"":""La Boca"",""es"":""La Boca"",""fr"":""La Boca"",""ja"":""ラ・ボカ"",""it"":""La Boca"",""zh-CN"":""拉博卡"",""tr"":""La Boca"",""ru"":""Ла Бока"",""uk"":""Ла-Бока"",""pl"":""La Boca"",""hi"":""ला बोका"",""ar"":""لا بوكا""}",2024-10-19T03:21:55,2025-12-02T14:38:56,1,Q690649
154277,La Paternal,4880,C,11,AR,section,,,-34.59636130,-58.47783340,La Paternal,19717,America/Argentina/Buenos_Aires,"{""br"":""La Paternal"",""ko"":""라 파테르날"",""pt-BR"":""A Paterna"",""pt"":""A Paterna"",""nl"":""De Vaderlijke"",""hr"":""La Paternal"",""fa"":""لا پدرانه"",""de"":""La Paternal"",""es"":""La Paternal"",""fr"":""La Paternelle"",""ja"":""ラ・パテルナル"",""it"":""La Paterna"",""zh-CN"":""父亲节"",""tr"":""Baba"",""ru"":""La Paternal"",""uk"":""Ла Патернал"",""pl"":""Paternal"",""hi"":""ला पैटरनल"",""ar"":""الأب""}",2024-10-19T03:21:55,2025-12-02T17:11:50,1,Q1799004
154278,Liniers,4880,C,11,AR,adm2,,,-34.64494830,-58.53670290,Liniers,0,America/Argentina/Buenos_Aires,"{""br"":""Linieroù"",""ko"":""라이너스"",""pt-BR"":""Liniers"",""pt"":""Liniers"",""nl"":""Liniers"",""hr"":""Linije"",""fa"":""آسترها"",""de"":""Liniers"",""es"":""Liniers"",""fr"":""Liniers"",""ja"":""ライナー"",""it"":""Liniers"",""zh-CN"":""利尼尔斯"",""tr"":""Hatlar"",""ru"":""Линьеры"",""uk"":""Лайнерс"",""pl"":""Linie"",""hi"":""लिनियर्स"",""ar"":""لينيرز""}",2024-10-19T03:21:55,2025-12-02T14:39:31,1,Q1826778
154279,Mataderos,4880,C,11,AR,adm2,,,-34.65888530,-58.52288120,Mataderos,64436,America/Argentina/Buenos_Aires,"{""br"":""Mataderos"",""ko"":""마타데로스"",""pt-BR"":""Mataderos"",""pt"":""Mataderos"",""nl"":""Mataderos"",""hr"":""Mataderos"",""fa"":""ماتادروس"",""de"":""Mataderos"",""es"":""Mataderos"",""fr"":""Mataderos"",""ja"":""マタデロス"",""it"":""Mataderos"",""zh-CN"":""马塔德罗斯"",""tr"":""Mataderos"",""ru"":""Матадерос"",""uk"":""Матадерос"",""pl"":""Mataderos"",""hi"":""मटाडेरोस"",""ar"":""ماتاديروس""}",2024-10-19T03:21:55,2025-12-02T17:11:50,1,Q1301660
154280,Monserrat,4880,C,11,AR,section,,,-34.61254060,-58.38964190,Monserrat,39914,America/Argentina/Buenos_Aires,"{""br"":""Monserrat"",""ko"":""몬세라트"",""pt-BR"":""Monserrat"",""pt"":""Monserrat"",""nl"":""Monserrat"",""hr"":""Monserrat"",""fa"":""مونسرات"",""de"":""Monserrat"",""es"":""Monserrat"",""fr"":""Montserrat"",""ja"":""モンセラート"",""it"":""Monserrato"",""zh-CN"":""蒙特塞拉特"",""tr"":""Monserrat"",""ru"":""Монсеррат"",""uk"":""Монсеррат"",""pl"":""Montserrat"",""hi"":""मोनसेराट"",""ar"":""مونسيرات""}",2024-10-19T03:21:55,2025-12-02T17:11:50,1,Q1027282
154281,Monte Castro,4880,C,11,AR,adm2,,,-34.61876990,-58.51743230,Monte Castro,34584,America/Argentina/Buenos_Aires,"{""br"":""Monte Castro"",""ko"":""몬테 카스트로"",""pt-BR"":""Monte Castro"",""pt"":""Monte Castro"",""nl"":""Monte Castro"",""hr"":""Monte Castro"",""fa"":""مونت کاسترو"",""de"":""Monte Castro"",""es"":""Monte Castro"",""fr"":""Monte Castro"",""ja"":""モンテ・カストロ"",""it"":""Monte Castro"",""zh-CN"":""蒙特卡斯特罗"",""tr"":""Monte Castro"",""ru"":""Монте Кастро"",""uk"":""Монте-Кастро"",""pl"":""Monte Castro"",""hi"":""मोंटे कास्त्रो"",""ar"":""مونتي كاسترو""}",2024-10-19T03:21:55,2025-12-02T17:11:50,1,Q1945789
154282,Nueva Pompeya,4880,C,11,AR,section,,,-34.65005810,-58.44252610,Nueva Pompeya,42695,America/Argentina/Buenos_Aires,"{""br"":""Nevez Pompeya"",""ko"":""누에바 폼페야"",""pt-BR"":""Nova Pompeia"",""pt"":""Nova Pompeia"",""nl"":""Nieuwe Pompeya"",""hr"":""Nova Pompeja"",""fa"":""نوئوا پمپیا"",""de"":""Nueva Pompeya"",""es"":""Nueva Pompeya"",""fr"":""Nouvelle Pompeya"",""ja"":""ヌエバ・ポンペイア"",""it"":""Nuova Pompeya"",""zh-CN"":""新庞贝"",""tr"":""Yeni Pompeya"",""ru"":""Новая Помпея"",""uk"":""Нуева-Помпея"",""pl"":""Nueva Pompeya"",""hi"":""नुएवा पोम्पेया"",""ar"":""نويفا بومبيا""}",2024-10-19T03:21:55,2025-12-02T17:11:50,1,Q2004385
154283,Núñez,4880,C,11,AR,section,,,-34.54270030,-58.48169430,Nat,51949,America/Argentina/Buenos_Aires,"{""br"":""Núñez"",""ko"":""누녜스"",""pt-BR"":""Núñez"",""pt"":""Núñez"",""nl"":""Nuñez"",""hr"":""Núñez"",""fa"":""نونز"",""de"":""Núñez"",""es"":""Núñez"",""fr"":""Núñez"",""ja"":""ヌニェス"",""it"":""Núñez"",""zh-CN"":""努涅斯"",""tr"":""Nunez"",""ru"":""Нуньес"",""uk"":""Нуньєс"",""pl"":""Núñez"",""hi"":""नुनेज"",""ar"":""نونيز""}",2024-10-19T03:21:55,2025-12-02T17:11:50,1,Q2007015
154284,Palermo,4880,C,11,AR,section,,,-34.57335580,-58.46221540,Palermo,225970,America/Argentina/Buenos_Aires,"{""br"":""Palermo"",""ko"":""팔레르모"",""pt-BR"":""Palermo"",""pt"":""Palermo"",""nl"":""Palermo"",""hr"":""Palermo"",""fa"":""پالرمو"",""de"":""Palermo"",""es"":""Palermo"",""fr"":""Palerme"",""ja"":""パレルモ"",""it"":""Palermo"",""zh-CN"":""巴勒莫"",""tr"":""Palermo"",""ru"":""Палермо"",""uk"":""Палермо"",""pl"":""Palermo"",""hi"":""पलेर्मो"",""ar"":""باليرمو""}",2024-10-19T03:21:55,2025-12-02T17:11:50,1,Q1018128
154285,Parque Avellaneda,4880,C,11,AR,section,,,-34.65075370,-58.49842840,Parque Avellaneda,53229,America/Argentina/Buenos_Aires,"{""br"":""Park Avellaneda"",""ko"":""파르케 아베야네다"",""pt-BR"":""Parque Avellaneda"",""pt"":""Parque Avellaneda"",""nl"":""Park Avellaneda"",""hr"":""Park Avellaneda"",""fa"":""پارک آوِلاندا"",""de"":""Parque Avellaneda"",""es"":""Parque Avellaneda"",""fr"":""Parc Avellaneda"",""ja"":""アベジャネーダ公園"",""it"":""Parco Avellaneda"",""zh-CN"":""阿韦利亚内达公园"",""tr"":""Avellaneda Parkı"",""ru"":""Парк Авельянеда"",""uk"":""Парк Авельянеда"",""pl"":""Park Avellaneda"",""hi"":""पार्के एवेल्लानेडा"",""ar"":""حديقة أفيلاينيدا""}",2024-10-19T03:21:55,2025-12-02T17:11:50,1,Q597824
154286,Parque Chacabuco,4880,C,11,AR,section,,,-34.63713830,-58.45953460,Parque Chacabuco,138942,America/Argentina/Buenos_Aires,"{""br"":""Park Chacabuco"",""ko"":""차카부코 공원"",""pt-BR"":""Parque Chacabuco"",""pt"":""Parque Chacabuco"",""nl"":""Park Chacabuco"",""hr"":""Park Chacabuco"",""fa"":""پارک چاکابوکو"",""de"":""Parque Chacabuco"",""es"":""Parque Chacabuco"",""fr"":""Parc Chacabuco"",""ja"":""チャカブコ公園"",""it"":""Parco Chacabuco"",""zh-CN"":""查卡布科公园"",""tr"":""Chacabuco Parkı"",""ru"":""Парк Чакабуко"",""uk"":""Парк Чакабуко"",""pl"":""Park Chacabuco"",""hi"":""पार्के चाकाबुको"",""ar"":""حديقة تشاكابوكو""}",2024-10-19T03:21:55,2025-12-02T14:39:31,1,Q1118308
154287,Parque Chas,4880,C,11,AR,section,,,-34.58486150,-58.49010630,Parque Chas,17489,America/Argentina/Buenos_Aires,"{""br"":""Parque Chas"",""ko"":""파르케 차스"",""pt-BR"":""Parque Chas"",""pt"":""Parque Chas"",""nl"":""Park Chas"",""hr"":""Park Chas"",""fa"":""پارک چاس"",""de"":""Parque Chas"",""es"":""Parque Chas"",""fr"":""Parc Chas"",""ja"":""パルケ・チャス"",""it"":""Parco Chas"",""zh-CN"":""查斯公园"",""tr"":""Chas Parkı"",""ru"":""Парк Час"",""uk"":""Парк Час"",""pl"":""Park Chas"",""hi"":""पार्क चास"",""ar"":""باركي تشاس""}",2024-10-19T03:21:55,2025-12-02T17:11:50,1,Q2053967
154288,Parque Patricios,4880,C,11,AR,adm2,,,-34.63788690,-58.42225860,Parque Patricios,40985,America/Argentina/Buenos_Aires,"{""br"":""Park Patricios"",""ko"":""파르케 파트리시오스"",""pt-BR"":""Parque Patrícios"",""pt"":""Parque Patrícios"",""nl"":""Parque Patricios"",""hr"":""Park Patricios"",""fa"":""پارک پاتریسیوس"",""de"":""Parque Patricios"",""es"":""Parque Patricios"",""fr"":""Parc Patricios"",""ja"":""パトリシオス公園"",""it"":""Parco Patricios"",""zh-CN"":""帕特里西奥斯公园"",""tr"":""Patricios Parkı"",""ru"":""Парк Патрисиос"",""uk"":""Парк Патрісіос"",""pl"":""Park Patricios"",""hi"":""पार्के पेट्रीसियोस"",""ar"":""حديقة باتريسيوس""}",2024-10-19T03:21:55,2025-12-02T17:11:50,1,Q2054024
154289,Puerto Madero,4880,C,11,AR,section,,,-34.61358660,-58.37286850,Puerto Madero,6726,America/Argentina/Buenos_Aires,"{""br"":""Puerto Madero"",""ko"":""푸에르토 마데로"",""pt-BR"":""Puerto Madero"",""pt"":""Puerto Madero"",""nl"":""Puerto Madero"",""hr"":""Puerto Madero"",""fa"":""پورتو مادرو"",""de"":""Puerto Madero"",""es"":""Puerto Madero"",""fr"":""Puerto Madero"",""ja"":""プエルト・マデロ"",""it"":""Porto Madero"",""zh-CN"":""波多黎各马德罗"",""tr"":""Puerto Madero"",""ru"":""Пуэрто-Мадеро"",""uk"":""Пуерто-Мадеро"",""pl"":""Puerto Madero"",""hi"":""प्यूर्टो मादेरो"",""ar"":""بويرتو ماديرو""}",2024-10-19T03:21:55,2025-12-02T17:11:50,1,Q781553
154290,Recoleta,4880,C,11,AR,section,,,-34.58479060,-58.41694250,Recoleta,48231,America/Argentina/Buenos_Aires,"{""br"":""Recoleta"",""ko"":""레콜레타"",""pt-BR"":""Recoleta"",""pt"":""Recoleta"",""nl"":""Recoleta"",""hr"":""Recoleta"",""fa"":""رکولتا"",""de"":""Recoleta"",""es"":""Recoleta"",""fr"":""Recoleta"",""ja"":""レコレタ"",""it"":""Recoleta"",""zh-CN"":""雷科莱塔"",""tr"":""Recoleta"",""ru"":""Реколета"",""uk"":""Реколета"",""pl"":""Recoleta"",""hi"":""रेकोलेटा"",""ar"":""ريكوليتا""}",2024-10-19T03:21:55,2025-12-02T14:39:31,1,Q1010253
154291,Retiro,4880,C,11,AR,section,,,-34.58936080,-58.39738800,Retiro,152198,America/Argentina/Buenos_Aires,"{""br"":""Retiro"",""ko"":""레티로"",""pt-BR"":""Retiro"",""pt"":""Retiro"",""nl"":""Retiro"",""hr"":""Retiro"",""fa"":""رتیرو"",""de"":""Retiro"",""es"":""Retiro"",""fr"":""Retiro"",""ja"":""レティーロ"",""it"":""Ritiro"",""zh-CN"":""雷蒂罗"",""tr"":""Emekli"",""ru"":""Ретиро"",""uk"":""Ретіро"",""pl"":""Retiro"",""hi"":""रेटिरो"",""ar"":""ريتيرو""}",2024-10-19T03:21:55,2025-12-02T14:39:31,1,Q516411
154292,Saavedra,4880,C,11,AR,city,,,-34.55431210,-58.50975950,Saavedra,50295,America/Argentina/Buenos_Aires,"{""br"":""Saavedra"",""ko"":""사베드라"",""pt-BR"":""Saavedra"",""pt"":""Saavedra"",""nl"":""Saavedra"",""hr"":""Saavedra"",""fa"":""ساودرا"",""de"":""Saavedra"",""es"":""Saavedra"",""fr"":""Saavedra"",""ja"":""サアベドラ"",""it"":""Saavedra"",""zh-CN"":""萨维德拉"",""tr"":""Savavedra"",""ru"":""Сааведра"",""uk"":""Сааведра"",""pl"":""Saavedra"",""hi"":""सावेद्रा"",""ar"":""سافيدرا""}",2024-10-19T03:21:55,2025-12-02T16:59:27,1,Q655297
154293,San Cristóbal,4880,C,11,AR,city,,,-34.62423930,-58.41215650,San Cristóbal,14389,America/Argentina/Buenos_Aires,"{""br"":""San Cristóbal"",""ko"":""산 크리스토발"",""pt-BR"":""São Cristóvão"",""pt"":""São Cristóvão"",""nl"":""San Cristóbal"",""hr"":""San Cristóbal"",""fa"":""سن کریستوبال"",""de"":""San Cristóbal"",""es"":""San Cristóbal"",""fr"":""San Cristóbal"",""ja"":""サン・クリストバル"",""it"":""San Cristobal"",""zh-CN"":""圣克里斯托瓦尔"",""tr"":""San Cristóbal"",""ru"":""Сан-Кристобаль"",""uk"":""Сан-Крістобаль"",""pl"":""San Cristóbal"",""hi"":""सैन क्रिस्टोबल"",""ar"":""سان كريستوبال""}",2024-10-19T03:21:55,2025-12-02T16:59:27,1,Q2064416
154294,San Nicolás,4880,C,11,AR,capital,,,-34.60390370,-58.39059120,San Nicolás,28667,America/Argentina/Buenos_Aires,"{""br"":""San Nicolas"",""ko"":""산 니콜라스"",""pt-BR"":""São Nicolau"",""pt"":""São Nicolau"",""nl"":""San Nicolás"",""hr"":""San Nicolás"",""fa"":""سن نیکولاس"",""de"":""San Nicolás"",""es"":""San Nicolás"",""fr"":""Saint-Nicolas"",""ja"":""サンニコラス"",""it"":""San Nicola"",""zh-CN"":""圣尼古拉斯"",""tr"":""San Nicolas"",""ru"":""Сан-Николас"",""uk"":""Сан-Ніколас"",""pl"":""Święty Mikołaj"",""hi"":""सैन निकोलस"",""ar"":""سان نيكولاس""}",2024-10-19T03:21:55,2025-12-02T17:11:50,1,Q2006239
154295,San Telmo,4880,C,11,AR,section,,,-34.62254210,-58.38055780,San Telmo,20453,America/Argentina/Buenos_Aires,"{""br"":""San Telmo"",""ko"":""산텔모"",""pt-BR"":""São Telmo"",""pt"":""São Telmo"",""nl"":""San Telmo"",""hr"":""San Telmo"",""fa"":""سن تلمو"",""de"":""San Telmo"",""es"":""San Telmo"",""fr"":""San Telmo"",""ja"":""サンテルモ"",""it"":""San Telmo"",""zh-CN"":""圣特尔莫"",""tr"":""San Telmo"",""ru"":""Сан-Тельмо"",""uk"":""Сан-Тельмо"",""pl"":""San Telmo"",""hi"":""सैन टेल्मो"",""ar"":""سان تلمو""}",2024-10-19T03:21:55,2025-12-02T17:11:50,1,Q1026688
154296,Vélez Sársfield,4880,C,11,AR,adm2,,,-34.63129820,-58.51351920,Vélez Sársfield,35081,America/Argentina/Buenos_Aires,"{""br"":""Vélez Sársfield"",""ko"":""벨레스 사르스필드"",""pt-BR"":""Vélez Sársfield"",""pt"":""Vélez Sársfield"",""nl"":""Vélez Sársfield"",""hr"":""Vélez Sársfield"",""fa"":""ولز سارسفیلد"",""de"":""Vélez Sársfield"",""es"":""Vélez Sársfield"",""fr"":""Vélez Sársfield"",""ja"":""ベレス・サースフィールド"",""it"":""Vélez Sársfield"",""zh-CN"":""贝莱斯萨斯菲尔德"",""tr"":""Vélez Sársfield"",""ru"":""Велес Сарсфилд"",""uk"":""Велес Сарсфілд"",""pl"":""Vélez Sársfield"",""hi"":""वेलेज़ सार्सफ़ील्ड"",""ar"":""فيليز سارسفيلد""}",2024-10-19T03:21:55,2025-12-02T17:11:50,1,Q643942
154297,Versalles,4880,C,11,AR,adm2,,,-34.62915440,-58.52963820,Versalles,13822,America/Argentina/Buenos_Aires,"{""br"":""Versalles"",""ko"":""베르살레스"",""pt-BR"":""Versalles"",""pt"":""Versalles"",""nl"":""Versailles"",""hr"":""Versalles"",""fa"":""ورسال"",""de"":""Versalles"",""es"":""Versalles"",""fr"":""Versailles"",""ja"":""ヴェルサーユ"",""it"":""Versalles"",""zh-CN"":""凡尔赛"",""tr"":""Versalles"",""ru"":""Версаль"",""uk"":""Версаль"",""pl"":""Wersal"",""hi"":""वर्सालेस"",""ar"":""فيرساليس""}",2024-10-19T03:21:55,2025-12-02T17:11:50,1,Q655117
154298,Villa Crespo,4880,C,11,AR,section,,,-34.59811590,-58.46174830,Villa Crespo,81959,America/Argentina/Buenos_Aires,"{""br"":""Villa Crespo"",""ko"":""빌라 크레스포"",""pt-BR"":""Vila Crespo"",""pt"":""Vila Crespo"",""nl"":""Villa Crespo"",""hr"":""Vila Crespo"",""fa"":""ویلا کرسپو"",""de"":""Villa Crespo"",""es"":""Villa Crespo"",""fr"":""Villa Crespo"",""ja"":""ヴィラ・クレスポ"",""it"":""Villa Crespo"",""zh-CN"":""克雷斯波别墅"",""tr"":""Villa Crespo"",""ru"":""Вилла Креспо"",""uk"":""Вілла Креспо"",""pl"":""Willa Crespo"",""hi"":""विला क्रेस्पो"",""ar"":""فيلا كريسبو""}",2024-10-19T03:21:55,2025-12-02T17:11:50,1,Q1670884
154299,Villa del Parque,4880,C,11,AR,adm2,,,-34.60587650,-58.51064410,Villa del Parque,55273,America/Argentina/Buenos_Aires,"{""br"":""Villa del Parque"",""ko"":""빌라 델 파르케"",""pt-BR"":""Vila do Parque"",""pt"":""Vila do Parque"",""nl"":""Villa del Parque"",""hr"":""Vila del Parque"",""fa"":""ویلا دل پارک"",""de"":""Villa del Parque"",""es"":""Villa del Parque"",""fr"":""Villa del Parque"",""ja"":""ヴィラ デル パルケ"",""it"":""Villa del Parque"",""zh-CN"":""公园别墅"",""tr"":""Villa del Park"",""ru"":""Вилла дель Парке"",""uk"":""Вілла-дель-Парк"",""pl"":""Willa del Parque"",""hi"":""विला डेल पार्क"",""ar"":""فيلا ديل باركي""}",2024-10-19T03:21:55,2025-12-02T17:11:50,1,Q771260
154300,Villa Devoto,4880,C,11,AR,city,,,-34.60046930,-58.55443260,Villa Devoto,66521,America/Argentina/Buenos_Aires,"{""br"":""Villa Devoto"",""ko"":""빌라 데보토"",""pt-BR"":""Vila Devoto"",""pt"":""Vila Devoto"",""nl"":""Villa Devoto"",""hr"":""Vila Devoto"",""fa"":""ویلا دوتو"",""de"":""Villa Devoto"",""es"":""Villa Devoto"",""fr"":""Villa Devoto"",""ja"":""ヴィラ デヴォート"",""it"":""Villa Devoto"",""zh-CN"":""德沃托别墅"",""tr"":""Villa Devoto"",""ru"":""Вилла Девото"",""uk"":""Вілла Девото"",""pl"":""Willa Devoto"",""hi"":""विला डेवोटो"",""ar"":""فيلا ديفوتو""}",2024-10-19T03:21:55,2025-12-02T17:11:50,1,Q386011
154301,Villa General Mitre,4880,C,11,AR,section,,,-34.61048970,-58.47974190,Villa General Mitre,34713,America/Argentina/Buenos_Aires,"{""br"":""Villa General Mitre"",""ko"":""빌라 제너럴 미트레"",""pt-BR"":""Vila General Mitre"",""pt"":""Vila General Mitre"",""nl"":""Villa Generaal Mitre"",""hr"":""Vila General Mitre"",""fa"":""ویلا جنرال میتر"",""de"":""Villa General Mitre"",""es"":""Villa General Mitre"",""fr"":""Villa General Mitre"",""ja"":""ヴィラ・ジェネラル・ミトレ"",""it"":""Villa General Mitre"",""zh-CN"":""米特将军别墅"",""tr"":""Villa General Mitre"",""ru"":""Вилла Генерал Митре"",""uk"":""Вілла Генерала Мітре"",""pl"":""Willa General Mitre"",""hi"":""विला जनरल मिट्रे"",""ar"":""فيلا جنرال ميتري""}",2024-10-19T03:21:55,2025-12-02T17:11:50,1,Q1026651
154302,Villa Lugano,4880,C,11,AR,section,,,-34.67485910,-58.49704580,Villa lugano,126374,America/Argentina/Buenos_Aires,"{""br"":""Villa Lugano"",""ko"":""빌라 루가노"",""pt-BR"":""Vila Lugano"",""pt"":""Vila Lugano"",""nl"":""Villa Lugano"",""hr"":""Vila Lugano"",""fa"":""ویلا لوگانو"",""de"":""Villa Lugano"",""es"":""Villa Lugano"",""fr"":""Villa Lugano"",""ja"":""ヴィラ・ルガーノ"",""it"":""Villa Lugano"",""zh-CN"":""卢加诺别墅"",""tr"":""Villa Lugano"",""ru"":""Вилла Лугано"",""uk"":""Вілла Лугано"",""pl"":""Willa Lugano"",""hi"":""विला लुगानो"",""ar"":""فيلا لوغانو""}",2024-10-19T03:21:55,2025-12-02T17:11:50,1,Q731094
154303,Villa Luro,4880,C,11,AR,adm2,,,-34.63500670,-58.52269370,Villa Luro,32502,America/Argentina/Buenos_Aires,"{""br"":""Villa Luro"",""ko"":""빌라 루로"",""pt-BR"":""Vila Luro"",""pt"":""Vila Luro"",""nl"":""Villa Luro"",""hr"":""Vila Luro"",""fa"":""ویلا لورو"",""de"":""Villa Luro"",""es"":""Villa Luro"",""fr"":""Villa Luro"",""ja"":""ヴィラ ルロ"",""it"":""Villa Luro"",""zh-CN"":""卢罗别墅"",""tr"":""Villa Luro"",""ru"":""Вилла Луро"",""uk"":""Вілла Луро"",""pl"":""Willa Luro"",""hi"":""विला लुरो"",""ar"":""فيلا لورو""}",2024-10-19T03:21:55,2025-12-02T17:11:50,1,Q772760
154304,Villa Ortúzar,4880,C,11,AR,section,,,-34.58148740,-58.47898750,Villa Ortúzar,21736,America/Argentina/Buenos_Aires,"{""br"":""Villa Ortúzar"",""ko"":""빌라 오르투사르"",""pt-BR"":""Vila Ortúzar"",""pt"":""Vila Ortúzar"",""nl"":""Villa Ortúzar"",""hr"":""Vila Ortúzar"",""fa"":""ویلا اورتوزار"",""de"":""Villa Ortúzar"",""es"":""Villa Ortúzar"",""fr"":""Villa Ortúzar"",""ja"":""ヴィラ・オルトゥザール"",""it"":""Villa Ortúzar"",""zh-CN"":""奥图萨尔别墅"",""tr"":""Villa Ortúzar"",""ru"":""Вилла Ортусар"",""uk"":""Вілла Ортузар"",""pl"":""Willa Ortúzar"",""hi"":""विला ऑर्टुज़ार"",""ar"":""فيلا أورتوزار""}",2024-10-19T03:21:55,2025-12-02T17:11:50,1,Q1026701
154305,Villa Pueyrredón,4880,C,11,AR,adm2,,,-34.58182550,-58.52264930,Villa Pueyrredón,39654,America/Argentina/Buenos_Aires,"{""br"":""Villa Pueyrredón"",""ko"":""빌라 푸에이레돈"",""pt-BR"":""Vila Pueyrredón"",""pt"":""Vila Pueyrredón"",""nl"":""Villa Pueyrredón"",""hr"":""Vila Pueyrredón"",""fa"":""ویلا پوئردون"",""de"":""Villa Pueyrredón"",""es"":""Villa Pueyrredón"",""fr"":""Villa Pueyrredón"",""ja"":""ビジャ・プエイレドン"",""it"":""Villa Pueyrredón"",""zh-CN"":""普埃雷东别墅"",""tr"":""Villa Pueyrredón"",""ru"":""Вилла Пуэйрредон"",""uk"":""Вілла Пуейрредон"",""pl"":""Willa Pueyrredón"",""hi"":""विला पुएरेडोन"",""ar"":""فيلا بويريدون""}",2024-10-19T03:21:55,2025-12-02T17:11:50,1,Q1026681
154306,Villa Real,4880,C,11,AR,adm2,,,-34.61909340,-58.53453420,Villa Real,13419,America/Argentina/Buenos_Aires,"{""br"":""Villa Real"",""ko"":""빌라 레알"",""pt-BR"":""Vila Real"",""pt"":""Vila Real"",""nl"":""Villa Real"",""hr"":""Vila Real"",""fa"":""ویلا رئال"",""de"":""Villa Real"",""es"":""Villa Real"",""fr"":""Villa Real"",""ja"":""ヴィラ・レアル"",""it"":""Villa Reale"",""zh-CN"":""皇家别墅"",""tr"":""Villa Real"",""ru"":""Вилла Реал"",""uk"":""Вілла Реал"",""pl"":""Willa Real"",""hi"":""विला रियल"",""ar"":""فيلا ريال""}",2024-10-19T03:21:55,2025-12-02T17:11:50,1,Q641438
154307,Villa Riachuelo,4880,C,11,AR,section,,,-34.69266220,-58.48434810,Villa Riachuelo,14084,America/Argentina/Buenos_Aires,"{""br"":""Villa Riachuelo"",""ko"":""빌라 리아추엘로"",""pt-BR"":""Vila Riachuelo"",""pt"":""Vila Riachuelo"",""nl"":""Villa Riachuelo"",""hr"":""Vila Riachuelo"",""fa"":""ویلا ریاچولو"",""de"":""Villa Riachuelo"",""es"":""Villa Riachuelo"",""fr"":""Villa Riachuelo"",""ja"":""ヴィラ・リアチュエロ"",""it"":""Villa Riachuelo"",""zh-CN"":""里亚丘埃洛别墅"",""tr"":""Villa Riachuelo"",""ru"":""Вилла Риачуэло"",""uk"":""Вілла Ріачуело"",""pl"":""Willa Riachuelo"",""hi"":""विला रियाचुएलो"",""ar"":""فيلا رياتشويلو""}",2024-10-19T03:21:55,2025-12-02T17:11:50,1,Q1026678
154308,Villa Santa Rita,4880,C,11,AR,section,,,-34.61636020,-58.49350310,Villa Santa Rita,33325,America/Argentina/Buenos_Aires,"{""br"":""Villa Santa Rita"",""ko"":""빌라 산타 리타"",""pt-BR"":""Vila Santa Rita"",""pt"":""Vila Santa Rita"",""nl"":""Villa Santa Rita"",""hr"":""Vila Santa Rita"",""fa"":""ویلا سانتا ریتا"",""de"":""Villa Santa Rita"",""es"":""Villa Santa Rita"",""fr"":""Villa Santa Rita"",""ja"":""ヴィラ サンタ リタ"",""it"":""Villa Santa Rita"",""zh-CN"":""圣丽塔别墅"",""tr"":""Villa Santa Rita"",""ru"":""Вилла Санта Рита"",""uk"":""Вілла Санта-Ріта"",""pl"":""Willa Santa Rita"",""hi"":""विला सांता रीटा"",""ar"":""فيلا سانتا ريتا""}",2024-10-19T03:21:55,2025-12-02T17:11:50,1,Q1026695
154309,Villa Soldati,4880,C,11,AR,section,,,-34.66789240,-58.46756510,Villa Soldati,,America/Argentina/Buenos_Aires,"{""br"":""Villa Soldati"",""ko"":""빌라 솔다티"",""pt-BR"":""Vila Soldati"",""pt"":""Vila Soldati"",""nl"":""Villa Soldati"",""hr"":""Vila Soldati"",""fa"":""ویلا سولداتی"",""de"":""Villa Soldati"",""es"":""Villa Soldati"",""fr"":""Villa Soldati"",""ja"":""ヴィラ ソルダティ"",""it"":""Villa Soldati"",""zh-CN"":""索尔达蒂别墅"",""tr"":""Villa Soldati"",""ru"":""Вилла Солдати"",""uk"":""Вілла Солдаті"",""pl"":""Willa Soldati"",""hi"":""विला सोल्दाती"",""ar"":""فيلا سولداتي""}",2024-10-19T03:21:55,2025-12-02T17:11:50,1,Q1686228
154310,Villa Urquiza,4880,C,11,AR,adm2,,,-34.57192410,-58.50934640,Villa Urquiza,91563,America/Argentina/Buenos_Aires,"{""br"":""Villa Urquiza"",""ko"":""빌라 우르키자"",""pt-BR"":""Vila Urquiza"",""pt"":""Vila Urquiza"",""nl"":""Villa Urquiza"",""hr"":""Vila Urquiza"",""fa"":""ویلا اورکیزا"",""de"":""Villa Urquiza"",""es"":""Villa Urquiza"",""fr"":""Villa Urquiza"",""ja"":""ヴィラ・ウルキサ"",""it"":""Villa Urquiza"",""zh-CN"":""乌尔基萨别墅"",""tr"":""Villa Urquiza"",""ru"":""Вилла Уркиса"",""uk"":""Вілла Уркіса"",""pl"":""Willa Urquiza"",""hi"":""विला उर्कीज़ा"",""ar"":""فيلا أوركيزا""}",2024-10-19T03:21:55,2025-12-02T17:11:50,1,Q1026691
154311,Adolfo Alsina,3656,B,11,AR,city,,,-37.16054780,-64.22506020,Adolfo Alsina,64482,America/Argentina/Buenos_Aires,"{""br"":""Adolfo Alsina"",""ko"":""아돌포 알시나"",""pt-BR"":""Adolfo Alsina"",""pt"":""Adolfo Alsina"",""nl"":""Adolfo Alsina"",""hr"":""Adolfo Alsina"",""fa"":""آدولفو آلسینا"",""de"":""Adolfo Alsina"",""es"":""Adolfo Alsina"",""fr"":""Adolfo Alsina"",""ja"":""アドルフォ・アルシーナ"",""it"":""Adolfo Alsina"",""zh-CN"":""阿道夫·阿尔西纳"",""tr"":""Adolfo Alsina"",""ru"":""Адольфо Альсина"",""uk"":""Адольфо Альсіна"",""pl"":""Adolfo Alsina"",""hi"":""एडोल्फ़ो अलसीना"",""ar"":""أدولفو ألسينا""}",2024-10-19T04:22:13,2025-12-02T16:59:27,1,Q505021
154312,Adolfo Gonzáles Chaves,3656,B,11,AR,city,,,-37.93801600,-60.90296530,Adolfo Gonzáles Chaves,12954,America/Argentina/Buenos_Aires,"{""br"":""Adolfo Gonzáles Chaves"",""ko"":""아돌포 곤잘레스 차베스"",""pt-BR"":""Adolfo Gonzáles Chaves"",""pt"":""Adolfo Gonzáles Chaves"",""nl"":""Adolfo Gonzáles Chaves"",""hr"":""Adolfo Gonzáles Chaves"",""fa"":""آدولفو گونزالس چاوز"",""de"":""Adolfo Gonzáles Chaves"",""es"":""Adolfo González Chaves"",""fr"":""Adolfo Gonzáles Chaves"",""ja"":""アドルフォ・ゴンザレス・チャベス"",""it"":""Adolfo Gonzáles Chaves"",""zh-CN"":""阿道夫·冈萨雷斯·查韦斯"",""tr"":""Adolfo Gonzáles Chaves"",""ru"":""Адольфо Гонсалес Чавес"",""uk"":""Адольфо Гонсалес Чавес"",""pl"":""Adolfo Gonzáles Chaves"",""hi"":""एडोल्फ़ो गोंजालेस चावेस"",""ar"":""أدولفو غونزاليس تشافيز""}",2024-10-19T04:22:13,2025-12-02T16:59:27,1,Q505050
154313,Alberti,3656,B,11,AR,city,,,-35.02768320,-60.58411980,Alberti,8260,America/Argentina/Buenos_Aires,"{""br"":""Alberti"",""ko"":""알베르티"",""pt-BR"":""Alberti"",""pt"":""Alberti"",""nl"":""Alberti"",""hr"":""Alberti"",""fa"":""آلبرتی"",""de"":""Alberti"",""es"":""Alberti"",""fr"":""Alberti"",""ja"":""アルベルティ"",""it"":""Alberti"",""zh-CN"":""阿尔贝蒂"",""tr"":""Alberti"",""ru"":""Альберти"",""uk"":""Альберті"",""pl"":""Alberti"",""hi"":""अल्बर्टी"",""ar"":""ألبرتي""}",2024-10-19T04:22:13,2025-12-02T16:59:27,1,Q578717
154314,Almirante Brown,3656,B,11,AR,city,,,-34.83197240,-58.45251410,Almirante Brown,37851,America/Argentina/Buenos_Aires,"{""br"":""Almirante Brown"",""ko"":""알미란테 브라운"",""pt-BR"":""Almirante Brown"",""pt"":""Almirante Brown"",""nl"":""Almirante Brown"",""hr"":""Almirante Brown"",""fa"":""آلمیرانت براون"",""de"":""Almirante Brown"",""es"":""Almirante Brown"",""fr"":""Almirante Brown"",""ja"":""アルミランテ・ブラウン"",""it"":""Almirante Brown"",""zh-CN"":""阿尔米兰特·布朗"",""tr"":""Almirante Brown"",""ru"":""Альмиранте Браун"",""uk"":""Альміранте Браун"",""pl"":""Almirante Brown"",""hi"":""अल्मिरांटे ब्राउन"",""ar"":""ألميرانتي براون""}",2024-10-19T04:22:13,2025-12-02T16:59:27,1,Q1399432
154315,Arrecifes,3656,B,11,AR,city,,,-34.00603330,-60.33782350,Arrecifes,,America/Argentina/Buenos_Aires,"{""br"":""Arrecifes"",""ko"":""아레시페스"",""pt-BR"":""Arrecifes"",""pt"":""Arrecifes"",""nl"":""Arrecifes"",""hr"":""Arrecifes"",""fa"":""آرسیفس"",""de"":""Arrecifes"",""es"":""Arrecifes"",""fr"":""Arrecifes"",""ja"":""アレシフェス"",""it"":""Arrecifes"",""zh-CN"":""阿雷西费斯"",""tr"":""Arrecifes"",""ru"":""Арресифес"",""uk"":""Арресіфес"",""pl"":""Arrecifes"",""hi"":""अर्रेसीफेस"",""ar"":""أريسيفيس""}",2024-10-19T04:22:13,2025-12-02T16:59:27,1,Q777895
154316,Avellaneda,3656,B,11,AR,adm2,,,-34.66134140,-58.38802660,Avellaneda,366117,America/Argentina/Buenos_Aires,"{""br"":""Avellaneda"",""ko"":""아벨라네다"",""pt-BR"":""Avellaneda"",""pt"":""Avellaneda"",""nl"":""Avellaneda"",""hr"":""Avellaneda"",""fa"":""آوِلاندا"",""de"":""Avellaneda"",""es"":""Avellaneda"",""fr"":""Avellaneda"",""ja"":""アベジャネーダ"",""it"":""Avellaneda"",""zh-CN"":""阿韦利亚内达"",""tr"":""Avellaneda"",""ru"":""Авельянеда"",""uk"":""Авелланеда"",""pl"":""Avellaneda"",""hi"":""एवेल्लानेडा"",""ar"":""أفيلاينيدا""}",2024-10-19T04:22:13,2025-12-02T17:11:50,1,Q1882267
154317,Ayacucho,3656,B,11,AR,adm2,,,-36.97372280,-59.08902220,Ayacucho,23913,America/Argentina/Buenos_Aires,"{""br"":""Ayacucho"",""ko"":""아야쿠초"",""pt-BR"":""Ayacucho"",""pt"":""Ayacucho"",""nl"":""Ayacucho"",""hr"":""Ayacucho"",""fa"":""آیاکوچو"",""de"":""Ayacucho"",""es"":""Ayacucho"",""fr"":""Ayacucho"",""ja"":""アヤクーチョ"",""it"":""Ayacucho"",""zh-CN"":""阿亚库乔"",""tr"":""Ayacucho"",""ru"":""Аякучо"",""uk"":""Аякучо"",""pl"":""Ayacucho"",""hi"":""Ayacucho"",""ar"":""أياكوتشو""}",2024-10-19T04:22:13,2025-12-02T17:11:50,1,Q783091
154318,Azul,3656,B,11,AR,city,,,-36.82779090,-60.99253580,Azul,,America/Argentina/Buenos_Aires,"{""br"":""Azul"",""ko"":""아줄"",""pt-BR"":""Azul"",""pt"":""Azul"",""nl"":""Blauw"",""hr"":""Azul"",""fa"":""آزول"",""de"":""Azul"",""es"":""Azul"",""fr"":""Bleu"",""ja"":""アズール"",""it"":""Azzurro"",""zh-CN"":""阿苏尔"",""tr"":""Mavi"",""ru"":""Азул"",""uk"":""Азул"",""pl"":""Błękitny"",""hi"":""अज़ुल"",""ar"":""أزول""}",2024-10-19T04:22:13,2025-12-02T16:59:27,1,Q239789
154319,Bahía Blanca,3656,B,11,AR,city,,,-38.58796980,-62.50794130,Bahía Blanca,299000,America/Argentina/Buenos_Aires,"{""br"":""Bahía Blanca"",""ko"":""바이아 블랑카"",""pt-BR"":""Bahía Blanca"",""pt"":""Bahía Blanca"",""nl"":""Bahia Blanca"",""hr"":""Bahía Blanca"",""fa"":""باهیا بلانکا"",""de"":""Bahía Blanca"",""es"":""Bahía Blanca"",""fr"":""Bahía Blanca"",""ja"":""バイアブランカ"",""it"":""Bahía Blanca"",""zh-CN"":""布兰卡港"",""tr"":""Bahía Blanca"",""ru"":""Баия-Бланка"",""uk"":""Баїя-Бланка"",""pl"":""Bahía Blanca"",""hi"":""बाहिया ब्लैंका"",""ar"":""باهيا بلانكا""}",2024-10-19T04:22:13,2025-12-02T16:59:27,1,Q788626
154320,Balcarce,3656,B,11,AR,city,,,-37.75449560,-58.93081520,Balcarce,51736,America/Argentina/Buenos_Aires,"{""br"":""Balcarce"",""ko"":""발카르세"",""pt-BR"":""Balcarce"",""pt"":""Balcarce"",""nl"":""Balcarce"",""hr"":""Balcarce"",""fa"":""بالکارسه"",""de"":""Balcarce"",""es"":""Balcarce"",""fr"":""Balcarce"",""ja"":""バルカルセ"",""it"":""Balcarce"",""zh-CN"":""巴尔卡塞"",""tr"":""Balcarce"",""ru"":""Балькарсе"",""uk"":""Балкарс"",""pl"":""Balcarce"",""hi"":""बाल्कार्से"",""ar"":""بالكارسي""}",2024-10-19T04:22:13,2025-12-02T16:59:27,1,Q629119
154321,Baradero,3656,B,11,AR,city,,,-33.90652010,-59.81822290,Baradero,40002,America/Argentina/Buenos_Aires,"{""br"":""Baradero"",""ko"":""바라데로"",""pt-BR"":""Baradero"",""pt"":""Baradero"",""nl"":""Baradero"",""hr"":""Baradero"",""fa"":""بارادرو"",""de"":""Baradero"",""es"":""Baradero"",""fr"":""Baradero"",""ja"":""バラデロ"",""it"":""Baradero"",""zh-CN"":""巴拉德罗"",""tr"":""Baradero"",""ru"":""Барадеро"",""uk"":""Барадеро"",""pl"":""Baradero"",""hi"":""बाराडेरो"",""ar"":""باراديرو""}",2024-10-19T04:22:13,2025-12-02T16:59:27,1,Q790179
154322,Benito Juárez,3656,B,11,AR,city,,,-37.58593960,-60.52379500,Benito Juárez,,America/Argentina/Buenos_Aires,"{""br"":""Benito Juárez"",""ko"":""베니토 후아레스"",""pt-BR"":""Benito Juárez"",""pt"":""Benito Juárez"",""nl"":""Benito Juárez"",""hr"":""Benito Juárez"",""fa"":""بنیتو خوارز"",""de"":""Benito Juárez"",""es"":""Benito Juárez"",""fr"":""Benito Juárez"",""ja"":""ベニート・フアレス"",""it"":""Benito Juárez"",""zh-CN"":""贝尼托·胡亚雷斯"",""tr"":""Benito Juárez"",""ru"":""Бенито Хуарес"",""uk"":""Беніто Хуарес"",""pl"":""Benito Juarez"",""hi"":""बेनिटो जुआरेज़"",""ar"":""بينيتو خواريز""}",2024-10-19T04:22:13,2025-12-02T16:59:27,1,Q792933
154323,Berazategui,3656,B,11,AR,city,,,-34.84334610,-58.30738810,Berazategui,180523,America/Argentina/Buenos_Aires,"{""br"":""Berazategui"",""ko"":""베라자테기"",""pt-BR"":""Berazategui"",""pt"":""Berazategui"",""nl"":""Berazategui"",""hr"":""Berazategui"",""fa"":""برازاتگویی"",""de"":""Berazategui"",""es"":""Berazategui"",""fr"":""Bérazategui"",""ja"":""ベラサテギ"",""it"":""Berazategui"",""zh-CN"":""贝拉萨特吉"",""tr"":""Berazategui"",""ru"":""Берасатеги"",""uk"":""Беразатегі"",""pl"":""Berazategui"",""hi"":""बेराज़तेगुई"",""ar"":""بيرازاتيغي""}",2024-10-19T04:22:13,2025-12-02T16:59:27,1,Q2502677
154324,Berisso,3656,B,11,AR,adm2,,,-34.89821320,-57.90243650,Berisso,0,America/Argentina/Buenos_Aires,"{""br"":""Berisso"",""ko"":""베리소"",""pt-BR"":""Berisso"",""pt"":""Berisso"",""nl"":""Berisso"",""hr"":""Berisso"",""fa"":""بریسو"",""de"":""Berisso"",""es"":""Berisso"",""fr"":""Berisso"",""ja"":""ベリッソ"",""it"":""Berisso"",""zh-CN"":""贝里索"",""tr"":""Berisso"",""ru"":""Бериссо"",""uk"":""Беріссо"",""pl"":""Berisso"",""hi"":""बेरिसो"",""ar"":""بيريسو""}",2024-10-19T04:22:13,2025-12-02T17:11:50,1,Q793491
154325,Bolívar,3656,B,11,AR,city,,,-36.28911980,-61.78736580,Bolívar,,America/Argentina/Buenos_Aires,"{""br"":""Bolívar"",""ko"":""볼리바르"",""pt-BR"":""Bolívar"",""pt"":""Bolívar"",""nl"":""Bolivar"",""hr"":""Bolívar"",""fa"":""بولیوار"",""de"":""Bolívar"",""es"":""Bolívar"",""fr"":""Bolívar"",""ja"":""ボリバル"",""it"":""Bolívar"",""zh-CN"":""玻利瓦尔"",""tr"":""Bolívar"",""ru"":""Боливар"",""uk"":""Болівар"",""pl"":""Bolivar"",""hi"":""बोलिवार"",""ar"":""بوليفار""}",2024-10-19T04:22:13,2025-12-02T16:59:27,1,Q834261
154326,Bragado,3656,B,11,AR,city,,,-35.02574040,-61.25370530,Que,33222,America/Argentina/Buenos_Aires,"{""br"":""Bragado"",""ko"":""브라가도"",""pt-BR"":""Bragado"",""pt"":""Bragado"",""nl"":""Bragado"",""hr"":""Bragado"",""fa"":""براگادو"",""de"":""Großspurigkeit"",""es"":""Bragado"",""fr"":""Bragado"",""ja"":""ブラガド"",""it"":""Bragado"",""zh-CN"":""布拉加多"",""tr"":""Övünen"",""ru"":""Брагадо"",""uk"":""Брагадо"",""pl"":""Bragado"",""hi"":""ब्रागाडो"",""ar"":""براغادو""}",2024-10-19T04:22:13,2025-12-02T16:59:27,1,Q268491
154327,Brandsen,3656,B,11,AR,city,,,-35.19510090,-58.49818770,Brandsen,30026,America/Argentina/Buenos_Aires,"{""br"":""Brandsen"",""ko"":""브란센"",""pt-BR"":""Brandsen"",""pt"":""Brandsen"",""nl"":""Brandsen"",""hr"":""Brandsen"",""fa"":""برندسن"",""de"":""Brandsen"",""es"":""Brandsen"",""fr"":""Brandsen"",""ja"":""ブランドセン"",""it"":""Brandsen"",""zh-CN"":""布兰森"",""tr"":""Brandsen"",""ru"":""Брандсен"",""uk"":""Брандсен"",""pl"":""Brandsen"",""hi"":""ब्रैंडसेन"",""ar"":""براندسن""}",2024-10-19T04:22:13,2025-12-02T16:59:27,1,Q848995
154328,Campana,3656,B,11,AR,city,,,-34.16079930,-59.22022530,Campana,86860,America/Argentina/Buenos_Aires,"{""br"":""Campana"",""ko"":""캄파나"",""pt-BR"":""Campana"",""pt"":""Campana"",""nl"":""Campana"",""hr"":""Campana"",""fa"":""کامپانا"",""de"":""Campana"",""es"":""Campana"",""fr"":""Campana"",""ja"":""カンパーナ"",""it"":""Campana"",""zh-CN"":""坎帕纳"",""tr"":""Campana"",""ru"":""Кампана"",""uk"":""Кампана"",""pl"":""Kampana"",""hi"":""कैम्पाना"",""ar"":""كامبانا""}",2024-10-19T04:22:13,2025-12-02T16:59:27,1,Q857788
154329,Cañuelas,3656,B,11,AR,city,,,-35.15525400,-59.03069800,Cañuelas,70684,America/Argentina/Buenos_Aires,"{""br"":""Cañuelas"",""ko"":""카뉴엘라스"",""pt-BR"":""Cañuelas"",""pt"":""Cañuelas"",""nl"":""Cañuelas"",""hr"":""Cañuelas"",""fa"":""کانیوئلاس"",""de"":""Cañuelas"",""es"":""Cañuelas"",""fr"":""Cañuelas"",""ja"":""カニュエラス"",""it"":""Cañuelas"",""zh-CN"":""卡纽埃拉斯"",""tr"":""Cañuelas"",""ru"":""Каньюэлас"",""uk"":""Каньюелас"",""pl"":""Cañuelas"",""hi"":""कैनुएलस"",""ar"":""كانويلاس""}",2024-10-19T04:22:13,2025-12-02T16:59:27,1,Q370120
154330,Capitán Sarmiento,3656,B,11,AR,city,,,-34.14170660,-60.02221190,Capitán Sarmiento,13088,America/Argentina/Buenos_Aires,"{""br"":""Ar c'habiten Sarmiento"",""ko"":""카피탄 사르미엔토"",""pt-BR"":""Capitão Sarmiento"",""pt"":""Capitão Sarmiento"",""nl"":""Kapitein Sarmiento"",""hr"":""Kapetan Sarmiento"",""fa"":""کاپیتان سارمینتو"",""de"":""Kapitän Sarmiento"",""es"":""Capitán Sarmiento"",""fr"":""Capitaine Sarmiento"",""ja"":""カピタン・サルミエント"",""it"":""Capitan Sarmiento"",""zh-CN"":""萨米恩托上尉"",""tr"":""Kaptan Sarmiento"",""ru"":""Капитан Сармьенто"",""uk"":""Капітан Сарм'єнто"",""pl"":""Kapitan Sarmiento"",""hi"":""कैपिटान सरमिएंटो"",""ar"":""كابيتان سارمينتو""}",2024-10-19T04:22:13,2025-12-02T16:59:27,1,Q858225
154331,Carlos Casares,3656,B,11,AR,city,,,-35.72219790,-62.03779560,Carlos Casares,23204,America/Argentina/Buenos_Aires,"{""br"":""Carlos Casares"",""ko"":""카를로스 카사레스"",""pt-BR"":""Carlos Casares"",""pt"":""Carlos Casares"",""nl"":""Carlos Casares"",""hr"":""Carlos Casares"",""fa"":""کارلوس کاسارس"",""de"":""Carlos Casares"",""es"":""Carlos Casares"",""fr"":""Carlos Casares"",""ja"":""カルロス・カサレス"",""it"":""Carlos Casares"",""zh-CN"":""卡洛斯·卡萨雷斯"",""tr"":""Carlos Casares"",""ru"":""Карлос Касарес"",""uk"":""Карлос Касарес"",""pl"":""Carlos Casares"",""hi"":""कार्लोस कैसरेस"",""ar"":""كارلوس كاساريس""}",2024-10-19T04:22:13,2025-12-02T16:59:27,1,Q858587
154332,Carlos Tejedor,3656,B,11,AR,city,,,-35.39445380,-63.06241220,Carlos Tejedor,,America/Argentina/Buenos_Aires,"{""br"":""Carlos Tejedor"",""ko"":""카를로스 테헤도르"",""pt-BR"":""Carlos Tejedor"",""pt"":""Carlos Tejedor"",""nl"":""Carlos Tejedor"",""hr"":""Carlos Tejedor"",""fa"":""کارلوس تجدور"",""de"":""Carlos Tejedor"",""es"":""Carlos Tejedor"",""fr"":""Carlos Tejedor"",""ja"":""カルロス・テジェドール"",""it"":""Carlos Tejedor"",""zh-CN"":""卡洛斯·特杰多尔"",""tr"":""Carlos Tejedor"",""ru"":""Карлос Техедор"",""uk"":""Карлос Техедор"",""pl"":""Carlos Tejedor"",""hi"":""कार्लोस तेजेडोर"",""ar"":""كارلوس تيخيدور""}",2024-10-19T04:22:13,2025-12-02T16:59:27,1,Q858617
154333,Carmen de Areco,3656,B,11,AR,city,,,-34.41836420,-60.23786820,Carmen de Areco,,America/Argentina/Buenos_Aires,"{""br"":""Carmen de Areco"",""ko"":""카르멘 데 아레코"",""pt-BR"":""Carmen de Areco"",""pt"":""Carmen de Areco"",""nl"":""Carmen de Areco"",""hr"":""Carmen de Areco"",""fa"":""کارمن د آرکو"",""de"":""Carmen de Areco"",""es"":""Carmen de Areco"",""fr"":""Carmen de Areco"",""ja"":""カルメン・デ・アレコ"",""it"":""Carmen de Areco"",""zh-CN"":""卡门·德·阿雷科"",""tr"":""Carmen de Areco"",""ru"":""Кармен де Ареко"",""uk"":""Кармен де Ареко"",""pl"":""Carmen de Areco"",""hi"":""कारमेन डी अरेको"",""ar"":""كارمن دي أريكو""}",2024-10-19T04:22:13,2025-12-02T16:59:27,1,Q858650
154334,Castelli,3656,B,11,AR,city,,,-36.01838980,-57.98088650,Castelli,6859,America/Argentina/Buenos_Aires,"{""br"":""Castelli"",""ko"":""카스텔리"",""pt-BR"":""Castelli"",""pt"":""Castelli"",""nl"":""Castelli"",""hr"":""Castelli"",""fa"":""کاستلی"",""de"":""Castelli"",""es"":""Castelli"",""fr"":""Castelli"",""ja"":""カステリ"",""it"":""Castelli"",""zh-CN"":""卡斯特利"",""tr"":""Castelli"",""ru"":""Кастелли"",""uk"":""Кастеллі"",""pl"":""Castelli"",""hi"":""कास्टेली"",""ar"":""كاستيلي""}",2024-10-19T04:22:13,2025-12-02T16:59:27,1,Q510285
154335,Chacabuco,3656,B,11,AR,city,,,-34.63340080,-60.65114680,Chacabuco,34587,America/Argentina/Buenos_Aires,"{""br"":""Chacabuco"",""ko"":""차카부코"",""pt-BR"":""Chacabuco"",""pt"":""Chacabuco"",""nl"":""Chacabuco"",""hr"":""Chacabuco"",""fa"":""چاکابوکو"",""de"":""Chacabuco"",""es"":""Chacabuco"",""fr"":""Chacabuco"",""ja"":""チャカブコ"",""it"":""Chacabuco"",""zh-CN"":""查卡布科"",""tr"":""Chacabuco"",""ru"":""Чакабуко"",""uk"":""Чакабуко"",""pl"":""Chacabuco"",""hi"":""चाकाबुको"",""ar"":""تشاكابوكو""}",2024-10-19T04:22:13,2025-12-02T16:59:27,1,Q859886
154336,Chascomús,3656,B,11,AR,city,,,-35.59543280,-58.56002660,Chascomús,47524,America/Argentina/Buenos_Aires,"{""br"":""Chascomús"",""ko"":""차스코무스"",""pt-BR"":""Chascomús"",""pt"":""Chascomús"",""nl"":""Chascomús"",""hr"":""Chascomús"",""fa"":""چاسکوموس"",""de"":""Chascomús"",""es"":""Chascomús"",""fr"":""Chascomús"",""ja"":""チャスコムス"",""it"":""Chascomús"",""zh-CN"":""查斯科穆斯"",""tr"":""Chascomús"",""ru"":""Часкомус"",""uk"":""Часкомус"",""pl"":""Chascomús"",""hi"":""Chascomus"",""ar"":""تشاسكوموس""}",2024-10-19T04:22:13,2025-12-02T16:59:27,1,Q860350
154337,Chivilcoy,3656,B,11,AR,adm2,,,-34.90790700,-60.28432600,Chivilcoy,54514,America/Argentina/Buenos_Aires,"{""br"":""Chivilcoy"",""ko"":""치빌코이"",""pt-BR"":""Chivilcoy"",""pt"":""Chivilcoy"",""nl"":""Chivilcoy"",""hr"":""Chivilcoy"",""fa"":""چیویلکوی"",""de"":""Chivilcoy"",""es"":""Chivilcoy"",""fr"":""Chivilcoy"",""ja"":""チビルコイ"",""it"":""Chivilcoy"",""zh-CN"":""奇维尔科伊"",""tr"":""Chivilcoy"",""ru"":""Чивилкой"",""uk"":""Чівілкой"",""pl"":""Chivilcoy"",""hi"":""चिविलकॉय"",""ar"":""تشيفيلكوي""}",2024-10-19T04:22:13,2025-12-02T17:11:50,1,Q860848
154338,Colón,3656,B,11,AR,city,,,-33.85225870,-61.40124400,Colon,58219,America/Argentina/Buenos_Aires,"{""br"":""Colón"",""ko"":""콜론"",""pt-BR"":""Cólon"",""pt"":""Cólon"",""nl"":""Dubbele punt"",""hr"":""Debelo crijevo"",""fa"":""کولون"",""de"":""Doppelpunkt"",""es"":""Colon"",""fr"":""Côlon"",""ja"":""結腸"",""it"":""Colon"",""zh-CN"":""冒号"",""tr"":""Kolon"",""ru"":""Колон"",""uk"":""Колон"",""pl"":""Okrężnica"",""hi"":""कोलन"",""ar"":""كولون""}",2024-10-19T04:22:13,2025-12-02T16:59:27,1,Q692762
154339,Coronel Dorrego,3656,B,11,AR,city,,,-38.64031010,-61.77287250,Coronel Dorrego,11510,America/Argentina/Buenos_Aires,"{""br"":""Ar c'horonal Dorrego"",""ko"":""코로넬 도레고"",""pt-BR"":""Coronel Dorrego"",""pt"":""Coronel Dorrego"",""nl"":""Coronel Dorrego"",""hr"":""Pukovnik Dorrego"",""fa"":""کورونل دورگو"",""de"":""Coronel Dorrego"",""es"":""Coronel Dorrego"",""fr"":""Colonel Dorrego"",""ja"":""コロネル・ドレーゴ"",""it"":""Colonnello Dorrego"",""zh-CN"":""多雷戈上校"",""tr"":""Albay Dorrego"",""ru"":""Коронель Доррего"",""uk"":""Коронель Доррего"",""pl"":""Pułkownik Dorrego"",""hi"":""कोरोनेल डोर्रेगो"",""ar"":""كورونيل دوريغو""}",2024-10-19T04:22:13,2025-12-02T16:59:27,1,Q869191
154340,Coronel Pringles,3656,B,11,AR,city,,,-38.16604130,-61.89518000,Coronel Pringles,16049,America/Argentina/Buenos_Aires,"{""br"":""Ar c'horonal Pringles"",""ko"":""코로넬 프링글스"",""pt-BR"":""Coronel Pringles"",""pt"":""Coronel Pringles"",""nl"":""Coronel Pringles"",""hr"":""Pukovnik Pringles"",""fa"":""کورونل پرینگلز"",""de"":""Coronel Pringles"",""es"":""Coronel Pringles"",""fr"":""Colonel Pringles"",""ja"":""コロネル・プリングルズ"",""it"":""Coronel Pringles"",""zh-CN"":""普林格尔上校"",""tr"":""Albay Pringles"",""ru"":""Полковник Принглс"",""uk"":""Коронель Прінглз"",""pl"":""Koroner Pringles"",""hi"":""कोरोनेल प्रिंगल्स"",""ar"":""كورونيل برينجلز""}",2024-10-19T04:22:13,2025-12-02T16:59:27,1,Q585345
154341,Coronel Rosales,3656,B,11,AR,city,,,-38.81492060,-62.14727610,Coronel Rosales,,America/Argentina/Buenos_Aires,"{""br"":""Ar c'horonal Rosales"",""ko"":""코로넬 로살레스"",""pt-BR"":""Coronel Rosales"",""pt"":""Coronel Rosales"",""nl"":""Coronel Rosales"",""hr"":""Pukovnik Rosales"",""fa"":""کورونل روزالس"",""de"":""Coronel Rosales"",""es"":""Coronel Rosales"",""fr"":""Colonel Rosales"",""ja"":""コロネル・ロサレス"",""it"":""Coronel Rosales"",""zh-CN"":""罗萨莱斯上校"",""tr"":""Albay Rosales"",""ru"":""Коронель Росалес"",""uk"":""Коронель Росалес"",""pl"":""Koroner Rosales"",""hi"":""कोरोनेल रोसेल्स"",""ar"":""كورونيل روزاليس""}",2024-10-19T04:22:13,2025-12-02T16:59:27,1,Q653605
154342,Coronel Suárez,3656,B,11,AR,city,,,-37.53029820,-63.25323390,Coronel Suárez,42276,America/Argentina/Buenos_Aires,"{""br"":""Ar c'horonal Suárez"",""ko"":""코로넬 수아레스"",""pt-BR"":""Coronel Suárez"",""pt"":""Coronel Suárez"",""nl"":""Coronel Suárez"",""hr"":""Pukovnik Suárez"",""fa"":""کورونل سوارز"",""de"":""Coronel Suárez"",""es"":""Coronel Suárez"",""fr"":""Colonel Suárez"",""ja"":""コロネル・スアレス"",""it"":""Colonnello Suárez"",""zh-CN"":""苏亚雷斯上校"",""tr"":""Albay Suárez"",""ru"":""Коронель Суарес"",""uk"":""Коронель Суарес"",""pl"":""Pułkownik Suarez"",""hi"":""कोरोनेल सुआरेज़"",""ar"":""كورونيل سواريز""}",2024-10-19T04:22:13,2025-12-02T16:59:27,1,Q269509
154343,Daireaux,3656,B,11,AR,city,,,-36.61930860,-62.52352980,Lechero,0,America/Argentina/Buenos_Aires,"{""br"":""Daireaux"",""ko"":""다이로"",""pt-BR"":""Daireaux"",""pt"":""Daireaux"",""nl"":""Daireaux"",""hr"":""Daireaux"",""fa"":""دایرو"",""de"":""Daireaux"",""es"":""Daireaux"",""fr"":""Daireaux"",""ja"":""ダイロー"",""it"":""Daireaux"",""zh-CN"":""戴罗"",""tr"":""Daireaux"",""ru"":""Дэро"",""uk"":""Дейро"",""pl"":""Daireaux"",""hi"":""डेरेउक्स"",""ar"":""ديروكس""}",2024-10-19T04:22:13,2025-12-02T16:59:27,1,Q901248
154344,Dolores,3656,B,11,AR,city,,,-36.41467360,-58.32462490,Dolores,25940,America/Argentina/Buenos_Aires,"{""br"":""Dolores"",""ko"":""돌로레스"",""pt-BR"":""Dolores"",""pt"":""Dolores"",""nl"":""Dolores"",""hr"":""Dolores"",""fa"":""دولورس"",""de"":""Dolores"",""es"":""Dolores"",""fr"":""Dolorès"",""ja"":""ドロレス"",""it"":""Dolores"",""zh-CN"":""多洛雷斯"",""tr"":""Dolores"",""ru"":""Долорес"",""uk"":""Долорес"",""pl"":""Dolores"",""hi"":""डोलोरेस"",""ar"":""دولوريس""}",2024-10-19T04:22:13,2025-12-02T16:59:27,1,Q633321
154345,Ensenada,3656,B,11,AR,city,,,-34.84156190,-58.06269460,Ensenada,0,America/Argentina/Buenos_Aires,"{""br"":""Ensenada"",""ko"":""엔세나다"",""pt-BR"":""Ensenada"",""pt"":""Ensenada"",""nl"":""Ensenada"",""hr"":""Ensenada"",""fa"":""انسنادا"",""de"":""Ensenada"",""es"":""Ensenada"",""fr"":""Ensenada"",""ja"":""エンセナダ"",""it"":""Ensenada"",""zh-CN"":""恩塞纳达"",""tr"":""Ensenada"",""ru"":""Энсенада"",""uk"":""Енсенада"",""pl"":""Ensenada"",""hi"":""एनसेनडा"",""ar"":""إنسينادا""}",2024-10-19T04:22:13,2025-12-02T16:59:27,1,Q768431
154346,Escobar,3656,B,11,AR,city,,,-34.34251230,-58.93997620,Escobar,,America/Argentina/Buenos_Aires,"{""br"":""Escobar"",""ko"":""에스코바르"",""pt-BR"":""Escobar"",""pt"":""Escobar"",""nl"":""Escobar"",""hr"":""Escobar"",""fa"":""اسکوبار"",""de"":""Escobar"",""es"":""Escobar"",""fr"":""Escobar"",""ja"":""エスコバル"",""it"":""Escobar"",""zh-CN"":""埃斯科瓦尔"",""tr"":""Escobar"",""ru"":""Эскобар"",""uk"":""Ескобар"",""pl"":""Escobar"",""hi"":""एस्कोबार"",""ar"":""إسكوبار""}",2024-10-19T04:22:13,2025-12-02T16:59:27,1,Q991287
154347,Esteban Echeverríar,3656,B,11,AR,city,,,-34.82406180,-58.63358570,Esteban Echeverríar,,America/Argentina/Buenos_Aires,"{""br"":""Esteban Echeverríar"",""ko"":""에스테반 에체베리아르"",""pt-BR"":""Esteban Echeverríar"",""pt"":""Esteban Echeverríar"",""nl"":""Esteban Echeverríar"",""hr"":""Esteban Echeverríar"",""fa"":""استبان اچوریار"",""de"":""Esteban Echeverríar"",""es"":""Esteban Echeverría"",""fr"":""Esteban Echeverríar"",""ja"":""エステバン・エチェベリアール"",""it"":""Esteban Echeverríar"",""zh-CN"":""埃斯特班·埃切维里亚尔"",""tr"":""Esteban Echeverríar"",""ru"":""Эстебан Эчеверриар"",""uk"":""Естебан Ечеверріар"",""pl"":""Esteban Echeverríar"",""hi"":""एस्टेबन एचेवेरियार"",""ar"":""إستيبان إيشيفيرير""}",2024-10-19T04:22:13,2025-12-02T17:11:50,1,Q1685960
154348,Exaltación de la Cruz,3656,B,11,AR,city,,,-34.31228650,-59.31295630,Exaltación de la Cruz,,America/Argentina/Buenos_Aires,"{""br"":""Uhel ar C'hroaz"",""ko"":""Exaltación de la Cruz"",""pt-BR"":""Exaltação da Cruz"",""pt"":""Exaltação da Cruz"",""nl"":""Exaltación de la Cruz"",""hr"":""Uzvišenje Cruza"",""fa"":""تعالی د لا کروز"",""de"":""Exaltación de la Cruz"",""es"":""Exaltación de la Cruz"",""fr"":""Exaltation de la Croix"",""ja"":""Exaltación de la Cruz"",""it"":""Esaltación de la Cruz"",""zh-CN"":""十字架的颂扬"",""tr"":""Exaltación de la Cruz"",""ru"":""Exaltación de la Cruz"",""uk"":""Піднесення Круса"",""pl"":""Exaltación de la Cruz"",""hi"":""Exaltación de la Cruz"",""ar"":""Exaltación de la Cruz""}",2024-10-19T04:22:13,2025-12-02T16:59:27,1,Q253247
154349,Ezeiza,3656,B,11,AR,adm2,,,-34.87357520,-58.73505670,Ezeiza,160219,America/Argentina/Buenos_Aires,"{""br"":""Ezeiza"",""ko"":""에제이자"",""pt-BR"":""Ezeiza"",""pt"":""Ezeiza"",""nl"":""Ezeiza"",""hr"":""Ezeiza"",""fa"":""ایزیزا"",""de"":""Ezeiza"",""es"":""Ezeiza"",""fr"":""Ezeiza"",""ja"":""エセイサ"",""it"":""Ezeiza"",""zh-CN"":""埃塞萨"",""tr"":""Ezeiza"",""ru"":""Эсейса"",""uk"":""Езейза"",""pl"":""Ezeiza"",""hi"":""Ezeiza"",""ar"":""إيزيزا""}",2024-10-19T04:22:13,2025-12-02T17:11:50,1,Q2510045
154350,Florencio Varela,3656,B,11,AR,section,,,-34.88873210,-58.42115210,Florencio Varela,146704,America/Argentina/Buenos_Aires,"{""br"":""Florencio Varela"",""ko"":""플로렌시오 바렐라"",""pt-BR"":""Florêncio Varela"",""pt"":""Florêncio Varela"",""nl"":""Florencio Varela"",""hr"":""Florencio Varela"",""fa"":""فلورنسیو وارلا"",""de"":""Florencio Varela"",""es"":""Florencio Varela"",""fr"":""Florencio Varela"",""ja"":""フロレンシオ・ヴァレラ"",""it"":""Florencio Varela"",""zh-CN"":""弗洛伦西奥·瓦雷拉"",""tr"":""Florencio Varela"",""ru"":""Флоренсио Варела"",""uk"":""Флоренсіо Варела"",""pl"":""Florencio Varela"",""hi"":""फ्लोरेंसियो वरेला"",""ar"":""فلورنسيو فاريلا""}",2024-10-19T04:22:13,2025-12-02T17:11:50,1,Q2621603
154351,Florentino Ameghino,3656,B,11,AR,city,,,-34.88624610,-62.70302560,Florentino Ameghino,1979,America/Argentina/Buenos_Aires,"{""br"":""Florentino Ameghino"",""ko"":""플로렌티노 아메기노"",""pt-BR"":""Florentino Ameghino"",""pt"":""Florentino Ameghino"",""nl"":""Florentino Ameghino"",""hr"":""Florentino Ameghino"",""fa"":""فلورنتینو آمگینو"",""de"":""Florentino Ameghino"",""es"":""Florentino Ameghino"",""fr"":""Florentino Ameghino"",""ja"":""フロレンティーノ・アメーギーノ"",""it"":""Florentino Ameghino"",""zh-CN"":""弗洛伦蒂诺·阿梅吉诺"",""tr"":""Florentino Ameghino"",""ru"":""Флорентино Амегино"",""uk"":""Флорентіно Амегіно"",""pl"":""Florentino Ameghino"",""hi"":""फ्लोरेंटिनो अमेघिनो"",""ar"":""فلورنتينو أميغينو""}",2024-10-19T04:22:13,2025-12-02T16:59:27,1,Q970548
154352,General Alvarado,3656,B,11,AR,city,,,-38.19975330,-58.38977980,General Alvarado,,America/Argentina/Buenos_Aires,"{""br"":""Ar jeneral Alvarado"",""ko"":""알바라도 장군"",""pt-BR"":""General Alvarado"",""pt"":""General Alvarado"",""nl"":""Generaal Alvarado"",""hr"":""General Alvarado"",""fa"":""ژنرال آلوارادو"",""de"":""General Alvarado"",""es"":""General Alvarado"",""fr"":""Général Alvarado"",""ja"":""アルバラード将軍"",""it"":""Generale Alvarado"",""zh-CN"":""阿尔瓦拉多将军"",""tr"":""General Alvarado"",""ru"":""Генерал Альварадо"",""uk"":""Генерал Альварадо"",""pl"":""Generał Alvarado"",""hi"":""जनरल अल्वाराडो"",""ar"":""الجنرال ألفارادو""}",2024-10-19T04:22:13,2025-12-02T16:59:27,1,Q240441
154353,General Alvear,3656,B,11,AR,city,,,-36.03836820,-60.76716020,General Alvear,1431,America/Argentina/Buenos_Aires,"{""br"":""Jeneral Alvear"",""ko"":""알베아르 장군"",""pt-BR"":""General Alvear"",""pt"":""General Alvear"",""nl"":""Generaal Alvear"",""hr"":""General Alvear"",""fa"":""ژنرال آلویر"",""de"":""General Alvear"",""es"":""General Alvear"",""fr"":""Général Alvear"",""ja"":""アルベアル将軍"",""it"":""Generale Alvear"",""zh-CN"":""阿尔维亚尔将军"",""tr"":""General Alvear"",""ru"":""Генерал Альвеар"",""uk"":""Генерал Альвеар"",""pl"":""Generał Alvear"",""hi"":""जनरल अल्वियर"",""ar"":""الجنرال ألفيار""}",2024-10-19T04:22:13,2025-12-02T16:59:27,1,Q944419
154354,General Arenales,3656,B,11,AR,city,,,-34.23810350,-61.61258250,General Arenales,4321,America/Argentina/Buenos_Aires,"{""br"":""Arenales hollek"",""ko"":""일반 아레날레스"",""pt-BR"":""General Arenales"",""pt"":""General Arenales"",""nl"":""Generaal Arenales"",""hr"":""Opći Arenales"",""fa"":""ژنرال آرنالس"",""de"":""General Arenales"",""es"":""General Arenales"",""fr"":""Général Arenales"",""ja"":""アレナレス将軍"",""it"":""Generale Arenales"",""zh-CN"":""阿雷纳莱斯将军"",""tr"":""General Arenales"",""ru"":""Генерал Ареналес"",""uk"":""Генерал Ареналес"",""pl"":""Generał Arenales"",""hi"":""जनरल एरेनालेस"",""ar"":""الجنرال أريناليس""}",2024-10-19T04:22:13,2025-12-02T17:11:50,1,Q1009107
154355,General Belgrano,3656,B,11,AR,city,,,-35.84190100,-59.04535800,General Belgrano,12807,America/Argentina/Buenos_Aires,"{""br"":""Ar jeneral Belgrano"",""ko"":""벨그라노 장군"",""pt-BR"":""General Belgrano"",""pt"":""General Belgrano"",""nl"":""Generaal Belgrano"",""hr"":""General Belgrano"",""fa"":""ژنرال بلگرانو"",""de"":""General Belgrano"",""es"":""General Belgrano"",""fr"":""Général Belgrano"",""ja"":""ベルグラーノ将軍"",""it"":""Generale Belgrano"",""zh-CN"":""贝尔格拉诺将军"",""tr"":""General Belgrano"",""ru"":""Генерал Бельграно"",""uk"":""Генерал Белграно"",""pl"":""Generał Belgrano"",""hi"":""जनरल बेलग्रानो"",""ar"":""الجنرال بيلجرانو""}",2024-10-19T04:22:13,2025-12-02T16:59:27,1,Q1009113
154356,General Guido,3656,B,11,AR,city,,,-36.67376360,-58.63303620,General Guido,,America/Argentina/Buenos_Aires,"{""br"":""Jeneral Guido"",""ko"":""일반 귀도"",""pt-BR"":""General Guido"",""pt"":""General Guido"",""nl"":""Generaal Guido"",""hr"":""General Guido"",""fa"":""ژنرال گیدو"",""de"":""General Guido"",""es"":""General Guido"",""fr"":""Général Guido"",""ja"":""グイド将軍"",""it"":""Generale Guido"",""zh-CN"":""吉多将军"",""tr"":""General Guido"",""ru"":""Генерал Гвидо"",""uk"":""Генерал Гвідо"",""pl"":""Generał Guido"",""hi"":""जनरल गुइडो"",""ar"":""الجنرال غيدو""}",2024-10-19T04:22:13,2025-12-02T16:59:27,1,Q1009125
154357,General La Madrid,3656,B,11,AR,city,,,-37.39889560,-61.97377640,General La Madrid,11618,America/Argentina/Buenos_Aires,"{""br"":""Jeneral La Madrid"",""ko"":""라 마드리드 장군"",""pt-BR"":""General La Madrid"",""pt"":""General La Madrid"",""nl"":""Generaal La Madrid"",""hr"":""General La Madrid"",""fa"":""ژنرال لا مادرید"",""de"":""General La Madrid"",""es"":""General La Madrid"",""fr"":""Général La Madrid"",""ja"":""ジェネラル・ラ・マドリード"",""it"":""Generale La Madrid"",""zh-CN"":""马德里将军"",""tr"":""General La Madrid"",""ru"":""Генерал Ла Мадрид"",""uk"":""Генерал Ла Мадрид"",""pl"":""Generał La Madrid"",""hi"":""जनरल ला मैड्रिड"",""ar"":""الجنرال مدريد""}",2024-10-19T04:22:13,2025-12-02T16:59:27,1,Q1009130
154358,General Las Heras,3656,B,11,AR,city,,,-34.90931560,-59.32777060,General Las Heras,0,America/Argentina/Buenos_Aires,"{""br"":""Jeneral Las Heras"",""ko"":""라스 헤라스 장군"",""pt-BR"":""General Las Heras"",""pt"":""General Las Heras"",""nl"":""Generaal Las Heras"",""hr"":""General Las Heras"",""fa"":""ژنرال لاس هراس"",""de"":""General Las Heras"",""es"":""General Las Heras"",""fr"":""Général Las Heras"",""ja"":""ラス・ヘラス将軍"",""it"":""Generale Las Heras"",""zh-CN"":""拉斯·埃拉斯将军"",""tr"":""General Las Heras"",""ru"":""Генерал Лас Эрас"",""uk"":""Генерал Лас-Герас"",""pl"":""Generał Las Heras"",""hi"":""जनरल लास हेरास"",""ar"":""الجنرال لاس هيراس""}",2024-10-19T04:22:13,2025-12-02T16:59:27,1,Q1009139
154359,General Lavalle,3656,B,11,AR,city,,,-36.67005230,-57.67282310,General Lavalle,,America/Argentina/Buenos_Aires,"{""br"":""Jeneral Lavalle"",""ko"":""라발 장군"",""pt-BR"":""General Lavalle"",""pt"":""General Lavalle"",""nl"":""Generaal Lavalle"",""hr"":""General Lavalle"",""fa"":""ژنرال لاواله"",""de"":""General Lavalle"",""es"":""General Lavalle"",""fr"":""Général Lavalle"",""ja"":""ラヴァル将軍"",""it"":""Generale Lavalle"",""zh-CN"":""拉瓦列将军"",""tr"":""General Lavalle"",""ru"":""Генерал Лаваль"",""uk"":""Генерал Лаваль"",""pl"":""Generał Lavalle"",""hi"":""जनरल लावेल"",""ar"":""الجنرال لافال""}",2024-10-19T04:22:13,2025-12-02T16:59:27,1,Q1009144
154360,General Madariaga,3656,B,11,AR,adm2,,,-37.15579700,-57.90662040,General Madariaga,18089,America/Argentina/Buenos_Aires,"{""br"":""Ar jeneral Madariaga"",""ko"":""마다리아가 장군"",""pt-BR"":""General Madariaga"",""pt"":""General Madariaga"",""nl"":""Generaal Madariaga"",""hr"":""General Madariaga"",""fa"":""ژنرال ماداریاگا"",""de"":""General Madariaga"",""es"":""General Madariaga"",""fr"":""Général Madariaga"",""ja"":""マダリアガ将軍"",""it"":""Generale Madariaga"",""zh-CN"":""马达里亚加将军"",""tr"":""General Madariaga"",""ru"":""Генерал Мадариага"",""uk"":""Генерал Мадаріага"",""pl"":""Generał Madariaga"",""hi"":""जनरल मदारीगा"",""ar"":""الجنرال مادارياغا""}",2024-10-19T04:22:13,2025-12-02T17:11:50,1,Q1009146
154361,General Paz,3656,B,11,AR,city,,,-35.47363710,-58.69690130,General Paz,17020,America/Argentina/Buenos_Aires,"{""br"":""Jeneral Paz"",""ko"":""파스 장군"",""pt-BR"":""General Paz"",""pt"":""General Paz"",""nl"":""Generaal Paz"",""hr"":""General Paz"",""fa"":""ژنرال پاز"",""de"":""General Paz"",""es"":""General Paz"",""fr"":""Général Paz"",""ja"":""パズ将軍"",""it"":""Generale Paz"",""zh-CN"":""帕兹将军"",""tr"":""General Paz"",""ru"":""Генерал Пас"",""uk"":""Генерал Паз"",""pl"":""Generał Paz"",""hi"":""जनरल पाज़"",""ar"":""الجنرال باز""}",2024-10-19T04:22:13,2025-12-02T16:59:27,1,Q691166
154362,General Pinto,3656,B,11,AR,city,,,-34.68311120,-62.34048360,Pinto general,0,America/Argentina/Buenos_Aires,"{""br"":""Jeneral Pinto"",""ko"":""핀토 장군"",""pt-BR"":""General Pinto"",""pt"":""General Pinto"",""nl"":""Generaal Pinto"",""hr"":""General Pinto"",""fa"":""ژنرال پینتو"",""de"":""General Pinto"",""es"":""General Pinto"",""fr"":""Général Pinto"",""ja"":""ピント将軍"",""it"":""Generale Pinto"",""zh-CN"":""平托将军"",""tr"":""General Pinto"",""ru"":""Генерал Пинто"",""uk"":""Генерал Пінто"",""pl"":""Generał Pinto"",""hi"":""जनरल पिंटो"",""ar"":""الجنرال بينتو""}",2024-10-19T04:22:13,2025-12-02T16:59:27,1,Q1009156
154363,General Pueyrredón,3656,B,11,AR,city,,,-37.97153260,-58.11219280,General Pueyrredón,,America/Argentina/Buenos_Aires,"{""br"":""Ar jeneral Pueyrredon"",""ko"":""푸에이레돈 장군"",""pt-BR"":""General Pueyrredón"",""pt"":""General Pueyrredón"",""nl"":""Generaal Pueyrredón"",""hr"":""General Pueyrredón"",""fa"":""ژنرال پوئیردون"",""de"":""General Pueyrredón"",""es"":""General Pueyrredón"",""fr"":""Général Pueyrredón"",""ja"":""プエイレドン将軍"",""it"":""Generale Pueyrredón"",""zh-CN"":""普埃雷东将军"",""tr"":""General Pueyrredón"",""ru"":""Генерал Пуэйрредон"",""uk"":""Генерал Пуейрредон"",""pl"":""Generał Pueyrredón"",""hi"":""जनरल पुएरेडोन"",""ar"":""الجنرال بويريدون""}",2024-10-19T04:22:13,2025-12-02T16:59:27,1,Q671742
154364,General Rodríguez,3656,B,11,AR,city,,,-34.63970400,-59.16470220,General Rodríguez,85315,America/Argentina/Buenos_Aires,"{""br"":""Ar jeneral Rodríguez"",""ko"":""로드리게스 장군"",""pt-BR"":""General Rodríguez"",""pt"":""General Rodríguez"",""nl"":""Generaal Rodríguez"",""hr"":""General Rodríguez"",""fa"":""ژنرال رودریگز"",""de"":""General Rodríguez"",""es"":""General Rodríguez"",""fr"":""Général Rodriguez"",""ja"":""ロドリゲス将軍"",""it"":""Generale Rodríguez"",""zh-CN"":""罗德里格斯将军"",""tr"":""General Rodriguez"",""ru"":""Генерал Родригес"",""uk"":""Генерал Родрігес"",""pl"":""Generał Rodríguez"",""hi"":""जनरल रोड्रिग्ज़"",""ar"":""الجنرال رودريغيز""}",2024-10-19T04:22:13,2025-12-02T16:59:27,1,Q1009163
154365,General San Martín,3656,B,11,AR,city,,,-34.54379540,-58.64700250,General San Martín,2846,America/Argentina/Buenos_Aires,"{""br"":""Jeneral San Martín"",""ko"":""산 마르틴 장군"",""pt-BR"":""General San Martín"",""pt"":""General San Martín"",""nl"":""Generaal San Martín"",""hr"":""General San Martín"",""fa"":""ژنرال سن مارتین"",""de"":""General San Martín"",""es"":""General San Martín"",""fr"":""Général San Martín"",""ja"":""サン・マルティン将軍"",""it"":""Generale San Martín"",""zh-CN"":""圣马丁将军"",""tr"":""General San Martin"",""ru"":""Генерал Сан Мартин"",""uk"":""Генерал Сан-Мартін"",""pl"":""Generał San Martín"",""hi"":""जनरल सैन मार्टिन"",""ar"":""الجنرال سان مارتن""}",2024-10-19T04:22:13,2025-12-02T17:11:50,1,Q2157253
154366,General Viamonte,3656,B,11,AR,city,,,-34.97753020,-61.40151400,General Viamonte,,America/Argentina/Buenos_Aires,"{""br"":""Jeneral Viamonte"",""ko"":""비아몬테 장군"",""pt-BR"":""General Viamonte"",""pt"":""General Viamonte"",""nl"":""Generaal Viamonte"",""hr"":""General Viamonte"",""fa"":""ژنرال ویامونته"",""de"":""General Viamonte"",""es"":""General Viamonte"",""fr"":""Général Viamonte"",""ja"":""ヴィアモンテ将軍"",""it"":""Generale Viamonte"",""zh-CN"":""维亚蒙特将军"",""tr"":""General Viamonte"",""ru"":""Генерал Виамонте"",""uk"":""Генерал Віамонте"",""pl"":""Generał Viamonte"",""hi"":""जनरल वियामोंटे"",""ar"":""الجنرال فيامونتي""}",2024-10-19T04:22:13,2025-12-02T17:11:50,1,Q644027
154367,General Villegas,3656,B,11,AR,city,,,-34.87360000,-63.48656420,General Villegas,16270,America/Argentina/Buenos_Aires,"{""br"":""Jeneral Villegas"",""ko"":""빌레가스 장군"",""pt-BR"":""General Villegas"",""pt"":""General Villegas"",""nl"":""Generaal Villegas"",""hr"":""General Villegas"",""fa"":""ژنرال ویلگاس"",""de"":""General Villegas"",""es"":""General Villegas"",""fr"":""Général Villegas"",""ja"":""ビジェガス将軍"",""it"":""Generale Villegas"",""zh-CN"":""维勒加斯将军"",""tr"":""General Villegas"",""ru"":""Генерал Вильегас"",""uk"":""Генерал Вільєгас"",""pl"":""Generał Villegas"",""hi"":""जनरल विलेगास"",""ar"":""الجنرال فيليجاس""}",2024-10-19T04:22:13,2025-12-02T16:59:27,1,Q604640
154368,Guaminí,3656,B,11,AR,city,,,-36.89982740,-63.07273400,Guaminí,3900,America/Argentina/Buenos_Aires,"{""br"":""Guaminí"",""ko"":""과미니"",""pt-BR"":""Guaminí"",""pt"":""Guaminí"",""nl"":""Guaminí"",""hr"":""Guaminí"",""fa"":""گوامینی"",""de"":""Guaminí"",""es"":""Guaminí"",""fr"":""Guaminí"",""ja"":""グアミニ"",""it"":""Guaminí"",""zh-CN"":""瓜米尼"",""tr"":""Guaminí"",""ru"":""Гуамини"",""uk"":""Гуаміні"",""pl"":""Guaminí"",""hi"":""गुआमिनी"",""ar"":""غواميني""}",2024-10-19T04:22:13,2025-12-02T16:59:27,1,Q1028493
154369,Hipólito Yrigoyen,3656,B,11,AR,city,,,-36.27101580,-61.98866530,Hipólito Yrigoyen,0,America/Argentina/Buenos_Aires,"{""br"":""Hipólito Yrigoyen"",""ko"":""히폴리토 이리고옌"",""pt-BR"":""Hipólito Yrigoyen"",""pt"":""Hipólito Yrigoyen"",""nl"":""Hipólito Yrigoyen"",""hr"":""Hipólito Yrigoyen"",""fa"":""هیپولیتو یریگوین"",""de"":""Hipólito Yrigoyen"",""es"":""Hipólito Yrigoyen"",""fr"":""Hipólito Yrigoyen"",""ja"":""イポリト・イリゴイエン"",""it"":""Hipólito Yrigoyen"",""zh-CN"":""伊波利托·伊里戈延"",""tr"":""Hipólito Yrigoyen"",""ru"":""Иполито Иригойен"",""uk"":""Іполіто Ірігойен"",""pl"":""Hipólito Yrigoyen"",""hi"":""हिपोलिटो य्रिगोयेन"",""ar"":""هيبوليتو يريغوين""}",2024-10-19T04:22:13,2025-12-02T16:59:27,1,Q935606
154370,Hurlingham,3656,B,11,AR,city,,,-34.59796270,-58.69618060,Hurlingham,61988,America/Argentina/Buenos_Aires,"{""br"":""Hurlingham"",""ko"":""헐링엄"",""pt-BR"":""Hurlingham"",""pt"":""Hurlingham"",""nl"":""Hurlingham"",""hr"":""Hurlingham"",""fa"":""هورلینگهام"",""de"":""Hurlingham"",""es"":""Hurlingham"",""fr"":""Hurlingham"",""ja"":""ハーリンガム"",""it"":""Hurlingham"",""zh-CN"":""赫林汉姆"",""tr"":""Hurlingham"",""ru"":""Херлингем"",""uk"":""Герлінгем"",""pl"":""Hurlingham"",""hi"":""Hurlingham"",""ar"":""هيرلينغهام""}",2024-10-19T04:22:13,2025-12-02T17:11:50,1,Q2514038
154371,Ituzaingó,3656,B,11,AR,city,,,-34.63969570,-58.77365750,Ituzaingó,19575,America/Argentina/Buenos_Aires,"{""br"":""Ituzaingó"",""ko"":""이투자잉고"",""pt-BR"":""Ituzaingó"",""pt"":""Ituzaingó"",""nl"":""Ituzaingó"",""hr"":""Ituzaingó"",""fa"":""ایتوزاینگو"",""de"":""Ituzaingó"",""es"":""Ituzaingó"",""fr"":""Ituzaingó"",""ja"":""イトゥザインゴ"",""it"":""Ituzaingó"",""zh-CN"":""伊图萨因戈"",""tr"":""Ituzaingó"",""ru"":""Итузаинго"",""uk"":""Ітузаїнго"",""pl"":""Ituzaingó"",""hi"":""इतुज़ाइंगो"",""ar"":""إيتوزاينغو""}",2024-10-19T04:22:13,2025-12-02T16:59:27,1,Q2713086
154372,José C. Paz,3656,B,11,AR,adm2,,,-34.50433760,-58.85464360,José C. Paz,216637,America/Argentina/Buenos_Aires,"{""br"":""José C. Paz"",""ko"":""호세 C. 파스"",""pt-BR"":""José C. Paz"",""pt"":""José C. Paz"",""nl"":""José C. Paz"",""hr"":""José C. Paz"",""fa"":""خوزه سی. پاز"",""de"":""José C. Paz"",""es"":""José C. Paz"",""fr"":""José C. Paz"",""ja"":""ホセ・C・パス"",""it"":""José C. Paz"",""zh-CN"":""何塞·C·帕斯"",""tr"":""José C. Paz"",""ru"":""Хосе С. Пас"",""uk"":""Хосе К. Пас"",""pl"":""José C. Paz"",""hi"":""जोस सी. पाज़"",""ar"":""خوسيه سي باز""}",2024-10-19T04:22:13,2025-12-02T17:11:50,1,Q2329785
154373,Junín,3656,B,11,AR,city,,,-34.54605770,-61.33077050,Junín,40361,America/Argentina/Buenos_Aires,"{""br"":""Junín"",""ko"":""후닌"",""pt-BR"":""Junín"",""pt"":""Junín"",""nl"":""Junín"",""hr"":""Junín"",""fa"":""جونین"",""de"":""Junin"",""es"":""Junín"",""fr"":""Junin"",""ja"":""フニン"",""it"":""Junín"",""zh-CN"":""胡宁"",""tr"":""Junín"",""ru"":""Хунин"",""uk"":""Хунін"",""pl"":""Junín"",""hi"":""जुनिन"",""ar"":""جونين""}",2024-10-19T04:22:13,2025-12-02T16:59:27,1,Q1038802
154374,La Costa,3656,B,11,AR,city,,,-36.66068710,-57.40162530,La Costa,,America/Argentina/Buenos_Aires,"{""br"":""La Costa"",""ko"":""라 코스타"",""pt-BR"":""A Costa"",""pt"":""A Costa"",""nl"":""De kust"",""hr"":""Costa"",""fa"":""لا کوستا"",""de"":""La Costa"",""es"":""La Costa"",""fr"":""La Costa"",""ja"":""ラコスタ"",""it"":""La Costa"",""zh-CN"":""拉科斯塔"",""tr"":""La Costa"",""ru"":""Ла Коста"",""uk"":""Ла Коста"",""pl"":""La Costa"",""hi"":""ला कोस्टा"",""ar"":""لا كوستا""}",2024-10-19T04:22:13,2025-12-02T16:59:27,1,Q1038912
154375,La Matanza,3656,B,11,AR,city,,,-34.77307590,-58.78266180,La Matanza,,America/Argentina/Buenos_Aires,"{""br"":""La Matanza"",""ko"":""라 마탄자"",""pt-BR"":""La Matanza"",""pt"":""La Matanza"",""nl"":""De Matanza"",""hr"":""La Matanza"",""fa"":""لا ماتانزا"",""de"":""La Matanza"",""es"":""La Matanza"",""fr"":""La Matanza"",""ja"":""ラ・マタンサ"",""it"":""La Matanza"",""zh-CN"":""拉马坦萨"",""tr"":""Matanza"",""ru"":""Ла Матанса"",""uk"":""Ла-Матанза"",""pl"":""La Matanza"",""hi"":""ला मटांज़ा"",""ar"":""لا ماتانزا""}",2024-10-19T04:22:13,2025-12-02T16:59:27,1,Q1308616
154376,La Plata,3656,B,11,AR,adm2,,,-34.70297680,-58.67985840,La Plata,193144,America/Argentina/Buenos_Aires,"{""br"":""La Plata"",""ko"":""라 플라타"",""pt-BR"":""La Plata"",""pt"":""La Plata"",""nl"":""La Plata"",""hr"":""La Plata"",""fa"":""لا پلاتا"",""de"":""La Plata"",""es"":""La Plata"",""fr"":""La Plata"",""ja"":""ラプラタ"",""it"":""La Plata"",""zh-CN"":""拉普拉塔"",""tr"":""La Plata"",""ru"":""Ла-Плата"",""uk"":""Ла-Плата"",""pl"":""La Plata"",""hi"":""ला प्लाटा"",""ar"":""لا بلاتا""}",2024-10-19T04:22:13,2025-12-02T17:11:50,1,Q260600
154377,Lanús,3656,B,11,AR,section,,,-34.70198040,-58.47261230,Lanús,459263,America/Argentina/Buenos_Aires,"{""br"":""Lanús"",""ko"":""라누스"",""pt-BR"":""Lanús"",""pt"":""Lanús"",""nl"":""Lanús"",""hr"":""Lanús"",""fa"":""لانوس"",""de"":""Lanús"",""es"":""Lanús"",""fr"":""Lanús"",""ja"":""ラヌス"",""it"":""Lanús"",""zh-CN"":""拉努斯"",""tr"":""Lanús"",""ru"":""Ланус"",""uk"":""Ланус"",""pl"":""Lanús"",""hi"":""लैनूस"",""ar"":""لانوس""}",2024-10-19T04:22:13,2025-12-02T17:11:50,1,Q730109
154378,Laprida,3656,B,11,AR,city,,,-37.49309250,-61.42308300,Laprida,8178,America/Argentina/Buenos_Aires,"{""br"":""Laprida"",""ko"":""라프리다"",""pt-BR"":""Láprida"",""pt"":""Láprida"",""nl"":""Laprida"",""hr"":""Laprida"",""fa"":""لاپریدا"",""de"":""Laprida"",""es"":""Laprida"",""fr"":""Laprida"",""ja"":""ラプリダ"",""it"":""Laprida"",""zh-CN"":""拉普里达"",""tr"":""Laprida"",""ru"":""Лаприда"",""uk"":""Лапріда"",""pl"":""Laprida"",""hi"":""लैप्रिडा"",""ar"":""لابريدا""}",2024-10-19T04:22:13,2025-12-02T16:59:27,1,Q1039006
154379,Las Flores,3656,B,11,AR,city,,,-36.01628740,-59.86327060,Las Flores,0,America/Argentina/Buenos_Aires,"{""br"":""Las Flores"",""ko"":""라스 플로레스"",""pt-BR"":""Las Flores"",""pt"":""Las Flores"",""nl"":""Las Flores"",""hr"":""Las Flores"",""fa"":""لاس فلورس"",""de"":""Las Flores"",""es"":""Las Flores"",""fr"":""Las Flores"",""ja"":""ラス・フローレス"",""it"":""Las Flores"",""zh-CN"":""拉斯弗洛雷斯"",""tr"":""Las Flores"",""ru"":""Лас-Флорес"",""uk"":""Лас-Флорес"",""pl"":""Las Flores"",""hi"":""लास फ्लोरेस"",""ar"":""لاس فلوريس""}",2024-10-19T04:22:13,2025-12-02T16:59:27,1,Q748639
154380,Leandro N. Alem,3656,B,11,AR,city,,,-34.49251120,-61.95923550,Leandro N. Alem,0,America/Argentina/Buenos_Aires,"{""br"":""Leandro N. Alem"",""ko"":""레안드로 N. 알렘"",""pt-BR"":""Leandro N. Alem"",""pt"":""Leandro N. Alem"",""nl"":""Leandro N. Alem"",""hr"":""Leandro N. Alem"",""fa"":""لئوناردو ن. آلم"",""de"":""Leandro N. Alem"",""es"":""Leandro N. Alem"",""fr"":""Leandro N. Alem"",""ja"":""レアンドロ・N・アレム"",""it"":""Leandro N. Alem"",""zh-CN"":""莱安德罗·N·阿莱姆"",""tr"":""Leandro N. Alem"",""ru"":""Леандро Н. Алем"",""uk"":""Леандро Н. Алем"",""pl"":""Leandro N. Alem"",""hi"":""लिएंड्रो एन. एलेम"",""ar"":""لياندرو ن. عالم""}",2024-10-19T04:22:13,2025-12-02T16:59:27,1,Q282918
154381,Lezama,3656,B,11,AR,adm2,,,-35.86369450,-58.15662470,Lezama,,America/Argentina/Buenos_Aires,"{""br"":""Lezama"",""ko"":""레자마"",""pt-BR"":""Lezama"",""pt"":""Lezama"",""nl"":""Lezama"",""hr"":""Lezama"",""fa"":""لزاما"",""de"":""Lezama"",""es"":""Lezama"",""fr"":""Lezama"",""ja"":""レサマ"",""it"":""Lezama"",""zh-CN"":""莱萨马"",""tr"":""Lezama"",""ru"":""Лезама"",""uk"":""Лезама"",""pl"":""Lezama"",""hi"":""लेज़ामा"",""ar"":""ليزاما""}",2024-10-19T04:22:13,2025-12-02T17:11:50,1,Q3366881
154382,Lincoln,3656,B,11,AR,city,,,-35.08589960,-62.35863070,Lincoln,41808,America/Argentina/Buenos_Aires,"{""br"":""Lincoln"",""ko"":""링컨"",""pt-BR"":""Lincoln"",""pt"":""Lincoln"",""nl"":""Lincoln"",""hr"":""Lincoln"",""fa"":""لینکلن"",""de"":""Lincoln"",""es"":""Lincoln"",""fr"":""Lincoln"",""ja"":""リンカーン"",""it"":""Lincoln"",""zh-CN"":""林肯"",""tr"":""Lincoln"",""ru"":""Линкольн"",""uk"":""Лінкольн"",""pl"":""Lincoln"",""hi"":""लिंकन"",""ar"":""لينكولن""}",2024-10-19T04:22:13,2025-12-02T16:59:27,1,Q632108
154383,Lobería,3656,B,11,AR,city,,,-38.06737520,-59.36333310,Lobería,0,America/Argentina/Buenos_Aires,"{""br"":""Lobería"",""ko"":""로베리아"",""pt-BR"":""Lobería"",""pt"":""Lobería"",""nl"":""Loberia"",""hr"":""Lobería"",""fa"":""لوبریا"",""de"":""Lobería"",""es"":""Lobería"",""fr"":""Loberia"",""ja"":""ロベリア"",""it"":""Lobería"",""zh-CN"":""洛贝里亚"",""tr"":""Loberia"",""ru"":""Лоберия"",""uk"":""Лоберія"",""pl"":""Loberia"",""hi"":""लोबेरिया"",""ar"":""لوبيريا""}",2024-10-19T04:22:13,2025-12-02T16:59:27,1,Q628370
154384,Lobos,3656,B,11,AR,city,,,-35.19779080,-59.51022420,Lóbulos,0,America/Argentina/Buenos_Aires,"{""br"":""Lobos"",""ko"":""로보스"",""pt-BR"":""Lobos"",""pt"":""Lobos"",""nl"":""Lobos"",""hr"":""Lobos"",""fa"":""لوبوس"",""de"":""Lobos"",""es"":""Lobos"",""fr"":""Loups"",""ja"":""ロボス"",""it"":""Lobos"",""zh-CN"":""洛博斯"",""tr"":""Lobos"",""ru"":""Лобос"",""uk"":""Лобос"",""pl"":""Lobos"",""hi"":""लोबोस"",""ar"":""لوبوس""}",2024-10-19T04:22:13,2025-12-02T16:59:27,1,Q1038822
154385,Lomas de Zamora,3656,B,11,AR,section,,,-34.75284350,-58.50112000,Lomas de Zamora,112580,America/Argentina/Buenos_Aires,"{""br"":""Lomas de Zamora"",""ko"":""로마스 데 사모라"",""pt-BR"":""Lomas de Zamora"",""pt"":""Lomas de Zamora"",""nl"":""Lomas de Zamora"",""hr"":""Lomas de Zamora"",""fa"":""لوماس دِ زامورا"",""de"":""Lomas de Zamora"",""es"":""Lomas de Zamora"",""fr"":""Lomas de Zamora"",""ja"":""ロマス・デ・サモラ"",""it"":""Lomas de Zamora"",""zh-CN"":""洛马斯·德·萨莫拉"",""tr"":""Lomas de Zamora"",""ru"":""Ломас де Самора"",""uk"":""Ломас-де-Самора"",""pl"":""Lomas de Zamora"",""hi"":""लोमास डी ज़मोरा"",""ar"":""لوماس دي زامورا""}",2024-10-19T04:22:13,2025-12-02T17:11:50,1,Q14638682
154386,Luján,3656,B,11,AR,city,,,-34.58755280,-59.47602840,Luján,97363,America/Argentina/Buenos_Aires,"{""br"":""Luján"",""ko"":""루잔"",""pt-BR"":""Luján"",""pt"":""Luján"",""nl"":""Luján"",""hr"":""Luján"",""fa"":""لوخان"",""de"":""Luján"",""es"":""Luján"",""fr"":""Lujan"",""ja"":""ルハン"",""it"":""Luján"",""zh-CN"":""卢汉"",""tr"":""Luján"",""ru"":""Лухан"",""uk"":""Лухан"",""pl"":""Luján"",""hi"":""लुजान"",""ar"":""لوجان""}",2024-10-19T04:22:13,2025-12-02T16:59:27,1,Q662536
154387,Magdalena,3656,B,11,AR,city,,,-35.18662720,-57.99943530,Magdalena,,America/Argentina/Buenos_Aires,"{""br"":""Madalena"",""ko"":""막달레나"",""pt-BR"":""Madalena"",""pt"":""Madalena"",""nl"":""Magdalena"",""hr"":""Magdalena"",""fa"":""ماگدالنا"",""de"":""Magdalena"",""es"":""Magdalena"",""fr"":""Madeleine"",""ja"":""マグダレナ"",""it"":""Maddalena"",""zh-CN"":""马格达莱娜"",""tr"":""Magdalena"",""ru"":""Магдалена"",""uk"":""Магдалена"",""pl"":""Magdalena"",""hi"":""मागदालेना"",""ar"":""ماجدالينا""}",2024-10-19T04:22:13,2025-12-02T16:59:27,1,Q1038813
154388,Maipú,3656,B,11,AR,city,,,-36.88401400,-58.25271870,Maipú,0,America/Argentina/Buenos_Aires,"{""br"":""Maipú"",""ko"":""마이푸"",""pt-BR"":""Maipú"",""pt"":""Maipú"",""nl"":""Maipú"",""hr"":""Maipú"",""fa"":""مایپو"",""de"":""Maipú"",""es"":""Maipú"",""fr"":""Maipu"",""ja"":""マイプ"",""it"":""Maipú"",""zh-CN"":""迈普"",""tr"":""Maipú"",""ru"":""Майпу"",""uk"":""Майпу"",""pl"":""Maipú"",""hi"":""माइपु"",""ar"":""مايبو""}",2024-10-19T04:22:13,2025-12-02T16:59:27,1,Q1039014
154389,Malvinas Argentinas,3656,B,11,AR,city,,,-34.48586020,-58.79796800,Malvinas Argentinas,12187,America/Argentina/Buenos_Aires,"{""br"":""Malvinas Arc'hantina"",""ko"":""말비나스 아르헨티나스"",""pt-BR"":""Malvinas Argentinas"",""pt"":""Malvinas Argentinas"",""nl"":""Malvinas Argentinas"",""hr"":""Malvini Argentinas"",""fa"":""مالویناس آرژانتیناس"",""de"":""Malvinas Argentinas"",""es"":""Malvinas Argentinas"",""fr"":""Malouines argentines"",""ja"":""マルビナス諸島"",""it"":""Malvinas Argentinas"",""zh-CN"":""马尔维纳斯群岛"",""tr"":""Malvinas Arjantin"",""ru"":""Мальвинские Аргентины"",""uk"":""Мальвінські острови Аргентинас"",""pl"":""Malwiny Argentyńskie"",""hi"":""माल्विनास अर्जेंटीनास"",""ar"":""جزر مالفيناس الأرجنتينية""}",2024-10-19T04:22:13,2025-12-02T16:59:27,1,Q2721011
154390,Mar Chiquita,3656,B,11,AR,city,,,-37.50980390,-58.30054500,Mar Chiquita,,America/Argentina/Buenos_Aires,"{""br"":""Mar Chiquita"",""ko"":""마르 치키타"",""pt-BR"":""Mar Chiquita"",""pt"":""Mar Chiquita"",""nl"":""Mar Chiquita"",""hr"":""Mar Chiquita"",""fa"":""مار چیکیتا"",""de"":""Mar Chiquita"",""es"":""Mar Chiquita"",""fr"":""Mar Chiquita"",""ja"":""マル・チキータ"",""it"":""Mar Chiquita"",""zh-CN"":""玛尔·奇基塔"",""tr"":""Mar Çikita"",""ru"":""Мар Чикита"",""uk"":""Мар Чікіта"",""pl"":""Mar Chiquita"",""hi"":""मार चिक्विटा"",""ar"":""مار تشيكيتا""}",2024-10-19T04:22:13,2025-12-02T16:59:27,1,Q1827027
154391,Marcos Paz,3656,B,11,AR,city,,,-34.82080690,-59.02873170,Marcos Paz,0,America/Argentina/Buenos_Aires,"{""br"":""Marcos Paz"",""ko"":""마르코스 파스"",""pt-BR"":""Marcos Paz"",""pt"":""Marcos Paz"",""nl"":""Marcos Paz"",""hr"":""Marcos Paz"",""fa"":""مارکوس پاز"",""de"":""Marcos Paz"",""es"":""Marcos Paz"",""fr"":""Marcos Paz"",""ja"":""マルコス・パス"",""it"":""Marcos Paz"",""zh-CN"":""马科斯·帕兹"",""tr"":""Marcos Paz"",""ru"":""Маркос Пас"",""uk"":""Маркос Паз"",""pl"":""Marcos Paz"",""hi"":""मार्कोस पाज़"",""ar"":""ماركوس باز""}",2024-10-19T04:22:13,2025-12-02T16:59:27,1,Q2622327
154392,Mercedes,3656,B,11,AR,city,,,-34.69878490,-59.77191470,Mercedes,30649,America/Argentina/Buenos_Aires,"{""br"":""Mercedes"",""ko"":""메르세데스"",""pt-BR"":""Mercedes"",""pt"":""Mercedes"",""nl"":""Mercedes"",""hr"":""mercedes"",""fa"":""مرسدس"",""de"":""Mercedes"",""es"":""Mercedes"",""fr"":""Mercedes"",""ja"":""メルセデス"",""it"":""Mercedes"",""zh-CN"":""梅赛德斯"",""tr"":""Mercedes"",""ru"":""Мерседес"",""uk"":""Мерседес"",""pl"":""Mercedes"",""hi"":""मर्सिडीज"",""ar"":""مرسيدس""}",2024-10-19T04:22:13,2025-12-02T16:59:27,1,Q2348421
154393,Merlo,3656,B,11,AR,city,,,-34.70657840,-58.83276710,Merlo,244168,America/Argentina/Buenos_Aires,"{""br"":""Merlo"",""ko"":""메를로"",""pt-BR"":""Merlo"",""pt"":""Merlo"",""nl"":""Merlo"",""hr"":""Merlo"",""fa"":""مرلو"",""de"":""Merlo"",""es"":""Merlo"",""fr"":""Merlo"",""ja"":""メルロ"",""it"":""Merlo"",""zh-CN"":""梅洛"",""tr"":""Merlo"",""ru"":""Мерло"",""uk"":""Мерло"",""pl"":""Merlo"",""hi"":""मेरलो"",""ar"":""ميرلو""}",2024-10-19T04:22:13,2025-12-02T16:59:27,1,Q1239732
154394,Monte,3656,B,11,AR,city,,,-35.49862290,-59.12519800,Monte,,America/Argentina/Buenos_Aires,"{""br"":""Monte"",""ko"":""몬테"",""pt-BR"":""Monte"",""pt"":""Monte"",""nl"":""Monte"",""hr"":""Monte"",""fa"":""مونت"",""de"":""Monte"",""es"":""Monte"",""fr"":""Mont"",""ja"":""モンテ"",""it"":""Monte"",""zh-CN"":""蒙特"",""tr"":""Monte"",""ru"":""Монте"",""uk"":""Монте"",""pl"":""Monte"",""hi"":""मोंटे"",""ar"":""مونتي""}",2024-10-19T04:22:13,2025-12-02T16:59:27,1,Q2136297
154395,Monte Hermoso,3656,B,11,AR,city,,,-38.95737360,-61.44530580,Monte Hermoso,,America/Argentina/Buenos_Aires,"{""br"":""Monte Hermoso"",""ko"":""몬테 에르모소"",""pt-BR"":""Monte Hermoso"",""pt"":""Monte Hermoso"",""nl"":""Monte Hermoso"",""hr"":""Monte Hermoso"",""fa"":""مونته هرموسو"",""de"":""Monte Hermoso"",""es"":""Monte Hermoso"",""fr"":""Monte Hermoso"",""ja"":""モンテ・エルモソ"",""it"":""Monte Hermoso"",""zh-CN"":""蒙特埃尔莫索"",""tr"":""Monte Güzel"",""ru"":""Монте Эрмосо"",""uk"":""Монте-Ермосо"",""pl"":""Monte Hermoso"",""hi"":""मोंटे हर्मोसो"",""ar"":""مونتي هيرموسو""}",2024-10-19T04:22:13,2025-12-02T16:59:27,1,Q2199691
154396,Moreno,3656,B,11,AR,adm2,,,-34.59681430,-58.96697620,Moreno,171849,America/Argentina/Buenos_Aires,"{""br"":""Moreno"",""ko"":""모레노"",""pt-BR"":""Moreno"",""pt"":""Moreno"",""nl"":""Moreno"",""hr"":""Moreno"",""fa"":""مورنو"",""de"":""Moreno"",""es"":""Moreno"",""fr"":""Moreno"",""ja"":""モレノ"",""it"":""Moreno"",""zh-CN"":""莫雷诺"",""tr"":""Moreno"",""ru"":""Морено"",""uk"":""Морено"",""pl"":""Moreno"",""hi"":""मोरेनो"",""ar"":""مورينو""}",2024-10-19T04:22:13,2025-12-02T17:11:50,1,Q2037611
154397,Morón,3656,B,11,AR,city,,,-34.64640300,-58.69414610,Morón,99066,America/Argentina/Buenos_Aires,"{""br"":""Morón"",""ko"":""모론"",""pt-BR"":""Idiota"",""pt"":""Idiota"",""nl"":""Idioot"",""hr"":""Kreten"",""fa"":""مورون"",""de"":""Idiot"",""es"":""Imbécil"",""fr"":""Imbécile"",""ja"":""バカ"",""it"":""Ritardato mentale"",""zh-CN"":""白痴"",""tr"":""Moron"",""ru"":""Придурок"",""uk"":""Морон"",""pl"":""Kretyn"",""hi"":""मूर्ख"",""ar"":""المغفل""}",2024-10-19T04:22:13,2025-12-02T17:11:50,1,Q2213772
154398,Navarro,3656,B,11,AR,city,,,-35.02457590,-59.77633880,Navarro,,America/Argentina/Buenos_Aires,"{""br"":""Navarro"",""ko"":""나바로"",""pt-BR"":""Navarro"",""pt"":""Navarro"",""nl"":""Navarro"",""hr"":""Navarro"",""fa"":""ناوارو"",""de"":""Navarro"",""es"":""Navarro"",""fr"":""Navarro"",""ja"":""ナバロ"",""it"":""Navarro"",""zh-CN"":""纳瓦罗"",""tr"":""Navarro"",""ru"":""Наварро"",""uk"":""Наварро"",""pl"":""Navarro"",""hi"":""नवारो"",""ar"":""نافارو""}",2024-10-19T04:22:13,2025-12-02T16:59:27,1,Q775558
154399,Necochea,3656,B,11,AR,city,,,-38.17378930,-59.80770580,Necochea,73557,America/Argentina/Buenos_Aires,"{""br"":""Nekochea"",""ko"":""네코케아"",""pt-BR"":""Necochea"",""pt"":""Necochea"",""nl"":""Necochea"",""hr"":""Nekochea"",""fa"":""نکوخیا"",""de"":""Necochea"",""es"":""Necochea"",""fr"":""Nécochée"",""ja"":""ネコチェア"",""it"":""Necochea"",""zh-CN"":""内科切亚"",""tr"":""Necochea"",""ru"":""Некочеа"",""uk"":""Некочеа"",""pl"":""Nekochea"",""hi"":""नेकोचिया"",""ar"":""نيكوتشيا""}",2024-10-19T04:22:13,2025-12-02T16:59:27,1,Q2622293
154400,Nueve de Julio,3656,B,11,AR,city,,,-35.45690360,-60.92393850,Nueve de Julio,2671,America/Argentina/Buenos_Aires,"{""br"":""Nueve de Julio"",""ko"":""누에베 데 훌리오"",""pt-BR"":""Nova de Julho"",""pt"":""Nova de Julho"",""nl"":""Nueve de Julio"",""hr"":""Nueve de Julio"",""fa"":""نوو دو خولیو"",""de"":""Nueve de Julio"",""es"":""Nueve de Julio"",""fr"":""Nueve de Julio"",""ja"":""ヌエベ・デ・フリオ"",""it"":""Nueve de Julio"",""zh-CN"":""七月九日"",""tr"":""Nueve de Julio"",""ru"":""Nueve de Julio"",""uk"":""Нуеве-де-Хуліо"",""pl"":""Nowy Julio"",""hi"":""नुएवे डे जूलियो"",""ar"":""نويفي دي خوليو""}",2024-10-19T04:22:13,2025-12-02T16:59:27,1,Q2289733
154401,Olavarría,3656,B,11,AR,city,,,-36.85692910,-61.37189000,Olavarría,89721,America/Argentina/Buenos_Aires,"{""br"":""Olavarría"",""ko"":""올라바리아"",""pt-BR"":""Olavarría"",""pt"":""Olavarría"",""nl"":""Olavarría"",""hr"":""Olavarría"",""fa"":""اولاواریا"",""de"":""Olavarría"",""es"":""Olavarría"",""fr"":""Olavarría"",""ja"":""オラバリア"",""it"":""Olavarría"",""zh-CN"":""奥拉瓦里亚"",""tr"":""Olavarría"",""ru"":""Олаваррия"",""uk"":""Олаваррія"",""pl"":""Olavarría"",""hi"":""ओलावरिया"",""ar"":""أولافاريا""}",2024-10-19T04:22:13,2025-12-02T16:59:27,1,Q2621613
154402,Patagones,3656,B,11,AR,city,,,-40.17288440,-64.09569830,Patagones,,America/Argentina/Buenos_Aires,"{""br"":""Patagones"",""ko"":""파타고네스"",""pt-BR"":""Patagônia"",""pt"":""Patagônia"",""nl"":""Patagonië"",""hr"":""Patagoni"",""fa"":""پاتاگون‌ها"",""de"":""Patagones"",""es"":""Patagones"",""fr"":""Patagones"",""ja"":""パタゴネス"",""it"":""Patagoni"",""zh-CN"":""巴塔哥尼亚"",""tr"":""Patagones"",""ru"":""Патагоны"",""uk"":""Патагони"",""pl"":""Patagones"",""hi"":""पैटागोन्स"",""ar"":""باتاغونيس""}",2024-10-19T04:22:13,2025-12-02T16:59:27,1,Q2621919
154403,Pehuajó,3656,B,11,AR,city,,,-35.90670570,-62.59308720,Pehuajó,44783,America/Argentina/Buenos_Aires,"{""br"":""Pehuajó"",""ko"":""페후아조"",""pt-BR"":""Pehuajó"",""pt"":""Pehuajó"",""nl"":""Pehuajó"",""hr"":""Pehuajó"",""fa"":""پهواجو"",""de"":""Pehuajó"",""es"":""Pehuajó"",""fr"":""Pehuajó"",""ja"":""ペワホ"",""it"":""Pehuajó"",""zh-CN"":""佩瓦霍"",""tr"":""Pehuajó"",""ru"":""Пеуахо"",""uk"":""Пеуахо"",""pl"":""Pehuajó"",""hi"":""पेहुआजो"",""ar"":""بيهواجو""}",2024-10-19T04:22:13,2025-12-02T16:59:27,1,Q2345020
154404,Pellegrini,3656,B,11,AR,city,,,-36.24270170,-63.82182700,Pellegrini,26193,America/Argentina/Buenos_Aires,"{""br"":""Pellegrini"",""ko"":""펠레그리니"",""pt-BR"":""Pellegrini"",""pt"":""Pellegrini"",""nl"":""Pellegrini"",""hr"":""Pellegrini"",""fa"":""پلگرینی"",""de"":""Pellegrini"",""es"":""Pellegrini"",""fr"":""Pellegrini"",""ja"":""ペレグリーニ"",""it"":""Pellegrini"",""zh-CN"":""佩莱格里尼"",""tr"":""Pellegrini"",""ru"":""Пеллегрини"",""uk"":""Пеллегріні"",""pl"":""Pellegrini"",""hi"":""पेलेग्रिनी"",""ar"":""بيليجريني""}",2024-10-19T04:22:13,2025-12-02T16:59:27,1,Q2054688
154405,Pergamino,3656,B,11,AR,city,,,-33.85555800,-61.20026950,Pergamino,114052,America/Argentina/Buenos_Aires,"{""br"":""Pergamino"",""ko"":""페르가미노"",""pt-BR"":""Pergamino"",""pt"":""Pergamino"",""nl"":""Pergamino"",""hr"":""Pergamino"",""fa"":""پرگامینو"",""de"":""Pergamino"",""es"":""Pergamino"",""fr"":""Pergamino"",""ja"":""ペルガミノ"",""it"":""Pergamino"",""zh-CN"":""佩加米诺"",""tr"":""Pergamino"",""ru"":""Пергамино"",""uk"":""Пергаміно"",""pl"":""Pergamino"",""hi"":""पेर्गामिनो"",""ar"":""بيرغامينو""}",2024-10-19T04:22:13,2025-12-02T16:59:27,1,Q2192713
154406,Pila,3656,B,11,AR,city,,,-36.21422440,-59.05999650,póngase en fila,0,America/Argentina/Buenos_Aires,"{""br"":""Pila"",""ko"":""필라"",""pt-BR"":""Pila"",""pt"":""Pila"",""nl"":""Pila"",""hr"":""Pila"",""fa"":""پیلا"",""de"":""Pila"",""es"":""Pila"",""fr"":""Pila"",""ja"":""ピラ"",""it"":""Pila"",""zh-CN"":""皮拉"",""tr"":""Pila"",""ru"":""Пила"",""uk"":""Піла"",""pl"":""Piła"",""hi"":""पिला"",""ar"":""بيلا""}",2024-10-19T04:22:13,2025-12-02T16:59:27,1,Q2054697
154407,Pilar,3656,B,11,AR,city,,,-34.44243960,-59.06160640,Pilar,14735,America/Argentina/Buenos_Aires,"{""br"":""Pilar"",""ko"":""필라르"",""pt-BR"":""Pilar"",""pt"":""Pilar"",""nl"":""Pilaar"",""hr"":""Pilar"",""fa"":""پیلار"",""de"":""Pilar"",""es"":""Pilar"",""fr"":""Pilar"",""ja"":""ピラール"",""it"":""Pilar"",""zh-CN"":""皮拉尔"",""tr"":""Pilar"",""ru"":""Пилар"",""uk"":""Пілар"",""pl"":""Pilar"",""hi"":""पिलर"",""ar"":""بيلار""}",2024-10-19T04:22:13,2025-12-02T17:11:50,1,Q2621913
154408,Pinamar,3656,B,11,AR,city,,,-37.10658290,-57.03470380,Pinamar,0,America/Argentina/Buenos_Aires,"{""br"":""Pinamar"",""ko"":""피나마르"",""pt-BR"":""Pinamar"",""pt"":""Pinamar"",""nl"":""Pinamar"",""hr"":""Piñamar"",""fa"":""پینامار"",""de"":""Pinamar"",""es"":""Pinamar"",""fr"":""Pinamar"",""ja"":""ピナマール"",""it"":""Pinamar"",""zh-CN"":""皮纳马尔"",""tr"":""Pinamar"",""ru"":""Пинамар"",""uk"":""Пінамар"",""pl"":""Pinamar"",""hi"":""पिनामार"",""ar"":""بينامار""}",2024-10-19T04:22:13,2025-12-02T16:59:27,1,Q2501574
154409,Presidente Perón,3656,B,11,AR,section,,,-34.94225680,-58.46566260,Presidente Perón,,America/Argentina/Buenos_Aires,"{""br"":""Prezidant Perón"",""ko"":""페론 대통령"",""pt-BR"":""Presidente Perón"",""pt"":""Presidente Perón"",""nl"":""Presidente Perón"",""hr"":""Predsjednik Perón"",""fa"":""رئیس جمهور پرون"",""de"":""Präsident Perón"",""es"":""Presidente Perón"",""fr"":""Président Perón"",""ja"":""ペロン大統領"",""it"":""Presidente Perón"",""zh-CN"":""庇隆总统"",""tr"":""Başkan Perón"",""ru"":""Президент Перон"",""uk"":""Президент Перон"",""pl"":""Prezydent Perón"",""hi"":""राष्ट्रपति पेरोन"",""ar"":""الرئيس بيرون""}",2024-10-19T04:22:13,2025-12-02T17:11:50,1,Q2360669
154410,Puan,3656,B,11,AR,city,,,-38.09189020,-64.30307990,Dama,0,America/Argentina/Buenos_Aires,"{""br"":""Puan"",""ko"":""푸안"",""pt-BR"":""Puan"",""pt"":""Puan"",""nl"":""Puan"",""hr"":""Puan"",""fa"":""پوان"",""de"":""Puan"",""es"":""Puan"",""fr"":""Puan"",""ja"":""プアン"",""it"":""Puan"",""zh-CN"":""普安"",""tr"":""Puan"",""ru"":""Пуан"",""uk"":""Пуан"",""pl"":""Puan"",""hi"":""पुआन"",""ar"":""بوان""}",2024-10-19T04:22:13,2025-12-02T16:59:27,1,Q2761723
154411,Punta Indio,3656,B,11,AR,city,,,-35.45569760,-57.79169470,Punta Indio,,America/Argentina/Buenos_Aires,"{""br"":""Punta Indio"",""ko"":""푼타 인디오"",""pt-BR"":""Punta Indio"",""pt"":""Punta Indio"",""nl"":""Punta Indio"",""hr"":""Punta Indio"",""fa"":""پونتا ایندیو"",""de"":""Punta Indio"",""es"":""Punta Indio"",""fr"":""Punta Indio"",""ja"":""プンタ・インディオ"",""it"":""Punta Indio"",""zh-CN"":""蓬塔印第奥"",""tr"":""Punta Indio"",""ru"":""Пунта Индио"",""uk"":""Пунта Індіо"",""pl"":""Punta Indio"",""hi"":""पुंटा इंडियो"",""ar"":""بونتا إنديو""}",2024-10-19T04:22:13,2025-12-02T16:59:27,1,Q2711703
154412,Quilmes,3656,B,11,AR,city,,,-34.73973430,-58.35320560,Quilmes,262379,America/Argentina/Buenos_Aires,"{""br"":""Quilmes"",""ko"":""킬메스"",""pt-BR"":""Quilmes"",""pt"":""Quilmes"",""nl"":""Quilmes"",""hr"":""Quilmes"",""fa"":""کویلمز"",""de"":""Quilmes"",""es"":""Quilmes"",""fr"":""Quilmes"",""ja"":""キルメス"",""it"":""Quilmes"",""zh-CN"":""基尔梅斯"",""tr"":""Quilmes"",""ru"":""Кильмес"",""uk"":""Кільмес"",""pl"":""Quilmes"",""hi"":""क्विल्म्स"",""ar"":""كويلمز""}",2024-10-19T04:22:13,2025-12-02T16:59:27,1,Q1855418
154413,Ramallo,3656,B,11,AR,city,,,-33.58813140,-60.38975740,Mediodía,,America/Argentina/Buenos_Aires,"{""br"":""Ramallo"",""ko"":""라말로"",""pt-BR"":""Ramallo"",""pt"":""Ramallo"",""nl"":""Ramallo"",""hr"":""Ramallo"",""fa"":""رامالو"",""de"":""Ramallo"",""es"":""Ramallo"",""fr"":""Ramallo"",""ja"":""ラマロ"",""it"":""Ramallo"",""zh-CN"":""拉马洛"",""tr"":""Ramallo"",""ru"":""Рамалло"",""uk"":""Рамалло"",""pl"":""Ramallo"",""hi"":""रामालो"",""ar"":""رامالو""}",2024-10-19T04:22:13,2025-12-02T16:59:27,1,Q2297669
154414,Rauch,3656,B,11,AR,city,,,-36.59916740,-59.55774850,Rauch,,America/Argentina/Buenos_Aires,"{""br"":""Rauch"",""ko"":""라우흐"",""pt-BR"":""Rauch"",""pt"":""Rauch"",""nl"":""Rook"",""hr"":""Rauch"",""fa"":""راوچ"",""de"":""Rauch"",""es"":""Rauch"",""fr"":""Fumée"",""ja"":""ラウフ"",""it"":""Fumo"",""zh-CN"":""劳赫"",""tr"":""Rauch"",""ru"":""Раух"",""uk"":""Раух"",""pl"":""Rauch"",""hi"":""राउच"",""ar"":""راوخ""}",2024-10-19T04:22:13,2025-12-02T16:59:27,1,Q2167140
154415,Rivadavia,3656,B,11,AR,city,,,-35.57782590,-63.66436280,Rivadavia,101666,America/Argentina/Buenos_Aires,"{""br"":""Rivadavia"",""ko"":""리바다비아"",""pt-BR"":""Rivadavia"",""pt"":""Rivadavia"",""nl"":""Rivadavia"",""hr"":""Rivadavia"",""fa"":""ریواداویا"",""de"":""Rivadavia"",""es"":""Rivadavia"",""fr"":""Rivadavia"",""ja"":""リバダビア"",""it"":""Rivadavia"",""zh-CN"":""里瓦达维亚"",""tr"":""Rivadavia"",""ru"":""Ривадавия"",""uk"":""Рівадавія"",""pl"":""Rivadavia"",""hi"":""रिवादाविया"",""ar"":""ريفادافيا""}",2024-10-19T04:22:13,2025-12-02T16:59:27,1,Q2149622
154416,Rojas,3656,B,11,AR,city,,,-34.19513250,-61.12565120,Rojas,0,America/Argentina/Buenos_Aires,"{""br"":""Rojas"",""ko"":""로하스"",""pt-BR"":""Rojas"",""pt"":""Rojas"",""nl"":""Rojas"",""hr"":""Rojas"",""fa"":""روخاس"",""de"":""Rojas"",""es"":""Rojas"",""fr"":""Rouges"",""ja"":""ロハス"",""it"":""Rossi"",""zh-CN"":""罗哈斯"",""tr"":""Rojas"",""ru"":""Рохас"",""uk"":""Рохас"",""pl"":""Rojas"",""hi"":""रोजास"",""ar"":""روجاس""}",2024-10-19T04:22:13,2025-12-02T16:59:27,1,Q2621930
154417,Roque Pérez,3656,B,11,AR,city,,,-35.52006040,-59.74705690,Roque Pérez,0,America/Argentina/Buenos_Aires,"{""br"":""Roque Pérez"",""ko"":""로케 페레스"",""pt-BR"":""Roque Pérez"",""pt"":""Roque Pérez"",""nl"":""Roque Pérez"",""hr"":""Roque Pérez"",""fa"":""روکه پرز"",""de"":""Roque Pérez"",""es"":""Roque Pérez"",""fr"":""Roque Pérez"",""ja"":""ロケ・ペレス"",""it"":""Roque Pérez"",""zh-CN"":""罗克·佩雷斯"",""tr"":""Roque Pérez"",""ru"":""Роке Перес"",""uk"":""Роке Перес"",""pl"":""Roque Pérez"",""hi"":""रोके पेरेज़"",""ar"":""روكي بيريز""}",2024-10-19T04:22:13,2025-12-02T16:59:27,1,Q2531829
154418,Saavedra,3656,B,11,AR,city,,,-37.73956430,-63.12959180,Saavedra,50295,America/Argentina/Buenos_Aires,"{""br"":""Saavedra"",""ko"":""사베드라"",""pt-BR"":""Saavedra"",""pt"":""Saavedra"",""nl"":""Saavedra"",""hr"":""Saavedra"",""fa"":""ساودرا"",""de"":""Saavedra"",""es"":""Saavedra"",""fr"":""Saavedra"",""ja"":""サアベドラ"",""it"":""Saavedra"",""zh-CN"":""萨维德拉"",""tr"":""Savavedra"",""ru"":""Сааведра"",""uk"":""Сааведра"",""pl"":""Saavedra"",""hi"":""सावेद्रा"",""ar"":""سافيدرا""}",2024-10-19T04:22:13,2025-12-02T16:59:27,1,Q2622314
154419,Saladillo,3656,B,11,AR,city,,,-35.67906870,-60.35942330,Saladillo,0,America/Argentina/Buenos_Aires,"{""br"":""Saladillo"",""ko"":""살라딜로"",""pt-BR"":""Saladillo"",""pt"":""Saladillo"",""nl"":""Saladillo"",""hr"":""Saladillo"",""fa"":""سالادیلو"",""de"":""Salat"",""es"":""Saladillo"",""fr"":""Saladillo"",""ja"":""サラディージョ"",""it"":""Saladillo"",""zh-CN"":""萨拉迪略"",""tr"":""Salata"",""ru"":""Саладильо"",""uk"":""Саладільйо"",""pl"":""Saladillo"",""hi"":""सलादिल्लो"",""ar"":""سالاديلو""}",2024-10-19T04:22:13,2025-12-02T16:59:27,1,Q2621623
154420,Salliqueló,3656,B,11,AR,city,,,-36.67026330,-63.37763790,Salliqueló,9427,America/Argentina/Buenos_Aires,"{""br"":""Salliqueló"",""ko"":""살리케로"",""pt-BR"":""Salliqueló"",""pt"":""Salliqueló"",""nl"":""Salliqueló"",""hr"":""Salliqueló"",""fa"":""سالیکولو"",""de"":""Salliqueló"",""es"":""Salliqueló"",""fr"":""Salliqueló"",""ja"":""サリケロ"",""it"":""Salliqueló"",""zh-CN"":""萨利基洛"",""tr"":""Salliqueló"",""ru"":""Салликело"",""uk"":""Саллікело"",""pl"":""Salliqueló"",""hi"":""सल्लिकेलो"",""ar"":""ساليكيلو""}",2024-10-19T04:22:13,2025-12-02T16:59:27,1,Q2054758
154421,Salto,3656,B,11,AR,city,,,-34.24698560,-60.61305280,Tacón,27466,America/Argentina/Buenos_Aires,"{""br"":""Holen"",""ko"":""살토"",""pt-BR"":""Salto"",""pt"":""Salto"",""nl"":""Salto"",""hr"":""Salto"",""fa"":""سالتو"",""de"":""Salto"",""es"":""Salto"",""fr"":""Saut"",""ja"":""サルト"",""it"":""Salto"",""zh-CN"":""萨尔托"",""tr"":""Salto"",""ru"":""Сальто"",""uk"":""Сальто"",""pl"":""Salto"",""hi"":""साल्टो"",""ar"":""سالتو""}",2024-10-19T04:22:13,2025-12-02T16:59:27,1,Q2042858
154422,San Andrés de Giles,3656,B,11,AR,city,,,-34.42586240,-59.81017060,San Andrés de Giles,0,America/Argentina/Buenos_Aires,"{""br"":""San Andrés de Giles"",""ko"":""산 안드레스 데 자일레스"",""pt-BR"":""San Andrés de Giles"",""pt"":""San Andrés de Giles"",""nl"":""San Andrés de Giles"",""hr"":""San Andrés de Giles"",""fa"":""سن آندرس د جایلز"",""de"":""San Andrés de Giles"",""es"":""San Andrés de Giles"",""fr"":""San Andrés de Giles"",""ja"":""サン・アンドレス・デ・ヒレス"",""it"":""San Andrés de Giles"",""zh-CN"":""圣安德烈斯德吉尔斯"",""tr"":""San Andrés de Giles"",""ru"":""Сан-Андрес-де-Хайлс"",""uk"":""Сан-Андрес-де-Хайлес"",""pl"":""San Andrés de Giles"",""hi"":""सैन एन्ड्रेस डी गाइल्स"",""ar"":""سان أندريس دي جايلز""}",2024-10-19T04:22:13,2025-12-02T16:59:27,1,Q2392259
154423,San Antonio de Areco,3656,B,11,AR,city,,,-34.20590450,-59.85355590,San Antonio de Areco,0,America/Argentina/Buenos_Aires,"{""br"":""San Antonio de Areco"",""ko"":""산 안토니오 데 아레코"",""pt-BR"":""Santo Antônio de Areco"",""pt"":""Santo Antônio de Areco"",""nl"":""San Antonio de Areco"",""hr"":""San Antonio de Areco"",""fa"":""سن آنتونیو د آرکو"",""de"":""San Antonio de Areco"",""es"":""San Antonio de Areco"",""fr"":""San Antonio de Areco"",""ja"":""サンアントニオデアレコ"",""it"":""San Antonio de Areco"",""zh-CN"":""圣安东尼奥·德阿雷科"",""tr"":""San Antonio de Areco"",""ru"":""Сан-Антонио-де-Ареко"",""uk"":""Сан-Антоніо-де-Ареко"",""pl"":""San Antonio de Areco"",""hi"":""सैन एंटोनियो डे अरेको"",""ar"":""سان أنطونيو دي أريكو""}",2024-10-19T04:22:13,2025-12-02T16:59:27,1,Q2398056
154424,San Cayetano,3656,B,11,AR,city,,,-38.40262680,-60.27756580,San Cayetano,8994,America/Argentina/Buenos_Aires,"{""br"":""San Cayetano"",""ko"":""산 카예타노"",""pt-BR"":""São Caetano"",""pt"":""São Caetano"",""nl"":""San Cayetano"",""hr"":""San Cayetano"",""fa"":""سن کایتانو"",""de"":""San Cayetano"",""es"":""San Cayetano"",""fr"":""San Cayetano"",""ja"":""サン・カジェターノ"",""it"":""San Cayetano"",""zh-CN"":""圣卡耶塔诺"",""tr"":""San Cayetano"",""ru"":""Сан-Каэтано"",""uk"":""Сан-Каєтано"",""pl"":""Święty Cayetano"",""hi"":""सैन केयेटानो"",""ar"":""سان كايتانو""}",2024-10-19T04:22:13,2025-12-02T16:59:27,1,Q2342207
154425,San Fernando,3656,B,11,AR,city,,,-34.24511400,-58.90071950,San Fernando,416140,America/Argentina/Buenos_Aires,"{""br"":""San Fernando"",""ko"":""산 페르난도"",""pt-BR"":""São Fernando"",""pt"":""São Fernando"",""nl"":""San Fernando"",""hr"":""San Fernando"",""fa"":""سن فرناندو"",""de"":""San Fernando"",""es"":""San Fernando"",""fr"":""San Fernando"",""ja"":""サンフェルナンド"",""it"":""San Fernando"",""zh-CN"":""圣费尔南多"",""tr"":""San Fernando"",""ru"":""Сан-Фернандо"",""uk"":""Сан-Фернандо"",""pl"":""San Fernando"",""hi"":""सैन फर्नांडो"",""ar"":""سان فرناندو""}",2024-10-19T04:22:13,2025-12-02T16:59:27,1,Q1971695
154426,San Isidro,3656,B,11,AR,city,,,-34.48659380,-58.62225340,San Isidro,43595,America/Argentina/Buenos_Aires,"{""br"":""San Isidro"",""ko"":""산 이시드로"",""pt-BR"":""São Isidro"",""pt"":""São Isidro"",""nl"":""San Isidro"",""hr"":""San Isidro"",""fa"":""سان ایسیدرو"",""de"":""San Isidro"",""es"":""San Isidro"",""fr"":""San Isidro"",""ja"":""サン・イシドロ"",""it"":""San Isidro"",""zh-CN"":""圣伊西德罗"",""tr"":""San Isidro"",""ru"":""Сан-Исидро"",""uk"":""Сан-Ісідро"",""pl"":""Święty Izydor"",""hi"":""सैन इसिड्रो"",""ar"":""سان إيسيدرو""}",2024-10-19T04:22:13,2025-12-02T16:59:27,1,Q2644735
154427,San Miguel,3656,B,11,AR,adm2,,,-34.55334190,-58.77405090,San Miguel,157532,America/Argentina/Buenos_Aires,"{""br"":""San Miguel"",""ko"":""산 미구엘"",""pt-BR"":""São Miguel"",""pt"":""São Miguel"",""nl"":""San Miguel"",""hr"":""San Miguel"",""fa"":""سن میگل"",""de"":""San Miguel"",""es"":""San Miguel"",""fr"":""San Miguel"",""ja"":""サンミゲル"",""it"":""San Miguel"",""zh-CN"":""圣米格尔"",""tr"":""San Miguel"",""ru"":""Сан-Мигель"",""uk"":""Сан-Мігель"",""pl"":""San Miguel"",""hi"":""सैन मिगुएल"",""ar"":""سان ميغيل""}",2024-10-19T04:22:13,2025-12-02T17:11:50,1,Q2209426
154428,San Nicolás,3656,B,11,AR,city,,,-33.47155080,-60.63886600,San Nicolás,28667,America/Argentina/Buenos_Aires,"{""br"":""San Nicolas"",""ko"":""산 니콜라스"",""pt-BR"":""São Nicolau"",""pt"":""São Nicolau"",""nl"":""San Nicolás"",""hr"":""San Nicolás"",""fa"":""سن نیکولاس"",""de"":""San Nicolás"",""es"":""San Nicolás"",""fr"":""Saint-Nicolas"",""ja"":""サンニコラス"",""it"":""San Nicola"",""zh-CN"":""圣尼古拉斯"",""tr"":""San Nicolas"",""ru"":""Сан-Николас"",""uk"":""Сан-Ніколас"",""pl"":""Święty Mikołaj"",""hi"":""सैन निकोलस"",""ar"":""سان نيكولاس""}",2024-10-19T04:22:13,2025-12-02T16:59:27,1,Q2027949
154429,San Pedro,3656,B,11,AR,adm2,,,-33.79559030,-60.11056980,San Pedro,390654,America/Argentina/Buenos_Aires,"{""br"":""San Pedro"",""ko"":""산 페드로"",""pt-BR"":""São Pedro"",""pt"":""São Pedro"",""nl"":""San Pedro"",""hr"":""San Pedro"",""fa"":""سن پدرو"",""de"":""San Pedro"",""es"":""San Pedro"",""fr"":""San Pedro"",""ja"":""サンペドロ"",""it"":""San Pedro"",""zh-CN"":""圣佩德罗"",""tr"":""San Pedro"",""ru"":""Сан-Педро"",""uk"":""Сан-Педро"",""pl"":""Święty Pedro"",""hi"":""सैन पेड्रो"",""ar"":""سان بيدرو""}",2024-10-19T04:22:13,2025-12-02T17:11:50,1,Q1925048
154430,San Vicente,3656,B,11,AR,adm2,,,-35.08097070,-58.74801840,San Vicente,38247,America/Argentina/Buenos_Aires,"{""br"":""San Visente"",""ko"":""산 비센테"",""pt-BR"":""São Vicente"",""pt"":""São Vicente"",""nl"":""San Vicente"",""hr"":""San Vicente"",""fa"":""سن ویسنته"",""de"":""San Vicente"",""es"":""San Vicente"",""fr"":""Saint-Vincent"",""ja"":""サン・ビセンテ"",""it"":""San Vicente"",""zh-CN"":""圣维森特"",""tr"":""San Vicente"",""ru"":""Сан-Висенте"",""uk"":""Сан-Вісенте"",""pl"":""Święty Wincenty"",""hi"":""सैन विसेंट"",""ar"":""سان فيسينتي""}",2024-10-19T04:22:13,2025-12-02T17:11:50,1,Q2594035
154431,Suipacha,3656,B,11,AR,city,,,-34.73712310,-60.03526020,Suipacha,0,America/Argentina/Buenos_Aires,"{""br"":""Suipacha"",""ko"":""수이파차"",""pt-BR"":""Suipacha"",""pt"":""Suipacha"",""nl"":""Suipacha"",""hr"":""Suipacha"",""fa"":""سویپاچا"",""de"":""Suipacha"",""es"":""Suipacha"",""fr"":""Suipacha"",""ja"":""スイパチャ"",""it"":""Suipacha"",""zh-CN"":""苏伊帕查"",""tr"":""Suipacha"",""ru"":""Суипача"",""uk"":""Суіпача"",""pl"":""Suipacha"",""hi"":""सुइपाचा"",""ar"":""سويباتشا""}",2024-10-19T04:22:13,2025-12-02T16:59:27,1,Q593401
154432,Tandil,3656,B,11,AR,city,,,-37.33286290,-59.85479050,Tandil,150162,America/Argentina/Buenos_Aires,"{""br"":""Tandil"",""ko"":""탄딜"",""pt-BR"":""Tandil"",""pt"":""Tandil"",""nl"":""Tandil"",""hr"":""Tandil"",""fa"":""تاندیل"",""de"":""Tandil"",""es"":""Tandil"",""fr"":""Tandil"",""ja"":""タンディル"",""it"":""Tandil"",""zh-CN"":""坦迪尔"",""tr"":""Tandil"",""ru"":""Тандил"",""uk"":""Танділ"",""pl"":""Tandil"",""hi"":""तंदिल"",""ar"":""تانديل""}",2024-10-19T04:22:13,2025-12-02T16:59:27,1,Q2101298
154433,Tapalqué,3656,B,11,AR,city,,,-36.36637830,-60.81551140,Tapalqué,,America/Argentina/Buenos_Aires,"{""br"":""Tapalqué"",""ko"":""타팔케"",""pt-BR"":""Tapalqué"",""pt"":""Tapalqué"",""nl"":""Tapalqué"",""hr"":""Tapalqué"",""fa"":""تاپالکه"",""de"":""Tapalqué"",""es"":""Tapalqué"",""fr"":""Tapalqué"",""ja"":""タパルケ"",""it"":""Tapalqué"",""zh-CN"":""塔帕尔克"",""tr"":""Tapalqué"",""ru"":""Тапальке"",""uk"":""Тапальке"",""pl"":""Tapalqué"",""hi"":""टापलक्वे"",""ar"":""تابالكي""}",2024-10-19T04:22:13,2025-12-02T16:59:27,1,Q730947
154434,Tigre,3656,B,11,AR,city,,,-34.40017610,-58.75939520,Tigre,31106,America/Argentina/Buenos_Aires,"{""br"":""Tigre"",""ko"":""티그레"",""pt-BR"":""Tigre"",""pt"":""Tigre"",""nl"":""Tijger"",""hr"":""Tiger"",""fa"":""تیگر"",""de"":""Tiger"",""es"":""Tigre"",""fr"":""Tigre"",""ja"":""ティグレ"",""it"":""Tigre"",""zh-CN"":""蒂格雷"",""tr"":""Kaplan"",""ru"":""Тигре"",""uk"":""Тигре"",""pl"":""Tygrys"",""hi"":""टाइग्रे"",""ar"":""النمر""}",2024-10-19T04:22:13,2025-12-02T16:59:27,1,Q1906802
154435,Tordillo,3656,B,11,AR,city,,,-36.41238410,-57.57341650,Pastel,,America/Argentina/Buenos_Aires,"{""br"":""Tordillo"",""ko"":""토르딜로"",""pt-BR"":""Tordillo"",""pt"":""Tordillo"",""nl"":""Tordillo"",""hr"":""Tordillo"",""fa"":""توردیلو"",""de"":""Tordillo"",""es"":""Tordillo"",""fr"":""Tordillo"",""ja"":""トルディージョ"",""it"":""Tordillo"",""zh-CN"":""托迪略"",""tr"":""Tordillo"",""ru"":""Тордильо"",""uk"":""Торділло"",""pl"":""Tordillo"",""hi"":""टॉर्डिलो"",""ar"":""تورديلو""}",2024-10-19T04:22:13,2025-12-02T16:59:27,1,Q1861464
154436,Tornquist,3656,B,11,AR,city,,,-38.26024950,-62.95775910,Tornquist,0,America/Argentina/Buenos_Aires,"{""br"":""Tornquist"",""ko"":""토른퀴스트"",""pt-BR"":""Tornquist"",""pt"":""Tornquist"",""nl"":""Tornquist"",""hr"":""Tornquist"",""fa"":""تورنکوئیست"",""de"":""Tornquist"",""es"":""Tornquist"",""fr"":""Tornquist"",""ja"":""トルンキスト"",""it"":""Tornquist"",""zh-CN"":""托恩奎斯特"",""tr"":""Tornquist"",""ru"":""Торнквист"",""uk"":""Торнквіст"",""pl"":""Tornquist"",""hi"":""टॉर्नक्विस्ट"",""ar"":""تورنكويست""}",2024-10-19T04:22:13,2025-12-02T16:59:27,1,Q2096228
154437,Trenque Lauquen,3656,B,11,AR,city,,,-36.05316630,-63.30255910,Trenque Lauquen,0,America/Argentina/Buenos_Aires,"{""br"":""Trenque Lauquen"",""ko"":""트렌케 라우켄"",""pt-BR"":""Trenque Lauquen"",""pt"":""Trenque Lauquen"",""nl"":""Trenque Lauquen"",""hr"":""Trenque Lauquén"",""fa"":""ترنکه لاوکِن"",""de"":""Trenque Lauquen"",""es"":""Trenque Lauquen"",""fr"":""Trenque Lauquen"",""ja"":""トレンケ・ラウケン"",""it"":""Trenque Lauquen"",""zh-CN"":""特伦克·劳肯"",""tr"":""Trenque Lauquen"",""ru"":""Тренке Лаукен"",""uk"":""Тренке Лаукен"",""pl"":""Trenque Lauquen"",""hi"":""ट्रेन्के लौक्वेन"",""ar"":""ترينكوي لاوكوين""}",2024-10-19T04:22:13,2025-12-02T16:59:27,1,Q967691
154438,Tres Arroyos,3656,B,11,AR,city,,,-38.46994170,-60.84561550,Tres Arroyos,62835,America/Argentina/Buenos_Aires,"{""br"":""Tres Arroyos"",""ko"":""트레스 아로요스"",""pt-BR"":""Três Arroios"",""pt"":""Três Arroios"",""nl"":""Drie Arroyos"",""hr"":""Tres Arroyos"",""fa"":""ترس آرویوس"",""de"":""Tres Arroyos"",""es"":""Tres Arroyos"",""fr"":""Tres Arroyos"",""ja"":""トレス・アロヨス"",""it"":""Tres Arroyos"",""zh-CN"":""特雷斯阿罗约斯"",""tr"":""Tres Arroyos"",""ru"":""Трес Арройос"",""uk"":""Трес Арройос"",""pl"":""Trzy Arroyos"",""hi"":""ट्रेस अरोयोस"",""ar"":""تريس أرويوس""}",2024-10-19T04:22:13,2025-12-02T16:59:27,1,Q1982616
154439,Tres de Febrero,3656,B,11,AR,city,,,-34.59999320,-58.66706300,Tres de Febrero,,America/Argentina/Buenos_Aires,"{""br"":""Tres de Febrero"",""ko"":""트레스 데 페브레로"",""pt-BR"":""Três de Fevereiro"",""pt"":""Três de Fevereiro"",""nl"":""Drie februari"",""hr"":""Tres de Febrero"",""fa"":""ترس د فبررو"",""de"":""Tres de Febrero"",""es"":""Tres de Febrero"",""fr"":""Tres de Febrero"",""ja"":""トレス・デ・フェブレロ"",""it"":""Tres de Febrero"",""zh-CN"":""二月三日"",""tr"":""Tres de Febrero"",""ru"":""Трес де Фебреро"",""uk"":""Трес-де-Фебреро"",""pl"":""Trzy lutego"",""hi"":""ट्रेस डे फेब्रेरो"",""ar"":""ثلاثة فبراير""}",2024-10-19T04:22:13,2025-12-02T17:11:50,1,Q2054829
154440,Tres Lomas,3656,B,11,AR,city,,,-36.48938820,-63.19723280,Tres Lomas,8061,America/Argentina/Buenos_Aires,"{""br"":""Tres Lomas"",""ko"":""트레스 로마스"",""pt-BR"":""Três Lomas"",""pt"":""Três Lomas"",""nl"":""Drie Lomas"",""hr"":""Tres Lomas"",""fa"":""ترس لوماس"",""de"":""Tres Lomas"",""es"":""Tres Lomas"",""fr"":""Tres Lomas"",""ja"":""トレス・ロマス"",""it"":""Tres Lomas"",""zh-CN"":""特雷斯·洛马斯"",""tr"":""Tres Lomas"",""ru"":""Трес Ломас"",""uk"":""Трес-Ломас"",""pl"":""Tres Lomas"",""hi"":""ट्रेस लोमास"",""ar"":""تريس لوماس""}",2024-10-19T04:22:13,2025-12-02T16:59:27,1,Q2388331
154441,Veinticinco de Mayo,3656,B,11,AR,city,,,-35.55138480,-60.84646650,Veinticinco de Mayo,30891,America/Argentina/Buenos_Aires,"{""br"":""Veinticinco de Mayo"",""ko"":""베인티신코 데 마요"",""pt-BR"":""Veinticinco de Mayo"",""pt"":""Veinticinco de Mayo"",""nl"":""Veinticinco de Mayo"",""hr"":""Veinticinco de Mayo"",""fa"":""وینتیچینکو د مایو"",""de"":""Veinticinco de Mayo"",""es"":""Veinticinco de Mayo"",""fr"":""Veinticinco de Mayo"",""ja"":""ベインティシンコ・デ・マヨ"",""it"":""Veinticinco de Mayo"",""zh-CN"":""五月十五日"",""tr"":""Veinticinco de Mayo"",""ru"":""Вейнтисинко де Майо"",""uk"":""Вентісінко-де-Майо"",""pl"":""Veinticinco de Mayo"",""hi"":""वेन्टिसिन्को डे मेयो"",""ar"":""فينتيسينكو دي مايو""}",2024-10-19T04:22:13,2025-12-02T16:59:27,1,Q2109979
154442,Vicente López,3656,B,11,AR,city,,,-34.52931400,-58.58906610,Vicente López,24078,America/Argentina/Buenos_Aires,"{""br"":""Vicente López"",""ko"":""비센테 로페스"",""pt-BR"":""Vicente López"",""pt"":""Vicente López"",""nl"":""Vicente López"",""hr"":""Vicente López"",""fa"":""ویسنته لوپز"",""de"":""Vicente López"",""es"":""Vicente López"",""fr"":""Vicente López"",""ja"":""ビセンテ・ロペス"",""it"":""Vicente López"",""zh-CN"":""维森特·洛佩斯"",""tr"":""Vicente Lopez"",""ru"":""Висенте Лопес"",""uk"":""Вісенте Лопес"",""pl"":""Vicente López"",""hi"":""विसेंट लोपेज़"",""ar"":""فيسينتي لوبيز""}",2024-10-19T04:22:13,2025-12-02T17:11:50,1,Q2099330
154443,Villa Gesell,3656,B,11,AR,city,,,-37.36616190,-57.38978580,Villa Gesell,29593,America/Argentina/Buenos_Aires,"{""br"":""Villa Gesell"",""ko"":""빌라 게셀"",""pt-BR"":""Vila Gesell"",""pt"":""Vila Gesell"",""nl"":""Villa Gesell"",""hr"":""Vila Gesell"",""fa"":""ویلا گسل"",""de"":""Villa Gesell"",""es"":""Villa Gesell"",""fr"":""Villa Gesell"",""ja"":""ヴィラ・ゲゼル"",""it"":""Villa Gesell"",""zh-CN"":""格塞尔别墅"",""tr"":""Villa Gesell"",""ru"":""Вилья-Хесель"",""uk"":""Вілла Гесель"",""pl"":""Willa Gesell"",""hi"":""विला गेसेल"",""ar"":""فيلا جيزيل""}",2024-10-19T04:22:13,2025-12-02T16:59:27,1,Q2426312
154444,Villarino,3656,B,11,AR,city,,,-39.14254170,-64.01619890,Villarino,,America/Argentina/Buenos_Aires,"{""br"":""Villarino"",""ko"":""빌라리노"",""pt-BR"":""Villarino"",""pt"":""Villarino"",""nl"":""Villarino"",""hr"":""Villarino"",""fa"":""ویلارینو"",""de"":""Villarino"",""es"":""Villarino"",""fr"":""Villarino"",""ja"":""ビジャリーノ"",""it"":""Villarino"",""zh-CN"":""维拉里诺"",""tr"":""Villarino"",""ru"":""Вилларино"",""uk"":""Вілларіно"",""pl"":""Villarino"",""hi"":""विलारिनो"",""ar"":""فيلارينو""}",2024-10-19T04:22:13,2025-12-02T16:59:27,1,Q2621992
154445,Zárate,3656,B,11,AR,city,,,-34.00225010,-59.42188710,Zárate,109443,America/Argentina/Buenos_Aires,"{""br"":""Zárate"",""ko"":""사라테"",""pt-BR"":""Zárate"",""pt"":""Zárate"",""nl"":""Zárate"",""hr"":""Zárate"",""fa"":""زاراته"",""de"":""Zárate"",""es"":""Zárate"",""fr"":""Zárate"",""ja"":""サラテ"",""it"":""Zárate"",""zh-CN"":""萨拉特"",""tr"":""Zarate"",""ru"":""Сарате"",""uk"":""Сарате"",""pl"":""Zárate"",""hi"":""ज़ाराटे"",""ar"":""زاراتي""}",2024-10-19T04:22:13,2025-12-02T16:59:27,1,Q2622012
