id,name,state_id,state_code,country_id,country_code,type,level,parent_id,latitude,longitude,native,population,timezone,translations,created_at,updated_at,flag,wikiDataId
20485,Abejorral,2890,ANT,48,CO,adm2,,,5.78928000,-75.42725000,Abejorral,20287,America/Bogota,"{""br"":""Abejorral"",""ko"":""아베호랄"",""pt-BR"":""Abejorral"",""pt"":""Abejorral"",""nl"":""Abejorral"",""hr"":""Abejorral"",""fa"":""آبژورال"",""de"":""Abejorral"",""es"":""Abejorral"",""fr"":""Abejorral"",""ja"":""アベジョラル"",""it"":""Abejorral"",""zh-CN"":""阿贝约拉尔"",""tr"":""Abejorral"",""ru"":""Абейоррал"",""uk"":""Абехоррал"",""pl"":""Abejorral"",""hi"":""अबेजोरल"",""ar"":""أبيجورال""}",2019-10-06T09:39:44,2025-12-02T14:38:56,1,Q1441947
20486,Abrego,2877,NSA,48,CO,adm2,,,8.00000000,-73.20000000,Abrego,38627,America/Bogota,"{""br"":""Abrego"",""ko"":""아브레고"",""pt-BR"":""Abrego"",""pt"":""Abrego"",""nl"":""Abrego"",""hr"":""Ábrego"",""fa"":""ابرگو"",""de"":""Abrego"",""es"":""Abrego"",""fr"":""Abrego"",""ja"":""アブレゴ"",""it"":""Abrego"",""zh-CN"":""阿夫雷戈"",""tr"":""Abrego"",""ru"":""Абрего"",""uk"":""Абрего"",""pl"":""Abrego"",""hi"":""अब्रेगो"",""ar"":""أبريغو""}",2019-10-06T09:39:44,2025-12-02T17:11:50,1,Q2429591
20487,Abriaquí,2890,ANT,48,CO,adm2,,,6.63148000,-76.06444000,Abrié,1281,America/Bogota,"{""br"":""Abriaquí"",""ko"":""아브리아키"",""pt-BR"":""Abriaquí"",""pt"":""Abriaquí"",""nl"":""Abriaquí"",""hr"":""Abriaquí"",""fa"":""ابریاکی"",""de"":""Abriaquí"",""es"":""Abriaquí"",""fr"":""Abriaquí"",""ja"":""アブリアキ"",""it"":""Abriaquí"",""zh-CN"":""阿布里亚基"",""tr"":""Abriaquí"",""ru"":""Абриаки"",""uk"":""Абріакі"",""pl"":""Abriaquí"",""hi"":""अब्रियाकी"",""ar"":""أبرياكوي""}",2019-10-06T09:39:44,2025-12-02T14:39:31,1,Q1655866
20488,Acacías,2878,MET,48,CO,adm2,,,3.98695000,-73.75797000,Acacías,40627,America/Bogota,"{""br"":""Acacías"",""ko"":""아카시아"",""pt-BR"":""Acácias"",""pt"":""Acácias"",""nl"":""Acacia's"",""hr"":""Akacije"",""fa"":""آکاسیاس"",""de"":""Akazien"",""es"":""Acacías"",""fr"":""Acacias"",""ja"":""アカシアス"",""it"":""Acacie"",""zh-CN"":""金合欢属"",""tr"":""Akaçalar"",""ru"":""Акации"",""uk"":""Акації"",""pl"":""Akacje"",""hi"":""Acacias"",""ar"":""أكاسيا""}",2019-10-06T09:39:44,2025-12-02T14:39:31,1,Q2429780
20489,Acandí,2876,CHO,48,CO,adm2,,,8.51158000,-77.27719000,Acandí,4840,America/Bogota,"{""br"":""Acandí"",""ko"":""아칸디"",""pt-BR"":""Acandí"",""pt"":""Acandí"",""nl"":""Acandí"",""hr"":""Acandí"",""fa"":""آکاندی"",""de"":""Acandí"",""es"":""Acandí"",""fr"":""Acandí"",""ja"":""アカンディ"",""it"":""Acandí"",""zh-CN"":""阿坎迪"",""tr"":""Acandí"",""ru"":""Аканди"",""uk"":""Аканді"",""pl"":""Acandí"",""hi"":""Acandi"",""ar"":""أكاندي""}",2019-10-06T09:39:44,2025-12-02T14:39:31,1,Q1575935
20490,Achí,2893,BOL,48,CO,adm2,,,8.56950000,-74.55715000,Ahí,8434,America/Bogota,"{""br"":""Achí"",""ko"":""아치"",""pt-BR"":""Achi"",""pt"":""Achi"",""nl"":""Achí"",""hr"":""Ači"",""fa"":""آچی"",""de"":""Achí"",""es"":""Ahí"",""fr"":""Achi"",""ja"":""アチ"",""it"":""Achí"",""zh-CN"":""阿奇"",""tr"":""Achí"",""ru"":""Ачи"",""uk"":""Ачі"",""pl"":""Achi"",""hi"":""Achi"",""ar"":""أتشي""}",2019-10-06T09:39:44,2025-12-02T14:39:31,1,Q933580
20491,Agua de Dios,2875,CUN,48,CO,adm2,,,4.37648000,-74.66995000,Agua de Dios,13182,America/Bogota,"{""br"":""Agua de Dios"",""ko"":""아쿠아 데 디오스"",""pt-BR"":""Água de Deus"",""pt"":""Água de Deus"",""nl"":""Water van God"",""hr"":""Agua de Dios"",""fa"":""آگوا د دیوس"",""de"":""Agua de Dios"",""es"":""Agua de Dios"",""fr"":""Eau de Dieu"",""ja"":""アグア・デ・ディオス"",""it"":""Acqua di Dio"",""zh-CN"":""阿瓜德迪奥斯"",""tr"":""Tanrının Suyu"",""ru"":""Агуа де Диос"",""uk"":""Агуа-де-Діос"",""pl"":""Woda Dios"",""hi"":""अगुआ डे डिओस"",""ar"":""مياه ديوس""}",2019-10-06T09:39:44,2025-12-02T14:38:56,1,Q1525734
20492,Aguachica,2899,CES,48,CO,adm2,,,8.30844000,-73.61660000,Aguachica,109621,America/Bogota,"{""br"":""Aguachica"",""ko"":""아과치카"",""pt-BR"":""Aguachica"",""pt"":""Aguachica"",""nl"":""Aguachica"",""hr"":""Aguachica"",""fa"":""آگواچیکا"",""de"":""Aguachica"",""es"":""Aguachica"",""fr"":""Aguachica"",""ja"":""アグアチカ"",""it"":""Aguachica"",""zh-CN"":""阿瓜奇卡"",""tr"":""Aguachica"",""ru"":""Агуачика"",""uk"":""Агуачіка"",""pl"":""Aguachica"",""hi"":""अग्वाचिका"",""ar"":""أغواتشيكا""}",2019-10-06T09:39:44,2025-12-02T14:38:56,1,Q2309010
20493,Aguada,2901,SAN,48,CO,adm2,,,6.16019000,-73.52747000,Aguada,0,America/Bogota,"{""br"":""Aguada"",""ko"":""아과다"",""pt-BR"":""Aguada"",""pt"":""Aguada"",""nl"":""Aguada"",""hr"":""Aguada"",""fa"":""آگوادا"",""de"":""Aguada"",""es"":""Aguada"",""fr"":""Aguada"",""ja"":""アグアダ"",""it"":""Aguada"",""zh-CN"":""阿瓜达"",""tr"":""Aguada"",""ru"":""Агуада"",""uk"":""Агуада"",""pl"":""Aguada"",""hi"":""अगुआडा"",""ar"":""أغوادا""}",2019-10-06T09:39:44,2025-12-02T14:39:31,1,Q1656766
20494,Aguadas,2887,CAL,48,CO,adm2,,,5.61161000,-75.45624000,Aguadas,20712,America/Bogota,"{""br"":""Aguadas"",""ko"":""아과다스"",""pt-BR"":""Aguadas"",""pt"":""Aguadas"",""nl"":""Aguadas"",""hr"":""Aguadas"",""fa"":""آگواداس"",""de"":""Aguadas"",""es"":""Aguadas"",""fr"":""Aguadas"",""ja"":""アグアダス"",""it"":""Aguadas"",""zh-CN"":""阿瓜达斯"",""tr"":""Aguadas"",""ru"":""Агуадас"",""uk"":""Агуадас"",""pl"":""Aguadas"",""hi"":""अग्वाडास"",""ar"":""أغواداس""}",2019-10-06T09:39:44,2025-12-02T14:38:56,1,Q1442012
20495,Aguazul,2892,CAS,48,CO,adm2,,,5.17282000,-72.54706000,Aguazul,15669,America/Bogota,"{""br"":""Aguazul"",""ko"":""아과줄"",""pt-BR"":""Aguazul"",""pt"":""Aguazul"",""nl"":""Water"",""hr"":""Aguazul"",""fa"":""آگوازول"",""de"":""Aguazul"",""es"":""Aguazul"",""fr"":""Aguazul"",""ja"":""アグアスル"",""it"":""Aguazul"",""zh-CN"":""阿瓜苏尔"",""tr"":""Aguazul"",""ru"":""Агуасуль"",""uk"":""Агуасуль"",""pl"":""Aguazul"",""hi"":""एग्वाज़ुल"",""ar"":""أغوازول""}",2019-10-06T09:39:44,2025-12-02T14:39:31,1,Q13663
20496,Agustín Codazzi,2899,CES,48,CO,adm2,,,10.03672000,-73.23558000,Agustín Codazzi,50828,America/Bogota,"{""br"":""Agustín Codazzi"",""ko"":""아구스틴 코다치"",""pt-BR"":""Agustín Codazzi"",""pt"":""Agustín Codazzi"",""nl"":""Agustín Codazzi"",""hr"":""Agustín Codazzi"",""fa"":""آگوستین کوداتزی"",""de"":""Agustín Codazzi"",""es"":""Agustín Codazzi"",""fr"":""Agustín Codazzi"",""ja"":""アグスティン・コダッツィ"",""it"":""Agustín Codazzi"",""zh-CN"":""阿古斯丁·科达齐"",""tr"":""Agustín Codazzi"",""ru"":""Агустин Кодацци"",""uk"":""Агустін Кодацці"",""pl"":""Agustín Codazzi"",""hi"":""अगस्टिन कोडाज़ी"",""ar"":""أغوستين كودازي""}",2019-10-06T09:39:44,2025-12-02T14:38:56,1,Q781307
20497,Albania,2901,SAN,48,CO,adm2,,,5.75894000,-73.91376000,Albania,810,America/Bogota,"{""br"":""Albania"",""ko"":""알바니아"",""pt-BR"":""Albânia"",""pt"":""Albânia"",""nl"":""Albanië"",""hr"":""Albanija"",""fa"":""آلبانی"",""de"":""Albanien"",""es"":""Albania"",""fr"":""Albanie"",""ja"":""アルバニア"",""it"":""Albania"",""zh-CN"":""阿尔巴尼亚"",""tr"":""Arnavutluk"",""ru"":""Албания"",""uk"":""Албанія"",""pl"":""Albania"",""hi"":""अल्बानिया"",""ar"":""ألبانيا""}",2019-10-06T09:39:44,2025-12-02T14:39:31,1,Q1655535
20498,Albania,2889,LAG,48,CO,adm2,,,11.16099000,-72.59238000,Albania,26940,America/Bogota,"{""br"":""Albania"",""ko"":""알바니아"",""pt-BR"":""Albânia"",""pt"":""Albânia"",""nl"":""Albanië"",""hr"":""Albanija"",""fa"":""آلبانی"",""de"":""Albanien"",""es"":""Albania"",""fr"":""Albanie"",""ja"":""アルバニア"",""it"":""Albania"",""zh-CN"":""阿尔巴尼亚"",""tr"":""Arnavutluk"",""ru"":""Албания"",""uk"":""Албанія"",""pl"":""Albania"",""hi"":""अल्बानिया"",""ar"":""ألبانيا""}",2019-10-06T09:39:44,2025-12-02T14:39:31,1,Q932378
20499,Albania,2891,CAQ,48,CO,adm2,,,1.26325000,-75.95366000,Albania,6429,America/Bogota,"{""br"":""Albania"",""ko"":""알바니아"",""pt-BR"":""Albânia"",""pt"":""Albânia"",""nl"":""Albanië"",""hr"":""Albanija"",""fa"":""آلبانی"",""de"":""Albanien"",""es"":""Albania"",""fr"":""Albanie"",""ja"":""アルバニア"",""it"":""Albania"",""zh-CN"":""阿尔巴尼亚"",""tr"":""Arnavutluk"",""ru"":""Албания"",""uk"":""Албанія"",""pl"":""Albania"",""hi"":""अल्बानिया"",""ar"":""ألبانيا""}",2019-10-06T09:39:44,2025-12-02T17:11:50,1,Q1576577
20501,Albán,2875,CUN,48,CO,adm2,,,4.89432000,-74.44388000,albanés,1684,America/Bogota,"{""br"":""Albán"",""ko"":""알반"",""pt-BR"":""Albán"",""pt"":""Albán"",""nl"":""Albanië"",""hr"":""Alban"",""fa"":""آلبان"",""de"":""Alban"",""es"":""Albán"",""fr"":""Alban"",""ja"":""アルバン"",""it"":""Albano"",""zh-CN"":""阿尔班"",""tr"":""Arnavut"",""ru"":""Альбан"",""uk"":""Албан"",""pl"":""Alban"",""hi"":""एल्बन"",""ar"":""ألبان""}",2019-10-06T09:39:44,2025-12-02T14:39:31,1,Q1576197
20502,Alcalá,2904,VAC,48,CO,adm2,,,4.67458000,-75.77188000,Alcalá,9135,America/Bogota,"{""br"":""Alcalá"",""ko"":""알칼라"",""pt-BR"":""Alcalá"",""pt"":""Alcalá"",""nl"":""Alcalá"",""hr"":""Alcalá"",""fa"":""آلکالا"",""de"":""Alcalá"",""es"":""Alcalá"",""fr"":""Alcalá"",""ja"":""アルカラ"",""it"":""Alcalá"",""zh-CN"":""阿尔卡拉"",""tr"":""Alcalá"",""ru"":""Алькала"",""uk"":""Алькала"",""pl"":""Alcalá"",""hi"":""अल्काला"",""ar"":""ألكالا""}",2019-10-06T09:39:44,2025-12-02T14:39:31,1,Q1526276
20503,Aldana,2897,NAR,48,CO,adm2,,,0.88283000,-77.70103000,Aldana,6085,America/Bogota,"{""br"":""Aldana"",""ko"":""알다나"",""pt-BR"":""Aldana"",""pt"":""Aldana"",""nl"":""Aldana"",""hr"":""Aldana"",""fa"":""آلدانا"",""de"":""Aldana"",""es"":""Aldana"",""fr"":""Aldana"",""ja"":""アルダナ"",""it"":""Aldana"",""zh-CN"":""阿尔达纳"",""tr"":""Aldana"",""ru"":""Алдана"",""uk"":""Алдана"",""pl"":""Aldana"",""hi"":""अल्दाना"",""ar"":""ألدانا""}",2019-10-06T09:39:44,2025-12-02T14:38:56,1,Q648948
20504,Alejandría,2890,ANT,48,CO,adm2,,,6.36667000,-75.08333000,Alejandría,3816,America/Bogota,"{""br"":""Alejandría"",""ko"":""알레한드리아"",""pt-BR"":""Alejandría"",""pt"":""Alejandría"",""nl"":""Alejandría"",""hr"":""Alejandría"",""fa"":""آلخاندریا"",""de"":""Alejandría"",""es"":""Alejandría"",""fr"":""Alexandrie"",""ja"":""アレハンドリア"",""it"":""Alessandria"",""zh-CN"":""亚历杭德里亚"",""tr"":""Alejandría"",""ru"":""Алехандрия"",""uk"":""Алехандрія"",""pl"":""Alejandría"",""hi"":""Alejandria"",""ar"":""أليخاندريا""}",2019-10-06T09:39:44,2025-12-02T17:11:50,1,Q1655881
20505,Algarrobo,2886,MAG,48,CO,adm2,,,10.18553000,-74.06158000,Algarrobo,0,America/Bogota,"{""br"":""Algarrobo"",""ko"":""알가로보"",""pt-BR"":""Algarrobo"",""pt"":""Algarrobo"",""nl"":""Algarrobo"",""hr"":""Algarrobo"",""fa"":""آلگاروبو"",""de"":""Algarrobo"",""es"":""Algarrobo"",""fr"":""Algarrobo"",""ja"":""アルガロボ"",""it"":""Algarrobo"",""zh-CN"":""阿尔加罗沃"",""tr"":""Algarrobo"",""ru"":""Альгарробо"",""uk"":""Альгарробо"",""pl"":""Algarrobo"",""hi"":""अल्गारोबो"",""ar"":""ألغاروبو""}",2019-10-06T09:39:44,2025-12-02T14:39:31,1,Q1524871
20506,Almaguer,2884,CAU,48,CO,adm2,,,1.91472000,-76.85482000,Almaguer,3120,America/Bogota,"{""br"":""Almaguer"",""ko"":""알마게르"",""pt-BR"":""Almaguer"",""pt"":""Almaguer"",""nl"":""Almaguer"",""hr"":""Almaguer"",""fa"":""آلماگور"",""de"":""Almaguer"",""es"":""Almaguer"",""fr"":""Almaguer"",""ja"":""アルマゲル"",""it"":""Almaguer"",""zh-CN"":""阿尔马格"",""tr"":""Almaguer"",""ru"":""Альмагер"",""uk"":""Альмагер"",""pl"":""Almaguer"",""hi"":""अल्मागुएर"",""ar"":""ألماغير""}",2019-10-06T09:39:44,2025-12-02T14:39:31,1,Q2308989
20507,Almeida,2903,BOY,48,CO,adm2,,,4.97083000,-73.37972000,Almeida,754,America/Bogota,"{""br"":""Almeida"",""ko"":""알메이다"",""pt-BR"":""Almeida"",""pt"":""Almeida"",""nl"":""Almeida"",""hr"":""Almeida"",""fa"":""آلمیدا"",""de"":""Almeida"",""es"":""Almeida"",""fr"":""Almeida"",""ja"":""アルメイダ"",""it"":""Almeida"",""zh-CN"":""阿尔梅达"",""tr"":""Almeida"",""ru"":""Алмейда"",""uk"":""Алмейда"",""pl"":""Almeida"",""hi"":""अल्मेडा"",""ar"":""ألميدا""}",2019-10-06T09:39:44,2025-12-02T14:39:31,1,Q1656170
20508,Alpujarra,2883,TOL,48,CO,adm2,,,3.39222000,-74.93271000,Alpujarra,0,America/Bogota,"{""br"":""Alpujarra"",""ko"":""알푸하라"",""pt-BR"":""Alpujarra"",""pt"":""Alpujarra"",""nl"":""Alpujarra"",""hr"":""Alpujarra"",""fa"":""آلپوجارا"",""de"":""Alpujarra"",""es"":""Alpujarra"",""fr"":""Alpujarra"",""ja"":""アルプハラ"",""it"":""Alpujarra"",""zh-CN"":""阿尔普哈拉"",""tr"":""Alpujarra"",""ru"":""Альпухарра"",""uk"":""Альпухарра"",""pl"":""Alpujarra"",""hi"":""अल्पुजारा"",""ar"":""ألبوجارا""}",2019-10-06T09:39:44,2025-12-02T14:39:31,1,Q748817
20509,Alto Baudó,2876,CHO,48,CO,adm2,,,5.51604000,-76.97449000,Alto Baudó,3242,America/Bogota,"{""br"":""Alto Baudó"",""ko"":""알토 바우도"",""pt-BR"":""Alto Baudó"",""pt"":""Alto Baudó"",""nl"":""Alto Baudó"",""hr"":""Alto Baudó"",""fa"":""آلتو بائودو"",""de"":""Alto Baudó"",""es"":""Alto Baudó"",""fr"":""Alto Baudó"",""ja"":""アルト・バウド"",""it"":""Alto Baudó"",""zh-CN"":""阿尔托·鲍多"",""tr"":""Alto Baudó"",""ru"":""Альто Баудо"",""uk"":""Альто Баудо"",""pl"":""Alto Baudó"",""hi"":""ऑल्टो बाउडो"",""ar"":""ألتو بودو""}",2019-10-06T04:09:54,2025-12-02T14:39:31,1,Q1391883
20510,Altos del Rosario,2893,BOL,48,CO,adm2,,,8.79162000,-74.16556000,Altos del Rosario,5220,America/Bogota,"{""br"":""Altos del Rosario"",""ko"":""알토스 델 로사리오"",""pt-BR"":""Altos do Rosário"",""pt"":""Altos do Rosário"",""nl"":""Altos del Rosario"",""hr"":""Altos del Rosario"",""fa"":""آلتوس دل روساریو"",""de"":""Altos del Rosario"",""es"":""Altos del Rosario"",""fr"":""Altos del Rosario"",""ja"":""アルトス・デル・ロサリオ"",""it"":""Altos del Rosario"",""zh-CN"":""罗萨里奥山"",""tr"":""Altos del Rosario"",""ru"":""Альтос-дель-Росарио"",""uk"":""Альтос-дель-Росаріо"",""pl"":""Altos del Rosario"",""hi"":""अल्टोस डेल रोसारियो"",""ar"":""ألتوس ديل روساريو""}",2019-10-06T09:39:44,2025-12-02T14:39:31,1,Q444511
20511,Alvarado,2883,TOL,48,CO,adm2,,,4.58826000,-74.97810000,Alvarado,8873,America/Bogota,"{""br"":""Alvarado"",""ko"":""알바라도"",""pt-BR"":""Alvarado"",""pt"":""Alvarado"",""nl"":""Alvarado"",""hr"":""Alvarado"",""fa"":""آلوارادو"",""de"":""Alvarado"",""es"":""Alvarado"",""fr"":""Alvarado"",""ja"":""アルバラド"",""it"":""Alvarado"",""zh-CN"":""阿尔瓦拉多"",""tr"":""Alvarado"",""ru"":""Альварадо"",""uk"":""Альварадо"",""pl"":""Alvarado"",""hi"":""अल्वराडो"",""ar"":""ألفارادو""}",2019-10-06T09:39:44,2025-12-02T17:11:50,1,Q23697332
20512,Amagá,2890,ANT,48,CO,adm2,,,6.04001000,-75.70315000,Amaga,12170,America/Bogota,"{""br"":""Amagá"",""ko"":""아마가"",""pt-BR"":""Amagá"",""pt"":""Amagá"",""nl"":""Amagá"",""hr"":""Amagá"",""fa"":""آماگا"",""de"":""Amagá"",""es"":""Amagá"",""fr"":""Amagá"",""ja"":""アマガ"",""it"":""Amagá"",""zh-CN"":""阿马加"",""tr"":""Amagá"",""ru"":""Амага"",""uk"":""Амага"",""pl"":""Amagá"",""hi"":""अमागा"",""ar"":""أماجا""}",2019-10-06T09:39:44,2025-12-02T14:39:31,1,Q1441660
20513,Amalfi,2890,ANT,48,CO,adm2,,,6.91016000,-75.07764000,Amalfi,9733,America/Bogota,"{""br"":""Amalfi"",""ko"":""아말피"",""pt-BR"":""Amalfi"",""pt"":""Amalfi"",""nl"":""Amalfi"",""hr"":""Amalfi"",""fa"":""آمالفی"",""de"":""Amalfi"",""es"":""Amalfi"",""fr"":""Amalfi"",""ja"":""アマルフィ"",""it"":""Amalfi"",""zh-CN"":""阿马尔菲"",""tr"":""Amalfi"",""ru"":""Амальфи"",""uk"":""Амальфі"",""pl"":""Amalfi"",""hi"":""अमाल्फी"",""ar"":""أمالفي""}",2019-10-06T09:39:44,2025-12-02T14:39:31,1,Q1441668
20514,Ambalema,2883,TOL,48,CO,adm2,,,4.78405000,-74.76268000,Ambalabao,7563,America/Bogota,"{""br"":""Ambalema"",""ko"":""암발레마"",""pt-BR"":""Ambalema"",""pt"":""Ambalema"",""nl"":""Ambalema"",""hr"":""Ambalema"",""fa"":""آمبالما"",""de"":""Ambalema"",""es"":""Ambalema"",""fr"":""Ambalema"",""ja"":""アンバレマ"",""it"":""Ambalema"",""zh-CN"":""安巴莱马"",""tr"":""Ambalema"",""ru"":""Амбалема"",""uk"":""Амбалема"",""pl"":""Ambalema"",""hi"":""अंबालेमा"",""ar"":""أمباليما""}",2019-10-06T09:39:44,2025-12-02T14:38:56,1,Q1574897
20516,Anapoima,2875,CUN,48,CO,adm2,,,4.55099000,-74.53517000,Cuando sube,4953,America/Bogota,"{""br"":""Anapoima"",""ko"":""아나포이마"",""pt-BR"":""Anapoima"",""pt"":""Anapoima"",""nl"":""Anapoima"",""hr"":""Anapoima"",""fa"":""آناپویما"",""de"":""Anapoima"",""es"":""Anapoima"",""fr"":""Anapoima"",""ja"":""アナポイマ"",""it"":""Anapoima"",""zh-CN"":""阿纳波伊马"",""tr"":""Anapoima"",""ru"":""Анапойма"",""uk"":""Анапойма"",""pl"":""Anapoima"",""hi"":""अनापोइमा"",""ar"":""أنابويما""}",2019-10-06T09:39:44,2025-12-02T14:39:31,1,Q1577095
20517,Ancuya,2897,NAR,48,CO,adm2,,,1.26330000,-77.51376000,Ancuya,5852,America/Bogota,"{""br"":""Ancuya"",""ko"":""안쿠야"",""pt-BR"":""Ancuya"",""pt"":""Ancuya"",""nl"":""Ancuya"",""hr"":""Ancuya"",""fa"":""آنکویا"",""de"":""Ancuya"",""es"":""Ancuya"",""fr"":""Ancuya"",""ja"":""アンクヤ"",""it"":""Ancuya"",""zh-CN"":""安库亚"",""tr"":""Ancuya"",""ru"":""Анкуя"",""uk"":""Анкуйя"",""pl"":""Ancuya"",""hi"":""अंकुया"",""ar"":""أنكويا""}",2019-10-06T09:39:44,2025-12-02T14:39:31,1,Q1575668
20519,Andalucía,2904,VAC,48,CO,adm2,,,4.14035000,-76.14739000,Andalucía,18132,America/Bogota,"{""br"":""Andalouzia"",""ko"":""안달루시아"",""pt-BR"":""Andaluzia"",""pt"":""Andaluzia"",""nl"":""Andalusië"",""hr"":""Andaluzija"",""fa"":""آندالوسیا"",""de"":""Andalusien"",""es"":""Andalucía"",""fr"":""Andalousie"",""ja"":""アンダルシア"",""it"":""Andalusia"",""zh-CN"":""安达卢西亚"",""tr"":""Endülüs"",""ru"":""Андалусия"",""uk"":""Андалусія"",""pl"":""Andaluzja"",""hi"":""अंडालूसिया"",""ar"":""الأندلس""}",2019-10-06T09:39:44,2025-12-02T14:39:31,1,Q1526216
20520,Andes,2890,ANT,48,CO,city,,,5.66974000,-75.89905000,Andes,43269,America/Bogota,"{""br"":""Andoù"",""ko"":""안데스 산맥"",""pt-BR"":""Andes"",""pt"":""Andes"",""nl"":""Andes"",""hr"":""Ande"",""fa"":""آند"",""de"":""Anden"",""es"":""Andes"",""fr"":""Andes"",""ja"":""アンデス"",""it"":""Ande"",""zh-CN"":""安第斯山脉"",""tr"":""And Dağları"",""ru"":""Анды"",""uk"":""Анди"",""pl"":""Andy"",""hi"":""एंडीज"",""ar"":""جبال الأنديز""}",2019-10-06T09:39:44,2025-12-02T17:11:50,1,Q267585
20521,Angelópolis,2890,ANT,48,CO,adm2,,,6.12228000,-75.71432000,Angelópolis,1917,America/Bogota,"{""br"":""Angelópolis"",""ko"":""앙헬로폴리스"",""pt-BR"":""Angelópolis"",""pt"":""Angelópolis"",""nl"":""Angelópolis"",""hr"":""Angelópolis"",""fa"":""آنجلوپولیس"",""de"":""Angelópolis"",""es"":""Angelópolis"",""fr"":""Angelópolis"",""ja"":""アンヘロポリス"",""it"":""Angelópolis"",""zh-CN"":""安杰洛波利斯"",""tr"":""Angelópolis"",""ru"":""Ангелополис"",""uk"":""Ангелополіс"",""pl"":""Angelópolis"",""hi"":""एंजेलोपोलिस"",""ar"":""أنجيلوبوليس""}",2019-10-06T09:39:44,2025-12-02T14:39:31,1,Q1576502
20522,Angostura,2890,ANT,48,CO,adm2,,,6.87120000,-75.35947000,Angostura,10500,America/Bogota,"{""br"":""Angostura"",""ko"":""앙고스투라"",""pt-BR"":""Angostura"",""pt"":""Angostura"",""nl"":""Angostura"",""hr"":""Angostura"",""fa"":""آنگوستورا"",""de"":""Angostura"",""es"":""Angostura"",""fr"":""Angostura"",""ja"":""アンゴスチュラ"",""it"":""Angostura"",""zh-CN"":""安哥斯图拉"",""tr"":""Angostura"",""ru"":""Ангостура"",""uk"":""Ангостура"",""pl"":""Angostura"",""hi"":""अंगोस्टुरा"",""ar"":""أنجوستورا""}",2019-10-06T09:39:44,2025-12-02T17:11:50,1,Q1525268
20523,Anolaima,2875,CUN,48,CO,adm2,,,4.83362000,-74.49950000,Whatajoala,12911,America/Bogota,"{""br"":""Anolaima"",""ko"":""아놀라마"",""pt-BR"":""Anolaima"",""pt"":""Anolaima"",""nl"":""Anolaima"",""hr"":""Anolaima"",""fa"":""آنولایما"",""de"":""Anolaima"",""es"":""Anolaima"",""fr"":""Anolaima"",""ja"":""アノライマ"",""it"":""Anolaima"",""zh-CN"":""安诺莱马"",""tr"":""Anolaima"",""ru"":""Анолайма"",""uk"":""Анолайма"",""pl"":""Anolaima"",""hi"":""एनोलाइमा"",""ar"":""أنولايما""}",2019-10-06T09:39:44,2025-12-02T17:11:50,1,Q1524766
20525,Anserma,2887,CAL,48,CO,adm2,,,5.20427000,-75.79167000,Anserma,0,America/Bogota,"{""br"":""Anserma"",""ko"":""안세르마"",""pt-BR"":""Anserma"",""pt"":""Anserma"",""nl"":""Anserma"",""hr"":""Anserma"",""fa"":""آنسرما"",""de"":""Anserma"",""es"":""Anserma"",""fr"":""Anserma"",""ja"":""アンセルマ"",""it"":""Anserma"",""zh-CN"":""安塞尔玛"",""tr"":""Anserma"",""ru"":""Ансерма"",""uk"":""Ансерма"",""pl"":""Anserma"",""hi"":""एन्सर्मा"",""ar"":""أنسيرما""}",2019-10-06T09:39:44,2025-12-02T14:39:31,1,Q547678
20526,Ansermanuevo,2904,VAC,48,CO,adm2,,,4.79722000,-75.99500000,Ansermanuevo,12332,America/Bogota,"{""br"":""Ansermanuevo"",""ko"":""안세르마누에보"",""pt-BR"":""Ansermanuevo"",""pt"":""Ansermanuevo"",""nl"":""Ansermanuevo"",""hr"":""Ansermanuevo"",""fa"":""آنسرمانوو"",""de"":""Ansermanuevo"",""es"":""Ansermanuevo"",""fr"":""Ansermanuevo"",""ja"":""アンセルマヌエボ"",""it"":""Ansermanuevo"",""zh-CN"":""安塞尔曼努埃沃"",""tr"":""Ansermanuevo"",""ru"":""Ансермануэво"",""uk"":""Ансермануєво"",""pl"":""Ansermanuevo"",""hi"":""अंसेरमानुएवो"",""ar"":""أنسيرمانويفو""}",2019-10-06T09:39:44,2025-12-02T14:39:31,1,Q1441179
20527,Anza,2890,ANT,48,CO,adm2,,,6.33333000,-75.91667000,Anza,7415,America/Bogota,"{""br"":""Anza"",""ko"":""안자"",""pt-BR"":""Anza"",""pt"":""Anza"",""nl"":""Anza"",""hr"":""Anza"",""fa"":""آنزا"",""de"":""Anza"",""es"":""Anza"",""fr"":""Anza"",""ja"":""アンザ"",""it"":""Anza"",""zh-CN"":""安扎"",""tr"":""Anza"",""ru"":""Анза"",""uk"":""Анза"",""pl"":""Anza"",""hi"":""एंज़ा"",""ar"":""أنزا""}",2019-10-06T09:39:44,2025-12-02T17:11:50,1,Q1441179
20528,Anzoátegui,2883,TOL,48,CO,adm2,,,4.62232000,-75.18046000,Anzoátegui,18849,America/Bogota,"{""br"":""Anzoátegui"",""ko"":""안소아테기"",""pt-BR"":""Anzoátegui"",""pt"":""Anzoátegui"",""nl"":""Anzoátegui"",""hr"":""Anzoátegui"",""fa"":""آنزوآتگی"",""de"":""Anzoátegui"",""es"":""Anzoátegui"",""fr"":""Anzoátegui"",""ja"":""アンソアテギ"",""it"":""Anzoátegui"",""zh-CN"":""安索阿特吉"",""tr"":""Anzoátegui"",""ru"":""Ансоатеги"",""uk"":""Ансоатегі"",""pl"":""Anzoátegui"",""hi"":""एंज़ोएटेगुई"",""ar"":""أنزواتيغي""}",2019-10-06T09:39:44,2025-12-02T17:11:50,1,Q23696910
20529,Apartadó,2890,ANT,48,CO,adm2,,,7.88299000,-76.62587000,Apartadó,86438,America/Bogota,"{""br"":""Apartado"",""ko"":""아파트타도"",""pt-BR"":""Apartadó"",""pt"":""Apartadó"",""nl"":""Apartadó"",""hr"":""Apartadó"",""fa"":""آپارتمان"",""de"":""Apartadó"",""es"":""Apartadó"",""fr"":""Apartadó"",""ja"":""アパルタド"",""it"":""Apartadó"",""zh-CN"":""公寓"",""tr"":""Apartadó"",""ru"":""Апартадо"",""uk"":""Апартадо"",""pl"":""Apartadó"",""hi"":""अपार्टाडो"",""ar"":""أبارتادو""}",2019-10-06T09:39:44,2025-12-02T14:39:31,1,Q1093516
20530,Apulo,2875,CUN,48,CO,adm2,,,4.51952000,-74.59293000,Manzana,4084,America/Bogota,"{""br"":""Apulo"",""ko"":""아풀로"",""pt-BR"":""Apulo"",""pt"":""Apulo"",""nl"":""Apulo"",""hr"":""Apulo"",""fa"":""آپولو"",""de"":""Apulo"",""es"":""Apulo"",""fr"":""Apulo"",""ja"":""アプロ"",""it"":""Apulo"",""zh-CN"":""阿普洛"",""tr"":""Apulo"",""ru"":""Апуло"",""uk"":""Апуло"",""pl"":""Apulo"",""hi"":""अपुलो"",""ar"":""أبولو""}",2019-10-06T09:39:44,2025-12-02T14:39:31,1,Q23684351
20531,Apía,2879,RIS,48,CO,adm2,,,5.10658000,-75.94244000,Apía,6940,America/Bogota,"{""br"":""Apía"",""ko"":""아피아"",""pt-BR"":""Apia"",""pt"":""Apia"",""nl"":""Apía"",""hr"":""Apía"",""fa"":""آپیا"",""de"":""Apía"",""es"":""Apía"",""fr"":""Apía"",""ja"":""アピア"",""it"":""Apia"",""zh-CN"":""阿皮亚"",""tr"":""Apía"",""ru"":""Апиа"",""uk"":""Апіа"",""pl"":""Apía"",""hi"":""एपिया"",""ar"":""أبيا""}",2019-10-06T09:39:44,2025-12-02T14:39:31,1,Q1525318
20532,Aquitania,2903,BOY,48,CO,adm2,,,5.40341000,-72.90192000,Aquitania,16087,America/Bogota,"{""br"":""Akitania"",""ko"":""아키타니아"",""pt-BR"":""Aquitânia"",""pt"":""Aquitânia"",""nl"":""Aquitanië"",""hr"":""Akvitanija"",""fa"":""آکیتانیا"",""de"":""Aquitanien"",""es"":""Aquitania"",""fr"":""Aquitaine"",""ja"":""アキタニア"",""it"":""Aquitania"",""zh-CN"":""阿基坦尼亚"",""tr"":""Aquitania"",""ru"":""Аквитания"",""uk"":""Аквітанія"",""pl"":""Akwitania"",""hi"":""एक्विटनिया"",""ar"":""أكويتانيا""}",2019-10-06T09:39:44,2025-12-02T17:11:50,1,Q1526099
20533,Aracataca,2886,MAG,48,CO,adm2,,,10.59181000,-74.18983000,Aracataca,41872,America/Bogota,"{""br"":""Aracataca"",""ko"":""아라카타카"",""pt-BR"":""Aracataca"",""pt"":""Aracataca"",""nl"":""Aracataca"",""hr"":""Aracataca"",""fa"":""آراکاتاکا"",""de"":""Aracataca"",""es"":""Aracataca"",""fr"":""Aracataca"",""ja"":""アラカタカ"",""it"":""Aracataca"",""zh-CN"":""阿拉卡塔卡"",""tr"":""Aracataca"",""ru"":""Аракатака"",""uk"":""Аракатака"",""pl"":""Aracataca"",""hi"":""अराकाटका"",""ar"":""أراكاتاكا""}",2019-10-06T09:39:44,2025-12-02T14:38:56,1,Q624492
20534,Aranzazu,2887,CAL,48,CO,adm2,,,5.25519000,-75.50984000,Ciruela,20495,America/Bogota,"{""br"":""Aranzazu"",""ko"":""아란자주"",""pt-BR"":""Aranzazu"",""pt"":""Aranzazu"",""nl"":""Aranzazu"",""hr"":""Aranzazu"",""fa"":""آرانزازو"",""de"":""Aranzazu"",""es"":""Aránzazu"",""fr"":""Aranzazu"",""ja"":""アランサス"",""it"":""Aranzazu"",""zh-CN"":""阿兰扎祖"",""tr"":""Aranzazu"",""ru"":""Аранзазу"",""uk"":""Аранзасу"",""pl"":""Aranzazu"",""hi"":""अरनज़ाज़ू"",""ar"":""أرانزازو""}",2019-10-06T09:39:44,2025-12-02T14:39:31,1,Q1525243
20535,Aratoca,2901,SAN,48,CO,adm2,,,6.69432000,-73.01868000,Arathoca,2101,America/Bogota,"{""br"":""Aratoca"",""ko"":""아라토카"",""pt-BR"":""Aratoca"",""pt"":""Aratoca"",""nl"":""Aratoca"",""hr"":""Aratoca"",""fa"":""آراتوکا"",""de"":""Aratoca"",""es"":""Aratoca"",""fr"":""Aratoca"",""ja"":""アラトカ"",""it"":""Aratoca"",""zh-CN"":""阿拉托卡"",""tr"":""Aratoca"",""ru"":""Аратока"",""uk"":""Аратока"",""pl"":""Aratoca"",""hi"":""अराटोका"",""ar"":""أراتوكا""}",2019-10-06T09:39:44,2025-12-02T14:39:31,1,Q933015
20536,Arauca,2881,ARA,48,CO,adm1,,,7.08471000,-70.75908000,Arauca,96814,America/Bogota,"{""br"":""Arauca"",""ko"":""아라우카"",""pt-BR"":""Arauca"",""pt"":""Arauca"",""nl"":""Arauca"",""hr"":""Arauca"",""fa"":""آراوکا"",""de"":""Arauca"",""es"":""Arauca"",""fr"":""Arauca"",""ja"":""アラウカ"",""it"":""Arauca"",""zh-CN"":""阿劳卡"",""tr"":""Arauca"",""ru"":""Араука"",""uk"":""Араука"",""pl"":""Arauca"",""hi"":""अरौशा"",""ar"":""أراوكا""}",2019-10-06T09:39:44,2025-12-02T14:38:56,1,Q626543
20537,Arauquita,2881,ARA,48,CO,adm2,,,7.02917000,-71.42806000,Arauquita,9950,America/Bogota,"{""br"":""Arauquita"",""ko"":""아라우키타"",""pt-BR"":""Arauquita"",""pt"":""Arauquita"",""nl"":""Arauquita"",""hr"":""Arauquita"",""fa"":""آراوکیتا"",""de"":""Arauquita"",""es"":""Arauquita"",""fr"":""Arauquita"",""ja"":""アラウキタ"",""it"":""Arauquita"",""zh-CN"":""阿劳基塔"",""tr"":""Arauquita"",""ru"":""Араукита"",""uk"":""Араукіта"",""pl"":""Arauquita"",""hi"":""अरौक्विटा"",""ar"":""أراوكيتا""}",2019-10-06T09:39:44,2025-12-02T14:39:31,1,Q2320331
20538,Arbeláez,2875,CUN,48,CO,adm2,,,4.21251000,-74.41464000,Arbeláez,5252,America/Bogota,"{""br"":""Arbeláez"",""ko"":""아르벨라에즈"",""pt-BR"":""Arbeláez"",""pt"":""Arbeláez"",""nl"":""Arbeláez"",""hr"":""Arbeláez"",""fa"":""آربلائز"",""de"":""Arbeláez"",""es"":""Arbeláez"",""fr"":""Arbeláez"",""ja"":""アルベラエス"",""it"":""Arbeláez"",""zh-CN"":""阿尔贝拉埃兹"",""tr"":""Arbeláez"",""ru"":""Арбелаэс"",""uk"":""Арбелаес"",""pl"":""Arbeláez"",""hi"":""अर्बेलेज़"",""ar"":""أربيلايز""}",2019-10-06T09:39:44,2025-12-02T14:39:31,1,Q925824
20539,Arboleda,2897,NAR,48,CO,city,,,1.49830000,-77.13613000,Arboleda,1736,America/Bogota,"{""br"":""Arboleda"",""ko"":""아르볼레다"",""pt-BR"":""Arboleda"",""pt"":""Arboleda"",""nl"":""Arboleda"",""hr"":""Arboleda"",""fa"":""آربولدا"",""de"":""Arboleda"",""es"":""Arboleda"",""fr"":""Arboleda"",""ja"":""アルボレダ"",""it"":""Arboleda"",""zh-CN"":""阿尔博莱达"",""tr"":""Arboleda"",""ru"":""Арболеда"",""uk"":""Арболеда"",""pl"":""Arboleda"",""hi"":""अर्बोलेडा"",""ar"":""أربوليدا""}",2019-10-06T09:39:44,2025-12-02T14:39:31,1,Q1579470
20540,Arboledas,2877,NSA,48,CO,adm2,,,7.63494000,-72.86050000,Arboledas,8984,America/Bogota,"{""br"":""Arboledas"",""ko"":""아르볼레다스"",""pt-BR"":""Arboledas"",""pt"":""Arboledas"",""nl"":""Arboledas"",""hr"":""Arboledas"",""fa"":""آربولداس"",""de"":""Arboledas"",""es"":""Arboledas"",""fr"":""Arboledas"",""ja"":""アルボレダス"",""it"":""Arboledas"",""zh-CN"":""阿尔博莱达斯"",""tr"":""Arboledas"",""ru"":""Арболедас"",""uk"":""Арболедас"",""pl"":""Arboledas"",""hi"":""अर्बोलेदास"",""ar"":""أربوليداس""}",2019-10-06T09:39:44,2025-12-02T17:11:50,1,Q1574827
20541,Arboletes,2890,ANT,48,CO,adm2,,,8.85051000,-76.42694000,Arboletes,8380,America/Bogota,"{""br"":""Arboletes"",""ko"":""아르볼레테스"",""pt-BR"":""Arboletes"",""pt"":""Arboletes"",""nl"":""Arboletes"",""hr"":""Arboleti"",""fa"":""آربولتس"",""de"":""Arboletes"",""es"":""Arboletes"",""fr"":""Arboletes"",""ja"":""アルボレテス"",""it"":""Arboleti"",""zh-CN"":""阿博莱特斯"",""tr"":""Arboletler"",""ru"":""Арболеты"",""uk"":""Арболети"",""pl"":""Arboletes"",""hi"":""अर्बोलेट्स"",""ar"":""شجيرات""}",2019-10-06T09:39:44,2025-12-02T14:39:31,1,Q2088061
20542,Arcabuco,2903,BOY,48,CO,adm2,,,5.75463000,-73.43669000,Arcabuco,1564,America/Bogota,"{""br"":""Arcabuco"",""ko"":""아르카부코"",""pt-BR"":""Arcabuco"",""pt"":""Arcabuco"",""nl"":""Arcabuco"",""hr"":""Arcabuco"",""fa"":""آرکابوکو"",""de"":""Arcabuco"",""es"":""Arcabuco"",""fr"":""Arcabuco"",""ja"":""アルカブコ"",""it"":""Arcabuco"",""zh-CN"":""阿卡布科"",""tr"":""Arcabuco"",""ru"":""Аркабуко"",""uk"":""Аркабуко"",""pl"":""Arcabuco"",""hi"":""आर्काबुको"",""ar"":""أركابوكو""}",2019-10-06T09:39:44,2025-12-02T14:39:31,1,Q1654728
20543,Arenal,2893,BOL,48,CO,adm2,,,8.45928000,-73.94331000,Arenal,5346,America/Bogota,"{""br"":""Arenal"",""ko"":""아레날"",""pt-BR"":""Arenal"",""pt"":""Arenal"",""nl"":""Arenal"",""hr"":""Arenal"",""fa"":""آرنال"",""de"":""Arenal"",""es"":""Arenal"",""fr"":""Arenal"",""ja"":""アレナル"",""it"":""Arenal"",""zh-CN"":""阿雷纳尔"",""tr"":""Arenal"",""ru"":""Ареналь"",""uk"":""Аренал"",""pl"":""Arenal"",""hi"":""एरेनाल"",""ar"":""أرينال""}",2019-10-06T09:39:44,2025-12-02T14:38:56,1,Q641599
20544,Argelia,2890,ANT,48,CO,adm2,,,5.73127000,-75.14257000,Argelia,3474,America/Bogota,"{""br"":""Argelia"",""ko"":""아르젤리아"",""pt-BR"":""Argélia"",""pt"":""Argélia"",""nl"":""Argelië"",""hr"":""Argelia"",""fa"":""آرگلیا"",""de"":""Argentinien"",""es"":""Argelia"",""fr"":""Algérie"",""ja"":""アルジェリア"",""it"":""Argentina"",""zh-CN"":""阿尔及利亚"",""tr"":""Argelia"",""ru"":""Аргелия"",""uk"":""Аргелія"",""pl"":""Argelia"",""hi"":""अर्जेलिया"",""ar"":""أرجيليا""}",2019-10-06T09:39:44,2025-12-02T14:39:31,1,Q2336241
20545,Argelia,2884,CAU,48,CO,adm2,,,2.31728000,-77.25700000,Argelia,4262,America/Bogota,"{""br"":""Argelia"",""ko"":""아르젤리아"",""pt-BR"":""Argélia"",""pt"":""Argélia"",""nl"":""Argelië"",""hr"":""Argelia"",""fa"":""آرگلیا"",""de"":""Argentinien"",""es"":""Argelia"",""fr"":""Algérie"",""ja"":""アルジェリア"",""it"":""Argentina"",""zh-CN"":""阿尔及利亚"",""tr"":""Argelia"",""ru"":""Аргелия"",""uk"":""Аргелія"",""pl"":""Argelia"",""hi"":""अर्जेलिया"",""ar"":""أرجيليا""}",2019-10-06T09:39:44,2025-12-02T14:39:31,1,Q2429884
20546,Argelia,2904,VAC,48,CO,adm2,,,4.72904000,-76.11637000,Argelia,3418,America/Bogota,"{""br"":""Argelia"",""ko"":""아르젤리아"",""pt-BR"":""Argélia"",""pt"":""Argélia"",""nl"":""Argelië"",""hr"":""Argelia"",""fa"":""آرگلیا"",""de"":""Argentinien"",""es"":""Argelia"",""fr"":""Algérie"",""ja"":""アルジェリア"",""it"":""Argentina"",""zh-CN"":""阿尔及利亚"",""tr"":""Argelia"",""ru"":""Аргелия"",""uk"":""Аргелія"",""pl"":""Argelia"",""hi"":""अर्जेलिया"",""ar"":""أرجيليا""}",2019-10-06T09:39:44,2025-12-02T14:39:31,1,Q2142901
20548,Ariguaní,2886,MAG,48,CO,adm2,,,9.89383000,-74.13583000,Aperiorí,32758,America/Bogota,"{""br"":""Ariguaní"",""ko"":""아리과니"",""pt-BR"":""Ariguaní"",""pt"":""Ariguaní"",""nl"":""Ariguaní"",""hr"":""Ariguaní"",""fa"":""آریگوانی"",""de"":""Ariguaní"",""es"":""Ariguaní"",""fr"":""Ariguaní"",""ja"":""アリグアニ"",""it"":""Ariguaní"",""zh-CN"":""阿里瓜尼"",""tr"":""Ariguani"",""ru"":""Аригуани"",""uk"":""Арігуані"",""pl"":""Ariguaní"",""hi"":""अरिगुआनी"",""ar"":""أريغواني""}",2019-10-06T09:39:44,2025-12-02T17:11:50,1,Q1392520
20549,Arjona,2893,BOL,48,CO,adm2,,,10.17594000,-75.35884000,Arjona,73730,America/Bogota,"{""br"":""Arjona"",""ko"":""아르조나"",""pt-BR"":""Arjona"",""pt"":""Arjona"",""nl"":""Arjona"",""hr"":""Arjona"",""fa"":""آرجونا"",""de"":""Arjona"",""es"":""Arjona"",""fr"":""Arjona"",""ja"":""アルホナ"",""it"":""Arjona"",""zh-CN"":""阿霍纳"",""tr"":""Arjona"",""ru"":""Арджона"",""uk"":""Арджона"",""pl"":""Arjona"",""hi"":""अर्जोना"",""ar"":""أرجونا""}",2019-10-06T09:39:44,2025-12-02T17:11:50,1,Q671427
20550,Armenia,2874,QUI,48,CO,adm1,,,4.53307000,-75.70438000,Armenia,301226,America/Bogota,"{""br"":""Armenia"",""ko"":""아르메니아"",""pt-BR"":""Armênia"",""pt"":""Armênia"",""nl"":""Armenië"",""hr"":""Armenija"",""fa"":""ارمنستان"",""de"":""Armenien"",""es"":""Armenia"",""fr"":""Arménie"",""ja"":""アルメニア"",""it"":""Armenia"",""zh-CN"":""亚美尼亚"",""tr"":""Ermenistan"",""ru"":""Армения"",""uk"":""Вірменія"",""pl"":""Armenia"",""hi"":""आर्मीनिया"",""ar"":""أرمينيا""}",2019-10-06T09:39:44,2025-12-02T17:11:50,1,Q328518
20551,Armenia,2890,ANT,48,CO,adm2,,,6.17554000,-75.81230000,Armenia,301226,America/Bogota,"{""br"":""Armenia"",""ko"":""아르메니아"",""pt-BR"":""Armênia"",""pt"":""Armênia"",""nl"":""Armenië"",""hr"":""Armenija"",""fa"":""ارمنستان"",""de"":""Armenien"",""es"":""Armenia"",""fr"":""Arménie"",""ja"":""アルメニア"",""it"":""Armenia"",""zh-CN"":""亚美尼亚"",""tr"":""Ermenistan"",""ru"":""Армения"",""uk"":""Вірменія"",""pl"":""Armenia"",""hi"":""आर्मीनिया"",""ar"":""أرمينيا""}",2019-10-06T09:39:44,2025-12-02T17:11:50,1,Q23697017
20552,Armero,2883,TOL,48,CO,adm2,,,5.03055666,-74.88444444,Armero,5339,America/Bogota,"{""br"":""Armero"",""ko"":""아르메로"",""pt-BR"":""Armero"",""pt"":""Armero"",""nl"":""Armero"",""hr"":""Armero"",""fa"":""آرمرو"",""de"":""Armero"",""es"":""Armero"",""fr"":""Armero"",""ja"":""アルメロ"",""it"":""Armero"",""zh-CN"":""阿梅罗"",""tr"":""Armero"",""ru"":""Армеро"",""uk"":""Армеро"",""pl"":""Armero"",""hi"":""आर्मेरो"",""ar"":""أرميرو""}",2019-10-06T04:09:44,2025-12-02T14:39:31,1,Q584880
20554,Arroyohondo,2893,BOL,48,CO,adm2,,,10.25220000,-75.01980000,Arroyohondo,3622,America/Bogota,"{""br"":""Arroyohondo"",""ko"":""아로요혼도"",""pt-BR"":""Arroyohondo"",""pt"":""Arroyohondo"",""nl"":""Arroyohondo"",""hr"":""Arroyohondo"",""fa"":""آرویوهوندو"",""de"":""Arroyohondo"",""es"":""Arroyohondo"",""fr"":""Arroyohondo"",""ja"":""アロヨホンド"",""it"":""Arroyohondo"",""zh-CN"":""阿罗约洪多"",""tr"":""Arroyohondo"",""ru"":""Арройоондо"",""uk"":""Арройоондо"",""pl"":""Arroyohondo"",""hi"":""अरोयोहोंडो"",""ar"":""أرويوهوندو""}",2019-10-06T09:39:44,2025-12-02T14:38:56,1,Q513501
20555,Astrea,2899,CES,48,CO,adm2,,,9.49828000,-73.97591000,Astrea,18434,America/Bogota,"{""br"":""Astrea"",""ko"":""아스트레아"",""pt-BR"":""Astrea"",""pt"":""Astrea"",""nl"":""Astrea"",""hr"":""Astrea"",""fa"":""آستریا"",""de"":""Astrea"",""es"":""Astrea"",""fr"":""Astrée"",""ja"":""アストレア"",""it"":""Astrea"",""zh-CN"":""阿斯特雷亚"",""tr"":""Astrea"",""ru"":""Астрея"",""uk"":""Астрея"",""pl"":""Astrea"",""hi"":""एस्ट्रिया"",""ar"":""أستريا""}",2019-10-06T09:39:44,2025-12-02T14:38:56,1,Q1525298
20556,Ataco,2883,TOL,48,CO,adm2,,,3.59147000,-75.38178000,Ataco,13470,America/Bogota,"{""br"":""Ataco"",""ko"":""아타코"",""pt-BR"":""Ataco"",""pt"":""Ataco"",""nl"":""Ataco"",""hr"":""Ataco"",""fa"":""آتاکو"",""de"":""Ataco"",""es"":""Ataco"",""fr"":""Ataco"",""ja"":""アタコ"",""it"":""Ataco"",""zh-CN"":""阿塔科"",""tr"":""Ataco"",""ru"":""Атако"",""uk"":""Атако"",""pl"":""Atak"",""hi"":""अटाको"",""ar"":""أتاكو""}",2019-10-06T09:39:44,2025-12-02T14:38:56,1,Q2430018
20557,Atrato,2876,CHO,48,CO,adm2,,,5.57362000,-76.64063000,Atrato,0,America/Bogota,"{""br"":""Atrato"",""ko"":""아트라토"",""pt-BR"":""Atrato"",""pt"":""Atrato"",""nl"":""Atrato"",""hr"":""Atrato"",""fa"":""آتراتو"",""de"":""Atrato"",""es"":""Atrato"",""fr"":""Atrato"",""ja"":""アトラト"",""it"":""Atrato"",""zh-CN"":""阿特拉托"",""tr"":""Atrato"",""ru"":""Атрато"",""uk"":""Атрато"",""pl"":""Atrato"",""hi"":""अत्रातो"",""ar"":""أتراتو""}",2019-10-06T09:39:44,2025-12-02T14:39:31,1,Q1576206
20558,Ayapel,2898,COR,48,CO,adm2,,,8.31372000,-75.13982000,Ayapel,47247,America/Bogota,"{""br"":""Ayapel"",""ko"":""아야펠"",""pt-BR"":""Ayapel"",""pt"":""Ayapel"",""nl"":""Ayapel"",""hr"":""Ayapel"",""fa"":""آیاپل"",""de"":""Ayapel"",""es"":""Ayapel"",""fr"":""Ayapel"",""ja"":""アヤペル"",""it"":""Ayapel"",""zh-CN"":""阿亚佩尔"",""tr"":""Ayapel"",""ru"":""Аяпель"",""uk"":""Аяпел"",""pl"":""Ayapel"",""hi"":""अयापेल"",""ar"":""أيابيل""}",2019-10-06T09:39:44,2025-12-02T14:38:56,1,Q2430087
20559,Bagadó,2876,CHO,48,CO,adm2,,,5.41164000,-76.41520000,Mierda,4561,America/Bogota,"{""br"":""Bagadó"",""ko"":""바가도"",""pt-BR"":""Bagadó"",""pt"":""Bagadó"",""nl"":""Bagadó"",""hr"":""Bagadó"",""fa"":""باگادو"",""de"":""Bagadó"",""es"":""Bagadó"",""fr"":""Bagadó"",""ja"":""バガド"",""it"":""Bagadó"",""zh-CN"":""巴加多"",""tr"":""Bagadó"",""ru"":""Багадо"",""uk"":""Багадо"",""pl"":""Bagadó"",""hi"":""मेडेलिन"",""ar"":""باغادو""}",2019-10-06T09:39:44,2025-12-02T14:39:31,1,Q1576654
20560,Bahía Solano,2876,CHO,48,CO,city,,,6.22520000,-77.39147000,Bahía Solano,9400,America/Bogota,"{""br"":""Bahia Solano"",""ko"":""바이아 솔라노"",""pt-BR"":""Baía Solano"",""pt"":""Baía Solano"",""nl"":""Bahía Solano"",""hr"":""Bahía Solano"",""fa"":""باهیا سولانو"",""de"":""Bahía Solano"",""es"":""Bahía Solano"",""fr"":""Baie Solano"",""ja"":""ソラノ湾"",""it"":""Bahía Solano"",""zh-CN"":""巴伊亚索拉诺"",""tr"":""Bahía Solano"",""ru"":""Баия Солано"",""uk"":""Баїя-Солано"",""pl"":""Bahía Solano"",""hi"":""बाहिया सोलानो"",""ar"":""باهيا سولانو""}",2019-10-06T09:39:44,2025-12-02T14:38:56,1,Q1579457
20561,Bajo Baudó,2876,CHO,48,CO,adm2,,,4.95334000,-77.36598000,Bajo Baudó,18561,America/Bogota,"{""br"":""Bajo Baudó"",""ko"":""바호 바우도"",""pt-BR"":""Baixo Baudó"",""pt"":""Baixo Baudó"",""nl"":""Bajo Baudó"",""hr"":""Bajo Baudó"",""fa"":""باجو بائودو"",""de"":""Bajo Baudó"",""es"":""Bajo Baudó"",""fr"":""Bajo Baudó"",""ja"":""バホ・バウド"",""it"":""Bajo Baudó"",""zh-CN"":""巴霍·鲍多"",""tr"":""Bajo Baudó"",""ru"":""Бахо Баудо"",""uk"":""Бахо Баудо"",""pl"":""Bajo Baudó"",""hi"":""बाजो बौडो"",""ar"":""باجو بودو""}",2019-10-06T04:09:54,2025-12-02T14:38:56,1,Q1525766
20562,Balboa,2884,CAU,48,CO,adm2,,,2.08436000,-77.20781000,Balboa,18910,America/Bogota,"{""br"":""Balboa"",""ko"":""발보아"",""pt-BR"":""Balboa"",""pt"":""Balboa"",""nl"":""Balboa"",""hr"":""Balboa"",""fa"":""بالبوآ"",""de"":""Balboa"",""es"":""Balboa"",""fr"":""Balboa"",""ja"":""バルボア"",""it"":""Balboa"",""zh-CN"":""巴尔博亚"",""tr"":""Balboa"",""ru"":""Бальбоа"",""uk"":""Бальбоа"",""pl"":""Balboa"",""hi"":""बाल्बोआ"",""ar"":""بالبوا""}",2019-10-06T09:39:45,2025-12-02T14:39:31,1,Q2309052
20563,Balboa,2879,RIS,48,CO,adm2,,,4.92284000,-75.94030000,Balboa,2302,America/Bogota,"{""br"":""Balboa"",""ko"":""발보아"",""pt-BR"":""Balboa"",""pt"":""Balboa"",""nl"":""Balboa"",""hr"":""Balboa"",""fa"":""بالبوآ"",""de"":""Balboa"",""es"":""Balboa"",""fr"":""Balboa"",""ja"":""バルボア"",""it"":""Balboa"",""zh-CN"":""巴尔博亚"",""tr"":""Balboa"",""ru"":""Бальбоа"",""uk"":""Бальбоа"",""pl"":""Balboa"",""hi"":""बाल्बोआ"",""ar"":""بالبوا""}",2019-10-06T09:39:45,2025-12-02T14:39:31,1,Q634563
20564,Baranoa,2880,ATL,48,CO,adm2,,,10.79497000,-74.92073000,Baranoa,68383,America/Bogota,"{""br"":""Baranoa"",""ko"":""바라노아"",""pt-BR"":""Baranoa"",""pt"":""Baranoa"",""nl"":""Baranoa"",""hr"":""Baranoa"",""fa"":""بارانوا"",""de"":""Baranoa"",""es"":""Baranoa"",""fr"":""Baranoa"",""ja"":""バラノア"",""it"":""Baranoa"",""zh-CN"":""巴拉诺阿"",""tr"":""Baranoa"",""ru"":""Бараноа"",""uk"":""Бараноа"",""pl"":""Baranoa"",""hi"":""बरानोआ"",""ar"":""بارانوا""}",2019-10-06T09:39:45,2025-12-02T14:39:31,1,Q979097
20565,Barbacoas,2897,NAR,48,CO,adm2,,,1.67154000,-78.13978000,Barbacoas,7633,America/Bogota,"{""br"":""Barbacoas"",""ko"":""바르바코아스"",""pt-BR"":""Barbacoas"",""pt"":""Barbacoas"",""nl"":""Barbacoas"",""hr"":""Barbacoas"",""fa"":""بارباکواس"",""de"":""Barbacoas"",""es"":""Barbacoas"",""fr"":""Barbecues"",""ja"":""バルバコアス"",""it"":""Barbacoas"",""zh-CN"":""烤肉"",""tr"":""Barbeküler"",""ru"":""Барбакоас"",""uk"":""Барбакоас"",""pl"":""Barbacoas"",""hi"":""बारबाकोस"",""ar"":""بارباكوا""}",2019-10-06T09:39:45,2025-12-02T14:38:56,1,Q4858559
20566,Barbosa,2890,ANT,48,CO,adm2,,,6.43809000,-75.33136000,Barbosa,53943,America/Bogota,"{""br"":""Barbosa"",""ko"":""바보사"",""pt-BR"":""Barbosa"",""pt"":""Barbosa"",""nl"":""Barbosa"",""hr"":""Barbosa"",""fa"":""باربوسا"",""de"":""Barbosa"",""es"":""Barbosa"",""fr"":""Barbosa"",""ja"":""バルボサ"",""it"":""Barbosa"",""zh-CN"":""巴博萨"",""tr"":""Barbosa"",""ru"":""Барбоса"",""uk"":""Барбоса"",""pl"":""Barbosa"",""hi"":""BARBOSA"",""ar"":""باربوسا""}",2019-10-06T09:39:45,2025-12-02T14:38:56,1,Q1946659
20567,Barbosa,2901,SAN,48,CO,adm2,,,5.93168000,-73.61507000,Barbosa,20372,America/Bogota,"{""br"":""Barbosa"",""ko"":""바보사"",""pt-BR"":""Barbosa"",""pt"":""Barbosa"",""nl"":""Barbosa"",""hr"":""Barbosa"",""fa"":""باربوسا"",""de"":""Barbosa"",""es"":""Barbosa"",""fr"":""Barbosa"",""ja"":""バルボサ"",""it"":""Barbosa"",""zh-CN"":""巴博萨"",""tr"":""Barbosa"",""ru"":""Барбоса"",""uk"":""Барбоса"",""pl"":""Barbosa"",""hi"":""BARBOSA"",""ar"":""باربوسا""}",2019-10-06T09:39:45,2025-12-02T14:39:31,1,Q937957
20568,Barichara,2901,SAN,48,CO,adm2,,,6.63572000,-73.22282000,Barichara,4149,America/Bogota,"{""br"":""Barichara"",""ko"":""바리차라"",""pt-BR"":""Barichara"",""pt"":""Barichara"",""nl"":""Barichara"",""hr"":""Barichara"",""fa"":""باریچارا"",""de"":""Barichara"",""es"":""Barichara"",""fr"":""Barichara"",""ja"":""バリチャラ"",""it"":""Barichara"",""zh-CN"":""巴里查拉"",""tr"":""Barichara"",""ru"":""Баричара"",""uk"":""Барічара"",""pl"":""Barichara"",""hi"":""बारिचारा"",""ar"":""باريكارا""}",2019-10-06T09:39:45,2025-12-02T14:39:31,1,Q1576773
20569,Barranca de Upía,2878,MET,48,CO,adm2,,,4.56963000,-72.96676000,Barranca de Upía,1177,America/Bogota,"{""br"":""Barranca de Upía"",""ko"":""우피아 강"",""pt-BR"":""Barranca de Upía"",""pt"":""Barranca de Upía"",""nl"":""Barranca de Upía"",""hr"":""Barranca de Upía"",""fa"":""بارانکا د اوپیا"",""de"":""Barranca de Upía"",""es"":""Barranca de Upía"",""fr"":""Barranca de Upía"",""ja"":""バランカ・デ・ウピア"",""it"":""Barranca de Upía"",""zh-CN"":""巴兰卡·德·乌皮亚"",""tr"":""Barranca de Upía"",""ru"":""Барранка-де-Упиа"",""uk"":""Барранка-де-Упіа"",""pl"":""Barranca de Upía"",""hi"":""बारांका डे उपिया"",""ar"":""بارانكا دي أوبيا""}",2019-10-06T09:39:45,2025-12-02T14:39:31,1,Q1654757
20570,Barrancabermeja,2901,SAN,48,CO,adm2,,,7.06528000,-73.85472000,Barrancabermeja,191403,America/Bogota,"{""br"":""Barrancabermeja"",""ko"":""바랑카베르메하"",""pt-BR"":""Barrancabermeja"",""pt"":""Barrancabermeja"",""nl"":""Barrancabermeja"",""hr"":""Barrancabermeja"",""fa"":""بارانکابرمیا"",""de"":""Barrancabermeja"",""es"":""Barrancabermeja"",""fr"":""Barrancabermeja"",""ja"":""バランカベルメハ"",""it"":""Barrancabermeja"",""zh-CN"":""巴兰卡韦梅哈"",""tr"":""Barrancabermeja"",""ru"":""Барранкабермеха"",""uk"":""Барранкабермеха"",""pl"":""Barrancabermeja"",""hi"":""बैरनकैबरमेजा"",""ar"":""بارانكابيرميخا""}",2019-10-06T09:39:45,2025-12-02T14:39:31,1,Q808830
20571,Barrancas,2889,LAG,48,CO,city,,,10.97180000,-72.69115000,Barrancas,38232,America/Bogota,"{""br"":""Barrancas"",""ko"":""바랑카스"",""pt-BR"":""Barrancas"",""pt"":""Barrancas"",""nl"":""Barrancas"",""hr"":""Barrancas"",""fa"":""بارانکاس"",""de"":""Barrancas"",""es"":""Barrancas"",""fr"":""Barrancas"",""ja"":""バランカス"",""it"":""Barrancas"",""zh-CN"":""巴兰卡斯"",""tr"":""Barrancas"",""ru"":""Барранкас"",""uk"":""Барранкас"",""pl"":""Barrancas"",""hi"":""बारांकास"",""ar"":""بارانكاس""}",2019-10-06T09:39:45,2025-12-02T16:59:27,1,Q786529
20572,Barranco Minas,2882,GUA,48,CO,city,,,3.09899000,-69.58297000,Barranco Minas,,America/Bogota,"{""br"":""Barranco Minas"",""ko"":""바랑코 미나스"",""pt-BR"":""Barranco Minas"",""pt"":""Barranco Minas"",""nl"":""Barranco Minas"",""hr"":""Barranco Minas"",""fa"":""بارانکو میناس"",""de"":""Barranco Minas"",""es"":""Barranco Minas"",""fr"":""Barranco Minas"",""ja"":""バランコ・ミナス"",""it"":""Barranco Minas"",""zh-CN"":""巴兰科米纳斯"",""tr"":""Barranco Minas"",""ru"":""Барранко Минас"",""uk"":""Барранко Мінас"",""pl"":""Barranco Minas"",""hi"":""बैरेंको मिनास"",""ar"":""بارانكو ميناس""}",2019-10-06T09:39:45,2025-12-02T16:59:27,1,Q786529
20573,Barranco de Loba,2893,BOL,48,CO,adm2,,,8.94597000,-74.10647000,Barranco de Loba,5933,America/Bogota,"{""br"":""Barranco de Loba"",""ko"":""바랑코 데 로바"",""pt-BR"":""Barranco de Loba"",""pt"":""Barranco de Loba"",""nl"":""Barranco de Loba"",""hr"":""Barranco de Loba"",""fa"":""بارانکو دِ لوبا"",""de"":""Barranco de Loba"",""es"":""Barranco de Loba"",""fr"":""Barranco de Loba"",""ja"":""バランコ・デ・ロバ"",""it"":""Barranco de Loba"",""zh-CN"":""巴兰科·德·洛巴"",""tr"":""Barranco de Loba"",""ru"":""Барранко де Лоба"",""uk"":""Барранко-де-Лоба"",""pl"":""Barranco de Loba"",""hi"":""बैरेंको डी लोबा"",""ar"":""بارانكو دي لوبا""}",2019-10-06T09:39:45,2025-12-02T14:39:31,1,Q1525685
20574,Barranquilla,2880,ATL,48,CO,adm1,,,10.96854000,-74.78132000,Barranquilla,1326588,America/Bogota,"{""br"":""Barranquilla"",""ko"":""바랑키야"",""pt-BR"":""Barranquilla"",""pt"":""Barranquilla"",""nl"":""Barranquilla"",""hr"":""Barranquilla"",""fa"":""بارانکیلا"",""de"":""Barranquilla"",""es"":""Barranquilla"",""fr"":""Barranquilla"",""ja"":""バランキージャ"",""it"":""Barranquilla"",""zh-CN"":""巴兰基亚"",""tr"":""Barranquilla"",""ru"":""Барранкилья"",""uk"":""Барранкілья"",""pl"":""Barranquilla"",""hi"":""बैरेंक्विला"",""ar"":""بارانكويلا""}",2019-10-06T09:39:45,2025-12-02T14:38:56,1,Q62823
20575,Becerril,2899,CES,48,CO,adm2,,,9.70413000,-73.27930000,Becerril,20477,America/Bogota,"{""br"":""Becerril"",""ko"":""베세릴"",""pt-BR"":""Becerril"",""pt"":""Becerril"",""nl"":""Becerril"",""hr"":""Becerril"",""fa"":""بکریل"",""de"":""Becerril"",""es"":""Becerril"",""fr"":""Bécerril"",""ja"":""ベセリル"",""it"":""Becerril"",""zh-CN"":""贝塞里尔"",""tr"":""Becerril"",""ru"":""Бесерриль"",""uk"":""Бесерріл"",""pl"":""Becerril"",""hi"":""बेसेरिल"",""ar"":""بيسيريل""}",2019-10-06T09:39:45,2025-12-02T14:38:56,1,Q1524772
20576,Belalcázar,2887,CAL,48,CO,adm2,,,4.99528000,-75.81278000,Belalcázar,9690,America/Bogota,"{""br"":""Belalcázar"",""ko"":""벨랄카사르"",""pt-BR"":""Belalcázar"",""pt"":""Belalcázar"",""nl"":""Belalcazar"",""hr"":""Belalcázar"",""fa"":""بلالکازار"",""de"":""Belalcázar"",""es"":""Belalcázar"",""fr"":""Belalcazar"",""ja"":""ベラルカサル"",""it"":""Belalcázar"",""zh-CN"":""贝拉尔卡萨尔"",""tr"":""Belalcázar"",""ru"":""Белалькасар"",""uk"":""Белалькасар"",""pl"":""Belalcázar"",""hi"":""बेलालकाज़ार"",""ar"":""بلالكازار""}",2019-10-06T09:39:45,2025-12-02T14:39:31,1,Q1525292
20579,Bello,2890,ANT,48,CO,adm3,,,6.36160000,-75.58728000,Bello,392939,America/Bogota,"{""br"":""Bello"",""ko"":""벨로"",""pt-BR"":""Belo"",""pt"":""Belo"",""nl"":""Bello"",""hr"":""Bello"",""fa"":""بلو"",""de"":""Bello"",""es"":""Bello"",""fr"":""Bello"",""ja"":""ベロ"",""it"":""Bello"",""zh-CN"":""贝洛"",""tr"":""Bello"",""ru"":""Белло"",""uk"":""Белло"",""pl"":""Piękny"",""hi"":""बेलो"",""ar"":""بيلو""}",2019-10-06T09:39:45,2025-12-02T17:11:50,1,Q816024
20580,Belmira,2890,ANT,48,CO,adm2,,,6.60508000,-75.66619000,Belmira,1388,America/Bogota,"{""br"":""Belmira"",""ko"":""벨미라"",""pt-BR"":""Belmira"",""pt"":""Belmira"",""nl"":""Belmira"",""hr"":""Belmira"",""fa"":""بلمیرا"",""de"":""Belmira"",""es"":""Belmira"",""fr"":""Belmira"",""ja"":""ベルミラ"",""it"":""Belmira"",""zh-CN"":""贝尔米拉"",""tr"":""Belmira"",""ru"":""Бельмира"",""uk"":""Белміра"",""pl"":""Belmira"",""hi"":""बेलमीरा"",""ar"":""بلميرا""}",2019-10-06T09:39:45,2025-12-02T14:39:31,1,Q1576993
20581,Beltrán,2875,CUN,48,CO,adm2,,,4.71947000,-74.75660000,Beltrán,6683,America/Bogota,"{""br"":""Beltrán"",""ko"":""벨트란"",""pt-BR"":""Beltrán"",""pt"":""Beltrán"",""nl"":""Beltran"",""hr"":""Beltrán"",""fa"":""بلتران"",""de"":""Beltrán"",""es"":""Beltrán"",""fr"":""Beltran"",""ja"":""ベルトラン"",""it"":""Beltrán"",""zh-CN"":""贝尔特兰"",""tr"":""Beltran"",""ru"":""Бельтран"",""uk"":""Белтран"",""pl"":""Beltrán"",""hi"":""बेल्ट्रान"",""ar"":""بلتران""}",2019-10-06T09:39:45,2025-12-02T14:39:31,1,Q432570
20582,Belén,2897,NAR,48,CO,city,,,1.59477000,-77.05408000,Belén,3131,America/Bogota,"{""br"":""Belén"",""ko"":""벨렌"",""pt-BR"":""Belém"",""pt"":""Belém"",""nl"":""Belén"",""hr"":""Belén"",""fa"":""بلن"",""de"":""Belén"",""es"":""Belén"",""fr"":""Belén"",""ja"":""ベレン"",""it"":""Belén"",""zh-CN"":""贝伦"",""tr"":""Belén"",""ru"":""Белен"",""uk"":""Белен"",""pl"":""Belén"",""hi"":""बेलें"",""ar"":""بيلين""}",2019-10-06T09:39:45,2025-12-02T14:39:31,1,Q2359099
20583,Belén,2903,BOY,48,CO,adm2,,,5.98892000,-72.91254000,Belén,6587,America/Bogota,"{""br"":""Belén"",""ko"":""벨렌"",""pt-BR"":""Belém"",""pt"":""Belém"",""nl"":""Belén"",""hr"":""Belén"",""fa"":""بلن"",""de"":""Belén"",""es"":""Belén"",""fr"":""Belén"",""ja"":""ベレン"",""it"":""Belén"",""zh-CN"":""贝伦"",""tr"":""Belén"",""ru"":""Белен"",""uk"":""Белен"",""pl"":""Belén"",""hi"":""बेलें"",""ar"":""بيلين""}",2019-10-06T09:39:45,2025-12-02T14:38:56,1,Q1575687
20584,Belén de Los Andaquies,2891,CAQ,48,CO,adm2,,,1.41667000,-75.91667000,Belén de Los Andaquies,3937,America/Bogota,"{""br"":""Belén de Los Andacies"",""ko"":""벨렌 데 로스 안다키에스"",""pt-BR"":""Belén de Los Andaquies"",""pt"":""Belén de Los Andaquies"",""nl"":""Belén de Los Andaquies"",""hr"":""Belén de Los Andaquies"",""fa"":""بلن د لوس آنداکیه"",""de"":""Belén de Los Andaquies"",""es"":""Belén de Los Andaquíes"",""fr"":""Belén de Los Andaquies"",""ja"":""ベレン・デ・ロス・アンダキエス"",""it"":""Belén de Los Andaquies"",""zh-CN"":""贝伦·德洛斯安达基斯"",""tr"":""Belén de Los Andaquies"",""ru"":""Белен де Лос Андакиес"",""uk"":""Белен-де-Лос-Андакіес"",""pl"":""Belén de Los Andaquies"",""hi"":""बेलेन डे लॉस एंडाक्विस"",""ar"":""بيلين دي لوس أنداكييس""}",2019-10-06T09:39:45,2025-12-02T14:39:31,1,Q1579354
20585,Belén de Umbría,2879,RIS,48,CO,adm2,,,5.20087000,-75.86865000,Belén de Umbría,21450,America/Bogota,"{""br"":""Belén de Umbría"",""ko"":""벨렌 데 움브리아"",""pt-BR"":""Belém da Úmbria"",""pt"":""Belém da Úmbria"",""nl"":""Belén de Umbría"",""hr"":""Belén de Umbria"",""fa"":""بلن د اومبریا"",""de"":""Belén de Umbría"",""es"":""Belén de Umbría"",""fr"":""Belén de Umbría"",""ja"":""ベレン・デ・ウンブリア"",""it"":""Belén de Umbría"",""zh-CN"":""翁布里亚的贝伦"",""tr"":""Belén de Umbría"",""ru"":""Белен-де-Умбрия"",""uk"":""Белен-де-Умбрія"",""pl"":""Belén de Umbría"",""hi"":""बेलेन डी उम्ब्रिया"",""ar"":""بيلين دي أومبريا""}",2019-10-06T09:39:45,2025-12-02T14:39:31,1,Q1391572
20587,Berbeo,2903,BOY,48,CO,adm2,,,5.22760000,-73.12527000,Bereo,266,America/Bogota,"{""br"":""Berbeo"",""ko"":""베르베오"",""pt-BR"":""Berbeo"",""pt"":""Berbeo"",""nl"":""Berbeo"",""hr"":""Berbeo"",""fa"":""بربیو"",""de"":""Berbeo"",""es"":""Berbeo"",""fr"":""Berbéo"",""ja"":""ベルベオ"",""it"":""Berbeo"",""zh-CN"":""贝尔贝奥"",""tr"":""Berbeo"",""ru"":""Бербео"",""uk"":""Бербео"",""pl"":""Berbeo"",""hi"":""बेर्बेओ"",""ar"":""بيربيو""}",2019-10-06T09:39:45,2025-12-02T14:39:31,1,Q1656286
20588,Betania,2890,ANT,48,CO,adm2,,,5.73571000,-75.98964000,Betania,3800,America/Bogota,"{""br"":""Betania"",""ko"":""베타니아"",""pt-BR"":""Betânia"",""pt"":""Betânia"",""nl"":""Betania"",""hr"":""Betanija"",""fa"":""بتانیا"",""de"":""Betania"",""es"":""Betania"",""fr"":""Bétania"",""ja"":""ベタニア"",""it"":""Betania"",""zh-CN"":""贝塔尼亚"",""tr"":""Betania"",""ru"":""Бетания"",""uk"":""Бетанія"",""pl"":""Betania"",""hi"":""बेतानिया"",""ar"":""بيتانيا""}",2019-10-06T09:39:45,2025-12-02T14:39:31,1,Q1656286
20589,Betulia,2890,ANT,48,CO,adm2,,,6.11284000,-75.98378000,Betulia,17317,America/Bogota,"{""br"":""Betulia"",""ko"":""베툴리아"",""pt-BR"":""Betúlia"",""pt"":""Betúlia"",""nl"":""Betulia"",""hr"":""Betulija"",""fa"":""بتولیا"",""de"":""Betulia"",""es"":""Betulia"",""fr"":""Bétulia"",""ja"":""ベツリア"",""it"":""Betulia"",""zh-CN"":""桦木属"",""tr"":""Betulia"",""ru"":""Бетулия"",""uk"":""Бетулія"",""pl"":""Betulia"",""hi"":""बेतुलिया"",""ar"":""بيتوليا""}",2019-10-06T09:39:45,2025-12-02T14:38:56,1,Q426415
20590,Betulia,2901,SAN,48,CO,adm2,,,6.90069000,-73.28347000,Betulia,1716,America/Bogota,"{""br"":""Betulia"",""ko"":""베툴리아"",""pt-BR"":""Betúlia"",""pt"":""Betúlia"",""nl"":""Betulia"",""hr"":""Betulija"",""fa"":""بتولیا"",""de"":""Betulia"",""es"":""Betulia"",""fr"":""Bétulia"",""ja"":""ベツリア"",""it"":""Betulia"",""zh-CN"":""桦木属"",""tr"":""Betulia"",""ru"":""Бетулия"",""uk"":""Бетулія"",""pl"":""Betulia"",""hi"":""बेतुलिया"",""ar"":""بيتوليا""}",2019-10-06T09:39:45,2025-12-02T14:39:31,1,Q2430135
20591,Betéitiva,2903,BOY,48,CO,adm2,,,5.91102000,-72.80926000,Bettsiva,374,America/Bogota,"{""br"":""Betéitiva"",""ko"":""베테이티바"",""pt-BR"":""Betéitiva"",""pt"":""Betéitiva"",""nl"":""Betéitiva"",""hr"":""Betéitiva"",""fa"":""بتئیتیوا"",""de"":""Betéitiva"",""es"":""Betéitiva"",""fr"":""Betéitiva"",""ja"":""ベテイティバ"",""it"":""Betéitiva"",""zh-CN"":""贝泰蒂瓦"",""tr"":""Betéitiva"",""ru"":""Бетейтива"",""uk"":""Бетеїтіва"",""pl"":""Betéitiva"",""hi"":""बेतिवा"",""ar"":""بيتيتيفا""}",2019-10-06T09:39:45,2025-12-02T14:39:31,1,Q1654814
20592,Bituima,2875,CUN,48,CO,adm2,,,4.87252000,-74.53925000,Canción,473,America/Bogota,"{""br"":""Bituima"",""ko"":""비투이마"",""pt-BR"":""Bituima"",""pt"":""Bituima"",""nl"":""Btuima"",""hr"":""Bituima"",""fa"":""بیتویما"",""de"":""Bituima"",""es"":""Bituima"",""fr"":""Bituima"",""ja"":""ビトゥイマ"",""it"":""Bituima"",""zh-CN"":""比图伊马"",""tr"":""Bituima"",""ru"":""Битуима"",""uk"":""Бітуїма"",""pl"":""Bituima"",""hi"":""बिटुइमा"",""ar"":""بيتويما""}",2019-10-06T09:39:45,2025-12-02T14:39:31,1,Q1655019
20593,Boavita,2903,BOY,48,CO,adm2,,,6.33031000,-72.58505000,Bovita,3749,America/Bogota,"{""br"":""Boavita"",""ko"":""보아비타"",""pt-BR"":""Boavita"",""pt"":""Boavita"",""nl"":""Boavita"",""hr"":""Boavita"",""fa"":""بواویتا"",""de"":""Boavita"",""es"":""Boavita"",""fr"":""Boavita"",""ja"":""ボアビタ"",""it"":""Boavita"",""zh-CN"":""博阿维塔"",""tr"":""Boavita"",""ru"":""Боавита"",""uk"":""Боавіта"",""pl"":""Boavita"",""hi"":""बोआविटा"",""ar"":""بوافيتا""}",2019-10-06T09:39:45,2025-12-02T14:39:31,1,Q1576227
20594,Bochalema,2877,NSA,48,CO,adm2,,,7.60217000,-72.68839000,Bochalema,6973,America/Bogota,"{""br"":""Bochalema"",""ko"":""보칼레마"",""pt-BR"":""Bochalema"",""pt"":""Bochalema"",""nl"":""Bochalema"",""hr"":""Bochalema"",""fa"":""بوخالما"",""de"":""Bochalema"",""es"":""Bochalema"",""fr"":""Bochalema"",""ja"":""ボチャレマ"",""it"":""Bochalema"",""zh-CN"":""博查莱马"",""tr"":""Bochalema"",""ru"":""Бочалема"",""uk"":""Бочалема"",""pl"":""Bochalema"",""hi"":""बोचलेमा"",""ar"":""بوتشاليما""}",2019-10-06T09:39:45,2025-12-02T17:11:50,1,Q1575422
20595,Bojacá,2875,CUN,48,CO,adm2,,,4.73176000,-74.34129000,Bojacá,4399,America/Bogota,"{""br"":""Bojacá"",""ko"":""보자카"",""pt-BR"":""Bojacá"",""pt"":""Bojacá"",""nl"":""Bojacá"",""hr"":""Bojacá"",""fa"":""بوجاکا"",""de"":""Bojacá"",""es"":""Bojacá"",""fr"":""Bojacá"",""ja"":""ボハカ"",""it"":""Bojacá"",""zh-CN"":""博哈卡"",""tr"":""Bojaca"",""ru"":""Бохака"",""uk"":""Бохака"",""pl"":""Bojacá"",""hi"":""बोजाका"",""ar"":""بوجاكا""}",2019-10-06T09:39:45,2025-12-02T14:39:31,1,Q1577083
20596,Bojayá,2876,CHO,48,CO,adm2,,,6.55645000,-76.88389000,Bojayá,5624,America/Bogota,"{""br"":""Bojayá"",""ko"":""보자야"",""pt-BR"":""Bojayá"",""pt"":""Bojayá"",""nl"":""Bojayá"",""hr"":""Bojayá"",""fa"":""بوخایا"",""de"":""Bojayá"",""es"":""Bojayá"",""fr"":""Bojayá"",""ja"":""ボジャヤ"",""it"":""Bojayá"",""zh-CN"":""博贾亚"",""tr"":""Bojayá"",""ru"":""Бохайя"",""uk"":""Бохая"",""pl"":""Bojayá"",""hi"":""बोजाया"",""ar"":""بوجايا""}",2019-10-06T04:09:45,2025-12-02T14:39:31,1,Q1579055
20597,Bolívar,2901,SAN,48,CO,adm2,,,5.98930000,-73.77058000,Bolívar,9567,America/Bogota,"{""br"":""Bolívar"",""ko"":""볼리바르"",""pt-BR"":""Bolívar"",""pt"":""Bolívar"",""nl"":""Bolivar"",""hr"":""Bolívar"",""fa"":""بولیوار"",""de"":""Bolívar"",""es"":""Bolívar"",""fr"":""Bolívar"",""ja"":""ボリバル"",""it"":""Bolívar"",""zh-CN"":""玻利瓦尔"",""tr"":""Bolívar"",""ru"":""Боливар"",""uk"":""Болівар"",""pl"":""Bolivar"",""hi"":""बोलिवार"",""ar"":""بوليفار""}",2019-10-06T09:39:45,2025-12-02T14:39:31,1,Q2430208
20598,Bolívar,2904,VAC,48,CO,adm2,,,4.37710000,-76.34870000,Bolívar,44864,America/Bogota,"{""br"":""Bolívar"",""ko"":""볼리바르"",""pt-BR"":""Bolívar"",""pt"":""Bolívar"",""nl"":""Bolivar"",""hr"":""Bolívar"",""fa"":""بولیوار"",""de"":""Bolívar"",""es"":""Bolívar"",""fr"":""Bolívar"",""ja"":""ボリバル"",""it"":""Bolívar"",""zh-CN"":""玻利瓦尔"",""tr"":""Bolívar"",""ru"":""Боливар"",""uk"":""Болівар"",""pl"":""Bolivar"",""hi"":""बोलिवार"",""ar"":""بوليفار""}",2019-10-06T09:39:45,2025-12-02T17:11:50,1,Q1880935
20599,Bolívar,2884,CAU,48,CO,adm2,,,1.84670000,-76.98292000,Bolívar,0,America/Bogota,"{""br"":""Bolívar"",""ko"":""볼리바르"",""pt-BR"":""Bolívar"",""pt"":""Bolívar"",""nl"":""Bolivar"",""hr"":""Bolívar"",""fa"":""بولیوار"",""de"":""Bolívar"",""es"":""Bolívar"",""fr"":""Bolívar"",""ja"":""ボリバル"",""it"":""Bolívar"",""zh-CN"":""玻利瓦尔"",""tr"":""Bolívar"",""ru"":""Боливар"",""uk"":""Болівар"",""pl"":""Bolivar"",""hi"":""बोलिवार"",""ar"":""بوليفار""}",2019-10-06T09:39:45,2025-12-02T14:39:31,1,Q1880935
20600,Boyacá,2903,BOY,48,CO,adm2,,,5.45371000,-73.36250000,Boyacá,731,America/Bogota,"{""br"":""Boyacá"",""ko"":""보야카"",""pt-BR"":""Boyacá"",""pt"":""Boyacá"",""nl"":""Boyacá"",""hr"":""Boyacá"",""fa"":""بویاکا"",""de"":""Boyacá"",""es"":""Boyacá"",""fr"":""Boyacá"",""ja"":""ボヤカ"",""it"":""Boyacá"",""zh-CN"":""博亚卡"",""tr"":""Boyaca"",""ru"":""Бояка"",""uk"":""Бояка"",""pl"":""Boyacá"",""hi"":""बोयाका"",""ar"":""بوياكا""}",2019-10-06T09:39:45,2025-12-02T14:39:31,1,Q1654749
20601,Briceño,2903,BOY,48,CO,adm2,,,5.68822000,-73.91784000,Briceño,632,America/Bogota,"{""br"":""Briceño"",""ko"":""브리세뇨"",""pt-BR"":""Briceño"",""pt"":""Briceño"",""nl"":""Briceño"",""hr"":""Briceño"",""fa"":""بریسنیو"",""de"":""Briceño"",""es"":""Briceño"",""fr"":""Briceño"",""ja"":""ブリセニョ"",""it"":""Briceño"",""zh-CN"":""布里塞尼奥"",""tr"":""Briceño"",""ru"":""Брисеньо"",""uk"":""Брісеньйо"",""pl"":""Briceño"",""hi"":""ब्रिसेनो"",""ar"":""بريسينو""}",2019-10-06T09:39:45,2025-12-02T14:39:31,1,Q2430372
20602,Briceño,2890,ANT,48,CO,adm2,,,7.05001000,-75.50903000,Briceño,8783,America/Bogota,"{""br"":""Briceño"",""ko"":""브리세뇨"",""pt-BR"":""Briceño"",""pt"":""Briceño"",""nl"":""Briceño"",""hr"":""Briceño"",""fa"":""بریسنیو"",""de"":""Briceño"",""es"":""Briceño"",""fr"":""Briceño"",""ja"":""ブリセニョ"",""it"":""Briceño"",""zh-CN"":""布里塞尼奥"",""tr"":""Briceño"",""ru"":""Брисеньо"",""uk"":""Брісеньйо"",""pl"":""Briceño"",""hi"":""ब्रिसेनो"",""ar"":""بريسينو""}",2019-10-06T09:39:45,2025-12-02T17:11:50,1,Q1579007
20603,Bucaramanga,2901,SAN,48,CO,adm1,,,7.12539000,-73.11980000,Bucaramanga,614860,America/Bogota,"{""br"":""Bucaramanga"",""ko"":""부카라망가"",""pt-BR"":""Bucaramanga"",""pt"":""Bucaramanga"",""nl"":""Bucaramanga"",""hr"":""Bucaramanga"",""fa"":""بوکارامانگا"",""de"":""Bucaramanga"",""es"":""Bucaramanga"",""fr"":""Bucaramanga"",""ja"":""ブカラマンガ"",""it"":""Bucaramanga"",""zh-CN"":""布卡拉曼加"",""tr"":""Bucaramanga"",""ru"":""Букараманга"",""uk"":""Букараманга"",""pl"":""Bucaramanga"",""hi"":""बुकारामांगा"",""ar"":""بوكارامانغا""}",2019-10-06T09:39:45,2025-12-02T14:38:56,1,Q243766
20604,Bucarasica,2877,NSA,48,CO,adm2,,,8.04096000,-72.86538000,Bucarasica,783,America/Bogota,"{""br"":""Bukarasika"",""ko"":""부카라시카"",""pt-BR"":""Bucareste"",""pt"":""Bucareste"",""nl"":""Bucarasica"",""hr"":""Bucarasica"",""fa"":""بوکاراسیکا"",""de"":""Bucarasica"",""es"":""Bucarasica"",""fr"":""Bucarasica"",""ja"":""ブカラシカ"",""it"":""Bucarasica"",""zh-CN"":""布卡拉西卡"",""tr"":""Bucarasica"",""ru"":""Бухарасика"",""uk"":""Букарасіка"",""pl"":""Bucarasica"",""hi"":""बुकारासिका"",""ar"":""بوكاراسيكا""}",2019-10-06T09:39:45,2025-12-02T14:39:31,1,Q1655530
20605,Buenaventura,2904,VAC,48,CO,adm2,,,3.88010000,-77.03116000,Buenaventura,240387,America/Bogota,"{""br"":""Buenaventura"",""ko"":""부에나벤투라"",""pt-BR"":""Boaventura"",""pt"":""Boaventura"",""nl"":""Buenaventura"",""hr"":""Buenaventura"",""fa"":""بوئناونتورا"",""de"":""Buenaventura"",""es"":""Buenaventura"",""fr"":""Buenaventura"",""ja"":""ブエナベントゥラ"",""it"":""Buonaventura"",""zh-CN"":""布埃纳文图拉"",""tr"":""İyi akşamlar"",""ru"":""Буэнавентура"",""uk"":""Буенавентура"",""pl"":""Buenaventura"",""hi"":""बुएनावेंतुरा"",""ar"":""بوينافينتورا""}",2019-10-06T09:39:45,2025-12-02T14:39:31,1,Q996581
20606,San Sebastián de Buenavista,2886,MAG,48,CO,adm2,,,9.23916666,-74.35194444,San Sebastián de Buenavista,0,America/Bogota,"{""br"":""San Sebastián de Buenavista"",""ko"":""산 세바스티안 데 부에나비스타"",""pt-BR"":""San Sebastián de Buenavista"",""pt"":""San Sebastián de Buenavista"",""nl"":""San Sebastián de Buenavista"",""hr"":""San Sebastián de Buenavista"",""fa"":""سن سباستین د بوئناویستا"",""de"":""San Sebastián de Buenavista"",""es"":""San Sebastián de Buenavista"",""fr"":""Saint-Sébastien de Buenavista"",""ja"":""サン・セバスティアン・デ・ブエナビスタ"",""it"":""San Sebastián de Buenavista"",""zh-CN"":""圣塞瓦斯蒂安·德布埃纳维斯塔"",""tr"":""San Sebastián de Buenavista"",""ru"":""Сан-Себастьян-де-Буэнависта"",""uk"":""Сан-Себастьян-де-Буенавіста"",""pl"":""San Sebastián de Buenavista"",""hi"":""सैन सेबेस्टियन डे बुएनाविस्टा"",""ar"":""سان سيباستيان دي بوينافيستا""}",2019-10-06T04:09:45,2025-12-02T14:39:31,1,Q532854
20607,Buenavista,2874,QUI,48,CO,adm2,,,4.35969000,-75.73888000,Buenavista,2084,America/Bogota,"{""br"":""Buenavista"",""ko"":""부에나비스타"",""pt-BR"":""Buenavista"",""pt"":""Buenavista"",""nl"":""Buenavista"",""hr"":""Buenavista"",""fa"":""بوئناویستا"",""de"":""Buenavista"",""es"":""Buenavista"",""fr"":""Buenavista"",""ja"":""ブエナビスタ"",""it"":""Buonavista"",""zh-CN"":""布埃纳维斯塔"",""tr"":""İyi Seyahat"",""ru"":""Буэнависта"",""uk"":""Буенавіста"",""pl"":""Buenavista"",""hi"":""अच्छा दृश्य"",""ar"":""بوينافيستا""}",2019-10-06T09:39:45,2025-12-02T14:39:31,1,Q607290
20608,Buenavista,2898,COR,48,CO,city,,,9.04963000,-76.00280000,Buenavista,5889,America/Bogota,"{""br"":""Buenavista"",""ko"":""부에나비스타"",""pt-BR"":""Buenavista"",""pt"":""Buenavista"",""nl"":""Buenavista"",""hr"":""Buenavista"",""fa"":""بوئناویستا"",""de"":""Buenavista"",""es"":""Buenavista"",""fr"":""Buenavista"",""ja"":""ブエナビスタ"",""it"":""Buonavista"",""zh-CN"":""布埃纳维斯塔"",""tr"":""İyi Seyahat"",""ru"":""Буэнависта"",""uk"":""Буенавіста"",""pl"":""Buenavista"",""hi"":""अच्छा दृश्य"",""ar"":""بوينافيستا""}",2019-10-06T09:39:45,2025-12-02T14:38:56,1,Q23696468
20609,Buenavista,2903,BOY,48,CO,adm2,,,5.50000000,-73.96667000,Buenavista,5889,America/Bogota,"{""br"":""Buenavista"",""ko"":""부에나비스타"",""pt-BR"":""Buenavista"",""pt"":""Buenavista"",""nl"":""Buenavista"",""hr"":""Buenavista"",""fa"":""بوئناویستا"",""de"":""Buenavista"",""es"":""Buenavista"",""fr"":""Buenavista"",""ja"":""ブエナビスタ"",""it"":""Buonavista"",""zh-CN"":""布埃纳维斯塔"",""tr"":""İyi Seyahat"",""ru"":""Буэнависта"",""uk"":""Буенавіста"",""pl"":""Buenavista"",""hi"":""अच्छा दृश्य"",""ar"":""بوينافيستا""}",2019-10-06T09:39:45,2025-12-02T17:11:50,1,Q23696468
20610,Buenos Aires,2884,CAU,48,CO,city,,,3.04825000,-76.63066000,Buenos Aires,2144,America/Bogota,"{""br"":""Buenos Aires"",""ko"":""부에노스 아이레스"",""pt-BR"":""Buenos Aires"",""pt"":""Buenos Aires"",""nl"":""Buenos Aires"",""hr"":""Buenos Aires"",""fa"":""بوئنوس آیرس"",""de"":""Buenos Aires"",""es"":""Buenos Aires"",""fr"":""Buenos Aires"",""ja"":""ブエノスアイレス"",""it"":""Buenos Aires"",""zh-CN"":""布宜诺斯艾利斯"",""tr"":""Buenos Aires"",""ru"":""Буэнос-Айрес"",""uk"":""Буенос-Айрес"",""pl"":""Buenos Aires"",""hi"":""ब्यूनस आयर्स"",""ar"":""بوينس آيرس""}",2019-10-06T09:39:45,2025-12-02T14:39:31,1,Q2025478
20611,Buesaco,2897,NAR,48,CO,adm2,,,1.38364000,-77.15622000,Buesaco,19951,America/Bogota,"{""br"":""Buesaco"",""ko"":""부에사코"",""pt-BR"":""Buesaco"",""pt"":""Buesaco"",""nl"":""Buesaco"",""hr"":""Buesaco"",""fa"":""بوساکو"",""de"":""Buesaco"",""es"":""Buesaco"",""fr"":""Buesaco"",""ja"":""ブエサコ"",""it"":""Buesaco"",""zh-CN"":""布埃萨科"",""tr"":""Buesaco"",""ru"":""Буэсако"",""uk"":""Буесако"",""pl"":""Buesaco"",""hi"":""बुएसाको"",""ar"":""بيوساكو""}",2019-10-06T09:39:45,2025-12-02T14:38:56,1,Q1441100
20612,Bugalagrande,2904,VAC,48,CO,adm2,,,4.21207000,-76.15564000,Bugalagrande,12418,America/Bogota,"{""br"":""Bugalagrande"",""ko"":""부갈라그란데"",""pt-BR"":""Bugalagrande"",""pt"":""Bugalagrande"",""nl"":""Bugalagrande"",""hr"":""Bugalagrande"",""fa"":""بوگالاگراند"",""de"":""Bugalagrande"",""es"":""Bugalagrande"",""fr"":""Bugalagrande"",""ja"":""ブガラグランデ"",""it"":""Bugalagrande"",""zh-CN"":""布加拉格兰德"",""tr"":""Bugalagrande"",""ru"":""Бугалагранде"",""uk"":""Бугалагранде"",""pl"":""Bugalagrande"",""hi"":""बुगालाग्रैंड"",""ar"":""بوغالاجراندي""}",2019-10-06T09:39:45,2025-12-02T14:39:31,1,Q686202
20613,Buriticá,2890,ANT,48,CO,adm2,,,6.80549000,-75.92093000,Buriticá,6955,America/Bogota,"{""br"":""Buriticá"",""ko"":""부리티카"",""pt-BR"":""Buriticá"",""pt"":""Buriticá"",""nl"":""Buriticá"",""hr"":""Buritiká"",""fa"":""بوریتیک"",""de"":""Buriticá"",""es"":""Buriticá"",""fr"":""Buritica"",""ja"":""ブリティカ"",""it"":""Buritica"",""zh-CN"":""布里蒂卡"",""tr"":""Buriticá"",""ru"":""Буритика"",""uk"":""Бурітика"",""pl"":""Buritika"",""hi"":""Buritica"",""ar"":""بوريتيكا""}",2019-10-06T09:39:45,2025-12-02T17:11:50,1,Q1576546
20614,Busbanzá,2903,BOY,48,CO,adm2,,,5.83047000,-72.88419000,Bizcocho,164,America/Bogota,"{""br"":""Busbanzá"",""ko"":""버스반자"",""pt-BR"":""Busbanzá"",""pt"":""Busbanzá"",""nl"":""Busbanzá"",""hr"":""Busbanzá"",""fa"":""بوسبانزا"",""de"":""Busbanzá"",""es"":""Busbanzá"",""fr"":""Busbanzá"",""ja"":""ブスバンサ"",""it"":""Busbanzá"",""zh-CN"":""布斯班扎"",""tr"":""Busbanzá"",""ru"":""Бусбанза"",""uk"":""Бусбанза"",""pl"":""Busbanzá"",""hi"":""बुस्बान्ज़ा"",""ar"":""بوسبانزا""}",2019-10-06T09:39:45,2025-12-02T14:39:31,1,Q1654742
20615,Cabrera,2875,CUN,48,CO,adm2,,,3.98598000,-74.48283000,Cabrera,1397,America/Bogota,"{""br"":""Cabrera"",""ko"":""카브레라"",""pt-BR"":""Cabrera"",""pt"":""Cabrera"",""nl"":""Cabrera"",""hr"":""Cabrera"",""fa"":""کابررا"",""de"":""Cabrera"",""es"":""Cabrera"",""fr"":""Cabrera"",""ja"":""カブレラ"",""it"":""Cabrera"",""zh-CN"":""卡布雷拉"",""tr"":""Cabrera"",""ru"":""Кабрера"",""uk"":""Кабрера"",""pl"":""Cabrera"",""hi"":""काब्रेरा"",""ar"":""كابريرا""}",2019-10-06T09:39:45,2025-12-02T14:39:31,1,Q922111
20616,Cabrera,2901,SAN,48,CO,adm2,,,6.56443000,-73.26768000,Cabrera,1924,America/Bogota,"{""br"":""Cabrera"",""ko"":""카브레라"",""pt-BR"":""Cabrera"",""pt"":""Cabrera"",""nl"":""Cabrera"",""hr"":""Cabrera"",""fa"":""کابررا"",""de"":""Cabrera"",""es"":""Cabrera"",""fr"":""Cabrera"",""ja"":""カブレラ"",""it"":""Cabrera"",""zh-CN"":""卡布雷拉"",""tr"":""Cabrera"",""ru"":""Кабрера"",""uk"":""Кабрера"",""pl"":""Cabrera"",""hi"":""काब्रेरा"",""ar"":""كابريرا""}",2019-10-06T09:39:45,2025-12-02T17:11:50,1,Q942758
20617,Cabuyaro,2878,MET,48,CO,adm2,,,4.28170000,-72.79399000,Cabuyaro,1140,America/Bogota,"{""br"":""Cabuyaro"",""ko"":""카부야로"",""pt-BR"":""Cabuyaro"",""pt"":""Cabuyaro"",""nl"":""Cabuyaro"",""hr"":""Cabuyaro"",""fa"":""کابویارو"",""de"":""Cabuyaro"",""es"":""Cabuyaro"",""fr"":""Cabuyaro"",""ja"":""カブヤロ"",""it"":""Cabuyaro"",""zh-CN"":""卡布亚罗"",""tr"":""Cabuyaro"",""ru"":""Кабуяро"",""uk"":""Кабуяро"",""pl"":""Cabuyaro"",""hi"":""कैबुयारो"",""ar"":""كابويارو""}",2019-10-06T09:39:45,2025-12-02T14:39:31,1,Q517693
20618,Cacahual,2882,GUA,48,CO,city,,,3.32533000,-67.62397000,Cacahual,1592,America/Bogota,"{""br"":""Cacahual"",""ko"":""카카후알"",""pt-BR"":""Cacahual"",""pt"":""Cacahual"",""nl"":""Cacahual"",""hr"":""Cacahual"",""fa"":""کاکاهوال"",""de"":""Cacahual"",""es"":""Cacahual"",""fr"":""Cacahual"",""ja"":""カカワル"",""it"":""Cacahual"",""zh-CN"":""卡卡瓦尔"",""tr"":""Cacahual"",""ru"":""Какауаль"",""uk"":""Какагуаль"",""pl"":""Cacahual"",""hi"":""काकाहुआल"",""ar"":""كاكاهوال""}",2019-10-06T09:39:45,2025-12-02T16:59:27,1,Q517693
20619,Cachipay,2875,CUN,48,CO,city,,,5.26667000,-74.56667000,Cachipay,4260,America/Bogota,"{""br"":""Cachipay"",""ko"":""캐시페이"",""pt-BR"":""Cachipay"",""pt"":""Cachipay"",""nl"":""Cachipay"",""hr"":""Cachipay"",""fa"":""کچی‌پی"",""de"":""Cachipay"",""es"":""Cachipay"",""fr"":""Cachipay"",""ja"":""カチペイ"",""it"":""Cachipay"",""zh-CN"":""卡奇支付"",""tr"":""Cachipay"",""ru"":""Кэчипэй"",""uk"":""Качіпай"",""pl"":""Cachipay"",""hi"":""कैचीपे"",""ar"":""كاشيباي""}",2019-10-06T09:39:45,2025-12-02T14:39:31,1,Q23696124
20620,Cachirá,2877,NSA,48,CO,adm2,,,7.75000000,-73.16667000,Cachirá,10970,America/Bogota,"{""br"":""Cachirá"",""ko"":""카키라"",""pt-BR"":""Cachirá"",""pt"":""Cachirá"",""nl"":""Cachira"",""hr"":""Cachirá"",""fa"":""کاچیرا"",""de"":""Cachirá"",""es"":""Cachirá"",""fr"":""Cachirá"",""ja"":""カチラ"",""it"":""Cachirá"",""zh-CN"":""卡奇拉"",""tr"":""Cachira"",""ru"":""Качира"",""uk"":""Качіра"",""pl"":""Cachirá"",""hi"":""कचिरा"",""ar"":""كاتشيرا""}",2019-10-06T09:39:45,2025-12-02T17:11:50,1,Q1575962
20621,Caicedo,2890,ANT,48,CO,adm2,,,6.42805000,-75.99715000,Caicedo,7686,America/Bogota,"{""br"":""Caicedo"",""ko"":""카이세도"",""pt-BR"":""Caicedo"",""pt"":""Caicedo"",""nl"":""Caicedo"",""hr"":""Caicedo"",""fa"":""کایسدو"",""de"":""Caicedo"",""es"":""Caicedo"",""fr"":""Caicedo"",""ja"":""カイセド"",""it"":""Caicedo"",""zh-CN"":""凯塞多"",""tr"":""Caicedo"",""ru"":""Кайседо"",""uk"":""Кайседо"",""pl"":""Caicedo"",""hi"":""कैसेडो"",""ar"":""كايسيدو""}",2019-10-06T09:39:45,2025-12-02T17:11:50,1,Q1579442
20622,Caicedonia,2904,VAC,48,CO,adm2,,,4.33240000,-75.82665000,Caicedonia,30947,America/Bogota,"{""br"":""Kakedonia"",""ko"":""카이세도니아"",""pt-BR"":""Caicedônia"",""pt"":""Caicedônia"",""nl"":""Caicedonia"",""hr"":""Kaicedonija"",""fa"":""کایسدونیا"",""de"":""Caicedonia"",""es"":""Caicedonia"",""fr"":""Caïcédonie"",""ja"":""カイセドニア"",""it"":""Caicedonia"",""zh-CN"":""凯塞多尼亚"",""tr"":""Caicedonia"",""ru"":""Кайседония"",""uk"":""Кайседонія"",""pl"":""Caicedonia"",""hi"":""कैसेडोनिया"",""ar"":""كايسيدونيا""}",2019-10-06T09:39:45,2025-12-02T14:38:56,1,Q2430520
20623,Caimito,2902,SUC,48,CO,adm2,,,8.78834000,-75.13583000,Caimito,12077,America/Bogota,"{""br"":""Caimito"",""ko"":""카이미토"",""pt-BR"":""Caimito"",""pt"":""Caimito"",""nl"":""Caimito"",""hr"":""Caimito"",""fa"":""کایمیتو"",""de"":""Caimito"",""es"":""Caimito"",""fr"":""Caimito"",""ja"":""カイミト"",""it"":""Caimito"",""zh-CN"":""卡米托"",""tr"":""Caimito"",""ru"":""Каймито"",""uk"":""Кайміто"",""pl"":""Caimito"",""hi"":""कैमिटो"",""ar"":""كايميتو""}",2019-10-06T09:39:45,2025-12-02T17:11:50,1,Q738108
20624,Cajamarca,2883,TOL,48,CO,city,,,4.41667000,-75.50000000,Cajamarca,17309,America/Bogota,"{""br"":""Cajamarca"",""ko"":""카하마르카"",""pt-BR"":""Cajamarca"",""pt"":""Cajamarca"",""nl"":""Cajamarca"",""hr"":""Cajamarca"",""fa"":""کاجامارکا"",""de"":""Cajamarca"",""es"":""Cajamarca"",""fr"":""Cajamarca"",""ja"":""カハマルカ"",""it"":""Cajamarca"",""zh-CN"":""卡哈马卡"",""tr"":""Cajamarca"",""ru"":""Кахамарка"",""uk"":""Кахамарка"",""pl"":""Cajamarca"",""hi"":""काजामार्का"",""ar"":""كاخاماركا""}",2019-10-06T09:39:45,2025-12-02T17:11:50,1,Q1441115
20625,Cajibío,2884,CAU,48,CO,adm2,,,2.62271000,-76.57039000,Cajibio,3365,America/Bogota,"{""br"":""Cajibío"",""ko"":""카지비오"",""pt-BR"":""Cajibío"",""pt"":""Cajibío"",""nl"":""Cajibío"",""hr"":""Cajibío"",""fa"":""کاجیبیو"",""de"":""Cajibío"",""es"":""Cajibío"",""fr"":""Cajibío"",""ja"":""カジビオ"",""it"":""Cajibío"",""zh-CN"":""卡希比奥"",""tr"":""Cajibío"",""ru"":""Кахибио"",""uk"":""Кахібіо"",""pl"":""Cajibío"",""hi"":""काजीबियो"",""ar"":""كاجيبيو""}",2019-10-06T09:39:45,2025-12-02T14:39:31,1,Q1256885
20626,Cajicá,2875,CUN,48,CO,adm2,,,4.91857000,-74.02799000,Cajicá,54111,America/Bogota,"{""br"":""Cajicá"",""ko"":""카히카"",""pt-BR"":""Cajicá"",""pt"":""Cajicá"",""nl"":""Cajicá"",""hr"":""Cajicá"",""fa"":""کاجیکا"",""de"":""Cajicá"",""es"":""Cajicá"",""fr"":""Cajicá"",""ja"":""カヒカ"",""it"":""Cajicá"",""zh-CN"":""卡希卡"",""tr"":""Cajicá"",""ru"":""Кахика"",""uk"":""Кахіка"",""pl"":""Cajicá"",""hi"":""काजीका"",""ar"":""كاجيكا""}",2019-10-06T09:39:45,2025-12-02T14:38:56,1,Q23696182
20627,Calamar,2888,GUV,48,CO,adm2,,,1.95960000,-72.65315000,Calamar,3745,America/Bogota,"{""br"":""Calamar"",""ko"":""칼라마르"",""pt-BR"":""Lula"",""pt"":""Lula"",""nl"":""Calamar"",""hr"":""Kalamar"",""fa"":""کالامار"",""de"":""Calamar"",""es"":""Calamar"",""fr"":""Calamar"",""ja"":""カラマル"",""it"":""Calamar"",""zh-CN"":""卡拉玛"",""tr"":""Kalamar"",""ru"":""Каламар"",""uk"":""Кальмар"",""pl"":""Kalamary"",""hi"":""कैलामार"",""ar"":""كالامار""}",2019-10-06T09:39:45,2025-12-02T14:39:31,1,Q23696198
20628,Calamar,2893,BOL,48,CO,adm2,,,10.23377000,-74.94240000,Calamar,22202,America/Bogota,"{""br"":""Calamar"",""ko"":""칼라마르"",""pt-BR"":""Calamar"",""pt"":""Calamar"",""nl"":""Calamar"",""hr"":""Kalamar"",""fa"":""کالامار"",""de"":""Calamar"",""es"":""Calamar"",""fr"":""Calamar"",""ja"":""カラマル"",""it"":""Calamar"",""zh-CN"":""卡拉玛"",""tr"":""Kalamar"",""ru"":""Каламар"",""uk"":""Кальмар"",""pl"":""Kalamary"",""hi"":""कैलामार"",""ar"":""كالامار""}",2019-10-06T09:39:45,2025-12-02T17:11:50,1,Q476071
20629,Calarca,2874,QUI,48,CO,adm2,,,4.50000000,-75.63333000,Calarca,79569,America/Bogota,"{""br"":""Calarca"",""ko"":""칼라르카"",""pt-BR"":""Calarca"",""pt"":""Calarca"",""nl"":""Calarca"",""hr"":""Calarca"",""fa"":""کالارکا"",""de"":""Calarca"",""es"":""Calarcá"",""fr"":""Calarca"",""ja"":""カラルカ"",""it"":""Calarca"",""zh-CN"":""卡拉尔卡"",""tr"":""Calarca"",""ru"":""Каларка"",""uk"":""Каларка"",""pl"":""Calarca"",""hi"":""Calarcá"",""ar"":""كالاركا""}",2019-10-06T09:39:45,2025-12-02T14:38:56,1,Q476071
20631,Caldas,2890,ANT,48,CO,adm2,,,6.09106000,-75.63569000,Caldas,82234,America/Bogota,"{""br"":""Caldas"",""ko"":""칼다스"",""pt-BR"":""Caldas"",""pt"":""Caldas"",""nl"":""Caldas"",""hr"":""Caldas"",""fa"":""کالداس"",""de"":""Caldas"",""es"":""Caldas"",""fr"":""Caldas"",""ja"":""カルダス"",""it"":""Caldas"",""zh-CN"":""卡尔达斯"",""tr"":""Caldas"",""ru"":""Кальдас"",""uk"":""Кальдас"",""pl"":""Caldas"",""hi"":""कैल्दास"",""ar"":""كالداس""}",2019-10-06T09:39:45,2025-12-02T14:39:31,1,Q598777
20632,Caldas,2903,BOY,48,CO,adm2,,,5.57830000,-73.88066000,Caldas,475,America/Bogota,"{""br"":""Caldas"",""ko"":""칼다스"",""pt-BR"":""Caldas"",""pt"":""Caldas"",""nl"":""Caldas"",""hr"":""Caldas"",""fa"":""کالداس"",""de"":""Caldas"",""es"":""Caldas"",""fr"":""Caldas"",""ja"":""カルダス"",""it"":""Caldas"",""zh-CN"":""卡尔达斯"",""tr"":""Caldas"",""ru"":""Кальдас"",""uk"":""Кальдас"",""pl"":""Caldas"",""hi"":""कैल्दास"",""ar"":""كالداس""}",2019-10-06T09:39:45,2025-12-02T14:39:31,1,Q2430634
20633,Caldono,2884,CAU,48,CO,adm2,,,2.79739000,-76.48316000,Caliente,3517,America/Bogota,"{""br"":""Caldono"",""ko"":""칼도노"",""pt-BR"":""Caldono"",""pt"":""Caldono"",""nl"":""Caldono"",""hr"":""Caldono"",""fa"":""کالدونو"",""de"":""Caldono"",""es"":""Caldono"",""fr"":""Caldono"",""ja"":""カルドノ"",""it"":""Caldono"",""zh-CN"":""卡尔多诺"",""tr"":""Caldono"",""ru"":""Кальдоно"",""uk"":""Кальдоно"",""pl"":""Caldono"",""hi"":""कैल्डोनो"",""ar"":""كالدونو""}",2019-10-06T09:39:45,2025-12-02T14:39:31,1,Q1391900
20634,Cali,2904,VAC,48,CO,adm1,,,3.41033000,-76.58097000,Cali,2471474,America/Bogota,"{""br"":""Cali"",""ko"":""칼리"",""pt-BR"":""Cali"",""pt"":""Cali"",""nl"":""Cali"",""hr"":""Kali"",""fa"":""کالی"",""de"":""Cali"",""es"":""Cali"",""fr"":""Cali"",""ja"":""カリ"",""it"":""Cali"",""zh-CN"":""卡利"",""tr"":""Cali"",""ru"":""Кали"",""uk"":""Калі"",""pl"":""Kalifornia"",""hi"":""कैली"",""ar"":""كالي""}",2019-10-06T09:39:45,2025-12-02T17:11:50,1,Q51103
20635,California,2901,SAN,48,CO,adm2,,,7.34340000,-72.95815000,California,650,America/Bogota,"{""br"":""Kalifornia"",""ko"":""캘리포니아"",""pt-BR"":""Califórnia"",""pt"":""Califórnia"",""nl"":""Californië"",""hr"":""Kalifornija"",""fa"":""کالیفرنیا"",""de"":""Kalifornien"",""es"":""California"",""fr"":""Californie"",""ja"":""カリフォルニア"",""it"":""California"",""zh-CN"":""加利福尼亚"",""tr"":""Kaliforniya"",""ru"":""Калифорния"",""uk"":""Каліфорнія"",""pl"":""Kalifornia"",""hi"":""कैलिफोर्निया"",""ar"":""كاليفورنيا""}",2019-10-06T09:39:45,2025-12-02T14:39:31,1,Q1654766
20636,Calima,2904,VAC,48,CO,adm2,,,3.92511000,-76.62654000,Calima,16054,America/Bogota,"{""br"":""Calima"",""ko"":""칼리마"",""pt-BR"":""Calima"",""pt"":""Calima"",""nl"":""Calima"",""hr"":""Calima"",""fa"":""کالیما"",""de"":""Calima"",""es"":""Calima"",""fr"":""Calima"",""ja"":""カリマ"",""it"":""Calima"",""zh-CN"":""卡利马"",""tr"":""Calima"",""ru"":""Калима"",""uk"":""Каліма"",""pl"":""Calima"",""hi"":""कैलिमा"",""ar"":""كاليما""}",2019-10-06T09:39:45,2025-12-02T17:11:50,1,Q1526288
20637,Caloto,2884,CAU,48,CO,adm2,,,3.03586000,-76.40788000,Caloto,6478,America/Bogota,"{""br"":""Caloto"",""ko"":""칼로토"",""pt-BR"":""Caloto"",""pt"":""Caloto"",""nl"":""Caloto"",""hr"":""Caloto"",""fa"":""کالوتو"",""de"":""Caloto"",""es"":""Caloto"",""fr"":""Caloto"",""ja"":""カロト"",""it"":""Caloto"",""zh-CN"":""卡洛托"",""tr"":""Caloto"",""ru"":""Калото"",""uk"":""Калото"",""pl"":""Caloto"",""hi"":""कैलोटो"",""ar"":""كالوتو""}",2019-10-06T09:39:45,2025-12-02T14:39:31,1,Q2420491
20638,Campamento,2890,ANT,48,CO,adm2,,,7.03910000,-75.28938000,Campamento,1870,America/Bogota,"{""br"":""Campamento"",""ko"":""캄파멘토"",""pt-BR"":""Acampamento"",""pt"":""Acampamento"",""nl"":""Campamento"",""hr"":""Kampamento"",""fa"":""کمپنتو"",""de"":""Campamento"",""es"":""Campamento"",""fr"":""Campamento"",""ja"":""カンパメント"",""it"":""Campamento"",""zh-CN"":""坎帕门托"",""tr"":""Kampamento"",""ru"":""Кампаменто"",""uk"":""Кампаменто"",""pl"":""Obóz"",""hi"":""कैम्पामेंटो"",""ar"":""كامبامينتو""}",2019-10-06T09:39:45,2025-12-02T14:39:31,1,Q546011
20640,Campo de la Cruz,2880,ATL,48,CO,adm2,,,10.37844000,-74.90258000,Campo de la Cruz,18354,America/Bogota,"{""br"":""Kamp ar C'hroaz"",""ko"":""캄포 데 라 크루스"",""pt-BR"":""Campo de la Cruz"",""pt"":""Campo de la Cruz"",""nl"":""Campo de la Cruz"",""hr"":""Campo de la Cruz"",""fa"":""کامپو د لا کروز"",""de"":""Campo de la Cruz"",""es"":""Campo de la Cruz"",""fr"":""Campo de la Cruz"",""ja"":""カンポ・デ・ラ・クルス"",""it"":""Campo de la Cruz"",""zh-CN"":""十字军营地"",""tr"":""Campo de la Cruz"",""ru"":""Кампо-де-ла-Крус"",""uk"":""Кампо-де-ла-Крус"",""pl"":""Campo de la Cruz"",""hi"":""कैम्पो डे ला क्रूज़"",""ar"":""كامبو دي لا كروز""}",2019-10-06T09:39:45,2025-12-02T17:11:50,1,Q546011
20641,Campohermoso,2903,BOY,48,CO,adm2,,,4.97733000,-73.16714000,Campohermoso,4065,America/Bogota,"{""br"":""Campohermoso"",""ko"":""캄포에르모소"",""pt-BR"":""Campohermoso"",""pt"":""Campohermoso"",""nl"":""Kamfermolie"",""hr"":""Campohermoso"",""fa"":""کامپوهرموسو"",""de"":""Campohermoso"",""es"":""Campohermoso"",""fr"":""Campohermoso"",""ja"":""カンポエルモソ"",""it"":""Campohermoso"",""zh-CN"":""坎波埃尔莫索"",""tr"":""Campohermoso"",""ru"":""Кампоэрмосо"",""uk"":""Кампоермосо"",""pl"":""Campohermoso"",""hi"":""कैम्पोहर्मोसो"",""ar"":""كامبوهيرموسو""}",2019-10-06T09:39:45,2025-12-02T17:11:50,1,Q1656329
20642,Canalete,2898,COR,48,CO,city,,,8.67611000,-76.20417000,Canalete,14831,America/Bogota,"{""br"":""Canalete"",""ko"":""카날레테"",""pt-BR"":""Canalete"",""pt"":""Canalete"",""nl"":""Canalete"",""hr"":""Canalete"",""fa"":""کانالت"",""de"":""Canalete"",""es"":""Canalete"",""fr"":""Canalete"",""ja"":""カナレテ"",""it"":""Canalete"",""zh-CN"":""卡纳莱特"",""tr"":""Kanalet"",""ru"":""Каналете"",""uk"":""Каналете"",""pl"":""Canalete"",""hi"":""कैनालेट"",""ar"":""كاناليتي""}",2019-10-06T09:39:45,2025-12-02T14:38:56,1,Q23706698
20643,Candelaria,2880,ATL,48,CO,adm2,,,10.47387000,-74.88581000,Candelaria,15631,America/Bogota,"{""br"":""Kandelaria"",""ko"":""칸델라리아"",""pt-BR"":""Candelária"",""pt"":""Candelária"",""nl"":""Candelaria"",""hr"":""Candelaria"",""fa"":""کاندلاریا"",""de"":""Candelaria"",""es"":""Candelaria"",""fr"":""Candelaria"",""ja"":""カンデラリア"",""it"":""Candelaria"",""zh-CN"":""坎德拉里亚"",""tr"":""Candelaria"",""ru"":""Канделария"",""uk"":""Канделарія"",""pl"":""Candelaria"",""hi"":""Candelaria"",""ar"":""كانديلاريا""}",2019-10-06T09:39:45,2025-12-02T14:39:31,1,Q1023776
20644,Candelaria,2904,VAC,48,CO,adm2,,,3.38367000,-76.42466000,Candelaria,87811,America/Bogota,"{""br"":""Kandelaria"",""ko"":""칸델라리아"",""pt-BR"":""Candelária"",""pt"":""Candelária"",""nl"":""Candelaria"",""hr"":""Candelaria"",""fa"":""کاندلاریا"",""de"":""Candelaria"",""es"":""Candelaria"",""fr"":""Candelaria"",""ja"":""カンデラリア"",""it"":""Candelaria"",""zh-CN"":""坎德拉里亚"",""tr"":""Candelaria"",""ru"":""Канделария"",""uk"":""Канделарія"",""pl"":""Candelaria"",""hi"":""Candelaria"",""ar"":""كانديلاريا""}",2019-10-06T09:39:45,2025-12-02T17:11:50,1,Q2430763
20645,Cantagallo,2893,BOL,48,CO,adm2,,,7.37926000,-73.91550000,Cantagallo,6874,America/Bogota,"{""br"":""Kantaleg"",""ko"":""칸타갈로"",""pt-BR"":""Cantagallo"",""pt"":""Cantagallo"",""nl"":""Cantagallo"",""hr"":""Cantagallo"",""fa"":""کانتاگالو"",""de"":""Cantagallo"",""es"":""Cantagallo"",""fr"":""Cantagallo"",""ja"":""カンタガッロ"",""it"":""Cantagallo"",""zh-CN"":""坎塔加洛"",""tr"":""Cantagallo"",""ru"":""Кантагалло"",""uk"":""Кантагалло"",""pl"":""Cantagallo"",""hi"":""कैंटागैलो"",""ar"":""كانتاجالو""}",2019-10-06T09:39:45,2025-12-02T14:38:56,1,Q1576351
20646,Caparrapí,2875,CUN,48,CO,adm2,,,5.34644000,-74.49147000,Caparrí,10301,America/Bogota,"{""br"":""Caparrapí"",""ko"":""카파라피"",""pt-BR"":""Caparrapí"",""pt"":""Caparrapí"",""nl"":""Caparrapí"",""hr"":""Caparrapí"",""fa"":""کاپاراپی"",""de"":""Caparrapí"",""es"":""Caparrapí"",""fr"":""Caparrapi"",""ja"":""カパラピ"",""it"":""Caparrapí"",""zh-CN"":""卡帕拉皮"",""tr"":""Caparrapí"",""ru"":""Капаррапи"",""uk"":""Капарапі"",""pl"":""Caparrapí"",""hi"":""कैपरापी"",""ar"":""كابارابي""}",2019-10-06T09:39:45,2025-12-02T14:39:31,1,Q1524797
20647,Capitanejo,2901,SAN,48,CO,adm2,,,6.52881000,-72.69595000,Capitanejo,3791,America/Bogota,"{""br"":""Capitanejo"",""ko"":""카피타네호"",""pt-BR"":""Capitão"",""pt"":""Capitão"",""nl"":""Kapitein"",""hr"":""Capitanejo"",""fa"":""کاپیتانخو"",""de"":""Kapitän"",""es"":""Capitán"",""fr"":""Capitanejo"",""ja"":""カピタネージョ"",""it"":""Capitano"",""zh-CN"":""卡皮塔内霍"",""tr"":""Kaptan"",""ru"":""Капитанехо"",""uk"":""Капітанехо"",""pl"":""Kapitan"",""hi"":""कैपिटानेजो"",""ar"":""كابيتانيجو""}",2019-10-06T09:39:45,2025-12-02T14:39:31,1,Q1574750
20648,Caqueza,2875,CUN,48,CO,adm2,,,4.38708000,-73.95722000,Caqueza,7958,America/Bogota,"{""br"":""Caqueza"",""ko"":""카케사"",""pt-BR"":""Caqueza"",""pt"":""Caqueza"",""nl"":""Caqueza"",""hr"":""Caqueza"",""fa"":""کاکزا"",""de"":""Caqueza"",""es"":""Cáqueza"",""fr"":""Caqueza"",""ja"":""カケサ"",""it"":""Caqueza"",""zh-CN"":""卡克萨"",""tr"":""Caqueza"",""ru"":""Какеса"",""uk"":""Какеса"",""pl"":""Caqueza"",""hi"":""कैक्वेज़ा"",""ar"":""كاكيزا""}",2019-10-06T09:39:45,2025-12-02T14:39:31,1,Q1574750
20649,Caracolí,2890,ANT,48,CO,adm2,,,6.40920000,-74.75715000,Caracolí,3120,America/Bogota,"{""br"":""Caracolí"",""ko"":""카라콜리"",""pt-BR"":""Caracolí"",""pt"":""Caracolí"",""nl"":""Caracolí"",""hr"":""Caracolí"",""fa"":""کاراکولی"",""de"":""Caracolí"",""es"":""Caracolí"",""fr"":""Caracolí"",""ja"":""カラコリ"",""it"":""Caracolí"",""zh-CN"":""卡拉科利"",""tr"":""Caracolí"",""ru"":""Караколи"",""uk"":""Караколі"",""pl"":""Caracolí"",""hi"":""कैराकोली"",""ar"":""كاراكولي""}",2019-10-06T09:39:45,2025-12-02T14:39:31,1,Q1655826
20650,Caramanta,2890,ANT,48,CO,adm2,,,5.54144000,-75.66961000,Caramanta,5410,America/Bogota,"{""br"":""Karamanta"",""ko"":""카라만타"",""pt-BR"":""Caramanta"",""pt"":""Caramanta"",""nl"":""Caramanta"",""hr"":""Karamanta"",""fa"":""کارامانتا"",""de"":""Caramanta"",""es"":""Caramanta"",""fr"":""Caramanta"",""ja"":""カラマンタ"",""it"":""Caramanta"",""zh-CN"":""卡拉曼塔"",""tr"":""Karamanta"",""ru"":""Караманта"",""uk"":""Караманта"",""pl"":""Karamanta"",""hi"":""कैरामंता"",""ar"":""كارامانتا""}",2019-10-06T09:39:45,2025-12-02T17:11:50,1,Q1655846
20651,Carcasí,2901,SAN,48,CO,adm2,,,6.62711000,-72.62625000,Carcasí,862,America/Bogota,"{""br"":""Karkas"",""ko"":""카르카시"",""pt-BR"":""Carcasí"",""pt"":""Carcasí"",""nl"":""Carcasí"",""hr"":""Carcasí"",""fa"":""کارکاسی"",""de"":""Carcasí"",""es"":""Carcasí"",""fr"":""Carcasí"",""ja"":""カルカシ"",""it"":""Carcasí"",""zh-CN"":""卡尔卡西"",""tr"":""Carcasí"",""ru"":""Каркаси"",""uk"":""Каркасі"",""pl"":""Carcasí"",""hi"":""कार्कसी"",""ar"":""كاركاسي""}",2019-10-06T09:39:45,2025-12-02T14:39:31,1,Q1656695
20652,Carepa,2890,ANT,48,CO,adm2,,,7.75849000,-76.65255000,El carruaje,20627,America/Bogota,"{""br"":""Carepa"",""ko"":""케어파"",""pt-BR"":""Carepa"",""pt"":""Carepa"",""nl"":""Carepa"",""hr"":""Carepa"",""fa"":""کارپا"",""de"":""Carepa"",""es"":""Carepa"",""fr"":""Carepa"",""ja"":""カレパ"",""it"":""Carepa"",""zh-CN"":""卡雷帕"",""tr"":""Carepa"",""ru"":""Карепа"",""uk"":""Карепа"",""pl"":""Carepa"",""hi"":""कैरेपा"",""ar"":""كاريبا""}",2019-10-06T09:39:45,2025-12-02T14:39:31,1,Q1946648
20654,Carmen de Apicalá,2883,TOL,48,CO,adm2,,,4.14725000,-74.72014000,Carmen de Apicalá,5640,America/Bogota,"{""br"":""Carmen de Apicalá"",""ko"":""카르멘 데 아피칼라"",""pt-BR"":""Carmen de Apicalá"",""pt"":""Carmen de Apicalá"",""nl"":""Carmen de Apicalá"",""hr"":""Carmen de Apicalá"",""fa"":""کارمن دِ آپیکالا"",""de"":""Carmen de Apicalá"",""es"":""Carmen de Apicalá"",""fr"":""Carmen de Apicalá"",""ja"":""カルメン・デ・アピカラ"",""it"":""Carmen de Apicalá"",""zh-CN"":""卡门·德·阿皮卡拉"",""tr"":""Carmen de Apicalá"",""ru"":""Кармен де Апикала"",""uk"":""Кармен де Апікала"",""pl"":""Carmen de Apicalá"",""hi"":""कारमेन डी अपिकाला"",""ar"":""كارمن دي أبيكالا""}",2019-10-06T09:39:45,2025-12-02T14:39:31,1,Q1574988
20655,Carmen de Carupa,2875,CUN,48,CO,adm2,,,5.34862000,-73.90168000,Carmen de Carupa,1928,America/Bogota,"{""br"":""Carmen de Carupa"",""ko"":""카르멘 데 카루파"",""pt-BR"":""Carmen de Carupa"",""pt"":""Carmen de Carupa"",""nl"":""Carmen de Carupa"",""hr"":""Carmen de Carupa"",""fa"":""کارمن دِ کاروپا"",""de"":""Carmen de Carupa"",""es"":""Carmen de Carupa"",""fr"":""Carmen de Carupa"",""ja"":""カルメン・デ・カルパ"",""it"":""Carmen de Carupa"",""zh-CN"":""卡门·德·卡鲁帕"",""tr"":""Carmen de Carupa"",""ru"":""Кармен де Карупа"",""uk"":""Кармен де Карупа"",""pl"":""Carmen de Carupa"",""hi"":""कारमेन डी कारुपा"",""ar"":""كارمن دي كاروبا""}",2019-10-06T09:39:45,2025-12-02T14:39:31,1,Q639256
20656,El Carmen de Viboral,2890,ANT,48,CO,adm2,,,6.08236000,-75.33509000,El Carmen de Viboral,59416,America/Bogota,"{""br"":""El Carmen de Viboral"",""ko"":""엘 카르멘 데 비보랄"",""pt-BR"":""El Carmen de Viboral"",""pt"":""El Carmen de Viboral"",""nl"":""El Carmen de Viboral"",""hr"":""El Carmen de Viboral"",""fa"":""ال کارمن د ویبورال"",""de"":""El Carmen de Viboral"",""es"":""El Carmen de Viboral"",""fr"":""Le Carmen de Viboral"",""ja"":""エル・カルメン・デ・ビボラル"",""it"":""El Carmen de Viboral"",""zh-CN"":""埃尔卡门·德·维博拉尔"",""tr"":""El Carmen de Viboral"",""ru"":""Эль Кармен де Виборал"",""uk"":""Ель Кармен де Віборал"",""pl"":""El Carmen de Viboral"",""hi"":""एल कारमेन डे विबोरल"",""ar"":""إل كارمن دي فيبورال""}",2019-10-06T04:09:45,2025-12-02T14:38:56,1,Q1256664
20657,Carmen del Darien,2876,CHO,48,CO,adm2,,,7.15777888,-76.97083333,Carmen del Darien,0,America/Bogota,"{""br"":""Carmen del Darien"",""ko"":""카르멘 델 다리엔"",""pt-BR"":""Carmen del Darien"",""pt"":""Carmen del Darien"",""nl"":""Carmen del Darien"",""hr"":""Carmen del Darien"",""fa"":""کارمن دل دارین"",""de"":""Carmen del Darien"",""es"":""Carmen del Darién"",""fr"":""Carmen del Darien"",""ja"":""カルメン・デル・ダリエン"",""it"":""Carmen del Darien"",""zh-CN"":""卡门·德尔·达里恩"",""tr"":""Carmen del Darien"",""ru"":""Кармен дель Дариен"",""uk"":""Кармен дель Дарієн"",""pl"":""Carmen del Darien"",""hi"":""कारमेन डेल डेरियन"",""ar"":""كارمن ديل دارين""}",2019-10-06T04:09:45,2025-12-02T14:39:31,1,Q963885
20658,Carolina,2890,ANT,48,CO,adm2,,,6.74807000,-75.32131000,Carolina,3160,America/Bogota,"{""br"":""Carolina"",""ko"":""캐롤라이나"",""pt-BR"":""Carolina"",""pt"":""Carolina"",""nl"":""Carolina"",""hr"":""Karolina"",""fa"":""کارولینا"",""de"":""Carolina"",""es"":""Carolina"",""fr"":""Caroline"",""ja"":""カロライナ"",""it"":""Carolina"",""zh-CN"":""卡罗莱纳"",""tr"":""Karolina"",""ru"":""Каролина"",""uk"":""Кароліна"",""pl"":""Karolina"",""hi"":""कैरोलिना"",""ar"":""كارولينا""}",2019-10-06T09:39:45,2025-12-02T17:11:50,1,Q1655875
20659,Cartagena de Indias,2893,BOL,48,CO,city,,,10.39972000,-75.51444000,Cartagena de Indias,,America/Bogota,"{""br"":""Kartagena an India"",""ko"":""카르타헤나 데 인디아스"",""pt-BR"":""Cartagena das Índias"",""pt"":""Cartagena das Índias"",""nl"":""Cartagena de Indias"",""hr"":""Cartagena de Indias"",""fa"":""کارتاخنا دِ ایندیاس"",""de"":""Cartagena de Indias"",""es"":""Cartagena de Indias"",""fr"":""Carthagène des Indes"",""ja"":""カルタヘナ・デ・インディアス"",""it"":""Cartagena de Indias"",""zh-CN"":""卡塔赫纳"",""tr"":""Cartagena de Indias"",""ru"":""Картахена-де-Индиас"",""uk"":""Картахена-де-Індіас"",""pl"":""Cartagena de Indias"",""hi"":""कार्टाजेना डे इंडियास"",""ar"":""قرطاجنة دي إندياس""}",2019-10-06T04:09:45,2025-12-02T16:59:27,1,Q657461
20660,Cartagena del Chairá,2891,CAQ,48,CO,adm2,,,1.33488000,-74.84289000,Cartagena del Chairá,7586,America/Bogota,"{""br"":""Kartagena del Chairá"",""ko"":""카르타헤나 델 차이라"",""pt-BR"":""Cartagena del Chairá"",""pt"":""Cartagena del Chairá"",""nl"":""Cartagena del Chairá"",""hr"":""Cartagena del Chairá"",""fa"":""کارتاخنا دل چیرا"",""de"":""Cartagena del Chairá"",""es"":""Cartagena del Chairá"",""fr"":""Carthagène del Chairá"",""ja"":""カルタヘナ・デル・チャイラ"",""it"":""Cartagena del Chairá"",""zh-CN"":""卡塔赫纳德尔查里亚"",""tr"":""Cartagena del Chairá"",""ru"":""Картахена-дель-Чайра"",""uk"":""Картахена-дель-Чаїра"",""pl"":""Cartagena del Chairá"",""hi"":""कार्टाजेना डेल चेयरा"",""ar"":""Cartagena del Chairá""}",2019-10-06T09:39:45,2025-12-02T14:39:31,1,Q1391874
20661,Cartago,2904,VAC,48,CO,adm2,,,4.74639000,-75.91167000,Cartago,134972,America/Bogota,"{""br"":""Kartago"",""ko"":""카르타고"",""pt-BR"":""Cartago"",""pt"":""Cartago"",""nl"":""Cartago"",""hr"":""Cartago"",""fa"":""کارتاگو"",""de"":""Cartago"",""es"":""Cartago"",""fr"":""Cartago"",""ja"":""カルタゴ"",""it"":""Cartago"",""zh-CN"":""卡塔戈"",""tr"":""Kartaca"",""ru"":""Картаго"",""uk"":""Картаго"",""pl"":""Cartago"",""hi"":""कार्टेगो"",""ar"":""كارتاغو""}",2019-10-06T09:39:45,2025-12-02T14:39:31,1,Q2004074
20663,Caruru,2885,VAU,48,CO,adm2,,,1.02081000,-71.33788000,Caruru,0,America/Bogota,"{""br"":""Caruru"",""ko"":""카루루"",""pt-BR"":""Caruru"",""pt"":""Caruru"",""nl"":""Caruru"",""hr"":""Caruru"",""fa"":""کارورو"",""de"":""Caruru"",""es"":""Carurú"",""fr"":""Caruru"",""ja"":""カルル"",""it"":""Caruru"",""zh-CN"":""卡鲁鲁"",""tr"":""Caruru"",""ru"":""Каруру"",""uk"":""Каруру"",""pl"":""Caruru"",""hi"":""कारुरू"",""ar"":""كارورو""}",2019-10-06T09:39:45,2025-12-02T14:39:31,1,Q1655130
20664,Casabianca,2883,TOL,48,CO,adm2,,,5.07959000,-75.12059000,Casabianca,6639,America/Bogota,"{""br"":""Casabianca"",""ko"":""카사비안카"",""pt-BR"":""Casa Bianca"",""pt"":""Casa Bianca"",""nl"":""Casabianca"",""hr"":""Casabianca"",""fa"":""کازابیانکا"",""de"":""Casabianca"",""es"":""Casabianca"",""fr"":""Casabianca"",""ja"":""カサビアンカ"",""it"":""Casabianca"",""zh-CN"":""卡萨比安卡"",""tr"":""Casabianca"",""ru"":""Касабьянка"",""uk"":""Касаб'янка"",""pl"":""Casabianca"",""hi"":""कैसाबियांका"",""ar"":""كاسابيانكا""}",2019-10-06T09:39:45,2025-12-02T14:38:56,1,Q23696030
20665,Castilla la Nueva,2878,MET,48,CO,adm2,,,3.82722000,-73.68831000,Castilla la Nueva,1543,America/Bogota,"{""br"":""Kastilla an Nevez"",""ko"":""카스티야 라 누에바"",""pt-BR"":""Castilla la Nueva"",""pt"":""Castilla la Nueva"",""nl"":""Castilla la Nueva"",""hr"":""Kastilja la Nova"",""fa"":""کاستیا لا نوئوا"",""de"":""Castilla la Nueva"",""es"":""Castilla la Nueva"",""fr"":""Castille-la-Nouvelle"",""ja"":""カスティーリャ・ラ・ヌエバ"",""it"":""Castilla la Nueva"",""zh-CN"":""新卡斯蒂利亚"",""tr"":""Castilla la Nueva"",""ru"":""Кастилия-ла-Нуэва"",""uk"":""Кастилья-ла-Нова"",""pl"":""Castilla la Nueva"",""hi"":""कैस्टिला ला नुएवा"",""ar"":""كاستيا لا نويفا""}",2019-10-06T09:39:45,2025-12-02T14:39:31,1,Q1577876
20666,Caucasia,2890,ANT,48,CO,adm2,,,7.98654000,-75.19349000,Caucasia,58034,America/Bogota,"{""br"":""Kaokaz"",""ko"":""코카시아"",""pt-BR"":""Cáucaso"",""pt"":""Cáucaso"",""nl"":""Kaukasus"",""hr"":""Kavkaz"",""fa"":""قفقاز"",""de"":""Kaukasien"",""es"":""Cáucaso"",""fr"":""Caucase"",""ja"":""コーカサス"",""it"":""Caucaso"",""zh-CN"":""高加索"",""tr"":""Kafkasya"",""ru"":""Кавказ"",""uk"":""Кавказ"",""pl"":""Kaukaz"",""hi"":""काकेशस"",""ar"":""القوقاز""}",2019-10-06T09:39:45,2025-12-02T14:39:31,1,Q511705
20667,Cañasgordas,2890,ANT,48,CO,adm2,,,6.80951000,-76.03954000,Cañasgordas,13595,America/Bogota,"{""br"":""Cañasgordas"",""ko"":""카냐스고르다스"",""pt-BR"":""Cañasgordas"",""pt"":""Cañasgordas"",""nl"":""Cañasgordas"",""hr"":""Cañasgordas"",""fa"":""کاناسگورداس"",""de"":""Cañasgordas"",""es"":""Cañasgordas"",""fr"":""Cañasgordas"",""ja"":""カニャスゴルダス"",""it"":""Cañasgordas"",""zh-CN"":""卡尼亚斯戈达斯"",""tr"":""Cañasgordas"",""ru"":""Каньясгордас"",""uk"":""Каньясгордас"",""pl"":""Cañasgordas"",""hi"":""कैनासगोर्डास"",""ar"":""كاناسجورداس""}",2019-10-06T09:39:45,2025-12-02T17:11:50,1,Q1525112
20668,Cepitá,2901,SAN,48,CO,adm2,,,6.75427000,-72.97440000,Cepito,377,America/Bogota,"{""br"":""Cepitá"",""ko"":""세피타"",""pt-BR"":""Cepitá"",""pt"":""Cepitá"",""nl"":""Cepitá"",""hr"":""Cepitá"",""fa"":""سپیتا"",""de"":""Cepitá"",""es"":""Cepitá"",""fr"":""Cepitá"",""ja"":""セピタ"",""it"":""Cepitá"",""zh-CN"":""切皮塔"",""tr"":""Cepita"",""ru"":""Сепита"",""uk"":""Сепіта"",""pl"":""Cepitá"",""hi"":""सेपिटा"",""ar"":""سيبيتا""}",2019-10-06T09:39:45,2025-12-02T14:39:31,1,Q963127
20669,Cereté,2898,COR,48,CO,adm2,,,8.88479000,-75.79052000,Cereté,94935,America/Bogota,"{""br"":""Cereté"",""ko"":""세레테"",""pt-BR"":""Cereté"",""pt"":""Cereté"",""nl"":""Cereté"",""hr"":""Cereté"",""fa"":""سرته"",""de"":""Cereté"",""es"":""Cereté"",""fr"":""Cereté"",""ja"":""セレテ"",""it"":""Cereté"",""zh-CN"":""塞雷特"",""tr"":""Cesaret"",""ru"":""Серете"",""uk"":""Серете"",""pl"":""Cereté"",""hi"":""सेरेट"",""ar"":""سيريتي""}",2019-10-06T09:39:45,2025-12-02T14:38:56,1,Q2308618
20670,Cerinza,2903,BOY,48,CO,adm2,,,5.93649000,-72.99127000,El requisito,4312,America/Bogota,"{""br"":""Cerinza"",""ko"":""세린자"",""pt-BR"":""Cerinza"",""pt"":""Cerinza"",""nl"":""Cerinza"",""hr"":""Cerinza"",""fa"":""سرینز"",""de"":""Cerinza"",""es"":""Cerinza"",""fr"":""Cerinza"",""ja"":""セリンザ"",""it"":""Cerinza"",""zh-CN"":""切林扎"",""tr"":""Cerinza"",""ru"":""Серинза"",""uk"":""Черінза"",""pl"":""Cerinza"",""hi"":""सेरिन्ज़ा"",""ar"":""سيرينزا""}",2019-10-06T09:39:45,2025-12-02T17:11:50,1,Q1654487
20671,Cerrito,2901,SAN,48,CO,adm2,,,6.84315000,-72.69404000,Cerrito,2435,America/Bogota,"{""br"":""Cerrito"",""ko"":""세리토"",""pt-BR"":""Cerrito"",""pt"":""Cerrito"",""nl"":""Cerrito"",""hr"":""Cerrito"",""fa"":""سریتو"",""de"":""Cerrito"",""es"":""Cerrito"",""fr"":""Cerrito"",""ja"":""セリト"",""it"":""Cerrito"",""zh-CN"":""塞里托"",""tr"":""Cerrito"",""ru"":""Серрито"",""uk"":""Серріто"",""pl"":""Cerrito"",""hi"":""सेरिटो"",""ar"":""سيريتو""}",2019-10-06T09:39:45,2025-12-02T14:38:56,1,Q2012935
20673,Cerro de San Antonio,2886,MAG,48,CO,adm2,,,10.32585000,-74.86933000,Cerro de San Antonio,7057,America/Bogota,"{""br"":""Serro de San Antonio"",""ko"":""세로 데 산 안토니오"",""pt-BR"":""Cerro de San Antonio"",""pt"":""Cerro de San Antonio"",""nl"":""Heuvel van San Antonio"",""hr"":""Cerro de San Antonio"",""fa"":""سرو د سن آنتونیو"",""de"":""Cerro de San Antonio"",""es"":""Cerro de San Antonio"",""fr"":""Cerro de San Antonio"",""ja"":""セロ・デ・サン・アントニオ"",""it"":""Cerro de San Antonio"",""zh-CN"":""圣安东尼奥山"",""tr"":""San Antonio Tepesi"",""ru"":""Серро-де-Сан-Антонио"",""uk"":""Серро-де-Сан-Антоніо"",""pl"":""Cerro de San Antonio"",""hi"":""सेरो डी सैन एंटोनियो"",""ar"":""سيرو دي سان أنطونيو""}",2019-10-06T09:39:45,2025-12-02T14:39:31,1,Q1575697
20674,Chachagüí,2897,NAR,48,CO,city,,,1.35943000,-77.28367000,Chachagüí,4899,America/Bogota,"{""br"":""Chachagüí"",""ko"":""차차귀"",""pt-BR"":""Chachagüí"",""pt"":""Chachagüí"",""nl"":""Chachagüí"",""hr"":""Chachagüí"",""fa"":""چاچاگوی"",""de"":""Chachagüí"",""es"":""Chachagüí"",""fr"":""Chachagüí"",""ja"":""チャチャグイ"",""it"":""Chachagüí"",""zh-CN"":""查查圭"",""tr"":""Chachagüí"",""ru"":""Чачагуи"",""uk"":""Чачагуї"",""pl"":""Chachagüí"",""hi"":""चाचागुई"",""ar"":""تشاتشاغوي""}",2019-10-06T09:39:45,2025-12-02T14:39:31,1,Q775003
20675,Chaguaní,2875,CUN,48,CO,adm2,,,4.94829000,-74.59392000,Elegir,1108,America/Bogota,"{""br"":""Chaguani"",""ko"":""차과니"",""pt-BR"":""Chaguaní"",""pt"":""Chaguaní"",""nl"":""Chaguaní"",""hr"":""Chaguaní"",""fa"":""چاگوانی"",""de"":""Chaguaní"",""es"":""Chaguaní"",""fr"":""Chaguaní"",""ja"":""チャグアニ"",""it"":""Chaguaní"",""zh-CN"":""查瓜尼"",""tr"":""Chaguani"",""ru"":""Чагуани"",""uk"":""Чагуані"",""pl"":""Chaguaní"",""hi"":""चागुआनी"",""ar"":""تشاجواني""}",2019-10-06T09:39:45,2025-12-02T14:39:31,1,Q1654559
20676,Chalán,2902,SUC,48,CO,adm2,,,9.54765000,-75.31128000,Chalán,2897,America/Bogota,"{""br"":""Chalán"",""ko"":""찰란"",""pt-BR"":""Chalán"",""pt"":""Chalán"",""nl"":""Chalán"",""hr"":""Chalán"",""fa"":""چالان"",""de"":""Chalan"",""es"":""Chalán"",""fr"":""Chalan"",""ja"":""チャラン"",""it"":""Chalan"",""zh-CN"":""查兰"",""tr"":""Chalan"",""ru"":""Чалан"",""uk"":""Чалан"",""pl"":""Chalán"",""hi"":""Chalan"",""ar"":""شالان""}",2019-10-06T09:39:45,2025-12-02T14:39:31,1,Q1656706
20677,Chameza,2892,CAS,48,CO,adm2,,,5.19237000,-72.88952000,Perseguir,1820,America/Bogota,"{""br"":""Chameza"",""ko"":""차메자"",""pt-BR"":""Chameza"",""pt"":""Chameza"",""nl"":""Chameza"",""hr"":""Čameza"",""fa"":""چامزا"",""de"":""Chameza"",""es"":""Chameza"",""fr"":""Chameza"",""ja"":""チャメザ"",""it"":""Chameza"",""zh-CN"":""查梅扎"",""tr"":""Çameza"",""ru"":""Чамеза"",""uk"":""Чамеза"",""pl"":""Chameza"",""hi"":""चमेज़ा"",""ar"":""تشاميزا""}",2019-10-06T09:39:45,2025-12-02T17:11:50,1,Q1656706
20678,Chaparral,2883,TOL,48,CO,adm2,,,3.75000000,-75.58333000,Chaparral,47293,America/Bogota,"{""br"":""Chaparral"",""ko"":""차파랄"",""pt-BR"":""Chaparral"",""pt"":""Chaparral"",""nl"":""Chaparral"",""hr"":""Čestar"",""fa"":""چاپارال"",""de"":""Chaparral"",""es"":""Chaparral"",""fr"":""Chaparral"",""ja"":""チャパラル"",""it"":""Chaparral"",""zh-CN"":""查帕拉尔"",""tr"":""Çalılık"",""ru"":""Чапараль"",""uk"":""Чапараль"",""pl"":""Chaparral"",""hi"":""चैपरल"",""ar"":""شابارال""}",2019-10-06T09:39:45,2025-12-02T17:11:50,1,Q1977885
20679,Charalá,2901,SAN,48,CO,adm2,,,6.17513000,-73.17587000,Charalá,10540,America/Bogota,"{""br"":""Charalá"",""ko"":""차랄라"",""pt-BR"":""Charalá"",""pt"":""Charalá"",""nl"":""Charalá"",""hr"":""Charalá"",""fa"":""چارالا"",""de"":""Charalá"",""es"":""Charalá"",""fr"":""Charala"",""ja"":""チャララ"",""it"":""Charalá"",""zh-CN"":""查拉拉"",""tr"":""Charalá"",""ru"":""Чарала"",""uk"":""Чарала"",""pl"":""Charalá"",""hi"":""चारला"",""ar"":""شارالا""}",2019-10-06T09:39:45,2025-12-02T17:11:50,1,Q652409
20680,Charta,2901,SAN,48,CO,adm2,,,7.28025000,-72.96782000,Papel,650,America/Bogota,"{""br"":""Kartenn"",""ko"":""헌장"",""pt-BR"":""Carta"",""pt"":""Carta"",""nl"":""Charta"",""hr"":""Povelja"",""fa"":""چارتا"",""de"":""Charta"",""es"":""Carta"",""fr"":""Charte"",""ja"":""チャータ"",""it"":""Carta"",""zh-CN"":""宪章"",""tr"":""Şart"",""ru"":""Хартия"",""uk"":""Хартія"",""pl"":""Karta"",""hi"":""चार्टा"",""ar"":""مخطط""}",2019-10-06T09:39:45,2025-12-02T14:39:31,1,Q594164
20683,Chigorodó,2890,ANT,48,CO,adm2,,,7.66638000,-76.68106000,Chigorodó,86239,America/Bogota,"{""br"":""Chigorodó"",""ko"":""치고로도"",""pt-BR"":""Chigorodó"",""pt"":""Chigorodó"",""nl"":""Chigorodó"",""hr"":""Čigorodó"",""fa"":""چیگورودو"",""de"":""Chigorodó"",""es"":""Chigorodó"",""fr"":""Chigorodó"",""ja"":""チゴロド"",""it"":""Chigorodó"",""zh-CN"":""奇戈罗多"",""tr"":""Chigorodó"",""ru"":""Чигородо"",""uk"":""Чигородо"",""pl"":""Chigorodó"",""hi"":""चिगोरोडो"",""ar"":""تشيغورودو""}",2019-10-06T09:39:45,2025-12-02T14:38:56,1,Q2088075
20684,Chima,2901,SAN,48,CO,adm2,,,6.36289000,-73.42534000,Chima,3338,America/Bogota,"{""br"":""Chima"",""ko"":""치마"",""pt-BR"":""Chima"",""pt"":""Chima"",""nl"":""Chima"",""hr"":""Čima"",""fa"":""چیما"",""de"":""Chima"",""es"":""Chima"",""fr"":""Chima"",""ja"":""チマ"",""it"":""Chima"",""zh-CN"":""奇玛"",""tr"":""Çima"",""ru"":""Чима"",""uk"":""Чіма"",""pl"":""Chima"",""hi"":""चीमा"",""ar"":""شيما""}",2019-10-06T09:39:45,2025-12-02T17:11:50,1,Q783143
20685,Chimichagua,2899,CES,48,CO,adm2,,,9.25778000,-73.81228000,Chimichagua,30289,America/Bogota,"{""br"":""Chimichagua"",""ko"":""치미차구아"",""pt-BR"":""Chimichagua"",""pt"":""Chimichagua"",""nl"":""Chimichagua"",""hr"":""Čimičagua"",""fa"":""چیمیچاگوا"",""de"":""Chimichagua"",""es"":""Chimichagua"",""fr"":""Chimichagua"",""ja"":""チミチャグア"",""it"":""Chimichagua"",""zh-CN"":""奇米查瓜"",""tr"":""Çimiçagua"",""ru"":""Чимичагуа"",""uk"":""Чімічагуа"",""pl"":""Chimichagua"",""hi"":""चिमिचाग्वा"",""ar"":""تشيميتشاجوا""}",2019-10-06T09:39:45,2025-12-02T14:38:56,1,Q509339
20686,Chimá,2898,COR,48,CO,adm2,,,9.14893000,-75.62841000,Pájaro,13492,America/Bogota,"{""br"":""Chimá"",""ko"":""치마"",""pt-BR"":""Chimá"",""pt"":""Chimá"",""nl"":""Chimá"",""hr"":""Čima"",""fa"":""چیما"",""de"":""Chimá"",""es"":""Chimá"",""fr"":""Chimá"",""ja"":""チマ"",""it"":""Chimá"",""zh-CN"":""奇玛"",""tr"":""Chima"",""ru"":""Чима"",""uk"":""Чіма"",""pl"":""Chimá"",""hi"":""चिमा"",""ar"":""شيما""}",2019-10-06T09:39:45,2025-12-02T14:39:31,1,Q1525620
20687,Chinavita,2903,BOY,48,CO,adm2,,,5.17915000,-73.37147000,Otra cosa,1113,America/Bogota,"{""br"":""Chinavita"",""ko"":""치나비타"",""pt-BR"":""Chinavita"",""pt"":""Chinavita"",""nl"":""Chinavita"",""hr"":""Chinavita"",""fa"":""چیناویتا"",""de"":""Chinavita"",""es"":""Chinavita"",""fr"":""Chinavita"",""ja"":""チナヴィタ"",""it"":""Chinavita"",""zh-CN"":""奇纳维塔"",""tr"":""Chinavita"",""ru"":""Чинавита"",""uk"":""Чинавіта"",""pl"":""Chinavita"",""hi"":""चिनविटा"",""ar"":""تشينافيتا""}",2019-10-06T09:39:45,2025-12-02T14:39:31,1,Q1654938
20688,Chinchiná,2887,CAL,48,CO,adm2,,,4.97522000,-75.70416000,Chinchiná,53496,America/Bogota,"{""br"":""Chinchiná"",""ko"":""친치나"",""pt-BR"":""Chinchiná"",""pt"":""Chinchiná"",""nl"":""Chinchiná"",""hr"":""Činčina"",""fa"":""چینچینا"",""de"":""Chinchiná"",""es"":""Chinchiná"",""fr"":""Chinchiná"",""ja"":""チンチナ"",""it"":""Chinchiná"",""zh-CN"":""钦奇纳"",""tr"":""Çinçina"",""ru"":""Чинчина"",""uk"":""Чінчина"",""pl"":""Chinchiná"",""hi"":""चिनचिना"",""ar"":""تشينشينا""}",2019-10-06T09:39:46,2025-12-02T17:11:50,1,Q1073678
20689,Chinácota,2877,NSA,48,CO,adm2,,,7.60731000,-72.60108000,Chinácota,9667,America/Bogota,"{""br"":""Chinácota"",""ko"":""치나코타"",""pt-BR"":""Chinácota"",""pt"":""Chinácota"",""nl"":""Chinácota"",""hr"":""Chinácota"",""fa"":""چیناکوتا"",""de"":""Chinácota"",""es"":""Chinácota"",""fr"":""Chinecota"",""ja"":""チナコタ"",""it"":""Chinacota"",""zh-CN"":""奇纳科塔"",""tr"":""Çinácota"",""ru"":""Чинакота"",""uk"":""Чинакота"",""pl"":""Chinácota"",""hi"":""चिनाकोटा"",""ar"":""تشيناكوتا""}",2019-10-06T09:39:46,2025-12-02T14:39:31,1,Q1526150
20690,Chinú,2898,COR,48,CO,adm2,,,9.03869000,-75.34273000,Chino,50743,America/Bogota,"{""br"":""Chinú"",""ko"":""치누"",""pt-BR"":""Chinú"",""pt"":""Chinú"",""nl"":""Chinú"",""hr"":""Činú"",""fa"":""چینو"",""de"":""Chinú"",""es"":""Chinú"",""fr"":""Chinú"",""ja"":""チヌー"",""it"":""Chinú"",""zh-CN"":""奇努"",""tr"":""Çinu"",""ru"":""Чину"",""uk"":""Чіну"",""pl"":""Chinú"",""hi"":""चिनू"",""ar"":""تشينو""}",2019-10-06T09:39:46,2025-12-02T17:11:50,1,Q2387112
20691,Chipaque,2875,CUN,48,CO,adm2,,,4.44250000,-74.04417000,Chipón,2707,America/Bogota,"{""br"":""Chipaque"",""ko"":""치파크"",""pt-BR"":""Chipaque"",""pt"":""Chipaque"",""nl"":""Chipaque"",""hr"":""Čipake"",""fa"":""چیپاک"",""de"":""Chipaque"",""es"":""Chipaque"",""fr"":""Chipaque"",""ja"":""チパケ"",""it"":""Chipaque"",""zh-CN"":""奇帕克"",""tr"":""Chipaque"",""ru"":""Чипаке"",""uk"":""Чіпаке"",""pl"":""Chipaque"",""hi"":""चिपकाके"",""ar"":""شيباك""}",2019-10-06T09:39:46,2025-12-02T14:39:31,1,Q740349
20692,Chipatá,2901,SAN,48,CO,adm2,,,6.06196000,-73.63718000,Dividir,868,America/Bogota,"{""br"":""Chipatá"",""ko"":""치파타"",""pt-BR"":""Chipatá"",""pt"":""Chipatá"",""nl"":""Chipatá"",""hr"":""Čipata"",""fa"":""چیپاتا"",""de"":""Chipatá"",""es"":""Chipatá"",""fr"":""Chipatá"",""ja"":""チパタ"",""it"":""Chipatá"",""zh-CN"":""奇帕塔"",""tr"":""Chipata"",""ru"":""Чипата"",""uk"":""Чіпата"",""pl"":""Chipatá"",""hi"":""Chipata"",""ar"":""تشيباتا""}",2019-10-06T09:39:46,2025-12-02T14:39:31,1,Q2430935
20693,Chiquinquirá,2903,BOY,48,CO,adm2,,,5.61363000,-73.83848000,Chiquinquirá,85274,America/Bogota,"{""br"":""Chiquinquirá"",""ko"":""치퀸키라"",""pt-BR"":""Chiquinquirá"",""pt"":""Chiquinquirá"",""nl"":""Chiquinquirá"",""hr"":""Chiquinquirá"",""fa"":""چیکینکیرا"",""de"":""Chiquinquirá"",""es"":""Chiquinquirá"",""fr"":""Chiquinquirá"",""ja"":""チキンキラ"",""it"":""Chiquinquirá"",""zh-CN"":""奇金基拉"",""tr"":""Chiquinquirá"",""ru"":""Чикинкира"",""uk"":""Чікінкіра"",""pl"":""Chiquinquirá"",""hi"":""चिक्विन्क्विरा"",""ar"":""تشيكينكيرا""}",2019-10-06T09:39:46,2025-12-02T17:11:50,1,Q951897
20694,Chiriguaná,2899,CES,48,CO,adm2,,,9.36238000,-73.60313000,Chiriguaná,27006,America/Bogota,"{""br"":""Chiriguaná"",""ko"":""치리구아나"",""pt-BR"":""Chiriguaná"",""pt"":""Chiriguaná"",""nl"":""Chiriguaná"",""hr"":""Chiriguaná"",""fa"":""چیریگوانا"",""de"":""Chiriguaná"",""es"":""Chiriguaná"",""fr"":""Chiriguaná"",""ja"":""チリグアナ"",""it"":""Chiriguaná"",""zh-CN"":""奇里瓜纳"",""tr"":""Chiriguaná"",""ru"":""Чиригуана"",""uk"":""Чірігуана"",""pl"":""Chiriguaná"",""hi"":""चिरिग्वाना"",""ar"":""تشيريجوانا""}",2019-10-06T09:39:46,2025-12-02T14:38:56,1,Q1440741
20695,Chiscas,2903,BOY,48,CO,adm2,,,6.55642000,-72.50378000,Chiscas,1356,America/Bogota,"{""br"":""Chiscas"",""ko"":""치스카스"",""pt-BR"":""Chiscas"",""pt"":""Chiscas"",""nl"":""Chiscas"",""hr"":""Čiske"",""fa"":""چیسکاس"",""de"":""Chiscas"",""es"":""Chiscas"",""fr"":""Chiscas"",""ja"":""チスカス"",""it"":""Chiscas"",""zh-CN"":""奇斯卡斯"",""tr"":""Chiscas"",""ru"":""Чискас"",""uk"":""Чіскас"",""pl"":""Chiscas"",""hi"":""चिस्कास"",""ar"":""تشيسكاس""}",2019-10-06T09:39:46,2025-12-02T14:39:31,1,Q1654579
20696,Chita,2903,BOY,48,CO,adm2,,,6.07788000,-72.46774000,Sentarse,9542,America/Bogota,"{""br"":""Chita"",""ko"":""치타"",""pt-BR"":""Chita"",""pt"":""Chita"",""nl"":""Tsjita"",""hr"":""Čita"",""fa"":""چیتا"",""de"":""Tschita"",""es"":""Chita"",""fr"":""Tchita"",""ja"":""知多"",""it"":""Chita"",""zh-CN"":""赤塔"",""tr"":""Çita"",""ru"":""Чита"",""uk"":""Чита"",""pl"":""Czyta"",""hi"":""चीता"",""ar"":""تشيتا""}",2019-10-06T09:39:46,2025-12-02T17:11:50,1,Q1575553
20697,Chitagá,2877,NSA,48,CO,adm2,,,7.13781000,-72.66456000,Tagá,3871,America/Bogota,"{""br"":""Chitagá"",""ko"":""치타가"",""pt-BR"":""Chitagá"",""pt"":""Chitagá"",""nl"":""Chitagá"",""hr"":""Čitaga"",""fa"":""چیتاگا"",""de"":""Chitagá"",""es"":""Chitagá"",""fr"":""Chitagá"",""ja"":""チタガ"",""it"":""Chitagá"",""zh-CN"":""奇塔加"",""tr"":""Çitaga"",""ru"":""Читага"",""uk"":""Чітага"",""pl"":""Czytaga"",""hi"":""चितागा"",""ar"":""شيتاغا""}",2019-10-06T09:39:46,2025-12-02T14:39:31,1,Q1576762
20698,Chitaraque,2903,BOY,48,CO,adm2,,,5.96167000,-73.45761000,Chitarque,0,America/Bogota,"{""br"":""Chitaraque"",""ko"":""치타라케"",""pt-BR"":""Chitaraque"",""pt"":""Chitaraque"",""nl"":""Chitaraque"",""hr"":""Čitarake"",""fa"":""چیتاراک"",""de"":""Chitaraque"",""es"":""Chitaraque"",""fr"":""Chitaraque"",""ja"":""チタラケ"",""it"":""Chitaraque"",""zh-CN"":""奇塔拉克"",""tr"":""Chitaraque"",""ru"":""Читараке"",""uk"":""Чітараке"",""pl"":""Chitaraque"",""hi"":""चिताराके"",""ar"":""شيتاراكي""}",2019-10-06T09:39:46,2025-12-02T14:39:31,1,Q1574783
20699,Chivatá,2903,BOY,48,CO,adm2,,,5.55823000,-73.28198000,Chivatá,664,America/Bogota,"{""br"":""Chivatá"",""ko"":""치바타"",""pt-BR"":""Chivatá"",""pt"":""Chivatá"",""nl"":""Chivatá"",""hr"":""Čivatá"",""fa"":""چیواتا"",""de"":""Chivatá"",""es"":""Chivatá"",""fr"":""Chivatá"",""ja"":""チバタ"",""it"":""Chivatá"",""zh-CN"":""奇瓦塔"",""tr"":""Chivatá"",""ru"":""Чивата"",""uk"":""Чівата"",""pl"":""Chivatá"",""hi"":""चिवाटा"",""ar"":""تشيفاتا""}",2019-10-06T09:39:46,2025-12-02T14:39:31,1,Q1654780
20700,Chivolo,2886,MAG,48,CO,adm2,,,10.02638888,-74.62138888,Desconstrucción,18208,America/Bogota,"{""br"":""Chivolo"",""ko"":""치볼로"",""pt-BR"":""Chivolo"",""pt"":""Chivolo"",""nl"":""Chivolo"",""hr"":""Čivolo"",""fa"":""چیولو"",""de"":""Chivolo"",""es"":""Chivolo"",""fr"":""Chivolo"",""ja"":""チボロ"",""it"":""Chivolo"",""zh-CN"":""奇沃洛"",""tr"":""Chivolo"",""ru"":""Чиволо"",""uk"":""Чіволо"",""pl"":""Chivolo"",""hi"":""चिवोलो"",""ar"":""تشيفولو""}",2019-10-06T04:09:45,2025-12-02T14:38:56,1,Q1525439
20701,Chivor,2903,BOY,48,CO,adm2,,,4.88556000,-73.36889000,Chivor,1795,America/Bogota,"{""br"":""Chivor"",""ko"":""치보르"",""pt-BR"":""Chivor"",""pt"":""Chivor"",""nl"":""Chivor"",""hr"":""Čivor"",""fa"":""چیور"",""de"":""Chivor"",""es"":""Chivor"",""fr"":""Chivor"",""ja"":""チヴォル"",""it"":""Chivor"",""zh-CN"":""契沃尔"",""tr"":""Chivor"",""ru"":""Чивор"",""uk"":""Чівор"",""pl"":""Chivor"",""hi"":""चिवोर"",""ar"":""شيفور""}",2019-10-06T09:39:46,2025-12-02T14:38:56,1,Q1656250
20702,Choachí,2875,CUN,48,CO,adm2,,,4.52897000,-73.92273000,Entrenador,4281,America/Bogota,"{""br"":""Choachí"",""ko"":""초아치"",""pt-BR"":""Choachí"",""pt"":""Choachí"",""nl"":""Choachí"",""hr"":""Čoači"",""fa"":""چوآچی"",""de"":""Choachí"",""es"":""Choachí"",""fr"":""Choachí"",""ja"":""チョアチ"",""it"":""Choachí"",""zh-CN"":""乔阿奇"",""tr"":""Choachí"",""ru"":""Чоачи"",""uk"":""Чоачі"",""pl"":""Choachí"",""hi"":""चोआची"",""ar"":""تشواتشي""}",2019-10-06T09:39:46,2025-12-02T14:39:31,1,Q936199
20703,Chocontá,2875,CUN,48,CO,adm2,,,5.14468000,-73.68578000,Chocontá,7592,America/Bogota,"{""br"":""Chocontá"",""ko"":""초콘타"",""pt-BR"":""Chocontá"",""pt"":""Chocontá"",""nl"":""Chocontá"",""hr"":""Čokonta"",""fa"":""چوکونتا"",""de"":""Chocontá"",""es"":""Chocontá"",""fr"":""Chocontá"",""ja"":""チョコンタ"",""it"":""Chocontá"",""zh-CN"":""乔孔塔"",""tr"":""Chocontá"",""ru"":""Чоконта"",""uk"":""Чоконта"",""pl"":""Czekolada"",""hi"":""चोकोंटा"",""ar"":""تشوكونتا""}",2019-10-06T09:39:46,2025-12-02T14:39:31,1,Q1525247
20705,Chía,2875,CUN,48,CO,adm2,,,4.84452000,-74.05848000,Chía,124309,America/Bogota,"{""br"":""Chia"",""ko"":""치아"",""pt-BR"":""Chia"",""pt"":""Chia"",""nl"":""Chia"",""hr"":""Chía"",""fa"":""چیا"",""de"":""Chía"",""es"":""Chía"",""fr"":""Chía"",""ja"":""チア"",""it"":""Chia"",""zh-CN"":""奇亚"",""tr"":""Chía"",""ru"":""Чиа"",""uk"":""Чіа"",""pl"":""Chía"",""hi"":""चिया"",""ar"":""شيا""}",2019-10-06T09:39:46,2025-12-02T14:39:31,1,Q1093102
20706,Chíquiza,2903,BOY,48,CO,adm2,,,5.60412000,-73.48518000,Chíquiza,730,America/Bogota,"{""br"":""Chiquiza"",""ko"":""치키자"",""pt-BR"":""Chiquiza"",""pt"":""Chiquiza"",""nl"":""Chiquiza"",""hr"":""Chíquiza"",""fa"":""چیکیزا"",""de"":""Chíquiza"",""es"":""Chíquiza"",""fr"":""Chíquiza"",""ja"":""チキサ"",""it"":""Chiquiza"",""zh-CN"":""奇基萨"",""tr"":""Çiquiza"",""ru"":""Чикиса"",""uk"":""Чікіса"",""pl"":""Chiquiza"",""hi"":""चिक्विज़ा"",""ar"":""تشيكيزا""}",2019-10-06T09:39:46,2025-12-02T14:39:31,1,Q1575485
20707,Cicuco,2893,BOL,48,CO,adm2,,,9.27756000,-74.64312000,Cicuco,7662,America/Bogota,"{""br"":""Cicuco"",""ko"":""치쿠코"",""pt-BR"":""Cicuco"",""pt"":""Cicuco"",""nl"":""Cicuco"",""hr"":""Cicuco"",""fa"":""چیکوکو"",""de"":""Cicuco"",""es"":""Cicuco"",""fr"":""Cicuit"",""ja"":""チクコ"",""it"":""Cicuco"",""zh-CN"":""西库科"",""tr"":""Cicuco"",""ru"":""Чикуко"",""uk"":""Сікуко"",""pl"":""Cicuco"",""hi"":""सिकुको"",""ar"":""سيكوكو""}",2019-10-06T09:39:46,2025-12-02T14:39:31,1,Q1579035
20708,Cimitarra,2901,SAN,48,CO,adm2,,,6.31419000,-73.94968000,Cimitarra,50892,America/Bogota,"{""br"":""Cimitarra"",""ko"":""치미타라"",""pt-BR"":""Cimitarra"",""pt"":""Cimitarra"",""nl"":""Cimitarra"",""hr"":""Cimitarra"",""fa"":""سیمیتارا"",""de"":""Cimitarra"",""es"":""Cimitarra"",""fr"":""Cimitarra"",""ja"":""シミタラ"",""it"":""Cimitarra"",""zh-CN"":""西米塔拉"",""tr"":""Cimitarra"",""ru"":""Кимитарра"",""uk"":""Чімітарра"",""pl"":""Cimitarra"",""hi"":""सिमितारा"",""ar"":""سيميتارا""}",2019-10-06T09:39:46,2025-12-02T14:39:31,1,Q2430987
20709,Circasia,2874,QUI,48,CO,adm2,,,4.59940000,-75.68536000,CIRCASIA,28162,America/Bogota,"{""br"":""Sirkazia"",""ko"":""서카시아"",""pt-BR"":""Circasia"",""pt"":""Circasia"",""nl"":""Circasia"",""hr"":""Cirkazija"",""fa"":""سیرکاسیا"",""de"":""Zirkasien"",""es"":""Circasia"",""fr"":""Circasia"",""ja"":""シルカシア"",""it"":""Circasia"",""zh-CN"":""切尔卡西亚"",""tr"":""Çerkezya"",""ru"":""Черкесия"",""uk"":""Черкасія"",""pl"":""Circasia"",""hi"":""सर्कसिया"",""ar"":""سيركاسيا""}",2019-10-06T09:39:46,2025-12-02T17:11:50,1,Q958855
20710,Cisneros,2890,ANT,48,CO,adm2,,,6.54507000,-75.09415000,Cisneros,8204,America/Bogota,"{""br"":""Cisneros"",""ko"":""시스네로스"",""pt-BR"":""Cisneros"",""pt"":""Cisneros"",""nl"":""Cisneros"",""hr"":""Cisneros"",""fa"":""سیسنروس"",""de"":""Cisneros"",""es"":""Cisneros"",""fr"":""Cisneros"",""ja"":""シスネロス"",""it"":""Cisneros"",""zh-CN"":""西斯内罗斯"",""tr"":""Cisneros"",""ru"":""Сиснерос"",""uk"":""Сіснерос"",""pl"":""Cisneros"",""hi"":""सिस्नेरोस"",""ar"":""سيسنيروس""}",2019-10-06T09:39:46,2025-12-02T14:39:31,1,Q1578727
20711,Ciudad Bolívar,2890,ANT,48,CO,adm2,,,5.85389000,-76.02528000,Ciudad Bolívar,27458,America/Bogota,"{""br"":""Kêr Bolivar"",""ko"":""시우다드 볼리바르"",""pt-BR"":""Cidade Bolívar"",""pt"":""Cidade Bolívar"",""nl"":""Ciudad Bolívar"",""hr"":""Ciudad Bolívar"",""fa"":""سیوداد بولیوار"",""de"":""Ciudad Bolívar"",""es"":""Ciudad Bolívar"",""fr"":""Ciudad Bolívar"",""ja"":""シウダー・ボリバル"",""it"":""Città di Bolívar"",""zh-CN"":""玻利瓦尔城"",""tr"":""Ciudad Bolívar"",""ru"":""Сьюдад-Боливар"",""uk"":""Сьюдад-Болівар"",""pl"":""Miasto Bolívar"",""hi"":""सियुदाद बोलिवार"",""ar"":""سيوداد بوليفار""}",2019-10-06T09:39:46,2025-12-02T14:38:56,1,Q1392639
20712,Ciénaga,2886,MAG,48,CO,city,,,10.83333000,-74.08333000,Ciénaga,129414,America/Bogota,"{""br"":""Ciénaga"",""ko"":""시에나가"",""pt-BR"":""Ciénaga"",""pt"":""Ciénaga"",""nl"":""Ciénaga"",""hr"":""Ciénaga"",""fa"":""سیناگا"",""de"":""Ciénaga"",""es"":""Ciénaga"",""fr"":""Ciénaga"",""ja"":""シエナガ"",""it"":""Ciénaga"",""zh-CN"":""沼泽"",""tr"":""Ciénaga"",""ru"":""Сьенага"",""uk"":""Сієнага"",""pl"":""Ciénaga"",""hi"":""सिएनगा"",""ar"":""سييناغا""}",2019-10-06T09:39:46,2025-12-02T16:59:27,1,Q1092797
20713,Ciénaga de Oro,2898,COR,48,CO,adm2,,,8.83581000,-75.60425000,Ciénaga de Oro,64226,America/Bogota,"{""br"":""Kêr Oro"",""ko"":""시에나가 데 오로"",""pt-BR"":""Ciénaga de Oro"",""pt"":""Ciénaga de Oro"",""nl"":""Ciénaga de Oro"",""hr"":""Ciénaga de Oro"",""fa"":""سینه‌گا د اورو"",""de"":""Ciénaga de Oro"",""es"":""Ciénaga de Oro"",""fr"":""Ciénaga de Oro"",""ja"":""シエナガ・デ・オロ"",""it"":""Ciénaga de Oro"",""zh-CN"":""黄金沼泽"",""tr"":""Ciénaga de Oro"",""ru"":""Ciénaga de Oro"",""uk"":""Сієнага-де-Оро"",""pl"":""Ciénaga de Oro"",""hi"":""सिएनागा डे ओरो"",""ar"":""سييناغا دي أورو""}",2019-10-06T09:39:46,2025-12-02T17:11:50,1,Q23695464
20714,Ciénega,2903,BOY,48,CO,adm2,,,5.40867000,-73.29572000,Ciénega,1172,America/Bogota,"{""br"":""Ciénega"",""ko"":""시에네가"",""pt-BR"":""Ciénega"",""pt"":""Ciénega"",""nl"":""Ciénega"",""hr"":""Ciénega"",""fa"":""سینه‌گا"",""de"":""Ciénega"",""es"":""Ciénega"",""fr"":""Ciénega"",""ja"":""シエネガ"",""it"":""Ciénega"",""zh-CN"":""谢内加"",""tr"":""Ciénega"",""ru"":""Сьенега"",""uk"":""Сієнега"",""pl"":""Ciénega"",""hi"":""Cienega"",""ar"":""سيينيغا""}",2019-10-06T09:39:46,2025-12-02T14:39:31,1,Q2431058
20715,Clemencia,2893,BOL,48,CO,adm2,,,10.56645000,-75.32499000,Clemencia,13821,America/Bogota,"{""br"":""Klemensia"",""ko"":""클레멘시아"",""pt-BR"":""Clemência"",""pt"":""Clemência"",""nl"":""Clemencia"",""hr"":""Clemencia"",""fa"":""کلمنسیا"",""de"":""Clemencia"",""es"":""Clemencia"",""fr"":""Clémence"",""ja"":""クレメンシア"",""it"":""Clemencia"",""zh-CN"":""克莱门西亚"",""tr"":""Clemencia"",""ru"":""Клеменсия"",""uk"":""Клеменсія"",""pl"":""Clemencia"",""hi"":""क्लेमेंसिया"",""ar"":""كليمنسيا""}",2019-10-06T09:39:46,2025-12-02T14:38:56,1,Q1524792
20716,Cocorná,2890,ANT,48,CO,adm2,,,6.00579000,-75.16984000,Coco,14743,America/Bogota,"{""br"":""Kokorn"",""ko"":""코코르나"",""pt-BR"":""Cocorna"",""pt"":""Cocorna"",""nl"":""Kokorná"",""hr"":""Cocorná"",""fa"":""کوکورنا"",""de"":""Cocorná"",""es"":""Cocorná"",""fr"":""Cocorná"",""ja"":""ココルナ"",""it"":""Cocorná"",""zh-CN"":""科科纳"",""tr"":""Coconá"",""ru"":""Кокорна"",""uk"":""Кокорна"",""pl"":""Cocorná"",""hi"":""कोकोर्ना"",""ar"":""كوكورا""}",2019-10-06T09:39:46,2025-12-02T17:11:50,1,Q1946669
20717,Coello,2883,TOL,48,CO,adm2,,,4.37330000,-74.88655000,Conejo,769,America/Bogota,"{""br"":""Coello"",""ko"":""코엘로"",""pt-BR"":""Coello"",""pt"":""Coello"",""nl"":""Coello"",""hr"":""Coello"",""fa"":""کوئلو"",""de"":""Coello"",""es"":""Coello"",""fr"":""Coello"",""ja"":""コエロ"",""it"":""Coello"",""zh-CN"":""科埃洛"",""tr"":""Coello"",""ru"":""Коэльо"",""uk"":""Коелло"",""pl"":""Coello"",""hi"":""कोएलो"",""ar"":""كويلو""}",2019-10-06T09:39:46,2025-12-02T14:39:31,1,Q1577445
20718,Cogua,2875,CUN,48,CO,adm2,,,5.06051000,-73.97925000,Cogua,4755,America/Bogota,"{""br"":""Cogua"",""ko"":""코구아"",""pt-BR"":""Cogua"",""pt"":""Cogua"",""nl"":""Cogua"",""hr"":""Cogua"",""fa"":""کوگوا"",""de"":""Cogua"",""es"":""Cogua"",""fr"":""Cogua"",""ja"":""コグア"",""it"":""Cogua"",""zh-CN"":""科瓜"",""tr"":""Cogua"",""ru"":""Когуа"",""uk"":""Когуа"",""pl"":""Cogua"",""hi"":""कोगुआ"",""ar"":""كوغوا""}",2019-10-06T09:39:46,2025-12-02T14:39:31,1,Q1524844
20719,Coloso,2902,SUC,48,CO,adm2,,,9.51176000,-75.36233000,Coloso,6214,America/Bogota,"{""br"":""Coloso"",""ko"":""콜로소"",""pt-BR"":""Coloso"",""pt"":""Coloso"",""nl"":""Coloso"",""hr"":""Coloso"",""fa"":""کولوسو"",""de"":""Koloss"",""es"":""Coloso"",""fr"":""Coloso"",""ja"":""コロソ"",""it"":""Coloso"",""zh-CN"":""科洛索"",""tr"":""Coloso"",""ru"":""Колосо"",""uk"":""Колосо"",""pl"":""Coloso"",""hi"":""कोलोसो"",""ar"":""كولوسو""}",2019-10-06T09:39:46,2025-12-02T17:11:50,1,Q1524844
20721,Colón,2896,PUT,48,CO,city,,,1.19034000,-76.97369000,Colon,3269,America/Bogota,"{""br"":""Colón"",""ko"":""콜론"",""pt-BR"":""Cólon"",""pt"":""Cólon"",""nl"":""Dubbele punt"",""hr"":""Debelo crijevo"",""fa"":""کولون"",""de"":""Doppelpunkt"",""es"":""Colon"",""fr"":""Côlon"",""ja"":""結腸"",""it"":""Colon"",""zh-CN"":""冒号"",""tr"":""Kolon"",""ru"":""Колон"",""uk"":""Колон"",""pl"":""Okrężnica"",""hi"":""कोलन"",""ar"":""كولون""}",2019-10-06T09:39:46,2025-12-02T14:39:31,1,Q1962031
20722,Colón,2897,NAR,48,CO,adm2,,,1.62850000,-77.02927000,Colon,1348,America/Bogota,"{""br"":""Colón"",""ko"":""콜론"",""pt-BR"":""Cólon"",""pt"":""Cólon"",""nl"":""Dubbele punt"",""hr"":""Debelo crijevo"",""fa"":""کولون"",""de"":""Doppelpunkt"",""es"":""Colon"",""fr"":""Côlon"",""ja"":""結腸"",""it"":""Colon"",""zh-CN"":""冒号"",""tr"":""Kolon"",""ru"":""Колон"",""uk"":""Колон"",""pl"":""Okrężnica"",""hi"":""कोलन"",""ar"":""كولون""}",2019-10-06T09:39:46,2025-12-02T14:39:31,1,Q1577014
20723,Combita,2903,BOY,48,CO,city,,,5.63333000,-73.31667000,Combita,1034,America/Bogota,"{""br"":""Combita"",""ko"":""콤비타"",""pt-BR"":""Combita"",""pt"":""Combita"",""nl"":""Combita"",""hr"":""Combita"",""fa"":""کومبیتا"",""de"":""Combita"",""es"":""Combita"",""fr"":""Combita"",""ja"":""コンビタ"",""it"":""Combita"",""zh-CN"":""孔比塔"",""tr"":""Combita"",""ru"":""Комбита"",""uk"":""Комбіта"",""pl"":""Combita"",""hi"":""कॉम्बिटा"",""ar"":""كومبيتا""}",2019-10-06T09:39:46,2025-12-02T14:39:31,1,Q23694918
20724,Concepción,2890,ANT,48,CO,adm2,,,6.39408000,-75.25830000,Concepción,1513,America/Bogota,"{""br"":""Konsepsion"",""ko"":""콘셉시온"",""pt-BR"":""Conceição"",""pt"":""Conceição"",""nl"":""Conceptie"",""hr"":""Concepción"",""fa"":""کانسپسیون"",""de"":""Konzeption"",""es"":""Concepción"",""fr"":""Conception"",""ja"":""コンセプシオン"",""it"":""Concezione"",""zh-CN"":""康塞普西翁"",""tr"":""Konsept"",""ru"":""Консепсьон"",""uk"":""Консепсьйон"",""pl"":""Concepción"",""hi"":""कॉन्सेप्शन"",""ar"":""كونسيبسيون""}",2019-10-06T09:39:46,2025-12-02T14:39:31,1,Q2279494
20725,Concepción,2901,SAN,48,CO,adm2,,,6.76619000,-72.69400000,Concepción,2520,America/Bogota,"{""br"":""Konsepsion"",""ko"":""콘셉시온"",""pt-BR"":""Conceição"",""pt"":""Conceição"",""nl"":""Conceptie"",""hr"":""Concepción"",""fa"":""کانسپسیون"",""de"":""Konzeption"",""es"":""Concepción"",""fr"":""Conception"",""ja"":""コンセプシオン"",""it"":""Concezione"",""zh-CN"":""康塞普西翁"",""tr"":""Konsept"",""ru"":""Консепсьон"",""uk"":""Консепсьйон"",""pl"":""Concepción"",""hi"":""कॉन्सेप्शन"",""ar"":""كونسيبسيون""}",2019-10-06T09:39:46,2025-12-02T14:39:31,1,Q1575628
20726,Concordia,2886,MAG,48,CO,city,,,9.83545000,-74.45548000,Concordia,6624,America/Bogota,"{""br"":""Concordia"",""ko"":""콘코디아"",""pt-BR"":""Concórdia"",""pt"":""Concórdia"",""nl"":""Concordia"",""hr"":""Concordia"",""fa"":""کنکوردیا"",""de"":""Concordia"",""es"":""Concordia"",""fr"":""Concordia"",""ja"":""コンコルディア"",""it"":""Concordia"",""zh-CN"":""康考迪亚"",""tr"":""Concordia"",""ru"":""Конкордия"",""uk"":""Конкордія"",""pl"":""Concordia"",""hi"":""कॉनकॉर्डिया"",""ar"":""كونكورديا""}",2019-10-06T09:39:46,2025-12-02T14:39:31,1,Q23694942
20727,Concordia,2890,ANT,48,CO,adm2,,,6.04639000,-75.90705000,Concordia,16095,America/Bogota,"{""br"":""Concordia"",""ko"":""콘코디아"",""pt-BR"":""Concórdia"",""pt"":""Concórdia"",""nl"":""Concordia"",""hr"":""Concordia"",""fa"":""کنکوردیا"",""de"":""Concordia"",""es"":""Concordia"",""fr"":""Concordia"",""ja"":""コンコルディア"",""it"":""Concordia"",""zh-CN"":""康考迪亚"",""tr"":""Concordia"",""ru"":""Конкордия"",""uk"":""Конкордія"",""pl"":""Concordia"",""hi"":""कॉनकॉर्डिया"",""ar"":""كونكورديا""}",2019-10-06T09:39:46,2025-12-02T14:39:31,1,Q1441793
20728,Condoto,2876,CHO,48,CO,adm2,,,5.09351000,-76.64973000,Condoto,9897,America/Bogota,"{""br"":""Condoto"",""ko"":""콘도토"",""pt-BR"":""Condoto"",""pt"":""Condoto"",""nl"":""Condoto"",""hr"":""Stan"",""fa"":""کوندوتو"",""de"":""Condoto"",""es"":""Condominio"",""fr"":""Condoto"",""ja"":""コンドト"",""it"":""Condoto"",""zh-CN"":""康多托"",""tr"":""Daire"",""ru"":""Кондоминиум"",""uk"":""Кондото"",""pl"":""Condoto"",""hi"":""कोंडोटो"",""ar"":""كوندوتو""}",2019-10-06T09:39:46,2025-12-02T14:39:31,1,Q1525250
20729,Confines,2901,SAN,48,CO,adm2,,,6.34875000,-73.20990000,Fronteras,2753,America/Bogota,"{""br"":""Bevennoù"",""ko"":""경계"",""pt-BR"":""Confins"",""pt"":""Confins"",""nl"":""Grenzen"",""hr"":""Granice"",""fa"":""محدوده‌ها"",""de"":""Grenzen"",""es"":""Fronteras"",""fr"":""Limites"",""ja"":""境界"",""it"":""Confini"",""zh-CN"":""范围"",""tr"":""Sınırlar"",""ru"":""Ограничения"",""uk"":""Межі"",""pl"":""Granice"",""hi"":""किनारा"",""ar"":""حدود""}",2019-10-06T09:39:46,2025-12-02T17:11:50,1,Q1655570
20730,Consaca,2897,NAR,48,CO,adm2,,,1.20841000,-77.46323000,Consac,2239,America/Bogota,"{""br"":""Consaca"",""ko"":""콘사카"",""pt-BR"":""Consaca"",""pt"":""Consaca"",""nl"":""Consaca"",""hr"":""Consaca"",""fa"":""کونسکا"",""de"":""Consaca"",""es"":""Consaca"",""fr"":""Consaca"",""ja"":""コンサカ"",""it"":""Consaca"",""zh-CN"":""孔萨卡"",""tr"":""Consaca"",""ru"":""Консака"",""uk"":""Консака"",""pl"":""Consaca"",""hi"":""कोंसाका"",""ar"":""كونساكا""}",2019-10-06T09:39:46,2025-12-02T14:39:31,1,Q1655570
20732,Contadero,2897,NAR,48,CO,adm2,,,0.93072000,-77.53333000,Contadero,1603,America/Bogota,"{""br"":""Contadero"",""ko"":""콘타데로"",""pt-BR"":""Contador"",""pt"":""Contador"",""nl"":""Contadero"",""hr"":""Contadero"",""fa"":""کونتادرو"",""de"":""Contadero"",""es"":""Contadero"",""fr"":""Contadero"",""ja"":""コンタデロ"",""it"":""Contadero"",""zh-CN"":""孔塔德罗"",""tr"":""Contadero"",""ru"":""Контадеро"",""uk"":""Контадеро"",""pl"":""Contadero"",""hi"":""कोंटाडेरो"",""ar"":""كونتاديرو""}",2019-10-06T09:39:46,2025-12-02T14:39:31,1,Q1113699
20733,Contratación,2901,SAN,48,CO,adm2,,,6.29005000,-73.47354000,Reclutamiento,4021,America/Bogota,"{""br"":""Keñveriañ"",""ko"":""계약"",""pt-BR"":""Contratação"",""pt"":""Contratação"",""nl"":""Contract"",""hr"":""Ugovor"",""fa"":""کنتراست"",""de"":""Vertrag"",""es"":""Contratación"",""fr"":""Contratación"",""ja"":""契約"",""it"":""Contratación"",""zh-CN"":""对比"",""tr"":""Sözleşme"",""ru"":""Contratación"",""uk"":""Контрактація"",""pl"":""Umowa"",""hi"":""अनुबंध"",""ar"":""كونتراتاسيون""}",2019-10-06T09:39:46,2025-12-02T14:38:56,1,Q1655552
20734,Convención,2877,NSA,48,CO,adm2,,,8.82242000,-73.22850000,Convención,18112,America/Bogota,"{""br"":""Kendivizad"",""ko"":""컨벤션"",""pt-BR"":""Convenção"",""pt"":""Convenção"",""nl"":""Conventie"",""hr"":""Konvencija"",""fa"":""راحتی"",""de"":""Versammlung"",""es"":""Convención"",""fr"":""Convention"",""ja"":""コンベンション"",""it"":""Convenzione"",""zh-CN"":""会议"",""tr"":""Kongre"",""ru"":""Конвенция"",""uk"":""Конвенсьйон"",""pl"":""Konwencja"",""hi"":""सम्मेलन"",""ar"":""مؤتمر""}",2019-10-06T09:39:46,2025-12-02T17:11:50,1,Q1525332
20735,Copacabana,2890,ANT,48,CO,adm2,,,6.36230000,-75.49922000,Copacabana,49169,America/Bogota,"{""br"":""Copacabana"",""ko"":""코파카바나"",""pt-BR"":""Copacabana"",""pt"":""Copacabana"",""nl"":""Copacabana"",""hr"":""Copacabana"",""fa"":""کوپاکابانا"",""de"":""Copacabana"",""es"":""Copacabana"",""fr"":""Copacabana"",""ja"":""コパカバーナ"",""it"":""Copacabana"",""zh-CN"":""科帕卡巴纳"",""tr"":""Copacabana"",""ru"":""Копакабана"",""uk"":""Копакабана"",""pl"":""Copacabana"",""hi"":""कोपाकबाना"",""ar"":""كوباكابانا""}",2019-10-06T09:39:46,2025-12-02T14:39:31,1,Q1525332
20736,Coper,2903,BOY,48,CO,adm2,,,5.47681000,-74.04416000,Barco con alcohol,814,America/Bogota,"{""br"":""Coper"",""ko"":""코퍼"",""pt-BR"":""Cobre"",""pt"":""Cobre"",""nl"":""Paardenkoper"",""hr"":""Bakar"",""fa"":""کوپر"",""de"":""Kupfer"",""es"":""Barco con alcohol"",""fr"":""Cuivre"",""ja"":""コッパー"",""it"":""Coper"",""zh-CN"":""科珀"",""tr"":""Başaran"",""ru"":""Копер"",""uk"":""Копер"",""pl"":""Koper"",""hi"":""ताजिर"",""ar"":""كوبر""}",2019-10-06T09:39:46,2025-12-02T14:39:31,1,Q10749881
20737,Corinto,2884,CAU,48,CO,adm2,,,3.13598000,-76.20646000,Corintio,33846,America/Bogota,"{""br"":""Corinto"",""ko"":""코린토"",""pt-BR"":""Corinto"",""pt"":""Corinto"",""nl"":""Corinto"",""hr"":""Korinćanima"",""fa"":""کورینتو"",""de"":""Corinto"",""es"":""Corinto"",""fr"":""Corinto"",""ja"":""コリント"",""it"":""Corinto"",""zh-CN"":""科林托"",""tr"":""Korinto"",""ru"":""Коринто"",""uk"":""Коринтяни"",""pl"":""Korynt"",""hi"":""कोरिन्टो"",""ar"":""كورينتو""}",2019-10-06T09:39:46,2025-12-02T17:11:50,1,Q2236398
20738,Coromoro,2901,SAN,48,CO,adm2,,,6.29461000,-73.04022000,Coromoro,1010,America/Bogota,"{""br"":""Coromoro"",""ko"":""코로모로"",""pt-BR"":""Coromoro"",""pt"":""Coromoro"",""nl"":""Coromoro"",""hr"":""Coromoro"",""fa"":""کورومورو"",""de"":""Coromoro"",""es"":""Coromoro"",""fr"":""Coromoro"",""ja"":""コロモロ"",""it"":""Coromoro"",""zh-CN"":""科罗莫罗"",""tr"":""Coromoro"",""ru"":""Короморо"",""uk"":""Короморо"",""pl"":""Coromoro"",""hi"":""कोरोमोरो"",""ar"":""كورومورو""}",2019-10-06T09:39:46,2025-12-02T14:39:31,1,Q1579660
20739,Corozal,2902,SUC,48,CO,adm2,,,9.31847000,-75.29330000,Corozal,39800,America/Bogota,"{""br"":""Corozal"",""ko"":""코로잘"",""pt-BR"":""Corozal"",""pt"":""Corozal"",""nl"":""Corozal"",""hr"":""Corozal"",""fa"":""کروزال"",""de"":""Corozal"",""es"":""Corozal"",""fr"":""Corozal"",""ja"":""コロザル"",""it"":""Corozal"",""zh-CN"":""科罗萨尔"",""tr"":""Corozal"",""ru"":""Коросаль"",""uk"":""Коросал"",""pl"":""Corozal"",""hi"":""कोरोज़ल"",""ar"":""كوروزال""}",2019-10-06T09:39:46,2025-12-02T14:39:31,1,Q2431720
20740,Corrales,2903,BOY,48,CO,adm2,,,5.82497000,-72.84539000,Corral,1561,America/Bogota,"{""br"":""Corrales"",""ko"":""코랄레스"",""pt-BR"":""Corrales"",""pt"":""Corrales"",""nl"":""Corrales"",""hr"":""Corrales"",""fa"":""کورالس"",""de"":""Corrales"",""es"":""Corrales"",""fr"":""Corrales"",""ja"":""コラレス"",""it"":""Corrales"",""zh-CN"":""科拉莱斯"",""tr"":""Corrales"",""ru"":""Корралес"",""uk"":""Корралес"",""pl"":""Corrales"",""hi"":""कोरालेस"",""ar"":""كوراليس""}",2019-10-06T09:39:46,2025-12-02T14:39:31,1,Q928725
20741,Cota,2875,CUN,48,CO,adm2,,,4.80938000,-74.09800000,Cota,20462,America/Bogota,"{""br"":""Cota"",""ko"":""코타"",""pt-BR"":""Cota"",""pt"":""Cota"",""nl"":""Cota"",""hr"":""Cota"",""fa"":""کوتا"",""de"":""Cota"",""es"":""Cota"",""fr"":""Cota"",""ja"":""コタ"",""it"":""Cota"",""zh-CN"":""科塔"",""tr"":""Cota"",""ru"":""Кота"",""uk"":""Кота"",""pl"":""Cota"",""hi"":""कोटा"",""ar"":""كوتا""}",2019-10-06T09:39:46,2025-12-02T14:38:56,1,Q579820
20742,Cotorra,2898,COR,48,CO,adm2,,,9.03886000,-75.78969000,Cotorra,16215,America/Bogota,"{""br"":""Cotorra"",""ko"":""코토라"",""pt-BR"":""Cotorra"",""pt"":""Cotorra"",""nl"":""Cotorra"",""hr"":""Cotorra"",""fa"":""کوتورا"",""de"":""Cotorra"",""es"":""Cotorra"",""fr"":""Cotorra"",""ja"":""コトラ"",""it"":""Cotorra"",""zh-CN"":""科托拉"",""tr"":""Cotorra"",""ru"":""Которра"",""uk"":""Которра"",""pl"":""Cotorra"",""hi"":""cotorra"",""ar"":""كوتورا""}",2019-10-06T09:39:46,2025-12-02T14:38:56,1,Q1526122
20743,Covarachía,2903,BOY,48,CO,adm2,,,6.50563000,-72.73310000,Covarachía,590,America/Bogota,"{""br"":""Covarachía"",""ko"":""코바라치아"",""pt-BR"":""Covarachía"",""pt"":""Covarachía"",""nl"":""Covarachía"",""hr"":""Covarachía"",""fa"":""کوواراچیا"",""de"":""Covarachía"",""es"":""Covarachía"",""fr"":""Covarachía"",""ja"":""コバラキア"",""it"":""Covarachía"",""zh-CN"":""科瓦拉奇亚"",""tr"":""Kovarachia"",""ru"":""Коварачия"",""uk"":""Коварачія"",""pl"":""Covarachía"",""hi"":""कोवाराचिया"",""ar"":""كوفاراشيا""}",2019-10-06T09:39:46,2025-12-02T14:39:31,1,Q1654501
20744,Coveñas,2902,SUC,48,CO,adm2,,,9.40254000,-75.68029000,Coveñas,0,America/Bogota,"{""br"":""Coveñas"",""ko"":""코베냐스"",""pt-BR"":""Coveñas"",""pt"":""Coveñas"",""nl"":""Coveñas"",""hr"":""Coveñas"",""fa"":""کووناس"",""de"":""Coveñas"",""es"":""Coveñas"",""fr"":""Coveñas"",""ja"":""コベニャス"",""it"":""Coveñas"",""zh-CN"":""科韦尼亚斯"",""tr"":""Coveñas"",""ru"":""Ковеньяс"",""uk"":""Ковеньяс"",""pl"":""Coveñas"",""hi"":""कोवेनास"",""ar"":""كوفيناس""}",2019-10-06T09:39:46,2025-12-02T14:39:31,1,Q952231
20745,Coyaima,2883,TOL,48,CO,adm2,,,3.72781000,-75.17397000,COYAIMA,3893,America/Bogota,"{""br"":""Coyaima"",""ko"":""코야이마"",""pt-BR"":""Coyaima"",""pt"":""Coyaima"",""nl"":""Coyaima"",""hr"":""Coyaima"",""fa"":""کویاما"",""de"":""Coyaima"",""es"":""Coyaima"",""fr"":""Coyaima"",""ja"":""コヤイマ"",""it"":""Coyaima"",""zh-CN"":""科亚伊马"",""tr"":""Coyaima"",""ru"":""Койайма"",""uk"":""Кояйма"",""pl"":""Coyaima"",""hi"":""कोयाइमा"",""ar"":""كويايما""}",2019-10-06T09:39:46,2025-12-02T14:39:31,1,Q583757
20746,Cravo Norte,2881,ARA,48,CO,adm2,,,6.30173000,-70.20415000,North Clove,4787,America/Bogota,"{""br"":""Cravo Norte"",""ko"":""크라보 노르테"",""pt-BR"":""Cravo Norte"",""pt"":""Cravo Norte"",""nl"":""Cravo Norte"",""hr"":""Cravo Norte"",""fa"":""کراوو نورته"",""de"":""Cravo Norte"",""es"":""Cravo Norte"",""fr"":""Cravo Nord"",""ja"":""クラヴォ・ノルテ"",""it"":""Cravo Norte"",""zh-CN"":""克拉沃诺尔特"",""tr"":""Cravo Norte"",""ru"":""Краво Норте"",""uk"":""Краво Норте"",""pl"":""Cravo Norte"",""hi"":""क्रावो नॉर्टे"",""ar"":""كرافو نورتي""}",2019-10-06T09:39:46,2025-12-02T14:39:31,1,Q593491
20747,Anorí,2890,ANT,48,CO,adm2,,,7.07361111,-75.14694444,Anorí,0,America/Bogota,"{""br"":""Anorí"",""ko"":""아노리"",""pt-BR"":""Anorí"",""pt"":""Anorí"",""nl"":""Anorí"",""hr"":""Anori"",""fa"":""آنوری"",""de"":""Anori"",""es"":""Anorí"",""fr"":""Anori"",""ja"":""アノリ"",""it"":""Anorí"",""zh-CN"":""阿诺里"",""tr"":""Anorí"",""ru"":""Анори"",""uk"":""Анорі"",""pl"":""Anorí"",""hi"":""Anori"",""ar"":""أنوري""}",2019-10-06T04:09:46,2025-12-02T14:39:31,1,Q1526012
20748,Cuaspud,2897,NAR,48,CO,adm2,,,0.87570000,-77.73640000,Cuaspud,2010,America/Bogota,"{""br"":""Cuaspud"",""ko"":""쿠아스푸드"",""pt-BR"":""Cuaspud"",""pt"":""Cuaspud"",""nl"":""Cuaspud"",""hr"":""Cuaspud"",""fa"":""کواسپاد"",""de"":""Cuaspud"",""es"":""Cuaspud"",""fr"":""Cuaspud"",""ja"":""クアスパッド"",""it"":""Cuaspud"",""zh-CN"":""库斯普德"",""tr"":""Cuaspud"",""ru"":""Куаспуд"",""uk"":""Куаспуд"",""pl"":""Cuaspud"",""hi"":""कुआस्पुड"",""ar"":""كواسبود""}",2019-10-06T09:39:46,2025-12-02T14:39:31,1,Q1577488
20749,Cubarral,2878,MET,48,CO,city,,,3.79536000,-73.84063000,Cubral,2280,America/Bogota,"{""br"":""Cubarral"",""ko"":""쿠바랄"",""pt-BR"":""Cubarral"",""pt"":""Cubarral"",""nl"":""Cubarral"",""hr"":""Cubarral"",""fa"":""کوبارال"",""de"":""Cubarral"",""es"":""Cubarral"",""fr"":""Cubarral"",""ja"":""クバラル"",""it"":""Cubarral"",""zh-CN"":""库巴拉尔"",""tr"":""Kübalı"",""ru"":""Кубаррал"",""uk"":""Кубаррал"",""pl"":""Kubarral"",""hi"":""क्यूबराल"",""ar"":""كوباريل""}",2019-10-06T09:39:46,2025-12-02T14:39:31,1,Q1655116
20750,Cubará,2903,BOY,48,CO,adm2,,,7.00578000,-72.10568000,Cubará,1466,America/Bogota,"{""br"":""Cubará"",""ko"":""쿠바라"",""pt-BR"":""Cubará"",""pt"":""Cubará"",""nl"":""Cubará"",""hr"":""Cubará"",""fa"":""کوبارا"",""de"":""Cubará"",""es"":""Cubará"",""fr"":""Cubará"",""ja"":""クバラ"",""it"":""Cubará"",""zh-CN"":""古巴"",""tr"":""Cubará"",""ru"":""Кубара"",""uk"":""Кубара"",""pl"":""Kuba"",""hi"":""क्यूबारा"",""ar"":""كوبارا""}",2019-10-06T09:39:46,2025-12-02T14:39:31,1,Q1576256
20751,Cucaita,2903,BOY,48,CO,adm2,,,5.54373000,-73.45433000,Cucaita,1417,America/Bogota,"{""br"":""Cucaita"",""ko"":""쿠카이타"",""pt-BR"":""Cucaita"",""pt"":""Cucaita"",""nl"":""Cucaita"",""hr"":""Cucaïta"",""fa"":""کوکایتا"",""de"":""Cucaita"",""es"":""Cucaita"",""fr"":""Cucaita"",""ja"":""クカイタ"",""it"":""Cucaita"",""zh-CN"":""库凯塔"",""tr"":""Cucaita"",""ru"":""Кукаита"",""uk"":""Кукайта"",""pl"":""Cucaita"",""hi"":""कुकैता"",""ar"":""كوكايتا""}",2019-10-06T09:39:46,2025-12-02T14:39:31,1,Q1654879
20752,Cucunubá,2875,CUN,48,CO,adm2,,,5.24958000,-73.76610000,Chupar,1699,America/Bogota,"{""br"":""Cucunuba"",""ko"":""쿠쿠누바"",""pt-BR"":""Cucunubá"",""pt"":""Cucunubá"",""nl"":""Cucunubá"",""hr"":""Cucunubá"",""fa"":""کوکونوبا"",""de"":""Cucunubá"",""es"":""Cucunubá"",""fr"":""Cucunuba"",""ja"":""ククヌバ"",""it"":""Cucunubá"",""zh-CN"":""库库努巴"",""tr"":""Cucunubá"",""ru"":""Кукунуба"",""uk"":""Кукунуба"",""pl"":""Cucunubá"",""hi"":""कुकुनुबा"",""ar"":""كوكونوبا""}",2019-10-06T09:39:46,2025-12-02T14:39:31,1,Q1575538
20753,Cucutilla,2877,NSA,48,CO,adm2,,,7.53941000,-72.77238000,Cucutilla,1950,America/Bogota,"{""br"":""Kokutilla"",""ko"":""쿠쿠틸라"",""pt-BR"":""Cucutilla"",""pt"":""Cucutilla"",""nl"":""Cucutilla"",""hr"":""Cucutilla"",""fa"":""کوکوتیلا"",""de"":""Cucutilla"",""es"":""Cucutilla"",""fr"":""Cucutilla"",""ja"":""ククティラ"",""it"":""Cucutilla"",""zh-CN"":""库库蒂拉"",""tr"":""Cucutilla"",""ru"":""Кукутилья"",""uk"":""Кукутілья"",""pl"":""Cucutilla"",""hi"":""कुकुटिला"",""ar"":""كوكوتيلا""}",2019-10-06T09:39:46,2025-12-02T14:39:31,1,Q515211
20754,Cumaral,2878,MET,48,CO,adm2,,,4.23814000,-73.34101000,Keol,21397,America/Bogota,"{""br"":""Kumaral"",""ko"":""쿠마랄"",""pt-BR"":""Cumaral"",""pt"":""Cumaral"",""nl"":""Cumaral"",""hr"":""Cumaral"",""fa"":""کومارال"",""de"":""Cumaral"",""es"":""Cumaral"",""fr"":""Cumaral"",""ja"":""クマラル"",""it"":""Cumaral"",""zh-CN"":""库马拉尔"",""tr"":""Cumaral"",""ru"":""Кумарал"",""uk"":""Кумарал"",""pl"":""Cumaral"",""hi"":""कुमारल"",""ar"":""كومارال""}",2019-10-06T09:39:46,2025-12-02T17:11:50,1,Q1525841
20755,Cumaribo,2894,VID,48,CO,adm2,,,4.44552000,-69.79897000,Cumaribo,23990,America/Bogota,"{""br"":""Cumaribo"",""ko"":""쿠마리보"",""pt-BR"":""Cumaribo"",""pt"":""Cumaribo"",""nl"":""Cumaribo"",""hr"":""Cumaribo"",""fa"":""کوماریبو"",""de"":""Cumaribo"",""es"":""Cumaribo"",""fr"":""Cumaribo"",""ja"":""クマリボ"",""it"":""Cumaribo"",""zh-CN"":""库马里博"",""tr"":""Cumaribo"",""ru"":""Кумарибо"",""uk"":""Кумарібо"",""pl"":""Cumaribo"",""hi"":""कुमारिबो"",""ar"":""كوماريبو""}",2019-10-06T09:39:46,2025-12-02T14:39:31,1,Q23694039
20756,Cumbal,2897,NAR,48,CO,adm2,,,0.90875000,-77.79145000,Bayón,7529,America/Bogota,"{""br"":""Cumbal"",""ko"":""쿰발"",""pt-BR"":""Cumbal"",""pt"":""Cumbal"",""nl"":""Cumbal"",""hr"":""Cumbal"",""fa"":""کومبال"",""de"":""Cumbal"",""es"":""Cumbal"",""fr"":""Cumbal"",""ja"":""クンバル"",""it"":""Cumbal"",""zh-CN"":""库姆巴尔"",""tr"":""Cumbal"",""ru"":""Кумбал"",""uk"":""Кумбал"",""pl"":""Cumbal"",""hi"":""कुम्बल"",""ar"":""كومبال""}",2019-10-06T09:39:46,2025-12-02T14:39:31,1,Q23694043
20757,Cumbitara,2897,NAR,48,CO,adm2,,,1.64786000,-77.57819000,Cumbitara,5096,America/Bogota,"{""br"":""Cumbitara"",""ko"":""쿰비타라"",""pt-BR"":""Cumbitara"",""pt"":""Cumbitara"",""nl"":""Cumbitara"",""hr"":""Cumbitara"",""fa"":""کومبیتارا"",""de"":""Cumbitara"",""es"":""Cumbitara"",""fr"":""Cumbitara"",""ja"":""クンビタラ"",""it"":""Cumbitara"",""zh-CN"":""坎比塔拉"",""tr"":""Cumbitara"",""ru"":""Кумбитара"",""uk"":""Кумбітара"",""pl"":""Cumbitara"",""hi"":""कुम्बितारा"",""ar"":""كومبيتارا""}",2019-10-06T09:39:46,2025-12-02T14:39:31,1,Q23694047
20758,Cunday,2883,TOL,48,CO,adm2,,,4.00284000,-74.69295000,Jinete,9544,America/Bogota,"{""br"":""Sunday"",""ko"":""쿤데이"",""pt-BR"":""Domingo"",""pt"":""Domingo"",""nl"":""Cunday"",""hr"":""Cunday"",""fa"":""کاندی"",""de"":""Dienstag"",""es"":""Cunday"",""fr"":""Cunday"",""ja"":""カンデー"",""it"":""Cunday"",""zh-CN"":""坎迪"",""tr"":""Cuma"",""ru"":""Кундей"",""uk"":""Кандей"",""pl"":""Środa"",""hi"":""कुंडे"",""ar"":""كونداي""}",2019-10-06T09:39:46,2025-12-02T14:38:56,1,Q577597
20759,Curillo,2891,CAQ,48,CO,adm2,,,1.03327000,-75.91907000,Curillo,11121,America/Bogota,"{""br"":""Curillo"",""ko"":""쿠릴로"",""pt-BR"":""Curillo"",""pt"":""Curillo"",""nl"":""Curillo"",""hr"":""Curillo"",""fa"":""کوریلو"",""de"":""Curillo"",""es"":""Curillo"",""fr"":""Curillo"",""ja"":""クリロ"",""it"":""Curillo"",""zh-CN"":""库里略"",""tr"":""Curillo"",""ru"":""Курильо"",""uk"":""Курілло"",""pl"":""Curillo"",""hi"":""क्यूरिलो"",""ar"":""كوريلو""}",2019-10-06T09:39:46,2025-12-02T14:38:56,1,Q660268
20760,Curití,2901,SAN,48,CO,adm2,,,6.60519000,-73.06809000,Curitia,11653,America/Bogota,"{""br"":""Curití"",""ko"":""쿠리티"",""pt-BR"":""Curití"",""pt"":""Curití"",""nl"":""Curití"",""hr"":""Curiti"",""fa"":""کوریتی"",""de"":""Curití"",""es"":""Curití"",""fr"":""Curití"",""ja"":""クリティ"",""it"":""Curití"",""zh-CN"":""库里蒂"",""tr"":""Curití"",""ru"":""Курити"",""uk"":""Куріті"",""pl"":""Curití"",""hi"":""क्यूरिटि"",""ar"":""كورتي""}",2019-10-06T09:39:46,2025-12-02T14:38:56,1,Q23692688
20761,Curumaní,2899,CES,48,CO,adm2,,,9.19992000,-73.54274000,Curumaní,34838,America/Bogota,"{""br"":""Curumaní"",""ko"":""쿠루마니"",""pt-BR"":""Curumaní"",""pt"":""Curumaní"",""nl"":""Curumaní"",""hr"":""Curumaní"",""fa"":""کورومانی"",""de"":""Curumani"",""es"":""Curumaní"",""fr"":""Curumani"",""ja"":""クルマニ"",""it"":""Curumaní"",""zh-CN"":""库鲁马尼"",""tr"":""Curumaní"",""ru"":""Курумани"",""uk"":""Курумані"",""pl"":""Curumaní"",""hi"":""कुरुमनी"",""ar"":""الكوروماني""}",2019-10-06T09:39:47,2025-12-02T14:38:56,1,Q23692704
20762,Cuítiva,2903,BOY,48,CO,adm2,,,5.58007000,-72.96687000,Cuítiva,233,America/Bogota,"{""br"":""Cuítiva"",""ko"":""쿠이티바"",""pt-BR"":""Cultivadora"",""pt"":""Cultivadora"",""nl"":""Cuítiva"",""hr"":""Cuítiva"",""fa"":""کویتیوا"",""de"":""Cuítiva"",""es"":""Cuítiva"",""fr"":""Cuitiva"",""ja"":""クイティバ"",""it"":""Cuítiva"",""zh-CN"":""库伊蒂瓦"",""tr"":""Cuítiva"",""ru"":""Куитива"",""uk"":""Куїтіва"",""pl"":""Cuítiva"",""hi"":""कुइतिवा"",""ar"":""كويتيفا""}",2019-10-06T09:39:47,2025-12-02T14:39:31,1,Q1654830
20763,Cáceres,2890,ANT,48,CO,adm2,,,7.68252000,-75.22481000,Cáceres,28945,America/Bogota,"{""br"":""Cáceres"",""ko"":""카세레스"",""pt-BR"":""Cáceres"",""pt"":""Cáceres"",""nl"":""Cáceres"",""hr"":""Cáceres"",""fa"":""کاسرس"",""de"":""Cáceres"",""es"":""Cáceres"",""fr"":""Cáceres"",""ja"":""カセレス"",""it"":""Cáceres"",""zh-CN"":""卡塞雷斯"",""tr"":""Cáceres"",""ru"":""Касерес"",""uk"":""Касерес"",""pl"":""Cáceres"",""hi"":""Caceres"",""ar"":""كاسيريس""}",2019-10-06T09:39:47,2025-12-02T17:11:50,1,Q2431763
20765,Cácota,2877,NSA,48,CO,adm2,,,7.26787000,-72.64197000,Teosa,1415,America/Bogota,"{""br"":""Cácota"",""ko"":""카코타"",""pt-BR"":""Cácota"",""pt"":""Cácota"",""nl"":""Cácota"",""hr"":""Cácota"",""fa"":""کاکوتا"",""de"":""Cácota"",""es"":""Cácota"",""fr"":""Cácota"",""ja"":""カコタ"",""it"":""Cacota"",""zh-CN"":""卡科塔"",""tr"":""Kakao"",""ru"":""Какота"",""uk"":""Какота"",""pl"":""Cácota"",""hi"":""काकोटा"",""ar"":""كاكوتا""}",2019-10-06T09:39:47,2025-12-02T14:39:31,1,Q1655073
20767,Cértegui,2876,CHO,48,CO,adm2,,,5.37073000,-76.60440000,Certiguo,2854,America/Bogota,"{""br"":""Cértegui"",""ko"":""체르테기"",""pt-BR"":""Cértegui"",""pt"":""Cértegui"",""nl"":""Cértegui"",""hr"":""Cértegui"",""fa"":""سرتگی"",""de"":""Cértegui"",""es"":""Cértegui"",""fr"":""Cértegui"",""ja"":""セルテギ"",""it"":""Certegui"",""zh-CN"":""塞尔特吉"",""tr"":""Certegui"",""ru"":""Сертеги"",""uk"":""Сертегі"",""pl"":""Cértegui"",""hi"":""सेर्टेगुई"",""ar"":""سيرتيغي""}",2019-10-06T09:39:47,2025-12-02T14:39:31,1,Q610657
20769,Córdoba,2897,NAR,48,CO,adm2,,,0.85362000,-77.51817000,Córdoba,3784,America/Bogota,"{""br"":""Córdoba"",""ko"":""코르도바"",""pt-BR"":""Córdoba"",""pt"":""Córdoba"",""nl"":""Cordoba"",""hr"":""Córdoba"",""fa"":""کوردوبا"",""de"":""Córdoba"",""es"":""Córdoba"",""fr"":""Cordoue"",""ja"":""コルドバ"",""it"":""Cordova"",""zh-CN"":""科尔多瓦"",""tr"":""Kordoba"",""ru"":""Кордова"",""uk"":""Кордова"",""pl"":""Kordoba"",""hi"":""कोरडोबा"",""ar"":""قرطبة""}",2019-10-06T09:39:47,2025-12-02T14:39:31,1,Q1524850
20770,Córdoba,2893,BOL,48,CO,adm2,,,9.55149000,-74.89800000,Córdoba,15012,America/Bogota,"{""br"":""Córdoba"",""ko"":""코르도바"",""pt-BR"":""Córdoba"",""pt"":""Córdoba"",""nl"":""Cordoba"",""hr"":""Córdoba"",""fa"":""کوردوبا"",""de"":""Córdoba"",""es"":""Córdoba"",""fr"":""Cordoue"",""ja"":""コルドバ"",""it"":""Cordova"",""zh-CN"":""科尔多瓦"",""tr"":""Kordoba"",""ru"":""Кордова"",""uk"":""Кордова"",""pl"":""Kordoba"",""hi"":""कोरडोबा"",""ar"":""قرطبة""}",2019-10-06T09:39:47,2025-12-02T17:11:50,1,Q1150886
20771,Córdoba,2874,QUI,48,CO,adm2,,,4.38055000,-75.66685000,Córdoba,4063,America/Bogota,"{""br"":""Córdoba"",""ko"":""코르도바"",""pt-BR"":""Córdoba"",""pt"":""Córdoba"",""nl"":""Cordoba"",""hr"":""Córdoba"",""fa"":""کوردوبا"",""de"":""Córdoba"",""es"":""Córdoba"",""fr"":""Cordoue"",""ja"":""コルドバ"",""it"":""Cordova"",""zh-CN"":""科尔多瓦"",""tr"":""Kordoba"",""ru"":""Кордова"",""uk"":""Кордова"",""pl"":""Kordoba"",""hi"":""कोरडोबा"",""ar"":""قرطبة""}",2019-10-06T09:39:47,2025-12-02T14:39:31,1,Q23730122
20772,Cúcuta,2877,NSA,48,CO,adm1,,,7.89391000,-72.50782000,Cúcuta,806378,America/Bogota,"{""br"":""Cúcuta"",""ko"":""쿠쿠타"",""pt-BR"":""Cúcuta"",""pt"":""Cúcuta"",""nl"":""Cúcuta"",""hr"":""Cúcuta"",""fa"":""کوکوتا"",""de"":""Cúcuta"",""es"":""Cúcuta"",""fr"":""Cúcuta"",""ja"":""ククタ"",""it"":""Cúcuta"",""zh-CN"":""库库塔"",""tr"":""Cúcuta"",""ru"":""Кукута"",""uk"":""Кукута"",""pl"":""Cúcuta"",""hi"":""कुकुटा"",""ar"":""كوكوتا""}",2019-10-06T09:39:47,2025-12-02T14:38:56,1,Q216847
20773,Dabeiba,2890,ANT,48,CO,city,,,7.03367000,-76.34161000,Mella,22717,America/Bogota,"{""br"":""Dabeiba"",""ko"":""다베이바"",""pt-BR"":""Dabeiba"",""pt"":""Dabeiba"",""nl"":""Dabeiba"",""hr"":""Dabeiba"",""fa"":""دبیبا"",""de"":""Dabeiba"",""es"":""Dabeiba"",""fr"":""Dabeiba"",""ja"":""ダベイバ"",""it"":""Dabeiba"",""zh-CN"":""大北坝"",""tr"":""Dabeiba"",""ru"":""Дабейба"",""uk"":""Дабейба"",""pl"":""Dabeiba"",""hi"":""डाबेबा"",""ar"":""دبيبة""}",2019-10-06T09:39:47,2025-12-02T17:11:50,1,Q1441773
20774,Dagua,2904,VAC,48,CO,adm2,,,3.65685000,-76.68859000,Dagua,12320,America/Bogota,"{""br"":""Dagua"",""ko"":""다구아"",""pt-BR"":""Dagua"",""pt"":""Dagua"",""nl"":""Dagua"",""hr"":""Dagua"",""fa"":""داگوا"",""de"":""Dagua"",""es"":""Dagua"",""fr"":""Dagua"",""ja"":""ダグア"",""it"":""Dagua"",""zh-CN"":""大卦"",""tr"":""Dagua"",""ru"":""Дагуа"",""uk"":""Дагуа"",""pl"":""Dagua"",""hi"":""डागुआ"",""ar"":""داغوا""}",2019-10-06T09:39:47,2025-12-02T14:39:31,1,Q2406018
20776,Dibulla,2889,LAG,48,CO,adm2,,,11.27251000,-73.30911000,Mordaz,4402,America/Bogota,"{""br"":""Dibulla"",""ko"":""디불라"",""pt-BR"":""Dibulla"",""pt"":""Dibulla"",""nl"":""Dibulla"",""hr"":""Dibulla"",""fa"":""دیبولا"",""de"":""Dibulla"",""es"":""Dibulla"",""fr"":""Dibulla"",""ja"":""ディブラ"",""it"":""Dibulla"",""zh-CN"":""迪布拉"",""tr"":""Dibulla"",""ru"":""Дибулла"",""uk"":""Дібулла"",""pl"":""Dibulla"",""hi"":""डिबुल्ला"",""ar"":""ديبولا""}",2019-10-06T09:39:47,2025-12-02T14:39:31,1,Q1441095
20777,Distracción,2889,LAG,48,CO,adm2,,,10.89784000,-72.88666000,Distracción,11962,America/Bogota,"{""br"":""Distreiñ"",""ko"":""주의 산만"",""pt-BR"":""Distração"",""pt"":""Distração"",""nl"":""Afleiding"",""hr"":""Distracción"",""fa"":""حواس پرتی"",""de"":""Ablenkung"",""es"":""Distracción"",""fr"":""Distraction"",""ja"":""ディストラクション"",""it"":""Distrazione"",""zh-CN"":""分散注意力"",""tr"":""Dikkat dağıtma"",""ru"":""Distracción"",""uk"":""Розваги"",""pl"":""Rozproszenie"",""hi"":""व्याकुलता"",""ar"":""تشتيت الانتباه""}",2019-10-06T09:39:47,2025-12-02T14:38:56,1,Q1525662
20779,Dolores,2883,TOL,48,CO,adm2,,,3.60534000,-74.80585000,Dolores,7923,America/Bogota,"{""br"":""Dolores"",""ko"":""돌로레스"",""pt-BR"":""Dolores"",""pt"":""Dolores"",""nl"":""Dolores"",""hr"":""Dolores"",""fa"":""دولورس"",""de"":""Dolores"",""es"":""Dolores"",""fr"":""Dolorès"",""ja"":""ドロレス"",""it"":""Dolores"",""zh-CN"":""多洛雷斯"",""tr"":""Dolores"",""ru"":""Долорес"",""uk"":""Долорес"",""pl"":""Dolores"",""hi"":""डोलोरेस"",""ar"":""دولوريس""}",2019-10-06T09:39:47,2025-12-02T17:11:50,1,Q520486
20781,Donmatías,2890,ANT,48,CO,adm2,,,6.48569000,-75.39496000,Donmatías,17701,America/Bogota,"{""br"":""Donmatías"",""ko"":""돈마티아스"",""pt-BR"":""Donmatías"",""pt"":""Donmatías"",""nl"":""Donmatías"",""hr"":""Donmatías"",""fa"":""دونماتیاس"",""de"":""Donmatías"",""es"":""Donmatías"",""fr"":""Donmatías"",""ja"":""ドンマティアス"",""it"":""Donmatías"",""zh-CN"":""唐马蒂亚斯"",""tr"":""Donmatías"",""ru"":""Донматиас"",""uk"":""Донматіас"",""pl"":""Donmatías"",""hi"":""डोनमाटियास"",""ar"":""دونماتياس""}",2019-10-06T09:39:47,2025-12-02T14:38:56,1,Q1525993
20782,Dosquebradas,2879,RIS,48,CO,adm2,,,4.83916000,-75.66727000,Dosquebradas,179301,America/Bogota,"{""br"":""Dosquebradas"",""ko"":""도스케브라다스"",""pt-BR"":""Dosquebradas"",""pt"":""Dosquebradas"",""nl"":""Dosquebradas"",""hr"":""Dosquebradas"",""fa"":""دوسکبراداس"",""de"":""Dosquebradas"",""es"":""Dosquebradas"",""fr"":""Dosquebradas"",""ja"":""ドスケブラダス"",""it"":""Dosquebradas"",""zh-CN"":""多斯克布拉达斯"",""tr"":""Dosquebradas"",""ru"":""Доскебрадас"",""uk"":""Доскебрадас"",""pl"":""Dosquebradas"",""hi"":""डोस्केब्राडास"",""ar"":""دوسكوبراداس""}",2019-10-06T09:39:47,2025-12-02T14:38:56,1,Q1093584
20783,Duitama,2903,BOY,48,CO,adm2,,,5.82450000,-73.03408000,Duitama,92040,America/Bogota,"{""br"":""Duitama"",""ko"":""두이타마"",""pt-BR"":""Duitama"",""pt"":""Duitama"",""nl"":""Duitama"",""hr"":""Duitama"",""fa"":""دویتاما"",""de"":""Duitama"",""es"":""Duitama"",""fr"":""Duitama"",""ja"":""ドゥイタマ"",""it"":""Duitama"",""zh-CN"":""杜伊塔马"",""tr"":""Duitama"",""ru"":""Дуитама"",""uk"":""Дуїтама"",""pl"":""Duitama"",""hi"":""डुइटामा"",""ar"":""دويتاما""}",2019-10-06T09:39:47,2025-12-02T14:39:31,1,Q1011125
20784,Durania,2877,NSA,48,CO,adm2,,,7.71307000,-72.65759000,Durania,4289,America/Bogota,"{""br"":""Durania"",""ko"":""두라니아"",""pt-BR"":""Durânia"",""pt"":""Durânia"",""nl"":""Durania"",""hr"":""Duranija"",""fa"":""دورانیا"",""de"":""Durania"",""es"":""Durania"",""fr"":""Durania"",""ja"":""デュラニア"",""it"":""Durania"",""zh-CN"":""杜拉尼亚"",""tr"":""Durania"",""ru"":""Дурания"",""uk"":""Дуранія"",""pl"":""Durania"",""hi"":""डुरानिया"",""ar"":""دورانيا""}",2019-10-06T09:39:47,2025-12-02T14:38:56,1,Q510149
20785,Ebéjico,2890,ANT,48,CO,adm2,,,6.32598000,-75.76835000,Ebéjico,12158,America/Bogota,"{""br"":""Ebéjiko"",""ko"":""에베히코"",""pt-BR"":""Ebéjico"",""pt"":""Ebéjico"",""nl"":""Ebéjico"",""hr"":""Ebéjico"",""fa"":""ابجیکو"",""de"":""Ebéjico"",""es"":""Ebéjico"",""fr"":""Ébéjico"",""ja"":""エベヒコ"",""it"":""Ebéjico"",""zh-CN"":""埃贝希科"",""tr"":""Ebéjico"",""ru"":""Эбехико"",""uk"":""Ебеджіко"",""pl"":""Ebéjico"",""hi"":""एबेजिको"",""ar"":""إيبجيكو""}",2019-10-06T09:39:47,2025-12-02T14:38:56,1,Q1525223
20786,El Bagre,2890,ANT,48,CO,city,,,7.60347000,-74.80951000,El Bagre,51862,America/Bogota,"{""br"":""El Bagre"",""ko"":""엘 바그레"",""pt-BR"":""El Bagre"",""pt"":""El Bagre"",""nl"":""El Bagre"",""hr"":""El Bagre"",""fa"":""ال باگره"",""de"":""El Bagre"",""es"":""El Bagre"",""fr"":""El Bagre"",""ja"":""エル・バグレ"",""it"":""El Bagre"",""zh-CN"":""埃尔巴格雷"",""tr"":""El Bagre"",""ru"":""Эль Багре"",""uk"":""Ель-Багре"",""pl"":""El Bagre"",""hi"":""एल बाग्रे"",""ar"":""الباجري""}",2019-10-06T09:39:47,2025-12-02T14:38:56,1,Q1014722
20787,El Banco,2886,MAG,48,CO,adm2,,,9.00114000,-73.97581000,El Banco,54522,America/Bogota,"{""br"":""El Bank"",""ko"":""엘 반코"",""pt-BR"":""O Banco"",""pt"":""O Banco"",""nl"":""De Bank"",""hr"":""El Banco"",""fa"":""ال بانکو"",""de"":""El Banco"",""es"":""El Banco"",""fr"":""La Banque"",""ja"":""エル・バンコ"",""it"":""Il Banco"",""zh-CN"":""埃尔班科"",""tr"":""El Banka"",""ru"":""Эль Банко"",""uk"":""Ель Банко"",""pl"":""Bank"",""hi"":""एल बैंको"",""ar"":""البنك""}",2019-10-06T09:39:47,2025-12-02T14:39:31,1,Q2330760
20789,El Cairo,2904,VAC,48,CO,city,,,4.74889000,-76.24443000,El Cairo,9976,America/Bogota,"{""br"":""El Cairo"",""ko"":""엘 카이로"",""pt-BR"":""O Cairo"",""pt"":""O Cairo"",""nl"":""El Cairo"",""hr"":""El Kairo"",""fa"":""ال قاهره"",""de"":""El Kairo"",""es"":""El Cairo"",""fr"":""Le Caire"",""ja"":""エルカイロ"",""it"":""Il Cairo"",""zh-CN"":""埃尔开罗"",""tr"":""El Kahire"",""ru"":""Эль Каир"",""uk"":""Ель-Каїр"",""pl"":""Kair"",""hi"":""अल काहिरा"",""ar"":""القاهرة""}",2019-10-06T09:39:47,2025-12-02T17:11:50,1,Q1577535
20790,El Calvario,2878,MET,48,CO,adm2,,,4.35426000,-73.74431000,El Calvario,2288,America/Bogota,"{""br"":""El Calvario"",""ko"":""엘 칼바리오"",""pt-BR"":""O Calvário"",""pt"":""O Calvário"",""nl"":""De Calvario"",""hr"":""El Calvario"",""fa"":""ال کالواریو"",""de"":""Der Kalvarienberg"",""es"":""El Calvario"",""fr"":""Le Calvaire"",""ja"":""エル・カルバリオ"",""it"":""El Calvario"",""zh-CN"":""埃尔卡尔瓦里奥"",""tr"":""El Calvario"",""ru"":""Эль Кальварио"",""uk"":""Ель Кальваріо"",""pl"":""Kalwaria"",""hi"":""एल कैल्वारियो"",""ar"":""إل كالفاريو""}",2019-10-06T09:39:47,2025-12-02T17:11:50,1,Q1655089
20791,El Cantón de San Pablo,2876,CHO,48,CO,city,,,5.33889000,-76.73139000,El Cantón de San Pablo,3271,America/Bogota,"{""br"":""El Canton de San Pablo"",""ko"":""엘 칸톤 데 산 파블로"",""pt-BR"":""El Cantón de San Pablo"",""pt"":""El Cantón de San Pablo"",""nl"":""Het kanton San Pablo"",""hr"":""Kanton San Pablo"",""fa"":""ال کانتون د سن پابلو"",""de"":""El Cantón de San Pablo"",""es"":""El Cantón de San Pablo"",""fr"":""Le canton de San Pablo"",""ja"":""エル・カントン・デ・サン・パブロ"",""it"":""El Cantón de San Pablo"",""zh-CN"":""圣巴勃罗"",""tr"":""El Cantón de San Pablo"",""ru"":""Эль-Кантон-де-Сан-Пабло"",""uk"":""Кантон Сан-Пабло"",""pl"":""El Cantón de San Pablo"",""hi"":""एल कैंटोन डे सैन पाब्लो"",""ar"":""كانتون سان بابلو""}",2019-10-06T09:39:47,2025-12-02T14:39:31,1,Q1576215
20793,El Carmen,2877,NSA,48,CO,adm2,,,8.51064000,-73.44776000,El Carmen,12001,America/Bogota,"{""br"":""El Carmen"",""ko"":""엘 카르멘"",""pt-BR"":""El Carmen"",""pt"":""El Carmen"",""nl"":""El Carmen"",""hr"":""El Carmen"",""fa"":""ال کارمن"",""de"":""El Carmen"",""es"":""El Carmen"",""fr"":""Le Carmen"",""ja"":""エル・カルメン"",""it"":""El Carmen"",""zh-CN"":""埃尔卡门"",""tr"":""El Carmen"",""ru"":""Эль Кармен"",""uk"":""Ель Кармен"",""pl"":""El Carmen"",""hi"":""एल कारमेन"",""ar"":""إل كارمن""}",2019-10-06T09:39:47,2025-12-02T14:39:31,1,Q23693022
20795,El Carmen de Atrato,2876,CHO,48,CO,adm2,,,5.83333000,-76.25000000,El Carmen de Atrato,14049,America/Bogota,"{""br"":""El Carmen de Atrato"",""ko"":""엘 카르멘 데 아트라토"",""pt-BR"":""El Carmen de Atrato"",""pt"":""El Carmen de Atrato"",""nl"":""El Carmen de Atrato"",""hr"":""El Carmen de Atrato"",""fa"":""ال کارمن د آتراتو"",""de"":""El Carmen de Atrato"",""es"":""El Carmen de Atrato"",""fr"":""La Carmen de Atrato"",""ja"":""エル・カルメン・デ・アトラト"",""it"":""El Carmen de Atrato"",""zh-CN"":""埃尔卡门·德·阿特拉托"",""tr"":""El Carmen de Atrato"",""ru"":""Эль Кармен де Атрато"",""uk"":""Ель-Кармен-де-Атрато"",""pl"":""El Carmen de Atrato"",""hi"":""एल कारमेन डे अत्राटो"",""ar"":""El Carmen de Atrato""}",2019-10-06T09:39:47,2025-12-02T17:11:50,1,Q533627
20796,El Carmen de Bolívar,2893,BOL,48,CO,adm2,,,9.71740000,-75.12023000,El Carmen de Bolívar,47957,America/Bogota,"{""br"":""El Carmen de Bolívar"",""ko"":""엘 카르멘 데 볼리바르"",""pt-BR"":""El Carmen de Bolívar"",""pt"":""El Carmen de Bolívar"",""nl"":""El Carmen de Bolívar"",""hr"":""El Carmen de Bolívar"",""fa"":""ال کارمن دو بولیوار"",""de"":""El Carmen de Bolívar"",""es"":""El Carmen de Bolívar"",""fr"":""El Carmen de Bolívar"",""ja"":""エル・カルメン・デ・ボリバル"",""it"":""El Carmen de Bolívar"",""zh-CN"":""玻利瓦尔的卡门"",""tr"":""El Carmen de Bolívar"",""ru"":""Эль Кармен де Боливар"",""uk"":""Ель Кармен де Болівар"",""pl"":""El Carmen de Bolívar"",""hi"":""एल कारमेन डे बोलिवार"",""ar"":""كارمن بوليفار""}",2019-10-06T09:39:47,2025-12-02T14:39:31,1,Q1323930
20797,El Carmen de Chucurí,2901,SAN,48,CO,adm2,,,6.69736000,-73.51117000,El Carmen de Chucurí,18098,America/Bogota,"{""br"":""El Carmen de Chucurí"",""ko"":""엘 카르멘 데 추쿠리"",""pt-BR"":""El Carmen de Chucurí"",""pt"":""El Carmen de Chucurí"",""nl"":""El Carmen de Chucurí"",""hr"":""El Carmen de Chucurí"",""fa"":""ال کارمن د چوکوری"",""de"":""El Carmen de Chucurí"",""es"":""El Carmen de Chucurí"",""fr"":""El Carmen de Chucurí"",""ja"":""エル・カルメン・デ・チュクリ"",""it"":""El Carmen de Chucurí"",""zh-CN"":""埃尔卡门·德·丘库里"",""tr"":""El Carmen de Chucurí"",""ru"":""El Carmen de Chucurí"",""uk"":""Ель Кармен де Чукурі"",""pl"":""El Carmen de Chucurí"",""hi"":""एल कारमेन डे चुकुरी"",""ar"":""El Carmen de Chucurí""}",2019-10-06T09:39:47,2025-12-02T14:38:56,1,Q515182
20799,El Castillo,2878,MET,48,CO,adm2,,,3.56363000,-73.79488000,El Castillo,2581,America/Bogota,"{""br"":""El Castillo"",""ko"":""엘 카스티요"",""pt-BR"":""O Castelo"",""pt"":""O Castelo"",""nl"":""Het Kasteel"",""hr"":""El Castillo"",""fa"":""ال کاستیلو"",""de"":""El Castillo"",""es"":""El Castillo"",""fr"":""Le Château"",""ja"":""エルカスティージョ"",""it"":""Il Castello"",""zh-CN"":""埃尔卡斯蒂略"",""tr"":""El Castillo"",""ru"":""Эль Кастильо"",""uk"":""Ель-Кастільо"",""pl"":""Zamek"",""hi"":""एल कैस्टिलो"",""ar"":""إل كاستيلو""}",2019-10-06T09:39:47,2025-12-02T14:39:31,1,Q1577456
20800,El Cerrito,2904,VAC,48,CO,adm2,,,3.64273000,-76.20960000,El Cerrito,57749,America/Bogota,"{""br"":""El Cerrito"",""ko"":""엘 세리토"",""pt-BR"":""O Cerrito"",""pt"":""O Cerrito"",""nl"":""El Cerrito"",""hr"":""El Cerrito"",""fa"":""ال سریتو"",""de"":""El Cerrito"",""es"":""El Cerrito"",""fr"":""El Cerrito"",""ja"":""エルセリート"",""it"":""El Cerrito"",""zh-CN"":""埃尔塞里托"",""tr"":""El Cerrito"",""ru"":""Эль Серрито"",""uk"":""Ель-Серріто"",""pl"":""El Cerrito"",""hi"":""एल सेरिटो"",""ar"":""إل سيريتو""}",2019-10-06T09:39:47,2025-12-02T17:11:50,1,Q1093505
20801,El Charco,2897,NAR,48,CO,adm2,,,2.47926000,-78.10972000,El Charco,28673,America/Bogota,"{""br"":""El Charco"",""ko"":""엘 차르코"",""pt-BR"":""El Charco"",""pt"":""El Charco"",""nl"":""El Charco"",""hr"":""El Charco"",""fa"":""ال چارکو"",""de"":""El Charco"",""es"":""El Charco"",""fr"":""Le Charco"",""ja"":""エル・チャルコ"",""it"":""Il Charco"",""zh-CN"":""埃尔查科"",""tr"":""El Charco"",""ru"":""Эль Чарко"",""uk"":""Ель-Чарко"",""pl"":""El Charco"",""hi"":""एल चारको"",""ar"":""إل تشاركو""}",2019-10-06T09:39:47,2025-12-02T14:39:31,1,Q1441184
20802,El Cocuy,2903,BOY,48,CO,adm2,,,6.32839000,-72.43577000,El Cocuy,2706,America/Bogota,"{""br"":""El Cocuy"",""ko"":""엘 코쿠이"",""pt-BR"":""El Cocuy"",""pt"":""El Cocuy"",""nl"":""El Cocuy"",""hr"":""El Cocuy"",""fa"":""ال کوکی"",""de"":""El Cocuy"",""es"":""El Cocuy"",""fr"":""Le Cocuy"",""ja"":""エル・コクイ"",""it"":""El Cocuy"",""zh-CN"":""埃尔科库伊"",""tr"":""El Cocuy"",""ru"":""Эль Кокуй"",""uk"":""Ель-Кокуй"",""pl"":""El Cocuy"",""hi"":""एल कोकुय"",""ar"":""إل كوكوي""}",2019-10-06T09:39:47,2025-12-02T14:39:31,1,Q1655984
20803,El Colegio,2875,CUN,48,CO,adm2,,,4.56047000,-74.42614000,El Colegio,0,America/Bogota,"{""br"":""El Colegio"",""ko"":""엘 콜레지오"",""pt-BR"":""O Colégio"",""pt"":""O Colégio"",""nl"":""Het college"",""hr"":""El College"",""fa"":""ال کولجیو"",""de"":""El Colegio"",""es"":""El Colegio"",""fr"":""Le Collège"",""ja"":""エル・コレヒオ"",""it"":""Il Collegio"",""zh-CN"":""埃尔科莱吉奥"",""tr"":""El Colegio"",""ru"":""Эль Коледжио"",""uk"":""Ель Коледжіо"",""pl"":""Kolegium"",""hi"":""एल कोलेजियो"",""ar"":""الكلية""}",2019-10-06T09:39:47,2025-12-02T14:39:31,1,Q935205
20804,El Copey,2899,CES,48,CO,adm2,,,10.15031000,-73.96140000,El Copey,24971,America/Bogota,"{""br"":""El Copey"",""ko"":""엘 코피"",""pt-BR"":""El Copey"",""pt"":""El Copey"",""nl"":""El Copey"",""hr"":""El Copey"",""fa"":""ال کوپی"",""de"":""El Copey"",""es"":""El Copey"",""fr"":""Le Copey"",""ja"":""エル・コペイ"",""it"":""El Copey"",""zh-CN"":""埃尔·科佩"",""tr"":""El Copey"",""ru"":""Эль Копей"",""uk"":""Ель Копей"",""pl"":""El Copey"",""hi"":""एल कोपे"",""ar"":""إل كوبي""}",2019-10-06T09:39:47,2025-12-02T14:38:56,1,Q1440746
20805,El Doncello,2891,CAQ,48,CO,adm2,,,1.67817000,-75.28466000,El Doncello,21547,America/Bogota,"{""br"":""El Doncello"",""ko"":""엘 돈첼로"",""pt-BR"":""O Doncello"",""pt"":""O Doncello"",""nl"":""El Doncello"",""hr"":""El Doncello"",""fa"":""ال دونچلو"",""de"":""El Doncello"",""es"":""El Doncello"",""fr"":""Le Doncello"",""ja"":""エル・ドンセロ"",""it"":""El Doncello"",""zh-CN"":""埃尔唐切洛"",""tr"":""El Doncello"",""ru"":""Эль Дончелло"",""uk"":""Ель Дончелло"",""pl"":""El Doncello"",""hi"":""एल डोन्सेलो"",""ar"":""إل دونتشيلو""}",2019-10-06T09:39:47,2025-12-02T14:38:56,1,Q746033
20806,El Dovio,2904,VAC,48,CO,adm2,,,4.50790000,-76.23619000,El Dovio,9548,America/Bogota,"{""br"":""El Dovio"",""ko"":""엘 도비오"",""pt-BR"":""El Dovio"",""pt"":""El Dovio"",""nl"":""El Dovio"",""hr"":""El Dovio"",""fa"":""ال دوویو"",""de"":""El Dovio"",""es"":""El Dovio"",""fr"":""El Dovio"",""ja"":""エル・ドビオ"",""it"":""El Dovio"",""zh-CN"":""埃尔多维奥"",""tr"":""El Dovio"",""ru"":""Эль Довио"",""uk"":""Ель-Довіо"",""pl"":""El Dovio"",""hi"":""एल डोवियो"",""ar"":""إل دوفيو""}",2019-10-06T09:39:47,2025-12-02T14:38:56,1,Q606862
20807,El Encanto,2895,AMA,48,CO,city,,,-1.56261000,-73.25684000,El Encanto,2172,America/Bogota,"{""br"":""El Encanto"",""ko"":""엘 엔칸토"",""pt-BR"":""O Encanto"",""pt"":""O Encanto"",""nl"":""El Encanto"",""hr"":""El Encanto"",""fa"":""ال انکانتو"",""de"":""Die Verzauberung"",""es"":""El Encanto"",""fr"":""L'Enchantement"",""ja"":""エル・エンカント"",""it"":""L'incanto"",""zh-CN"":""埃尔恩坎托"",""tr"":""El Encanto"",""ru"":""Эль Энканто"",""uk"":""Ель Енканто"",""pl"":""El Encanto"",""hi"":""एल एनकांटो"",""ar"":""إل إنكانتو""}",2019-10-06T09:39:47,2025-12-02T16:59:27,1,Q665774
20808,El Espino,2903,BOY,48,CO,adm2,,,6.50812000,-72.48036000,El Espino,4195,America/Bogota,"{""br"":""El Espino"",""ko"":""엘 에스피노"",""pt-BR"":""El Espino"",""pt"":""El Espino"",""nl"":""El Espino"",""hr"":""El Espino"",""fa"":""ال اسپینو"",""de"":""El Espino"",""es"":""El Espino"",""fr"":""L'Espino"",""ja"":""エル・エスピノ"",""it"":""El Espino"",""zh-CN"":""埃尔埃斯皮诺"",""tr"":""El Espino"",""ru"":""Эль Эспино"",""uk"":""Ель-Еспіно"",""pl"":""El Espino"",""hi"":""एल एस्पिनो"",""ar"":""إل إسبينو""}",2019-10-06T09:39:47,2025-12-02T17:11:50,1,Q1654603
20809,El Guacamayo,2901,SAN,48,CO,adm2,,,6.24856000,-73.52957000,El Guacamayo,0,America/Bogota,"{""br"":""El Guacamayo"",""ko"":""엘 과카마요"",""pt-BR"":""O Guacamayo"",""pt"":""O Guacamayo"",""nl"":""El Guacamayo"",""hr"":""El Guacamayo"",""fa"":""ال گواکامایو"",""de"":""El Guacamayo"",""es"":""El Guacamayo"",""fr"":""Le Guacamayo"",""ja"":""エル・グアカマヨ"",""it"":""El Guacamayo"",""zh-CN"":""埃尔瓜卡马约"",""tr"":""El Guacamayo"",""ru"":""Эль Гуакамайо"",""uk"":""Ель-Гуакамайо"",""pl"":""El Guacamayo"",""hi"":""एल गुआकामायो"",""ar"":""إل غواكامايو""}",2019-10-06T09:39:47,2025-12-02T14:39:31,1,Q1655487
20810,El Guamo,2893,BOL,48,CO,adm2,,,10.01753000,-74.93483000,El Guamo,4732,America/Bogota,"{""br"":""El Guamo"",""ko"":""엘 과모"",""pt-BR"":""El Guamo"",""pt"":""El Guamo"",""nl"":""El Guamo"",""hr"":""El Guamo"",""fa"":""ال گوامو"",""de"":""El Guamo"",""es"":""El Guamo"",""fr"":""Le Guamo"",""ja"":""エル・グアモ"",""it"":""El Guamo"",""zh-CN"":""埃尔瓜莫"",""tr"":""El Guamo"",""ru"":""Эль Гуамо"",""uk"":""Ель-Гуамо"",""pl"":""El Guamo"",""hi"":""एल गुआमो"",""ar"":""إل غوامو""}",2019-10-06T09:39:47,2025-12-02T17:11:50,1,Q1576366
20812,El Molino,2889,LAG,48,CO,adm2,,,10.65296000,-72.92461000,El Molino,5265,America/Bogota,"{""br"":""El Molino"",""ko"":""엘 몰리노"",""pt-BR"":""O Moinho"",""pt"":""O Moinho"",""nl"":""De Molino"",""hr"":""El Molino"",""fa"":""ال مولینو"",""de"":""El Molino"",""es"":""El Molino"",""fr"":""Le Moulin"",""ja"":""エル・モリノ"",""it"":""Il mulino"",""zh-CN"":""埃尔莫利诺"",""tr"":""El Molino"",""ru"":""Эль Молино"",""uk"":""Ель-Моліно"",""pl"":""El Molino"",""hi"":""एल मोलिनो"",""ar"":""إل مولينو""}",2019-10-06T09:39:48,2025-12-02T14:39:31,1,Q1574943
20813,El Paso,2899,CES,48,CO,adm2,,,9.65724000,-73.74685000,El Paso,6367,America/Bogota,"{""br"":""El Paso"",""ko"":""엘파소"",""pt-BR"":""El Paso"",""pt"":""El Paso"",""nl"":""El Paso"",""hr"":""El Paso"",""fa"":""ال پاسو"",""de"":""El Paso"",""es"":""El Paso"",""fr"":""El Paso"",""ja"":""エルパソ"",""it"":""El Paso"",""zh-CN"":""埃尔帕索"",""tr"":""El Paso"",""ru"":""Эль-Пасо"",""uk"":""Ель-Пасо"",""pl"":""El Paso"",""hi"":""एल पासो"",""ar"":""إل باسو""}",2019-10-06T09:39:48,2025-12-02T14:39:31,1,Q1441955
20814,El Paujil,2891,CAQ,48,CO,adm2,,,1.57085000,-75.31403000,El Paujil,7618,America/Bogota,"{""br"":""El Paujil"",""ko"":""엘 파우힐"",""pt-BR"":""O Paujil"",""pt"":""O Paujil"",""nl"":""El Paujil"",""hr"":""El Paujil"",""fa"":""ال پاجیل"",""de"":""El Paujil"",""es"":""El Paujil"",""fr"":""Le Paujil"",""ja"":""エル・パウジル"",""it"":""El Paujil"",""zh-CN"":""埃尔保希尔"",""tr"":""El Paujil"",""ru"":""Эль Паухиль"",""uk"":""Ель-Паухіль"",""pl"":""El Paujil"",""hi"":""एल पौजिल"",""ar"":""إل باوجيل""}",2019-10-06T09:39:48,2025-12-02T14:39:31,1,Q1441955
20816,El Peñol,2897,NAR,48,CO,adm2,,,1.45365000,-77.44017000,El Peñol,2294,America/Bogota,"{""br"":""El Peñol"",""ko"":""엘 페뇰"",""pt-BR"":""El Peñol"",""pt"":""El Peñol"",""nl"":""De Peñol"",""hr"":""El Peñol"",""fa"":""ال پنیول"",""de"":""El Peñol"",""es"":""El Peñol"",""fr"":""Le Peñol"",""ja"":""エル・ペニョル"",""it"":""El Peñol"",""zh-CN"":""埃尔佩尼奥尔"",""tr"":""El Peñol"",""ru"":""Эль-Пеньоль"",""uk"":""Ель-Пеньйол"",""pl"":""El Peñol"",""hi"":""एल पेनोल"",""ar"":""إل بينول""}",2019-10-06T09:39:48,2025-12-02T14:39:31,1,Q23691789
20817,El Peñón,2875,CUN,48,CO,adm2,,,5.25264000,-74.29069000,El Peñón,728,America/Bogota,"{""br"":""El Peñón"",""ko"":""엘 페논"",""pt-BR"":""O Peñón"",""pt"":""O Peñón"",""nl"":""De Peñón"",""hr"":""El Peñón"",""fa"":""ال پنیون"",""de"":""El Peñón"",""es"":""El Peñón"",""fr"":""Le Peñón"",""ja"":""エル・ペニョン"",""it"":""El Peñón"",""zh-CN"":""埃尔佩尼翁"",""tr"":""El Peñón"",""ru"":""Эль-Пеньон"",""uk"":""Ель-Пеньйон"",""pl"":""El Peñón"",""hi"":""एल पेनोन"",""ar"":""إل بينيون""}",2019-10-06T09:39:48,2025-12-02T14:39:31,1,Q23691792
20818,El Peñón,2893,BOL,48,CO,adm2,,,8.98691000,-73.94697000,El Peñón,7234,America/Bogota,"{""br"":""El Peñón"",""ko"":""엘 페논"",""pt-BR"":""O Peñón"",""pt"":""O Peñón"",""nl"":""De Peñón"",""hr"":""El Peñón"",""fa"":""ال پنیون"",""de"":""El Peñón"",""es"":""El Peñón"",""fr"":""Le Peñón"",""ja"":""エル・ペニョン"",""it"":""El Peñón"",""zh-CN"":""埃尔佩尼翁"",""tr"":""El Peñón"",""ru"":""Эль-Пеньон"",""uk"":""Ель-Пеньйон"",""pl"":""El Peñón"",""hi"":""एल पेनोन"",""ar"":""إل بينيون""}",2019-10-06T09:39:48,2025-12-02T14:38:56,1,Q662799
20819,El Peñón,2901,SAN,48,CO,adm2,,,6.09900000,-73.92835000,El Peñón,7234,America/Bogota,"{""br"":""El Peñón"",""ko"":""엘 페논"",""pt-BR"":""O Peñón"",""pt"":""O Peñón"",""nl"":""De Peñón"",""hr"":""El Peñón"",""fa"":""ال پنیون"",""de"":""El Peñón"",""es"":""El Peñón"",""fr"":""Le Peñón"",""ja"":""エル・ペニョン"",""it"":""El Peñón"",""zh-CN"":""埃尔佩尼翁"",""tr"":""El Peñón"",""ru"":""Эль-Пеньон"",""uk"":""Ель-Пеньйон"",""pl"":""El Peñón"",""hi"":""एल पेनोन"",""ar"":""إل بينيون""}",2019-10-06T09:39:48,2025-12-02T17:11:50,1,Q662799
20820,El Piñon,2886,MAG,48,CO,adm2,,,10.33333000,-74.66667000,El Piñon,16752,America/Bogota,"{""br"":""El Piñon"",""ko"":""엘 피논"",""pt-BR"":""O Pinhão"",""pt"":""O Pinhão"",""nl"":""De Piñon"",""hr"":""El Piñon"",""fa"":""ال پینیون"",""de"":""El Pinon"",""es"":""El Piñón"",""fr"":""Le Piñon"",""ja"":""エル・ピニョン"",""it"":""El Piñon"",""zh-CN"":""埃尔皮尼翁"",""tr"":""El Piñon"",""ru"":""Эль-Пиньон"",""uk"":""Ель-Піньон"",""pl"":""El Piñon"",""hi"":""एल पिनोन"",""ar"":""إل بينيون""}",2019-10-06T09:39:48,2025-12-02T17:11:50,1,Q614970
20822,El Playón,2901,SAN,48,CO,adm2,,,7.47131000,-73.20310000,El Playón,12966,America/Bogota,"{""br"":""El Playón"",""ko"":""엘 플라욘"",""pt-BR"":""O Playón"",""pt"":""O Playón"",""nl"":""El Playón"",""hr"":""El Playón"",""fa"":""ال پلیون"",""de"":""El Playón"",""es"":""El Playón"",""fr"":""Le Playón"",""ja"":""エル・プレイオン"",""it"":""El Playón"",""zh-CN"":""埃尔普拉翁"",""tr"":""El Playón"",""ru"":""Эль-Плейон"",""uk"":""Ель-Плайон"",""pl"":""El Playón"",""hi"":""एल प्लेयोन"",""ar"":""إل بلايون""}",2019-10-06T09:39:48,2025-12-02T14:38:56,1,Q1525443
20823,El Retorno,2888,GUV,48,CO,adm2,,,2.33022000,-72.62765000,El Retorno,11340,America/Bogota,"{""br"":""El Retorno"",""ko"":""엘 레토르노"",""pt-BR"":""O Retorno"",""pt"":""O Retorno"",""nl"":""De Terugkeer"",""hr"":""El Retorno"",""fa"":""ال رتورنو"",""de"":""El Retorno"",""es"":""El Retorno"",""fr"":""Le Retour"",""ja"":""エル・レトルノ"",""it"":""Il Ritorno"",""zh-CN"":""埃尔雷托诺"",""tr"":""El Retorno"",""ru"":""Эль Реторно"",""uk"":""Ель-Реторно"",""pl"":""Powrót"",""hi"":""एल रेटोर्नो"",""ar"":""إل ريتورنو""}",2019-10-06T09:39:48,2025-12-02T14:39:31,1,Q1526156
20824,El Retén,2886,MAG,48,CO,adm2,,,10.61135000,-74.26824000,El Retén,20981,America/Bogota,"{""br"":""El Retén"",""ko"":""엘 레텐"",""pt-BR"":""El Retén"",""pt"":""El Retén"",""nl"":""El Retén"",""hr"":""El Retén"",""fa"":""ال رتن"",""de"":""El Retén"",""es"":""El Retén"",""fr"":""Le Retén"",""ja"":""エル・レテン"",""it"":""El Retén"",""zh-CN"":""埃尔雷滕"",""tr"":""El Reten"",""ru"":""Эль Ретен"",""uk"":""Ель-Ретен"",""pl"":""El Retén"",""hi"":""एल रेटेन"",""ar"":""إل ريتين""}",2019-10-06T09:39:48,2025-12-02T14:38:56,1,Q547081
20825,El Roble,2902,SUC,48,CO,adm2,,,9.10193000,-75.19508000,El Roble,3324,America/Bogota,"{""br"":""El Roble"",""ko"":""엘 로블레"",""pt-BR"":""O Roble"",""pt"":""O Roble"",""nl"":""El Roble"",""hr"":""El Roble"",""fa"":""ال روبل"",""de"":""El Roble"",""es"":""El Roble"",""fr"":""Le Roble"",""ja"":""エル・ロブレ"",""it"":""El Roble"",""zh-CN"":""埃尔罗布莱"",""tr"":""El Roble"",""ru"":""Эль Робле"",""uk"":""Ель-Робле"",""pl"":""El Roble"",""hi"":""एल रोबल"",""ar"":""الروبل""}",2019-10-06T09:39:48,2025-12-02T14:39:31,1,Q1577912
20826,El Rosal,2875,CUN,48,CO,adm2,,,4.85314000,-74.25996000,El Rosal,5552,America/Bogota,"{""br"":""El Rosal"",""ko"":""엘 로살"",""pt-BR"":""O Rosal"",""pt"":""O Rosal"",""nl"":""El Rosal"",""hr"":""El Rosal"",""fa"":""ال روسال"",""de"":""El Rosal"",""es"":""El Rosal"",""fr"":""Le Rosal"",""ja"":""エル・ロサル"",""it"":""El Rosal"",""zh-CN"":""埃尔罗萨尔"",""tr"":""El Rosal"",""ru"":""Эль Росаль"",""uk"":""Ель-Росаль"",""pl"":""El Rosal"",""hi"":""एल रोसल"",""ar"":""إل روزال""}",2019-10-06T09:39:48,2025-12-02T14:39:31,1,Q602957
20827,El Rosario,2897,NAR,48,CO,adm2,,,1.84593000,-77.40620000,El Rosario,6498,America/Bogota,"{""br"":""El Rosario"",""ko"":""엘 로사리오"",""pt-BR"":""O Rosário"",""pt"":""O Rosário"",""nl"":""El Rosario"",""hr"":""El Rosario"",""fa"":""ال روساریو"",""de"":""El Rosario"",""es"":""El Rosario"",""fr"":""Le Rosaire"",""ja"":""エル・ロサリオ"",""it"":""Il Rosario"",""zh-CN"":""埃尔罗萨里奥"",""tr"":""El Rosario"",""ru"":""Эль Росарио"",""uk"":""Ель-Росаріо"",""pl"":""El Rosario"",""hi"":""एल रोसारियो"",""ar"":""إل روساريو""}",2019-10-06T09:39:48,2025-12-02T17:11:50,1,Q1574979
20829,El Tablón de Gómez,2897,NAR,48,CO,adm2,,,1.42717000,-77.09693000,El Tablón de Gómez,2373,America/Bogota,"{""br"":""El Tablón de Gómez"",""ko"":""엘 타블론 데 고메스"",""pt-BR"":""O Tablón de Gómez"",""pt"":""O Tablón de Gómez"",""nl"":""El Tablón de Gómez"",""hr"":""El Tablón de Gómez"",""fa"":""ال تابلون دِ گومز"",""de"":""El Tablón de Gómez"",""es"":""El Tablón de Gómez"",""fr"":""Le Tablón de Gómez"",""ja"":""エル・タブロン・デ・ゴメス"",""it"":""El Tablón de Gómez"",""zh-CN"":""戈麦斯塔布隆"",""tr"":""El Tablón de Gómez"",""ru"":""El Tablón de Gómez"",""uk"":""Ель-Таблоне де Гомес"",""pl"":""El Tablón de Gómez"",""hi"":""एल टैब्लोन डी गोमेज़"",""ar"":""El Tablón de Gómez""}",2019-10-06T04:09:48,2025-12-02T14:39:31,1,Q1525086
20831,El Tambo,2884,CAU,48,CO,adm2,,,2.45199000,-76.81029000,El Tambo,6355,America/Bogota,"{""br"":""El Tambo"",""ko"":""엘 탐보"",""pt-BR"":""El Tambo"",""pt"":""El Tambo"",""nl"":""El Tambo"",""hr"":""El Tambo"",""fa"":""ال تامبو"",""de"":""El Tambo"",""es"":""El Tambo"",""fr"":""El Tambo"",""ja"":""エル・タンボ"",""it"":""El Tambo"",""zh-CN"":""埃尔坦博"",""tr"":""El Tambo"",""ru"":""Эль Тамбо"",""uk"":""Ель-Тамбо"",""pl"":""El Tambo"",""hi"":""एल टैम्बो"",""ar"":""إل تامبو""}",2019-10-06T09:39:48,2025-12-02T14:39:31,1,Q961294
20832,El Tambo,2897,NAR,48,CO,adm2,,,1.43049000,-77.38326000,El Tambo,12271,America/Bogota,"{""br"":""El Tambo"",""ko"":""엘 탐보"",""pt-BR"":""El Tambo"",""pt"":""El Tambo"",""nl"":""El Tambo"",""hr"":""El Tambo"",""fa"":""ال تامبو"",""de"":""El Tambo"",""es"":""El Tambo"",""fr"":""El Tambo"",""ja"":""エル・タンボ"",""it"":""El Tambo"",""zh-CN"":""埃尔坦博"",""tr"":""El Tambo"",""ru"":""Эль Тамбо"",""uk"":""Ель-Тамбо"",""pl"":""El Tambo"",""hi"":""एल टैम्बो"",""ar"":""إل تامبو""}",2019-10-06T09:39:48,2025-12-02T14:38:56,1,Q2431847
20833,El Tarra,2877,NSA,48,CO,adm2,,,8.57562000,-73.09489000,El Tarra,3336,America/Bogota,"{""br"":""El Tarra"",""ko"":""엘 타라"",""pt-BR"":""A Tarra"",""pt"":""A Tarra"",""nl"":""El Tarra"",""hr"":""El Tarra"",""fa"":""ال تارا"",""de"":""El Tarra"",""es"":""El Tarra"",""fr"":""La Tarra"",""ja"":""エル・タラ"",""it"":""El Tarra"",""zh-CN"":""埃尔塔拉"",""tr"":""El Tarra"",""ru"":""Эль Тарра"",""uk"":""Ель-Тарра"",""pl"":""El Tarra"",""hi"":""एल टारा"",""ar"":""إل تارا""}",2019-10-06T09:39:49,2025-12-02T14:39:31,1,Q23701236
20834,El Zulia,2877,NSA,48,CO,adm2,,,7.93248000,-72.60125000,El Zulia,26019,America/Bogota,"{""br"":""El Zulia"",""ko"":""엘 줄리아"",""pt-BR"":""El Zulia"",""pt"":""El Zulia"",""nl"":""El Zulia"",""hr"":""El Zulia"",""fa"":""ال زولیا"",""de"":""El Zulia"",""es"":""El Zulia"",""fr"":""Le Zulia"",""ja"":""エル・ズリア"",""it"":""El Zulia"",""zh-CN"":""埃尔苏利亚"",""tr"":""El Zulia"",""ru"":""Эль-Сулия"",""uk"":""Ель-Сулія"",""pl"":""El Zulia"",""hi"":""एल ज़ुलिया"",""ar"":""الزوليا""}",2019-10-06T09:39:49,2025-12-02T14:39:31,1,Q1441107
20835,El Águila,2904,VAC,48,CO,adm2,,,4.91946000,-76.05680000,El Águila,7393,America/Bogota,"{""br"":""El Águila"",""ko"":""엘 아길라"",""pt-BR"":""El Águila"",""pt"":""El Águila"",""nl"":""El Águila"",""hr"":""El Águila"",""fa"":""ال آگیلا"",""de"":""El Águila"",""es"":""El Águila"",""fr"":""L'Águila"",""ja"":""エル・アギラ"",""it"":""L'Aquila"",""zh-CN"":""埃尔阿吉拉"",""tr"":""El Águila"",""ru"":""Эль-Агила"",""uk"":""Ель-Агіла"",""pl"":""El Águila"",""hi"":""एल एगुइला"",""ar"":""إل أغيلا""}",2019-10-06T09:39:49,2025-12-02T14:39:31,1,Q1578199
20836,Encino,2901,SAN,48,CO,adm2,,,6.13735000,-73.09847000,Encinero,412,America/Bogota,"{""br"":""Encino"",""ko"":""엔시노"",""pt-BR"":""Encino"",""pt"":""Encino"",""nl"":""Encino"",""hr"":""Encino"",""fa"":""انسینو"",""de"":""Encino"",""es"":""Encino"",""fr"":""Encino"",""ja"":""エンシーノ"",""it"":""Encino"",""zh-CN"":""恩西诺"",""tr"":""Encino"",""ru"":""Энсино"",""uk"":""Енсіно"",""pl"":""Encino"",""hi"":""Encino"",""ar"":""إنسينو""}",2019-10-06T09:39:49,2025-12-02T14:39:31,1,Q1654297
20837,Enciso,2901,SAN,48,CO,adm2,,,6.64651000,-72.70709000,Enciso,698,America/Bogota,"{""br"":""Enciso"",""ko"":""엔시소"",""pt-BR"":""Enciso"",""pt"":""Enciso"",""nl"":""Enciso"",""hr"":""Enciso"",""fa"":""انسیسو"",""de"":""Enciso"",""es"":""Enciso"",""fr"":""Enciso"",""ja"":""エンシソ"",""it"":""Enciso"",""zh-CN"":""恩西索"",""tr"":""Enciso"",""ru"":""Энсисо"",""uk"":""Енсісо"",""pl"":""Enciso"",""hi"":""एनसीसो"",""ar"":""إنسيسو""}",2019-10-06T09:39:49,2025-12-02T14:39:31,1,Q1654246
20838,Entrerrios,2890,ANT,48,CO,adm2,,,6.58333000,-75.58333000,Entrerrios,8447,America/Bogota,"{""br"":""Embregerezhioù"",""ko"":""기업가"",""pt-BR"":""Entrerrios"",""pt"":""Entrerrios"",""nl"":""Entrerrios"",""hr"":""Entrerrios"",""fa"":""انترریوها"",""de"":""Entrerrios"",""es"":""Entrerríos"",""fr"":""Entrerrios"",""ja"":""エントリーリオス"",""it"":""Entratori"",""zh-CN"":""恩特雷里奥斯"",""tr"":""Girişimler"",""ru"":""Энтрерриос"",""uk"":""Ентрерріос"",""pl"":""Entrerrios"",""hi"":""एंटररियोस"",""ar"":""إنتريريوس""}",2019-10-06T09:39:49,2025-12-02T17:11:50,1,Q1654246
20840,Envigado,2890,ANT,48,CO,adm2,,,6.17591000,-75.59174000,Envigado,163007,America/Bogota,"{""br"":""Envigado"",""ko"":""엔비가도"",""pt-BR"":""Envigado"",""pt"":""Envigado"",""nl"":""Envigado"",""hr"":""Envigado"",""fa"":""انویگادو"",""de"":""Envigado"",""es"":""Envigado"",""fr"":""Envigado"",""ja"":""エンビガド"",""it"":""Envigado"",""zh-CN"":""恩维加多"",""tr"":""Envigado"",""ru"":""Энвигадо"",""uk"":""Енвігадо"",""pl"":""Envigado"",""hi"":""एनविगाडो"",""ar"":""إنفيجادو""}",2019-10-06T09:39:50,2025-12-02T14:39:31,1,Q1447266
20841,Espinal,2883,TOL,48,CO,adm2,,,4.14924000,-74.88429000,Espinal,56213,America/Bogota,"{""br"":""Mell-gein"",""ko"":""척추"",""pt-BR"":""Espinal"",""pt"":""Espinal"",""nl"":""Espinal"",""hr"":""Espinal"",""fa"":""اسپینال"",""de"":""Espinal"",""es"":""Espinal"",""fr"":""Espinal"",""ja"":""エスピナル"",""it"":""Espinal"",""zh-CN"":""埃斯皮纳尔"",""tr"":""Omurga"",""ru"":""Эспинальный"",""uk"":""Еспінал"",""pl"":""Szpikowy"",""hi"":""एस्पिनल"",""ar"":""إسبينال""}",2019-10-06T09:39:50,2025-12-02T14:38:56,1,Q23691418
20842,Facatativá,2875,CUN,48,CO,adm2,,,4.81367000,-74.35453000,Facatativá,117133,America/Bogota,"{""br"":""Facatativa"",""ko"":""파카타티바"",""pt-BR"":""Facatativá"",""pt"":""Facatativá"",""nl"":""Facatativá"",""hr"":""Facatativá"",""fa"":""فاکاتاتیو"",""de"":""Facatativá"",""es"":""Facatativá"",""fr"":""Facatativá"",""ja"":""ファカタティヴァ"",""it"":""Facatativá"",""zh-CN"":""法卡塔蒂瓦"",""tr"":""Facatativá"",""ru"":""Facatativá"",""uk"":""Факататіва"",""pl"":""Facatativá"",""hi"":""फ़काटाटिवा"",""ar"":""فاكاتاتيفا""}",2019-10-06T09:39:50,2025-12-02T14:38:56,1,Q1947594
20843,Falan,2883,TOL,48,CO,adm2,,,5.12383000,-74.95181000,Como,9204,America/Bogota,"{""br"":""Falan"",""ko"":""팔란"",""pt-BR"":""Falan"",""pt"":""Falan"",""nl"":""Falan"",""hr"":""Falan"",""fa"":""فلان"",""de"":""Falan"",""es"":""Falán"",""fr"":""Falan"",""ja"":""ファラン"",""it"":""Falan"",""zh-CN"":""法兰"",""tr"":""Falan"",""ru"":""Фалан"",""uk"":""Фалан"",""pl"":""Falan"",""hi"":""फलन"",""ar"":""فالان""}",2019-10-06T09:39:50,2025-12-02T14:38:56,1,Q1577895
20844,Filadelfia,2887,CAL,48,CO,adm2,,,5.29606000,-75.56120000,Filadelfia,9630,America/Bogota,"{""br"":""Filadelfia"",""ko"":""필라델피아"",""pt-BR"":""Filadélfia"",""pt"":""Filadélfia"",""nl"":""Filadelfia"",""hr"":""Filadelfija"",""fa"":""فیلادلفیا"",""de"":""Filadelfia"",""es"":""Filadelfia"",""fr"":""Philadelphie"",""ja"":""フィラデルフィア"",""it"":""Filadelfia"",""zh-CN"":""菲拉德尔菲亚"",""tr"":""Filadelfia"",""ru"":""Филадельфия"",""uk"":""Філадельфія"",""pl"":""Filadelfia"",""hi"":""फिलाडेल्फिया"",""ar"":""فيلادلفيا""}",2019-10-06T09:39:50,2025-12-02T14:38:56,1,Q1525422
20845,Filandia,2874,QUI,48,CO,adm2,,,4.67525000,-75.67142000,Filandia,6851,America/Bogota,"{""br"":""Filandia"",""ko"":""필란디아"",""pt-BR"":""Filândia"",""pt"":""Filândia"",""nl"":""Filandia"",""hr"":""Filandija"",""fa"":""فیلاندیا"",""de"":""Filandia"",""es"":""Filandia"",""fr"":""Filandia"",""ja"":""フィランディア"",""it"":""Filandia"",""zh-CN"":""菲兰迪亚"",""tr"":""Filandia"",""ru"":""Филандия"",""uk"":""Філандія"",""pl"":""Filandia"",""hi"":""फ़िलैंडिया"",""ar"":""فيلانديا""}",2019-10-06T09:39:50,2025-12-02T14:39:31,1,Q1525384
20846,Firavitoba,2903,BOY,48,CO,adm2,,,5.66885000,-72.99289000,Firavitoba,2136,America/Bogota,"{""br"":""Firavitoba"",""ko"":""피라비토바"",""pt-BR"":""Firavitoba"",""pt"":""Firavitoba"",""nl"":""Firavitoba"",""hr"":""Firavitoba"",""fa"":""فیراویتوبا"",""de"":""Firavitoba"",""es"":""Firavitoba"",""fr"":""Firavitoba"",""ja"":""フィラビトバ"",""it"":""Firavitoba"",""zh-CN"":""菲拉维托巴"",""tr"":""Firavitoba"",""ru"":""Фиравитоба"",""uk"":""Фіравітоба"",""pl"":""Firavitoba"",""hi"":""फ़िराविटोबा"",""ar"":""فيرافيتوبا""}",2019-10-06T09:39:50,2025-12-02T14:39:31,1,Q1579392
20847,Flandes,2883,TOL,48,CO,city,,,4.25000000,-74.83333000,Flandes,29296,America/Bogota,"{""br"":""Flandrez"",""ko"":""플랑드르"",""pt-BR"":""Flandes"",""pt"":""Flandes"",""nl"":""Vlaanderen"",""hr"":""Flandes"",""fa"":""فلاندز"",""de"":""Flandern"",""es"":""Flandes"",""fr"":""Flandres"",""ja"":""フランデス"",""it"":""Fiandre"",""zh-CN"":""弗兰德斯"",""tr"":""Flamanlar"",""ru"":""Фландес"",""uk"":""Фландес"",""pl"":""Flandes"",""hi"":""फ़्लैंडेस"",""ar"":""فلاندز""}",2019-10-06T09:39:50,2025-12-02T14:38:56,1,Q764821
20848,Florencia,2884,CAU,48,CO,adm2,,,1.68318000,-77.07331000,Florencia,1467,America/Bogota,"{""br"":""Firenze"",""ko"":""플로렌시아"",""pt-BR"":""Florença"",""pt"":""Florença"",""nl"":""Florencia"",""hr"":""Florencija"",""fa"":""فلورنسیا"",""de"":""Florenz"",""es"":""Florencia"",""fr"":""Florence"",""ja"":""フロレンシア"",""it"":""Firenze"",""zh-CN"":""弗洛伦西亚"",""tr"":""Floransa"",""ru"":""Флоренсия"",""uk"":""Флоренція"",""pl"":""Florencja"",""hi"":""फ्लोरेंशिया"",""ar"":""فلورنسيا""}",2019-10-06T09:39:50,2025-12-02T14:39:31,1,Q23691480
20849,Florencia,2891,CAQ,48,CO,adm1,,,1.71619000,-75.59624000,Florencia,6028,America/Bogota,"{""br"":""Firenze"",""ko"":""플로렌시아"",""pt-BR"":""Florença"",""pt"":""Florença"",""nl"":""Florencia"",""hr"":""Florencija"",""fa"":""فلورنسیا"",""de"":""Florenz"",""es"":""Florencia"",""fr"":""Florence"",""ja"":""フロレンシア"",""it"":""Firenze"",""zh-CN"":""弗洛伦西亚"",""tr"":""Floransa"",""ru"":""Флоренсия"",""uk"":""Флоренція"",""pl"":""Florencja"",""hi"":""फ्लोरेंशिया"",""ar"":""فلورنسيا""}",2019-10-06T09:39:50,2025-12-02T17:11:50,1,Q2308980
20850,Floresta,2903,BOY,48,CO,adm2,,,5.85903000,-72.92511000,Bosque,1127,America/Bogota,"{""br"":""Floresta"",""ko"":""플로레스타"",""pt-BR"":""Floresta"",""pt"":""Floresta"",""nl"":""Floresta"",""hr"":""Floresta"",""fa"":""فلورستا"",""de"":""Floresta"",""es"":""Floresta"",""fr"":""Floresta"",""ja"":""フロレスタ"",""it"":""Floresta"",""zh-CN"":""弗洛雷斯塔"",""tr"":""Floresta"",""ru"":""Флореста"",""uk"":""Флореста"",""pl"":""Floresta"",""hi"":""फ्लोरेस्टा"",""ar"":""فلوريستا""}",2019-10-06T09:39:50,2025-12-02T14:39:31,1,Q1656297
20851,Florida,2904,VAC,48,CO,adm2,,,3.30940000,-76.18989000,Florida,56008,America/Bogota,"{""br"":""Florida"",""ko"":""플로리다"",""pt-BR"":""Flórida"",""pt"":""Flórida"",""nl"":""Florida"",""hr"":""Florida"",""fa"":""فلوریدا"",""de"":""Florida"",""es"":""Florida"",""fr"":""Floride"",""ja"":""フロリダ"",""it"":""Florida"",""zh-CN"":""佛罗里达"",""tr"":""Florida"",""ru"":""Флорида"",""uk"":""Флорида"",""pl"":""Floryda"",""hi"":""फ्लोरिडा"",""ar"":""فلوريدا""}",2019-10-06T09:39:50,2025-12-02T17:11:50,1,Q1093490
20852,Floridablanca,2901,SAN,48,CO,adm2,,,7.06315000,-73.08586000,Floridablanca,267170,America/Bogota,"{""br"":""Floridablanca"",""ko"":""플로리다블랑카"",""pt-BR"":""Floridablanca"",""pt"":""Floridablanca"",""nl"":""Floridablanca"",""hr"":""Floridablanca"",""fa"":""فلوریدابلانکا"",""de"":""Floridablanca"",""es"":""Floridablanca"",""fr"":""Floridablanca"",""ja"":""フロリダブランカ"",""it"":""Floridablanca"",""zh-CN"":""佛罗里达布兰卡"",""tr"":""Floridablanca"",""ru"":""Флоридабланка"",""uk"":""Флоридабланка"",""pl"":""Floridablanca"",""hi"":""फ्लोरिडाब्लैंका"",""ar"":""فلوريدا بلانكا""}",2019-10-06T09:39:50,2025-12-02T14:38:56,1,Q1006661
20853,Florián,2901,SAN,48,CO,adm2,,,5.80487000,-73.97029000,Florian,1227,America/Bogota,"{""br"":""Florián"",""ko"":""플로리안"",""pt-BR"":""Florián"",""pt"":""Florián"",""nl"":""Florian"",""hr"":""Florián"",""fa"":""فلوریان"",""de"":""Florian"",""es"":""Florián"",""fr"":""Florian"",""ja"":""フロリアン"",""it"":""Florián"",""zh-CN"":""弗洛里安"",""tr"":""Florian"",""ru"":""Флориан"",""uk"":""Флоріан"",""pl"":""Florian"",""hi"":""फ्लोरियन"",""ar"":""فلوريان""}",2019-10-06T09:39:50,2025-12-02T14:39:31,1,Q1575413
20854,Fomeque,2875,CUN,48,CO,adm2,,,4.52806000,-73.78879000,Humo,12157,America/Bogota,"{""br"":""Fomeque"",""ko"":""포메크"",""pt-BR"":""Fomeque"",""pt"":""Fomeque"",""nl"":""Fomeque"",""hr"":""Fomeque"",""fa"":""فومک"",""de"":""Fomeque"",""es"":""Fómeque"",""fr"":""Foméque"",""ja"":""フォメケ"",""it"":""Fomeque"",""zh-CN"":""福梅克"",""tr"":""Fomeque"",""ru"":""Фомек"",""uk"":""Фомек"",""pl"":""Fomeque"",""hi"":""फोमेक"",""ar"":""فوميك""}",2019-10-06T09:39:50,2025-12-02T17:11:50,1,Q1575413
20855,Fonseca,2889,LAG,48,CO,adm2,,,10.82966000,-72.79778000,Fonseca,42772,America/Bogota,"{""br"":""Fonseca"",""ko"":""폰세카"",""pt-BR"":""Fonseca"",""pt"":""Fonseca"",""nl"":""Fonseca"",""hr"":""Fonseca"",""fa"":""فونسکا"",""de"":""Fonseca"",""es"":""Fonseca"",""fr"":""Fonseca"",""ja"":""フォンセカ"",""it"":""Fonseca"",""zh-CN"":""丰塞卡"",""tr"":""Fonseca"",""ru"":""Фонсека"",""uk"":""Фонсека"",""pl"":""Fonseca"",""hi"":""फ़ोनसेका"",""ar"":""فونسيكا""}",2019-10-06T09:39:50,2025-12-02T17:11:50,1,Q1441074
20856,Fortul,2881,ARA,48,CO,adm2,,,6.74611000,-71.85667000,fuerte,21851,America/Bogota,"{""br"":""Fortul"",""ko"":""포툴"",""pt-BR"":""Fortul"",""pt"":""Fortul"",""nl"":""Fortul"",""hr"":""Fortul"",""fa"":""فورتول"",""de"":""Fortul"",""es"":""Fortul"",""fr"":""Fortul"",""ja"":""フォルトゥル"",""it"":""Fortul"",""zh-CN"":""福图尔"",""tr"":""Fortul"",""ru"":""Фортул"",""uk"":""Фортул"",""pl"":""Fortul"",""hi"":""फोर्टुल"",""ar"":""فورتول""}",2019-10-06T09:39:51,2025-12-02T17:11:50,1,Q1442438
20857,Fosca,2875,CUN,48,CO,adm2,,,4.33916000,-73.93852000,Oscuro,1451,America/Bogota,"{""br"":""Fosca"",""ko"":""포스카"",""pt-BR"":""Fosca"",""pt"":""Fosca"",""nl"":""Fosca"",""hr"":""Foska"",""fa"":""فوسکا"",""de"":""Fosca"",""es"":""Fosca"",""fr"":""Fosca"",""ja"":""フォスカ"",""it"":""Fosca"",""zh-CN"":""福斯卡"",""tr"":""Fosca"",""ru"":""Фоска"",""uk"":""Фоска"",""pl"":""Fosca"",""hi"":""फोस्का"",""ar"":""فوسكا""}",2019-10-06T09:39:51,2025-12-02T14:39:31,1,Q1577716
20858,Francisco Pizarro,2897,NAR,48,CO,adm2,,,2.04060000,-78.65877000,Francisco Pizarro,7430,America/Bogota,"{""br"":""Francisco Pizarro"",""ko"":""프란시스코 피사로"",""pt-BR"":""Francisco Pizarro"",""pt"":""Francisco Pizarro"",""nl"":""Francisco Pizarro"",""hr"":""Francisco Pizarro"",""fa"":""فرانسیسکو پیزارو"",""de"":""Francisco Pizarro"",""es"":""Francisco Pizarro"",""fr"":""Francisco Pizarro"",""ja"":""フランシスコ・ピサロ"",""it"":""Francisco Pizarro"",""zh-CN"":""弗朗西斯科·皮萨罗"",""tr"":""Francisco Pizarro"",""ru"":""Франсиско Писарро"",""uk"":""Франсіско Пісарро"",""pl"":""Francisco Pizarro"",""hi"":""फ्रांसिस्को पिज़ारो"",""ar"":""فرانسيسكو بيزارو""}",2019-10-06T04:09:55,2025-12-02T14:38:56,1,Q1578185
20859,Fredonia,2890,ANT,48,CO,adm2,,,5.89239000,-75.68546000,Fredonia,18790,America/Bogota,"{""br"":""Fredonia"",""ko"":""프레도니아"",""pt-BR"":""Fredonia"",""pt"":""Fredonia"",""nl"":""Fredonia"",""hr"":""Fredonija"",""fa"":""فردونیا"",""de"":""Fredonia"",""es"":""Fredonia"",""fr"":""Fredonia"",""ja"":""フレドニア"",""it"":""Fredonia"",""zh-CN"":""弗雷多尼亚"",""tr"":""Fredonia"",""ru"":""Фредония"",""uk"":""Фредонія"",""pl"":""Fredonia"",""hi"":""फ़्रेडोनिया"",""ar"":""فريدونيا""}",2019-10-06T09:39:51,2025-12-02T14:38:56,1,Q1442002
20860,Fresno,2883,TOL,48,CO,adm2,,,5.15264000,-75.03624000,Fresa,17668,America/Bogota,"{""br"":""Fresno"",""ko"":""프레즈노"",""pt-BR"":""Fresno"",""pt"":""Fresno"",""nl"":""Fresno"",""hr"":""Fresno"",""fa"":""فرزنو"",""de"":""Fresno"",""es"":""Fresno"",""fr"":""Fresno"",""ja"":""フレズノ"",""it"":""Fresno"",""zh-CN"":""弗雷斯诺"",""tr"":""Fresno"",""ru"":""Фресно"",""uk"":""Фресно"",""pl"":""Fresno"",""hi"":""फ्रेस्नो"",""ar"":""فريسنو""}",2019-10-06T09:39:51,2025-12-02T14:39:31,1,Q2431919
20861,Frontino,2890,ANT,48,CO,city,,,6.77133000,-76.13324000,Frente,20156,America/Bogota,"{""br"":""Frontino"",""ko"":""프론티노"",""pt-BR"":""Frontino"",""pt"":""Frontino"",""nl"":""Frontino"",""hr"":""Frontino"",""fa"":""فرونتینو"",""de"":""Frontino"",""es"":""Frontino"",""fr"":""Frontino"",""ja"":""フロンティーノ"",""it"":""Frontino"",""zh-CN"":""弗龙蒂诺"",""tr"":""Öncü"",""ru"":""Фронтино"",""uk"":""Фронтіно"",""pl"":""Frontino"",""hi"":""फ्रोंटिनो"",""ar"":""فرونتينو""}",2019-10-06T09:39:51,2025-12-02T14:38:56,1,Q636963
20863,Fuente de Oro,2878,MET,48,CO,adm2,,,3.46263000,-73.62162000,Fuente de Oro,3609,America/Bogota,"{""br"":""Fuente de Oro"",""ko"":""푸엔테 데 오로"",""pt-BR"":""Fonte de Ouro"",""pt"":""Fonte de Ouro"",""nl"":""Gouden bron"",""hr"":""Izvor zlata"",""fa"":""فوئنته د اورو"",""de"":""Fuente de Oro"",""es"":""Fuente de Oro"",""fr"":""Fontaine d'Or"",""ja"":""黄金の噴水"",""it"":""Fuente de Oro"",""zh-CN"":""黄金泉"",""tr"":""Altın Kaynak"",""ru"":""Фуэнте-де-Оро"",""uk"":""Фуенте-де-Оро"",""pl"":""Złote Źródło"",""hi"":""फ़ुएंते डे ओरो"",""ar"":""فوينتي دي أورو""}",2019-10-06T09:39:51,2025-12-02T14:39:31,1,Q1576131
20864,Fundación,2886,MAG,48,CO,adm2,,,10.52066000,-74.18504000,Base,59175,America/Bogota,"{""br"":""Diazezadur"",""ko"":""재단"",""pt-BR"":""Fundação"",""pt"":""Fundação"",""nl"":""Stichting"",""hr"":""Zaklada"",""fa"":""بنیاد"",""de"":""Stiftung"",""es"":""Fundación"",""fr"":""Fondation"",""ja"":""財団"",""it"":""Fondazione"",""zh-CN"":""基金会"",""tr"":""Vakıf"",""ru"":""Фонд"",""uk"":""Фундація"",""pl"":""Fundacja"",""hi"":""फ़ाउंडेशन"",""ar"":""مؤسسة""}",2019-10-06T09:39:51,2025-12-02T14:39:31,1,Q303437
20865,Funes,2897,NAR,48,CO,adm2,,,1.00075000,-77.44918000,Funes,2508,America/Bogota,"{""br"":""Funes"",""ko"":""푸네스"",""pt-BR"":""Funes"",""pt"":""Funes"",""nl"":""Funes"",""hr"":""Funes"",""fa"":""فونس"",""de"":""Villnöss"",""es"":""Funes"",""fr"":""Funes"",""ja"":""フネス"",""it"":""Funes"",""zh-CN"":""富内斯"",""tr"":""Funes"",""ru"":""Фунес"",""uk"":""Фунес"",""pl"":""Funes"",""hi"":""फ्यूनेस"",""ar"":""فونيس""}",2019-10-06T09:39:51,2025-12-02T14:39:31,1,Q1574953
20866,Funza,2875,CUN,48,CO,adm2,,,4.71638000,-74.21195000,Tomar,116890,America/Bogota,"{""br"":""Funza"",""ko"":""펀자"",""pt-BR"":""Funza"",""pt"":""Funza"",""nl"":""Funza"",""hr"":""Funza"",""fa"":""فونزا"",""de"":""Funza"",""es"":""Funza"",""fr"":""Funza"",""ja"":""ファンザ"",""it"":""Funza"",""zh-CN"":""芬扎"",""tr"":""Funza"",""ru"":""Фунза"",""uk"":""Фунза"",""pl"":""Zabawa"",""hi"":""फ़न्ज़ा"",""ar"":""فنزا""}",2019-10-06T09:39:51,2025-12-02T14:39:31,1,Q608955
20867,Fusagasugá,2875,CUN,48,CO,adm2,,,4.33646000,-74.36378000,Fusagasugá,88820,America/Bogota,"{""br"":""Fusagasugá"",""ko"":""후사가스가"",""pt-BR"":""Fusagasugá"",""pt"":""Fusagasugá"",""nl"":""Fusagasugá"",""hr"":""Fusagasugá"",""fa"":""فوگاسوگا"",""de"":""Fusagasugá"",""es"":""Fusagasugá"",""fr"":""Fusagasugá"",""ja"":""フサガスガ"",""it"":""Fusagasugá"",""zh-CN"":""富萨加苏加"",""tr"":""Fusagasugá"",""ru"":""Фусагасуга"",""uk"":""Фусаґасуґа"",""pl"":""Fusagasugá"",""hi"":""फ़ुसागसूगा"",""ar"":""فوساجاسوجا""}",2019-10-06T09:39:51,2025-12-02T14:39:31,1,Q2077525
20869,Fúquene,2875,CUN,48,CO,adm2,,,5.41988000,-73.76997000,Fuchar,5617,America/Bogota,"{""br"":""Fúquene"",""ko"":""후케네"",""pt-BR"":""Fúquene"",""pt"":""Fúquene"",""nl"":""Fúquene"",""hr"":""Fúquene"",""fa"":""فوکنه"",""de"":""Fúquene"",""es"":""Fúquene"",""fr"":""Fúquene"",""ja"":""フケネ"",""it"":""Fúquene"",""zh-CN"":""富克内"",""tr"":""Fúquene"",""ru"":""Фукене"",""uk"":""Фукене"",""pl"":""Fúquene"",""hi"":""फ़्यूक्वेन"",""ar"":""فوكين""}",2019-10-06T09:39:51,2025-12-02T17:11:50,1,Q1656191
20870,Gachala,2875,CUN,48,CO,adm2,,,4.66667000,-73.50000000,Gachala,5916,America/Bogota,"{""br"":""Gachala"",""ko"":""가찰라"",""pt-BR"":""Gachala"",""pt"":""Gachala"",""nl"":""Gachala"",""hr"":""Gačala"",""fa"":""گاچالا"",""de"":""Gachala"",""es"":""Gachala"",""fr"":""Gachala"",""ja"":""ガチャラ"",""it"":""Gachala"",""zh-CN"":""加查拉"",""tr"":""Gachala"",""ru"":""Гачала"",""uk"":""Гачала"",""pl"":""Gachala"",""hi"":""गचाला"",""ar"":""غاشالا""}",2019-10-06T09:39:51,2025-12-02T17:11:50,1,Q1656191
20872,Gachancipá,2875,CUN,48,CO,adm2,,,4.99111000,-73.87154000,Gachancipá,10886,America/Bogota,"{""br"":""Gachancipá"",""ko"":""가찬시파"",""pt-BR"":""Gachancipá"",""pt"":""Gachancipá"",""nl"":""Gachancipá"",""hr"":""Gachancipá"",""fa"":""گاخانسیپا"",""de"":""Gachancipá"",""es"":""Gachancipá"",""fr"":""Gachancipá"",""ja"":""ガチャンシパ"",""it"":""Gachancipá"",""zh-CN"":""加尚西帕"",""tr"":""Gachancipá"",""ru"":""Гачансипа"",""uk"":""Гачансіпа"",""pl"":""Gachancipá"",""hi"":""गचांसिपा"",""ar"":""غاشانسيبا""}",2019-10-06T09:39:51,2025-12-02T14:38:56,1,Q1575577
20873,Gachantivá,2903,BOY,48,CO,adm2,,,5.74417000,-73.54253000,Gachantivá,534,America/Bogota,"{""br"":""Gachantiva"",""ko"":""가찬티바"",""pt-BR"":""Gachantivá"",""pt"":""Gachantivá"",""nl"":""Gachantivá"",""hr"":""Gachantivá"",""fa"":""گاچانتیوا"",""de"":""Gachantivá"",""es"":""Gachantivá"",""fr"":""Gachantivá"",""ja"":""ガチャンティヴァ"",""it"":""Gachantivá"",""zh-CN"":""加尚蒂瓦"",""tr"":""Gachantivá"",""ru"":""Гачантива"",""uk"":""Гачантіва"",""pl"":""Gachantivá"",""hi"":""गचंतिवá"",""ar"":""غاشانتيڤا""}",2019-10-06T09:39:51,2025-12-02T14:39:31,1,Q1656242
20874,Gachetá,2875,CUN,48,CO,adm2,,,4.87104000,-73.61730000,Gachetá,10409,America/Bogota,"{""br"":""Gachetá"",""ko"":""가셰타"",""pt-BR"":""Gachetá"",""pt"":""Gachetá"",""nl"":""Gachetá"",""hr"":""Gachetá"",""fa"":""گاچتا"",""de"":""Gachetá"",""es"":""Gachetá"",""fr"":""Gachetá"",""ja"":""ガチェタ"",""it"":""Gachetá"",""zh-CN"":""加切塔"",""tr"":""Gachetá"",""ru"":""Гачета"",""uk"":""Гачета"",""pl"":""Gachetá"",""hi"":""गचेता"",""ar"":""غاشيتا""}",2019-10-06T09:39:51,2025-12-02T17:11:50,1,Q1577746
20876,Galapa,2880,ATL,48,CO,adm2,,,10.89790000,-74.88700000,Galapa,19732,America/Bogota,"{""br"":""Galapa"",""ko"":""갈라파"",""pt-BR"":""Galapa"",""pt"":""Galapa"",""nl"":""Galapa"",""hr"":""Galapa"",""fa"":""گالاپا"",""de"":""Galapa"",""es"":""Galapa"",""fr"":""Galapa"",""ja"":""ガラパ"",""it"":""Galapa"",""zh-CN"":""加拉帕"",""tr"":""Galapa"",""ru"":""Галапа"",""uk"":""Галапа"",""pl"":""Galapa"",""hi"":""गालापा"",""ar"":""جالابا""}",2019-10-06T09:39:51,2025-12-02T14:39:31,1,Q2307260
20877,Galeras,2902,SUC,48,CO,adm2,,,9.16095000,-75.04811000,Tipo,17297,America/Bogota,"{""br"":""Galeras"",""ko"":""갈레라스"",""pt-BR"":""Galeras"",""pt"":""Galeras"",""nl"":""Galeras"",""hr"":""Galeras"",""fa"":""گالراس"",""de"":""Galeras"",""es"":""Galeras"",""fr"":""Galeras"",""ja"":""ガレラス"",""it"":""Galeras"",""zh-CN"":""加勒拉斯"",""tr"":""Galeras"",""ru"":""Галерас"",""uk"":""Галерас"",""pl"":""Galeras"",""hi"":""गैलेरस"",""ar"":""جاليراس""}",2019-10-06T09:39:51,2025-12-02T14:38:56,1,Q389099
20878,Galán,2901,SAN,48,CO,adm2,,,6.66271000,-73.34233000,Galán,2992,America/Bogota,"{""br"":""Galán"",""ko"":""갈란"",""pt-BR"":""Galão"",""pt"":""Galão"",""nl"":""Galán"",""hr"":""Galán"",""fa"":""گالان"",""de"":""Galán"",""es"":""Galán"",""fr"":""Galán"",""ja"":""ガラン"",""it"":""Galán"",""zh-CN"":""加兰"",""tr"":""Galan"",""ru"":""Галан"",""uk"":""Галан"",""pl"":""Galán"",""hi"":""गैलान"",""ar"":""غالان""}",2019-10-06T09:39:51,2025-12-02T17:11:50,1,Q1492832
20879,Gama,2875,CUN,48,CO,adm2,,,4.76288000,-73.61091000,Gama,584,America/Bogota,"{""br"":""Gama"",""ko"":""가마"",""pt-BR"":""Gama"",""pt"":""Gama"",""nl"":""Gama"",""hr"":""Gama"",""fa"":""گاما"",""de"":""Gama"",""es"":""Gama"",""fr"":""Gama"",""ja"":""ガマ"",""it"":""Gamma"",""zh-CN"":""伽马"",""tr"":""Gama"",""ru"":""Гама"",""uk"":""Гама"",""pl"":""Gama"",""hi"":""गामा"",""ar"":""جاما""}",2019-10-06T09:39:51,2025-12-02T14:39:31,1,Q1656344
20880,Gamarra,2899,CES,48,CO,adm2,,,8.32969000,-73.71773000,Gamarra,12444,America/Bogota,"{""br"":""Gamarra"",""ko"":""가마라"",""pt-BR"":""Gamarra"",""pt"":""Gamarra"",""nl"":""Gamarra"",""hr"":""Gamarra"",""fa"":""گامارا"",""de"":""Gamarra"",""es"":""Gamarra"",""fr"":""Gamarra"",""ja"":""ガマラ"",""it"":""Gamarra"",""zh-CN"":""加马拉"",""tr"":""Gamarra"",""ru"":""Гамарра"",""uk"":""Гамарра"",""pl"":""Gamarra"",""hi"":""गैमारा"",""ar"":""غامارا""}",2019-10-06T09:39:51,2025-12-02T17:11:50,1,Q1525797
20881,Gambita,2901,SAN,48,CO,adm2,,,5.90273000,-73.36788000,Gambita,5168,America/Bogota,"{""br"":""Gambita"",""ko"":""감비타"",""pt-BR"":""Gambita"",""pt"":""Gambita"",""nl"":""Gambita"",""hr"":""Gambita"",""fa"":""گامبیتا"",""de"":""Gambita"",""es"":""Gambita"",""fr"":""Gambita"",""ja"":""ガンビタ"",""it"":""Gambita"",""zh-CN"":""甘比塔"",""tr"":""Gambita"",""ru"":""Гамбита"",""uk"":""Гамбіта"",""pl"":""Gambita"",""hi"":""गम्बिता"",""ar"":""جامبيتا""}",2019-10-06T09:39:51,2025-12-02T17:11:50,1,Q1655623
20882,Gameza,2903,BOY,48,CO,adm2,,,5.80313000,-72.73721000,Gamza,5669,America/Bogota,"{""br"":""Gameza"",""ko"":""가메자"",""pt-BR"":""Gameza"",""pt"":""Gameza"",""nl"":""Gameza"",""hr"":""Gameza"",""fa"":""گیمزا"",""de"":""Gameza"",""es"":""Gameza"",""fr"":""Gameza"",""ja"":""ガメザ"",""it"":""Gameza"",""zh-CN"":""加梅萨"",""tr"":""Gameza"",""ru"":""Гамеза"",""uk"":""Гамеза"",""pl"":""Gameza"",""hi"":""गेमेज़ा"",""ar"":""جاميزا""}",2019-10-06T09:39:51,2025-12-02T17:11:50,1,Q1655623
20883,Garagoa,2903,BOY,48,CO,adm2,,,5.08236000,-73.36334000,Ya no,11102,America/Bogota,"{""br"":""Garagoa"",""ko"":""가라고아"",""pt-BR"":""Garagoa"",""pt"":""Garagoa"",""nl"":""Garagoa"",""hr"":""Garagoa"",""fa"":""گاراگوا"",""de"":""Garagoa"",""es"":""Garagoa"",""fr"":""Garagoa"",""ja"":""ガラゴア"",""it"":""Garagoa"",""zh-CN"":""加拉戈阿"",""tr"":""Garagoa"",""ru"":""Гарагоа"",""uk"":""Гарагоа"",""pl"":""Garagoa"",""hi"":""गरागोआ"",""ar"":""غاراغوا""}",2019-10-06T09:39:51,2025-12-02T14:39:31,1,Q1524837
20884,Ginebra,2904,VAC,48,CO,adm2,,,3.74296000,-76.19412000,Ginebra,21055,America/Bogota,"{""br"":""Ginebra"",""ko"":""지네브라"",""pt-BR"":""Genebra"",""pt"":""Genebra"",""nl"":""Ginebra"",""hr"":""Ženeva"",""fa"":""جینبرا"",""de"":""Genf"",""es"":""Ginebra"",""fr"":""Genève"",""ja"":""ジネブラ"",""it"":""Ginebra"",""zh-CN"":""吉内布拉"",""tr"":""Cin"",""ru"":""Джинебра"",""uk"":""Джинебра"",""pl"":""Ginebra"",""hi"":""जिनेबरा"",""ar"":""جينيبرا""}",2019-10-06T09:39:51,2025-12-02T17:11:50,1,Q1525670
20885,Giraldo,2890,ANT,48,CO,adm2,,,6.66667000,-75.95346000,Giraldo,1464,America/Bogota,"{""br"":""Giraldo"",""ko"":""지랄도"",""pt-BR"":""Giraldo"",""pt"":""Giraldo"",""nl"":""Giraldo"",""hr"":""Giraldo"",""fa"":""جیرالدو"",""de"":""Giraldo"",""es"":""Giraldo"",""fr"":""Giraldo"",""ja"":""ヒラルド"",""it"":""Giraldo"",""zh-CN"":""吉拉尔多"",""tr"":""Giraldo"",""ru"":""Хиральдо"",""uk"":""Хіральдо"",""pl"":""Giraldo"",""hi"":""गिराल्डो"",""ar"":""جيرالدو""}",2019-10-06T09:39:51,2025-12-02T14:39:31,1,Q1655837
20886,Girardot,2875,CUN,48,CO,adm2,,,4.31802000,-74.83504000,Girardot,1213,America/Bogota,"{""br"":""Girardot"",""ko"":""지라르도"",""pt-BR"":""Girardot"",""pt"":""Girardot"",""nl"":""Girardot"",""hr"":""Girardot"",""fa"":""ژیراردو"",""de"":""Girardot"",""es"":""Girardot"",""fr"":""Girardot"",""ja"":""ジラルド"",""it"":""Girardot"",""zh-CN"":""吉拉尔多"",""tr"":""Girardot"",""ru"":""Жирардо"",""uk"":""Жирардо"",""pl"":""Girardot"",""hi"":""गिरारडॉट"",""ar"":""جيراردوت""}",2019-10-06T09:39:51,2025-12-02T14:39:31,1,Q186193
20888,Girardota,2890,ANT,48,CO,adm2,,,6.36789000,-75.46231000,Girardota,0,America/Bogota,"{""br"":""Girardota"",""ko"":""지라르도타"",""pt-BR"":""Girardota"",""pt"":""Girardota"",""nl"":""Girardota"",""hr"":""Girardota"",""fa"":""جیراردوتا"",""de"":""Girardota"",""es"":""Girardota"",""fr"":""Girardota"",""ja"":""ヒラルドタ"",""it"":""Girardota"",""zh-CN"":""吉拉多塔"",""tr"":""Girardota"",""ru"":""Жирардота"",""uk"":""Хірардота"",""pl"":""Girardota"",""hi"":""गिरारडोटा"",""ar"":""جيراردوتا""}",2019-10-06T09:39:51,2025-12-02T14:39:31,1,Q774725
20889,Girón,2901,SAN,48,CO,adm2,,,7.06820000,-73.16981000,Girón,108466,America/Bogota,"{""br"":""Girón"",""ko"":""히론"",""pt-BR"":""Girón"",""pt"":""Girón"",""nl"":""Giron"",""hr"":""Girón"",""fa"":""گیرون"",""de"":""Girón"",""es"":""Girón"",""fr"":""Giron"",""ja"":""ヒロン"",""it"":""Girone"",""zh-CN"":""吉隆"",""tr"":""Giron"",""ru"":""Хирон"",""uk"":""Хірон"",""pl"":""Girón"",""hi"":""गिरोन"",""ar"":""جيرون""}",2019-10-06T09:39:51,2025-12-02T14:39:31,1,Q1093497
20890,González,2899,CES,48,CO,adm2,,,8.36735000,-73.40032000,González,9252,America/Bogota,"{""br"":""González"",""ko"":""곤잘레스"",""pt-BR"":""González"",""pt"":""González"",""nl"":""González"",""hr"":""González"",""fa"":""گونزالس"",""de"":""González"",""es"":""González"",""fr"":""Gonzalez"",""ja"":""ゴンザレス"",""it"":""González"",""zh-CN"":""冈萨雷斯"",""tr"":""González"",""ru"":""Гонсалес"",""uk"":""Гонсалес"",""pl"":""González"",""hi"":""गोंजालेज"",""ar"":""غونزاليس""}",2019-10-06T09:39:51,2025-12-02T17:11:50,1,Q1577059
20891,Gramalote,2877,NSA,48,CO,adm2,,,7.88752000,-72.79749000,Gramalota,3577,America/Bogota,"{""br"":""Gramalot"",""ko"":""그라말로트"",""pt-BR"":""Gramalote"",""pt"":""Gramalote"",""nl"":""Gramalote"",""hr"":""Gramalote"",""fa"":""گرامالوت"",""de"":""Gramalote"",""es"":""Gramalote"",""fr"":""Gramalote"",""ja"":""グラマロテ"",""it"":""Gramaloto"",""zh-CN"":""格拉马洛特"",""tr"":""Gramalote"",""ru"":""Грамалот"",""uk"":""Грамалоте"",""pl"":""Gramalot"",""hi"":""ग्रामलोटे"",""ar"":""جرامالوت""}",2019-10-06T09:39:51,2025-12-02T14:39:31,1,Q1576677
20892,Granada,2875,CUN,48,CO,city,,,5.06667000,-74.56667000,Granada,1100,America/Bogota,"{""br"":""Grenada"",""ko"":""그라나다"",""pt-BR"":""Granada"",""pt"":""Granada"",""nl"":""Granada"",""hr"":""Granada"",""fa"":""گرانادا"",""de"":""Granada"",""es"":""Granada"",""fr"":""Grenade"",""ja"":""グラナダ"",""it"":""Granada"",""zh-CN"":""格拉纳达"",""tr"":""Granada"",""ru"":""Гранада"",""uk"":""Гранада"",""pl"":""Granada"",""hi"":""ग्रेनेडा"",""ar"":""غرناطة""}",2019-10-06T09:39:51,2025-12-02T14:39:31,1,Q23690741
20893,Granada,2890,ANT,48,CO,adm2,,,6.14353000,-75.18532000,Granada,9204,America/Bogota,"{""br"":""Grenada"",""ko"":""그라나다"",""pt-BR"":""Granada"",""pt"":""Granada"",""nl"":""Granada"",""hr"":""Granada"",""fa"":""گرانادا"",""de"":""Granada"",""es"":""Granada"",""fr"":""Grenade"",""ja"":""グラナダ"",""it"":""Granada"",""zh-CN"":""格拉纳达"",""tr"":""Granada"",""ru"":""Гранада"",""uk"":""Гранада"",""pl"":""Granada"",""hi"":""ग्रेनेडा"",""ar"":""غرناطة""}",2019-10-06T09:39:51,2025-12-02T14:39:31,1,Q1578735
20894,Granada,2878,MET,48,CO,adm2,,,3.54625000,-73.70687000,Granada,68876,America/Bogota,"{""br"":""Grenada"",""ko"":""그라나다"",""pt-BR"":""Granada"",""pt"":""Granada"",""nl"":""Granada"",""hr"":""Granada"",""fa"":""گرانادا"",""de"":""Granada"",""es"":""Granada"",""fr"":""Grenade"",""ja"":""グラナダ"",""it"":""Granada"",""zh-CN"":""格拉纳达"",""tr"":""Granada"",""ru"":""Гранада"",""uk"":""Гранада"",""pl"":""Granada"",""hi"":""ग्रेनेडा"",""ar"":""غرناطة""}",2019-10-06T09:39:51,2025-12-02T14:39:31,1,Q2101383
20895,Guaca,2901,SAN,48,CO,adm2,,,6.87621000,-72.85594000,Guaco,1637,America/Bogota,"{""br"":""Guaca"",""ko"":""과카"",""pt-BR"":""Guaca"",""pt"":""Guaca"",""nl"":""Guaca"",""hr"":""Guaca"",""fa"":""گواکا"",""de"":""Guaca"",""es"":""Guaca"",""fr"":""Guaca"",""ja"":""ワカ"",""it"":""Guaca"",""zh-CN"":""瓜卡"",""tr"":""Guaca"",""ru"":""Гуака"",""uk"":""Гуака"",""pl"":""Guaca"",""hi"":""गुआका"",""ar"":""غواكا""}",2019-10-06T09:39:51,2025-12-02T14:39:31,1,Q948769
20896,Guacamayas,2903,BOY,48,CO,adm2,,,6.44599000,-72.51676000,Guacamayas,772,America/Bogota,"{""br"":""Guacamayaoù"",""ko"":""과카마야"",""pt-BR"":""Guacamayas"",""pt"":""Guacamayas"",""nl"":""Guacamayas"",""hr"":""Guacamayas"",""fa"":""گواکامایاس"",""de"":""Guacamayas"",""es"":""Guacamayas"",""fr"":""Guacamayas"",""ja"":""グアカマヤ"",""it"":""Guacamayas"",""zh-CN"":""瓜卡马亚斯"",""tr"":""Guacamayalar"",""ru"":""Гуакамаяс"",""uk"":""Гуакамая"",""pl"":""Guacamayas"",""hi"":""गुआकामायस"",""ar"":""غواكامايا""}",2019-10-06T09:39:51,2025-12-02T14:39:31,1,Q963379
20897,Guacarí,2904,VAC,48,CO,adm2,,,3.76383000,-76.33292000,Guacarí,19637,America/Bogota,"{""br"":""Guacarí"",""ko"":""과카리"",""pt-BR"":""Guacarí"",""pt"":""Guacarí"",""nl"":""Guacarí"",""hr"":""Guacari"",""fa"":""گواکاری"",""de"":""Guacarí"",""es"":""Guacarí"",""fr"":""Guacarí"",""ja"":""グアカリ"",""it"":""Guacarí"",""zh-CN"":""瓜卡里"",""tr"":""Guacarí"",""ru"":""Гуакари"",""uk"":""Гуакарі"",""pl"":""Guacarí"",""hi"":""ग्वाकारी"",""ar"":""غواكاري""}",2019-10-06T09:39:51,2025-12-02T14:39:31,1,Q2431973
20898,Guachetá,2875,CUN,48,CO,adm2,,,5.38425000,-73.68617000,Gouachetá,4245,America/Bogota,"{""br"":""Guachetá"",""ko"":""과셰타"",""pt-BR"":""Guachetá"",""pt"":""Guachetá"",""nl"":""Guachetá"",""hr"":""Guachetá"",""fa"":""گواچتا"",""de"":""Guachetá"",""es"":""Guachetá"",""fr"":""Guachetá"",""ja"":""グアチェタ"",""it"":""Guachetá"",""zh-CN"":""瓜切塔"",""tr"":""Guachetá"",""ru"":""Гуачета"",""uk"":""Гуачета"",""pl"":""Guachetá"",""hi"":""गुआचेटा"",""ar"":""غواتشيتا""}",2019-10-06T09:39:51,2025-12-02T14:39:31,1,Q955108
20899,Guachucal,2897,NAR,48,CO,adm2,,,0.96093000,-77.73161000,Guachucal,4014,America/Bogota,"{""br"":""Gwachukal"",""ko"":""과추칼"",""pt-BR"":""Guachucal"",""pt"":""Guachucal"",""nl"":""Guachucal"",""hr"":""Guachucal"",""fa"":""گواچوکال"",""de"":""Guachucal"",""es"":""Guachucal"",""fr"":""Guachucal"",""ja"":""グアチュカル"",""it"":""Guachucal"",""zh-CN"":""瓜丘卡尔"",""tr"":""Guachucal"",""ru"":""Гуачукаль"",""uk"":""Гуачукал"",""pl"":""Guachucal"",""hi"":""गुआचुकल"",""ar"":""غواتشوكال""}",2019-10-06T09:39:51,2025-12-02T14:39:31,1,Q1526179
20900,Guadalajara de Buga,2904,VAC,48,CO,adm2,,,3.90089000,-76.29783000,Guadalajara de Buga,114316,America/Bogota,"{""br"":""Guadalajara de Buga"",""ko"":""과달라하라 데 부가"",""pt-BR"":""Guadalajara de Buga"",""pt"":""Guadalajara de Buga"",""nl"":""Guadalajara de Buga"",""hr"":""Guadalajara de Buga"",""fa"":""گوادالاخارا د بوگا"",""de"":""Guadalajara de Buga"",""es"":""Guadalajara de Buga"",""fr"":""Guadalajara de Buga"",""ja"":""グアダラハラ・デ・ブガ"",""it"":""Guadalajara de Buga"",""zh-CN"":""布加瓜达拉哈拉"",""tr"":""Guadalajara de Buga"",""ru"":""Гвадалахара де Буга"",""uk"":""Гвадалахара-де-Буга"",""pl"":""Guadalajara de Buga"",""hi"":""ग्वाडलहारा डे बुगा"",""ar"":""غوادالاخارا دي بوغا""}",2019-10-06T09:39:51,2025-12-02T14:39:31,1,Q934753
20901,Guadalupe,2890,ANT,48,CO,adm2,,,6.81449000,-75.24063000,Guadalupo,1734,America/Bogota,"{""br"":""Gwadalupa"",""ko"":""과달루페"",""pt-BR"":""Guadalupe"",""pt"":""Guadalupe"",""nl"":""Guadalupe"",""hr"":""Guadalupe"",""fa"":""گوادالوپ"",""de"":""Guadalupe"",""es"":""Guadalupe"",""fr"":""Guadalupe"",""ja"":""グアダルーペ"",""it"":""Guadalupe"",""zh-CN"":""瓜达卢佩"",""tr"":""Guadalupe"",""ru"":""Гваделупе"",""uk"":""Гваделупе"",""pl"":""Gwadelupa"",""hi"":""GUADALUPE"",""ar"":""غوادالوبي""}",2019-10-06T09:39:51,2025-12-02T14:39:31,1,Q2315211
20902,Guadalupe,2901,SAN,48,CO,adm2,,,6.24640000,-73.41833000,Guadalupo,2181,America/Bogota,"{""br"":""Gwadalupa"",""ko"":""과달루페"",""pt-BR"":""Guadalupe"",""pt"":""Guadalupe"",""nl"":""Guadalupe"",""hr"":""Guadalupe"",""fa"":""گوادالوپ"",""de"":""Guadalupe"",""es"":""Guadalupe"",""fr"":""Guadalupe"",""ja"":""グアダルーペ"",""it"":""Guadalupe"",""zh-CN"":""瓜达卢佩"",""tr"":""Guadalupe"",""ru"":""Гваделупе"",""uk"":""Гваделупе"",""pl"":""Gwadelupa"",""hi"":""GUADALUPE"",""ar"":""غوادالوبي""}",2019-10-06T09:39:51,2025-12-02T14:39:31,1,Q2432014
20903,Guaduas,2875,CUN,48,CO,adm2,,,5.07430000,-74.59854000,Guaduas,41838,America/Bogota,"{""br"":""Guaduas"",""ko"":""과두아스"",""pt-BR"":""Guaduas"",""pt"":""Guaduas"",""nl"":""Guaduas"",""hr"":""Guaduas"",""fa"":""گوادواس"",""de"":""Guaduas"",""es"":""Guaduas"",""fr"":""Guaduas"",""ja"":""グアドゥアス"",""it"":""Guaduas"",""zh-CN"":""瓜杜阿斯"",""tr"":""Guaduas"",""ru"":""Гуадуас"",""uk"":""Гуадуас"",""pl"":""Guaduas"",""hi"":""ग्वाड्वस"",""ar"":""غوادواس""}",2019-10-06T09:39:51,2025-12-02T14:38:56,1,Q685990
20904,Guaitarilla,2897,NAR,48,CO,adm2,,,1.13103000,-77.54815000,Guaitarilla,6280,America/Bogota,"{""br"":""Gwaitarilla"",""ko"":""과이타릴라"",""pt-BR"":""Guaitarilla"",""pt"":""Guaitarilla"",""nl"":""Guaitarilla"",""hr"":""Guaitarilla"",""fa"":""گوایتاریلا"",""de"":""Guaitarilla"",""es"":""Guaitarilla"",""fr"":""Guaitarilla"",""ja"":""グアイタリラ"",""it"":""Guaitarilla"",""zh-CN"":""瓜伊塔里拉"",""tr"":""Guaitarilla"",""ru"":""Гвайтарилья"",""uk"":""Гвайтарілья"",""pl"":""Guaitarilla"",""hi"":""ग्वाइटारिला"",""ar"":""غوايتاريلا""}",2019-10-06T09:39:51,2025-12-02T14:39:31,1,Q1525820
20905,Gualmatán,2897,NAR,48,CO,adm2,,,0.91992000,-77.56738000,Gualmatán,2510,America/Bogota,"{""br"":""Gualmatán"",""ko"":""과르마탄"",""pt-BR"":""Gualmatán"",""pt"":""Gualmatán"",""nl"":""Gualmatan"",""hr"":""Gualmatán"",""fa"":""گوالماتان"",""de"":""Gualmatán"",""es"":""Gualmatán"",""fr"":""Gualmatán"",""ja"":""グアルマタン"",""it"":""Gualmatán"",""zh-CN"":""瓜尔马坦"",""tr"":""Gualmatán"",""ru"":""Гуальматан"",""uk"":""Гуальматан"",""pl"":""Gualmatán"",""hi"":""गुआलमाटन"",""ar"":""جوالماتان""}",2019-10-06T09:39:51,2025-12-02T14:39:31,1,Q1655544
20906,Guamal,2878,MET,48,CO,adm2,,,3.88043000,-73.76566000,Guamal,13857,America/Bogota,"{""br"":""Guamal"",""ko"":""과말"",""pt-BR"":""Guamal"",""pt"":""Guamal"",""nl"":""Guamal"",""hr"":""Guamal"",""fa"":""گومال"",""de"":""Guamal"",""es"":""Guamal"",""fr"":""Guamal"",""ja"":""グアマル"",""it"":""Guamal"",""zh-CN"":""瓜马尔"",""tr"":""Guamal"",""ru"":""Гуамаль"",""uk"":""Гуамал"",""pl"":""Gwadelupa"",""hi"":""गुआमाल"",""ar"":""غوامال""}",2019-10-06T09:39:51,2025-12-02T14:39:31,1,Q949695
20907,Guamal,2886,MAG,48,CO,adm2,,,9.14334000,-74.22384000,Guamal,25508,America/Bogota,"{""br"":""Guamal"",""ko"":""과말"",""pt-BR"":""Guamal"",""pt"":""Guamal"",""nl"":""Guamal"",""hr"":""Guamal"",""fa"":""گومال"",""de"":""Guamal"",""es"":""Guamal"",""fr"":""Guamal"",""ja"":""グアマル"",""it"":""Guamal"",""zh-CN"":""瓜马尔"",""tr"":""Guamal"",""ru"":""Гуамаль"",""uk"":""Гуамал"",""pl"":""Gwadelupa"",""hi"":""गुआमाल"",""ar"":""غوامال""}",2019-10-06T09:39:51,2025-12-02T14:38:56,1,Q1441081
20908,Guamo,2883,TOL,48,CO,adm2,,,4.07457000,-74.97689000,Guamo,30516,America/Bogota,"{""br"":""Guamo"",""ko"":""과모"",""pt-BR"":""Guamo"",""pt"":""Guamo"",""nl"":""Guamo"",""hr"":""Guamo"",""fa"":""گوامو"",""de"":""Guamo"",""es"":""Guamo"",""fr"":""Guamo"",""ja"":""グアモ"",""it"":""Guamo"",""zh-CN"":""瓜莫"",""tr"":""Guamo"",""ru"":""Гуамо"",""uk"":""Гуамо"",""pl"":""Guamo"",""hi"":""ग्वामो"",""ar"":""غوامو""}",2019-10-06T09:39:51,2025-12-02T14:38:56,1,Q664349
20909,Guapi,2884,CAU,48,CO,adm2,,,2.55210000,-77.87865000,Guapi,13853,America/Bogota,"{""br"":""Guapi"",""ko"":""구아피"",""pt-BR"":""Guapi"",""pt"":""Guapi"",""nl"":""Guapi"",""hr"":""Guapi"",""fa"":""گواپی"",""de"":""Guapi"",""es"":""Guapi"",""fr"":""Guapi"",""ja"":""グアピ"",""it"":""Guapi"",""zh-CN"":""瓜皮"",""tr"":""Guapi"",""ru"":""Гуапи"",""uk"":""Гуапі"",""pl"":""Guapi"",""hi"":""ग्वापी"",""ar"":""غوابي""}",2019-10-06T09:39:51,2025-12-02T14:39:31,1,Q2432113
20910,Guapotá,2901,SAN,48,CO,adm2,,,6.30697000,-73.32848000,Guapota,564,America/Bogota,"{""br"":""Guapotá"",""ko"":""과포타"",""pt-BR"":""Guapotá"",""pt"":""Guapotá"",""nl"":""Guapotá"",""hr"":""Guapotá"",""fa"":""گواپوتا"",""de"":""Guapotá"",""es"":""Guapotá"",""fr"":""Guapotá"",""ja"":""グアポタ"",""it"":""Guapotá"",""zh-CN"":""瓜波塔"",""tr"":""Guapotá"",""ru"":""Гуапота"",""uk"":""Гуапота"",""pl"":""Guapotá"",""hi"":""गुआपोटा"",""ar"":""جوابوتا""}",2019-10-06T09:39:51,2025-12-02T14:39:31,1,Q1655667
20912,Guaranda,2902,SUC,48,CO,adm2,,,8.46746000,-74.53617000,Guaranda,0,America/Bogota,"{""br"":""Gwaranda"",""ko"":""과란다"",""pt-BR"":""Guaraná"",""pt"":""Guaraná"",""nl"":""Garanda"",""hr"":""Jamstvo"",""fa"":""گواردانا"",""de"":""Guaranda"",""es"":""Guaranda"",""fr"":""Garantie"",""ja"":""グアランダ"",""it"":""Guaranda"",""zh-CN"":""瓜兰达"",""tr"":""Guaranda"",""ru"":""Гуаранда"",""uk"":""Гаранда"",""pl"":""Guaranda"",""hi"":""गुआरांडा"",""ar"":""ضمان""}",2019-10-06T09:39:51,2025-12-02T14:39:31,1,Q1526247
20913,Guarne,2890,ANT,48,CO,adm2,,,6.28345000,-75.44363000,Guarnía,14270,America/Bogota,"{""br"":""Guarne"",""ko"":""구아르네"",""pt-BR"":""Guarne"",""pt"":""Guarne"",""nl"":""Guarne"",""hr"":""Guarne"",""fa"":""گوارن"",""de"":""Guarne"",""es"":""Guarne"",""fr"":""Guarne"",""ja"":""グアルネ"",""it"":""Guarne"",""zh-CN"":""瓜尔内"",""tr"":""Guarne"",""ru"":""Гуарн"",""uk"":""Гуарне"",""pl"":""Guarne"",""hi"":""ग्वार्ने"",""ar"":""غوارن""}",2019-10-06T09:39:51,2025-12-02T14:39:31,1,Q2088069
20914,Guasca,2875,CUN,48,CO,adm2,,,4.86601000,-73.87748000,Abajo,3540,America/Bogota,"{""br"":""Guaska"",""ko"":""과스카"",""pt-BR"":""Guasca"",""pt"":""Guasca"",""nl"":""Guasca"",""hr"":""Guasca"",""fa"":""گاسکا"",""de"":""Guasca"",""es"":""Guasca"",""fr"":""Guasca"",""ja"":""グアスカ"",""it"":""Guasca"",""zh-CN"":""瓜斯卡"",""tr"":""Guasca"",""ru"":""Гуаска"",""uk"":""Гуаска"",""pl"":""Guasca"",""hi"":""गुआस्का"",""ar"":""جواسكا""}",2019-10-06T09:39:51,2025-12-02T14:39:31,1,Q179672
20915,Guatapé,2890,ANT,48,CO,city,,,6.25548000,-75.16432000,Guatapé,5389,America/Bogota,"{""br"":""Gwatapé"",""ko"":""과타페"",""pt-BR"":""Guatapé"",""pt"":""Guatapé"",""nl"":""Guatapé"",""hr"":""Guatapé"",""fa"":""گواتاپه"",""de"":""Guatapé"",""es"":""Guatapé"",""fr"":""Guatapé"",""ja"":""グアタペ"",""it"":""Guatapé"",""zh-CN"":""瓜塔佩"",""tr"":""Guatapé"",""ru"":""Гуатапе"",""uk"":""Гуатапе"",""pl"":""Guatapé"",""hi"":""गुआटापे"",""ar"":""غواتابي""}",2019-10-06T09:39:51,2025-12-02T14:39:31,1,Q1578769
20916,Guataquí,2875,CUN,48,CO,adm2,,,4.51573000,-74.78935000,Guataquí,1139,America/Bogota,"{""br"":""Guataquí"",""ko"":""과타키"",""pt-BR"":""Guataquí"",""pt"":""Guataquí"",""nl"":""Guataquí"",""hr"":""Guataquí"",""fa"":""گواتاکی"",""de"":""Guataquí"",""es"":""Guataquí"",""fr"":""Guataquí"",""ja"":""グアタキ"",""it"":""Guataquí"",""zh-CN"":""瓜塔基"",""tr"":""Guataquí"",""ru"":""Гуатаки"",""uk"":""Гуатакі"",""pl"":""Guataquí"",""hi"":""गुआताक़ी"",""ar"":""غواتاكي""}",2019-10-06T09:39:51,2025-12-02T14:39:31,1,Q1654896
20917,Guatavita,2875,CUN,48,CO,adm2,,,4.93658000,-73.83314000,Guatavita,1920,America/Bogota,"{""br"":""Guatavita"",""ko"":""과타비타"",""pt-BR"":""Guatavita"",""pt"":""Guatavita"",""nl"":""Guatavita"",""hr"":""Guatavita"",""fa"":""گواتاویتا"",""de"":""Guatavita"",""es"":""Guatavita"",""fr"":""Guatavita"",""ja"":""グアタビタ"",""it"":""Guatavita"",""zh-CN"":""瓜塔维塔"",""tr"":""Guatavita"",""ru"":""Гуатавита"",""uk"":""Гуатавіта"",""pl"":""Guatavita"",""hi"":""गुआटाविटा"",""ar"":""غواتافيتا""}",2019-10-06T09:39:51,2025-12-02T14:39:31,1,Q1576750
20918,Guateque,2903,BOY,48,CO,adm2,,,5.00619000,-73.47274000,Guateque,7069,America/Bogota,"{""br"":""Gwatek"",""ko"":""과테케"",""pt-BR"":""Guatemala"",""pt"":""Guatemala"",""nl"":""Guateque"",""hr"":""Guateque"",""fa"":""گواتک"",""de"":""Guateque"",""es"":""Guateque"",""fr"":""Guateque"",""ja"":""グアテケ"",""it"":""Guateque"",""zh-CN"":""瓜特克"",""tr"":""Guateque"",""ru"":""Гуатеке"",""uk"":""Гватеке"",""pl"":""Gwatemala"",""hi"":""ग्वाटेक"",""ar"":""غواتيكي""}",2019-10-06T09:39:51,2025-12-02T14:39:31,1,Q1577072
20919,Guavatá,2901,SAN,48,CO,adm2,,,5.95502000,-73.70018000,Guavatá,943,America/Bogota,"{""br"":""Gwavat"",""ko"":""구아바타"",""pt-BR"":""Goiabada"",""pt"":""Goiabada"",""nl"":""Guavatá"",""hr"":""Guavatá"",""fa"":""گواواتا"",""de"":""Guavatá"",""es"":""Guavatá"",""fr"":""Goyave"",""ja"":""グアバタ"",""it"":""Guavatà"",""zh-CN"":""番石榴"",""tr"":""Guavatá"",""ru"":""Гуавата"",""uk"":""Гуавата"",""pl"":""Guavatá"",""hi"":""गुआवाटा"",""ar"":""جوافاتا""}",2019-10-06T09:39:51,2025-12-02T14:39:31,1,Q597693
20921,Guayabal de Siquima,2875,CUN,48,CO,adm2,,,4.87881000,-74.48306000,Guayabal de Siquima,1051,America/Bogota,"{""br"":""Guayabal de Siquima"",""ko"":""과야발 데 시키마"",""pt-BR"":""Guayabal de Siquima"",""pt"":""Guayabal de Siquima"",""nl"":""Guayabal de Siquima"",""hr"":""Guayabal de Siquima"",""fa"":""گوایبال د سیکیما"",""de"":""Guayabal de Siquima"",""es"":""Guayabal de Síquima"",""fr"":""Guayabal de Siquima"",""ja"":""グアヤバル・デ・シキマ"",""it"":""Guayabal de Siquima"",""zh-CN"":""瓜亚巴尔德西基马"",""tr"":""Guayabal de Siquima"",""ru"":""Гуаябаль-де-Сикима"",""uk"":""Гуаябал-де-Сікіма"",""pl"":""Guayabal de Siquima"",""hi"":""ग्वायाबल डी सिक्विमा"",""ar"":""جوايابال دي سيكيم""}",2019-10-06T09:39:51,2025-12-02T14:39:31,1,Q584880
20923,Guayabetal,2875,CUN,48,CO,adm2,,,4.21472000,-73.81719000,Guayabetal,2017,America/Bogota,"{""br"":""Guayabetal"",""ko"":""과야베탈"",""pt-BR"":""Guayabetal"",""pt"":""Guayabetal"",""nl"":""Guayabetal"",""hr"":""Gvajabetal"",""fa"":""گوایابتال"",""de"":""Guayabetal"",""es"":""Guayabetal"",""fr"":""Guayabetal"",""ja"":""グアヤベタル"",""it"":""Guayabetal"",""zh-CN"":""瓜亚贝塔尔"",""tr"":""Guayabetal"",""ru"":""Гуаябеталь"",""uk"":""Гуаябеталь"",""pl"":""Guayabetal"",""hi"":""ग्वायाबेटल"",""ar"":""غوايابيتال""}",2019-10-06T09:39:51,2025-12-02T14:39:31,1,Q1656121
20924,Guayatá,2903,BOY,48,CO,adm2,,,4.96417000,-73.48750000,Guayatá,2857,America/Bogota,"{""br"":""Guayatá"",""ko"":""과야타"",""pt-BR"":""Guayatá"",""pt"":""Guayatá"",""nl"":""Guayatá"",""hr"":""Guayatá"",""fa"":""گوایتا"",""de"":""Guayatá"",""es"":""Guayatá"",""fr"":""Guayatá"",""ja"":""グアヤタ"",""it"":""Guayatá"",""zh-CN"":""瓜亚塔"",""tr"":""Guayatá"",""ru"":""Гуаята"",""uk"":""Гуаята"",""pl"":""Guayatá"",""hi"":""गुयाता"",""ar"":""غواياتا""}",2019-10-06T09:39:51,2025-12-02T14:39:31,1,Q1577926
20925,Gutiérrez,2875,CUN,48,CO,adm2,,,4.18486000,-74.01168000,Gutiérrez,772,America/Bogota,"{""br"":""Gutiérrez"",""ko"":""구티에레스"",""pt-BR"":""Gutiérrez"",""pt"":""Gutiérrez"",""nl"":""Gutiérrez"",""hr"":""Gutiérrez"",""fa"":""گوتیرز"",""de"":""Gutiérrez"",""es"":""Gutiérrez"",""fr"":""Gutiérrez"",""ja"":""グティエレス"",""it"":""Gutiérrez"",""zh-CN"":""古铁雷斯"",""tr"":""Gutierrez"",""ru"":""Гутьеррес"",""uk"":""Гутьєррес"",""pl"":""Gutiérrez"",""hi"":""गुतिरेज़"",""ar"":""غوتيريز""}",2019-10-06T09:39:51,2025-12-02T14:39:31,1,Q1654682
20926,Guática,2879,RIS,48,CO,adm2,,,5.31569000,-75.79826000,Guática,4368,America/Bogota,"{""br"":""Guática"",""ko"":""과티카"",""pt-BR"":""Guática"",""pt"":""Guática"",""nl"":""Guática"",""hr"":""Guática"",""fa"":""گوآتیکا"",""de"":""Guática"",""es"":""Guática"",""fr"":""Guática"",""ja"":""グアティカ"",""it"":""Guática"",""zh-CN"":""瓜蒂卡"",""tr"":""Guatica"",""ru"":""Гватика"",""uk"":""Гуатіка"",""pl"":""Guática"",""hi"":""गुआटिका"",""ar"":""غواتيكا""}",2019-10-06T09:39:51,2025-12-02T14:39:31,1,Q1526252
20930,Génova,2874,QUI,48,CO,adm2,,,4.22743000,-75.75480000,Génova,7516,America/Bogota,"{""br"":""Génova"",""ko"":""제노바"",""pt-BR"":""Génova"",""pt"":""Génova"",""nl"":""Genua"",""hr"":""Genova"",""fa"":""ژنوا"",""de"":""Genua"",""es"":""Génova"",""fr"":""Gênes"",""ja"":""ジェノバ"",""it"":""Genova"",""zh-CN"":""热那亚"",""tr"":""Cenevre"",""ru"":""Генуя"",""uk"":""Генуя"",""pl"":""Genua"",""hi"":""जेनवा"",""ar"":""جينوفا""}",2019-10-06T09:39:51,2025-12-02T17:11:50,1,Q968063
20931,Gómez Plata,2890,ANT,48,CO,adm2,,,6.68178000,-75.21907000,Gómez Plata,8235,America/Bogota,"{""br"":""Gómez Plata"",""ko"":""고메스 플라타"",""pt-BR"":""Gómez Plata"",""pt"":""Gómez Plata"",""nl"":""Gómez Plata"",""hr"":""Gómez Plata"",""fa"":""گومز پلاتا"",""de"":""Gómez Plata"",""es"":""Gómez Plata"",""fr"":""Gómez Plata"",""ja"":""ゴメス・プラタ"",""it"":""Gómez Plata"",""zh-CN"":""戈麦斯·普拉塔"",""tr"":""Gómez Plata"",""ru"":""Гомес Плата"",""uk"":""Гомес Плата"",""pl"":""Gómez Plata"",""hi"":""गोमेज़ प्लाटा"",""ar"":""غوميز بلاتا""}",2019-10-06T09:39:51,2025-12-02T14:39:31,1,Q1576474
20932,Güepsa,2901,SAN,48,CO,adm2,,,6.02505000,-73.57313000,Si es,2471,America/Bogota,"{""br"":""Güepsa"",""ko"":""궨사"",""pt-BR"":""Güepsa"",""pt"":""Güepsa"",""nl"":""Güepsa"",""hr"":""Güepsa"",""fa"":""گوپسا"",""de"":""Güepsa"",""es"":""Güepsa"",""fr"":""Güepsa"",""ja"":""グエプサ"",""it"":""Güepsa"",""zh-CN"":""格普萨"",""tr"":""Güepsa"",""ru"":""Гюэпса"",""uk"":""Гепса"",""pl"":""Güepsa"",""hi"":""गुएप्सा"",""ar"":""جيبسا""}",2019-10-06T09:39:51,2025-12-02T14:39:31,1,Q1560045
20933,Güicán,2903,BOY,48,CO,adm2,,,6.46554000,-72.41539000,Güicán,2101,America/Bogota,"{""br"":""Güicán"",""ko"":""귀이칸"",""pt-BR"":""Güicán"",""pt"":""Güicán"",""nl"":""Güicán"",""hr"":""Güicán"",""fa"":""گوئیکان"",""de"":""Güicán"",""es"":""Güicán"",""fr"":""Güicán"",""ja"":""ギカン"",""it"":""Güicán"",""zh-CN"":""居伊坎"",""tr"":""Güicán"",""ru"":""Гюикан"",""uk"":""Гікан"",""pl"":""Güicán"",""hi"":""गुइकान"",""ar"":""غويكان""}",2019-10-06T09:39:51,2025-12-02T14:38:56,1,Q1577669
20934,Hacarí,2877,NSA,48,CO,adm2,,,8.32333000,-73.14889000,Hacarí,10121,America/Bogota,"{""br"":""Hacarí"",""ko"":""하카리"",""pt-BR"":""Hacarí"",""pt"":""Hacarí"",""nl"":""Hacarí"",""hr"":""Hacarí"",""fa"":""هاکاری"",""de"":""Hacarí"",""es"":""Hacarí"",""fr"":""Hacarí"",""ja"":""ハカリ"",""it"":""Hacarí"",""zh-CN"":""哈卡里"",""tr"":""Hacarí"",""ru"":""Хакари"",""uk"":""Хакарі"",""pl"":""Hacarí"",""hi"":""हकारी"",""ar"":""هاكاري""}",2019-10-06T09:39:51,2025-12-02T14:38:56,1,Q1577521
20935,Hatillo de Loba,2893,BOL,48,CO,adm2,,,8.95635000,-74.07819000,Hatillo de Loba,3639,America/Bogota,"{""br"":""Hatillo de Loba"",""ko"":""하틸로 데 로바"",""pt-BR"":""Hatillo de Loba"",""pt"":""Hatillo de Loba"",""nl"":""Hatillo de Loba"",""hr"":""Hatillo de Loba"",""fa"":""هاتیلو دِ لوبا"",""de"":""Hatillo de Loba"",""es"":""Hatillo de Loba"",""fr"":""Hatillo de Loba"",""ja"":""ハティージョ・デ・ロバ"",""it"":""Hatillo de Loba"",""zh-CN"":""阿蒂略·德·洛巴"",""tr"":""Hatillo de Loba"",""ru"":""Атильо де Лоба"",""uk"":""Атільйо-де-Лоба"",""pl"":""Hatillo de Loba"",""hi"":""हैटिलो डी लोबा"",""ar"":""هاتيلو دي لوبا""}",2019-10-06T09:39:51,2025-12-02T14:39:31,1,Q369599
20936,Hato,2901,SAN,48,CO,adm2,,,6.56113000,-73.35895000,Odiar,2401,America/Bogota,"{""br"":""Hato"",""ko"":""하토"",""pt-BR"":""Hato"",""pt"":""Hato"",""nl"":""Hato"",""hr"":""Hato"",""fa"":""هاتو"",""de"":""Hato"",""es"":""Hato"",""fr"":""Hato"",""ja"":""鳩"",""it"":""Hato"",""zh-CN"":""哈托"",""tr"":""Hato"",""ru"":""Хато"",""uk"":""Хато"",""pl"":""Hato"",""hi"":""हातो"",""ar"":""هاتو""}",2019-10-06T09:39:51,2025-12-02T17:11:50,1,Q1655700
20937,Hato Corozal,2892,CAS,48,CO,city,,,6.15472222,-71.76527888,Hato Corozal,10091,America/Bogota,"{""br"":""Hato Corozal"",""ko"":""하토 코로잘"",""pt-BR"":""Hato Corozal"",""pt"":""Hato Corozal"",""nl"":""Hato Corozal"",""hr"":""Hato Corozal"",""fa"":""هاتو کروزال"",""de"":""Hato Corozal"",""es"":""Hato Corozal"",""fr"":""Hato Corozal"",""ja"":""ハト・コロザル"",""it"":""Hato Corozal"",""zh-CN"":""哈托·科罗萨尔"",""tr"":""Hato Corozal"",""ru"":""Хато Коросаль"",""uk"":""Хато Коросал"",""pl"":""Hato Corozal"",""hi"":""हातो कोरोज़ल"",""ar"":""هاتو كوروزال""}",2019-10-06T04:09:51,2025-12-02T14:38:56,1,Q1575569
20938,Hatonuevo,2889,LAG,48,CO,city,,,11.06940000,-72.76690000,Hatonuevo,24910,America/Bogota,"{""br"":""Hatonuevo"",""ko"":""하토누에보"",""pt-BR"":""Hatonuevo"",""pt"":""Hatonuevo"",""nl"":""Hatonuevo"",""hr"":""Hatonuevo"",""fa"":""هاتونوئوو"",""de"":""Hatonuevo"",""es"":""Hatonuevo"",""fr"":""Hatonuevo"",""ja"":""ハトヌエボ"",""it"":""Hatonuevo"",""zh-CN"":""哈托努埃沃"",""tr"":""Hatonuevo"",""ru"":""Хатонуево"",""uk"":""Хатонуево"",""pl"":""Hatonuevo"",""hi"":""हाटोनुएवो"",""ar"":""هاتونويفو""}",2019-10-06T09:39:51,2025-12-02T16:59:27,1,Q1655700
20939,Heliconia,2890,ANT,48,CO,city,,,6.20831000,-75.73565000,OneBook,2403,America/Bogota,"{""br"":""Helikonia"",""ko"":""헬리코니아"",""pt-BR"":""Helicônia"",""pt"":""Helicônia"",""nl"":""Heliconia"",""hr"":""Heliconia"",""fa"":""هلیکونیا"",""de"":""Helikonie"",""es"":""Heliconia"",""fr"":""Héliconia"",""ja"":""ヘリコニア"",""it"":""Eliconia"",""zh-CN"":""蝎尾蕉"",""tr"":""Helikonya"",""ru"":""Геликония"",""uk"":""Геліконія"",""pl"":""Helikonia"",""hi"":""heliconia"",""ar"":""هيليكونيا""}",2019-10-06T09:39:51,2025-12-02T14:39:31,1,Q1576041
20940,Herrán,2877,NSA,48,CO,adm2,,,7.50611000,-72.48332000,Herrán,1648,America/Bogota,"{""br"":""Herrán"",""ko"":""헤란"",""pt-BR"":""Herrán"",""pt"":""Herrán"",""nl"":""Heer"",""hr"":""Herrán"",""fa"":""هران"",""de"":""Herrán"",""es"":""Herrán"",""fr"":""Herrán"",""ja"":""ヘラン"",""it"":""Herrán"",""zh-CN"":""赫兰"",""tr"":""Herrán"",""ru"":""Херран"",""uk"":""Герран"",""pl"":""Herrán"",""hi"":""हेरैन"",""ar"":""هيران""}",2019-10-06T09:39:51,2025-12-02T14:39:31,1,Q1655591
20941,Herveo,2883,TOL,48,CO,adm2,,,5.08004000,-75.17556000,Herméreo,7893,America/Bogota,"{""br"":""Herveo"",""ko"":""에르베오"",""pt-BR"":""Hervéo"",""pt"":""Hervéo"",""nl"":""Herveo"",""hr"":""Herveo"",""fa"":""هروئو"",""de"":""Herveo"",""es"":""Hervéo"",""fr"":""Hervéo"",""ja"":""ヘルベオ"",""it"":""Herveo"",""zh-CN"":""埃尔维奥"",""tr"":""Herveo"",""ru"":""Эрвео"",""uk"":""Ервео"",""pl"":""Herveo"",""hi"":""हेर्वियो"",""ar"":""هيرفيو""}",2019-10-06T09:39:51,2025-12-02T14:38:56,1,Q23689015
20942,Hispania,2890,ANT,48,CO,adm2,,,5.79925000,-75.90718000,España,2468,America/Bogota,"{""br"":""Hispania"",""ko"":""히스파니아"",""pt-BR"":""Hispânia"",""pt"":""Hispânia"",""nl"":""Hispania"",""hr"":""Hispanija"",""fa"":""هیسپانیا"",""de"":""Hispania"",""es"":""Hispania"",""fr"":""Hispanie"",""ja"":""ヒスパニア"",""it"":""Spagna"",""zh-CN"":""西班牙"",""tr"":""Hispania"",""ru"":""Испания"",""uk"":""Іспанія"",""pl"":""Hiszpania"",""hi"":""हिस्पेनिया"",""ar"":""هيسبانيا""}",2019-10-06T09:39:51,2025-12-02T14:39:31,1,Q1654573
20943,Honda,2883,TOL,48,CO,adm2,,,5.20856000,-74.73584000,Honda,23616,America/Bogota,"{""br"":""Honda"",""ko"":""혼다"",""pt-BR"":""Honda"",""pt"":""Honda"",""nl"":""Honda"",""hr"":""Honda"",""fa"":""هوندا"",""de"":""Honda"",""es"":""Honda"",""fr"":""Honda"",""ja"":""ホンダ"",""it"":""Honda"",""zh-CN"":""本田"",""tr"":""Honda"",""ru"":""Хонда"",""uk"":""Хонда"",""pl"":""Honda"",""hi"":""होंडा"",""ar"":""هوندا""}",2019-10-06T09:39:51,2025-12-02T14:38:56,1,Q23689029
20944,Ibagué,2883,TOL,48,CO,adm1,,,4.43889000,-75.23222000,Ibagué,546003,America/Bogota,"{""br"":""Ibagué"",""ko"":""이바게"",""pt-BR"":""Ibagué"",""pt"":""Ibagué"",""nl"":""Ibagué"",""hr"":""Ibague"",""fa"":""ایباگه"",""de"":""Ibagué"",""es"":""Ibagué"",""fr"":""Ibagué"",""ja"":""イバゲ"",""it"":""Ibagué"",""zh-CN"":""伊瓦格"",""tr"":""Ibagué"",""ru"":""Ибаге"",""uk"":""Ібаге"",""pl"":""Ibagué"",""hi"":""इबागुए"",""ar"":""إيباغيه""}",2019-10-06T09:39:51,2025-12-02T17:11:50,1,Q222755
20945,Icononzo,2883,TOL,48,CO,adm2,,,4.17698000,-74.53254000,Icozo,10801,America/Bogota,"{""br"":""Icononzo"",""ko"":""아이코논조"",""pt-BR"":""Icononzo"",""pt"":""Icononzo"",""nl"":""Icononzo"",""hr"":""Icononzo"",""fa"":""آیکونونزو"",""de"":""Icononzo"",""es"":""Icononzo"",""fr"":""Icononzo"",""ja"":""イコノンゾ"",""it"":""Icononzo"",""zh-CN"":""Icononzo"",""tr"":""Icononzo"",""ru"":""Икононзо"",""uk"":""Ікононзо"",""pl"":""Icononzo"",""hi"":""आइकोनोन्ज़ो"",""ar"":""أيكونونزو""}",2019-10-06T09:39:51,2025-12-02T14:38:56,1,Q1525390
20946,Iles,2897,NAR,48,CO,adm2,,,0.97040000,-77.52146000,Fichas,1879,America/Bogota,"{""br"":""Inizi"",""ko"":""일레스"",""pt-BR"":""Ilhas"",""pt"":""Ilhas"",""nl"":""Eilanden"",""hr"":""Ostrvi"",""fa"":""ایلز"",""de"":""Inseln"",""es"":""Islas"",""fr"":""Îles"",""ja"":""イルズ"",""it"":""Isole"",""zh-CN"":""艾尔斯"",""tr"":""İles"",""ru"":""Острова"",""uk"":""Ільс"",""pl"":""Wyspy"",""hi"":""आइल्स"",""ar"":""الجزر""}",2019-10-06T09:39:51,2025-12-02T14:39:31,1,Q1575358
20947,Imués,2897,NAR,48,CO,adm2,,,1.05516000,-77.49669000,Imués,1736,America/Bogota,"{""br"":""Imués"",""ko"":""이무에스"",""pt-BR"":""Imués"",""pt"":""Imués"",""nl"":""Immués"",""hr"":""Imués"",""fa"":""ایموئیس"",""de"":""Imués"",""es"":""Imués"",""fr"":""Imués"",""ja"":""イムエス"",""it"":""Imués"",""zh-CN"":""伊穆埃斯"",""tr"":""İmués"",""ru"":""Имуэс"",""uk"":""Імуес"",""pl"":""Imués"",""hi"":""इमुएस"",""ar"":""إيمويس""}",2019-10-06T09:39:51,2025-12-02T14:39:31,1,Q1575329
20948,Inzá,2884,CAU,48,CO,adm2,,,2.55452000,-76.06722000,Interior,2972,America/Bogota,"{""br"":""Inzá"",""ko"":""인자"",""pt-BR"":""Inzá"",""pt"":""Inzá"",""nl"":""Inzá"",""hr"":""Inzá"",""fa"":""اینزا"",""de"":""Inzá"",""es"":""Inzá"",""fr"":""Inza"",""ja"":""インザ"",""it"":""Inzá"",""zh-CN"":""因萨"",""tr"":""Inzá"",""ru"":""Инза"",""uk"":""Інза"",""pl"":""Inza"",""hi"":""इंज़ा"",""ar"":""إنزا""}",2019-10-06T09:39:51,2025-12-02T14:39:31,1,Q1441907
20949,Inírida,2882,GUA,48,CO,adm1,,,3.86528000,-67.92389000,Inírida,7298,America/Bogota,"{""br"":""Inirida"",""ko"":""이니리다"",""pt-BR"":""Inírida"",""pt"":""Inírida"",""nl"":""Inírida"",""hr"":""Inírida"",""fa"":""اینیریدا"",""de"":""Inírida"",""es"":""Inírida"",""fr"":""Inírida"",""ja"":""イニリダ"",""it"":""Inírida"",""zh-CN"":""伊尼里达"",""tr"":""Inírida"",""ru"":""Инирида"",""uk"":""Ініріда"",""pl"":""Inírida"",""hi"":""Inirida"",""ar"":""إينيريدا""}",2019-10-06T09:39:51,2025-12-02T14:39:31,1,Q130281
20950,Ipiales,2897,NAR,48,CO,adm2,,,0.82501000,-77.63966000,Ipiales,77729,America/Bogota,"{""br"":""Ipiales"",""ko"":""이피알레스"",""pt-BR"":""Ipiales"",""pt"":""Ipiales"",""nl"":""Ipiales"",""hr"":""Ipiales"",""fa"":""ایپیالس"",""de"":""Ipiales"",""es"":""Ipiales"",""fr"":""Ipiales"",""ja"":""イピアレス"",""it"":""Ipiales"",""zh-CN"":""伊皮亚莱斯"",""tr"":""Ipiales"",""ru"":""Ипиалес"",""uk"":""Іпіалес"",""pl"":""Ipiales"",""hi"":""इपियालेस"",""ar"":""إيبياليس""}",2019-10-06T09:39:51,2025-12-02T14:39:31,1,Q1010094
20952,Istmina,2876,CHO,48,CO,adm2,,,5.16054000,-76.68397000,Ceniza,13788,America/Bogota,"{""br"":""Istmina"",""ko"":""이스트미나"",""pt-BR"":""Istmina"",""pt"":""Istmina"",""nl"":""Istmina"",""hr"":""Istmina"",""fa"":""ایستمینا"",""de"":""Istmina"",""es"":""Istmina"",""fr"":""Istmina"",""ja"":""イストミナ"",""it"":""Istmina"",""zh-CN"":""伊什特米纳"",""tr"":""Istmina"",""ru"":""Истмина"",""uk"":""Істміна"",""pl"":""Istmina"",""hi"":""इस्तमीना"",""ar"":""إستمينا""}",2019-10-06T09:39:51,2025-12-02T14:39:31,1,Q1441410
20953,Itagui,2890,ANT,48,CO,adm2,,,6.17874000,-75.63117000,Itagui,299348,America/Bogota,"{""br"":""Itagui"",""ko"":""이타귀"",""pt-BR"":""Itagui"",""pt"":""Itagui"",""nl"":""Itagui"",""hr"":""Itagui"",""fa"":""ایتاگویی"",""de"":""Itagui"",""es"":""Itagüí"",""fr"":""Itagui"",""ja"":""イタグイ"",""it"":""Itagui"",""zh-CN"":""伊塔吉"",""tr"":""Itagui"",""ru"":""Итаги"",""uk"":""Ітагі"",""pl"":""Itagui"",""hi"":""इटागुई"",""ar"":""إيتاجوي""}",2019-10-06T09:39:51,2025-12-02T17:11:50,1,Q1441410
20955,Ituango,2890,ANT,48,CO,adm2,,,7.17117000,-75.76404000,Ituango,23784,America/Bogota,"{""br"":""Ituango"",""ko"":""이투안고"",""pt-BR"":""Ituango"",""pt"":""Ituango"",""nl"":""Ituango"",""hr"":""Ituango"",""fa"":""ایتوانگو"",""de"":""Ituango"",""es"":""Ituango"",""fr"":""Ituango"",""ja"":""イトゥアンゴ"",""it"":""Ituango"",""zh-CN"":""伊图安戈"",""tr"":""Ituango"",""ru"":""Итуанго"",""uk"":""Ітуанго"",""pl"":""Ituango"",""hi"":""इटुआंगो"",""ar"":""إيتوانغو""}",2019-10-06T09:39:51,2025-12-02T14:38:56,1,Q1441937
20956,Iza,2903,BOY,48,CO,adm2,,,5.61203000,-72.97930000,Detrás,748,America/Bogota,"{""br"":""Iza"",""ko"":""이자"",""pt-BR"":""Iza"",""pt"":""Iza"",""nl"":""Iza"",""hr"":""Iza"",""fa"":""ایزا"",""de"":""Iza"",""es"":""Iza"",""fr"":""Iza"",""ja"":""イザ"",""it"":""Iza"",""zh-CN"":""伊扎"",""tr"":""İza"",""ru"":""Иза"",""uk"":""Іза"",""pl"":""Iza"",""hi"":""इज़ा"",""ar"":""إيزا""}",2019-10-06T09:39:51,2025-12-02T14:39:31,1,Q1655524
20957,Jambaló,2884,CAU,48,CO,adm2,,,2.85065000,-76.32506000,Jambalo,1972,America/Bogota,"{""br"":""Jambaló"",""ko"":""잠발로"",""pt-BR"":""Jambaló"",""pt"":""Jambaló"",""nl"":""Jambaló"",""hr"":""Jambaló"",""fa"":""جامبالو"",""de"":""Jambaló"",""es"":""Jambaló"",""fr"":""Jambaló"",""ja"":""ジャンバロ"",""it"":""Jambaló"",""zh-CN"":""詹巴洛"",""tr"":""Jambaló"",""ru"":""Джамбало"",""uk"":""Джамбало"",""pl"":""Jambaló"",""hi"":""जम्बालो"",""ar"":""جامبالو""}",2019-10-06T09:39:51,2025-12-02T14:39:31,1,Q1525285
20958,Jamundí,2904,VAC,48,CO,adm2,,,3.26074000,-76.53499000,Jamundí,44833,America/Bogota,"{""br"":""Jamundí"",""ko"":""하문디"",""pt-BR"":""Jamundí"",""pt"":""Jamundí"",""nl"":""Jamundí"",""hr"":""Jamundí"",""fa"":""جاموندی"",""de"":""Jamundí"",""es"":""Jamundí"",""fr"":""Jamundí"",""ja"":""ジャムンディ"",""it"":""Jamundí"",""zh-CN"":""贾蒙迪"",""tr"":""Jamundí"",""ru"":""Джамунди"",""uk"":""Хамунді"",""pl"":""Jamundí"",""hi"":""जमुंडी"",""ar"":""جاموندي""}",2019-10-06T09:39:51,2025-12-02T14:39:31,1,Q1681497
20959,Jardín,2890,ANT,48,CO,adm2,,,5.59038000,-75.81846000,Jardín,7747,America/Bogota,"{""br"":""Jardín"",""ko"":""정원"",""pt-BR"":""Jardim"",""pt"":""Jardim"",""nl"":""Tuin"",""hr"":""Jardín"",""fa"":""ژاردین"",""de"":""Jardín"",""es"":""Jardín"",""fr"":""Jardin"",""ja"":""ハルディン"",""it"":""Giardino"",""zh-CN"":""花园"",""tr"":""Bahçe"",""ru"":""Хардин"",""uk"":""Хардін"",""pl"":""Ogród"",""hi"":""जार्डिन"",""ar"":""جاردين""}",2019-10-06T09:39:51,2025-12-02T14:39:31,1,Q1525138
20960,Jenesano,2903,BOY,48,CO,adm2,,,5.38541000,-73.36364000,Jenesano,1200,America/Bogota,"{""br"":""Jenesano"",""ko"":""제네사노"",""pt-BR"":""Jenesano"",""pt"":""Jenesano"",""nl"":""Jenesano"",""hr"":""Jenesano"",""fa"":""جنسانو"",""de"":""Jenesano"",""es"":""Jenesano"",""fr"":""Jenesano"",""ja"":""ジェネサノ"",""it"":""Jenesano"",""zh-CN"":""耶内萨诺"",""tr"":""Jenesano"",""ru"":""Хенесано"",""uk"":""Дженесано"",""pl"":""Jenesano"",""hi"":""जेनेसानो"",""ar"":""جينيسانو""}",2019-10-06T09:39:51,2025-12-02T14:39:31,1,Q1577759
20961,Jericó,2890,ANT,48,CO,adm2,,,5.79211000,-75.78601000,Jericó,7750,America/Bogota,"{""br"":""Jericó"",""ko"":""제리코"",""pt-BR"":""Jericó"",""pt"":""Jericó"",""nl"":""Jericó"",""hr"":""Jericó"",""fa"":""جریکو"",""de"":""Jericó"",""es"":""Jericó"",""fr"":""Jéricho"",""ja"":""ジェリコ"",""it"":""Jericó"",""zh-CN"":""杰里科"",""tr"":""Jerico"",""ru"":""Херико"",""uk"":""Херіко"",""pl"":""Jericó"",""hi"":""जेरिको"",""ar"":""جيريكو""}",2019-10-06T09:39:51,2025-12-02T14:39:31,1,Q1525982
20962,Jericó,2903,BOY,48,CO,adm2,,,6.14577000,-72.58598000,Jericó,4716,America/Bogota,"{""br"":""Jericó"",""ko"":""제리코"",""pt-BR"":""Jericó"",""pt"":""Jericó"",""nl"":""Jericó"",""hr"":""Jericó"",""fa"":""جریکو"",""de"":""Jericó"",""es"":""Jericó"",""fr"":""Jéricho"",""ja"":""ジェリコ"",""it"":""Jericó"",""zh-CN"":""杰里科"",""tr"":""Jerico"",""ru"":""Херико"",""uk"":""Херіко"",""pl"":""Jericó"",""hi"":""जेरिको"",""ar"":""جيريكو""}",2019-10-06T09:39:51,2025-12-02T17:11:50,1,Q2408710
20963,Jerusalén,2875,CUN,48,CO,adm2,,,4.56309000,-74.69519000,Jerusalén,697,America/Bogota,"{""br"":""Jerusalén"",""ko"":""예루살렘"",""pt-BR"":""Jerusalém"",""pt"":""Jerusalém"",""nl"":""Jeruzalem"",""hr"":""Jeruzalem"",""fa"":""اورشلیم"",""de"":""Jerusalem"",""es"":""Jerusalén"",""fr"":""Jérusalem"",""ja"":""エルサレム"",""it"":""Gerusalemme"",""zh-CN"":""耶路撒冷"",""tr"":""Kudüs"",""ru"":""Иерусалим"",""uk"":""Єрусалим"",""pl"":""Jerozolima"",""hi"":""Jerusalen"",""ar"":""القدس""}",2019-10-06T09:39:51,2025-12-02T14:39:31,1,Q23689265
20964,Jesús María,2901,SAN,48,CO,adm2,,,5.87715000,-73.78097000,Jesús María,823,America/Bogota,"{""br"":""Jesús María"",""ko"":""예수스 마리아"",""pt-BR"":""Jesus Maria"",""pt"":""Jesus Maria"",""nl"":""Jesús María"",""hr"":""Jesús María"",""fa"":""خسوس ماریا"",""de"":""Jesús María"",""es"":""Jesús María"",""fr"":""Jésus-Marie"",""ja"":""ヘスス・マリア"",""it"":""Gesù Maria"",""zh-CN"":""赫苏斯·玛丽亚"",""tr"":""İsa Maria"",""ru"":""Хесус Мария"",""uk"":""Хесус Марія"",""pl"":""Jesús María"",""hi"":""जेसुस मारिया"",""ar"":""يسوع ماريا""}",2019-10-06T09:39:51,2025-12-02T14:39:31,1,Q731893
20965,Jordán,2901,SAN,48,CO,adm2,,,6.69857000,-73.10966000,Jordán,1164,America/Bogota,"{""br"":""Jordán"",""ko"":""조르단"",""pt-BR"":""Jordânia"",""pt"":""Jordânia"",""nl"":""Jordanië"",""hr"":""Jordan"",""fa"":""جردن"",""de"":""Jordanien"",""es"":""Jordán"",""fr"":""Jordanie"",""ja"":""ヨルダン"",""it"":""Giordania"",""zh-CN"":""约旦"",""tr"":""Ürdün"",""ru"":""Иордания"",""uk"":""Йорданія"",""pl"":""Jordania"",""hi"":""जॉर्डन"",""ar"":""الأردن""}",2019-10-06T09:39:51,2025-12-02T17:11:50,1,Q726802
20966,Juan de Acosta,2880,ATL,48,CO,adm2,,,10.82930000,-75.03346000,Juan de Acosta,18828,America/Bogota,"{""br"":""Juan de Acosta"",""ko"":""후안 데 아코스타"",""pt-BR"":""Juan de Acosta"",""pt"":""Juan de Acosta"",""nl"":""Juan de Acosta"",""hr"":""Juan de Acosta"",""fa"":""خوان د آکوستا"",""de"":""Juan de Acosta"",""es"":""Juan de Acosta"",""fr"":""Juan de Acosta"",""ja"":""フアン・デ・アコスタ"",""it"":""Juan de Acosta"",""zh-CN"":""胡安·德·阿科斯塔"",""tr"":""Juan de Acosta"",""ru"":""Хуан де Акоста"",""uk"":""Хуан де Акоста"",""pl"":""Juan de Acosta"",""hi"":""जुआन डे अकोस्टा"",""ar"":""خوان دي أكوستا""}",2019-10-06T09:39:51,2025-12-02T14:39:31,1,Q2320402
20968,Junín,2875,CUN,48,CO,adm2,,,4.70725000,-73.69549000,Junín,8448,America/Bogota,"{""br"":""Junín"",""ko"":""후닌"",""pt-BR"":""Junín"",""pt"":""Junín"",""nl"":""Junín"",""hr"":""Junín"",""fa"":""جونین"",""de"":""Junin"",""es"":""Junín"",""fr"":""Junin"",""ja"":""フニン"",""it"":""Junín"",""zh-CN"":""胡宁"",""tr"":""Junín"",""ru"":""Хунин"",""uk"":""Хунін"",""pl"":""Junín"",""hi"":""जुनिन"",""ar"":""جونين""}",2019-10-06T09:39:51,2025-12-02T17:11:50,1,Q1579341
20969,Juradó,2876,CHO,48,CO,city,,,7.10421000,-77.76200000,Juradó,2351,America/Bogota,"{""br"":""Juradó"",""ko"":""후라도"",""pt-BR"":""Juradó"",""pt"":""Juradó"",""nl"":""Juradó"",""hr"":""Juradó"",""fa"":""جورادو"",""de"":""Juradó"",""es"":""Juradó"",""fr"":""Juradó"",""ja"":""フラド"",""it"":""Giurado"",""zh-CN"":""胡拉多"",""tr"":""Juradó"",""ru"":""Хурадо"",""uk"":""Хурадо"",""pl"":""Juradó"",""hi"":""जुराडो"",""ar"":""جورادو""}",2019-10-06T09:39:51,2025-12-02T14:39:31,1,Q1655005
20970,La Apartada,2898,COR,48,CO,adm2,,,8.04787000,-75.30097000,La Apartada,15204,America/Bogota,"{""br"":""La Apartada"",""ko"":""라 아파르타다"",""pt-BR"":""A Apartamento"",""pt"":""A Apartamento"",""nl"":""Het appartement"",""hr"":""Apartada"",""fa"":""لا آپارتادا"",""de"":""La Apartada"",""es"":""La Apartada"",""fr"":""La Apartada"",""ja"":""ラ・アパルタダ"",""it"":""La Apartada"",""zh-CN"":""拉阿帕塔达"",""tr"":""Apartada"",""ru"":""Ла Апартада"",""uk"":""Ла Апартада"",""pl"":""La Apartada"",""hi"":""ला अपार्टाडा"",""ar"":""لا أبارتادا""}",2019-10-06T09:39:51,2025-12-02T17:11:50,1,Q1525412
20971,La Belleza,2901,SAN,48,CO,adm2,,,5.86371000,-73.96167000,La Belleza,1649,America/Bogota,"{""br"":""La Belleza"",""ko"":""라 벨레자"",""pt-BR"":""A Beleza"",""pt"":""A Beleza"",""nl"":""De schoonheid"",""hr"":""Ljepotica"",""fa"":""لا بلزا"",""de"":""La Belleza"",""es"":""La Belleza"",""fr"":""La Belleza"",""ja"":""ラ・ベレザ"",""it"":""La Belleza"",""zh-CN"":""美女"",""tr"":""La Belleza"",""ru"":""La Belleza"",""uk"":""Красуня"",""pl"":""Piękność"",""hi"":""ला बेलेज़ा"",""ar"":""لا بيليزا""}",2019-10-06T09:39:51,2025-12-02T14:39:31,1,Q1575306
20972,La Calera,2875,CUN,48,CO,adm2,,,4.68678000,-73.93590000,La Calera,23768,America/Bogota,"{""br"":""La Calera"",""ko"":""라 칼레라"",""pt-BR"":""A Calera"",""pt"":""A Calera"",""nl"":""De Calera"",""hr"":""La Calera"",""fa"":""لا کالرا"",""de"":""La Calera"",""es"":""La Calera"",""fr"":""La Calera"",""ja"":""ラ・カレラ"",""it"":""La Calera"",""zh-CN"":""拉卡莱拉"",""tr"":""La Calera"",""ru"":""Ла Калера"",""uk"":""Ла Калера"",""pl"":""La Calera"",""hi"":""ला कैलेरा"",""ar"":""لا كاليرا""}",2019-10-06T09:39:51,2025-12-02T17:11:50,1,Q1440823
20973,La Capilla,2903,BOY,48,CO,adm2,,,5.08076000,-73.48076000,La Capilla,7069,America/Bogota,"{""br"":""La Capilla"",""ko"":""라 카필라"",""pt-BR"":""A Capela"",""pt"":""A Capela"",""nl"":""De kapilla"",""hr"":""La Capilla"",""fa"":""لا کاپیلا"",""de"":""La Capilla"",""es"":""La Capilla"",""fr"":""La Capilla"",""ja"":""ラ・カピラ"",""it"":""La Capilla"",""zh-CN"":""拉卡皮拉"",""tr"":""La Capilla"",""ru"":""Ла Капилья"",""uk"":""Ла Капілья"",""pl"":""La Capilla"",""hi"":""ला कैपिला"",""ar"":""لا كابيلا""}",2019-10-06T09:39:51,2025-12-02T14:39:31,1,Q1654986
20974,La Ceja,2890,ANT,48,CO,adm2,,,6.00000000,-75.43311000,La Ceja,36584,America/Bogota,"{""br"":""La Ceja"",""ko"":""라 세하"",""pt-BR"":""La Ceja"",""pt"":""La Ceja"",""nl"":""De Ceja"",""hr"":""La Ceja"",""fa"":""لا سخا"",""de"":""La Ceja"",""es"":""La Ceja"",""fr"":""La Ceja"",""ja"":""ラ・セハ"",""it"":""La Ceja"",""zh-CN"":""拉塞哈"",""tr"":""La Ceja"",""ru"":""Ла Сеха"",""uk"":""Ла-Сеха"",""pl"":""La Ceja"",""hi"":""ला सेजा"",""ar"":""لا سيجا""}",2019-10-06T09:39:51,2025-12-02T14:39:31,1,Q1946679
20975,La Celia,2879,RIS,48,CO,adm2,,,5.00332000,-76.00355000,La Celia,4940,America/Bogota,"{""br"":""La Celia"",""ko"":""라 셀리아"",""pt-BR"":""A Célia"",""pt"":""A Célia"",""nl"":""La Celia"",""hr"":""La Celia"",""fa"":""لا سلیا"",""de"":""La Celia"",""es"":""La Celia"",""fr"":""La Célia"",""ja"":""ラ・セリア"",""it"":""La Celia"",""zh-CN"":""拉西莉亚"",""tr"":""La Celia"",""ru"":""Ла Селия"",""uk"":""Ла Селія"",""pl"":""La Celia"",""hi"":""ला सेलिया"",""ar"":""لا سيليا""}",2019-10-06T09:39:51,2025-12-02T14:39:31,1,Q1576175
20977,La Chorrera,2895,AMA,48,CO,city,,,-1.48894000,-72.72935000,La Chorrera,593,America/Bogota,"{""br"":""La Chorrera"",""ko"":""라 초레라"",""pt-BR"":""La Chorrera"",""pt"":""La Chorrera"",""nl"":""De Chorrera"",""hr"":""La Chorrera"",""fa"":""لا چورا"",""de"":""La Chorrera"",""es"":""La Chorrera"",""fr"":""La Chorrera"",""ja"":""ラ・チョレラ"",""it"":""La Chorrera"",""zh-CN"":""拉乔雷拉"",""tr"":""La Chorrera"",""ru"":""Ла Чоррера"",""uk"":""Ла Чоррера"",""pl"":""La Chorrera"",""hi"":""ला चोरेरा"",""ar"":""لا تشوريرا""}",2019-10-06T09:39:51,2025-12-02T14:39:31,1,Q1576175
20978,La Cruz,2897,NAR,48,CO,adm2,,,1.60221000,-76.97130000,La Cruz,8751,America/Bogota,"{""br"":""La Cruz"",""ko"":""라 크루즈"",""pt-BR"":""A Cruz"",""pt"":""A Cruz"",""nl"":""La Cruz"",""hr"":""La Cruz"",""fa"":""لا کروز"",""de"":""La Cruz"",""es"":""La Cruz"",""fr"":""La Cruz"",""ja"":""ラ・クルス"",""it"":""La Cruz"",""zh-CN"":""拉克鲁斯"",""tr"":""La Cruz"",""ru"":""Ла-Крус"",""uk"":""Ла-Крус"",""pl"":""Krzyż"",""hi"":""ला क्रूज़"",""ar"":""لا كروز""}",2019-10-06T09:39:51,2025-12-02T14:39:31,1,Q1525434
20979,La Cumbre,2904,VAC,48,CO,city,,,3.72250000,-76.02083000,La Cumbre,2432,America/Bogota,"{""br"":""La Cumbre"",""ko"":""라 쿰브레"",""pt-BR"":""La Cumbre"",""pt"":""La Cumbre"",""nl"":""De Cumbre"",""hr"":""La Cumbre"",""fa"":""لا کامبر"",""de"":""La Cumbre"",""es"":""La Cumbre"",""fr"":""La Cumbre"",""ja"":""ラ・クンブレ"",""it"":""La Cumbre"",""zh-CN"":""拉昆布雷"",""tr"":""La Cumbre"",""ru"":""Ла Кумбре"",""uk"":""Ла-Кумбре"",""pl"":""La Cumbre"",""hi"":""ला कुम्ब्रे"",""ar"":""لا كومبري""}",2019-10-06T09:39:52,2025-12-02T14:39:31,1,Q23706364
20981,La Dorada,2887,CAL,48,CO,adm2,,,5.53333000,-74.70000000,La Dorada,72925,America/Bogota,"{""br"":""La Dorada"",""ko"":""라 도라다"",""pt-BR"":""La Dorada"",""pt"":""La Dorada"",""nl"":""La Dorada"",""hr"":""La Dorada"",""fa"":""لا دورادا"",""de"":""La Dorada"",""es"":""La Dorada"",""fr"":""La Dorada"",""ja"":""ラ・ドラダ"",""it"":""La Dorada"",""zh-CN"":""拉多拉达"",""tr"":""La Dorada"",""ru"":""Ла Дорада"",""uk"":""Ла Дорада"",""pl"":""La Dorada"",""hi"":""ला डोराडा"",""ar"":""لا دورادا""}",2019-10-06T09:39:52,2025-12-02T17:11:50,1,Q2279516
20982,La Esperanza,2877,NSA,48,CO,city,,,8.21043000,-72.46399000,La Esperanza,2718,America/Bogota,"{""br"":""La Esperanza"",""ko"":""라 에스페란자"",""pt-BR"":""A Esperança"",""pt"":""A Esperança"",""nl"":""De Esperanza"",""hr"":""La Esperanza"",""fa"":""لا اسپرانزا"",""de"":""La Esperanza"",""es"":""La Esperanza"",""fr"":""La Esperanza"",""ja"":""ラ・エスペランサ"",""it"":""La Esperanza"",""zh-CN"":""拉埃斯佩兰萨"",""tr"":""Umut"",""ru"":""Ла Эсперанса"",""uk"":""Ла Есперанса"",""pl"":""La Esperanza"",""hi"":""ला एस्पेरांज़ा"",""ar"":""لا إسبيرانزا""}",2019-10-06T09:39:52,2025-12-02T14:39:31,1,Q23688398
20983,La Estrella,2890,ANT,48,CO,adm2,,,6.14239000,-75.65257000,La Estrella,49386,America/Bogota,"{""br"":""La Estrella"",""ko"":""라 에스트렐라"",""pt-BR"":""A Estrela"",""pt"":""A Estrela"",""nl"":""De Ster"",""hr"":""Estrella"",""fa"":""لا استرلا"",""de"":""Der Stern"",""es"":""La Estrella"",""fr"":""La Estrella"",""ja"":""ラ・エストレラ"",""it"":""La Estrella"",""zh-CN"":""拉埃斯特雷亚"",""tr"":""Yıldız"",""ru"":""Ла Эстрелла"",""uk"":""Ла Естрелла"",""pl"":""Gwiazda"",""hi"":""ला एस्ट्रेला"",""ar"":""لا استريلا""}",2019-10-06T09:39:52,2025-12-02T14:39:31,1,Q932102
20984,La Florida,2897,NAR,48,CO,adm2,,,1.35693000,-77.41271000,La Florida,12457,America/Bogota,"{""br"":""La Florida"",""ko"":""라 플로리다"",""pt-BR"":""A Flórida"",""pt"":""A Flórida"",""nl"":""De Florida"",""hr"":""Florida"",""fa"":""لا فلوریدا"",""de"":""La Florida"",""es"":""La Florida"",""fr"":""La Floride"",""ja"":""ラ・フロリダ"",""it"":""La Florida"",""zh-CN"":""佛罗里达"",""tr"":""Florida"",""ru"":""Ла Флорида"",""uk"":""Ла Флорида"",""pl"":""La Florida"",""hi"":""ला फ्लोरिडा"",""ar"":""لا فلوريدا""}",2019-10-06T09:39:52,2025-12-02T14:39:31,1,Q1577471
20985,La Gloria,2899,CES,48,CO,adm2,,,8.61160000,-73.63045000,La Gloria,14989,America/Bogota,"{""br"":""La Gloria"",""ko"":""라 글로리아"",""pt-BR"":""A Glória"",""pt"":""A Glória"",""nl"":""De Gloria"",""hr"":""Glorija"",""fa"":""لا گلوریا"",""de"":""La Gloria"",""es"":""La Gloria"",""fr"":""La Gloria"",""ja"":""ラ・グロリア"",""it"":""La Gloria"",""zh-CN"":""拉格洛丽亚"",""tr"":""La Gloria"",""ru"":""Ла Глория"",""uk"":""Ла Глорія"",""pl"":""Chwała"",""hi"":""ला ग्लोरिया"",""ar"":""لا غلوريا""}",2019-10-06T09:39:52,2025-12-02T17:11:50,1,Q1526106
20986,La Guadalupe,2882,GUA,48,CO,city,,,1.39579000,-67.00150000,La Guadalupe,225,America/Bogota,"{""br"":""La Gwadalupe"",""ko"":""라 과달루페"",""pt-BR"":""A Guadalupe"",""pt"":""A Guadalupe"",""nl"":""De Guadalupe"",""hr"":""Guadalupe"",""fa"":""لا گوادالوپ"",""de"":""La Guadalupe"",""es"":""La Guadalupe"",""fr"":""La Guadalupe"",""ja"":""ラ・グアダルーペ"",""it"":""La Guadalupe"",""zh-CN"":""拉瓜达卢佩"",""tr"":""Guadalupe"",""ru"":""Ла-Гуадалупе"",""uk"":""Ла Гваделупе"",""pl"":""La Guadalupe"",""hi"":""ला ग्वाडालूप"",""ar"":""لا غوادالوبي""}",2019-10-06T09:39:52,2025-12-02T16:59:27,1,Q1526106
20987,La Jagua de Ibirico,2899,CES,48,CO,adm2,,,9.56228000,-73.33405000,La Jagua de Ibirico,22082,America/Bogota,"{""br"":""La Jagua de Ibirico"",""ko"":""라 하구아 데 이비리코"",""pt-BR"":""La Jagua de Ibirico"",""pt"":""La Jagua de Ibirico"",""nl"":""La Jagua de Ibirico"",""hr"":""Ibirska jagua"",""fa"":""لا خاگوا د ایبیریکو"",""de"":""La Jagua de Ibirico"",""es"":""La Jagua de Ibirico"",""fr"":""La Jagua de Ibirico"",""ja"":""イビリコのハグア"",""it"":""La Jagua de Ibirico"",""zh-CN"":""伊比里科的虎"",""tr"":""La Jagua de Ibirico"",""ru"":""Ла Хагуа де Ибирико"",""uk"":""Ібірська ягуара"",""pl"":""La Jagua de Ibirico"",""hi"":""ला जगुआ डे इबिरिको"",""ar"":""لا جاغوا دي إيبيريكو""}",2019-10-06T09:39:52,2025-12-02T14:38:56,1,Q950053
20988,La Jagua del Pilar,2889,LAG,48,CO,adm2,,,10.51061000,-73.07178000,La Jagua del Pilar,894,America/Bogota,"{""br"":""Jagua del Pilar"",""ko"":""라 하구아 델 필라르"",""pt-BR"":""La Jagua del Pilar"",""pt"":""La Jagua del Pilar"",""nl"":""De Jagua del Pilar"",""hr"":""Jagua del Pilar"",""fa"":""لا خاگوا دل پیلار"",""de"":""La Jagua del Pilar"",""es"":""La Jagua del Pilar"",""fr"":""La Jagua del Pilar"",""ja"":""ラ・ハグア・デル・ピラール"",""it"":""La Jagua del Pilar"",""zh-CN"":""皮拉尔之虎"",""tr"":""La Jagua del Pilar"",""ru"":""Ла-Хагуа-дель-Пилар"",""uk"":""Ла-Хагуа-дель-Пілар"",""pl"":""La Jagua del Pilar"",""hi"":""ला जगुआ डेल पिलर"",""ar"":""لا جاغوا ديل بيلار""}",2019-10-06T09:39:52,2025-12-02T14:39:31,1,Q1656023
20989,La Llanada,2897,NAR,48,CO,adm2,,,1.47310000,-77.58024000,La landa,2747,America/Bogota,"{""br"":""La Llanada"",""ko"":""라 라나다"",""pt-BR"":""La Llanada"",""pt"":""La Llanada"",""nl"":""De Llanada"",""hr"":""La Llanada"",""fa"":""لا لاندا"",""de"":""La Llanada"",""es"":""La Llanada"",""fr"":""La Llanada"",""ja"":""ラ・リャナダ"",""it"":""La Llanada"",""zh-CN"":""拉利亚纳达"",""tr"":""La Llanada"",""ru"":""Ла Льянада"",""uk"":""Ла-Льянада"",""pl"":""La Llanada"",""hi"":""ला ललानाडा"",""ar"":""لا لانادا""}",2019-10-06T09:39:52,2025-12-02T14:39:31,1,Q1577486
20990,La Macarena,2878,MET,48,CO,city,,,2.00702000,-74.07320000,La Macarena,24164,America/Bogota,"{""br"":""La Macarena"",""ko"":""라 마카레나"",""pt-BR"":""A Macarena"",""pt"":""A Macarena"",""nl"":""De Macarena"",""hr"":""La Macarena"",""fa"":""لا ماکارنا"",""de"":""La Macarena"",""es"":""La Macarena"",""fr"":""La Macarena"",""ja"":""ラ・マカレナ"",""it"":""La Macarena"",""zh-CN"":""拉玛卡雷纳"",""tr"":""La Macarena"",""ru"":""Ла Макарена"",""uk"":""Ла Макарена"",""pl"":""La Macarena"",""hi"":""ला मैकारेना"",""ar"":""لا ماكارينا""}",2019-10-06T09:39:52,2025-12-02T17:11:50,1,Q1577486
20992,La Merced,2887,CAL,48,CO,adm2,,,5.38060000,-75.58842000,La Merced,3851,America/Bogota,"{""br"":""La Merced"",""ko"":""라 메르세드"",""pt-BR"":""A Merced"",""pt"":""A Merced"",""nl"":""La Merced"",""hr"":""La Merced"",""fa"":""لا مرسد"",""de"":""La Merced"",""es"":""La Merced"",""fr"":""La Merced"",""ja"":""ラ・メルセド"",""it"":""La Merced"",""zh-CN"":""拉默塞德"",""tr"":""La Merced"",""ru"":""Ла Мерсед"",""uk"":""Ла-Мерсед"",""pl"":""La Merced"",""hi"":""ला मर्सेड"",""ar"":""لا ميرسيد""}",2019-10-06T09:39:52,2025-12-02T17:11:50,1,Q23688526
20993,La Mesa,2875,CUN,48,CO,adm2,,,4.65374000,-74.47316000,La Mesa,31350,America/Bogota,"{""br"":""La Mesa"",""ko"":""라 메사"",""pt-BR"":""La Mesa"",""pt"":""La Mesa"",""nl"":""La Mesa"",""hr"":""La Mesa"",""fa"":""لا مسا"",""de"":""La Mesa"",""es"":""La Mesa"",""fr"":""La Mesa"",""ja"":""ラ・メサ"",""it"":""La Mesa"",""zh-CN"":""拉梅萨"",""tr"":""La Mesa"",""ru"":""Ла Меса"",""uk"":""Ла-Меса"",""pl"":""La Mesa"",""hi"":""ला मेसा"",""ar"":""لا ميسا""}",2019-10-06T09:39:52,2025-12-02T17:11:50,1,Q936790
20994,La Montañita,2891,CAQ,48,CO,adm2,,,1.46389000,-75.30363000,La Montañita,15725,America/Bogota,"{""br"":""La Montañita"",""ko"":""라 몬타니타"",""pt-BR"":""A Montañita"",""pt"":""A Montañita"",""nl"":""De Bergen"",""hr"":""La Montañita"",""fa"":""لا مونتانیتا"",""de"":""La Montañita"",""es"":""La Montañita"",""fr"":""La Montañita"",""ja"":""ラ・モンタニタ"",""it"":""La Montañita"",""zh-CN"":""拉蒙塔尼塔"",""tr"":""La Montañita"",""ru"":""Ла Монтанита"",""uk"":""Ла Монтаньїта"",""pl"":""La Montañita"",""hi"":""ला मोंटानाइता"",""ar"":""لا مونتانيتا""}",2019-10-06T09:39:52,2025-12-02T17:11:50,1,Q1441926
20995,La Palma,2875,CUN,48,CO,adm2,,,5.31732000,-74.43003000,La Palma,7708,America/Bogota,"{""br"":""La Palma"",""ko"":""라 팔마"",""pt-BR"":""La Palma"",""pt"":""La Palma"",""nl"":""La Palma"",""hr"":""La Palma"",""fa"":""لا پالما"",""de"":""La Palma"",""es"":""La Palma"",""fr"":""La Palma"",""ja"":""ラ・パルマ"",""it"":""La Palma"",""zh-CN"":""拉帕尔马"",""tr"":""La Palma"",""ru"":""Ла Пальма"",""uk"":""Ла-Пальма"",""pl"":""La Palma"",""hi"":""ला पाल्मा"",""ar"":""لا بالما""}",2019-10-06T09:39:52,2025-12-02T17:11:50,1,Q1578797
20996,La Paz,2901,SAN,48,CO,adm2,,,6.17848000,-73.58948000,La Paz,1135,America/Bogota,"{""br"":""Ar Paz"",""ko"":""라파스"",""pt-BR"":""La Paz"",""pt"":""La Paz"",""nl"":""La Paz"",""hr"":""La Paz"",""fa"":""لاپاز"",""de"":""La Paz"",""es"":""La Paz"",""fr"":""La Paz"",""ja"":""ラパス"",""it"":""La Pace"",""zh-CN"":""拉巴斯"",""tr"":""La Paz"",""ru"":""Ла-Пас"",""uk"":""Ла-Пас"",""pl"":""La Paz"",""hi"":""ला पेज़"",""ar"":""لاباز""}",2019-10-06T09:39:52,2025-12-02T14:39:31,1,Q23688578
20997,La Paz,2899,CES,48,CO,adm2,,,10.10487000,-73.22056000,La Paz,13249,America/Bogota,"{""br"":""Ar Paz"",""ko"":""라파스"",""pt-BR"":""La Paz"",""pt"":""La Paz"",""nl"":""La Paz"",""hr"":""La Paz"",""fa"":""لاپاز"",""de"":""La Paz"",""es"":""La Paz"",""fr"":""La Paz"",""ja"":""ラパス"",""it"":""La Pace"",""zh-CN"":""拉巴斯"",""tr"":""La Paz"",""ru"":""Ла-Пас"",""uk"":""Ла-Пас"",""pl"":""La Paz"",""hi"":""ला पेज़"",""ar"":""لاباز""}",2019-10-06T09:39:52,2025-12-02T17:11:50,1,Q1442342
20998,La Pedrera,2895,AMA,48,CO,city,,,-1.65596000,-70.22186000,La Pedrera,4307,America/Bogota,"{""br"":""La Pedrera"",""ko"":""라 페드레라"",""pt-BR"":""La Pedrera"",""pt"":""La Pedrera"",""nl"":""De Pedrera"",""hr"":""La Pedrera"",""fa"":""لا پدررا"",""de"":""La Pedrera"",""es"":""La Pedrera"",""fr"":""La Pedrera"",""ja"":""ラ・ペドレラ"",""it"":""La Pedrera"",""zh-CN"":""米拉之家"",""tr"":""La Pedrera"",""ru"":""Ла Педрера"",""uk"":""Ла Педрера"",""pl"":""La Pedrera"",""hi"":""ला पेड्रेरा"",""ar"":""لا بيدريرا""}",2019-10-06T09:39:52,2025-12-02T16:59:27,1,Q1442342
20999,La Peña,2875,CUN,48,CO,adm2,,,5.19847000,-74.39368000,La Peña,1667,America/Bogota,"{""br"":""La Peña"",""ko"":""라 페냐"",""pt-BR"":""La Peña"",""pt"":""La Peña"",""nl"":""De Peña"",""hr"":""La Peña"",""fa"":""لا پنیا"",""de"":""La Peña"",""es"":""La Peña"",""fr"":""La Peña"",""ja"":""ラ・ペーニャ"",""it"":""La Peña"",""zh-CN"":""拉佩尼亚"",""tr"":""La Peña"",""ru"":""Ла Пенья"",""uk"":""Ла-Пенья"",""pl"":""La Peña"",""hi"":""ला पेना"",""ar"":""لا بينيا""}",2019-10-06T09:39:52,2025-12-02T14:39:31,1,Q23688588
21000,La Pintada,2890,ANT,48,CO,adm2,,,5.74867000,-75.60626000,La Pintada,5342,America/Bogota,"{""br"":""La Pintada"",""ko"":""라 핀타다"",""pt-BR"":""La Pintada"",""pt"":""La Pintada"",""nl"":""La Pintada"",""hr"":""La Pintada"",""fa"":""لا پینتادا"",""de"":""La Pintada"",""es"":""La Pintada"",""fr"":""La Pintada"",""ja"":""ラ・ピンターダ"",""it"":""La Pintada"",""zh-CN"":""拉·平塔达"",""tr"":""La Pintada"",""ru"":""Ла Пинтада"",""uk"":""Ла Пінтада"",""pl"":""La Pintada"",""hi"":""ला पिंटाडा"",""ar"":""لا بينتادا""}",2019-10-06T09:39:52,2025-12-02T14:39:31,1,Q1576562
21001,La Playa,2877,NSA,48,CO,adm2,,,8.25833000,-73.19222000,La Playa,1215,America/Bogota,"{""br"":""La Playa"",""ko"":""라 플라야"",""pt-BR"":""A Praia"",""pt"":""A Praia"",""nl"":""Het strand"",""hr"":""La Playa"",""fa"":""لا پلایا"",""de"":""La Playa"",""es"":""La Playa"",""fr"":""La Playa"",""ja"":""ラプラヤ"",""it"":""La Playa"",""zh-CN"":""拉普拉亚"",""tr"":""La Playa"",""ru"":""Ла Плайя"",""uk"":""Ла Плайя"",""pl"":""La Playa"",""hi"":""समुद्र तट"",""ar"":""لا بلايا""}",2019-10-06T09:39:52,2025-12-02T17:11:50,1,Q1971807
21002,La Primavera,2894,VID,48,CO,adm2,,,5.49056000,-70.40917000,La Primavera,10616,America/Bogota,"{""br"":""La Primavera"",""ko"":""라 프리마베라"",""pt-BR"":""A Primavera"",""pt"":""A Primavera"",""nl"":""De Primavera"",""hr"":""La Primavera"",""fa"":""لا پریماورا"",""de"":""La Primavera"",""es"":""La Primavera"",""fr"":""La Primavera"",""ja"":""ラ・プリマヴェーラ"",""it"":""La Primavera"",""zh-CN"":""春天"",""tr"":""İlkbahar"",""ru"":""Ла Примавера"",""uk"":""Ла Прімавера"",""pl"":""Wiosna"",""hi"":""ला प्रिमावेरा"",""ar"":""الربيع""}",2019-10-06T09:39:52,2025-12-02T14:38:56,1,Q941906
21003,La Sierra,2884,CAU,48,CO,adm2,,,2.19665000,-76.78590000,La Sierra,9935,America/Bogota,"{""br"":""La Sierra"",""ko"":""라 시에라"",""pt-BR"":""A Serra"",""pt"":""A Serra"",""nl"":""De Sierra"",""hr"":""La Sierra"",""fa"":""لا سیرا"",""de"":""La Sierra"",""es"":""La Sierra"",""fr"":""La Sierra"",""ja"":""ラ・シエラ"",""it"":""La Sierra"",""zh-CN"":""拉谢拉"",""tr"":""La Sierra"",""ru"":""Ла Сьерра"",""uk"":""Ла-Сьєрра"",""pl"":""La Sierra"",""hi"":""ला सिएरा"",""ar"":""لا سييرا""}",2019-10-06T09:39:52,2025-12-02T14:38:56,1,Q508563
21004,La Tebaida,2874,QUI,48,CO,adm2,,,4.43353000,-75.81476000,La Tebaida,33504,America/Bogota,"{""br"":""La Tebaida"",""ko"":""라 테바이다"",""pt-BR"":""La Tebaida"",""pt"":""La Tebaida"",""nl"":""La Tebaida"",""hr"":""La Tebaida"",""fa"":""لا تبیدا"",""de"":""La Tebaida"",""es"":""La Tebaida"",""fr"":""La Tebaida"",""ja"":""ラ・テバイダ"",""it"":""La Tebaida"",""zh-CN"":""拉特瓦伊达"",""tr"":""La Tebaida"",""ru"":""Ла Тебайда"",""uk"":""Ла-Тебайда"",""pl"":""La Tebaida"",""hi"":""ला तेबैदा"",""ar"":""لا تيبايدا""}",2019-10-06T09:39:52,2025-12-02T17:11:50,1,Q2432300
21005,La Tola,2897,NAR,48,CO,adm2,,,2.39949000,-78.18923000,La Tola,5847,America/Bogota,"{""br"":""La Tola"",""ko"":""라 톨라"",""pt-BR"":""La Tola"",""pt"":""La Tola"",""nl"":""De Tola"",""hr"":""La Tola"",""fa"":""لا تولا"",""de"":""La Tola"",""es"":""La Tola"",""fr"":""La Tola"",""ja"":""ラ・トーラ"",""it"":""La Tola"",""zh-CN"":""拉托拉"",""tr"":""La Tola"",""ru"":""Ла Тола"",""uk"":""Ла Тола"",""pl"":""La Tola"",""hi"":""ला टोला"",""ar"":""لا تولا""}",2019-10-06T09:39:52,2025-12-02T14:39:31,1,Q1577045
21006,La Unión,2904,VAC,48,CO,adm2,,,4.53282000,-76.10318000,La Unión,41013,America/Bogota,"{""br"":""Unaniezh"",""ko"":""라 유니온"",""pt-BR"":""A União"",""pt"":""A União"",""nl"":""De Unie"",""hr"":""La Unión"",""fa"":""لا یونیون"",""de"":""La Unión"",""es"":""La Unión"",""fr"":""La Union"",""ja"":""ラ・ウニオン"",""it"":""L'Unione"",""zh-CN"":""联合"",""tr"":""Birlik"",""ru"":""Ла Унион"",""uk"":""Ла Уніон"",""pl"":""Związek"",""hi"":""ला यूनियन"",""ar"":""الاتحاد""}",2019-10-06T09:39:52,2025-12-02T14:39:31,1,Q2022508
21007,La Unión,2902,SUC,48,CO,adm2,,,8.84965000,-75.27942000,La Unión,4427,America/Bogota,"{""br"":""Unaniezh"",""ko"":""라 유니온"",""pt-BR"":""A União"",""pt"":""A União"",""nl"":""De Unie"",""hr"":""La Unión"",""fa"":""لا یونیون"",""de"":""La Unión"",""es"":""La Unión"",""fr"":""La Union"",""ja"":""ラ・ウニオン"",""it"":""L'Unione"",""zh-CN"":""联合"",""tr"":""Birlik"",""ru"":""Ла Унион"",""uk"":""Ла Уніон"",""pl"":""Związek"",""hi"":""ला यूनियन"",""ar"":""الاتحاد""}",2019-10-06T09:39:52,2025-12-02T14:39:31,1,Q684303
21008,La Unión,2897,NAR,48,CO,adm2,,,1.60450000,-77.13152000,La Unión,15061,America/Bogota,"{""br"":""Unaniezh"",""ko"":""라 유니온"",""pt-BR"":""A União"",""pt"":""A União"",""nl"":""De Unie"",""hr"":""La Unión"",""fa"":""لا یونیون"",""de"":""La Unión"",""es"":""La Unión"",""fr"":""La Union"",""ja"":""ラ・ウニオン"",""it"":""L'Unione"",""zh-CN"":""联合"",""tr"":""Birlik"",""ru"":""Ла Унион"",""uk"":""Ла Уніон"",""pl"":""Związek"",""hi"":""ला यूनियन"",""ar"":""الاتحاد""}",2019-10-06T09:39:52,2025-12-02T14:39:31,1,Q23687682
21009,La Unión,2890,ANT,48,CO,adm2,,,5.94642000,-75.35917000,La Unión,19119,America/Bogota,"{""br"":""Unaniezh"",""ko"":""라 유니온"",""pt-BR"":""A União"",""pt"":""A União"",""nl"":""De Unie"",""hr"":""La Unión"",""fa"":""لا یونیون"",""de"":""La Unión"",""es"":""La Unión"",""fr"":""La Union"",""ja"":""ラ・ウニオン"",""it"":""L'Unione"",""zh-CN"":""联合"",""tr"":""Birlik"",""ru"":""Ла Унион"",""uk"":""Ла Уніон"",""pl"":""Związek"",""hi"":""ला यूनियन"",""ar"":""الاتحاد""}",2019-10-06T09:39:52,2025-12-02T14:38:56,1,Q2143798
21010,La Uvita,2903,BOY,48,CO,adm2,,,6.24262000,-72.56448000,La Uvita,1708,America/Bogota,"{""br"":""La Vita"",""ko"":""라 우비타"",""pt-BR"":""A Uvita"",""pt"":""A Uvita"",""nl"":""De Uvita"",""hr"":""La Uvita"",""fa"":""لا اوویتا"",""de"":""La Uvita"",""es"":""La Uvita"",""fr"":""La Uvita"",""ja"":""ラ・ウビタ"",""it"":""La Uvita"",""zh-CN"":""拉乌维塔"",""tr"":""La Uvita"",""ru"":""Ла Увита"",""uk"":""Ла Увіта"",""pl"":""La Uvita"",""hi"":""ला उविता"",""ar"":""لا أوفيتا""}",2019-10-06T09:39:52,2025-12-02T14:39:31,1,Q1654706
21011,La Vega,2884,CAU,48,CO,adm2,,,2.06201000,-76.76808000,La Vega,3469,America/Bogota,"{""br"":""La Vega"",""ko"":""라 베가"",""pt-BR"":""La Vega"",""pt"":""La Vega"",""nl"":""La Vega"",""hr"":""La Vega"",""fa"":""لا وگا"",""de"":""La Vega"",""es"":""La Vega"",""fr"":""La Vega"",""ja"":""ラ・ベガ"",""it"":""La Vega"",""zh-CN"":""拉维加"",""tr"":""La Vega"",""ru"":""Ла Вега"",""uk"":""Ла Вега"",""pl"":""La Vega"",""hi"":""ला वेगा"",""ar"":""لا فيغا""}",2019-10-06T09:39:52,2025-12-02T14:39:31,1,Q2309024
21012,La Vega,2875,CUN,48,CO,city,,,4.97382000,-74.34476000,La Vega,5706,America/Bogota,"{""br"":""La Vega"",""ko"":""라 베가"",""pt-BR"":""La Vega"",""pt"":""La Vega"",""nl"":""La Vega"",""hr"":""La Vega"",""fa"":""لا وگا"",""de"":""La Vega"",""es"":""La Vega"",""fr"":""La Vega"",""ja"":""ラ・ベガ"",""it"":""La Vega"",""zh-CN"":""拉维加"",""tr"":""La Vega"",""ru"":""Ла Вега"",""uk"":""Ла Вега"",""pl"":""La Vega"",""hi"":""ला वेगा"",""ar"":""لا فيغا""}",2019-10-06T09:39:52,2025-12-02T14:39:31,1,Q2022377
21013,La Victoria,2904,VAC,48,CO,city,,,4.52483000,-76.03921000,La Victoria,11064,America/Bogota,"{""br"":""La Victoria"",""ko"":""라 빅토리아"",""pt-BR"":""A Vitória"",""pt"":""A Vitória"",""nl"":""De Victoria"",""hr"":""Viktorija"",""fa"":""لا ویکتوریا"",""de"":""La Victoria"",""es"":""La Victoria"",""fr"":""La Victoria"",""ja"":""ラ・ビクトリア"",""it"":""La Victoria"",""zh-CN"":""拉维多利亚"",""tr"":""Victoria"",""ru"":""Ла Виктория"",""uk"":""Вікторія"",""pl"":""La Victoria"",""hi"":""ला विक्टोरिया"",""ar"":""لا فيكتوريا""}",2019-10-06T09:39:52,2025-12-02T14:39:31,1,Q1526230
21014,La Victoria,2895,AMA,48,CO,city,,,-0.18311000,-71.03760000,La Victoria,314,America/Bogota,"{""br"":""La Victoria"",""ko"":""라 빅토리아"",""pt-BR"":""A Vitória"",""pt"":""A Vitória"",""nl"":""De Victoria"",""hr"":""Viktorija"",""fa"":""لا ویکتوریا"",""de"":""La Victoria"",""es"":""La Victoria"",""fr"":""La Victoria"",""ja"":""ラ・ビクトリア"",""it"":""La Victoria"",""zh-CN"":""拉维多利亚"",""tr"":""Victoria"",""ru"":""Ла Виктория"",""uk"":""Вікторія"",""pl"":""La Victoria"",""hi"":""ला विक्टोरिया"",""ar"":""لا فيكتوريا""}",2019-10-06T09:39:52,2025-12-02T17:11:50,1,Q1526230
21015,La Victoria,2903,BOY,48,CO,adm2,,,5.52278000,-74.23280000,La Victoria,0,America/Bogota,"{""br"":""La Victoria"",""ko"":""라 빅토리아"",""pt-BR"":""A Vitória"",""pt"":""A Vitória"",""nl"":""De Victoria"",""hr"":""Viktorija"",""fa"":""لا ویکتوریا"",""de"":""La Victoria"",""es"":""La Victoria"",""fr"":""La Victoria"",""ja"":""ラ・ビクトリア"",""it"":""La Victoria"",""zh-CN"":""拉维多利亚"",""tr"":""Victoria"",""ru"":""Ла Виктория"",""uk"":""Вікторія"",""pl"":""La Victoria"",""hi"":""ला विक्टोरिया"",""ar"":""لا فيكتوريا""}",2019-10-06T09:39:52,2025-12-02T14:39:31,1,Q1526230
21016,La Virginia,2879,RIS,48,CO,adm2,,,4.89972000,-75.88250000,La Virginia,25900,America/Bogota,"{""br"":""La Virginia"",""ko"":""라 버지니아"",""pt-BR"":""A Virgínia"",""pt"":""A Virgínia"",""nl"":""De Virginia"",""hr"":""La Virginia"",""fa"":""لا ویرجینیا"",""de"":""La Virginia"",""es"":""La Virginia"",""fr"":""La Virginie"",""ja"":""ラ・バージニア"",""it"":""La Virginia"",""zh-CN"":""拉弗吉尼亚"",""tr"":""Virginia"",""ru"":""Ла Вирджиния"",""uk"":""Ла Вірджинія"",""pl"":""La Virginia"",""hi"":""ला वर्जीनिया"",""ar"":""لا فرجينيا""}",2019-10-06T09:39:52,2025-12-02T14:38:56,1,Q23687719
21017,Labateca,2877,NSA,48,CO,adm2,,,7.24558000,-72.55286000,Labrar,5867,America/Bogota,"{""br"":""Labateca"",""ko"":""라바테카"",""pt-BR"":""Labateca"",""pt"":""Labateca"",""nl"":""Labateca"",""hr"":""Labateca"",""fa"":""لاباتکا"",""de"":""Labateca"",""es"":""Labateca"",""fr"":""Labateca"",""ja"":""ラバテカ"",""it"":""Labateca"",""zh-CN"":""拉巴泰卡"",""tr"":""Labateca"",""ru"":""Лабатека"",""uk"":""Лабатека"",""pl"":""Labateca"",""hi"":""लैबाटेका"",""ar"":""لاباتيكا""}",2019-10-06T09:39:52,2025-12-02T17:11:50,1,Q1575676
21018,Labranzagrande,2903,BOY,48,CO,adm2,,,5.56223000,-72.57499000,Labranzagrande,902,America/Bogota,"{""br"":""Labranza Grande"",""ko"":""라브란자그란데"",""pt-BR"":""Labranzagrande"",""pt"":""Labranzagrande"",""nl"":""Labranzagrande"",""hr"":""Labranzagrande"",""fa"":""لابرانزاگرانده"",""de"":""Labranzagrande"",""es"":""Labranzagrande"",""fr"":""Labranzagrande"",""ja"":""ラブランザグランデ"",""it"":""Labranzagrande"",""zh-CN"":""大拉布兰扎"",""tr"":""Labranzagrande"",""ru"":""Лабранзагранде"",""uk"":""Лабранзагранде"",""pl"":""Labranzagrande"",""hi"":""लैब्रान्ज़ाग्रांडे"",""ar"":""لابرانزاغراندي""}",2019-10-06T09:39:52,2025-12-02T14:39:31,1,Q1654772
21019,Landázuri,2901,SAN,48,CO,adm2,,,6.21826000,-73.81121000,Landázuri,9238,America/Bogota,"{""br"":""Landazuri"",""ko"":""란다주리"",""pt-BR"":""Landázuri"",""pt"":""Landázuri"",""nl"":""Landázuri"",""hr"":""Landázuri"",""fa"":""لاندازوری"",""de"":""Landázuri"",""es"":""Landázuri"",""fr"":""Landázuri"",""ja"":""ランダズリ"",""it"":""Landázuri"",""zh-CN"":""兰达苏里"",""tr"":""Landázuri"",""ru"":""Ландазури"",""uk"":""Ландазурі"",""pl"":""Landázuri"",""hi"":""लैंडाज़ुरी"",""ar"":""لاندازوري""}",2019-10-06T09:39:52,2025-12-02T14:39:31,1,Q612555
21021,Lebrija,2901,SAN,48,CO,adm2,,,7.11317000,-73.21780000,Lebrija,8949,America/Bogota,"{""br"":""Lebrija"",""ko"":""레브리하"",""pt-BR"":""Lebrija"",""pt"":""Lebrija"",""nl"":""Lebrija"",""hr"":""Lebrija"",""fa"":""لبریجا"",""de"":""Lebrija"",""es"":""Lebrija"",""fr"":""Lebrija"",""ja"":""レブリハ"",""it"":""Lebrija"",""zh-CN"":""莱夫里哈"",""tr"":""Lebrija"",""ru"":""Лебриха"",""uk"":""Лебрія"",""pl"":""Lebrija"",""hi"":""लेबरिजा"",""ar"":""ليبريا""}",2019-10-06T09:39:52,2025-12-02T14:39:31,1,Q23687730
21024,Leiva,2897,NAR,48,CO,adm2,,,1.93497000,-77.30634000,Pan,8201,America/Bogota,"{""br"":""Leiva"",""ko"":""레이바"",""pt-BR"":""Leiva"",""pt"":""Leiva"",""nl"":""Leiva"",""hr"":""Leiva"",""fa"":""لیوا"",""de"":""Leiva"",""es"":""Leiva"",""fr"":""Leiva"",""ja"":""レイヴァ"",""it"":""Leiva"",""zh-CN"":""莱瓦"",""tr"":""Leiva"",""ru"":""Лейва"",""uk"":""Лейва"",""pl"":""Leiva"",""hi"":""लीवा"",""ar"":""ليفا""}",2019-10-06T09:39:52,2025-12-02T14:38:56,1,Q1526208
21025,Lejanías,2878,MET,48,CO,adm2,,,3.52762000,-74.02335000,Lejanías,10576,America/Bogota,"{""br"":""Lejanías"",""ko"":""레자니아스"",""pt-BR"":""Lejanías"",""pt"":""Lejanías"",""nl"":""Lejanías"",""hr"":""Lejanías"",""fa"":""لجانیاس"",""de"":""Lejanías"",""es"":""Lejanías"",""fr"":""Léjanías"",""ja"":""レジャー"",""it"":""Lejanías"",""zh-CN"":""莱贾尼亚斯"",""tr"":""Lejanías"",""ru"":""Леханиас"",""uk"":""Леханіас"",""pl"":""Lejanías"",""hi"":""लेजानियास"",""ar"":""ليجانياس""}",2019-10-06T09:39:52,2025-12-02T14:38:56,1,Q1577508
21026,Lenguazaque,2875,CUN,48,CO,adm2,,,5.30711000,-73.71152000,Lenguazaque,2555,America/Bogota,"{""br"":""Yezhazek"",""ko"":""렝과자크"",""pt-BR"":""Lenguazaque"",""pt"":""Lenguazaque"",""nl"":""Lenguazaque"",""hr"":""Lenguazaque"",""fa"":""لنگوازاکه"",""de"":""Lenguazaque"",""es"":""Lenguazaque"",""fr"":""Langue"",""ja"":""レングアザケ"",""it"":""Linguaggio"",""zh-CN"":""语言"",""tr"":""Dilbilgisi"",""ru"":""Ленгуазаке"",""uk"":""Ленгуазаке"",""pl"":""Lenguazaque"",""hi"":""लेंगुआज़ाक"",""ar"":""لينغوازاك""}",2019-10-06T09:39:52,2025-12-02T14:39:31,1,Q516210
21027,Leticia,2895,AMA,48,CO,adm1,,,-4.21528000,-69.94056000,Leticia,55691,America/Bogota,"{""br"":""Leticia"",""ko"":""레티시아"",""pt-BR"":""Letícia"",""pt"":""Letícia"",""nl"":""Leticia"",""hr"":""Leticija"",""fa"":""لتیسیا"",""de"":""Leticia"",""es"":""Leticia"",""fr"":""Léticia"",""ja"":""レティシア"",""it"":""Letizia"",""zh-CN"":""莱蒂西亚"",""tr"":""Leticia"",""ru"":""Летисия"",""uk"":""Летиція"",""pl"":""Leticia"",""hi"":""लेटिसिया"",""ar"":""ليتيسيا""}",2019-10-06T09:39:53,2025-12-02T14:38:56,1,Q214913
21028,Liborina,2890,ANT,48,CO,adm2,,,6.67790000,-75.81218000,Liborina,9475,America/Bogota,"{""br"":""Liborina"",""ko"":""리보리나"",""pt-BR"":""Liborina"",""pt"":""Liborina"",""nl"":""Liborina"",""hr"":""Liborina"",""fa"":""لیبورینا"",""de"":""Liborina"",""es"":""Liborina"",""fr"":""Liborina"",""ja"":""リボリーナ"",""it"":""Liborina"",""zh-CN"":""利博里纳"",""tr"":""Liborina"",""ru"":""Либорина"",""uk"":""Ліборіна"",""pl"":""Liborina"",""hi"":""लिबोरिना"",""ar"":""ليبورينا""}",2019-10-06T09:39:53,2025-12-02T14:38:56,1,Q1576529
21029,Linares,2897,NAR,48,CO,adm2,,,1.35078000,-77.52339000,Linares,8974,America/Bogota,"{""br"":""Linares"",""ko"":""리나레스"",""pt-BR"":""Linares"",""pt"":""Linares"",""nl"":""Linares"",""hr"":""Linares"",""fa"":""لینارس"",""de"":""Linares"",""es"":""Linares"",""fr"":""Linares"",""ja"":""リナレス"",""it"":""Linares"",""zh-CN"":""利纳雷斯"",""tr"":""Linares"",""ru"":""Линарес"",""uk"":""Лінарес"",""pl"":""Linares"",""hi"":""लिनारेस"",""ar"":""ليناريس""}",2019-10-06T09:39:53,2025-12-02T14:38:56,1,Q1526262
21030,Lloró,2876,CHO,48,CO,adm2,,,5.49605000,-76.54945000,Lloró,2651,America/Bogota,"{""br"":""Lloró"",""ko"":""요로"",""pt-BR"":""Lloró"",""pt"":""Lloró"",""nl"":""Lloró"",""hr"":""Lloró"",""fa"":""لورو"",""de"":""Lloró"",""es"":""Lloró"",""fr"":""Lloró"",""ja"":""ロロ"",""it"":""Lloró"",""zh-CN"":""略罗"",""tr"":""Lloró"",""ru"":""Ллоро"",""uk"":""Льоро"",""pl"":""Lloró"",""hi"":""Lloro"",""ar"":""لورو""}",2019-10-06T09:39:53,2025-12-02T14:39:31,1,Q1575268
21031,Lorica,2898,COR,48,CO,adm2,,,9.23648000,-75.81350000,Abrigo,40605,America/Bogota,"{""br"":""Lorica"",""ko"":""로리카"",""pt-BR"":""Lórica"",""pt"":""Lórica"",""nl"":""Lorica"",""hr"":""Lorica"",""fa"":""لوریکا"",""de"":""Lorica"",""es"":""Lorica"",""fr"":""Lorica"",""ja"":""ロリカ"",""it"":""Lorica"",""zh-CN"":""洛丽卡"",""tr"":""Lorica"",""ru"":""Лорика"",""uk"":""Лоріка"",""pl"":""Lorica"",""hi"":""लोरिका"",""ar"":""لوريكا""}",2019-10-06T09:39:53,2025-12-02T14:38:56,1,Q23687836
21032,Los Andes,2897,NAR,48,CO,adm2,,,1.49474000,-77.52136000,Los Andes,8703,America/Bogota,"{""br"":""Los Andes"",""ko"":""로스 안데스"",""pt-BR"":""Los Andes"",""pt"":""Los Andes"",""nl"":""Los Andes"",""hr"":""Los Andes"",""fa"":""لوس آندس"",""de"":""Los Andes"",""es"":""Los Andes"",""fr"":""Les Andes"",""ja"":""ロス・アンデス"",""it"":""Los Andes"",""zh-CN"":""洛斯安第斯"",""tr"":""Los Andes"",""ru"":""Лос-Андес"",""uk"":""Лос-Андес"",""pl"":""Los Andes"",""hi"":""लॉस एंडीज"",""ar"":""لوس أنديس""}",2019-10-06T04:09:56,2025-12-02T17:11:50,1,Q1526257
21033,Los Córdobas,2898,COR,48,CO,adm2,,,8.89403000,-76.35455000,Los Córdobas,2007,America/Bogota,"{""br"":""Los Córdobas"",""ko"":""로스 코르도바스"",""pt-BR"":""Los Córdobas"",""pt"":""Los Córdobas"",""nl"":""Los Córdobas"",""hr"":""Los Córdobas"",""fa"":""لوس کوردوباس"",""de"":""Los Córdobas"",""es"":""Los Córdobas"",""fr"":""Les Cordoues"",""ja"":""ロス・コルドバス"",""it"":""Los Córdobas"",""zh-CN"":""洛斯科尔多瓦"",""tr"":""Los Córdobas"",""ru"":""Лос-Кордобас"",""uk"":""Лос-Кордобас"",""pl"":""Los Córdobas"",""hi"":""लॉस कॉर्डोबास"",""ar"":""لوس كوردوباس""}",2019-10-06T09:39:53,2025-12-02T14:39:31,1,Q1525401
21034,Los Palmitos,2902,SUC,48,CO,adm2,,,9.37899000,-75.26769000,Los Palmitos,14385,America/Bogota,"{""br"":""Los Palmito"",""ko"":""로스 팔미토스"",""pt-BR"":""Los Palmitos"",""pt"":""Los Palmitos"",""nl"":""Los Palmitos"",""hr"":""Los Palmitos"",""fa"":""لوس پالمیتوس"",""de"":""Los Palmitos"",""es"":""Los Palmitos"",""fr"":""Les Palmitos"",""ja"":""ロス・パルミトス"",""it"":""Los Palmitos"",""zh-CN"":""洛斯帕尔米托斯"",""tr"":""Los Palmitos"",""ru"":""Лос-Пальмитос"",""uk"":""Лос-Пальмітос"",""pl"":""Los Palmitos"",""hi"":""लॉस पाल्मिटोस"",""ar"":""لوس بالميتوس""}",2019-10-06T09:39:53,2025-12-02T14:39:31,1,Q595791
21035,Los Patios,2877,NSA,48,CO,adm2,,,7.83793000,-72.50370000,Los Patios,67281,America/Bogota,"{""br"":""Los Patios"",""ko"":""로스 파티오스"",""pt-BR"":""Os Pátios"",""pt"":""Os Pátios"",""nl"":""De patio's"",""hr"":""Los Patios"",""fa"":""لوس پاسیو"",""de"":""Los Patios"",""es"":""Los Patios"",""fr"":""Les Patios"",""ja"":""ロスパティオス"",""it"":""Los Patios"",""zh-CN"":""洛斯帕蒂奥斯"",""tr"":""Los Patios"",""ru"":""Лос Патио"",""uk"":""Лос-Патіос"",""pl"":""Los Patios"",""hi"":""लॉस पैटिओस"",""ar"":""لوس باتيوس""}",2019-10-06T09:39:53,2025-12-02T14:38:56,1,Q634066
21036,Los Santos,2901,SAN,48,CO,adm2,,,6.79734000,-73.12490000,Los Santos,12433,America/Bogota,"{""br"":""Los Santos"",""ko"":""로스 산토스"",""pt-BR"":""Los Santos"",""pt"":""Los Santos"",""nl"":""Los Santos"",""hr"":""Los Santos"",""fa"":""لوس سانتوس"",""de"":""Los Santos"",""es"":""Los Santos"",""fr"":""Los Santos"",""ja"":""ロスサントス"",""it"":""Los Santos"",""zh-CN"":""洛圣都"",""tr"":""Los Santos"",""ru"":""Лос-Сантос"",""uk"":""Лос-Сантос"",""pl"":""Los Santos"",""hi"":""लॉस सैंटोस"",""ar"":""لوس سانتوس""}",2019-10-06T09:39:53,2025-12-02T17:11:50,1,Q1574960
21037,Lourdes,2877,NSA,48,CO,adm2,,,7.96774000,-72.84519000,Lourdes,3448,America/Bogota,"{""br"":""Lourdes"",""ko"":""루르드"",""pt-BR"":""Lourdes"",""pt"":""Lourdes"",""nl"":""Lourdes"",""hr"":""Lurd"",""fa"":""لورد"",""de"":""Lourdes"",""es"":""Lourdes"",""fr"":""Lourdes"",""ja"":""ルルド"",""it"":""Lourdes"",""zh-CN"":""卢尔德"",""tr"":""Lourdes"",""ru"":""Лурд"",""uk"":""Лурд"",""pl"":""Lourdes"",""hi"":""लूर्डेस"",""ar"":""لورد""}",2019-10-06T09:39:53,2025-12-02T17:11:50,1,Q1656799
21038,Luruaco,2880,ATL,48,CO,city,,,10.61712000,-75.15146000,Luruaco,27647,America/Bogota,"{""br"":""Luruaco"",""ko"":""루루아코"",""pt-BR"":""Luruaco"",""pt"":""Luruaco"",""nl"":""Luruaco"",""hr"":""Luruaco"",""fa"":""لوروآکو"",""de"":""Luruaco"",""es"":""Luruaco"",""fr"":""Luruaco"",""ja"":""ルルアコ"",""it"":""Luruaco"",""zh-CN"":""鲁鲁阿科"",""tr"":""Luruaco"",""ru"":""Луруако"",""uk"":""Луруако"",""pl"":""Luruaco"",""hi"":""लुरुआको"",""ar"":""لورواكو""}",2019-10-06T09:39:53,2025-12-02T14:38:56,1,Q2308661
21039,Lérida,2883,TOL,48,CO,adm2,,,4.86242000,-74.90977000,Pélid,17197,America/Bogota,"{""br"":""Lérida"",""ko"":""레리다"",""pt-BR"":""Lérida"",""pt"":""Lérida"",""nl"":""Lérida"",""hr"":""Lérida"",""fa"":""لریدا"",""de"":""Lérida"",""es"":""Lérida"",""fr"":""Lérida"",""ja"":""レリダ"",""it"":""Lerida"",""zh-CN"":""莱里达"",""tr"":""Lerida"",""ru"":""Лерида"",""uk"":""Леріда"",""pl"":""Lérida"",""hi"":""लेरिडा"",""ar"":""ليريدا""}",2019-10-06T09:39:53,2025-12-02T14:38:56,1,Q23687756
21040,Líbano,2883,TOL,48,CO,adm2,,,4.83560000,-75.10834000,Líbano,39459,America/Bogota,"{""br"":""Líbano"",""ko"":""레바논"",""pt-BR"":""Líbano"",""pt"":""Líbano"",""nl"":""Libanees"",""hr"":""Libanon"",""fa"":""لبنان"",""de"":""Libanon"",""es"":""Líbano"",""fr"":""Liban"",""ja"":""リバノ"",""it"":""Libano"",""zh-CN"":""黎巴嫩"",""tr"":""Lübnan"",""ru"":""Líbano"",""uk"":""Ліван"",""pl"":""Liban"",""hi"":""लिबानो"",""ar"":""لبناني""}",2019-10-06T09:39:53,2025-12-02T17:11:50,1,Q1256428
21041,López de Micay,2884,CAU,48,CO,adm2,,,3.00000000,-77.25000000,López de Micay,15154,America/Bogota,"{""br"":""López de Micay"",""ko"":""로페스 데 미카이"",""pt-BR"":""López de Micay"",""pt"":""López de Micay"",""nl"":""López de Micay"",""hr"":""López de Micay"",""fa"":""لوپز دِ میکای"",""de"":""López de Micay"",""es"":""López de Micay"",""fr"":""López de Micay"",""ja"":""ロペス・デ・ミカイ"",""it"":""López de Micay"",""zh-CN"":""洛佩斯·德·米凯"",""tr"":""López de Micay"",""ru"":""Лопес де Микай"",""uk"":""Лопес де Мікай"",""pl"":""López de Micay"",""hi"":""लोपेज़ डी माइके"",""ar"":""لوبيز دي ميكاي""}",2019-10-06T04:09:53,2025-12-02T17:11:50,1,Q2297415
21042,Macanal,2903,BOY,48,CO,adm2,,,4.95050000,-73.32029000,Macanal,734,America/Bogota,"{""br"":""Macanal"",""ko"":""마카날"",""pt-BR"":""Macanal"",""pt"":""Macanal"",""nl"":""Macanal"",""hr"":""Macanal"",""fa"":""ماکانال"",""de"":""Macanal"",""es"":""Macanal"",""fr"":""Macanal"",""ja"":""マカナール"",""it"":""Macanal"",""zh-CN"":""麦卡纳尔"",""tr"":""Macanal"",""ru"":""Маканал"",""uk"":""Маканал"",""pl"":""Macanal"",""hi"":""मैकानल"",""ar"":""ماكانال""}",2019-10-06T09:39:53,2025-12-02T14:39:31,1,Q1656366
21043,Macaravita,2901,SAN,48,CO,adm2,,,6.50567000,-72.59299000,Macaravita,538,America/Bogota,"{""br"":""Macaravita"",""ko"":""마카라비타"",""pt-BR"":""Macaravita"",""pt"":""Macaravita"",""nl"":""Macaravita"",""hr"":""Macaravita"",""fa"":""ماکاراویتا"",""de"":""Macaravita"",""es"":""Macaravita"",""fr"":""Macaravita"",""ja"":""マカラヴィータ"",""it"":""Macaravita"",""zh-CN"":""马卡拉维塔"",""tr"":""Macaravita"",""ru"":""Макаравита"",""uk"":""Макаравіта"",""pl"":""Macaravita"",""hi"":""मैकराविटा"",""ar"":""ماكارافيتا""}",2019-10-06T09:39:53,2025-12-02T14:39:31,1,Q1655505
21044,Maceo,2890,ANT,48,CO,adm2,,,6.55196000,-74.78741000,Maceo,3109,America/Bogota,"{""br"":""Maceo"",""ko"":""마세오"",""pt-BR"":""Maceió"",""pt"":""Maceió"",""nl"":""Maceo"",""hr"":""Maceo"",""fa"":""ماسئو"",""de"":""Maceo"",""es"":""Maceo"",""fr"":""Maceo"",""ja"":""メイシオ"",""it"":""Maceo"",""zh-CN"":""马塞奥"",""tr"":""Maceo"",""ru"":""Масео"",""uk"":""Масео"",""pl"":""Maceo"",""hi"":""मेसीओ"",""ar"":""ماسيو""}",2019-10-06T09:39:53,2025-12-02T14:39:31,1,Q1576486
21045,Macheta,2875,CUN,48,CO,adm2,,,5.08333000,-73.61667000,disposición,1742,America/Bogota,"{""br"":""Macheta"",""ko"":""마체타"",""pt-BR"":""Macheta"",""pt"":""Macheta"",""nl"":""Macheta"",""hr"":""Mačeta"",""fa"":""ماچتا"",""de"":""Macheta"",""es"":""Macheta"",""fr"":""Machette"",""ja"":""マチェタ"",""it"":""Macheta"",""zh-CN"":""弯刀"",""tr"":""Pala"",""ru"":""Мачета"",""uk"":""Мачета"",""pl"":""Macheta"",""hi"":""माचेटा"",""ar"":""ماتشيتا""}",2019-10-06T09:39:53,2025-12-02T14:38:56,1,Q1576486
21047,Madrid,2875,CUN,48,CO,adm2,,,4.75564000,-74.27708000,Madrid,112254,America/Bogota,"{""br"":""Madrid"",""ko"":""마드리드"",""pt-BR"":""Madri"",""pt"":""Madri"",""nl"":""Madrid"",""hr"":""Madrid"",""fa"":""مادرید"",""de"":""Madrid"",""es"":""Madrid"",""fr"":""Madrid"",""ja"":""マドリード"",""it"":""Madrid"",""zh-CN"":""马德里"",""tr"":""Madrid"",""ru"":""Мадрид"",""uk"":""Мадрид"",""pl"":""Madryt"",""hi"":""मैड्रिड"",""ar"":""مدريد""}",2019-10-06T09:39:53,2025-12-02T14:38:56,1,Q2316396
21048,Magangué,2893,BOL,48,CO,adm2,,,9.24202000,-74.75467000,Magangué,123906,America/Bogota,"{""br"":""Magangué"",""ko"":""마강게"",""pt-BR"":""Magangué"",""pt"":""Magangué"",""nl"":""Magangué"",""hr"":""Magangué"",""fa"":""ماگانگه"",""de"":""Magangué"",""es"":""Magangué"",""fr"":""Magangué"",""ja"":""マガンゲ"",""it"":""Magangué"",""zh-CN"":""马甘格"",""tr"":""Magangué"",""ru"":""Маганге"",""uk"":""Маганге"",""pl"":""Magangué"",""hi"":""मैगांगुए"",""ar"":""ماجانجي""}",2019-10-06T09:39:53,2025-12-02T14:38:56,1,Q1011196
21050,Mahates,2893,BOL,48,CO,adm2,,,10.23293000,-75.18985000,Asalto,22929,America/Bogota,"{""br"":""Mahates"",""ko"":""마하테스"",""pt-BR"":""Mahates"",""pt"":""Mahates"",""nl"":""Mahates"",""hr"":""Mahates"",""fa"":""ماهاتس"",""de"":""Mahates"",""es"":""Mahates"",""fr"":""Mahates"",""ja"":""マハテス"",""it"":""Mahates"",""zh-CN"":""马哈特斯"",""tr"":""Mahates"",""ru"":""Махатес"",""uk"":""Махатес"",""pl"":""Mahates"",""hi"":""महातेस"",""ar"":""ماهاتس""}",2019-10-06T09:39:53,2025-12-02T14:38:56,1,Q1440795
21051,Maicao,2889,LAG,48,CO,adm2,,,11.37837000,-72.23950000,Maicao,166603,America/Bogota,"{""br"":""Maicao"",""ko"":""마이카오"",""pt-BR"":""Maicão"",""pt"":""Maicão"",""nl"":""Maicao"",""hr"":""Maicao"",""fa"":""مایکائو"",""de"":""Maicao"",""es"":""Maicao"",""fr"":""Maïcao"",""ja"":""マイカオ"",""it"":""Maicao"",""zh-CN"":""麦草"",""tr"":""Maicao"",""ru"":""Майкао"",""uk"":""Майкао"",""pl"":""Maicao"",""hi"":""मकाऊ"",""ar"":""مايكاو""}",2019-10-06T09:39:53,2025-12-02T14:39:31,1,Q23685927
21052,Majagual,2902,SUC,48,CO,adm2,,,8.53500000,-74.71499000,Machagno,31657,America/Bogota,"{""br"":""Majagual"",""ko"":""마자구알"",""pt-BR"":""Majagual"",""pt"":""Majagual"",""nl"":""Majagual"",""hr"":""Majagual"",""fa"":""ماگوال"",""de"":""Majagual"",""es"":""Majagual"",""fr"":""Majagual"",""ja"":""マハグアル"",""it"":""Majagual"",""zh-CN"":""马贾瓜尔"",""tr"":""Majagual"",""ru"":""Махагуаль"",""uk"":""Махагуаль"",""pl"":""Majagual"",""hi"":""माजागुआल"",""ar"":""ماجاوال""}",2019-10-06T09:39:53,2025-12-02T17:11:50,1,Q2173993
21053,Malambo,2880,ATL,48,CO,adm2,,,10.85953000,-74.77386000,Malambo,129148,America/Bogota,"{""br"":""Malambo"",""ko"":""말람보"",""pt-BR"":""Malambo"",""pt"":""Malambo"",""nl"":""Malambo"",""hr"":""Malambo"",""fa"":""مالامبو"",""de"":""Malambo"",""es"":""Malambo"",""fr"":""Malambo"",""ja"":""マランボ"",""it"":""Malambo"",""zh-CN"":""马兰博"",""tr"":""Malambo"",""ru"":""Маламбо"",""uk"":""Маламбо"",""pl"":""Malambo"",""hi"":""मालाम्बो"",""ar"":""مالامبو""}",2019-10-06T09:39:53,2025-12-02T14:39:31,1,Q23685951
21054,Mallama,2897,NAR,48,CO,adm2,,,1.14109000,-77.86479000,Malla,1788,America/Bogota,"{""br"":""Mallama"",""ko"":""말라마"",""pt-BR"":""Mallama"",""pt"":""Mallama"",""nl"":""Mallama"",""hr"":""Mallama"",""fa"":""مالاما"",""de"":""Mallama"",""es"":""Mallama"",""fr"":""Mallama"",""ja"":""マラマ"",""it"":""Mallama"",""zh-CN"":""马拉马"",""tr"":""Mallama"",""ru"":""Маллама"",""uk"":""Маллама"",""pl"":""Mallama"",""hi"":""मल्लामा"",""ar"":""مالاما""}",2019-10-06T04:09:54,2025-12-02T14:39:31,1,Q1576117
21055,Manatí,2880,ATL,48,CO,adm2,,,10.46402000,-74.98220000,Manatí,13456,America/Bogota,"{""br"":""Manatí"",""ko"":""마나티"",""pt-BR"":""Manatí"",""pt"":""Manatí"",""nl"":""Manatí"",""hr"":""Manati"",""fa"":""ماناتی"",""de"":""Manatí"",""es"":""Manatí"",""fr"":""Manati"",""ja"":""マナティ"",""it"":""Manatí"",""zh-CN"":""马纳蒂"",""tr"":""Manatí"",""ru"":""Манати"",""uk"":""Манаті"",""pl"":""Manatí"",""hi"":""मनाती"",""ar"":""ماناتي""}",2019-10-06T09:39:53,2025-12-02T17:11:50,1,Q2432352
21056,Manaure,2889,LAG,48,CO,adm2,,,11.77505000,-72.44447000,Manaure,9703,America/Bogota,"{""br"":""Manaure"",""ko"":""마나우레"",""pt-BR"":""Manaure"",""pt"":""Manaure"",""nl"":""Manaure"",""hr"":""Manaure"",""fa"":""مانور"",""de"":""Dünger"",""es"":""Manaure"",""fr"":""Fumier"",""ja"":""マナウレ"",""it"":""Manaure"",""zh-CN"":""马瑙雷"",""tr"":""Manaure"",""ru"":""Удобрение"",""uk"":""Манауре"",""pl"":""Manaure"",""hi"":""मैनौरे"",""ar"":""ماناوري""}",2019-10-06T09:39:53,2025-12-02T14:39:31,1,Q635230
21058,Manaure Balcón del Cesar,2899,CES,48,CO,adm2,,,10.39278000,-73.03250000,Manaure Balcón del Cesar,9313,America/Bogota,"{""br"":""Manaure Balcón del Cesar"",""ko"":""마나우레 발콘 델 세사르"",""pt-BR"":""Manaure Balcón del Cesar"",""pt"":""Manaure Balcón del Cesar"",""nl"":""Manaure Balcón del Cesar"",""hr"":""Manaure Balcón del Cesar"",""fa"":""مانور بالکن دل سزار"",""de"":""Manaure Balcón del Cesar"",""es"":""Manaure Balcón del Cesar"",""fr"":""Manaure Balcon du César"",""ja"":""マナウレ・バルコン・デル・セザール"",""it"":""Manaure Balcón del Cesar"",""zh-CN"":""凯撒阳台庄园"",""tr"":""Manaure Balcón del Cesar"",""ru"":""Manaure Balcón del Cesar"",""uk"":""Манауре Балкон дель Сезар"",""pl"":""Manaure Balcón del Cesar"",""hi"":""Manaure Balcón del Cesar"",""ar"":""Manaure Balcón del Cesar""}",2019-10-06T09:39:53,2025-12-02T14:38:56,1,Q936283
21059,Manizales,2887,CAL,48,CO,adm1,,,5.06889000,-75.51738000,Manizales,454494,America/Bogota,"{""br"":""Manizales"",""ko"":""마니살레스"",""pt-BR"":""Manizales"",""pt"":""Manizales"",""nl"":""Manizales"",""hr"":""Manizales"",""fa"":""مانیزالس"",""de"":""Manizales"",""es"":""Manizales"",""fr"":""Manizales"",""ja"":""マニサレス"",""it"":""Manizales"",""zh-CN"":""马尼萨莱斯"",""tr"":""Manizales"",""ru"":""Манисалес"",""uk"":""Манісалес"",""pl"":""Manizales"",""hi"":""मैनिज़लेस"",""ar"":""مانيزاليس""}",2019-10-06T09:39:53,2025-12-02T14:38:56,1,Q235190
21060,Manta,2875,CUN,48,CO,adm2,,,4.95720000,-73.58583000,Manta,4627,America/Bogota,"{""br"":""Manta"",""ko"":""만타"",""pt-BR"":""Manta"",""pt"":""Manta"",""nl"":""Manta"",""hr"":""Manta"",""fa"":""مانتا"",""de"":""Manta"",""es"":""Manta"",""fr"":""Manta"",""ja"":""マンタ"",""it"":""Manta"",""zh-CN"":""蝠鲼"",""tr"":""Manta"",""ru"":""Манта"",""uk"":""Манта"",""pl"":""Manta"",""hi"":""मंता"",""ar"":""مانتا""}",2019-10-06T09:39:53,2025-12-02T17:11:50,1,Q1654947
21061,Manzanares,2887,CAL,48,CO,adm2,,,5.23305000,-75.15168000,Manzanares,16532,America/Bogota,"{""br"":""Manzanares"",""ko"":""만사나레스"",""pt-BR"":""Manzanares"",""pt"":""Manzanares"",""nl"":""Manzanares"",""hr"":""Manzanares"",""fa"":""مانزانارس"",""de"":""Manzanares"",""es"":""Manzanares"",""fr"":""Manzanares"",""ja"":""マンサナレス"",""it"":""Manzanarre"",""zh-CN"":""曼萨纳雷斯"",""tr"":""Manzanares"",""ru"":""Мансанарес"",""uk"":""Мансанарес"",""pl"":""Manzanares"",""hi"":""मंज़ानारेस"",""ar"":""مانزاناريس""}",2019-10-06T09:39:53,2025-12-02T14:38:56,1,Q1442335
21062,Maní,2892,CAS,48,CO,adm2,,,4.81638000,-72.27946000,Maní,11177,America/Bogota,"{""br"":""Maní"",""ko"":""마니"",""pt-BR"":""Maní"",""pt"":""Maní"",""nl"":""Maní"",""hr"":""Maní"",""fa"":""مانی"",""de"":""Maní"",""es"":""Maní"",""fr"":""Mani"",""ja"":""マニ"",""it"":""Maní"",""zh-CN"":""马尼"",""tr"":""Mani"",""ru"":""Мани"",""uk"":""Мані"",""pl"":""Maní"",""hi"":""मणि"",""ar"":""ماني""}",2019-10-06T09:39:53,2025-12-02T14:38:56,1,Q1579380
21063,Mapiripana,2882,GUA,48,CO,city,,,2.81003000,-70.28568000,Las colinas,,America/Bogota,"{""br"":""Mapiripana"",""ko"":""마피리파나"",""pt-BR"":""Mapiripana"",""pt"":""Mapiripana"",""nl"":""Mapiripana"",""hr"":""Mapiripana"",""fa"":""ماپیریپانا"",""de"":""Mapiripana"",""es"":""Mapiripana"",""fr"":""Mapiripana"",""ja"":""マピリパナ"",""it"":""Mapiripana"",""zh-CN"":""马皮里帕纳"",""tr"":""Mapiripana"",""ru"":""Мапирипана"",""uk"":""Мапіріпана"",""pl"":""Mapiripana"",""hi"":""मापिरिपाना"",""ar"":""مابيريبانا""}",2019-10-06T09:39:53,2025-12-02T16:59:27,1,Q1579380
21064,Mapiripán,2878,MET,48,CO,adm2,,,2.89115000,-72.13328000,Mapiripán,6036,America/Bogota,"{""br"":""Mapiripán"",""ko"":""마피리판"",""pt-BR"":""Mapiripán"",""pt"":""Mapiripán"",""nl"":""Mapiripán"",""hr"":""Mapiripán"",""fa"":""ماپیریپان"",""de"":""Mapiripán"",""es"":""Mapiripán"",""fr"":""Mapiripán"",""ja"":""マピリパン"",""it"":""Mapiripán"",""zh-CN"":""马皮里潘"",""tr"":""Mapiripán"",""ru"":""Мапирипан"",""uk"":""Мапіріпан"",""pl"":""Mapiripán"",""hi"":""मापिरिपान"",""ar"":""مابيريبان""}",2019-10-06T09:39:53,2025-12-02T14:39:31,1,Q1525460
21065,Margarita,2893,BOL,48,CO,adm2,,,9.06325000,-74.28134000,Margarita,9876,America/Bogota,"{""br"":""Margarita"",""ko"":""마가리타"",""pt-BR"":""Margarida"",""pt"":""Margarida"",""nl"":""Margarita"",""hr"":""Margarita"",""fa"":""مارگاریتا"",""de"":""Margarita"",""es"":""Margarita"",""fr"":""Marguerite"",""ja"":""マルガリータ"",""it"":""Margherita"",""zh-CN"":""玛格丽塔"",""tr"":""Margarita"",""ru"":""Маргарита"",""uk"":""Маргарита"",""pl"":""Margarita"",""hi"":""मार्गरीटा"",""ar"":""مارغريتا""}",2019-10-06T09:39:53,2025-12-02T17:11:50,1,Q1575498
21066,Marinilla,2890,ANT,48,CO,adm2,,,6.19609000,-75.30313000,Marinilla,64645,America/Bogota,"{""br"":""Marinilla"",""ko"":""마리닐라"",""pt-BR"":""Marinilla"",""pt"":""Marinilla"",""nl"":""Marinella"",""hr"":""Marinilla"",""fa"":""مارینیلا"",""de"":""Marinilla"",""es"":""Marinilla"",""fr"":""Marinilla"",""ja"":""マリニラ"",""it"":""Marinilla"",""zh-CN"":""马里尼拉"",""tr"":""Marinilla"",""ru"":""Маринилла"",""uk"":""Марінілья"",""pl"":""Marinilla"",""hi"":""मारिनिला"",""ar"":""مارينيلا""}",2019-10-06T09:39:53,2025-12-02T17:11:50,1,Q2088084
21067,Maripí,2903,BOY,48,CO,adm2,,,5.55194000,-74.00861000,Marick,1143,America/Bogota,"{""br"":""Maripí"",""ko"":""마리피"",""pt-BR"":""Maripí"",""pt"":""Maripí"",""nl"":""Maripí"",""hr"":""Maripí"",""fa"":""ماریپی"",""de"":""Maripí"",""es"":""Maripí"",""fr"":""Maripi"",""ja"":""マリピ"",""it"":""Maripí"",""zh-CN"":""马里皮"",""tr"":""Maripí"",""ru"":""Марипи"",""uk"":""Маріпі"",""pl"":""Maripi"",""hi"":""मारिपी"",""ar"":""ماريبي""}",2019-10-06T09:39:53,2025-12-02T14:39:31,1,Q1574705
21068,Marmato,2887,CAL,48,CO,adm2,,,5.47554000,-75.59710000,Marmato,1456,America/Bogota,"{""br"":""Marmatez"",""ko"":""마마토"",""pt-BR"":""Marmato"",""pt"":""Marmato"",""nl"":""Marmato"",""hr"":""Marmato"",""fa"":""مارماتو"",""de"":""Marmato"",""es"":""Marmato"",""fr"":""Marmato"",""ja"":""マルマート"",""it"":""Marmato"",""zh-CN"":""马尔马托"",""tr"":""Marmato"",""ru"":""Мармато"",""uk"":""Мармато"",""pl"":""Marmato"",""hi"":""मार्माटो"",""ar"":""مارماتو""}",2019-10-06T09:39:53,2025-12-02T14:39:31,1,Q1577890
21069,Marquetalia,2887,CAL,48,CO,adm2,,,5.29069000,-75.08028000,Marquetalia,12146,America/Bogota,"{""br"":""Marquetalia"",""ko"":""마르케탈리아"",""pt-BR"":""Marquetália"",""pt"":""Marquetália"",""nl"":""Marquetalia"",""hr"":""Marquetalia"",""fa"":""مارکتالیا"",""de"":""Marquetalia"",""es"":""Marquetalia"",""fr"":""Marquetalia"",""ja"":""マルケタリア"",""it"":""Marquetalia"",""zh-CN"":""马克塔利亚"",""tr"":""Marquetalia"",""ru"":""Маркеталия"",""uk"":""Маркеталія"",""pl"":""Marquetalia"",""hi"":""मार्केटालिया"",""ar"":""ماركيتاليا""}",2019-10-06T09:39:53,2025-12-02T17:11:50,1,Q925735
21070,Marsella,2879,RIS,48,CO,adm2,,,4.95238000,-75.75265000,Marsella,15455,America/Bogota,"{""br"":""Marsella"",""ko"":""마르셀라"",""pt-BR"":""Marselha"",""pt"":""Marselha"",""nl"":""Marsella"",""hr"":""Marsella"",""fa"":""مارسلا"",""de"":""Marseille"",""es"":""Marsella"",""fr"":""Marseille"",""ja"":""マルセラ"",""it"":""Marsiglia"",""zh-CN"":""马塞拉"",""tr"":""Marsella"",""ru"":""Марселла"",""uk"":""Марселла"",""pl"":""Marsella"",""hi"":""मार्सेला"",""ar"":""مارسيلا""}",2019-10-06T09:39:53,2025-12-02T14:38:56,1,Q1441429
21071,Marulanda,2887,CAL,48,CO,adm2,,,5.28393000,-75.26016000,Marulanda,1256,America/Bogota,"{""br"":""Marulanda"",""ko"":""마룰란다"",""pt-BR"":""Marulanda"",""pt"":""Marulanda"",""nl"":""Marulanda"",""hr"":""Marulanda"",""fa"":""مارولاندا"",""de"":""Marulanda"",""es"":""Marulanda"",""fr"":""Marulanda"",""ja"":""マルランダ"",""it"":""Marulanda"",""zh-CN"":""马鲁兰达"",""tr"":""Marulanda"",""ru"":""Маруланда"",""uk"":""Маруланда"",""pl"":""Marulanda"",""hi"":""मारुलांडा"",""ar"":""مارولاندا""}",2019-10-06T09:39:53,2025-12-02T14:39:31,1,Q1654886
21072,María la Baja,2893,BOL,48,CO,adm2,,,9.99228000,-75.34364000,María la Baja,48079,America/Bogota,"{""br"":""María la Baja"",""ko"":""마리아 라 바하"",""pt-BR"":""Maria la Baja"",""pt"":""Maria la Baja"",""nl"":""Maria la Baja"",""hr"":""María la Baja"",""fa"":""ماریا لا باخا"",""de"":""María la Baja"",""es"":""María la Baja"",""fr"":""María la Baja"",""ja"":""マリア・ラ・バハ"",""it"":""Maria la Baja"",""zh-CN"":""玛丽亚·拉·巴哈"",""tr"":""Maria la Baja"",""ru"":""Мария ла Баха"",""uk"":""Марія-ла-Баха"",""pl"":""Maria Dolna"",""hi"":""मारिया ला बाजा"",""ar"":""ماريا لا باجا""}",2019-10-06T09:39:53,2025-12-02T17:11:50,1,Q597264
21073,Matanza,2901,SAN,48,CO,adm2,,,7.35605000,-73.05303000,Matanza,5840,America/Bogota,"{""br"":""Matanza"",""ko"":""마탄자"",""pt-BR"":""Matanza"",""pt"":""Matanza"",""nl"":""Matanza"",""hr"":""Matanza"",""fa"":""ماتانزا"",""de"":""Matanza"",""es"":""Matanza"",""fr"":""Matanza"",""ja"":""マタンサ"",""it"":""Matanza"",""zh-CN"":""马坦萨"",""tr"":""Matanza"",""ru"":""Матанса"",""uk"":""Матанза"",""pl"":""Matanza"",""hi"":""मतान्ज़ा"",""ar"":""ماتانزا""}",2019-10-06T09:39:53,2025-12-02T17:11:50,1,Q1574806
21074,Medellín,2890,ANT,48,CO,adm1,,,6.25184000,-75.56359000,Medellín,1999979,America/Bogota,"{""br"":""Medellin"",""ko"":""메데인"",""pt-BR"":""Medellín"",""pt"":""Medellín"",""nl"":""Medellin"",""hr"":""Medellín"",""fa"":""مدلین"",""de"":""Medellín"",""es"":""Medellín"",""fr"":""Medellín"",""ja"":""メデジン"",""it"":""Medellín"",""zh-CN"":""麦德林"",""tr"":""Medellín"",""ru"":""Медельин"",""uk"":""Медельїн"",""pl"":""Medellín"",""hi"":""मेडेलिन"",""ar"":""ميديلين""}",2019-10-06T09:39:53,2025-12-02T14:39:31,1,Q48278
21075,Medina,2875,CUN,48,CO,adm2,,,4.51005000,-73.34982000,Medina,7281,America/Bogota,"{""br"":""Medina"",""ko"":""메디나"",""pt-BR"":""Medina"",""pt"":""Medina"",""nl"":""Medina"",""hr"":""Medina"",""fa"":""مدینه"",""de"":""Medina"",""es"":""Medina"",""fr"":""Médine"",""ja"":""メディナ"",""it"":""Medina"",""zh-CN"":""麦地那"",""tr"":""Medine"",""ru"":""Медина"",""uk"":""Медіна"",""pl"":""Medyna"",""hi"":""मेडिना"",""ar"":""المدينة المنورة""}",2019-10-06T09:39:53,2025-12-02T14:39:31,1,Q1579406
21076,Medio Atrato,2876,CHO,48,CO,adm2,,,5.99500000,-76.78250000,Medio Atrato,0,America/Bogota,"{""br"":""Medio Atrato"",""ko"":""메디오 아트라토"",""pt-BR"":""Médio Atrato"",""pt"":""Médio Atrato"",""nl"":""Medio Atrato"",""hr"":""Medio Atrato"",""fa"":""مدیو آتراتو"",""de"":""Medio Atrato"",""es"":""Medio Atrato"",""fr"":""Moyen Atrato"",""ja"":""メディオ・アトラト"",""it"":""Medio Atrato"",""zh-CN"":""梅迪奥·阿特拉托"",""tr"":""Orta Atrato"",""ru"":""Медио Атрато"",""uk"":""Медіо Атрато"",""pl"":""Średnio atrakcyjny"",""hi"":""मेडियो अत्रातो"",""ar"":""ميديو أتراتو""}",2019-10-06T09:39:53,2025-12-02T14:39:31,1,Q1442444
21077,Medio Baudó,2876,CHO,48,CO,adm2,,,5.05000000,-77.05000000,Medio Baudó,13423,America/Bogota,"{""br"":""Medio Baudó"",""ko"":""메디오 바우도"",""pt-BR"":""Médio Baudó"",""pt"":""Médio Baudó"",""nl"":""Medio Baudó"",""hr"":""Medio Baudó"",""fa"":""مدیو بائودو"",""de"":""Medio Baudó"",""es"":""Medio Baudó"",""fr"":""Medio Baudó"",""ja"":""メディオ・バウド"",""it"":""Medio Baudó"",""zh-CN"":""梅迪奥·鲍多"",""tr"":""Medio Baudó"",""ru"":""Медио Баудо"",""uk"":""Медіо Баудо"",""pl"":""Medio Baudó"",""hi"":""मेडियो बाउडो"",""ar"":""ميديو بودو""}",2019-10-06T09:39:53,2025-12-02T17:11:50,1,Q1525732
21078,Medio San Juan,2876,CHO,48,CO,adm2,,,5.09278000,-76.69528000,Medio San Juan,13788,America/Bogota,"{""br"":""Medio San Juan"",""ko"":""메디오 산 후안"",""pt-BR"":""Médio San Juan"",""pt"":""Médio San Juan"",""nl"":""Medio San Juan"",""hr"":""Medio San Juan"",""fa"":""مدیو سان خوان"",""de"":""Medio San Juan"",""es"":""Medio San Juan"",""fr"":""Medio San Juan"",""ja"":""メディオ・サン・フアン"",""it"":""Medio San Juan"",""zh-CN"":""梅迪奥圣胡安"",""tr"":""Orta San Juan"",""ru"":""Медио Сан Хуан"",""uk"":""Медіо Сан-Хуан"",""pl"":""Medio San Juan"",""hi"":""मेडियो सैन जुआन"",""ar"":""ميديو سان خوان""}",2019-10-06T09:39:53,2025-12-02T14:39:31,1,Q1526086
21079,Melgar,2883,TOL,48,CO,adm2,,,4.20475000,-74.64075000,Melgar,25980,America/Bogota,"{""br"":""Melgar"",""ko"":""멜가르"",""pt-BR"":""Melgar"",""pt"":""Melgar"",""nl"":""Melgar"",""hr"":""Melgar"",""fa"":""ملگار"",""de"":""Melgar"",""es"":""Melgar"",""fr"":""Melgar"",""ja"":""メルガー"",""it"":""Melgar"",""zh-CN"":""梅尔加"",""tr"":""Melgar"",""ru"":""Мельгар"",""uk"":""Мельгар"",""pl"":""Melgar"",""hi"":""मेल्गर"",""ar"":""ميلغار""}",2019-10-06T09:39:53,2025-12-02T14:39:31,1,Q23686372
21080,Mercaderes,2884,CAU,48,CO,city,,,1.80175000,-77.17032000,Mercaderes,14824,America/Bogota,"{""br"":""Mercaderes"",""ko"":""메르카데레스"",""pt-BR"":""Mercadores"",""pt"":""Mercadores"",""nl"":""Mercaderes"",""hr"":""Mercaderes"",""fa"":""مرکادرز"",""de"":""Mercaderes"",""es"":""Mercaderes"",""fr"":""Mercaderes"",""ja"":""メルカデレス"",""it"":""Mercaderes"",""zh-CN"":""梅卡德雷斯"",""tr"":""Mercaderes"",""ru"":""Меркадерес"",""uk"":""Меркадерес"",""pl"":""Mercaderes"",""hi"":""मर्केडेरेस"",""ar"":""سيارات""}",2019-10-06T09:39:53,2025-12-02T14:38:56,1,Q1526078
21081,Mesetas,2878,MET,48,CO,adm2,,,3.38463000,-74.04424000,Mesetas,10695,America/Bogota,"{""br"":""Mesetas"",""ko"":""메세타스"",""pt-BR"":""Mesetas"",""pt"":""Mesetas"",""nl"":""Meseta's"",""hr"":""Mesetas"",""fa"":""مستاس"",""de"":""Meseten"",""es"":""Mesetas"",""fr"":""Mesetas"",""ja"":""メセタ"",""it"":""Mesetas"",""zh-CN"":""梅塞塔斯"",""tr"":""Mesetas"",""ru"":""Месетас"",""uk"":""Месетас"",""pl"":""Mesetas"",""hi"":""मेसेटास"",""ar"":""ميسيتاس""}",2019-10-06T09:39:53,2025-12-02T14:38:56,1,Q1574693
21082,Milán,2891,CAQ,48,CO,adm2,,,1.29034000,-75.50757000,Milán,7507,America/Bogota,"{""br"":""Milán"",""ko"":""밀란"",""pt-BR"":""Milão"",""pt"":""Milão"",""nl"":""Milaan"",""hr"":""Milano"",""fa"":""میلان"",""de"":""Mailand"",""es"":""Milán"",""fr"":""Milan"",""ja"":""ミラノ"",""it"":""Milano"",""zh-CN"":""米兰"",""tr"":""Milano"",""ru"":""Милан"",""uk"":""Мілан"",""pl"":""Mediolan"",""hi"":""मिलान"",""ar"":""ميلانو""}",2019-10-06T09:39:53,2025-12-02T14:39:31,1,Q1576645
21083,Miraflores,2888,GUV,48,CO,adm2,,,1.33667000,-71.95111000,Miraflores,5007,America/Bogota,"{""br"":""Miraflores"",""ko"":""미라플로레스"",""pt-BR"":""Miraflores"",""pt"":""Miraflores"",""nl"":""Miraflores"",""hr"":""Miraflores"",""fa"":""میرافلورس"",""de"":""Miraflores"",""es"":""Miraflores"",""fr"":""Miraflores"",""ja"":""ミラフローレス"",""it"":""Miraflores"",""zh-CN"":""米拉弗洛雷斯"",""tr"":""Miraflores"",""ru"":""Мирафлорес"",""uk"":""Мірафлорес"",""pl"":""Miraflores"",""hi"":""मिराफ्लोरेस"",""ar"":""ميرافلوريس""}",2019-10-06T09:39:53,2025-12-02T14:39:31,1,Q980001
21084,Miraflores,2903,BOY,48,CO,adm2,,,5.12216000,-73.21212000,Miraflores,8274,America/Bogota,"{""br"":""Miraflores"",""ko"":""미라플로레스"",""pt-BR"":""Miraflores"",""pt"":""Miraflores"",""nl"":""Miraflores"",""hr"":""Miraflores"",""fa"":""میرافلورس"",""de"":""Miraflores"",""es"":""Miraflores"",""fr"":""Miraflores"",""ja"":""ミラフローレス"",""it"":""Miraflores"",""zh-CN"":""米拉弗洛雷斯"",""tr"":""Miraflores"",""ru"":""Мирафлорес"",""uk"":""Мірафлорес"",""pl"":""Miraflores"",""hi"":""मिराफ्लोरेस"",""ar"":""ميرافلوريس""}",2019-10-06T09:39:53,2025-12-02T17:11:50,1,Q2266341
21085,Miranda,2884,CAU,48,CO,adm2,,,3.23773000,-76.22093000,Miranda,43333,America/Bogota,"{""br"":""Miranda"",""ko"":""미란다"",""pt-BR"":""Miranda"",""pt"":""Miranda"",""nl"":""Miranda"",""hr"":""Miranda"",""fa"":""میراندا"",""de"":""Miranda"",""es"":""Miranda"",""fr"":""Miranda"",""ja"":""ミランダ"",""it"":""Miranda"",""zh-CN"":""米兰达"",""tr"":""Miranda"",""ru"":""Миранда"",""uk"":""Міранда"",""pl"":""Miranda"",""hi"":""मिरांडा"",""ar"":""ميراندا""}",2019-10-06T09:39:53,2025-12-02T14:38:56,1,Q2308999
21086,Miriti - Paraná,2895,AMA,48,CO,city,,,-0.81858000,-70.78925000,Miriti - Paraná,,America/Bogota,"{""br"":""Miriti - Paraná"",""ko"":""미리티 - 파라나"",""pt-BR"":""Miriti - Paraná"",""pt"":""Miriti - Paraná"",""nl"":""Miriti - Paraná"",""hr"":""Miriti - Paraná"",""fa"":""میریتی - پارانا"",""de"":""Miriti - Paraná"",""es"":""Miriti - Paraná"",""fr"":""Miriti - Paraná"",""ja"":""ミリティ - パラナ"",""it"":""Miriti - Paraná"",""zh-CN"":""米里蒂 - 巴拉那"",""tr"":""Miriti - Paraná"",""ru"":""Мирити - Парана"",""uk"":""Міріті - Парана"",""pl"":""Miriti - Paraná"",""hi"":""मिरीति - पराना"",""ar"":""ميريتي - بارانا""}",2019-10-06T09:39:53,2025-12-02T16:59:27,1,Q2308999
21087,Mistrató,2879,RIS,48,CO,city,,,5.29622000,-75.88390000,Mistrató,6263,America/Bogota,"{""br"":""Mistrató"",""ko"":""미스트라토"",""pt-BR"":""Mistrató"",""pt"":""Mistrató"",""nl"":""Mistrató"",""hr"":""Mistrató"",""fa"":""میستراتو"",""de"":""Mistrató"",""es"":""Mistrató"",""fr"":""Mistrató"",""ja"":""ミストラト"",""it"":""Mistrató"",""zh-CN"":""米斯特拉托"",""tr"":""Mistrato"",""ru"":""Мистрато"",""uk"":""Містрато"",""pl"":""Mistrató"",""hi"":""मिस्ट्राटो"",""ar"":""ميستراتو""}",2019-10-06T09:39:53,2025-12-02T14:39:31,1,Q923166
21088,Mitú,2885,VAU,48,CO,adm1,,,1.25778000,-70.23472000,Mitú,29850,America/Bogota,"{""br"":""Mitú"",""ko"":""미투"",""pt-BR"":""Mitú"",""pt"":""Mitú"",""nl"":""Mitú"",""hr"":""Mitú"",""fa"":""میتو"",""de"":""Mitú"",""es"":""Mitú"",""fr"":""Mitu"",""ja"":""ミトゥ"",""it"":""Mitú"",""zh-CN"":""米图"",""tr"":""Mitú"",""ru"":""Миту"",""uk"":""Міту"",""pl"":""Mitú"",""hi"":""Mitu"",""ar"":""ميتو""}",2019-10-06T09:39:53,2025-12-02T14:38:56,1,Q130242
21089,Mocoa,2896,PUT,48,CO,adm1,,,1.15284000,-76.65208000,Mocoa,56398,America/Bogota,"{""br"":""Mocoa"",""ko"":""모코아"",""pt-BR"":""Mocoa"",""pt"":""Mocoa"",""nl"":""Mocoa"",""hr"":""Mocoa"",""fa"":""موکوا"",""de"":""Mocoa"",""es"":""Mocoa"",""fr"":""Mocaa"",""ja"":""モコア"",""it"":""Mocoa"",""zh-CN"":""莫科阿"",""tr"":""Mocoa"",""ru"":""Мокоа"",""uk"":""Мокоа"",""pl"":""Mocoa"",""hi"":""मोकोआ"",""ar"":""موكوا""}",2019-10-06T09:39:53,2025-12-02T14:39:31,1,Q579803
21090,Mogotes,2901,SAN,48,CO,adm2,,,6.47559000,-72.97046000,Mogotes,10165,America/Bogota,"{""br"":""Mogoted"",""ko"":""모고테스"",""pt-BR"":""Mogotes"",""pt"":""Mogotes"",""nl"":""Mogotes"",""hr"":""Mogotes"",""fa"":""موگوتس"",""de"":""Mogotes"",""es"":""Mogotes"",""fr"":""Mogotes"",""ja"":""モゴテス"",""it"":""Mogotes"",""zh-CN"":""莫戈特斯"",""tr"":""Mogotlar"",""ru"":""Моготес"",""uk"":""Моготес"",""pl"":""Mogotes"",""hi"":""मोगोटेस"",""ar"":""موغوتيس""}",2019-10-06T09:39:53,2025-12-02T14:38:56,1,Q1577177
21091,Molagavita,2901,SAN,48,CO,adm2,,,6.67315000,-72.80875000,Molagavita,1205,America/Bogota,"{""br"":""Molagavita"",""ko"":""몰라가비타"",""pt-BR"":""Molagavita"",""pt"":""Molagavita"",""nl"":""Molagavita"",""hr"":""Molagavita"",""fa"":""مولاگاویتا"",""de"":""Molagavita"",""es"":""Molagavita"",""fr"":""Molagavita"",""ja"":""モラガヴィータ"",""it"":""Molagavita"",""zh-CN"":""莫拉加维塔"",""tr"":""Molagavita"",""ru"":""Молагавита"",""uk"":""Молагавіта"",""pl"":""Molagavita"",""hi"":""मोलागाविटा"",""ar"":""مولاجافيتا""}",2019-10-06T09:39:53,2025-12-02T14:39:31,1,Q1575454
21092,Momil,2898,COR,48,CO,adm2,,,9.23767000,-75.67489000,Momil,16264,America/Bogota,"{""br"":""Momil"",""ko"":""모밀"",""pt-BR"":""Momil"",""pt"":""Momil"",""nl"":""Momil"",""hr"":""Momil"",""fa"":""مومیل"",""de"":""Momil"",""es"":""Mamá"",""fr"":""Maman"",""ja"":""モミル"",""it"":""Mamma"",""zh-CN"":""莫米尔"",""tr"":""Annem"",""ru"":""Момил"",""uk"":""Моміл"",""pl"":""Momil"",""hi"":""मोमिल"",""ar"":""موميل""}",2019-10-06T09:39:53,2025-12-02T14:38:56,1,Q24831
21093,Mompós,2893,BOL,48,CO,adm2,,,9.13990000,-74.54513000,Momento,0,America/Bogota,"{""br"":""Mompos"",""ko"":""몸포스"",""pt-BR"":""Mompós"",""pt"":""Mompós"",""nl"":""Mompós"",""hr"":""Mompós"",""fa"":""مومپوس"",""de"":""Mompós"",""es"":""Mompós"",""fr"":""Mompós"",""ja"":""モンポス"",""it"":""Mompós"",""zh-CN"":""蒙波什"",""tr"":""Mompós"",""ru"":""Момпос"",""uk"":""Момпос"",""pl"":""Mompós"",""hi"":""मोम्पोस"",""ar"":""مومبوس""}",2019-10-06T09:39:53,2025-12-02T17:11:50,1,Q24831
21094,Mongua,2903,BOY,48,CO,adm2,,,5.75084000,-72.80339000,Mongua,2322,America/Bogota,"{""br"":""Mongua"",""ko"":""몽구아"",""pt-BR"":""Mongua"",""pt"":""Mongua"",""nl"":""Mongua"",""hr"":""Mongua"",""fa"":""مونگوآ"",""de"":""Mongua"",""es"":""Mongua"",""fr"":""Mongue"",""ja"":""モングア"",""it"":""Mongua"",""zh-CN"":""蒙瓜"",""tr"":""Mongua"",""ru"":""Монгуа"",""uk"":""Монгуа"",""pl"":""Mongua"",""hi"":""मोंगुआ"",""ar"":""مونغوا""}",2019-10-06T09:39:53,2025-12-02T14:39:31,1,Q1656199
21095,Monguí,2903,BOY,48,CO,adm2,,,5.69752000,-72.83359000,Monguí,2299,America/Bogota,"{""br"":""Monguí"",""ko"":""몽기"",""pt-BR"":""Mongui"",""pt"":""Mongui"",""nl"":""Monguí"",""hr"":""Monguí"",""fa"":""مونگویی"",""de"":""Monguí"",""es"":""Monguí"",""fr"":""Monguí"",""ja"":""モンギ"",""it"":""Monguí"",""zh-CN"":""蒙圭"",""tr"":""Monguí"",""ru"":""Монги"",""uk"":""Монгі"",""pl"":""Monguí"",""hi"":""मोंगुई"",""ar"":""مونغوي""}",2019-10-06T09:39:53,2025-12-02T14:39:31,1,Q1654539
21096,Moniquirá,2903,BOY,48,CO,adm2,,,5.84315000,-73.57775000,Moniquirá,20848,America/Bogota,"{""br"":""Moniquirá"",""ko"":""모니키라"",""pt-BR"":""Moniquirá"",""pt"":""Moniquirá"",""nl"":""Moniquirá"",""hr"":""Moniquirá"",""fa"":""مونیکیرا"",""de"":""Moniquirá"",""es"":""Moniquirá"",""fr"":""Moniquira"",""ja"":""モニキラ"",""it"":""Moniquirá"",""zh-CN"":""莫尼基拉"",""tr"":""Moniquirá"",""ru"":""Моникира"",""uk"":""Монікіра"",""pl"":""Moniquirá"",""hi"":""मोनिक्विरा"",""ar"":""مونيكويرا""}",2019-10-06T09:39:53,2025-12-02T14:38:56,1,Q1440715
21097,Montebello,2890,ANT,48,CO,adm2,,,5.93703000,-75.52741000,Montebello,2007,America/Bogota,"{""br"":""Montebello"",""ko"":""몬테벨로"",""pt-BR"":""Montebello"",""pt"":""Montebello"",""nl"":""Montebello"",""hr"":""Montebello"",""fa"":""مونته‌بلو"",""de"":""Montebello"",""es"":""Montebello"",""fr"":""Montebello"",""ja"":""モンテベロ"",""it"":""Montebello"",""zh-CN"":""蒙特贝罗"",""tr"":""Montebello"",""ru"":""Монтебелло"",""uk"":""Монтебелло"",""pl"":""Montebello"",""hi"":""Montebello"",""ar"":""مونتيبيلو""}",2019-10-06T09:39:53,2025-12-02T14:39:31,1,Q1577236
21098,Montecristo,2893,BOL,48,CO,adm2,,,8.29710000,-74.47330000,Montecristo,13470,America/Bogota,"{""br"":""Montecristo"",""ko"":""몬테크리스토"",""pt-BR"":""Montecristo"",""pt"":""Montecristo"",""nl"":""Montecristo"",""hr"":""Montecristo"",""fa"":""مونته‌کریستو"",""de"":""Montecristo"",""es"":""Montecristo"",""fr"":""Monte-Cristo"",""ja"":""モンテクリスト"",""it"":""Montecristo"",""zh-CN"":""蒙特克里斯托"",""tr"":""Montecristo"",""ru"":""Монтекристо"",""uk"":""Монтекрісто"",""pl"":""Montecristo"",""hi"":""मोंटेक्रिस्टो"",""ar"":""مونتي كريستو""}",2019-10-06T09:39:53,2025-12-02T14:39:31,1,Q1526097
21099,Montelíbano,2898,COR,48,CO,city,,,7.97917000,-75.42020000,Montelíbano,90450,America/Bogota,"{""br"":""Montelíbano"",""ko"":""몬테리바노"",""pt-BR"":""Montelíbano"",""pt"":""Montelíbano"",""nl"":""Montelíbano"",""hr"":""Montelíbano"",""fa"":""مونته‌لبانو"",""de"":""Montelíbano"",""es"":""Montelíbano"",""fr"":""Montelibano"",""ja"":""モンテリバノ"",""it"":""Montelibano"",""zh-CN"":""蒙特利巴诺"",""tr"":""Montelíbano"",""ru"":""Монтелибано"",""uk"":""Монтелібано"",""pl"":""Montelíbano"",""hi"":""मोंटेलिबानो"",""ar"":""مونتيليبانو""}",2019-10-06T09:39:53,2025-12-02T14:38:56,1,Q1787546
21100,Montenegro,2874,QUI,48,CO,adm2,,,4.52676000,-75.82265000,Montenegro,41996,America/Bogota,"{""br"":""Montenegro"",""ko"":""몬테네그로"",""pt-BR"":""Montenegro"",""pt"":""Montenegro"",""nl"":""Montenegro"",""hr"":""Crna Gora"",""fa"":""مونته‌نگرو"",""de"":""Montenegro"",""es"":""Montenegro"",""fr"":""Monténégro"",""ja"":""モンテネグロ"",""it"":""Montenegro"",""zh-CN"":""黑山"",""tr"":""Karadağ"",""ru"":""Черногория"",""uk"":""Чорногорія"",""pl"":""Czarnogóra"",""hi"":""मोंटेनेग्रो"",""ar"":""الجبل الأسود""}",2019-10-06T09:39:53,2025-12-02T17:11:50,1,Q1256403
21101,Monterrey,2892,CAS,48,CO,adm2,,,4.82015000,-72.87901000,Monterrey,14828,America/Bogota,"{""br"":""Monterrey"",""ko"":""몬테레이"",""pt-BR"":""Monterrey"",""pt"":""Monterrey"",""nl"":""Monterrey"",""hr"":""Monterrey"",""fa"":""مونتری"",""de"":""Monterrey"",""es"":""Monterrey"",""fr"":""Monterrey"",""ja"":""モンテレー"",""it"":""Monterrey"",""zh-CN"":""蒙特雷"",""tr"":""Monterrey"",""ru"":""Монтеррей"",""uk"":""Монтеррей"",""pl"":""Monterrey"",""hi"":""मॉन्टेरी"",""ar"":""مونتيري""}",2019-10-06T09:39:53,2025-12-02T14:38:56,1,Q1525276
21102,Montería,2898,COR,48,CO,adm1,,,8.74798000,-75.88143000,Montería,400000,America/Bogota,"{""br"":""Montería"",""ko"":""몬테리아"",""pt-BR"":""Montería"",""pt"":""Montería"",""nl"":""Montería"",""hr"":""Monterija"",""fa"":""مونتریا"",""de"":""Montería"",""es"":""Montería"",""fr"":""Montería"",""ja"":""モンテリア"",""it"":""Montería"",""zh-CN"":""蒙特里亚"",""tr"":""Montería"",""ru"":""Монтерия"",""uk"":""Монтерія"",""pl"":""Montería"",""hi"":""मोंटेरिया"",""ar"":""مونتيريا""}",2019-10-06T09:39:53,2025-12-02T14:38:56,1,Q852725
21103,Morales,2884,CAU,48,CO,adm2,,,2.75446000,-76.62791000,Moral,29737,America/Bogota,"{""br"":""Morales"",""ko"":""모랄레스"",""pt-BR"":""Morales"",""pt"":""Morales"",""nl"":""Morales"",""hr"":""Morales"",""fa"":""مورالس"",""de"":""Morales"",""es"":""Morales"",""fr"":""Morales"",""ja"":""モラレス"",""it"":""Morales"",""zh-CN"":""莫拉莱斯"",""tr"":""Morales"",""ru"":""Моралес"",""uk"":""Моралес"",""pl"":""Morales"",""hi"":""मोरालेस"",""ar"":""موراليس""}",2019-10-06T09:39:53,2025-12-02T14:38:56,1,Q23704478
21104,Morales,2893,BOL,48,CO,adm2,,,8.27520000,-73.86884000,Moral,18678,America/Bogota,"{""br"":""Morales"",""ko"":""모랄레스"",""pt-BR"":""Morales"",""pt"":""Morales"",""nl"":""Morales"",""hr"":""Morales"",""fa"":""مورالس"",""de"":""Morales"",""es"":""Morales"",""fr"":""Morales"",""ja"":""モラレス"",""it"":""Morales"",""zh-CN"":""莫拉莱斯"",""tr"":""Morales"",""ru"":""Моралес"",""uk"":""Моралес"",""pl"":""Morales"",""hi"":""मोरालेस"",""ar"":""موراليس""}",2019-10-06T09:39:53,2025-12-02T14:39:31,1,Q2432408
21105,Morelia,2891,CAQ,48,CO,adm2,,,1.48747000,-75.72581000,Morelia,2257,America/Bogota,"{""br"":""Morelia"",""ko"":""모렐리아"",""pt-BR"":""Morelia"",""pt"":""Morelia"",""nl"":""Morelia"",""hr"":""Morelia"",""fa"":""مورلیا"",""de"":""Morelia"",""es"":""Morelia"",""fr"":""Morelia"",""ja"":""モレリア"",""it"":""Morelia"",""zh-CN"":""莫雷利亚"",""tr"":""Morelia"",""ru"":""Морелия"",""uk"":""Морелія"",""pl"":""Morelia"",""hi"":""मोरेलिया"",""ar"":""موريليا""}",2019-10-06T09:39:53,2025-12-02T14:39:31,1,Q1654632
21106,Morichal,2882,GUA,48,CO,city,,,2.42980000,-69.83284000,Morichal,,America/Bogota,"{""br"":""Morichal"",""ko"":""모리찰"",""pt-BR"":""Morichal"",""pt"":""Morichal"",""nl"":""Morichal"",""hr"":""Morichal"",""fa"":""موریچال"",""de"":""Morichal"",""es"":""Morichal"",""fr"":""Morichal"",""ja"":""モリシャル"",""it"":""Morichal"",""zh-CN"":""莫里查尔"",""tr"":""Morichal"",""ru"":""Моричал"",""uk"":""Моріхал"",""pl"":""Morichal"",""hi"":""मोरिचल"",""ar"":""موريتشال""}",2019-10-06T09:39:53,2025-12-02T16:59:27,1,Q1654632
21107,Morroa,2902,SUC,48,CO,adm2,,,9.33348000,-75.30542000,Gofre,4949,America/Bogota,"{""br"":""Morroa"",""ko"":""모로아"",""pt-BR"":""Morroa"",""pt"":""Morroa"",""nl"":""Morroa"",""hr"":""Morroa"",""fa"":""موروآ"",""de"":""Morroa"",""es"":""Morroa"",""fr"":""Morroa"",""ja"":""モロア"",""it"":""Morroa"",""zh-CN"":""莫罗阿"",""tr"":""Morroa"",""ru"":""Морроа"",""uk"":""Морроа"",""pl"":""Morroa"",""hi"":""मोरोआ"",""ar"":""مورووا""}",2019-10-06T09:39:53,2025-12-02T14:39:31,1,Q1526204
21108,Mosquera,2897,NAR,48,CO,adm2,,,2.49139000,-78.44307000,Mezquita,10203,America/Bogota,"{""br"":""Moskera"",""ko"":""모스케라"",""pt-BR"":""Mosquera"",""pt"":""Mosquera"",""nl"":""Mosquera"",""hr"":""Mosquera"",""fa"":""موسکورا"",""de"":""Mosquera"",""es"":""Mosquera"",""fr"":""Mosquée"",""ja"":""モスケラ"",""it"":""Mosquera"",""zh-CN"":""莫斯克拉"",""tr"":""Camira"",""ru"":""Москера"",""uk"":""Москера"",""pl"":""Meczet"",""hi"":""मॉस्केरा"",""ar"":""موسكيرا""}",2019-10-06T09:39:53,2025-12-02T14:39:31,1,Q2432971
21109,Mosquera,2875,CUN,48,CO,adm2,,,4.68935000,-74.23599000,Mezquita,128012,America/Bogota,"{""br"":""Moskera"",""ko"":""모스케라"",""pt-BR"":""Mosquera"",""pt"":""Mosquera"",""nl"":""Mosquera"",""hr"":""Mosquera"",""fa"":""موسکورا"",""de"":""Mosquera"",""es"":""Mosquera"",""fr"":""Mosquée"",""ja"":""モスケラ"",""it"":""Mosquera"",""zh-CN"":""莫斯克拉"",""tr"":""Camira"",""ru"":""Москера"",""uk"":""Москера"",""pl"":""Meczet"",""hi"":""मॉस्केरा"",""ar"":""موسكيرا""}",2019-10-06T09:39:53,2025-12-02T14:39:31,1,Q2432909
21110,Motavita,2903,BOY,48,CO,adm2,,,5.57655000,-73.36696000,Perturbado,392,America/Bogota,"{""br"":""Motavita"",""ko"":""모타비타"",""pt-BR"":""Motavita"",""pt"":""Motavita"",""nl"":""Motavita"",""hr"":""Motavita"",""fa"":""موتویتا"",""de"":""Motavita"",""es"":""Motavita"",""fr"":""Motavita"",""ja"":""モタビタ"",""it"":""Motavita"",""zh-CN"":""莫塔维塔"",""tr"":""Motavita"",""ru"":""Мотавита"",""uk"":""Мотавіта"",""pl"":""Motavita"",""hi"":""मोटाविता"",""ar"":""موتافيتا""}",2019-10-06T09:39:53,2025-12-02T14:39:31,1,Q1577790
21112,Moñitos,2898,COR,48,CO,adm2,,,9.22615000,-76.13594000,Moñitos,0,America/Bogota,"{""br"":""Moñitos"",""ko"":""모니토스"",""pt-BR"":""Moñitos"",""pt"":""Moñitos"",""nl"":""Monitos"",""hr"":""Moñitos"",""fa"":""مونیتوس"",""de"":""Moñitos"",""es"":""Moñitos"",""fr"":""Moñitos"",""ja"":""モニトス"",""it"":""Moñitos"",""zh-CN"":""莫尼托斯"",""tr"":""Moñitos"",""ru"":""Монитос"",""uk"":""Монітос"",""pl"":""Moñitos"",""hi"":""monitos"",""ar"":""مونيتو""}",2019-10-06T09:39:53,2025-12-02T14:39:31,1,Q1441218
21117,San Pedro de los Milagros,2890,ANT,48,CO,city,,,6.45944444,-75.55777888,San Pedro de los Milagros,17119,America/Bogota,"{""br"":""San Pedro de los Milagros"",""ko"":""산 페드로 데 로스 밀라그로스"",""pt-BR"":""São Pedro dos Milagres"",""pt"":""São Pedro dos Milagres"",""nl"":""San Pedro de los Milagros"",""hr"":""San Pedro de los Milagros"",""fa"":""سن پدرو د لوس میلاگروس"",""de"":""San Pedro de los Milagros"",""es"":""San Pedro de los Milagros"",""fr"":""San Pedro de los Milagros"",""ja"":""サン・ペドロ・デ・ロス・ミラグロス"",""it"":""San Pedro de los Milagros"",""zh-CN"":""圣佩德罗德洛斯米拉格罗斯"",""tr"":""San Pedro de los Milagros"",""ru"":""Сан-Педро-де-лос-Милагрос"",""uk"":""Сан-Педро-де-лос-Мілагрос"",""pl"":""San Pedro de los Milagros"",""hi"":""सैन पेड्रो डे लॉस मिलाग्रोस"",""ar"":""سان بيدرو دي لوس ميلاغروس""}",2019-10-06T04:09:53,2025-12-02T16:59:27,1,Q1441754
21119,Murillo,2883,TOL,48,CO,adm2,,,4.87393000,-75.17151000,Murillo,1860,America/Bogota,"{""br"":""Murillo"",""ko"":""무릴로"",""pt-BR"":""Murillo"",""pt"":""Murillo"",""nl"":""Murillo"",""hr"":""Murillo"",""fa"":""موریلو"",""de"":""Murillo"",""es"":""Murillo"",""fr"":""Murillo"",""ja"":""ムリーリョ"",""it"":""Murillo"",""zh-CN"":""穆里略"",""tr"":""Murillo"",""ru"":""Мурильо"",""uk"":""Мурільйо"",""pl"":""Murillo"",""hi"":""मुरिलो"",""ar"":""موريلو""}",2019-10-06T09:39:53,2025-12-02T14:39:31,1,Q23687025
21120,Murindó,2890,ANT,48,CO,adm2,,,6.84698000,-76.71544000,Murindó,3736,America/Bogota,"{""br"":""Murindó"",""ko"":""무린도"",""pt-BR"":""Murindó"",""pt"":""Murindó"",""nl"":""Murindó"",""hr"":""Murindó"",""fa"":""موریندو"",""de"":""Murindó"",""es"":""Murindó"",""fr"":""Murindó"",""ja"":""ムリンド"",""it"":""Murindó"",""zh-CN"":""穆林多"",""tr"":""Murindó"",""ru"":""Муриндо"",""uk"":""Муріндо"",""pl"":""Murindó"",""hi"":""मुरिंडो"",""ar"":""موريندو""}",2019-10-06T09:39:53,2025-12-02T17:11:50,1,Q1655857
21121,Mutatá,2890,ANT,48,CO,adm2,,,7.24407000,-76.43564000,Mutatá,12607,America/Bogota,"{""br"":""Mutatá"",""ko"":""무타타"",""pt-BR"":""Mutatá"",""pt"":""Mutatá"",""nl"":""Mutatá"",""hr"":""Mutatá"",""fa"":""موتاتا"",""de"":""Mutatá"",""es"":""Mutatá"",""fr"":""Mutatá"",""ja"":""ムタタ"",""it"":""Mutatá"",""zh-CN"":""穆塔塔"",""tr"":""Mutatá"",""ru"":""Мутата"",""uk"":""Мутата"",""pl"":""Mutatá"",""hi"":""मुताता"",""ar"":""موتاتا""}",2019-10-06T09:39:53,2025-12-02T14:38:56,1,Q1525997
21122,Mutiscua,2877,NSA,48,CO,adm2,,,7.29810000,-72.79879000,Mutiscua,3759,America/Bogota,"{""br"":""Mutiscua"",""ko"":""무티스쿠아"",""pt-BR"":""Mutiscua"",""pt"":""Mutiscua"",""nl"":""Mutiscua"",""hr"":""Mutiscua"",""fa"":""موتیسکوا"",""de"":""Mutiscua"",""es"":""Mutiscua"",""fr"":""Mutiscua"",""ja"":""ムティスクア"",""it"":""Multiscua"",""zh-CN"":""穆蒂斯库亚"",""tr"":""Mutiscua"",""ru"":""Мутискуа"",""uk"":""Мутіскуа"",""pl"":""Mutiscua"",""hi"":""मुतिस्कुआ"",""ar"":""موتيسكوا""}",2019-10-06T09:39:53,2025-12-02T17:11:50,1,Q1656003
21123,Muzo,2903,BOY,48,CO,adm2,,,5.53528000,-74.10778000,Nuestro,7977,America/Bogota,"{""br"":""Muzo"",""ko"":""무조"",""pt-BR"":""Muzo"",""pt"":""Muzo"",""nl"":""Muzo"",""hr"":""Muzo"",""fa"":""موزو"",""de"":""Muzo"",""es"":""Muzo"",""fr"":""Muzo"",""ja"":""ムゾ"",""it"":""Muzo"",""zh-CN"":""穆佐"",""tr"":""Muzo"",""ru"":""Музо"",""uk"":""Музо"",""pl"":""Muzo"",""hi"":""मुज़ो"",""ar"":""موزو""}",2019-10-06T09:39:53,2025-12-02T14:39:31,1,Q1431785
21124,Málaga,2901,SAN,48,CO,adm2,,,6.69903000,-72.73233000,Málaga,18706,America/Bogota,"{""br"":""Málaga"",""ko"":""말라가"",""pt-BR"":""Málaga"",""pt"":""Málaga"",""nl"":""Malaga"",""hr"":""Malaga"",""fa"":""مالاگا"",""de"":""Málaga"",""es"":""Málaga"",""fr"":""Malaga"",""ja"":""マラガ"",""it"":""Malaga"",""zh-CN"":""马拉加"",""tr"":""Malaga"",""ru"":""Малага"",""uk"":""Малага"",""pl"":""Malaga"",""hi"":""लाल रंग"",""ar"":""مالقة""}",2019-10-06T09:39:53,2025-12-02T14:38:56,1,Q23685947
21125,Nariño,2897,NAR,48,CO,adm2,,,1.28995000,-77.35721000,Nariño,2933,America/Bogota,"{""br"":""Nariño"",""ko"":""나리뇨"",""pt-BR"":""Nariño"",""pt"":""Nariño"",""nl"":""Nariño"",""hr"":""Nariño"",""fa"":""نارینو"",""de"":""Nariño"",""es"":""Nariño"",""fr"":""Nariño"",""ja"":""ナリーニョ"",""it"":""Nariño"",""zh-CN"":""纳里尼奥"",""tr"":""Nariño"",""ru"":""Нариньо"",""uk"":""Наріньо"",""pl"":""Nariño"",""hi"":""नारिनो"",""ar"":""نارينيو""}",2019-10-06T09:39:53,2025-12-02T14:39:31,1,Q2433055
21126,Nariño,2890,ANT,48,CO,adm2,,,5.60893000,-75.17656000,Nariño,3186,America/Bogota,"{""br"":""Nariño"",""ko"":""나리뇨"",""pt-BR"":""Nariño"",""pt"":""Nariño"",""nl"":""Nariño"",""hr"":""Nariño"",""fa"":""نارینو"",""de"":""Nariño"",""es"":""Nariño"",""fr"":""Nariño"",""ja"":""ナリーニョ"",""it"":""Nariño"",""zh-CN"":""纳里尼奥"",""tr"":""Nariño"",""ru"":""Нариньо"",""uk"":""Наріньо"",""pl"":""Nariño"",""hi"":""नारिनो"",""ar"":""نارينيو""}",2019-10-06T09:39:53,2025-12-02T14:39:31,1,Q590382
21127,Nariño,2875,CUN,48,CO,adm2,,,4.39913000,-74.82239000,Nariño,1213,America/Bogota,"{""br"":""Nariño"",""ko"":""나리뇨"",""pt-BR"":""Nariño"",""pt"":""Nariño"",""nl"":""Nariño"",""hr"":""Nariño"",""fa"":""نارینو"",""de"":""Nariño"",""es"":""Nariño"",""fr"":""Nariño"",""ja"":""ナリーニョ"",""it"":""Nariño"",""zh-CN"":""纳里尼奥"",""tr"":""Nariño"",""ru"":""Нариньо"",""uk"":""Наріньо"",""pl"":""Nariño"",""hi"":""नारिनो"",""ar"":""نارينيو""}",2019-10-06T09:39:53,2025-12-02T14:39:31,1,Q1847862
21128,Natagaima,2883,TOL,48,CO,adm2,,,3.55212000,-75.11345000,Natagaima,22455,America/Bogota,"{""br"":""Natagaima"",""ko"":""나타가이마"",""pt-BR"":""Natagaima"",""pt"":""Natagaima"",""nl"":""Natagaima"",""hr"":""Natagaima"",""fa"":""ناتاگایما"",""de"":""Natagaima"",""es"":""Natagaima"",""fr"":""Natagaima"",""ja"":""ナタガイマ"",""it"":""Natagaima"",""zh-CN"":""纳塔盖马"",""tr"":""Natagaima"",""ru"":""Натагайма"",""uk"":""Натагайма"",""pl"":""Natagaima"",""hi"":""नाटागाइमा"",""ar"":""ناتاجايما""}",2019-10-06T09:39:53,2025-12-02T14:38:56,1,Q258673
21129,Nechí,2890,ANT,48,CO,adm2,,,8.09419000,-74.77573000,Nechí,24066,America/Bogota,"{""br"":""Nechí"",""ko"":""네치"",""pt-BR"":""Nechí"",""pt"":""Nechí"",""nl"":""Nechi"",""hr"":""Nechí"",""fa"":""نچی"",""de"":""Nechí"",""es"":""Nechí"",""fr"":""Nechi"",""ja"":""ネチ"",""it"":""Nechí"",""zh-CN"":""内奇"",""tr"":""Nechi"",""ru"":""Нечи"",""uk"":""Нечі"",""pl"":""Nechi"",""hi"":""नेची"",""ar"":""نيتشي""}",2019-10-06T09:39:53,2025-12-02T14:38:56,1,Q1441743
21130,Necoclí,2890,ANT,48,CO,adm2,,,8.42627000,-76.78926000,Loco,10835,America/Bogota,"{""br"":""Necoclí"",""ko"":""네코클리"",""pt-BR"":""Necoclí"",""pt"":""Necoclí"",""nl"":""Necoclí"",""hr"":""Necoclí"",""fa"":""نکوکلی"",""de"":""Necoclí"",""es"":""Necoclí"",""fr"":""Necoclí"",""ja"":""ネコクリ"",""it"":""Necoclí"",""zh-CN"":""内科克利"",""tr"":""Necoclí"",""ru"":""Некокли"",""uk"":""Некоклі"",""pl"":""Necoclí"",""hi"":""Necocli"",""ar"":""نيكوكلي""}",2019-10-06T09:39:53,2025-12-02T14:39:31,1,Q976938
21131,Neira,2887,CAL,48,CO,adm2,,,5.17534000,-75.52405000,Neira,20495,America/Bogota,"{""br"":""Neira"",""ko"":""네이라"",""pt-BR"":""Neira"",""pt"":""Neira"",""nl"":""Neira"",""hr"":""Neira"",""fa"":""نیرا"",""de"":""Neira"",""es"":""Neira"",""fr"":""Neira"",""ja"":""ネイラ"",""it"":""Neira"",""zh-CN"":""内拉"",""tr"":""Neira"",""ru"":""Нейра"",""uk"":""Нейра"",""pl"":""Neira"",""hi"":""नीरा"",""ar"":""نيرا""}",2019-10-06T09:39:53,2025-12-02T14:38:56,1,Q1393029
21132,Nemocón,2875,CUN,48,CO,adm2,,,5.06767000,-73.87769000,Hospital,5466,America/Bogota,"{""br"":""Nemocón"",""ko"":""네모콘"",""pt-BR"":""Nemocón"",""pt"":""Nemocón"",""nl"":""Nemocón"",""hr"":""Nemocón"",""fa"":""نموکون"",""de"":""Nemocón"",""es"":""Nemocón"",""fr"":""Nemocón"",""ja"":""ネモコン"",""it"":""Nemocón"",""zh-CN"":""内莫孔"",""tr"":""Nemocón"",""ru"":""Немокон"",""uk"":""Немокон"",""pl"":""Nemocón"",""hi"":""नेमोकोन"",""ar"":""نيموكون""}",2019-10-06T09:39:54,2025-12-02T14:39:31,1,Q1574741
21133,Nilo,2875,CUN,48,CO,adm2,,,4.30604000,-74.62083000,Necesidad,10555,America/Bogota,"{""br"":""Nilo"",""ko"":""닐로"",""pt-BR"":""Nilo"",""pt"":""Nilo"",""nl"":""Nilo"",""hr"":""Nilo"",""fa"":""نیلو"",""de"":""Nilo"",""es"":""Nilo"",""fr"":""Nilo"",""ja"":""ニロ"",""it"":""Nilo"",""zh-CN"":""尼洛"",""tr"":""Nilo"",""ru"":""Нило"",""uk"":""Ніло"",""pl"":""Nilo"",""hi"":""निलो"",""ar"":""نيلو""}",2019-10-06T09:39:54,2025-12-02T14:39:31,1,Q1524825
21134,Nimaima,2875,CUN,48,CO,adm2,,,5.12614000,-74.38495000,Ninaima,604,America/Bogota,"{""br"":""Nimaima"",""ko"":""니마이마"",""pt-BR"":""Nimaima"",""pt"":""Nimaima"",""nl"":""Nimaima"",""hr"":""Nimaima"",""fa"":""نیمایما"",""de"":""Nimaima"",""es"":""Nimaima"",""fr"":""Nimaima"",""ja"":""ニマイマ"",""it"":""Nimaima"",""zh-CN"":""尼迈玛"",""tr"":""Nimaima"",""ru"":""Нимаима"",""uk"":""Німайма"",""pl"":""Nimaima"",""hi"":""निमाईमा"",""ar"":""نيمايما""}",2019-10-06T09:39:54,2025-12-02T14:39:31,1,Q1654819
21135,Nobsa,2903,BOY,48,CO,adm2,,,5.76978000,-72.94099000,Novsa,3360,America/Bogota,"{""br"":""Nobsa"",""ko"":""노브사"",""pt-BR"":""Nobsa"",""pt"":""Nobsa"",""nl"":""Nobsa"",""hr"":""Nobsa"",""fa"":""نوبسا"",""de"":""Nobsa"",""es"":""Nobsa"",""fr"":""Nobsa"",""ja"":""ノブサ"",""it"":""Nobsa"",""zh-CN"":""诺布萨"",""tr"":""Nobsa"",""ru"":""Нобса"",""uk"":""Нобса"",""pl"":""Nobsa"",""hi"":""नोबसा"",""ar"":""نوبسا""}",2019-10-06T09:39:54,2025-12-02T14:38:56,1,Q1524817
21136,Nocaima,2875,CUN,48,CO,adm2,,,5.06696000,-74.38439000,Nocaima,2475,America/Bogota,"{""br"":""Nocaima"",""ko"":""노카이마"",""pt-BR"":""Nocaima"",""pt"":""Nocaima"",""nl"":""Nocaima"",""hr"":""Nocaima"",""fa"":""نوکایما"",""de"":""Nocaima"",""es"":""Nocaima"",""fr"":""Nocaima"",""ja"":""ノカイマ"",""it"":""Nocaima"",""zh-CN"":""诺凯马"",""tr"":""Nocaima"",""ru"":""Нокайма"",""uk"":""Нокайма"",""pl"":""Nocaima"",""hi"":""नोकैमा"",""ar"":""نوكايما""}",2019-10-06T09:39:54,2025-12-02T14:39:31,1,Q1577029
21137,Norcasia,2887,CAL,48,CO,adm2,,,5.57535000,-74.88831000,Norcasia,6903,America/Bogota,"{""br"":""Norkasia"",""ko"":""노르카시아"",""pt-BR"":""Norcásia"",""pt"":""Norcásia"",""nl"":""Norcasia"",""hr"":""Norkazija"",""fa"":""نورکاسیا"",""de"":""Norcasia"",""es"":""Norcasia"",""fr"":""Norcasia"",""ja"":""ノルカシア"",""it"":""Norcasia"",""zh-CN"":""诺卡西亚"",""tr"":""Norcasia"",""ru"":""Норкасия"",""uk"":""Норкасія"",""pl"":""Norkazja"",""hi"":""नॉर्केसिया"",""ar"":""نوركاسيا""}",2019-10-06T09:39:54,2025-12-02T14:38:56,1,Q921734
21138,Norosí,2893,BOL,48,CO,adm2,,,8.52692000,-74.03736000,Ninosi,0,America/Bogota,"{""br"":""Norosí"",""ko"":""노로시"",""pt-BR"":""Norosí"",""pt"":""Norosí"",""nl"":""Norosí"",""hr"":""Norosí"",""fa"":""نوروسی"",""de"":""Norosí"",""es"":""Norosí"",""fr"":""Norosí"",""ja"":""ノロシ"",""it"":""Norosi"",""zh-CN"":""诺罗斯"",""tr"":""Norosí"",""ru"":""Нороси"",""uk"":""Норосі"",""pl"":""Norosí"",""hi"":""नोरोसी"",""ar"":""نوروسي""}",2019-10-06T09:39:54,2025-12-02T14:39:31,1,Q2565188
21139,Nueva Granada,2886,MAG,48,CO,adm2,,,9.80168000,-74.39304000,Nueva Granada,21612,America/Bogota,"{""br"":""Nueva Granada"",""ko"":""누에바 그라나다"",""pt-BR"":""Nova Granada"",""pt"":""Nova Granada"",""nl"":""Nieuw Granada"",""hr"":""Nova Granada"",""fa"":""نوئوا گرانادا"",""de"":""Nueva Granada"",""es"":""Nueva Granada"",""fr"":""Nouvelle Grenade"",""ja"":""ヌエバ・グラナダ"",""it"":""Nuova Granada"",""zh-CN"":""新格拉纳达"",""tr"":""Yeni Granada"",""ru"":""Новая Гранада"",""uk"":""Нуева-Гранада"",""pl"":""Nowa Granada"",""hi"":""नुएवा ग्रेनेडा"",""ar"":""غرناطة الجديدة""}",2019-10-06T09:39:54,2025-12-02T14:38:56,1,Q1526240
21140,Nuevo Colón,2903,BOY,48,CO,adm2,,,5.35368000,-73.45660000,Nuevo Colón,863,America/Bogota,"{""br"":""Nuevo Colón"",""ko"":""누에보 콜론"",""pt-BR"":""Novo Colón"",""pt"":""Novo Colón"",""nl"":""Nieuwe Colón"",""hr"":""Novi Colón"",""fa"":""نوئوو کولون"",""de"":""Nuevo Colón"",""es"":""Nuevo Colón"",""fr"":""Nuevo Colón"",""ja"":""ヌエボ・コロン"",""it"":""Nuevo Colón"",""zh-CN"":""新科隆"",""tr"":""Yeni Kolon"",""ru"":""Нуэво Колон"",""uk"":""Нуево-Колон"",""pl"":""Nuevo Colón"",""hi"":""न्यूवो कोलोन"",""ar"":""نويفو كولون""}",2019-10-06T09:39:54,2025-12-02T14:39:31,1,Q1577145
21141,Nunchía,2892,CAS,48,CO,city,,,5.63589000,-72.19543000,Nunchía,1282,America/Bogota,"{""br"":""Nunchía"",""ko"":""눈치아"",""pt-BR"":""Nunchía"",""pt"":""Nunchía"",""nl"":""Nunchía"",""hr"":""Nunchía"",""fa"":""نانچیا"",""de"":""Nunchía"",""es"":""Nunchía"",""fr"":""Nunchía"",""ja"":""ヌンチャ"",""it"":""Nunchía"",""zh-CN"":""努奇亚"",""tr"":""Nunchia"",""ru"":""Нунчиа"",""uk"":""Нунчія"",""pl"":""Nunchia"",""hi"":""Nunchia"",""ar"":""نونشيا""}",2019-10-06T09:39:54,2025-12-02T14:39:31,1,Q1575548
21142,Nuquí,2876,CHO,48,CO,adm2,,,5.71250000,-77.27083000,Numerado,2741,America/Bogota,"{""br"":""Nuquí"",""ko"":""누키"",""pt-BR"":""Nuquí"",""pt"":""Nuquí"",""nl"":""Nuquí"",""hr"":""Nuquí"",""fa"":""نوکی"",""de"":""Nuquí"",""es"":""Nuquí"",""fr"":""Nuquí"",""ja"":""ヌキ"",""it"":""Nuquí"",""zh-CN"":""努基"",""tr"":""Nuquí"",""ru"":""Нуки"",""uk"":""Нукі"",""pl"":""Nuquí"",""hi"":""नुक्वी"",""ar"":""نوكي""}",2019-10-06T09:39:54,2025-12-02T14:39:31,1,Q1577833
21143,Nóvita,2876,CHO,48,CO,adm2,,,4.95511000,-76.60526000,Nóvita,1898,America/Bogota,"{""br"":""Nóvita"",""ko"":""노비타"",""pt-BR"":""Nóvita"",""pt"":""Nóvita"",""nl"":""Nóvita"",""hr"":""Nóvita"",""fa"":""نوویتا"",""de"":""Nóvita"",""es"":""Nóvita"",""fr"":""Novita"",""ja"":""ノビタ"",""it"":""Nóvita"",""zh-CN"":""诺维塔"",""tr"":""Yeni"",""ru"":""Новита"",""uk"":""Новіта"",""pl"":""Nóvita"",""hi"":""Novita"",""ar"":""نوفيتا""}",2019-10-06T09:39:54,2025-12-02T14:39:31,1,Q1579423
21144,Obando,2904,VAC,48,CO,adm2,,,4.59590000,-75.94879000,Obando,14980,America/Bogota,"{""br"":""Obando"",""ko"":""오반도"",""pt-BR"":""Obando"",""pt"":""Obando"",""nl"":""Obando"",""hr"":""Obando"",""fa"":""اوباندو"",""de"":""Obando"",""es"":""Obando"",""fr"":""Obando"",""ja"":""オバンド"",""it"":""Obando"",""zh-CN"":""奥班多"",""tr"":""Obando"",""ru"":""Обандо"",""uk"":""Обандо"",""pl"":""Obando"",""hi"":""ओबांडो"",""ar"":""أوباندو""}",2019-10-06T09:39:54,2025-12-02T17:11:50,1,Q676377
21145,Ocamonte,2901,SAN,48,CO,adm2,,,6.34001000,-73.12205000,Ocamonte,883,America/Bogota,"{""br"":""Ocamonte"",""ko"":""오카몬테"",""pt-BR"":""Ocamonte"",""pt"":""Ocamonte"",""nl"":""Ocamonte"",""hr"":""Ocamonte"",""fa"":""اوکامونته"",""de"":""Ocamonte"",""es"":""Ocamonte"",""fr"":""Ocamonte"",""ja"":""オカモンテ"",""it"":""Ocamonte"",""zh-CN"":""奥卡蒙特"",""tr"":""Ocamonte"",""ru"":""Окамонте"",""uk"":""Окамонте"",""pl"":""Ocamonte"",""hi"":""ओकामोंटे"",""ar"":""أوكامونتي""}",2019-10-06T09:39:54,2025-12-02T14:39:31,1,Q1655496
21146,Ocaña,2877,NSA,48,CO,adm2,,,8.23773000,-73.35604000,Ocaña,90037,America/Bogota,"{""br"":""Ocaña"",""ko"":""오카냐"",""pt-BR"":""Ocaña"",""pt"":""Ocaña"",""nl"":""Ocaña"",""hr"":""Ocaña"",""fa"":""اوکانیا"",""de"":""Ocaña"",""es"":""Ocaña"",""fr"":""Ocaña"",""ja"":""オカーニャ"",""it"":""Ocaña"",""zh-CN"":""奥卡尼亚"",""tr"":""Ocaña"",""ru"":""Оканья"",""uk"":""Оканья"",""pl"":""Ocaña"",""hi"":""ओकाना"",""ar"":""أوكانيا""}",2019-10-06T09:39:54,2025-12-02T14:38:56,1,Q2283773
21147,Oiba,2901,SAN,48,CO,adm2,,,6.26387000,-73.29876000,Trabajar,3959,America/Bogota,"{""br"":""Oiba"",""ko"":""오이바"",""pt-BR"":""Oiba"",""pt"":""Oiba"",""nl"":""Oiba"",""hr"":""Oiba"",""fa"":""اویبا"",""de"":""Oiba"",""es"":""Oiba"",""fr"":""Oiba"",""ja"":""オイバ"",""it"":""Oiba"",""zh-CN"":""大井场"",""tr"":""Oiba"",""ru"":""Оиба"",""uk"":""Ойба"",""pl"":""Oiba"",""hi"":""ओइबा"",""ar"":""أويبا""}",2019-10-06T09:39:54,2025-12-02T14:39:31,1,Q1577577
21148,Oicatá,2903,BOY,48,CO,adm2,,,5.59548000,-73.30820000,Oicatá,327,America/Bogota,"{""br"":""Oicatá"",""ko"":""오이카타"",""pt-BR"":""Oicatá"",""pt"":""Oicatá"",""nl"":""Oicatá"",""hr"":""Oicatá"",""fa"":""اویکتا"",""de"":""Oicatá"",""es"":""Oicatá"",""fr"":""Oicatá"",""ja"":""オイカタ"",""it"":""Oicatá"",""zh-CN"":""奥伊卡塔"",""tr"":""Oicatá"",""ru"":""Ойката"",""uk"":""Ойката"",""pl"":""Oicatá"",""hi"":""ओइकाटा"",""ar"":""أويكاتا""}",2019-10-06T09:39:54,2025-12-02T14:39:31,1,Q1656214
21149,Olaya,2890,ANT,48,CO,adm2,,,6.62773000,-75.81270000,Al evento,710,America/Bogota,"{""br"":""Olaya"",""ko"":""올라야"",""pt-BR"":""Olaya"",""pt"":""Olaya"",""nl"":""Olaya"",""hr"":""Olaya"",""fa"":""اولایا"",""de"":""Olaya"",""es"":""Olaya"",""fr"":""Olaya"",""ja"":""オラヤ"",""it"":""Olaya"",""zh-CN"":""奥拉亚"",""tr"":""Olaya"",""ru"":""Олайя"",""uk"":""Олая"",""pl"":""Olaya"",""hi"":""ओलाया"",""ar"":""العليا""}",2019-10-06T09:39:54,2025-12-02T14:39:31,1,Q1656222
21150,Olaya Herrera,2897,NAR,48,CO,city,,,1.24803000,-77.49085000,Olaya Herrera,9820,America/Bogota,"{""br"":""Olaya Herrera"",""ko"":""올라야 에레라"",""pt-BR"":""Olaya Herrera"",""pt"":""Olaya Herrera"",""nl"":""Olaya Herrera"",""hr"":""Olaya Herrera"",""fa"":""اولایا هررا"",""de"":""Olaya Herrera"",""es"":""Olaya Herrera"",""fr"":""Olaya Herrera"",""ja"":""オラヤ・エレーラ"",""it"":""Olaya Herrera"",""zh-CN"":""奥拉亚·埃雷拉"",""tr"":""Olaya Herrera"",""ru"":""Олайя Эррера"",""uk"":""Олайя Еррера"",""pl"":""Olaya Herrera"",""hi"":""ओलाया हेरेरा"",""ar"":""أولايا هيريرا""}",2019-10-06T09:39:54,2025-12-02T14:39:31,1,Q23685413
21151,Onzaga,2901,SAN,48,CO,adm2,,,6.34434000,-72.81726000,Onzaga,1393,America/Bogota,"{""br"":""Onzaga"",""ko"":""온자가"",""pt-BR"":""Onzaga"",""pt"":""Onzaga"",""nl"":""Onzaga"",""hr"":""Onzaga"",""fa"":""اونزاگا"",""de"":""Onzaga"",""es"":""onzaga"",""fr"":""Onzaga"",""ja"":""オンザガ"",""it"":""Onzaga"",""zh-CN"":""翁扎加"",""tr"":""Onzaga"",""ru"":""Онзага"",""uk"":""Onzaga"",""pl"":""Onzaga"",""hi"":""ओन्जागा"",""ar"":""اونزاغا""}",2019-10-06T09:39:54,2025-12-02T14:39:31,1,Q2245327
21152,Orito,2896,PUT,48,CO,city,,,0.66749000,-76.87297000,Orito,57774,America/Bogota,"{""br"":""Orito"",""ko"":""오리토"",""pt-BR"":""Orito"",""pt"":""Orito"",""nl"":""Orito"",""hr"":""Orito"",""fa"":""اوریتو"",""de"":""Orito"",""es"":""orito"",""fr"":""Orito"",""ja"":""折戸"",""it"":""Orito"",""zh-CN"":""织户"",""tr"":""orito"",""ru"":""Орито"",""uk"":""Оріто"",""pl"":""Orito"",""hi"":""ओरिटो"",""ar"":""أوريتو""}",2019-10-06T09:39:54,2025-12-02T14:39:31,1,Q12981826
21153,Orocué,2892,CAS,48,CO,adm2,,,4.79035000,-71.33917000,Orocué,2835,America/Bogota,"{""br"":""Orocué"",""ko"":""오로쿠에"",""pt-BR"":""Orocué"",""pt"":""Orocué"",""nl"":""Orocué"",""hr"":""Orocué"",""fa"":""اوروکیه"",""de"":""Orocué"",""es"":""Orocué"",""fr"":""Orocué"",""ja"":""オロクエ"",""it"":""Orocué"",""zh-CN"":""奥罗库埃"",""tr"":""Orocué"",""ru"":""Орокуэ"",""uk"":""Орокуе"",""pl"":""Orocué"",""hi"":""ओरोक्यू"",""ar"":""أوروكوي""}",2019-10-06T09:39:54,2025-12-02T14:39:31,1,Q1576308
21154,Ortega,2883,TOL,48,CO,adm2,,,3.94514000,-75.27245000,Ortega,33873,America/Bogota,"{""br"":""Ortega"",""ko"":""오르테가"",""pt-BR"":""Ortega"",""pt"":""Ortega"",""nl"":""Ortega"",""hr"":""Ortega"",""fa"":""اورتگا"",""de"":""Ortega"",""es"":""Ortega"",""fr"":""Ortega"",""ja"":""オルテガ"",""it"":""Ortega"",""zh-CN"":""奥尔特加"",""tr"":""Ortega"",""ru"":""Ортега"",""uk"":""Ортега"",""pl"":""Ortega"",""hi"":""ओर्टेगा"",""ar"":""أورتيجا""}",2019-10-06T09:39:54,2025-12-02T17:11:50,1,Q2433233
21155,Ospina,2897,NAR,48,CO,adm2,,,1.02962000,-77.55252000,Ospine,2747,America/Bogota,"{""br"":""Ospina"",""ko"":""오스피나"",""pt-BR"":""Ospina"",""pt"":""Ospina"",""nl"":""Ospina"",""hr"":""Ospina"",""fa"":""اوسپینا"",""de"":""Ospina"",""es"":""Ospina"",""fr"":""Ospina"",""ja"":""オスピナ"",""it"":""Ospina"",""zh-CN"":""奥斯皮纳"",""tr"":""Ospina"",""ru"":""Оспина"",""uk"":""Оспіна"",""pl"":""Ospina"",""hi"":""ओस्पिना"",""ar"":""أوسبينا""}",2019-10-06T09:39:54,2025-12-02T14:39:31,1,Q1578953
21156,Otanche,2903,BOY,48,CO,adm2,,,5.77534000,-74.20315000,Otanche,6997,America/Bogota,"{""br"":""Otanche"",""ko"":""오탄체"",""pt-BR"":""Otanche"",""pt"":""Otanche"",""nl"":""Otanche"",""hr"":""Otanche"",""fa"":""اوتانچه"",""de"":""Otanche"",""es"":""Otanche"",""fr"":""Otanche"",""ja"":""オタンチェ"",""it"":""Otanche"",""zh-CN"":""奥坦切"",""tr"":""Otanche"",""ru"":""Отанче"",""uk"":""Отанче"",""pl"":""Otanche"",""hi"":""ओटांचे"",""ar"":""أوتانشي""}",2019-10-06T09:39:54,2025-12-02T17:11:50,1,Q1577588
21157,Ovejas,2902,SUC,48,CO,adm2,,,9.54083000,-75.18333000,Ovejas,21091,America/Bogota,"{""br"":""Ovejas"",""ko"":""오베하스"",""pt-BR"":""Ovejas"",""pt"":""Ovejas"",""nl"":""Ovejas"",""hr"":""Ovejas"",""fa"":""اویخاس"",""de"":""Ovejas"",""es"":""Ovejas"",""fr"":""Ovejas"",""ja"":""オベハス"",""it"":""Ovejas"",""zh-CN"":""奥韦哈斯"",""tr"":""Ovejas"",""ru"":""Овехас"",""uk"":""Овехас"",""pl"":""Ovejas"",""hi"":""ओवेजस"",""ar"":""أوفيجاس""}",2019-10-06T09:39:54,2025-12-02T17:11:50,1,Q1441134
21158,Pachavita,2903,BOY,48,CO,adm2,,,5.13969000,-73.39739000,lo haré,959,America/Bogota,"{""br"":""Pachavita"",""ko"":""파차비타"",""pt-BR"":""Pachavita"",""pt"":""Pachavita"",""nl"":""Pachavita"",""hr"":""Pačavita"",""fa"":""پاچاویتا"",""de"":""Pachavita"",""es"":""Pachavita"",""fr"":""Pachavita"",""ja"":""パチャヴィタ"",""it"":""Pachavita"",""zh-CN"":""帕查维塔"",""tr"":""Pachavita"",""ru"":""Пачавита"",""uk"":""Пачавіта"",""pl"":""Pachavita"",""hi"":""पचविता"",""ar"":""باتشافيتا""}",2019-10-06T09:39:54,2025-12-02T14:39:31,1,Q1654528
21159,Pacho,2875,CUN,48,CO,adm2,,,5.13055555,-74.15833333,Es,16698,America/Bogota,"{""br"":""Pacho"",""ko"":""파초"",""pt-BR"":""Pacho"",""pt"":""Pacho"",""nl"":""Pacho"",""hr"":""Pačo"",""fa"":""پاچو"",""de"":""Pacho"",""es"":""Pacho"",""fr"":""Pacho"",""ja"":""パチョ"",""it"":""Pacho"",""zh-CN"":""帕乔"",""tr"":""Pacho"",""ru"":""Пачо"",""uk"":""Пачо"",""pl"":""Pacho"",""hi"":""पाचो"",""ar"":""باتشو""}",2019-10-06T04:09:54,2025-12-02T14:38:56,1,Q680909
21160,Pacoa,2885,VAU,48,CO,city,,,0.15636000,-70.89274000,Pacoa,4459,America/Bogota,"{""br"":""Pacoa"",""ko"":""파코아"",""pt-BR"":""Pacoa"",""pt"":""Pacoa"",""nl"":""Pacoa"",""hr"":""Pacoa"",""fa"":""پاکوا"",""de"":""Pacoa"",""es"":""Pacoa"",""fr"":""Pacoa"",""ja"":""パコア"",""it"":""Pacoa"",""zh-CN"":""帕科阿"",""tr"":""Pacoa"",""ru"":""Пакоа"",""uk"":""Пакоа"",""pl"":""Pacoa"",""hi"":""पकोआ"",""ar"":""باكوا""}",2019-10-06T09:39:54,2025-12-02T17:11:50,1,Q1654444
21161,Padilla,2884,CAU,48,CO,adm2,,,3.22038000,-76.31385000,Padilla,4472,America/Bogota,"{""br"":""Padilla"",""ko"":""파딜라"",""pt-BR"":""Padilha"",""pt"":""Padilha"",""nl"":""Padilla"",""hr"":""Padilla"",""fa"":""پادیلا"",""de"":""Padilla"",""es"":""Padilla"",""fr"":""Padilla"",""ja"":""パディージャ"",""it"":""Padilla"",""zh-CN"":""帕迪拉"",""tr"":""Padilla"",""ru"":""Падилья"",""uk"":""Паділья"",""pl"":""Padilla"",""hi"":""पेडिला"",""ar"":""باديا""}",2019-10-06T09:39:54,2025-12-02T14:39:31,1,Q2433292
21163,Páez,2884,CAU,48,CO,adm2,,,2.64644000,-75.97269000,Páez,31800,America/Bogota,"{""br"":""Páez"",""ko"":""파에즈"",""pt-BR"":""Páez"",""pt"":""Páez"",""nl"":""Paez"",""hr"":""Páez"",""fa"":""پائز"",""de"":""Páez"",""es"":""Páez"",""fr"":""Páez"",""ja"":""パエス"",""it"":""Páez"",""zh-CN"":""帕埃兹"",""tr"":""Paez"",""ru"":""Паэс"",""uk"":""Паес"",""pl"":""Páez"",""hi"":""पेज़"",""ar"":""بايز""}",2019-10-06T04:09:45,2025-12-02T14:38:56,1,Q1391859
21164,Pailitas,2899,CES,48,CO,adm2,,,8.95652000,-73.62548000,Analgésicos,16800,America/Bogota,"{""br"":""Pailitas"",""ko"":""파이리타스"",""pt-BR"":""Pailitas"",""pt"":""Pailitas"",""nl"":""Pailitas"",""hr"":""Pailitas"",""fa"":""پایلیتاس"",""de"":""Pailitas"",""es"":""Pailitas"",""fr"":""Pailitas"",""ja"":""パイリタス"",""it"":""Pailitas"",""zh-CN"":""帕伊利塔斯"",""tr"":""Pailitas"",""ru"":""Паилитас"",""uk"":""Пайлітас"",""pl"":""Pailitas"",""hi"":""पैलिटास"",""ar"":""بايليتاس""}",2019-10-06T09:39:54,2025-12-02T14:38:56,1,Q1525724
21165,Paime,2875,CUN,48,CO,adm2,,,5.37054000,-74.15219000,Palo,799,America/Bogota,"{""br"":""Paime"",""ko"":""파이메"",""pt-BR"":""Paime"",""pt"":""Paime"",""nl"":""Paime"",""hr"":""Paime"",""fa"":""پایمه"",""de"":""Paime"",""es"":""Paime"",""fr"":""Paime"",""ja"":""ペイメ"",""it"":""Paime"",""zh-CN"":""派梅"",""tr"":""Paime"",""ru"":""Пейме"",""uk"":""Пайме"",""pl"":""Paime"",""hi"":""पैमे"",""ar"":""بايم""}",2019-10-06T09:39:54,2025-12-02T14:38:56,1,Q597973
21166,Paipa,2903,BOY,48,CO,adm2,,,5.78013000,-73.11708000,Tubo,13554,America/Bogota,"{""br"":""Paipa"",""ko"":""파이파"",""pt-BR"":""Paipa"",""pt"":""Paipa"",""nl"":""Paipa"",""hr"":""Paipa"",""fa"":""پایپا"",""de"":""Paipa"",""es"":""Paipa"",""fr"":""Paipa"",""ja"":""パイパ"",""it"":""Paipa"",""zh-CN"":""派帕"",""tr"":""Paipa"",""ru"":""Пайпа"",""uk"":""Пайпа"",""pl"":""Paipa"",""hi"":""पैपा"",""ar"":""بايبا""}",2019-10-06T09:39:54,2025-12-02T14:38:56,1,Q1391867
21168,Pajarito,2903,BOY,48,CO,adm2,,,5.34751000,-72.72075000,Pajarito,1719,America/Bogota,"{""br"":""Pajarito"",""ko"":""파하리토"",""pt-BR"":""Pajarito"",""pt"":""Pajarito"",""nl"":""Pajarito"",""hr"":""Pajarito"",""fa"":""پاخاریتو"",""de"":""Pajarito"",""es"":""Pajarito"",""fr"":""Pajarito"",""ja"":""パジャリート"",""it"":""Pajarito"",""zh-CN"":""帕哈里托"",""tr"":""Pajarito"",""ru"":""Пахарито"",""uk"":""Пахаріто"",""pl"":""Pajarito"",""hi"":""पजारिटो"",""ar"":""باجاريتو""}",2019-10-06T09:39:54,2025-12-02T17:11:50,1,Q935494
21169,Palestina,2887,CAL,48,CO,adm2,,,5.04571000,-75.69552000,Palestina,13560,America/Bogota,"{""br"":""Palestina"",""ko"":""팔레스타인"",""pt-BR"":""Palestina"",""pt"":""Palestina"",""nl"":""Palestina"",""hr"":""Palestina"",""fa"":""فلسطین"",""de"":""Palästina"",""es"":""Palestina"",""fr"":""Palestine"",""ja"":""パレスチナ"",""it"":""Palestina"",""zh-CN"":""巴勒斯坦"",""tr"":""Filistin"",""ru"":""Палестина"",""uk"":""Палестина"",""pl"":""Palestyna"",""hi"":""पलेस्टीना"",""ar"":""فلسطين""}",2019-10-06T09:39:54,2025-12-02T17:11:50,1,Q1524756
21170,Palmar,2901,SAN,48,CO,adm2,,,6.49740000,-73.30740000,De la palma,600,America/Bogota,"{""br"":""Palmar"",""ko"":""팔마르"",""pt-BR"":""Palmar"",""pt"":""Palmar"",""nl"":""Palm"",""hr"":""Palmar"",""fa"":""پالمار"",""de"":""Palmar"",""es"":""De la palma"",""fr"":""Palmar"",""ja"":""パルマー"",""it"":""Palmare"",""zh-CN"":""帕尔玛"",""tr"":""Palmar"",""ru"":""Ладонный"",""uk"":""Долонний"",""pl"":""Dłoniowy"",""hi"":""हथेली का"",""ar"":""بالمار""}",2019-10-06T09:39:54,2025-12-02T14:39:31,1,Q1654701
21171,Palmar de Varela,2880,ATL,48,CO,adm2,,,10.74055000,-74.75443000,Palmar de Varela,23012,America/Bogota,"{""br"":""Palmar de Varela"",""ko"":""팔마르 데 바렐라"",""pt-BR"":""Palmar de Varela"",""pt"":""Palmar de Varela"",""nl"":""Palmar de Varela"",""hr"":""Palmar de Varela"",""fa"":""پالمار د وارلا"",""de"":""Palmar de Varela"",""es"":""Palmar de Varela"",""fr"":""Palmar de Varela"",""ja"":""パルマー・デ・ヴァレラ"",""it"":""Palmar de Varela"",""zh-CN"":""帕尔马·德·瓦雷拉"",""tr"":""Palmar de Varela"",""ru"":""Пальмар де Варела"",""uk"":""Пальмар-де-Варела"",""pl"":""Palmar de Varela"",""hi"":""पालमार डी वरेला"",""ar"":""بالمار دي فاريلا""}",2019-10-06T09:39:54,2025-12-02T14:38:56,1,Q1023805
21172,Palmas del Socorro,2901,SAN,48,CO,adm2,,,6.40756000,-73.28824000,Palmas del Socorro,657,America/Bogota,"{""br"":""Palmas del Socorro"",""ko"":""팔마스 델 소코로"",""pt-BR"":""Palmas del Socorro"",""pt"":""Palmas del Socorro"",""nl"":""Palmas del Socorro"",""hr"":""Palmas del Socorro"",""fa"":""پالماس دل سوکورو"",""de"":""Palmas del Socorro"",""es"":""Palmas del Socorro"",""fr"":""Palmas del Socorro"",""ja"":""パルマス・デル・ソコロ"",""it"":""Palmas del Socorro"",""zh-CN"":""帕尔马斯德尔索科罗"",""tr"":""Palmas del Socorro"",""ru"":""Пальмас-дель-Сокорро"",""uk"":""Пальмас-дель-Сокорро"",""pl"":""Palmas del Socorro"",""hi"":""पाल्मास डेल सोकोरो"",""ar"":""بالماس ديل سوكورو""}",2019-10-06T09:39:54,2025-12-02T14:38:56,1,Q1656731
21173,Palmira,2904,VAC,48,CO,adm2,,,3.53969000,-76.22607000,Palmira,358895,America/Bogota,"{""br"":""Palmira"",""ko"":""팔미라"",""pt-BR"":""Palmira"",""pt"":""Palmira"",""nl"":""Palmira"",""hr"":""Palmira"",""fa"":""پالمیرا"",""de"":""Palmira"",""es"":""Palmira"",""fr"":""Palmira"",""ja"":""パルミラ"",""it"":""Palmira"",""zh-CN"":""帕尔米拉"",""tr"":""Palmiye"",""ru"":""Пальмира"",""uk"":""Пальміра"",""pl"":""Palmira"",""hi"":""पामिरा"",""ar"":""بالميرا""}",2019-10-06T09:39:54,2025-12-02T17:11:50,1,Q989858
21174,Palmito,2902,SUC,48,CO,adm2,,,9.33667000,-75.56333000,Palmito,,America/Bogota,"{""br"":""Palmito"",""ko"":""팔미토"",""pt-BR"":""Palmito"",""pt"":""Palmito"",""nl"":""Palmito"",""hr"":""Palmito"",""fa"":""پالمیتو"",""de"":""Palmito"",""es"":""Palmito"",""fr"":""Palmito"",""ja"":""パルミト"",""it"":""Palmito"",""zh-CN"":""帕尔米托"",""tr"":""Palmiye"",""ru"":""Пальмито"",""uk"":""Пальміто"",""pl"":""Palmito"",""hi"":""पामिटो"",""ar"":""بالميتو""}",2019-10-06T09:39:54,2025-12-02T17:11:50,1,Q1577493
21175,Palocabildo,2883,TOL,48,CO,adm2,,,5.11705000,-75.01732000,Palocabildo,9120,America/Bogota,"{""br"":""Palocabildo"",""ko"":""팔로카빌도"",""pt-BR"":""Palocabildo"",""pt"":""Palocabildo"",""nl"":""Palocabildo"",""hr"":""Palocabildo"",""fa"":""پالوبابیلدو"",""de"":""Palocabildo"",""es"":""Palocabildo"",""fr"":""Palocabildo"",""ja"":""パロカビルド"",""it"":""Palocabildo"",""zh-CN"":""帕洛卡比尔多"",""tr"":""Palocabildo"",""ru"":""Палокабильдо"",""uk"":""Палокабілдо"",""pl"":""Palocabildo"",""hi"":""पालोकाबिल्डो"",""ar"":""بالوكابيلدو""}",2019-10-06T09:39:54,2025-12-02T14:38:56,1,Q1575427
21176,Pamplona,2877,NSA,48,CO,adm2,,,7.37565000,-72.64795000,Pamplona,50025,America/Bogota,"{""br"":""Pamplona"",""ko"":""팜플로나"",""pt-BR"":""Pamplona"",""pt"":""Pamplona"",""nl"":""Pamplona"",""hr"":""Pamplona"",""fa"":""پامپلونا"",""de"":""Pamplona"",""es"":""Pamplona"",""fr"":""Pampelune"",""ja"":""パンプローナ"",""it"":""Pamplona"",""zh-CN"":""潘普洛纳"",""tr"":""Pamplona"",""ru"":""Памплона"",""uk"":""Памплона"",""pl"":""Pampeluna"",""hi"":""पैम्प्लोना"",""ar"":""بامبلونا""}",2019-10-06T09:39:54,2025-12-02T14:38:56,1,Q23685652
21177,Pamplonita,2877,NSA,48,CO,adm2,,,7.45814000,-72.65965000,Pamplonita,53587,America/Bogota,"{""br"":""Pamplonita"",""ko"":""팜플로니타"",""pt-BR"":""Pamplonita"",""pt"":""Pamplonita"",""nl"":""Pamplonita"",""hr"":""Pamplonita"",""fa"":""پامپلونیتا"",""de"":""Pamplona"",""es"":""Pamplonita"",""fr"":""Pampelune"",""ja"":""パンプロニータ"",""it"":""Pamplonita"",""zh-CN"":""潘普洛尼塔"",""tr"":""Pamplonita"",""ru"":""Памплонита"",""uk"":""Памплоніта"",""pl"":""Pampeluna"",""hi"":""पैम्प्लोनिटा"",""ar"":""بامبلونيتا""}",2019-10-06T09:39:54,2025-12-02T14:39:31,1,Q1655477
21178,Pana Pana,2882,GUA,48,CO,city,,,1.96249000,-69.12600000,Hasta,2224,America/Bogota,"{""br"":""Pana Pana"",""ko"":""파나파나"",""pt-BR"":""Pana Pana"",""pt"":""Pana Pana"",""nl"":""Pana Pana"",""hr"":""Pana Pana"",""fa"":""پانا پانا"",""de"":""Pana Pana"",""es"":""Pana Pana"",""fr"":""Pana Pana"",""ja"":""パナパナ"",""it"":""Pana Pana"",""zh-CN"":""帕纳帕纳"",""tr"":""Pana Pana"",""ru"":""Пана Пана"",""uk"":""Пана Пана"",""pl"":""Pana Pana"",""hi"":""पाना पाना"",""ar"":""بانا بانا""}",2019-10-06T09:39:54,2025-12-02T16:59:27,1,Q1655477
21179,Pandi,2875,CUN,48,CO,adm2,,,4.18032000,-74.47099000,Chapado,1336,America/Bogota,"{""br"":""Pandi"",""ko"":""판디"",""pt-BR"":""Pandi"",""pt"":""Pandi"",""nl"":""Pandi"",""hr"":""Pandi"",""fa"":""پندی"",""de"":""Pandi"",""es"":""Pandi"",""fr"":""Pandi"",""ja"":""パンディ"",""it"":""Pandi"",""zh-CN"":""潘迪"",""tr"":""Pandi"",""ru"":""Панди"",""uk"":""Панді"",""pl"":""Pandi"",""hi"":""पंडी"",""ar"":""باندي""}",2019-10-06T09:39:54,2025-12-02T14:39:31,1,Q1656274
21180,Panqueba,2903,BOY,48,CO,adm2,,,6.44533000,-72.46268000,Panqueba,668,America/Bogota,"{""br"":""Panqueba"",""ko"":""판케바"",""pt-BR"":""Panqueba"",""pt"":""Panqueba"",""nl"":""Panqueba"",""hr"":""Panqueba"",""fa"":""پانکوبا"",""de"":""Panqueba"",""es"":""Panqueba"",""fr"":""Panqueba"",""ja"":""パンケバ"",""it"":""Panqueba"",""zh-CN"":""潘奎巴"",""tr"":""Panqueba"",""ru"":""Панкеба"",""uk"":""Панкеба"",""pl"":""Panqueba"",""hi"":""पैन्क्यूबा"",""ar"":""بانكيبا""}",2019-10-06T09:39:54,2025-12-02T14:39:31,1,Q1656207
21181,Papunaua,2885,VAU,48,CO,city,,,1.68335000,-70.70968000,Base,,America/Bogota,"{""br"":""Papunaua"",""ko"":""파푸아누아"",""pt-BR"":""Papunaua"",""pt"":""Papunaua"",""nl"":""Papoea"",""hr"":""Papunaua"",""fa"":""پاپونائو"",""de"":""Papunaua"",""es"":""Papunaua"",""fr"":""Papunaua"",""ja"":""パプナウア"",""it"":""Papunaua"",""zh-CN"":""帕普纳瓦"",""tr"":""Papunaua"",""ru"":""Папунауа"",""uk"":""Папунауа"",""pl"":""Papunaua"",""hi"":""पापुनुआ"",""ar"":""بابونوا""}",2019-10-06T09:39:54,2025-12-02T16:59:27,1,Q962671
21182,Paratebueno,2875,CUN,48,CO,adm2,,,4.37575000,-73.21547000,Paratebueno,2027,America/Bogota,"{""br"":""Paratebueno"",""ko"":""파라테부에노"",""pt-BR"":""Paratebueno"",""pt"":""Paratebueno"",""nl"":""Paratebueno"",""hr"":""Paratebueno"",""fa"":""پاراتبوئنو"",""de"":""Paratebueno"",""es"":""Paratebueno"",""fr"":""Paratebueno"",""ja"":""パラテブエノ"",""it"":""Paratebueno"",""zh-CN"":""帕拉特布埃诺"",""tr"":""Paratebueno"",""ru"":""Паратебуэно"",""uk"":""Паратебуено"",""pl"":""Paratebueno"",""hi"":""पैराटेबुएनो"",""ar"":""باراتيبوينو""}",2019-10-06T09:39:54,2025-12-02T14:39:31,1,Q932870
21183,Pasca,2875,CUN,48,CO,adm2,,,4.30722000,-74.30056000,Correo,3169,America/Bogota,"{""br"":""Pasca"",""ko"":""파스카"",""pt-BR"":""Páscoa"",""pt"":""Páscoa"",""nl"":""Pasca"",""hr"":""Paska"",""fa"":""پاسکا"",""de"":""Pasca"",""es"":""Pasca"",""fr"":""Pasca"",""ja"":""パスカ"",""it"":""Pasca"",""zh-CN"":""帕斯卡"",""tr"":""Pasca"",""ru"":""Паска"",""uk"":""Паска"",""pl"":""Pasca"",""hi"":""पास्का"",""ar"":""باسكا""}",2019-10-06T09:39:54,2025-12-02T14:39:31,1,Q2241175
21184,Pasto,2897,NAR,48,CO,adm1,,,1.21467000,-77.27865000,Comida,410835,America/Bogota,"{""br"":""Pasto"",""ko"":""파스토"",""pt-BR"":""Pasto"",""pt"":""Pasto"",""nl"":""Pasto"",""hr"":""Tjestenina"",""fa"":""پاستو"",""de"":""Pasto"",""es"":""Pasto"",""fr"":""Pasto"",""ja"":""パスト"",""it"":""Pasto"",""zh-CN"":""帕斯托"",""tr"":""Pasta"",""ru"":""Пасто"",""uk"":""Пасто"",""pl"":""Pasto"",""hi"":""पास्टो"",""ar"":""باستو""}",2019-10-06T09:39:54,2025-12-02T14:38:56,1,Q320015
21185,Patía,2884,CAU,48,CO,adm2,,,2.14018000,-77.01744000,Patía,12072,America/Bogota,"{""br"":""Patía"",""ko"":""파티아"",""pt-BR"":""Pátria"",""pt"":""Pátria"",""nl"":""Patía"",""hr"":""Patía"",""fa"":""پاتیا"",""de"":""Patía"",""es"":""Patía"",""fr"":""Patia"",""ja"":""パティア"",""it"":""Patía"",""zh-CN"":""帕蒂亚"",""tr"":""Patia"",""ru"":""Патия"",""uk"":""Патія"",""pl"":""Patía"",""hi"":""पटिया"",""ar"":""باتيا""}",2019-10-06T09:39:54,2025-12-02T14:39:31,1,Q1256878
21186,Pauna,2903,BOY,48,CO,adm2,,,5.65861000,-73.98250000,Libra,6355,America/Bogota,"{""br"":""Pauna"",""ko"":""파우나"",""pt-BR"":""Pauna"",""pt"":""Pauna"",""nl"":""Pauna"",""hr"":""Pauna"",""fa"":""پاونا"",""de"":""Pauna"",""es"":""Pauna"",""fr"":""Pauna"",""ja"":""パウナ"",""it"":""Pauna"",""zh-CN"":""帕乌纳"",""tr"":""Pauna"",""ru"":""Пауна"",""uk"":""Пауна"",""pl"":""Pauna"",""hi"":""पौना"",""ar"":""باونا""}",2019-10-06T09:39:54,2025-12-02T14:38:56,1,Q1577120
21187,Paya,2903,BOY,48,CO,adm2,,,5.62492000,-72.42345000,Paga,336,America/Bogota,"{""br"":""Paya"",""ko"":""파야"",""pt-BR"":""Paya"",""pt"":""Paya"",""nl"":""Paya"",""hr"":""Paya"",""fa"":""پایا"",""de"":""Paya"",""es"":""Paya"",""fr"":""Paya"",""ja"":""パヤ"",""it"":""Paya"",""zh-CN"":""帕亚"",""tr"":""Paya"",""ru"":""Пайя"",""uk"":""Пайя"",""pl"":""Paya"",""hi"":""पाया"",""ar"":""بايا""}",2019-10-06T09:39:54,2025-12-02T14:39:31,1,Q2022761
21189,Magüí Payán,2897,NAR,48,CO,adm2,,,1.76645000,-78.18326000,Magüí Payán,2892,America/Bogota,"{""br"":""Magüí Payán"",""ko"":""마귀 파얀"",""pt-BR"":""Magüí Payán"",""pt"":""Magüí Payán"",""nl"":""Magüí Payán"",""hr"":""Magüí Payán"",""fa"":""مگویی پایان"",""de"":""Magüí Payán"",""es"":""Magüí Payán"",""fr"":""Magüí Payán"",""ja"":""マグイ・パヤン"",""it"":""Magüí Payán"",""zh-CN"":""马古伊·帕扬"",""tr"":""Magüí Payán"",""ru"":""Magüí Payán"",""uk"":""Магуї Пайан"",""pl"":""Magüí Payán"",""hi"":""मागुइ पयान"",""ar"":""ماغوي بايان""}",2019-10-06T04:09:54,2025-12-02T14:39:31,1,Q1525449
21190,Paz de Río,2903,BOY,48,CO,adm2,,,6.00219000,-72.78857000,Paz de Río,5258,America/Bogota,"{""br"":""Paz de Río"",""ko"":""파스 데 리오"",""pt-BR"":""Paz de Río"",""pt"":""Paz de Río"",""nl"":""Paz de Río"",""hr"":""Paz de Río"",""fa"":""پاز د ریو"",""de"":""Paz de Río"",""es"":""Paz de Río"",""fr"":""Paz de Río"",""ja"":""パズ・デ・リオ"",""it"":""Paz de Río"",""zh-CN"":""帕斯德里奥"",""tr"":""Rio Barışı"",""ru"":""Пас-де-Рио"",""uk"":""Пас-де-Ріо"",""pl"":""Paz de Río"",""hi"":""पाज़ डे रियो"",""ar"":""باز دي ريو""}",2019-10-06T09:39:54,2025-12-02T17:11:50,1,Q2279482
21191,Pedraza,2886,MAG,48,CO,adm2,,,10.18739000,-74.91504000,Pedraza,3677,America/Bogota,"{""br"":""Pedraza"",""ko"":""페드라자"",""pt-BR"":""Pedraza"",""pt"":""Pedraza"",""nl"":""Pedraza"",""hr"":""Pedraza"",""fa"":""پدرازا"",""de"":""Pedraza"",""es"":""Pedraza"",""fr"":""Pedraza"",""ja"":""ペドラザ"",""it"":""Pedraza"",""zh-CN"":""佩德拉萨"",""tr"":""Pedraza"",""ru"":""Педраса"",""uk"":""Педраса"",""pl"":""Pedraza"",""hi"":""पेड्राज़ा"",""ar"":""بيدرازا""}",2019-10-06T09:39:54,2025-12-02T14:39:31,1,Q1575673
21192,Pelaya,2899,CES,48,CO,adm2,,,8.68819000,-73.66451000,Pelaya,11306,America/Bogota,"{""br"":""Pelaya"",""ko"":""펠라야"",""pt-BR"":""Pelaya"",""pt"":""Pelaya"",""nl"":""Pelaya"",""hr"":""Pelaya"",""fa"":""پلایا"",""de"":""Pelaya"",""es"":""Pelaya"",""fr"":""Pelaya"",""ja"":""ペラヤ"",""it"":""Pelaya"",""zh-CN"":""佩拉亚"",""tr"":""Pelaya"",""ru"":""Пелайя"",""uk"":""Пелайя"",""pl"":""Pelaya"",""hi"":""पेलाया"",""ar"":""بيلايا""}",2019-10-06T09:39:54,2025-12-02T14:39:31,1,Q962740
21193,Pensilvania,2887,CAL,48,CO,adm2,,,5.38840000,-75.20420000,Pensilvania,26426,America/Bogota,"{""br"":""Pensilvania"",""ko"":""펜실베이니아"",""pt-BR"":""Pensilvânia"",""pt"":""Pensilvânia"",""nl"":""Pensilvania"",""hr"":""Pensilvanija"",""fa"":""پنسیلوانیا"",""de"":""Pennsylvania"",""es"":""Pensilvania"",""fr"":""Pennsylvanie"",""ja"":""ペンシルバニア"",""it"":""Pensilvania"",""zh-CN"":""宾夕法尼亚"",""tr"":""Pensilvanya"",""ru"":""Пенсильвания"",""uk"":""Пенсильванія"",""pl"":""Pensylwania"",""hi"":""पेंसिल्वेनिया"",""ar"":""بنسلفانيا""}",2019-10-06T09:39:54,2025-12-02T17:11:50,1,Q1440753
21194,Peque,2890,ANT,48,CO,adm2,,,7.02123000,-75.90926000,Peque,7155,America/Bogota,"{""br"":""Peque"",""ko"":""페케"",""pt-BR"":""Peque"",""pt"":""Peque"",""nl"":""Klein"",""hr"":""Peque"",""fa"":""پکو"",""de"":""Peque"",""es"":""Pequeño"",""fr"":""Petit"",""ja"":""ペケ"",""it"":""Piccolo"",""zh-CN"":""佩克"",""tr"":""Küçük"",""ru"":""Пеке"",""uk"":""Пеке"",""pl"":""Mały"",""hi"":""पेक"",""ar"":""بيكيه""}",2019-10-06T09:39:54,2025-12-02T14:38:56,1,Q1577164
21195,Pereira,2879,RIS,48,CO,adm2,,,4.76896000,-75.72222000,Pereira,2621,America/Bogota,"{""br"":""Pereira"",""ko"":""페레이라"",""pt-BR"":""Pereira"",""pt"":""Pereira"",""nl"":""Pereira"",""hr"":""Pereira"",""fa"":""پریرا"",""de"":""Peregrina"",""es"":""Pereira"",""fr"":""Pereira"",""ja"":""ペレイラ"",""it"":""Pereira"",""zh-CN"":""佩雷拉"",""tr"":""Pereira"",""ru"":""Перейра"",""uk"":""Перейра"",""pl"":""Pereira"",""hi"":""परेरा"",""ar"":""بيريرا""}",2019-10-06T09:39:54,2025-12-02T14:39:31,1,Q51111
21196,Pesca,2903,BOY,48,CO,adm2,,,5.50213000,-73.08794000,Pesca,9322,America/Bogota,"{""br"":""Peska"",""ko"":""페스카"",""pt-BR"":""Pesca"",""pt"":""Pesca"",""nl"":""Vis"",""hr"":""Pesca"",""fa"":""پسکا"",""de"":""Fischen"",""es"":""Pesca"",""fr"":""Pêche"",""ja"":""ペスカ"",""it"":""Pesca"",""zh-CN"":""佩斯卡"",""tr"":""Balıkçılık"",""ru"":""Песка"",""uk"":""Песка"",""pl"":""Ryba"",""hi"":""पेस्का"",""ar"":""صيد السمك""}",2019-10-06T09:39:54,2025-12-02T17:11:50,1,Q1575463
21197,Peñol,2890,ANT,48,CO,city,,,6.23434000,-75.22573000,Peñol,,America/Bogota,"{""br"":""Peñol"",""ko"":""페뇰"",""pt-BR"":""Peñol"",""pt"":""Peñol"",""nl"":""Peñol"",""hr"":""Peñol"",""fa"":""پنول"",""de"":""Peñol"",""es"":""Peñol"",""fr"":""Peñol"",""ja"":""ペニョル"",""it"":""Peñol"",""zh-CN"":""佩尼奥尔"",""tr"":""Peñol"",""ru"":""Пеньоль"",""uk"":""Пеньйол"",""pl"":""Peñol"",""hi"":""पेनोल"",""ar"":""بينول""}",2019-10-06T09:39:54,2025-12-02T17:11:50,1,Q1525273
21199,Piedecuesta,2901,SAN,48,CO,adm2,,,6.97443000,-73.02284000,Piedecuesta,117364,America/Bogota,"{""br"":""Piedecuesta"",""ko"":""피에데쿠에스타"",""pt-BR"":""Piedecuesta"",""pt"":""Piedecuesta"",""nl"":""Piedecuesta"",""hr"":""Piedecuesta"",""fa"":""پیدکواستا"",""de"":""Piedecuesta"",""es"":""Piedecuesta"",""fr"":""Piedecuesta"",""ja"":""ピエデクエスタ"",""it"":""Piedecuesta"",""zh-CN"":""彼德奎斯塔"",""tr"":""Piedecuesta"",""ru"":""Пьедекуэста"",""uk"":""П'єдекуеста"",""pl"":""Piedecuesta"",""hi"":""पीडस्यूस्टा"",""ar"":""بيديكويستا""}",2019-10-06T09:39:54,2025-12-02T17:11:50,1,Q2075634
21201,Piedras,2883,TOL,48,CO,adm2,,,4.50000000,-74.91667000,Piedras,5662,America/Bogota,"{""br"":""Piedras"",""ko"":""피에드라스"",""pt-BR"":""Pedras"",""pt"":""Pedras"",""nl"":""Stenen"",""hr"":""Piedras"",""fa"":""پیدراس"",""de"":""Piedras"",""es"":""Piedras"",""fr"":""Piedras"",""ja"":""ピエドラス"",""it"":""Pietre"",""zh-CN"":""彼德拉斯"",""tr"":""Piedras"",""ru"":""Пьедрас"",""uk"":""П'єдрас"",""pl"":""Piedras"",""hi"":""Piedras"",""ar"":""بيدراس""}",2019-10-06T09:39:54,2025-12-02T17:11:50,1,Q1655981
21202,Piendamo,2884,CAU,48,CO,city,,,2.63918000,-76.53055000,Piendamo,44535,America/Bogota,"{""br"":""Piendamo"",""ko"":""피엔다모"",""pt-BR"":""Piendamo"",""pt"":""Piendamo"",""nl"":""Piendamo"",""hr"":""Piendamo"",""fa"":""پیندامو"",""de"":""Piendamo"",""es"":""Piendamo"",""fr"":""Je suis content"",""ja"":""ピエンダモ"",""it"":""Piendamo"",""zh-CN"":""皮恩达莫"",""tr"":""Piendamo"",""ru"":""Пьендамо"",""uk"":""П'єндамо"",""pl"":""Piendamo"",""hi"":""पिएन्डामो"",""ar"":""بيندامو""}",2019-10-06T09:39:54,2025-12-02T14:38:56,1,Q1655981
21204,Pijao,2874,QUI,48,CO,adm2,,,4.33350000,-75.70463000,Pijao,6683,America/Bogota,"{""br"":""Pijao"",""ko"":""피자오"",""pt-BR"":""Pijao"",""pt"":""Pijao"",""nl"":""Pijao"",""hr"":""Pijao"",""fa"":""پیجائو"",""de"":""Pijao"",""es"":""Pijao"",""fr"":""Pijao"",""ja"":""ピジャオ"",""it"":""Pijao"",""zh-CN"":""皮豪"",""tr"":""Pijao"",""ru"":""Пихао"",""uk"":""Піджао"",""pl"":""Pijao"",""hi"":""पिजाओ"",""ar"":""بيجاو""}",2019-10-06T09:39:54,2025-12-02T14:38:56,1,Q636738
21205,Pijiño del Carmen,2886,MAG,48,CO,adm2,,,9.32908000,-74.45302000,Pijiño del Carmen,11071,America/Bogota,"{""br"":""Pijiño del Carmen"",""ko"":""피자뇨 델 카르멘"",""pt-BR"":""Pijiño del Carmen"",""pt"":""Pijiño del Carmen"",""nl"":""Pijiño del Carmen"",""hr"":""Pijiño del Carmen"",""fa"":""پیجینو دل کارمن"",""de"":""Pijiño del Carmen"",""es"":""Pijiño del Carmen"",""fr"":""Pijiño del Carmen"",""ja"":""ピヒーニョ・デル・カルメン"",""it"":""Pijiño del Carmen"",""zh-CN"":""卡门的皮希诺"",""tr"":""Pijiño del Carmen"",""ru"":""Пихиньо дель Кармен"",""uk"":""Піхіньо дель Кармен"",""pl"":""Pijiño del Carmen"",""hi"":""पिजिनो डेल कारमेन"",""ar"":""بيجينو ديل كارمن""}",2019-10-06T09:39:54,2025-12-02T14:39:31,1,Q1525585
21206,Pinchote,2901,SAN,48,CO,adm2,,,6.53226000,-73.17309000,Pinchote,674,America/Bogota,"{""br"":""Pinchote"",""ko"":""핀초테"",""pt-BR"":""Pinchote"",""pt"":""Pinchote"",""nl"":""Pinchote"",""hr"":""Pinchote"",""fa"":""پینچوت"",""de"":""Pinchote"",""es"":""Pinchote"",""fr"":""Pinchote"",""ja"":""ピンチョテ"",""it"":""Pinchote"",""zh-CN"":""平乔特"",""tr"":""Pinchote"",""ru"":""Пинчот"",""uk"":""Пінчоте"",""pl"":""Pinchote"",""hi"":""पिंचोट"",""ar"":""بينشوت""}",2019-10-06T09:39:54,2025-12-02T14:39:31,1,Q585762
21207,Pinillos,2893,BOL,48,CO,adm2,,,8.91925000,-74.46771000,Pinillos,24923,America/Bogota,"{""br"":""Pinillos"",""ko"":""피닐로스"",""pt-BR"":""Pinillos"",""pt"":""Pinillos"",""nl"":""Pinillos"",""hr"":""Pinillos"",""fa"":""پینیلوس"",""de"":""Pinillos"",""es"":""Pinillos"",""fr"":""Pinillos"",""ja"":""ピニロス"",""it"":""Pinillos"",""zh-CN"":""皮尼略斯"",""tr"":""Pinillolar"",""ru"":""Пинильос"",""uk"":""Пінільйос"",""pl"":""Pinillos"",""hi"":""पिनिलोस"",""ar"":""بينيلوس""}",2019-10-06T09:39:54,2025-12-02T14:38:56,1,Q1442317
21208,Piojó,2880,ATL,48,CO,adm2,,,10.74846000,-75.10776000,Piojó,3388,America/Bogota,"{""br"":""Piojó"",""ko"":""피오조"",""pt-BR"":""Piojó"",""pt"":""Piojó"",""nl"":""Piojó"",""hr"":""Piojó"",""fa"":""پیوخو"",""de"":""Piojó"",""es"":""Piojó"",""fr"":""Piojo"",""ja"":""ピオホ"",""it"":""Piojó"",""zh-CN"":""皮奥霍"",""tr"":""Piojo"",""ru"":""Пиожо"",""uk"":""Піохо"",""pl"":""Piojó"",""hi"":""पियोजो"",""ar"":""بيوجو""}",2019-10-06T09:39:54,2025-12-02T14:39:31,1,Q2320388
21209,Pisba,2903,BOY,48,CO,adm2,,,5.72396000,-72.48646000,Pisba,307,America/Bogota,"{""br"":""Pisba"",""ko"":""피스바"",""pt-BR"":""Pisba"",""pt"":""Pisba"",""nl"":""Pisba"",""hr"":""Pisba"",""fa"":""پیسبا"",""de"":""Pisba"",""es"":""Pisba"",""fr"":""Pisba"",""ja"":""ピスバ"",""it"":""Pisba"",""zh-CN"":""皮斯巴"",""tr"":""Pisba"",""ru"":""Писба"",""uk"":""Пісба"",""pl"":""Pisba"",""hi"":""पिस्बा"",""ar"":""بيسبا""}",2019-10-06T09:39:54,2025-12-02T14:39:31,1,Q1656260
21210,Pivijay,2886,MAG,48,CO,adm2,,,10.46167000,-74.61621000,Pivijay,33047,America/Bogota,"{""br"":""Pivijay"",""ko"":""피비제이"",""pt-BR"":""Pivijay"",""pt"":""Pivijay"",""nl"":""Pivijay"",""hr"":""Pivijay"",""fa"":""پیویجی"",""de"":""Pivijay"",""es"":""Pivijay"",""fr"":""Pivijay"",""ja"":""ピヴィジェイ"",""it"":""Pivijay"",""zh-CN"":""皮维杰"",""tr"":""Pivijay"",""ru"":""Пивиджай"",""uk"":""Півіджей"",""pl"":""Pivijay"",""hi"":""पिविजय"",""ar"":""بيفيجاي""}",2019-10-06T09:39:54,2025-12-02T14:38:56,1,Q929338
21212,Planadas,2883,TOL,48,CO,adm2,,,3.10326000,-75.81680000,Vistazo,21557,America/Bogota,"{""br"":""Planadennoù"",""ko"":""플라나다스"",""pt-BR"":""Planadas"",""pt"":""Planadas"",""nl"":""Planadas"",""hr"":""Planadas"",""fa"":""پلاناداس"",""de"":""Planadas"",""es"":""Planadas"",""fr"":""Planadas"",""ja"":""プラナダス"",""it"":""Planadas"",""zh-CN"":""普拉纳达斯"",""tr"":""Planadas"",""ru"":""Планадас"",""uk"":""Планадас"",""pl"":""Planadas"",""hi"":""प्लानादास"",""ar"":""بلاناداس""}",2019-10-06T09:39:54,2025-12-02T17:11:50,1,Q1964548
21213,Planeta Rica,2898,COR,48,CO,city,,,8.41150000,-75.58508000,Planeta Rica,69708,America/Bogota,"{""br"":""Planedenn Rika"",""ko"":""플라네타 리카"",""pt-BR"":""Planeta Rica"",""pt"":""Planeta Rica"",""nl"":""Planeta Rica"",""hr"":""Planeta Rica"",""fa"":""سیاره ریکا"",""de"":""Planeta Rica"",""es"":""Planeta Rica"",""fr"":""Planète Rica"",""ja"":""プラネタ・リカ"",""it"":""Planeta Rica"",""zh-CN"":""普拉内塔·里卡"",""tr"":""Planeta Rica"",""ru"":""Планета Рика"",""uk"":""Планета Ріка"",""pl"":""Planeta Rica"",""hi"":""प्लैनेटा रिका"",""ar"":""بلانيتا ريكا""}",2019-10-06T09:39:54,2025-12-02T14:38:56,1,Q956174
21214,Plato,2886,MAG,48,CO,adm2,,,9.77267000,-74.74548000,Platón,49195,America/Bogota,"{""br"":""Platon"",""ko"":""플라톤"",""pt-BR"":""Platão"",""pt"":""Platão"",""nl"":""Plato"",""hr"":""Platon"",""fa"":""افلاطون"",""de"":""Plato"",""es"":""Platón"",""fr"":""Platon"",""ja"":""プラトン"",""it"":""Platone"",""zh-CN"":""柏拉图"",""tr"":""Plato"",""ru"":""Платон"",""uk"":""Платон"",""pl"":""Platon"",""hi"":""प्लेटो"",""ar"":""أفلاطون""}",2019-10-06T09:39:54,2025-12-02T17:11:50,1,Q1093229
21216,Policarpa,2897,NAR,48,CO,adm2,,,1.62843000,-77.45956000,Policarpa,8149,America/Bogota,"{""br"":""Polikarpa"",""ko"":""폴리카르파"",""pt-BR"":""Policarpa"",""pt"":""Policarpa"",""nl"":""Policarpa"",""hr"":""Polikarpa"",""fa"":""پولیکارپا"",""de"":""Policarpa"",""es"":""Policarpa"",""fr"":""Policarpa"",""ja"":""ポリカルパ"",""it"":""Policarpa"",""zh-CN"":""波利卡帕"",""tr"":""Polikarpa"",""ru"":""Поликарпа"",""uk"":""Полікарпа"",""pl"":""Policarpa"",""hi"":""पोलिकार्पा"",""ar"":""بوليكاربا""}",2019-10-06T09:39:54,2025-12-02T14:39:31,1,Q1525852
21217,Polonuevo,2880,ATL,48,CO,adm2,,,10.77697000,-74.85344000,Polonuevo,19454,America/Bogota,"{""br"":""Polonuevo"",""ko"":""폴로누에보"",""pt-BR"":""Polonuevo"",""pt"":""Polonuevo"",""nl"":""Polonuevo"",""hr"":""Polonuevo"",""fa"":""پولونوو"",""de"":""Polonuevo"",""es"":""Polonuevo"",""fr"":""Polonuevo"",""ja"":""ポロヌエヴォ"",""it"":""Polonuevo"",""zh-CN"":""波洛努埃沃"",""tr"":""Polonüevo"",""ru"":""Полонуево"",""uk"":""Полонуево"",""pl"":""Polonuevo"",""hi"":""पोलोनुएवो"",""ar"":""بولونويفو""}",2019-10-06T09:39:54,2025-12-02T14:38:56,1,Q1526194
21218,Ponedera,2880,ATL,48,CO,adm2,,,10.64297000,-74.75393000,Abuso,23420,America/Bogota,"{""br"":""Ponedera"",""ko"":""포네데라"",""pt-BR"":""Ponedera"",""pt"":""Ponedera"",""nl"":""Ponedera"",""hr"":""Ponedera"",""fa"":""پوندرا"",""de"":""Ponedera"",""es"":""Ponedera"",""fr"":""Ponedera"",""ja"":""ポネデラ"",""it"":""Ponedera"",""zh-CN"":""波内德拉"",""tr"":""Ponedera"",""ru"":""Понедера"",""uk"":""Понедера"",""pl"":""Ponedera"",""hi"":""पोनेडेरा"",""ar"":""بونيديرا""}",2019-10-06T09:39:54,2025-12-02T14:38:56,1,Q512871
21219,Popayán,2884,CAU,48,CO,adm1,,,2.43823000,-76.61316000,Popayán,300837,America/Bogota,"{""br"":""Popayán"",""ko"":""포파얀"",""pt-BR"":""Popayán"",""pt"":""Popayán"",""nl"":""Popayán"",""hr"":""Popayán"",""fa"":""پوپایان"",""de"":""Popayán"",""es"":""Popayán"",""fr"":""Popayán"",""ja"":""ポパヤン"",""it"":""Popayán"",""zh-CN"":""波帕扬"",""tr"":""Popayán"",""ru"":""Попаян"",""uk"":""Попаян"",""pl"":""Popayán"",""hi"":""पोपायन"",""ar"":""بوبايان""}",2019-10-06T09:39:54,2025-12-02T14:38:56,1,Q335135
21220,Pore,2892,CAS,48,CO,adm2,,,5.72792000,-71.99266000,Poro,4133,America/Bogota,"{""br"":""Pore"",""ko"":""기공"",""pt-BR"":""Poro"",""pt"":""Poro"",""nl"":""Porie"",""hr"":""Pora"",""fa"":""منافذ"",""de"":""Pore"",""es"":""Poro"",""fr"":""Pore"",""ja"":""細孔"",""it"":""Poro"",""zh-CN"":""毛孔"",""tr"":""Gözenek"",""ru"":""Пора"",""uk"":""Пора"",""pl"":""Por"",""hi"":""ध्यान में लीन होना"",""ar"":""المسام""}",2019-10-06T09:39:54,2025-12-02T14:39:31,1,Q1555513
21221,Potosí,2897,NAR,48,CO,adm2,,,0.80739000,-77.57216000,Potosí,10186,America/Bogota,"{""br"":""Potosí"",""ko"":""포토시"",""pt-BR"":""Potosí"",""pt"":""Potosí"",""nl"":""Potosí"",""hr"":""Potosí"",""fa"":""پوتوسی"",""de"":""Potosí"",""es"":""Potosí"",""fr"":""Potosí"",""ja"":""ポトシ"",""it"":""Potosí"",""zh-CN"":""波托西"",""tr"":""Potosi"",""ru"":""Потоси"",""uk"":""Потосі"",""pl"":""Potosí"",""hi"":""पोटोसी"",""ar"":""بوتوسي""}",2019-10-06T09:39:54,2025-12-02T14:38:56,1,Q23684150
21222,Pradera,2904,VAC,48,CO,adm2,,,3.42793000,-76.17159000,Pradera,48843,America/Bogota,"{""br"":""Pradera"",""ko"":""프라데라"",""pt-BR"":""Pradera"",""pt"":""Pradera"",""nl"":""Pradera"",""hr"":""Pradera"",""fa"":""پرادره"",""de"":""Pradera"",""es"":""Pradera"",""fr"":""Pradera"",""ja"":""プラデラ"",""it"":""Pradera"",""zh-CN"":""普拉德拉"",""tr"":""Pradera"",""ru"":""Прадера"",""uk"":""Прадера"",""pl"":""Pradera"",""hi"":""प्राडेरा"",""ar"":""براديرا""}",2019-10-06T09:39:54,2025-12-02T17:11:50,1,Q2433369
21223,Prado,2883,TOL,48,CO,adm2,,,3.73219000,-74.86494000,Prado,7607,America/Bogota,"{""br"":""Prado"",""ko"":""프라도"",""pt-BR"":""Prado"",""pt"":""Prado"",""nl"":""Prado"",""hr"":""Prado"",""fa"":""پرادو"",""de"":""Prado"",""es"":""Prado"",""fr"":""Prado"",""ja"":""プラド"",""it"":""Prato"",""zh-CN"":""普拉多"",""tr"":""Prado"",""ru"":""Прадо"",""uk"":""Прадо"",""pl"":""Prado"",""hi"":""प्राडो"",""ar"":""برادو""}",2019-10-06T09:39:54,2025-12-02T17:11:50,1,Q1576149
21224,Providencia,2900,SAP,48,CO,city,,,12.58231690,-81.69261410,Providencia,11699,America/Bogota,"{""br"":""Providencia"",""ko"":""프로비덴시아"",""pt-BR"":""Providência"",""pt"":""Providência"",""nl"":""Providencia"",""hr"":""Providencia"",""fa"":""پروویدنسیا"",""de"":""Providencia"",""es"":""Providencia"",""fr"":""Providence"",""ja"":""プロビデンシア"",""it"":""Providencia"",""zh-CN"":""普罗维登西亚"",""tr"":""Providencia"",""ru"":""Провиденсия"",""uk"":""Провіденсія"",""pl"":""Providencia"",""hi"":""प्रोविडेंसिया"",""ar"":""بروفيدنسيا""}",2019-10-06T09:39:54,2025-12-02T16:59:27,1,Q3408299
21225,Pueblo Nuevo,2898,COR,48,CO,city,,,8.24110000,-74.95815000,Pueblo Nuevo,9075,America/Bogota,"{""br"":""Pueblo Nuevo"",""ko"":""푸에블로 누에보"",""pt-BR"":""Pueblo Nuevo"",""pt"":""Pueblo Nuevo"",""nl"":""Nieuw dorp"",""hr"":""Pueblo Nuevo"",""fa"":""پوئبلو نوئوو"",""de"":""Pueblo Nuevo"",""es"":""Pueblo Nuevo"",""fr"":""Pueblo Nuevo"",""ja"":""プエブロ・ヌエボ"",""it"":""Pueblo Nuevo"",""zh-CN"":""新镇"",""tr"":""Yeni Kasaba"",""ru"":""Пуэбло Нуэво"",""uk"":""Пуебло Нуево"",""pl"":""Pueblo Nuevo"",""hi"":""पुएब्लो नुएवो"",""ar"":""بويبلو نويفو""}",2019-10-06T09:39:54,2025-12-02T14:39:31,1,Q23684193
21226,Pueblo Rico,2879,RIS,48,CO,adm2,,,5.29453000,-76.06702000,Pueblo Rico,14429,America/Bogota,"{""br"":""Pueblo Rico"",""ko"":""푸에블로 리코"",""pt-BR"":""Pueblo Rico"",""pt"":""Pueblo Rico"",""nl"":""Pueblo Rico"",""hr"":""Pueblo Rico"",""fa"":""پوئبلو ریکو"",""de"":""Pueblo Rico"",""es"":""Pueblo Rico"",""fr"":""Pueblo Rico"",""ja"":""プエブロ・リコ"",""it"":""Pueblo Rico"",""zh-CN"":""普韦布洛里科"",""tr"":""Pueblo Riko"",""ru"":""Пуэбло-Рико"",""uk"":""Пуебло-Рико"",""pl"":""Pueblo Rico"",""hi"":""पुएब्लो रिको"",""ar"":""بويبلو ريكو""}",2019-10-06T09:39:54,2025-12-02T17:11:50,1,Q514908
21227,Pueblorrico,2890,ANT,48,CO,adm2,,,5.80000000,-75.85000000,Pueblorrico,5327,America/Bogota,"{""br"":""Pueblorrico"",""ko"":""푸에블로리코"",""pt-BR"":""Pueblorrico"",""pt"":""Pueblorrico"",""nl"":""Pueblorrico"",""hr"":""Pueblorrico"",""fa"":""پوئبلوریکو"",""de"":""Pueblorrico"",""es"":""Pueblorrico"",""fr"":""Pueblorico"",""ja"":""プエブロリコ"",""it"":""Pueblorrico"",""zh-CN"":""普韦布洛里科"",""tr"":""Pueblorrico"",""ru"":""Пуэблоррико"",""uk"":""Пуеблорріко"",""pl"":""Pueblorrico"",""hi"":""पुएब्लोरिको"",""ar"":""بويبلوريكو""}",2019-10-06T09:39:54,2025-12-02T14:39:31,1,Q1576028
21228,Puebloviejo,2886,MAG,48,CO,city,,,10.84239000,-74.38538000,Puebloviejo,33720,America/Bogota,"{""br"":""Puebloviejo"",""ko"":""푸에블로비에호"",""pt-BR"":""Puebloviejo"",""pt"":""Puebloviejo"",""nl"":""Dorp"",""hr"":""Puebloviejo"",""fa"":""پوئبلوویخو"",""de"":""Puebloviejo"",""es"":""Puebloviejo"",""fr"":""Puebloviejo"",""ja"":""プエブロビエホ"",""it"":""Puebloviejo"",""zh-CN"":""普韦布洛维耶霍"",""tr"":""Puebloviejo"",""ru"":""Пуэбловьехо"",""uk"":""Пуеблов'єхо"",""pl"":""Puebloviejo"",""hi"":""पुएब्लोविएजो"",""ar"":""بويبلوفيجو""}",2019-10-06T09:39:54,2025-12-02T16:59:27,1,Q1441089
21229,Puente Nacional,2901,SAN,48,CO,adm2,,,5.87739000,-73.67810000,Puente Nacional,14538,America/Bogota,"{""br"":""Puente Broadel"",""ko"":""푸엔테 나시오날"",""pt-BR"":""Ponte Nacional"",""pt"":""Ponte Nacional"",""nl"":""Puente Nacional"",""hr"":""Nacionalni most"",""fa"":""پوئنته ناسیونال"",""de"":""Puente Nacional"",""es"":""Puente Nacional"",""fr"":""Pont National"",""ja"":""プエンテ・ナシオナル"",""it"":""Ponte Nazionale"",""zh-CN"":""国家桥"",""tr"":""Puente Nacional"",""ru"":""Пуэнте Насьональ"",""uk"":""Пуенте Насьональ"",""pl"":""Most Narodowy"",""hi"":""पुएंते नैशनल"",""ar"":""الجسر الوطني""}",2019-10-06T09:39:54,2025-12-02T14:38:56,1,Q1525489
21230,Puerres,2897,NAR,48,CO,city,,,1.19374000,-77.26661000,Puerres,3812,America/Bogota,"{""br"":""Puerres"",""ko"":""푸에레스"",""pt-BR"":""Puerres"",""pt"":""Puerres"",""nl"":""Puerres"",""hr"":""Puerres"",""fa"":""پوئرس"",""de"":""Puerres"",""es"":""Puerres"",""fr"":""Puerres"",""ja"":""プエレス"",""it"":""Puerres"",""zh-CN"":""普埃雷斯"",""tr"":""Puerres"",""ru"":""Пуэррес"",""uk"":""Пуеррес"",""pl"":""Puerres"",""hi"":""पुएरेस"",""ar"":""أبنائي""}",2019-10-06T09:39:54,2025-12-02T14:39:31,1,Q23684207
21231,Puerto Alegría,2895,AMA,48,CO,city,,,-0.96886000,-73.74962000,Puerto Alegría,803,America/Bogota,"{""br"":""Puerto Alegría"",""ko"":""푸에르토 알레그리아"",""pt-BR"":""Puerto Alegría"",""pt"":""Puerto Alegría"",""nl"":""Puerto Alegria"",""hr"":""Puerto Alegría"",""fa"":""پورتو آلگریا"",""de"":""Puerto Alegría"",""es"":""Puerto Alegría"",""fr"":""Puerto Alegría"",""ja"":""プエルト・アレグリア"",""it"":""Porto Alegría"",""zh-CN"":""波多阿莱格里亚"",""tr"":""Puerto Alegría"",""ru"":""Пуэрто-Алегрия"",""uk"":""Пуерто-Алегрія"",""pl"":""Port Alegría"",""hi"":""प्यूर्टो एलेग्रिया"",""ar"":""بويرتو أليغريا""}",2019-10-06T09:39:54,2025-12-02T16:59:27,1,Q23684207
21232,Puerto Arica,2895,AMA,48,CO,city,,,-1.90677000,-71.14653000,Puerto Arica,1343,America/Bogota,"{""br"":""Puerto Arica"",""ko"":""푸에르토 아리카"",""pt-BR"":""Porto Arica"",""pt"":""Porto Arica"",""nl"":""Puerto Afrika"",""hr"":""Portoriko"",""fa"":""پورتو آریکا"",""de"":""Puerto Arica"",""es"":""Puerto Arica"",""fr"":""Porto Arica"",""ja"":""プエルトアリカ"",""it"":""Porto Arica"",""zh-CN"":""阿里卡港"",""tr"":""Porto Arica"",""ru"":""Пуэрто-Арика"",""uk"":""Пуерто-Аріка"",""pl"":""Portoryko"",""hi"":""प्यूर्टो एरिका"",""ar"":""بورتو أريكا""}",2019-10-06T09:39:54,2025-12-02T16:59:27,1,Q2243950
21233,Puerto Asís,2896,PUT,48,CO,adm2,,,0.50514000,-76.49571000,Puerto Asís,29782,America/Bogota,"{""br"":""Puerto Asís"",""ko"":""푸에르토 아시스"",""pt-BR"":""Puerto Asís"",""pt"":""Puerto Asís"",""nl"":""Puerto Asís"",""hr"":""Puerto Asís"",""fa"":""پورتو آسیس"",""de"":""Puerto Asís"",""es"":""Puerto Asís"",""fr"":""Puerto Asís"",""ja"":""プエルト・アシス"",""it"":""Porto Asís"",""zh-CN"":""阿西斯港"",""tr"":""Puerto Asís"",""ru"":""Пуэрто-Асис"",""uk"":""Пуерто-Асіс"",""pl"":""Puerto Asís"",""hi"":""प्यूर्टो असिस"",""ar"":""بويرتو أسيس""}",2019-10-06T09:39:54,2025-12-02T14:39:31,1,Q1018571
21234,Puerto Berrío,2890,ANT,48,CO,adm2,,,6.50749000,-74.52271000,Puerto Berrío,39314,America/Bogota,"{""br"":""Puerto Berrío"",""ko"":""푸에르토 베리오"",""pt-BR"":""Puerto Berrío"",""pt"":""Puerto Berrío"",""nl"":""Puerto Berrío"",""hr"":""Puerto Berrío"",""fa"":""پورتو بریو"",""de"":""Puerto Berrío"",""es"":""Puerto Berrío"",""fr"":""Puerto Berrío"",""ja"":""プエルト・ベリオ"",""it"":""Porto Berrio"",""zh-CN"":""波多黎各贝里奥"",""tr"":""Puerto Berrio"",""ru"":""Пуэрто-Беррио"",""uk"":""Пуерто-Берріо"",""pl"":""Puerto Berrío"",""hi"":""प्यूर्टो बेरियो"",""ar"":""بويرتو بيريو""}",2019-10-06T09:39:54,2025-12-02T17:11:50,1,Q1946640
21236,Puerto Boyacá,2903,BOY,48,CO,adm2,,,5.97214000,-74.46349000,Puerto Boyacá,55286,America/Bogota,"{""br"":""Puerto Boyacá"",""ko"":""푸에르토 보야카"",""pt-BR"":""Puerto Boyacá"",""pt"":""Puerto Boyacá"",""nl"":""Puerto Boyacá"",""hr"":""Puerto Boyacá"",""fa"":""پورتو بویاکا"",""de"":""Puerto Boyacá"",""es"":""Puerto Boyacá"",""fr"":""Puerto Boyacá"",""ja"":""プエルト・ボヤカ"",""it"":""Porto Boyacá"",""zh-CN"":""波多黎各博亚卡"",""tr"":""Puerto Boyacá"",""ru"":""Пуэрто-Бойака"",""uk"":""Пуерто-Бояка"",""pl"":""Puerto Boyacá"",""hi"":""प्यूर्टो बोयाका"",""ar"":""بويرتو بوياكا""}",2019-10-06T09:39:54,2025-12-02T17:11:50,1,Q2335098
21237,Puerto Carreño,2894,VID,48,CO,adm1,,,6.18903000,-67.48588000,Puerto Carreño,16763,America/Bogota,"{""br"":""Puerto Carreño"",""ko"":""푸에르토 카레뇨"",""pt-BR"":""Puerto Carreño"",""pt"":""Puerto Carreño"",""nl"":""Puerto Carreño"",""hr"":""Puerto Carreño"",""fa"":""پورتو کارنو"",""de"":""Puerto Carreño"",""es"":""Puerto Carreño"",""fr"":""Puerto Carreño"",""ja"":""プエルト・カレーニョ"",""it"":""Porto Carreño"",""zh-CN"":""卡雷尼奥港"",""tr"":""Puerto Carreño"",""ru"":""Пуэрто-Карреньо"",""uk"":""Пуерто-Карреньо"",""pl"":""Port Carreño"",""hi"":""प्यूर्टो कैरेनो"",""ar"":""بويرتو كارينو""}",2019-10-06T09:39:54,2025-12-02T14:38:56,1,Q130304
21238,Puerto Colombia,2880,ATL,48,CO,adm2,,,11.00854000,-74.90887000,Puerto Colombia,26932,America/Bogota,"{""br"":""Puerto Colombia"",""ko"":""푸에르토 콜롬비아"",""pt-BR"":""Porto Colômbia"",""pt"":""Porto Colômbia"",""nl"":""Puerto Colombia"",""hr"":""Puerto Kolumbija"",""fa"":""پورتو کلمبیا"",""de"":""Puerto Colombia"",""es"":""Puerto Colombia"",""fr"":""Puerto Colombia"",""ja"":""プエルト・コロンビア"",""it"":""Porto Colombia"",""zh-CN"":""哥伦比亚港"",""tr"":""Puerto Kolombiya"",""ru"":""Пуэрто-Колумбия"",""uk"":""Пуерто-Колумбія"",""pl"":""Puerto Colombia"",""hi"":""प्यूर्टो कोलंबिया"",""ar"":""بورتو كولومبيا""}",2019-10-06T09:39:54,2025-12-02T17:11:50,1,Q2186176
21239,Puerto Colombia,2882,GUA,48,CO,city,,,2.43903000,-68.16419000,Puerto Colombia,26932,America/Bogota,"{""br"":""Puerto Colombia"",""ko"":""푸에르토 콜롬비아"",""pt-BR"":""Porto Colômbia"",""pt"":""Porto Colômbia"",""nl"":""Puerto Colombia"",""hr"":""Puerto Kolumbija"",""fa"":""پورتو کلمبیا"",""de"":""Puerto Colombia"",""es"":""Puerto Colombia"",""fr"":""Puerto Colombia"",""ja"":""プエルト・コロンビア"",""it"":""Porto Colombia"",""zh-CN"":""哥伦比亚港"",""tr"":""Puerto Kolombiya"",""ru"":""Пуэрто-Колумбия"",""uk"":""Пуерто-Колумбія"",""pl"":""Puerto Colombia"",""hi"":""प्यूर्टो कोलंबिया"",""ar"":""بورتو كولومبيا""}",2019-10-06T09:39:54,2025-12-02T16:59:27,1,Q2186176
21240,Puerto Concordia,2878,MET,48,CO,adm2,,,2.62206000,-72.75724000,Puerto Concordia,8086,America/Bogota,"{""br"":""Puerto Concordia"",""ko"":""푸에르토 콘코르디아"",""pt-BR"":""Porto Concórdia"",""pt"":""Porto Concórdia"",""nl"":""Puerto Concordia"",""hr"":""Puerto Concordia"",""fa"":""پورتو کنکوردیا"",""de"":""Puerto Concordia"",""es"":""Puerto Concordia"",""fr"":""Puerto Concordia"",""ja"":""プエルト・コンコルディア"",""it"":""Porto Concordia"",""zh-CN"":""康科迪亚港"",""tr"":""Puerto Concordia"",""ru"":""Пуэрто-Конкордия"",""uk"":""Пуерто-Конкордія"",""pl"":""Puerto Concordia"",""hi"":""प्यूर्टो कॉनकॉर्डिया"",""ar"":""بويرتو كونكورديا""}",2019-10-06T09:39:54,2025-12-02T14:39:31,1,Q1525869
21241,Puerto Escondido,2898,COR,48,CO,adm2,,,8.99453000,-76.19351000,Puerto Escondido,19474,America/Bogota,"{""br"":""Puerto Escondido"",""ko"":""푸에르토 에스콘디도"",""pt-BR"":""Puerto Escondido"",""pt"":""Puerto Escondido"",""nl"":""Puerto Escondido"",""hr"":""Puerto Escondido"",""fa"":""پورتو اسکندیدو"",""de"":""Puerto Escondido"",""es"":""Puerto Escondido"",""fr"":""Puerto Escondido"",""ja"":""プエルト・エスコンディード"",""it"":""Porto Escondido"",""zh-CN"":""埃斯孔迪多港"",""tr"":""Puerto Escondido"",""ru"":""Пуэрто-Эскондидо"",""uk"":""Пуерто-Ескондідо"",""pl"":""Port Escondido"",""hi"":""प्यूर्टो एस्कोन्डिडो"",""ar"":""بويرتو إسكونديدو""}",2019-10-06T09:39:54,2025-12-02T17:11:50,1,Q1441033
21242,Puerto Gaitán,2878,MET,48,CO,adm2,,,4.31328000,-72.08157000,Puerto Gaitán,5928,America/Bogota,"{""br"":""Puerto Gaitán"",""ko"":""푸에르토 가이탄"",""pt-BR"":""Puerto Gaitán"",""pt"":""Puerto Gaitán"",""nl"":""Puerto Gaitán"",""hr"":""Puerto Gaitán"",""fa"":""پورتو گایتان"",""de"":""Puerto Gaitán"",""es"":""Puerto Gaitán"",""fr"":""Puerto Gaitán"",""ja"":""プエルト・ガイタン"",""it"":""Porto Gaitán"",""zh-CN"":""盖坦港"",""tr"":""Puerto Gaitán"",""ru"":""Пуэрто-Гайтан"",""uk"":""Пуерто-Гайтан"",""pl"":""Puerto Gaitán"",""hi"":""प्यूर्टो गैटन"",""ar"":""بويرتو غايتان""}",2019-10-06T09:39:54,2025-12-02T14:39:31,1,Q1524747
21243,Puerto Guzmán,2896,PUT,48,CO,city,,,0.97028000,-76.58583000,Puerto Guzmán,4094,America/Bogota,"{""br"":""Puerto Guzmán"",""ko"":""푸에르토 구즈만"",""pt-BR"":""Puerto Guzmán"",""pt"":""Puerto Guzmán"",""nl"":""Puerto Guzmán"",""hr"":""Puerto Guzmán"",""fa"":""پورتو گوزمن"",""de"":""Puerto Guzmán"",""es"":""Puerto Guzmán"",""fr"":""Puerto Guzmán"",""ja"":""プエルト・グスマン"",""it"":""Porto Guzmán"",""zh-CN"":""古斯曼港"",""tr"":""Puerto Guzmán"",""ru"":""Пуэрто-Гусман"",""uk"":""Пуерто-Гусман"",""pl"":""Puerto Guzmán"",""hi"":""प्यूर्टो गुज़मान"",""ar"":""بويرتو غوزمان""}",2019-10-06T09:39:54,2025-12-02T14:39:31,1,Q1440780
21244,Puerto Leguízamo,2896,PUT,48,CO,adm2,,,-0.19337000,-74.78189000,Puerto Leguízamo,16044,America/Bogota,"{""br"":""Puerto Leguízamo"",""ko"":""푸에르토 레기사모"",""pt-BR"":""Puerto Leguizamo"",""pt"":""Puerto Leguizamo"",""nl"":""Puerto Leguízamo"",""hr"":""Puerto Leguízamo"",""fa"":""پورتو لگویزامو"",""de"":""Puerto Leguízamo"",""es"":""Puerto Leguízamo"",""fr"":""Puerto Leguízamo"",""ja"":""プエルト・レグイザモ"",""it"":""Puerto Leguízamo"",""zh-CN"":""波多黎各雷吉萨莫"",""tr"":""Puerto Leguízamo"",""ru"":""Пуэрто-Легуизамо"",""uk"":""Пуерто-Легуісамо"",""pl"":""Port Leguízamo"",""hi"":""प्यूर्टो लेगुइज़ामो"",""ar"":""بويرتو ليجويزامو""}",2019-10-06T09:39:54,2025-12-02T14:38:56,1,Q1525407
21245,Puerto Libertador,2898,COR,48,CO,adm2,,,7.68181000,-75.78312000,Puerto Libertador,35186,America/Bogota,"{""br"":""Puerto Libertador"",""ko"":""푸에르토 리베르타도르"",""pt-BR"":""Puerto Libertador"",""pt"":""Puerto Libertador"",""nl"":""Puerto Libertador"",""hr"":""Puerto Libertador"",""fa"":""پورتو لیبرتادور"",""de"":""Puerto Libertador"",""es"":""Puerto Libertador"",""fr"":""Puerto Libertador"",""ja"":""プエルト・リベルタドール"",""it"":""Porto Libertador"",""zh-CN"":""解放者港"",""tr"":""Puerto Libertador"",""ru"":""Пуэрто-Либертадор"",""uk"":""Пуерто-Лібертадор"",""pl"":""Port Libertador"",""hi"":""प्यूर्टो लिबर्टाडोर"",""ar"":""بويرتو ليبرتادور""}",2019-10-06T09:39:54,2025-12-02T17:11:50,1,Q2433456
21246,Puerto Lleras,2878,MET,48,CO,adm2,,,3.21794000,-73.23215000,Puerto Lleras,8982,America/Bogota,"{""br"":""Puerto Lleras"",""ko"":""푸에르토 예라스"",""pt-BR"":""Puerto Lleras"",""pt"":""Puerto Lleras"",""nl"":""Puerto Lleras"",""hr"":""Puerto Lleras"",""fa"":""پورتو لراس"",""de"":""Puerto Lleras"",""es"":""Puerto Lleras"",""fr"":""Puerto Lleras"",""ja"":""プエルト・レラス"",""it"":""Porto Lleras"",""zh-CN"":""波多列拉斯"",""tr"":""Puerto Lleras"",""ru"":""Пуэрто-Льерас"",""uk"":""Пуерто-Лльєрас"",""pl"":""Puerto Lleras"",""hi"":""प्यूर्टो लेरास"",""ar"":""بويرتو ليراس""}",2019-10-06T09:39:54,2025-12-02T17:11:50,1,Q1577863
21247,Puerto López,2878,MET,48,CO,adm2,,,4.04426000,-72.65731000,Puerto López,28790,America/Bogota,"{""br"":""Puerto López"",""ko"":""푸에르토 로페스"",""pt-BR"":""Puerto López"",""pt"":""Puerto López"",""nl"":""Puerto López"",""hr"":""Puerto López"",""fa"":""پورتو لوپز"",""de"":""Puerto López"",""es"":""Puerto López"",""fr"":""Puerto Lopez"",""ja"":""プエルト・ロペス"",""it"":""Porto López"",""zh-CN"":""洛佩斯港"",""tr"":""Puerto Lopez"",""ru"":""Пуэрто Лопес"",""uk"":""Пуерто-Лопес"",""pl"":""Puerto López"",""hi"":""प्यूर्टो लोपेज़"",""ar"":""بويرتو لوبيز""}",2019-10-06T09:39:54,2025-12-02T17:11:50,1,Q2143650
21248,Puerto Nare,2890,ANT,48,CO,adm2,,,6.19167000,-74.58670000,Puerto Nare,12161,America/Bogota,"{""br"":""Puerto Nare"",""ko"":""푸에르토 나레"",""pt-BR"":""Porto Nare"",""pt"":""Porto Nare"",""nl"":""Puerto Nare"",""hr"":""Puerto Nare"",""fa"":""پورتو ناره"",""de"":""Puerto Nare"",""es"":""Puerto Nare"",""fr"":""Puerto Nare"",""ja"":""プエルト・ナレ"",""it"":""Porto Nare"",""zh-CN"":""纳雷港"",""tr"":""Puerto Nare"",""ru"":""Пуэрто-Наре"",""uk"":""Пуерто-Наре"",""pl"":""Puerto Nare"",""hi"":""प्यूर्टो नारे"",""ar"":""بويرتو ناري""}",2019-10-06T09:39:54,2025-12-02T17:11:50,1,Q2143650
21249,Puerto Nariño,2895,AMA,48,CO,city,,,-3.78889000,-70.35584000,Puerto Nariño,2113,America/Bogota,"{""br"":""Puerto Nariño"",""ko"":""푸에르토 나리뇨"",""pt-BR"":""Porto Nariño"",""pt"":""Porto Nariño"",""nl"":""Puerto Nariño"",""hr"":""Puerto Nariño"",""fa"":""پورتو نارینو"",""de"":""Puerto Nariño"",""es"":""Puerto Nariño"",""fr"":""Puerto Nariño"",""ja"":""プエルト・ナリーニョ"",""it"":""Porto Nariño"",""zh-CN"":""纳里尼奥港"",""tr"":""Puerto Nariño"",""ru"":""Пуэрто-Нариньо"",""uk"":""Пуерто-Наріньо"",""pl"":""Port Nariño"",""hi"":""प्यूर्टो नारिनो"",""ar"":""بويرتو نارينيو""}",2019-10-06T09:39:54,2025-12-02T14:39:31,1,Q767738
21250,Puerto Parra,2901,SAN,48,CO,adm2,,,6.65149000,-74.05734000,Puerto Parra,1448,America/Bogota,"{""br"":""Puerto Parra"",""ko"":""푸에르토 파라"",""pt-BR"":""Porto Parra"",""pt"":""Porto Parra"",""nl"":""Puerto Parra"",""hr"":""Puerto Parra"",""fa"":""پورتو پارا"",""de"":""Puerto Parra"",""es"":""Puerto Parra"",""fr"":""Puerto Parra"",""ja"":""プエルト・パラ"",""it"":""Porto Parra"",""zh-CN"":""帕拉港"",""tr"":""Puerto Parra"",""ru"":""Пуэрто Парра"",""uk"":""Пуерто-Парра"",""pl"":""Puerto Parra"",""hi"":""प्यूर्टो पारा"",""ar"":""بويرتو بارا""}",2019-10-06T09:39:54,2025-12-02T14:39:31,1,Q1575386
21251,Puerto Rico,2891,CAQ,48,CO,adm2,,,1.90999000,-75.15931000,Puerto Rico,33765,America/Bogota,"{""br"":""Puerto Rico"",""ko"":""푸에르토리코"",""pt-BR"":""Porto Rico"",""pt"":""Porto Rico"",""nl"":""Puerto Rico"",""hr"":""Portoriko"",""fa"":""پورتوریکو"",""de"":""Puerto Rico"",""es"":""Puerto Rico"",""fr"":""Porto Rico"",""ja"":""プエルトリコ"",""it"":""Porto Rico"",""zh-CN"":""波多黎各"",""tr"":""Porto Riko"",""ru"":""Пуэрто-Рико"",""uk"":""Пуерто-Рико"",""pl"":""Portoryko"",""hi"":""प्यूर्टो रिको"",""ar"":""بورتوريكو""}",2019-10-06T09:39:54,2025-12-02T14:39:31,1,Q938384
21252,Puerto Rico,2878,MET,48,CO,city,,,2.93833000,-73.20833000,Puerto Rico,5029,America/Bogota,"{""br"":""Puerto Rico"",""ko"":""푸에르토리코"",""pt-BR"":""Porto Rico"",""pt"":""Porto Rico"",""nl"":""Puerto Rico"",""hr"":""Portoriko"",""fa"":""پورتوریکو"",""de"":""Puerto Rico"",""es"":""Puerto Rico"",""fr"":""Porto Rico"",""ja"":""プエルトリコ"",""it"":""Porto Rico"",""zh-CN"":""波多黎各"",""tr"":""Porto Riko"",""ru"":""Пуэрто-Рико"",""uk"":""Пуерто-Рико"",""pl"":""Portoryko"",""hi"":""प्यूर्टो रिको"",""ar"":""بورتوريكو""}",2019-10-06T04:09:55,2025-12-02T14:39:31,1,Q1956919
21253,Puerto Rondón,2881,ARA,48,CO,adm2,,,6.28048000,-71.10000000,Puerto Rondón,3962,America/Bogota,"{""br"":""Puerto Rondón"",""ko"":""푸에르토 론돈"",""pt-BR"":""Puerto Rondón"",""pt"":""Puerto Rondón"",""nl"":""Puerto Rondón"",""hr"":""Puerto Rondón"",""fa"":""پورتو روندون"",""de"":""Puerto Rondón"",""es"":""Puerto Rondón"",""fr"":""Puerto Rondón"",""ja"":""プエルト・ロンドン"",""it"":""Porto Rondón"",""zh-CN"":""波多黎各龙东"",""tr"":""Puerto Rondon"",""ru"":""Пуэрто Рондон"",""uk"":""Пуерто-Рондон"",""pl"":""Puerto Rondón"",""hi"":""प्यूर्टो रोंडोन"",""ar"":""بويرتو روندون""}",2019-10-06T09:39:54,2025-12-02T14:38:56,1,Q924553
21254,Puerto Salgar,2875,CUN,48,CO,adm2,,,5.61892000,-74.58483000,Puerto Salgar,15019,America/Bogota,"{""br"":""Puerto Salgar"",""ko"":""푸에르토 살가르"",""pt-BR"":""Porto Salgar"",""pt"":""Porto Salgar"",""nl"":""Haven van Salgar"",""hr"":""Puerto Salgar"",""fa"":""پورتو سالگار"",""de"":""Puerto Salgar"",""es"":""Puerto Salgar"",""fr"":""Puerto Salgar"",""ja"":""プエルト・サルガール"",""it"":""Porto Salgar"",""zh-CN"":""萨尔加港"",""tr"":""Puerto Salgar"",""ru"":""Пуэрто-Сальгар"",""uk"":""Пуерто-Сальгар"",""pl"":""Port Salgar"",""hi"":""प्यूर्टो साल्गर"",""ar"":""بويرتو سالغار""}",2019-10-06T09:39:55,2025-12-02T17:11:50,1,Q1524761
21255,Puerto Santander,2877,NSA,48,CO,adm2,,,8.36361000,-72.40630000,Puerto Santander,16275,America/Bogota,"{""br"":""Puerto Santander"",""ko"":""푸에르토 산탄데르"",""pt-BR"":""Porto Santander"",""pt"":""Porto Santander"",""nl"":""Haven Santander"",""hr"":""Puerto Santander"",""fa"":""پورتو سانتاندر"",""de"":""Puerto Santander"",""es"":""Puerto Santander"",""fr"":""Puerto Santander"",""ja"":""プエルト・サンタンデール"",""it"":""Porto Santander"",""zh-CN"":""桑坦德港"",""tr"":""Puerto Santander"",""ru"":""Пуэрто Сантандер"",""uk"":""Пуерто-Сантандер"",""pl"":""Puerto Santander"",""hi"":""प्यूर्टो सैंटेंडर"",""ar"":""بويرتو سانتاندير""}",2019-10-06T09:39:55,2025-12-02T14:39:31,1,Q1575400
21256,Puerto Santander,2895,AMA,48,CO,city,,,-1.09870000,-71.93911000,Puerto Santander,8720,America/Bogota,"{""br"":""Puerto Santander"",""ko"":""푸에르토 산탄데르"",""pt-BR"":""Porto Santander"",""pt"":""Porto Santander"",""nl"":""Haven Santander"",""hr"":""Puerto Santander"",""fa"":""پورتو سانتاندر"",""de"":""Puerto Santander"",""es"":""Puerto Santander"",""fr"":""Puerto Santander"",""ja"":""プエルト・サンタンデール"",""it"":""Porto Santander"",""zh-CN"":""桑坦德港"",""tr"":""Puerto Santander"",""ru"":""Пуэрто Сантандер"",""uk"":""Пуерто-Сантандер"",""pl"":""Puerto Santander"",""hi"":""प्यूर्टो सैंटेंडर"",""ar"":""بويرتو سانتاندير""}",2019-10-06T09:39:55,2025-12-02T16:59:27,1,Q1575400
21257,Puerto Tejada,2884,CAU,48,CO,adm2,,,3.23393000,-76.41935000,Puerto Tejada,46215,America/Bogota,"{""br"":""Puerto Tejada"",""ko"":""푸에르토 테하다"",""pt-BR"":""Porto Tejada"",""pt"":""Porto Tejada"",""nl"":""Puerto Tejada"",""hr"":""Puerto Tejada"",""fa"":""پورتو تجادا"",""de"":""Puerto Tejada"",""es"":""Puerto Tejada"",""fr"":""Puerto Tejada"",""ja"":""プエルト・テハダ"",""it"":""Porto Tejada"",""zh-CN"":""特哈达港"",""tr"":""Puerto Tejada"",""ru"":""Пуэрто-Техада"",""uk"":""Пуерто-Техада"",""pl"":""Puerto Tejada"",""hi"":""प्यूर्टो तेजादा"",""ar"":""بويرتو تيخادا""}",2019-10-06T09:39:55,2025-12-02T14:38:56,1,Q1256377
21258,Puerto Triunfo,2890,ANT,48,CO,adm2,,,5.87259000,-74.64050000,Puerto Triunfo,16248,America/Bogota,"{""br"":""Puerto Triunfo"",""ko"":""푸에르토 트리운포"",""pt-BR"":""Porto Triunfo"",""pt"":""Porto Triunfo"",""nl"":""Puerto Triunfo"",""hr"":""Puerto Triunfo"",""fa"":""پورتو ترینفو"",""de"":""Puerto Triunfo"",""es"":""Puerto Triunfo"",""fr"":""Puerto Triunfo"",""ja"":""プエルト・トリウンフォ"",""it"":""Puerto Triunfo"",""zh-CN"":""特里温福港"",""tr"":""Puerto Triunfo"",""ru"":""Пуэрто-Триунфо"",""uk"":""Пуерто-Тріунфо"",""pl"":""Puerto Triunfo"",""hi"":""प्यूर्टो ट्रायंफो"",""ar"":""بويرتو تريونفو""}",2019-10-06T09:39:55,2025-12-02T14:38:56,1,Q932785
21259,Puerto Wilches,2901,SAN,48,CO,adm2,,,7.34828000,-73.89601000,Puerto Wilches,31503,America/Bogota,"{""br"":""Puerto Wilches"",""ko"":""푸에르토 윌체스"",""pt-BR"":""Puerto Wilches"",""pt"":""Puerto Wilches"",""nl"":""Puerto Wilches"",""hr"":""Puerto Wilches"",""fa"":""پورتو ویلچز"",""de"":""Puerto Wilches"",""es"":""Puerto Wilches"",""fr"":""Puerto Wilches"",""ja"":""プエルト・ウィルチェス"",""it"":""Puerto Wilches"",""zh-CN"":""威尔切斯港"",""tr"":""Puerto Wilches"",""ru"":""Пуэрто-Вильчес"",""uk"":""Пуерто-Вілчес"",""pl"":""Puerto Wilches"",""hi"":""प्यूर्टो विल्चेस"",""ar"":""بويرتو ويلتشيس""}",2019-10-06T09:39:55,2025-12-02T14:38:56,1,Q579352
21261,Pulí,2875,CUN,48,CO,adm2,,,4.68116000,-74.71406000,Carrera,596,America/Bogota,"{""br"":""Pulí"",""ko"":""풀리"",""pt-BR"":""Pulí"",""pt"":""Pulí"",""nl"":""Pulí"",""hr"":""Pulí"",""fa"":""پولی"",""de"":""Pulí"",""es"":""Pulí"",""fr"":""Pulí"",""ja"":""プリ"",""it"":""Pulí"",""zh-CN"":""普利"",""tr"":""Pulí"",""ru"":""Пули"",""uk"":""Пулі"",""pl"":""Pulí"",""hi"":""पुली"",""ar"":""بولي""}",2019-10-06T09:39:55,2025-12-02T14:39:31,1,Q1656309
21262,Pupiales,2897,NAR,48,CO,adm2,,,0.87136000,-77.64027000,Pupiela,16431,America/Bogota,"{""br"":""Skolidi"",""ko"":""동공"",""pt-BR"":""Pupiales"",""pt"":""Pupiales"",""nl"":""Pupiales"",""hr"":""Pupiales"",""fa"":""شفیره‌ها"",""de"":""Schüler"",""es"":""Pupiales"",""fr"":""Pupiales"",""ja"":""蛹目"",""it"":""Pupiales"",""zh-CN"":""蛹目"",""tr"":""Pupiales"",""ru"":""Куколки"",""uk"":""Пупіалес"",""pl"":""Źrenice"",""hi"":""पुपियालेस"",""ar"":""العذارى""}",2019-10-06T09:39:55,2025-12-02T14:38:56,1,Q368268
21263,Puracé,2884,CAU,48,CO,adm2,,,2.33851000,-76.38759000,Pullón,14952,America/Bogota,"{""br"":""Puracé"",""ko"":""푸라세"",""pt-BR"":""Puracé"",""pt"":""Puracé"",""nl"":""Puracé"",""hr"":""Puracé"",""fa"":""پوراسه"",""de"":""Puracé"",""es"":""Puracé"",""fr"":""Puracé"",""ja"":""ピュラセ"",""it"":""Puracato"",""zh-CN"":""普拉塞"",""tr"":""Purace"",""ru"":""Пурасе"",""uk"":""Пурасе"",""pl"":""Purace"",""hi"":""पूरसे"",""ar"":""بوراسي""}",2019-10-06T09:39:55,2025-12-02T17:11:50,1,Q2317482
21264,Purificación,2883,TOL,48,CO,adm2,,,3.85871000,-74.93129000,Purificación,29539,America/Bogota,"{""br"":""Naetaat"",""ko"":""정화"",""pt-BR"":""Purificação"",""pt"":""Purificação"",""nl"":""Zuivering"",""hr"":""Pročišćavanje"",""fa"":""تصفیه"",""de"":""Reinigung"",""es"":""Purificación"",""fr"":""Purification"",""ja"":""浄化"",""it"":""Purificazione"",""zh-CN"":""净化"",""tr"":""Arıtma"",""ru"":""Очищение"",""uk"":""Очищення"",""pl"":""Purificación"",""hi"":""शुद्धिकरण"",""ar"":""تنقية""}",2019-10-06T09:39:55,2025-12-02T14:38:56,1,Q1392469
21266,Purísima,2898,COR,48,CO,adm2,,,9.23657000,-75.72191000,Purísima,14705,America/Bogota,"{""br"":""Purísima"",""ko"":""푸리시마"",""pt-BR"":""Purísima"",""pt"":""Purísima"",""nl"":""Purísima"",""hr"":""Purísima"",""fa"":""پوریسیما"",""de"":""Purísima"",""es"":""Purísima"",""fr"":""Purísima"",""ja"":""プリシマ"",""it"":""Purísima"",""zh-CN"":""普里西马"",""tr"":""Purísima"",""ru"":""Пурисима"",""uk"":""Пурісіма"",""pl"":""Purísima"",""hi"":""पुरीसिमा"",""ar"":""بوريسيما""}",2019-10-06T04:09:55,2025-12-02T14:38:56,1,Q1525834
21267,Pácora,2887,CAL,48,CO,adm2,,,5.50631000,-75.49054000,Pácora,13214,America/Bogota,"{""br"":""Pácora"",""ko"":""파코라"",""pt-BR"":""Pácora"",""pt"":""Pácora"",""nl"":""Pácora"",""hr"":""Pácora"",""fa"":""پاکورا"",""de"":""Pácora"",""es"":""Pácora"",""fr"":""Pacora"",""ja"":""パコラ"",""it"":""Pácora"",""zh-CN"":""帕科拉"",""tr"":""Pácora"",""ru"":""Пакора"",""uk"":""Пакора"",""pl"":""Pacora"",""hi"":""Pacora"",""ar"":""باكورا""}",2019-10-06T09:39:55,2025-12-02T17:11:50,1,Q1526108
21268,Páez,2903,BOY,48,CO,adm2,,,5.10112000,-73.05123000,Páez,1220,America/Bogota,"{""br"":""Páez"",""ko"":""파에즈"",""pt-BR"":""Páez"",""pt"":""Páez"",""nl"":""Paez"",""hr"":""Páez"",""fa"":""پائز"",""de"":""Páez"",""es"":""Páez"",""fr"":""Páez"",""ja"":""パエス"",""it"":""Páez"",""zh-CN"":""帕埃兹"",""tr"":""Paez"",""ru"":""Паэс"",""uk"":""Паес"",""pl"":""Páez"",""hi"":""पेज़"",""ar"":""بايز""}",2019-10-06T09:39:55,2025-12-02T14:39:31,1,Q2433466
21269,Páramo,2901,SAN,48,CO,adm2,,,6.43750000,-73.18027000,Páramo,843,America/Bogota,"{""br"":""Páramo"",""ko"":""파라모"",""pt-BR"":""Páramo"",""pt"":""Páramo"",""nl"":""Páramo"",""hr"":""Páramo"",""fa"":""پارامو"",""de"":""Páramo"",""es"":""Páramo"",""fr"":""Paramo"",""ja"":""パラモ"",""it"":""Páramo"",""zh-CN"":""帕拉莫"",""tr"":""Páramo"",""ru"":""Парамо"",""uk"":""Парамо"",""pl"":""Paramo"",""hi"":""पैरामो"",""ar"":""بارامو""}",2019-10-06T09:39:55,2025-12-02T14:39:31,1,Q366923
21270,Quebradanegra,2875,CUN,48,CO,city,,,5.08262000,-74.52117000,Rotura,4738,America/Bogota,"{""br"":""Kebradanegra"",""ko"":""케브라다네그라"",""pt-BR"":""Quebradanegra"",""pt"":""Quebradanegra"",""nl"":""Quebradanegra"",""hr"":""Quebradanegra"",""fa"":""کبرادانگرا"",""de"":""Quebradanegra"",""es"":""Quebrada Negra"",""fr"":""Quebradanegra"",""ja"":""ケブラダネグラ"",""it"":""Quebradanegra"",""zh-CN"":""克布拉达内格拉"",""tr"":""Quebradanegra"",""ru"":""Кебраданегра"",""uk"":""Кебраданегра"",""pl"":""Quebradanegra"",""hi"":""क्यूब्राडेनेग्रा"",""ar"":""كيبرادانيغرا""}",2019-10-06T09:39:55,2025-12-02T17:11:50,1,Q1656162
21271,Quetame,2875,CUN,48,CO,adm2,,,4.33234000,-73.86141000,Quetame,1374,America/Bogota,"{""br"":""Quetame"",""ko"":""퀘탐"",""pt-BR"":""Quetame"",""pt"":""Quetame"",""nl"":""Quetame"",""hr"":""Quetame"",""fa"":""کوتاما"",""de"":""Quetame"",""es"":""Quétame"",""fr"":""Quetame"",""ja"":""ケタメ"",""it"":""Quetame"",""zh-CN"":""奎塔梅"",""tr"":""Quetame"",""ru"":""Кветаме"",""uk"":""Кветам"",""pl"":""Kwetam"",""hi"":""क्वेटेम"",""ar"":""كيتامي""}",2019-10-06T09:39:55,2025-12-02T14:39:31,1,Q1577699
21272,Quibdó,2876,CHO,48,CO,adm2,,,5.76075000,-76.83701000,Quibdó,130825,America/Bogota,"{""br"":""Quibdó"",""ko"":""키브도"",""pt-BR"":""Quibdó"",""pt"":""Quibdó"",""nl"":""Quibdó"",""hr"":""Quibdó"",""fa"":""کیبدو"",""de"":""Quibdó"",""es"":""Quibdó"",""fr"":""Quibdó"",""ja"":""キブド"",""it"":""Quibdó"",""zh-CN"":""基布多"",""tr"":""Quibdó"",""ru"":""Кибдо"",""uk"":""Кібдо"",""pl"":""Quibdó"",""hi"":""क्विब्डो"",""ar"":""كويبدو""}",2019-10-06T09:39:55,2025-12-02T17:11:50,1,Q23684295
21273,Quimbaya,2874,QUI,48,CO,adm2,,,4.59342000,-75.83758000,Quimbaya,35276,America/Bogota,"{""br"":""Kembaya"",""ko"":""킴바야"",""pt-BR"":""Quimbaya"",""pt"":""Quimbaya"",""nl"":""Quimbaya"",""hr"":""Quimbaya"",""fa"":""کیمبایا"",""de"":""Quimbaya"",""es"":""Quimbaya"",""fr"":""Quimbaya"",""ja"":""キンバヤ"",""it"":""Quimbaya"",""zh-CN"":""基姆巴亚"",""tr"":""Quimbaya"",""ru"":""Кимбайя"",""uk"":""Кімбая"",""pl"":""Quimbaya"",""hi"":""क्विम्बाया"",""ar"":""كيمبايا""}",2019-10-06T09:39:55,2025-12-02T17:11:50,1,Q2433472
21274,Quinchía,2879,RIS,48,CO,adm2,,,5.33957000,-75.73018000,Quinchía,33318,America/Bogota,"{""br"":""Kinchía"",""ko"":""퀸치아"",""pt-BR"":""Quinchía"",""pt"":""Quinchía"",""nl"":""Quinchía"",""hr"":""Quinchía"",""fa"":""کینچیا"",""de"":""Quinchía"",""es"":""Quinchía"",""fr"":""Quinchía"",""ja"":""キンチア"",""it"":""Quinchía"",""zh-CN"":""昆奇亚"",""tr"":""Quinchia"",""ru"":""Кинчия"",""uk"":""Квінчія"",""pl"":""Quinchía"",""hi"":""क्विंचिया"",""ar"":""كوينشيا""}",2019-10-06T09:39:55,2025-12-02T14:38:56,1,Q2433476
21275,Quipile,2875,CUN,48,CO,adm2,,,4.74517000,-74.53378000,Todos,1896,America/Bogota,"{""br"":""Quipile"",""ko"":""퀴필레"",""pt-BR"":""Quipile"",""pt"":""Quipile"",""nl"":""Quipile"",""hr"":""Quipile"",""fa"":""کیپایل"",""de"":""Quipile"",""es"":""Quipile"",""fr"":""Quipile"",""ja"":""クイピレ"",""it"":""Quipile"",""zh-CN"":""奎皮莱"",""tr"":""Quipile"",""ru"":""Кипиле"",""uk"":""Кіпіле"",""pl"":""Quipile"",""hi"":""क्विपाइल"",""ar"":""كويبيل""}",2019-10-06T09:39:55,2025-12-02T14:39:31,1,Q941367
21276,Quípama,2903,BOY,48,CO,adm2,,,5.51940000,-74.17765000,Chepama,3571,America/Bogota,"{""br"":""Kipama"",""ko"":""키파마"",""pt-BR"":""Quipama"",""pt"":""Quipama"",""nl"":""Quípama"",""hr"":""Quipama"",""fa"":""کیپاما"",""de"":""Quípama"",""es"":""Quípama"",""fr"":""Quípama"",""ja"":""キパマ"",""it"":""Quípama"",""zh-CN"":""基帕马"",""tr"":""Quípama"",""ru"":""Кипама"",""uk"":""Кіпама"",""pl"":""Quipama"",""hi"":""क्विपामा"",""ar"":""كويباما""}",2019-10-06T09:39:55,2025-12-02T14:39:31,1,Q1575472
21277,Ragonvalia,2877,NSA,48,CO,adm2,,,7.57749000,-72.47574000,Ragonvalia,3543,America/Bogota,"{""br"":""Ragonvalia"",""ko"":""라곤발리아"",""pt-BR"":""Ragonvalia"",""pt"":""Ragonvalia"",""nl"":""Ragonvalia"",""hr"":""Ragonvalija"",""fa"":""راگونوالیا"",""de"":""Ragonvalia"",""es"":""Ragonvalia"",""fr"":""Ragonvalia"",""ja"":""ラゴンヴァリア"",""it"":""Ragonvalia"",""zh-CN"":""拉贡瓦利亚"",""tr"":""Ragonvalia"",""ru"":""Рагонвалия"",""uk"":""Рагонвалія"",""pl"":""Ragonvalia"",""hi"":""रागोनवालिया"",""ar"":""راغونفاليا""}",2019-10-06T09:39:55,2025-12-02T14:39:31,1,Q1576165
21278,Ramiriquí,2903,BOY,48,CO,adm2,,,5.40020000,-73.33544000,Ramiriquí,5039,America/Bogota,"{""br"":""Ramiriquí"",""ko"":""라미리키"",""pt-BR"":""Ramiriquí"",""pt"":""Ramiriquí"",""nl"":""Ramiriquí"",""hr"":""Ramiriquí"",""fa"":""رامیریکی"",""de"":""Ramiriquí"",""es"":""Ramiriquí"",""fr"":""Ramiriqui"",""ja"":""ラミリキ"",""it"":""Ramiriquí"",""zh-CN"":""拉米里基"",""tr"":""Ramiriquí"",""ru"":""Рамирики"",""uk"":""Рамірікі"",""pl"":""Ramiriquí"",""hi"":""रामिरिक्वि"",""ar"":""راميريكي""}",2019-10-06T09:39:55,2025-12-02T14:39:31,1,Q1575682
21279,Recetor,2892,CAS,48,CO,adm2,,,5.22947000,-72.76099000,Beneficiario,205,America/Bogota,"{""br"":""Resetor"",""ko"":""수신기"",""pt-BR"":""Receptor"",""pt"":""Receptor"",""nl"":""Recetor"",""hr"":""Receptor"",""fa"":""گیرنده"",""de"":""Rektor"",""es"":""Rector"",""fr"":""Récepteur"",""ja"":""校長"",""it"":""Rettore"",""zh-CN"":""受体"",""tr"":""Rektörü"",""ru"":""Ректор"",""uk"":""Рецептор"",""pl"":""Receptor"",""hi"":""रिसीवर"",""ar"":""المستقبل""}",2019-10-06T09:39:55,2025-12-02T14:39:31,1,Q954584
21280,Regidor,2893,BOL,48,CO,adm2,,,8.72229000,-73.84891000,Concejal,10489,America/Bogota,"{""br"":""Regidor"",""ko"":""레지도르"",""pt-BR"":""Regidor"",""pt"":""Regidor"",""nl"":""Regidor"",""hr"":""Regidor"",""fa"":""رجیدور"",""de"":""Regidor"",""es"":""Regidor"",""fr"":""Régidor"",""ja"":""レジドール"",""it"":""Regidor"",""zh-CN"":""雷吉多尔"",""tr"":""Regidor"",""ru"":""Регидор"",""uk"":""Регідор"",""pl"":""Regidor"",""hi"":""रेजिडोर"",""ar"":""ريجيدور""}",2019-10-06T09:39:55,2025-12-02T17:11:50,1,Q23732251
21281,Remedios,2890,ANT,48,CO,adm2,,,7.02835000,-74.69379000,Remedios,6415,America/Bogota,"{""br"":""Remedioù"",""ko"":""레메디오스"",""pt-BR"":""Remédios"",""pt"":""Remédios"",""nl"":""Remedios"",""hr"":""Lijekovi"",""fa"":""رمدیوس"",""de"":""Heilmittel"",""es"":""Remedios"",""fr"":""Remèdes"",""ja"":""レメディオス"",""it"":""Rimedi"",""zh-CN"":""雷梅迪奥斯"",""tr"":""Remedios"",""ru"":""Ремедиос"",""uk"":""Ремедіос"",""pl"":""Remedios"",""hi"":""रेमेडियोस"",""ar"":""ريميديوس""}",2019-10-06T09:39:55,2025-12-02T14:39:31,1,Q1441733
21282,Remolino,2886,MAG,48,CO,adm2,,,10.65048000,-74.58442000,Remolino,8751,America/Bogota,"{""br"":""Remolino"",""ko"":""레몰리노"",""pt-BR"":""Remolino"",""pt"":""Remolino"",""nl"":""Remolino"",""hr"":""Remolino"",""fa"":""رمولینو"",""de"":""Remolino"",""es"":""Remolino"",""fr"":""Remolino"",""ja"":""レモリノ"",""it"":""Remolino"",""zh-CN"":""雷莫利诺"",""tr"":""Remolino"",""ru"":""Ремолино"",""uk"":""Ремоліно"",""pl"":""Remolino"",""hi"":""रेमोलिनो"",""ar"":""ريمولينو""}",2019-10-06T09:39:55,2025-12-02T17:11:50,1,Q1575711
21283,Repelón,2880,ATL,48,CO,adm2,,,10.50937000,-75.12830000,Repelón,22196,America/Bogota,"{""br"":""Repelón"",""ko"":""레펠론"",""pt-BR"":""Repelão"",""pt"":""Repelão"",""nl"":""Afstoten"",""hr"":""Repelón"",""fa"":""رپلون"",""de"":""Repelón"",""es"":""Repelón"",""fr"":""Repelón"",""ja"":""レペロン"",""it"":""Repelón"",""zh-CN"":""雷佩隆"",""tr"":""Kovucu"",""ru"":""Репелон"",""uk"":""Репелон"",""pl"":""Repelón"",""hi"":""रेपेलोन"",""ar"":""ريبيلون""}",2019-10-06T09:39:55,2025-12-02T14:38:56,1,Q2320315
21284,Restrepo,2878,MET,48,CO,adm2,,,4.25833000,-73.56142000,Reinterrupo,17610,America/Bogota,"{""br"":""Restrepo"",""ko"":""레스트레포"",""pt-BR"":""Restrepo"",""pt"":""Restrepo"",""nl"":""Restrepo"",""hr"":""Restrepo"",""fa"":""رسترپو"",""de"":""Restrepo"",""es"":""Restrepo"",""fr"":""Restrepo"",""ja"":""レストレポ"",""it"":""Restrepo"",""zh-CN"":""雷斯特雷波"",""tr"":""Restrepo"",""ru"":""Рестрепо"",""uk"":""Рестрепо"",""pl"":""Restrepo"",""hi"":""रेस्ट्रेपो"",""ar"":""ريستريبو""}",2019-10-06T09:39:55,2025-12-02T14:39:31,1,Q2042902
21285,Restrepo,2904,VAC,48,CO,adm2,,,3.82203000,-76.52242000,Reinterrupo,10178,America/Bogota,"{""br"":""Restrepo"",""ko"":""레스트레포"",""pt-BR"":""Restrepo"",""pt"":""Restrepo"",""nl"":""Restrepo"",""hr"":""Restrepo"",""fa"":""رسترپو"",""de"":""Restrepo"",""es"":""Restrepo"",""fr"":""Restrepo"",""ja"":""レストレポ"",""it"":""Restrepo"",""zh-CN"":""雷斯特雷波"",""tr"":""Restrepo"",""ru"":""Рестрепо"",""uk"":""Рестрепо"",""pl"":""Restrepo"",""hi"":""रेस्ट्रेपो"",""ar"":""ريستريبو""}",2019-10-06T09:39:55,2025-12-02T14:38:56,1,Q751122
21286,Retiro,2890,ANT,48,CO,adm2,,,6.05906000,-75.51488000,Retiro,16974,America/Bogota,"{""br"":""Retiro"",""ko"":""레티로"",""pt-BR"":""Retiro"",""pt"":""Retiro"",""nl"":""Retiro"",""hr"":""Retiro"",""fa"":""رتیرو"",""de"":""Retiro"",""es"":""Retiro"",""fr"":""Retiro"",""ja"":""レティーロ"",""it"":""Ritiro"",""zh-CN"":""雷蒂罗"",""tr"":""Emekli"",""ru"":""Ретиро"",""uk"":""Ретіро"",""pl"":""Retiro"",""hi"":""रेटिरो"",""ar"":""ريتيرو""}",2019-10-06T09:39:55,2025-12-02T14:38:56,1,Q1525690
21287,Ricaurte,2875,CUN,48,CO,adm2,,,4.28075000,-74.76469000,Ricaurte,10788,America/Bogota,"{""br"":""Ricaurte"",""ko"":""리카우르테"",""pt-BR"":""Ricaurte"",""pt"":""Ricaurte"",""nl"":""Ricaurte"",""hr"":""Ricaurte"",""fa"":""ریکورته"",""de"":""Ricaurte"",""es"":""Ricaurte"",""fr"":""Ricaurte"",""ja"":""リコート"",""it"":""Ricaurte"",""zh-CN"":""里考尔特"",""tr"":""Ricaurte"",""ru"":""Рикаурте"",""uk"":""Рікаурте"",""pl"":""Ricaurte"",""hi"":""रिकोर्टे"",""ar"":""ريكاورتي""}",2019-10-06T09:39:55,2025-12-02T14:39:31,1,Q2226527
21288,Ricaurte,2897,NAR,48,CO,adm2,,,1.21474000,-77.99801000,Ricaurte,2617,America/Bogota,"{""br"":""Ricaurte"",""ko"":""리카우르테"",""pt-BR"":""Ricaurte"",""pt"":""Ricaurte"",""nl"":""Ricaurte"",""hr"":""Ricaurte"",""fa"":""ریکورته"",""de"":""Ricaurte"",""es"":""Ricaurte"",""fr"":""Ricaurte"",""ja"":""リコート"",""it"":""Ricaurte"",""zh-CN"":""里考尔特"",""tr"":""Ricaurte"",""ru"":""Рикаурте"",""uk"":""Рікаурте"",""pl"":""Ricaurte"",""hi"":""रिकोर्टे"",""ar"":""ريكاورتي""}",2019-10-06T09:39:55,2025-12-02T14:39:31,1,Q23684452
21289,Rioblanco,2883,TOL,48,CO,adm2,,,3.50000000,-75.83333000,Rioblanco,19090,America/Bogota,"{""br"":""Rioblanco"",""ko"":""리오블랑코"",""pt-BR"":""Rioblanco"",""pt"":""Rioblanco"",""nl"":""Rioblanco"",""hr"":""Rioblanco"",""fa"":""ریوبلانکو"",""de"":""Rioblanco"",""es"":""Rioblanco"",""fr"":""Rioblanco"",""ja"":""リオブランコ"",""it"":""Rioblanco"",""zh-CN"":""里奥布兰科"",""tr"":""Rioblanco"",""ru"":""Риобланко"",""uk"":""Ріобланко"",""pl"":""Rioblanco"",""hi"":""रियोब्लैंको"",""ar"":""ريوبلانكو""}",2019-10-06T09:39:55,2025-12-02T17:11:50,1,Q2299677
21290,Riofrío,2904,VAC,48,CO,adm2,,,4.15710000,-76.28852000,Riofrío,9236,America/Bogota,"{""br"":""Riofrío"",""ko"":""리오프리오"",""pt-BR"":""Riofrío"",""pt"":""Riofrío"",""nl"":""Riofrío"",""hr"":""Riofrío"",""fa"":""ریوفریو"",""de"":""Riofrío"",""es"":""Riofrío"",""fr"":""Riofrío"",""ja"":""リオフリオ"",""it"":""Riofrío"",""zh-CN"":""里奥弗里奥"",""tr"":""Riofrio"",""ru"":""Риофрио"",""uk"":""Ріофріо"",""pl"":""Riofrío"",""hi"":""रियोफ्रियो"",""ar"":""ريوفريو""}",2019-10-06T09:39:55,2025-12-02T14:39:31,1,Q23684473
21291,Riohacha,2889,LAG,48,CO,adm1,,,11.54444000,-72.90722000,Riohacha,167865,America/Bogota,"{""br"":""Riohacha"",""ko"":""리오하차"",""pt-BR"":""Riohacha"",""pt"":""Riohacha"",""nl"":""Riohacha"",""hr"":""Riohacha"",""fa"":""ریوهاچا"",""de"":""Riohacha"",""es"":""Riohacha"",""fr"":""Riohacha"",""ja"":""リオアチャ"",""it"":""Riohacha"",""zh-CN"":""里奥阿查"",""tr"":""Riohacha"",""ru"":""Риоача"",""uk"":""Ріоача"",""pl"":""Riohacha"",""hi"":""रियोहैचा"",""ar"":""ريوهاتشا""}",2019-10-06T09:39:55,2025-12-02T14:38:56,1,Q826566
21292,Rionegro,2901,SAN,48,CO,adm2,,,7.50000000,-73.33333000,Rionegro,135465,America/Bogota,"{""br"":""Rionegro"",""ko"":""리오네그로"",""pt-BR"":""Rionegro"",""pt"":""Rionegro"",""nl"":""Rionegro"",""hr"":""Rionegro"",""fa"":""ریونگرو"",""de"":""Rionegro"",""es"":""Rionegro"",""fr"":""Rionegro"",""ja"":""リオネグロ"",""it"":""Rionegro"",""zh-CN"":""里奥内格罗"",""tr"":""Rionegro"",""ru"":""Рионегро"",""uk"":""Ріонегро"",""pl"":""Rionegro"",""hi"":""रियोनेग्रो"",""ar"":""ريونجرو""}",2019-10-06T09:39:55,2025-12-02T17:11:50,1,Q826566
21293,Rionegro,2890,ANT,48,CO,adm2,,,6.16667000,-75.41667000,Rionegro,135465,America/Bogota,"{""br"":""Rionegro"",""ko"":""리오네그로"",""pt-BR"":""Rionegro"",""pt"":""Rionegro"",""nl"":""Rionegro"",""hr"":""Rionegro"",""fa"":""ریونگرو"",""de"":""Rionegro"",""es"":""Rionegro"",""fr"":""Rionegro"",""ja"":""リオネグロ"",""it"":""Rionegro"",""zh-CN"":""里奥内格罗"",""tr"":""Rionegro"",""ru"":""Рионегро"",""uk"":""Ріонегро"",""pl"":""Rionegro"",""hi"":""रियोनेग्रो"",""ar"":""ريونجرو""}",2019-10-06T09:39:55,2025-12-02T17:11:50,1,Q1774644
21294,Riosucio,2887,CAL,48,CO,adm2,,,5.42164000,-75.70318000,Riosucio,18950,America/Bogota,"{""br"":""Riosucio"",""ko"":""리오수시오"",""pt-BR"":""Riosucio"",""pt"":""Riosucio"",""nl"":""Riosucio"",""hr"":""Riosucio"",""fa"":""ریوسوسیو"",""de"":""Riosucio"",""es"":""Riosucio"",""fr"":""Riosucio"",""ja"":""リオスシオ"",""it"":""Riosucio"",""zh-CN"":""里奥苏西奥"",""tr"":""Riosucio"",""ru"":""Риосусио"",""uk"":""Ріосусіо"",""pl"":""Riosucio"",""hi"":""रियोसूशियो"",""ar"":""ريوسوسيو""}",2019-10-06T09:39:55,2025-12-02T14:39:31,1,Q1093015
21295,Riosucio,2876,CHO,48,CO,adm2,,,7.41667000,-77.16667000,Riosucio,14323,America/Bogota,"{""br"":""Riosucio"",""ko"":""리오수시오"",""pt-BR"":""Riosucio"",""pt"":""Riosucio"",""nl"":""Riosucio"",""hr"":""Riosucio"",""fa"":""ریوسوسیو"",""de"":""Riosucio"",""es"":""Riosucio"",""fr"":""Riosucio"",""ja"":""リオスシオ"",""it"":""Riosucio"",""zh-CN"":""里奥苏西奥"",""tr"":""Riosucio"",""ru"":""Риосусио"",""uk"":""Ріосусіо"",""pl"":""Riosucio"",""hi"":""रियोसूशियो"",""ar"":""ريوسوسيو""}",2019-10-06T09:39:55,2025-12-02T17:11:50,1,Q2196660
21296,Risaralda,2887,CAL,48,CO,adm2,,,5.11237000,-75.75861000,Risaralda,5421,America/Bogota,"{""br"":""Risaralda"",""ko"":""리사랄다"",""pt-BR"":""Risaralda"",""pt"":""Risaralda"",""nl"":""Risaralda"",""hr"":""Risaralda"",""fa"":""ریسارالدا"",""de"":""Risaralda"",""es"":""Risaralda"",""fr"":""Risaralda"",""ja"":""リサラルダ"",""it"":""Risaralda"",""zh-CN"":""里萨拉尔达"",""tr"":""Risaralda"",""ru"":""Рисаральда"",""uk"":""Рісаральда"",""pl"":""Risaralda"",""hi"":""रिसाराल्डा"",""ar"":""ريسارالدا""}",2019-10-06T09:39:55,2025-12-02T14:39:31,1,Q536797
21297,Roberto Payán,2897,NAR,48,CO,adm2,,,1.91757000,-78.38191000,Roberto Payán,16892,America/Bogota,"{""br"":""Roberto Payán"",""ko"":""로베르토 파얀"",""pt-BR"":""Roberto Payán"",""pt"":""Roberto Payán"",""nl"":""Roberto Payán"",""hr"":""Roberto Payán"",""fa"":""روبرتو پایان"",""de"":""Roberto Payán"",""es"":""Roberto Payán"",""fr"":""Roberto Payán"",""ja"":""ロベルト・パヤン"",""it"":""Roberto Payán"",""zh-CN"":""罗伯托·帕扬"",""tr"":""Roberto Payán"",""ru"":""Роберто Пайан"",""uk"":""Роберто Пайан"",""pl"":""Roberto Payán"",""hi"":""रॉबर्टो पयान"",""ar"":""روبرتو بايان""}",2019-10-06T09:39:55,2025-12-02T17:11:50,1,Q536797
21298,Roldanillo,2904,VAC,48,CO,adm2,,,4.41256000,-76.15457000,Roldanillo,33697,America/Bogota,"{""br"":""Roldanillo"",""ko"":""롤다닐로"",""pt-BR"":""Roldanillo"",""pt"":""Roldanillo"",""nl"":""Roldanillo"",""hr"":""Roldanillo"",""fa"":""رولدانیلو"",""de"":""Roldanillo"",""es"":""Roldanillo"",""fr"":""Roldanillo"",""ja"":""ロルダニージョ"",""it"":""Roldanillo"",""zh-CN"":""罗尔达尼洛"",""tr"":""Roldanillo"",""ru"":""Рольданильо"",""uk"":""Ролданільо"",""pl"":""Roldanillo"",""hi"":""रोल्डानिलो"",""ar"":""رولدانيلو""}",2019-10-06T09:39:55,2025-12-02T14:38:56,1,Q1146669
21299,Roncesvalles,2883,TOL,48,CO,adm2,,,4.01080000,-75.60493000,Roncesvalles,6340,America/Bogota,"{""br"":""Roncesvalles"",""ko"":""론세스바예스"",""pt-BR"":""Roncesvalles"",""pt"":""Roncesvalles"",""nl"":""Roncesvalles"",""hr"":""Roncesvalles"",""fa"":""رونسسولز"",""de"":""Roncesvalles"",""es"":""Roncesvalles"",""fr"":""Roncevaux"",""ja"":""ロンセスバリェス"",""it"":""Roncisvalle"",""zh-CN"":""龙塞斯瓦列斯"",""tr"":""Roncesvalles"",""ru"":""Ронсесвальес"",""uk"":""Ронсесвальєс"",""pl"":""Roncesvalles"",""hi"":""रोन्सेसवालेस"",""ar"":""رونسيفاليس""}",2019-10-06T09:39:55,2025-12-02T14:38:56,1,Q748399
21300,Rondón,2903,BOY,48,CO,adm2,,,5.38173000,-73.19683000,Rondón,504,America/Bogota,"{""br"":""Rondón"",""ko"":""론돈"",""pt-BR"":""Rondón"",""pt"":""Rondón"",""nl"":""Rondón"",""hr"":""Rondón"",""fa"":""روندون"",""de"":""Rondón"",""es"":""Rondón"",""fr"":""Rondón"",""ja"":""ロンドン"",""it"":""Rondón"",""zh-CN"":""朗东"",""tr"":""Rondon"",""ru"":""Рондон"",""uk"":""Рондон"",""pl"":""Rondon"",""hi"":""रोंडोन"",""ar"":""روندون""}",2019-10-06T09:39:55,2025-12-02T14:39:31,1,Q1654613
21301,Rosas,2884,CAU,48,CO,adm2,,,2.26093000,-76.73986000,Rosas,9336,America/Bogota,"{""br"":""Rosas"",""ko"":""로사스"",""pt-BR"":""Rosas"",""pt"":""Rosas"",""nl"":""Rozen"",""hr"":""Rosas"",""fa"":""روساس"",""de"":""Rosas"",""es"":""Rosas"",""fr"":""Roses"",""ja"":""ロサス"",""it"":""Rose"",""zh-CN"":""罗萨斯"",""tr"":""Güller"",""ru"":""Росас"",""uk"":""Росас"",""pl"":""Róże"",""hi"":""रोसास"",""ar"":""روزاس""}",2019-10-06T09:39:55,2025-12-02T14:38:56,1,Q1525805
21302,Rovira,2883,TOL,48,CO,adm2,,,4.21222000,-75.34210000,Rovira,20452,America/Bogota,"{""br"":""Rovira"",""ko"":""로비라"",""pt-BR"":""Rovira"",""pt"":""Rovira"",""nl"":""Rovira"",""hr"":""Rovira"",""fa"":""روویرا"",""de"":""Rovira"",""es"":""Rovira"",""fr"":""Rovira"",""ja"":""ロビラ"",""it"":""Rovira"",""zh-CN"":""罗维拉"",""tr"":""Rovira"",""ru"":""Ровира"",""uk"":""Ровіра"",""pl"":""Rovira"",""hi"":""रोविरा"",""ar"":""روفيرا""}",2019-10-06T09:39:55,2025-12-02T17:11:50,1,Q1441209
21303,Ráquira,2903,BOY,48,CO,adm2,,,5.53793000,-73.63201000,Raquira,2120,America/Bogota,"{""br"":""Ráquira"",""ko"":""라키라"",""pt-BR"":""Ráquira"",""pt"":""Ráquira"",""nl"":""Ráquira"",""hr"":""Ráquira"",""fa"":""راکیرا"",""de"":""Ráquira"",""es"":""Ráquira"",""fr"":""Raquira"",""ja"":""ラキラ"",""it"":""Ráquira"",""zh-CN"":""拉基拉"",""tr"":""Ráquira"",""ru"":""Ракира"",""uk"":""Ракіра"",""pl"":""Ráquira"",""hi"":""राक्विरा"",""ar"":""راكيرا""}",2019-10-06T09:39:55,2025-12-02T14:39:31,1,Q1526054
21304,Río Iro,2876,CHO,48,CO,adm2,,,5.18333000,-76.48330000,Río Iro,4525,America/Bogota,"{""br"":""Río Iro"",""ko"":""리오 이로"",""pt-BR"":""Rio Iro"",""pt"":""Rio Iro"",""nl"":""Río Iro"",""hr"":""Río Iro"",""fa"":""ریو ایرو"",""de"":""Río Iro"",""es"":""Río Iro"",""fr"":""Rivière Iro"",""ja"":""リオ・イロ"",""it"":""Río Iro"",""zh-CN"":""里奥伊罗"",""tr"":""Rio Iro"",""ru"":""Рио-Иро"",""uk"":""Ріо-Іро"",""pl"":""Rio Iro"",""hi"":""रियो इरो"",""ar"":""ريو إيرو""}",2019-10-06T09:39:55,2025-12-02T17:11:50,1,Q646865
21305,Río Quito,2876,CHO,48,CO,adm2,,,5.51667000,-76.75000000,Río Quito,0,America/Bogota,"{""br"":""Río Quito"",""ko"":""리오 키토"",""pt-BR"":""Rio Quito"",""pt"":""Rio Quito"",""nl"":""Río Quito"",""hr"":""Río Quito"",""fa"":""ریو کیتو"",""de"":""Fluss Quito"",""es"":""Río Quito"",""fr"":""Rivière Quito"",""ja"":""リオキト"",""it"":""Fiume Quito"",""zh-CN"":""基多河"",""tr"":""Rio Quito"",""ru"":""Рио-Кито"",""uk"":""Ріо-Кіто"",""pl"":""Rio Quito"",""hi"":""रियो क्विटो"",""ar"":""ريو كيتو""}",2019-10-06T09:39:55,2025-12-02T14:39:31,1,Q646865
21306,Río Viejo,2893,BOL,48,CO,adm2,,,8.58740000,-73.83901000,Río Viejo,8125,America/Bogota,"{""br"":""Río Viejo"",""ko"":""리오 비에호"",""pt-BR"":""Rio Viejo"",""pt"":""Rio Viejo"",""nl"":""Río Viejo"",""hr"":""Río Viejo"",""fa"":""ریو ویخو"",""de"":""Río Viejo"",""es"":""Río Viejo"",""fr"":""Río Viejo"",""ja"":""リオビエホ"",""it"":""Río Viejo"",""zh-CN"":""里奥维耶霍"",""tr"":""Rio Viejo"",""ru"":""Рио-Вьехо"",""uk"":""Ріо-В'єхо"",""pl"":""Río Viejo"",""hi"":""रियो विएजो"",""ar"":""ريو فيجو""}",2019-10-06T09:39:55,2025-12-02T14:38:56,1,Q1442380
21307,Río de Oro,2899,CES,48,CO,adm2,,,8.17879000,-73.51218000,Río de Oro,14041,America/Bogota,"{""br"":""Río de Oro"",""ko"":""리오 데 오로"",""pt-BR"":""Rio de Oro"",""pt"":""Rio de Oro"",""nl"":""Río de Oro"",""hr"":""Río de Oro"",""fa"":""ریو د اورو"",""de"":""Río de Oro"",""es"":""Río de Oro"",""fr"":""Río de Oro"",""ja"":""リオデオロ"",""it"":""Río de Oro"",""zh-CN"":""里奥德奥罗"",""tr"":""Rio de Oro"",""ru"":""Рио-де-Оро"",""uk"":""Ріо-де-Оро"",""pl"":""Río de Oro"",""hi"":""रियो डी ओरो"",""ar"":""ريو دي أورو""}",2019-10-06T09:39:55,2025-12-02T17:11:50,1,Q1526621
21308,Sabana de Torres,2901,SAN,48,CO,adm2,,,7.39150000,-73.49574000,Sabana de Torres,27845,America/Bogota,"{""br"":""Sabana de Torres"",""ko"":""사바나 데 토레스"",""pt-BR"":""Sabana de Torres"",""pt"":""Sabana de Torres"",""nl"":""Sabana de Torres"",""hr"":""Sabana de Torres"",""fa"":""سابانا د تورس"",""de"":""Sabana de Torres"",""es"":""Sabana de Torres"",""fr"":""Sabana de Torres"",""ja"":""サバナ・デ・トーレス"",""it"":""Sabana de Torres"",""zh-CN"":""萨瓦纳德托雷斯"",""tr"":""Sabana de Torres"",""ru"":""Сабана де Торрес"",""uk"":""Сабана де Торрес"",""pl"":""Sabana de Torres"",""hi"":""सबाना डे टोरेस"",""ar"":""سابانا دي توريس""}",2019-10-06T09:39:55,2025-12-02T14:39:31,1,Q1525377
21309,Sabanagrande,2880,ATL,48,CO,city,,,10.80077000,-74.77051000,Sabanagrande,24880,America/Bogota,"{""br"":""Sabanagrande"",""ko"":""사바나그란데"",""pt-BR"":""Sabanagrande"",""pt"":""Sabanagrande"",""nl"":""Sabanagrande"",""hr"":""Sabanagrande"",""fa"":""ساباناگرانده"",""de"":""Sabanagrande"",""es"":""Sabanagrande"",""fr"":""Sabanagrande"",""ja"":""サバナグランデ"",""it"":""Sabanagrande"",""zh-CN"":""萨巴纳格兰德"",""tr"":""Sabanagrande"",""ru"":""Сабанагранде"",""uk"":""Сабанагранде"",""pl"":""Sabanagrande"",""hi"":""सबानाग्रांडे"",""ar"":""ساباناغراندي""}",2019-10-06T09:39:55,2025-12-02T17:11:50,1,Q1525377
21310,Sabanalarga,2892,CAS,48,CO,adm2,,,4.85430000,-73.04003000,Sabanalarga,1419,America/Bogota,"{""br"":""Sabanalarga"",""ko"":""사바나랄가"",""pt-BR"":""Sabanalarga"",""pt"":""Sabanalarga"",""nl"":""Sabanalarga"",""hr"":""Sabanalarga"",""fa"":""سابانالارگا"",""de"":""Sabanalarga"",""es"":""Sabanalarga"",""fr"":""Sabanalarga"",""ja"":""サバナラルガ"",""it"":""Sabanalarga"",""zh-CN"":""萨巴纳拉加"",""tr"":""Sabanalarga"",""ru"":""Сабаналарга"",""uk"":""Сабаналарга"",""pl"":""Sabanalarga"",""hi"":""सबानालार्गा"",""ar"":""سابانالرغا""}",2019-10-06T09:39:55,2025-12-02T14:39:31,1,Q2433631
21311,Sabanalarga,2890,ANT,48,CO,adm2,,,6.84893000,-75.81711000,Sabanalarga,2517,America/Bogota,"{""br"":""Sabanalarga"",""ko"":""사바나랄가"",""pt-BR"":""Sabanalarga"",""pt"":""Sabanalarga"",""nl"":""Sabanalarga"",""hr"":""Sabanalarga"",""fa"":""سابانالارگا"",""de"":""Sabanalarga"",""es"":""Sabanalarga"",""fr"":""Sabanalarga"",""ja"":""サバナラルガ"",""it"":""Sabanalarga"",""zh-CN"":""萨巴纳拉加"",""tr"":""Sabanalarga"",""ru"":""Сабаналарга"",""uk"":""Сабаналарга"",""pl"":""Sabanalarga"",""hi"":""सबानालार्गा"",""ar"":""سابانالرغا""}",2019-10-06T09:39:55,2025-12-02T14:39:31,1,Q589862
21312,Sabanalarga,2880,ATL,48,CO,adm2,,,10.61636000,-74.95717000,Sabanalarga,84410,America/Bogota,"{""br"":""Sabanalarga"",""ko"":""사바나랄가"",""pt-BR"":""Sabanalarga"",""pt"":""Sabanalarga"",""nl"":""Sabanalarga"",""hr"":""Sabanalarga"",""fa"":""سابانالارگا"",""de"":""Sabanalarga"",""es"":""Sabanalarga"",""fr"":""Sabanalarga"",""ja"":""サバナラルガ"",""it"":""Sabanalarga"",""zh-CN"":""萨巴纳拉加"",""tr"":""Sabanalarga"",""ru"":""Сабаналарга"",""uk"":""Сабаналарга"",""pl"":""Sabanalarga"",""hi"":""सबानालार्गा"",""ar"":""سابانالرغا""}",2019-10-06T09:39:55,2025-12-02T17:11:50,1,Q1027007
21313,Sabanas de San Angel,2886,MAG,48,CO,city,,,10.11072000,-74.26007000,Sabanas de San Angel,14060,America/Bogota,"{""br"":""Sabanas de San Angel"",""ko"":""사바나스 데 산 앙헬"",""pt-BR"":""Sabanas de San Angel"",""pt"":""Sabanas de San Angel"",""nl"":""Sabanas de San Angel"",""hr"":""Sabana de San Angel"",""fa"":""سابانا د سن آنجل"",""de"":""Sabanas de San Angel"",""es"":""Sabanas de San Ángel"",""fr"":""Sabanas de San Angel"",""ja"":""サバナス・デ・サン・アンヘル"",""it"":""Sabanas de San Angel"",""zh-CN"":""圣天使萨巴纳斯"",""tr"":""Sabanas de San Angel"",""ru"":""Сабанас де Сан-Анхель"",""uk"":""Сабанас де Сан-Анхель"",""pl"":""Sabanas de San Angel"",""hi"":""सबानास डे सैन एंजेल"",""ar"":""ساباناس دي سان أنجيل""}",2019-10-06T09:39:55,2025-12-02T16:59:27,1,Q1526159
21314,Sabaneta,2890,ANT,48,CO,section,,,6.15153000,-75.61657000,Sabaneta,82375,America/Bogota,"{""br"":""Sabaneta"",""ko"":""사바네타"",""pt-BR"":""Sabaneta"",""pt"":""Sabaneta"",""nl"":""Sabaneta"",""hr"":""Sabaneta"",""fa"":""سابانتا"",""de"":""Sabaneta"",""es"":""Sabaneta"",""fr"":""Sabaneta"",""ja"":""サバネタ"",""it"":""Sabaneta"",""zh-CN"":""萨巴内塔"",""tr"":""Sabaneta"",""ru"":""Сабанета"",""uk"":""Сабанета"",""pl"":""Sabaneta"",""hi"":""सबानेटा"",""ar"":""سابانيتا""}",2019-10-06T09:39:55,2025-12-02T14:38:56,1,Q1770717
21315,Saboyá,2903,BOY,48,CO,adm2,,,5.69636000,-73.76932000,Saboyá,1375,America/Bogota,"{""br"":""Saboyá"",""ko"":""사보야"",""pt-BR"":""Saboyá"",""pt"":""Saboyá"",""nl"":""Saboyá"",""hr"":""Saboyá"",""fa"":""سابوییا"",""de"":""Saboyá"",""es"":""Saboyá"",""fr"":""Saboyá"",""ja"":""サボヤ"",""it"":""Saboyá"",""zh-CN"":""萨博亚"",""tr"":""Saboyá"",""ru"":""Сабойя"",""uk"":""Сабоя"",""pl"":""Saboyá"",""hi"":""सबोया"",""ar"":""سابويا""}",2019-10-06T09:39:55,2025-12-02T14:39:31,1,Q1525813
21316,Sahagún,2898,COR,48,CO,adm2,,,8.94617000,-75.44275000,Sahagún,59188,America/Bogota,"{""br"":""Sahagún"",""ko"":""사하군"",""pt-BR"":""Sahagún"",""pt"":""Sahagún"",""nl"":""Sahagún"",""hr"":""Sahagún"",""fa"":""ساهاگون"",""de"":""Sahagún"",""es"":""Sahagún"",""fr"":""Sahagún"",""ja"":""サアグン"",""it"":""Sahagún"",""zh-CN"":""萨阿贡"",""tr"":""Sahagún"",""ru"":""Саагун"",""uk"":""Саагун"",""pl"":""Sahagún"",""hi"":""सहगुन"",""ar"":""ساهاجون""}",2019-10-06T09:39:55,2025-12-02T14:39:31,1,Q591547
21318,Salamina,2886,MAG,48,CO,adm2,,,10.49027000,-74.79463000,indefinidamente,6166,America/Bogota,"{""br"":""Salamina"",""ko"":""살라미나"",""pt-BR"":""Salamina"",""pt"":""Salamina"",""nl"":""Salamina"",""hr"":""Salamina"",""fa"":""سالامینا"",""de"":""Salamina"",""es"":""Salamina"",""fr"":""Salamine"",""ja"":""サラミナ"",""it"":""Salamina"",""zh-CN"":""萨拉米纳"",""tr"":""Salamina"",""ru"":""Саламина"",""uk"":""Саламіна"",""pl"":""Salamina"",""hi"":""सलामिना"",""ar"":""سالامينا""}",2019-10-06T09:39:55,2025-12-02T14:39:31,1,Q23683680
21319,Salamina,2887,CAL,48,CO,adm2,,,5.37014000,-75.41548000,indefinidamente,20288,America/Bogota,"{""br"":""Salamina"",""ko"":""살라미나"",""pt-BR"":""Salamina"",""pt"":""Salamina"",""nl"":""Salamina"",""hr"":""Salamina"",""fa"":""سالامینا"",""de"":""Salamina"",""es"":""Salamina"",""fr"":""Salamine"",""ja"":""サラミナ"",""it"":""Salamina"",""zh-CN"":""萨拉米纳"",""tr"":""Salamina"",""ru"":""Саламина"",""uk"":""Саламіна"",""pl"":""Salamina"",""hi"":""सलामिना"",""ar"":""سالامينا""}",2019-10-06T09:39:55,2025-12-02T17:11:50,1,Q610524
21320,Salazar,2877,NSA,48,CO,adm2,,,7.78249000,-72.85741000,Salazar,,America/Bogota,"{""br"":""Salazar"",""ko"":""살라자르"",""pt-BR"":""Salazar"",""pt"":""Salazar"",""nl"":""Zalazar"",""hr"":""Salazar"",""fa"":""سالازار"",""de"":""Salazar"",""es"":""Salazar"",""fr"":""Salazar"",""ja"":""サラザール"",""it"":""Salazar"",""zh-CN"":""萨拉查"",""tr"":""Salazar"",""ru"":""Салазар"",""uk"":""Салазар"",""pl"":""Salazar"",""hi"":""सलाज़ार"",""ar"":""سالازار""}",2019-10-06T09:39:55,2025-12-02T17:11:50,1,Q776636
21321,Saldaña,2883,TOL,48,CO,adm2,,,3.92923000,-75.01517000,Saldaña,9237,America/Bogota,"{""br"":""Saldaña"",""ko"":""살다냐"",""pt-BR"":""Saldaña"",""pt"":""Saldaña"",""nl"":""Saldana"",""hr"":""Saldaña"",""fa"":""سالدانیا"",""de"":""Saldaña"",""es"":""Saldaña"",""fr"":""Saldaña"",""ja"":""サルダニャ"",""it"":""Saldaña"",""zh-CN"":""萨尔达尼亚"",""tr"":""Saldaña"",""ru"":""Салданья"",""uk"":""Салданья"",""pl"":""Saldaña"",""hi"":""Saldana"",""ar"":""سالدانا""}",2019-10-06T09:39:55,2025-12-02T14:39:31,1,Q1525454
21322,Salento,2874,QUI,48,CO,adm2,,,4.63643000,-75.56740000,Salento,4135,America/Bogota,"{""br"":""Salento"",""ko"":""살렌토"",""pt-BR"":""Salento"",""pt"":""Salento"",""nl"":""Salento"",""hr"":""Salento"",""fa"":""سالنتو"",""de"":""Salento"",""es"":""Salento"",""fr"":""Salento"",""ja"":""サレント"",""it"":""Salento"",""zh-CN"":""萨兰托"",""tr"":""Salento"",""ru"":""Саленто"",""uk"":""Саленто"",""pl"":""Salento"",""hi"":""सालेंटो"",""ar"":""سالينتو""}",2019-10-06T09:39:55,2025-12-02T14:39:31,1,Q1576707
21323,Salgar,2890,ANT,48,CO,adm2,,,5.96711000,-75.98747000,Arrastrar,17804,America/Bogota,"{""br"":""Salgar"",""ko"":""살가르"",""pt-BR"":""Salgar"",""pt"":""Salgar"",""nl"":""Salgar"",""hr"":""Salgar"",""fa"":""سالگار"",""de"":""Salgar"",""es"":""Salgar"",""fr"":""Salgar"",""ja"":""サルガー"",""it"":""Salgar"",""zh-CN"":""萨尔加"",""tr"":""Salgar"",""ru"":""Салгар"",""uk"":""Салгар"",""pl"":""Salgar"",""hi"":""सालगर"",""ar"":""سالجار""}",2019-10-06T09:39:55,2025-12-02T17:11:50,1,Q1525126
21324,Samacá,2903,BOY,48,CO,adm2,,,5.49273000,-73.48537000,Samacá,3689,America/Bogota,"{""br"":""Samacá"",""ko"":""사마카"",""pt-BR"":""Samacá"",""pt"":""Samacá"",""nl"":""Samacá"",""hr"":""Samacá"",""fa"":""ساماکا"",""de"":""Samacá"",""es"":""Samacá"",""fr"":""Samacá"",""ja"":""サマカ"",""it"":""Samacá"",""zh-CN"":""萨玛卡"",""tr"":""Samacá"",""ru"":""Самака"",""uk"":""Самака"",""pl"":""Samacá"",""hi"":""समाका"",""ar"":""ساماكا""}",2019-10-06T09:39:55,2025-12-02T14:39:31,1,Q1526091
21325,Samaniego,2897,NAR,48,CO,adm2,,,1.33849000,-77.59570000,Samaniego,49085,America/Bogota,"{""br"":""Samaniego"",""ko"":""사마니에고"",""pt-BR"":""Samaniego"",""pt"":""Samaniego"",""nl"":""Samaniego"",""hr"":""Samaniego"",""fa"":""سامانیگو"",""de"":""Samaniego"",""es"":""Samaniego"",""fr"":""Samaniego"",""ja"":""サマニエゴ"",""it"":""Samaniego"",""zh-CN"":""萨马涅戈"",""tr"":""Samaniego"",""ru"":""Саманиего"",""uk"":""Саманьєго"",""pl"":""Samaniego"",""hi"":""समानिएगो"",""ar"":""سامانيغو""}",2019-10-06T09:39:55,2025-12-02T14:38:56,1,Q2195228
21326,Samaná,2887,CAL,48,CO,adm2,,,5.54061000,-74.99346000,Samaná,17466,America/Bogota,"{""br"":""Samaná"",""ko"":""사마나"",""pt-BR"":""Samaná"",""pt"":""Samaná"",""nl"":""Samana"",""hr"":""Samaná"",""fa"":""سامانا"",""de"":""Samana"",""es"":""Samaná"",""fr"":""Samaná"",""ja"":""サマナ"",""it"":""Samana"",""zh-CN"":""萨马纳"",""tr"":""Samaná"",""ru"":""Самана"",""uk"":""Самана"",""pl"":""Samaná"",""hi"":""समाना"",""ar"":""سامانا""}",2019-10-06T09:39:55,2025-12-02T17:11:50,1,Q726717
21327,Sampués,2902,SUC,48,CO,adm2,,,9.18361000,-75.38167000,Sampués,21204,America/Bogota,"{""br"":""Sampués"",""ko"":""샘플"",""pt-BR"":""Sampués"",""pt"":""Sampués"",""nl"":""Sampués"",""hr"":""Sampués"",""fa"":""سامپوئه‌ها"",""de"":""Proben"",""es"":""Sampués"",""fr"":""Sampués"",""ja"":""サムピュエス"",""it"":""Sampués"",""zh-CN"":""桑普埃斯"",""tr"":""Sampués"",""ru"":""Сампуэс"",""uk"":""Сампуес"",""pl"":""Sampués"",""hi"":""सैम्प्यूस"",""ar"":""سامبويس""}",2019-10-06T09:39:55,2025-12-02T14:39:31,1,Q2433637
21328,San Alberto,2899,CES,48,CO,adm2,,,7.76107000,-73.39220000,San Alberto,10627,America/Bogota,"{""br"":""San Alberto"",""ko"":""산 알베르토"",""pt-BR"":""Santo Alberto"",""pt"":""Santo Alberto"",""nl"":""San Alberto"",""hr"":""San Alberto"",""fa"":""سن آلبرتو"",""de"":""San Alberto"",""es"":""San Alberto"",""fr"":""San Alberto"",""ja"":""サンアルベルト"",""it"":""San Alberto"",""zh-CN"":""圣阿尔贝托"",""tr"":""San Alberto"",""ru"":""Сан-Альберто"",""uk"":""Сан-Альберто"",""pl"":""San Alberto"",""hi"":""सैन अल्बर्टो"",""ar"":""سان ألبرتو""}",2019-10-06T09:39:55,2025-12-02T14:39:31,1,Q1441898
21330,San Andrés de Cuerquía,2890,ANT,48,CO,adm2,,,6.90333000,-75.68250000,San Andrés de Cuerquía,3154,America/Bogota,"{""br"":""San Andrés de Cuerquía"",""ko"":""산 안드레스 데 쿠에르키아"",""pt-BR"":""San Andrés de Cuerquía"",""pt"":""San Andrés de Cuerquía"",""nl"":""San Andrés de Cuerquía"",""hr"":""San Andrés de Cuerquía"",""fa"":""سن آندرس د کوئرکیا"",""de"":""San Andrés de Cuerquía"",""es"":""San Andrés de Cuerquía"",""fr"":""San Andrés de Cuerquía"",""ja"":""サン・アンドレス・デ・クエルキア"",""it"":""San Andrés de Cuerquía"",""zh-CN"":""圣安德烈斯·德库尔基亚"",""tr"":""San Andrés de Cuerquía"",""ru"":""Сан-Андрес-де-Куэркиа"",""uk"":""Сан-Андрес-де-Куеркія"",""pl"":""San Andrés de Cuerquía"",""hi"":""सैन आंद्रेस डी कुएर्किया"",""ar"":""سان أندريس دي كويركويا""}",2019-10-06T04:09:55,2025-12-02T14:39:31,1,Q2433819
21331,San Andrés,2900,SAP,48,CO,adm1,,,12.53759790,-81.72041550,San Andrés,7367,America/Bogota,"{""br"":""San Andrés"",""ko"":""산 안드레스"",""pt-BR"":""San Andrés"",""pt"":""San Andrés"",""nl"":""San Andrés"",""hr"":""San Andrés"",""fa"":""سن آندرس"",""de"":""San Andrés"",""es"":""San Andrés"",""fr"":""San Andrés"",""ja"":""サンアンドレス"",""it"":""San Andrés"",""zh-CN"":""圣安德烈斯"",""tr"":""San Andrés"",""ru"":""Сан-Андрес"",""uk"":""Сан-Андрес"",""pl"":""San Andrés"",""hi"":""सैन एन्ड्रेस"",""ar"":""سان أندريس""}",2019-10-06T09:39:55,2025-12-02T17:11:50,1,Q134678
21332,San Andrés,2901,SAN,48,CO,adm2,,,6.81148000,-72.84929000,San Andrés,3032,America/Bogota,"{""br"":""San Andrés"",""ko"":""산 안드레스"",""pt-BR"":""San Andrés"",""pt"":""San Andrés"",""nl"":""San Andrés"",""hr"":""San Andrés"",""fa"":""سن آندرس"",""de"":""San Andrés"",""es"":""San Andrés"",""fr"":""San Andrés"",""ja"":""サンアンドレス"",""it"":""San Andrés"",""zh-CN"":""圣安德烈斯"",""tr"":""San Andrés"",""ru"":""Сан-Андрес"",""uk"":""Сан-Андрес"",""pl"":""San Andrés"",""hi"":""सैन एन्ड्रेस"",""ar"":""سان أندريس""}",2019-10-06T09:39:55,2025-12-02T14:39:31,1,Q964241
21333,San Andrés de Sotavento,2898,COR,48,CO,adm2,,,9.12183000,-75.51627000,San Andrés de Sotavento,0,America/Bogota,"{""br"":""San Andrés de Sotavento"",""ko"":""산 안드레스 데 소타벤토"",""pt-BR"":""San Andrés de Sotavento"",""pt"":""San Andrés de Sotavento"",""nl"":""San Andrés de Sotavento"",""hr"":""San Andrés de Sotavento"",""fa"":""سن آندرس د سوتاونتو"",""de"":""San Andrés de Sotavento"",""es"":""San Andrés de Sotavento"",""fr"":""San Andrés de Sotavento"",""ja"":""サン・アンドレス・デ・ソタベント"",""it"":""San Andrés de Sotavento"",""zh-CN"":""圣安德烈斯德索塔文托"",""tr"":""San Andrés de Sotavento"",""ru"":""Сан-Андрес-де-Сотавенто"",""uk"":""Сан-Андрес-де-Сотавенто"",""pl"":""San Andrés de Sotavento"",""hi"":""सैन एन्ड्रेस डी सोटावेन्टो"",""ar"":""سان أندريس دي سوتافينتو""}",2019-10-06T04:09:55,2025-12-02T14:39:31,1,Q2433828
21335,San Antero,2898,COR,48,CO,adm2,,,9.37410000,-75.75891000,San Antorí,34196,America/Bogota,"{""br"":""San Antero"",""ko"":""산 안테로"",""pt-BR"":""San Antero"",""pt"":""San Antero"",""nl"":""San Antero"",""hr"":""San Antero"",""fa"":""سن آنترو"",""de"":""San Antero"",""es"":""San Antero"",""fr"":""San Antero"",""ja"":""サンアンテロ"",""it"":""San Antero"",""zh-CN"":""圣安特罗"",""tr"":""San Antero"",""ru"":""Сан-Антеро"",""uk"":""Сан-Антеро"",""pl"":""San Antero"",""hi"":""सैन एंटेरो"",""ar"":""سان انتيرو""}",2019-10-06T09:39:55,2025-12-02T14:39:31,1,Q1442369
21337,San Antonio,2883,TOL,48,CO,adm2,,,3.95664000,-75.50000000,San Antonio,5185,America/Bogota,"{""br"":""San Antonio"",""ko"":""샌안토니오"",""pt-BR"":""Santo Antônio"",""pt"":""Santo Antônio"",""nl"":""San Antonio"",""hr"":""San Antonio"",""fa"":""سن آنتونیو"",""de"":""San Antonio"",""es"":""San Antonio"",""fr"":""San Antonio"",""ja"":""サンアントニオ"",""it"":""San Antonio"",""zh-CN"":""圣安东尼奥"",""tr"":""San Antonio"",""ru"":""Сан-Антонио"",""uk"":""Сан-Антоніо"",""pl"":""San Antonio"",""hi"":""सेन एंटोनियो"",""ar"":""سان أنطونيو""}",2019-10-06T09:39:55,2025-12-02T14:39:31,1,Q1526235
21338,San Antonio del Tequendama,2875,CUN,48,CO,adm2,,,4.61667000,-74.35000000,San Antonio del Tequendama,1020,America/Bogota,"{""br"":""San Antonio del Tequendama"",""ko"":""산 안토니오 델 테켄다마"",""pt-BR"":""San Antonio del Tequendama"",""pt"":""San Antonio del Tequendama"",""nl"":""San Antonio del Tequendama"",""hr"":""San Antonio del Tekendama"",""fa"":""سن آنتونیو دل تکونداما"",""de"":""San Antonio del Tequendama"",""es"":""San Antonio del Tequendama"",""fr"":""San Antonio del Tequendama"",""ja"":""サン・アントニオ・デル・テケンダマ"",""it"":""San Antonio del Tequendama"",""zh-CN"":""圣安东尼奥德尔特肯达马"",""tr"":""San Antonio del Tequendama"",""ru"":""Сан-Антонио-дель-Текендама"",""uk"":""Сан-Антоніо-дель-Теквендама"",""pl"":""San Antonio del Tequendama"",""hi"":""सैन एंटोनियो डेल तेक्वेंडामा"",""ar"":""سان أنطونيو ديل تيكوينداما""}",2019-10-06T09:39:55,2025-12-02T14:39:31,1,Q1526235
21339,San Benito,2901,SAN,48,CO,adm2,,,6.10206000,-73.53753000,San Benito,3907,America/Bogota,"{""br"":""San Benito"",""ko"":""산 베니토"",""pt-BR"":""São Bento"",""pt"":""São Bento"",""nl"":""San Benito"",""hr"":""San Benito"",""fa"":""سن بنیتو"",""de"":""San Benito"",""es"":""San Benito"",""fr"":""San Benito"",""ja"":""サンベニート"",""it"":""San Benito"",""zh-CN"":""圣贝尼托"",""tr"":""San Benito"",""ru"":""Сан-Бенито"",""uk"":""Сан-Беніто"",""pl"":""San Benito"",""hi"":""सैन बेनिटो"",""ar"":""سان بينيتو""}",2019-10-06T09:39:55,2025-12-02T17:11:50,1,Q1655659
21340,San Benito Abad,2902,SUC,48,CO,adm2,,,8.78833000,-74.95666000,San Benito Abad,22972,America/Bogota,"{""br"":""San Benito Abad"",""ko"":""산 베니토 아바드"",""pt-BR"":""São Bento Abad"",""pt"":""São Bento Abad"",""nl"":""San Benito Abad"",""hr"":""San Benito Abad"",""fa"":""سن بنیتو آباد"",""de"":""San Benito Abad"",""es"":""San Benito Abad"",""fr"":""San Benito Abad"",""ja"":""サンベニートアバド"",""it"":""San Benito Abad"",""zh-CN"":""圣贝尼托阿巴德"",""tr"":""San Benito Abad"",""ru"":""Сан-Бенито-Абад"",""uk"":""Сан-Беніто-Абад"",""pl"":""San Benito Abad"",""hi"":""सैन बेनिटो अबाद"",""ar"":""سان بينيتو آباد""}",2019-10-06T09:39:55,2025-12-02T17:11:50,1,Q23683771
21341,San Bernardo,2897,NAR,48,CO,adm2,,,1.51525000,-77.04679000,San Bernardo,2988,America/Bogota,"{""br"":""San Bernardo"",""ko"":""산 베르나르도"",""pt-BR"":""São Bernardo"",""pt"":""São Bernardo"",""nl"":""San Bernardo"",""hr"":""San Bernardo"",""fa"":""سن برناردو"",""de"":""San Bernardo"",""es"":""San Bernardo"",""fr"":""San Bernardo"",""ja"":""サンベルナルド"",""it"":""San Bernardo"",""zh-CN"":""圣贝尔纳多"",""tr"":""San Bernardo"",""ru"":""Сан-Бернардо"",""uk"":""Сан-Бернардо"",""pl"":""San Bernardo"",""hi"":""सैन बर्नार्डो"",""ar"":""سان برناردو""}",2019-10-06T09:39:55,2025-12-02T14:39:31,1,Q1525355
21342,San Bernardo,2875,CUN,48,CO,adm2,,,4.12956000,-74.35903000,San Bernardo,8874,America/Bogota,"{""br"":""San Bernardo"",""ko"":""산 베르나르도"",""pt-BR"":""São Bernardo"",""pt"":""São Bernardo"",""nl"":""San Bernardo"",""hr"":""San Bernardo"",""fa"":""سن برناردو"",""de"":""San Bernardo"",""es"":""San Bernardo"",""fr"":""San Bernardo"",""ja"":""サンベルナルド"",""it"":""San Bernardo"",""zh-CN"":""圣贝尔纳多"",""tr"":""San Bernardo"",""ru"":""Сан-Бернардо"",""uk"":""Сан-Бернардо"",""pl"":""San Bernardo"",""hi"":""सैन बर्नार्डो"",""ar"":""سان برناردو""}",2019-10-06T09:39:55,2025-12-02T17:11:50,1,Q1525355
21343,San Bernardo del Viento,2898,COR,48,CO,adm2,,,9.35330000,-75.95244000,San Bernardo del Viento,8967,America/Bogota,"{""br"":""San Bernardo del Viento"",""ko"":""산 베르나르도 델 비엔토"",""pt-BR"":""São Bernardo do Vento"",""pt"":""São Bernardo do Vento"",""nl"":""San Bernardo del Viento"",""hr"":""San Bernardo del Viento"",""fa"":""سن برناردو دل وینتو"",""de"":""San Bernardo del Viento"",""es"":""San Bernardo del Viento"",""fr"":""Saint Bernard du Vent"",""ja"":""サンベルナルドデルビエント"",""it"":""San Bernardo del Viento"",""zh-CN"":""圣贝尔纳多德尔维恩托"",""tr"":""San Bernardo del Viento"",""ru"":""Сан-Бернардо-дель-Виенто"",""uk"":""Сан-Бернардо-дель-В'єнто"",""pl"":""San Bernardo del Viento"",""hi"":""सैन बर्नार्डो डेल विएंटो"",""ar"":""سان برناردو ديل فينتو""}",2019-10-06T09:39:55,2025-12-02T14:39:31,1,Q2433835
21344,San Calixto,2877,NSA,48,CO,adm2,,,8.40210000,-73.20737000,San Calixto,2080,America/Bogota,"{""br"":""San Calixto"",""ko"":""산 칼릭스토"",""pt-BR"":""São Calixto"",""pt"":""São Calixto"",""nl"":""San Calixto"",""hr"":""San Calixto"",""fa"":""سن کالیکستو"",""de"":""San Calixto"",""es"":""San Calixto"",""fr"":""San Calixto"",""ja"":""サン・カリクスト"",""it"":""San Calisto"",""zh-CN"":""圣卡利克斯托"",""tr"":""San Calixto"",""ru"":""Сан-Каликсто"",""uk"":""Сан-Каліксто"",""pl"":""San Calixto"",""hi"":""सैन कैलिक्स्टो"",""ar"":""سان كاليستو""}",2019-10-06T09:39:55,2025-12-02T14:39:31,1,Q2348501
21345,San Carlos,2890,ANT,48,CO,city,,,7.79177000,-74.77316000,San Carlos,14480,America/Bogota,"{""br"":""San Carlos"",""ko"":""산 카를로스"",""pt-BR"":""São Carlos"",""pt"":""São Carlos"",""nl"":""San Carlos"",""hr"":""San Carlos"",""fa"":""سن کارلوس"",""de"":""San Carlos"",""es"":""San Carlos"",""fr"":""San Carlos"",""ja"":""サンカルロス"",""it"":""San Carlos"",""zh-CN"":""圣卡洛斯"",""tr"":""San Carlos"",""ru"":""Сан-Карлос"",""uk"":""Сан-Карлос"",""pl"":""San Carlos"",""hi"":""सैन कार्लोस"",""ar"":""سان كارلوس""}",2019-10-06T09:39:55,2025-12-02T14:38:56,1,Q23683784
21346,San Carlos,2898,COR,48,CO,adm2,,,8.79577000,-75.69947000,San Carlos,23532,America/Bogota,"{""br"":""San Carlos"",""ko"":""산 카를로스"",""pt-BR"":""São Carlos"",""pt"":""São Carlos"",""nl"":""San Carlos"",""hr"":""San Carlos"",""fa"":""سن کارلوس"",""de"":""San Carlos"",""es"":""San Carlos"",""fr"":""San Carlos"",""ja"":""サンカルロス"",""it"":""San Carlos"",""zh-CN"":""圣卡洛斯"",""tr"":""San Carlos"",""ru"":""Сан-Карлос"",""uk"":""Сан-Карлос"",""pl"":""San Carlos"",""hi"":""सैन कार्लोस"",""ar"":""سان كارلوس""}",2019-10-06T09:39:55,2025-12-02T14:39:31,1,Q1440812
21347,San Carlos de Guaroa,2878,MET,48,CO,adm2,,,3.71161000,-73.24344000,San Carlos de Guaroa,11512,America/Bogota,"{""br"":""San Carlos de Guaroa"",""ko"":""산 카를로스 데 과로아"",""pt-BR"":""San Carlos de Guaroa"",""pt"":""San Carlos de Guaroa"",""nl"":""San Carlos de Guaroa"",""hr"":""San Carlos de Guaroa"",""fa"":""سن کارلوس د گواروا"",""de"":""San Carlos de Guaroa"",""es"":""San Carlos de Guaroa"",""fr"":""San Carlos de Guaroa"",""ja"":""サン・カルロス・デ・グアロア"",""it"":""San Carlos de Guaroa"",""zh-CN"":""圣卡洛斯德瓜罗阿"",""tr"":""San Carlos de Guaroa"",""ru"":""Сан-Карлос-де-Гуароа"",""uk"":""Сан-Карлос-де-Гуароа"",""pl"":""San Carlos de Guaroa"",""hi"":""सैन कार्लोस डी ग्वारोआ"",""ar"":""سان كارلوس دي غواروا""}",2019-10-06T09:39:55,2025-12-02T14:39:31,1,Q955327
21348,San Cayetano,2875,CUN,48,CO,city,,,5.31693000,-74.07141000,San Cayetano,699,America/Bogota,"{""br"":""San Cayetano"",""ko"":""산 카예타노"",""pt-BR"":""São Caetano"",""pt"":""São Caetano"",""nl"":""San Cayetano"",""hr"":""San Cayetano"",""fa"":""سن کایتانو"",""de"":""San Cayetano"",""es"":""San Cayetano"",""fr"":""San Cayetano"",""ja"":""サン・カジェターノ"",""it"":""San Cayetano"",""zh-CN"":""圣卡耶塔诺"",""tr"":""San Cayetano"",""ru"":""Сан-Каэтано"",""uk"":""Сан-Каєтано"",""pl"":""Święty Cayetano"",""hi"":""सैन केयेटानो"",""ar"":""سان كايتانو""}",2019-10-06T09:39:55,2025-12-02T14:39:31,1,Q610537
21349,San Cayetano,2877,NSA,48,CO,adm2,,,7.84771000,-72.61014000,San Cayetano,5424,America/Bogota,"{""br"":""San Cayetano"",""ko"":""산 카예타노"",""pt-BR"":""São Caetano"",""pt"":""São Caetano"",""nl"":""San Cayetano"",""hr"":""San Cayetano"",""fa"":""سن کایتانو"",""de"":""San Cayetano"",""es"":""San Cayetano"",""fr"":""San Cayetano"",""ja"":""サン・カジェターノ"",""it"":""San Cayetano"",""zh-CN"":""圣卡耶塔诺"",""tr"":""San Cayetano"",""ru"":""Сан-Каэтано"",""uk"":""Сан-Каєтано"",""pl"":""Święty Cayetano"",""hi"":""सैन केयेटानो"",""ar"":""سان كايتانو""}",2019-10-06T09:39:55,2025-12-02T17:11:50,1,Q2434048
21350,San Cristóbal,2893,BOL,48,CO,city,,,9.87809000,-75.25248000,San Cristóbal,4737,America/Bogota,"{""br"":""San Cristóbal"",""ko"":""산 크리스토발"",""pt-BR"":""São Cristóvão"",""pt"":""São Cristóvão"",""nl"":""San Cristóbal"",""hr"":""San Cristóbal"",""fa"":""سن کریستوبال"",""de"":""San Cristóbal"",""es"":""San Cristóbal"",""fr"":""San Cristóbal"",""ja"":""サン・クリストバル"",""it"":""San Cristobal"",""zh-CN"":""圣克里斯托瓦尔"",""tr"":""San Cristóbal"",""ru"":""Сан-Кристобаль"",""uk"":""Сан-Крістобаль"",""pl"":""San Cristóbal"",""hi"":""सैन क्रिस्टोबल"",""ar"":""سان كريستوبال""}",2019-10-06T09:39:55,2025-12-02T14:39:31,1,Q2434056
21351,San Diego,2899,CES,48,CO,adm2,,,10.33623000,-73.18203000,San Diego,18531,America/Bogota,"{""br"":""San Diego"",""ko"":""샌디에이고"",""pt-BR"":""São Diego"",""pt"":""São Diego"",""nl"":""San Diego"",""hr"":""San Diego"",""fa"":""سن دیگو"",""de"":""San Diego"",""es"":""San Diego"",""fr"":""San Diego"",""ja"":""サンディエゴ"",""it"":""San Diego"",""zh-CN"":""圣地亚哥"",""tr"":""San Diego"",""ru"":""Сан-Диего"",""uk"":""Сан-Дієго"",""pl"":""San Diego"",""hi"":""सैन डिएगो"",""ar"":""سان دييغو""}",2019-10-06T09:39:55,2025-12-02T14:39:31,1,Q1524790
21352,San Eduardo,2903,BOY,48,CO,adm2,,,5.22396000,-73.07696000,San Eduardo,524,America/Bogota,"{""br"":""San Eduardo"",""ko"":""산 에두아르도"",""pt-BR"":""São Eduardo"",""pt"":""São Eduardo"",""nl"":""San Eduardo"",""hr"":""San Eduardo"",""fa"":""سن ادواردو"",""de"":""San Eduardo"",""es"":""San Eduardo"",""fr"":""Saint Édouard"",""ja"":""サン・エドゥアルド"",""it"":""San Edoardo"",""zh-CN"":""圣爱德华多"",""tr"":""San Eduardo"",""ru"":""Сан-Эдуардо"",""uk"":""Сан-Едуардо"",""pl"":""Święty Eduardo"",""hi"":""सैन एडुआर्डो"",""ar"":""سان إدواردو""}",2019-10-06T09:39:55,2025-12-02T14:39:31,1,Q1656180
21353,San Estanislao,2893,BOL,48,CO,adm2,,,10.39833000,-75.15111000,San Estanislao,15312,America/Bogota,"{""br"":""San Estanislao"",""ko"":""산 에스타니슬라오"",""pt-BR"":""San Estanislao"",""pt"":""San Estanislao"",""nl"":""San Estanislao"",""hr"":""San Estanislao"",""fa"":""سن استانیسلائو"",""de"":""San Estanislao"",""es"":""San Estanislao"",""fr"":""San Estanislao"",""ja"":""サン・エスタニスラオ"",""it"":""San Estanislao"",""zh-CN"":""圣埃斯塔尼斯劳"",""tr"":""San Estanislao"",""ru"":""Сан-Эстанислао"",""uk"":""Сан-Естаніслао"",""pl"":""Święty Stanislao"",""hi"":""सैन एस्टानिस्लाओ"",""ar"":""سان استانيسلاو""}",2019-10-06T09:39:55,2025-12-02T14:38:56,1,Q1525416
21354,San Felipe,2882,GUA,48,CO,city,,,2.14321000,-67.34122000,San Felipe,982,America/Bogota,"{""br"":""San Felipe"",""ko"":""산 펠리페"",""pt-BR"":""São Felipe"",""pt"":""São Felipe"",""nl"":""San Felipe"",""hr"":""San Felipe"",""fa"":""سن فیلیپه"",""de"":""San Felipe"",""es"":""San Felipe"",""fr"":""San Felipe"",""ja"":""サンフェリペ"",""it"":""San Filippo"",""zh-CN"":""圣费利佩"",""tr"":""San Felipe"",""ru"":""Сан-Фелипе"",""uk"":""Сан-Феліпе"",""pl"":""Święty Felipe"",""hi"":""सैन फ़ेलिप"",""ar"":""سان فيليبي""}",2019-10-06T09:39:55,2025-12-02T17:11:50,1,Q1525416
21355,San Fernando,2893,BOL,48,CO,city,,,9.27972000,-74.53389000,San Fernando,1615,America/Bogota,"{""br"":""San Fernando"",""ko"":""산 페르난도"",""pt-BR"":""São Fernando"",""pt"":""São Fernando"",""nl"":""San Fernando"",""hr"":""San Fernando"",""fa"":""سن فرناندو"",""de"":""San Fernando"",""es"":""San Fernando"",""fr"":""San Fernando"",""ja"":""サンフェルナンド"",""it"":""San Fernando"",""zh-CN"":""圣费尔南多"",""tr"":""San Fernando"",""ru"":""Сан-Фернандо"",""uk"":""Сан-Фернандо"",""pl"":""San Fernando"",""hi"":""सैन फर्नांडो"",""ar"":""سان فرناندو""}",2019-10-06T09:39:55,2025-12-02T14:39:31,1,Q1526065
21356,San Francisco,2896,PUT,48,CO,city,,,1.17644000,-76.87838000,San Francisco,4350,America/Bogota,"{""br"":""San Francisco"",""ko"":""샌프란시스코"",""pt-BR"":""São Francisco"",""pt"":""São Francisco"",""nl"":""San Francisco"",""hr"":""San Francisco"",""fa"":""سانفرانسیسکو"",""de"":""San Francisco"",""es"":""San Francisco"",""fr"":""San Francisco"",""ja"":""サンフランシスコ"",""it"":""San Francisco"",""zh-CN"":""旧金山"",""tr"":""San Francisco"",""ru"":""Сан-Франциско"",""uk"":""Сан-Франциско"",""pl"":""San Francisco"",""hi"":""सैन फ्रांसिस्को"",""ar"":""سان فرانسيسكو""}",2019-10-06T09:39:55,2025-12-02T14:39:31,1,Q2434062
21357,San Francisco,2890,ANT,48,CO,city,,,6.11667000,-75.98333000,San Francisco,2779,America/Bogota,"{""br"":""San Francisco"",""ko"":""샌프란시스코"",""pt-BR"":""São Francisco"",""pt"":""São Francisco"",""nl"":""San Francisco"",""hr"":""San Francisco"",""fa"":""سانفرانسیسکو"",""de"":""San Francisco"",""es"":""San Francisco"",""fr"":""San Francisco"",""ja"":""サンフランシスコ"",""it"":""San Francisco"",""zh-CN"":""旧金山"",""tr"":""San Francisco"",""ru"":""Сан-Франциско"",""uk"":""Сан-Франциско"",""pl"":""San Francisco"",""hi"":""सैन फ्रांसिस्को"",""ar"":""سان فرانسيسكو""}",2019-10-06T09:39:55,2025-12-02T14:39:31,1,Q23683816
21358,San Francisco,2875,CUN,48,CO,city,,,4.96335000,-74.26613000,San Francisco,8304,America/Bogota,"{""br"":""San Francisco"",""ko"":""샌프란시스코"",""pt-BR"":""São Francisco"",""pt"":""São Francisco"",""nl"":""San Francisco"",""hr"":""San Francisco"",""fa"":""سانفرانسیسکو"",""de"":""San Francisco"",""es"":""San Francisco"",""fr"":""San Francisco"",""ja"":""サンフランシスコ"",""it"":""San Francisco"",""zh-CN"":""旧金山"",""tr"":""San Francisco"",""ru"":""Сан-Франциско"",""uk"":""Сан-Франциско"",""pl"":""San Francisco"",""hi"":""सैन फ्रांसिस्को"",""ar"":""سان فرانسيسكو""}",2019-10-06T09:39:55,2025-12-02T17:11:50,1,Q1576269
21359,San Gil,2901,SAN,48,CO,city,,,6.55952000,-73.13637000,San Gil,43519,America/Bogota,"{""br"":""San Gil"",""ko"":""산길"",""pt-BR"":""San Gil"",""pt"":""San Gil"",""nl"":""San Gil"",""hr"":""San Gil"",""fa"":""سان گیل"",""de"":""San Gil"",""es"":""San Gil"",""fr"":""San Gil"",""ja"":""サン・ギル"",""it"":""San Gil"",""zh-CN"":""圣吉尔"",""tr"":""San Gil"",""ru"":""Сан-Хиль"",""uk"":""Сан-Хіль"",""pl"":""San Gil"",""hi"":""सैन गिल"",""ar"":""سان جيل""}",2019-10-06T09:39:55,2025-12-02T14:38:56,1,Q1294128
21360,San Jacinto,2893,BOL,48,CO,adm2,,,9.83906000,-75.11043000,San Jacinto,23576,America/Bogota,"{""br"":""San Jacinto"",""ko"":""샌하신토"",""pt-BR"":""São Jacinto"",""pt"":""São Jacinto"",""nl"":""San Jacinto"",""hr"":""San Jacinto"",""fa"":""سن جاسینتو"",""de"":""San Jacinto"",""es"":""San Jacinto"",""fr"":""San Jacinto"",""ja"":""サン・ジャシント"",""it"":""San Jacinto"",""zh-CN"":""圣哈辛托"",""tr"":""San Jacinto"",""ru"":""Сан-Хасинто"",""uk"":""Сан-Хасінто"",""pl"":""San Jacinto"",""hi"":""सैन जैसिंटो"",""ar"":""سان جاسينتو""}",2019-10-06T09:39:55,2025-12-02T17:11:50,1,Q1441919
21361,San Jacinto del Cauca,2893,BOL,48,CO,adm2,,,8.23729000,-74.66782000,San Jacinto del Cauca,13426,America/Bogota,"{""br"":""San Jacinto del Cauca"",""ko"":""산하신토 델 카우카"",""pt-BR"":""San Jacinto del Cauca"",""pt"":""San Jacinto del Cauca"",""nl"":""San Jacinto del Cauca"",""hr"":""San Jacinto del Cauca"",""fa"":""سن جاسینتو دل کائوکا"",""de"":""San Jacinto del Cauca"",""es"":""San Jacinto del Cauca"",""fr"":""San Jacinto del Cauca"",""ja"":""サン・ハシント・デル・カウカ"",""it"":""San Jacinto del Cauca"",""zh-CN"":""圣哈辛托德尔考卡"",""tr"":""San Jacinto del Cauca"",""ru"":""Сан-Хасинто-дель-Каука"",""uk"":""Сан-Хасінто-дель-Каука"",""pl"":""San Jacinto del Cauca"",""hi"":""सैन जैसिंटो डेल काउका"",""ar"":""سان جاسينتو ديل كاوكا""}",2019-10-06T09:39:55,2025-12-02T17:11:50,1,Q1576322
21362,San Jerónimo,2890,ANT,48,CO,adm2,,,6.44139000,-75.70783000,San Jerónimo,13158,America/Bogota,"{""br"":""San Jerónimo"",""ko"":""산 헤로니모"",""pt-BR"":""São Jerônimo"",""pt"":""São Jerônimo"",""nl"":""San Jerónimo"",""hr"":""San Jerónimo"",""fa"":""سن جرونیمو"",""de"":""San Jerónimo"",""es"":""San Jerónimo"",""fr"":""San Jerónimo"",""ja"":""サン・ヘロニモ"",""it"":""San Girolamo"",""zh-CN"":""圣赫罗尼莫"",""tr"":""San Jerónimo"",""ru"":""Сан-Херонимо"",""uk"":""Сан-Херонімо"",""pl"":""San Jerónimo"",""hi"":""सैन जेरोनिमो"",""ar"":""سان جيرونيمو""}",2019-10-06T09:39:55,2025-12-02T17:11:50,1,Q1526016
21363,San Joaquín,2901,SAN,48,CO,adm2,,,6.46554000,-72.84852000,San Joaquín,2948,America/Bogota,"{""br"":""San Joaquín"",""ko"":""산 호아킨"",""pt-BR"":""São Joaquín"",""pt"":""São Joaquín"",""nl"":""San Joaquín"",""hr"":""San Joaquín"",""fa"":""سن خواکین"",""de"":""San Joaquín"",""es"":""San Joaquín"",""fr"":""San Joaquín"",""ja"":""サンホアキン"",""it"":""San Joaquín"",""zh-CN"":""圣华金"",""tr"":""San Joaquín"",""ru"":""Сан-Хоакин"",""uk"":""Сан-Хоакін"",""pl"":""Święty Joaquin"",""hi"":""सैन जोआक्विन"",""ar"":""سان خواكين""}",2019-10-06T09:39:55,2025-12-02T17:11:50,1,Q1655466
21364,San José,2887,CAL,48,CO,adm2,,,5.08221000,-75.79107000,San José,1772,America/Bogota,"{""br"":""San José"",""ko"":""산호세"",""pt-BR"":""São José"",""pt"":""São José"",""nl"":""San José"",""hr"":""San José"",""fa"":""سن خوزه"",""de"":""San José"",""es"":""San José"",""fr"":""San José"",""ja"":""サンホセ"",""it"":""San José"",""zh-CN"":""圣何塞"",""tr"":""San Jose"",""ru"":""Сан-Хосе"",""uk"":""Сан-Хосе"",""pl"":""San Jose"",""hi"":""सैन होज़े"",""ar"":""سان خوسيه""}",2019-10-06T09:39:55,2025-12-02T14:38:56,1,Q1574774
21365,San José de Albán,2897,NAR,48,CO,adm2,,,1.47388999,-77.08083333,San José de Albán,0,America/Bogota,"{""br"":""San José de Albán"",""ko"":""산 호세 데 알반"",""pt-BR"":""San José de Albán"",""pt"":""San José de Albán"",""nl"":""San José de Alban"",""hr"":""San José de Alban"",""fa"":""سن خوزه د آلبان"",""de"":""San José de Albán"",""es"":""San José de Albán"",""fr"":""San José de Albán"",""ja"":""サン・ホセ・デ・アルバン"",""it"":""San José de Albán"",""zh-CN"":""圣何塞·德阿尔班"",""tr"":""San José de Alban"",""ru"":""Сан-Хосе-де-Альбан"",""uk"":""Сан-Хосе-де-Альбан"",""pl"":""San José de Albán"",""hi"":""सैन जोस डे अल्बान"",""ar"":""سان خوسيه دي ألبان""}",2019-10-06T04:09:55,2025-12-02T14:39:31,1,Q1524751
21366,San José de la Montaña,2890,ANT,48,CO,adm2,,,6.82205000,-75.69757000,San José de la Montaña,3103,America/Bogota,"{""br"":""San José de la Montaña"",""ko"":""산 호세 데 라 몬타냐"",""pt-BR"":""San José de la Montaña"",""pt"":""San José de la Montaña"",""nl"":""San José de la Montaña"",""hr"":""San José de la Montaña"",""fa"":""سن خوزه د لا مونتانا"",""de"":""San José de la Montaña"",""es"":""San José de la Montaña"",""fr"":""San José de la Montaña"",""ja"":""サン・ホセ・デ・ラ・モンターニャ"",""it"":""San José de la Montaña"",""zh-CN"":""圣何塞·德拉蒙塔尼亚"",""tr"":""San José de la Montaña"",""ru"":""Сан-Хосе-де-ла-Монтанья"",""uk"":""Сан-Хосе-де-ла-Монтанья"",""pl"":""San José de la Montaña"",""hi"":""सैन जोस डे ला मोंटाना"",""ar"":""سان خوسيه دي لا مونتانا""}",2019-10-06T09:39:55,2025-12-02T17:11:50,1,Q23683878
21367,San José de Miranda,2901,SAN,48,CO,adm2,,,6.63051000,-72.73155000,San José de Miranda,1096,America/Bogota,"{""br"":""San José de Miranda"",""ko"":""산 호세 데 미란다"",""pt-BR"":""São José de Miranda"",""pt"":""São José de Miranda"",""nl"":""San José de Miranda"",""hr"":""San José de Miranda"",""fa"":""سن خوزه د میراندا"",""de"":""San José de Miranda"",""es"":""San José de Miranda"",""fr"":""San José de Miranda"",""ja"":""サンホセ・デ・ミランダ"",""it"":""San José de Miranda"",""zh-CN"":""圣何塞·德米兰达"",""tr"":""San José de Miranda"",""ru"":""Сан-Хосе-де-Миранда"",""uk"":""Сан-Хосе-де-Міранда"",""pl"":""San José de Miranda"",""hi"":""सैन जोस डे मिरांडा"",""ar"":""سان خوسيه دي ميراندا""}",2019-10-06T09:39:55,2025-12-02T14:39:31,1,Q1657219
21368,San José de Pare,2903,BOY,48,CO,adm2,,,6.01746000,-73.54703000,San José de Pare,941,America/Bogota,"{""br"":""San José de Pare"",""ko"":""산 호세 데 파레"",""pt-BR"":""San José de Pare"",""pt"":""San José de Pare"",""nl"":""San José de Pare"",""hr"":""San José de Pare"",""fa"":""سن خوزه دو پار"",""de"":""San José de Pare"",""es"":""San José de Pare"",""fr"":""San José de Pare"",""ja"":""サンホセ・デ・パレ"",""it"":""San José de Pare"",""zh-CN"":""圣何塞·德帕雷"",""tr"":""San José de Pare"",""ru"":""Сан-Хосе-де-Паре"",""uk"":""Сан-Хосе-де-Паре"",""pl"":""San José de Pare"",""hi"":""सैन जोस डे पारे"",""ar"":""سان خوسيه دي باري""}",2019-10-06T09:39:55,2025-12-02T14:39:31,1,Q1576405
21369,San José del Fragua,2891,CAQ,48,CO,adm2,,,1.30780000,-76.16554000,San José del Fragua,13882,America/Bogota,"{""br"":""San José del Fragua"",""ko"":""산 호세 델 프라구아"",""pt-BR"":""San José del Fragua"",""pt"":""San José del Fragua"",""nl"":""San José del Fragua"",""hr"":""San José del Fragua"",""fa"":""سن خوزه دل فراگوا"",""de"":""San José del Fragua"",""es"":""San José del Fragua"",""fr"":""San José del Fragua"",""ja"":""サン・ホセ・デル・フラグア"",""it"":""San José del Fragua"",""zh-CN"":""圣何塞德尔弗拉瓜"",""tr"":""San José del Fragua"",""ru"":""Сан-Хосе-дель-Фрагуа"",""uk"":""Сан-Хосе-дель-Фрагуа"",""pl"":""San José del Fragua"",""hi"":""सैन जोस डेल फ्रैगुआ"",""ar"":""سان خوسيه ديل فراجوا""}",2019-10-06T09:39:55,2025-12-02T17:11:50,1,Q1525719
21370,San José del Guaviare,2888,GUV,48,CO,adm1,,,2.57286000,-72.64591000,San José del Guaviare,53994,America/Bogota,"{""br"":""San José del Guaviare"",""ko"":""산 호세 델 과비아레"",""pt-BR"":""San José del Guaviare"",""pt"":""San José del Guaviare"",""nl"":""San José del Guaviare"",""hr"":""San José del Guaviare"",""fa"":""سن خوزه دل گواویاره"",""de"":""San José del Guaviare"",""es"":""San José del Guaviare"",""fr"":""San José del Guaviare"",""ja"":""サン・ホセ・デル・グアビアーレ"",""it"":""San José del Guaviare"",""zh-CN"":""圣何塞德尔瓜维亚雷"",""tr"":""San José del Guaviare"",""ru"":""Сан-Хосе-дель-Гуавьяре"",""uk"":""Сан-Хосе-дель-Гуав'яре"",""pl"":""San José del Guaviare"",""hi"":""सैन जोस डेल ग्वावियारे"",""ar"":""سان خوسيه ديل جوافياري""}",2019-10-06T09:39:55,2025-12-02T14:38:56,1,Q864675
21371,San José del Palmar,2876,CHO,48,CO,adm2,,,4.89616000,-76.23422000,San José del Palmar,2392,America/Bogota,"{""br"":""San José del Palmar"",""ko"":""산 호세 델 팔마르"",""pt-BR"":""São José do Palmar"",""pt"":""São José do Palmar"",""nl"":""San José del Palmar"",""hr"":""San José del Palmar"",""fa"":""سن خوزه دل پالمار"",""de"":""San José del Palmar"",""es"":""San José del Palmar"",""fr"":""San José del Palmar"",""ja"":""サン・ホセ・デル・パルマル"",""it"":""San José del Palmar"",""zh-CN"":""圣何塞德尔帕尔马"",""tr"":""San José del Palmar"",""ru"":""Сан-Хосе-дель-Пальмар"",""uk"":""Сан-Хосе-дель-Пальмар"",""pl"":""San José del Palmar"",""hi"":""सैन जोस डेल पालमार"",""ar"":""سان خوسيه ديل بالمار""}",2019-10-06T09:39:55,2025-12-02T14:39:31,1,Q1654797
21372,San Juan Nepomuceno,2893,BOL,48,CO,adm2,,,9.94976000,-75.07426000,San Juan Nepomuceno,32514,America/Bogota,"{""br"":""San Juan Nepomuceno"",""ko"":""산 후안 네포무세노"",""pt-BR"":""São João Nepomuceno"",""pt"":""São João Nepomuceno"",""nl"":""San Juan Nepomuceno"",""hr"":""San Juan Nepomuceno"",""fa"":""سن خوان نپوموسنو"",""de"":""San Juan Nepomuceno"",""es"":""San Juan Nepomuceno"",""fr"":""San Juan Nepomuceno"",""ja"":""サンファン・ネポムセノ"",""it"":""San Giovanni Nepomuceno"",""zh-CN"":""圣胡安内波穆塞诺"",""tr"":""San Juan Nepomuceno"",""ru"":""Сан-Хуан-Непомусено"",""uk"":""Сан-Хуан Непомусено"",""pl"":""San Juan Nepomuceno"",""hi"":""सैन जुआन नेपोमुसेनो"",""ar"":""سان خوان نيبوموسينو""}",2019-10-06T09:39:55,2025-12-02T14:38:56,1,Q23683942
21373,San Juan de Arama,2878,MET,48,CO,adm2,,,3.29034000,-73.82065000,San Juan de Arama,9218,America/Bogota,"{""br"":""San Juan de Arama"",""ko"":""산 후안 데 아라마"",""pt-BR"":""San Juan de Arama"",""pt"":""San Juan de Arama"",""nl"":""San Juan de Arama"",""hr"":""San Juan de Arama"",""fa"":""سن خوان دِ آراما"",""de"":""San Juan de Arama"",""es"":""San Juan de Arama"",""fr"":""San Juan de Arama"",""ja"":""サン・フアン・デ・アラマ"",""it"":""San Juan de Arama"",""zh-CN"":""圣胡安·德阿拉马"",""tr"":""San Juan de Arama"",""ru"":""Сан-Хуан-де-Арама"",""uk"":""Сан-Хуан-де-Арама"",""pl"":""San Juan de Arama"",""hi"":""सैन जुआन डे अरामा"",""ar"":""سان خوان دي أراما""}",2019-10-06T09:39:55,2025-12-02T17:11:50,1,Q23730085
21374,San Juan de Betulia,2902,SUC,48,CO,adm2,,,9.27345000,-75.24103000,San Juan de Betulia,9092,America/Bogota,"{""br"":""San Juan de Betulia"",""ko"":""산 후안 데 베툴리아"",""pt-BR"":""San Juan de Betulia"",""pt"":""San Juan de Betulia"",""nl"":""San Juan de Betulia"",""hr"":""San Juan de Betulia"",""fa"":""سن خوان د بتولیا"",""de"":""San Juan de Betulia"",""es"":""San Juan de Betulia"",""fr"":""San Juan de Betulia"",""ja"":""サン・ファン・デ・ベトゥリア"",""it"":""San Juan de Betulia"",""zh-CN"":""圣胡安·德贝图利亚"",""tr"":""San Juan de Betulia"",""ru"":""Сан-Хуан-де-Бетулия"",""uk"":""Сан-Хуан-де-Бетулія"",""pl"":""San Juan de Betulia"",""hi"":""सैन जुआन डे बेतुलिया"",""ar"":""سان خوان دي بيتوليا""}",2019-10-06T09:39:55,2025-12-02T14:38:56,1,Q1526281
21375,San Juan de Río Seco,2875,CUN,48,CO,adm2,,,4.83077000,-74.68248000,San Juan de Río Seco,,America/Bogota,"{""br"":""San Juan de Río Seco"",""ko"":""산 후안 데 리오 세코"",""pt-BR"":""San Juan de Río Seco"",""pt"":""San Juan de Río Seco"",""nl"":""San Juan de Río Seco"",""hr"":""San Juan de Río Seco"",""fa"":""سن خوان د ریو سکو"",""de"":""San Juan de Río Seco"",""es"":""San Juan de Río Seco"",""fr"":""San Juan de Río Seco"",""ja"":""サンファンデリオセコ"",""it"":""San Juan de Río Seco"",""zh-CN"":""圣胡安德里奥塞科"",""tr"":""San Juan de Rio Seco"",""ru"":""Сан-Хуан-де-Рио-Секо"",""uk"":""Сан-Хуан-де-Ріо-Секо"",""pl"":""San Juan de Río Seco"",""hi"":""सैन जुआन डे रियो सेको"",""ar"":""سان خوان دي ريو سيكو""}",2019-10-06T09:39:55,2025-12-02T17:11:50,1,Q1526281
21376,San Juan de Urabá,2890,ANT,48,CO,adm2,,,8.75924000,-76.52969000,San Juan de Urabá,20899,America/Bogota,"{""br"":""San Juan de Urabá"",""ko"":""산 후안 데 우라바"",""pt-BR"":""San Juan de Urabá"",""pt"":""San Juan de Urabá"",""nl"":""San Juan de Urabá"",""hr"":""San Juan de Urabá"",""fa"":""سن خوان د اورابا"",""de"":""San Juan de Urabá"",""es"":""San Juan de Urabá"",""fr"":""San Juan de Urabá"",""ja"":""サン・フアン・デ・ウラバ"",""it"":""San Juan de Urabá"",""zh-CN"":""圣胡安·德乌拉巴"",""tr"":""San Juan de Urabá"",""ru"":""Сан-Хуан-де-Ураба"",""uk"":""Сан-Хуан-де-Ураба"",""pl"":""San Juan de Urabá"",""hi"":""सैन जुआन डे उराबा"",""ar"":""سان خوان دي أورابا""}",2019-10-06T09:39:55,2025-12-02T14:38:56,1,Q1441760
21377,San Juan del Cesar,2889,LAG,48,CO,adm2,,,10.77107000,-73.00314000,San Juan del Cesar,33654,America/Bogota,"{""br"":""San Juan del Cesar"",""ko"":""산 후안 델 세사르"",""pt-BR"":""San Juan del Cesar"",""pt"":""San Juan del Cesar"",""nl"":""San Juan del Cesar"",""hr"":""San Juan del Cesar"",""fa"":""سن خوان دل سزار"",""de"":""San Juan del Cesar"",""es"":""San Juan del Cesar"",""fr"":""San Juan del Cesar"",""ja"":""サン・ファン・デル・セザール"",""it"":""San Juan del Cesar"",""zh-CN"":""圣胡安德尔凯撒"",""tr"":""San Juan del Cesar"",""ru"":""Сан-Хуан-дель-Сесар"",""uk"":""Сан-Хуан-дель-Сезар"",""pl"":""San Juan del Cesar"",""hi"":""सैन जुआन डेल सीज़र"",""ar"":""سان خوان ديل سيزار""}",2019-10-06T09:39:55,2025-12-02T14:38:56,1,Q1256394
21378,San Lorenzo,2897,NAR,48,CO,city,,,1.55731000,-77.24599000,San Lorenzo,2469,America/Bogota,"{""br"":""San Lorenzo"",""ko"":""산 로렌조"",""pt-BR"":""São Lourenço"",""pt"":""São Lourenço"",""nl"":""San Lorenzo"",""hr"":""San Lorenzo"",""fa"":""سن لورنزو"",""de"":""San Lorenzo"",""es"":""San Lorenzo"",""fr"":""San Lorenzo"",""ja"":""サン・ロレンツォ"",""it"":""San Lorenzo"",""zh-CN"":""圣洛伦索"",""tr"":""San Lorenzo"",""ru"":""Сан-Лоренцо"",""uk"":""Сан-Лоренцо"",""pl"":""Święty Wawrzyniec"",""hi"":""सैन लोरेंजो"",""ar"":""سان لورينزو""}",2019-10-06T09:39:55,2025-12-02T14:39:31,1,Q1525075
21379,San Luis,2883,TOL,48,CO,adm2,,,4.16667000,-75.08333000,San Luis,4184,America/Bogota,"{""br"":""San Luis"",""ko"":""산 루이스"",""pt-BR"":""São Luís"",""pt"":""São Luís"",""nl"":""San Luis"",""hr"":""San Luis"",""fa"":""سن لوئیس"",""de"":""San Luis"",""es"":""San Luis"",""fr"":""San Luis"",""ja"":""サンルイス"",""it"":""San Luis"",""zh-CN"":""圣路易斯"",""tr"":""San Luis"",""ru"":""Сан-Луис"",""uk"":""Сан-Луїс"",""pl"":""San Luis"",""hi"":""सैन लुइस"",""ar"":""سان لويس""}",2019-10-06T09:39:55,2025-12-02T14:39:31,1,Q1525328
21380,San Luis de Gaceno,2903,BOY,48,CO,adm2,,,4.82052000,-73.16851000,San Luis de Gaceno,2579,America/Bogota,"{""br"":""San Luis de Gaceno"",""ko"":""산 루이스 데 가세노"",""pt-BR"":""São Luís de Gaceno"",""pt"":""São Luís de Gaceno"",""nl"":""San Luis de Gaceno"",""hr"":""San Luis de Gaceno"",""fa"":""سن لوئیس د گاسنو"",""de"":""San Luis de Gaceno"",""es"":""San Luis de Gaceno"",""fr"":""San Luis de Gaceno"",""ja"":""サン・ルイス・デ・ガセノ"",""it"":""San Luis de Gaceno"",""zh-CN"":""圣路易斯·德加塞诺"",""tr"":""San Luis de Gaceno"",""ru"":""Сан-Луис-де-Гасено"",""uk"":""Сан-Луїс-де-Гасено"",""pl"":""San Luis de Gaceno"",""hi"":""सैन लुइस डी गेसेनो"",""ar"":""سان لويس دي جاسينو""}",2019-10-06T09:39:55,2025-12-02T14:39:31,1,Q1577001
21381,San Luis de Palenque,2892,CAS,48,CO,adm2,,,5.42139000,-71.73167000,San Luis de Palenque,2032,America/Bogota,"{""br"":""San Luis de Palenque"",""ko"":""산 루이스 데 팔렌케"",""pt-BR"":""San Luis de Palenque"",""pt"":""San Luis de Palenque"",""nl"":""San Luis de Palenque"",""hr"":""San Luis de Palenque"",""fa"":""سن لوئیس د پالنکه"",""de"":""San Luis de Palenque"",""es"":""San Luis de Palenque"",""fr"":""San Luis de Palenque"",""ja"":""サン・ルイス・デ・パレンケ"",""it"":""San Luis de Palenque"",""zh-CN"":""圣路易斯·德帕伦克"",""tr"":""San Luis de Palenque"",""ru"":""Сан-Луис-де-Паленке"",""uk"":""Сан-Луїс-де-Паленке"",""pl"":""San Luis de Palenque"",""hi"":""सैन लुइस डी पैलेन्क"",""ar"":""سان لويس دي بالينكي""}",2019-10-06T09:39:55,2025-12-02T14:39:31,1,Q648843
21382,San Luis de Sincé,2902,SUC,48,CO,adm2,,,9.24391000,-75.14675000,San Luis de Sincé,30768,America/Bogota,"{""br"":""San Luis de Sincé"",""ko"":""산 루이스 데 신세"",""pt-BR"":""São Luís de Sincé"",""pt"":""São Luís de Sincé"",""nl"":""San Luis de Sincé"",""hr"":""San Luis de Sincé"",""fa"":""سن لوئیس د سینکه"",""de"":""San Luis de Sincé"",""es"":""San Luis de Sincé"",""fr"":""San Luis de Sincé"",""ja"":""サン・ルイス・デ・シンセ"",""it"":""San Luis de Sincé"",""zh-CN"":""圣路易斯德辛塞"",""tr"":""San Luis de Sincé"",""ru"":""Сан-Луис-де-Синсе"",""uk"":""Сан-Луїс-де-Сінсе"",""pl"":""San Luis de Sincé"",""hi"":""सैन लुइस डी सिनसे"",""ar"":""سان لويس دي سينسي""}",2019-10-06T09:39:55,2025-12-02T14:39:31,1,Q587626
21383,San Marcos,2902,SUC,48,CO,adm2,,,8.58333000,-75.16667000,San Marcos,60735,America/Bogota,"{""br"":""San Marcos"",""ko"":""샌마르코스"",""pt-BR"":""São Marcos"",""pt"":""São Marcos"",""nl"":""San Marcos"",""hr"":""San Marcos"",""fa"":""سن مارکوس"",""de"":""San Marcos"",""es"":""San Marcos"",""fr"":""San Marcos"",""ja"":""サンマルコス"",""it"":""San Marcos"",""zh-CN"":""圣马科斯"",""tr"":""San Marcos"",""ru"":""Сан-Маркос"",""uk"":""Сан-Маркос"",""pl"":""San Marcos"",""hi"":""सैन मार्कोस"",""ar"":""سان ماركوس""}",2019-10-06T09:39:55,2025-12-02T17:11:50,1,Q2434075
21384,San Martín,2899,CES,48,CO,adm2,,,8.00151000,-73.51126000,San Martín,21350,America/Bogota,"{""br"":""San Martín"",""ko"":""산 마르틴"",""pt-BR"":""São Martinho"",""pt"":""São Martinho"",""nl"":""San Martín"",""hr"":""San Martín"",""fa"":""سن مارتین"",""de"":""San Martín"",""es"":""San Martín"",""fr"":""Saint-Martin"",""ja"":""サン・マルティン"",""it"":""San Martino"",""zh-CN"":""圣马丁"",""tr"":""San Martin"",""ru"":""Сан-Мартин"",""uk"":""Сан-Мартін"",""pl"":""Święty Marcin"",""hi"":""सैन मार्टिन"",""ar"":""سان مارتن""}",2019-10-06T09:39:55,2025-12-02T14:38:56,1,Q545257
21385,San Martín,2878,MET,48,CO,city,,,3.50819000,-73.03975000,San Martín,21350,America/Bogota,"{""br"":""San Martín"",""ko"":""산 마르틴"",""pt-BR"":""São Martinho"",""pt"":""São Martinho"",""nl"":""San Martín"",""hr"":""San Martín"",""fa"":""سن مارتین"",""de"":""San Martín"",""es"":""San Martín"",""fr"":""Saint-Martin"",""ja"":""サン・マルティン"",""it"":""San Martino"",""zh-CN"":""圣马丁"",""tr"":""San Martin"",""ru"":""Сан-Мартин"",""uk"":""Сан-Мартін"",""pl"":""Święty Marcin"",""hi"":""सैन मार्टिन"",""ar"":""سان مارتن""}",2019-10-06T09:39:55,2025-12-02T16:59:27,1,Q1441359
21386,San Martín de Loba,2893,BOL,48,CO,adm2,,,8.88214000,-74.00353000,San Martín de Loba,14504,America/Bogota,"{""br"":""San Martín de Loba"",""ko"":""산 마르틴 데 로바"",""pt-BR"":""San Martín de Loba"",""pt"":""San Martín de Loba"",""nl"":""San Martín de Loba"",""hr"":""San Martín de Loba"",""fa"":""سن مارتین د لوبا"",""de"":""San Martín de Loba"",""es"":""San Martín de Loba"",""fr"":""San Martín de Loba"",""ja"":""サン・マルティン・デ・ローバ"",""it"":""San Martín de Loba"",""zh-CN"":""圣马丁德洛巴"",""tr"":""San Martín de Loba"",""ru"":""Сан-Мартин-де-Лоба"",""uk"":""Сан-Мартін-де-Лоба"",""pl"":""San Martín de Loba"",""hi"":""सैन मार्टिन डे लोबा"",""ar"":""سان مارتن دي لوبا""}",2019-10-06T09:39:55,2025-12-02T17:11:50,1,Q1525726
21387,San Mateo,2903,BOY,48,CO,adm2,,,6.37704000,-72.57797000,San Mateo,3682,America/Bogota,"{""br"":""San Mateo"",""ko"":""샌머테오"",""pt-BR"":""São Mateus"",""pt"":""São Mateus"",""nl"":""San Mateo"",""hr"":""San Mateo"",""fa"":""سن ماتئو"",""de"":""San Mateo"",""es"":""San Mateo"",""fr"":""San Mateo"",""ja"":""サンマテオ"",""it"":""San Mateo"",""zh-CN"":""圣马特奥"",""tr"":""San Mateo"",""ru"":""Сан-Матео"",""uk"":""Сан-Матео"",""pl"":""San Mateo"",""hi"":""सैन मेटो"",""ar"":""سان ماتيو""}",2019-10-06T09:39:55,2025-12-02T17:11:50,1,Q1654673
21388,San Miguel,2901,SAN,48,CO,adm2,,,6.57583000,-72.64591000,San Miguel,624,America/Bogota,"{""br"":""San Miguel"",""ko"":""산 미구엘"",""pt-BR"":""São Miguel"",""pt"":""São Miguel"",""nl"":""San Miguel"",""hr"":""San Miguel"",""fa"":""سن میگل"",""de"":""San Miguel"",""es"":""San Miguel"",""fr"":""San Miguel"",""ja"":""サンミゲル"",""it"":""San Miguel"",""zh-CN"":""圣米格尔"",""tr"":""San Miguel"",""ru"":""Сан-Мигель"",""uk"":""Сан-Мігель"",""pl"":""San Miguel"",""hi"":""सैन मिगुएल"",""ar"":""سان ميغيل""}",2019-10-06T09:39:55,2025-12-02T14:39:31,1,Q23684000
21389,San Miguel,2896,PUT,48,CO,city,,,0.34361111,-76.91083333,San Miguel,21838,America/Bogota,"{""br"":""San Miguel"",""ko"":""산 미구엘"",""pt-BR"":""São Miguel"",""pt"":""São Miguel"",""nl"":""San Miguel"",""hr"":""San Miguel"",""fa"":""سن میگل"",""de"":""San Miguel"",""es"":""San Miguel"",""fr"":""San Miguel"",""ja"":""サンミゲル"",""it"":""San Miguel"",""zh-CN"":""圣米格尔"",""tr"":""San Miguel"",""ru"":""Сан-Мигель"",""uk"":""Сан-Мігель"",""pl"":""San Miguel"",""hi"":""सैन मिगुएल"",""ar"":""سان ميغيل""}",2019-10-06T04:09:55,2025-12-02T16:59:27,1,Q1442390
21390,San Miguel de Sema,2903,BOY,48,CO,adm2,,,5.51847000,-73.72238000,San Miguel de Sema,647,America/Bogota,"{""br"":""San Miguel de Sema"",""ko"":""산 미구엘 데 세마"",""pt-BR"":""São Miguel de Sema"",""pt"":""São Miguel de Sema"",""nl"":""San Miguel de Sema"",""hr"":""San Miguel de Sema"",""fa"":""سن میگل د سما"",""de"":""San Miguel de Sema"",""es"":""San Miguel de Sema"",""fr"":""San Miguel de Sema"",""ja"":""サン・ミゲル・デ・セマ"",""it"":""San Miguel de Sema"",""zh-CN"":""圣米格尔·德·塞马"",""tr"":""San Miguel de Sema"",""ru"":""Сан-Мигель-де-Сема"",""uk"":""Сан-Мігель-де-Сема"",""pl"":""San Miguel de Sema"",""hi"":""सैन मिगुएल डे सेमा"",""ar"":""سان ميغيل دي سيما""}",2019-10-06T09:39:55,2025-12-02T14:39:31,1,Q1656150
21391,San Onofre,2902,SUC,48,CO,adm2,,,9.73586000,-75.52626000,San Onofre,32957,America/Bogota,"{""br"":""San Onofre"",""ko"":""샌 오노프레"",""pt-BR"":""São Onofre"",""pt"":""São Onofre"",""nl"":""San Onofre"",""hr"":""San Onofre"",""fa"":""سن اونوفر"",""de"":""San Onofre"",""es"":""San Onofre"",""fr"":""San Onofre"",""ja"":""サン・オノフレ"",""it"":""San Onofre"",""zh-CN"":""圣奥诺弗雷"",""tr"":""San Onofre"",""ru"":""Сан-Онофре"",""uk"":""Сан-Онофре"",""pl"":""San Onofre"",""hi"":""सैन ओनोफ्रे"",""ar"":""سان أونوفر""}",2019-10-06T09:39:55,2025-12-02T14:39:31,1,Q2324811
21392,San Pablo,2897,NAR,48,CO,city,,,1.67250000,-77.01389000,San Pablo,6522,America/Bogota,"{""br"":""San Pablo"",""ko"":""산 파블로"",""pt-BR"":""São Paulo"",""pt"":""São Paulo"",""nl"":""San Pablo"",""hr"":""San Pablo"",""fa"":""سن پابلو"",""de"":""San Pablo"",""es"":""San Pablo"",""fr"":""Saint-Paul"",""ja"":""サンパブロ"",""it"":""San Pablo"",""zh-CN"":""圣巴勃罗"",""tr"":""San Pablo"",""ru"":""Сан-Пабло"",""uk"":""Сан-Пабло"",""pl"":""Święty Paweł"",""hi"":""सैन पाब्लो"",""ar"":""سان بابلو""}",2019-10-06T09:39:55,2025-12-02T14:39:31,1,Q1936455
21393,San Pablo,2893,BOL,48,CO,city,,,10.05154000,-75.26775000,San Pablo,37160,America/Bogota,"{""br"":""San Pablo"",""ko"":""산 파블로"",""pt-BR"":""São Paulo"",""pt"":""São Paulo"",""nl"":""San Pablo"",""hr"":""San Pablo"",""fa"":""سن پابلو"",""de"":""San Pablo"",""es"":""San Pablo"",""fr"":""Saint-Paul"",""ja"":""サンパブロ"",""it"":""San Pablo"",""zh-CN"":""圣巴勃罗"",""tr"":""San Pablo"",""ru"":""Сан-Пабло"",""uk"":""Сан-Пабло"",""pl"":""Święty Paweł"",""hi"":""सैन पाब्लो"",""ar"":""سان بابلو""}",2019-10-06T09:39:55,2025-12-02T14:38:56,1,Q23682938
21394,San Pablo de Borbur,2903,BOY,48,CO,adm2,,,5.66638000,-74.13723000,San Pablo de Borbur,18865,America/Bogota,"{""br"":""San Pablo de Borbur"",""ko"":""산 파블로 데 보르부르"",""pt-BR"":""São Paulo de Borbur"",""pt"":""São Paulo de Borbur"",""nl"":""San Pablo de Borbur"",""hr"":""San Pablo de Borbur"",""fa"":""سن پابلو دِ بوربور"",""de"":""San Pablo de Borbur"",""es"":""San Pablo de Borbur"",""fr"":""San Pablo de Borbur"",""ja"":""サンパブロ・デ・ボルブール"",""it"":""San Pablo de Borbur"",""zh-CN"":""圣巴勃罗·德·博尔布尔"",""tr"":""San Pablo de Borbur"",""ru"":""Сан-Пабло-де-Борбур"",""uk"":""Сан-Пабло-де-Борбур"",""pl"":""San Pablo de Borbur"",""hi"":""सैन पाब्लो डे बोरबुर"",""ar"":""سان بابلو دي بوربور""}",2019-10-06T09:39:55,2025-12-02T17:11:50,1,Q1575910
21395,San Pedro,2902,SUC,48,CO,adm2,,,9.39560000,-75.06476000,San Pedro,11489,America/Bogota,"{""br"":""San Pedro"",""ko"":""산 페드로"",""pt-BR"":""São Pedro"",""pt"":""São Pedro"",""nl"":""San Pedro"",""hr"":""San Pedro"",""fa"":""سن پدرو"",""de"":""San Pedro"",""es"":""San Pedro"",""fr"":""San Pedro"",""ja"":""サンペドロ"",""it"":""San Pedro"",""zh-CN"":""圣佩德罗"",""tr"":""San Pedro"",""ru"":""Сан-Педро"",""uk"":""Сан-Педро"",""pl"":""Święty Pedro"",""hi"":""सैन पेड्रो"",""ar"":""سان بيدرو""}",2019-10-06T09:39:55,2025-12-02T14:39:31,1,Q23682955
21397,San Pedro,2904,VAC,48,CO,city,,,3.99936000,-76.26123000,San Pedro,15784,America/Bogota,"{""br"":""San Pedro"",""ko"":""산 페드로"",""pt-BR"":""São Pedro"",""pt"":""São Pedro"",""nl"":""San Pedro"",""hr"":""San Pedro"",""fa"":""سن پدرو"",""de"":""San Pedro"",""es"":""San Pedro"",""fr"":""San Pedro"",""ja"":""サンペドロ"",""it"":""San Pedro"",""zh-CN"":""圣佩德罗"",""tr"":""San Pedro"",""ru"":""Сан-Педро"",""uk"":""Сан-Педро"",""pl"":""Święty Pedro"",""hi"":""सैन पेड्रो"",""ar"":""سان بيدرو""}",2019-10-06T09:39:55,2025-12-02T17:11:50,1,Q2434300
21398,San Pedro de Cartago,2897,NAR,48,CO,adm2,,,1.55151000,-77.11948000,San Pedro de Cartago,7051,America/Bogota,"{""br"":""San Pedro de Cartago"",""ko"":""산 페드로 데 카르타고"",""pt-BR"":""São Pedro de Cartago"",""pt"":""São Pedro de Cartago"",""nl"":""San Pedro de Cartago"",""hr"":""San Pedro de Cartago"",""fa"":""سن پدرو د کارتاگو"",""de"":""San Pedro de Cartago"",""es"":""San Pedro de Cartago"",""fr"":""San Pedro de Cartago"",""ja"":""サン・ペドロ・デ・カルタゴ"",""it"":""San Pedro de Cartago"",""zh-CN"":""圣佩德罗-德卡塔戈"",""tr"":""San Pedro de Cartago"",""ru"":""Сан-Педро-де-Картаго"",""uk"":""Сан-Педро-де-Картаго"",""pl"":""San Pedro de Cartago"",""hi"":""सैन पेड्रो डी कार्टागो"",""ar"":""سان بيدرو دي كارتاغو""}",2019-10-06T04:09:45,2025-12-02T17:11:50,1,Q974273
21399,San Pedro de Uraba,2890,ANT,48,CO,adm2,,,8.42291000,-76.31747000,San Pedro de Uraba,28772,America/Bogota,"{""br"":""San Pedro de Uraba"",""ko"":""산 페드로 데 우라바"",""pt-BR"":""São Pedro de Urabá"",""pt"":""São Pedro de Urabá"",""nl"":""San Pedro de Uraba"",""hr"":""San Pedro de Uraba"",""fa"":""سن پدرو د اورابا"",""de"":""San Pedro de Uraba"",""es"":""San Pedro de Urabá"",""fr"":""San Pedro de Uraba"",""ja"":""サン・ペドロ・デ・ウラバ"",""it"":""San Pedro de Uraba"",""zh-CN"":""圣佩德罗·德乌拉巴"",""tr"":""San Pedro de Uraba"",""ru"":""Сан-Педро-де-Ураба"",""uk"":""Сан-Педро-де-Ураба"",""pl"":""San Pedro de Uraba"",""hi"":""सैन पेड्रो डी उराबा"",""ar"":""سان بيدرو دي أورابا""}",2019-10-06T09:39:55,2025-12-02T17:11:50,1,Q2434300
21401,San Pelayo,2898,COR,48,CO,adm2,,,8.95833000,-75.83627000,San Pelayo,5637,America/Bogota,"{""br"":""San Pelayo"",""ko"":""산 펠라요"",""pt-BR"":""São Pelayo"",""pt"":""São Pelayo"",""nl"":""San Pelayo"",""hr"":""San Pelayo"",""fa"":""سن پلایو"",""de"":""San Pelayo"",""es"":""San Pelayo"",""fr"":""San Pelayo"",""ja"":""サン・ペラヨ"",""it"":""San Pelayo"",""zh-CN"":""圣佩拉约"",""tr"":""San Pelayo"",""ru"":""Сан-Пелайо"",""uk"":""Сан-Пелайо"",""pl"":""San Pelayo"",""hi"":""सैन पेलायो"",""ar"":""سان بيلايو""}",2019-10-06T09:39:55,2025-12-02T14:39:31,1,Q2314281
21402,San Rafael,2890,ANT,48,CO,adm2,,,6.31234000,-75.02426000,San Rafael,12578,America/Bogota,"{""br"":""San Rafael"",""ko"":""산 라파엘"",""pt-BR"":""São Rafael"",""pt"":""São Rafael"",""nl"":""San Rafael"",""hr"":""San Rafael"",""fa"":""سن رافائل"",""de"":""San Rafael"",""es"":""San Rafael"",""fr"":""San Rafael"",""ja"":""サンラファエル"",""it"":""San Rafael"",""zh-CN"":""圣拉斐尔"",""tr"":""San Rafael"",""ru"":""Сан-Рафаэль"",""uk"":""Сан-Рафаель"",""pl"":""San Rafael"",""hi"":""सैन राफेल"",""ar"":""سان رافائيل""}",2019-10-06T09:39:55,2025-12-02T14:38:56,1,Q1526004
21403,San Roque,2890,ANT,48,CO,adm2,,,6.48511000,-75.01960000,San Roque,5576,America/Bogota,"{""br"":""San Roque"",""ko"":""산 로케"",""pt-BR"":""São Roque"",""pt"":""São Roque"",""nl"":""San Roque"",""hr"":""San Roke"",""fa"":""سن روکه"",""de"":""San Roque"",""es"":""San Roque"",""fr"":""San Roque"",""ja"":""サンロケ"",""it"":""San Rocco"",""zh-CN"":""圣罗克"",""tr"":""San Roque"",""ru"":""Сан-Роке"",""uk"":""Сан-Роке"",""pl"":""San Roque"",""hi"":""सैन रोके"",""ar"":""سان روكي""}",2019-10-06T09:39:55,2025-12-02T14:39:31,1,Q1525767
21404,San Sebastián,2884,CAU,48,CO,adm2,,,1.91667000,-76.66667000,San Sebastián,12820,America/Bogota,"{""br"":""San Sebastian"",""ko"":""산 세바스찬"",""pt-BR"":""São Sebastião"",""pt"":""São Sebastião"",""nl"":""San Sebastian"",""hr"":""San Sebastián"",""fa"":""سن سباستین"",""de"":""San Sebastián"",""es"":""San Sebastián"",""fr"":""Saint-Sébastien"",""ja"":""サンセバスティアン"",""it"":""San Sebastian"",""zh-CN"":""圣塞瓦斯蒂安"",""tr"":""San Sebastián"",""ru"":""Сан-Себастьян"",""uk"":""Сан-Себастьян"",""pl"":""San Sebastian"",""hi"":""सैन सेबेस्टियन"",""ar"":""سان سيباستيان""}",2019-10-06T09:39:55,2025-12-02T17:11:50,1,Q23682993
21405,San Sebastián de Mariquita,2883,TOL,48,CO,adm2,,,5.24269000,-74.90772000,San Sebastián de Mariquita,33340,America/Bogota,"{""br"":""San Sebastian de Mariquita"",""ko"":""산 세바스티안 데 마리키타"",""pt-BR"":""São Sebastião de Mariquita"",""pt"":""São Sebastião de Mariquita"",""nl"":""San Sebastián de Mariquita"",""hr"":""San Sebastián de Mariquita"",""fa"":""سن سباستین د ماریکیتا"",""de"":""San Sebastián de Mariquita"",""es"":""San Sebastián de Mariquita"",""fr"":""Saint-Sébastien de Mariquita"",""ja"":""サン・セバスティアン・デ・マリキタ"",""it"":""San Sebastián de Mariquita"",""zh-CN"":""圣塞瓦斯蒂安德马里基塔"",""tr"":""San Sebastián de Mariquita"",""ru"":""Сан-Себастьян-де-Марикита"",""uk"":""Сан-Себастьян-де-Марікіта"",""pl"":""San Sebastián de Mariquita"",""hi"":""सैन सेबेस्टियन डे मारिकिटा"",""ar"":""سان سيباستيان دي ماريكويتا""}",2019-10-06T04:09:53,2025-12-02T14:39:31,1,Q532572
21407,San Vicente Ferrer,2890,ANT,48,CO,adm2,,,6.32237000,-75.33020000,San Vicente Ferrer,18051,America/Bogota,"{""br"":""San Vicente Ferrer"",""ko"":""산 비센테 페레르"",""pt-BR"":""São Vicente Ferrer"",""pt"":""São Vicente Ferrer"",""nl"":""San Vicente Ferrer"",""hr"":""San Vicente Ferrer"",""fa"":""سن ویسنته فرر"",""de"":""San Vicente Ferrer"",""es"":""San Vicente Ferrer"",""fr"":""San Vicente Ferrer"",""ja"":""サン・ビセンテ・フェラー"",""it"":""San Vicente Ferrer"",""zh-CN"":""圣维森特费雷尔"",""tr"":""San Vicente Ferrer"",""ru"":""Сан-Висенте-Феррер"",""uk"":""Сан-Вісенте-Феррер"",""pl"":""San Vicente Ferrer"",""hi"":""सैन विसेंट फेरर"",""ar"":""سان فيسينتي فيرير""}",2019-10-06T09:39:55,2025-12-02T14:38:56,1,Q1525987
21408,San Vicente de Chucurí,2901,SAN,48,CO,adm2,,,6.88100000,-73.40977000,San Vicente de Chucurí,11265,America/Bogota,"{""br"":""San Vicente de Chucurí"",""ko"":""산 비센테 데 추쿠리"",""pt-BR"":""San Vicente de Chucurí"",""pt"":""San Vicente de Chucurí"",""nl"":""San Vicente de Chucurí"",""hr"":""San Vicente de Chucurí"",""fa"":""سن ویسنته د چوکوری"",""de"":""San Vicente de Chucurí"",""es"":""San Vicente de Chucurí"",""fr"":""San Vicente de Chucurí"",""ja"":""サン・ビセンテ・デ・チュクリ"",""it"":""San Vicente de Chucurí"",""zh-CN"":""圣维森特·德·丘库里"",""tr"":""San Vicente de Chucurí"",""ru"":""Сан-Висенте-де-Чукури"",""uk"":""Сан-Вісенте-де-Чукурі"",""pl"":""San Vicente de Chucurí"",""hi"":""सैन विसेंट डे चुकुरी"",""ar"":""سان فيسينتي دي تشوكوري""}",2019-10-06T09:39:55,2025-12-02T14:39:31,1,Q1256417
21409,San Zenón,2886,MAG,48,CO,city,,,9.32686000,-74.32914000,San Zenón,9107,America/Bogota,"{""br"":""San Zenón"",""ko"":""산 제논"",""pt-BR"":""São Zenão"",""pt"":""São Zenão"",""nl"":""San Zenón"",""hr"":""San Zenón"",""fa"":""سن زنون"",""de"":""San Zenón"",""es"":""San Zenón"",""fr"":""San Zenón"",""ja"":""サン・ゼノン"",""it"":""San Zenone"",""zh-CN"":""圣泽农"",""tr"":""San Zenon"",""ru"":""Сан-Зенон"",""uk"":""Сан-Зенон"",""pl"":""San Zenón"",""hi"":""सैन ज़ेनॉन"",""ar"":""سان زينون""}",2019-10-06T09:39:55,2025-12-02T17:11:50,1,Q1575348
21410,Sandoná,2897,NAR,48,CO,adm2,,,1.28626000,-77.46921000,Sandon,10401,America/Bogota,"{""br"":""Sandoná"",""ko"":""산도나"",""pt-BR"":""Sandoná"",""pt"":""Sandoná"",""nl"":""Sandoná"",""hr"":""Sandoná"",""fa"":""ساندونا"",""de"":""Sandoná"",""es"":""Sandoná"",""fr"":""Sandoná"",""ja"":""サンドナ"",""it"":""Sandoná"",""zh-CN"":""桑多纳"",""tr"":""Sandona"",""ru"":""Сандона"",""uk"":""Сандона"",""pl"":""Sandoná"",""hi"":""सैंडोना"",""ar"":""ساندونا""}",2019-10-06T09:39:55,2025-12-02T14:39:31,1,Q1441195
21411,Santa Ana,2886,MAG,48,CO,adm2,,,9.51484000,-74.34330000,Santa Ana,25938,America/Bogota,"{""br"":""Santa Ana"",""ko"":""산타 아나"",""pt-BR"":""Santa Ana"",""pt"":""Santa Ana"",""nl"":""Santa Ana"",""hr"":""Santa Ana"",""fa"":""سانتا آنا"",""de"":""Santa Ana"",""es"":""Santa Ana"",""fr"":""Santa Ana"",""ja"":""サンタアナ"",""it"":""Santa Ana"",""zh-CN"":""圣安娜"",""tr"":""Santa Ana"",""ru"":""Санта-Ана"",""uk"":""Санта-Ана"",""pl"":""Święta Ana"",""hi"":""सांता ऐना"",""ar"":""سانتا آنا""}",2019-10-06T09:39:55,2025-12-02T17:11:50,1,Q1441044
21412,Santa Bárbara,2901,SAN,48,CO,adm2,,,6.99022000,-72.90700000,Santa Bárbara,291,America/Bogota,"{""br"":""Santa Bárbara"",""ko"":""산타바바라"",""pt-BR"":""Santa Bárbara"",""pt"":""Santa Bárbara"",""nl"":""Santa Barbara"",""hr"":""Santa Bárbara"",""fa"":""سانتا باربارا"",""de"":""Santa Bárbara"",""es"":""Santa Bárbara"",""fr"":""Santa Barbara"",""ja"":""サンタバーバラ"",""it"":""Santa Barbara"",""zh-CN"":""圣巴巴拉"",""tr"":""Santa Barbara"",""ru"":""Санта-Барбара"",""uk"":""Санта-Барбара"",""pl"":""Święta Barbara"",""hi"":""सैंटा बारबरा"",""ar"":""سانتا باربرا""}",2019-10-06T09:39:55,2025-12-02T14:39:31,1,Q1828744
21413,Santa Bárbara,2897,NAR,48,CO,adm2,,,2.30185000,-77.91487000,Santa Bárbara,22030,America/Bogota,"{""br"":""Santa Bárbara"",""ko"":""산타바바라"",""pt-BR"":""Santa Bárbara"",""pt"":""Santa Bárbara"",""nl"":""Santa Barbara"",""hr"":""Santa Bárbara"",""fa"":""سانتا باربارا"",""de"":""Santa Bárbara"",""es"":""Santa Bárbara"",""fr"":""Santa Barbara"",""ja"":""サンタバーバラ"",""it"":""Santa Barbara"",""zh-CN"":""圣巴巴拉"",""tr"":""Santa Barbara"",""ru"":""Санта-Барбара"",""uk"":""Санта-Барбара"",""pl"":""Święta Barbara"",""hi"":""सैंटा बारबरा"",""ar"":""سانتا باربرا""}",2019-10-06T09:39:55,2025-12-02T17:11:50,1,Q1828744
21414,Santa Bárbara,2890,ANT,48,CO,adm2,,,5.88937000,-75.58255000,Santa Bárbara,22030,America/Bogota,"{""br"":""Santa Bárbara"",""ko"":""산타바바라"",""pt-BR"":""Santa Bárbara"",""pt"":""Santa Bárbara"",""nl"":""Santa Barbara"",""hr"":""Santa Bárbara"",""fa"":""سانتا باربارا"",""de"":""Santa Bárbara"",""es"":""Santa Bárbara"",""fr"":""Santa Barbara"",""ja"":""サンタバーバラ"",""it"":""Santa Barbara"",""zh-CN"":""圣巴巴拉"",""tr"":""Santa Barbara"",""ru"":""Санта-Барбара"",""uk"":""Санта-Барбара"",""pl"":""Święta Barbara"",""hi"":""सैंटा बारबरा"",""ar"":""سانتا باربرا""}",2019-10-06T09:39:55,2025-12-02T17:11:50,1,Q1441781
21415,Santa Bárbara de Pinto,2886,MAG,48,CO,adm2,,,9.52107000,-74.64912000,Santa Bárbara de Pinto,,America/Bogota,"{""br"":""Santa Barbara de Pinto"",""ko"":""산타 바바라 데 핀토"",""pt-BR"":""Santa Bárbara de Pinto"",""pt"":""Santa Bárbara de Pinto"",""nl"":""Santa Barbara de Pinto"",""hr"":""Santa Bárbara de Pinto"",""fa"":""سانتا باربارا د پینتو"",""de"":""Santa Bárbara de Pinto"",""es"":""Santa Bárbara de Pinto"",""fr"":""Santa Bárbara de Pinto"",""ja"":""サンタ・バルバラ・デ・ピント"",""it"":""Santa Barbara de Pinto"",""zh-CN"":""圣巴巴拉·德·平托"",""tr"":""Santa Bárbara de Pinto"",""ru"":""Санта-Барбара-де-Пинто"",""uk"":""Санта-Барбара-де-Пінто"",""pl"":""Santa Barbara de Pinto"",""hi"":""सांता बारबरा डी पिंटो"",""ar"":""سانتا باربرا دي بينتو""}",2019-10-06T09:39:55,2025-12-02T17:11:50,1,Q1441781
21416,Santa Catalina,2893,BOL,48,CO,adm2,,,10.60448000,-75.29555000,Santa Catalina,14039,America/Bogota,"{""br"":""Santa Catalina"",""ko"":""산타 카탈리나"",""pt-BR"":""Santa Catalina"",""pt"":""Santa Catalina"",""nl"":""Santa Catalina"",""hr"":""Santa Catalina"",""fa"":""سانتا کاتالینا"",""de"":""Santa Catalina"",""es"":""Santa Catalina"",""fr"":""Santa Catalina"",""ja"":""サンタカタリナ"",""it"":""Santa Catalina"",""zh-CN"":""圣卡塔利娜"",""tr"":""Santa Catalina"",""ru"":""Санта-Каталина"",""uk"":""Санта-Каталіна"",""pl"":""Święta Catalina"",""hi"":""सांता कैटालिना"",""ar"":""سانتا كاتالينا""}",2019-10-06T09:39:55,2025-12-02T14:38:56,1,Q1525304
21417,Santa Fe de Antioquia,2890,ANT,48,CO,adm2,,,6.55687000,-75.82806000,Santa Fe de Antioquia,26164,America/Bogota,"{""br"":""Santa Fe de Antioquia"",""ko"":""산타페 데 안티오키아"",""pt-BR"":""Santa Fé de Antioquia"",""pt"":""Santa Fé de Antioquia"",""nl"":""Santa Fe de Antioquia"",""hr"":""Santa Fe de Antioquia"",""fa"":""سانتافه د آنتیوکیا"",""de"":""Santa Fe de Antioquia"",""es"":""Santa Fe de Antioquia"",""fr"":""Santa Fe de Antioquia"",""ja"":""サンタフェ・デ・アンティオキア"",""it"":""Santa Fe de Antioquia"",""zh-CN"":""圣菲-德安蒂奥基亚"",""tr"":""Santa Fe de Antioquia"",""ru"":""Санта-Фе-де-Антьокия"",""uk"":""Санта-Фе-де-Антіокія"",""pl"":""Santa Fe de Antioquia"",""hi"":""सांता फ़े डे एंटिओक्विया"",""ar"":""سانتا في دي أنتيوكيا""}",2019-10-06T09:39:55,2025-12-02T14:38:56,1,Q927703
21418,Litoral del San Juan,2876,CHO,48,CO,adm2,,,4.25875000,-77.36516000,Litoral del San Juan,1448,America/Bogota,"{""br"":""Literal del San Juan"",""ko"":""리토랄 델 산 후안"",""pt-BR"":""Litoral de San Juan"",""pt"":""Litoral de San Juan"",""nl"":""Kust van San Juan"",""hr"":""Obala San Juana"",""fa"":""لیتورال دل سان خوان"",""de"":""Küste von San Juan"",""es"":""Litoral del San Juan"",""fr"":""Littoral de San Juan"",""ja"":""リトラル・デル・サン・ファン"",""it"":""Litoral del San Juan"",""zh-CN"":""圣胡安海岸"",""tr"":""San Juan Sahili"",""ru"":""Литораль-дель-Сан-Хуан"",""uk"":""Літораль-дель-Сан-Хуан"",""pl"":""Wybrzeże San Juan"",""hi"":""लिटोरल डेल सैन जुआन"",""ar"":""ليتورال ديل سان خوان""}",2019-10-06T04:09:55,2025-12-02T14:39:31,1,Q931811
21419,Santa Isabel,2883,TOL,48,CO,adm2,,,4.72626000,-75.22391000,Santa Isabel,6565,America/Bogota,"{""br"":""Tad-kozh Izabel"",""ko"":""산타 이사벨"",""pt-BR"":""Santa Isabel"",""pt"":""Santa Isabel"",""nl"":""Sint Isabel"",""hr"":""Santa Isabel"",""fa"":""سانتا ایزابل"",""de"":""Santa Isabel"",""es"":""Santa Isabel"",""fr"":""Santa Isabel"",""ja"":""サンタ・イザベル"",""it"":""Santa Isabel"",""zh-CN"":""圣伊莎贝尔"",""tr"":""Santa Isabel"",""ru"":""Санта-Исабель"",""uk"":""Санта-Ізабель"",""pl"":""Święta Izabela"",""hi"":""सांता इसाबेल"",""ar"":""سانتا إيزابيل""}",2019-10-06T09:39:55,2025-12-02T17:11:50,1,Q1574921
21420,Santa Lucía,2880,ATL,48,CO,adm2,,,10.32420000,-74.96017000,Santa Lucía,15760,America/Bogota,"{""br"":""Santa Lucía"",""ko"":""산타 루시아"",""pt-BR"":""Santa Lúcia"",""pt"":""Santa Lúcia"",""nl"":""Santa Lucia"",""hr"":""Santa Lucía"",""fa"":""سانتا لوسیا"",""de"":""Santa Lucía"",""es"":""Santa Lucía"",""fr"":""Sainte-Lucie"",""ja"":""サンタ・ルシア"",""it"":""Santa Lucia"",""zh-CN"":""圣卢西亚"",""tr"":""Santa Lucia"",""ru"":""Санта-Люсия"",""uk"":""Санта-Лусія"",""pl"":""Święta Lucía"",""hi"":""सांता लूसिया"",""ar"":""سانتا لوسيا""}",2019-10-06T09:39:55,2025-12-02T14:39:31,1,Q1867062
21421,Santa Marta,2886,MAG,48,CO,adm1,,,11.24348000,-74.20835000,Santa Marta,515556,America/Bogota,"{""br"":""Santa Marta"",""ko"":""산타 마르타"",""pt-BR"":""Santa Marta"",""pt"":""Santa Marta"",""nl"":""Santa Marta"",""hr"":""Santa Marta"",""fa"":""سانتا مارتا"",""de"":""Santa Marta"",""es"":""Santa Marta"",""fr"":""Santa Marta"",""ja"":""サンタマルタ"",""it"":""Santa Marta"",""zh-CN"":""圣玛尔塔"",""tr"":""Santa Marta"",""ru"":""Санта-Марта"",""uk"":""Санта-Марта"",""pl"":""Święta Marta"",""hi"":""सांता मार्टा"",""ar"":""سانتا مارتا""}",2019-10-06T09:39:55,2025-12-02T17:11:50,1,Q209016
21422,Santa María,2903,BOY,48,CO,adm2,,,4.82282000,-73.25373000,Santa María,2238,America/Bogota,"{""br"":""Santa María"",""ko"":""산타 마리아"",""pt-BR"":""Santa Maria"",""pt"":""Santa Maria"",""nl"":""Santa Maria"",""hr"":""Santa Maria"",""fa"":""سانتا ماریا"",""de"":""Santa María"",""es"":""Santa María"",""fr"":""Santa María"",""ja"":""サンタマリア"",""it"":""Santa Maria"",""zh-CN"":""圣玛丽亚"",""tr"":""Santa Maria"",""ru"":""Санта-Мария"",""uk"":""Санта-Марія"",""pl"":""Santa Maria"",""hi"":""सांता मारिया"",""ar"":""سانتا ماريا""}",2019-10-06T09:39:55,2025-12-02T14:39:31,1,Q209016
21423,Santa Rosa,2893,BOL,48,CO,adm2,,,10.47312000,-75.36160000,Santa Rosa,18375,America/Bogota,"{""br"":""Santa Roza"",""ko"":""산타로사"",""pt-BR"":""Santa Rosa"",""pt"":""Santa Rosa"",""nl"":""Santa Rosa"",""hr"":""Santa Rosa"",""fa"":""سانتا روزا"",""de"":""Santa Rosa"",""es"":""Santa Rosa"",""fr"":""Santa Rosa"",""ja"":""サンタローザ"",""it"":""Santa Rosa"",""zh-CN"":""圣罗莎"",""tr"":""Santa Rosa"",""ru"":""Санта-Роза"",""uk"":""Санта-Роза"",""pl"":""Santa Rosa"",""hi"":""सांता रोजा"",""ar"":""سانتا روزا""}",2019-10-06T09:39:55,2025-12-02T14:38:56,1,Q1526264
21424,Santa Rosa de Cabal,2879,RIS,48,CO,adm2,,,4.86806000,-75.62139000,Santa Rosa de Cabal,69960,America/Bogota,"{""br"":""Santa Rosa de Cabal"",""ko"":""산타 로사 데 카발"",""pt-BR"":""Santa Rosa de Cabal"",""pt"":""Santa Rosa de Cabal"",""nl"":""Santa Rosa de Cabal"",""hr"":""Santa Rosa de Cabal"",""fa"":""سانتا روزا د کابال"",""de"":""Santa Rosa de Cabal"",""es"":""Santa Rosa de Cabal"",""fr"":""Santa Rosa de Cabal"",""ja"":""サンタ・ロサ・デ・カバル"",""it"":""Santa Rosa de Cabal"",""zh-CN"":""圣罗莎·德卡瓦尔"",""tr"":""Santa Rosa de Cabal"",""ru"":""Санта-Роса-де-Кабаль"",""uk"":""Санта-Роза-де-Кабаль"",""pl"":""Santa Rosa de Cabal"",""hi"":""सांता रोजा डे काबाल"",""ar"":""سانتا روزا دي كابال""}",2019-10-06T09:39:55,2025-12-02T14:38:56,1,Q955068
21425,Santa Rosa de Osos,2890,ANT,48,CO,adm2,,,6.64738000,-75.46031000,Santa Rosa de Osos,31025,America/Bogota,"{""br"":""Santa Rosa de Osos"",""ko"":""산타 로사 데 오소스"",""pt-BR"":""Santa Rosa de Osos"",""pt"":""Santa Rosa de Osos"",""nl"":""Santa Rosa de Osos"",""hr"":""Santa Rosa de Osos"",""fa"":""سانتا روزا د اوسوس"",""de"":""Santa Rosa de Osos"",""es"":""Santa Rosa de Osos"",""fr"":""Santa Rosa de Osos"",""ja"":""サンタ・ロサ・デ・オソス"",""it"":""Santa Rosa de Osos"",""zh-CN"":""圣罗莎德奥索斯"",""tr"":""Santa Rosa de Osos"",""ru"":""Санта-Роса-де-Осос"",""uk"":""Санта-Роза-де-Осос"",""pl"":""Santa Rosa de Osos"",""hi"":""सांता रोजा डे ओसोस"",""ar"":""سانتا روزا دي أوسوس""}",2019-10-06T09:39:55,2025-12-02T14:38:56,1,Q2088093
21426,Santa Rosa de Viterbo,2903,BOY,48,CO,adm2,,,5.87401000,-72.98217000,Santa Rosa de Viterbo,13249,America/Bogota,"{""br"":""Santa Rosa de Viterbo"",""ko"":""산타 로사 데 비테르보"",""pt-BR"":""Santa Rosa de Viterbo"",""pt"":""Santa Rosa de Viterbo"",""nl"":""Santa Rosa de Viterbo"",""hr"":""Santa Rosa de Viterbo"",""fa"":""سانتا روزا د ویتربو"",""de"":""Santa Rosa de Viterbo"",""es"":""Santa Rosa de Viterbo"",""fr"":""Santa Rosa de Viterbo"",""ja"":""サンタ・ローザ・デ・ビテルボ"",""it"":""Santa Rosa de Viterbo"",""zh-CN"":""圣罗莎·德维泰博"",""tr"":""Santa Rosa de Viterbo"",""ru"":""Санта-Роза-де-Витербо"",""uk"":""Санта-Роза-де-Вітербо"",""pl"":""Santa Rosa de Viterbo"",""hi"":""सांता रोजा डे विटेर्बो"",""ar"":""سانتا روزا دي فيتربو""}",2019-10-06T09:39:55,2025-12-02T14:38:56,1,Q1526329
21427,Santa Rosa del Sur,2893,BOL,48,CO,adm2,,,7.96444000,-74.05444000,Santa Rosa del Sur,8904,America/Bogota,"{""br"":""Santa Roza del Sur"",""ko"":""산타 로사 델 수르"",""pt-BR"":""Santa Rosa del Sur"",""pt"":""Santa Rosa del Sur"",""nl"":""Santa Rosa del Sur"",""hr"":""Santa Rosa del Sur"",""fa"":""سانتا روزا دل سور"",""de"":""Santa Rosa del Sur"",""es"":""Santa Rosa del Sur"",""fr"":""Santa Rosa del Sur"",""ja"":""サンタ・ローザ・デル・スール"",""it"":""Santa Rosa del Sur"",""zh-CN"":""圣罗莎德尔苏尔"",""tr"":""Santa Rosa del Sur"",""ru"":""Санта-Роза-дель-Сур"",""uk"":""Санта-Роза-дель-Сур"",""pl"":""Santa Rosa del Sur"",""hi"":""सांता रोजा डेल सुर"",""ar"":""سانتا روزا ديل سور""}",2019-10-06T09:39:55,2025-12-02T14:39:31,1,Q1256676
21428,Santa Rosalia,2894,VID,48,CO,city,,,5.13356000,-70.86233000,Santa Rosalia,1363,America/Bogota,"{""br"":""Santa Rozalia"",""ko"":""산타 로살리아"",""pt-BR"":""Santa Rosália"",""pt"":""Santa Rosália"",""nl"":""Santa Rosalia"",""hr"":""Santa Rosalia"",""fa"":""سانتا روزالیا"",""de"":""Santa Rosalia"",""es"":""Santa Rosalía"",""fr"":""Sainte Rosalia"",""ja"":""サンタ・ロザリア"",""it"":""Santa Rosalia"",""zh-CN"":""圣罗莎莉亚"",""tr"":""Santa Rosalia"",""ru"":""Санта-Розалия"",""uk"":""Санта-Росалія"",""pl"":""Święta Rosalia"",""hi"":""सांता रोसालिया"",""ar"":""سانتا روزاليا""}",2019-10-06T09:39:56,2025-12-02T14:39:31,1,Q1655146
21430,Santa Sofía,2903,BOY,48,CO,adm2,,,5.70213000,-73.62976000,Santa Sofía,2704,America/Bogota,"{""br"":""Santa Sofía"",""ko"":""산타 소피아"",""pt-BR"":""Santa Sofia"",""pt"":""Santa Sofia"",""nl"":""Santa Sofia"",""hr"":""Sveta Sofija"",""fa"":""سانتا صوفیه"",""de"":""Santa Sofia"",""es"":""Santa Sofía"",""fr"":""Santa Sofia"",""ja"":""サンタ・ソフィア"",""it"":""Santa Sofia"",""zh-CN"":""圣索菲亚"",""tr"":""Santa Sofia"",""ru"":""Санта-София"",""uk"":""Санта-Софія"",""pl"":""Święta Sofia"",""hi"":""सांता सोफिया"",""ar"":""سانتا صوفيا""}",2019-10-06T09:39:56,2025-12-02T17:11:50,1,Q1654858
21431,Santacruz,2897,NAR,48,CO,city,,,1.52090000,-77.26206000,Santacruz,2469,America/Bogota,"{""br"":""Sant-Kruz"",""ko"":""산타크루즈"",""pt-BR"":""Santacruz"",""pt"":""Santacruz"",""nl"":""Santacruz"",""hr"":""Santacruz"",""fa"":""سانتاکروز"",""de"":""Santacruz"",""es"":""Santa Cruz"",""fr"":""Santacruz"",""ja"":""サンタクルーズ"",""it"":""Santacruz"",""zh-CN"":""圣克鲁斯"",""tr"":""Santacruz"",""ru"":""Сантакрус"",""uk"":""Сантакрус"",""pl"":""Santacruz"",""hi"":""सांताक्रूज"",""ar"":""سانتاكروز""}",2019-10-06T09:39:56,2025-12-02T14:39:31,1,Q23699352
21433,Santana,2903,BOY,48,CO,adm2,,,6.04464000,-73.51107000,Santana,7692,America/Bogota,"{""br"":""Santana"",""ko"":""산타나"",""pt-BR"":""Santana"",""pt"":""Santana"",""nl"":""Santana"",""hr"":""Santana"",""fa"":""سانتانا"",""de"":""Santana"",""es"":""Santana"",""fr"":""Santana"",""ja"":""サンタナ"",""it"":""Santana"",""zh-CN"":""桑塔纳"",""tr"":""Santana"",""ru"":""Сантана"",""uk"":""Сантана"",""pl"":""Santana"",""hi"":""सैन्टाना"",""ar"":""سانتانا""}",2019-10-06T09:39:56,2025-12-02T17:11:50,1,Q23730148
21434,Santander de Quilichao,2884,CAU,48,CO,adm2,,,3.00945000,-76.48494000,Santander de Quilichao,116535,America/Bogota,"{""br"":""Santander de Quilichao"",""ko"":""산탄데르 데 킬리차오"",""pt-BR"":""Santander de Quilichao"",""pt"":""Santander de Quilichao"",""nl"":""Santander de Quilichao"",""hr"":""Santander de Quilichão"",""fa"":""سانتاندر د کویلیچائو"",""de"":""Santander de Quilichao"",""es"":""Santander de Quilichao"",""fr"":""Santander de Quilichao"",""ja"":""サンタンデール・デ・キリチャオ"",""it"":""Santander de Quilichao"",""zh-CN"":""桑坦德·德·基利查奥"",""tr"":""Santander de Quilichao"",""ru"":""Сантандер де Киличао"",""uk"":""Сантандер-де-Кілішао"",""pl"":""Santander de Quilichao"",""hi"":""सैंटेंडर डी क्विलिचॉ"",""ar"":""سانتاندير دي كويليتشاو""}",2019-10-06T09:39:56,2025-12-02T14:38:56,1,Q1093175
21435,Santiago,2896,PUT,48,CO,adm2,,,1.14844000,-77.00450000,Santiago,6836,America/Bogota,"{""br"":""Santiago"",""ko"":""산티아고"",""pt-BR"":""Santiago"",""pt"":""Santiago"",""nl"":""Santiago"",""hr"":""Santiago"",""fa"":""سانتیاگو"",""de"":""Santiago"",""es"":""Santiago"",""fr"":""Santiago"",""ja"":""サンティアゴ"",""it"":""Santiago"",""zh-CN"":""圣地亚哥"",""tr"":""Santiago"",""ru"":""Сантьяго"",""uk"":""Сантьяго"",""pl"":""Santiago"",""hi"":""सेंटियागो"",""ar"":""سانتياغو""}",2019-10-06T09:39:56,2025-12-02T14:39:31,1,Q1577803
21436,Santiago,2877,NSA,48,CO,adm2,,,7.86930000,-72.73753000,Santiago,2679,America/Bogota,"{""br"":""Santiago"",""ko"":""산티아고"",""pt-BR"":""Santiago"",""pt"":""Santiago"",""nl"":""Santiago"",""hr"":""Santiago"",""fa"":""سانتیاگو"",""de"":""Santiago"",""es"":""Santiago"",""fr"":""Santiago"",""ja"":""サンティアゴ"",""it"":""Santiago"",""zh-CN"":""圣地亚哥"",""tr"":""Santiago"",""ru"":""Сантьяго"",""uk"":""Сантьяго"",""pl"":""Santiago"",""hi"":""सेंटियागो"",""ar"":""سانتياغو""}",2019-10-06T09:39:56,2025-12-02T17:11:50,1,Q2078735
21438,Santiago de Tolú,2902,SUC,48,CO,adm2,,,9.52392000,-75.58139000,Santiago de Tolú,27390,America/Bogota,"{""br"":""Santiago de Tolú"",""ko"":""산티아고 데 톨루"",""pt-BR"":""Santiago de Tolú"",""pt"":""Santiago de Tolú"",""nl"":""Santiago de Tolú"",""hr"":""Santiago de Tolú"",""fa"":""سانتیاگو د تولو"",""de"":""Santiago de Tolú"",""es"":""Santiago de Tolú"",""fr"":""Santiago de Tolú"",""ja"":""サンティアゴ・デ・トル"",""it"":""Santiago de Tolú"",""zh-CN"":""圣地亚哥·德托卢"",""tr"":""Santiago de Tolú"",""ru"":""Сантьяго-де-Толу"",""uk"":""Сантьяго-де-Толу"",""pl"":""Santiago de Tolú"",""hi"":""सैंटियागो डे टोलू"",""ar"":""سانتياغو دي تولو""}",2019-10-06T09:39:56,2025-12-02T14:39:31,1,Q601893
21439,Santo Domingo,2890,ANT,48,CO,city,,,6.47282000,-75.16547000,Santo Domingo,10759,America/Bogota,"{""br"":""Santo Domingo"",""ko"":""산토도밍고"",""pt-BR"":""Santo Domingo"",""pt"":""Santo Domingo"",""nl"":""Santo Domingo"",""hr"":""Santo Domingo"",""fa"":""سانتو دومینگو"",""de"":""Santo Domingo"",""es"":""Santo Domingo"",""fr"":""Saint-Domingue"",""ja"":""サントドミンゴ"",""it"":""Santo Domingo"",""zh-CN"":""圣多明各"",""tr"":""Santo Domingo"",""ru"":""Санто-Доминго"",""uk"":""Санто-Домінго"",""pl"":""Santo Domingo"",""hi"":""सैंटो डोमिंगो"",""ar"":""سانتو دومينغو""}",2019-10-06T09:39:56,2025-12-02T14:38:56,1,Q1578783
21440,Santo Tomás,2880,ATL,48,CO,adm2,,,10.75773000,-74.75451000,Santo Tomás,23188,America/Bogota,"{""br"":""Sant Tomas"",""ko"":""산토 토마스"",""pt-BR"":""Santo Tomás"",""pt"":""Santo Tomás"",""nl"":""Santo Tomás"",""hr"":""Santo Tomás"",""fa"":""سانتو توماس"",""de"":""Santo Tomás"",""es"":""Santo Tomás"",""fr"":""Santo Tomás"",""ja"":""サント・トマス"",""it"":""Santo Tomás"",""zh-CN"":""圣托马斯"",""tr"":""Santo Tomás"",""ru"":""Санто-Томас"",""uk"":""Санто-Томас"",""pl"":""Święty Tomás"",""hi"":""सैंटो टॉमस"",""ar"":""سانتو توماس""}",2019-10-06T09:39:56,2025-12-02T14:38:56,1,Q23682533
21441,El Santuario,2890,ANT,48,CO,adm2,,,6.13833000,-75.26417000,El Santuario,17722,America/Bogota,"{""br"":""El Santuario"",""ko"":""엘 산투아리오"",""pt-BR"":""O Santuário"",""pt"":""O Santuário"",""nl"":""Het Heiligdom"",""hr"":""El Santuario"",""fa"":""ال سانتواریو"",""de"":""El Santuario"",""es"":""El Santuario"",""fr"":""Le Sanctuaire"",""ja"":""エル・サントゥアリオ"",""it"":""El Santuario"",""zh-CN"":""埃尔桑图阿里奥"",""tr"":""El Santuario"",""ru"":""Эль Сантуарио"",""uk"":""Ель-Сантуаріо"",""pl"":""Sanktuarium"",""hi"":""एल सैंटुआरियो"",""ar"":""إل سانتواريو""}",2019-10-06T09:39:56,2025-12-02T14:38:56,1,Q1440830
21442,Santuario,2879,RIS,48,CO,adm2,,,5.05321000,-75.99060000,Santuario,11787,America/Bogota,"{""br"":""Santuario"",""ko"":""산투아리오"",""pt-BR"":""Santuário"",""pt"":""Santuário"",""nl"":""Heiligdom"",""hr"":""Svetište"",""fa"":""سانتواریو"",""de"":""Heiligtum"",""es"":""Santuario"",""fr"":""Sanctuaire"",""ja"":""サントゥアリオ"",""it"":""Santuario"",""zh-CN"":""圣所"",""tr"":""Santuario"",""ru"":""Сантуарио"",""uk"":""Сантуаріо"",""pl"":""Sanktuarium"",""hi"":""सैंटुआरियो"",""ar"":""سانتواريو""}",2019-10-06T09:39:56,2025-12-02T17:11:50,1,Q1526270
21443,Sapuyes,2897,NAR,48,CO,adm2,,,1.03728000,-77.62094000,Sapuyes,2628,America/Bogota,"{""br"":""Sapuyes"",""ko"":""사푸예스"",""pt-BR"":""Sapuyes"",""pt"":""Sapuyes"",""nl"":""Sapuyes"",""hr"":""Sapuyes"",""fa"":""ساپویس"",""de"":""Sapuyes"",""es"":""Sapuyes"",""fr"":""Sapuyes"",""ja"":""サプイェス"",""it"":""Sapuyes"",""zh-CN"":""萨普耶斯"",""tr"":""Sapuyes"",""ru"":""Сапуйес"",""uk"":""Сапуєс"",""pl"":""Sapuyes"",""hi"":""सपुयेस"",""ar"":""سابويس""}",2019-10-06T09:39:56,2025-12-02T14:39:31,1,Q1577815
21444,Saravena,2881,ARA,48,CO,adm2,,,6.96319000,-71.88230000,Saravena,0,America/Bogota,"{""br"":""Saravena"",""ko"":""사라베나"",""pt-BR"":""Saravena"",""pt"":""Saravena"",""nl"":""Saravena"",""hr"":""Saravena"",""fa"":""ساراونا"",""de"":""Saravena"",""es"":""Saravena"",""fr"":""Saravena"",""ja"":""サラベナ"",""it"":""Saravena"",""zh-CN"":""萨拉维纳"",""tr"":""Saravena"",""ru"":""Саравена"",""uk"":""Саравена"",""pl"":""Saravena"",""hi"":""सारावीना"",""ar"":""سارافينا""}",2019-10-06T09:39:56,2025-12-02T14:39:31,1,Q940904
21445,Sardinata,2877,NSA,48,CO,adm2,,,8.08289000,-72.80071000,Sardinata,7872,America/Bogota,"{""br"":""Sardinata"",""ko"":""사르디나타"",""pt-BR"":""Sardinata"",""pt"":""Sardinata"",""nl"":""Sardinata"",""hr"":""Sardinata"",""fa"":""ساردیناتا"",""de"":""Sardinata"",""es"":""Sardinata"",""fr"":""Sardinata"",""ja"":""イワシ"",""it"":""Sardinata"",""zh-CN"":""沙丁鱼"",""tr"":""Sardinata"",""ru"":""Сардината"",""uk"":""Сардіната"",""pl"":""Sardinata"",""hi"":""सार्डिनाटा"",""ar"":""سارديناتا""}",2019-10-06T09:39:56,2025-12-02T14:39:31,1,Q629630
21446,Sasaima,2875,CUN,48,CO,city,,,4.96705000,-74.43512000,Sasaima,9807,America/Bogota,"{""br"":""Sasaima"",""ko"":""사사이마"",""pt-BR"":""Sasaima"",""pt"":""Sasaima"",""nl"":""Sasaima"",""hr"":""Sasaima"",""fa"":""ساسایما"",""de"":""Sasaima"",""es"":""sasaima"",""fr"":""Sasaïma"",""ja"":""佐々いま"",""it"":""Sasaima"",""zh-CN"":""笹马"",""tr"":""Sasaima"",""ru"":""Сасайма"",""uk"":""Сасайма"",""pl"":""Sasaima"",""hi"":""ससैमा"",""ar"":""ساسيمة""}",2019-10-06T09:39:56,2025-12-02T14:38:56,1,Q1575923
21447,Sativanorte,2903,BOY,48,CO,adm2,,,6.13156000,-72.70895000,Sativanorte,792,America/Bogota,"{""br"":""Sativanorte"",""ko"":""사티바노르테"",""pt-BR"":""Sativanorte"",""pt"":""Sativanorte"",""nl"":""Sativanorte"",""hr"":""Sativanorte"",""fa"":""ساتیوانورته"",""de"":""Sativansorten"",""es"":""Sativanorte"",""fr"":""Sativanorte"",""ja"":""サティヴァノルテ"",""it"":""Sativanorte"",""zh-CN"":""萨蒂瓦诺特"",""tr"":""Sativanorte"",""ru"":""Сативанорте"",""uk"":""Сатіванорте"",""pl"":""Sativanorte"",""hi"":""सतीवानोर्टे"",""ar"":""ساتيفانورتي""}",2019-10-06T09:39:56,2025-12-02T14:39:31,1,Q1654912
21448,Sativasur,2903,BOY,48,CO,adm2,,,6.08959000,-72.72432000,Sativasur,579,America/Bogota,"{""br"":""Sativasur"",""ko"":""사티바수르"",""pt-BR"":""Sativasur"",""pt"":""Sativasur"",""nl"":""Sativasur"",""hr"":""Sativasur"",""fa"":""ساتیواسور"",""de"":""Sativasur"",""es"":""Sativasur"",""fr"":""Sativasur"",""ja"":""サティヴァスール"",""it"":""Sativasur"",""zh-CN"":""萨蒂瓦苏尔"",""tr"":""Sativasur"",""ru"":""Сативасур"",""uk"":""Сатівасур"",""pl"":""Sativasur"",""hi"":""सतीवासुर"",""ar"":""ساتيفاسور""}",2019-10-06T09:39:56,2025-12-02T14:39:31,1,Q1656373
21449,Segovia,2890,ANT,48,CO,adm2,,,7.28132000,-74.64273000,Segovia,41000,America/Bogota,"{""br"":""Segovia"",""ko"":""세고비아"",""pt-BR"":""Segóvia"",""pt"":""Segóvia"",""nl"":""Segovia"",""hr"":""Segovia"",""fa"":""سگویا"",""de"":""Segovia"",""es"":""Segovia"",""fr"":""Ségovie"",""ja"":""セゴビア"",""it"":""Segovia"",""zh-CN"":""塞戈维亚"",""tr"":""Segovia"",""ru"":""Сеговия"",""uk"":""Сеговія"",""pl"":""Segowia"",""hi"":""सेगोविया"",""ar"":""سيغوفيا""}",2019-10-06T09:39:56,2025-12-02T17:11:50,1,Q2274555
21450,Sesquilé,2875,CUN,48,CO,adm2,,,5.04463000,-73.79724000,Sesquile,1876,America/Bogota,"{""br"":""Sesquilé"",""ko"":""세스킬레"",""pt-BR"":""Sesquilé"",""pt"":""Sesquilé"",""nl"":""Sesquilé"",""hr"":""Sesquilé"",""fa"":""سسکیل"",""de"":""Sesquilé"",""es"":""Sesquilé"",""fr"":""Sesquilé"",""ja"":""セスキレ"",""it"":""Sesquilé"",""zh-CN"":""塞斯基莱"",""tr"":""Sesquilé"",""ru"":""Сескиле"",""uk"":""Сесквіле"",""pl"":""Sesquilé"",""hi"":""सेस्क्विले"",""ar"":""سيسكويلي""}",2019-10-06T09:39:56,2025-12-02T14:39:31,1,Q1576281
21451,Sevilla,2904,VAC,48,CO,adm2,,,4.19345000,-75.88829000,Sevilla,43738,America/Bogota,"{""br"":""Sevilla"",""ko"":""세비야"",""pt-BR"":""Sevilha"",""pt"":""Sevilha"",""nl"":""Sevilla"",""hr"":""Sevilla"",""fa"":""سویا"",""de"":""Sevilla"",""es"":""Sevilla"",""fr"":""Séville"",""ja"":""セビリア"",""it"":""Siviglia"",""zh-CN"":""塞维利亚"",""tr"":""Sevilla"",""ru"":""Севилья"",""uk"":""Севілья"",""pl"":""Sewilla"",""hi"":""सेविला"",""ar"":""إشبيلية""}",2019-10-06T09:39:56,2025-12-02T17:11:50,1,Q23682643
21452,Siachoque,2903,BOY,48,CO,adm2,,,5.51238000,-73.24436000,Siachoque,1375,America/Bogota,"{""br"":""Siachoque"",""ko"":""시아초크"",""pt-BR"":""Siachoque"",""pt"":""Siachoque"",""nl"":""Siachoque"",""hr"":""Siachoque"",""fa"":""سیاچوکه"",""de"":""Siachoque"",""es"":""Siachoque"",""fr"":""Siachoque"",""ja"":""シアチョケ"",""it"":""Siachoque"",""zh-CN"":""锡亚乔克"",""tr"":""Siachoque"",""ru"":""Сиачоке"",""uk"":""Сіачоке"",""pl"":""Siachoque"",""hi"":""सियाचोके"",""ar"":""سياشوك""}",2019-10-06T09:39:56,2025-12-02T14:39:31,1,Q1576379
21453,Sibaté,2875,CUN,48,CO,adm2,,,4.49154000,-74.25957000,Sibaté,23208,America/Bogota,"{""br"":""Sibaté"",""ko"":""시바테"",""pt-BR"":""Sibaté"",""pt"":""Sibaté"",""nl"":""Sibaté"",""hr"":""Sibaté"",""fa"":""سیباته"",""de"":""Sibaté"",""es"":""Sibaté"",""fr"":""Sibaté"",""ja"":""シバテ"",""it"":""Sibaté"",""zh-CN"":""西巴特"",""tr"":""Sibaté"",""ru"":""Сибате"",""uk"":""Сібате"",""pl"":""Sibaté"",""hi"":""सिबाटे"",""ar"":""سيباتي""}",2019-10-06T09:39:56,2025-12-02T14:39:31,1,Q1391630
21454,Sibundoy,2896,PUT,48,CO,city,,,1.20296000,-76.92275000,Sibundoy,9458,America/Bogota,"{""br"":""Sibundoy"",""ko"":""시분도이"",""pt-BR"":""Sibundoy"",""pt"":""Sibundoy"",""nl"":""Sibundoy"",""hr"":""Sibundoy"",""fa"":""سیبوندوی"",""de"":""Sibundoy"",""es"":""Sibundoy"",""fr"":""Sibundoy"",""ja"":""シブンドイ"",""it"":""Sibundoy"",""zh-CN"":""西本多伊"",""tr"":""Sibundoy"",""ru"":""Сибундой"",""uk"":""Сібундой"",""pl"":""Sibundoy"",""hi"":""सिबुंडॉय"",""ar"":""سيبوندوي""}",2019-10-06T09:39:56,2025-12-02T14:39:31,1,Q368507
21455,Silos,2877,NSA,48,CO,adm2,,,7.20524000,-72.75639000,Silos,1300,America/Bogota,"{""br"":""Siloù"",""ko"":""사일로"",""pt-BR"":""Silos"",""pt"":""Silos"",""nl"":""Silo's"",""hr"":""Silosi"",""fa"":""سیلوها"",""de"":""Silos"",""es"":""Silos"",""fr"":""Silos"",""ja"":""サイロ"",""it"":""Silos"",""zh-CN"":""筒仓"",""tr"":""Silolar"",""ru"":""Силосы"",""uk"":""Силоси"",""pl"":""Silos"",""hi"":""साइलो"",""ar"":""الصوامع""}",2019-10-06T09:39:56,2025-12-02T14:38:56,1,Q1655140
21456,Silvania,2875,CUN,48,CO,adm2,,,4.40367000,-74.38670000,Silvania,22020,America/Bogota,"{""br"":""Silvania"",""ko"":""실바니아"",""pt-BR"":""Silvânia"",""pt"":""Silvânia"",""nl"":""Silvania"",""hr"":""Silvanija"",""fa"":""سیلوانیا"",""de"":""Silvania"",""es"":""Silvania"",""fr"":""Silvanie"",""ja"":""シルヴァニア"",""it"":""Silvania"",""zh-CN"":""西尔瓦尼亚"",""tr"":""Silvania"",""ru"":""Сильвания"",""uk"":""Сільванія"",""pl"":""Silvania"",""hi"":""सिल्वेनिया"",""ar"":""سيلفانيا""}",2019-10-06T09:39:56,2025-12-02T14:38:56,1,Q1441993
21457,Silvia,2884,CAU,48,CO,adm2,,,2.61557000,-76.38261000,Silvia,7474,America/Bogota,"{""br"":""Silvia"",""ko"":""실비아"",""pt-BR"":""Sílvia"",""pt"":""Sílvia"",""nl"":""Silvia"",""hr"":""Silvija"",""fa"":""سیلویا"",""de"":""Silvia"",""es"":""Silvia"",""fr"":""Silvia"",""ja"":""シルビア"",""it"":""Silvia"",""zh-CN"":""西尔维娅"",""tr"":""Silvia"",""ru"":""Сильвия"",""uk"":""Сільвія"",""pl"":""Sylwia"",""hi"":""सिल्विया"",""ar"":""سيلفيا""}",2019-10-06T09:39:56,2025-12-02T14:39:31,1,Q2418703
21458,Simacota,2901,SAN,48,CO,adm2,,,6.44290000,-73.33688000,Simacota,2156,America/Bogota,"{""br"":""Simacota"",""ko"":""시마코타"",""pt-BR"":""Simacota"",""pt"":""Simacota"",""nl"":""Simacota"",""hr"":""Simacota"",""fa"":""سیماکوتا"",""de"":""Simacota"",""es"":""Simacota"",""fr"":""Simacota"",""ja"":""シマコタ"",""it"":""Simacota"",""zh-CN"":""西马科塔"",""tr"":""Simacota"",""ru"":""Симакота"",""uk"":""Сімакота"",""pl"":""Simacota"",""hi"":""सिमाकोटा"",""ar"":""سيماكوتا""}",2019-10-06T09:39:56,2025-12-02T14:39:31,1,Q1578171
21459,Simijaca,2875,CUN,48,CO,adm2,,,5.50415000,-73.86944000,Simiático,475,America/Bogota,"{""br"":""Simijaca"",""ko"":""시미이자카"",""pt-BR"":""Simijaca"",""pt"":""Simijaca"",""nl"":""Simijaca"",""hr"":""Simijaca"",""fa"":""سیمیجاکا"",""de"":""Simijaca"",""es"":""Simijaca"",""fr"":""Simijaca"",""ja"":""シミハカ"",""it"":""Simijaca"",""zh-CN"":""西米哈卡"",""tr"":""Simijaca"",""ru"":""Симихака"",""uk"":""Сіміяца"",""pl"":""Simijaca"",""hi"":""सिमिजाका"",""ar"":""سيميجاكا""}",2019-10-06T09:39:56,2025-12-02T14:39:31,1,Q1576943
21460,Simití,2893,BOL,48,CO,adm2,,,7.81632000,-73.97922000,Simití,20271,America/Bogota,"{""br"":""Heñvel"",""ko"":""시미티"",""pt-BR"":""Simití"",""pt"":""Simití"",""nl"":""Simití"",""hr"":""Simiti"",""fa"":""سیمیتی"",""de"":""Simití"",""es"":""Simití"",""fr"":""Simití"",""ja"":""シミティ"",""it"":""Simití"",""zh-CN"":""西米蒂"",""tr"":""Simit"",""ru"":""Симити"",""uk"":""Сіміті"",""pl"":""Simití"",""hi"":""सिमिति"",""ar"":""سيميتي""}",2019-10-06T09:39:56,2025-12-02T17:11:50,1,Q1525774
21461,Sincelejo,2902,SUC,48,CO,adm1,,,9.30472000,-75.39778000,Sincelejo,286716,America/Bogota,"{""br"":""Sincelejo"",""ko"":""신셀레호"",""pt-BR"":""Sincelejo"",""pt"":""Sincelejo"",""nl"":""Sincelejo"",""hr"":""Sincelejo"",""fa"":""سینسلخو"",""de"":""Sincelejo"",""es"":""Sincelejo"",""fr"":""Sincelejo"",""ja"":""シンセレホ"",""it"":""Sincelejo"",""zh-CN"":""辛塞莱霍"",""tr"":""Sincelejo"",""ru"":""Синселехо"",""uk"":""Сінселехо"",""pl"":""Sincelejo"",""hi"":""सिंचेलेजो"",""ar"":""سينسيليجو""}",2019-10-06T09:39:56,2025-12-02T14:38:56,1,Q1043513
21462,Sipí,2876,CHO,48,CO,adm2,,,4.65374000,-76.64442000,Azúcar,408,America/Bogota,"{""br"":""Sipí"",""ko"":""시피"",""pt-BR"":""Sipí"",""pt"":""Sipí"",""nl"":""Sipí"",""hr"":""Sipí"",""fa"":""سیپی"",""de"":""Sipí"",""es"":""Sipí"",""fr"":""Sipi"",""ja"":""シピ"",""it"":""Sipí"",""zh-CN"":""西皮"",""tr"":""Sipí"",""ru"":""Сипи"",""uk"":""Сіпі"",""pl"":""Sipí"",""hi"":""सिपी"",""ar"":""سيبي""}",2019-10-06T09:39:56,2025-12-02T14:38:56,1,Q1656061
21463,Sitionuevo,2886,MAG,48,CO,adm2,,,10.77737000,-74.72049000,Sitionuevo,31706,America/Bogota,"{""br"":""Stad"",""ko"":""시티우에보"",""pt-BR"":""Sitionuevo"",""pt"":""Sitionuevo"",""nl"":""Sitionuevo"",""hr"":""Sitionuevo"",""fa"":""سیتونوو"",""de"":""Sitionuevo"",""es"":""Sitio nuevo"",""fr"":""Situation"",""ja"":""シティオヌエボ"",""it"":""Sitionuevo"",""zh-CN"":""西蒂翁埃沃"",""tr"":""Durum"",""ru"":""Ситионуево"",""uk"":""Сітіонуєво"",""pl"":""Sytuacjewo"",""hi"":""सिटियुनुएवो"",""ar"":""سيتيونيفو""}",2019-10-06T09:39:56,2025-12-02T14:38:56,1,Q1441228
21464,Soacha,2875,CUN,48,CO,adm2,,,4.57937000,-74.21682000,Soacha,782647,America/Bogota,"{""br"":""Soacha"",""ko"":""소아차"",""pt-BR"":""Soacha"",""pt"":""Soacha"",""nl"":""Soacha"",""hr"":""Soacha"",""fa"":""سوچا"",""de"":""Soacha"",""es"":""Soacha"",""fr"":""Soacha"",""ja"":""ソアチャ"",""it"":""Soacha"",""zh-CN"":""索阿查"",""tr"":""Soacha"",""ru"":""Соача"",""uk"":""Соача"",""pl"":""Soacha"",""hi"":""सोआचा"",""ar"":""سواتشا""}",2019-10-06T09:39:56,2025-12-02T14:38:56,1,Q1011151
21465,Soatá,2903,BOY,48,CO,adm2,,,6.29966000,-72.72422000,Soatá,7255,America/Bogota,"{""br"":""Soatá"",""ko"":""소아타"",""pt-BR"":""Soatá"",""pt"":""Soatá"",""nl"":""Soatá"",""hr"":""Soatá"",""fa"":""سواتا"",""de"":""Soatá"",""es"":""Soatá"",""fr"":""Soata"",""ja"":""ソアタ"",""it"":""Soatá"",""zh-CN"":""索阿塔"",""tr"":""Soatá"",""ru"":""Соата"",""uk"":""Соата"",""pl"":""Soatá"",""hi"":""सोआटा"",""ar"":""سواتا""}",2019-10-06T09:39:56,2025-12-02T17:11:50,1,Q1577643
21466,Socha,2903,BOY,48,CO,city,,,5.92926000,-72.70072000,Estatua,3353,America/Bogota,"{""br"":""Socha"",""ko"":""소차"",""pt-BR"":""Socha"",""pt"":""Socha"",""nl"":""Socha"",""hr"":""Socha"",""fa"":""سوشا"",""de"":""Socha"",""es"":""Socha"",""fr"":""Socha"",""ja"":""ソチャ"",""it"":""Socha"",""zh-CN"":""索查"",""tr"":""Soça"",""ru"":""Соча"",""uk"":""Соча"",""pl"":""Socha"",""hi"":""सोचा"",""ar"":""سوتشا""}",2019-10-06T09:39:56,2025-12-02T14:39:31,1,Q1574712
21468,Socorro,2901,SAN,48,CO,adm2,,,6.45647000,-73.25502000,Socorro,29997,America/Bogota,"{""br"":""Socorro"",""ko"":""소코로"",""pt-BR"":""Socorro"",""pt"":""Socorro"",""nl"":""Socorro"",""hr"":""Socorro"",""fa"":""سوکورو"",""de"":""Socorro"",""es"":""Socorro"",""fr"":""Socorro"",""ja"":""ソコロ"",""it"":""Soccorso"",""zh-CN"":""索科罗"",""tr"":""Socorro"",""ru"":""Сокорро"",""uk"":""Сокорро"",""pl"":""Socorro"",""hi"":""सोकोरो"",""ar"":""سوكورو""}",2019-10-06T09:39:56,2025-12-02T14:38:56,1,Q979980
21469,Socotá,2903,BOY,48,CO,adm2,,,6.04028000,-72.63509000,Sociedad,2193,America/Bogota,"{""br"":""Socotá"",""ko"":""소코타"",""pt-BR"":""Socotá"",""pt"":""Socotá"",""nl"":""Socotá"",""hr"":""Socotá"",""fa"":""سوکوتا"",""de"":""Socotá"",""es"":""Socotá"",""fr"":""Socotá"",""ja"":""ソコタ"",""it"":""Socotà"",""zh-CN"":""索科塔"",""tr"":""Socotá"",""ru"":""Сокота"",""uk"":""Сокота"",""pl"":""Socotá"",""hi"":""सोकोटा"",""ar"":""سوكوتا""}",2019-10-06T09:39:56,2025-12-02T14:39:31,1,Q1576416
21470,Sogamoso,2903,BOY,48,CO,adm2,,,5.71434000,-72.93391000,Sogamoso,139021,America/Bogota,"{""br"":""Sogamoso"",""ko"":""소가모소"",""pt-BR"":""Sogamoso"",""pt"":""Sogamoso"",""nl"":""Sogamoso"",""hr"":""Sogamoso"",""fa"":""سوگاموسو"",""de"":""Sogamoso"",""es"":""Sogamoso"",""fr"":""Sogamoso"",""ja"":""ソガモソ"",""it"":""Sogamoso"",""zh-CN"":""索加莫索"",""tr"":""Sogamoso"",""ru"":""Согамосо"",""uk"":""Согамосо"",""pl"":""Sogamoso"",""hi"":""सोगामोसो"",""ar"":""سوغاموسو""}",2019-10-06T09:39:56,2025-12-02T14:38:56,1,Q989996
21471,Solano,2891,CAQ,48,CO,city,,,0.22842000,-73.27597000,Solano,19427,America/Bogota,"{""br"":""Solano"",""ko"":""솔라노"",""pt-BR"":""Solano"",""pt"":""Solano"",""nl"":""Solano"",""hr"":""Solano"",""fa"":""سولانو"",""de"":""Solano"",""es"":""Solano"",""fr"":""Solano"",""ja"":""ソラノ"",""it"":""Solano"",""zh-CN"":""索拉诺"",""tr"":""Solano"",""ru"":""Солано"",""uk"":""Солано"",""pl"":""Solano"",""hi"":""सोलानो"",""ar"":""سولانو""}",2019-10-06T09:39:56,2025-12-02T16:59:27,1,Q23730125
21472,Soledad,2880,ATL,48,CO,adm2,,,10.89986000,-74.78787000,Soledad,676014,America/Bogota,"{""br"":""Soledad"",""ko"":""솔레다드"",""pt-BR"":""Solidão"",""pt"":""Solidão"",""nl"":""Eenzaam"",""hr"":""Soledad"",""fa"":""سولداد"",""de"":""Soledad"",""es"":""Soledad"",""fr"":""Solitude"",""ja"":""ソレダッド"",""it"":""Soledad"",""zh-CN"":""索莱达"",""tr"":""Soledad"",""ru"":""Соледад"",""uk"":""Соледад"",""pl"":""Soledad"",""hi"":""Soledad"",""ar"":""سوليداد""}",2019-10-06T09:39:56,2025-12-02T17:11:50,1,Q767071
21473,Somondoco,2903,BOY,48,CO,adm2,,,4.98495000,-73.43238000,Somondoco,1029,America/Bogota,"{""br"":""Somondoco"",""ko"":""소모도코"",""pt-BR"":""Somondoco"",""pt"":""Somondoco"",""nl"":""Somondoco"",""hr"":""Somondoco"",""fa"":""سوموندوکو"",""de"":""Somondoco"",""es"":""Somondoco"",""fr"":""Somondoco"",""ja"":""ソモンドコ"",""it"":""Somondoco"",""zh-CN"":""索蒙多科"",""tr"":""Somondoco"",""ru"":""Сомондоко"",""uk"":""Сомондоко"",""pl"":""Somondoco"",""hi"":""सोमोंडोको"",""ar"":""سوموندوكو""}",2019-10-06T09:39:56,2025-12-02T14:39:31,1,Q1654735
21474,Sonson,2890,ANT,48,CO,adm2,,,5.75000000,-75.00000000,Nieto,36445,America/Bogota,"{""br"":""Mab"",""ko"":""손슨"",""pt-BR"":""Filho"",""pt"":""Filho"",""nl"":""Zoon"",""hr"":""Sonson"",""fa"":""سونسون"",""de"":""Sonson"",""es"":""Sonsón"",""fr"":""Fils"",""ja"":""ソンソン"",""it"":""Sonson"",""zh-CN"":""松森"",""tr"":""Sonson"",""ru"":""Сонсон"",""uk"":""Сонсон"",""pl"":""Sonson"",""hi"":""बेटा"",""ar"":""سونسون""}",2019-10-06T09:39:56,2025-12-02T17:11:50,1,Q1654735
21476,Sopetrán,2890,ANT,48,CO,adm2,,,6.52271000,-75.74608000,Sopetrán,0,America/Bogota,"{""br"":""Sopetrán"",""ko"":""소페트란"",""pt-BR"":""Sopetrán"",""pt"":""Sopetrán"",""nl"":""Sopetrán"",""hr"":""Sopetrán"",""fa"":""سوپران"",""de"":""Sopetrán"",""es"":""Sopetrán"",""fr"":""Sopetran"",""ja"":""ソペトラン"",""it"":""Sopetrán"",""zh-CN"":""索佩特兰"",""tr"":""Sopetrán"",""ru"":""Сопетран"",""uk"":""Сопетран"",""pl"":""Sopetrán"",""hi"":""सोपेट्रान"",""ar"":""سوبيتران""}",2019-10-06T09:39:56,2025-12-02T14:39:31,1,Q649293
21477,Soplaviento,2893,BOL,48,CO,adm2,,,10.33176000,-75.11853000,Soplaviento,8281,America/Bogota,"{""br"":""Soplaviento"",""ko"":""소플라비엔토"",""pt-BR"":""Soplaviento"",""pt"":""Soplaviento"",""nl"":""Soplaviento"",""hr"":""Soplaviento"",""fa"":""سوپلاوینتو"",""de"":""Soplaviento"",""es"":""Soplaviento"",""fr"":""Soplaviento"",""ja"":""ソプラヴィエント"",""it"":""Soplaviento"",""zh-CN"":""索普拉文托"",""tr"":""Soplaviento"",""ru"":""Соплавьенто"",""uk"":""Соплав'єнто"",""pl"":""Soplaviento"",""hi"":""सोप्लाविएन्टो"",""ar"":""سوبلافينتو""}",2019-10-06T09:39:56,2025-12-02T17:11:50,1,Q1575590
21478,Sopó,2875,CUN,48,CO,adm2,,,4.90750000,-73.93840000,SOPO,8396,America/Bogota,"{""br"":""Sopó"",""ko"":""소포"",""pt-BR"":""Sopó"",""pt"":""Sopó"",""nl"":""Sopó"",""hr"":""Sopó"",""fa"":""سوپو"",""de"":""Sopó"",""es"":""Sopó"",""fr"":""Sopó"",""ja"":""ソポ"",""it"":""Sopó"",""zh-CN"":""索波"",""tr"":""Sopó"",""ru"":""Сопо"",""uk"":""Сопо"",""pl"":""Sopó"",""hi"":""Sopo"",""ar"":""سوبو""}",2019-10-06T09:39:56,2025-12-02T14:39:31,1,Q1440902
21479,Sora,2903,BOY,48,CO,adm2,,,5.56514000,-73.45017000,Sora,508,America/Bogota,"{""br"":""Sora"",""ko"":""소라"",""pt-BR"":""Sora"",""pt"":""Sora"",""nl"":""Sora"",""hr"":""Sora"",""fa"":""سورا"",""de"":""Sora"",""es"":""Sora"",""fr"":""Sora"",""ja"":""ソラ"",""it"":""Sora"",""zh-CN"":""索拉"",""tr"":""Sora"",""ru"":""Сора"",""uk"":""Сора"",""pl"":""Sora"",""hi"":""सोरा"",""ar"":""سورا""}",2019-10-06T09:39:56,2025-12-02T14:38:56,1,Q1655051
21480,Soracá,2903,BOY,48,CO,adm2,,,5.50055000,-73.33299000,Soracá,827,America/Bogota,"{""br"":""Soracá"",""ko"":""소라카"",""pt-BR"":""Soracá"",""pt"":""Soracá"",""nl"":""Soracá"",""hr"":""Soracá"",""fa"":""سوراکا"",""de"":""Soracá"",""es"":""Soracá"",""fr"":""Soracá"",""ja"":""ソラカ"",""it"":""Soracá"",""zh-CN"":""索拉卡"",""tr"":""Soracá"",""ru"":""Сорака"",""uk"":""Сорака"",""pl"":""Soracá"",""hi"":""सोराका"",""ar"":""سوراكا""}",2019-10-06T09:39:56,2025-12-02T14:39:31,1,Q1576242
21481,Sotaquirá,2903,BOY,48,CO,adm2,,,5.76483000,-73.24758000,Sotaquirá,1352,America/Bogota,"{""br"":""Sotaquirá"",""ko"":""소타키라"",""pt-BR"":""Sotaquirá"",""pt"":""Sotaquirá"",""nl"":""Sotaquirá"",""hr"":""Sotaquirá"",""fa"":""سوتاکیرا"",""de"":""Sotaquirá"",""es"":""Sotaquirá"",""fr"":""Sotaquirá"",""ja"":""ソタキラ"",""it"":""Sotaquirá"",""zh-CN"":""索塔基拉"",""tr"":""Sotaquirá"",""ru"":""Сотакира"",""uk"":""Сотакірі"",""pl"":""Sotaquirá"",""hi"":""सोताक्विरा"",""ar"":""سوتاكويرا""}",2019-10-06T09:39:56,2025-12-02T14:39:31,1,Q1579502
21482,Sotará,2884,CAU,48,CO,adm2,,,2.25000000,-76.58333000,Sotará,1390,America/Bogota,"{""br"":""Sotará"",""ko"":""소타라"",""pt-BR"":""Sotará"",""pt"":""Sotará"",""nl"":""Sotará"",""hr"":""Sotará"",""fa"":""سوتارا"",""de"":""Sotará"",""es"":""Sotará"",""fr"":""Sotará"",""ja"":""ソタラ"",""it"":""Sotará"",""zh-CN"":""索塔拉"",""tr"":""Sotará"",""ru"":""Сотара"",""uk"":""Сотара"",""pl"":""Sotará"",""hi"":""सोतारा"",""ar"":""سوتارا""}",2019-10-06T09:39:56,2025-12-02T14:39:31,1,Q2434321
21484,Suaita,2901,SAN,48,CO,adm2,,,6.08221000,-73.37008000,Reblandecimiento,2691,America/Bogota,"{""br"":""Suaita"",""ko"":""수아이타"",""pt-BR"":""Suaita"",""pt"":""Suaita"",""nl"":""Suaita"",""hr"":""Suaita"",""fa"":""سوئیتا"",""de"":""Suaita"",""es"":""Suaita"",""fr"":""Suaita"",""ja"":""スアイタ"",""it"":""Suaita"",""zh-CN"":""苏艾塔"",""tr"":""Suaita"",""ru"":""Суайта"",""uk"":""Суаїта"",""pl"":""Suaita"",""hi"":""सुआइता"",""ar"":""سوايتا""}",2019-10-06T09:39:56,2025-12-02T17:11:50,1,Q1577250
21485,Suan,2880,ATL,48,CO,adm2,,,10.30214000,-74.91934000,Fuego,9344,America/Bogota,"{""br"":""Suan"",""ko"":""수안"",""pt-BR"":""Suan"",""pt"":""Suan"",""nl"":""Suan"",""hr"":""Suan"",""fa"":""سوان"",""de"":""Suan"",""es"":""Suan"",""fr"":""Suan"",""ja"":""スアン"",""it"":""Suan"",""zh-CN"":""苏安"",""tr"":""Suan"",""ru"":""Суан"",""uk"":""Суан"",""pl"":""Suan"",""hi"":""सुआन"",""ar"":""سوان""}",2019-10-06T09:39:56,2025-12-02T17:11:50,1,Q1449926
21486,Subachoque,2875,CUN,48,CO,adm2,,,4.92614000,-74.17299000,Subachoque,4088,America/Bogota,"{""br"":""Subachoque"",""ko"":""수바초크"",""pt-BR"":""Subachoque"",""pt"":""Subachoque"",""nl"":""Subachoque"",""hr"":""Subachoque"",""fa"":""سوباچوک"",""de"":""Subachoque"",""es"":""Subachoque"",""fr"":""Subachoque"",""ja"":""スバチョケ"",""it"":""Subachoque"",""zh-CN"":""苏巴乔克"",""tr"":""Subachoque"",""ru"":""Субачоке"",""uk"":""Субачок"",""pl"":""Subachoque"",""hi"":""सुबाचोक"",""ar"":""سوباتشوك""}",2019-10-06T09:39:56,2025-12-02T14:39:31,1,Q959079
21487,Sucre,2902,SUC,48,CO,adm2,,,8.81136000,-74.72084000,Sucre,23971,America/Bogota,"{""br"":""Sucre"",""ko"":""수크레"",""pt-BR"":""Sucre"",""pt"":""Sucre"",""nl"":""Sucre"",""hr"":""Sucre"",""fa"":""سوکره"",""de"":""Sucre"",""es"":""Sucre"",""fr"":""Sucre"",""ja"":""スクレ"",""it"":""Sucre"",""zh-CN"":""苏克雷"",""tr"":""Şeker"",""ru"":""Сукре"",""uk"":""Сукре"",""pl"":""Sucre"",""hi"":""सुक्रे"",""ar"":""سوكري""}",2019-10-06T09:39:56,2025-12-02T14:38:56,1,Q23681949
21488,Sucre,2901,SAN,48,CO,adm2,,,5.96995000,-73.96629000,Sucre,23971,America/Bogota,"{""br"":""Sucre"",""ko"":""수크레"",""pt-BR"":""Sucre"",""pt"":""Sucre"",""nl"":""Sucre"",""hr"":""Sucre"",""fa"":""سوکره"",""de"":""Sucre"",""es"":""Sucre"",""fr"":""Sucre"",""ja"":""スクレ"",""it"":""Sucre"",""zh-CN"":""苏克雷"",""tr"":""Şeker"",""ru"":""Сукре"",""uk"":""Сукре"",""pl"":""Sucre"",""hi"":""सुक्रे"",""ar"":""سوكري""}",2019-10-06T09:39:56,2025-12-02T17:11:50,1,Q23681948
21489,Sucre,2884,CAU,48,CO,adm2,,,2.06182000,-76.91438000,Sucre,2552,America/Bogota,"{""br"":""Sucre"",""ko"":""수크레"",""pt-BR"":""Sucre"",""pt"":""Sucre"",""nl"":""Sucre"",""hr"":""Sucre"",""fa"":""سوکره"",""de"":""Sucre"",""es"":""Sucre"",""fr"":""Sucre"",""ja"":""スクレ"",""it"":""Sucre"",""zh-CN"":""苏克雷"",""tr"":""Şeker"",""ru"":""Сукре"",""uk"":""Сукре"",""pl"":""Sucre"",""hi"":""सुक्रे"",""ar"":""سوكري""}",2019-10-06T09:39:56,2025-12-02T14:39:31,1,Q23730838
21490,Suesca,2875,CUN,48,CO,adm2,,,5.10289000,-73.79845000,Suesca,4877,America/Bogota,"{""br"":""Suesca"",""ko"":""수에스카"",""pt-BR"":""Suesca"",""pt"":""Suesca"",""nl"":""Suesca"",""hr"":""Suesca"",""fa"":""سوسکا"",""de"":""Suesca"",""es"":""Suesca"",""fr"":""Suesca"",""ja"":""スエスカ"",""it"":""Suesca"",""zh-CN"":""苏埃斯卡"",""tr"":""Suesca"",""ru"":""Суэска"",""uk"":""Суеска"",""pl"":""Suesca"",""hi"":""सुएस्का"",""ar"":""سويسكا""}",2019-10-06T09:39:56,2025-12-02T14:39:31,1,Q1525782
21491,Supatá,2875,CUN,48,CO,adm2,,,5.06097000,-74.23721000,Supatá,1907,America/Bogota,"{""br"":""Supatá"",""ko"":""수파타"",""pt-BR"":""Supatá"",""pt"":""Supatá"",""nl"":""Supatá"",""hr"":""Supatá"",""fa"":""سوپاتا"",""de"":""Supatá"",""es"":""Supatá"",""fr"":""Supatá"",""ja"":""スパタ"",""it"":""Supatá"",""zh-CN"":""苏帕塔"",""tr"":""Supatá"",""ru"":""Супата"",""uk"":""Супата"",""pl"":""Supatá"",""hi"":""सुपाटा"",""ar"":""سوباتا""}",2019-10-06T09:39:56,2025-12-02T14:39:31,1,Q1654867
21492,Supía,2887,CAL,48,CO,adm2,,,5.45303000,-75.65072000,Supía,26571,America/Bogota,"{""br"":""Supía"",""ko"":""수피아"",""pt-BR"":""Supía"",""pt"":""Supía"",""nl"":""Supía"",""hr"":""Supía"",""fa"":""سوپیا"",""de"":""Supía"",""es"":""Supía"",""fr"":""Supía"",""ja"":""スーピア"",""it"":""Supía"",""zh-CN"":""苏皮亚"",""tr"":""Supía"",""ru"":""Супиа"",""uk"":""Супіа"",""pl"":""Supía"",""hi"":""सुपिया"",""ar"":""سوبيا""}",2019-10-06T09:39:56,2025-12-02T14:38:56,1,Q1441985
21493,Suratá,2901,SAN,48,CO,adm2,,,7.36633000,-72.98361000,Suratá,806,America/Bogota,"{""br"":""Souratá"",""ko"":""수라타"",""pt-BR"":""Suratá"",""pt"":""Suratá"",""nl"":""Suratá"",""hr"":""Suratá"",""fa"":""سوراتا"",""de"":""Suratá"",""es"":""Suratá"",""fr"":""Suratá"",""ja"":""スラタ"",""it"":""Suratá"",""zh-CN"":""苏拉塔"",""tr"":""Suratá"",""ru"":""Сурата"",""uk"":""Сурата"",""pl"":""Suratá"",""hi"":""सूरता"",""ar"":""سوراتا""}",2019-10-06T09:39:56,2025-12-02T14:39:31,1,Q1655935
21494,Susa,2875,CUN,48,CO,adm2,,,5.42700000,-73.84786000,Santa,9782,America/Bogota,"{""br"":""Susa"",""ko"":""수사"",""pt-BR"":""Susa"",""pt"":""Susa"",""nl"":""Susa"",""hr"":""Susa"",""fa"":""شوش"",""de"":""Susa"",""es"":""Susa"",""fr"":""Suse"",""ja"":""スーサ"",""it"":""Susa"",""zh-CN"":""苏萨"",""tr"":""Susa"",""ru"":""Сузы"",""uk"":""Суза"",""pl"":""Suza"",""hi"":""सूसा"",""ar"":""سوسا""}",2019-10-06T09:39:56,2025-12-02T17:11:50,1,Q598748
21495,Susacón,2903,BOY,48,CO,adm2,,,6.22978000,-72.69010000,Susacón,1207,America/Bogota,"{""br"":""Susacón"",""ko"":""수사콘"",""pt-BR"":""Susacón"",""pt"":""Susacón"",""nl"":""Susacón"",""hr"":""Susacón"",""fa"":""سوساکون"",""de"":""Susacón"",""es"":""Susacón"",""fr"":""Susacón"",""ja"":""スサコン"",""it"":""Susacón"",""zh-CN"":""苏萨孔"",""tr"":""Susacón"",""ru"":""Сусакон"",""uk"":""Сусакон"",""pl"":""Susacón"",""hi"":""सुसाकोन"",""ar"":""سوساكون""}",2019-10-06T09:39:56,2025-12-02T14:39:31,1,Q1656233
21496,Sutamarchán,2903,BOY,48,CO,adm2,,,5.61538000,-73.61701000,Sutamarchán,1432,America/Bogota,"{""br"":""Sutamarchán"",""ko"":""수타마르칸"",""pt-BR"":""Sutamarchán"",""pt"":""Sutamarchán"",""nl"":""Sutamarchán"",""hr"":""Sutamarchán"",""fa"":""سوتامارچان"",""de"":""Sutamarchán"",""es"":""Sutamarchán"",""fr"":""Sutamarchán"",""ja"":""スタマルチャン"",""it"":""Sutamarchán"",""zh-CN"":""苏塔马尔坎"",""tr"":""Sutamarchán"",""ru"":""Сутамарчан"",""uk"":""Сутамарчан"",""pl"":""Sutamarchán"",""hi"":""सुतामार्चान"",""ar"":""سوتامارشان""}",2019-10-06T09:39:56,2025-12-02T14:39:31,1,Q1576393
21497,Sutatausa,2875,CUN,48,CO,adm2,,,5.24779000,-73.85238000,Sutataasa,1332,America/Bogota,"{""br"":""Sutatausa"",""ko"":""수타타우사"",""pt-BR"":""Sutatausa"",""pt"":""Sutatausa"",""nl"":""Sutatausa"",""hr"":""Sutatausa"",""fa"":""سوتاتاوسا"",""de"":""Sutatausa"",""es"":""Sutatausa"",""fr"":""Sutatausa"",""ja"":""スタタウサ"",""it"":""Sutatausa"",""zh-CN"":""苏塔陶萨"",""tr"":""Sutatausa"",""ru"":""Сутатауса"",""uk"":""Сутатауса"",""pl"":""Sutatausa"",""hi"":""सुतातौसा"",""ar"":""سوتاتوسا""}",2019-10-06T09:39:56,2025-12-02T14:39:31,1,Q1654822
21498,Sutatenza,2903,BOY,48,CO,adm2,,,5.02311000,-73.45230000,Sutatenza,827,America/Bogota,"{""br"":""Sutatenza"",""ko"":""스타텐자"",""pt-BR"":""Sutatenza"",""pt"":""Sutatenza"",""nl"":""Sutatenza"",""hr"":""Sutatenza"",""fa"":""سوتاتنزا"",""de"":""Sutatenza"",""es"":""Sutatenza"",""fr"":""Sutatenza"",""ja"":""スタテンザ"",""it"":""Sutatenza"",""zh-CN"":""苏塔天扎"",""tr"":""Sutatenza"",""ru"":""Сутатенца"",""uk"":""Сутатенза"",""pl"":""Sutatenza"",""hi"":""Sutatenza"",""ar"":""سوتاتنزا""}",2019-10-06T09:39:56,2025-12-02T14:39:31,1,Q1654861
21499,Suárez,2884,CAU,48,CO,adm2,,,2.95395000,-76.69644000,Suárez,19690,America/Bogota,"{""br"":""Suárez"",""ko"":""수아레스"",""pt-BR"":""Suárez"",""pt"":""Suárez"",""nl"":""Suarez"",""hr"":""Suárez"",""fa"":""سوارز"",""de"":""Suárez"",""es"":""Suárez"",""fr"":""Suárez"",""ja"":""スアレス"",""it"":""Suarez"",""zh-CN"":""苏亚雷斯"",""tr"":""Suarez"",""ru"":""Суарес"",""uk"":""Суарес"",""pl"":""Suarez"",""hi"":""सुआरेज़"",""ar"":""سواريز""}",2019-10-06T09:39:56,2025-12-02T14:38:56,1,Q2203425
21500,Suárez,2883,TOL,48,CO,adm2,,,4.04897000,-74.81821000,Suárez,1243,America/Bogota,"{""br"":""Suárez"",""ko"":""수아레스"",""pt-BR"":""Suárez"",""pt"":""Suárez"",""nl"":""Suarez"",""hr"":""Suárez"",""fa"":""سوارز"",""de"":""Suárez"",""es"":""Suárez"",""fr"":""Suárez"",""ja"":""スアレス"",""it"":""Suarez"",""zh-CN"":""苏亚雷斯"",""tr"":""Suarez"",""ru"":""Суарес"",""uk"":""Суарес"",""pl"":""Suarez"",""hi"":""सुआरेज़"",""ar"":""سواريز""}",2019-10-06T09:39:56,2025-12-02T14:39:31,1,Q2104427
21501,Sácama,2892,CAS,48,CO,adm2,,,6.09908000,-72.24880000,Sácama,743,America/Bogota,"{""br"":""Sácama"",""ko"":""사카마"",""pt-BR"":""Sácama"",""pt"":""Sácama"",""nl"":""Sácama"",""hr"":""Sácama"",""fa"":""ساکاما"",""de"":""Sácama"",""es"":""Sácama"",""fr"":""Sacama"",""ja"":""サカマ"",""it"":""Sácama"",""zh-CN"":""萨卡马"",""tr"":""Sácama"",""ru"":""Сакама"",""uk"":""Сакама"",""pl"":""Sácama"",""hi"":""साकामा"",""ar"":""ساكاما""}",2019-10-06T09:39:57,2025-12-02T14:39:31,1,Q1654723
21502,Sáchica,2903,BOY,48,CO,adm2,,,5.58453000,-73.54184000,Sáchica,1774,America/Bogota,"{""br"":""Sáchica"",""ko"":""사치카"",""pt-BR"":""Sáchica"",""pt"":""Sáchica"",""nl"":""Sáchica"",""hr"":""Sáchica"",""fa"":""ساچیکا"",""de"":""Sáchica"",""es"":""Sáchica"",""fr"":""Sáchica"",""ja"":""サチカ"",""it"":""Sáchica"",""zh-CN"":""萨奇卡"",""tr"":""Saçika"",""ru"":""Сачика"",""uk"":""Сачіка"",""pl"":""Sáchica"",""hi"":""सचिका"",""ar"":""ساشيكا""}",2019-10-06T09:39:57,2025-12-02T14:39:31,1,Q1656093
21503,Tabio,2875,CUN,48,CO,adm2,,,4.91726000,-74.09364000,Tabio,4180,America/Bogota,"{""br"":""Tabio"",""ko"":""타비오"",""pt-BR"":""Tábio"",""pt"":""Tábio"",""nl"":""Tabio"",""hr"":""Tabio"",""fa"":""تابیو"",""de"":""Tabio"",""es"":""Tabio"",""fr"":""Tabio"",""ja"":""タビオ"",""it"":""Tabio"",""zh-CN"":""塔比奥"",""tr"":""Tabio"",""ru"":""Табио"",""uk"":""Табіо"",""pl"":""Tabio"",""hi"":""तबियो"",""ar"":""تابيو""}",2019-10-06T09:39:57,2025-12-02T14:39:31,1,Q1441966
21504,Tadó,2876,CHO,48,CO,adm2,,,5.26598000,-76.56487000,Tadó,18906,America/Bogota,"{""br"":""Tadó"",""ko"":""타도"",""pt-BR"":""Tadó"",""pt"":""Tadó"",""nl"":""Tadó"",""hr"":""Tadó"",""fa"":""تادو"",""de"":""Tadó"",""es"":""Tadó"",""fr"":""Tadó"",""ja"":""タド"",""it"":""Tadó"",""zh-CN"":""塔多"",""tr"":""Tado"",""ru"":""Тадо"",""uk"":""Тадо"",""pl"":""Tadó"",""hi"":""ताडो"",""ar"":""تادو""}",2019-10-06T09:39:57,2025-12-02T14:38:56,1,Q1524808
21505,Talaigua Nuevo,2893,BOL,48,CO,adm2,,,9.30347000,-74.56477000,Talaigua Nuevo,0,America/Bogota,"{""br"":""Talaigua Nuevo"",""ko"":""탈라이과 누에보"",""pt-BR"":""Talaigua Novo"",""pt"":""Talaigua Novo"",""nl"":""Talaigua Nuevo"",""hr"":""Talaigua Nuevo"",""fa"":""تالایگوا نوئوو"",""de"":""Talaigua Nuevo"",""es"":""Talaigua Nuevo"",""fr"":""Talaigua Nuevo"",""ja"":""タライグア・ヌエボ"",""it"":""Talaigua Nuevo"",""zh-CN"":""塔莱瓜·努埃沃"",""tr"":""Talaigua Nuevo"",""ru"":""Талайгуа Нуэво"",""uk"":""Талайгуа Нуево"",""pl"":""Talaigua Nuevo"",""hi"":""तलैगुआ नुएवो"",""ar"":""تالايغو نويفو""}",2019-10-06T09:39:57,2025-12-02T14:39:31,1,Q1576337
21507,Tamalameque,2899,CES,48,CO,adm2,,,8.86422000,-73.78106000,Tamalameque,14046,America/Bogota,"{""br"":""Tamalameque"",""ko"":""타말라메케"",""pt-BR"":""Tamalameque"",""pt"":""Tamalameque"",""nl"":""Tamalameque"",""hr"":""Tamalameque"",""fa"":""تامالامیک"",""de"":""Tamalameque"",""es"":""Tamalameque"",""fr"":""Tamalameque"",""ja"":""タマラメケ"",""it"":""Tamalameque"",""zh-CN"":""塔玛拉梅克"",""tr"":""Tamalameque"",""ru"":""Тамаламеке"",""uk"":""Тамаламеке"",""pl"":""Tamalameque"",""hi"":""तामालमेके"",""ar"":""تامالاميك""}",2019-10-06T09:39:57,2025-12-02T17:11:50,1,Q1524857
21508,Tame,2881,ARA,48,CO,adm2,,,6.46065000,-71.73618000,Domar,29099,America/Bogota,"{""br"":""Doñvaat"",""ko"":""길들인"",""pt-BR"":""Domar"",""pt"":""Domar"",""nl"":""Temmen"",""hr"":""Ukrotiti"",""fa"":""رام کردن"",""de"":""Zähmen"",""es"":""Domar"",""fr"":""Apprivoiser"",""ja"":""飼いならされた"",""it"":""Domare"",""zh-CN"":""驯服"",""tr"":""Ehlileştirmek"",""ru"":""Приручить"",""uk"":""Приручити"",""pl"":""Oswojony"",""hi"":""टेम"",""ar"":""ترويض""}",2019-10-06T09:39:57,2025-12-02T14:39:31,1,Q2434750
21509,Taminango,2897,NAR,48,CO,adm2,,,1.57032000,-77.28043000,Tango,2919,America/Bogota,"{""br"":""Taminango"",""ko"":""타미낭고"",""pt-BR"":""Taminango"",""pt"":""Taminango"",""nl"":""Taminango"",""hr"":""Taminango"",""fa"":""تامینانگو"",""de"":""Taminango"",""es"":""Taminango"",""fr"":""Taminango"",""ja"":""タミナンゴ"",""it"":""Taminango"",""zh-CN"":""塔米南戈"",""tr"":""Taminango"",""ru"":""Таминанго"",""uk"":""Тамінанго"",""pl"":""Taminango"",""hi"":""तामिनांगो"",""ar"":""تامينانغو""}",2019-10-06T09:39:57,2025-12-02T14:39:31,1,Q1525858
21510,Tangua,2897,NAR,48,CO,adm2,,,1.09189000,-77.38645000,LLEVAR,3348,America/Bogota,"{""br"":""Tangua"",""ko"":""탕구아"",""pt-BR"":""Tangua"",""pt"":""Tangua"",""nl"":""Tangua"",""hr"":""Tangua"",""fa"":""تانگوا"",""de"":""Tangua"",""es"":""Tangua"",""fr"":""Tangua"",""ja"":""タングア"",""it"":""Tanga"",""zh-CN"":""坦瓜"",""tr"":""Tangua"",""ru"":""Тангуа"",""uk"":""Тангуа"",""pl"":""Tangua"",""hi"":""टैन्गुआ"",""ar"":""تانغوا""}",2019-10-06T09:39:57,2025-12-02T14:39:31,1,Q1574964
21511,Taraira,2885,VAU,48,CO,city,,,-0.74835000,-69.89662000,Correo,1048,America/Bogota,"{""br"":""Taraira"",""ko"":""타라이라"",""pt-BR"":""Taraira"",""pt"":""Taraira"",""nl"":""Taraira"",""hr"":""Taraira"",""fa"":""تارایرا"",""de"":""Taraira"",""es"":""Taraira"",""fr"":""Taraira"",""ja"":""タライラ"",""it"":""Taraira"",""zh-CN"":""塔莱拉"",""tr"":""Taraira"",""ru"":""Тарайра"",""uk"":""Тарайра"",""pl"":""Taraira"",""hi"":""तराइरा"",""ar"":""تاريرا""}",2019-10-06T09:39:57,2025-12-02T16:59:27,1,Q1574964
21512,Tarapacá,2895,AMA,48,CO,city,,,-2.88544000,-69.77692000,Tarapacá,3100,America/Bogota,"{""br"":""Tarapacá"",""ko"":""타라파카"",""pt-BR"":""Tarapacá"",""pt"":""Tarapacá"",""nl"":""Tarapacá"",""hr"":""Tarapacá"",""fa"":""تاراپاکا"",""de"":""Tarapacá"",""es"":""Tarapacá"",""fr"":""Tarapacá"",""ja"":""タラパカ"",""it"":""Tarapacá"",""zh-CN"":""塔拉帕卡"",""tr"":""Tarapacá"",""ru"":""Тарапака"",""uk"":""Тарапака"",""pl"":""Tarapacá"",""hi"":""तारापाका"",""ar"":""تاراباكا""}",2019-10-06T09:39:57,2025-12-02T17:11:50,1,Q1574964
21513,Tarazá,2890,ANT,48,CO,adm2,,,7.58358000,-75.40068000,Tarazá,0,America/Bogota,"{""br"":""Tarazá"",""ko"":""타라자"",""pt-BR"":""Tarazá"",""pt"":""Tarazá"",""nl"":""Tarazá"",""hr"":""Taraza"",""fa"":""تارازا"",""de"":""Tarazá"",""es"":""Tarazá"",""fr"":""Taraza"",""ja"":""タラサ"",""it"":""Tarazá"",""zh-CN"":""塔拉扎"",""tr"":""Taraza"",""ru"":""Тараза"",""uk"":""Тараза"",""pl"":""Tarazá"",""hi"":""तराज़ा"",""ar"":""تارازا""}",2019-10-06T09:39:57,2025-12-02T14:39:31,1,Q2075499
21514,Tarso,2890,ANT,48,CO,adm2,,,5.86467000,-75.82192000,Tarso,2700,America/Bogota,"{""br"":""Tarso"",""ko"":""타르소"",""pt-BR"":""Tarso"",""pt"":""Tarso"",""nl"":""Tarso"",""hr"":""Tarso"",""fa"":""تارسو"",""de"":""Tarso"",""es"":""Tarso"",""fr"":""Tarse"",""ja"":""タルソ"",""it"":""Tarso"",""zh-CN"":""塔尔索"",""tr"":""Tarso"",""ru"":""Тарсо"",""uk"":""Тарсо"",""pl"":""Tarso"",""hi"":""टार्सो"",""ar"":""تارسو""}",2019-10-06T09:39:57,2025-12-02T14:39:31,1,Q1578758
21515,Tasco,2903,BOY,48,CO,adm2,,,5.91044000,-72.78001000,Tasco,1811,America/Bogota,"{""br"":""Tasco"",""ko"":""타스코"",""pt-BR"":""Tasco"",""pt"":""Tasco"",""nl"":""Tasco"",""hr"":""Tasco"",""fa"":""تاسکو"",""de"":""Tasco"",""es"":""Tasco"",""fr"":""Tasco"",""ja"":""タスコ"",""it"":""Tasco"",""zh-CN"":""塔斯科"",""tr"":""Tasco"",""ru"":""Таско"",""uk"":""Таско"",""pl"":""Tasco"",""hi"":""टैस्को"",""ar"":""تاسكو""}",2019-10-06T09:39:57,2025-12-02T14:39:31,1,Q1574813
21516,Tauramena,2892,CAS,48,CO,adm2,,,5.01789000,-72.74675000,Soga,21709,America/Bogota,"{""br"":""Tauramena"",""ko"":""타우라메나"",""pt-BR"":""Tauramena"",""pt"":""Tauramena"",""nl"":""Tauramena"",""hr"":""Tauramena"",""fa"":""تاورامنا"",""de"":""Tauramena"",""es"":""Tauramena"",""fr"":""Tauramena"",""ja"":""タウラメナ"",""it"":""Tauramena"",""zh-CN"":""陶拉梅纳"",""tr"":""Tauramena"",""ru"":""Таурамена"",""uk"":""Таурамена"",""pl"":""Tauramena"",""hi"":""टॉरमेना"",""ar"":""تورامينا""}",2019-10-06T09:39:57,2025-12-02T14:39:31,1,Q281554
21517,Tausa,2875,CUN,48,CO,adm2,,,5.19903000,-73.89128000,Masaje,895,America/Bogota,"{""br"":""Tausa"",""ko"":""타우사"",""pt-BR"":""Tausa"",""pt"":""Tausa"",""nl"":""Tausa"",""hr"":""Tausa"",""fa"":""تاوسا"",""de"":""Tausa"",""es"":""Tausa"",""fr"":""Tausa"",""ja"":""タウサ"",""it"":""Tausa"",""zh-CN"":""陶萨"",""tr"":""Tausa"",""ru"":""Тауса"",""uk"":""Тауса"",""pl"":""Tausa"",""hi"":""तौसा"",""ar"":""توسا""}",2019-10-06T09:39:57,2025-12-02T14:39:31,1,Q1577109
21518,Tena,2875,CUN,48,CO,adm2,,,4.66001000,-74.39258000,Real,696,America/Bogota,"{""br"":""Tena"",""ko"":""테나"",""pt-BR"":""Tena"",""pt"":""Tena"",""nl"":""Tena"",""hr"":""Tena"",""fa"":""تنا"",""de"":""Tena"",""es"":""Tena"",""fr"":""Tena"",""ja"":""テナ"",""it"":""Tena"",""zh-CN"":""特纳"",""tr"":""Tena"",""ru"":""Тена"",""uk"":""Тена"",""pl"":""Tena"",""hi"":""टेना"",""ar"":""تينا""}",2019-10-06T09:39:57,2025-12-02T14:39:31,1,Q1575522
21519,Tenerife,2886,MAG,48,CO,adm2,,,9.93201000,-74.73465000,Tenerife,14320,America/Bogota,"{""br"":""Tenerife"",""ko"":""테네리페"",""pt-BR"":""Tenerife"",""pt"":""Tenerife"",""nl"":""Tenerife"",""hr"":""Tenerife"",""fa"":""تنریف"",""de"":""Teneriffa"",""es"":""Tenerife"",""fr"":""Ténérife"",""ja"":""テネリフェ島"",""it"":""Tenerife"",""zh-CN"":""特内里费岛"",""tr"":""Tenerife"",""ru"":""Тенерифе"",""uk"":""Тенерифе"",""pl"":""Teneryfa"",""hi"":""Tenerife"",""ar"":""تينيريفي""}",2019-10-06T09:39:57,2025-12-02T17:11:50,1,Q1525827
21520,Tenjo,2875,CUN,48,CO,adm2,,,4.87270000,-74.14435000,Diez,3858,America/Bogota,"{""br"":""Tenjo"",""ko"":""텐조"",""pt-BR"":""Tenjo"",""pt"":""Tenjo"",""nl"":""Tenjo"",""hr"":""Tenjo"",""fa"":""تنجو"",""de"":""Tenjo"",""es"":""Tenjo"",""fr"":""Tenjo"",""ja"":""天上"",""it"":""Tenjo"",""zh-CN"":""天上"",""tr"":""Tenjo"",""ru"":""Тэндзё"",""uk"":""Тенджо"",""pl"":""Tenjo"",""hi"":""तेनजो"",""ar"":""تينجو""}",2019-10-06T09:39:57,2025-12-02T14:39:31,1,Q1525701
21521,Tenza,2903,BOY,48,CO,adm2,,,5.07664000,-73.42077000,Tenza,1312,America/Bogota,"{""br"":""Tenza"",""ko"":""텐자"",""pt-BR"":""Tenza"",""pt"":""Tenza"",""nl"":""Tenza"",""hr"":""Tenza"",""fa"":""تنزا"",""de"":""Tenza"",""es"":""Tenza"",""fr"":""Tenza"",""ja"":""テンザ"",""it"":""Tenza"",""zh-CN"":""腾扎"",""tr"":""Tenza"",""ru"":""Тенза"",""uk"":""Тенза"",""pl"":""Tenza"",""hi"":""तेन्ज़ा"",""ar"":""تينزا""}",2019-10-06T09:39:57,2025-12-02T14:39:31,1,Q1654622
21522,Tibacuy,2875,CUN,48,CO,adm2,,,4.30606000,-74.51639000,Tibacuy,4843,America/Bogota,"{""br"":""Tibacuy"",""ko"":""티바쿠이"",""pt-BR"":""Tibacuy"",""pt"":""Tibacuy"",""nl"":""Tibacuy"",""hr"":""Tibacuy"",""fa"":""تیباکوی"",""de"":""Tibacuy"",""es"":""Tibacuy"",""fr"":""Tibacuy"",""ja"":""ティバクイ"",""it"":""Tibacuy"",""zh-CN"":""蒂巴奎"",""tr"":""Tibacuy"",""ru"":""Тибакуй"",""uk"":""Тібакуй"",""pl"":""Tibacuy"",""hi"":""तिबाकुय"",""ar"":""تيباكوي""}",2019-10-06T09:39:57,2025-12-02T17:11:50,1,Q1654475
21523,Tibaná,2903,BOY,48,CO,adm2,,,5.31728000,-73.39655000,Tiba,1802,America/Bogota,"{""br"":""Tibana"",""ko"":""티바나"",""pt-BR"":""Tibaná"",""pt"":""Tibaná"",""nl"":""Tibaná"",""hr"":""Tibaná"",""fa"":""تیبانا"",""de"":""Tibaná"",""es"":""Tibaná"",""fr"":""Tibaná"",""ja"":""ティバナ"",""it"":""Tibaná"",""zh-CN"":""蒂巴纳"",""tr"":""Tibaná"",""ru"":""Тибана"",""uk"":""Тібана"",""pl"":""Tibaná"",""hi"":""तिबाना"",""ar"":""تيبانا""}",2019-10-06T09:39:57,2025-12-02T14:39:31,1,Q1579430
21524,Tibasosa,2903,BOY,48,CO,adm2,,,5.74722000,-73.01091000,Tibasosa,3535,America/Bogota,"{""br"":""Tibasosa"",""ko"":""티바소사"",""pt-BR"":""Tibasosa"",""pt"":""Tibasosa"",""nl"":""Tibasosa"",""hr"":""Tibasosa"",""fa"":""تیباسوسا"",""de"":""Tibasosa"",""es"":""Tibasosa"",""fr"":""Tibasosa"",""ja"":""ティバソサ"",""it"":""Tibasosa"",""zh-CN"":""蒂巴索萨"",""tr"":""Tibasosa"",""ru"":""Тибасоса"",""uk"":""Тібасоса"",""pl"":""Tibasosa"",""hi"":""तिबासोसा"",""ar"":""تيباسوسا""}",2019-10-06T09:39:57,2025-12-02T14:39:31,1,Q1525713
21525,Tibirita,2875,CUN,48,CO,adm2,,,5.05227000,-73.50459000,Tiborita,920,America/Bogota,"{""br"":""Tibirita"",""ko"":""티비리타"",""pt-BR"":""Tibirita"",""pt"":""Tibirita"",""nl"":""Tibirita"",""hr"":""Tibirita"",""fa"":""تیبیریتا"",""de"":""Tibirita"",""es"":""Tibirita"",""fr"":""Tibirita"",""ja"":""ティビリタ"",""it"":""Tibirita"",""zh-CN"":""提比里塔"",""tr"":""Tibirita"",""ru"":""Тибирита"",""uk"":""Тібіріта"",""pl"":""Tibirita"",""hi"":""तिबिरिटा"",""ar"":""تيبيريتا""}",2019-10-06T09:39:57,2025-12-02T14:39:31,1,Q1655992
21526,Tibú,2877,NSA,48,CO,adm2,,,8.63895000,-72.73583000,Tibú,13565,America/Bogota,"{""br"":""Tibú"",""ko"":""티부"",""pt-BR"":""Tibú"",""pt"":""Tibú"",""nl"":""Tibú"",""hr"":""Tibú"",""fa"":""تیبو"",""de"":""Tibú"",""es"":""Tibú"",""fr"":""Tibú"",""ja"":""ティブ"",""it"":""Tibú"",""zh-CN"":""蒂布"",""tr"":""Tibu"",""ru"":""Тибу"",""uk"":""Тібу"",""pl"":""Tibú"",""hi"":""टिबू"",""ar"":""تيبو""}",2019-10-06T09:39:57,2025-12-02T14:38:56,1,Q2309040
21527,Tierralta,2898,COR,48,CO,adm2,,,7.87863000,-76.21307000,Tierralta,78770,America/Bogota,"{""br"":""Tierralta"",""ko"":""티에랄타"",""pt-BR"":""Terralta"",""pt"":""Terralta"",""nl"":""Tierralta"",""hr"":""Tierralta"",""fa"":""تیرالتا"",""de"":""Tierralta"",""es"":""Tierralta"",""fr"":""Tierralta"",""ja"":""ティエラルタ"",""it"":""Tierralta"",""zh-CN"":""蒂拉尔塔"",""tr"":""Tierralta"",""ru"":""Тьерральта"",""uk"":""Тьєрралта"",""pl"":""Ziemia"",""hi"":""टिएराल्टा"",""ar"":""تييرالتا""}",2019-10-06T09:39:57,2025-12-02T17:11:50,1,Q2434756
21528,Timbiquí,2884,CAU,48,CO,adm2,,,2.77170000,-77.66536000,Timbiquí,21618,America/Bogota,"{""br"":""Timbiquí"",""ko"":""팀비키"",""pt-BR"":""Timbiquí"",""pt"":""Timbiquí"",""nl"":""Timbiquí"",""hr"":""Timbiquí"",""fa"":""تیمبیکی"",""de"":""Timbiquí"",""es"":""Timbiquí"",""fr"":""Timbiquí"",""ja"":""ティンビキ"",""it"":""Timbiquí"",""zh-CN"":""廷比基"",""tr"":""Timbiquí"",""ru"":""Тимбики"",""uk"":""Тімбікі"",""pl"":""Timbiquí"",""hi"":""टिम्बिक्वी"",""ar"":""تيمبيكوي""}",2019-10-06T09:39:57,2025-12-02T14:38:56,1,Q1787517
21529,Tinjacá,2903,BOY,48,CO,adm2,,,5.57916000,-73.64486000,Tinjaca,400,America/Bogota,"{""br"":""Tinjacá"",""ko"":""틴자카"",""pt-BR"":""Tinjacá"",""pt"":""Tinjacá"",""nl"":""Tinjacá"",""hr"":""Tinjacá"",""fa"":""تینجاکا"",""de"":""Tinjacá"",""es"":""Tinjacá"",""fr"":""Tinjacá"",""ja"":""ティンジャカ"",""it"":""Tinjacá"",""zh-CN"":""廷贾卡"",""tr"":""Tinjacá"",""ru"":""Тинхака"",""uk"":""Тінхака"",""pl"":""Tinjacá"",""hi"":""तिनजाका"",""ar"":""تينجاكا""}",2019-10-06T09:39:57,2025-12-02T14:39:31,1,Q1654591
21530,Tipacoque,2903,BOY,48,CO,adm2,,,6.42031000,-72.69184000,Tipacaco,1036,America/Bogota,"{""br"":""Tipacoque"",""ko"":""티파코크"",""pt-BR"":""Tipacoque"",""pt"":""Tipacoque"",""nl"":""Tipacoque"",""hr"":""Tipacoque"",""fa"":""تیپاکوک"",""de"":""Tipacoque"",""es"":""Tipacoque"",""fr"":""Tipacoque"",""ja"":""ティパコック"",""it"":""Tipacoque"",""zh-CN"":""蒂帕科克"",""tr"":""Tipacoque"",""ru"":""Типакок"",""uk"":""Тіпакок"",""pl"":""Tipacoque"",""hi"":""टिपाकोक"",""ar"":""تيباكوك""}",2019-10-06T09:39:57,2025-12-02T14:39:31,1,Q1654480
21531,Tiquisio,2893,BOL,48,CO,adm2,,,8.55666000,-74.26355000,Tiquisio,22041,America/Bogota,"{""br"":""Tiquisio"",""ko"":""티키시오"",""pt-BR"":""Tiquisio"",""pt"":""Tiquisio"",""nl"":""Tiquisio"",""hr"":""Tiquisio"",""fa"":""تیکوئیسیو"",""de"":""Tiquisio"",""es"":""Tiquisio"",""fr"":""Tiquisio"",""ja"":""ティキシオ"",""it"":""Tiquisio"",""zh-CN"":""蒂基西奥"",""tr"":""Tiquisio"",""ru"":""Тикисио"",""uk"":""Тікісіо"",""pl"":""Tiquisio"",""hi"":""टिक्विसियो"",""ar"":""تيكويسيو""}",2019-10-06T09:39:57,2025-12-02T14:38:56,1,Q1526147
21532,Titiribí,2890,ANT,48,CO,adm2,,,6.06276000,-75.79370000,Titiribí,8316,America/Bogota,"{""br"":""Titiribí"",""ko"":""티티리비"",""pt-BR"":""Titiribí"",""pt"":""Titiribí"",""nl"":""Titiribí"",""hr"":""Titiribí"",""fa"":""تیتیریبی"",""de"":""Titiribí"",""es"":""Titiribí"",""fr"":""Titiribí"",""ja"":""ティティリビ"",""it"":""Titiribí"",""zh-CN"":""蒂蒂里比"",""tr"":""Titiribí"",""ru"":""Титириби"",""uk"":""Тітірібі"",""pl"":""Titiribí"",""hi"":""टिटिरिबी"",""ar"":""تيتيريبي""}",2019-10-06T09:39:57,2025-12-02T14:39:31,1,Q544083
21533,Toca,2903,BOY,48,CO,adm2,,,5.56393000,-73.18398000,Tocante,3946,America/Bogota,"{""br"":""Toka"",""ko"":""토카"",""pt-BR"":""Toca"",""pt"":""Toca"",""nl"":""Toca"",""hr"":""Toca"",""fa"":""توکا"",""de"":""Toca"",""es"":""Toca"",""fr"":""Toca"",""ja"":""トカ"",""it"":""Tocca"",""zh-CN"":""托卡"",""tr"":""Toca"",""ru"":""Тока"",""uk"":""Тока"",""pl"":""Toca"",""hi"":""टीओसीए"",""ar"":""توكا""}",2019-10-06T09:39:57,2025-12-02T14:39:31,1,Q514196
21534,Tocaima,2875,CUN,48,CO,adm2,,,4.46073000,-74.65722000,Tocaiima,13649,America/Bogota,"{""br"":""Tocaima"",""ko"":""토카이마"",""pt-BR"":""Tocaima"",""pt"":""Tocaima"",""nl"":""Tocaima"",""hr"":""Tocaîma"",""fa"":""توکایما"",""de"":""Tocaima"",""es"":""Tocaima"",""fr"":""Tocaima"",""ja"":""トカイマ"",""it"":""Tocaima"",""zh-CN"":""托凯马"",""tr"":""Tocaima"",""ru"":""Токайма"",""uk"":""Токайма"",""pl"":""Tocaima"",""hi"":""तोकाइमा"",""ar"":""توكايما""}",2019-10-06T09:39:57,2025-12-02T17:11:50,1,Q1525235
21535,Tocancipá,2875,CUN,48,CO,adm2,,,4.96531000,-73.91301000,Tocancipá,15355,America/Bogota,"{""br"":""Tocancipá"",""ko"":""토칸시파"",""pt-BR"":""Tocancipá"",""pt"":""Tocancipá"",""nl"":""Tocancipá"",""hr"":""Tocancipá"",""fa"":""توکانسیپا"",""de"":""Tocancipá"",""es"":""Tocancipá"",""fr"":""Tocancipá"",""ja"":""トカンシパ"",""it"":""Tocancipá"",""zh-CN"":""托坎西帕"",""tr"":""Tocancipá"",""ru"":""Токансипа"",""uk"":""Токансіпа"",""pl"":""Tocancipá"",""hi"":""Tocancipa"",""ar"":""توكانسيبا""}",2019-10-06T09:39:57,2025-12-02T14:39:31,1,Q1442348
21536,Togüí,2903,BOY,48,CO,adm2,,,5.93462000,-73.51297000,Togüí,829,America/Bogota,"{""br"":""Togüí"",""ko"":""토귀"",""pt-BR"":""Togüí"",""pt"":""Togüí"",""nl"":""Togüí"",""hr"":""Togüí"",""fa"":""توگویی"",""de"":""Togüí"",""es"":""Togüí"",""fr"":""Togüí"",""ja"":""トギ"",""it"":""Togüí"",""zh-CN"":""托圭"",""tr"":""Togüí"",""ru"":""Тогуи"",""uk"":""Тоґуї"",""pl"":""Togüí"",""hi"":""तोगुई"",""ar"":""توغوي""}",2019-10-06T09:39:57,2025-12-02T14:39:31,1,Q1654994
21537,Toledo,2890,ANT,48,CO,adm2,,,7.01306000,-75.69528000,Toledo,0,America/Bogota,"{""br"":""Toledo"",""ko"":""톨레도"",""pt-BR"":""Toledo"",""pt"":""Toledo"",""nl"":""Toledo"",""hr"":""Toledo"",""fa"":""تولدو"",""de"":""Toledo"",""es"":""Toledo"",""fr"":""Tolède"",""ja"":""トレド"",""it"":""Toledo"",""zh-CN"":""托莱多"",""tr"":""Toledo"",""ru"":""Толедо"",""uk"":""Толедо"",""pl"":""Toledo"",""hi"":""टोलेडो"",""ar"":""توليدو""}",2019-10-06T09:39:57,2025-12-02T14:39:31,1,Q2078498
21538,Toledo,2877,NSA,48,CO,adm2,,,7.30984000,-72.48295000,Toledo,5911,America/Bogota,"{""br"":""Toledo"",""ko"":""톨레도"",""pt-BR"":""Toledo"",""pt"":""Toledo"",""nl"":""Toledo"",""hr"":""Toledo"",""fa"":""تولدو"",""de"":""Toledo"",""es"":""Toledo"",""fr"":""Tolède"",""ja"":""トレド"",""it"":""Toledo"",""zh-CN"":""托莱多"",""tr"":""Toledo"",""ru"":""Толедо"",""uk"":""Толедо"",""pl"":""Toledo"",""hi"":""टोलेडो"",""ar"":""توليدو""}",2019-10-06T09:39:57,2025-12-02T14:39:31,1,Q1525656
21539,Tolú Viejo,2902,SUC,48,CO,adm2,,,9.45082000,-75.43864000,Tolú Viejo,20033,America/Bogota,"{""br"":""Tolú Viejo"",""ko"":""톨루 비에호"",""pt-BR"":""Tolú Viejo"",""pt"":""Tolú Viejo"",""nl"":""Tolú Viejo"",""hr"":""Tolú Viejo"",""fa"":""تولو ویخو"",""de"":""Tolú Viejo"",""es"":""Tolú Viejo"",""fr"":""Tolú Viejo"",""ja"":""トル・ビエホ"",""it"":""Tolú Viejo"",""zh-CN"":""托卢维耶霍"",""tr"":""Tolú Viejo"",""ru"":""Толу Вьехо"",""uk"":""Толу-В'єхо"",""pl"":""Tolú Viejo"",""hi"":""तोलु विएजो"",""ar"":""تولو فيجو""}",2019-10-06T09:39:57,2025-12-02T14:39:31,1,Q652493
21540,Tona,2901,SAN,48,CO,adm2,,,7.15727000,-72.96559000,Su,627,America/Bogota,"{""br"":""Tona"",""ko"":""토나"",""pt-BR"":""Tona"",""pt"":""Tona"",""nl"":""Tona"",""hr"":""Tona"",""fa"":""تونا"",""de"":""Tona"",""es"":""Tona"",""fr"":""Tona"",""ja"":""トナ"",""it"":""Tona"",""zh-CN"":""托纳"",""tr"":""Tona"",""ru"":""Тона"",""uk"":""Тона"",""pl"":""Tona"",""hi"":""टोना"",""ar"":""تونا""}",2019-10-06T09:39:57,2025-12-02T14:39:31,1,Q1574932
21541,Topaipí,2875,CUN,48,CO,adm2,,,5.33457000,-74.30292000,Templo,1099,America/Bogota,"{""br"":""Topaipí"",""ko"":""토파이피"",""pt-BR"":""Topaipí"",""pt"":""Topaipí"",""nl"":""Topaipí"",""hr"":""Topaipí"",""fa"":""توپایپی"",""de"":""Topaipí"",""es"":""Topaipí"",""fr"":""Topaipi"",""ja"":""トパイピ"",""it"":""Topaipí"",""zh-CN"":""托帕伊皮"",""tr"":""Topaipí"",""ru"":""Топайпи"",""uk"":""Топайпі"",""pl"":""Topaipí"",""hi"":""टोपाइपी"",""ar"":""توبايبي""}",2019-10-06T09:39:57,2025-12-02T14:38:56,1,Q1656355
21542,Toribio,2884,CAU,48,CO,adm2,,,3.00000000,-76.16667000,Toribio,26616,America/Bogota,"{""br"":""Toribio"",""ko"":""토리비오"",""pt-BR"":""Toribio"",""pt"":""Toribio"",""nl"":""Toribio"",""hr"":""Toribio"",""fa"":""توریبیو"",""de"":""Toribio"",""es"":""Toribio"",""fr"":""Toribio"",""ja"":""トリビオ"",""it"":""Toribio"",""zh-CN"":""托里比奥"",""tr"":""Toribio"",""ru"":""Торибио"",""uk"":""Торібіо"",""pl"":""Toribio"",""hi"":""टोरिबियो"",""ar"":""توريبيو""}",2019-10-06T09:39:57,2025-12-02T17:11:50,1,Q1656355
21544,Toro,2904,VAC,48,CO,adm2,,,4.61167000,-76.08139000,Visita,15913,America/Bogota,"{""br"":""Toro"",""ko"":""토로"",""pt-BR"":""Touro"",""pt"":""Touro"",""nl"":""Toro"",""hr"":""Toro"",""fa"":""تورو"",""de"":""Toro"",""es"":""Toro"",""fr"":""Taureau"",""ja"":""トロ"",""it"":""Toro"",""zh-CN"":""托罗"",""tr"":""Boğa"",""ru"":""Торо"",""uk"":""Торо"",""pl"":""Byk"",""hi"":""टोरो"",""ar"":""تورو""}",2019-10-06T09:39:57,2025-12-02T14:38:56,1,Q1526212
21545,Tota,2903,BOY,48,CO,adm2,,,5.55833000,-72.98757000,Entero,774,America/Bogota,"{""br"":""Holl"",""ko"":""토타"",""pt-BR"":""Total"",""pt"":""Total"",""nl"":""Totaal"",""hr"":""Ukupno"",""fa"":""توتا"",""de"":""Gesamt"",""es"":""Total"",""fr"":""Total"",""ja"":""トタ"",""it"":""Totale"",""zh-CN"":""托塔"",""tr"":""Toplam"",""ru"":""Тота"",""uk"":""Тота"",""pl"":""Razem"",""hi"":""तोता"",""ar"":""توتا""}",2019-10-06T09:39:57,2025-12-02T14:39:31,1,Q517235
21546,Totoró,2884,CAU,48,CO,adm2,,,2.50518000,-76.39254000,Totoró,1888,America/Bogota,"{""br"":""Totoro"",""ko"":""토토로"",""pt-BR"":""Totoró"",""pt"":""Totoró"",""nl"":""Totoró"",""hr"":""Totoró"",""fa"":""توتورو"",""de"":""Totoro"",""es"":""Totoró"",""fr"":""Totoro"",""ja"":""トトロ"",""it"":""Totoro"",""zh-CN"":""托托罗"",""tr"":""Totoró"",""ru"":""Тоторо"",""uk"":""Тоторо"",""pl"":""Totoró"",""hi"":""टोटोरो"",""ar"":""توتورو""}",2019-10-06T09:39:57,2025-12-02T14:39:31,1,Q2405808
21548,Trinidad,2892,CAS,48,CO,city,,,5.34778000,-71.20194000,Trinidad,11478,America/Bogota,"{""br"":""Trinidad"",""ko"":""트리니다드"",""pt-BR"":""Trindade"",""pt"":""Trindade"",""nl"":""Trinidad"",""hr"":""Trinidad"",""fa"":""ترینیداد"",""de"":""Trinidad"",""es"":""Trinidad"",""fr"":""Trinité-et-Tobago"",""ja"":""トリニダード"",""it"":""Trinidad"",""zh-CN"":""特立尼达"",""tr"":""Trinidad"",""ru"":""Тринидад"",""uk"":""Тринідад"",""pl"":""Trynidad"",""hi"":""त्रिनिदाद"",""ar"":""ترينيداد""}",2019-10-06T09:39:57,2025-12-02T16:59:27,1,Q23681380
21549,Trujillo,2904,VAC,48,CO,adm2,,,4.23696000,-76.34730000,Trujillo,5874,America/Bogota,"{""br"":""Trujillo"",""ko"":""트루히요"",""pt-BR"":""Trujillo"",""pt"":""Trujillo"",""nl"":""Trujillo"",""hr"":""Trujillo"",""fa"":""تروخیو"",""de"":""Trujillo"",""es"":""Trujillo"",""fr"":""Trujillo"",""ja"":""トルヒージョ"",""it"":""Trujillo"",""zh-CN"":""特鲁希略"",""tr"":""Trujillo"",""ru"":""Трухильо"",""uk"":""Трухільйо"",""pl"":""Trujillo"",""hi"":""ट्रूजिलो"",""ar"":""تروخيو""}",2019-10-06T09:39:57,2025-12-02T17:11:50,1,Q1525974
21550,Tubará,2880,ATL,48,CO,city,,,10.87562000,-74.97873000,Tubará,8180,America/Bogota,"{""br"":""Tubará"",""ko"":""투바라"",""pt-BR"":""Tubará"",""pt"":""Tubará"",""nl"":""Tubará"",""hr"":""Tubará"",""fa"":""توبارا"",""de"":""Tubará"",""es"":""Tubará"",""fr"":""Tubará"",""ja"":""トゥバラ"",""it"":""Tubará"",""zh-CN"":""图巴拉"",""tr"":""Tubará"",""ru"":""Тубара"",""uk"":""Тубара"",""pl"":""Tubará"",""hi"":""टुबारा"",""ar"":""توبارا""}",2019-10-06T09:39:57,2025-12-02T14:39:31,1,Q1932814
21551,Tuluá,2904,VAC,48,CO,adm2,,,4.08466000,-76.19536000,Tuluá,221684,America/Bogota,"{""br"":""Tuluá"",""ko"":""툴루아"",""pt-BR"":""Tuluá"",""pt"":""Tuluá"",""nl"":""Tuluá"",""hr"":""Tuluá"",""fa"":""تولوآ"",""de"":""Tuluá"",""es"":""Tuluá"",""fr"":""Tuluá"",""ja"":""トゥルア"",""it"":""Tuluá"",""zh-CN"":""图卢阿"",""tr"":""Tuluá"",""ru"":""Тулуа"",""uk"":""Тулуа"",""pl"":""Tuluá"",""hi"":""तुलुआ"",""ar"":""تولوا""}",2019-10-06T09:39:57,2025-12-02T14:38:56,1,Q1002577
21552,Tumaco,2897,NAR,48,CO,adm2,,,1.79112000,-78.79275000,Tumaco,86713,America/Bogota,"{""br"":""Tumaco"",""ko"":""투마코"",""pt-BR"":""Tumaco"",""pt"":""Tumaco"",""nl"":""Tumaco"",""hr"":""Tumaco"",""fa"":""توماکو"",""de"":""Tumaco"",""es"":""Tumaco"",""fr"":""Tumaco"",""ja"":""トゥマコ"",""it"":""Tumaco"",""zh-CN"":""图马科"",""tr"":""Tumaco"",""ru"":""Тумако"",""uk"":""Тумако"",""pl"":""Tumaco"",""hi"":""टमेको"",""ar"":""توماكو""}",2019-10-06T09:39:57,2025-12-02T14:39:31,1,Q1005555
21553,Tunja,2903,BOY,48,CO,adm1,,,5.53528000,-73.36778000,Tunja,180572,America/Bogota,"{""br"":""Tunja"",""ko"":""툰자"",""pt-BR"":""Tunja"",""pt"":""Tunja"",""nl"":""Tunja"",""hr"":""Tunja"",""fa"":""تونجا"",""de"":""Tunja"",""es"":""Tunja"",""fr"":""Tunja"",""ja"":""トゥンジャ"",""it"":""Tunja"",""zh-CN"":""通哈"",""tr"":""Tunja"",""ru"":""Тунха"",""uk"":""Тунджа"",""pl"":""Tunja"",""hi"":""टंजा"",""ar"":""تونجا""}",2019-10-06T09:39:57,2025-12-02T14:38:56,1,Q236744
21554,Tununguá,2903,BOY,48,CO,adm2,,,5.72967000,-73.94137000,Julio,178,America/Bogota,"{""br"":""Tununguá"",""ko"":""투눙구아"",""pt-BR"":""Tununguá"",""pt"":""Tununguá"",""nl"":""Tununguá"",""hr"":""Tununguá"",""fa"":""تونونگوا"",""de"":""Tununguá"",""es"":""Tununguá"",""fr"":""Tununguá"",""ja"":""トゥヌングア"",""it"":""Tununguá"",""zh-CN"":""图农瓜"",""tr"":""Tununguá"",""ru"":""Тунунгуа"",""uk"":""Тунунгуа"",""pl"":""Tununguá"",""hi"":""टुनुंगुआ"",""ar"":""تونونغوا""}",2019-10-06T09:39:57,2025-12-02T14:39:31,1,Q1654497
21555,Turbaco,2893,BOL,48,CO,adm2,,,10.35707000,-75.38044000,Turbaco,115000,America/Bogota,"{""br"":""Turbaco"",""ko"":""터바코"",""pt-BR"":""Turbaco"",""pt"":""Turbaco"",""nl"":""Turbaco"",""hr"":""Turbaco"",""fa"":""تورباکو"",""de"":""Turbaco"",""es"":""Turbaco"",""fr"":""Turbaco"",""ja"":""ターバコ"",""it"":""Turbaco"",""zh-CN"":""图尔巴科"",""tr"":""Turbaco"",""ru"":""Турбако"",""uk"":""Турбако"",""pl"":""Turbaco"",""hi"":""टर्बैको"",""ar"":""تورباكو""}",2019-10-06T09:39:57,2025-12-02T17:11:50,1,Q2080243
21556,Turbaná,2893,BOL,48,CO,adm2,,,10.27169000,-75.44222000,Turbante,10235,America/Bogota,"{""br"":""Turbana"",""ko"":""투르바나"",""pt-BR"":""Turbaná"",""pt"":""Turbaná"",""nl"":""Tulband"",""hr"":""Turbana"",""fa"":""توربانا"",""de"":""Turbaná"",""es"":""Turbaná"",""fr"":""Turban"",""ja"":""トゥルバナ"",""it"":""Turbante"",""zh-CN"":""头巾"",""tr"":""Türban"",""ru"":""Турбан"",""uk"":""Тюрбана"",""pl"":""Turbana"",""hi"":""टर्बाना"",""ar"":""عمامة""}",2019-10-06T09:39:57,2025-12-02T14:39:31,1,Q1526061
21557,Turbo,2890,ANT,48,CO,adm2,,,8.09263000,-76.72822000,Turbo,50508,America/Bogota,"{""br"":""Turbo"",""ko"":""터보"",""pt-BR"":""Turbo"",""pt"":""Turbo"",""nl"":""Turbo"",""hr"":""Turbo"",""fa"":""توربو"",""de"":""Turbo"",""es"":""Turbo"",""fr"":""Turbo"",""ja"":""ターボ"",""it"":""Turbo"",""zh-CN"":""涡轮"",""tr"":""Turbo"",""ru"":""Турбо"",""uk"":""Турбо"",""pl"":""Turbo"",""hi"":""टर्बो"",""ar"":""توربيني""}",2019-10-06T09:39:57,2025-12-02T14:39:31,1,Q727559
21558,Turmequé,2903,BOY,48,CO,adm2,,,5.32360000,-73.49067000,Confusión,2901,America/Bogota,"{""br"":""Turmequé"",""ko"":""투르메케"",""pt-BR"":""Turmequé"",""pt"":""Turmequé"",""nl"":""Turmequé"",""hr"":""Turmequé"",""fa"":""تورمکه"",""de"":""Turmequé"",""es"":""Turmequé"",""fr"":""Turmequé"",""ja"":""トルメケ"",""it"":""Turmequé"",""zh-CN"":""图尔梅克"",""tr"":""Turmequé"",""ru"":""Турмеке"",""uk"":""Турмеке"",""pl"":""Turmequé"",""hi"":""टर्मेक्यू"",""ar"":""تورميكي""}",2019-10-06T09:39:57,2025-12-02T14:39:31,1,Q927087
21559,Tuta,2903,BOY,48,CO,adm2,,,5.68966000,-73.22779000,Total,1639,America/Bogota,"{""br"":""Tuta"",""ko"":""투타"",""pt-BR"":""Tuta"",""pt"":""Tuta"",""nl"":""Tuta"",""hr"":""Tuta"",""fa"":""توتا"",""de"":""Tuta"",""es"":""Tuta"",""fr"":""Tuta"",""ja"":""ツタ"",""it"":""Tuta"",""zh-CN"":""图塔"",""tr"":""Tuta"",""ru"":""Тута"",""uk"":""Тута"",""pl"":""Tuta"",""hi"":""टूटा"",""ar"":""توتا""}",2019-10-06T09:39:57,2025-12-02T14:38:56,1,Q742239
21560,Tutazá,2903,BOY,48,CO,adm2,,,6.03228000,-72.85639000,Tutismo,292,America/Bogota,"{""br"":""Tutazá"",""ko"":""투타자"",""pt-BR"":""Tutazá"",""pt"":""Tutazá"",""nl"":""Tutazá"",""hr"":""Tutazá"",""fa"":""توتازا"",""de"":""Tutazá"",""es"":""Tutazá"",""fr"":""Tutazá"",""ja"":""トゥタザ"",""it"":""Tutazá"",""zh-CN"":""图塔扎"",""tr"":""Tutaza"",""ru"":""Тутаза"",""uk"":""Тутаса"",""pl"":""Tutazá"",""hi"":""तुताज़ा"",""ar"":""توتازا""}",2019-10-06T09:39:57,2025-12-02T14:39:31,1,Q735698
21561,Támara,2892,CAS,48,CO,adm2,,,5.82998000,-72.16286000,Támara,2007,America/Bogota,"{""br"":""Tamara"",""ko"":""타마라"",""pt-BR"":""Támara"",""pt"":""Támara"",""nl"":""Tamara"",""hr"":""Támara"",""fa"":""تامارا"",""de"":""Támara"",""es"":""Támara"",""fr"":""Tamara"",""ja"":""タマラ"",""it"":""Támara"",""zh-CN"":""塔玛拉"",""tr"":""Tamara"",""ru"":""Тамара"",""uk"":""Тамара"",""pl"":""Támara"",""hi"":""तमारा"",""ar"":""تمارا""}",2019-10-06T09:39:57,2025-12-02T14:39:31,1,Q529835
21562,Támesis,2890,ANT,48,CO,adm2,,,5.66462000,-75.71339000,Támesis,6406,America/Bogota,"{""br"":""Támesis"",""ko"":""타메시스"",""pt-BR"":""Támesis"",""pt"":""Támesis"",""nl"":""Támesis"",""hr"":""Tamesis"",""fa"":""تامسیس"",""de"":""Támesis"",""es"":""Támesis"",""fr"":""Tamesis"",""ja"":""タメシス"",""it"":""Támesis"",""zh-CN"":""泰米西斯"",""tr"":""Tamesis"",""ru"":""Тамесис"",""uk"":""Тамесіса"",""pl"":""Támesis"",""hi"":""तामेसिस"",""ar"":""تامسيس""}",2019-10-06T09:39:57,2025-12-02T14:39:31,1,Q1526001
21563,Tópaga,2903,BOY,48,CO,adm2,,,5.75979000,-72.82583000,Topaga,1014,America/Bogota,"{""br"":""Tópaga"",""ko"":""토파가"",""pt-BR"":""Tópaga"",""pt"":""Tópaga"",""nl"":""Topaga"",""hr"":""Tópaga"",""fa"":""توپاگا"",""de"":""Topaga"",""es"":""Tópaga"",""fr"":""Topaga"",""ja"":""トパガ"",""it"":""Topagia"",""zh-CN"":""托帕加"",""tr"":""Topaga"",""ru"":""Топага"",""uk"":""Топага"",""pl"":""Topaga"",""hi"":""टोपागा"",""ar"":""توباجا""}",2019-10-06T09:39:57,2025-12-02T14:39:31,1,Q1656317
21564,Túquerres,2897,NAR,48,CO,adm2,,,1.08647000,-77.61858000,Túquerres,41205,America/Bogota,"{""br"":""Túquerres"",""ko"":""투케레스"",""pt-BR"":""Tuquerres"",""pt"":""Tuquerres"",""nl"":""Tuquerres"",""hr"":""Túquerres"",""fa"":""توکره"",""de"":""Túquerres"",""es"":""Túquerres"",""fr"":""Tuquerres"",""ja"":""トゥケレス"",""it"":""Túquerres"",""zh-CN"":""图克雷斯"",""tr"":""Túquerres"",""ru"":""Тукеррес"",""uk"":""Тукеррес"",""pl"":""Túquerres"",""hi"":""टुक्वेरेस"",""ar"":""توكير""}",2019-10-06T09:39:57,2025-12-02T14:38:56,1,Q2373315
21565,Ubalá,2875,CUN,48,CO,city,,,4.74778000,-72.53694000,Ubalá,1886,America/Bogota,"{""br"":""Ubalá"",""ko"":""우발라"",""pt-BR"":""Ubalá"",""pt"":""Ubalá"",""nl"":""Ubalá"",""hr"":""Ubalá"",""fa"":""اوبالا"",""de"":""Ubalá"",""es"":""Ubalá"",""fr"":""Ubalá"",""ja"":""ウバラ"",""it"":""Ubalá"",""zh-CN"":""乌巴拉"",""tr"":""Ubala"",""ru"":""Убала"",""uk"":""Убала"",""pl"":""Ubalá"",""hi"":""Ubala"",""ar"":""أوبالا""}",2019-10-06T09:39:57,2025-12-02T14:39:31,1,Q1525790
21566,Ubaque,2875,CUN,48,CO,adm2,,,4.48667000,-73.93748000,Ubaque,1009,America/Bogota,"{""br"":""Ubaque"",""ko"":""우바크"",""pt-BR"":""Ubaque"",""pt"":""Ubaque"",""nl"":""Ubaque"",""hr"":""Ubaque"",""fa"":""اوباک"",""de"":""Ubaque"",""es"":""Ubaque"",""fr"":""Ubaque"",""ja"":""ウバケ"",""it"":""Ubaque"",""zh-CN"":""乌巴克"",""tr"":""Ubaque"",""ru"":""Убаке"",""uk"":""Убаке"",""pl"":""Ubaque"",""hi"":""उबाके"",""ar"":""أوباك""}",2019-10-06T09:39:57,2025-12-02T14:39:31,1,Q1574736
21567,Ulloa,2904,VAC,48,CO,adm2,,,4.70745000,-75.77781000,Ulloa,9135,America/Bogota,"{""br"":""Ulloa"",""ko"":""울로아"",""pt-BR"":""Ulloa"",""pt"":""Ulloa"",""nl"":""Ulloa"",""hr"":""Ulloa"",""fa"":""اولوا"",""de"":""Ulloa"",""es"":""Ulloa"",""fr"":""Ulloa"",""ja"":""ウロア"",""it"":""Ulloa"",""zh-CN"":""乌略亚"",""tr"":""Ulloa"",""ru"":""Ульоа"",""uk"":""Уллоа"",""pl"":""Ulloa"",""hi"":""उल्लोआ"",""ar"":""أولوا""}",2019-10-06T09:39:57,2025-12-02T14:39:31,1,Q1575644
21568,Umbita,2903,BOY,48,CO,adm2,,,5.18411000,-73.48341000,Umbita,10105,America/Bogota,"{""br"":""Umbita"",""ko"":""움비타"",""pt-BR"":""Umbita"",""pt"":""Umbita"",""nl"":""Umbita"",""hr"":""Umbita"",""fa"":""اومبیتا"",""de"":""Umbita"",""es"":""Umbita"",""fr"":""Umbita"",""ja"":""ウンビタ"",""it"":""Umbita"",""zh-CN"":""翁比塔"",""tr"":""Umbita"",""ru"":""Умбита"",""uk"":""Умбіта"",""pl"":""Umbita"",""hi"":""उमबिता"",""ar"":""أومبيتا""}",2019-10-06T09:39:57,2025-12-02T17:11:50,1,Q1575644
21569,Une,2875,CUN,48,CO,adm2,,,4.30691000,-74.07104000,Une,8014,America/Bogota,"{""br"":""Une"",""ko"":""우네"",""pt-BR"":""Uma"",""pt"":""Uma"",""nl"":""Een"",""hr"":""Une"",""fa"":""اونه"",""de"":""Une"",""es"":""Une"",""fr"":""Une"",""ja"":""ウネ"",""it"":""Uno"",""zh-CN"":""乌内"",""tr"":""Bir"",""ru"":""Уне"",""uk"":""Уне"",""pl"":""Jeden"",""hi"":""उने"",""ar"":""أون""}",2019-10-06T09:39:58,2025-12-02T17:11:50,1,Q1577653
21570,Unguía,2876,CHO,48,CO,adm2,,,8.04364000,-77.09137000,Unguía,14544,America/Bogota,"{""br"":""Unguía"",""ko"":""운기아"",""pt-BR"":""Unguia"",""pt"":""Unguia"",""nl"":""Unguía"",""hr"":""Unguía"",""fa"":""اونگویا"",""de"":""Unguía"",""es"":""Unguía"",""fr"":""Ongles"",""ja"":""ウンギア"",""it"":""Unguía"",""zh-CN"":""温吉亚"",""tr"":""Unguia"",""ru"":""Унгия"",""uk"":""Унгія"",""pl"":""Unguía"",""hi"":""उंगिया"",""ar"":""أونغيا""}",2019-10-06T09:39:58,2025-12-02T14:38:56,1,Q1525509
21571,Unión Panamericana,2876,CHO,48,CO,adm2,,,5.28139000,-76.63000000,Unión Panamericana,6590,America/Bogota,"{""br"":""Unvaniezh Panamerika"",""ko"":""유니온 파나메리카나"",""pt-BR"":""União Panamericana"",""pt"":""União Panamericana"",""nl"":""Unión Panamericana"",""hr"":""Unión Panamericana"",""fa"":""یونیون پان‌آمریکانا"",""de"":""Unión Panamericana"",""es"":""Unión Panamericana"",""fr"":""Union panaméricaine"",""ja"":""ユニオン・パンアメリカーナ"",""it"":""Unione Panamericana"",""zh-CN"":""泛美联盟"",""tr"":""Panamericana Birliği"",""ru"":""Unión Panamericana"",""uk"":""Панамериканська уніон"",""pl"":""Unia Panaamerykańska"",""hi"":""यूनियन पैनामेरिकाना"",""ar"":""الاتحاد البانامريكي""}",2019-10-06T09:39:58,2025-12-02T17:11:50,1,Q941447
21572,Uramita,2890,ANT,48,CO,adm2,,,6.89944000,-76.17417000,Uramita,2292,America/Bogota,"{""br"":""Uramita"",""ko"":""우라미타"",""pt-BR"":""Uramita"",""pt"":""Uramita"",""nl"":""Uramita"",""hr"":""Uramita"",""fa"":""اورامیتا"",""de"":""Uramita"",""es"":""Uramita"",""fr"":""Uramita"",""ja"":""ウラミタ"",""it"":""Uramita"",""zh-CN"":""浦田"",""tr"":""Uramita"",""ru"":""Урамита"",""uk"":""Ураміта"",""pl"":""Uramita"",""hi"":""उरामिता"",""ar"":""أوراميتا""}",2019-10-06T09:39:58,2025-12-02T14:39:31,1,Q1578712
21573,Uribia,2889,LAG,48,CO,city,,,12.02638000,-71.74887000,Uriben,117674,America/Bogota,"{""br"":""Uribia"",""ko"":""우리비아"",""pt-BR"":""Uribia"",""pt"":""Uribia"",""nl"":""Uribia"",""hr"":""Uribija"",""fa"":""اوریا"",""de"":""Uribia"",""es"":""Uribia"",""fr"":""Uribia"",""ja"":""ウリビア"",""it"":""Uribia"",""zh-CN"":""乌里维亚"",""tr"":""Uribia"",""ru"":""Урибия"",""uk"":""Урібія"",""pl"":""Uribia"",""hi"":""उरीबिया"",""ar"":""أوريبيا""}",2019-10-06T09:39:58,2025-12-02T16:59:27,1,Q2215403
21574,Urrao,2890,ANT,48,CO,city,,,6.31696000,-76.13420000,Similar,18846,America/Bogota,"{""br"":""Urrao"",""ko"":""우라오"",""pt-BR"":""Urrao"",""pt"":""Urrao"",""nl"":""Urrao"",""hr"":""Urrao"",""fa"":""اورائو"",""de"":""Urrao"",""es"":""Urrao"",""fr"":""Urrao"",""ja"":""ウラオ"",""it"":""Urrao"",""zh-CN"":""乌拉奥"",""tr"":""Urrao"",""ru"":""Уррао"",""uk"":""Уррао"",""pl"":""Urrao"",""hi"":""उराओ"",""ar"":""أوراو""}",2019-10-06T09:39:58,2025-12-02T14:39:31,1,Q1026557
21575,Urumita,2889,LAG,48,CO,adm2,,,10.55894000,-73.01232000,Urumita,8509,America/Bogota,"{""br"":""Urumita"",""ko"":""우루미타"",""pt-BR"":""Urumita"",""pt"":""Urumita"",""nl"":""Urumita"",""hr"":""Urumita"",""fa"":""ارومیتا"",""de"":""Urumita"",""es"":""Urumita"",""fr"":""Urumita"",""ja"":""うるみた"",""it"":""Urumita"",""zh-CN"":""乌鲁米塔"",""tr"":""Urumita"",""ru"":""Урумита"",""uk"":""Уруміта"",""pl"":""Urumita"",""hi"":""उरुमिता"",""ar"":""اوروميتا""}",2019-10-06T09:39:58,2025-12-02T14:39:31,1,Q1525847
21576,Usiacurí,2880,ATL,48,CO,adm2,,,10.74313000,-74.97604000,Usiacuri,9543,America/Bogota,"{""br"":""Usiacurí"",""ko"":""우시아쿠리"",""pt-BR"":""Usiacurí"",""pt"":""Usiacurí"",""nl"":""Gebruiken"",""hr"":""Usiacurí"",""fa"":""اوسیاکوری"",""de"":""Usiacurí"",""es"":""Usiacurí"",""fr"":""Usiacurí"",""ja"":""ウシアクリ"",""it"":""Usiacurí"",""zh-CN"":""乌西亚库里"",""tr"":""Usiacurí"",""ru"":""Усиакури"",""uk"":""Усіакурі"",""pl"":""Usiacurí"",""hi"":""उसियाकुरी"",""ar"":""أوسياكوري""}",2019-10-06T09:39:58,2025-12-02T14:39:31,1,Q2084023
21577,Valdivia,2890,ANT,48,CO,city,,,7.29382000,-75.39190000,Valdivia,11511,America/Bogota,"{""br"":""Valdivia"",""ko"":""발디비아"",""pt-BR"":""Valdívia"",""pt"":""Valdívia"",""nl"":""Valdivia"",""hr"":""Valdivia"",""fa"":""والدیویا"",""de"":""Valdivia"",""es"":""Valdivia"",""fr"":""Valdivia"",""ja"":""バルディビア"",""it"":""Valdivia"",""zh-CN"":""瓦尔迪维亚"",""tr"":""Valdivia"",""ru"":""Вальдивия"",""uk"":""Вальдівія"",""pl"":""Valdivia"",""hi"":""Valdivia"",""ar"":""فالديفيا""}",2019-10-06T09:39:58,2025-12-02T14:38:56,1,Q1525117
21578,Valencia,2898,COR,48,CO,adm2,,,8.23350000,-76.21428000,Valencia,34373,America/Bogota,"{""br"":""Valencia"",""ko"":""발렌시아"",""pt-BR"":""Valência"",""pt"":""Valência"",""nl"":""Valencia"",""hr"":""Valencia"",""fa"":""والنسیا"",""de"":""Valencia"",""es"":""Valencia"",""fr"":""Valence"",""ja"":""バレンシア"",""it"":""Valencia"",""zh-CN"":""瓦伦西亚"",""tr"":""Valensiya"",""ru"":""Валенсия"",""uk"":""Валенсія"",""pl"":""Walencja"",""hi"":""वालेंसिया"",""ar"":""فالنسيا""}",2019-10-06T09:39:58,2025-12-02T17:11:50,1,Q1983488
21579,Valle de San José,2901,SAN,48,CO,adm2,,,6.41984000,-73.12946000,Valle de San José,5315,America/Bogota,"{""br"":""Valle de San José"",""ko"":""발레 데 산호세"",""pt-BR"":""Vale de San José"",""pt"":""Vale de San José"",""nl"":""Vallei van San José"",""hr"":""Dolina San Joséa"",""fa"":""واله د سن خوزه"",""de"":""Valle de San José"",""es"":""Valle de San José"",""fr"":""Vallée de San José"",""ja"":""バジェ・デ・サン・ホセ"",""it"":""Valle di San José"",""zh-CN"":""圣何塞谷"",""tr"":""San José Vadisi"",""ru"":""Валье-де-Сан-Хосе"",""uk"":""Вальє-де-Сан-Хосе"",""pl"":""Dolina San José"",""hi"":""वैले डे सैन जोस"",""ar"":""وادي سان خوسيه""}",2019-10-06T09:39:58,2025-12-02T17:11:50,1,Q1657211
21580,Valle de San Juan,2883,TOL,48,CO,adm2,,,4.19869000,-75.11733000,Valle de San Juan,1486,America/Bogota,"{""br"":""Valle de San Juan"",""ko"":""발레 데 산 후안"",""pt-BR"":""Vale de San Juan"",""pt"":""Vale de San Juan"",""nl"":""Vallei van San Juan"",""hr"":""Dolina San Juana"",""fa"":""واله د سن خوان"",""de"":""Valle de San Juan"",""es"":""Valle de San Juan"",""fr"":""Vallée de San Juan"",""ja"":""バジェ・デ・サン・ファン"",""it"":""Valle di San Juan"",""zh-CN"":""圣胡安谷"",""tr"":""San Juan Vadisi"",""ru"":""Валье-де-Сан-Хуан"",""uk"":""Вальє-де-Сан-Хуан"",""pl"":""Dolina San Juan"",""hi"":""वैले डे सैन जुआन"",""ar"":""وادي سان خوان""}",2019-10-06T09:39:58,2025-12-02T14:39:31,1,Q1575444
21581,Valle del Guamuez,2896,PUT,48,CO,city,,,0.45250000,-76.91917000,Valle del Guamuez,9969,America/Bogota,"{""br"":""Traoñienn Gwamuez"",""ko"":""바예 델 과무에즈"",""pt-BR"":""Vale do Guamuez"",""pt"":""Vale do Guamuez"",""nl"":""Valle del Guamuez"",""hr"":""Dolina Guamüez"",""fa"":""واله دل گوآموز"",""de"":""Valle del Guamuez"",""es"":""Valle del Guamuez"",""fr"":""Vallée du Guamuez"",""ja"":""バジェ・デル・グアムエス"",""it"":""Valle del Guamuez"",""zh-CN"":""瓜穆埃兹谷"",""tr"":""Guamuez Vadisi"",""ru"":""Валье-дель-Гуамуэс"",""uk"":""Вальє-дель-Гуамуес"",""pl"":""Dolina Guamuez"",""hi"":""वैले डेल गुआमुएज़"",""ar"":""وادي غواموز""}",2019-10-06T09:39:58,2025-12-02T14:39:31,1,Q739165
21582,Valledupar,2899,CES,48,CO,adm1,,,10.46314000,-73.25322000,Valledupar,544134,America/Bogota,"{""br"":""Valledupar"",""ko"":""발레두파르"",""pt-BR"":""Valledupar"",""pt"":""Valledupar"",""nl"":""Valledupar"",""hr"":""Valledupar"",""fa"":""والدپار"",""de"":""Valledupar"",""es"":""Valledupar"",""fr"":""Valledupar"",""ja"":""バジェドゥパル"",""it"":""Valledupar"",""zh-CN"":""巴耶杜帕尔"",""tr"":""Valledupar"",""ru"":""Валледупар"",""uk"":""Валледупар"",""pl"":""Valledupar"",""hi"":""वैलेडयुपर"",""ar"":""فالدوبار""}",2019-10-06T09:39:58,2025-12-02T14:38:56,1,Q376903
21583,Valparaíso,2891,CAQ,48,CO,adm2,,,1.19403000,-75.70746000,Valparaíso,6324,America/Bogota,"{""br"":""Valparaíso"",""ko"":""발파라이소"",""pt-BR"":""Valparaíso"",""pt"":""Valparaíso"",""nl"":""Valparaiso"",""hr"":""Valparaíso"",""fa"":""والپارایزو"",""de"":""Valparaíso"",""es"":""Valparaíso"",""fr"":""Valparaiso"",""ja"":""バルパライソ"",""it"":""Valparaíso"",""zh-CN"":""瓦尔帕莱索"",""tr"":""Valparaíso"",""ru"":""Вальпараисо"",""uk"":""Вальпараїсо"",""pl"":""Valparaíso"",""hi"":""वालपाराइसो"",""ar"":""فالبارايسو""}",2019-10-06T09:39:58,2025-12-02T14:38:56,1,Q1577776
21584,Valparaíso,2890,ANT,48,CO,adm2,,,5.61500000,-75.62422000,Valparaíso,3626,America/Bogota,"{""br"":""Valparaíso"",""ko"":""발파라이소"",""pt-BR"":""Valparaíso"",""pt"":""Valparaíso"",""nl"":""Valparaiso"",""hr"":""Valparaíso"",""fa"":""والپارایزو"",""de"":""Valparaíso"",""es"":""Valparaíso"",""fr"":""Valparaiso"",""ja"":""バルパライソ"",""it"":""Valparaíso"",""zh-CN"":""瓦尔帕莱索"",""tr"":""Valparaíso"",""ru"":""Вальпараисо"",""uk"":""Вальпараїсо"",""pl"":""Valparaíso"",""hi"":""वालपाराइसो"",""ar"":""فالبارايسو""}",2019-10-06T09:39:58,2025-12-02T14:39:31,1,Q600927
21585,Vegachí,2890,ANT,48,CO,adm2,,,6.76141000,-74.79473000,Vegachi,9966,America/Bogota,"{""br"":""Vegachí"",""ko"":""베가치"",""pt-BR"":""Vegachi"",""pt"":""Vegachi"",""nl"":""Vegachí"",""hr"":""Vegachí"",""fa"":""وگاچی"",""de"":""Vegachí"",""es"":""Vegachí"",""fr"":""Vegachí"",""ja"":""ベガチ"",""it"":""Vegachí"",""zh-CN"":""维加奇"",""tr"":""Vegachi"",""ru"":""Вегачи"",""uk"":""Вегачі"",""pl"":""Vegachí"",""hi"":""वेगाची"",""ar"":""فيغاتشي""}",2019-10-06T09:39:58,2025-12-02T14:38:56,1,Q1576012
21586,Venadillo,2883,TOL,48,CO,adm2,,,4.69177000,-74.93669000,Venadillo,11310,America/Bogota,"{""br"":""Venadillo"",""ko"":""베나딜로"",""pt-BR"":""Venadillo"",""pt"":""Venadillo"",""nl"":""Venadillo"",""hr"":""Venadillo"",""fa"":""ونادیلو"",""de"":""Venadillo"",""es"":""Venadillo"",""fr"":""Venadillo"",""ja"":""ベナディージョ"",""it"":""Venadillo"",""zh-CN"":""维纳迪略"",""tr"":""Venadillo"",""ru"":""Венадильо"",""uk"":""Венадільйо"",""pl"":""Venadillo"",""hi"":""वेनाडिलो"",""ar"":""فيناديلو""}",2019-10-06T09:39:58,2025-12-02T14:39:31,1,Q1525428
21587,Venecia,2875,CUN,48,CO,adm2,,,4.08808000,-74.47746000,Venecia,1307,America/Bogota,"{""br"":""Venezia"",""ko"":""베네시아"",""pt-BR"":""Veneza"",""pt"":""Veneza"",""nl"":""Venetië"",""hr"":""Venecija"",""fa"":""ونیزیا"",""de"":""Venedig"",""es"":""Venecia"",""fr"":""Venise"",""ja"":""ヴェネシア"",""it"":""Venezia"",""zh-CN"":""维内西亚"",""tr"":""Venedik"",""ru"":""Венеция"",""uk"":""Венеція"",""pl"":""Wenecja"",""hi"":""वेनेशिया"",""ar"":""فينيسيا""}",2019-10-06T09:39:58,2025-12-02T14:39:31,1,Q2434762
21588,Venecia,2890,ANT,48,CO,adm2,,,5.95417000,-75.79904000,Venecia,10280,America/Bogota,"{""br"":""Venezia"",""ko"":""베네시아"",""pt-BR"":""Veneza"",""pt"":""Veneza"",""nl"":""Venetië"",""hr"":""Venecija"",""fa"":""ونیزیا"",""de"":""Venedig"",""es"":""Venecia"",""fr"":""Venise"",""ja"":""ヴェネシア"",""it"":""Venezia"",""zh-CN"":""维内西亚"",""tr"":""Venedik"",""ru"":""Венеция"",""uk"":""Венеція"",""pl"":""Wenecja"",""hi"":""वेनेशिया"",""ar"":""فينيسيا""}",2019-10-06T09:39:58,2025-12-02T17:11:50,1,Q525532
21589,Ventaquemada,2903,BOY,48,CO,adm2,,,5.35987000,-73.55032000,Ventaquemada,14404,America/Bogota,"{""br"":""Ventaquemada"",""ko"":""벤타케마다"",""pt-BR"":""Ventaquemada"",""pt"":""Ventaquemada"",""nl"":""Ventaquemada"",""hr"":""Ventaquemada"",""fa"":""ونتاکومادا"",""de"":""Ventaquemada"",""es"":""Ventaquemada"",""fr"":""Ventaquemada"",""ja"":""ベンタケマダ"",""it"":""Ventaquemada"",""zh-CN"":""文塔克马达"",""tr"":""Ventaquemada"",""ru"":""Вентакемада"",""uk"":""Вентаквемада"",""pl"":""Ventaquemada"",""hi"":""वेंटाक्वेमाडा"",""ar"":""فينتاكويمادا""}",2019-10-06T09:39:58,2025-12-02T17:11:50,1,Q1525707
21590,Vergara,2875,CUN,48,CO,adm2,,,5.13600000,-74.31539000,Vergara,7730,America/Bogota,"{""br"":""Vergara"",""ko"":""베르가라"",""pt-BR"":""Vergara"",""pt"":""Vergara"",""nl"":""Vergara"",""hr"":""Vergara"",""fa"":""ورگارا"",""de"":""Vergara"",""es"":""Vergara"",""fr"":""Vergara"",""ja"":""ベルガラ"",""it"":""Vergara"",""zh-CN"":""维加拉"",""tr"":""Vergara"",""ru"":""Вергара"",""uk"":""Вергара"",""pl"":""Vergara"",""hi"":""Vergara"",""ar"":""فيرغارا""}",2019-10-06T09:39:58,2025-12-02T17:11:50,1,Q1575601
21591,Versalles,2904,VAC,48,CO,adm2,,,4.66335000,-76.24649000,Versalles,8270,America/Bogota,"{""br"":""Versalles"",""ko"":""베르살레스"",""pt-BR"":""Versalles"",""pt"":""Versalles"",""nl"":""Versailles"",""hr"":""Versalles"",""fa"":""ورسال"",""de"":""Versalles"",""es"":""Versalles"",""fr"":""Versailles"",""ja"":""ヴェルサーユ"",""it"":""Versalles"",""zh-CN"":""凡尔赛"",""tr"":""Versalles"",""ru"":""Версаль"",""uk"":""Версаль"",""pl"":""Wersal"",""hi"":""वर्सालेस"",""ar"":""فيرساليس""}",2019-10-06T09:39:58,2025-12-02T17:11:50,1,Q1575339
21592,Vetas,2901,SAN,48,CO,adm2,,,7.30911000,-72.87122000,Vetas,1210,America/Bogota,"{""br"":""Vetas"",""ko"":""베타스"",""pt-BR"":""Vetas"",""pt"":""Vetas"",""nl"":""Vetas"",""hr"":""Vetas"",""fa"":""وتاس"",""de"":""Vetas"",""es"":""Vetas"",""fr"":""Vétas"",""ja"":""ヴェタス"",""it"":""Veterani"",""zh-CN"":""维塔斯"",""tr"":""Vetas"",""ru"":""Ветас"",""uk"":""Ветас"",""pl"":""Wety"",""hi"":""वेतास"",""ar"":""فيتاس""}",2019-10-06T09:39:58,2025-12-02T14:39:31,1,Q2184603
21593,Vianí,2875,CUN,48,CO,adm2,,,4.89579000,-74.55398000,Viaci,1586,America/Bogota,"{""br"":""Vianí"",""ko"":""비아니"",""pt-BR"":""Vianí"",""pt"":""Vianí"",""nl"":""Vianí"",""hr"":""Vianí"",""fa"":""ویانی"",""de"":""Vianí"",""es"":""Vianí"",""fr"":""Viani"",""ja"":""ヴィアニ"",""it"":""Viani"",""zh-CN"":""维亚尼"",""tr"":""Viani"",""ru"":""Виани"",""uk"":""Віані"",""pl"":""Vianí"",""hi"":""Viani"",""ar"":""فياني""}",2019-10-06T09:39:58,2025-12-02T14:39:31,1,Q1656656
21594,Victoria,2887,CAL,48,CO,adm2,,,5.45666000,-74.84061000,Victoria,9165,America/Bogota,"{""br"":""Victoria"",""ko"":""빅토리아"",""pt-BR"":""Vitória"",""pt"":""Vitória"",""nl"":""Victoria"",""hr"":""Viktorija"",""fa"":""ویکتوریا"",""de"":""Viktoria"",""es"":""Victoria"",""fr"":""Victoria"",""ja"":""ビクトリア"",""it"":""Vittoria"",""zh-CN"":""维多利亚"",""tr"":""Victoria"",""ru"":""Виктория"",""uk"":""Вікторія"",""pl"":""Wiktoria"",""hi"":""विक्टोरिया"",""ar"":""فيكتوريا""}",2019-10-06T09:39:58,2025-12-02T17:11:50,1,Q586109
21595,Vigía del Fuerte,2890,ANT,48,CO,adm2,,,6.58933000,-76.89599000,Vigía del Fuerte,5624,America/Bogota,"{""br"":""Vigía del Fuerte"",""ko"":""비히아 델 푸에르테"",""pt-BR"":""Vigía del Fuerte"",""pt"":""Vigía del Fuerte"",""nl"":""Vigía del Fuerte"",""hr"":""Vigía del Fuerte"",""fa"":""ویگیا دل فوئرته"",""de"":""Vigía del Fuerte"",""es"":""Vigía del Fuerte"",""fr"":""Vigía del Fuerte"",""ja"":""ヴィヒア・デル・フエルテ"",""it"":""Vigía del Fuerte"",""zh-CN"":""维吉亚德尔富埃尔特"",""tr"":""Vigía del Fuerte"",""ru"":""Вигия дель Фуэрте"",""uk"":""Вігіа-дель-Фуерте"",""pl"":""Vigía del Fuerte"",""hi"":""विगिया डेल फुएर्ते"",""ar"":""فيجيا ديل فويرتي""}",2019-10-06T09:39:58,2025-12-02T14:38:56,1,Q1655819
21596,Vijes,2904,VAC,48,CO,adm2,,,3.73283000,-76.49363000,Noticias,9787,America/Bogota,"{""br"":""Vijes"",""ko"":""비제스"",""pt-BR"":""Vijes"",""pt"":""Vijes"",""nl"":""Vijes"",""hr"":""Vijes"",""fa"":""ویجس"",""de"":""Vijes"",""es"":""Vijes"",""fr"":""Vijes"",""ja"":""ヴィジェス"",""it"":""Vijes"",""zh-CN"":""维耶斯"",""tr"":""Vijes"",""ru"":""Видес"",""uk"":""Вієс"",""pl"":""Vijes"",""hi"":""विजेस"",""ar"":""فيجيس""}",2019-10-06T09:39:58,2025-12-02T17:11:50,1,Q1579084
21597,Villa Rica,2884,CAU,48,CO,city,,,2.51420000,-76.84939000,Villa Rica,18761,America/Bogota,"{""br"":""Villa Rica"",""ko"":""빌라 리카"",""pt-BR"":""Vila Rica"",""pt"":""Vila Rica"",""nl"":""Villa Rica"",""hr"":""Vila Rica"",""fa"":""ویلا ریکا"",""de"":""Villa Rica"",""es"":""Villa Rica"",""fr"":""Villa Rica"",""ja"":""ヴィラリカ"",""it"":""Villa Rica"",""zh-CN"":""维拉里卡"",""tr"":""Villa Rica"",""ru"":""Вилла Рика"",""uk"":""Вілла Ріка"",""pl"":""Willa Rica"",""hi"":""विला रिका"",""ar"":""فيلا ريكا""}",2019-10-06T09:39:58,2025-12-02T14:39:31,1,Q2434767
21598,Villa de Leyva,2903,BOY,48,CO,adm2,,,5.67061000,-73.51554000,Villa de Leyva,5103,America/Bogota,"{""br"":""Villa de Leyva"",""ko"":""빌라 데 레이바"",""pt-BR"":""Vila de Leyva"",""pt"":""Vila de Leyva"",""nl"":""Villa de Leyva"",""hr"":""Vila de Leyva"",""fa"":""ویلا د لیوا"",""de"":""Villa de Leyva"",""es"":""Villa de Leyva"",""fr"":""Villa de Leyva"",""ja"":""ビジャ・デ・レイバ"",""it"":""Villa de Leyva"",""zh-CN"":""莱瓦镇"",""tr"":""Villa de Leyva"",""ru"":""Вилья-де-Лейва"",""uk"":""Вілла-де-Лейва"",""pl"":""Willa de Leyva"",""hi"":""विला डे लेवा"",""ar"":""فيلا دي ليفا""}",2019-10-06T09:39:58,2025-12-02T14:39:31,1,Q1409503
21599,Villa de San Diego de Ubate,2875,CUN,48,CO,adm2,,,5.31544000,-73.82045000,Villa de San Diego de Ubate,20485,America/Bogota,"{""br"":""Villa de San Diego de Ubate"",""ko"":""빌라 데 산 디에고 데 우바테"",""pt-BR"":""Vila de San Diego de Ubate"",""pt"":""Vila de San Diego de Ubate"",""nl"":""Villa de San Diego de Ubate"",""hr"":""Vila San Diego de Ubate"",""fa"":""ویلا د سن دیگو د اوباته"",""de"":""Villa de San Diego de Ubate"",""es"":""Villa de San Diego de Ubaté"",""fr"":""Villa de San Diego de Ubate"",""ja"":""ヴィラ・デ・サン・ディエゴ・デ・ウバテ"",""it"":""Villa de San Diego de Ubate"",""zh-CN"":""圣地亚哥德乌巴特别墅"",""tr"":""Villa de San Diego de Ubate"",""ru"":""Вилья-де-Сан-Диего-де-Убате"",""uk"":""Вілла-де-Сан-Дієго-де-Убате"",""pl"":""Willa San Diego de Ubate"",""hi"":""विला डे सैन डिएगो डे उबाटे"",""ar"":""فيلا سان دييغو دي أوباتي""}",2019-10-06T09:39:58,2025-12-02T14:39:31,1,Q1409503
21601,Villa del Rosario,2877,NSA,48,CO,adm2,,,7.75816000,-72.48182000,Villa del Rosario,69833,America/Bogota,"{""br"":""Villa del Rosario"",""ko"":""빌라 델 로사리오"",""pt-BR"":""Vila do Rosário"",""pt"":""Vila do Rosário"",""nl"":""Villa del Rosario"",""hr"":""Vila del Rosario"",""fa"":""ویلا دل روساریو"",""de"":""Villa del Rosario"",""es"":""Villa del Rosario"",""fr"":""Villa del Rosario"",""ja"":""ヴィラ・デル・ロサリオ"",""it"":""Villa del Rosario"",""zh-CN"":""罗萨里奥别墅"",""tr"":""Villa del Rosario"",""ru"":""Вилла дель Росарио"",""uk"":""Вілла дель Росаріо"",""pl"":""Willa del Rosario"",""hi"":""विला डेल रोसारियो"",""ar"":""فيلا ديل روساريو""}",2019-10-06T09:39:58,2025-12-02T14:38:56,1,Q923525
21602,Villagarzón,2896,PUT,48,CO,city,,,0.89663000,-76.72794000,Villagarzón,20785,America/Bogota,"{""br"":""Villagarzón"",""ko"":""빌라가르손"",""pt-BR"":""Villagarzón"",""pt"":""Villagarzón"",""nl"":""Villagarzón"",""hr"":""Villagarzón"",""fa"":""ویلاگارزون"",""de"":""Villagarzón"",""es"":""Villagarzón"",""fr"":""Villagarzón"",""ja"":""ビジャガルソン"",""it"":""Villagarzón"",""zh-CN"":""维拉加尔松"",""tr"":""Villagarzon"",""ru"":""Вильягарсон"",""uk"":""Вільягарсон"",""pl"":""Villagarzón"",""hi"":""विलागार्जोन"",""ar"":""فيلاجارزون""}",2019-10-06T09:39:58,2025-12-02T17:11:50,1,Q923525
21603,Villagómez,2875,CUN,48,CO,adm2,,,5.27372000,-74.19614000,Villagómez,779,America/Bogota,"{""br"":""Villagómez"",""ko"":""빌라고메즈"",""pt-BR"":""Villagómez"",""pt"":""Villagómez"",""nl"":""Villagómez"",""hr"":""Villagómez"",""fa"":""ویلاگومز"",""de"":""Villagómez"",""es"":""Villagómez"",""fr"":""Villagómez"",""ja"":""ビジャゴメス"",""it"":""Villagómez"",""zh-CN"":""维拉戈麦斯"",""tr"":""Villagómez"",""ru"":""Вильягомес"",""uk"":""Вільягомес"",""pl"":""Villagómez"",""hi"":""Villagomez"",""ar"":""فيلاغوميز""}",2019-10-06T09:39:58,2025-12-02T14:39:31,1,Q1655514
21604,Villahermosa,2883,TOL,48,CO,adm2,,,4.96503000,-75.15650000,Villahermosa,11196,America/Bogota,"{""br"":""Villahermosa"",""ko"":""비야에르모사"",""pt-BR"":""Villahermosa"",""pt"":""Villahermosa"",""nl"":""Villahermosa"",""hr"":""Villahermosa"",""fa"":""ویلاهرموسا"",""de"":""Villahermosa"",""es"":""Villahermosa"",""fr"":""Villahermosa"",""ja"":""ビジャエルモサ"",""it"":""Villahermosa"",""zh-CN"":""比亚埃尔莫萨"",""tr"":""Villahermosa"",""ru"":""Вильяэрмоса"",""uk"":""Вільяермоса"",""pl"":""Villahermosa"",""hi"":""विलेहर्मोसा"",""ar"":""فيلاهيرموسا""}",2019-10-06T09:39:58,2025-12-02T17:11:50,1,Q1575039
21605,Villamaría,2887,CAL,48,CO,adm2,,,4.95078000,-75.43680000,Villamaría,46322,America/Bogota,"{""br"":""Villamaría"",""ko"":""빌라마리아"",""pt-BR"":""Villamaria"",""pt"":""Villamaria"",""nl"":""Villamaría"",""hr"":""Villamaría"",""fa"":""ویلاماریا"",""de"":""Villamaría"",""es"":""Villamaría"",""fr"":""Villamaría"",""ja"":""ビジャマリア"",""it"":""Villamaria"",""zh-CN"":""维拉玛丽亚"",""tr"":""Villamaria"",""ru"":""Вильямария"",""uk"":""Вільямарія"",""pl"":""Villamaría"",""hi"":""विलामारिया"",""ar"":""فيلاماريا""}",2019-10-06T09:39:58,2025-12-02T17:11:50,1,Q961399
21606,Villanueva,2901,SAN,48,CO,adm2,,,6.67169000,-73.17421000,Villanueva,3707,America/Bogota,"{""br"":""Villanueva"",""ko"":""빌라누에바"",""pt-BR"":""Vila Nova"",""pt"":""Vila Nova"",""nl"":""Villanueva"",""hr"":""Villanueva"",""fa"":""ویلانوئوا"",""de"":""Villanueva"",""es"":""Villanueva"",""fr"":""Villanueva"",""ja"":""ビジャヌエバ"",""it"":""Villanueva"",""zh-CN"":""维拉努埃瓦"",""tr"":""Villanueva"",""ru"":""Вильянуэва"",""uk"":""Вільянуева"",""pl"":""Villanueva"",""hi"":""Villanueva"",""ar"":""فيلانوفا""}",2019-10-06T09:39:58,2025-12-02T14:39:31,1,Q942314
21607,Villanueva,2892,CAS,48,CO,city,,,5.28333000,-71.96667000,Villanueva,31727,America/Bogota,"{""br"":""Villanueva"",""ko"":""빌라누에바"",""pt-BR"":""Vila Nova"",""pt"":""Vila Nova"",""nl"":""Villanueva"",""hr"":""Villanueva"",""fa"":""ویلانوئوا"",""de"":""Villanueva"",""es"":""Villanueva"",""fr"":""Villanueva"",""ja"":""ビジャヌエバ"",""it"":""Villanueva"",""zh-CN"":""维拉努埃瓦"",""tr"":""Villanueva"",""ru"":""Вильянуэва"",""uk"":""Вільянуева"",""pl"":""Villanueva"",""hi"":""Villanueva"",""ar"":""فيلانوفا""}",2019-10-06T09:39:58,2025-12-02T14:39:31,1,Q23680807
21608,Villanueva,2889,LAG,48,CO,adm2,,,10.58333000,-72.96077000,Villanueva,21806,America/Bogota,"{""br"":""Villanueva"",""ko"":""빌라누에바"",""pt-BR"":""Vila Nova"",""pt"":""Vila Nova"",""nl"":""Villanueva"",""hr"":""Villanueva"",""fa"":""ویلانوئوا"",""de"":""Villanueva"",""es"":""Villanueva"",""fr"":""Villanueva"",""ja"":""ビジャヌエバ"",""it"":""Villanueva"",""zh-CN"":""维拉努埃瓦"",""tr"":""Villanueva"",""ru"":""Вильянуэва"",""uk"":""Вільянуева"",""pl"":""Villanueva"",""hi"":""Villanueva"",""ar"":""فيلانوفا""}",2019-10-06T09:39:58,2025-12-02T17:11:50,1,Q1442429
21609,Villanueva,2893,BOL,48,CO,adm2,,,10.44759000,-75.26574000,Villanueva,12791,America/Bogota,"{""br"":""Villanueva"",""ko"":""빌라누에바"",""pt-BR"":""Vila Nova"",""pt"":""Vila Nova"",""nl"":""Villanueva"",""hr"":""Villanueva"",""fa"":""ویلانوئوا"",""de"":""Villanueva"",""es"":""Villanueva"",""fr"":""Villanueva"",""ja"":""ビジャヌエバ"",""it"":""Villanueva"",""zh-CN"":""维拉努埃瓦"",""tr"":""Villanueva"",""ru"":""Вильянуэва"",""uk"":""Вільянуева"",""pl"":""Villanueva"",""hi"":""Villanueva"",""ar"":""فيلانوفا""}",2019-10-06T09:39:58,2025-12-02T14:39:31,1,Q2433377
21610,Villapinzón,2875,CUN,48,CO,adm2,,,5.21617000,-73.59490000,Villapinzón,5874,America/Bogota,"{""br"":""Villapinzón"",""ko"":""빌라핀존"",""pt-BR"":""Villapinzón"",""pt"":""Villapinzón"",""nl"":""Villapinzón"",""hr"":""Villapinzón"",""fa"":""ویلاپینزون"",""de"":""Villapinzón"",""es"":""Villapinzón"",""fr"":""Villapinzón"",""ja"":""ビジャピンソン"",""it"":""Villapinzón"",""zh-CN"":""维拉平松"",""tr"":""Villapinzon"",""ru"":""Вильяпинсон"",""uk"":""Вільяпінсон"",""pl"":""Villapinzón"",""hi"":""विलापिन्ज़ोन"",""ar"":""فيلابينزون""}",2019-10-06T09:39:58,2025-12-02T14:39:31,1,Q1526073
21611,Villarrica,2883,TOL,48,CO,adm2,,,3.83099000,-74.65258000,Villarrica,5449,America/Bogota,"{""br"":""Villarrica"",""ko"":""빌라리카"",""pt-BR"":""Villarrica"",""pt"":""Villarrica"",""nl"":""Villarrica"",""hr"":""Villarrica"",""fa"":""ویلاریکا"",""de"":""Villarrica"",""es"":""Villarrica"",""fr"":""Villarrica"",""ja"":""ビジャリカ"",""it"":""Villarrica"",""zh-CN"":""比亚里卡"",""tr"":""Villarrica"",""ru"":""Вильяррика"",""uk"":""Вільярріка"",""pl"":""Villarrica"",""hi"":""विलिरिका"",""ar"":""فيلاريكا""}",2019-10-06T09:39:58,2025-12-02T17:11:50,1,Q1577347
21612,Villavicencio,2878,MET,48,CO,adm1,,,4.07424000,-73.49150000,Villavicencio,664148,America/Bogota,"{""br"":""Villavicencio"",""ko"":""빌라비센시오"",""pt-BR"":""Villavicêncio"",""pt"":""Villavicêncio"",""nl"":""Villavicencio"",""hr"":""Villavicencio"",""fa"":""ویلاویچنسیو"",""de"":""Villavicencio"",""es"":""Villavicencio"",""fr"":""Villavicencio"",""ja"":""ビジャビセンシオ"",""it"":""Villavicencio"",""zh-CN"":""比亚维森西奥"",""tr"":""Villavicencio"",""ru"":""Вильявисенсио"",""uk"":""Вільявісенсіо"",""pl"":""Villavicencio"",""hi"":""विलाविसेनियो"",""ar"":""فيلافيسينسيو""}",2019-10-06T09:39:58,2025-12-02T17:11:50,1,Q23680819
21613,Villeta,2875,CUN,48,CO,adm2,,,5.00008000,-74.50498000,Villeta,43574,America/Bogota,"{""br"":""Villeta"",""ko"":""빌레타"",""pt-BR"":""Villeta"",""pt"":""Villeta"",""nl"":""Villeta"",""hr"":""Villeta"",""fa"":""ویلت"",""de"":""Villeta"",""es"":""Villeta"",""fr"":""Villeta"",""ja"":""ヴィレタ"",""it"":""Villetta"",""zh-CN"":""维列塔"",""tr"":""Villeta"",""ru"":""Вильета"",""uk"":""Вільєта"",""pl"":""Villeta"",""hi"":""विलेटा"",""ar"":""فيليتا""}",2019-10-06T09:39:58,2025-12-02T17:11:50,1,Q1440837
21614,Viotá,2875,CUN,48,CO,adm2,,,4.43713000,-74.52157000,Viota,13567,America/Bogota,"{""br"":""Viotá"",""ko"":""비오타"",""pt-BR"":""Viotá"",""pt"":""Viotá"",""nl"":""Viotá"",""hr"":""Viotá"",""fa"":""ویوتا"",""de"":""Viotá"",""es"":""Viotá"",""fr"":""Viota"",""ja"":""ヴィオタ"",""it"":""Viotá"",""zh-CN"":""维奥塔"",""tr"":""Viota"",""ru"":""Виота"",""uk"":""Віота"",""pl"":""Viotá"",""hi"":""विओटा"",""ar"":""فيوتا""}",2019-10-06T09:39:58,2025-12-02T14:38:56,1,Q1524864
21615,Viracachá,2903,BOY,48,CO,adm2,,,5.43637000,-73.29606000,Viracachá,541,America/Bogota,"{""br"":""Viracachá"",""ko"":""비라카차"",""pt-BR"":""Viracachá"",""pt"":""Viracachá"",""nl"":""Viracachá"",""hr"":""Viracachá"",""fa"":""ویراکاچا"",""de"":""Viracachá"",""es"":""Viracachá"",""fr"":""Viracachá"",""ja"":""ビラチャチャ"",""it"":""Viracachá"",""zh-CN"":""维拉卡查"",""tr"":""Viracachá"",""ru"":""Виракача"",""uk"":""Віракача"",""pl"":""Viracachá"",""hi"":""विराकाचा"",""ar"":""فيراكاتشا""}",2019-10-06T09:39:58,2025-12-02T14:39:31,1,Q1655106
21616,Vistahermosa,2878,MET,48,CO,adm2,,,3.12428000,-73.75156000,Vistahermosa,4282,America/Bogota,"{""br"":""Vistahermosa"",""ko"":""비스타에르모사"",""pt-BR"":""Vistahermosa"",""pt"":""Vistahermosa"",""nl"":""Vistahermosa"",""hr"":""Vistahermosa"",""fa"":""ویستاهرموسا"",""de"":""Vistahermosa"",""es"":""Vistahermosa"",""fr"":""Vistahermosa"",""ja"":""ビスタエルモサ"",""it"":""Vistahermosa"",""zh-CN"":""维斯塔埃尔莫萨"",""tr"":""Vistahermosa"",""ru"":""Вистаэрмоса"",""uk"":""Вістахермоса"",""pl"":""Vistahermosa"",""hi"":""विस्टाहर्मोसा"",""ar"":""فيستاهيرموسا""}",2019-10-06T09:39:58,2025-12-02T14:39:31,1,Q1442495
21617,Viterbo,2887,CAL,48,CO,adm2,,,5.06242000,-75.87159000,Viterbo,12432,America/Bogota,"{""br"":""Viterbo"",""ko"":""비테르보"",""pt-BR"":""Viterbo"",""pt"":""Viterbo"",""nl"":""Viterbo"",""hr"":""Viterbo"",""fa"":""ویتربو"",""de"":""Viterbo"",""es"":""Viterbo"",""fr"":""Viterbe"",""ja"":""ヴィテルボ"",""it"":""Viterbo"",""zh-CN"":""维泰博"",""tr"":""Viterbo"",""ru"":""Витербо"",""uk"":""Вітербо"",""pl"":""Viterbo"",""hi"":""Viterbo"",""ar"":""فيتربو""}",2019-10-06T09:39:58,2025-12-02T14:38:56,1,Q1525310
21618,Vélez,2901,SAN,48,CO,adm2,,,6.23274000,-73.72582000,Vélez,19376,America/Bogota,"{""br"":""Vélez"",""ko"":""벨레스"",""pt-BR"":""Vélez"",""pt"":""Vélez"",""nl"":""Velez"",""hr"":""Vélez"",""fa"":""ولز"",""de"":""Vélez"",""es"":""Vélez"",""fr"":""Vélez"",""ja"":""ベレス"",""it"":""Vélez"",""zh-CN"":""贝莱斯"",""tr"":""Vélez"",""ru"":""Велес"",""uk"":""Велес"",""pl"":""Vélez"",""hi"":""वेलेज"",""ar"":""فيليز""}",2019-10-06T09:39:58,2025-12-02T17:11:50,1,Q1525651
21619,Yacopí,2875,CUN,48,CO,adm2,,,5.45948000,-74.33823000,Yacopí,10887,America/Bogota,"{""br"":""Yacopí"",""ko"":""야코피"",""pt-BR"":""Yacopí"",""pt"":""Yacopí"",""nl"":""Yacopí"",""hr"":""Yacopí"",""fa"":""یاکوپی"",""de"":""Yacopí"",""es"":""Yacopí"",""fr"":""Yacopí"",""ja"":""ヤコピ"",""it"":""Yacopí"",""zh-CN"":""亚科皮"",""tr"":""Yacopí"",""ru"":""Якопи"",""uk"":""Якопі"",""pl"":""Yacopí"",""hi"":""याकोपी"",""ar"":""ياكوبي""}",2019-10-06T09:39:58,2025-12-02T14:39:31,1,Q1525351
21620,Yacuanquer,2897,NAR,48,CO,adm2,,,1.11577000,-77.40169000,Yacuanquer,9965,America/Bogota,"{""br"":""Yacuanquer"",""ko"":""야쿠안커"",""pt-BR"":""Yacuanquer"",""pt"":""Yacuanquer"",""nl"":""Yacuanquer"",""hr"":""Yacuanquer"",""fa"":""یاکوانکر"",""de"":""Yacuanquer"",""es"":""Yacuanquer"",""fr"":""Yacuanquer"",""ja"":""ヤクアンケル"",""it"":""Yacuanquer"",""zh-CN"":""亚夸恩克尔"",""tr"":""Yacuanquer"",""ru"":""Якуанкер"",""uk"":""Якуанкер"",""pl"":""Yacuanquer"",""hi"":""याकुआंकर"",""ar"":""ياكوانكير""}",2019-10-06T09:39:58,2025-12-02T14:38:56,1,Q1578989
21621,Yalí,2890,ANT,48,CO,adm2,,,6.70257000,-74.79018000,yalili,7734,America/Bogota,"{""br"":""Yalí"",""ko"":""얄리"",""pt-BR"":""Yalí"",""pt"":""Yalí"",""nl"":""Yali"",""hr"":""Yalí"",""fa"":""یالی"",""de"":""Yalí"",""es"":""Yalí"",""fr"":""Yalí"",""ja"":""ヤリ"",""it"":""Yalí"",""zh-CN"":""亚利"",""tr"":""Yalí"",""ru"":""Яли"",""uk"":""Ялі"",""pl"":""Yalí"",""hi"":""याली"",""ar"":""يالي""}",2019-10-06T09:39:58,2025-12-02T14:38:56,1,Q1576665
21622,Yarumal,2890,ANT,48,CO,adm2,,,6.98532000,-75.45402000,Yarumal,41542,America/Bogota,"{""br"":""Yarumal"",""ko"":""야루말"",""pt-BR"":""Yarumal"",""pt"":""Yarumal"",""nl"":""Yarumal"",""hr"":""Yarumal"",""fa"":""یارومال"",""de"":""Yarumal"",""es"":""Yarumal"",""fr"":""Yarumal"",""ja"":""ヤルマル"",""it"":""Yarumal"",""zh-CN"":""亚鲁马尔"",""tr"":""Yarumal"",""ru"":""Ярумал"",""uk"":""Ярумал"",""pl"":""Yarumal"",""hi"":""यारुमाल"",""ar"":""يارومال""}",2019-10-06T09:39:58,2025-12-02T17:11:50,1,Q1576665
21623,Yavaraté,2885,VAU,48,CO,city,,,0.82828000,-69.62959000,Yamasité,1269,America/Bogota,"{""br"":""Yavaraté"",""ko"":""야바라테"",""pt-BR"":""Yavaraté"",""pt"":""Yavaraté"",""nl"":""Yavaraté"",""hr"":""Yavaraté"",""fa"":""یاواراته"",""de"":""Yavaraté"",""es"":""Yavaraté"",""fr"":""Yavaraté"",""ja"":""ヤバラテ"",""it"":""Yavaraté"",""zh-CN"":""亚瓦拉特"",""tr"":""Yavarate"",""ru"":""Яварате"",""uk"":""Яварате"",""pl"":""Yavaraté"",""hi"":""यावराटे"",""ar"":""يافاراتي""}",2019-10-06T09:39:58,2025-12-02T16:59:27,1,Q1655686
21624,Yolombó,2890,ANT,48,CO,adm2,,,6.66569000,-74.99120000,Yolombó,23958,America/Bogota,"{""br"":""Yolombó"",""ko"":""욜롬보"",""pt-BR"":""Yolombó"",""pt"":""Yolombó"",""nl"":""Yolombó"",""hr"":""Yolombó"",""fa"":""یولومبو"",""de"":""Yolombó"",""es"":""Yolombó"",""fr"":""Yolombó"",""ja"":""ヨロンボ"",""it"":""Yolombó"",""zh-CN"":""约伦博"",""tr"":""Yolombó"",""ru"":""Йоломбо"",""uk"":""Йоломбо"",""pl"":""Yolombo"",""hi"":""योलोम्बो"",""ar"":""يولومبو""}",2019-10-06T09:39:59,2025-12-02T17:11:50,1,Q367639
21625,Yondó,2890,ANT,48,CO,adm2,,,6.90738000,-74.17686000,Yo,17597,America/Bogota,"{""br"":""Yondó"",""ko"":""욘도"",""pt-BR"":""Yondó"",""pt"":""Yondó"",""nl"":""Yondó"",""hr"":""Yondó"",""fa"":""یوندو"",""de"":""Yondó"",""es"":""Yondó"",""fr"":""Yondó"",""ja"":""ヨンド"",""it"":""Yondó"",""zh-CN"":""永多"",""tr"":""Yondó"",""ru"":""Йондо"",""uk"":""Йондо"",""pl"":""Yondó"",""hi"":""Yondo"",""ar"":""يوندو""}",2019-10-06T09:39:59,2025-12-02T17:11:50,1,Q367639
21626,Yopal,2892,CAS,48,CO,adm1,,,5.33775000,-72.39586000,Yopal,179355,America/Bogota,"{""br"":""Yopal"",""ko"":""요팔"",""pt-BR"":""Yopal"",""pt"":""Yopal"",""nl"":""Yopal"",""hr"":""Yopal"",""fa"":""یوپال"",""de"":""Yopal"",""es"":""Yopal"",""fr"":""Yopal"",""ja"":""ヨパル"",""it"":""Yopal"",""zh-CN"":""约帕尔"",""tr"":""Yopal"",""ru"":""Йопал"",""uk"":""Йопал"",""pl"":""Yopal"",""hi"":""योपाल"",""ar"":""يوبال""}",2019-10-06T09:39:59,2025-12-02T14:38:56,1,Q13591
21627,Yotoco,2904,VAC,48,CO,adm2,,,3.86048000,-76.38364000,Yotoco,8362,America/Bogota,"{""br"":""Yotoco"",""ko"":""요토코"",""pt-BR"":""Yotoco"",""pt"":""Yotoco"",""nl"":""Yotoco"",""hr"":""Yotoco"",""fa"":""یوتوکو"",""de"":""Yotoco"",""es"":""Yotoco"",""fr"":""Yotoco"",""ja"":""ヨトコ"",""it"":""Yotoco"",""zh-CN"":""约托科"",""tr"":""Yotoco"",""ru"":""Йотокко"",""uk"":""Йотоко"",""pl"":""Yotoco"",""hi"":""योटोको"",""ar"":""يوتوكو""}",2019-10-06T09:39:59,2025-12-02T14:39:31,1,Q543996
21628,Yumbo,2904,VAC,48,CO,adm2,,,3.58234000,-76.49146000,Yumbo,71436,America/Bogota,"{""br"":""Yumbo"",""ko"":""윰보"",""pt-BR"":""Yumbo"",""pt"":""Yumbo"",""nl"":""Yumbo"",""hr"":""Yumbo"",""fa"":""یومبو"",""de"":""Yumbo"",""es"":""Yumbo"",""fr"":""Yumbo"",""ja"":""ユンボ"",""it"":""Yumbo"",""zh-CN"":""云博"",""tr"":""Yumbo"",""ru"":""Юмбо"",""uk"":""Юмбо"",""pl"":""Yumbo"",""hi"":""यम्बो"",""ar"":""يومبو""}",2019-10-06T09:39:59,2025-12-02T14:39:31,1,Q735378
21629,Zambrano,2893,BOL,48,CO,adm2,,,9.74823000,-74.88487000,Zambrano,11367,America/Bogota,"{""br"":""Zambrano"",""ko"":""잠브라노"",""pt-BR"":""Zambrano"",""pt"":""Zambrano"",""nl"":""Zambrano"",""hr"":""Zambrano"",""fa"":""زامبرانو"",""de"":""Zambrano"",""es"":""Zambrano"",""fr"":""Zambrano"",""ja"":""ザンブラノ"",""it"":""Zambrano"",""zh-CN"":""桑布拉诺"",""tr"":""Zambrano"",""ru"":""Самбрано"",""uk"":""Замбрано"",""pl"":""Zambrano"",""hi"":""ज़ाम्ब्रानो"",""ar"":""زامبرانو""}",2019-10-06T09:39:59,2025-12-02T17:11:50,1,Q746961
21630,Zapatoca,2901,SAN,48,CO,adm2,,,6.81532000,-73.26768000,Zapatoca,6052,America/Bogota,"{""br"":""Zapatoca"",""ko"":""사파토카"",""pt-BR"":""Zapatoca"",""pt"":""Zapatoca"",""nl"":""Zapatoca"",""hr"":""Zapatoca"",""fa"":""زاپاتوکا"",""de"":""Zapatoca"",""es"":""Zapatoca"",""fr"":""Zapatoca"",""ja"":""サパトカ"",""it"":""Zapatoca"",""zh-CN"":""萨帕托卡"",""tr"":""Zapatoca"",""ru"":""Сапатока"",""uk"":""Сапатока"",""pl"":""Zapatoca"",""hi"":""ज़ापाटोका"",""ar"":""زاباتوكا""}",2019-10-06T09:39:59,2025-12-02T14:39:31,1,Q1574792
21631,Zapayán,2886,MAG,48,CO,adm2,,,10.11846000,-74.69143000,Zapayán,8642,America/Bogota,"{""br"":""Zapayán"",""ko"":""자파얀"",""pt-BR"":""Zapayán"",""pt"":""Zapayán"",""nl"":""Zapayán"",""hr"":""Zapayán"",""fa"":""زاپایان"",""de"":""Zapayán"",""es"":""Zapayán"",""fr"":""Zapayán"",""ja"":""サパヤン"",""it"":""Zapayán"",""zh-CN"":""扎帕扬"",""tr"":""Zapayán"",""ru"":""Сапаян"",""uk"":""Сапаян"",""pl"":""Zapayán"",""hi"":""ज़ापायान"",""ar"":""زابايان""}",2019-10-06T09:39:59,2025-12-02T17:11:50,1,Q544335
21632,Zaragoza,2890,ANT,48,CO,adm2,,,7.48971000,-74.86919000,Zaragoza,24067,America/Bogota,"{""br"":""Zaragoza"",""ko"":""사라고사"",""pt-BR"":""Saragoça"",""pt"":""Saragoça"",""nl"":""Zaragoza"",""hr"":""Zaragoza"",""fa"":""ساراگوسا"",""de"":""Saragossa"",""es"":""Zaragoza"",""fr"":""Saragosse"",""ja"":""サラゴサ"",""it"":""Saragozza"",""zh-CN"":""萨拉戈萨"",""tr"":""Zaragoza"",""ru"":""Сарагоса"",""uk"":""Сарагоса"",""pl"":""Saragossa"",""hi"":""ज़रागोज़ा"",""ar"":""سرقسطة""}",2019-10-06T09:39:59,2025-12-02T14:38:56,1,Q1441664
21633,Zarzal,2904,VAC,48,CO,adm2,,,4.39462000,-76.07150000,Zarzal,28761,America/Bogota,"{""br"":""Zarzal"",""ko"":""자르잘"",""pt-BR"":""Zarzal"",""pt"":""Zarzal"",""nl"":""Zarzal"",""hr"":""Zarzal"",""fa"":""زرزال"",""de"":""Zarzal"",""es"":""Zarzal"",""fr"":""Zarzal"",""ja"":""ザルザル"",""it"":""Zarzal"",""zh-CN"":""扎扎尔"",""tr"":""Zarzal"",""ru"":""Зарзал"",""uk"":""Зарзал"",""pl"":""Zarzal"",""hi"":""ज़र्ज़ाल"",""ar"":""زرزال""}",2019-10-06T09:39:59,2025-12-02T14:39:31,1,Q2434788
21634,Zetaquira,2903,BOY,48,CO,adm2,,,5.25824000,-73.18275000,Cetaquira,1047,America/Bogota,"{""br"":""Zetaquira"",""ko"":""제타키라"",""pt-BR"":""Zetaquira"",""pt"":""Zetaquira"",""nl"":""Zetaquira"",""hr"":""Zetaquira"",""fa"":""زتاکویرا"",""de"":""Zetaquira"",""es"":""Zetaquirá"",""fr"":""Zetaquirá"",""ja"":""ゼタキラ"",""it"":""Zetaquira"",""zh-CN"":""泽塔基拉"",""tr"":""Zetaquira"",""ru"":""Зетакира"",""uk"":""Зетакірі"",""pl"":""Zetaquira"",""hi"":""ज़ेटाक्विरा"",""ar"":""زيتاكويرا""}",2019-10-06T09:39:59,2025-12-02T14:39:31,1,Q1654785
21635,Zipacón,2875,CUN,48,CO,adm2,,,4.75881000,-74.38017000,Zipacón,1480,America/Bogota,"{""br"":""Zipacón"",""ko"":""지파콘"",""pt-BR"":""Zipacón"",""pt"":""Zipacón"",""nl"":""Zipacón"",""hr"":""Zipacón"",""fa"":""زیپاکون"",""de"":""Zipacón"",""es"":""Zipacón"",""fr"":""Zipacón"",""ja"":""シパコン"",""it"":""Zipacón"",""zh-CN"":""西帕贡"",""tr"":""Zipacon"",""ru"":""Сипакон"",""uk"":""Зіпакон"",""pl"":""Zipacón"",""hi"":""ज़िपाकोन"",""ar"":""زيباكون""}",2019-10-06T09:39:59,2025-12-02T14:39:31,1,Q1654791
21636,Zipaquirá,2875,CUN,48,CO,adm2,,,5.02208000,-74.00481000,Zipaquirá,146356,America/Bogota,"{""br"":""Zipaquirá"",""ko"":""지파키라"",""pt-BR"":""Zipaquirá"",""pt"":""Zipaquirá"",""nl"":""Zipaquirá"",""hr"":""Zipaquirá"",""fa"":""زیپاکوئیرا"",""de"":""Zipaquirá"",""es"":""Zipaquirá"",""fr"":""Zipaquirá"",""ja"":""シパキラ"",""it"":""Zipaquirá"",""zh-CN"":""西帕基拉"",""tr"":""Zipaquirá"",""ru"":""Сипакира"",""uk"":""Сіпакірі"",""pl"":""Zipaquirá"",""hi"":""जिपाक्विरा"",""ar"":""زيباكويرا""}",2019-10-06T09:39:59,2025-12-02T14:38:56,1,Q205429
21637,Zona Bananera,2886,MAG,48,CO,adm2,,,10.76417000,-74.15722000,Zona Bananera,57004,America/Bogota,"{""br"":""Zona Bananera"",""ko"":""바나나 존"",""pt-BR"":""Zona Bananera"",""pt"":""Zona Bananera"",""nl"":""Bananengebied"",""hr"":""Zona Bananera"",""fa"":""زونا بانانرا"",""de"":""Zona Bananera"",""es"":""Zona Bananera"",""fr"":""Zone Banane"",""ja"":""ゾナ・バニャネラ"",""it"":""Zona Bananara"",""zh-CN"":""香蕉区"",""tr"":""Zona Bananera"",""ru"":""Зона Бананера"",""uk"":""Зона Бананера"",""pl"":""Strefa Bananowa"",""hi"":""ज़ोना बानानेरा"",""ar"":""منطقة الموز""}",2019-10-06T09:39:59,2025-12-02T17:11:50,1,Q2434796
21640,Útica,2875,CUN,48,CO,adm2,,,5.16977000,-74.50134000,Ultra,4941,America/Bogota,"{""br"":""Útica"",""ko"":""우티카"",""pt-BR"":""Útica"",""pt"":""Útica"",""nl"":""Utica"",""hr"":""Útica"",""fa"":""اوتیکا"",""de"":""Útica"",""es"":""Útica"",""fr"":""Útique"",""ja"":""ウティカ"",""it"":""Útica"",""zh-CN"":""乌蒂卡"",""tr"":""Útica"",""ru"":""Утика"",""uk"":""Утіка"",""pl"":""Utica"",""hi"":""यूटिका"",""ar"":""أوتيكا""}",2019-10-06T09:39:59,2025-12-02T17:11:50,1,Q23681561
143877,Acevedo,4871,HUI,48,CO,adm2,,,1.83611111,-75.85500000,Acevedo,4451,America/Bogota,"{""br"":""Acevedo"",""ko"":""아세베도"",""pt-BR"":""Acevedo"",""pt"":""Acevedo"",""nl"":""Acevedo"",""hr"":""Acevedo"",""fa"":""آسودو"",""de"":""Acevedo"",""es"":""Acevedo"",""fr"":""Acevedo"",""ja"":""アセベド"",""it"":""Acevedo"",""zh-CN"":""阿塞韦多"",""tr"":""Acevedo"",""ru"":""Асеведо"",""uk"":""Асеведо"",""pl"":""Acevedo"",""hi"":""एसिवेडो"",""ar"":""أسيفيدو""}",2020-08-16T06:23:13,2025-12-02T14:39:31,1,Q23697114
143878,Aipe,4871,HUI,48,CO,adm2,,,3.22194444,-75.23750000,Reciente,7964,America/Bogota,"{""br"":""Aipe"",""ko"":""아이페"",""pt-BR"":""Aipe"",""pt"":""Aipe"",""nl"":""Aipe"",""hr"":""Aipe"",""fa"":""آیپه"",""de"":""Aipe"",""es"":""Aipe"",""fr"":""Aipe"",""ja"":""アイペ"",""it"":""Aipe"",""zh-CN"":""艾佩"",""tr"":""Aipe"",""ru"":""Айпе"",""uk"":""Айпе"",""pl"":""Aipe"",""hi"":""आइपे"",""ar"":""أيبي""}",2020-08-16T06:23:13,2025-12-02T14:39:31,1,Q1524884
143879,Algeciras,4871,HUI,48,CO,city,,,2.52194444,-75.31444444,Algeciras,10792,America/Bogota,"{""br"":""Algeciras"",""ko"":""알헤시라스"",""pt-BR"":""Algeciras"",""pt"":""Algeciras"",""nl"":""Algeciras"",""hr"":""Algeciras"",""fa"":""الگسیراس"",""de"":""Algeciras"",""es"":""Algeciras"",""fr"":""Algésiras"",""ja"":""アルヘシラス"",""it"":""Algeciras"",""zh-CN"":""阿尔赫西拉斯"",""tr"":""Algeciras"",""ru"":""Альхесирас"",""uk"":""Альхесірас"",""pl"":""Algeciras"",""hi"":""अल्जेसिरस"",""ar"":""الجزيرة الخضراء""}",2020-08-16T06:23:13,2025-12-02T14:39:31,1,Q1441055
143880,Altamira,4871,HUI,48,CO,adm2,,,2.06333333,-75.78777778,Altamira,2123,America/Bogota,"{""br"":""Altamira"",""ko"":""알타미라"",""pt-BR"":""Altamira"",""pt"":""Altamira"",""nl"":""Altamira"",""hr"":""Altamira"",""fa"":""آلتامیرا"",""de"":""Altamira"",""es"":""Altamira"",""fr"":""Altamira"",""ja"":""アルタミラ"",""it"":""Altamira"",""zh-CN"":""阿尔塔米拉"",""tr"":""Altamira"",""ru"":""Альтамира"",""uk"":""Альтаміра"",""pl"":""Altamira"",""hi"":""अल्तामिरा"",""ar"":""ألتاميرا""}",2020-08-16T06:23:13,2025-12-02T14:39:31,1,Q1654714
143881,Baraya,4871,HUI,48,CO,adm2,,,3.15305556,-75.05250000,Hola,4402,America/Bogota,"{""br"":""Baraya"",""ko"":""바라야"",""pt-BR"":""Baraya"",""pt"":""Baraya"",""nl"":""Baraya"",""hr"":""Baraya"",""fa"":""باریا"",""de"":""Baraya"",""es"":""Baraya"",""fr"":""Baraya"",""ja"":""バラヤ"",""it"":""Baraya"",""zh-CN"":""巴拉亚"",""tr"":""Baraya"",""ru"":""Барая"",""uk"":""Барая"",""pl"":""Baraya"",""hi"":""बरया"",""ar"":""بارايا""}",2020-08-16T06:23:13,2025-12-02T14:39:31,1,Q977818
143882,Campoalegre,4871,HUI,48,CO,adm2,,,2.68666667,-75.32555556,Campoalegre,22568,America/Bogota,"{""br"":""Campoalegre"",""ko"":""캄포알레그레"",""pt-BR"":""Campoalegre"",""pt"":""Campoalegre"",""nl"":""Campoalegre"",""hr"":""Campoalegre"",""fa"":""کامپولگره"",""de"":""Campoalegre"",""es"":""Campoalegre"",""fr"":""Campoalegre"",""ja"":""カンポアレグレ"",""it"":""Campoalegre"",""zh-CN"":""坎波阿莱格雷"",""tr"":""Campoalegre"",""ru"":""Кампоалегри"",""uk"":""Кампоалегре"",""pl"":""Campoalegre"",""hi"":""कैम्पोआलेग्रे"",""ar"":""كامبواليجري""}",2020-08-16T06:23:13,2025-12-02T14:39:31,1,Q2327412
143883,Colombia,4871,HUI,48,CO,adm2,,,3.37500000,-74.80194444,Colombia,7040,America/Bogota,"{""br"":""Kolombia"",""ko"":""콜롬비아"",""pt-BR"":""Colômbia"",""pt"":""Colômbia"",""nl"":""Colombia"",""hr"":""Kolumbija"",""fa"":""کلمبیا"",""de"":""Kolumbien"",""es"":""Colombia"",""fr"":""Colombie"",""ja"":""コロンビア"",""it"":""Colombia"",""zh-CN"":""哥伦比亚"",""tr"":""Kolombiya"",""ru"":""Колумбия"",""uk"":""Колумбія"",""pl"":""Kolumbia"",""hi"":""कोलंबिया"",""ar"":""كولومبيا""}",2020-08-16T06:23:13,2025-12-02T14:39:31,1,Q1576192
143884,El Agrado,4871,HUI,48,CO,adm2,,,2.25833056,-75.77250000,El Agrado,4530,America/Bogota,"{""br"":""El Agrado"",""ko"":""엘 아그라도"",""pt-BR"":""El Agrado"",""pt"":""El Agrado"",""nl"":""De Agrado"",""hr"":""El Agrado"",""fa"":""ال آگرادو"",""de"":""El Agrado"",""es"":""El Agrado"",""fr"":""L'Agrado"",""ja"":""エル・アグラード"",""it"":""El Agrado"",""zh-CN"":""埃尔阿格拉多"",""tr"":""El Agrado"",""ru"":""Эль Аградо"",""uk"":""Ель Аградо"",""pl"":""Agrado"",""hi"":""एल एग्राडो"",""ar"":""إل أجرادو""}",2020-08-16T06:23:13,2025-12-02T14:39:31,1,Q1576785
143885,Elias,4871,HUI,48,CO,adm2,,,2.01361111,-75.93972222,Elias,1117,America/Bogota,"{""br"":""Elias"",""ko"":""엘리아스"",""pt-BR"":""Elias"",""pt"":""Elias"",""nl"":""Elias"",""hr"":""Ilija"",""fa"":""الیاس"",""de"":""Elias"",""es"":""Elías"",""fr"":""Élias"",""ja"":""エリアス"",""it"":""Elia"",""zh-CN"":""埃利亚斯"",""tr"":""İlyas"",""ru"":""Элиас"",""uk"":""Еліас"",""pl"":""Eliasz"",""hi"":""एलियास"",""ar"":""إلياس""}",2020-08-16T06:23:13,2025-12-02T14:39:31,1,Q1656750
143886,Garzón,4871,HUI,48,CO,adm2,,,2.19611111,-75.62916667,Garzón,29451,America/Bogota,"{""br"":""Garzón"",""ko"":""가르손"",""pt-BR"":""Garzón"",""pt"":""Garzón"",""nl"":""Garzón"",""hr"":""Garzón"",""fa"":""گارزون"",""de"":""Garzón"",""es"":""Garzón"",""fr"":""Garzón"",""ja"":""ガルソン"",""it"":""Garzón"",""zh-CN"":""加尔松"",""tr"":""Garzón"",""ru"":""Гарсон"",""uk"":""Гарсон"",""pl"":""Garzón"",""hi"":""गर्जोंन"",""ar"":""غارزون""}",2020-08-16T06:23:13,2025-12-02T14:39:31,1,Q1970613
143887,Gigante,4871,HUI,48,CO,city,,,2.38666944,-75.54610000,Gigante,35498,America/Bogota,"{""br"":""Gigante"",""ko"":""지간테"",""pt-BR"":""Gigante"",""pt"":""Gigante"",""nl"":""Gigant"",""hr"":""Gigante"",""fa"":""گیگانته"",""de"":""Gigante"",""es"":""Gigante"",""fr"":""Géant"",""ja"":""ギガンテ"",""it"":""Gigante"",""zh-CN"":""巨人"",""tr"":""Dev"",""ru"":""Гиганте"",""uk"":""Гіганте"",""pl"":""Gigant"",""hi"":""जिजांटे"",""ar"":""جيجانتي""}",2020-08-16T06:23:13,2025-12-02T14:38:56,1,Q919595
143888,Guadalupe,4871,HUI,48,CO,adm2,,,2.02500000,-75.75638889,Guadalupo,15913,America/Bogota,"{""br"":""Gwadalupa"",""ko"":""과달루페"",""pt-BR"":""Guadalupe"",""pt"":""Guadalupe"",""nl"":""Guadalupe"",""hr"":""Guadalupe"",""fa"":""گوادالوپ"",""de"":""Guadalupe"",""es"":""Guadalupe"",""fr"":""Guadalupe"",""ja"":""グアダルーペ"",""it"":""Guadalupe"",""zh-CN"":""瓜达卢佩"",""tr"":""Guadalupe"",""ru"":""Гваделупе"",""uk"":""Гваделупе"",""pl"":""Gwadelupa"",""hi"":""GUADALUPE"",""ar"":""غوادالوبي""}",2020-08-16T06:23:13,2025-12-02T14:39:31,1,Q1525875
143889,Hobo,4871,HUI,48,CO,adm2,,,2.58250000,-75.45111111,Obrero migratorio,4444,America/Bogota,"{""br"":""Hobo"",""ko"":""뜨내기 노동자"",""pt-BR"":""Vagabundo"",""pt"":""Vagabundo"",""nl"":""Zwerver"",""hr"":""Skitnica"",""fa"":""ولگرد"",""de"":""Landstreicher"",""es"":""Obrero migratorio"",""fr"":""Clochard"",""ja"":""ホーボー"",""it"":""Vagabondo"",""zh-CN"":""流浪汉"",""tr"":""Serseri"",""ru"":""Бродяга"",""uk"":""Бродяга"",""pl"":""Włóczęga"",""hi"":""आवारा"",""ar"":""المتشرد""}",2020-08-16T06:23:13,2025-12-02T14:39:31,1,Q751116
143890,Iquira,4871,HUI,48,CO,adm2,,,2.64833333,-75.63638889,Ichira,10627,America/Bogota,"{""br"":""Iquira"",""ko"":""이키라"",""pt-BR"":""Iquirá"",""pt"":""Iquirá"",""nl"":""Iquira"",""hr"":""Iquira"",""fa"":""ایکیرا"",""de"":""Iquira"",""es"":""Íquira"",""fr"":""Iquira"",""ja"":""イキラ"",""it"":""Iquira"",""zh-CN"":""伊基拉"",""tr"":""Iquira"",""ru"":""Икира"",""uk"":""Ікіра"",""pl"":""Iquira"",""hi"":""इक्विरा"",""ar"":""إيكويرا""}",2020-08-16T06:23:13,2025-12-02T14:38:56,1,Q1574768
143891,Isnos,4871,HUI,48,CO,adm2,,,1.92888889,-76.21583333,ISNOS,0,America/Bogota,"{""br"":""Isnos"",""ko"":""이스노스"",""pt-BR"":""Isnos"",""pt"":""Isnos"",""nl"":""Isnos"",""hr"":""Isnos"",""fa"":""ایسنوس"",""de"":""Isnos"",""es"":""Isnos"",""fr"":""Isnos"",""ja"":""イスノス"",""it"":""Isnos"",""zh-CN"":""伊斯诺斯"",""tr"":""Isnos"",""ru"":""Иснос"",""uk"":""Існос"",""pl"":""Isnos"",""hi"":""इस्नोस"",""ar"":""إسنوس""}",2020-08-16T06:23:13,2025-12-02T14:39:31,1,Q953401
143892,La Plata,4871,HUI,48,CO,adm2,,,2.39000000,-75.89194444,La Plata,19275,America/Bogota,"{""br"":""La Plata"",""ko"":""라 플라타"",""pt-BR"":""La Plata"",""pt"":""La Plata"",""nl"":""La Plata"",""hr"":""La Plata"",""fa"":""لا پلاتا"",""de"":""La Plata"",""es"":""La Plata"",""fr"":""La Plata"",""ja"":""ラプラタ"",""it"":""La Plata"",""zh-CN"":""拉普拉塔"",""tr"":""La Plata"",""ru"":""Ла-Плата"",""uk"":""Ла-Плата"",""pl"":""La Plata"",""hi"":""ला प्लाटा"",""ar"":""لا بلاتا""}",2020-08-16T06:23:13,2025-12-02T14:39:31,1,Q593144
143893,Nataga,4871,HUI,48,CO,adm2,,,2.54388889,-75.80861111,Nataga,2232,America/Bogota,"{""br"":""Nataga"",""ko"":""나타가"",""pt-BR"":""Nataga"",""pt"":""Nataga"",""nl"":""Nataga"",""hr"":""Nataga"",""fa"":""ناتاگا"",""de"":""Nataga"",""es"":""Nataga"",""fr"":""Nataga"",""ja"":""ナタガ"",""it"":""Nataga"",""zh-CN"":""纳塔加"",""tr"":""Nataga"",""ru"":""Натага"",""uk"":""Натага"",""pl"":""Nataga"",""hi"":""नतागा"",""ar"":""ناتاجا""}",2020-08-16T06:23:13,2025-12-02T14:39:31,1,Q600553
143894,Neiva,4871,HUI,48,CO,adm1,,,2.92750000,-75.28750000,Neiva,380019,America/Bogota,"{""br"":""Neiva"",""ko"":""네이바"",""pt-BR"":""Neiva"",""pt"":""Neiva"",""nl"":""Neiva"",""hr"":""Neiva"",""fa"":""نیوا"",""de"":""Neiva"",""es"":""Neiva"",""fr"":""Neiva"",""ja"":""ネイバ"",""it"":""Neiva"",""zh-CN"":""内瓦"",""tr"":""Neiva"",""ru"":""Нейва"",""uk"":""Нейва"",""pl"":""Neiva"",""hi"":""नीवा"",""ar"":""نيفا""}",2020-08-16T06:23:13,2025-12-02T14:38:56,1,Q638260
143895,Oporapa,4871,HUI,48,CO,adm2,,,2.02305556,-75.99527778,Resistencia,11111,America/Bogota,"{""br"":""Oporapa"",""ko"":""오포라파"",""pt-BR"":""Oporapa"",""pt"":""Oporapa"",""nl"":""Oporapa"",""hr"":""Oporapa"",""fa"":""اوپوراپا"",""de"":""Oporapa"",""es"":""Oporapa"",""fr"":""Oporapa"",""ja"":""オポラパ"",""it"":""Oporapa"",""zh-CN"":""奥波拉帕"",""tr"":""Oporapa"",""ru"":""Опорапа"",""uk"":""Опорапа"",""pl"":""Oporapa"",""hi"":""ओपोरापा"",""ar"":""أوبورابا""}",2020-08-16T06:23:13,2025-12-02T14:38:56,1,Q1575433
143896,Paicol,4871,HUI,48,CO,adm2,,,2.44972222,-75.77388889,Paicol,1681,America/Bogota,"{""br"":""Paicol"",""ko"":""파이콜"",""pt-BR"":""Paicol"",""pt"":""Paicol"",""nl"":""Paicol"",""hr"":""Paicol"",""fa"":""پایکول"",""de"":""Paicol"",""es"":""Paicol"",""fr"":""Paicol"",""ja"":""パイコル"",""it"":""Paicol"",""zh-CN"":""派科尔"",""tr"":""Paicol"",""ru"":""Пайкол"",""uk"":""Пайколь"",""pl"":""Paicol"",""hi"":""पैकोल"",""ar"":""بايكول""}",2020-08-16T06:23:13,2025-12-02T14:39:31,1,Q1655580
143897,Palermo,4871,HUI,48,CO,adm2,,,2.88833333,-75.43388889,Palermo,9896,America/Bogota,"{""br"":""Palermo"",""ko"":""팔레르모"",""pt-BR"":""Palermo"",""pt"":""Palermo"",""nl"":""Palermo"",""hr"":""Palermo"",""fa"":""پالرمو"",""de"":""Palermo"",""es"":""Palermo"",""fr"":""Palerme"",""ja"":""パレルモ"",""it"":""Palermo"",""zh-CN"":""巴勒莫"",""tr"":""Palermo"",""ru"":""Палермо"",""uk"":""Палермо"",""pl"":""Palermo"",""hi"":""पलेर्मो"",""ar"":""باليرمو""}",2020-08-16T06:23:13,2025-12-02T14:39:31,1,Q1442359
143898,Palestina,4871,HUI,48,CO,adm2,,,1.72250000,-76.13055556,Palestina,10454,America/Bogota,"{""br"":""Palestina"",""ko"":""팔레스타인"",""pt-BR"":""Palestina"",""pt"":""Palestina"",""nl"":""Palestina"",""hr"":""Palestina"",""fa"":""فلسطین"",""de"":""Palästina"",""es"":""Palestina"",""fr"":""Palestine"",""ja"":""パレスチナ"",""it"":""Palestina"",""zh-CN"":""巴勒斯坦"",""tr"":""Filistin"",""ru"":""Палестина"",""uk"":""Палестина"",""pl"":""Palestyna"",""hi"":""पलेस्टीना"",""ar"":""فلسطين""}",2020-08-16T06:23:13,2025-12-02T14:39:31,1,Q2083903
143899,Pital,4871,HUI,48,CO,adm2,,,2.26638889,-75.80444444,Pital,12835,America/Bogota,"{""br"":""Pital"",""ko"":""피탈"",""pt-BR"":""Pital"",""pt"":""Pital"",""nl"":""Ziekenhuis"",""hr"":""Pital"",""fa"":""پیتال"",""de"":""Pital"",""es"":""Pital"",""fr"":""Hôpital"",""ja"":""ピタル"",""it"":""Pital"",""zh-CN"":""医院"",""tr"":""Önemli"",""ru"":""Питал"",""uk"":""Пітал"",""pl"":""Pital"",""hi"":""पिटाल"",""ar"":""بيتال""}",2020-08-16T06:23:13,2025-12-02T14:38:56,1,Q23685010
143900,Pitalito,4871,HUI,48,CO,city,,,1.85388889,-76.05138889,Pitalito,133205,America/Bogota,"{""br"":""Pitalito"",""ko"":""피탈리토"",""pt-BR"":""Pitalito"",""pt"":""Pitalito"",""nl"":""Pitalito"",""hr"":""Pitalito"",""fa"":""پیتالیتو"",""de"":""Pitalito"",""es"":""Pitalito"",""fr"":""Pitalito"",""ja"":""ピタリト"",""it"":""Pitalito"",""zh-CN"":""皮塔利托"",""tr"":""Pitalito"",""ru"":""Питалито"",""uk"":""Піталіто"",""pl"":""Pitalito"",""hi"":""पिटालिटो"",""ar"":""بيتاليتو""}",2020-08-16T06:23:13,2025-12-02T14:38:56,1,Q1014922
143901,Rivera,4871,HUI,48,CO,adm2,,,2.77722222,-75.25638889,Rivera,22877,America/Bogota,"{""br"":""Rivera"",""ko"":""리베라"",""pt-BR"":""Rivera"",""pt"":""Rivera"",""nl"":""Rivier"",""hr"":""Rivera"",""fa"":""ریورا"",""de"":""Rivera"",""es"":""Rivera"",""fr"":""Rivera"",""ja"":""リベラ"",""it"":""Rivera"",""zh-CN"":""里维拉"",""tr"":""Rivera"",""ru"":""Ривера"",""uk"":""Рівера"",""pl"":""Rivera"",""hi"":""रिवेरा"",""ar"":""ريفيرا""}",2020-08-16T06:23:13,2025-12-02T14:38:56,1,Q23684493
143902,Saladoblanco,4871,HUI,48,CO,adm2,,,1.99333333,-76.04527778,Saladoblanco,10076,America/Bogota,"{""br"":""Saladoblanco"",""ko"":""살라다블랑코"",""pt-BR"":""Salada Blanco"",""pt"":""Salada Blanco"",""nl"":""Saladoblanco"",""hr"":""Saladoblanco"",""fa"":""سالادوبلانکو"",""de"":""Saladoblanco"",""es"":""Saladoblanco"",""fr"":""Saladoblanco"",""ja"":""サラドブランコ"",""it"":""Saladoblanco"",""zh-CN"":""萨拉多布兰科"",""tr"":""Salata beyazı"",""ru"":""Саладобланко"",""uk"":""Саладобланко"",""pl"":""Saladoblanco"",""hi"":""सलादोब्लैंको"",""ar"":""سالادوبلانكو""}",2020-08-16T06:23:13,2025-12-02T14:38:56,1,Q1579483
143903,San Agustín,4871,HUI,48,CO,city,,,1.87916667,-76.26833333,San Agustín,9481,America/Bogota,"{""br"":""San Agustín"",""ko"":""산 아구스틴"",""pt-BR"":""Santo Agostinho"",""pt"":""Santo Agostinho"",""nl"":""San Agustín"",""hr"":""San Agustín"",""fa"":""سن آگوستین"",""de"":""San Agustín"",""es"":""San Agustín"",""fr"":""Saint Augustin"",""ja"":""サン・アグスティン"",""it"":""San Agustín"",""zh-CN"":""圣奥古斯丁"",""tr"":""San Agustin"",""ru"":""Сан-Агустин"",""uk"":""Сан-Агустін"",""pl"":""Święty Agustín"",""hi"":""सैन अगस्टिन"",""ar"":""سان أوغستين""}",2020-08-16T06:23:13,2025-12-02T14:39:31,1,Q1010129
143904,Santa María,4871,HUI,48,CO,adm2,,,2.93777778,-75.58694444,Santa María,0,America/Bogota,"{""br"":""Santa María"",""ko"":""산타 마리아"",""pt-BR"":""Santa Maria"",""pt"":""Santa Maria"",""nl"":""Santa Maria"",""hr"":""Santa Maria"",""fa"":""سانتا ماریا"",""de"":""Santa María"",""es"":""Santa María"",""fr"":""Santa María"",""ja"":""サンタマリア"",""it"":""Santa Maria"",""zh-CN"":""圣玛丽亚"",""tr"":""Santa Maria"",""ru"":""Санта-Мария"",""uk"":""Санта-Марія"",""pl"":""Santa Maria"",""hi"":""सांता मारिया"",""ar"":""سانتا ماريا""}",2020-08-16T06:23:13,2025-12-02T14:39:31,1,Q1575656
143905,Suaza,4871,HUI,48,CO,adm2,,,1.97500000,-75.79555556,configuración,2481,America/Bogota,"{""br"":""Suaza"",""ko"":""수아자"",""pt-BR"":""Suaza"",""pt"":""Suaza"",""nl"":""Suaza"",""hr"":""Suaza"",""fa"":""سوزا"",""de"":""Suaza"",""es"":""Suaza"",""fr"":""Suaza"",""ja"":""スアザ"",""it"":""Suaza"",""zh-CN"":""苏阿萨"",""tr"":""Suaza"",""ru"":""Суаза"",""uk"":""Суаза"",""pl"":""Suaza"",""hi"":""सुआज़ा"",""ar"":""سوازا""}",2020-08-16T06:23:13,2025-12-02T14:39:31,1,Q1526187
143906,Tarqui,4871,HUI,48,CO,adm2,,,2.11055556,-75.82305556,Tarqui,16108,America/Bogota,"{""br"":""Tarqui"",""ko"":""타르키"",""pt-BR"":""Tarqui"",""pt"":""Tarqui"",""nl"":""Tarqui"",""hr"":""Tarqui"",""fa"":""تارکی"",""de"":""Tarqui"",""es"":""Tarqui"",""fr"":""Tarqui"",""ja"":""タルキ"",""it"":""Tarqui"",""zh-CN"":""塔尔基"",""tr"":""Tarqui"",""ru"":""Тарквий"",""uk"":""Таркі"",""pl"":""Tarqui"",""hi"":""तार्क़ी"",""ar"":""تاركي""}",2020-08-16T06:23:13,2025-12-02T14:38:56,1,Q1526198
143907,Tello,4871,HUI,48,CO,adm2,,,3.06666667,-75.13861111,Pato,10273,America/Bogota,"{""br"":""Tello"",""ko"":""텔로"",""pt-BR"":""Tello"",""pt"":""Tello"",""nl"":""Tello"",""hr"":""Tello"",""fa"":""تلو"",""de"":""Tello"",""es"":""Tello"",""fr"":""Tello"",""ja"":""テロ"",""it"":""Tello"",""zh-CN"":""特洛"",""tr"":""Tello"",""ru"":""Телло"",""uk"":""Тельо"",""pl"":""Tello"",""hi"":""टेलो"",""ar"":""تيلو""}",2020-08-16T06:23:13,2025-12-02T14:38:56,1,Q934561
143908,Teruel,4871,HUI,48,CO,adm2,,,2.74055556,-75.56833333,Teruel,3921,America/Bogota,"{""br"":""Teruel"",""ko"":""테루엘"",""pt-BR"":""Teruel"",""pt"":""Teruel"",""nl"":""Teruel"",""hr"":""Teruel"",""fa"":""تروئل"",""de"":""Teruel"",""es"":""Teruel"",""fr"":""Teruel"",""ja"":""テルエル"",""it"":""Teruel"",""zh-CN"":""特鲁埃尔"",""tr"":""Teruel"",""ru"":""Теруэль"",""uk"":""Теруель"",""pl"":""Teruel"",""hi"":""टेरुएल"",""ar"":""تيرويل""}",2020-08-16T06:23:13,2025-12-02T14:39:31,1,Q641800
143909,Tesalia,4871,HUI,48,CO,adm2,,,2.48472222,-75.73000000,curry,3981,America/Bogota,"{""br"":""Tesalia"",""ko"":""테살리아"",""pt-BR"":""Tesália"",""pt"":""Tesália"",""nl"":""Tesalia"",""hr"":""Tesalija"",""fa"":""تسالیا"",""de"":""Tesalia"",""es"":""Tesalia"",""fr"":""Tesalia"",""ja"":""テサリア"",""it"":""Tesalia"",""zh-CN"":""特萨利亚"",""tr"":""Tesalia"",""ru"":""Тесалия"",""uk"":""Тесалія"",""pl"":""Tesalia"",""hi"":""टेसालिया"",""ar"":""تيساليا""}",2020-08-16T06:23:13,2025-12-02T14:39:31,1,Q384534
143910,Timana,4871,HUI,48,CO,adm2,,,1.97136000,-75.93123000,CAROLINA,8203,America/Bogota,"{""br"":""Timana"",""ko"":""티마나"",""pt-BR"":""Timana"",""pt"":""Timana"",""nl"":""Timana"",""hr"":""Timana"",""fa"":""تیمانا"",""de"":""Timana"",""es"":""Timana"",""fr"":""Timana"",""ja"":""ティマナ"",""it"":""Timana"",""zh-CN"":""蒂玛纳"",""tr"":""Timana"",""ru"":""Тимана"",""uk"":""Тімана"",""pl"":""Timana"",""hi"":""तिमाना"",""ar"":""تيمانا""}",2020-08-16T06:23:13,2025-12-02T14:39:31,1,Q1441125
143911,Villavieja,4871,HUI,48,CO,adm2,,,3.21888889,-75.21833333,Villavieja,2730,America/Bogota,"{""br"":""Villavieja"",""ko"":""비야비에하"",""pt-BR"":""Villavieja"",""pt"":""Villavieja"",""nl"":""Villavieja"",""hr"":""Villavieja"",""fa"":""ویلاویخا"",""de"":""Villavieja"",""es"":""Villavieja"",""fr"":""Villavieja"",""ja"":""ビジャビエハ"",""it"":""Villavieja"",""zh-CN"":""比利亚维哈"",""tr"":""Villavieja"",""ru"":""Вильявьеха"",""uk"":""Вільявієха"",""pl"":""Villavieja"",""hi"":""विलाविएजा"",""ar"":""فيلافيجا""}",2020-08-16T06:23:13,2025-12-02T14:39:31,1,Q1574725
143912,Yaguará,4871,HUI,48,CO,adm2,,,2.66361111,-75.51750000,Yaguará,5724,America/Bogota,"{""br"":""Yaguará"",""ko"":""야구아라"",""pt-BR"":""Yaguará"",""pt"":""Yaguará"",""nl"":""Yaguará"",""hr"":""Yaguará"",""fa"":""یاگوارا"",""de"":""Yaguará"",""es"":""Yaguará"",""fr"":""Yaguará"",""ja"":""ヤグアラ"",""it"":""Yaguará"",""zh-CN"":""亚瓜拉"",""tr"":""Yaguará"",""ru"":""Ягуара"",""uk"":""Ягуара"",""pl"":""Yaguará"",""hi"":""Yaguara"",""ar"":""ياغوارا""}",2020-08-16T06:23:13,2025-12-02T14:39:31,1,Q23680863
149237,Bogotá D.C.,4921,DC,48,CO,capital,,,4.61263889,-74.07050000,Bogotá D.C.,7674366,America/Bogota,"{""br"":""Bogotá D.C"",""ko"":""보고타 D.C."",""pt-BR"":""Bogotá D.C"",""pt"":""Bogotá D.C"",""nl"":""Bogotá D.C"",""hr"":""Bogota D.C"",""fa"":""بوگوتا دی.سی."",""de"":""Bogotá D.C"",""es"":""Bogotá D.C"",""fr"":""Bogotá D.C"",""ja"":""ボゴタ D.C."",""it"":""Bogotà D.C"",""zh-CN"":""波哥大哥伦比亚特区"",""tr"":""Bogota D.C"",""ru"":""Богота, округ Колумбия"",""uk"":""Богота, округ Колумбія"",""pl"":""Bogotá D.C"",""hi"":""बोगोटा डी.सी."",""ar"":""بوغوتا العاصمة""}",2022-01-17T00:56:55,2025-12-02T14:39:31,1,Q2841
149238,Bosconia,2899,CES,48,CO,adm2,,,9.97611111,-73.89033333,Bosconia,40315,America/Bogota,"{""br"":""Boskonia"",""ko"":""보스코니아"",""pt-BR"":""Bósnia"",""pt"":""Bósnia"",""nl"":""Bosconia"",""hr"":""Bosconia"",""fa"":""بوسکونیا"",""de"":""Bosconia"",""es"":""Bosconia"",""fr"":""Bosconia"",""ja"":""ボスコニア"",""it"":""Bosconia"",""zh-CN"":""博斯科尼亚"",""tr"":""Bosna"",""ru"":""Боскония"",""uk"":""Босконія"",""pl"":""Bosconia"",""hi"":""बोस्कोनिया"",""ar"":""بوسكونيا""}",2022-01-17T00:56:55,2025-12-02T14:38:56,1,Q1391851
149239,Buenavista,2902,SUC,48,CO,adm2,,,9.31972222,-74.97166777,Buenavista,0,America/Bogota,"{""br"":""Buenavista"",""ko"":""부에나비스타"",""pt-BR"":""Buenavista"",""pt"":""Buenavista"",""nl"":""Buenavista"",""hr"":""Buenavista"",""fa"":""بوئناویستا"",""de"":""Buenavista"",""es"":""Buenavista"",""fr"":""Buenavista"",""ja"":""ブエナビスタ"",""it"":""Buonavista"",""zh-CN"":""布埃纳维斯塔"",""tr"":""İyi Seyahat"",""ru"":""Буэнависта"",""uk"":""Буенавіста"",""pl"":""Buenavista"",""hi"":""अच्छा दृश्य"",""ar"":""بوينافيستا""}",2022-01-17T00:56:55,2025-12-02T14:39:31,1,Q2430438
149240,El Dorado,2878,MET,48,CO,adm2,,,3.73916777,-73.83527888,El Dorado,0,America/Bogota,"{""br"":""El Dorado"",""ko"":""엘도라도"",""pt-BR"":""El Dorado"",""pt"":""El Dorado"",""nl"":""El Dorado"",""hr"":""El Dorado"",""fa"":""ال دورادو"",""de"":""El Dorado"",""es"":""El Dorado"",""fr"":""El Dorado"",""ja"":""エルドラド"",""it"":""El Dorado"",""zh-CN"":""埃尔多拉多"",""tr"":""El Dorado"",""ru"":""Эльдорадо"",""uk"":""Ельдорадо"",""pl"":""Eldorado"",""hi"":""एल डोराडो"",""ar"":""إلدورادو""}",2022-01-17T00:56:55,2025-12-02T14:39:31,1,Q1656681
149241,Guachené,2884,CAU,48,CO,adm2,,,3.13361111,-76.39255555,Guachené,0,America/Bogota,"{""br"":""Guachené"",""ko"":""과슈네"",""pt-BR"":""Guachené"",""pt"":""Guachené"",""nl"":""Guachené"",""hr"":""Guachené"",""fa"":""گواشن"",""de"":""Guachené"",""es"":""Guachené"",""fr"":""Guachené"",""ja"":""グアチェネ"",""it"":""Guachené"",""zh-CN"":""瓜谢内"",""tr"":""Guachené"",""ru"":""Гуачене"",""uk"":""Гуачене"",""pl"":""Guachené"",""hi"":""गुआचेने"",""ar"":""غواتشيني""}",2022-01-17T00:56:55,2025-12-02T14:38:56,1,Q3091297
149242,La Argentina,4871,HUI,48,CO,adm2,,,2.19755555,-75.98888888,La Argentina,4800,America/Bogota,"{""br"":""La Argentina"",""ko"":""라 아르헨티나"",""pt-BR"":""A Argentina"",""pt"":""A Argentina"",""nl"":""La Argentinië"",""hr"":""Argentina"",""fa"":""لا آرژانتین"",""de"":""La Argentina"",""es"":""La Argentina"",""fr"":""L'Argentine"",""ja"":""ラ・アルヘンティーナ"",""it"":""La Argentina"",""zh-CN"":""阿根廷"",""tr"":""Arjantin"",""ru"":""Ла Аргентина"",""uk"":""Ла Аргентина"",""pl"":""Argentyna"",""hi"":""ला अर्जेंटीना"",""ar"":""الأرجنتين""}",2022-01-17T00:56:55,2025-12-02T14:39:31,1,Q1578514
149243,La Salina,2892,CAS,48,CO,adm2,,,6.12755555,-72.33416777,La Salina,0,America/Bogota,"{""br"":""La Salina"",""ko"":""라 살리나"",""pt-BR"":""La Salina"",""pt"":""La Salina"",""nl"":""De zoutmijn"",""hr"":""La Salina"",""fa"":""لا سالینا"",""de"":""La Salina"",""es"":""La Salina"",""fr"":""La Salina"",""ja"":""ラ・サリナ"",""it"":""La Salina"",""zh-CN"":""拉萨利纳"",""tr"":""La Salina"",""ru"":""Ла Салина"",""uk"":""Ла Саліна"",""pl"":""Salina"",""hi"":""ला सलीना"",""ar"":""لا سالينا""}",2022-01-17T00:56:55,2025-12-02T14:39:31,1,Q952145
149244,Paz de Ariporo,2892,CAS,48,CO,adm2,,,5.88111111,-71.89166777,Paz de Ariporo,34446,America/Bogota,"{""br"":""Paz de Ariporo"",""ko"":""파스 데 아리포로"",""pt-BR"":""Paz de Ariporo"",""pt"":""Paz de Ariporo"",""nl"":""Paz de Ariporo"",""hr"":""Paz de Ariporo"",""fa"":""پاز د آریپورو"",""de"":""Paz de Ariporo"",""es"":""Paz de Ariporo"",""fr"":""Paz de Ariporo"",""ja"":""パズ・デ・アリポロ"",""it"":""Pace di Ariporo"",""zh-CN"":""帕兹·德·阿里波罗"",""tr"":""Ariporo Barışı"",""ru"":""Пас де Арипоро"",""uk"":""Пас-де-Аріпоро"",""pl"":""Paz de Ariporo"",""hi"":""पाज़ डे अरिपोरो"",""ar"":""باز دي أريبورو""}",2022-01-17T00:56:55,2025-12-02T14:39:31,1,Q1442453
149245,Piamonte,2884,CAU,48,CO,adm2,,,1.11583333,-76.32611111,Piamonte,0,America/Bogota,"{""br"":""Piamonte"",""ko"":""피아몬테"",""pt-BR"":""Piamonte"",""pt"":""Piamonte"",""nl"":""Piamonte"",""hr"":""Piamonte"",""fa"":""پیامونته"",""de"":""Piemont"",""es"":""Piamonte"",""fr"":""Piémont"",""ja"":""ピアモンテ"",""it"":""Piemonte"",""zh-CN"":""皮亚蒙特"",""tr"":""Piamonte"",""ru"":""Пьямонте"",""uk"":""П'ямонте"",""pl"":""Piamont"",""hi"":""पियामोंटे"",""ar"":""بيامونتي""}",2022-01-17T00:56:55,2025-12-02T14:39:31,1,Q1579367
149246,Providencia,2897,NAR,48,CO,adm2,,,1.23888999,-77.59755555,Providencia,0,America/Bogota,"{""br"":""Providencia"",""ko"":""프로비덴시아"",""pt-BR"":""Providência"",""pt"":""Providência"",""nl"":""Providencia"",""hr"":""Providencia"",""fa"":""پروویدنسیا"",""de"":""Providencia"",""es"":""Providencia"",""fr"":""Providence"",""ja"":""プロビデンシア"",""it"":""Providencia"",""zh-CN"":""普罗维登西亚"",""tr"":""Providencia"",""ru"":""Провиденсия"",""uk"":""Провіденсія"",""pl"":""Providencia"",""hi"":""प्रोविडेंसिया"",""ar"":""بروفيدنسيا""}",2022-01-17T00:56:55,2025-12-02T14:39:31,1,Q681111
149247,Pueblo Bello,2899,CES,48,CO,adm2,,,10.41638999,-73.58666777,Pueblo Bello,0,America/Bogota,"{""br"":""Pueblo Bello"",""ko"":""푸에블로 벨로"",""pt-BR"":""Povo Bello"",""pt"":""Povo Bello"",""nl"":""Dorp Bello"",""hr"":""Pueblo Bello"",""fa"":""پوئبلو بلو"",""de"":""Pueblo Bello"",""es"":""Pueblo Bello"",""fr"":""Pueblo Bello"",""ja"":""プエブロ・ベロ"",""it"":""Pueblo Bello"",""zh-CN"":""普韦布洛贝洛"",""tr"":""Pueblo Bello"",""ru"":""Пуэбло Белло"",""uk"":""Пуебло-Бельо"",""pl"":""Pueblo Bello"",""hi"":""पुएब्लो बेल्लो"",""ar"":""بويبلو بيلو""}",2022-01-17T00:56:55,2025-12-02T14:39:31,1,Q1526171
149248,Puerto Caicedo,2896,PUT,48,CO,adm2,,,0.68555555,-76.60444444,Puerto Caicedo,0,America/Bogota,"{""br"":""Puerto Caicedo"",""ko"":""푸에르토 카이세도"",""pt-BR"":""Porto Caicedo"",""pt"":""Porto Caicedo"",""nl"":""Puerto Caicedo"",""hr"":""Puerto Caicedo"",""fa"":""پورتو کایسدو"",""de"":""Puerto Caicedo"",""es"":""Puerto Caicedo"",""fr"":""Puerto Caicedo"",""ja"":""プエルト・カイセド"",""it"":""Porto Caicedo"",""zh-CN"":""卡塞多港"",""tr"":""Puerto Caicedo"",""ru"":""Пуэрто-Кайседо"",""uk"":""Пуерто-Кайседо"",""pl"":""Puerto Caicedo"",""hi"":""प्यूर्टो कैसेडो"",""ar"":""بويرتو كايسيدو""}",2022-01-17T00:56:55,2025-12-02T14:39:31,1,Q282117
149249,Santa Helena Del Opón,2901,SAN,48,CO,adm2,,,6.33916777,-73.61666777,Santa Helena Del Opón,0,America/Bogota,"{""br"":""Santa Helena Del Opón"",""ko"":""산타 헬레나 델 오폰"",""pt-BR"":""Santa Helena Del Opón"",""pt"":""Santa Helena Del Opón"",""nl"":""Santa Helena Del Opón"",""hr"":""Santa Helena del Opón"",""fa"":""سانتا هلنا دل اوپون"",""de"":""Santa Helena Del Opón"",""es"":""Santa Helena Del Opón"",""fr"":""Santa Helena Del Opón"",""ja"":""サンタ・エレナ・デル・オポン"",""it"":""Santa Helena Del Opón"",""zh-CN"":""圣赫勒拿德尔奥蓬"",""tr"":""Santa Helena Del Opón"",""ru"":""Санта-Элена-дель-Опон"",""uk"":""Санта-Хелена-дель-Опон"",""pl"":""Santa Helena Del Opón"",""hi"":""सांता हेलेना डेल ओपन"",""ar"":""سانتا هيلينا ديل أوبون""}",2022-01-17T00:56:55,2025-12-02T14:39:31,1,Q1655934
149250,Santa Rosa,2884,CAU,48,CO,adm2,,,1.70055666,-76.57277888,Santa Rosa,0,America/Bogota,"{""br"":""Santa Roza"",""ko"":""산타로사"",""pt-BR"":""Santa Rosa"",""pt"":""Santa Rosa"",""nl"":""Santa Rosa"",""hr"":""Santa Rosa"",""fa"":""سانتا روزا"",""de"":""Santa Rosa"",""es"":""Santa Rosa"",""fr"":""Santa Rosa"",""ja"":""サンタローザ"",""it"":""Santa Rosa"",""zh-CN"":""圣罗莎"",""tr"":""Santa Rosa"",""ru"":""Санта-Роза"",""uk"":""Санта-Роза"",""pl"":""Santa Rosa"",""hi"":""सांता रोजा"",""ar"":""سانتا روزا""}",2022-01-17T00:56:55,2025-12-02T14:39:31,1,Q2026818
149251,San José de Uré,2898,COR,48,CO,adm2,,,7.78722222,-75.53305666,San José de Uré,0,America/Bogota,"{""br"":""San José de Uré"",""ko"":""산 호세 데 우레"",""pt-BR"":""São José de Uré"",""pt"":""São José de Uré"",""nl"":""San José de Uré"",""hr"":""San José de Uré"",""fa"":""سن خوزه د اور"",""de"":""San José de Uré"",""es"":""San José de Uré"",""fr"":""San José de Uré"",""ja"":""サン・ホセ・デ・ウレ"",""it"":""San José de Uré"",""zh-CN"":""圣何塞·德乌雷"",""tr"":""San José de Uré"",""ru"":""Сан-Хосе-де-Уре"",""uk"":""Сан-Хосе-де-Уре"",""pl"":""San José de Uré"",""hi"":""सैन जोस डे उरे"",""ar"":""سان خوسيه دي يوري""}",2022-01-17T00:56:55,2025-12-02T14:38:56,1,Q2605421
149252,San Juanito,2878,MET,48,CO,adm2,,,4.45861111,-73.67555666,San Juanito,0,America/Bogota,"{""br"":""San Juanito"",""ko"":""산 후아니토"",""pt-BR"":""São Juanito"",""pt"":""São Juanito"",""nl"":""San Juanito"",""hr"":""San Juanito"",""fa"":""سن خوانیتو"",""de"":""San Juanito"",""es"":""San Juanito"",""fr"":""San Juanito"",""ja"":""サン・ファニート"",""it"":""San Juanito"",""zh-CN"":""圣胡安尼托"",""tr"":""San Juanito"",""ru"":""Сан-Хуанито"",""uk"":""Сан-Хуаніто"",""pl"":""San Juanito"",""hi"":""सैन जुआनिटो"",""ar"":""سان خوانيتو""}",2022-01-17T00:56:55,2025-12-02T14:39:31,1,Q2434067
149253,San Luis,2890,ANT,48,CO,adm2,,,6.04222222,-74.99333333,San Luis,0,America/Bogota,"{""br"":""San Luis"",""ko"":""산 루이스"",""pt-BR"":""São Luís"",""pt"":""São Luís"",""nl"":""San Luis"",""hr"":""San Luis"",""fa"":""سن لوئیس"",""de"":""San Luis"",""es"":""San Luis"",""fr"":""San Luis"",""ja"":""サンルイス"",""it"":""San Luis"",""zh-CN"":""圣路易斯"",""tr"":""San Luis"",""ru"":""Сан-Луис"",""uk"":""Сан-Луїс"",""pl"":""San Luis"",""hi"":""सैन लुइस"",""ar"":""سان لويس""}",2022-01-17T00:56:55,2025-12-02T14:39:31,1,Q2057762
149254,San Vicente del Caguán,2891,CAQ,48,CO,adm2,,,2.11527888,-74.77777777,San Vicente del Caguán,0,America/Bogota,"{""br"":""San Vicente del Caguán"",""ko"":""산 비센테 델 카구안"",""pt-BR"":""San Vicente del Caguán"",""pt"":""San Vicente del Caguán"",""nl"":""San Vicente del Caguán"",""hr"":""San Vicente del Caguán"",""fa"":""سن ویسنته دل کاگوان"",""de"":""San Vicente del Caguán"",""es"":""San Vicente del Caguán"",""fr"":""San Vicente del Caguán"",""ja"":""サン・ビセンテ・デル・カグアン"",""it"":""San Vicente del Caguán"",""zh-CN"":""圣维森特德尔卡瓜恩"",""tr"":""San Vicente del Caguán"",""ru"":""Сан-Висенте-дель-Кагуан"",""uk"":""Сан-Вісенте-дель-Кагуан"",""pl"":""San Vicente del Caguán"",""hi"":""सैन विसेंट डेल कैगुआन"",""ar"":""سان فيسينتي ديل كاجوان""}",2022-01-17T00:56:55,2025-12-02T14:39:31,1,Q1642041
149255,Solita,2891,CAQ,48,CO,adm2,,,0.87583333,-75.61972222,Habitual,0,America/Bogota,"{""br"":""Solita"",""ko"":""솔리타"",""pt-BR"":""Solita"",""pt"":""Solita"",""nl"":""Solita"",""hr"":""Solita"",""fa"":""سولیتا"",""de"":""Solita"",""es"":""Solita"",""fr"":""Solita"",""ja"":""ソリタ"",""it"":""Solita"",""zh-CN"":""索利塔"",""tr"":""Solita"",""ru"":""Солита"",""uk"":""Соліта"",""pl"":""Solita"",""hi"":""सोलिटा"",""ar"":""سوليتا""}",2022-01-17T00:56:55,2025-12-02T14:39:31,1,Q1575560
149256,Teorama,2877,NSA,48,CO,adm2,,,8.43527888,-73.28638999,Teoría,0,America/Bogota,"{""br"":""Teorama"",""ko"":""테오라마"",""pt-BR"":""Teorama"",""pt"":""Teorama"",""nl"":""Teorama"",""hr"":""Teorama"",""fa"":""تئوراما"",""de"":""Teorama"",""es"":""Teorama"",""fr"":""Théorème"",""ja"":""テオラマ"",""it"":""Teorama"",""zh-CN"":""特奥拉马"",""tr"":""Teorama"",""ru"":""Теорама"",""uk"":""Теорама"",""pl"":""Teorama"",""hi"":""टेओरामा"",""ar"":""تيوراما""}",2022-01-17T00:56:55,2025-12-02T14:39:31,1,Q1524830
149257,Timbío,2884,CAU,48,CO,adm2,,,2.35277888,-76.68194444,Timbío,0,America/Bogota,"{""br"":""Timbío"",""ko"":""팀비오"",""pt-BR"":""Timbío"",""pt"":""Timbío"",""nl"":""Timbío"",""hr"":""Timbío"",""fa"":""تیمبیو"",""de"":""Timbío"",""es"":""Timbío"",""fr"":""Timbío"",""ja"":""ティンビオ"",""it"":""Timbío"",""zh-CN"":""廷比奥"",""tr"":""Timbío"",""ru"":""Тимбио"",""uk"":""Тімбіо"",""pl"":""Timbío"",""hi"":""टिम्बियो"",""ar"":""تيمبيو""}",2022-01-17T00:56:55,2025-12-02T14:39:31,1,Q2309015
149258,Tuchín,2898,COR,48,CO,adm2,,,9.18583333,-75.55527888,Tuchín,0,America/Bogota,"{""br"":""Tuchín"",""ko"":""투친"",""pt-BR"":""Tuchín"",""pt"":""Tuchín"",""nl"":""Tuchín"",""hr"":""Tuchín"",""fa"":""توچین"",""de"":""Tuchín"",""es"":""Tuchín"",""fr"":""Tuchin"",""ja"":""トゥチン"",""it"":""Tuchín"",""zh-CN"":""图钦"",""tr"":""Tuchín"",""ru"":""Тучин"",""uk"":""Тучін"",""pl"":""Tuchín"",""hi"":""तुचिन"",""ar"":""توتشين""}",2022-01-17T00:56:55,2025-12-02T14:38:56,1,Q2606076
149259,Uribe,2878,MET,48,CO,adm2,,,3.24083333,-74.35361111,Uribe,0,America/Bogota,"{""br"":""Uribe"",""ko"":""우리베"",""pt-BR"":""Uribe"",""pt"":""Uribe"",""nl"":""Uribe"",""hr"":""Uribe"",""fa"":""اوریبه"",""de"":""Uribe"",""es"":""Uribe"",""fr"":""Uribe"",""ja"":""ウリベ"",""it"":""Uribe"",""zh-CN"":""乌里韦"",""tr"":""Uribe"",""ru"":""Урибе"",""uk"":""Урібе"",""pl"":""Uribe"",""hi"":""उरीबे"",""ar"":""أوريبي""}",2022-01-17T00:56:55,2025-12-02T14:39:31,1,Q1525863
149260,Villa Caro,2877,NSA,48,CO,adm2,,,7.91472222,-72.97194444,Villa Caro,0,America/Bogota,"{""br"":""Villa Caro"",""ko"":""빌라 카로"",""pt-BR"":""Vila Caro"",""pt"":""Vila Caro"",""nl"":""Villa Caro"",""hr"":""Vila Caro"",""fa"":""ویلا کارو"",""de"":""Villa Caro"",""es"":""Villa Caro"",""fr"":""Villa Caro"",""ja"":""ヴィラ カロ"",""it"":""Villa Caro"",""zh-CN"":""卡罗别墅"",""tr"":""Villa Caro"",""ru"":""Вилла Каро"",""uk"":""Вілла Каро"",""pl"":""Willa Caro"",""hi"":""विला कारो"",""ar"":""فيلا كارو""}",2022-01-17T00:56:55,2025-12-02T14:39:31,1,Q1654451
