id,name,state_id,state_code,country_id,country_code,type,level,parent_id,latitude,longitude,native,population,timezone,translations,created_at,updated_at,flag,wikiDataId
38730,Alahärmä,1498,03,74,FI,adm3,,,63.23333000,22.85000000,Alahärmä,4915,Europe/Helsinki,"{""br"":""Alahärmä"",""ko"":""알라하르마"",""pt-BR"":""Alahärmä"",""pt"":""Alahärmä"",""nl"":""Alahärmä"",""hr"":""Alahärmä"",""fa"":""آلارمه"",""de"":""Alahärmä"",""es"":""Alahärmä"",""fr"":""Alahärmä"",""ja"":""アラハルマ"",""it"":""Alahärmä"",""zh-CN"":""阿拉哈尔迈"",""tr"":""Alahärmä"",""ru"":""Алахярмя"",""uk"":""Алахарма"",""pl"":""Alahärmä"",""hi"":""अलाहरमा"",""ar"":""اللهما""}",2019-10-06T09:47:37,2025-12-02T17:11:50,1,Q575090
38731,Alajärvi,1498,03,74,FI,adm3,,,63.00000000,23.81667000,Alajärvi,8793,Europe/Helsinki,"{""br"":""Alajärvi"",""ko"":""알라자르비"",""pt-BR"":""Alajärvi"",""pt"":""Alajärvi"",""nl"":""Alajärvi"",""hr"":""Alajärvi"",""fa"":""آلایروی"",""de"":""Alajärvi"",""es"":""Alajärvi"",""fr"":""Alajärvi"",""ja"":""アラヤルヴィ"",""it"":""Alajärvi"",""zh-CN"":""阿拉亚尔维"",""tr"":""Alajärvi"",""ru"":""Алаярви"",""uk"":""Алаярві"",""pl"":""Alajärvi"",""hi"":""अलाजर्वी"",""ar"":""ألاجارفي""}",2019-10-06T09:47:37,2025-12-02T14:38:56,1,Q5980
38732,Alastaro,1507,19,74,FI,adm3,,,60.95000000,22.85000000,Alastaro,0,Europe/Helsinki,"{""br"":""Alastaro"",""ko"":""알라스타로"",""pt-BR"":""Alastaro"",""pt"":""Alastaro"",""nl"":""Alastaro"",""hr"":""Alastaro"",""fa"":""آلاستارو"",""de"":""Alastaro"",""es"":""Alastaro"",""fr"":""Alastaro"",""ja"":""アラスタロ"",""it"":""Alastaro"",""zh-CN"":""阿拉斯塔罗"",""tr"":""Alastaro"",""ru"":""Аластаро"",""uk"":""Аластаро"",""pl"":""Alastaro"",""hi"":""अलास्टारो"",""ar"":""ألاستارو""}",2019-10-06T09:47:37,2025-12-02T14:39:31,1,Q206601
38733,Alavieska,1505,14,74,FI,adm3,,,64.16667000,24.30000000,Alavieska,2437,Europe/Helsinki,"{""br"":""Alavieska"",""ko"":""알라비에스카"",""pt-BR"":""Alavieska"",""pt"":""Alavieska"",""nl"":""Alavieska"",""hr"":""Alavieska"",""fa"":""آلویسکا"",""de"":""Alavieska"",""es"":""Alavieska"",""fr"":""Alavieska"",""ja"":""アラヴィエスカ"",""it"":""Alavieska"",""zh-CN"":""阿拉维斯卡"",""tr"":""Alavieska"",""ru"":""Алавиеска"",""uk"":""Алав'єска"",""pl"":""Alavieska"",""hi"":""अलाविस्का"",""ar"":""ألافيسكا""}",2019-10-06T09:47:37,2025-12-02T14:38:56,1,Q996252
38734,Alavus,1498,03,74,FI,adm3,,,62.58333000,23.61667000,Alavus,10933,Europe/Helsinki,"{""br"":""Alavus"",""ko"":""알라부스"",""pt-BR"":""Álavo"",""pt"":""Álavo"",""nl"":""Alavus"",""hr"":""Alavus"",""fa"":""آلاوس"",""de"":""Alavus"",""es"":""Alavus"",""fr"":""Alavus"",""ja"":""アラヴス"",""it"":""Alavus"",""zh-CN"":""阿拉武斯"",""tr"":""Alavus"",""ru"":""Алавус"",""uk"":""Алавус"",""pl"":""Alavus"",""hi"":""अलावुस"",""ar"":""ألافوس""}",2019-10-06T09:47:37,2025-12-02T14:38:56,1,Q5981
38735,Anjala,1512,09,74,FI,section,,,60.68333000,26.83333000,Anjala,16779,Europe/Helsinki,"{""br"":""Anjala"",""ko"":""안잘라"",""pt-BR"":""Anjala"",""pt"":""Anjala"",""nl"":""Anjala"",""hr"":""Anjala"",""fa"":""آنجلا"",""de"":""Anjala"",""es"":""Anjala"",""fr"":""Anjala"",""ja"":""アンジャラ"",""it"":""Anjala"",""zh-CN"":""安贾拉"",""tr"":""Anjala"",""ru"":""Анджала"",""uk"":""Анджала"",""pl"":""Anjala"",""hi"":""अंजला"",""ar"":""أنجالا""}",2019-10-06T09:47:37,2025-12-02T14:38:56,1,Q4765722
38736,Artjärvi,1502,16,74,FI,adm3,,,60.74544000,26.07084000,Artjärvi,1536,Europe/Helsinki,"{""br"":""Artjärvi"",""ko"":""아르티아르비"",""pt-BR"":""Artjärvi"",""pt"":""Artjärvi"",""nl"":""Artjärvi"",""hr"":""Artjärvi"",""fa"":""آرتیروی"",""de"":""Artjärvi"",""es"":""Artjärvi"",""fr"":""Artjärvi"",""ja"":""アルトヤルヴィ"",""it"":""Artjärvi"",""zh-CN"":""阿尔特耶尔维"",""tr"":""Artjärvi"",""ru"":""Артъярви"",""uk"":""Арт'ярві"",""pl"":""Artjärvi"",""hi"":""आर्टजार्वी"",""ar"":""أرتيارفي""}",2019-10-06T09:47:37,2025-12-02T14:38:56,1,Q713559
38737,Asikkala,1502,16,74,FI,adm3,,,61.21667000,25.50000000,Asikkala,7968,Europe/Helsinki,"{""br"":""Asikkala"",""ko"":""아시칼라"",""pt-BR"":""Asikkala"",""pt"":""Asikkala"",""nl"":""Asikkala"",""hr"":""Asikkala"",""fa"":""آسیک‌قلعه"",""de"":""Asikkala"",""es"":""Asikkala"",""fr"":""Asikkala"",""ja"":""アシッカラ"",""it"":""Asikkala"",""zh-CN"":""阿西卡拉"",""tr"":""Aşıkkala"",""ru"":""Асиккала"",""uk"":""Асіккала"",""pl"":""Asikkala"",""hi"":""असिक्कला"",""ar"":""أسيكالا""}",2019-10-06T09:47:37,2025-12-02T14:38:56,1,Q713559
38738,Askainen,1507,19,74,FI,adm3,,,60.56667000,21.86667000,Askainen,959,Europe/Helsinki,"{""br"":""Askainen"",""ko"":""아스카이넨"",""pt-BR"":""Askainen"",""pt"":""Askainen"",""nl"":""Askainen"",""hr"":""Askainen"",""fa"":""آسکاینن"",""de"":""Askainen"",""es"":""Askainen"",""fr"":""Askainen"",""ja"":""アスカイネン"",""it"":""Askainen"",""zh-CN"":""阿斯凯宁"",""tr"":""Askainen"",""ru"":""Аскайнен"",""uk"":""Аскайнен"",""pl"":""Askainen"",""hi"":""अस्कैनेन"",""ar"":""أسكاينن""}",2019-10-06T09:47:37,2025-12-02T14:38:56,1,Q730954
38739,Askola,1510,18,74,FI,adm3,,,60.53333000,25.60000000,Askola,4700,Europe/Helsinki,"{""br"":""Askola"",""ko"":""아스콜라"",""pt-BR"":""Askola"",""pt"":""Askola"",""nl"":""Askola"",""hr"":""Askola"",""fa"":""آسکولا"",""de"":""Askola"",""es"":""Askola"",""fr"":""Askola"",""ja"":""アスコラ"",""it"":""Askola"",""zh-CN"":""阿斯科拉"",""tr"":""Askola"",""ru"":""Аскола"",""uk"":""Аскола"",""pl"":""Askola"",""hi"":""अस्कोला"",""ar"":""أسكولا""}",2019-10-06T09:47:37,2025-12-02T14:38:56,1,Q730954
38740,Aura,1507,19,74,FI,adm3,,,60.64710000,22.58755000,Aura,3961,Europe/Helsinki,"{""br"":""Aura"",""ko"":""영기"",""pt-BR"":""Aura"",""pt"":""Aura"",""nl"":""Aura"",""hr"":""Aura"",""fa"":""اورا"",""de"":""Aura"",""es"":""Aura"",""fr"":""Aura"",""ja"":""オーラ"",""it"":""Aura"",""zh-CN"":""光环"",""tr"":""Aura"",""ru"":""Аура"",""uk"":""Аура"",""pl"":""Aura"",""hi"":""आभा"",""ar"":""هالة""}",2019-10-06T09:47:37,2025-12-02T14:38:56,1,Q730954
38741,Auttoinen,1502,16,74,FI,city,,,61.29901000,25.08887000,Auttoinen,1300,Europe/Helsinki,"{""br"":""Auttoinen"",""ko"":""자동차"",""pt-BR"":""Autônomos"",""pt"":""Autônomos"",""nl"":""Autoinen"",""hr"":""Autoinen"",""fa"":""اتواینن"",""de"":""Autos"",""es"":""Automóvil"",""fr"":""Auttoinen"",""ja"":""アウトイネン"",""it"":""Auttoinen"",""zh-CN"":""奥托伊宁"",""tr"":""Otonomlar"",""ru"":""Аутойнен"",""uk"":""Ауттойнен"",""pl"":""Auttoinen"",""hi"":""ऑटोइनेन"",""ar"":""أوتوينن""}",2019-10-06T09:47:37,2025-12-02T14:38:56,1,Q730954
38742,Dragsfjärd,1507,19,74,FI,adm3,,,60.06667000,22.48333000,Dragsfjärd,3309,Europe/Helsinki,"{""br"":""Dragsfjärd"",""ko"":""드래그스피에르드"",""pt-BR"":""Dragsfjärd"",""pt"":""Dragsfjärd"",""nl"":""Dragsfjärd"",""hr"":""Dragsfjärd"",""fa"":""دراگسفیرد"",""de"":""Dragsfjärd"",""es"":""Dragsfjärd"",""fr"":""Dragsfjärd"",""ja"":""ドラッグスフィヤルド"",""it"":""Dragsfjärd"",""zh-CN"":""Dragsfjärd"",""tr"":""Dragsfjärd"",""ru"":""Драгсфьярд"",""uk"":""Драгсф'ярд"",""pl"":""Dragsfjärd"",""hi"":""ड्रैग्सफजार्ड"",""ar"":""دراجسفيارد""}",2019-10-06T09:47:37,2025-12-02T14:39:31,1,Q1009619
38743,Ekenäs,1510,18,74,FI,adm3,,,59.97359000,23.43389000,Ekkisarja,14377,Europe/Helsinki,"{""br"":""Ekenäs"",""ko"":""에케네스"",""pt-BR"":""Ekenäs"",""pt"":""Ekenäs"",""nl"":""Ekenäs"",""hr"":""Ekenäs"",""fa"":""اکناس"",""de"":""Ekenäs"",""es"":""Ekenäs"",""fr"":""Ekenäs"",""ja"":""エケネス"",""it"":""Ekenäs"",""zh-CN"":""埃克奈斯"",""tr"":""Ekenäs"",""ru"":""Экенэс"",""uk"":""Екенас"",""pl"":""Ekenäs"",""hi"":""एकेनास"",""ar"":""إيكيناس""}",2019-10-06T09:47:37,2025-12-02T14:39:31,1,Q1004838
38744,Elimäki,1512,09,74,FI,adm3,,,60.71667000,26.46667000,Elimäki,8751,Europe/Helsinki,"{""br"":""Elimäki"",""ko"":""엘리매키"",""pt-BR"":""Elimäki"",""pt"":""Elimäki"",""nl"":""Elimäki"",""hr"":""Elimäki"",""fa"":""الیماکی"",""de"":""Elimäki"",""es"":""Eliminación"",""fr"":""Élimäki"",""ja"":""エリマキ"",""it"":""Elimäki"",""zh-CN"":""埃利迈基"",""tr"":""Elimäki"",""ru"":""Элимяки"",""uk"":""Елімякі"",""pl"":""Elimäki"",""hi"":""एलिमाकी"",""ar"":""إليماكي""}",2019-10-06T09:47:37,2025-12-02T14:39:31,1,Q1000113
38745,Eno,1504,13,74,FI,city,,,62.80511000,30.15422000,Eno,6891,Europe/Helsinki,"{""br"":""Eno"",""ko"":""에노"",""pt-BR"":""Eno"",""pt"":""Eno"",""nl"":""Eno"",""hr"":""Eno"",""fa"":""انو"",""de"":""Eno"",""es"":""Eno"",""fr"":""Éno"",""ja"":""イーノ"",""it"":""Eno"",""zh-CN"":""伊诺"",""tr"":""Eno"",""ru"":""Ино"",""uk"":""Ено"",""pl"":""Eno"",""hi"":""इनो"",""ar"":""إينو""}",2019-10-06T09:47:37,2025-12-02T14:39:31,1,Q1010490
38746,Enonkoski,1495,04,74,FI,adm3,,,62.08333000,28.93333000,Enonkoski,1320,Europe/Helsinki,"{""br"":""Enonkoski"",""ko"":""에논코스키"",""pt-BR"":""Enonkoski"",""pt"":""Enonkoski"",""nl"":""Enonkoski"",""hr"":""Enonkoski"",""fa"":""انونکوسکی"",""de"":""Enonkoski"",""es"":""Enonkoski"",""fr"":""Enonkoski"",""ja"":""エノンコスキ"",""it"":""Enonkoski"",""zh-CN"":""埃农科斯基"",""tr"":""Enonkoski"",""ru"":""Энонкоски"",""uk"":""Енонкоскі"",""pl"":""Enonkoski"",""hi"":""एनोनकोस्की"",""ar"":""إينونكوسكي""}",2019-10-06T09:47:37,2025-12-02T14:38:56,1,Q1010490
38747,Enontekiö,1500,10,74,FI,adm3,,,68.38573000,23.63215000,Enontekiö,1771,Europe/Helsinki,"{""br"":""Enontekiö"",""ko"":""에논테키오"",""pt-BR"":""Enontekiö"",""pt"":""Enontekiö"",""nl"":""Enontekiö"",""hr"":""Enontekiö"",""fa"":""انونتکی"",""de"":""Enontekiö"",""es"":""Enontekiö"",""fr"":""Enontekiö"",""ja"":""エノンテキオ"",""it"":""Enontekiö"",""zh-CN"":""埃农泰基厄"",""tr"":""Enontekiö"",""ru"":""Энонтекиё"",""uk"":""Енонтекіо"",""pl"":""Enontekiö"",""hi"":""एनोंटेकियो"",""ar"":""إنونتيكيو""}",2019-10-06T09:47:37,2025-12-02T14:38:56,1,Q984861
38748,Espoo,1510,18,74,FI,adm3,,,60.20520000,24.65220000,Espoo,314821,Europe/Helsinki,"{""br"":""Espoo"",""ko"":""에스포"",""pt-BR"":""Espoo"",""pt"":""Espoo"",""nl"":""Espoo"",""hr"":""Espoo"",""fa"":""اسپو"",""de"":""Espoo"",""es"":""Espoo"",""fr"":""Espoo"",""ja"":""エスポー"",""it"":""Espoo"",""zh-CN"":""埃斯波"",""tr"":""Espoo"",""ru"":""Эспоо"",""uk"":""Еспоо"",""pl"":""Espoo"",""hi"":""एस्पो"",""ar"":""إسبو""}",2019-10-06T09:47:37,2025-12-02T14:38:56,1,Q984861
38749,Eura,1501,17,74,FI,adm3,,,61.13333000,22.13333000,Eurot,11184,Europe/Helsinki,"{""br"":""Eura"",""ko"":""유라"",""pt-BR"":""Eura"",""pt"":""Eura"",""nl"":""Eura"",""hr"":""Eura"",""fa"":""اورا"",""de"":""Eura"",""es"":""Eura"",""fr"":""Eura"",""ja"":""ユーラ"",""it"":""Eura"",""zh-CN"":""欧拉"",""tr"":""Avrasya"",""ru"":""Эура"",""uk"":""Еура"",""pl"":""Eura"",""hi"":""यूरा"",""ar"":""يورا""}",2019-10-06T09:47:37,2025-12-02T14:38:56,1,Q984861
38750,Eurajoki,1501,17,74,FI,adm3,,,61.20000000,21.73333000,Eurajoki,9143,Europe/Helsinki,"{""br"":""Eurajoki"",""ko"":""유라조키"",""pt-BR"":""Eurajoki"",""pt"":""Eurajoki"",""nl"":""Eurajoki"",""hr"":""Eurajoki"",""fa"":""یوراجوکی"",""de"":""Eurajoki"",""es"":""Eurajoki"",""fr"":""Eurajoki"",""ja"":""エウラヨキ"",""it"":""Eurajoki"",""zh-CN"":""埃乌拉约基"",""tr"":""Eurajoki"",""ru"":""Эурайоки"",""uk"":""Єврайокі"",""pl"":""Eurajoki"",""hi"":""यूराजोकी"",""ar"":""يوراجوكي""}",2019-10-06T09:47:37,2025-12-02T14:38:56,1,Q1001783
38751,Evijärvi,1498,03,74,FI,adm3,,,63.36667000,23.48333000,Evijärvi,2292,Europe/Helsinki,"{""br"":""Evijärvi"",""ko"":""에비예르비"",""pt-BR"":""Evijärvi"",""pt"":""Evijärvi"",""nl"":""Evijärvi"",""hr"":""Evijärvi"",""fa"":""اویجاروی"",""de"":""Evijärvi"",""es"":""Evijärvi"",""fr"":""Evijärvi"",""ja"":""エヴィヤルヴィ"",""it"":""Evijärvi"",""zh-CN"":""埃维耶尔维"",""tr"":""Evijärvi"",""ru"":""Эвиярви"",""uk"":""Евіярві"",""pl"":""Evijärvi"",""hi"":""एविजार्वी"",""ar"":""إيفيارفي""}",2019-10-06T09:47:37,2025-12-02T14:38:56,1,Q1001783
38752,Forssa,1493,06,74,FI,adm3,,,60.81462000,23.62146000,Forssa,16469,Europe/Helsinki,"{""br"":""Forssa"",""ko"":""포르사"",""pt-BR"":""Forssa"",""pt"":""Forssa"",""nl"":""Forssa"",""hr"":""Forssa"",""fa"":""فورسا"",""de"":""Forssa"",""es"":""Forssa"",""fr"":""Forssa"",""ja"":""フォルサ"",""it"":""Forssa"",""zh-CN"":""福尔萨"",""tr"":""Forssa"",""ru"":""Форсса"",""uk"":""Форсса"",""pl"":""Forssa"",""hi"":""फ़ोर्सा"",""ar"":""فورسا""}",2019-10-06T09:47:37,2025-12-02T14:38:56,1,Q829842
38753,Gumböle,1510,18,74,FI,city,,,60.21948000,24.61684000,Kutistaa,1237,Europe/Helsinki,"{""br"":""Gumböle"",""ko"":""검볼레"",""pt-BR"":""Gumböle"",""pt"":""Gumböle"",""nl"":""Gumböle"",""hr"":""Gumböle"",""fa"":""گومبوله"",""de"":""Gumböle"",""es"":""Gomitas de goma"",""fr"":""Gumböle"",""ja"":""グンボーレ"",""it"":""Gumböle"",""zh-CN"":""贡博勒"",""tr"":""Gumböle"",""ru"":""Гумбёле"",""uk"":""Гюмбеле"",""pl"":""Gumböle"",""hi"":""गुम्बोले"",""ar"":""غومبول""}",2019-10-06T09:47:37,2025-12-02T14:38:56,1,Q829842
38754,Haapajärvi,1505,14,74,FI,adm3,,,63.75000000,25.33333000,Haapajärvi,6558,Europe/Helsinki,"{""br"":""Haapajärvi"",""ko"":""하아파자르비"",""pt-BR"":""Haapajärvi"",""pt"":""Haapajärvi"",""nl"":""Haapajärvi"",""hr"":""Haapajärvi"",""fa"":""هاپايروی"",""de"":""Haapajärvi"",""es"":""Haapajärvi"",""fr"":""Haapajärvi"",""ja"":""ハーパヤルヴィ"",""it"":""Haapajärvi"",""zh-CN"":""哈帕耶尔维"",""tr"":""Haapajärvi"",""ru"":""Хаапаярви"",""uk"":""Хаапаярві"",""pl"":""Haapajärvi"",""hi"":""हापाजार्वी"",""ar"":""هاباجارفي""}",2019-10-06T09:47:37,2025-12-02T14:38:56,1,Q829842
38755,Haapavesi,1505,14,74,FI,adm3,,,64.13333000,25.36667000,Haapavesi,6473,Europe/Helsinki,"{""br"":""Haapavesi"",""ko"":""하파베시"",""pt-BR"":""Haapavesi"",""pt"":""Haapavesi"",""nl"":""Haapavesi"",""hr"":""Haapavesi"",""fa"":""هاپاوسی"",""de"":""Haapavesi"",""es"":""Haapavesi"",""fr"":""Haapavesi"",""ja"":""ハーパヴェシ"",""it"":""Haapavesi"",""zh-CN"":""哈帕韦西"",""tr"":""Haapavesi"",""ru"":""Хаапавеси"",""uk"":""Хаапавесі"",""pl"":""Haapavesi"",""hi"":""हापावेसी"",""ar"":""هابافيسي""}",2019-10-06T09:47:37,2025-12-02T14:38:56,1,Q819387
38756,Hailuoto,1505,14,74,FI,adm3,,,65.00900000,24.71385000,Hailuoto,948,Europe/Helsinki,"{""br"":""Hailuoto"",""ko"":""하일루오토"",""pt-BR"":""Hailuoto"",""pt"":""Hailuoto"",""nl"":""Hailuoto"",""hr"":""Hailuoto"",""fa"":""هیلوتو"",""de"":""Hailuoto"",""es"":""Hailuoto"",""fr"":""Hailuoto"",""ja"":""ハイルオト"",""it"":""Hailuoto"",""zh-CN"":""海卢奥托"",""tr"":""Hailuoto"",""ru"":""Хайлуото"",""uk"":""Хайлуото"",""pl"":""Hailuoto"",""hi"":""हैलुओतो"",""ar"":""هايلوتو""}",2019-10-06T09:47:37,2025-12-02T14:38:56,1,Q819387
38757,Halikko,1507,19,74,FI,adm3,,,60.40000000,23.08333000,Halikko,9344,Europe/Helsinki,"{""br"":""Halikko"",""ko"":""할리코"",""pt-BR"":""Halikko"",""pt"":""Halikko"",""nl"":""Halikko"",""hr"":""Halikko"",""fa"":""هالیکو"",""de"":""Halikko"",""es"":""Halikko"",""fr"":""Halikko"",""ja"":""ハリッコ"",""it"":""Halikko"",""zh-CN"":""哈利科"",""tr"":""Halikko"",""ru"":""Халикко"",""uk"":""Халікко"",""pl"":""Halikko"",""hi"":""हालिक्को"",""ar"":""هاليكو""}",2019-10-06T09:47:37,2025-12-02T14:39:31,1,Q1571103
38758,Halsua,1494,07,74,FI,adm3,,,63.46667000,24.16667000,Haltia,1013,Europe/Helsinki,"{""br"":""Halsua"",""ko"":""할수아"",""pt-BR"":""Halsua"",""pt"":""Halsua"",""nl"":""Halsua"",""hr"":""Halsua"",""fa"":""هالسوآ"",""de"":""Halsua"",""es"":""Halsua"",""fr"":""Halsua"",""ja"":""ハルスア"",""it"":""Halsua"",""zh-CN"":""哈尔苏阿"",""tr"":""Halsua"",""ru"":""Халсуа"",""uk"":""Халсуа"",""pl"":""Halsua"",""hi"":""हल्सुआ"",""ar"":""هالسوا""}",2019-10-06T09:47:37,2025-12-02T14:38:56,1,Q1571103
38759,Hamina,1512,09,74,FI,adm3,,,60.56974000,27.19794000,Hamina,19534,Europe/Helsinki,"{""br"":""Hamina"",""ko"":""하미나"",""pt-BR"":""Hamina"",""pt"":""Hamina"",""nl"":""Hamina"",""hr"":""Hamina"",""fa"":""همینا"",""de"":""Hamina"",""es"":""Hamina"",""fr"":""Hamina"",""ja"":""ハミナ"",""it"":""Hamina"",""zh-CN"":""哈米纳"",""tr"":""Hamina"",""ru"":""Хамина"",""uk"":""Хаміна"",""pl"":""Hamina"",""hi"":""हैमिना"",""ar"":""هامينا""}",2019-10-06T09:47:37,2025-12-02T14:38:56,1,Q367780
38760,Hankasalmi,1511,08,74,FI,adm3,,,62.38333000,26.43333000,Hankasalmi,4549,Europe/Helsinki,"{""br"":""Hankasalmi"",""ko"":""한카살미"",""pt-BR"":""Hankasalmi"",""pt"":""Hankasalmi"",""nl"":""Hankasalmi"",""hr"":""Hankasalmi"",""fa"":""هنکاسالمی"",""de"":""Hankasalmi"",""es"":""Hankasalmi"",""fr"":""Hankasalmi"",""ja"":""ハンカサルミ"",""it"":""Hankasalmi"",""zh-CN"":""汉卡萨尔米"",""tr"":""Hankasalmi"",""ru"":""Ханкасалми"",""uk"":""Ханкасалмі"",""pl"":""Hankasalmi"",""hi"":""हंकासाल्मी"",""ar"":""هانكاسالمي""}",2019-10-06T09:47:37,2025-12-02T14:38:56,1,Q367780
38761,Hanko,1510,18,74,FI,adm3,,,59.83333000,22.95000000,Hanko,9962,Europe/Helsinki,"{""br"":""Hanko"",""ko"":""한코"",""pt-BR"":""Hanko"",""pt"":""Hanko"",""nl"":""Hanko"",""hr"":""Hanko"",""fa"":""هانکو"",""de"":""Hanko"",""es"":""Hanko"",""fr"":""Hanko"",""ja"":""ハンコ"",""it"":""Hanko"",""zh-CN"":""汉科"",""tr"":""Hanko"",""ru"":""Ханко"",""uk"":""Ханко"",""pl"":""Hanko"",""hi"":""हैन्को"",""ar"":""هانكو""}",2019-10-06T09:47:37,2025-12-02T14:39:31,1,Q216790
38762,Harjavalta,1501,17,74,FI,adm3,,,61.31667000,22.13333000,Harjavalta,6703,Europe/Helsinki,"{""br"":""Harjavalta"",""ko"":""하르자발타"",""pt-BR"":""Harjavalta"",""pt"":""Harjavalta"",""nl"":""Harjavalta"",""hr"":""Harjavalta"",""fa"":""هارجاوالتا"",""de"":""Harjavalta"",""es"":""Harjavalta"",""fr"":""Harjavalta"",""ja"":""ハルヤヴァルタ"",""it"":""Harjavalta"",""zh-CN"":""哈尔亚瓦尔塔"",""tr"":""Harjavalta"",""ru"":""Харьявалта"",""uk"":""Гар'явалта"",""pl"":""Harjavalta"",""hi"":""हरजावल्टा"",""ar"":""هارجافالتا""}",2019-10-06T09:47:38,2025-12-02T14:38:56,1,Q216790
38763,Hartola,1502,16,74,FI,adm3,,,61.58333000,26.01667000,Hartola,2531,Europe/Helsinki,"{""br"":""Hartola"",""ko"":""하르톨라"",""pt-BR"":""Hartola"",""pt"":""Hartola"",""nl"":""Hartola"",""hr"":""Hartola"",""fa"":""هارتولا"",""de"":""Hartola"",""es"":""Hartola"",""fr"":""Hartola"",""ja"":""ハートラ"",""it"":""Hartola"",""zh-CN"":""哈托拉"",""tr"":""Hartola"",""ru"":""Хартола"",""uk"":""Хартола"",""pl"":""Hartola"",""hi"":""हर्टोला"",""ar"":""هارتولا""}",2019-10-06T09:47:38,2025-12-02T14:38:56,1,Q1010494
38764,Hauho,1493,06,74,FI,adm3,,,61.17255000,24.56303000,Hauho,3755,Europe/Helsinki,"{""br"":""Hauho"",""ko"":""하우호"",""pt-BR"":""Hauho"",""pt"":""Hauho"",""nl"":""Hauho"",""hr"":""Hauho"",""fa"":""هاهو"",""de"":""Hauho"",""es"":""Hauho"",""fr"":""Hauho"",""ja"":""ハウホ"",""it"":""Hauho"",""zh-CN"":""豪霍"",""tr"":""Hauho"",""ru"":""Хаухо"",""uk"":""Хаухо"",""pl"":""Hauho"",""hi"":""हाउहो"",""ar"":""هاوهو""}",2019-10-06T09:47:38,2025-12-02T14:38:56,1,Q1013639
38765,Haukipudas,1505,14,74,FI,city,,,65.17654000,25.35233000,Haukipudas,17298,Europe/Helsinki,"{""br"":""Haukipudas"",""ko"":""하우키푸다스"",""pt-BR"":""Haukipudas"",""pt"":""Haukipudas"",""nl"":""Haukipudas"",""hr"":""Haukipudas"",""fa"":""هاوکیپوداها"",""de"":""Haukipudas"",""es"":""Haukipudas"",""fr"":""Haukipudas"",""ja"":""ハウキプダス"",""it"":""Haukipudas"",""zh-CN"":""豪基普达斯"",""tr"":""Haukipudalar"",""ru"":""Хаукипудас"",""uk"":""Хаукіпудас"",""pl"":""Haukipudas"",""hi"":""हॉकीपुडास"",""ar"":""هاوكيبوداس""}",2019-10-06T09:47:38,2025-12-02T14:39:31,1,Q985443
38766,Haukivuori,1495,04,74,FI,city,,,62.01753000,27.21906000,Haukivuori,2292,Europe/Helsinki,"{""br"":""Haukivuori"",""ko"":""하우키부오리"",""pt-BR"":""Haukivuori"",""pt"":""Haukivuori"",""nl"":""Haukivuori"",""hr"":""Haukivuori"",""fa"":""هاکیووری"",""de"":""Haukivuori"",""es"":""Haukivuori"",""fr"":""Haukivuori"",""ja"":""ハウキヴオリ"",""it"":""Haukivuori"",""zh-CN"":""豪基沃里"",""tr"":""Haukivuori"",""ru"":""Хаукивуори"",""uk"":""Хауківуорі"",""pl"":""Haukivuori"",""hi"":""हौकिवुओरी"",""ar"":""هاوكيفوري""}",2019-10-06T09:47:38,2025-12-02T14:38:56,1,Q1589322
38767,Hausjärvi,1493,06,74,FI,adm3,,,60.78333000,24.93333000,Hausjärvi,7998,Europe/Helsinki,"{""br"":""Hausjärvi"",""ko"":""하우스야르비"",""pt-BR"":""Hausjärvi"",""pt"":""Hausjärvi"",""nl"":""Hausjärvi"",""hr"":""Hausjärvi"",""fa"":""هاوسجاروی"",""de"":""Hausjärvi"",""es"":""Hausjärvi"",""fr"":""Hausjärvi"",""ja"":""ハウスヤルヴィ"",""it"":""Hausjärvi"",""zh-CN"":""豪斯耶尔维"",""tr"":""Hausjärvi"",""ru"":""Хаусъярви"",""uk"":""Хаус'ярві"",""pl"":""Hausjärvi"",""hi"":""हौसजार्वी"",""ar"":""هاوسجارفي""}",2019-10-06T09:47:38,2025-12-02T14:38:56,1,Q369720
38768,Heinola,1502,16,74,FI,adm3,,,61.20564000,26.03811000,Heinola,17953,Europe/Helsinki,"{""br"":""Heinola"",""ko"":""하이놀라"",""pt-BR"":""Heinola"",""pt"":""Heinola"",""nl"":""Heinola"",""hr"":""Heinola"",""fa"":""هاینولا"",""de"":""Heinola"",""es"":""Heinola"",""fr"":""Heinola"",""ja"":""ヘイノラ"",""it"":""Heinola"",""zh-CN"":""海诺拉"",""tr"":""Heinola"",""ru"":""Хейнола"",""uk"":""Хейнола"",""pl"":""Heinola"",""hi"":""हेइनोला"",""ar"":""هينولا""}",2019-10-06T09:47:38,2025-12-02T14:38:56,1,Q369720
38769,Heinävesi,1495,04,74,FI,adm3,,,62.43333000,28.60000000,Heinävesi,3001,Europe/Helsinki,"{""br"":""Heinävesi"",""ko"":""하이네베시"",""pt-BR"":""Heinävesi"",""pt"":""Heinävesi"",""nl"":""Heinävesi"",""hr"":""Heinävesi"",""fa"":""هایناوسی"",""de"":""Heinävesi"",""es"":""Heinävesi"",""fr"":""Heinävesi"",""ja"":""ヘイナヴェシ"",""it"":""Heinävesi"",""zh-CN"":""海纳韦西"",""tr"":""Heinävesi"",""ru"":""Хейнявеси"",""uk"":""Хейнявесі"",""pl"":""Heinävesi"",""hi"":""हेइनावेसी"",""ar"":""هينافيسي""}",2019-10-06T09:47:38,2025-12-02T14:38:56,1,Q1009124
38770,Helsinki,1510,18,74,FI,capital,,,60.16952000,24.93545000,Helsinki,686595,Europe/Helsinki,"{""br"":""Helsinki"",""ko"":""헬싱키"",""pt-BR"":""Helsinque"",""pt"":""Helsinque"",""nl"":""Helsinki"",""hr"":""Helsinki"",""fa"":""هلسینکی"",""de"":""Helsinki"",""es"":""Helsinki"",""fr"":""Helsinki"",""ja"":""ヘルシンキ"",""it"":""Helsinki"",""zh-CN"":""赫尔辛基"",""tr"":""Helsinki"",""ru"":""Хельсинки"",""uk"":""Гельсінкі"",""pl"":""Helsinki"",""hi"":""हेलसिंकी"",""ar"":""هلسنكي""}",2019-10-06T09:47:38,2025-12-02T14:38:56,1,Q1757
38771,Hietalahti,1508,12,74,FI,section,,,63.08480000,21.61716000,Hietalahti,4700,Europe/Helsinki,"{""br"":""Hietalahti"",""ko"":""히에탈라티"",""pt-BR"":""Hietalahti"",""pt"":""Hietalahti"",""nl"":""Hietalahti"",""hr"":""Hietalahti"",""fa"":""هیتالاختی"",""de"":""Hietalahti"",""es"":""Hietalahti"",""fr"":""Hietalahti"",""ja"":""ヒエタラハティ"",""it"":""Hietalahti"",""zh-CN"":""希塔拉赫蒂"",""tr"":""Hietalahti"",""ru"":""Хиеталахти"",""uk"":""Хієталахті"",""pl"":""Hietalahti"",""hi"":""हिएटालाहटी"",""ar"":""هيتالاتي""}",2019-10-06T09:47:38,2025-12-02T14:39:31,1,Q1757
38772,Himanka,1505,14,74,FI,city,,,64.06218000,23.65447000,Himanka,3038,Europe/Helsinki,"{""br"":""Himanka"",""ko"":""히만카"",""pt-BR"":""Himanka"",""pt"":""Himanka"",""nl"":""Himanka"",""hr"":""Himanka"",""fa"":""هیمانکا"",""de"":""Himanka"",""es"":""Himanka"",""fr"":""Himanka"",""ja"":""ヒマンカ"",""it"":""Himanka"",""zh-CN"":""希曼卡"",""tr"":""Himanka"",""ru"":""Химанка"",""uk"":""Хіманка"",""pl"":""Himanka"",""hi"":""हिमंका"",""ar"":""هيمانكا""}",2019-10-06T09:47:38,2025-12-02T14:38:56,1,Q1025731
38773,Hirvensalmi,1495,04,74,FI,adm3,,,61.63333000,26.80000000,Hirvensalmi,2062,Europe/Helsinki,"{""br"":""Hirvensalmi"",""ko"":""히르벤살미"",""pt-BR"":""Hirvensalmi"",""pt"":""Hirvensalmi"",""nl"":""Hirvensalmi"",""hr"":""Hirvensalmi"",""fa"":""هیرونسالمی"",""de"":""Hirvensalmi"",""es"":""Hirvensalmi"",""fr"":""Hirvensalmi"",""ja"":""ヒルヴェンサルミ"",""it"":""Hirvensalmi"",""zh-CN"":""希尔文萨尔米"",""tr"":""Hirvensalmi"",""ru"":""Хирвенсалми"",""uk"":""Хірвенсалмі"",""pl"":""Hirvensalmi"",""hi"":""हिरवेनसाल्मी"",""ar"":""هيرفينسالمي""}",2019-10-06T09:47:38,2025-12-02T14:38:56,1,Q1025731
38774,Hollola,1502,16,74,FI,adm3,,,61.05000000,25.43333000,Hollola,22885,Europe/Helsinki,"{""br"":""Hollola"",""ko"":""홀로라"",""pt-BR"":""Hollola"",""pt"":""Hollola"",""nl"":""Holla"",""hr"":""Hollola"",""fa"":""هالولا"",""de"":""Hollola"",""es"":""Hollola"",""fr"":""Hollola"",""ja"":""ホロラ"",""it"":""Ciao"",""zh-CN"":""霍洛拉"",""tr"":""Hollola"",""ru"":""Холлола"",""uk"":""Холлола"",""pl"":""Hollola"",""hi"":""होलोला"",""ar"":""هولولا""}",2019-10-06T09:47:38,2025-12-02T14:38:56,1,Q990578
38775,Houtskär,1507,19,74,FI,adm3,,,60.22284000,21.37218000,Houtshker,633,Europe/Helsinki,"{""br"":""Houtskär"",""ko"":""하우츠케르"",""pt-BR"":""Houtskär"",""pt"":""Houtskär"",""nl"":""Houtskär"",""hr"":""Houtskär"",""fa"":""هوتسکار"",""de"":""Houtskär"",""es"":""Houtskär"",""fr"":""Houtskär"",""ja"":""フーツカー"",""it"":""Houtskär"",""zh-CN"":""豪茨卡"",""tr"":""Houtskär"",""ru"":""Хаутскер"",""uk"":""Хаутскер"",""pl"":""Houtskär"",""hi"":""हौत्स्कर"",""ar"":""هوتسكار""}",2019-10-06T09:47:38,2025-12-02T14:38:56,1,Q1025722
38776,Huittinen,1501,17,74,FI,adm3,,,61.18333000,22.70000000,Huittinen,9646,Europe/Helsinki,"{""br"":""Huittinen"",""ko"":""후이티넨"",""pt-BR"":""Huittinen"",""pt"":""Huittinen"",""nl"":""Huittinen"",""hr"":""Huittinen"",""fa"":""هویتینن"",""de"":""Huittinen"",""es"":""Huittinen"",""fr"":""Huittinen"",""ja"":""ヒュイッティネン"",""it"":""Huittinen"",""zh-CN"":""胡蒂宁"",""tr"":""Huittinen"",""ru"":""Хуйттинен"",""uk"":""Хюїттінен"",""pl"":""Huittinen"",""hi"":""हुइत्तिनेन"",""ar"":""هويتينن""}",2019-10-06T09:47:38,2025-12-02T14:38:56,1,Q1025722
38777,Humppila,1493,06,74,FI,adm3,,,60.93333000,23.36667000,Humppila,2125,Europe/Helsinki,"{""br"":""Humppila"",""ko"":""험필라"",""pt-BR"":""Humppila"",""pt"":""Humppila"",""nl"":""Humppila"",""hr"":""Humppila"",""fa"":""هامپیلا"",""de"":""Humppila"",""es"":""Humppila"",""fr"":""Humppila"",""ja"":""フンピラ"",""it"":""Humppila"",""zh-CN"":""洪皮拉"",""tr"":""Humppila"",""ru"":""Хумппила"",""uk"":""Хумппіла"",""pl"":""Humppila"",""hi"":""हम्पपीला"",""ar"":""هومبيلا""}",2019-10-06T09:47:38,2025-12-02T14:38:56,1,Q1025722
38778,Hyrynsalmi,1496,05,74,FI,adm3,,,64.66667000,28.53333000,Hyrynsalmi,2063,Europe/Helsinki,"{""br"":""Hyrynsalmi"",""ko"":""히린살미"",""pt-BR"":""Hyrynsalmi"",""pt"":""Hyrynsalmi"",""nl"":""Hyrynsalmi"",""hr"":""Hyrynsalmi"",""fa"":""هیرینسالمی"",""de"":""Hyrynsalmi"",""es"":""Hyrynsalmi"",""fr"":""Hyrynsalmi"",""ja"":""ヒュリンサルミ"",""it"":""Hyrynsalmi"",""zh-CN"":""许林萨尔米"",""tr"":""Hyrynsalmi"",""ru"":""Хюрюнсалми"",""uk"":""Гірінсалмі"",""pl"":""Hyrynsalmi"",""hi"":""हाइराइनसाल्मी"",""ar"":""هيرينسالمي""}",2019-10-06T09:47:38,2025-12-02T14:38:56,1,Q984934
38779,Hyvinge,1510,18,74,FI,adm3,,,60.63333000,24.86667000,Hyvini,43515,Europe/Helsinki,"{""br"":""Hyvinge"",""ko"":""하이빙게"",""pt-BR"":""Hyvinge"",""pt"":""Hyvinge"",""nl"":""Hyvinge"",""hr"":""Hyvinge"",""fa"":""هایوینگه"",""de"":""Hyvinge"",""es"":""Hyvinge"",""fr"":""Hyvinge"",""ja"":""ヒュヴィンゲ"",""it"":""Hyvinge"",""zh-CN"":""海温厄"",""tr"":""Hyvinge"",""ru"":""Хювинге"",""uk"":""Хайвінге"",""pl"":""Hyvinge"",""hi"":""हाइविंगे"",""ar"":""هايفينج""}",2019-10-06T09:47:38,2025-12-02T14:39:31,1,Q984934
38780,Hämeenkoski,1502,16,74,FI,city,,,61.02222000,25.15417000,Hämeenkoski,2149,Europe/Helsinki,"{""br"":""Hämeenkoski"",""ko"":""헤멘코스키"",""pt-BR"":""Hämeenkoski"",""pt"":""Hämeenkoski"",""nl"":""Hämeenkoski"",""hr"":""Hämeenkoski"",""fa"":""هامینِکوسکی"",""de"":""Hämeenkoski"",""es"":""Hämeenkoski"",""fr"":""Hämeenkoski"",""ja"":""ハメーンコスキ"",""it"":""Hämeenkoski"",""zh-CN"":""海门科斯基"",""tr"":""Hämeenkoski"",""ru"":""Хямеенкоски"",""uk"":""Хяменкоскі"",""pl"":""Hämeenkoski"",""hi"":""हेमेनकोस्की"",""ar"":""هامينكوسكي""}",2019-10-06T09:47:38,2025-12-02T14:39:31,1,Q1025738
38781,Hämeenlinna,1493,06,74,FI,adm1,,,60.99596000,24.46434000,Hämeenlinna,68288,Europe/Helsinki,"{""br"":""Hämeenlinna"",""ko"":""헤멘린나"",""pt-BR"":""Hämeenlinna"",""pt"":""Hämeenlinna"",""nl"":""Hämeenlinna"",""hr"":""Hämeenlinna"",""fa"":""هامینلینا"",""de"":""Hämeenlinna"",""es"":""Hämeenlinna"",""fr"":""Hämeenlinna"",""ja"":""ハメーンリンナ"",""it"":""Hämeenlinna"",""zh-CN"":""海门林纳"",""tr"":""Hämeenlinna"",""ru"":""Хямеэнлинна"",""uk"":""Хямеенлінна"",""pl"":""Hämeenlinna"",""hi"":""हेमेनलिना"",""ar"":""هامينلينا""}",2019-10-06T09:47:38,2025-12-02T14:38:56,1,Q202158
38782,Ii,1505,14,74,FI,adm3,,,65.31735000,25.37310000,II,9766,Europe/Helsinki,"{""br"":""Ii"",""ko"":""이이"",""pt-BR"":""II"",""pt"":""II"",""nl"":""Ik"",""hr"":""Drugi"",""fa"":""دوم"",""de"":""II"",""es"":""II"",""fr"":""Je"",""ja"":""いい"",""it"":""Io"",""zh-CN"":""二"",""tr"":""Ii"",""ru"":""II"",""uk"":""ІІ"",""pl"":""II"",""hi"":""द्वितीय"",""ar"":""الثاني""}",2019-10-06T09:47:38,2025-12-02T14:38:56,1,Q202158
38784,Iitti,1512,09,74,FI,adm3,,,60.89488000,26.33869000,Iitti,6444,Europe/Helsinki,"{""br"":""Iitti"",""ko"":""이티"",""pt-BR"":""Iitti"",""pt"":""Iitti"",""nl"":""Iitti"",""hr"":""Iitti"",""fa"":""ایتی"",""de"":""Iitti"",""es"":""Iitti"",""fr"":""Iitti"",""ja"":""イッティ"",""it"":""Iitti"",""zh-CN"":""伊蒂"",""tr"":""Iitti"",""ru"":""Иитти"",""uk"":""Іітті"",""pl"":""Iitti"",""hi"":""इट्टी"",""ar"":""إيتي""}",2019-10-06T09:47:38,2025-12-02T14:38:56,1,Q748533
38785,Ilmajoki,1498,03,74,FI,adm3,,,62.73333000,22.56667000,Ilmajoki,12369,Europe/Helsinki,"{""br"":""Ilmajoki"",""ko"":""일마요키"",""pt-BR"":""Ilmajoki"",""pt"":""Ilmajoki"",""nl"":""Ilmajoki"",""hr"":""Ilmajoki"",""fa"":""ایلماجوکی"",""de"":""Ilmajoki"",""es"":""Ilmajoki"",""fr"":""Ilmajoki"",""ja"":""イルマヨキ"",""it"":""Ilmajoki"",""zh-CN"":""伊尔马约基"",""tr"":""İlmajoki"",""ru"":""Ильмайоки"",""uk"":""Ільмайокі"",""pl"":""Ilmajoki"",""hi"":""इल्माजोकी"",""ar"":""إلمايوكي""}",2019-10-06T09:47:38,2025-12-02T14:38:56,1,Q748533
38786,Ilomantsi,1504,13,74,FI,adm3,,,62.67162000,30.93276000,Ilomantsi,4406,Europe/Helsinki,"{""br"":""Ilomantsi"",""ko"":""일로만티"",""pt-BR"":""Ilomantsi"",""pt"":""Ilomantsi"",""nl"":""Ilomantsi"",""hr"":""Ilomantsi"",""fa"":""ایلومانتسی"",""de"":""Ilomantsi"",""es"":""Ilomantsi"",""fr"":""Ilomantsi"",""ja"":""イロマンツィ"",""it"":""Ilomantsi"",""zh-CN"":""伊洛曼齐"",""tr"":""Ilomantsi"",""ru"":""Иломантси"",""uk"":""Іломанці"",""pl"":""Ilomantsi"",""hi"":""इलोमांत्सी"",""ar"":""إيلومانتسي""}",2019-10-06T09:47:38,2025-12-02T14:38:56,1,Q283599
38787,Imatra,1497,02,74,FI,adm3,,,61.17185000,28.75242000,Imatra,24919,Europe/Helsinki,"{""br"":""Imatra"",""ko"":""이마트라"",""pt-BR"":""Imatra"",""pt"":""Imatra"",""nl"":""Imatra"",""hr"":""Imatra"",""fa"":""ایماترا"",""de"":""Imatra"",""es"":""Imatra"",""fr"":""Imatra"",""ja"":""イマトラ"",""it"":""Imatra"",""zh-CN"":""伊马特拉"",""tr"":""İmatra"",""ru"":""Иматра"",""uk"":""Іматра"",""pl"":""Imatra"",""hi"":""इमात्रा"",""ar"":""إماترا""}",2019-10-06T09:47:38,2025-12-02T14:38:56,1,Q283599
38788,Inari,1500,10,74,FI,adm3,,,68.90596000,27.02881000,Inari,7127,Europe/Helsinki,"{""br"":""Inari"",""ko"":""이나리"",""pt-BR"":""Inari"",""pt"":""Inari"",""nl"":""Inari"",""hr"":""Inari"",""fa"":""ایناری"",""de"":""Inari"",""es"":""Inari"",""fr"":""Inari"",""ja"":""稲荷"",""it"":""Inari"",""zh-CN"":""伊纳里"",""tr"":""Inari"",""ru"":""Инари"",""uk"":""Інарі"",""pl"":""Inari"",""hi"":""इनारी"",""ar"":""إيناري""}",2019-10-06T09:47:38,2025-12-02T14:38:56,1,Q1025014
38789,Ingå,1510,18,74,FI,adm3,,,60.04587000,24.00459000,Sisältää,5379,Europe/Helsinki,"{""br"":""Ingå"",""ko"":""잉가"",""pt-BR"":""Ingå"",""pt"":""Ingå"",""nl"":""Ingå"",""hr"":""Ingå"",""fa"":""اینگو"",""de"":""Ingå"",""es"":""Ingå"",""fr"":""Ingå"",""ja"":""インガ"",""it"":""Ingå"",""zh-CN"":""因加"",""tr"":""Ingå"",""ru"":""Инго"",""uk"":""Інго"",""pl"":""Ingå"",""hi"":""इंगा"",""ar"":""إنغا""}",2019-10-06T09:47:38,2025-12-02T14:38:56,1,Q986331
38790,Iniö,1507,19,74,FI,adm3,,,60.40000000,21.40000000,Iniö,259,Europe/Helsinki,"{""br"":""Iniö"",""ko"":""이니오"",""pt-BR"":""Início"",""pt"":""Início"",""nl"":""Iniö"",""hr"":""Iniö"",""fa"":""اینیو"",""de"":""Iniö"",""es"":""Inicio"",""fr"":""Iniö"",""ja"":""イニオ"",""it"":""Iniö"",""zh-CN"":""伊尼厄"",""tr"":""Iniö"",""ru"":""Инио"",""uk"":""Ініо"",""pl"":""Iniö"",""hi"":""इनियो"",""ar"":""إينيو""}",2019-10-06T09:47:38,2025-12-02T14:38:56,1,Q1025692
38791,Isojoki,1498,03,74,FI,adm3,,,62.11319000,21.95884000,Isojoki,1814,Europe/Helsinki,"{""br"":""Isojoki"",""ko"":""이소요키"",""pt-BR"":""Isojoki"",""pt"":""Isojoki"",""nl"":""Isojoki"",""hr"":""Isojoki"",""fa"":""ایزوجوکی"",""de"":""Isojoki"",""es"":""Isojoki"",""fr"":""Isojoki"",""ja"":""磯城記"",""it"":""Isojoki"",""zh-CN"":""矶约基"",""tr"":""İzojoki"",""ru"":""Исойоки"",""uk"":""Ісойокі"",""pl"":""Isojoki"",""hi"":""इसोजोकी"",""ar"":""إيزوجوكي""}",2019-10-06T09:47:38,2025-12-02T14:38:56,1,Q1025692
38792,Isokyrö,1508,12,74,FI,adm3,,,63.01172000,22.33332000,Isokyrö,4357,Europe/Helsinki,"{""br"":""Isokyrö"",""ko"":""이소키뢰"",""pt-BR"":""Isokyrö"",""pt"":""Isokyrö"",""nl"":""Isokyrö"",""hr"":""Isokyrö"",""fa"":""ایزوکیرو"",""de"":""Isokyrö"",""es"":""Isokyrö"",""fr"":""Isokyrö"",""ja"":""イソキュロ"",""it"":""Isokyrö"",""zh-CN"":""伊索库罗"",""tr"":""Isokyrö"",""ru"":""Исокюрё"",""uk"":""Ісокіро"",""pl"":""Isokyrö"",""hi"":""इसोकिरो"",""ar"":""إيسوكيرو""}",2019-10-06T09:47:38,2025-12-02T14:38:56,1,Q1025692
38793,Ivalo,1500,10,74,FI,city,,,68.65986000,27.53891000,Ivalo,3998,Europe/Helsinki,"{""br"":""Ivalo"",""ko"":""이발로"",""pt-BR"":""Ivalo"",""pt"":""Ivalo"",""nl"":""Ivalo"",""hr"":""Ivalo"",""fa"":""ایوالو"",""de"":""Ivalo"",""es"":""Ivalo"",""fr"":""Ivalo"",""ja"":""イヴァロ"",""it"":""Ivalo"",""zh-CN"":""伊瓦洛"",""tr"":""Ivalo"",""ru"":""Ивало"",""uk"":""Івало"",""pl"":""Ivalo"",""hi"":""इवालो"",""ar"":""إيفالو""}",2019-10-06T09:47:38,2025-12-02T14:38:56,1,Q539767
38794,Jaala,1512,09,74,FI,city,,,61.05251000,26.48117000,Toveri,1893,Europe/Helsinki,"{""br"":""Jaala"",""ko"":""자알라"",""pt-BR"":""Jaala"",""pt"":""Jaala"",""nl"":""Jaala"",""hr"":""Jaala"",""fa"":""جعاله"",""de"":""Jaala"",""es"":""Jaala"",""fr"":""Jaala"",""ja"":""ジャアラ"",""it"":""Jaala"",""zh-CN"":""贾拉"",""tr"":""Jaala"",""ru"":""Джаала"",""uk"":""Джаала"",""pl"":""Jaala"",""hi"":""याला"",""ar"":""جالا""}",2019-10-06T09:47:38,2025-12-02T14:38:56,1,Q1011082
38795,Jakobstad,1508,12,74,FI,adm3,,,63.67486000,22.70256000,Jakobstad,19475,Europe/Helsinki,"{""br"":""Jakobstad"",""ko"":""야콥스타드"",""pt-BR"":""Jakobstad"",""pt"":""Jakobstad"",""nl"":""Jakobstad"",""hr"":""Jakobstad"",""fa"":""یاکوبستاد"",""de"":""Jakobstad"",""es"":""Jacobstad"",""fr"":""Jakobstad"",""ja"":""ヤコブスタッド"",""it"":""Jakobstad"",""zh-CN"":""雅各布斯塔德"",""tr"":""Jakobstad"",""ru"":""Якобстад"",""uk"":""Якобстад"",""pl"":""Jakobstad"",""hi"":""जैकबस्टेड"",""ar"":""جاكوبستاد""}",2019-10-06T09:47:38,2025-12-02T14:38:56,1,Q1679567
38796,Jalasjärvi,1498,03,74,FI,city,,,62.50000000,22.75000000,Jalasjärvi,,Europe/Helsinki,"{""br"":""Jalasjärvi"",""ko"":""잘라샤르비"",""pt-BR"":""Jalasjärvi"",""pt"":""Jalasjärvi"",""nl"":""Jalasjärvi"",""hr"":""Jalasjärvi"",""fa"":""جالاسیروی"",""de"":""Jalasjärvi"",""es"":""Jalasjärvi"",""fr"":""Jalasjärvi"",""ja"":""ヤラスヤルヴィ"",""it"":""Jalasjärvi"",""zh-CN"":""亚拉斯湖"",""tr"":""Jalasjärvi"",""ru"":""Яласъярви"",""uk"":""Ялас'ярві"",""pl"":""Jalasjärvi"",""hi"":""जलासजार्वी"",""ar"":""جالاسيارفي""}",2019-10-06T09:47:38,2025-12-02T17:11:50,1,Q1679567
38797,Janakkala,1493,06,74,FI,adm3,,,60.90000000,24.60000000,Janakkala,16123,Europe/Helsinki,"{""br"":""Janakkala"",""ko"":""자나칼라"",""pt-BR"":""Janakkala"",""pt"":""Janakkala"",""nl"":""Janakkala"",""hr"":""Janakkala"",""fa"":""جاناکالا"",""de"":""Janakkala"",""es"":""Janakkala"",""fr"":""Janakkala"",""ja"":""ジャナカラ"",""it"":""Janakkala"",""zh-CN"":""贾纳卡拉"",""tr"":""Janakkala"",""ru"":""Джанаккала"",""uk"":""Джанаккала"",""pl"":""Janakkala"",""hi"":""जानाक्काला"",""ar"":""جاناكالا""}",2019-10-06T09:47:38,2025-12-02T14:38:56,1,Q1679567
38798,Joensuu,1504,13,74,FI,adm1,,,62.60118000,29.76316000,Joensuu,78175,Europe/Helsinki,"{""br"":""Joensuu"",""ko"":""조엔수"",""pt-BR"":""Joensuu"",""pt"":""Joensuu"",""nl"":""Joensuu"",""hr"":""Joensuu"",""fa"":""جونسو"",""de"":""Joensuu"",""es"":""Joensuu"",""fr"":""Joensuu"",""ja"":""ヨエンスー"",""it"":""Joensuu"",""zh-CN"":""约恩苏"",""tr"":""Joensuu"",""ru"":""Йоэнсуу"",""uk"":""Йоенсуу"",""pl"":""Joensuu"",""hi"":""Joensuu"",""ar"":""جونسو""}",2019-10-06T09:47:38,2025-12-02T14:38:56,1,Q186237
38799,Jokioinen,1493,06,74,FI,adm3,,,60.80162000,23.48004000,Jokioinen,4916,Europe/Helsinki,"{""br"":""Jokioinen"",""ko"":""조키오이넨"",""pt-BR"":""Jokioinen"",""pt"":""Jokioinen"",""nl"":""Jokioinen"",""hr"":""Jokioinen"",""fa"":""جوکیواینن"",""de"":""Jokioinen"",""es"":""Jokioinen"",""fr"":""Jokioinen"",""ja"":""ヨキオイネン"",""it"":""Jokioinen"",""zh-CN"":""约基奥伊宁"",""tr"":""Jokioinen"",""ru"":""Йокиойнен"",""uk"":""Йокіойнен"",""pl"":""Jokioinen"",""hi"":""जोकिओइनेन"",""ar"":""جوكيوينن""}",2019-10-06T09:47:38,2025-12-02T14:38:56,1,Q997600
38800,Joroinen,1495,04,74,FI,adm3,,,62.17823000,27.83165000,Joroinen,4590,Europe/Helsinki,"{""br"":""Joroinen"",""ko"":""조로이넨"",""pt-BR"":""Joroinen"",""pt"":""Joroinen"",""nl"":""Joroinen"",""hr"":""Joroinen"",""fa"":""جوروینن"",""de"":""Joroinen"",""es"":""Joroinen"",""fr"":""Joroinen"",""ja"":""ヨロイネン"",""it"":""Joroinen"",""zh-CN"":""约罗伊宁"",""tr"":""Joroinen"",""ru"":""Йоройнен"",""uk"":""Йоройнен"",""pl"":""Joroinen"",""hi"":""जोरोइनेन"",""ar"":""جورونين""}",2019-10-06T09:47:38,2025-12-02T14:38:56,1,Q997600
38801,Joutsa,1511,08,74,FI,adm3,,,61.73333000,26.11667000,Joutsa,4079,Europe/Helsinki,"{""br"":""Joutsa"",""ko"":""주트사"",""pt-BR"":""Joutsa"",""pt"":""Joutsa"",""nl"":""Joutsa"",""hr"":""Joutsa"",""fa"":""یوتسا"",""de"":""Joutsa"",""es"":""Joutsa"",""fr"":""Joutsa"",""ja"":""ヨウツァ"",""it"":""Joutsa"",""zh-CN"":""乔察"",""tr"":""Joutsa"",""ru"":""Йоутса"",""uk"":""Йоуца"",""pl"":""Joutsa"",""hi"":""जौत्सा"",""ar"":""جوتسا""}",2019-10-06T09:47:38,2025-12-02T14:38:56,1,Q993058
38802,Joutseno,1497,02,74,FI,city,,,61.11796000,28.50763000,Joutseno,10603,Europe/Helsinki,"{""br"":""Joutseno"",""ko"":""조우체노"",""pt-BR"":""Joutseno"",""pt"":""Joutseno"",""nl"":""Joutseno"",""hr"":""Joutseno"",""fa"":""یوتسنو"",""de"":""Joutseno"",""es"":""Joutseno"",""fr"":""Joutseno"",""ja"":""ヨウツェノ"",""it"":""Joutseno"",""zh-CN"":""约采诺"",""tr"":""Joutseno"",""ru"":""Йоутсено"",""uk"":""Йоутсено"",""pl"":""Joutseno"",""hi"":""जौत्सेनो"",""ar"":""جوتسينو""}",2019-10-06T09:47:38,2025-12-02T14:38:56,1,Q829851
38804,Jurva,1498,03,74,FI,adm3,,,62.68333000,21.98333000,Jurva,4450,Europe/Helsinki,"{""br"":""Jurva"",""ko"":""주르바"",""pt-BR"":""Jurva"",""pt"":""Jurva"",""nl"":""Jurva"",""hr"":""Jurva"",""fa"":""جوروا"",""de"":""Jurva"",""es"":""Jurva"",""fr"":""Jurva"",""ja"":""ユルヴァ"",""it"":""Jurva"",""zh-CN"":""尤尔瓦"",""tr"":""Jurva"",""ru"":""Юрва"",""uk"":""Юрва"",""pl"":""Jurva"",""hi"":""जुर्वा"",""ar"":""جورفا""}",2019-10-06T09:47:38,2025-12-02T14:38:56,1,Q1369780
38805,Juuka,1504,13,74,FI,adm3,,,63.23333000,29.25000000,Juuka,4259,Europe/Helsinki,"{""br"":""Juuka"",""ko"":""주카"",""pt-BR"":""Juuka"",""pt"":""Juuka"",""nl"":""Juuka"",""hr"":""Juuka"",""fa"":""جوکا"",""de"":""Juuka"",""es"":""Juuka"",""fr"":""Juuka"",""ja"":""ジュウカ"",""it"":""Juuka"",""zh-CN"":""尤卡"",""tr"":""Juuka"",""ru"":""Джуука"",""uk"":""Джука"",""pl"":""Juuka"",""hi"":""जुका"",""ar"":""جووكا""}",2019-10-06T09:47:38,2025-12-02T14:38:56,1,Q1369780
38806,Juva,1495,04,74,FI,adm3,,,61.90000000,27.85000000,Juva,5734,Europe/Helsinki,"{""br"":""Juva"",""ko"":""주바"",""pt-BR"":""Juva"",""pt"":""Juva"",""nl"":""Juva"",""hr"":""Juva"",""fa"":""جووا"",""de"":""Juva"",""es"":""Juva"",""fr"":""Juva"",""ja"":""ジュヴァ"",""it"":""Juva"",""zh-CN"":""尤瓦"",""tr"":""Juva"",""ru"":""Джува"",""uk"":""Юва"",""pl"":""Juva"",""hi"":""जुवा"",""ar"":""جوفا""}",2019-10-06T09:47:38,2025-12-02T14:38:56,1,Q1369780
38807,Jyväskylä,1511,08,74,FI,adm1,,,62.24147000,25.72088000,Jyväskylä,147856,Europe/Helsinki,"{""br"":""Jyväskylä"",""ko"":""위베스퀼레"",""pt-BR"":""Jyväskylä"",""pt"":""Jyväskylä"",""nl"":""Jyväskylä"",""hr"":""Jyväskylä"",""fa"":""ییواسکیلا"",""de"":""Jyväskylä"",""es"":""Jyväskylä"",""fr"":""Jyväskylä"",""ja"":""ユヴァスキュラ"",""it"":""Jyväskylä"",""zh-CN"":""于韦斯屈莱"",""tr"":""Jyväskylä"",""ru"":""Ювяскюля"",""uk"":""Ювяскюля"",""pl"":""Jyväskylä"",""hi"":""युवास्कुले"",""ar"":""يوفاسكولا""}",2019-10-06T09:47:38,2025-12-02T14:38:56,1,Q134620
38808,Jämijärvi,1501,17,74,FI,adm3,,,61.81667000,22.70000000,Jämijärvi,1682,Europe/Helsinki,"{""br"":""Jämijärvi"",""ko"":""예미예르비"",""pt-BR"":""Jämijärvi"",""pt"":""Jämijärvi"",""nl"":""Jämijärvi"",""hr"":""Jämijärvi"",""fa"":""جامیجاروی"",""de"":""Jämijärvi"",""es"":""Jämijärvi"",""fr"":""Jämijärvi"",""ja"":""ヤミヤルヴィ"",""it"":""Jämijärvi"",""zh-CN"":""耶米耶尔维"",""tr"":""Jämijärvi"",""ru"":""Ямиярви"",""uk"":""Яміярві"",""pl"":""Jämijärvi"",""hi"":""जामिजार्वी"",""ar"":""ياميارفي""}",2019-10-06T09:47:38,2025-12-02T14:38:56,1,Q134620
38809,Jämsä,1511,08,74,FI,adm3,,,61.86420000,25.19002000,Jämsä,19182,Europe/Helsinki,"{""br"":""Jämsä"",""ko"":""옘사"",""pt-BR"":""Jämsä"",""pt"":""Jämsä"",""nl"":""Jämsä"",""hr"":""Jämsä"",""fa"":""جامسا"",""de"":""Jämsä"",""es"":""Jämsä"",""fr"":""Jämsä"",""ja"":""ヤムサ"",""it"":""Jämsä"",""zh-CN"":""耶姆赛"",""tr"":""Jämsä"",""ru"":""Ямся"",""uk"":""Ямся"",""pl"":""Jämsä"",""hi"":""जम्सा"",""ar"":""يامسا""}",2019-10-06T09:47:38,2025-12-02T14:38:56,1,Q642696
38810,Jämsänkoski,1511,08,74,FI,adm3,,,61.91900000,25.17011000,Jämsänkoski,7351,Europe/Helsinki,"{""br"":""Jämsänkoski"",""ko"":""옘스앤코스키"",""pt-BR"":""Jämsänkoski"",""pt"":""Jämsänkoski"",""nl"":""Jämsänkoski"",""hr"":""Jämsänkoski"",""fa"":""یامسنکوسکی"",""de"":""Jämsänkoski"",""es"":""Jämsänkoski"",""fr"":""Jämsänkoski"",""ja"":""ヤムサンコスキ"",""it"":""Jämsänkoski"",""zh-CN"":""耶姆桑科斯基"",""tr"":""Jämsänkoski"",""ru"":""Ямсянкоски"",""uk"":""Ємсянкоскі"",""pl"":""Jämsänkoski"",""hi"":""जैम्सान्कोस्की"",""ar"":""جامسانكوسكي""}",2019-10-06T09:47:38,2025-12-02T14:38:56,1,Q992990
38811,Jäppilä,1495,04,74,FI,city,,,62.37899000,27.43372000,Jäppilä,1603,Europe/Helsinki,"{""br"":""Jäppilä"",""ko"":""예필래"",""pt-BR"":""Jäppilä"",""pt"":""Jäppilä"",""nl"":""Jäppilä"",""hr"":""Jäppila"",""fa"":""یاپیلا"",""de"":""Jäppilä"",""es"":""Jäppilä"",""fr"":""Jäppilä"",""ja"":""ヤッピラ"",""it"":""Jäppilä"",""zh-CN"":""亚皮莱"",""tr"":""Jäppilä"",""ru"":""Яппиля"",""uk"":""Яппіля"",""pl"":""Jäppilä"",""hi"":""जप्पिला"",""ar"":""جابيلا""}",2019-10-06T09:47:38,2025-12-02T14:38:56,1,Q2925272
38812,Järvenpää,1510,18,74,FI,adm3,,,60.47369000,25.08992000,Järvenpää,46597,Europe/Helsinki,"{""br"":""Järvenpää"",""ko"":""예르벤파"",""pt-BR"":""Järvenpää"",""pt"":""Järvenpää"",""nl"":""Järvenpää"",""hr"":""Järvenpää"",""fa"":""یارونپا"",""de"":""Järvenpää"",""es"":""Järvenpää"",""fr"":""Järvenpää"",""ja"":""ヤルヴェンペー"",""it"":""Järvenpää"",""zh-CN"":""耶尔文佩"",""tr"":""Järvenpää"",""ru"":""Ярвенпяя"",""uk"":""Ярвенпяа"",""pl"":""Järvenpää"",""hi"":""जार्वेनपा"",""ar"":""جارفينبا""}",2019-10-06T09:47:38,2025-12-02T14:38:56,1,Q208293
38813,Kaarela,1510,18,74,FI,section,,,60.25174000,24.88111000,Kaarela,26911,Europe/Helsinki,"{""br"":""Kaarela"",""ko"":""카렐라"",""pt-BR"":""Kaarela"",""pt"":""Kaarela"",""nl"":""Kaarela"",""hr"":""Kaarela"",""fa"":""کارلا"",""de"":""Kaarela"",""es"":""Kaarela"",""fr"":""Kaarela"",""ja"":""カアレラ"",""it"":""Kaarela"",""zh-CN"":""卡雷拉"",""tr"":""Kaarela"",""ru"":""Каарела"",""uk"":""Каарела"",""pl"":""Kaarela"",""hi"":""करेला"",""ar"":""كاريلا""}",2019-10-06T09:47:38,2025-12-02T14:38:56,1,Q3068775
38814,Kaarina,1507,19,74,FI,adm3,,,60.40724000,22.36904000,Kaarina,36389,Europe/Helsinki,"{""br"":""Kaarina"",""ko"":""카리나"",""pt-BR"":""Kaarina"",""pt"":""Kaarina"",""nl"":""Kaarina"",""hr"":""Kaarina"",""fa"":""کارینا"",""de"":""Kaarina"",""es"":""Kaarina"",""fr"":""Kaarina"",""ja"":""カーリナ"",""it"":""Kaarina"",""zh-CN"":""卡里娜"",""tr"":""Kaarina"",""ru"":""Каарина"",""uk"":""Кааріна"",""pl"":""Kaarina"",""hi"":""कारिना"",""ar"":""كارينا""}",2019-10-06T09:47:38,2025-12-02T14:38:56,1,Q3068775
38816,Kajaani,1496,05,74,FI,adm1,,,64.22728000,27.72846000,Kajaani,36498,Europe/Helsinki,"{""br"":""Kajaani"",""ko"":""카자니"",""pt-BR"":""Kajaani"",""pt"":""Kajaani"",""nl"":""Kajaani"",""hr"":""Kajaani"",""fa"":""کاجانی"",""de"":""Kajaani"",""es"":""Kajaani"",""fr"":""Kajaani"",""ja"":""カヤーニ"",""it"":""Kajaani"",""zh-CN"":""卡亚尼"",""tr"":""Kajaani"",""ru"":""Каяни"",""uk"":""Каяані"",""pl"":""Kajaani"",""hi"":""काजानी"",""ar"":""كاجاني""}",2019-10-06T09:47:38,2025-12-02T14:38:56,1,Q193180
38817,Kalajoki,1505,14,74,FI,adm3,,,64.25000000,23.95000000,Kalajoki,12372,Europe/Helsinki,"{""br"":""Kalajoki"",""ko"":""칼라요키"",""pt-BR"":""Kalajoki"",""pt"":""Kalajoki"",""nl"":""Kalajoki"",""hr"":""Kalajoki"",""fa"":""کالاجوکی"",""de"":""Kalajoki"",""es"":""Kalajoki"",""fr"":""Kalajoki"",""ja"":""カラヨキ"",""it"":""Kalajoki"",""zh-CN"":""卡拉约基"",""tr"":""Kalajoki"",""ru"":""Калайоки"",""uk"":""Калайокі"",""pl"":""Kalajoki"",""hi"":""कालाजोकी"",""ar"":""كالاجوكي""}",2019-10-06T09:47:38,2025-12-02T14:38:56,1,Q939758
38818,Kallio,1510,18,74,FI,section,,,60.18427000,24.95034000,Kallio,27051,Europe/Helsinki,"{""br"":""Kallio"",""ko"":""칼리오"",""pt-BR"":""Kallio"",""pt"":""Kallio"",""nl"":""Kallio"",""hr"":""Kallio"",""fa"":""کالیو"",""de"":""Kallio"",""es"":""Kallio"",""fr"":""Kallio"",""ja"":""カリオ"",""it"":""Kallio"",""zh-CN"":""卡利奥"",""tr"":""Kallio"",""ru"":""Каллио"",""uk"":""Калліо"",""pl"":""Kallio"",""hi"":""कल्लियो"",""ar"":""كاليو""}",2019-10-06T09:47:38,2025-12-02T14:39:31,1,Q1011613
38819,Kalvola,1493,06,74,FI,city,,,61.10081000,24.12177000,Kalvola,3528,Europe/Helsinki,"{""br"":""Kalvola"",""ko"":""칼볼라"",""pt-BR"":""Kalvola"",""pt"":""Kalvola"",""nl"":""Kalvola"",""hr"":""Kalvola"",""fa"":""کالولا"",""de"":""Kalvola"",""es"":""Kalvola"",""fr"":""Kalvola"",""ja"":""カルヴォラ"",""it"":""Kalvola"",""zh-CN"":""卡尔沃拉"",""tr"":""Kalvola"",""ru"":""Калвола"",""uk"":""Калвола"",""pl"":""Kalvola"",""hi"":""कलवोला"",""ar"":""كالفولا""}",2019-10-06T09:47:38,2025-12-02T14:38:56,1,Q930181
38821,Kangasniemi,1495,04,74,FI,adm3,,,61.99357000,26.64785000,Kangasniemi,5114,Europe/Helsinki,"{""br"":""Kangasniemi"",""ko"":""강가스니에미"",""pt-BR"":""Kangasniemi"",""pt"":""Kangasniemi"",""nl"":""Kangasniemi"",""hr"":""Kangasniemi"",""fa"":""کانگاسنیمی"",""de"":""Kangasniemi"",""es"":""Kangasniemi"",""fr"":""Kangasniemi"",""ja"":""カンガスニエミ"",""it"":""Kangasniemi"",""zh-CN"":""坎加斯涅米"",""tr"":""Kangasniemi"",""ru"":""Кангасниеми"",""uk"":""Кангасніємі"",""pl"":""Kangasniemi"",""hi"":""कंगास्नीमी"",""ar"":""كانغاسنيمي""}",2019-10-06T09:47:38,2025-12-02T14:38:56,1,Q1580024
38822,Kankaanpää,1501,17,74,FI,adm3,,,61.80000000,22.41667000,Kankaanpää,12394,Europe/Helsinki,"{""br"":""Kankaanpää"",""ko"":""칸칸파"",""pt-BR"":""Kankaanpää"",""pt"":""Kankaanpää"",""nl"":""Kankaanpää"",""hr"":""Kankaanpää"",""fa"":""کانکانپا"",""de"":""Kankaanpää"",""es"":""Kankaanpää"",""fr"":""Kankaanpää"",""ja"":""カンカーンパー"",""it"":""Kankaanpää"",""zh-CN"":""坎坎帕"",""tr"":""Kankaanpää"",""ru"":""Kankaanpää"",""uk"":""Канкаанпяа"",""pl"":""Kankaanpää"",""hi"":""कंकाअनपा"",""ar"":""كانكانبا""}",2019-10-06T09:47:38,2025-12-02T14:38:56,1,Q990569
38823,Kannonkoski,1511,08,74,FI,adm3,,,62.96667000,25.25000000,Kannonkoski,1217,Europe/Helsinki,"{""br"":""Kannonkoski"",""ko"":""칸논코스키"",""pt-BR"":""Kannonkoski"",""pt"":""Kannonkoski"",""nl"":""Kannonkoski"",""hr"":""Kannonkoski"",""fa"":""کانونکوسکی"",""de"":""Kannonkoski"",""es"":""Kannonkoski"",""fr"":""Kannonkoski"",""ja"":""カノンコスキ"",""it"":""Kannonkoski"",""zh-CN"":""坎农科斯基"",""tr"":""Kannonkoski"",""ru"":""Каннонкоски"",""uk"":""Каннонкоскі"",""pl"":""Kannonkoski"",""hi"":""कन्नोनकोस्की"",""ar"":""كانونكوسكي""}",2019-10-06T09:47:38,2025-12-02T14:38:56,1,Q990569
38824,Kannus,1494,07,74,FI,adm3,,,63.90000000,23.90000000,Kannus,5246,Europe/Helsinki,"{""br"":""Kannus"",""ko"":""칸누스"",""pt-BR"":""Kannus"",""pt"":""Kannus"",""nl"":""Kannus"",""hr"":""Kannus"",""fa"":""کانوس"",""de"":""Kannus"",""es"":""Kannus"",""fr"":""Kannus"",""ja"":""カンヌス"",""it"":""Kannus"",""zh-CN"":""坎努斯"",""tr"":""Kannus"",""ru"":""Каннус"",""uk"":""Каннус"",""pl"":""Kannus"",""hi"":""कैनूस"",""ar"":""كانوس""}",2019-10-06T09:47:38,2025-12-02T14:38:56,1,Q990569
38825,Karhula,1512,09,74,FI,city,,,60.52156000,26.93125000,Karhula,22867,Europe/Helsinki,"{""br"":""Karhula"",""ko"":""카르훌라"",""pt-BR"":""Karhula"",""pt"":""Karhula"",""nl"":""Karhula"",""hr"":""Karhula"",""fa"":""کارهولا"",""de"":""Karhula"",""es"":""Karhula"",""fr"":""Karhula"",""ja"":""カルフラ"",""it"":""Karhula"",""zh-CN"":""卡尔胡拉"",""tr"":""Karhula"",""ru"":""Кархула"",""uk"":""Кархула"",""pl"":""Karhula"",""hi"":""करहुला"",""ar"":""كارهولا""}",2019-10-06T09:47:38,2025-12-02T14:38:56,1,Q2392663
38826,Karijoki,1498,03,74,FI,adm3,,,62.30851000,21.70856000,Karijoki,1188,Europe/Helsinki,"{""br"":""Karijoki"",""ko"":""카리조키"",""pt-BR"":""Karijoki"",""pt"":""Karijoki"",""nl"":""Karijoki"",""hr"":""Karijoki"",""fa"":""کاریوکی"",""de"":""Karijoki"",""es"":""Karijoki"",""fr"":""Karijoki"",""ja"":""カリヨキ"",""it"":""Karijoki"",""zh-CN"":""卡里约基"",""tr"":""Karijoki"",""ru"":""Карийоки"",""uk"":""Карійокі"",""pl"":""Karijoki"",""hi"":""करिजोकी"",""ar"":""كاريوكي""}",2019-10-06T09:47:38,2025-12-02T14:38:56,1,Q2392663
38827,Karinainen,1507,19,74,FI,city,,,60.66667000,22.76667000,Karinainen,,Europe/Helsinki,"{""br"":""Karinainen"",""ko"":""카리나이넨"",""pt-BR"":""Karinainen"",""pt"":""Karinainen"",""nl"":""Karinainen"",""hr"":""Karinainen"",""fa"":""کاریناینن"",""de"":""Karinainen"",""es"":""Karinainen"",""fr"":""Karinainen"",""ja"":""カリナイネン"",""it"":""Karinainen"",""zh-CN"":""卡里奈宁"",""tr"":""Karinainen"",""ru"":""Каринайнен"",""uk"":""Карінайнен"",""pl"":""Karinainen"",""hi"":""करिनाइनेन"",""ar"":""كاريناينن""}",2019-10-06T09:47:38,2025-12-02T16:59:27,1,Q910021
38828,Karis,1510,18,74,FI,city,,,60.07178000,23.66163000,Saalis,8853,Europe/Helsinki,"{""br"":""Karis"",""ko"":""카리스"",""pt-BR"":""Karis"",""pt"":""Karis"",""nl"":""Karis"",""hr"":""Karis"",""fa"":""کاریس"",""de"":""Karis"",""es"":""Karis"",""fr"":""Karis"",""ja"":""カリス"",""it"":""Karis"",""zh-CN"":""卡里斯"",""tr"":""Karis"",""ru"":""Карис"",""uk"":""Каріс"",""pl"":""Karis"",""hi"":""करिस"",""ar"":""كاريس""}",2019-10-06T09:47:38,2025-12-02T14:39:31,1,Q990581
38829,Karjalohja,1510,18,74,FI,city,,,60.24015000,23.71789000,Karjalohja,1657,Europe/Helsinki,"{""br"":""Karjalohja"",""ko"":""카르잘로흐자"",""pt-BR"":""Karjalohja"",""pt"":""Karjalohja"",""nl"":""Karjalohja"",""hr"":""Karjalohja"",""fa"":""کارجالوهجا"",""de"":""Karjalohja"",""es"":""Karjalohja"",""fr"":""Karjalohja"",""ja"":""カルジャロジャ"",""it"":""Karjalohja"",""zh-CN"":""卡尔贾洛赫亚"",""tr"":""Karjalohja"",""ru"":""Карьялохья"",""uk"":""Кар'ялох'я"",""pl"":""Karjalohja"",""hi"":""करजालोहजा"",""ar"":""كارجالوهجا""}",2019-10-06T09:47:38,2025-12-02T14:39:31,1,Q990572
38830,Karkkila,1510,18,74,FI,adm3,,,60.53418000,24.20977000,Karkkila,8581,Europe/Helsinki,"{""br"":""Karkkila"",""ko"":""카르킬라"",""pt-BR"":""Karkkila"",""pt"":""Karkkila"",""nl"":""Karkkila"",""hr"":""Karkkila"",""fa"":""کرککیلا"",""de"":""Karkkila"",""es"":""Karkkila"",""fr"":""Karkkila"",""ja"":""カルッキラ"",""it"":""Karkkila"",""zh-CN"":""卡尔基拉"",""tr"":""Karkkila"",""ru"":""Карккила"",""uk"":""Карккіла"",""pl"":""Karkkila"",""hi"":""कार्किला"",""ar"":""كركيلا""}",2019-10-06T09:47:38,2025-12-02T14:38:56,1,Q990572
38831,Karstula,1511,08,74,FI,adm3,,,62.86667000,24.78333000,Karstula,3625,Europe/Helsinki,"{""br"":""Karstula"",""ko"":""카르스툴라"",""pt-BR"":""Cárstula"",""pt"":""Cárstula"",""nl"":""Karstula"",""hr"":""Karstula"",""fa"":""کارستولا"",""de"":""Karstula"",""es"":""Karstula"",""fr"":""Karstula"",""ja"":""カルストゥラ"",""it"":""Karstula"",""zh-CN"":""卡尔斯图拉"",""tr"":""Karstula"",""ru"":""Карстула"",""uk"":""Карстула"",""pl"":""Karstula"",""hi"":""कर्स्टूला"",""ar"":""كارستولا""}",2019-10-06T09:47:38,2025-12-02T14:38:56,1,Q288192
38833,Karvia,1501,17,74,FI,adm3,,,62.13333000,22.56667000,Karvia,2216,Europe/Helsinki,"{""br"":""Karvia"",""ko"":""카르비아"",""pt-BR"":""Karvia"",""pt"":""Karvia"",""nl"":""Karvia"",""hr"":""Karvia"",""fa"":""کارویا"",""de"":""Karvia"",""es"":""Karvia"",""fr"":""Karvia"",""ja"":""カルビア"",""it"":""Karvia"",""zh-CN"":""卡维亚"",""tr"":""Karvia"",""ru"":""Карвия"",""uk"":""Карвія"",""pl"":""Karvia"",""hi"":""कार्विया"",""ar"":""كارفيا""}",2019-10-06T09:47:38,2025-12-02T14:38:56,1,Q1010034
38834,Kaskinen,1508,12,74,FI,adm3,,,62.38444000,21.22331000,Kaskinen,1208,Europe/Helsinki,"{""br"":""Kaskinen"",""ko"":""카스키넨"",""pt-BR"":""Caskinen"",""pt"":""Caskinen"",""nl"":""Kaskinen"",""hr"":""Kaskinen"",""fa"":""کاسکینن"",""de"":""Kaskinen"",""es"":""Kaskinen"",""fr"":""Kaskinen"",""ja"":""カスキネン"",""it"":""Kaskinen"",""zh-CN"":""卡斯基宁"",""tr"":""Kaskinen"",""ru"":""Каскинен"",""uk"":""Каскінен"",""pl"":""Kaskinen"",""hi"":""काश्किनन"",""ar"":""كاسكينن""}",2019-10-06T09:47:38,2025-12-02T14:38:56,1,Q1735037
38835,Kauhajoki,1498,03,74,FI,adm3,,,62.43333000,22.18333000,Kauhajoki,12618,Europe/Helsinki,"{""br"":""Kauhajok"",""ko"":""카우하요키"",""pt-BR"":""Kauhajoki"",""pt"":""Kauhajoki"",""nl"":""Kauhajoki"",""hr"":""Kauhajoki"",""fa"":""کائوهاجوکی"",""de"":""Kauhajoki"",""es"":""Kauhajoki"",""fr"":""Kauhajoki"",""ja"":""カウハヨキ"",""it"":""Kauhajoki"",""zh-CN"":""考哈约基"",""tr"":""Kauhajoki"",""ru"":""Каухайоки"",""uk"":""Каухайокі"",""pl"":""Kauhajoki"",""hi"":""कौहाजोकी"",""ar"":""كاوهايوكي""}",2019-10-06T09:47:38,2025-12-02T14:38:56,1,Q5992
38836,Kauhava,1498,03,74,FI,adm3,,,63.10299000,23.07129000,Kauhava,15165,Europe/Helsinki,"{""br"":""Kauhava"",""ko"":""카우하바"",""pt-BR"":""Kauhava"",""pt"":""Kauhava"",""nl"":""Kauhava"",""hr"":""Kauhava"",""fa"":""کاوهاوا"",""de"":""Kauhava"",""es"":""Kauhava"",""fr"":""Kauhava"",""ja"":""カウハバ"",""it"":""Kauhava"",""zh-CN"":""考哈瓦"",""tr"":""Kauhava"",""ru"":""Каухава"",""uk"":""Каухава"",""pl"":""Kauhava"",""hi"":""कौहावा"",""ar"":""كاوهافا""}",2019-10-06T09:47:38,2025-12-02T14:38:56,1,Q6009
38837,Kauniainen,1510,18,74,FI,adm3,,,60.21209000,24.72756000,Kauniainen,10270,Europe/Helsinki,"{""br"":""Kauniainen"",""ko"":""카우니아이넨"",""pt-BR"":""Kauniainen"",""pt"":""Kauniainen"",""nl"":""Kauniainen"",""hr"":""Kauniainen"",""fa"":""کاونیاینن"",""de"":""Kauniainen"",""es"":""Kauniainen"",""fr"":""Kauniainen"",""ja"":""カウニアイネン"",""it"":""Kauniainen"",""zh-CN"":""考尼艾宁"",""tr"":""Kauniainen"",""ru"":""Кауниайнен"",""uk"":""Кауняйнен"",""pl"":""Kauniainen"",""hi"":""कौनिआइनेन"",""ar"":""كاونياينن""}",2019-10-06T09:47:38,2025-12-02T14:38:56,1,Q208287
38838,Kaustinen,1494,07,74,FI,adm3,,,63.54878000,23.68845000,Kaustinen,4137,Europe/Helsinki,"{""br"":""Kaustinen"",""ko"":""카우스티넨"",""pt-BR"":""Kaustinen"",""pt"":""Kaustinen"",""nl"":""Kaustinen"",""hr"":""Kaustinen"",""fa"":""کاستینن"",""de"":""Kaustinen"",""es"":""Kaustinen"",""fr"":""Kaustinen"",""ja"":""カウスティネン"",""it"":""Kaustinen"",""zh-CN"":""考斯蒂宁"",""tr"":""Kaustinen"",""ru"":""Каустинен"",""uk"":""Каустінен"",""pl"":""Kaustinen"",""hi"":""कौस्टिनन"",""ar"":""كوستينن""}",2019-10-06T09:47:38,2025-12-02T14:38:56,1,Q208287
38840,Kellokoski,1510,18,74,FI,city,,,60.53271000,25.10917000,Kellokoski,4300,Europe/Helsinki,"{""br"":""Kellokoski"",""ko"":""켈로코스키"",""pt-BR"":""Kellokoski"",""pt"":""Kellokoski"",""nl"":""Kellokoski"",""hr"":""Kellokoski"",""fa"":""کلوکوسکی"",""de"":""Kellokoski"",""es"":""Kellokoski"",""fr"":""Kellokoski"",""ja"":""ケロコスキ"",""it"":""Kellokoski"",""zh-CN"":""凯洛科斯基"",""tr"":""Kellokoski"",""ru"":""Келлокоски"",""uk"":""Келлокоскі"",""pl"":""Kellokoski"",""hi"":""केलोकोस्की"",""ar"":""كيلوكوسكي""}",2019-10-06T09:47:38,2025-12-02T14:38:56,1,Q826263
38841,Kemi,1500,10,74,FI,adm3,,,65.73641000,24.56371000,me,19371,Europe/Helsinki,"{""br"":""Kemi"",""ko"":""케미"",""pt-BR"":""Kemi"",""pt"":""Kemi"",""nl"":""Kemi"",""hr"":""Kemi"",""fa"":""کمی"",""de"":""Kemi"",""es"":""Kemi"",""fr"":""Kemi"",""ja"":""ケミ"",""it"":""Kemi"",""zh-CN"":""凯米"",""tr"":""Kemi"",""ru"":""Кеми"",""uk"":""Кемі"",""pl"":""Kemi"",""hi"":""केमी"",""ar"":""كيمي""}",2019-10-06T09:47:38,2025-12-02T14:38:56,1,Q826263
38842,Kemijärvi,1500,10,74,FI,adm3,,,66.71309000,27.43056000,Kemijärvi,7030,Europe/Helsinki,"{""br"":""Kemijärvi"",""ko"":""케미예르비"",""pt-BR"":""Kemijärvi"",""pt"":""Kemijärvi"",""nl"":""Kemijärvi"",""hr"":""Kemijärvi"",""fa"":""کمیجاروی"",""de"":""Kemijärvi"",""es"":""Kemijärvi"",""fr"":""Kemijärvi"",""ja"":""ケミヤルヴィ"",""it"":""Kemijärvi"",""zh-CN"":""凯米耶尔维"",""tr"":""Kemijärvi"",""ru"":""Кемиярви"",""uk"":""Кеміярві"",""pl"":""Kemijärvi"",""hi"":""केमिजार्वी"",""ar"":""كيميارفي""}",2019-10-06T09:47:38,2025-12-02T14:38:56,1,Q826263
38843,Keminmaa,1500,10,74,FI,adm3,,,65.80158000,24.54483000,Keminmaa,7691,Europe/Helsinki,"{""br"":""Keminmaa"",""ko"":""케민마"",""pt-BR"":""Keminmaa"",""pt"":""Keminmaa"",""nl"":""Keminmaa"",""hr"":""Keminmaa"",""fa"":""کمینما"",""de"":""Keminmaa"",""es"":""Keminmaa"",""fr"":""Keminmaa"",""ja"":""ケミンマー"",""it"":""Keminmaa"",""zh-CN"":""凯明玛"",""tr"":""Keminmaa"",""ru"":""Кеминмаа"",""uk"":""Кемінмаа"",""pl"":""Keminmaa"",""hi"":""केमिन्मा"",""ar"":""كيمينما""}",2019-10-06T09:47:38,2025-12-02T14:38:56,1,Q826263
38844,Kempele,1505,14,74,FI,adm3,,,64.91314000,25.50339000,Kempele,14293,Europe/Helsinki,"{""br"":""Kempele"",""ko"":""켐펠레"",""pt-BR"":""Kempele"",""pt"":""Kempele"",""nl"":""Kempele"",""hr"":""Kempele"",""fa"":""کمپله"",""de"":""Kempele"",""es"":""Kempele"",""fr"":""Kempele"",""ja"":""ケンペレ"",""it"":""Kempele"",""zh-CN"":""肯佩尔"",""tr"":""Kempele"",""ru"":""Кемпеле"",""uk"":""Кемпеле"",""pl"":""Kempele"",""hi"":""केम्पेले"",""ar"":""كيمبيلي""}",2019-10-06T09:47:38,2025-12-02T14:39:31,1,Q985451
38845,Kerava,1510,18,74,FI,adm3,,,60.40338000,25.10500000,Kerava,38211,Europe/Helsinki,"{""br"":""Kerava"",""ko"":""케라바"",""pt-BR"":""Kerava"",""pt"":""Kerava"",""nl"":""Kerava"",""hr"":""Kerava"",""fa"":""کراوا"",""de"":""Kerava"",""es"":""Kerava"",""fr"":""Kerava"",""ja"":""ケラヴァ"",""it"":""Kerava"",""zh-CN"":""凯拉瓦"",""tr"":""Kerava"",""ru"":""Керава"",""uk"":""Керава"",""pl"":""Kerava"",""hi"":""केरावा"",""ar"":""كيرافا""}",2019-10-06T09:47:38,2025-12-02T14:38:56,1,Q216900
38846,Kerimäki,1495,04,74,FI,city,,,61.91069000,29.28228000,Kerimäki,5841,Europe/Helsinki,"{""br"":""Kerimäki"",""ko"":""케리매키"",""pt-BR"":""Kerimäki"",""pt"":""Kerimäki"",""nl"":""Kerimäki"",""hr"":""Kerimäki"",""fa"":""کریماکی"",""de"":""Kerimäki"",""es"":""Kerimäki"",""fr"":""Kerimäki"",""ja"":""ケリマキ"",""it"":""Kerimäki"",""zh-CN"":""凯里迈基"",""tr"":""Kerimäki"",""ru"":""Керимяки"",""uk"":""Керімякі"",""pl"":""Kerimäki"",""hi"":""केरीमाकी"",""ar"":""كيريماكي""}",2019-10-06T09:47:38,2025-12-02T14:39:31,1,Q1025740
38847,Kestilä,1505,14,74,FI,city,,,64.35002000,26.27921000,Kestilä,1576,Europe/Helsinki,"{""br"":""Kestilä"",""ko"":""케스틸래"",""pt-BR"":""Kestilä"",""pt"":""Kestilä"",""nl"":""Kestilä"",""hr"":""Kestila"",""fa"":""کستیلا"",""de"":""Kestilä"",""es"":""Kestilä"",""fr"":""Kestilä"",""ja"":""ケスティラ"",""it"":""Kestilä"",""zh-CN"":""凯斯蒂拉"",""tr"":""Kestilä"",""ru"":""Кестиля"",""uk"":""Кестіля"",""pl"":""Kestilä"",""hi"":""केस्टिला"",""ar"":""كيستيلا""}",2019-10-06T09:47:38,2025-12-02T14:38:56,1,Q992303
38848,Kesälahti,1504,13,74,FI,city,,,61.89752000,29.83494000,Kesälahti,2665,Europe/Helsinki,"{""br"":""Kesälahti"",""ko"":""케살라티"",""pt-BR"":""Kesälahti"",""pt"":""Kesälahti"",""nl"":""Kesälahti"",""hr"":""Kesälahti"",""fa"":""کسالهاتی"",""de"":""Kesälahti"",""es"":""Kesälahti"",""fr"":""Kesälahti"",""ja"":""ケサラハティ"",""it"":""Kesälahti"",""zh-CN"":""凯萨拉蒂"",""tr"":""Kesälahti"",""ru"":""Кесялахти"",""uk"":""Кесялахті"",""pl"":""Kesälahti"",""hi"":""केसालाहटी"",""ar"":""كيسالاهتي""}",2019-10-06T09:47:38,2025-12-02T14:39:31,1,Q1002499
38849,Keuruu,1511,08,74,FI,adm3,,,62.26667000,24.70000000,Keuruu,9184,Europe/Helsinki,"{""br"":""Keuruu"",""ko"":""크루루"",""pt-BR"":""Keuruu"",""pt"":""Keuruu"",""nl"":""Keuruu"",""hr"":""Keuruu"",""fa"":""کیروو"",""de"":""Keuruu"",""es"":""Keuruu"",""fr"":""Keuruu"",""ja"":""ケルウ"",""it"":""Keuruu"",""zh-CN"":""凯鲁乌"",""tr"":""Keuruu"",""ru"":""Кеуруу"",""uk"":""Кеуруу"",""pl"":""Keuruu"",""hi"":""केउरू"",""ar"":""كيورو""}",2019-10-06T09:47:38,2025-12-02T14:38:56,1,Q1002499
38850,Kiihtelysvaara,1504,13,74,FI,city,,,62.49525000,30.25081000,Kiihtelysvaara,2723,Europe/Helsinki,"{""br"":""Kiihtelysvaara"",""ko"":""키이흐텔리스바라"",""pt-BR"":""Kiihtelysvaara"",""pt"":""Kiihtelysvaara"",""nl"":""Kiihtelysvaara"",""hr"":""Kiihtelysvaara"",""fa"":""کیهتلیسوارا"",""de"":""Kiihtelysvaara"",""es"":""Kiihtelysvaara"",""fr"":""Kiihtelysvaara"",""ja"":""キイテリスヴァーラ"",""it"":""Kiihtelysvaara"",""zh-CN"":""基特利斯瓦拉"",""tr"":""Kiihtelysvaara"",""ru"":""Кийхтелисваара"",""uk"":""Кіхтельісваара"",""pl"":""Kiihtelysvaara"",""hi"":""किह्तेलीसवारा"",""ar"":""كيهتيليسفارا""}",2019-10-06T09:47:38,2025-12-02T14:39:31,1,Q1724211
38851,Kiikala,1507,19,74,FI,adm3,,,60.46667000,23.56667000,Kakila,1810,Europe/Helsinki,"{""br"":""Kiikala"",""ko"":""키칼라"",""pt-BR"":""Kiikala"",""pt"":""Kiikala"",""nl"":""Kiikala"",""hr"":""Kiikala"",""fa"":""کیکالا"",""de"":""Kiikala"",""es"":""Kiikala"",""fr"":""Kiikala"",""ja"":""キイカラ"",""it"":""Kiikala"",""zh-CN"":""基伊卡拉"",""tr"":""Kiikala"",""ru"":""Киикала"",""uk"":""Кіікала"",""pl"":""Kiikala"",""hi"":""किइकला"",""ar"":""كيكالا""}",2019-10-06T09:47:38,2025-12-02T14:38:56,1,Q1641643
38852,Kiiminki,1505,14,74,FI,city,,,65.13139000,25.79744000,Kiiminki,12069,Europe/Helsinki,"{""br"":""Kiiminki"",""ko"":""키이민키"",""pt-BR"":""Kiiminki"",""pt"":""Kiiminki"",""nl"":""Kiiminki"",""hr"":""Kiiminki"",""fa"":""کیمینکی"",""de"":""Kiiminki"",""es"":""Kiiminki"",""fr"":""Kiiminki"",""ja"":""キイミンキ"",""it"":""Kiiminki"",""zh-CN"":""基明基"",""tr"":""Kiiminki"",""ru"":""Кииминки"",""uk"":""Кіімінкі"",""pl"":""Kiiminki"",""hi"":""किमिन्की"",""ar"":""كيمينكي""}",2019-10-06T09:47:38,2025-12-02T14:39:31,1,Q992275
38853,Kilo,1510,18,74,FI,locality,,,60.21746000,24.78151000,Kilo,10554,Europe/Helsinki,"{""br"":""Kilo"",""ko"":""킬로"",""pt-BR"":""Quilo"",""pt"":""Quilo"",""nl"":""Kilo"",""hr"":""Kilo"",""fa"":""کیلو"",""de"":""Kilo"",""es"":""Kilo"",""fr"":""Kilo"",""ja"":""キロ"",""it"":""Chilo"",""zh-CN"":""公斤"",""tr"":""Kilo"",""ru"":""Кило"",""uk"":""Кіло"",""pl"":""Kilogram"",""hi"":""किलो"",""ar"":""كيلو""}",2019-10-06T09:47:38,2025-12-02T14:38:56,1,Q653536
38854,Kimito,1507,19,74,FI,adm3,,,60.16047000,22.72900000,Kimito,3287,Europe/Helsinki,"{""br"":""Kimito"",""ko"":""키미토"",""pt-BR"":""Kimito"",""pt"":""Kimito"",""nl"":""Kimito"",""hr"":""Kimito"",""fa"":""کیمیتو"",""de"":""Kimito"",""es"":""Kimito"",""fr"":""Kimito"",""ja"":""キミト"",""it"":""Kimito"",""zh-CN"":""君人"",""tr"":""Kimito"",""ru"":""Кимито"",""uk"":""Кіміто"",""pl"":""Kimito"",""hi"":""किमिटो"",""ar"":""كيميتو""}",2019-10-06T09:47:38,2025-12-02T14:39:31,1,Q425790
38855,Kinnula,1511,08,74,FI,adm3,,,63.38333000,24.95000000,Kinnula,1523,Europe/Helsinki,"{""br"":""Kinnula"",""ko"":""키눌라"",""pt-BR"":""Kinnula"",""pt"":""Kinnula"",""nl"":""Kinnula"",""hr"":""Kinula"",""fa"":""کینولا"",""de"":""Kinnula"",""es"":""Kinnula"",""fr"":""Kinnula"",""ja"":""キヌラ"",""it"":""Kinnula"",""zh-CN"":""金努拉"",""tr"":""Kinnula"",""ru"":""Киннула"",""uk"":""Кінула"",""pl"":""Kinnula"",""hi"":""किन्नुला"",""ar"":""كينولا""}",2019-10-06T09:47:38,2025-12-02T14:38:56,1,Q999255
38856,Kirkkonummi,1510,18,74,FI,adm3,,,60.12381000,24.43853000,Kirkkonummi,41154,Europe/Helsinki,"{""br"":""Kirkkonummi"",""ko"":""키르코눔미"",""pt-BR"":""Kirkkonummi"",""pt"":""Kirkkonummi"",""nl"":""Kirkkonummi"",""hr"":""Kirkkonummi"",""fa"":""کرککونومی"",""de"":""Kirkkonummi"",""es"":""Kirkkonummi"",""fr"":""Kirkkonummi"",""ja"":""キルッコヌンミ"",""it"":""Kirkkonummi"",""zh-CN"":""基尔科努米"",""tr"":""Kirkkonummi"",""ru"":""Киркконумми"",""uk"":""Кіркконуммі"",""pl"":""Kirkkonummi"",""hi"":""किर्ककोनुम्मी"",""ar"":""كيركونومي""}",2019-10-06T09:47:38,2025-12-02T14:38:56,1,Q999255
38857,Kisko,1507,19,74,FI,adm3,,,60.23333000,23.48333000,Kisko,1958,Europe/Helsinki,"{""br"":""Kisko"",""ko"":""키스코"",""pt-BR"":""Kisko"",""pt"":""Kisko"",""nl"":""Kisko"",""hr"":""Kisko"",""fa"":""کیسکو"",""de"":""Kisko"",""es"":""Kisko"",""fr"":""Kisko"",""ja"":""キスコ"",""it"":""Kisko"",""zh-CN"":""基斯科"",""tr"":""Kisko"",""ru"":""Киско"",""uk"":""Кіско"",""pl"":""Kisko"",""hi"":""किस्को"",""ar"":""كيسكو""}",2019-10-06T09:47:38,2025-12-02T14:39:31,1,Q668748
38858,Kitee,1504,13,74,FI,adm3,,,62.10000000,30.15000000,Kitee,9689,Europe/Helsinki,"{""br"":""Kitee"",""ko"":""카이티"",""pt-BR"":""Pipa"",""pt"":""Pipa"",""nl"":""Kitee"",""hr"":""Kitee"",""fa"":""کیتی"",""de"":""Drachen"",""es"":""Cometa"",""fr"":""Cerf-volant"",""ja"":""キティー"",""it"":""Aquilone"",""zh-CN"":""基泰"",""tr"":""Uçurtma"",""ru"":""Китее"",""uk"":""Кіті"",""pl"":""Latawiec"",""hi"":""काइटी"",""ar"":""طائرة ورقية""}",2019-10-06T09:47:38,2025-12-02T14:38:56,1,Q491603
38859,Kittilä,1500,10,74,FI,adm3,,,67.66474000,24.89356000,Kittilä,6658,Europe/Helsinki,"{""br"":""Kittilä"",""ko"":""키틸래"",""pt-BR"":""Kittilä"",""pt"":""Kittilä"",""nl"":""Kittilä"",""hr"":""Kittilä"",""fa"":""کیتیلا"",""de"":""Kittilä"",""es"":""Kittilä"",""fr"":""Kittilä"",""ja"":""キティラ"",""it"":""Kittilä"",""zh-CN"":""基蒂莱"",""tr"":""Kittilä"",""ru"":""Киттиля"",""uk"":""Кіттіля"",""pl"":""Kittilä"",""hi"":""किट्टिला"",""ar"":""كيتيلا""}",2019-10-06T09:47:38,2025-12-02T14:39:31,1,Q593942
38860,Kiukainen,1501,17,74,FI,adm3,,,61.21667000,22.08333000,Kiukainen,3358,Europe/Helsinki,"{""br"":""Kiukainen"",""ko"":""키우카이넨"",""pt-BR"":""Kiukainen"",""pt"":""Kiukainen"",""nl"":""Kiukainen"",""hr"":""Kiukainen"",""fa"":""کیوکائینن"",""de"":""Kiukainen"",""es"":""Kiukainen"",""fr"":""Kiukainen"",""ja"":""キウカイネン"",""it"":""Kiukainen"",""zh-CN"":""基乌凯宁"",""tr"":""Kiukainen"",""ru"":""Киукайнен"",""uk"":""Кіукайнен"",""pl"":""Kiukainen"",""hi"":""किउकैनेन"",""ar"":""كيوكينن""}",2019-10-06T09:47:38,2025-12-02T14:39:31,1,Q1743976
38862,Kivijärvi,1511,08,74,FI,adm3,,,63.11984000,25.07835000,Kivijärvi,1035,Europe/Helsinki,"{""br"":""Kivijärvi"",""ko"":""키비예르비"",""pt-BR"":""Kivijärvi"",""pt"":""Kivijärvi"",""nl"":""Kivijärvi"",""hr"":""Kivijärvi"",""fa"":""کیویاروی"",""de"":""Kivijärvi"",""es"":""Kivijärvi"",""fr"":""Kivijärvi"",""ja"":""キヴィヤルヴィ"",""it"":""Kivijärvi"",""zh-CN"":""基维耶尔维"",""tr"":""Kivijärvi"",""ru"":""Кивиярви"",""uk"":""Ківіярві"",""pl"":""Kivijärvi"",""hi"":""Kivijarvi"",""ar"":""كيفيارفي""}",2019-10-06T09:47:38,2025-12-02T14:38:56,1,Q594558
38863,Kokemäki,1501,17,74,FI,adm3,,,61.25647000,22.35643000,Kokemäki,6766,Europe/Helsinki,"{""br"":""Kokemäki"",""ko"":""코케마키"",""pt-BR"":""Kokemäki"",""pt"":""Kokemäki"",""nl"":""Kokemäki"",""hr"":""Kokemäki"",""fa"":""کوکماکی"",""de"":""Kokemäki"",""es"":""Kokemäki"",""fr"":""Kokemäki"",""ja"":""コケマキ"",""it"":""Kokemäki"",""zh-CN"":""科凯迈基"",""tr"":""Kokemäki"",""ru"":""Кокемяки"",""uk"":""Кокемякі"",""pl"":""Kokemäki"",""hi"":""कोकेमाकी"",""ar"":""كوكيماكي""}",2019-10-06T09:47:38,2025-12-02T14:38:56,1,Q594558
38864,Kokkola,1494,07,74,FI,city,,,63.85414000,23.58562000,Kokkola,48299,Europe/Helsinki,"{""br"":""Kokola"",""ko"":""코콜라"",""pt-BR"":""Kokkola"",""pt"":""Kokkola"",""nl"":""Kokkola"",""hr"":""Kokkola"",""fa"":""کوکولا"",""de"":""Kokkola"",""es"":""Kokkola"",""fr"":""Kokkola"",""ja"":""コッコラ"",""it"":""Kokkola"",""zh-CN"":""科科拉"",""tr"":""Kokkola"",""ru"":""Коккола"",""uk"":""Коккола"",""pl"":""Kokkola"",""hi"":""कोक्कोला"",""ar"":""كوكولا""}",2019-10-06T09:47:38,2025-12-02T16:59:27,1,Q207891
38865,Kolari,1500,10,74,FI,adm3,,,67.33047000,23.77785000,Kolari,4011,Europe/Helsinki,"{""br"":""Kolari"",""ko"":""콜라리"",""pt-BR"":""Kolari"",""pt"":""Kolari"",""nl"":""Kolari"",""hr"":""Kolari"",""fa"":""کولاری"",""de"":""Kolari"",""es"":""Kolari"",""fr"":""Kolari"",""ja"":""コラリ"",""it"":""Kolari"",""zh-CN"":""科拉里"",""tr"":""Kolari"",""ru"":""Колари"",""uk"":""Коларі"",""pl"":""Kolari"",""hi"":""कोलारी"",""ar"":""كولاري""}",2019-10-06T09:47:38,2025-12-02T14:38:56,1,Q543882
38866,Konnevesi,1511,08,74,FI,adm3,,,62.61667000,26.31667000,Konnevesi,2499,Europe/Helsinki,"{""br"":""Konnevesi"",""ko"":""콘네베시"",""pt-BR"":""Konnevesi"",""pt"":""Konnevesi"",""nl"":""Konnevesi"",""hr"":""Konnevesi"",""fa"":""کونِوِزی"",""de"":""Konnevesi"",""es"":""Konnevesi"",""fr"":""Konnevesi"",""ja"":""コネヴェシ"",""it"":""Konnevesi"",""zh-CN"":""科内韦西"",""tr"":""Konnevesi"",""ru"":""Конневеси"",""uk"":""Конневесі"",""pl"":""Konnevesi"",""hi"":""कोनेवेसी"",""ar"":""كونيفيسي""}",2019-10-06T09:47:38,2025-12-02T14:38:56,1,Q543882
38867,Kontiolahti,1504,13,74,FI,adm3,,,62.76023000,29.84711000,Kontiolahti,15136,Europe/Helsinki,"{""br"":""Kontiolahti"",""ko"":""콘티올라티"",""pt-BR"":""Kontiolahti"",""pt"":""Kontiolahti"",""nl"":""Kontiolahti"",""hr"":""Kontiolahti"",""fa"":""کونتیولاهتی"",""de"":""Kontiolahti"",""es"":""Kontiolahti"",""fr"":""Kontiolahti"",""ja"":""コンティオラハティ"",""it"":""Kontiolahti"",""zh-CN"":""孔蒂奥拉赫蒂"",""tr"":""Kontiolahti"",""ru"":""Контиолахти"",""uk"":""Контіолахті"",""pl"":""Kontiolahti"",""hi"":""कोंटियोलाहटी"",""ar"":""كونتيولاهتي""}",2019-10-06T09:47:38,2025-12-02T14:38:56,1,Q737534
38868,Korpilahti,1511,08,74,FI,adm3,,,62.01667000,25.55000000,Korpilahti,5044,Europe/Helsinki,"{""br"":""Korpilahti"",""ko"":""코르필라티"",""pt-BR"":""Korpilahti"",""pt"":""Korpilahti"",""nl"":""Korpilahti"",""hr"":""Korpilahti"",""fa"":""کورپیلاهتی"",""de"":""Korpilahti"",""es"":""Korpilahti"",""fr"":""Korpilahti"",""ja"":""コルピラティ"",""it"":""Korpilahti"",""zh-CN"":""科皮拉赫蒂"",""tr"":""Korpilahti"",""ru"":""Корпилахти"",""uk"":""Корпілахті"",""pl"":""Korpilahti"",""hi"":""कोर्पिलाहटी"",""ar"":""كوربيلاتي""}",2019-10-06T09:47:38,2025-12-02T14:38:56,1,Q999821
38869,Korsholm,1508,12,74,FI,city,,,63.11418000,21.68216000,Korsholm,19763,Europe/Helsinki,"{""br"":""Korsholm"",""ko"":""코르숄름"",""pt-BR"":""Korsholm"",""pt"":""Korsholm"",""nl"":""Korsholm"",""hr"":""Korsholm"",""fa"":""کورشولم"",""de"":""Korsholm"",""es"":""Korsholm"",""fr"":""Korsholm"",""ja"":""コルシュホルム"",""it"":""Korsholm"",""zh-CN"":""科斯霍尔姆"",""tr"":""Korsholm"",""ru"":""Корсхольм"",""uk"":""Корсгольм"",""pl"":""Korsholm"",""hi"":""कोर्शोल्म"",""ar"":""كورسهولم""}",2019-10-06T09:47:38,2025-12-02T14:38:56,1,Q1784789
38870,Korsnäs,1508,12,74,FI,adm3,,,62.78333000,21.20000000,Korsnäs,2015,Europe/Helsinki,"{""br"":""Korsnäs"",""ko"":""코르스네스"",""pt-BR"":""Korsnäs"",""pt"":""Korsnäs"",""nl"":""Korsnäs"",""hr"":""Korsnäs"",""fa"":""کورسناها"",""de"":""Korsnäs"",""es"":""Korsnäs"",""fr"":""Korsnäs"",""ja"":""コルスネス"",""it"":""Korsnäs"",""zh-CN"":""科尔斯奈斯"",""tr"":""Korsnäs"",""ru"":""Корснес"",""uk"":""Корснес"",""pl"":""Korsnäs"",""hi"":""कोर्स्नास"",""ar"":""كورسناس""}",2019-10-06T09:47:38,2025-12-02T14:38:56,1,Q1498986
38871,Kortesjärvi,1498,03,74,FI,adm3,,,63.30000000,23.16667000,Kortesjärvi,2400,Europe/Helsinki,"{""br"":""Kortesjärvi"",""ko"":""코르테스야르비"",""pt-BR"":""Kortesjärvi"",""pt"":""Kortesjärvi"",""nl"":""Kortesjärvi"",""hr"":""Kortesjärvi"",""fa"":""کورتسیاروی"",""de"":""Kortesjärvi"",""es"":""Kortesjärvi"",""fr"":""Kortesjärvi"",""ja"":""コルテスヤルヴィ"",""it"":""Kortesjärvi"",""zh-CN"":""科特斯耶尔维"",""tr"":""Kortesjärvi"",""ru"":""Кортесъярви"",""uk"":""Кортесьярві"",""pl"":""Kortesjärvi"",""hi"":""कोर्टेसजेर्वी"",""ar"":""كورتيزارفي""}",2019-10-06T09:47:38,2025-12-02T14:38:56,1,Q1025741
38872,Kotka,1512,09,74,FI,adm3,,,60.46640000,26.94582000,Kotka,50477,Europe/Helsinki,"{""br"":""Kotka"",""ko"":""코트카"",""pt-BR"":""Kotka"",""pt"":""Kotka"",""nl"":""Kotka"",""hr"":""Kotka"",""fa"":""کوتکا"",""de"":""Kotka"",""es"":""Kotka"",""fr"":""Kotka"",""ja"":""コトカ"",""it"":""Kotka"",""zh-CN"":""科特卡"",""tr"":""Kotka"",""ru"":""Котка"",""uk"":""Котка"",""pl"":""Kotka"",""hi"":""कोटका"",""ar"":""كوتكا""}",2019-10-06T09:47:38,2025-12-02T14:38:56,1,Q192155
38873,Koukkuniemi,1510,18,74,FI,section,,,60.15261000,24.76467000,Koukkuniemi,1038,Europe/Helsinki,"{""br"":""Koukkuniemi"",""ko"":""쿠쿠니에미"",""pt-BR"":""Koukkuniemi"",""pt"":""Koukkuniemi"",""nl"":""Koukkuniemi"",""hr"":""Koukkuniemi"",""fa"":""کوکونیمی"",""de"":""Koukkuniemi"",""es"":""Koukkuniemi"",""fr"":""Koukkuniemi"",""ja"":""クックニエミ"",""it"":""Koukkuniemi"",""zh-CN"":""库库尼米"",""tr"":""Koukkuniemi"",""ru"":""Коуккуниеми"",""uk"":""Куккуніємі"",""pl"":""Koukkuniemi"",""hi"":""कौक्कुनीमी"",""ar"":""كوكونيمي""}",2019-10-06T09:47:38,2025-12-02T14:39:31,1,Q192155
38874,Kouvola,1512,09,74,FI,adm1,,,60.86667000,26.70000000,Kouvola,78824,Europe/Helsinki,"{""br"":""Kouvola"",""ko"":""쿠볼라"",""pt-BR"":""Kouvola"",""pt"":""Kouvola"",""nl"":""Kouvola"",""hr"":""Kouvola"",""fa"":""کووولا"",""de"":""Kouvola"",""es"":""Kouvola"",""fr"":""Kouvola"",""ja"":""コウヴォラ"",""it"":""Kouvola"",""zh-CN"":""科沃拉"",""tr"":""Kouvola"",""ru"":""Коувола"",""uk"":""Коувола"",""pl"":""Kouvola"",""hi"":""कुवोला"",""ar"":""كوفولا""}",2019-10-06T09:47:38,2025-12-02T14:38:56,1,Q204382
38875,Kristinestad,1508,12,74,FI,adm3,,,62.27429000,21.37596000,Kristinestad,6199,Europe/Helsinki,"{""br"":""Kristinestad"",""ko"":""크리스티네스타드"",""pt-BR"":""Kristinestad"",""pt"":""Kristinestad"",""nl"":""Kristinestad"",""hr"":""Kristinestad"",""fa"":""کریستینستاد"",""de"":""Kristinestad"",""es"":""Kristinestad"",""fr"":""Kristinestad"",""ja"":""クリスティネスタッド"",""it"":""Kristinestad"",""zh-CN"":""克里斯蒂娜斯塔德"",""tr"":""Kristinestad"",""ru"":""Кристинестад"",""uk"":""Крістінестад"",""pl"":""Kristinestad"",""hi"":""क्रिस्टिनेस्ताद"",""ar"":""كريستينستاد""}",2019-10-06T09:47:38,2025-12-02T14:38:56,1,Q659642
38876,Kronoby,1508,12,74,FI,adm3,,,63.72859000,23.03387000,Kronoby,6813,Europe/Helsinki,"{""br"":""Kronoby"",""ko"":""크로노비"",""pt-BR"":""Kronoby"",""pt"":""Kronoby"",""nl"":""Kronoby"",""hr"":""Kronoby"",""fa"":""کرونوبی"",""de"":""Kronoby"",""es"":""Kronoby"",""fr"":""Kronoby"",""ja"":""クロノビー"",""it"":""Kronoby"",""zh-CN"":""克罗诺比"",""tr"":""Kronoby"",""ru"":""Кроноби"",""uk"":""Кронобі"",""pl"":""Kronoby"",""hi"":""क्रोनोबी"",""ar"":""كرونوبي""}",2019-10-06T09:47:38,2025-12-02T14:38:56,1,Q659642
38877,Kuhmo,1496,05,74,FI,adm3,,,64.13333000,29.51667000,Kuhmo,7413,Europe/Helsinki,"{""br"":""Kuhmo"",""ko"":""쿠흐모"",""pt-BR"":""Kuhmo"",""pt"":""Kuhmo"",""nl"":""Kuhmo"",""hr"":""Kuhmo"",""fa"":""کوهمو"",""de"":""Kuhmo"",""es"":""Kuhmo"",""fr"":""Kuhmo"",""ja"":""クフモ"",""it"":""Kuhmo"",""zh-CN"":""库赫莫"",""tr"":""Kuhmo"",""ru"":""Кухмо"",""uk"":""Кухмо"",""pl"":""Kuhmo"",""hi"":""कुहमो"",""ar"":""كوهمو""}",2019-10-06T09:47:38,2025-12-02T14:39:31,1,Q939771
38878,Kuhmoinen,1511,08,74,FI,adm3,,,61.56667000,25.18333000,Kuhmoinen,2092,Europe/Helsinki,"{""br"":""Kuhmoinen"",""ko"":""쿠모이넨"",""pt-BR"":""Kuhmoinen"",""pt"":""Kuhmoinen"",""nl"":""Kuhmoinen"",""hr"":""Kuhmöinen"",""fa"":""کوهموئینن"",""de"":""Kuhmoinen"",""es"":""Kuhmoinen"",""fr"":""Kuhmoinen"",""ja"":""クモイネン"",""it"":""Kuhmoinen"",""zh-CN"":""库赫莫伊宁"",""tr"":""Kuhmoinen"",""ru"":""Кухмойнен"",""uk"":""Кухмойнен"",""pl"":""Kuhmoinen"",""hi"":""कुह्मोइनेन"",""ar"":""كوهموينن""}",2019-10-06T09:47:38,2025-12-02T14:38:56,1,Q585888
38879,Kuivaniemi,1505,14,74,FI,city,,,65.57847000,25.18814000,Kuivaniemi,1979,Europe/Helsinki,"{""br"":""Kuivaniemi"",""ko"":""쿠이바니에미"",""pt-BR"":""Kuivaniemi"",""pt"":""Kuivaniemi"",""nl"":""Kuivaniemi"",""hr"":""Kuivaniemi"",""fa"":""کویوانیمی"",""de"":""Kuivaniemi"",""es"":""Kuivaniemi"",""fr"":""Kuivaniemi"",""ja"":""クイヴァニエミ"",""it"":""Kuivaniemi"",""zh-CN"":""库伊瓦涅米"",""tr"":""Kuivaniemi"",""ru"":""Куиваниеми"",""uk"":""Куйваніємі"",""pl"":""Kuivaniemi"",""hi"":""काइवानेमी"",""ar"":""كويفانييمي""}",2019-10-06T09:47:38,2025-12-02T14:38:56,1,Q201835
38880,Kullaa,1501,17,74,FI,city,,,61.46998000,22.16145000,Kullaa,1494,Europe/Helsinki,"{""br"":""Kullaa"",""ko"":""쿨라아"",""pt-BR"":""Kullaa"",""pt"":""Kullaa"",""nl"":""Kullaa"",""hr"":""Kullaa"",""fa"":""کولا"",""de"":""Kullaa"",""es"":""Kullaa"",""fr"":""Kullaa"",""ja"":""クラア"",""it"":""Kullaa"",""zh-CN"":""库拉"",""tr"":""Kullaa"",""ru"":""Куллаа"",""uk"":""Куллаа"",""pl"":""Kullaa"",""hi"":""कुल्ला"",""ar"":""كولا""}",2019-10-06T09:47:38,2025-12-02T14:39:31,1,Q4131730
38882,Kuortane,1498,03,74,FI,adm3,,,62.80000000,23.50000000,Kuortane,3381,Europe/Helsinki,"{""br"":""Kuortane"",""ko"":""쿠오르타네"",""pt-BR"":""Kuortane"",""pt"":""Kuortane"",""nl"":""Kuortane"",""hr"":""Kuortane"",""fa"":""کورتان"",""de"":""Kuortane"",""es"":""Kuortane"",""fr"":""Kuortane"",""ja"":""クオルタネ"",""it"":""Kuortane"",""zh-CN"":""库奥尔塔内"",""tr"":""Kuortane"",""ru"":""Куортане"",""uk"":""Куортане"",""pl"":""Kuortane"",""hi"":""कुओर्टाने"",""ar"":""كورتاني""}",2019-10-06T09:47:38,2025-12-02T14:38:56,1,Q6012
38883,Kurikka,1498,03,74,FI,adm3,,,62.61667000,22.41667000,Kurikka,19759,Europe/Helsinki,"{""br"":""Kurikka"",""ko"":""쿠리카"",""pt-BR"":""Kurikka"",""pt"":""Kurikka"",""nl"":""Kurikka"",""hr"":""Kurikka"",""fa"":""کوریکا"",""de"":""Kurikka"",""es"":""Kurikka"",""fr"":""Kurikka"",""ja"":""クリッカ"",""it"":""Kurikka"",""zh-CN"":""库里卡"",""tr"":""Kurikka"",""ru"":""Курикка"",""uk"":""Курікка"",""pl"":""Kurikka"",""hi"":""कुरिक्का"",""ar"":""كوريكا""}",2019-10-06T09:47:38,2025-12-02T14:38:56,1,Q6012
38884,Kustavi,1507,19,74,FI,adm3,,,60.54529000,21.35880000,Kustavi,949,Europe/Helsinki,"{""br"":""Kustavi"",""ko"":""쿠스타비"",""pt-BR"":""Kustavi"",""pt"":""Kustavi"",""nl"":""Kustavi"",""hr"":""Kustavi"",""fa"":""کوستاوی"",""de"":""Kustavi"",""es"":""Kustavi"",""fr"":""Kustavi"",""ja"":""クスタヴィ"",""it"":""Kustavi"",""zh-CN"":""库斯塔维"",""tr"":""Kustavi"",""ru"":""Кустави"",""uk"":""Куставі"",""pl"":""Kustawi"",""hi"":""कुस्तावी"",""ar"":""كوستافي""}",2019-10-06T09:47:38,2025-12-02T14:38:56,1,Q6012
38885,Kuusamo,1505,14,74,FI,adm3,,,65.96667000,29.18333000,Kuusamo,15019,Europe/Helsinki,"{""br"":""Kuusamo"",""ko"":""쿠사모"",""pt-BR"":""Kuusamo"",""pt"":""Kuusamo"",""nl"":""Kuusamo"",""hr"":""Kuusamo"",""fa"":""کوسامو"",""de"":""Kuusamo"",""es"":""Kuusamo"",""fr"":""Kuusamo"",""ja"":""クーサモ"",""it"":""Kuusamo"",""zh-CN"":""库萨莫"",""tr"":""Kuusamo"",""ru"":""Куусамо"",""uk"":""Куусамо"",""pl"":""Kuusamo"",""hi"":""कूसामो"",""ar"":""كوسامو""}",2019-10-06T09:47:38,2025-12-02T17:11:50,1,Q207999
38886,Kuusjoki,1507,19,74,FI,adm3,,,60.51667000,23.20000000,KUUSJOKI,1775,Europe/Helsinki,"{""br"":""Kuusjoki"",""ko"":""쿠우스요키"",""pt-BR"":""Kuusjoki"",""pt"":""Kuusjoki"",""nl"":""Kuusjoki"",""hr"":""Kuusjoki"",""fa"":""کووسجوکی"",""de"":""Kuusjoki"",""es"":""Kuusjoki"",""fr"":""Kuusjoki"",""ja"":""クースヨキ"",""it"":""Kuusjoki"",""zh-CN"":""库斯约基"",""tr"":""Kuusjoki"",""ru"":""Куусйоки"",""uk"":""Куусйокі"",""pl"":""Kuusjoki"",""hi"":""कुसजोकी"",""ar"":""كوسجوكي""}",2019-10-06T09:47:38,2025-12-02T14:39:31,1,Q531620
38887,Kyyjärvi,1511,08,74,FI,adm3,,,63.03333000,24.56667000,Kyyjärvi,1174,Europe/Helsinki,"{""br"":""Kyyjärvi"",""ko"":""키야르비"",""pt-BR"":""Kyyjärvi"",""pt"":""Kyyjärvi"",""nl"":""Kyyjärvi"",""hr"":""Kyyjärvi"",""fa"":""کی‌یروی"",""de"":""Kyyjärvi"",""es"":""Kyyjärvi"",""fr"":""Kyyjärvi"",""ja"":""キヤルヴィ"",""it"":""Kyyjärvi"",""zh-CN"":""基耶尔维"",""tr"":""Kyyjärvi"",""ru"":""Кююярви"",""uk"":""Кийярві"",""pl"":""Kyyjärvi"",""hi"":""क्य्यजार्वी"",""ar"":""كييارفي""}",2019-10-06T09:47:38,2025-12-02T14:38:56,1,Q1000109
38888,Kälviä,1494,07,74,FI,city,,,63.86067000,23.45289000,Kälviä,4449,Europe/Helsinki,"{""br"":""Kälviä"",""ko"":""캘비아"",""pt-BR"":""Kälviä"",""pt"":""Kälviä"",""nl"":""Kalviä"",""hr"":""Kälviä"",""fa"":""کالویا"",""de"":""Kälviä"",""es"":""Kälviä"",""fr"":""Kälviä"",""ja"":""カルビア"",""it"":""Kälviä"",""zh-CN"":""卡尔维亚"",""tr"":""Kälviä"",""ru"":""Кельвия"",""uk"":""Кельвія"",""pl"":""Kälviä"",""hi"":""काल्विया"",""ar"":""كالفيا""}",2019-10-06T09:47:38,2025-12-02T14:39:31,1,Q646502
38889,Kärkölä,1510,18,74,FI,city,,,60.61292000,23.94196000,Kärkölä,4114,Europe/Helsinki,"{""br"":""Kärkölä"",""ko"":""케르쾰라"",""pt-BR"":""Kärkölä"",""pt"":""Kärkölä"",""nl"":""Kärkölä"",""hr"":""Kärkölä"",""fa"":""کارکوله"",""de"":""Kärkölä"",""es"":""Kärkölä"",""fr"":""Kärkölä"",""ja"":""カルコラ"",""it"":""Kärkölä"",""zh-CN"":""卡科拉"",""tr"":""Kärkölä"",""ru"":""Кяркёля"",""uk"":""Каркьоля"",""pl"":""Kärkölä"",""hi"":""कर्कोला"",""ar"":""كاركولا""}",2019-10-06T09:47:38,2025-12-02T14:38:56,1,Q646502
38890,Kärsämäki,1505,14,74,FI,adm3,,,63.96667000,25.76667000,Kärsämäki,2440,Europe/Helsinki,"{""br"":""Kärsämäki"",""ko"":""카르사마키"",""pt-BR"":""Kärsämäki"",""pt"":""Kärsämäki"",""nl"":""Kärsämäki"",""hr"":""Kärsämäki"",""fa"":""کارسامکی"",""de"":""Kärsämäki"",""es"":""Kärsämäki"",""fr"":""Kärsämäki"",""ja"":""カルサマキ"",""it"":""Kärsämäki"",""zh-CN"":""卡赛迈基"",""tr"":""Kärsämäki"",""ru"":""Кярсямяки"",""uk"":""Карсямякі"",""pl"":""Kärsämäki"",""hi"":""कार्सामाकी"",""ar"":""كارساماكي""}",2019-10-06T09:47:38,2025-12-02T14:38:56,1,Q992393
38891,Köyliö,1501,17,74,FI,city,,,61.11910000,22.30976000,Köyliö,2901,Europe/Helsinki,"{""br"":""Köyliö"",""ko"":""쾨일리외"",""pt-BR"":""Köyliö"",""pt"":""Köyliö"",""nl"":""Köyliö"",""hr"":""Köyliö"",""fa"":""کویلیو"",""de"":""Köyliö"",""es"":""Köyliö"",""fr"":""Köyliö"",""ja"":""キョイリオ"",""it"":""Köyliö"",""zh-CN"":""科于利厄"",""tr"":""Köylüö"",""ru"":""Кёйлиё"",""uk"":""Кьойліо"",""pl"":""Köyliö"",""hi"":""कोइलिओ"",""ar"":""كويليو""}",2019-10-06T09:47:38,2025-12-02T14:39:31,1,Q992393
38892,Lahti,1502,16,74,FI,adm1,,,60.98267000,25.66151000,Löysä,120809,Europe/Helsinki,"{""br"":""Lahti"",""ko"":""라티"",""pt-BR"":""Lahti"",""pt"":""Lahti"",""nl"":""Lahti"",""hr"":""Lahti"",""fa"":""لاهتی"",""de"":""Lahti"",""es"":""Lahti"",""fr"":""Lahti"",""ja"":""ラハティ"",""it"":""Lahti"",""zh-CN"":""拉赫蒂"",""tr"":""Lahti"",""ru"":""Лахти"",""uk"":""Лахті"",""pl"":""Lahti"",""hi"":""लाटी"",""ar"":""لاهتي""}",2019-10-06T09:47:38,2025-12-02T14:38:56,1,Q28911
38893,Laihia,1508,12,74,FI,adm3,,,62.97609000,22.01143000,Laihia,7682,Europe/Helsinki,"{""br"":""Laihia"",""ko"":""라이히아"",""pt-BR"":""Laihia"",""pt"":""Laihia"",""nl"":""Laihia"",""hr"":""Laihia"",""fa"":""لایحیا"",""de"":""Laihia"",""es"":""Laihia"",""fr"":""Laihia"",""ja"":""ライヒア"",""it"":""Laihia"",""zh-CN"":""莱希亚"",""tr"":""Laihia"",""ru"":""Лайхия"",""uk"":""Лайхія"",""pl"":""Laihia"",""hi"":""लाइहिया"",""ar"":""ليهيا""}",2019-10-06T09:47:38,2025-12-02T14:38:56,1,Q1580271
38894,Laitila,1507,19,74,FI,adm3,,,60.87575000,21.69765000,Laitila,8441,Europe/Helsinki,"{""br"":""Laitila"",""ko"":""라이틸라"",""pt-BR"":""Laitila"",""pt"":""Laitila"",""nl"":""Laitila"",""hr"":""Laitila"",""fa"":""لایتیلا"",""de"":""Laitila"",""es"":""Laitila"",""fr"":""Laitila"",""ja"":""ライティラ"",""it"":""Laitila"",""zh-CN"":""莱蒂拉"",""tr"":""Laitila"",""ru"":""Лайтила"",""uk"":""Лайтіла"",""pl"":""Laitila"",""hi"":""लैटिला"",""ar"":""لايتيلا""}",2019-10-06T09:47:38,2025-12-02T14:38:56,1,Q1580271
38895,Lammi,1493,06,74,FI,adm3,,,61.08333000,25.01667000,Lammi,5634,Europe/Helsinki,"{""br"":""Lammi"",""ko"":""라미"",""pt-BR"":""Lammi"",""pt"":""Lammi"",""nl"":""Lammi"",""hr"":""Lammi"",""fa"":""لامی"",""de"":""Lammi"",""es"":""Lammi"",""fr"":""Lammi"",""ja"":""ラミ"",""it"":""Lammi"",""zh-CN"":""拉米"",""tr"":""Lammi"",""ru"":""Ламми"",""uk"":""Ламмі"",""pl"":""Lammi"",""hi"":""लाम्मी"",""ar"":""لامي""}",2019-10-06T09:47:38,2025-12-02T14:39:31,1,Q1025715
38896,Lapinjärvi,1510,18,74,FI,adm3,,,60.62443000,26.19720000,Lapinjärvi,2449,Europe/Helsinki,"{""br"":""Lapinjärvi"",""ko"":""라핀예르비"",""pt-BR"":""Lapinjärvi"",""pt"":""Lapinjärvi"",""nl"":""Lapinjärvi"",""hr"":""Lapinjärvi"",""fa"":""لاپینجاروی"",""de"":""Lapinjärvi"",""es"":""Lapinjärvi"",""fr"":""Lapinjärvi"",""ja"":""ラピンヤルヴィ"",""it"":""Lapinjärvi"",""zh-CN"":""拉平耶尔维"",""tr"":""Lapinjärvi"",""ru"":""Лапинъярви"",""uk"":""Лапінярві"",""pl"":""Lapinjärvi"",""hi"":""लापिंजेर्वी"",""ar"":""لابينجارفي""}",2019-10-06T09:47:38,2025-12-02T14:38:56,1,Q1025715
38898,Lappajärvi,1498,03,74,FI,adm3,,,63.20000000,23.63333000,Lappajärvi,2789,Europe/Helsinki,"{""br"":""Lappajärvi"",""ko"":""라파야르비"",""pt-BR"":""Lappajärvi"",""pt"":""Lappajärvi"",""nl"":""Lappajärvi"",""hr"":""Lappajärvi"",""fa"":""لاپاجیروی"",""de"":""Lappajärvi"",""es"":""Lappajärvi"",""fr"":""Lappajärvi"",""ja"":""ラッパヤルヴィ"",""it"":""Lappajärvi"",""zh-CN"":""拉帕湖"",""tr"":""Lappajärvi"",""ru"":""Лаппаярви"",""uk"":""Лаппаярві"",""pl"":""Lappajärvi"",""hi"":""Lappajarvi"",""ar"":""لاباجارفي""}",2019-10-06T09:47:38,2025-12-02T14:38:56,1,Q519763
38899,Lappeenranta,1497,02,74,FI,adm1,,,61.05871000,28.18871000,Lappeenranta,72959,Europe/Helsinki,"{""br"":""Lappeenranta"",""ko"":""라펜란타"",""pt-BR"":""Lappeenranta"",""pt"":""Lappeenranta"",""nl"":""Lappeenranta"",""hr"":""Lappeenranta"",""fa"":""لاپرنتا"",""de"":""Lappeenranta"",""es"":""Lappeenranta"",""fr"":""Lappeenranta"",""ja"":""ラッペーンランタ"",""it"":""Lappeenranta"",""zh-CN"":""拉彭兰塔"",""tr"":""Lappeenranta"",""ru"":""Лаппеенранта"",""uk"":""Лаппеенранта"",""pl"":""Lappeenranta"",""hi"":""लापेनरांटा"",""ar"":""لابينرانتا""}",2019-10-06T09:47:38,2025-12-02T14:38:56,1,Q181854
38900,Lappi,1501,17,74,FI,adm3,,,61.10000000,21.83333000,Lappi,3212,Europe/Helsinki,"{""br"":""Lappi"",""ko"":""라피"",""pt-BR"":""Lappi"",""pt"":""Lappi"",""nl"":""Lappi"",""hr"":""Laponija"",""fa"":""لاپی"",""de"":""Lappi"",""es"":""Lappi"",""fr"":""Lapon"",""ja"":""ラッピ"",""it"":""Lappi"",""zh-CN"":""拉皮"",""tr"":""Lappi"",""ru"":""Лаппи"",""uk"":""Лаппі"",""pl"":""Lappi"",""hi"":""लापी"",""ar"":""لابي""}",2019-10-06T09:47:38,2025-12-02T14:39:31,1,Q1544769
38901,Lapua,1498,03,74,FI,adm3,,,62.96927000,23.00880000,Lapua,14024,Europe/Helsinki,"{""br"":""Lapoua"",""ko"":""라푸아"",""pt-BR"":""Lápua"",""pt"":""Lápua"",""nl"":""Lapua"",""hr"":""Lapua"",""fa"":""لاپوا"",""de"":""Lapua"",""es"":""Lapua"",""fr"":""Lapua"",""ja"":""ラプア"",""it"":""Lapua"",""zh-CN"":""拉普阿"",""tr"":""Lapua"",""ru"":""Лапуа"",""uk"":""Лапуа"",""pl"":""Lapua"",""hi"":""लापुआ"",""ar"":""لابوا""}",2019-10-06T09:47:38,2025-12-02T14:38:56,1,Q6023
38902,Larsmo,1508,12,74,FI,adm3,,,63.75388000,22.74728000,Larsmo,5843,Europe/Helsinki,"{""br"":""Larsmo"",""ko"":""라르스모"",""pt-BR"":""Larsmo"",""pt"":""Larsmo"",""nl"":""Larsmo"",""hr"":""Larsmo"",""fa"":""لارسمو"",""de"":""Larsmo"",""es"":""Larsmo"",""fr"":""Larsmo"",""ja"":""ラースモ"",""it"":""Larsmo"",""zh-CN"":""拉斯莫"",""tr"":""Larsmo"",""ru"":""Ларсмо"",""uk"":""Ларсмо"",""pl"":""Larsmo"",""hi"":""लार्समो"",""ar"":""لارسمو""}",2019-10-06T09:47:38,2025-12-02T14:38:56,1,Q259863
38903,Laukaa,1511,08,74,FI,adm3,,,62.41407000,25.95194000,Laukaa,18762,Europe/Helsinki,"{""br"":""Laukaa"",""ko"":""라우카아"",""pt-BR"":""Laukaa"",""pt"":""Laukaa"",""nl"":""Laukaa"",""hr"":""Laukaa"",""fa"":""لاوکا"",""de"":""Laukaa"",""es"":""Laukaa"",""fr"":""Laukaa"",""ja"":""ラウカ"",""it"":""Laukaa"",""zh-CN"":""劳卡"",""tr"":""Laukaa"",""ru"":""Лаукаа"",""uk"":""Лаукаа"",""pl"":""Laukaa"",""hi"":""लौका"",""ar"":""لاوكا""}",2019-10-06T09:47:38,2025-12-02T14:38:56,1,Q990553
38904,Lauttasaari,1510,18,74,FI,section,,,60.15896000,24.86797000,Lauttasaari,20000,Europe/Helsinki,"{""br"":""Lauttasaari"",""ko"":""라우타사리"",""pt-BR"":""Lauttasaari"",""pt"":""Lauttasaari"",""nl"":""Lauttasaari"",""hr"":""Lauttasaari"",""fa"":""لاوتاساری"",""de"":""Lauttasaari"",""es"":""Lauttasaari"",""fr"":""Lauttasaari"",""ja"":""ラウタサーリ"",""it"":""Lauttasaari"",""zh-CN"":""劳塔萨里"",""tr"":""Lauttasaari"",""ru"":""Лауттасаари"",""uk"":""Лауттасаарі"",""pl"":""Lauttasaari"",""hi"":""लौट्टासारी"",""ar"":""لاوتاساري""}",2019-10-06T09:47:38,2025-12-02T14:39:31,1,Q990553
38905,Lavia,1501,17,74,FI,city,,,61.60000000,22.60000000,Laava,,Europe/Helsinki,"{""br"":""Lavia"",""ko"":""라비아"",""pt-BR"":""Lavia"",""pt"":""Lavia"",""nl"":""Lavia"",""hr"":""Lavija"",""fa"":""لاویا"",""de"":""Lavia"",""es"":""Lavia"",""fr"":""Lavia"",""ja"":""ラヴィア"",""it"":""Lavia"",""zh-CN"":""拉维亚"",""tr"":""Lavya"",""ru"":""Лавия"",""uk"":""Лавія"",""pl"":""Lavia"",""hi"":""लाविया"",""ar"":""لافيا""}",2019-10-06T09:47:38,2025-12-02T17:11:50,1,Q990553
38906,Lehtimäki,1498,03,74,FI,city,,,62.78333000,23.91667000,Lehtimäki,,Europe/Helsinki,"{""br"":""Lehtimäki"",""ko"":""레흐티매키"",""pt-BR"":""Lehtimäki"",""pt"":""Lehtimäki"",""nl"":""Lehtimäki"",""hr"":""Lehtimäki"",""fa"":""لهتیماکی"",""de"":""Lehtimäki"",""es"":""Lehtimäki"",""fr"":""Lehtimäki"",""ja"":""レフティマキ"",""it"":""Lehtimäki"",""zh-CN"":""莱赫蒂迈基"",""tr"":""Lehtimäki"",""ru"":""Лехтимяки"",""uk"":""Лехтімякі"",""pl"":""Lehtimäki"",""hi"":""लेह्तिमाकी"",""ar"":""ليهتيماكي""}",2019-10-06T09:47:38,2025-12-02T16:59:27,1,Q1641563
38907,Leivonmäki,1511,08,74,FI,city,,,61.91198000,26.12796000,Leivonmäki,1134,Europe/Helsinki,"{""br"":""Leivonmäki"",""ko"":""레이본매키"",""pt-BR"":""Leivonmäki"",""pt"":""Leivonmäki"",""nl"":""Leivonmäki"",""hr"":""Leivonmäki"",""fa"":""لیوون‌مکی"",""de"":""Leivonmäki"",""es"":""Leivonmäki"",""fr"":""Leivonmäki"",""ja"":""レイヴォンマキ"",""it"":""Leivonmäki"",""zh-CN"":""莱冯迈基"",""tr"":""Leivonmäki"",""ru"":""Лейвонмяки"",""uk"":""Лейвонмякі"",""pl"":""Leivonmäki"",""hi"":""लेइवोनमाकी"",""ar"":""ليفونماكي""}",2019-10-06T09:47:38,2025-12-02T14:38:56,1,Q1025712
38908,Lemi,1497,02,74,FI,adm3,,,61.06244000,27.80571000,Lemi,2862,Europe/Helsinki,"{""br"":""Lemi"",""ko"":""레미"",""pt-BR"":""Lemi"",""pt"":""Lemi"",""nl"":""Lemi"",""hr"":""Lemi"",""fa"":""لمی"",""de"":""Lemi"",""es"":""Lemi"",""fr"":""Lemi"",""ja"":""レミ"",""it"":""Lemi"",""zh-CN"":""莱米"",""tr"":""Lemi"",""ru"":""Леми"",""uk"":""Лемі"",""pl"":""Lemi"",""hi"":""लेमी"",""ar"":""ليمي""}",2019-10-06T09:47:38,2025-12-02T14:38:56,1,Q180327
38909,Lemu,1507,19,74,FI,adm3,,,60.56667000,21.96667000,Hitaasti,1762,Europe/Helsinki,"{""br"":""Lemu"",""ko"":""레무"",""pt-BR"":""Lemu"",""pt"":""Lemu"",""nl"":""Lemu"",""hr"":""Lemu"",""fa"":""لمو"",""de"":""Lemu"",""es"":""Lemu"",""fr"":""Lémeu"",""ja"":""レム"",""it"":""Lemù"",""zh-CN"":""勒穆"",""tr"":""Lemu"",""ru"":""Лему"",""uk"":""Лему"",""pl"":""Lemu"",""hi"":""चब्बी"",""ar"":""ليمو""}",2019-10-06T09:47:38,2025-12-02T14:38:56,1,Q1641588
38911,Lestijärvi,1494,07,74,FI,adm3,,,63.53333000,24.65000000,Kampela,682,Europe/Helsinki,"{""br"":""Lestijärvi"",""ko"":""레스티예르비"",""pt-BR"":""Lestijärvi"",""pt"":""Lestijärvi"",""nl"":""Lestijärvi"",""hr"":""Lestijärvi"",""fa"":""لستیجاروی"",""de"":""Lestijärvi"",""es"":""Lestijärvi"",""fr"":""Lestijärvi"",""ja"":""レスティヤルヴィ"",""it"":""Lestijärvi"",""zh-CN"":""莱斯蒂耶尔维"",""tr"":""Lestijärvi"",""ru"":""Лестиярви"",""uk"":""Лестіярві"",""pl"":""Lestijärvi"",""hi"":""लेस्टिजार्वी"",""ar"":""ليستيارفي""}",2019-10-06T09:47:38,2025-12-02T14:38:56,1,Q1009103
38912,Lieksa,1504,13,74,FI,adm3,,,63.31667000,30.01667000,Lieksa,10228,Europe/Helsinki,"{""br"":""Lieksa"",""ko"":""리에크사"",""pt-BR"":""Lieksa"",""pt"":""Lieksa"",""nl"":""Lieksa"",""hr"":""Lieksa"",""fa"":""لیکسا"",""de"":""Lieksa"",""es"":""Lieksa"",""fr"":""Lieksa"",""ja"":""リエカ"",""it"":""Lieksa"",""zh-CN"":""列克萨"",""tr"":""Lieksa"",""ru"":""Лиекса"",""uk"":""Ліекса"",""pl"":""Lieksa"",""hi"":""लिएक्सा"",""ar"":""ليكسا""}",2019-10-06T09:47:38,2025-12-02T14:38:56,1,Q608752
38913,Lieto,1507,19,74,FI,adm3,,,60.51032000,22.46176000,Käytetty,20637,Europe/Helsinki,"{""br"":""Lieto"",""ko"":""리에토"",""pt-BR"":""Lieto"",""pt"":""Lieto"",""nl"":""Lieto"",""hr"":""Lieto"",""fa"":""لیتو"",""de"":""Lieto"",""es"":""Lieto"",""fr"":""Liéto"",""ja"":""リエト"",""it"":""Lieto"",""zh-CN"":""列托"",""tr"":""Lieto"",""ru"":""Лието"",""uk"":""Лієто"",""pl"":""Lieto"",""hi"":""लिएटो"",""ar"":""ليتو""}",2019-10-06T09:47:38,2025-12-02T14:38:56,1,Q608752
38914,Liljendal,1510,18,74,FI,city,,,60.57346000,26.05257000,Lilvendaali,1469,Europe/Helsinki,"{""br"":""Liljendal"",""ko"":""릴젠달"",""pt-BR"":""Liljendal"",""pt"":""Liljendal"",""nl"":""Liljendal"",""hr"":""Liljendal"",""fa"":""لیلجندال"",""de"":""Liljendal"",""es"":""Liljendal"",""fr"":""Liljendal"",""ja"":""リリエンダル"",""it"":""Liljendal"",""zh-CN"":""利延达尔"",""tr"":""Liljendal"",""ru"":""Лильендаль"",""uk"":""Лільєндаль"",""pl"":""Liljendal"",""hi"":""लिलजेंडल"",""ar"":""ليلجيندال""}",2019-10-06T09:47:38,2025-12-02T14:38:56,1,Q1005071
38915,Liminka,1505,14,74,FI,adm3,,,64.80985000,25.41545000,Liminka,10256,Europe/Helsinki,"{""br"":""Liminka"",""ko"":""리민카"",""pt-BR"":""Liminka"",""pt"":""Liminka"",""nl"":""Liminka"",""hr"":""Liminka"",""fa"":""لیمینکا"",""de"":""Liminka"",""es"":""Liminka"",""fr"":""Liminka"",""ja"":""リミンカ"",""it"":""Liminka"",""zh-CN"":""利明卡"",""tr"":""Liminka"",""ru"":""Лиминка"",""uk"":""Лімінка"",""pl"":""Liminka"",""hi"":""लिमिन्का"",""ar"":""ليمينكا""}",2019-10-06T09:47:38,2025-12-02T14:38:56,1,Q1005071
38916,Liperi,1504,13,74,FI,adm3,,,62.53333000,29.36667000,Liperi,11969,Europe/Helsinki,"{""br"":""Liperi"",""ko"":""리페리"",""pt-BR"":""Liperi"",""pt"":""Liperi"",""nl"":""Liperi"",""hr"":""Liperi"",""fa"":""لیپری"",""de"":""Liperi"",""es"":""Liperi"",""fr"":""Liperi"",""ja"":""リペリ"",""it"":""Liperi"",""zh-CN"":""利佩里"",""tr"":""Liperi"",""ru"":""Липери"",""uk"":""Ліпері"",""pl"":""Lipery"",""hi"":""लिपेरी"",""ar"":""ليبيري""}",2019-10-06T09:47:38,2025-12-02T14:38:56,1,Q608803
38917,Lohja,1510,18,74,FI,adm3,,,60.24859000,24.06534000,Lohja,45645,Europe/Helsinki,"{""br"":""Lohja"",""ko"":""로흐자"",""pt-BR"":""Lohja"",""pt"":""Lohja"",""nl"":""Lohja"",""hr"":""Lohja"",""fa"":""لوهجا"",""de"":""Lohja"",""es"":""Lohja"",""fr"":""Lohja"",""ja"":""ロホヤ"",""it"":""Lohja"",""zh-CN"":""洛赫亚"",""tr"":""Lohja"",""ru"":""Лохья"",""uk"":""Лох'я"",""pl"":""Lohja"",""hi"":""लोह्जा"",""ar"":""لوهيا""}",2019-10-06T09:47:38,2025-12-02T14:38:56,1,Q608803
38918,Lohtaja,1494,07,74,FI,adm3,,,64.02472000,23.50482000,Lohtaja,3043,Europe/Helsinki,"{""br"":""Lohtaja"",""ko"":""로타야"",""pt-BR"":""Lohtaja"",""pt"":""Lohtaja"",""nl"":""Lohtaja"",""hr"":""Lohtaja"",""fa"":""لوهتاجا"",""de"":""Lohtaja"",""es"":""Lohtaja"",""fr"":""Lohtaja"",""ja"":""ロタヤ"",""it"":""Lohtaja"",""zh-CN"":""洛赫塔贾"",""tr"":""Lohtaja"",""ru"":""Лохтая"",""uk"":""Лохтая"",""pl"":""Lohtaja"",""hi"":""लोहताजा"",""ar"":""لوهتاجا""}",2019-10-06T09:47:38,2025-12-02T14:39:31,1,Q1641609
38919,Loppi,1493,06,74,FI,adm3,,,60.71667000,24.45000000,Loppi,7692,Europe/Helsinki,"{""br"":""Loppi"",""ko"":""로피"",""pt-BR"":""Loppi"",""pt"":""Loppi"",""nl"":""Loppi"",""hr"":""Loppi"",""fa"":""لوپی"",""de"":""Loppi"",""es"":""Loppi"",""fr"":""Loppi"",""ja"":""ロッピ"",""it"":""Loppi"",""zh-CN"":""洛皮"",""tr"":""Loppi"",""ru"":""Лоппи"",""uk"":""Лоппі"",""pl"":""Loppi"",""hi"":""लोप्पी"",""ar"":""لوبي""}",2019-10-06T09:47:38,2025-12-02T14:38:56,1,Q636607
38920,Lovisa,1510,18,74,FI,adm3,,,60.45659000,26.22505000,Lovisa,14362,Europe/Helsinki,"{""br"":""Lovisa"",""ko"":""로비사"",""pt-BR"":""Lovisa"",""pt"":""Lovisa"",""nl"":""Lovisa"",""hr"":""Lovisa"",""fa"":""لوویزا"",""de"":""Lovisa"",""es"":""Lovisa"",""fr"":""Lovisa"",""ja"":""ロヴィサ"",""it"":""Lovisa"",""zh-CN"":""洛维萨"",""tr"":""Lovisa"",""ru"":""Ловиса"",""uk"":""Ловіса"",""pl"":""Lovisa"",""hi"":""लोविसा"",""ar"":""لوفيسا""}",2019-10-06T09:47:38,2025-12-02T14:39:31,1,Q748513
38921,Luhanka,1511,08,74,FI,adm3,,,61.79682000,25.70457000,Likanx,702,Europe/Helsinki,"{""br"":""Luhanka"",""ko"":""루한카"",""pt-BR"":""Luhanka"",""pt"":""Luhanka"",""nl"":""Luhanka"",""hr"":""Luhanka"",""fa"":""لوهانکا"",""de"":""Luhanka"",""es"":""Luhanka"",""fr"":""Louhanka"",""ja"":""ルハンカ"",""it"":""Luhanka"",""zh-CN"":""卢汉卡"",""tr"":""Luhanka"",""ru"":""Луганка"",""uk"":""Луганка"",""pl"":""Luhanka"",""hi"":""लुहांका"",""ar"":""لوهانكا""}",2019-10-06T09:47:38,2025-12-02T14:38:56,1,Q748513
38922,Lumijoki,1505,14,74,FI,adm3,,,64.83744000,25.18607000,Lumijoki,2033,Europe/Helsinki,"{""br"":""Lumijoki"",""ko"":""루미조키"",""pt-BR"":""Lumijoki"",""pt"":""Lumijoki"",""nl"":""Lumijoki"",""hr"":""Lumijöki"",""fa"":""لومیجوکی"",""de"":""Lumijoki"",""es"":""Lumijoki"",""fr"":""Lumijoki"",""ja"":""ルミヨキ"",""it"":""Lumijoki"",""zh-CN"":""卢米约基"",""tr"":""Lumijoki"",""ru"":""Лумийоки"",""uk"":""Лумійокі"",""pl"":""Lumijoki"",""hi"":""लुमिजोकी"",""ar"":""لوميجوكي""}",2019-10-06T09:47:38,2025-12-02T14:38:56,1,Q748513
38923,Luumäki,1497,02,74,FI,adm3,,,60.92618000,27.58135000,Luumäki,4396,Europe/Helsinki,"{""br"":""Luumäki"",""ko"":""루마키"",""pt-BR"":""Luumäki"",""pt"":""Luumäki"",""nl"":""Luumäki"",""hr"":""Luumäki"",""fa"":""لوومکی"",""de"":""Luumäki"",""es"":""Luumäki"",""fr"":""Luumäki"",""ja"":""ルマキ"",""it"":""Luumäki"",""zh-CN"":""卢迈基"",""tr"":""Luumäki"",""ru"":""Луумяки"",""uk"":""Луумякі"",""pl"":""Luumäki"",""hi"":""लुउमाकी"",""ar"":""لووماكي""}",2019-10-06T09:47:38,2025-12-02T14:38:56,1,Q748513
38924,Luvia,1501,17,74,FI,city,,,61.36375000,21.62556000,Luvia,3260,Europe/Helsinki,"{""br"":""Luvia"",""ko"":""루비아"",""pt-BR"":""Luvia"",""pt"":""Luvia"",""nl"":""Luvia"",""hr"":""Luvija"",""fa"":""لوویا"",""de"":""Luvia"",""es"":""Luvia"",""fr"":""Luvia"",""ja"":""ルヴィア"",""it"":""Luvia"",""zh-CN"":""露维娅"",""tr"":""Luvia"",""ru"":""Лувия"",""uk"":""Лувія"",""pl"":""Luvia"",""hi"":""लुविया"",""ar"":""لوفيا""}",2019-10-06T09:47:38,2025-12-02T14:39:31,1,Q959006
38925,Längelmäki,1501,17,74,FI,city,,,61.65000000,22.10000000,Längelmäki,1673,Europe/Helsinki,"{""br"":""Längelmäki"",""ko"":""랭겔마키"",""pt-BR"":""Längelmäki"",""pt"":""Längelmäki"",""nl"":""Längelmäki"",""hr"":""Längelmäki"",""fa"":""لانگلماکی"",""de"":""Längelmäki"",""es"":""Längelmäki"",""fr"":""Längelmäki"",""ja"":""ランゲルマキ"",""it"":""Längelmäki"",""zh-CN"":""朗格尔迈基"",""tr"":""Längelmäki"",""ru"":""Лэнгельмяки"",""uk"":""Ленгельмякі"",""pl"":""Längelmäki"",""hi"":""लांगेलमकी"",""ar"":""لانجيلماكي""}",2019-10-06T09:47:38,2025-12-02T14:38:56,1,Q959006
38927,Malax,1508,12,74,FI,adm3,,,62.94225000,21.57311000,Mätä,5456,Europe/Helsinki,"{""br"":""Malax"",""ko"":""말락스"",""pt-BR"":""Malax"",""pt"":""Malax"",""nl"":""Malax"",""hr"":""Malax"",""fa"":""مالاکس"",""de"":""Malax"",""es"":""Malax"",""fr"":""Malax"",""ja"":""マラックス"",""it"":""Malax"",""zh-CN"":""马拉克斯"",""tr"":""Malaks"",""ru"":""Малакс"",""uk"":""Малакс"",""pl"":""Malax"",""hi"":""मैलाक्स"",""ar"":""مالاكس""}",2019-10-06T09:47:38,2025-12-02T14:38:56,1,Q748064
38928,Marttila,1507,19,74,FI,adm3,,,60.58333000,22.90000000,Marttila,1930,Europe/Helsinki,"{""br"":""Marttila"",""ko"":""마르틸라"",""pt-BR"":""Marttila"",""pt"":""Marttila"",""nl"":""Marttila"",""hr"":""Marttila"",""fa"":""مارتیلا"",""de"":""Marttila"",""es"":""Marttila"",""fr"":""Marttila"",""ja"":""マルティラ"",""it"":""Marttila"",""zh-CN"":""马蒂拉"",""tr"":""Marttila"",""ru"":""Марттила"",""uk"":""Марттіла"",""pl"":""Martilla"",""hi"":""मार्टिला"",""ar"":""مارتيلا""}",2019-10-06T09:47:38,2025-12-02T14:38:56,1,Q748064
38929,Masku,1507,19,74,FI,adm3,,,60.57082000,22.09883000,Naamio,9619,Europe/Helsinki,"{""br"":""Masku"",""ko"":""마스쿠"",""pt-BR"":""Máscara"",""pt"":""Máscara"",""nl"":""Masku"",""hr"":""Masku"",""fa"":""ماسکو"",""de"":""Masku"",""es"":""Máscara"",""fr"":""Masku"",""ja"":""マスク"",""it"":""Masku"",""zh-CN"":""马斯库"",""tr"":""Maske"",""ru"":""Маску"",""uk"":""Маску"",""pl"":""Masku"",""hi"":""मस्कु"",""ar"":""ماسكو""}",2019-10-06T09:47:38,2025-12-02T14:38:56,1,Q1017127
38930,Mellilä,1507,19,74,FI,adm3,,,60.76667000,22.95000000,Mellilä,1178,Europe/Helsinki,"{""br"":""Mellilä"",""ko"":""멜릴라"",""pt-BR"":""Mellilä"",""pt"":""Mellilä"",""nl"":""Mellilä"",""hr"":""Mellila"",""fa"":""ملیله"",""de"":""Mellilä"",""es"":""Mellilä"",""fr"":""Mellilä"",""ja"":""メリラ"",""it"":""Mellilä"",""zh-CN"":""梅利拉"",""tr"":""Mellilä"",""ru"":""Меллиля"",""uk"":""Мелліля"",""pl"":""Mellilä"",""hi"":""मेलिला"",""ar"":""ميليلا""}",2019-10-06T09:47:38,2025-12-02T14:38:56,1,Q1641630
38931,Mellunkylä,1510,18,74,FI,section,,,60.23355000,25.09947000,Mellunkylä,36887,Europe/Helsinki,"{""br"":""Mellunkylä"",""ko"":""멜룬킬래"",""pt-BR"":""Mellunkylä"",""pt"":""Mellunkylä"",""nl"":""Mellunkylä"",""hr"":""Mellunkylä"",""fa"":""ملونکیله"",""de"":""Mellunkylä"",""es"":""Mellunkylä"",""fr"":""Mellunkyla"",""ja"":""メルンキュラ"",""it"":""Mellunkylä"",""zh-CN"":""梅伦基拉"",""tr"":""Mellunkylä"",""ru"":""Меллункюля"",""uk"":""Меллункюля"",""pl"":""Mellunkylä"",""hi"":""मेलुनकिला"",""ar"":""ميلونكيلا""}",2019-10-06T09:47:38,2025-12-02T14:38:56,1,Q3133428
38932,Merijärvi,1505,14,74,FI,adm3,,,64.30000000,24.45000000,Merijärvi,1055,Europe/Helsinki,"{""br"":""Merijärvi"",""ko"":""메리예르비"",""pt-BR"":""Merijärvi"",""pt"":""Merijärvi"",""nl"":""Merijärvi"",""hr"":""Merijärvi"",""fa"":""مریجاروی"",""de"":""Merijärvi"",""es"":""Merijärvi"",""fr"":""Merijärvi"",""ja"":""メリヤルヴィ"",""it"":""Merijärvi"",""zh-CN"":""梅里耶尔维"",""tr"":""Merijärvi"",""ru"":""Мериярви"",""uk"":""Меріярві"",""pl"":""Merijärvi"",""hi"":""मेरिजार्वी"",""ar"":""ميريارفي""}",2019-10-06T09:47:38,2025-12-02T14:38:56,1,Q3133428
38933,Merikarvia,1501,17,74,FI,adm3,,,61.85839000,21.50035000,Merikarvia,2966,Europe/Helsinki,"{""br"":""Merikarvia"",""ko"":""메리카르비아"",""pt-BR"":""Merikarvia"",""pt"":""Merikarvia"",""nl"":""Merikarvia"",""hr"":""Merikarvia"",""fa"":""مریکارویا"",""de"":""Merikarvia"",""es"":""Merikarvia"",""fr"":""Mérikarvia"",""ja"":""メリカルビア"",""it"":""Merikarvia"",""zh-CN"":""梅里卡维亚"",""tr"":""Merikarvia"",""ru"":""Мерикарвия"",""uk"":""Мерікарвія"",""pl"":""Merikarvia"",""hi"":""मेरिकार्विया"",""ar"":""ميريكارفيا""}",2019-10-06T09:47:38,2025-12-02T14:38:56,1,Q1009215
38934,Merimasku,1507,19,74,FI,adm3,,,60.48333000,21.86667000,Merimaski,1620,Europe/Helsinki,"{""br"":""Merimasku"",""ko"":""메리마스쿠"",""pt-BR"":""Merimasku"",""pt"":""Merimasku"",""nl"":""Merimasku"",""hr"":""Merimasku"",""fa"":""مریمسکو"",""de"":""Merimasku"",""es"":""Merimasku"",""fr"":""Merimasku"",""ja"":""メリマスク"",""it"":""Merimasku"",""zh-CN"":""梅里马斯库"",""tr"":""Merimasku"",""ru"":""Меримаску"",""uk"":""Мерімаску"",""pl"":""Merimasku"",""hi"":""मेरिमास्कु"",""ar"":""ميريماسكو""}",2019-10-06T09:47:38,2025-12-02T14:38:56,1,Q1025703
38935,Miehikkälä,1512,09,74,FI,adm3,,,60.66667000,27.70000000,Miehikkälä,1752,Europe/Helsinki,"{""br"":""Miehikkälä"",""ko"":""미히칼라"",""pt-BR"":""Miehikkälä"",""pt"":""Miehikkälä"",""nl"":""Miehikkälä"",""hr"":""Miehikkälä"",""fa"":""میهیکال"",""de"":""Miehikkälä"",""es"":""Miehikkälä"",""fr"":""Miehikkälä"",""ja"":""ミエヒッカラ"",""it"":""Miehikkälä"",""zh-CN"":""米希卡拉"",""tr"":""Miehikkälä"",""ru"":""Миехиккяля"",""uk"":""Мієхіккяля"",""pl"":""Miehikkälä"",""hi"":""मिहिक्कला"",""ar"":""ميهايكالا""}",2019-10-06T09:47:38,2025-12-02T14:38:56,1,Q999203
38936,Mietoinen,1507,19,74,FI,adm3,,,60.63333000,21.93333000,Mietoinen,1697,Europe/Helsinki,"{""br"":""Mietoinen"",""ko"":""미에토이넨"",""pt-BR"":""Mietoinen"",""pt"":""Mietoinen"",""nl"":""Mietoinen"",""hr"":""Mietoinen"",""fa"":""میتوئینن"",""de"":""Mietoinen"",""es"":""Mietoinen"",""fr"":""Mietoinen"",""ja"":""ミエトイネン"",""it"":""Mietoinen"",""zh-CN"":""米托瓦宁"",""tr"":""Mietoinen"",""ru"":""Миетойнен"",""uk"":""Мієтойнен"",""pl"":""Mietoinen"",""hi"":""मिएटोइनेन"",""ar"":""ميتوينين""}",2019-10-06T09:47:38,2025-12-02T14:38:56,1,Q1852283
38937,Mikkeli,1495,04,74,FI,adm1,,,61.68857000,27.27227000,Mikkeli,51919,Europe/Helsinki,"{""br"":""Mikkeli"",""ko"":""미켈리"",""pt-BR"":""Mikkeli"",""pt"":""Mikkeli"",""nl"":""Mikkeli"",""hr"":""Mikkeli"",""fa"":""میکلی"",""de"":""Mikkeli"",""es"":""Mikkeli"",""fr"":""Mikkeli"",""ja"":""ミッケリ"",""it"":""Mikkeli"",""zh-CN"":""米凯利"",""tr"":""Mikkeli"",""ru"":""Миккели"",""uk"":""Міккелі"",""pl"":""Mikkeli"",""hi"":""मिक्केली"",""ar"":""ميكيلي""}",2019-10-06T09:47:38,2025-12-02T14:38:56,1,Q190583
38938,Muhos,1505,14,74,FI,city,,,64.80798000,25.99314000,Muhos,8827,Europe/Helsinki,"{""br"":""Muhos"",""ko"":""무호스"",""pt-BR"":""Muhos"",""pt"":""Muhos"",""nl"":""Muhos"",""hr"":""Muhos"",""fa"":""موهوس"",""de"":""Muhos"",""es"":""Muhos"",""fr"":""Muhos"",""ja"":""ムホス"",""it"":""Muhos"",""zh-CN"":""穆霍斯"",""tr"":""Muhos"",""ru"":""Мухос"",""uk"":""Мухос"",""pl"":""Muhos"",""hi"":""मुहोस"",""ar"":""موهوس""}",2019-10-06T09:47:38,2025-12-02T14:38:56,1,Q190583
38939,Multia,1511,08,74,FI,adm3,,,62.41667000,24.78333000,Multia,1430,Europe/Helsinki,"{""br"":""Lies"",""ko"":""멀티아"",""pt-BR"":""Multia"",""pt"":""Multia"",""nl"":""Multia"",""hr"":""Multija"",""fa"":""مولتیا"",""de"":""Multia"",""es"":""Multia"",""fr"":""Multia"",""ja"":""マルチア"",""it"":""Multia"",""zh-CN"":""多维亚"",""tr"":""Çok sayıda"",""ru"":""Мультиа"",""uk"":""Мультіа"",""pl"":""Multia"",""hi"":""मल्टीया"",""ar"":""مولتيا""}",2019-10-06T09:47:38,2025-12-02T14:38:56,1,Q999230
38940,Munkkiniemi,1510,18,74,FI,section,,,60.19861000,24.87772000,Munkkiniemi,17948,Europe/Helsinki,"{""br"":""Munkkiniemi"",""ko"":""문키니에미"",""pt-BR"":""Munkkiniemi"",""pt"":""Munkkiniemi"",""nl"":""Munkkiniemi"",""hr"":""Munkkiniemi"",""fa"":""مونکینیمی"",""de"":""Munkkiniemi"",""es"":""Munkkiniemi"",""fr"":""Munkkiniemi"",""ja"":""ムンキニエミ"",""it"":""Munkkiniemi"",""zh-CN"":""蒙基涅米"",""tr"":""Munkkiniemi"",""ru"":""Мунккиниеми"",""uk"":""Мунккініємі"",""pl"":""Munkkiniemi"",""hi"":""मुंक्किनीमी"",""ar"":""مونكينيمي""}",2019-10-06T09:47:38,2025-12-02T14:38:56,1,Q3177384
38941,Muonio,1500,10,74,FI,city,,,67.95000000,23.70000000,Muonio,2412,Europe/Helsinki,"{""br"":""Muonio"",""ko"":""무오니오"",""pt-BR"":""Muônio"",""pt"":""Muônio"",""nl"":""Muonio"",""hr"":""Muonio"",""fa"":""مونیو"",""de"":""Muonio"",""es"":""Muonio"",""fr"":""Muonio"",""ja"":""ムオニオ"",""it"":""Muonio"",""zh-CN"":""穆奥尼奥"",""tr"":""Muonio"",""ru"":""Муонио"",""uk"":""Муоніо"",""pl"":""Muonio"",""hi"":""मुओनिओ"",""ar"":""مونييو""}",2019-10-06T09:47:38,2025-12-02T16:59:27,1,Q302717
38942,Muurame,1511,08,74,FI,adm3,,,62.13333000,25.66667000,Muurame,10551,Europe/Helsinki,"{""br"":""Muurame"",""ko"":""무우라메"",""pt-BR"":""Muurame"",""pt"":""Muurame"",""nl"":""Muurame"",""hr"":""Muurame"",""fa"":""موورامه"",""de"":""Muurame"",""es"":""Murame"",""fr"":""Muurame"",""ja"":""ムラメ"",""it"":""Muurame"",""zh-CN"":""穆拉梅"",""tr"":""Muurame"",""ru"":""Муураме"",""uk"":""Муураме"",""pl"":""Muurame"",""hi"":""मुउरामे"",""ar"":""مورامي""}",2019-10-06T09:47:38,2025-12-02T14:38:56,1,Q613434
38943,Muurla,1507,19,74,FI,adm3,,,60.35000000,23.28333000,Muurla,1553,Europe/Helsinki,"{""br"":""Muurla"",""ko"":""무를라"",""pt-BR"":""Muurla"",""pt"":""Muurla"",""nl"":""Muurla"",""hr"":""Muurla"",""fa"":""مورلا"",""de"":""Muurla"",""es"":""Muurla"",""fr"":""Muurla"",""ja"":""ムールラ"",""it"":""Muurla"",""zh-CN"":""穆尔拉"",""tr"":""Muurla"",""ru"":""Муурла"",""uk"":""Муурла"",""pl"":""Muurla"",""hi"":""मुउर्ला"",""ar"":""مورلا""}",2019-10-06T09:47:38,2025-12-02T14:38:56,1,Q1641664
38944,Mynämäki,1507,19,74,FI,adm3,,,60.67915000,21.99274000,Mynämäki,7515,Europe/Helsinki,"{""br"":""Mynämäki"",""ko"":""미나마키"",""pt-BR"":""Mynämäki"",""pt"":""Mynämäki"",""nl"":""Mynämäki"",""hr"":""Mynämäki"",""fa"":""میناماکی"",""de"":""Mynämäki"",""es"":""Mynämäki"",""fr"":""Mynämäki"",""ja"":""ミナマキ"",""it"":""Mynämäki"",""zh-CN"":""Mynämäki"",""tr"":""Mynämäki"",""ru"":""Мюнямяки"",""uk"":""Мюнямякі"",""pl"":""Mynämäki"",""hi"":""म्य्नामाकी"",""ar"":""ميناماكي""}",2019-10-06T09:47:38,2025-12-02T14:38:56,1,Q1641664
38945,Myrskylä,1510,18,74,FI,adm3,,,60.66965000,25.84750000,Myrskylä,1715,Europe/Helsinki,"{""br"":""Myrskylä"",""ko"":""미르스퀼래"",""pt-BR"":""Myrskylä"",""pt"":""Myrskylä"",""nl"":""Myrskylä"",""hr"":""Myrskylä"",""fa"":""میرسکیلا"",""de"":""Myrskylä"",""es"":""Myrskylä"",""fr"":""Myrskylä"",""ja"":""ミルスキラ"",""it"":""Myrskylä"",""zh-CN"":""米尔斯凯莱"",""tr"":""Myrskyla"",""ru"":""Мюрскюля"",""uk"":""Мирскюля"",""pl"":""Myrskylä"",""hi"":""म्यरस्किला"",""ar"":""ميرسكيلا""}",2019-10-06T09:47:38,2025-12-02T14:38:56,1,Q1641664
38946,Mäntsälä,1510,18,74,FI,adm3,,,60.63333000,25.31667000,Mäntsälä,18074,Europe/Helsinki,"{""br"":""Mäntsälä"",""ko"":""맨찰라"",""pt-BR"":""Mäntsälä"",""pt"":""Mäntsälä"",""nl"":""Mäntsälä"",""hr"":""Mäntsälä"",""fa"":""مانتسالا"",""de"":""Mäntsälä"",""es"":""Mäntsälä"",""fr"":""Mäntsälä"",""ja"":""マンツァラ"",""it"":""Mäntsälä"",""zh-CN"":""曼采拉"",""tr"":""Mäntsälä"",""ru"":""Мянтсяля"",""uk"":""Мянтсяля"",""pl"":""Mäntsälä"",""hi"":""मैंटसेला"",""ar"":""مانتسالا""}",2019-10-06T09:47:38,2025-12-02T14:38:56,1,Q986318
38947,Mäntyharju,1495,04,74,FI,adm3,,,61.41667000,26.88333000,Mäntyharju,7076,Europe/Helsinki,"{""br"":""Mäntyharju"",""ko"":""Mäntyharju"",""pt-BR"":""Mäntyharju"",""pt"":""Mäntyharju"",""nl"":""Mäntyharju"",""hr"":""Mäntyharju"",""fa"":""مانتیهارجو"",""de"":""Mäntyharju"",""es"":""Mäntyharju"",""fr"":""Mäntyharju"",""ja"":""マンティハルジュ"",""it"":""Mäntyharju"",""zh-CN"":""曼蒂哈尔尤"",""tr"":""Mäntyharju"",""ru"":""Мянтюхарью"",""uk"":""Мянтьюхар'ю"",""pl"":""Mäntyharju"",""hi"":""मंत्यहारजू"",""ar"":""مانتيهارجو""}",2019-10-06T09:47:38,2025-12-02T14:39:31,1,Q1641649
38948,Naantali,1507,19,74,FI,adm3,,,60.46744000,22.02428000,Naantali,19999,Europe/Helsinki,"{""br"":""Naantali"",""ko"":""난탈리"",""pt-BR"":""Naantali"",""pt"":""Naantali"",""nl"":""Naantali"",""hr"":""Naantali"",""fa"":""نانتالی"",""de"":""Naantali"",""es"":""Naantali"",""fr"":""Naantali"",""ja"":""ナーンタリ"",""it"":""Naantali"",""zh-CN"":""纳坦利"",""tr"":""Naantali"",""ru"":""Наантали"",""uk"":""Наанталі"",""pl"":""Naantali"",""hi"":""नान्ताली"",""ar"":""نانتالي""}",2019-10-06T09:47:38,2025-12-02T14:38:56,1,Q1641649
38949,Nagu,1507,19,74,FI,adm3,,,60.19375000,21.90972000,Kun,1410,Europe/Helsinki,"{""br"":""Nagu"",""ko"":""나구"",""pt-BR"":""Nagu"",""pt"":""Nagu"",""nl"":""Nagu"",""hr"":""Nagu"",""fa"":""ناگو"",""de"":""Nagu"",""es"":""Nagu"",""fr"":""Nagu"",""ja"":""ナグ"",""it"":""Nagu"",""zh-CN"":""纳古"",""tr"":""Nagu"",""ru"":""Нагу"",""uk"":""Нагу"",""pl"":""Nagu"",""hi"":""नागु"",""ar"":""ناجو""}",2019-10-06T09:47:38,2025-12-02T14:39:31,1,Q203512
38950,Nakkila,1501,17,74,FI,adm3,,,61.36667000,22.00000000,Nakkila,4966,Europe/Helsinki,"{""br"":""Nakkila"",""ko"":""나킬라"",""pt-BR"":""Nakkila"",""pt"":""Nakkila"",""nl"":""Nakkila"",""hr"":""Nakkila"",""fa"":""ناکیلا"",""de"":""Nakkila"",""es"":""Nakkila"",""fr"":""Nakkila"",""ja"":""ナッキラ"",""it"":""Nakkila"",""zh-CN"":""纳基拉"",""tr"":""Nakkila"",""ru"":""Наккила"",""uk"":""Наккіла"",""pl"":""Nakkila"",""hi"":""नक्कीला"",""ar"":""ناكيلا""}",2019-10-06T09:47:38,2025-12-02T14:38:56,1,Q1009109
38951,Nastola,1502,16,74,FI,city,,,60.95000000,25.93333000,Nastola,,Europe/Helsinki,"{""br"":""Nastola"",""ko"":""나스톨라"",""pt-BR"":""Nastola"",""pt"":""Nastola"",""nl"":""Nastola"",""hr"":""Nastola"",""fa"":""ناستول"",""de"":""Nastola"",""es"":""Nastola"",""fr"":""Nastola"",""ja"":""ナストラ"",""it"":""Nastola"",""zh-CN"":""纳斯托拉"",""tr"":""Nastola"",""ru"":""Настола"",""uk"":""Настола"",""pl"":""Nastola"",""hi"":""नास्टोला"",""ar"":""ناستولا""}",2019-10-06T09:47:38,2025-12-02T17:11:50,1,Q369576
38953,Nivala,1505,14,74,FI,adm3,,,63.91667000,24.96667000,Nivala,10454,Europe/Helsinki,"{""br"":""Nivala"",""ko"":""니발라"",""pt-BR"":""Nivala"",""pt"":""Nivala"",""nl"":""Nivala"",""hr"":""Nivala"",""fa"":""نیوالا"",""de"":""Nivala"",""es"":""Nivala"",""fr"":""Nivala"",""ja"":""ニヴァラ"",""it"":""Nivala"",""zh-CN"":""尼瓦拉"",""tr"":""Nivala"",""ru"":""Нивала"",""uk"":""Нівала"",""pl"":""Nivala"",""hi"":""निवाला"",""ar"":""نيفالا""}",2019-10-06T09:47:38,2025-12-02T14:38:56,1,Q985458
38954,Noormarkku,1501,17,74,FI,city,,,61.59274000,21.86846000,Noormarkku,6125,Europe/Helsinki,"{""br"":""Noormarkku"",""ko"":""누르마르쿠"",""pt-BR"":""Noormarkku"",""pt"":""Noormarkku"",""nl"":""Noormarkku"",""hr"":""Noormarkku"",""fa"":""نورمارککو"",""de"":""Noormarkku"",""es"":""Noormarkku"",""fr"":""Noormarkku"",""ja"":""ノールマルック"",""it"":""Noormarkku"",""zh-CN"":""诺尔马库"",""tr"":""Noormarkku"",""ru"":""Ноормаркку"",""uk"":""Нурмарку"",""pl"":""Noormarkku"",""hi"":""नूरमार्क्कू"",""ar"":""نورماركو""}",2019-10-06T09:47:38,2025-12-02T14:38:56,1,Q1641623
38955,Nousiainen,1507,19,74,FI,adm3,,,60.60416000,22.07926000,Nousiainen,4695,Europe/Helsinki,"{""br"":""Nousiainen"",""ko"":""누시아이넨"",""pt-BR"":""Nousiainen"",""pt"":""Nousiainen"",""nl"":""Nousiainen"",""hr"":""Nousiainen"",""fa"":""نوسیاینن"",""de"":""Nousiainen"",""es"":""Nousiainen"",""fr"":""Nousiainen"",""ja"":""ヌーシアネン"",""it"":""Nousiainen"",""zh-CN"":""诺西艾宁"",""tr"":""Nousiainen"",""ru"":""Ноусиайнен"",""uk"":""Нусіайнен"",""pl"":""Nousiainen"",""hi"":""नौसियाइनेन"",""ar"":""نوسياينن""}",2019-10-06T09:47:38,2025-12-02T14:38:56,1,Q1641623
38956,Nuijamaa,1497,02,74,FI,city,,,60.96011000,28.55104000,Nuijamaa,1199,Europe/Helsinki,"{""br"":""Nuijamaa"",""ko"":""누이자마"",""pt-BR"":""Nuijamaa"",""pt"":""Nuijamaa"",""nl"":""Nuijamaa"",""hr"":""Nuijamaa"",""fa"":""نیویاما"",""de"":""Nuijamaa"",""es"":""Nuijamaa"",""fr"":""Nuijamaa"",""ja"":""ヌイジャマー"",""it"":""Nuijamaa"",""zh-CN"":""努伊贾马"",""tr"":""Nuijamaa"",""ru"":""Нуйямаа"",""uk"":""Нуйджамаа"",""pl"":""Nuijamaa"",""hi"":""नुइजामा"",""ar"":""نوياجاما""}",2019-10-06T09:47:38,2025-12-02T14:38:56,1,Q1641623
38957,Nurmes,1504,13,74,FI,adm3,,,63.54205000,29.13965000,Nurmes,9130,Europe/Helsinki,"{""br"":""Infirmierezed"",""ko"":""누르메스"",""pt-BR"":""Números"",""pt"":""Números"",""nl"":""Nummers"",""hr"":""Nurmes"",""fa"":""نورمس"",""de"":""Nurmes"",""es"":""Números"",""fr"":""Nurmes"",""ja"":""ヌルメス"",""it"":""Infermieri"",""zh-CN"":""努尔梅斯"",""tr"":""Hemşireler"",""ru"":""Нурмес"",""uk"":""Нурмес"",""pl"":""Nurmes"",""hi"":""नूरमेस"",""ar"":""نورميس""}",2019-10-06T09:47:38,2025-12-02T14:38:56,1,Q1641623
38958,Nurmijärvi,1510,18,74,FI,adm3,,,60.46407000,24.80730000,Nurmijärvi,44833,Europe/Helsinki,"{""br"":""Nurmijärvi"",""ko"":""누르미예르비"",""pt-BR"":""Nurmijärvi"",""pt"":""Nurmijärvi"",""nl"":""Nurmijärvi"",""hr"":""Nurmijärvi"",""fa"":""نورمیجاروی"",""de"":""Nurmijärvi"",""es"":""Nurmijärvi"",""fr"":""Nurmijärvi"",""ja"":""ヌルミヤルヴィ"",""it"":""Nurmijärvi"",""zh-CN"":""努尔米耶尔维"",""tr"":""Nurmijärvi"",""ru"":""Нурмиярви"",""uk"":""Нурміярві"",""pl"":""Nurmijärvi"",""hi"":""नूरमीजार्वी"",""ar"":""نورميارفي""}",2019-10-06T09:47:38,2025-12-02T14:38:56,1,Q1641623
38959,Nurmo,1498,03,74,FI,city,,,62.82870000,22.90990000,Nurmo,,Europe/Helsinki,"{""br"":""Nurmo"",""ko"":""누르모"",""pt-BR"":""Nurmo"",""pt"":""Nurmo"",""nl"":""Nurmo"",""hr"":""Nurmo"",""fa"":""نورمو"",""de"":""Nurmo"",""es"":""Nurmo"",""fr"":""Nurmo"",""ja"":""ヌルモ"",""it"":""Numero"",""zh-CN"":""努尔莫"",""tr"":""Nurmo"",""ru"":""Нурмо"",""uk"":""Нурмо"",""pl"":""Nurmo"",""hi"":""नूरमो"",""ar"":""نورمو""}",2019-10-06T09:47:38,2025-12-02T16:59:27,1,Q205804
38960,Nykarleby,1508,12,74,FI,adm3,,,63.52277000,22.53073000,Nykarleby,7500,Europe/Helsinki,"{""br"":""Nykarleby"",""ko"":""니칼레비"",""pt-BR"":""Nykarleby"",""pt"":""Nykarleby"",""nl"":""Nykarleby"",""hr"":""Nykarleby"",""fa"":""نیکرلبی"",""de"":""Nykarleby"",""es"":""Nykarleby"",""fr"":""Nykarleby"",""ja"":""ニカルレビー"",""it"":""Nykarleby"",""zh-CN"":""尼卡勒比"",""tr"":""Nykarleby"",""ru"":""Нюкарлебю"",""uk"":""Нюкарлебі"",""pl"":""Nykarleby"",""hi"":""न्यकार्लेबी"",""ar"":""نيكارليبي""}",2019-10-06T09:47:38,2025-12-02T14:38:56,1,Q664599
38961,Oravais,1508,12,74,FI,city,,,63.30135000,22.37821000,Oravais,2207,Europe/Helsinki,"{""br"":""Oravais"",""ko"":""오라바이스"",""pt-BR"":""Oravais"",""pt"":""Oravais"",""nl"":""Oravais"",""hr"":""Oravais"",""fa"":""اوراویس"",""de"":""Oravais"",""es"":""Oravais"",""fr"":""Oravais"",""ja"":""オラヴァイス"",""it"":""Oravais"",""zh-CN"":""奥拉维斯"",""tr"":""Oravais"",""ru"":""Оравайс"",""uk"":""Ораваї"",""pl"":""Orawais"",""hi"":""ओरावैस"",""ar"":""أورافايس""}",2019-10-06T09:47:38,2025-12-02T14:38:56,1,Q2028417
38962,Orimattila,1502,16,74,FI,adm3,,,60.80487000,25.72964000,Orimattila,15669,Europe/Helsinki,"{""br"":""Orimattila"",""ko"":""오리마틸라"",""pt-BR"":""Orimattila"",""pt"":""Orimattila"",""nl"":""Orimattila"",""hr"":""Orimattila"",""fa"":""اوریماتیلا"",""de"":""Orimattila"",""es"":""Orimattila"",""fr"":""Orimattila"",""ja"":""オリマティラ"",""it"":""Orimattila"",""zh-CN"":""奥里马蒂拉"",""tr"":""Orimattila"",""ru"":""Ориматтила"",""uk"":""Оріматтіла"",""pl"":""Orimattila"",""hi"":""ओरिमट्टिला"",""ar"":""أوريماتيلا""}",2019-10-06T09:47:38,2025-12-02T14:38:56,1,Q2028417
38963,Oripää,1507,19,74,FI,adm3,,,60.85000000,22.68333000,Oripää,1315,Europe/Helsinki,"{""br"":""Oripää"",""ko"":""오리패"",""pt-BR"":""Oripää"",""pt"":""Oripää"",""nl"":""Oripää"",""hr"":""Oripää"",""fa"":""اوریپئا"",""de"":""Oripää"",""es"":""Oripää"",""fr"":""Oripää"",""ja"":""オリパー"",""it"":""Oripää"",""zh-CN"":""奥里帕"",""tr"":""Oripää"",""ru"":""Орипяя"",""uk"":""Оріпяа"",""pl"":""Oripää"",""hi"":""ओरिपा"",""ar"":""أوريبا""}",2019-10-06T09:47:38,2025-12-02T14:38:56,1,Q2028417
38964,Otaniemi,1510,18,74,FI,section,,,60.18395000,24.82786000,Otaniemi,4574,Europe/Helsinki,"{""br"":""Otaniemi"",""ko"":""오타니에미"",""pt-BR"":""Otaniemi"",""pt"":""Otaniemi"",""nl"":""Otaniemi"",""hr"":""Otaniemi"",""fa"":""اوتانیمی"",""de"":""Otaniemi"",""es"":""Otaniemi"",""fr"":""Otaniemi"",""ja"":""オタニエミ"",""it"":""Otaniemi"",""zh-CN"":""奥塔涅米"",""tr"":""Otaniemi"",""ru"":""Отаниеми"",""uk"":""Отаніємі"",""pl"":""Otaniemi"",""hi"":""ओटानीमी"",""ar"":""أوتانيمي""}",2019-10-06T09:47:38,2025-12-02T14:38:56,1,Q2743766
38965,Oulainen,1505,14,74,FI,adm3,,,64.26667000,24.80000000,Oulainen,6978,Europe/Helsinki,"{""br"":""Oulainen"",""ko"":""울라이넨"",""pt-BR"":""Oulainen"",""pt"":""Oulainen"",""nl"":""Oulainen"",""hr"":""Oulainen"",""fa"":""اولاینن"",""de"":""Oulainen"",""es"":""Oulainen"",""fr"":""Oulainen"",""ja"":""オウライネン"",""it"":""Oulainen"",""zh-CN"":""奥莱宁"",""tr"":""Oulainen"",""ru"":""Оулайнен"",""uk"":""Оулайнен"",""pl"":""Oulainen"",""hi"":""उलैनेन"",""ar"":""أولينن""}",2019-10-06T09:47:38,2025-12-02T14:38:56,1,Q985459
38966,Oulu,1505,14,74,FI,adm1,,,65.01236000,25.46816000,Oula,214814,Europe/Helsinki,"{""br"":""Oulu"",""ko"":""오울루"",""pt-BR"":""Oulu"",""pt"":""Oulu"",""nl"":""Oulu"",""hr"":""Oulu"",""fa"":""اولو"",""de"":""Oulu"",""es"":""Oulu"",""fr"":""Oulu"",""ja"":""オウル"",""it"":""Oulu"",""zh-CN"":""奥卢"",""tr"":""Oulu"",""ru"":""Оулу"",""uk"":""Оулу"",""pl"":""Oulu"",""hi"":""औलू"",""ar"":""أولو""}",2019-10-06T09:47:38,2025-12-02T14:38:56,1,Q47048
38967,Oulunsalo,1505,14,74,FI,city,,,64.93456000,25.41121000,Oulunsalo,9771,Europe/Helsinki,"{""br"":""Oulunsalo"",""ko"":""오울룬살로"",""pt-BR"":""Oulunsalo"",""pt"":""Oulunsalo"",""nl"":""Oulunsalo"",""hr"":""Oulunsalo"",""fa"":""اولونسالو"",""de"":""Oulunsalo"",""es"":""Oulunsalo"",""fr"":""Oulunsalo"",""ja"":""オウルンサロ"",""it"":""Oulunsalo"",""zh-CN"":""奥伦萨洛"",""tr"":""Oulunsalo"",""ru"":""Оулунсало"",""uk"":""Оулунсало"",""pl"":""Oulunsalo"",""hi"":""औलुनसालो"",""ar"":""أولونسالو""}",2019-10-06T09:47:38,2025-12-02T14:38:56,1,Q992356
38968,Outokumpu,1504,13,74,FI,adm3,,,62.72685000,29.01592000,Outokumpu,6409,Europe/Helsinki,"{""br"":""Outokumpu"",""ko"":""아우토쿰푸"",""pt-BR"":""Outokumpu"",""pt"":""Outokumpu"",""nl"":""Outokumpu"",""hr"":""Outokumpu"",""fa"":""اوتوکمپو"",""de"":""Outokumpu"",""es"":""Outokumpu"",""fr"":""Outokumpu"",""ja"":""オウトクンプ"",""it"":""Outokumpu"",""zh-CN"":""奥托昆普"",""tr"":""Outokumpu"",""ru"":""Оутокумпу"",""uk"":""Оутокумпу"",""pl"":""Outokumpu"",""hi"":""Outokumpu"",""ar"":""أوتوكومبو""}",2019-10-06T09:47:38,2025-12-02T14:38:56,1,Q992356
38969,Padasjoki,1502,16,74,FI,adm3,,,61.35000000,25.28333000,Padasjoki,2726,Europe/Helsinki,"{""br"":""Padasjoki"",""ko"":""파다스요키"",""pt-BR"":""Padasjoki"",""pt"":""Padasjoki"",""nl"":""Padasjoki"",""hr"":""Padasjöki"",""fa"":""پاداسجوکی"",""de"":""Padasjoki"",""es"":""Padasjoki"",""fr"":""Padasjoki"",""ja"":""パダスヨキ"",""it"":""Padasjoki"",""zh-CN"":""帕达斯约基"",""tr"":""Padasjoki"",""ru"":""Падасйоки"",""uk"":""Падасйокі"",""pl"":""Padasjoki"",""hi"":""पदासजोकी"",""ar"":""باداسيوكي""}",2019-10-06T09:47:38,2025-12-02T14:38:56,1,Q992356
38970,Paimio,1507,19,74,FI,adm3,,,60.45671000,22.68694000,Paimio,11236,Europe/Helsinki,"{""br"":""Paimio"",""ko"":""파이미오"",""pt-BR"":""Paimio"",""pt"":""Paimio"",""nl"":""Paimio"",""hr"":""Paimio"",""fa"":""پایمیو"",""de"":""Paimio"",""es"":""Paimio"",""fr"":""Paimio"",""ja"":""パイミオ"",""it"":""Paimio"",""zh-CN"":""帕米奥"",""tr"":""Paimio"",""ru"":""Паймио"",""uk"":""Пайміо"",""pl"":""Paimio"",""hi"":""पैमियो"",""ar"":""بايميو""}",2019-10-06T09:47:38,2025-12-02T14:38:56,1,Q992356
38971,Paltamo,1496,05,74,FI,adm3,,,64.41667000,27.83333000,Paltamo,3037,Europe/Helsinki,"{""br"":""Paltamo"",""ko"":""팔타모"",""pt-BR"":""Paltamo"",""pt"":""Paltamo"",""nl"":""Paltamo"",""hr"":""Paltamo"",""fa"":""پالتامو"",""de"":""Paltamo"",""es"":""Paltamo"",""fr"":""Paltamo"",""ja"":""パルタモ"",""it"":""Paltamo"",""zh-CN"":""帕尔塔莫"",""tr"":""Paltamo"",""ru"":""Палтамо"",""uk"":""Палтамо"",""pl"":""Palmamo"",""hi"":""उलू"",""ar"":""بالتامو""}",2019-10-06T09:47:38,2025-12-02T14:38:56,1,Q985337
38972,Pargas,1507,19,74,FI,adm3,,,60.30672000,22.30097000,Pargas,11962,Europe/Helsinki,"{""br"":""Pargaoù"",""ko"":""파르가스"",""pt-BR"":""Pargas"",""pt"":""Pargas"",""nl"":""Pargas"",""hr"":""Pargas"",""fa"":""پارگاس"",""de"":""Pargas"",""es"":""Pargas"",""fr"":""Pargas"",""ja"":""パルガス"",""it"":""Pargas"",""zh-CN"":""帕尔加斯"",""tr"":""Pargas"",""ru"":""Паргас"",""uk"":""Паргас"",""pl"":""Pargas"",""hi"":""परगास"",""ar"":""بارغاس""}",2019-10-06T09:47:38,2025-12-02T14:39:31,1,Q13405837
38973,Parikkala,1497,02,74,FI,adm3,,,61.55000000,29.50000000,Parikkala,4366,Europe/Helsinki,"{""br"":""Parikkala"",""ko"":""파리칼라"",""pt-BR"":""Parikkala"",""pt"":""Parikkala"",""nl"":""Parikkala"",""hr"":""Parikkala"",""fa"":""پاریکالا"",""de"":""Parikkala"",""es"":""Parikkala"",""fr"":""Parikkala"",""ja"":""パリッカラ"",""it"":""Parikkala"",""zh-CN"":""帕里卡拉"",""tr"":""Parikkala"",""ru"":""Париккала"",""uk"":""Паріккала"",""pl"":""Parikkala"",""hi"":""परिक्कला"",""ar"":""باريكالا""}",2019-10-06T09:47:39,2025-12-02T14:38:56,1,Q240086
38974,Pedersöre,1508,12,74,FI,adm3,,,63.65000000,22.68333000,Pedersöre,11225,Europe/Helsinki,"{""br"":""Pedersöre"",""ko"":""페데르쇠레"",""pt-BR"":""Pedersöre"",""pt"":""Pedersöre"",""nl"":""Pedersöre"",""hr"":""Pedersöre"",""fa"":""پدرسور"",""de"":""Pedersöre"",""es"":""Pedersöre"",""fr"":""Pedersöre"",""ja"":""ペデルソーレ"",""it"":""Pedersöre"",""zh-CN"":""佩德索尔"",""tr"":""Pedersöre"",""ru"":""Педерсёре"",""uk"":""Педерсьоре"",""pl"":""Pedersöre"",""hi"":""पेडेरसोर"",""ar"":""بيدرسوري""}",2019-10-06T09:47:39,2025-12-02T14:38:56,1,Q385194
38975,Pelkosenniemi,1500,10,74,FI,adm3,,,67.11083000,27.51056000,Pelkosenniemi,912,Europe/Helsinki,"{""br"":""Pelkosenniemi"",""ko"":""펠코세니에미"",""pt-BR"":""Pelkosenniemi"",""pt"":""Pelkosenniemi"",""nl"":""Pelkosenniemi"",""hr"":""Pelkosenniemi"",""fa"":""پلکوسنیمی"",""de"":""Pelkosenniemi"",""es"":""Pelkosenniemi"",""fr"":""Pelkosenniemi"",""ja"":""ペルコゼンニエミ"",""it"":""Pelkosenniemi"",""zh-CN"":""佩尔科森涅米"",""tr"":""Pelkosenniemi"",""ru"":""Пелкосенниеми"",""uk"":""Пелкосенніємі"",""pl"":""Pelkosenniemi"",""hi"":""पेल्कोसेन्नीमी"",""ar"":""بيلكوسينييمي""}",2019-10-06T09:47:39,2025-12-02T14:38:56,1,Q385194
38976,Pello,1500,10,74,FI,adm3,,,66.77364000,23.96255000,Pello,3253,Europe/Helsinki,"{""br"":""Pello"",""ko"":""펠로"",""pt-BR"":""Pelo"",""pt"":""Pelo"",""nl"":""Pello"",""hr"":""Pello"",""fa"":""پلو"",""de"":""Pello"",""es"":""Pello"",""fr"":""Pello"",""ja"":""ペロ"",""it"":""Pello"",""zh-CN"":""佩洛"",""tr"":""Pello"",""ru"":""Пелло"",""uk"":""Пелло"",""pl"":""Pello"",""hi"":""पेलो"",""ar"":""بيللو""}",2019-10-06T09:47:39,2025-12-02T14:38:56,1,Q31331
38977,Perho,1494,07,74,FI,adm3,,,63.21667000,24.41667000,Perho,2578,Europe/Helsinki,"{""br"":""Marteze"",""ko"":""페르호"",""pt-BR"":""Perho"",""pt"":""Perho"",""nl"":""Maar goed"",""hr"":""Perho"",""fa"":""پرهو"",""de"":""Perho"",""es"":""Pero"",""fr"":""Perho"",""ja"":""ペルホ"",""it"":""Perho"",""zh-CN"":""佩尔霍"",""tr"":""Perho"",""ru"":""Перхо"",""uk"":""Перхо"",""pl"":""Być może"",""hi"":""पेरो"",""ar"":""بيرهو""}",2019-10-06T09:47:39,2025-12-02T14:38:56,1,Q31331
38978,Perniö,1507,19,74,FI,adm3,,,60.20000000,23.13333000,Perniö,5809,Europe/Helsinki,"{""br"":""Perniö"",""ko"":""페르니오"",""pt-BR"":""Perniö"",""pt"":""Perniö"",""nl"":""Perniö"",""hr"":""Perniö"",""fa"":""پرنیو"",""de"":""Perniö"",""es"":""Pernio"",""fr"":""Perniö"",""ja"":""ペルニオ"",""it"":""Perniö"",""zh-CN"":""佩尔尼奥"",""tr"":""Perniö"",""ru"":""Перниё"",""uk"":""Перніо"",""pl"":""Perniö"",""hi"":""पेर्नियो"",""ar"":""بيرنيو""}",2019-10-06T09:47:39,2025-12-02T14:39:31,1,Q1641596
38979,Pernå,1510,18,74,FI,adm3,,,60.44869000,26.03187000,Pernå,3938,Europe/Helsinki,"{""br"":""Pernå"",""ko"":""페르나"",""pt-BR"":""Perna"",""pt"":""Perna"",""nl"":""Pernå"",""hr"":""Pernå"",""fa"":""پرنا"",""de"":""Pernå"",""es"":""Pernå"",""fr"":""Pernå"",""ja"":""ペルノー"",""it"":""Pernå"",""zh-CN"":""佩尔纳"",""tr"":""Pernå"",""ru"":""Перна"",""uk"":""Перно"",""pl"":""Pernå"",""hi"":""पेर्ना"",""ar"":""بيرنا""}",2019-10-06T09:47:39,2025-12-02T14:39:31,1,Q1005082
38980,Pertteli,1507,19,74,FI,adm3,,,60.43333000,23.26667000,Pertteli,3974,Europe/Helsinki,"{""br"":""Pertteli"",""ko"":""페르텔리"",""pt-BR"":""Pertteli"",""pt"":""Pertteli"",""nl"":""Pertteli"",""hr"":""Pertteli"",""fa"":""پرتلی"",""de"":""Pertteli"",""es"":""Pertteli"",""fr"":""Pertteli"",""ja"":""ペルテリ"",""it"":""Pertteli"",""zh-CN"":""佩特利"",""tr"":""Pertteli"",""ru"":""Перттели"",""uk"":""Перттелі"",""pl"":""Pertteli"",""hi"":""पर्टेली"",""ar"":""بيرتيلي""}",2019-10-06T09:47:39,2025-12-02T14:38:56,1,Q121715
38981,Pertunmaa,1495,04,74,FI,city,,,61.50000000,26.48333000,Pertunmaa,2089,Europe/Helsinki,"{""br"":""Pertunmaa"",""ko"":""페르툰마"",""pt-BR"":""Pertunmaa"",""pt"":""Pertunmaa"",""nl"":""Pertunmaa"",""hr"":""Pertunmaa"",""fa"":""پرتونما"",""de"":""Pertunmaa"",""es"":""Pertunmaa"",""fr"":""Pertunmaa"",""ja"":""ペルトゥンマー"",""it"":""Pertunmaa"",""zh-CN"":""佩尔图马"",""tr"":""Pertunmaa"",""ru"":""Пертунмаа"",""uk"":""Пертунмаа"",""pl"":""Pertunmaa"",""hi"":""पेर्तुन्मा"",""ar"":""بيرتونما""}",2019-10-06T09:47:39,2025-12-02T14:39:31,1,Q121715
38982,Petäjävesi,1511,08,74,FI,adm3,,,62.25000000,25.20000000,Petäjävesi,3596,Europe/Helsinki,"{""br"":""Petäjävesi"",""ko"":""페타야베시"",""pt-BR"":""Petäjävesi"",""pt"":""Petäjävesi"",""nl"":""Petäjävesi"",""hr"":""Petäjävesi"",""fa"":""پتایاوِسی"",""de"":""Petäjävesi"",""es"":""Petäjävesi"",""fr"":""Petäjävesi"",""ja"":""ペタヤヴェシ"",""it"":""Petäjävesi"",""zh-CN"":""佩泰耶韦西"",""tr"":""Petäjävesi"",""ru"":""Petäjävesi"",""uk"":""Петяявесі"",""pl"":""Petäjävesi"",""hi"":""पेटाजावेसी"",""ar"":""بيتاجيفيسي""}",2019-10-06T09:47:39,2025-12-02T14:38:56,1,Q121715
38983,Pieksämäki,1495,04,74,FI,adm3,,,62.30000000,27.13333000,Pieksämäki,17050,Europe/Helsinki,"{""br"":""Pieksämäki"",""ko"":""피에크사마키"",""pt-BR"":""Pieksämäki"",""pt"":""Pieksämäki"",""nl"":""Pieksämäki"",""hr"":""Pieksämäki"",""fa"":""پیکساماکی"",""de"":""Pieksämäki"",""es"":""Pieksämäki"",""fr"":""Pieksämäki"",""ja"":""ピエクサマキ"",""it"":""Pieksämäki"",""zh-CN"":""皮耶克赛迈基"",""tr"":""Pieksämäki"",""ru"":""Пиексямяки"",""uk"":""Піексямякі"",""pl"":""Pieksämäki"",""hi"":""पिएक्सामाकी"",""ar"":""Pieksämäki""}",2019-10-06T09:47:39,2025-12-02T14:38:56,1,Q121715
38985,Pihtipudas,1511,08,74,FI,adm3,,,63.38333000,25.56667000,Pihtipudas,3739,Europe/Helsinki,"{""br"":""Pihtipudas"",""ko"":""피티푸다스"",""pt-BR"":""Pihtipudas"",""pt"":""Pihtipudas"",""nl"":""Pihtipudas"",""hr"":""Pihtipudas"",""fa"":""پیهتی‌پوداها"",""de"":""Pihtipudas"",""es"":""Pihtipudas"",""fr"":""Pihtipudas"",""ja"":""ピフティプダス"",""it"":""Pihtipudas"",""zh-CN"":""皮赫蒂普达斯"",""tr"":""Pihtipudas"",""ru"":""Пихтипудас"",""uk"":""Піхтіпудас"",""pl"":""Pihtipudas"",""hi"":""पिह्टीपुडास"",""ar"":""بيهتيبوداس""}",2019-10-06T09:47:39,2025-12-02T14:38:56,1,Q979846
38986,Piikkiö,1507,19,74,FI,adm3,,,60.42481000,22.51601000,Piikkiö,6553,Europe/Helsinki,"{""br"":""Piikkiö"",""ko"":""피키오"",""pt-BR"":""Piikkiö"",""pt"":""Piikkiö"",""nl"":""Piikkiö"",""hr"":""Piikkiö"",""fa"":""پیکیئو"",""de"":""Piikkiö"",""es"":""Piikkiö"",""fr"":""Piikkiö"",""ja"":""ピッキオ"",""it"":""Piikkiö"",""zh-CN"":""皮基奥"",""tr"":""Piikkiö"",""ru"":""Пииккиё"",""uk"":""Пііккіо"",""pl"":""Piikkiö"",""hi"":""पिइकियो"",""ar"":""بيكيو""}",2019-10-06T09:47:39,2025-12-02T14:39:31,1,Q783205
38987,Piippola,1505,14,74,FI,adm3,,,64.16667000,25.96667000,Piippola,550,Europe/Helsinki,"{""br"":""Piippola"",""ko"":""피폴라"",""pt-BR"":""Piippola"",""pt"":""Piippola"",""nl"":""Piippola"",""hr"":""Piippola"",""fa"":""پیپولا"",""de"":""Piippola"",""es"":""Piippola"",""fr"":""Piippola"",""ja"":""ピッポラ"",""it"":""Piippola"",""zh-CN"":""皮波拉"",""tr"":""Piippola"",""ru"":""Пииппола"",""uk"":""Піппола"",""pl"":""Piippola"",""hi"":""पिप्पोला"",""ar"":""بيبولا""}",2019-10-06T09:47:39,2025-12-02T14:39:31,1,Q1014303
38988,Pohja,1510,18,74,FI,city,,,60.09626000,23.52757000,Pohja,5257,Europe/Helsinki,"{""br"":""Pohja"",""ko"":""포흐자"",""pt-BR"":""Pohja"",""pt"":""Pohja"",""nl"":""Pohja"",""hr"":""Pohja"",""fa"":""پوجا"",""de"":""Pohja"",""es"":""Pohja"",""fr"":""Pohja"",""ja"":""ポフヤ"",""it"":""Pohja"",""zh-CN"":""波赫亚"",""tr"":""Pohja"",""ru"":""Похья"",""uk"":""Пох'я"",""pl"":""Pohja"",""hi"":""पोहजा"",""ar"":""بوهجا""}",2019-10-06T09:47:39,2025-12-02T14:39:31,1,Q1010030
38989,Polvijärvi,1504,13,74,FI,adm3,,,62.85000000,29.36667000,Polvijärvi,4064,Europe/Helsinki,"{""br"":""Polvijärvi"",""ko"":""폴비예르비"",""pt-BR"":""Polvijärvi"",""pt"":""Polvijärvi"",""nl"":""Polvijärvi"",""hr"":""Polvijärvi"",""fa"":""پولویژروی"",""de"":""Polvijärvi"",""es"":""Polvijärvi"",""fr"":""Polvijärvi"",""ja"":""ポルヴィヤルヴィ"",""it"":""Polvijärvi"",""zh-CN"":""波尔维耶尔维"",""tr"":""Polvijärvi"",""ru"":""Полвиярви"",""uk"":""Полвіярві"",""pl"":""Polvijärvi"",""hi"":""पोल्विजार्वी"",""ar"":""بولفيارفي""}",2019-10-06T09:47:39,2025-12-02T14:38:56,1,Q1010030
38990,Pomarkku,1501,17,74,FI,adm3,,,61.69348000,22.00862000,Pomarkku,1943,Europe/Helsinki,"{""br"":""Pomarkku"",""ko"":""포마르크쿠"",""pt-BR"":""Pomarkku"",""pt"":""Pomarkku"",""nl"":""Pomarkku"",""hr"":""Pomarkku"",""fa"":""پومارککو"",""de"":""Pomarkku"",""es"":""Pomarkku"",""fr"":""Pomarkku"",""ja"":""ポマルック"",""it"":""Pomarkku"",""zh-CN"":""波马尔库"",""tr"":""Pomarkku"",""ru"":""Помаркку"",""uk"":""Помарку"",""pl"":""Pomarkku"",""hi"":""पोमार्ककु"",""ar"":""بوماركو""}",2019-10-06T09:47:39,2025-12-02T14:38:56,1,Q1010030
38991,Pori,1501,17,74,FI,adm1,,,61.48333000,21.78333000,Huokos,83491,Europe/Helsinki,"{""br"":""Pori"",""ko"":""포리"",""pt-BR"":""Pori"",""pt"":""Pori"",""nl"":""Pori"",""hr"":""Pori"",""fa"":""پوری"",""de"":""Pori"",""es"":""Pori"",""fr"":""Pori"",""ja"":""ポリ"",""it"":""Pori"",""zh-CN"":""波里"",""tr"":""Pori"",""ru"":""Пори"",""uk"":""Порі"",""pl"":""Pori"",""hi"":""पोरी"",""ar"":""بوري""}",2019-10-06T09:47:39,2025-12-02T17:11:50,1,Q180233
38992,Pornainen,1510,18,74,FI,adm3,,,60.47581000,25.37490000,Pornainen,4973,Europe/Helsinki,"{""br"":""Pornainen"",""ko"":""포르나이넨"",""pt-BR"":""Pornôs"",""pt"":""Pornôs"",""nl"":""Pornainen"",""hr"":""Pornainen"",""fa"":""پورناینن"",""de"":""Pornainen"",""es"":""Pornainen"",""fr"":""Pornainen"",""ja"":""ポルナイネン"",""it"":""Pornainen"",""zh-CN"":""波尔奈宁"",""tr"":""Pornainen"",""ru"":""Порнайнен"",""uk"":""Порнайнен"",""pl"":""Pornainen"",""hi"":""पोर्नैनेन"",""ar"":""بورنينن""}",2019-10-06T09:47:39,2025-12-02T14:38:56,1,Q180233
38993,Porvoo,1510,18,74,FI,adm3,,,60.39233000,25.66507000,Porvoo,51464,Europe/Helsinki,"{""br"":""Porvoo"",""ko"":""포르보"",""pt-BR"":""Porvoo"",""pt"":""Porvoo"",""nl"":""Porvoo"",""hr"":""Porvoo"",""fa"":""پوروو"",""de"":""Porvoo"",""es"":""Porvoo"",""fr"":""Porvoo"",""ja"":""ポルヴォー"",""it"":""Porvoo"",""zh-CN"":""波尔沃"",""tr"":""Porvoo"",""ru"":""Порвоо"",""uk"":""Порвоо"",""pl"":""Porvoo"",""hi"":""पोर्वू"",""ar"":""بورفو""}",2019-10-06T09:47:39,2025-12-02T14:38:56,1,Q193367
38994,Posio,1500,10,74,FI,adm3,,,66.10856000,28.17186000,Aiheuttaa,2923,Europe/Helsinki,"{""br"":""Posio"",""ko"":""포시오"",""pt-BR"":""Posio"",""pt"":""Posio"",""nl"":""Positie"",""hr"":""Posio"",""fa"":""پوزیو"",""de"":""Posio"",""es"":""Posio"",""fr"":""Posio"",""ja"":""ポシオ"",""it"":""Posio"",""zh-CN"":""波西奥"",""tr"":""Pozisyon"",""ru"":""Посио"",""uk"":""Посіо"",""pl"":""Pozycja"",""hi"":""पोज़िओ"",""ar"":""بوسيو""}",2019-10-06T09:47:39,2025-12-02T14:38:56,1,Q193367
38995,Pudasjärvi,1505,14,74,FI,adm3,,,65.38333000,26.91667000,Pudasjärvi,7479,Europe/Helsinki,"{""br"":""Pudasjärvi"",""ko"":""푸다샤르비"",""pt-BR"":""Pudasjärvi"",""pt"":""Pudasjärvi"",""nl"":""Pudasjärvi"",""hr"":""Pudasjärvi"",""fa"":""پوداسجاروی"",""de"":""Pudasjärvi"",""es"":""Pudasjärvi"",""fr"":""Pudasjärvi"",""ja"":""プダスヤルヴィ"",""it"":""Pudasjärvi"",""zh-CN"":""普达斯耶尔维"",""tr"":""Pudasjärvi"",""ru"":""Пудасъярви"",""uk"":""Пудас'ярві"",""pl"":""Pudasjärvi"",""hi"":""पुदासजार्वी"",""ar"":""بوداسجارفي""}",2019-10-06T09:47:39,2025-12-02T14:38:56,1,Q912952
38996,Pukkila,1510,18,74,FI,city,,,60.65000000,25.56667000,Pukkila,1781,Europe/Helsinki,"{""br"":""Pukkila"",""ko"":""푸킬라"",""pt-BR"":""Pukkila"",""pt"":""Pukkila"",""nl"":""Pukkila"",""hr"":""Pukkila"",""fa"":""پوکیلا"",""de"":""Pukkila"",""es"":""Pukkila"",""fr"":""Pukkila"",""ja"":""プッキラ"",""it"":""Pukkila"",""zh-CN"":""普基拉"",""tr"":""Pukkila"",""ru"":""Пуккила"",""uk"":""Пуккіла"",""pl"":""Pukkila"",""hi"":""पुक्किला"",""ar"":""بوكيلا""}",2019-10-06T09:47:39,2025-12-02T16:59:27,1,Q599159
38997,Pulkkila,1505,14,74,FI,adm3,,,64.26667000,25.86667000,Pulkkila,1661,Europe/Helsinki,"{""br"":""Pulkkila"",""ko"":""풀킬라"",""pt-BR"":""Pulkkila"",""pt"":""Pulkkila"",""nl"":""Pulkkila"",""hr"":""Pulkkila"",""fa"":""پولکیلا"",""de"":""Pulkkila"",""es"":""Pulkkila"",""fr"":""Pulkkila"",""ja"":""プルッキラ"",""it"":""Pulkkila"",""zh-CN"":""普尔基拉"",""tr"":""Pulkkila"",""ru"":""Пулккила"",""uk"":""Пулккіла"",""pl"":""Pulkkila"",""hi"":""पुल्किला"",""ar"":""بولكيلا""}",2019-10-06T09:47:39,2025-12-02T14:38:56,1,Q541236
38998,Punkaharju,1495,04,74,FI,city,,,61.75883000,29.38843000,Punkaharju,3715,Europe/Helsinki,"{""br"":""Punkaharju"",""ko"":""푼카하르주"",""pt-BR"":""Punkaharju"",""pt"":""Punkaharju"",""nl"":""Punkaharju"",""hr"":""Punkaharju"",""fa"":""پونکاهارجو"",""de"":""Punkaharju"",""es"":""Punkaharju"",""fr"":""Punkaharju"",""ja"":""プンカハルジュ"",""it"":""Punkaharju"",""zh-CN"":""蓬卡哈尤"",""tr"":""Punkaharju"",""ru"":""Пункахарью"",""uk"":""Пункахар'ю"",""pl"":""Punkaharju"",""hi"":""पुन्काहारजू"",""ar"":""بونكاهارجو""}",2019-10-06T09:47:39,2025-12-02T14:38:56,1,Q428113
38999,Puolanka,1496,05,74,FI,adm3,,,64.86667000,27.66667000,Puolanka,2359,Europe/Helsinki,"{""br"":""Puolanka"",""ko"":""푸올란카"",""pt-BR"":""Puolanka"",""pt"":""Puolanka"",""nl"":""Puolanka"",""hr"":""Puolanka"",""fa"":""پولانکا"",""de"":""Puolanka"",""es"":""Puolanka"",""fr"":""Puolanka"",""ja"":""プオランカ"",""it"":""Puolanka"",""zh-CN"":""普奥兰卡"",""tr"":""Puolanka"",""ru"":""Пуоланка"",""uk"":""Пуоланка"",""pl"":""Puolanka"",""hi"":""पुओलंका"",""ar"":""بولانكا""}",2019-10-06T09:47:39,2025-12-02T14:38:56,1,Q428113
39000,Puumala,1495,04,74,FI,adm3,,,61.52728000,28.17495000,Puumala,2693,Europe/Helsinki,"{""br"":""Puumala"",""ko"":""푸말라"",""pt-BR"":""Puumala"",""pt"":""Puumala"",""nl"":""Puumala"",""hr"":""Puumala"",""fa"":""پومالا"",""de"":""Puumala"",""es"":""Puumala"",""fr"":""Puumala"",""ja"":""プーマラ"",""it"":""Puumala"",""zh-CN"":""普马拉"",""tr"":""Puumala"",""ru"":""Пуумала"",""uk"":""Пуумала"",""pl"":""Puumala"",""hi"":""पुउमाला"",""ar"":""بومالا""}",2019-10-06T09:47:39,2025-12-02T14:39:31,1,Q1009610
39001,Pyhtää,1512,09,74,FI,city,,,60.49349000,26.54346000,Pyhtää,5065,Europe/Helsinki,"{""br"":""Pyhtää"",""ko"":""피흐타"",""pt-BR"":""Pyhtää"",""pt"":""Pyhtää"",""nl"":""Pyhtää"",""hr"":""Pyhtää"",""fa"":""پیتآ"",""de"":""Pyhtää"",""es"":""Pyhtää"",""fr"":""Pyhtää"",""ja"":""ピュタ"",""it"":""Pyhtää"",""zh-CN"":""皮赫塔"",""tr"":""Pyhtää"",""ru"":""Пюхтяя"",""uk"":""Пюхтяя"",""pl"":""Pyhtää"",""hi"":""Pyhtaa"",""ar"":""بيتا""}",2019-10-06T09:47:39,2025-12-02T14:38:56,1,Q990557
39002,Pyhäjoki,1505,14,74,FI,adm3,,,64.46667000,24.23333000,Pyhäjoki,2980,Europe/Helsinki,"{""br"":""Pyhäjoki"",""ko"":""Pyhäjoki"",""pt-BR"":""Pyhäjoki"",""pt"":""Pyhäjoki"",""nl"":""Pyhäjoki"",""hr"":""Pyhäjoki"",""fa"":""پیهاجوکی"",""de"":""Pyhäjoki"",""es"":""Pyhäjoki"",""fr"":""Pyhäjoki"",""ja"":""ピュハヨキ"",""it"":""Pyhäjoki"",""zh-CN"":""皮海约基"",""tr"":""Pyhäjoki"",""ru"":""Пюхяйоки"",""uk"":""Пюхяйокі"",""pl"":""Pyhäjoki"",""hi"":""पायहाजोकी"",""ar"":""بيهايوكي""}",2019-10-06T09:47:39,2025-12-02T14:38:56,1,Q990557
39003,Pyhäjärvi,1505,14,74,FI,city,,,63.66667000,25.90000000,Pyhäjärvi,4756,Europe/Helsinki,"{""br"":""Pyhäjärvi"",""ko"":""Pyhäjärvi"",""pt-BR"":""Pyhäjärvi"",""pt"":""Pyhäjärvi"",""nl"":""Pyhäjärvi"",""hr"":""Pyhäjärvi"",""fa"":""پیهاجروی"",""de"":""Pyhäjärvi"",""es"":""Pyhäjärvi"",""fr"":""Pyhäjärvi"",""ja"":""ピュハヤルヴィ"",""it"":""Pyhäjärvi"",""zh-CN"":""皮海耶尔维"",""tr"":""Pyhäjärvi"",""ru"":""Пюхяярви"",""uk"":""Пюхяярві"",""pl"":""Pyhäjärvi"",""hi"":""प्यहाजर्वी"",""ar"":""بيهاجارفي""}",2019-10-06T09:47:39,2025-12-02T16:59:27,1,Q990557
39004,Pyhäjärvi,1500,10,74,FI,city,,,67.07010000,27.21763000,Pyhäjärvi,6094,Europe/Helsinki,"{""br"":""Pyhäjärvi"",""ko"":""Pyhäjärvi"",""pt-BR"":""Pyhäjärvi"",""pt"":""Pyhäjärvi"",""nl"":""Pyhäjärvi"",""hr"":""Pyhäjärvi"",""fa"":""پیهاجروی"",""de"":""Pyhäjärvi"",""es"":""Pyhäjärvi"",""fr"":""Pyhäjärvi"",""ja"":""ピュハヤルヴィ"",""it"":""Pyhäjärvi"",""zh-CN"":""皮海耶尔维"",""tr"":""Pyhäjärvi"",""ru"":""Пюхяярви"",""uk"":""Пюхяярві"",""pl"":""Pyhäjärvi"",""hi"":""प्यहाजर्वी"",""ar"":""بيهاجارفي""}",2019-10-06T09:47:39,2025-12-02T14:39:31,1,Q990557
39005,Pyhäntä,1505,14,74,FI,adm3,,,64.10000000,26.31667000,Pyhäntä,1646,Europe/Helsinki,"{""br"":""Pyhäntä"",""ko"":""Pyhäntä"",""pt-BR"":""Pyhäntä"",""pt"":""Pyhäntä"",""nl"":""Pyhäntä"",""hr"":""Pyhäntä"",""fa"":""پیهانته"",""de"":""Pyhäntä"",""es"":""Pyhäntä"",""fr"":""Pyhäntä"",""ja"":""ピュハンタ"",""it"":""Pyhäntä"",""zh-CN"":""皮汉塔"",""tr"":""Pyhäntä"",""ru"":""Пюхянтя"",""uk"":""Пюхянтя"",""pl"":""Pyhäntä"",""hi"":""प्यहंता"",""ar"":""بيهانتا""}",2019-10-06T09:47:39,2025-12-02T14:38:56,1,Q368448
39006,Pyhäranta,1507,19,74,FI,adm3,,,60.95000000,21.45000000,Pyhäranta,1930,Europe/Helsinki,"{""br"":""Pyhäranta"",""ko"":""피헤란타"",""pt-BR"":""Pyhäranta"",""pt"":""Pyhäranta"",""nl"":""Pyhäranta"",""hr"":""Pyhäranta"",""fa"":""پیهرانتا"",""de"":""Pyhäranta"",""es"":""Pyhäranta"",""fr"":""Pyhäranta"",""ja"":""ピュハランタ"",""it"":""Pyhäranta"",""zh-CN"":""皮哈兰塔"",""tr"":""Pyhäranta"",""ru"":""Пюхяранта"",""uk"":""Пюхаранта"",""pl"":""Pyhäranta"",""hi"":""पाइहरंता"",""ar"":""بيهارانتا""}",2019-10-06T09:47:39,2025-12-02T14:38:56,1,Q807902
39007,Pyhäselkä,1504,13,74,FI,adm3,,,62.43333000,29.96667000,Pyhäselkä,7775,Europe/Helsinki,"{""br"":""Pyhäselkä"",""ko"":""Pyhäselkä"",""pt-BR"":""Pyhäselkä"",""pt"":""Pyhäselkä"",""nl"":""Pyhäselkä"",""hr"":""Pyhäselkä"",""fa"":""پیهسلکه"",""de"":""Pyhäselkä"",""es"":""Pyhäselkä"",""fr"":""Pyhäselkä"",""ja"":""ピュハセルカ"",""it"":""Pyhäselkä"",""zh-CN"":""皮哈塞尔卡"",""tr"":""Pyhäselkä"",""ru"":""Пюхяселькя"",""uk"":""Пюхяселькя"",""pl"":""Pyhäselkä"",""hi"":""प्य्हासेल्का"",""ar"":""بيهاسيلكا""}",2019-10-06T09:47:39,2025-12-02T14:38:56,1,Q1025725
39008,Pylkönmäki,1511,08,74,FI,adm3,,,62.66667000,24.80000000,Pylkönmäki,981,Europe/Helsinki,"{""br"":""Pylkönmäki"",""ko"":""필콘매키"",""pt-BR"":""Pylkönmäki"",""pt"":""Pylkönmäki"",""nl"":""Pylkönmäki"",""hr"":""Pylkönmäki"",""fa"":""پیلکونماکی"",""de"":""Pylkönmäki"",""es"":""Pylkönmäki"",""fr"":""Pylkönmäki"",""ja"":""ピルコンマキ"",""it"":""Pylkönmäki"",""zh-CN"":""皮尔孔迈基"",""tr"":""Pylkönmäki"",""ru"":""Пюлкёнмяки"",""uk"":""Пюлькьонмякі"",""pl"":""Pylkönmäki"",""hi"":""पाइल्कोनमाकी"",""ar"":""بيلكونماكي""}",2019-10-06T09:47:39,2025-12-02T14:38:56,1,Q200443
39009,Pöytyä,1507,19,74,FI,adm3,,,60.76667000,22.66667000,Pöytyä,8130,Europe/Helsinki,"{""br"":""Pöytyä"",""ko"":""포이티야"",""pt-BR"":""Pöytyä"",""pt"":""Pöytyä"",""nl"":""Pöytyä"",""hr"":""Pöytyä"",""fa"":""پویتیا"",""de"":""Pöytyä"",""es"":""Pöytyä"",""fr"":""Pöytyä"",""ja"":""ポイティア"",""it"":""Pöytyä"",""zh-CN"":""珀于蒂艾"",""tr"":""Pöytyä"",""ru"":""Пёйтья"",""uk"":""Пьойтя"",""pl"":""Pöytyä"",""hi"":""पोयत्या"",""ar"":""بويتيا""}",2019-10-06T09:47:39,2025-12-02T14:38:56,1,Q200443
39010,Raahe,1505,14,74,FI,adm3,,,64.68333000,24.48333000,Raahe,23797,Europe/Helsinki,"{""br"":""Raahe"",""ko"":""라헤"",""pt-BR"":""Raahe"",""pt"":""Raahe"",""nl"":""Raahe"",""hr"":""Raahe"",""fa"":""راهه"",""de"":""Raahe"",""es"":""Raahe"",""fr"":""Raahe"",""ja"":""ラーヘ"",""it"":""Raahe"",""zh-CN"":""拉赫"",""tr"":""Raahe"",""ru"":""Раахе"",""uk"":""Раахе"",""pl"":""Raahe"",""hi"":""राहे"",""ar"":""راهي""}",2019-10-06T09:47:39,2025-12-02T14:38:56,1,Q622592
39011,Raaseporin,1510,18,74,FI,city,,,60.00273000,23.55499000,Raaseporin,,Europe/Helsinki,"{""br"":""Raaseporin"",""ko"":""라세포린"",""pt-BR"":""Raaseporina"",""pt"":""Raaseporina"",""nl"":""Raaseporine"",""hr"":""Raaseporin"",""fa"":""رائسپورین"",""de"":""Raaseporin"",""es"":""Raaseporina"",""fr"":""Raaseporine"",""ja"":""ラセポリン"",""it"":""Raaseporina"",""zh-CN"":""拉塞波林"",""tr"":""Raaseporin"",""ru"":""Раазепорин"",""uk"":""Раасепорін"",""pl"":""Raaseporyna"",""hi"":""रासेपोरिन"",""ar"":""راسيبورين""}",2019-10-06T09:47:39,2025-12-02T16:59:27,1,Q1191746
39012,Raisio,1507,19,74,FI,adm3,,,60.48592000,22.16895000,Raisio,25331,Europe/Helsinki,"{""br"":""Raisio"",""ko"":""라이시오"",""pt-BR"":""Raisio"",""pt"":""Raisio"",""nl"":""Raisio"",""hr"":""Raisio"",""fa"":""رئیسیو"",""de"":""Raisio"",""es"":""Raisio"",""fr"":""Raisio"",""ja"":""ライシオ"",""it"":""Raisio"",""zh-CN"":""拉伊西奥"",""tr"":""Raisio"",""ru"":""Райсио"",""uk"":""Райсіо"",""pl"":""Raisio"",""hi"":""रईसियो"",""ar"":""رايسيو""}",2019-10-06T09:47:39,2025-12-02T14:38:56,1,Q1191746
39013,Rantasalmi,1495,04,74,FI,adm3,,,62.06667000,28.30000000,Rantasalmi,3297,Europe/Helsinki,"{""br"":""Rantasalmi"",""ko"":""란타살미"",""pt-BR"":""Rantasalmi"",""pt"":""Rantasalmi"",""nl"":""Rantasalmi"",""hr"":""Rantasalmi"",""fa"":""رانتاسالمی"",""de"":""Rantasalmi"",""es"":""Rantasalmi"",""fr"":""Rantasalmi"",""ja"":""ランタサルミ"",""it"":""Rantasalmi"",""zh-CN"":""兰塔萨尔米"",""tr"":""Rantasalmi"",""ru"":""Рантасалми"",""uk"":""Рантасалмі"",""pl"":""Rantasalmi"",""hi"":""रन्तासाल्मी"",""ar"":""رانتاسالمي""}",2019-10-06T09:47:39,2025-12-02T14:38:56,1,Q1025745
39014,Rantsila,1505,14,74,FI,city,,,64.50613000,25.66449000,Rantsila,2048,Europe/Helsinki,"{""br"":""Rantsila"",""ko"":""란칠라"",""pt-BR"":""Rantsila"",""pt"":""Rantsila"",""nl"":""Rantsila"",""hr"":""Rantsila"",""fa"":""رانتسیلا"",""de"":""Rantsila"",""es"":""Rantsila"",""fr"":""Rantsila"",""ja"":""ランツィラ"",""it"":""Rantsila"",""zh-CN"":""兰西拉"",""tr"":""Rantsila"",""ru"":""Ранцила"",""uk"":""Рансіла"",""pl"":""Rantsila"",""hi"":""रंतसिला"",""ar"":""رانتسيلا""}",2019-10-06T09:47:39,2025-12-02T14:38:56,1,Q1014239
39015,Ranua,1500,10,74,FI,adm3,,,65.91667000,26.53333000,Ranua,3599,Europe/Helsinki,"{""br"":""Ranua"",""ko"":""라누아"",""pt-BR"":""Ranua"",""pt"":""Ranua"",""nl"":""Ranua"",""hr"":""Ranua"",""fa"":""رانوا"",""de"":""Ranua"",""es"":""Ranua"",""fr"":""Ranua"",""ja"":""ラヌア"",""it"":""Ranua"",""zh-CN"":""拉努阿"",""tr"":""Ranua"",""ru"":""Рануа"",""uk"":""Рануа"",""pl"":""Ranua"",""hi"":""रैन्वा"",""ar"":""رانوا""}",2019-10-06T09:47:39,2025-12-02T14:38:56,1,Q485776
39016,Rauma,1501,17,74,FI,adm3,,,61.12724000,21.51127000,Rauma,38832,Europe/Helsinki,"{""br"":""Rauma"",""ko"":""라우마"",""pt-BR"":""Rauma"",""pt"":""Rauma"",""nl"":""Rauma"",""hr"":""Rauma"",""fa"":""راوما"",""de"":""Rauma"",""es"":""Rauma"",""fr"":""Rauma"",""ja"":""ラウマ"",""it"":""Rauma"",""zh-CN"":""劳马"",""tr"":""Rauma"",""ru"":""Раума"",""uk"":""Раума"",""pl"":""Rauma"",""hi"":""रौमा"",""ar"":""راوما""}",2019-10-06T09:47:39,2025-12-02T14:38:56,1,Q37013
39019,Rautjärvi,1497,02,74,FI,city,,,61.43333000,29.35000000,Rautjärvi,3032,Europe/Helsinki,"{""br"":""Rautjärvi"",""ko"":""라우트예르비"",""pt-BR"":""Rautjärvi"",""pt"":""Rautjärvi"",""nl"":""Rautjärvi"",""hr"":""Rautjärvi"",""fa"":""روتیروی"",""de"":""Rautjärvi"",""es"":""Rautjärvi"",""fr"":""Rautjärvi"",""ja"":""ラウトヤルヴィ"",""it"":""Rautjärvi"",""zh-CN"":""劳特耶尔维"",""tr"":""Rautjärvi"",""ru"":""Раутъярви"",""uk"":""Раут'ярві"",""pl"":""Rautjärvi"",""hi"":""राउतजार्वी"",""ar"":""راوتجارفي""}",2019-10-06T09:47:39,2025-12-02T16:59:27,1,Q1009607
39020,Reisjärvi,1505,14,74,FI,adm3,,,63.61667000,24.90000000,Reisjärvi,2598,Europe/Helsinki,"{""br"":""Reisjärvi"",""ko"":""라이스예르비"",""pt-BR"":""Reisjärvi"",""pt"":""Reisjärvi"",""nl"":""Reisjärvi"",""hr"":""Reisjärvi"",""fa"":""ریسجاروی"",""de"":""Reisjärvi"",""es"":""Reisjärvi"",""fr"":""Reisjärvi"",""ja"":""ライスヤルヴィ"",""it"":""Reisjärvi"",""zh-CN"":""雷斯耶尔维"",""tr"":""Reisjärvi"",""ru"":""Рейсъярви"",""uk"":""Рейсярві"",""pl"":""Reisjärvi"",""hi"":""रेइसजार्वी"",""ar"":""رييسارفي""}",2019-10-06T09:47:39,2025-12-02T14:38:56,1,Q377049
39021,Renko,1493,06,74,FI,adm3,,,60.89563000,24.28785000,Renko,2376,Europe/Helsinki,"{""br"":""Renko"",""ko"":""렌코"",""pt-BR"":""Renko"",""pt"":""Renko"",""nl"":""Renko"",""hr"":""Renko"",""fa"":""رنکو"",""de"":""Renko"",""es"":""Renko"",""fr"":""Renko"",""ja"":""レンコ"",""it"":""Renko"",""zh-CN"":""莲子"",""tr"":""Renko"",""ru"":""Ренко"",""uk"":""Ренко"",""pl"":""Renko"",""hi"":""रेन्को"",""ar"":""رينكو""}",2019-10-06T09:47:39,2025-12-02T14:38:56,1,Q1791957
39022,Replot,1508,12,74,FI,city,,,63.22882000,21.41691000,Jäljentää,2100,Europe/Helsinki,"{""br"":""Adtreset"",""ko"":""리플롯"",""pt-BR"":""Retratar"",""pt"":""Retratar"",""nl"":""Opnieuw plotten"",""hr"":""Ponovno crtanje"",""fa"":""ریپلات"",""de"":""Neuplot"",""es"":""Replantear"",""fr"":""Retracer"",""ja"":""再プロット"",""it"":""Ritracciare"",""zh-CN"":""重绘"",""tr"":""Yeniden çizim"",""ru"":""Повторить"",""uk"":""Перепланування"",""pl"":""Ponowny lot"",""hi"":""पुनः प्लॉट"",""ar"":""إعادة رسم""}",2019-10-06T09:47:39,2025-12-02T14:39:31,1,Q1791957
39023,Riihimäki,1493,06,74,FI,adm3,,,60.73769000,24.77726000,Riihimäki,26451,Europe/Helsinki,"{""br"":""Riihimäki"",""ko"":""리히마키"",""pt-BR"":""Riihimäki"",""pt"":""Riihimäki"",""nl"":""Riihimäki"",""hr"":""Riihimäki"",""fa"":""رییخیماکی"",""de"":""Riihimäki"",""es"":""Riihimäki"",""fr"":""Riihimäki"",""ja"":""リーヒマキ"",""it"":""Riihimäki"",""zh-CN"":""里希迈基"",""tr"":""Riihimäki"",""ru"":""Риихимяки"",""uk"":""Рійхімякі"",""pl"":""Riihimäki"",""hi"":""रिहिमाकी"",""ar"":""ريهيماكي""}",2019-10-06T09:47:39,2025-12-02T14:38:56,1,Q429864
39024,Ristiina,1495,04,74,FI,city,,,61.50579000,27.24643000,Ristiina,4856,Europe/Helsinki,"{""br"":""Ristiina"",""ko"":""리스티나"",""pt-BR"":""Ristiina"",""pt"":""Ristiina"",""nl"":""Ristiina"",""hr"":""Ristiina"",""fa"":""ریستینا"",""de"":""Ristiina"",""es"":""Ristiina"",""fr"":""Ristiina"",""ja"":""リスティナ"",""it"":""Ristiina"",""zh-CN"":""里斯提娜"",""tr"":""Ristiina"",""ru"":""Ристиина"",""uk"":""Рістійна"",""pl"":""Ristiina"",""hi"":""रिस्टिना"",""ar"":""ريستينا""}",2019-10-06T09:47:39,2025-12-02T14:38:56,1,Q1641615
39025,Ristijärvi,1496,05,74,FI,adm3,,,64.50000000,28.21667000,Ristijärvi,1164,Europe/Helsinki,"{""br"":""Ristijärvi"",""ko"":""리스티예르비"",""pt-BR"":""Ristijärvi"",""pt"":""Ristijärvi"",""nl"":""Ristijärvi"",""hr"":""Ristijärvi"",""fa"":""ریستیجاروی"",""de"":""Ristijärvi"",""es"":""Ristijärvi"",""fr"":""Ristijärvi"",""ja"":""リストヤルヴィ"",""it"":""Ristijärvi"",""zh-CN"":""里斯蒂耶尔维"",""tr"":""Ristijärvi"",""ru"":""Ристиярви"",""uk"":""Рістіярві"",""pl"":""Ristijärvi"",""hi"":""राहे"",""ar"":""ريستيارفي""}",2019-10-06T09:47:39,2025-12-02T14:38:56,1,Q1641615
39026,Ristinummi,1508,12,74,FI,city,,,63.09192000,21.72297000,Ristinummi,1500,Europe/Helsinki,"{""br"":""Ristinummi"",""ko"":""리스티눔미"",""pt-BR"":""Ristinummi"",""pt"":""Ristinummi"",""nl"":""Ristinummi"",""hr"":""Ristinummi"",""fa"":""ریستینومی"",""de"":""Ristinummi"",""es"":""Ristinummi"",""fr"":""Ristinummi"",""ja"":""リスティヌミ"",""it"":""Ristinummi"",""zh-CN"":""里斯提努米"",""tr"":""Ristinummi"",""ru"":""Ристинумми"",""uk"":""Рістінуммі"",""pl"":""Ristinummi"",""hi"":""रिस्टिनुम्मी"",""ar"":""ريستينومي""}",2019-10-06T09:47:39,2025-12-02T14:39:31,1,Q24368330
39027,Rovaniemi,1500,10,74,FI,city,,,66.50000000,25.71667000,Rovaniemi,65329,Europe/Helsinki,"{""br"":""Rovaniemi"",""ko"":""로바니에미"",""pt-BR"":""Rovaniemi"",""pt"":""Rovaniemi"",""nl"":""Rovaniemi"",""hr"":""Rovaniemi"",""fa"":""رووانیمی"",""de"":""Rovaniemi"",""es"":""Rovaniemi"",""fr"":""Rovaniemi"",""ja"":""ロヴァニエミ"",""it"":""Rovaniemi"",""zh-CN"":""罗瓦涅米"",""tr"":""Rovaniemi"",""ru"":""Рованиеми"",""uk"":""Рованіємі"",""pl"":""Rovaniemi"",""hi"":""रोवानेमी"",""ar"":""روفانيمي""}",2019-10-06T09:47:39,2025-12-02T16:59:27,1,Q103717
39028,Ruokolahti,1497,02,74,FI,adm3,,,61.28333000,28.83333000,Ruokolahti,4758,Europe/Helsinki,"{""br"":""Ruokolahti"",""ko"":""루오콜라티"",""pt-BR"":""Ruokolahti"",""pt"":""Ruokolahti"",""nl"":""Ruokolahti"",""hr"":""Ruokolahti"",""fa"":""روکولاهی"",""de"":""Ruokolahti"",""es"":""Ruokolahti"",""fr"":""Ruokolahti"",""ja"":""ルオコラハティ"",""it"":""Ruokolahti"",""zh-CN"":""鲁奥科拉赫蒂"",""tr"":""Ruokolahti"",""ru"":""Руоколахти"",""uk"":""Руоколахті"",""pl"":""Ruokolahti"",""hi"":""रुकोलाहटी"",""ar"":""روكولاهتي""}",2019-10-06T09:47:39,2025-12-02T14:38:56,1,Q103717
39029,Ruotsinpyhtää,1510,18,74,FI,city,,,60.52680000,26.46203000,Ruotsinpyhtää,2900,Europe/Helsinki,"{""br"":""Ruotsinpyhtää"",""ko"":""루오신피흐타"",""pt-BR"":""Ruotsinpyhtää"",""pt"":""Ruotsinpyhtää"",""nl"":""Ruotsinpyhtää"",""hr"":""Ruotsinpyhtää"",""fa"":""ریشه‌کن کردن"",""de"":""Ruotsinpyhtää"",""es"":""Ruotsinpyhtää"",""fr"":""Ruotsinpyhtää"",""ja"":""Ruotsinpyhtää"",""it"":""Ruotsinpyhtää"",""zh-CN"":""Ruotsinpyhtää"",""tr"":""Ruotsinpyhtää"",""ru"":""Ruotsinpyhtää"",""uk"":""Руотсінпюхтяя"",""pl"":""Ruotsinpyhtää"",""hi"":""रुओत्सिनप्यह्टा"",""ar"":""روتسينبييتا""}",2019-10-06T09:47:39,2025-12-02T14:38:56,1,Q999193
39030,Rusko,1507,19,74,FI,adm3,,,60.53333000,22.21667000,Naamio,6436,Europe/Helsinki,"{""br"":""Rusko"",""ko"":""루스코"",""pt-BR"":""Russo"",""pt"":""Russo"",""nl"":""Rusko"",""hr"":""Rusko"",""fa"":""روسکو"",""de"":""Rusko"",""es"":""Rusko"",""fr"":""Rusko"",""ja"":""ルスコ"",""it"":""Russo"",""zh-CN"":""鲁斯科"",""tr"":""Rusko"",""ru"":""Руско"",""uk"":""Руско"",""pl"":""Rusko"",""hi"":""रुस्को"",""ar"":""روسكو""}",2019-10-06T09:47:39,2025-12-02T14:38:56,1,Q999193
39031,Ruukki,1505,14,74,FI,adm3,,,64.66667000,25.10000000,Ruukki,4386,Europe/Helsinki,"{""br"":""Ruukki"",""ko"":""루키"",""pt-BR"":""Ruukki"",""pt"":""Ruukki"",""nl"":""Ruukki"",""hr"":""Ruukki"",""fa"":""روکی"",""de"":""Ruukki"",""es"":""Ruukki"",""fr"":""Ruukki"",""ja"":""ルーッキ"",""it"":""Ruukki"",""zh-CN"":""鲁基"",""tr"":""Ruukki"",""ru"":""Руукки"",""uk"":""Рууккі"",""pl"":""Ruukki"",""hi"":""Ruukki"",""ar"":""روكي""}",2019-10-06T09:47:39,2025-12-02T14:38:56,1,Q2177972
39032,Rymättylä,1507,19,74,FI,adm3,,,60.37658000,21.94184000,Rymättylä,1987,Europe/Helsinki,"{""br"":""Rymättylä"",""ko"":""리매틸래"",""pt-BR"":""Rymättylä"",""pt"":""Rymättylä"",""nl"":""Rymättylä"",""hr"":""Rymättylä"",""fa"":""ریماتیله"",""de"":""Rymättylä"",""es"":""Rymättylä"",""fr"":""Rymättylä"",""ja"":""リュマッティラ"",""it"":""Rymättylä"",""zh-CN"":""莱梅蒂拉"",""tr"":""Rymättylä"",""ru"":""Рюмяттюля"",""uk"":""Рімяттюля"",""pl"":""Rymättylä"",""hi"":""रयमत्तिला"",""ar"":""ريماتيللا""}",2019-10-06T09:47:39,2025-12-02T14:39:31,1,Q1641571
39033,Rääkkylä,1504,13,74,FI,adm3,,,62.31667000,29.61667000,Rääkkylä,1902,Europe/Helsinki,"{""br"":""Rääkkylä"",""ko"":""래킬래"",""pt-BR"":""Rääkkylä"",""pt"":""Rääkkylä"",""nl"":""Rääkkylä"",""hr"":""Rääkkylä"",""fa"":""رککیلا"",""de"":""Rääkkylä"",""es"":""Rääkkylä"",""fr"":""Rääkkylä"",""ja"":""ラーキラ"",""it"":""Rääkkylä"",""zh-CN"":""拉屈莱"",""tr"":""Rääkkylä"",""ru"":""Ряаккюля"",""uk"":""Ряаккюля"",""pl"":""Rääkkylä"",""hi"":""राक्किला"",""ar"":""راكيلا""}",2019-10-06T09:47:39,2025-12-02T14:38:56,1,Q1641571
39034,Saari,1497,02,74,FI,city,,,61.65000000,29.75000000,Poistaa,,Europe/Helsinki,"{""br"":""Saari"",""ko"":""사리"",""pt-BR"":""Saari"",""pt"":""Saari"",""nl"":""Saari"",""hr"":""Saari"",""fa"":""ساری"",""de"":""Saari"",""es"":""Saari"",""fr"":""Saari"",""ja"":""サーリ"",""it"":""Saari"",""zh-CN"":""萨里"",""tr"":""Saari"",""ru"":""Саари"",""uk"":""Саарі"",""pl"":""Saari"",""hi"":""सारी"",""ar"":""ساري""}",2019-10-06T09:47:39,2025-12-02T17:11:50,1,Q4129009
39035,Saarijärvi,1511,08,74,FI,adm3,,,62.70486000,25.25396000,Saarijärvi,8847,Europe/Helsinki,"{""br"":""Saarijärvi"",""ko"":""사리얘르비"",""pt-BR"":""Saarijärvi"",""pt"":""Saarijärvi"",""nl"":""Saarijärvi"",""hr"":""Saarijärvi"",""fa"":""ساریجاروی"",""de"":""Saarijärvi"",""es"":""Saarijärvi"",""fr"":""Saarijärvi"",""ja"":""サーリヤルヴィ"",""it"":""Saarijärvi"",""zh-CN"":""萨里耶尔维"",""tr"":""Saarijärvi"",""ru"":""Саариярви"",""uk"":""Саарійярві"",""pl"":""Saarijärvi"",""hi"":""सारिजर्वी"",""ar"":""ساريارفي""}",2019-10-06T09:47:39,2025-12-02T14:38:56,1,Q984858
39036,Salla,1500,10,74,FI,adm3,,,66.83333000,28.66667000,Massa,3344,Europe/Helsinki,"{""br"":""Salla"",""ko"":""살라"",""pt-BR"":""Salla"",""pt"":""Salla"",""nl"":""Salla"",""hr"":""Salla"",""fa"":""سالا"",""de"":""Salla"",""es"":""Sala"",""fr"":""Salla"",""ja"":""サラ"",""it"":""Salla"",""zh-CN"":""萨拉"",""tr"":""Salla"",""ru"":""Салла"",""uk"":""Салла"",""pl"":""Salla"",""hi"":""सैला"",""ar"":""سالا""}",2019-10-06T09:47:39,2025-12-02T14:38:56,1,Q936067
39037,Salo,1507,19,74,FI,adm3,,,60.38333000,23.13333000,Salo,50794,Europe/Helsinki,"{""br"":""Salo"",""ko"":""살로"",""pt-BR"":""Salo"",""pt"":""Salo"",""nl"":""Salo"",""hr"":""Salo"",""fa"":""سالو"",""de"":""Salo"",""es"":""Salo"",""fr"":""Salo"",""ja"":""サロ"",""it"":""Salò"",""zh-CN"":""萨洛"",""tr"":""Salo"",""ru"":""Сало"",""uk"":""Сало"",""pl"":""Salo"",""hi"":""सालो"",""ar"":""سالو""}",2019-10-06T09:47:39,2025-12-02T14:39:31,1,Q210987
39038,Sammatti,1510,18,74,FI,city,,,60.31991000,23.82085000,Sammatti,1171,Europe/Helsinki,"{""br"":""Sammatti"",""ko"":""삼마티"",""pt-BR"":""Sammatti"",""pt"":""Sammatti"",""nl"":""Sammatti"",""hr"":""Sammatti"",""fa"":""ساماتی"",""de"":""Sammatti"",""es"":""Sammatti"",""fr"":""Sammatti"",""ja"":""サマッティ"",""it"":""Sammatti"",""zh-CN"":""正念"",""tr"":""Sammatti"",""ru"":""Самматти"",""uk"":""Самматті"",""pl"":""Sammatti"",""hi"":""सम्मत्ती"",""ar"":""ساماتي""}",2019-10-06T09:47:39,2025-12-02T14:39:31,1,Q1003678
39039,Sauvo,1507,19,74,FI,adm3,,,60.34306000,22.69642000,Sauvo,2974,Europe/Helsinki,"{""br"":""Sauvo"",""ko"":""사우보"",""pt-BR"":""Sauvo"",""pt"":""Sauvo"",""nl"":""Sauvo"",""hr"":""Sauvo"",""fa"":""ساوو"",""de"":""Sauvo"",""es"":""Sauvo"",""fr"":""Sauvo"",""ja"":""サウヴォ"",""it"":""Sauvo"",""zh-CN"":""索沃"",""tr"":""Sauvo"",""ru"":""Сауво"",""uk"":""Сауво"",""pl"":""Sauvo"",""hi"":""हेल्सिंकी"",""ar"":""ساوفو""}",2019-10-06T09:47:39,2025-12-02T14:38:56,1,Q1017136
39040,Savitaipale,1497,02,74,FI,adm3,,,61.20000000,27.70000000,Savitaipale,3216,Europe/Helsinki,"{""br"":""Savitaipale"",""ko"":""사바이탈리"",""pt-BR"":""Savitaipale"",""pt"":""Savitaipale"",""nl"":""Savitaipale"",""hr"":""Savitaipale"",""fa"":""ساویتایپال"",""de"":""Savitaipale"",""es"":""Savitaipale"",""fr"":""Savitaipale"",""ja"":""サヴィタイパレ"",""it"":""Savitaipale"",""zh-CN"":""萨维泰帕莱"",""tr"":""Savitaipale"",""ru"":""Савитайпале"",""uk"":""Савітайпале"",""pl"":""Savitaipale"",""hi"":""सविताइपाले"",""ar"":""سافيتايبالي""}",2019-10-06T09:47:39,2025-12-02T14:38:56,1,Q1025694
39041,Savonlinna,1495,04,74,FI,adm3,,,61.86990000,28.87999000,Savonlinna,31842,Europe/Helsinki,"{""br"":""Savonlinna"",""ko"":""사본린나"",""pt-BR"":""Savonlinna"",""pt"":""Savonlinna"",""nl"":""Savonlinna"",""hr"":""Savonlinna"",""fa"":""ساونلینا"",""de"":""Savonlinna"",""es"":""Savonlinna"",""fr"":""Savonlinna"",""ja"":""サヴォンリンナ"",""it"":""Savonlinna"",""zh-CN"":""萨翁林纳"",""tr"":""Savonlinna"",""ru"":""Савонлинна"",""uk"":""Савонлінна"",""pl"":""Savonlinna"",""hi"":""सैवोन्लिना"",""ar"":""سافونلينا""}",2019-10-06T09:47:39,2025-12-02T14:38:56,1,Q683512
39042,Savonranta,1495,04,74,FI,adm3,,,62.18333000,29.20000000,Maistuminen,1255,Europe/Helsinki,"{""br"":""Savonranta"",""ko"":""사본란타"",""pt-BR"":""Savonranta"",""pt"":""Savonranta"",""nl"":""Savonranta"",""hr"":""Savonranta"",""fa"":""ساونرانتا"",""de"":""Savonranta"",""es"":""Savonranta"",""fr"":""Savonanta"",""ja"":""サヴォンランタ"",""it"":""Savonranta"",""zh-CN"":""萨翁兰塔"",""tr"":""Savonranta"",""ru"":""Савонранта"",""uk"":""Савонранта"",""pl"":""Savonranta"",""hi"":""सैवोनरांता"",""ar"":""سافونرانتا""}",2019-10-06T09:47:39,2025-12-02T14:39:31,1,Q568109
39043,Savukoski,1500,10,74,FI,adm3,,,67.29250000,28.15806000,Savukoski,978,Europe/Helsinki,"{""br"":""Savukoski"",""ko"":""사부코스키"",""pt-BR"":""Savukoski"",""pt"":""Savukoski"",""nl"":""Savukoski"",""hr"":""Savukoski"",""fa"":""ساوکوسکی"",""de"":""Savukoski"",""es"":""Savukoski"",""fr"":""Savukoski"",""ja"":""サヴコスキ"",""it"":""Savukoski"",""zh-CN"":""萨武科斯基"",""tr"":""Savukoski"",""ru"":""Савукоски"",""uk"":""Савукоскі"",""pl"":""Savukoski"",""hi"":""सावुकोस्की"",""ar"":""سافوكوسكي""}",2019-10-06T09:47:39,2025-12-02T14:38:56,1,Q984938
39044,Seinäjoki,1498,03,74,FI,adm1,,,62.79446000,22.82822000,Seinäjoki,66271,Europe/Helsinki,"{""br"":""Seinäjoki"",""ko"":""세이내요키"",""pt-BR"":""Seinäjoki"",""pt"":""Seinäjoki"",""nl"":""Seinäjoki"",""hr"":""Seinäjoki"",""fa"":""سینیجوکی"",""de"":""Seinäjoki"",""es"":""Seinäjoki"",""fr"":""Seinäjoki"",""ja"":""セイナヨキ"",""it"":""Seinäjoki"",""zh-CN"":""塞伊奈约基"",""tr"":""Seinäjoki"",""ru"":""Сейняйоки"",""uk"":""Сейняйокі"",""pl"":""Seinäjoki"",""hi"":""सेनाजोकी"",""ar"":""سينايوكي""}",2019-10-06T09:47:39,2025-12-02T14:38:56,1,Q984938
39045,Sibbo,1510,18,74,FI,adm3,,,60.37752000,25.26906000,Sibbo,22903,Europe/Helsinki,"{""br"":""Sibbo"",""ko"":""시보"",""pt-BR"":""Sibbo"",""pt"":""Sibbo"",""nl"":""Sibbo"",""hr"":""Sibbo"",""fa"":""سیبو"",""de"":""Sibbo"",""es"":""Sibbo"",""fr"":""Sibbo"",""ja"":""シボ"",""it"":""Sibbo"",""zh-CN"":""西博"",""tr"":""Sibbo"",""ru"":""Сиббо"",""uk"":""Сіббо"",""pl"":""Sibbo"",""hi"":""सिब्बो"",""ar"":""سيبو""}",2019-10-06T09:47:39,2025-12-02T14:39:31,1,Q984938
39046,Sievi,1505,14,74,FI,adm3,,,63.90000000,24.50000000,Sievi,4713,Europe/Helsinki,"{""br"":""Sievi"",""ko"":""시에비"",""pt-BR"":""Sievi"",""pt"":""Sievi"",""nl"":""Sievi"",""hr"":""Sievi"",""fa"":""سیوی"",""de"":""Sievi"",""es"":""Sievi"",""fr"":""Sievi"",""ja"":""シエヴィ"",""it"":""Sievi"",""zh-CN"":""西维"",""tr"":""Sievi"",""ru"":""Сиеви"",""uk"":""Сієві"",""pl"":""Sievi"",""hi"":""सिएवी"",""ar"":""سيفى""}",2019-10-06T09:47:39,2025-12-02T14:38:56,1,Q1001761
39047,Siikainen,1501,17,74,FI,adm3,,,61.87703000,21.81945000,Siikainen,1283,Europe/Helsinki,"{""br"":""Siikainen"",""ko"":""시카이넨"",""pt-BR"":""Siikainen"",""pt"":""Siikainen"",""nl"":""Siikainen"",""hr"":""Siikainen"",""fa"":""سیکائینن"",""de"":""Siikainen"",""es"":""Siikainen"",""fr"":""Siikainen"",""ja"":""シカイネン"",""it"":""Siikainen"",""zh-CN"":""西凯宁"",""tr"":""Siikainen"",""ru"":""Сиикайнен"",""uk"":""Сіікайнен"",""pl"":""Siikainen"",""hi"":""सिइकाइनेन"",""ar"":""سييكاينن""}",2019-10-06T09:47:39,2025-12-02T14:38:56,1,Q1001761
39048,Siikajoki,1505,14,74,FI,adm3,,,64.81455000,24.75924000,Siikajoki,1293,Europe/Helsinki,"{""br"":""Siikajoki"",""ko"":""시카조키"",""pt-BR"":""Siikajoki"",""pt"":""Siikajoki"",""nl"":""Siikajoki"",""hr"":""Siikajoki"",""fa"":""سیکاجوکی"",""de"":""Siikajoki"",""es"":""Siikajoki"",""fr"":""Siikajoki"",""ja"":""シイカヨキ"",""it"":""Siikajoki"",""zh-CN"":""西卡约基"",""tr"":""Siikajoki"",""ru"":""Сиикайоки"",""uk"":""Сійкайокі"",""pl"":""Siikajoki"",""hi"":""सिकाजोकी"",""ar"":""سييكايوكي""}",2019-10-06T09:47:39,2025-12-02T14:39:31,1,Q1001761
39050,Simo,1500,10,74,FI,adm3,,,65.66667000,25.05000000,Simo,2828,Europe/Helsinki,"{""br"":""Simo"",""ko"":""시모"",""pt-BR"":""Simo"",""pt"":""Simo"",""nl"":""Simo"",""hr"":""Simo"",""fa"":""سیمو"",""de"":""Simo"",""es"":""Simo"",""fr"":""Simo"",""ja"":""シモ"",""it"":""Simo"",""zh-CN"":""西莫"",""tr"":""Simo"",""ru"":""Симо"",""uk"":""Сімо"",""pl"":""Simo"",""hi"":""सिमो"",""ar"":""سيمو""}",2019-10-06T09:47:39,2025-12-02T14:38:56,1,Q999210
39051,Siuntio,1510,18,74,FI,adm3,,,60.13862000,24.22715000,Siuntio,6158,Europe/Helsinki,"{""br"":""Siuntio"",""ko"":""시운티오"",""pt-BR"":""Siuntio"",""pt"":""Siuntio"",""nl"":""Situatie"",""hr"":""Siuntio"",""fa"":""سیونتیو"",""de"":""Siuntio"",""es"":""Siuntio"",""fr"":""Siuntio"",""ja"":""シウンティオ"",""it"":""Siuntio"",""zh-CN"":""锡温蒂奥"",""tr"":""Siuntio"",""ru"":""Сиунтио"",""uk"":""Сіунтіо"",""pl"":""Siuntio"",""hi"":""सिउंटियो"",""ar"":""سيونتيو""}",2019-10-06T09:47:39,2025-12-02T14:38:56,1,Q999210
39052,Sodankylä,1500,10,74,FI,adm3,,,67.41667000,26.60000000,Sodankylä,8126,Europe/Helsinki,"{""br"":""Sodankylä"",""ko"":""소단킬래"",""pt-BR"":""Sodankylä"",""pt"":""Sodankylä"",""nl"":""Sodankylä"",""hr"":""Sodankylä"",""fa"":""سودانکیله"",""de"":""Sodankylä"",""es"":""Sodankylä"",""fr"":""Sodankylä"",""ja"":""ソダンキュラ"",""it"":""Sodankylä"",""zh-CN"":""索丹屈莱"",""tr"":""Sodankylä"",""ru"":""Соданкюля"",""uk"":""Соданкюля"",""pl"":""Sodankylä"",""hi"":""सोडांक्यला"",""ar"":""سودانكيلا""}",2019-10-06T09:47:39,2025-12-02T14:38:56,1,Q502175
39053,Soini,1498,03,74,FI,adm3,,,62.86667000,24.21667000,Soini,1873,Europe/Helsinki,"{""br"":""Soini"",""ko"":""소이니"",""pt-BR"":""Soini"",""pt"":""Soini"",""nl"":""Soini"",""hr"":""Soini"",""fa"":""سوینی"",""de"":""Soini"",""es"":""Soini"",""fr"":""Soini"",""ja"":""ソイニ"",""it"":""Soini"",""zh-CN"":""索伊尼"",""tr"":""Soini"",""ru"":""Сойни"",""uk"":""Сойні"",""pl"":""Soini"",""hi"":""सोइनी"",""ar"":""سويني""}",2019-10-06T09:47:39,2025-12-02T14:38:56,1,Q502175
39054,Somero,1507,19,74,FI,adm3,,,60.61667000,23.53333000,Kesän,8410,Europe/Helsinki,"{""br"":""Somero"",""ko"":""소메로"",""pt-BR"":""Somero"",""pt"":""Somero"",""nl"":""Somero"",""hr"":""Somero"",""fa"":""سومرو"",""de"":""Somero"",""es"":""Somero"",""fr"":""Somero"",""ja"":""ソメロ"",""it"":""Somero"",""zh-CN"":""索梅罗"",""tr"":""Somero"",""ru"":""Сомеро"",""uk"":""Сомеро"",""pl"":""Somero"",""hi"":""सोमीरो"",""ar"":""سوميرو""}",2019-10-06T09:47:39,2025-12-02T14:38:56,1,Q939727
39056,Sotkamo,1496,05,74,FI,adm3,,,64.13333000,28.41667000,Sotkamo,10274,Europe/Helsinki,"{""br"":""Sotkamo"",""ko"":""소트카모"",""pt-BR"":""Sotkamo"",""pt"":""Sotkamo"",""nl"":""Sotkamo"",""hr"":""Sotkamo"",""fa"":""سوتکامو"",""de"":""Sotkamo"",""es"":""Sotkamo"",""fr"":""Sotkamo"",""ja"":""ソトカモ"",""it"":""Sotkamo"",""zh-CN"":""索特卡莫"",""tr"":""Sotkamo"",""ru"":""Соткамо"",""uk"":""Соткамо"",""pl"":""Sotkamo"",""hi"":""सोत्कामो"",""ar"":""سوتكامو""}",2019-10-06T09:47:39,2025-12-02T14:38:56,1,Q738472
39057,Sulkava,1495,04,74,FI,adm3,,,61.78691000,28.37299000,Sulkava,2368,Europe/Helsinki,"{""br"":""Sulkava"",""ko"":""술카바"",""pt-BR"":""Sulkava"",""pt"":""Sulkava"",""nl"":""Sulkava"",""hr"":""Šulkavu"",""fa"":""سولکاوا"",""de"":""Sulkava"",""es"":""Sulkava"",""fr"":""Sulkava"",""ja"":""スルカヴァ"",""it"":""Sulkava"",""zh-CN"":""苏尔卡瓦"",""tr"":""Sulkava"",""ru"":""Сулкава"",""uk"":""Сулкава"",""pl"":""Sułkawa"",""hi"":""सुल्कावा"",""ar"":""سولكافا""}",2019-10-06T09:47:39,2025-12-02T14:38:56,1,Q738472
39058,Sumiainen,1511,08,74,FI,city,,,62.65736000,26.04642000,Sumiainen,1251,Europe/Helsinki,"{""br"":""Sumiainen"",""ko"":""수마이넨"",""pt-BR"":""Sumiainen"",""pt"":""Sumiainen"",""nl"":""Sumiainen"",""hr"":""Sumiainen"",""fa"":""سومیاینن"",""de"":""Sumiainen"",""es"":""Sumiainen"",""fr"":""Sumiainen"",""ja"":""スミアイネン"",""it"":""Sumiainen"",""zh-CN"":""苏米艾宁"",""tr"":""Sumiainen"",""ru"":""Сумиайнен"",""uk"":""Суміайнен"",""pl"":""Sumiainen"",""hi"":""सुमियाइनेन"",""ar"":""سومياينن""}",2019-10-06T09:47:39,2025-12-02T14:39:31,1,Q246563
39059,Suolahti,1511,08,74,FI,city,,,62.56421000,25.85363000,Suolahti,5399,Europe/Helsinki,"{""br"":""Suolahti"",""ko"":""수올라티"",""pt-BR"":""Suolahti"",""pt"":""Suolahti"",""nl"":""Suolahti"",""hr"":""Suolahti"",""fa"":""سولاختی"",""de"":""Suolahti"",""es"":""Suolahti"",""fr"":""Suolahti"",""ja"":""スオラハティ"",""it"":""Suolahti"",""zh-CN"":""苏奥拉赫蒂"",""tr"":""Suolahti"",""ru"":""Суолахти"",""uk"":""Суолахті"",""pl"":""Suolahti"",""hi"":""सुओलाहटी"",""ar"":""سولاهتي""}",2019-10-06T09:47:39,2025-12-02T14:39:31,1,Q1641603
39060,Suomusjärvi,1507,19,74,FI,adm3,,,60.35000000,23.65000000,Suomusjärvi,1310,Europe/Helsinki,"{""br"":""Suomusjärvi"",""ko"":""수오무샤르비"",""pt-BR"":""Suomusjärvi"",""pt"":""Suomusjärvi"",""nl"":""Suomusjärvi"",""hr"":""Suomusjärvi"",""fa"":""سوموسجاروی"",""de"":""Suomusjärvi"",""es"":""Suomusjärvi"",""fr"":""Suomusjärvi"",""ja"":""スオムスヤルヴィ"",""it"":""Suomusjärvi"",""zh-CN"":""苏奥穆斯湖"",""tr"":""Suomusjärvi"",""ru"":""Суомусъярви"",""uk"":""Суомусьярві"",""pl"":""Suomusjärvi"",""hi"":""सुओमुसजार्वी"",""ar"":""سوموسيارفي""}",2019-10-06T09:47:39,2025-12-02T14:39:31,1,Q1641656
39061,Suomussalmi,1496,05,74,FI,adm3,,,64.88685000,28.90778000,Suomussalmi,7001,Europe/Helsinki,"{""br"":""Suomussalmi"",""ko"":""수오무살미"",""pt-BR"":""Suomussalmi"",""pt"":""Suomussalmi"",""nl"":""Suomussalmi"",""hr"":""Suomussalmi"",""fa"":""سوموسالمی"",""de"":""Suomussalmi"",""es"":""Suomussalmi"",""fr"":""Suomussalmi"",""ja"":""スオムッサルミ"",""it"":""Suomussalmi"",""zh-CN"":""苏奥穆斯萨尔米"",""tr"":""Suomussalmi"",""ru"":""Суомуссалми"",""uk"":""Суомуссалмі"",""pl"":""Suomussalmi"",""hi"":""सुओमुस्साल्मी"",""ar"":""سوموسالمي""}",2019-10-06T09:47:39,2025-12-02T14:39:31,1,Q214054
39063,Sysmä,1502,16,74,FI,adm3,,,61.50000000,25.68333000,Sysmä,3496,Europe/Helsinki,"{""br"":""Sysmä"",""ko"":""시스마"",""pt-BR"":""Sistema"",""pt"":""Sistema"",""nl"":""Systeem"",""hr"":""Sysmä"",""fa"":""سیستما"",""de"":""Sysmä"",""es"":""Sistema"",""fr"":""Système"",""ja"":""Sysmä"",""it"":""Sysmä"",""zh-CN"":""Sysmä"",""tr"":""Sistem"",""ru"":""Сюсмя"",""uk"":""Сісмя"",""pl"":""Sysmä"",""hi"":""सिस्मा"",""ar"":""نظام""}",2019-10-06T09:47:39,2025-12-02T14:38:56,1,Q259636
39064,Säkylä,1501,17,74,FI,adm3,,,61.03333000,22.33333000,Säkylä,6377,Europe/Helsinki,"{""br"":""Säkylä"",""ko"":""사킬래"",""pt-BR"":""Säkylä"",""pt"":""Säkylä"",""nl"":""Säkylä"",""hr"":""Säkylä"",""fa"":""ساکیلا"",""de"":""Säkylä"",""es"":""Säkylä"",""fr"":""Säkylä"",""ja"":""サキュラ"",""it"":""Säkylä"",""zh-CN"":""萨屈莱"",""tr"":""Sakylä"",""ru"":""Сякюля"",""uk"":""Сакюля"",""pl"":""Säkylä"",""hi"":""सखीला"",""ar"":""ساكيلا""}",2019-10-06T09:47:39,2025-12-02T14:38:56,1,Q780914
39065,Särkisalo,1507,19,74,FI,adm3,,,60.11389000,22.95000000,Särkisalo,0,Europe/Helsinki,"{""br"":""Särkisalo"",""ko"":""세르키살로"",""pt-BR"":""Särkisalo"",""pt"":""Särkisalo"",""nl"":""Särkisalo"",""hr"":""Särkisalo"",""fa"":""سرکیسالو"",""de"":""Särkisalo"",""es"":""Särkisalo"",""fr"":""Särkisalo"",""ja"":""サーキサロ"",""it"":""Särkisalo"",""zh-CN"":""瑟基萨洛"",""tr"":""Sarkisalo"",""ru"":""Сяркисало"",""uk"":""Сяркісало"",""pl"":""Särkisalo"",""hi"":""सार्किसालो"",""ar"":""ساركيسالو""}",2019-10-06T09:47:39,2025-12-02T14:39:31,1,Q1852674
39066,Säynätsalo,1511,08,74,FI,city,,,62.14025000,25.76948000,Säynätsalo,3322,Europe/Helsinki,"{""br"":""Säynätsalo"",""ko"":""세이내트살로"",""pt-BR"":""Säynätsalo"",""pt"":""Säynätsalo"",""nl"":""Säynätsalo"",""hr"":""Säynätsalo"",""fa"":""سایناتسالو"",""de"":""Säynätsalo"",""es"":""Säynätsalo"",""fr"":""Säynätsalo"",""ja"":""セイナツァロ"",""it"":""Säynätsalo"",""zh-CN"":""赛纳察洛"",""tr"":""Säynätsalo"",""ru"":""Сяйнятсало"",""uk"":""Сайнятсало"",""pl"":""Säynätsalo"",""hi"":""Säynätsalo"",""ar"":""سايناتسالو""}",2019-10-06T09:47:39,2025-12-02T14:39:31,1,Q1852674
39067,Taipalsaari,1497,02,74,FI,adm3,,,61.15000000,28.05000000,Taipalsaari,4625,Europe/Helsinki,"{""br"":""Taipalsaari"",""ko"":""타이팔사리"",""pt-BR"":""Taipalsaari"",""pt"":""Taipalsaari"",""nl"":""Taipalsaari"",""hr"":""Taipalsaari"",""fa"":""تایپالساری"",""de"":""Taipalsaari"",""es"":""Taipalsaari"",""fr"":""Taipalsaari"",""ja"":""タイパルサーリ"",""it"":""Taipalsaari"",""zh-CN"":""泰帕尔萨里"",""tr"":""Taipalsaari"",""ru"":""Тайпалсаари"",""uk"":""Тайпалсаарі"",""pl"":""Taipalsaari"",""hi"":""ताइपालसारी"",""ar"":""تايبالساري""}",2019-10-06T09:47:39,2025-12-02T14:38:56,1,Q1025700
39068,Taivalkoski,1505,14,74,FI,adm3,,,65.56667000,28.25000000,Taivalkoski,3731,Europe/Helsinki,"{""br"":""Taivalkoski"",""ko"":""타이발코스키"",""pt-BR"":""Taivalkoski"",""pt"":""Taivalkoski"",""nl"":""Taivalkoski"",""hr"":""Taivalkoski"",""fa"":""تایوالکوسکی"",""de"":""Taivalkoski"",""es"":""Taivalkoski"",""fr"":""Taivalkoski"",""ja"":""タイヴァルコスキ"",""it"":""Taivalkoski"",""zh-CN"":""泰瓦尔科斯基"",""tr"":""Tayvalkoski"",""ru"":""Тайвалкоски"",""uk"":""Тайвалкоскі"",""pl"":""Taivalkoski"",""hi"":""ताइवाल्कोस्की"",""ar"":""تايفالكوسكي""}",2019-10-06T09:47:39,2025-12-02T14:38:56,1,Q1025700
39069,Taivassalo,1507,19,74,FI,adm3,,,60.56085000,21.61639000,Taivassalo,1705,Europe/Helsinki,"{""br"":""Taivassalo"",""ko"":""타이바살로"",""pt-BR"":""Taivassalo"",""pt"":""Taivassalo"",""nl"":""Taivassalo"",""hr"":""Taivassalo"",""fa"":""تایواسالو"",""de"":""Taivassalo"",""es"":""Taivassalo"",""fr"":""Taivassalo"",""ja"":""タイヴァッサロ"",""it"":""Taivassalo"",""zh-CN"":""泰瓦萨洛"",""tr"":""Taivassalo"",""ru"":""Тайвассало"",""uk"":""Тайвассало"",""pl"":""Taivassalo"",""hi"":""ताइवासलो"",""ar"":""تايفاسالو""}",2019-10-06T09:47:39,2025-12-02T14:38:56,1,Q1025700
39070,Tammela,1493,06,74,FI,adm3,,,60.81035000,23.76823000,Tammela,5844,Europe/Helsinki,"{""br"":""Tammela"",""ko"":""탐멜라"",""pt-BR"":""Tammela"",""pt"":""Tammela"",""nl"":""Tammela"",""hr"":""Tammela"",""fa"":""تاملا"",""de"":""Tammela"",""es"":""Tammela"",""fr"":""Tammela"",""ja"":""タメラ"",""it"":""Tammela"",""zh-CN"":""塔梅拉"",""tr"":""Tammela"",""ru"":""Таммела"",""uk"":""Таммела"",""pl"":""Tammela"",""hi"":""तमेला"",""ar"":""تاميلا""}",2019-10-06T09:47:39,2025-12-02T14:38:56,1,Q1025700
39071,Tarvasjoki,1507,19,74,FI,city,,,60.58333000,22.73333000,Tarvasjoki,1961,Europe/Helsinki,"{""br"":""Tarvasjoki"",""ko"":""타르바스요키"",""pt-BR"":""Tarvasjoki"",""pt"":""Tarvasjoki"",""nl"":""Tarvasjoki"",""hr"":""Tarvasjöki"",""fa"":""تارواسوکی"",""de"":""Tarvasjoki"",""es"":""Tarvasjoki"",""fr"":""Tarvasjoki"",""ja"":""タルヴァスヨキ"",""it"":""Tarvasjoki"",""zh-CN"":""塔尔瓦斯约基"",""tr"":""Tarvasjoki"",""ru"":""Тарвасйоки"",""uk"":""Тарвасйокі"",""pl"":""Tarvasjoki"",""hi"":""ट्रैवसजोकी"",""ar"":""تارفاسيوكي""}",2019-10-06T09:47:39,2025-12-02T14:39:31,1,Q1025700
39072,Teeriniemi,1508,12,74,FI,city,,,63.09705000,21.69590000,Teeriniemi,1500,Europe/Helsinki,"{""br"":""Teeriniemi"",""ko"":""테리니에미"",""pt-BR"":""Teeriniemi"",""pt"":""Teeriniemi"",""nl"":""Teeriniemi"",""hr"":""Teeriniemi"",""fa"":""تیرینیمی"",""de"":""Teeriniemi"",""es"":""Teeriniemi"",""fr"":""Teeriniemi"",""ja"":""ティーリニエミ"",""it"":""Teeriniemi"",""zh-CN"":""泰里尼米"",""tr"":""Teeriniemi"",""ru"":""Теэриниеми"",""uk"":""Тірініємі"",""pl"":""Teeriniemi"",""hi"":""तीरिनीमी"",""ar"":""تيرينيمي""}",2019-10-06T09:47:39,2025-12-02T14:39:31,1,Q1025700
39073,Tervakoski,1493,06,74,FI,city,,,60.81412000,24.62594000,Tervakoski,3972,Europe/Helsinki,"{""br"":""Tervakoski"",""ko"":""테르바코스키"",""pt-BR"":""Tervakoski"",""pt"":""Tervakoski"",""nl"":""Tervakoski"",""hr"":""Tervakoski"",""fa"":""ترواکوسکی"",""de"":""Tervakoski"",""es"":""Tervakoski"",""fr"":""Tervakoski"",""ja"":""テルヴァコスキ"",""it"":""Tervakoski"",""zh-CN"":""特尔瓦科斯基"",""tr"":""Tervakoski"",""ru"":""Тервакоски"",""uk"":""Тервакоскі"",""pl"":""Tervakoski"",""hi"":""टेर्वाकोस्की"",""ar"":""تيرفاكوسكي""}",2019-10-06T09:47:39,2025-12-02T14:38:56,1,Q1025700
39075,Tervola,1500,10,74,FI,adm3,,,66.08333000,24.80000000,Tervola,2831,Europe/Helsinki,"{""br"":""Tervola"",""ko"":""테르볼라"",""pt-BR"":""Tervola"",""pt"":""Tervola"",""nl"":""Tervola"",""hr"":""Tervola"",""fa"":""ترولا"",""de"":""Tervola"",""es"":""Tervola"",""fr"":""Tervola"",""ja"":""テルヴォラ"",""it"":""Tervola"",""zh-CN"":""特尔沃拉"",""tr"":""Tervola"",""ru"":""Тервола"",""uk"":""Тервола"",""pl"":""Tervola"",""hi"":""टेरवोला"",""ar"":""تيرفولا""}",2019-10-06T09:47:39,2025-12-02T14:38:56,1,Q990585
39076,Teuva,1498,03,74,FI,adm3,,,62.48190000,21.74156000,Teuva,4758,Europe/Helsinki,"{""br"":""Teuva"",""ko"":""테우바"",""pt-BR"":""Teuva"",""pt"":""Teuva"",""nl"":""Teuva"",""hr"":""Teuva"",""fa"":""تووا"",""de"":""Teuva"",""es"":""Teuva"",""fr"":""Teuva"",""ja"":""テウバ"",""it"":""Teuva"",""zh-CN"":""特乌瓦"",""tr"":""Teuva"",""ru"":""Теува"",""uk"":""Теува"",""pl"":""Teuva"",""hi"":""तेउवा"",""ar"":""تيوفا""}",2019-10-06T09:47:39,2025-12-02T14:38:56,1,Q990585
39077,Tohmajärvi,1504,13,74,FI,adm3,,,62.18333000,30.38333000,Tohmajärvi,4066,Europe/Helsinki,"{""br"":""Tohmajärvi"",""ko"":""토마야르비"",""pt-BR"":""Tohmajärvi"",""pt"":""Tohmajärvi"",""nl"":""Tohmajärvi"",""hr"":""Tohmajärvi"",""fa"":""توهماجروی"",""de"":""Tohmajärvi"",""es"":""Tohmajärvi"",""fr"":""Tohmajärvi"",""ja"":""トーマヤルヴィ"",""it"":""Tohmajärvi"",""zh-CN"":""托赫马耶尔维"",""tr"":""Tohmajärvi"",""ru"":""Тохмаярви"",""uk"":""Тохмаярві"",""pl"":""Tohmajärvi"",""hi"":""तोहमाजार्वी"",""ar"":""توهمايارفي""}",2019-10-06T09:47:39,2025-12-02T14:38:56,1,Q993003
39078,Toholampi,1494,07,74,FI,adm3,,,63.76667000,24.25000000,Toholampi,2849,Europe/Helsinki,"{""br"":""Toholampi"",""ko"":""토홀람피"",""pt-BR"":""Toholampi"",""pt"":""Toholampi"",""nl"":""Toholampi"",""hr"":""Toholampi"",""fa"":""توهولامپی"",""de"":""Toholampi"",""es"":""Toholampi"",""fr"":""Toholampi"",""ja"":""トホランピ"",""it"":""Toholampi"",""zh-CN"":""托霍兰皮"",""tr"":""Toholampi"",""ru"":""Тохолампи"",""uk"":""Тохолампі"",""pl"":""Toholampi"",""hi"":""तोहोलम्पी"",""ar"":""توهولامبي""}",2019-10-06T09:47:39,2025-12-02T14:38:56,1,Q993003
39079,Toivakka,1511,08,74,FI,adm3,,,62.10000000,26.08333000,Toivakka,2368,Europe/Helsinki,"{""br"":""Toivakka"",""ko"":""토이바카"",""pt-BR"":""Toivakka"",""pt"":""Toivakka"",""nl"":""Toivakka"",""hr"":""Toivakka"",""fa"":""تویواکا"",""de"":""Toivakka"",""es"":""Toivakka"",""fr"":""Toivakka"",""ja"":""トイヴァッカ"",""it"":""Toivakka"",""zh-CN"":""托伊瓦卡"",""tr"":""Toivakka"",""ru"":""Тойвакка"",""uk"":""Тойвакка"",""pl"":""Toivakka"",""hi"":""तोइवाक्का"",""ar"":""تويفاكا""}",2019-10-06T09:47:39,2025-12-02T14:38:56,1,Q993003
39080,Tornio,1500,10,74,FI,adm3,,,65.84811000,24.14662000,Tornio,21018,Europe/Helsinki,"{""br"":""Tornio"",""ko"":""토르니오"",""pt-BR"":""Tornio"",""pt"":""Tornio"",""nl"":""Tornio"",""hr"":""Tornio"",""fa"":""تورنیو"",""de"":""Tornio"",""es"":""Tornio"",""fr"":""Tornio"",""ja"":""トルニオ"",""it"":""Tornio"",""zh-CN"":""托尔尼奥"",""tr"":""Tornio"",""ru"":""Торнио"",""uk"":""Торніо"",""pl"":""Tornio"",""hi"":""तोरनिओ"",""ar"":""تورنيو""}",2019-10-06T09:47:39,2025-12-02T14:38:56,1,Q214021
39081,Turku,1507,19,74,FI,adm1,,,60.45148000,22.26869000,Turku,206420,Europe/Helsinki,"{""br"":""Turku"",""ko"":""투르쿠"",""pt-BR"":""Turku"",""pt"":""Turku"",""nl"":""Turku"",""hr"":""Turku"",""fa"":""تورکو"",""de"":""Turku"",""es"":""Turku"",""fr"":""Turku"",""ja"":""トゥルク"",""it"":""Turku"",""zh-CN"":""图尔库"",""tr"":""Turku"",""ru"":""Турку"",""uk"":""Турку"",""pl"":""Turku"",""hi"":""टुर्कु"",""ar"":""توركو""}",2019-10-06T09:47:39,2025-12-02T14:38:56,1,Q38511
39082,Tuulos,1493,06,74,FI,adm3,,,61.15000000,24.80000000,Tuulos,1466,Europe/Helsinki,"{""br"":""Tuulos"",""ko"":""툴로스"",""pt-BR"":""Tuulos"",""pt"":""Tuulos"",""nl"":""Tuulos"",""hr"":""Tuulos"",""fa"":""تولوس"",""de"":""Tuulos"",""es"":""Tuulos"",""fr"":""Tuulos"",""ja"":""トゥーロス"",""it"":""Tuulos"",""zh-CN"":""图洛斯"",""tr"":""Tuulos"",""ru"":""Туулос"",""uk"":""Туулос"",""pl"":""Tuulos"",""hi"":""टुउलोस"",""ar"":""تولوس""}",2019-10-06T09:47:39,2025-12-02T14:39:31,1,Q1013612
39083,Tuupovaara,1504,13,74,FI,city,,,62.48372000,30.62731000,Tupovara,2059,Europe/Helsinki,"{""br"":""Tuupovaara"",""ko"":""투우포바라"",""pt-BR"":""Tuupovaara"",""pt"":""Tuupovaara"",""nl"":""Tuupovaara"",""hr"":""Tuupovaara"",""fa"":""توپووارا"",""de"":""Tuupovaara"",""es"":""Tuupovaara"",""fr"":""Tuupovaara"",""ja"":""トゥーポヴァーラ"",""it"":""Tuupovaara"",""zh-CN"":""图乌波瓦拉"",""tr"":""Tuupovaara"",""ru"":""Тууповаара"",""uk"":""Тууповара"",""pl"":""Tuupovaara"",""hi"":""तुपोवारा"",""ar"":""توبوفارا""}",2019-10-06T09:47:39,2025-12-02T14:39:31,1,Q255065
39085,Tuusula,1510,18,74,FI,adm3,,,60.40368000,25.02638000,Tuusula,41475,Europe/Helsinki,"{""br"":""Tuusula"",""ko"":""투술라"",""pt-BR"":""Tuusula"",""pt"":""Tuusula"",""nl"":""Tuusula"",""hr"":""Tuusula"",""fa"":""توسولا"",""de"":""Tuusula"",""es"":""Tuusula"",""fr"":""Tuusula"",""ja"":""トゥースラ"",""it"":""Tuusula"",""zh-CN"":""图苏拉"",""tr"":""Tuusula"",""ru"":""Туусула"",""uk"":""Туусула"",""pl"":""Tuusula"",""hi"":""तुसुला"",""ar"":""توسولا""}",2019-10-06T09:47:39,2025-12-02T14:38:56,1,Q214773
39086,Tyrnävä,1505,14,74,FI,adm3,,,64.76469000,25.65230000,Tyrnävä,6525,Europe/Helsinki,"{""br"":""Tyrnävä"",""ko"":""티르나베"",""pt-BR"":""Tyrnävä"",""pt"":""Tyrnävä"",""nl"":""Tyrnävä"",""hr"":""Tyrnävä"",""fa"":""تیرناوا"",""de"":""Tyrnävä"",""es"":""Tyrnävä"",""fr"":""Tyrnävä"",""ja"":""ティルナヴァ"",""it"":""Tyrnävä"",""zh-CN"":""蒂尔纳瓦"",""tr"":""Tyrnävä"",""ru"":""Тюрнявя"",""uk"":""Тюрнява"",""pl"":""Tyrnävä"",""hi"":""टायरनावा"",""ar"":""تيرنافا""}",2019-10-06T09:47:39,2025-12-02T14:38:56,1,Q214773
39087,Töysä,1498,03,74,FI,city,,,62.62803000,23.81828000,Töysä,3144,Europe/Helsinki,"{""br"":""Töysä"",""ko"":""토이사"",""pt-BR"":""Töysä"",""pt"":""Töysä"",""nl"":""Speelgoed"",""hr"":""Töysä"",""fa"":""تویسا"",""de"":""Töysä"",""es"":""Töysä"",""fr"":""Töysä"",""ja"":""トイサ"",""it"":""Töysä"",""zh-CN"":""托伊萨"",""tr"":""Töysä"",""ru"":""Тёйся"",""uk"":""Тойся"",""pl"":""Töysä"",""hi"":""टॉयसा"",""ar"":""تويسا""}",2019-10-06T09:47:39,2025-12-02T14:39:31,1,Q6168
39088,Ullava,1494,07,74,FI,adm3,,,63.60000000,24.08333000,Ulllava,1048,Europe/Helsinki,"{""br"":""Ullava"",""ko"":""울라바"",""pt-BR"":""Ullava"",""pt"":""Ullava"",""nl"":""Ullava"",""hr"":""Ullava"",""fa"":""اولاوا"",""de"":""Ullava"",""es"":""Ullava"",""fr"":""Ullava"",""ja"":""ウラヴァ"",""it"":""Ullava"",""zh-CN"":""乌拉瓦"",""tr"":""Ullava"",""ru"":""Уллава"",""uk"":""Уллава"",""pl"":""Ullava"",""hi"":""उल्लावा"",""ar"":""أولافا""}",2019-10-06T09:47:39,2025-12-02T14:38:56,1,Q6168
39089,Ulvila,1501,17,74,FI,adm3,,,61.42844000,21.87103000,Ulvila,12533,Europe/Helsinki,"{""br"":""Ulvila"",""ko"":""울빌라"",""pt-BR"":""Ulvila"",""pt"":""Ulvila"",""nl"":""Ulvila"",""hr"":""Ulvila"",""fa"":""اولویلا"",""de"":""Ulvila"",""es"":""Ulvila"",""fr"":""Ulvila"",""ja"":""ウルビラ"",""it"":""Ulvila"",""zh-CN"":""乌尔维拉"",""tr"":""Ulvila"",""ru"":""Ульвила"",""uk"":""Ульвіла"",""pl"":""Ulvila"",""hi"":""अल्विला"",""ar"":""أولفيلا""}",2019-10-06T09:47:39,2025-12-02T14:38:56,1,Q247128
39090,Utajärvi,1505,14,74,FI,city,,,64.75000000,26.38333000,Utajärvi,2491,Europe/Helsinki,"{""br"":""Utajärvi"",""ko"":""우타야르비"",""pt-BR"":""Utajärvi"",""pt"":""Utajärvi"",""nl"":""Utajärvi"",""hr"":""Utajärvi"",""fa"":""اوتاجروی"",""de"":""Utajärvi"",""es"":""Utajärvi"",""fr"":""Utajärvi"",""ja"":""ウタヤルヴィ"",""it"":""Utajärvi"",""zh-CN"":""乌塔耶尔维"",""tr"":""Utajärvi"",""ru"":""Утаярви"",""uk"":""Утаярві"",""pl"":""Utajärvi"",""hi"":""उताजार्वी"",""ar"":""أوتاجارفي""}",2019-10-06T09:47:39,2025-12-02T16:59:27,1,Q247128
39091,Utsjoki,1500,10,74,FI,adm3,,,69.90864000,27.02843000,Epäoikeudenmukainen,1139,Europe/Helsinki,"{""br"":""Utsjoki"",""ko"":""우츠요키"",""pt-BR"":""Utsjoki"",""pt"":""Utsjoki"",""nl"":""Utsjoki"",""hr"":""Utsjöki"",""fa"":""اوتسوکی"",""de"":""Utsjoki"",""es"":""Utsjoki"",""fr"":""Utsjoki"",""ja"":""ウツヨキ"",""it"":""Utsjoki"",""zh-CN"":""乌茨约基"",""tr"":""Utsjoki"",""ru"":""Утсйоки"",""uk"":""Утсйокі"",""pl"":""Utsjoki"",""hi"":""उत्सजोकी"",""ar"":""أوتسجوكي""}",2019-10-06T09:47:39,2025-12-02T14:38:56,1,Q247128
39092,Uurainen,1511,08,74,FI,adm3,,,62.50000000,25.45000000,Uurainen,3615,Europe/Helsinki,"{""br"":""Uurainen"",""ko"":""우라이넨"",""pt-BR"":""Uurainen"",""pt"":""Uurainen"",""nl"":""Uurainen"",""hr"":""Uurainen"",""fa"":""اوراینن"",""de"":""Uurainen"",""es"":""Uurainen"",""fr"":""Uurainen"",""ja"":""ウーライネン"",""it"":""Uurainen"",""zh-CN"":""乌赖宁"",""tr"":""Uurainen"",""ru"":""Уурайнен"",""uk"":""Уурайнен"",""pl"":""Uurainen"",""hi"":""उउरैनेन"",""ar"":""أوراينن""}",2019-10-06T09:47:39,2025-12-02T14:38:56,1,Q639867
39093,Uusikaupunki,1507,19,74,FI,adm3,,,60.80043000,21.40841000,Uusikaupunki,14938,Europe/Helsinki,"{""br"":""Uusikaupunki"",""ko"":""우시카우푼키"",""pt-BR"":""Uusikaupunki"",""pt"":""Uusikaupunki"",""nl"":""Uusikaupunki"",""hr"":""Uusikaupunki"",""fa"":""اوسی‌کاکوپونکی"",""de"":""Uusikaupunki"",""es"":""Uusikaupunki"",""fr"":""Uusikaupunki"",""ja"":""ウーシカウプンキ"",""it"":""Uusikaupunki"",""zh-CN"":""新考蓬基"",""tr"":""Uusikaupunki"",""ru"":""Уусикаупунки"",""uk"":""Уусікаупункі"",""pl"":""Uusikaupunki"",""hi"":""ऊसिकौपुन्की"",""ar"":""أوسيكاوبونكي""}",2019-10-06T09:47:39,2025-12-02T14:38:56,1,Q207295
39094,Vaala,1496,05,74,FI,adm3,,,64.56667000,26.83333000,Valas,2589,Europe/Helsinki,"{""br"":""Vaala"",""ko"":""바알라"",""pt-BR"":""Vaala"",""pt"":""Vaala"",""nl"":""Vaala"",""hr"":""Vaala"",""fa"":""والا"",""de"":""Vaala"",""es"":""Vaala"",""fr"":""Vaala"",""ja"":""ヴァーラ"",""it"":""Vaala"",""zh-CN"":""瓦拉"",""tr"":""Vaala"",""ru"":""Ваала"",""uk"":""Ваала"",""pl"":""Vaala"",""hi"":""वाला"",""ar"":""فالا""}",2019-10-06T09:47:39,2025-12-02T14:38:56,1,Q984936
39095,Vaasa,1508,12,74,FI,adm1,,,63.09600000,21.61577000,Vaasa,69036,Europe/Helsinki,"{""br"":""Vaasa"",""ko"":""바사"",""pt-BR"":""Vaasa"",""pt"":""Vaasa"",""nl"":""Vaasa"",""hr"":""Vasa"",""fa"":""واسا"",""de"":""Vaasa"",""es"":""Vaasa"",""fr"":""Vaasa"",""ja"":""ヴァーサ"",""it"":""Vaasa"",""zh-CN"":""瓦萨"",""tr"":""Vaasa"",""ru"":""Вааса"",""uk"":""Вааса"",""pl"":""Vaasa"",""hi"":""वासा"",""ar"":""فاسا""}",2019-10-06T09:47:39,2025-12-02T14:38:56,1,Q125080
39096,Vahto,1507,19,74,FI,adm3,,,60.60000000,22.30000000,Vahto,1882,Europe/Helsinki,"{""br"":""Vahto"",""ko"":""바토"",""pt-BR"":""Vahto"",""pt"":""Vahto"",""nl"":""Vahto"",""hr"":""Vahto"",""fa"":""واهتو"",""de"":""Vahto"",""es"":""Vahto"",""fr"":""Vahto"",""ja"":""ヴァト"",""it"":""Vahto"",""zh-CN"":""瓦赫托"",""tr"":""Vahto"",""ru"":""Вахто"",""uk"":""Вахто"",""pl"":""Vahto"",""hi"":""वाहतो"",""ar"":""فاهتو""}",2019-10-06T09:47:39,2025-12-02T14:38:56,1,Q386061
39097,Valtimo,1504,13,74,FI,adm3,,,63.66667000,28.80000000,Valtimo,2143,Europe/Helsinki,"{""br"":""Valtimo"",""ko"":""발티모"",""pt-BR"":""Valtimo"",""pt"":""Valtimo"",""nl"":""Valtimo"",""hr"":""Valtimo"",""fa"":""والتیمو"",""de"":""Valtimo"",""es"":""Valtimo"",""fr"":""Valtimo"",""ja"":""バルティモ"",""it"":""Valtimo"",""zh-CN"":""瓦尔蒂莫"",""tr"":""Valtimo"",""ru"":""Валтимо"",""uk"":""Валтімо"",""pl"":""Valtimo"",""hi"":""वैल्टिमो"",""ar"":""فالتيمو""}",2019-10-06T09:47:39,2025-12-02T14:38:56,1,Q386061
39098,Vampula,1501,17,74,FI,adm3,,,61.01667000,22.70000000,Vampula,1743,Europe/Helsinki,"{""br"":""Vampula"",""ko"":""뱀풀라"",""pt-BR"":""Vampula"",""pt"":""Vampula"",""nl"":""Vampula"",""hr"":""Vampula"",""fa"":""وامپولا"",""de"":""Vampula"",""es"":""Vampula"",""fr"":""Vampula"",""ja"":""ヴァンプラ"",""it"":""Vampula"",""zh-CN"":""万普拉"",""tr"":""Vampula"",""ru"":""Вампула"",""uk"":""Вампула"",""pl"":""Vampula"",""hi"":""वैम्पुला"",""ar"":""فامبولا""}",2019-10-06T09:47:39,2025-12-02T14:39:31,1,Q1234987
39099,Vantaa,1510,18,74,FI,adm3,,,60.29414000,25.04099000,Vantaa,248199,Europe/Helsinki,"{""br"":""Vantaa"",""ko"":""반타"",""pt-BR"":""Vantaa"",""pt"":""Vantaa"",""nl"":""Vantaa"",""hr"":""Vantaa"",""fa"":""وانتا"",""de"":""Vantaa"",""es"":""Vantaa"",""fr"":""Vantaa"",""ja"":""ヴァンター"",""it"":""Vantaa"",""zh-CN"":""万塔"",""tr"":""Vantaa"",""ru"":""Вантаа"",""uk"":""Вантаа"",""pl"":""Vantaa"",""hi"":""वांटा"",""ar"":""فانتا""}",2019-10-06T09:47:39,2025-12-02T14:38:56,1,Q127623
39102,Vehmaa,1507,19,74,FI,adm3,,,60.68333000,21.66667000,Vehmaa,2245,Europe/Helsinki,"{""br"":""Vehmaa"",""ko"":""베흐마"",""pt-BR"":""Vehmaa"",""pt"":""Vehmaa"",""nl"":""Vehmaa"",""hr"":""Vehmaa"",""fa"":""وهما"",""de"":""Vehmaa"",""es"":""Vehmaa"",""fr"":""Vehmaa"",""ja"":""ヴェフマー"",""it"":""Vehmaa"",""zh-CN"":""维玛"",""tr"":""Vehmaa"",""ru"":""Вехмаа"",""uk"":""Вехмаа"",""pl"":""Vehmaa"",""hi"":""वेहमा"",""ar"":""فهيما""}",2019-10-06T09:47:39,2025-12-02T14:38:56,1,Q1641558
39104,Velkua,1507,19,74,FI,adm3,,,60.46667000,21.66667000,Velku,258,Europe/Helsinki,"{""br"":""Velkua"",""ko"":""벨쿠아"",""pt-BR"":""Velkua"",""pt"":""Velkua"",""nl"":""Velkua"",""hr"":""Velkua"",""fa"":""ولکوا"",""de"":""Velkua"",""es"":""Velkua"",""fr"":""Velkua"",""ja"":""ベルクア"",""it"":""Velkua"",""zh-CN"":""维尔库阿"",""tr"":""Velkua"",""ru"":""Велкуа"",""uk"":""Велкуа"",""pl"":""Velkua"",""hi"":""वेलकुआ"",""ar"":""فيلكوا""}",2019-10-06T09:47:39,2025-12-02T14:38:56,1,Q939276
39106,Veteli,1494,07,74,FI,adm3,,,63.47839000,23.78285000,Veteli,2936,Europe/Helsinki,"{""br"":""Veteli"",""ko"":""베텔리"",""pt-BR"":""Veteli"",""pt"":""Veteli"",""nl"":""Veteli"",""hr"":""Veteli"",""fa"":""وتلی"",""de"":""Veteli"",""es"":""Veteli"",""fr"":""Vételi"",""ja"":""ヴェテリ"",""it"":""Veteli"",""zh-CN"":""韦特利"",""tr"":""Veteli"",""ru"":""Ветели"",""uk"":""Ветелі"",""pl"":""Veteli"",""hi"":""वेटेली"",""ar"":""فيتيلي""}",2019-10-06T09:47:39,2025-12-02T14:38:56,1,Q1025744
39108,Vihanti,1505,14,74,FI,city,,,64.48472000,24.99157000,Vihanti,3270,Europe/Helsinki,"{""br"":""Vihanti"",""ko"":""비한티"",""pt-BR"":""Vihanti"",""pt"":""Vihanti"",""nl"":""Vihanti"",""hr"":""Vihanti"",""fa"":""ویهانتی"",""de"":""Vihanti"",""es"":""Vihanti"",""fr"":""Vihanti"",""ja"":""ヴィハンティ"",""it"":""Vihanti"",""zh-CN"":""维汉蒂"",""tr"":""Vihanti"",""ru"":""Виханти"",""uk"":""Віханті"",""pl"":""Vihanti"",""hi"":""विहंती"",""ar"":""فيهانتي""}",2019-10-06T09:47:39,2025-12-02T14:39:31,1,Q992240
39109,Vihti,1510,18,74,FI,adm3,,,60.41699000,24.31965000,Vihti,28811,Europe/Helsinki,"{""br"":""Vihti"",""ko"":""비티"",""pt-BR"":""Vihti"",""pt"":""Vihti"",""nl"":""Vihti"",""hr"":""Vihti"",""fa"":""ویتی"",""de"":""Vihti"",""es"":""Vihti"",""fr"":""Vihti"",""ja"":""ヴィヒティ"",""it"":""Vihti"",""zh-CN"":""维赫蒂"",""tr"":""Vihti"",""ru"":""Вихти"",""uk"":""Віхті"",""pl"":""Vihti"",""hi"":""विह्टी"",""ar"":""فيهتي""}",2019-10-06T09:47:39,2025-12-02T14:38:56,1,Q992240
39110,Viitasaari,1511,08,74,FI,adm3,,,63.06667000,25.86667000,Viitasaari,5877,Europe/Helsinki,"{""br"":""Viitasaari"",""ko"":""비타사리"",""pt-BR"":""Viitasaari"",""pt"":""Viitasaari"",""nl"":""Viitasaari"",""hr"":""Viitasaari"",""fa"":""ویتاساری"",""de"":""Viitasaari"",""es"":""Viitasaari"",""fr"":""Viitasaari"",""ja"":""ヴィイタサーリ"",""it"":""Viitasaari"",""zh-CN"":""维塔萨里"",""tr"":""Viitasaari"",""ru"":""Виитасаари"",""uk"":""Віітасаарі"",""pl"":""Viitasaari"",""hi"":""वितासारी"",""ar"":""فيتاساري""}",2019-10-06T09:47:39,2025-12-02T14:38:56,1,Q992240
39111,Vimpeli,1498,03,74,FI,adm3,,,63.16187000,23.81922000,Vimpeli,2656,Europe/Helsinki,"{""br"":""Vimpeli"",""ko"":""빔펠리"",""pt-BR"":""Vimpeli"",""pt"":""Vimpeli"",""nl"":""Vimpeli"",""hr"":""Vimpeli"",""fa"":""ویمپلی"",""de"":""Vimpeli"",""es"":""Vimpeli"",""fr"":""Vimpeli"",""ja"":""ヴィンペリ"",""it"":""Vimpeli"",""zh-CN"":""温佩利"",""tr"":""Vimpeli"",""ru"":""Вымпели"",""uk"":""Вимпелі"",""pl"":""Vimpeli"",""hi"":""विम्पेली"",""ar"":""فيمبيلي""}",2019-10-06T09:47:39,2025-12-02T14:38:56,1,Q992240
39112,Virojoki,1512,09,74,FI,city,,,60.57940000,27.70354000,Virjoki,1328,Europe/Helsinki,"{""br"":""Virojoki"",""ko"":""비로조키"",""pt-BR"":""Virojoki"",""pt"":""Virojoki"",""nl"":""Virojoki"",""hr"":""Virojoki"",""fa"":""ویروجوکی"",""de"":""Virojoki"",""es"":""Virojoki"",""fr"":""Virojoki"",""ja"":""ヴィロヨキ"",""it"":""Virojoki"",""zh-CN"":""维罗约基"",""tr"":""Virojoki"",""ru"":""Виройоки"",""uk"":""Віройокі"",""pl"":""Virojoki"",""hi"":""विरोजोकी"",""ar"":""فيروجوكي""}",2019-10-06T09:47:39,2025-12-02T14:38:56,1,Q992240
39113,Virtasalmi,1495,04,74,FI,city,,,62.12695000,27.46276000,Virtasalmi,1158,Europe/Helsinki,"{""br"":""Virtasalmi"",""ko"":""비르타살미"",""pt-BR"":""Virtasalmi"",""pt"":""Virtasalmi"",""nl"":""Virtasalmi"",""hr"":""Virtasalmi"",""fa"":""ویرتاسلمی"",""de"":""Virtasalmi"",""es"":""Virtasalmi"",""fr"":""Virtasalmi"",""ja"":""ヴィルタサルミ"",""it"":""Virtasalmi"",""zh-CN"":""维尔塔萨尔米"",""tr"":""Virtasalmi"",""ru"":""Виртасалми"",""uk"":""Віртасалмі"",""pl"":""Virtasalmi"",""hi"":""विर्टासल्मी"",""ar"":""فيرتاسالمي""}",2019-10-06T09:47:39,2025-12-02T14:38:56,1,Q2779906
39114,Vuokatti,1496,05,74,FI,city,,,64.14466000,28.28196000,Vuokatti,6183,Europe/Helsinki,"{""br"":""Vuokatti"",""ko"":""부오카티"",""pt-BR"":""Vuokatti"",""pt"":""Vuokatti"",""nl"":""Vuokatti"",""hr"":""Vuokatti"",""fa"":""ووکاتی"",""de"":""Vuokatti"",""es"":""Vuokatti"",""fr"":""Vuokatti"",""ja"":""ヴオカッティ"",""it"":""Vuokatti"",""zh-CN"":""沃卡蒂"",""tr"":""Vuokatti"",""ru"":""Вуокатти"",""uk"":""Вуокатті"",""pl"":""Vuokatti"",""hi"":""वुओकाट्टी"",""ar"":""فوكاتي""}",2019-10-06T09:47:39,2025-12-02T14:39:31,1,Q2779906
39115,Vuolijoki,1496,05,74,FI,city,,,64.18538000,26.99547000,Vuolijoki,2557,Europe/Helsinki,"{""br"":""Vuolijoki"",""ko"":""부올리요키"",""pt-BR"":""Vuolijoki"",""pt"":""Vuolijoki"",""nl"":""Vuolijoki"",""hr"":""Vuolijöki"",""fa"":""وولیجوکی"",""de"":""Vuolijoki"",""es"":""Vuolijoki"",""fr"":""Vuolijoki"",""ja"":""ヴオリヨキ"",""it"":""Vuolijoki"",""zh-CN"":""沃利约基"",""tr"":""Vuolijoki"",""ru"":""Вуолийоки"",""uk"":""Вуолійокі"",""pl"":""Vuolijoki"",""hi"":""वुओलिजोकी"",""ar"":""فوليوكي""}",2019-10-06T09:47:39,2025-12-02T14:38:56,1,Q610490
39116,Vuosaari,1510,18,74,FI,section,,,60.20963000,25.14195000,Vuosaari,38155,Europe/Helsinki,"{""br"":""Vuosaari"",""ko"":""부오사리"",""pt-BR"":""Vuosaari"",""pt"":""Vuosaari"",""nl"":""Vuosaari"",""hr"":""Vuosaari"",""fa"":""ووساری"",""de"":""Vuosaari"",""es"":""Vuosaari"",""fr"":""Vuosaari"",""ja"":""ヴオサーリ"",""it"":""Vuosaari"",""zh-CN"":""武萨里"",""tr"":""Vuosaari"",""ru"":""Вуосаари"",""uk"":""Вуосаарі"",""pl"":""Vuosaari"",""hi"":""वुओसारी"",""ar"":""فوساري""}",2019-10-06T09:47:39,2025-12-02T14:38:56,1,Q2116584
39117,Vähäkyrö,1508,12,74,FI,city,,,63.05635000,22.10584000,Vtkäyrö,4638,Europe/Helsinki,"{""br"":""Vähäkyrö"",""ko"":""베하키뢰"",""pt-BR"":""Vähäkyrö"",""pt"":""Vähäkyrö"",""nl"":""Vähäkyrö"",""hr"":""Vähäkyrö"",""fa"":""وهکیرو"",""de"":""Vähäkyrö"",""es"":""Vähäkyrö"",""fr"":""Vähäkyrö"",""ja"":""ヴァハキロ"",""it"":""Vähäkyrö"",""zh-CN"":""瓦哈基罗"",""tr"":""Vähäkyrö"",""ru"":""Вяхякюрё"",""uk"":""Вахакюре"",""pl"":""Vähäkyrö"",""hi"":""वाहाकिरो"",""ar"":""فاهاكيرو""}",2019-10-06T09:47:39,2025-12-02T14:39:31,1,Q1542740
39118,Västanfjärd,1507,19,74,FI,adm3,,,60.05000000,22.68333000,Västanfjärd,799,Europe/Helsinki,"{""br"":""Västanfjärd"",""ko"":""베스탄피에르드"",""pt-BR"":""Västanfjärd"",""pt"":""Västanfjärd"",""nl"":""Västanfjärd"",""hr"":""Västanfjärd"",""fa"":""وستانفیارد"",""de"":""Västanfjärd"",""es"":""Västanfjärd"",""fr"":""Västanfjärd"",""ja"":""ヴェスタンフィヤルド"",""it"":""Västanfjärd"",""zh-CN"":""维斯坦湾"",""tr"":""Västanfjärd"",""ru"":""Вестанфьярд"",""uk"":""Вестанф'ярд"",""pl"":""Västanfjärd"",""hi"":""वास्तानफजार्ड"",""ar"":""فاستانفيارد""}",2019-10-06T09:47:39,2025-12-02T14:38:56,1,Q1641638
39119,Väståboland,1507,19,74,FI,city,,,60.29972000,22.30040000,Väståboland,15498,Europe/Helsinki,"{""br"":""Väståboland"",""ko"":""베스타볼란드"",""pt-BR"":""Väståboland"",""pt"":""Väståboland"",""nl"":""Väståboland"",""hr"":""Väståboland"",""fa"":""وستابولند"",""de"":""Väståboland"",""es"":""Väståboland"",""fr"":""Väståboland"",""ja"":""ヴェスタボランド"",""it"":""Väståboland"",""zh-CN"":""西波兰"",""tr"":""Väståboland"",""ru"":""Вестаболанд"",""uk"":""Вестоболанд"",""pl"":""Väståboland"",""hi"":""वास्टाबोलैंड"",""ar"":""فاستابولاند""}",2019-10-06T09:47:39,2025-12-02T14:39:31,1,Q1010550
39120,Vörå,1508,12,74,FI,adm3,,,63.13607000,22.25223000,Vörå,6264,Europe/Helsinki,"{""br"":""Vörå"",""ko"":""보라"",""pt-BR"":""Vörå"",""pt"":""Vörå"",""nl"":""Vörå"",""hr"":""Vöra"",""fa"":""وورا"",""de"":""Vörå"",""es"":""Vörå"",""fr"":""Vörå"",""ja"":""ヴォラ"",""it"":""Vörå"",""zh-CN"":""沃拉"",""tr"":""Vörå"",""ru"":""Вёра"",""uk"":""Веро"",""pl"":""Vörå"",""hi"":""वोरा"",""ar"":""فورو""}",2019-10-06T09:47:39,2025-12-02T14:39:31,1,Q2156306
39121,Yli-Ii,1505,14,74,FI,city,,,65.37181000,25.84580000,Yli-Ii,2235,Europe/Helsinki,"{""br"":""Yli-Ii"",""ko"":""일리-이"",""pt-BR"":""Yli-Ii"",""pt"":""Yli-Ii"",""nl"":""Yli-Ii"",""hr"":""Yli-Ii"",""fa"":""یی-ای"",""de"":""Yli-Ii"",""es"":""Yli-Ii"",""fr"":""Yli-Ii"",""ja"":""イリ・イ"",""it"":""Yli-Ii"",""zh-CN"":""伊利"",""tr"":""Yli-Ii"",""ru"":""Или-Ии"",""uk"":""Ілі-Ій"",""pl"":""Yli-Ii"",""hi"":""यली-Ii"",""ar"":""يلي-إي""}",2019-10-06T09:47:39,2025-12-02T14:38:56,1,Q119845
39122,Ylihärmä,1498,03,74,FI,adm3,,,63.15000000,22.78333000,Ylihärmä,2836,Europe/Helsinki,"{""br"":""Ylihärmä"",""ko"":""일리하르마"",""pt-BR"":""Ylihärmä"",""pt"":""Ylihärmä"",""nl"":""Ylihärmä"",""hr"":""Ylihärmä"",""fa"":""ییهرما"",""de"":""Ylihärmä"",""es"":""Ylihärmä"",""fr"":""Ylihärmä"",""ja"":""ユリハーマ"",""it"":""Ylihärmä"",""zh-CN"":""上海尔迈"",""tr"":""Ylihärmä"",""ru"":""Юлихярмя"",""uk"":""Іліхармя"",""pl"":""Ylihärmä"",""hi"":""यलिहार्मा"",""ar"":""يليهارما""}",2019-10-06T09:47:39,2025-12-02T14:39:31,1,Q119845
39123,Ylikiiminki,1505,14,74,FI,adm3,,,65.08333000,26.25000000,Ylikiiminki,3386,Europe/Helsinki,"{""br"":""Ylikiiminki"",""ko"":""일리키민키"",""pt-BR"":""Ylikiiminki"",""pt"":""Ylikiiminki"",""nl"":""Ylikiiminki"",""hr"":""Ylikiiminki"",""fa"":""ایلیکیمینکی"",""de"":""Ylikiiminki"",""es"":""Ylikiiminki"",""fr"":""Ylikiiminki"",""ja"":""ユリキイミンキ"",""it"":""Ylikiiminki"",""zh-CN"":""上基伊明基"",""tr"":""Ylikiiminki"",""ru"":""Ыликииминки"",""uk"":""Ілікіїмінкі"",""pl"":""Ylikiiminki"",""hi"":""य्लिकिइमिन्की"",""ar"":""يليكيمينكي""}",2019-10-06T09:47:39,2025-12-02T14:39:31,1,Q119845
39124,Ylistaro,1498,03,74,FI,city,,,62.93958000,22.51306000,Ylistaro,,Europe/Helsinki,"{""br"":""Ylistaro"",""ko"":""일리스타로"",""pt-BR"":""Ylistaro"",""pt"":""Ylistaro"",""nl"":""Ylistaro"",""hr"":""Ylistaro"",""fa"":""یلیستارو"",""de"":""Ylistaro"",""es"":""Ylistaro"",""fr"":""Ylistaro"",""ja"":""イリスタロ"",""it"":""Ylistaro"",""zh-CN"":""伊利斯塔罗"",""tr"":""Ylistaro"",""ru"":""Илистаро"",""uk"":""Ілістаро"",""pl"":""Ylistaro"",""hi"":""यलिस्तारो"",""ar"":""يليستارو""}",2019-10-06T09:47:39,2025-12-02T16:59:27,1,Q653167
39125,Ylitornio,1500,10,74,FI,adm3,,,66.30893000,23.67734000,Ylitornio,3765,Europe/Helsinki,"{""br"":""Ylitornio"",""ko"":""일리토르니오"",""pt-BR"":""Ylitornio"",""pt"":""Ylitornio"",""nl"":""Ylitornio"",""hr"":""Ylitornio"",""fa"":""یلیتورنیو"",""de"":""Ylitornio"",""es"":""Ylitornio"",""fr"":""Ylitornio"",""ja"":""ユリトルニオ"",""it"":""Ylitornio"",""zh-CN"":""伊利托尔尼奥"",""tr"":""Ylitornio"",""ru"":""Юлиторнио"",""uk"":""Іліторніо"",""pl"":""Ylitornio"",""hi"":""यिलिटोर्नियो"",""ar"":""يليتورنيو""}",2019-10-06T09:47:39,2025-12-02T14:38:56,1,Q653167
39126,Ylivieska,1505,14,74,FI,adm3,,,64.08333000,24.55000000,Ylivieska,15369,Europe/Helsinki,"{""br"":""Ylivieska"",""ko"":""일리비에스카"",""pt-BR"":""Ylivieska"",""pt"":""Ylivieska"",""nl"":""Ylivieska"",""hr"":""Ylivieska"",""fa"":""یلیویسکا"",""de"":""Ylivieska"",""es"":""Ylivieska"",""fr"":""Ylivieska"",""ja"":""ユリヴィエスカ"",""it"":""Ylivieska"",""zh-CN"":""上维耶斯卡"",""tr"":""Ylivieska"",""ru"":""Юливиеска"",""uk"":""Юлівієска"",""pl"":""Ylivieska"",""hi"":""यलिविएस्का"",""ar"":""يليفيسكا""}",2019-10-06T09:47:39,2025-12-02T14:38:56,1,Q653167
39127,Ylämaa,1497,02,74,FI,adm3,,,60.80000000,28.00000000,Ylämaa,1415,Europe/Helsinki,"{""br"":""Ylämaa"",""ko"":""일라마"",""pt-BR"":""Ylämaa"",""pt"":""Ylämaa"",""nl"":""Ylämaa"",""hr"":""Ylämaa"",""fa"":""یلاما"",""de"":""Ylämaa"",""es"":""Ylämaa"",""fr"":""Ylämaa"",""ja"":""ユラマ"",""it"":""Ylämaa"",""zh-CN"":""伊拉玛"",""tr"":""Ylämaa"",""ru"":""Юлямаа"",""uk"":""Іламаа"",""pl"":""Ylämaa"",""hi"":""Ylamaa"",""ar"":""يلاما""}",2019-10-06T09:47:39,2025-12-02T14:38:56,1,Q1025734
39128,Yläne,1507,19,74,FI,adm3,,,60.88333000,22.41667000,Yläne,2114,Europe/Helsinki,"{""br"":""Yläne"",""ko"":""일레네"",""pt-BR"":""Yläne"",""pt"":""Yläne"",""nl"":""Yläne"",""hr"":""Yläne"",""fa"":""ایلان"",""de"":""Yläne"",""es"":""Yläne"",""fr"":""Yläne"",""ja"":""イレーネ"",""it"":""Yläne"",""zh-CN"":""伊莱恩"",""tr"":""Yläne"",""ru"":""Юлене"",""uk"":""Ілане"",""pl"":""Yläne"",""hi"":""यलेन"",""ar"":""يلين""}",2019-10-06T09:47:39,2025-12-02T14:38:56,1,Q1407166
39129,Ypäjä,1493,06,74,FI,adm3,,,60.80000000,23.28333000,Ypäjä,2207,Europe/Helsinki,"{""br"":""Ypäjä"",""ko"":""이파자"",""pt-BR"":""Ypäjä"",""pt"":""Ypäjä"",""nl"":""Ypäjä"",""hr"":""Ypäjä"",""fa"":""ایپاجا"",""de"":""Ypäjä"",""es"":""Ypäjä"",""fr"":""Ypäjä"",""ja"":""イパヤ"",""it"":""Ypäjä"",""zh-CN"":""伊帕亚"",""tr"":""Ypäjä"",""ru"":""Юпяя"",""uk"":""Іпяя"",""pl"":""Ypäjä"",""hi"":""पाजा"",""ar"":""يباجا""}",2019-10-06T09:47:39,2025-12-02T14:38:56,1,Q1407166
39130,Ähtäri,1498,03,74,FI,adm3,,,62.55403000,24.06186000,Ähtäri,5316,Europe/Helsinki,"{""br"":""Ähtäri"",""ko"":""Ähtäri"",""pt-BR"":""Ähtäri"",""pt"":""Ähtäri"",""nl"":""Ähtäri"",""hr"":""Ähtäri"",""fa"":""آختاری"",""de"":""Ähtäri"",""es"":""Ähtäri"",""fr"":""Ähtäri"",""ja"":""アハタリ"",""it"":""Ähtäri"",""zh-CN"":""艾赫泰里"",""tr"":""Ähtäri"",""ru"":""Эхтяри"",""uk"":""Ахтярі"",""pl"":""Ähtäri"",""hi"":""Ähtäri"",""ar"":""أهتاري""}",2019-10-06T09:47:39,2025-12-02T14:38:56,1,Q1407166
39132,Äänekoski,1511,08,74,FI,adm3,,,62.60000000,25.73333000,Äänekoski,17971,Europe/Helsinki,"{""br"":""Äänekoski"",""ko"":""에네코스키"",""pt-BR"":""Äänekoski"",""pt"":""Äänekoski"",""nl"":""Äänekoski"",""hr"":""Äänekoski"",""fa"":""آنکوسکی"",""de"":""Äänekoski"",""es"":""Äänekoski"",""fr"":""Äänekoski"",""ja"":""アーネコスキ"",""it"":""Äänekoski"",""zh-CN"":""艾内科斯基"",""tr"":""Äänekoski"",""ru"":""Ээнекоски"",""uk"":""Еянекоскі"",""pl"":""Äänekoski"",""hi"":""Äänekoski"",""ar"":""أنيكوسكي""}",2019-10-06T09:47:39,2025-12-02T14:38:56,1,Q258447
153290,Aimala,1506,11,74,FI,section,,,61.33000000,23.69000000,Saos,0,Europe/Helsinki,"{""br"":""Aimala"",""ko"":""아이말라"",""pt-BR"":""Aimala"",""pt"":""Aimala"",""nl"":""Aimala"",""hr"":""Aimala"",""fa"":""آیمالا"",""de"":""Aimala"",""es"":""Aimala"",""fr"":""Aimala"",""ja"":""アイマラ"",""it"":""Aimala"",""zh-CN"":""艾玛拉"",""tr"":""Aimala"",""ru"":""Аймала"",""uk"":""Аймала"",""pl"":""Aimala"",""hi"":""ऐमाला"",""ar"":""أيمالا""}",2022-09-01T01:55:16,2025-12-02T17:11:50,1,Q15178579
153291,Aitoo,1506,11,74,FI,city,,,61.33897400,24.49431900,Aitoo,0,Europe/Helsinki,"{""br"":""Aitoo"",""ko"":""아이투"",""pt-BR"":""Aitoo"",""pt"":""Aitoo"",""nl"":""Aitoo"",""hr"":""Aitoo"",""fa"":""آیتو"",""de"":""Aitoo"",""es"":""Aitoo"",""fr"":""Aitoo"",""ja"":""アイトゥー"",""it"":""Aitoo"",""zh-CN"":""艾图"",""tr"":""Aitoo"",""ru"":""Аитоо"",""uk"":""Айту"",""pl"":""Aitoo"",""hi"":""ऐटू"",""ar"":""أيتو""}",2022-09-01T01:55:16,2025-12-02T16:59:27,1,Q11850238
153292,Akaa,1506,11,74,FI,city,,,61.16666667,23.86805556,Akaa,8258,Europe/Helsinki,"{""br"":""Akaa"",""ko"":""아카아"",""pt-BR"":""Também conhecido como"",""pt"":""Também conhecido como"",""nl"":""Akaa"",""hr"":""Akaa"",""fa"":""آکا"",""de"":""Akaa"",""es"":""Akaa"",""fr"":""Akaa"",""ja"":""アカー"",""it"":""Akaa"",""zh-CN"":""阿卡"",""tr"":""Akaa"",""ru"":""Акаа"",""uk"":""Акаа"",""pl"":""Akaa"",""hi"":""अका"",""ar"":""أكا""}",2022-09-01T01:55:16,2025-12-02T14:39:31,1,Q413747
153293,Amuri,1506,11,74,FI,section,,,61.50000000,23.74500000,Rakkaus,5353,Europe/Helsinki,"{""br"":""Amuri"",""ko"":""아무리"",""pt-BR"":""Amuri"",""pt"":""Amuri"",""nl"":""Amuri"",""hr"":""Amuri"",""fa"":""آموری"",""de"":""Amuri"",""es"":""Amuri"",""fr"":""Amuri"",""ja"":""アムリ"",""it"":""Amuri"",""zh-CN"":""阿穆里"",""tr"":""Amuri"",""ru"":""Амури"",""uk"":""Амурі"",""pl"":""Amuri"",""hi"":""अमुरी"",""ar"":""أموري""}",2022-09-01T01:55:16,2025-12-02T14:38:56,1,Q4749000
153294,Haihara,1506,11,74,FI,section,,,61.47630000,23.87711000,Se ei,193,Europe/Helsinki,"{""br"":""Haihara"",""ko"":""하이하라"",""pt-BR"":""Haihara"",""pt"":""Haihara"",""nl"":""Haihara"",""hr"":""Haihara"",""fa"":""هایهارا"",""de"":""Haihara"",""es"":""Haihara"",""fr"":""Haihara"",""ja"":""灰原"",""it"":""Haihara"",""zh-CN"":""灰原"",""tr"":""Haihara"",""ru"":""Хайхара"",""uk"":""Хайхара"",""pl"":""Haihara"",""hi"":""हैहारा"",""ar"":""هايهارا""}",2022-09-01T01:55:16,2025-12-02T17:11:50,1,Q26845411
153295,Hallila,1506,11,74,FI,section,,,61.46250000,23.82916667,Hallila,2537,Europe/Helsinki,"{""br"":""Hallila"",""ko"":""할릴라"",""pt-BR"":""Hallila"",""pt"":""Hallila"",""nl"":""Hallila"",""hr"":""Hallila"",""fa"":""هلیلا"",""de"":""Hallila"",""es"":""Hallila"",""fr"":""Hallila"",""ja"":""ハリラ"",""it"":""Hallila"",""zh-CN"":""哈利拉"",""tr"":""Hallila"",""ru"":""Халлила"",""uk"":""Халліла"",""pl"":""Hallila"",""hi"":""हलीला"",""ar"":""هليلة""}",2022-09-01T01:55:16,2025-12-02T14:38:56,1,Q5642997
153296,Hervanta,1506,11,74,FI,section,,,61.44810000,23.85210000,Hervanta,25231,Europe/Helsinki,"{""br"":""Hervanta"",""ko"":""헤르반타"",""pt-BR"":""Hervanta"",""pt"":""Hervanta"",""nl"":""Hervanta"",""hr"":""Hervanta"",""fa"":""هروانتا"",""de"":""Hervanta"",""es"":""Hervanta"",""fr"":""Hervanta"",""ja"":""ヘルヴァンタ"",""it"":""Hervanta"",""zh-CN"":""赫万塔"",""tr"":""Hervanta"",""ru"":""Херванта"",""uk"":""Герванта"",""pl"":""Hervanta"",""hi"":""हर्वंटा"",""ar"":""هيرفانتا""}",2022-09-01T01:55:16,2025-12-02T14:38:56,1,Q385316
153297,Hämeenkyrö,1506,11,74,FI,adm3,,,61.63333333,23.20000000,Hämeenkyrö,10319,Europe/Helsinki,"{""br"":""Hämeenkyrö"",""ko"":""헤멘키뢰"",""pt-BR"":""Hämeenkyrö"",""pt"":""Hämeenkyrö"",""nl"":""Hämeenkyrö"",""hr"":""Hämeenkyrö"",""fa"":""هامینکیرو"",""de"":""Hämeenkyrö"",""es"":""Hämeenkyrö"",""fr"":""Hämeenkyrö"",""ja"":""ハメーンキロ"",""it"":""Hämeenkyrö"",""zh-CN"":""海门基罗"",""tr"":""Hämeenkyrö"",""ru"":""Хямеенкюрё"",""uk"":""Хяменкюре"",""pl"":""Hämeenkyrö"",""hi"":""हेमीनकिरो"",""ar"":""هامينكيرو""}",2022-09-01T01:55:16,2025-12-02T17:11:50,1,Q996656
153298,Ikaalinen,1506,11,74,FI,adm3,,,61.76944444,23.06805556,Ikaalinen,6850,Europe/Helsinki,"{""br"":""Ikaalinen"",""ko"":""이칼리넨"",""pt-BR"":""Ikaalinen"",""pt"":""Ikaalinen"",""nl"":""Ikaalinen"",""hr"":""Ikaalinen"",""fa"":""ایکالینن"",""de"":""Ikaalinen"",""es"":""Ikaalinen"",""fr"":""Ikaalinen"",""ja"":""イカリネン"",""it"":""Ikaalinen"",""zh-CN"":""伊卡利宁"",""tr"":""Ikaalinen"",""ru"":""Икаалинен"",""uk"":""Ікаалінен"",""pl"":""Ikaalinen"",""hi"":""इकालिनेन"",""ar"":""إيكالينين""}",2022-09-01T01:55:16,2025-12-02T17:11:50,1,Q735133
153299,Juupajoki,1506,11,74,FI,adm3,,,61.79666667,24.37000000,Juupajoki,1708,Europe/Helsinki,"{""br"":""Juupajoki"",""ko"":""주파조키"",""pt-BR"":""Juupajoki"",""pt"":""Juupajoki"",""nl"":""Juupajoki"",""hr"":""Juupajoki"",""fa"":""جوپاجوکی"",""de"":""Juupajoki"",""es"":""Juupajoki"",""fr"":""Juupajoki"",""ja"":""ユパヨキ"",""it"":""Juupajoki"",""zh-CN"":""尤帕约基"",""tr"":""Juupajoki"",""ru"":""Юупайоки"",""uk"":""Юупайокі"",""pl"":""Juupajoki"",""hi"":""जुउपाजोकी"",""ar"":""جووبايوكي""}",2022-09-01T01:55:16,2025-12-02T14:38:56,1,Q1009127
153300,Kangasala,1506,11,74,FI,adm3,,,61.46388900,24.06500000,Kangasala,33601,Europe/Helsinki,"{""br"":""Kangasala"",""ko"":""강가살라"",""pt-BR"":""Kangasala"",""pt"":""Kangasala"",""nl"":""Kangasala"",""hr"":""Kangasala"",""fa"":""کانگاسالا"",""de"":""Kangasala"",""es"":""Kangasala"",""fr"":""Kangasala"",""ja"":""カンガサラ"",""it"":""Kangasala"",""zh-CN"":""坎格萨拉"",""tr"":""Kangasala"",""ru"":""Кангасала"",""uk"":""Кангасала"",""pl"":""Kangasala"",""hi"":""कंगासाला"",""ar"":""كانجاسالا""}",2022-09-01T01:55:16,2025-12-02T17:11:50,1,Q986322
153301,Kihniö,1506,11,74,FI,adm3,,,62.20833333,23.17916667,Kihniö,1749,Europe/Helsinki,"{""br"":""Kihniö"",""ko"":""키흐니외"",""pt-BR"":""Kihniö"",""pt"":""Kihniö"",""nl"":""Kihniö"",""hr"":""Kihniö"",""fa"":""کیهنیو"",""de"":""Kihniö"",""es"":""Kihniö"",""fr"":""Kihniö"",""ja"":""キフニオ"",""it"":""Kihniö"",""zh-CN"":""基赫尼奥"",""tr"":""Kihniö"",""ru"":""Кихниё"",""uk"":""Кіхніо"",""pl"":""Kihniö"",""hi"":""किह्निओ"",""ar"":""كيهنيو""}",2022-09-01T01:55:16,2025-12-02T17:11:50,1,Q990563
153302,Kiikka,1506,11,74,FI,city,,,61.32077778,22.77538889,Kiikka,0,Europe/Helsinki,"{""br"":""Kiikka"",""ko"":""키이카"",""pt-BR"":""Kiikka"",""pt"":""Kiikka"",""nl"":""Kiikka"",""hr"":""Kiikka"",""fa"":""کیکا"",""de"":""Kiikka"",""es"":""Kiikka"",""fr"":""Kiikka"",""ja"":""キイッカ"",""it"":""Kiikka"",""zh-CN"":""基卡"",""tr"":""Kiikka"",""ru"":""Киикка"",""uk"":""Кійкка"",""pl"":""Kiikka"",""hi"":""किइक्का"",""ar"":""كيكا""}",2022-09-01T01:55:16,2025-12-02T16:59:27,1,Q3432678
153303,Kiikoinen,1506,11,74,FI,city,,,61.45000000,22.57500000,Kiikoinen,1248,Europe/Helsinki,"{""br"":""Kiikoinen"",""ko"":""키이코이넨"",""pt-BR"":""Kiikoinen"",""pt"":""Kiikoinen"",""nl"":""Kiikoinen"",""hr"":""Kiikoinen"",""fa"":""کیکوینن"",""de"":""Kiikoinen"",""es"":""Kiikoinen"",""fr"":""Kiikoinen"",""ja"":""キイコイネン"",""it"":""Kiikoinen"",""zh-CN"":""基科伊宁"",""tr"":""Kiikoinen"",""ru"":""Киикойнен"",""uk"":""Кіікойнен"",""pl"":""Kiikoinen"",""hi"":""किइकोइनेन"",""ar"":""كيكوينن""}",2022-09-01T01:55:16,2025-12-02T17:11:50,1,Q999298
153304,Kolho,1506,11,74,FI,adm3,,,62.13333333,24.51666667,Kolho,0,Europe/Helsinki,"{""br"":""Kolho"",""ko"":""콜호"",""pt-BR"":""Kolho"",""pt"":""Kolho"",""nl"":""Kolho"",""hr"":""Kolho"",""fa"":""کولهو"",""de"":""Kolho"",""es"":""Kolho"",""fr"":""Kolho"",""ja"":""コルホ"",""it"":""Kolho"",""zh-CN"":""科尔霍"",""tr"":""Kolho"",""ru"":""Колхо"",""uk"":""Кольхо"",""pl"":""Kolho"",""hi"":""कोल्हो"",""ar"":""كولهو""}",2022-09-01T01:55:16,2025-12-02T17:11:50,1,Q11872198
153305,Kuhmalahti,1506,11,74,FI,city,,,61.50500000,24.56666667,Kuhmalahti,,Europe/Helsinki,"{""br"":""Kuhmalahti"",""ko"":""쿠말라티"",""pt-BR"":""Kuhmalahti"",""pt"":""Kuhmalahti"",""nl"":""Kuhmalahti"",""hr"":""Kuhmalahti"",""fa"":""کوهمالاهیتی"",""de"":""Kuhmalahti"",""es"":""Kuhmalahti"",""fr"":""Kuhmalahti"",""ja"":""クマラハティ"",""it"":""Kuhmalahti"",""zh-CN"":""库赫马拉赫蒂"",""tr"":""Kuhmalahti"",""ru"":""Кухмалахти"",""uk"":""Кухмалахті"",""pl"":""Kuhmalahti"",""hi"":""कुहमलाहटी"",""ar"":""كومالاهتي""}",2022-09-01T01:55:16,2025-12-02T17:11:50,1,Q1025697
153306,Kuru,1506,11,74,FI,city,,,61.87558000,23.71948000,Kenen,2701,Europe/Helsinki,"{""br"":""Kuru"",""ko"":""쿠루"",""pt-BR"":""Kuru"",""pt"":""Kuru"",""nl"":""Kuru"",""hr"":""Kuru"",""fa"":""کورو"",""de"":""Kuru"",""es"":""Kuru"",""fr"":""Kuru"",""ja"":""クールー"",""it"":""Kuru"",""zh-CN"":""库鲁"",""tr"":""Kuru"",""ru"":""Куру"",""uk"":""Куру"",""pl"":""Kuru"",""hi"":""कुरु"",""ar"":""كورو""}",2022-09-01T01:55:16,2025-12-02T14:39:31,1,Q1025732
153307,Kylmäkoski,1506,11,74,FI,adm3,,,61.15000000,23.69166667,Kylmäkoski,,Europe/Helsinki,"{""br"":""Kylmäkoski"",""ko"":""킬마코스키"",""pt-BR"":""Kylmäkoski"",""pt"":""Kylmäkoski"",""nl"":""Kylmäkoski"",""hr"":""Kylmäkoski"",""fa"":""کیلماکوسکی"",""de"":""Kylmäkoski"",""es"":""Kylmäkoski"",""fr"":""Kylmäkoski"",""ja"":""キルマコスキ"",""it"":""Kylmäkoski"",""zh-CN"":""屈尔迈科斯基"",""tr"":""Kylmäkoski"",""ru"":""Кюльмякоски"",""uk"":""Кюлмякоскі"",""pl"":""Kylmäkoski"",""hi"":""किल्मकोस्की"",""ar"":""كيلماكوسكي""}",2022-09-01T01:55:16,2025-12-02T17:11:50,1,Q1641581
153308,Lempäälä,1506,11,74,FI,adm3,,,61.31388889,23.75277778,Lempäälä,24711,Europe/Helsinki,"{""br"":""Lempäälä"",""ko"":""렘팔래"",""pt-BR"":""Lempäälä"",""pt"":""Lempäälä"",""nl"":""Lempäälä"",""hr"":""Lempäälä"",""fa"":""لامپالا"",""de"":""Lempäälä"",""es"":""Lempäälä"",""fr"":""Lempäälä"",""ja"":""レンパーラ"",""it"":""Lempäälä"",""zh-CN"":""伦帕拉"",""tr"":""Lempäälä"",""ru"":""Лемпяяля"",""uk"":""Лемпяяля"",""pl"":""Lempäälä"",""hi"":""लेंपाला"",""ar"":""ليمبالا""}",2022-09-01T01:55:16,2025-12-02T17:11:50,1,Q838821
153309,Lentävänniemi,1506,11,74,FI,section,,,61.52801000,23.70575000,Lentävänniemi,5433,Europe/Helsinki,"{""br"":""Lentävänniemi"",""ko"":""렌테베니에미"",""pt-BR"":""Lentävänniemi"",""pt"":""Lentävänniemi"",""nl"":""Lentävänniemi"",""hr"":""Lentävänniemi"",""fa"":""لنتاوانیمی"",""de"":""Lentävänniemi"",""es"":""Lentävänniemi"",""fr"":""Lentävänniemi"",""ja"":""レンタヴェニエミ"",""it"":""Lentävänniemi"",""zh-CN"":""伦泰万涅米"",""tr"":""Lentävänniemi"",""ru"":""Lentävänniemi"",""uk"":""Лентявенніємі"",""pl"":""Lentävänniemi"",""hi"":""लेंटावेन्नीमी"",""ar"":""لينتافانييمي""}",2022-09-01T01:55:16,2025-12-02T14:38:56,1,Q11875545
153310,Lielahti,1506,11,74,FI,section,,,61.51666667,23.66666667,Lielahti,701,Europe/Helsinki,"{""br"":""Lielahti"",""ko"":""리엘라티"",""pt-BR"":""Lielahti"",""pt"":""Lielahti"",""nl"":""Lielahti"",""hr"":""Lielahti"",""fa"":""لیلهتی"",""de"":""Lielahti"",""es"":""Lielahti"",""fr"":""Lielahti"",""ja"":""リエラハティ"",""it"":""Lielahti"",""zh-CN"":""利拉赫蒂"",""tr"":""Lielahti"",""ru"":""Лиелахти"",""uk"":""Лієлахті"",""pl"":""Lielahti"",""hi"":""लिएलाहटी"",""ar"":""ليلهتي""}",2022-09-01T01:55:16,2025-12-02T14:38:56,1,Q6544133
153311,Luopioinen,1506,11,74,FI,city,,,61.36293000,24.66781000,Luopioinen,2381,Europe/Helsinki,"{""br"":""Luopioinen"",""ko"":""루오피오이넨"",""pt-BR"":""Luopioinen"",""pt"":""Luopioinen"",""nl"":""Luopioinen"",""hr"":""Luopioinen"",""fa"":""لوپیوئینن"",""de"":""Luopioinen"",""es"":""Luopioinen"",""fr"":""Luopioinen"",""ja"":""ルオピオイネン"",""it"":""Luopioinen"",""zh-CN"":""卢奥皮奥伊宁"",""tr"":""Luopioinen"",""ru"":""Луопиоинен"",""uk"":""Луопійнен"",""pl"":""Luopioinen"",""hi"":""लुओपिओइनेन"",""ar"":""لوبيونن""}",2022-09-01T01:55:16,2025-12-02T14:39:31,1,Q2428286
153312,Längelmäki,1506,11,74,FI,city,,,61.68890000,24.69194000,Längelmäki,1673,Europe/Helsinki,"{""br"":""Längelmäki"",""ko"":""랭겔마키"",""pt-BR"":""Längelmäki"",""pt"":""Längelmäki"",""nl"":""Längelmäki"",""hr"":""Längelmäki"",""fa"":""لانگلماکی"",""de"":""Längelmäki"",""es"":""Längelmäki"",""fr"":""Längelmäki"",""ja"":""ランゲルマキ"",""it"":""Längelmäki"",""zh-CN"":""朗格尔迈基"",""tr"":""Längelmäki"",""ru"":""Лэнгельмяки"",""uk"":""Ленгельмякі"",""pl"":""Längelmäki"",""hi"":""लांगेलमकी"",""ar"":""لانجيلماكي""}",2022-09-01T01:55:16,2025-12-02T16:59:27,1,Q1807534
153313,Messukylä,1506,11,74,FI,section,,,61.48527778,23.84472222,Messukylä,682,Europe/Helsinki,"{""br"":""Messukylä"",""ko"":""메수킬래"",""pt-BR"":""Messukylä"",""pt"":""Messukylä"",""nl"":""Messukylä"",""hr"":""Messukylä"",""fa"":""مسوکیلا"",""de"":""Messukylä"",""es"":""Messukylä"",""fr"":""Messukylä"",""ja"":""メスキュラ"",""it"":""Messukylä"",""zh-CN"":""梅苏基拉"",""tr"":""Messukylä"",""ru"":""Мессукюля"",""uk"":""Мессукюля"",""pl"":""Messukylä"",""hi"":""मेसुक्यला"",""ar"":""ميسوكيلا""}",2022-09-01T01:55:16,2025-12-02T17:11:50,1,Q1020004
153314,Mouhijärvi,1506,11,74,FI,adm3,,,61.50000000,23.01667000,Mouhijärvi,2961,Europe/Helsinki,"{""br"":""Mouhijärvi"",""ko"":""모우히자르비"",""pt-BR"":""Mouhijärvi"",""pt"":""Mouhijärvi"",""nl"":""Mouhijärvi"",""hr"":""Mouhijärvi"",""fa"":""موهیجروی"",""de"":""Mouhijärvi"",""es"":""Mouhijärvi"",""fr"":""Mouhijärvi"",""ja"":""ムヒヤルヴィ"",""it"":""Mouhijärvi"",""zh-CN"":""穆希耶尔维"",""tr"":""Mouhijärvi"",""ru"":""Моухиярви"",""uk"":""Моухіярві"",""pl"":""Mouhijärvi"",""hi"":""मौहिजार्वी"",""ar"":""موهيارفي""}",2022-09-01T01:55:16,2025-12-02T14:39:31,1,Q661269
153315,Mänttä,1506,11,74,FI,adm3,,,62.03014000,24.62791000,Mänttä,6459,Europe/Helsinki,"{""br"":""Mänttä"",""ko"":""맨태"",""pt-BR"":""Mänttä"",""pt"":""Mänttä"",""nl"":""Mänttä"",""hr"":""Mänttä"",""fa"":""مانتتا"",""de"":""Mänttä"",""es"":""Manttä"",""fr"":""Mänttä"",""ja"":""マンタ"",""it"":""Mänttä"",""zh-CN"":""曼塔"",""tr"":""Mänttä"",""ru"":""Мянття"",""uk"":""Мянтя"",""pl"":""Mänttä"",""hi"":""मंट्टा"",""ar"":""مانتا""}",2022-09-01T01:55:16,2025-12-02T14:39:31,1,Q1001762
153316,Naistenmatka,1506,11,74,FI,section,,,61.46518000,23.65253000,Naistenmatka,0,Europe/Helsinki,"{""br"":""Naistenmatka"",""ko"":""나이스텐마트카"",""pt-BR"":""Naistenmatka"",""pt"":""Naistenmatka"",""nl"":""Naistenmatka"",""hr"":""Naistenmatka"",""fa"":""نایستنماتکا"",""de"":""Naistenmatka"",""es"":""Naistenmatka"",""fr"":""Naistenmatka"",""ja"":""ナイステンマトカ"",""it"":""Naistenmatka"",""zh-CN"":""奈斯滕马特卡"",""tr"":""Naistenmatka"",""ru"":""Найстенматка"",""uk"":""Найстенматка"",""pl"":""Naistenmatka"",""hi"":""Naistenmatka"",""ar"":""نايستنماتكا""}",2022-09-01T01:55:16,2025-12-02T17:11:50,1,Q18682312
153317,Nekala,1506,11,74,FI,section,,,61.48333333,23.79055556,Nekala,1016,Europe/Helsinki,"{""br"":""Nekala"",""ko"":""네칼라"",""pt-BR"":""Nekala"",""pt"":""Nekala"",""nl"":""Nekala"",""hr"":""Nekala"",""fa"":""نکالا"",""de"":""Nekala"",""es"":""Nekala"",""fr"":""Nékala"",""ja"":""ネカラ"",""it"":""Nekala"",""zh-CN"":""内卡拉"",""tr"":""Nekala"",""ru"":""Некала"",""uk"":""Некала"",""pl"":""Nekala"",""hi"":""नेकाला"",""ar"":""نيكالا""}",2022-09-01T01:55:16,2025-12-02T17:11:50,1,Q6989789
153318,Nokia,1506,11,74,FI,adm3,,,61.47666667,23.50527778,Nokia,35730,Europe/Helsinki,"{""br"":""Nokia"",""ko"":""노키아"",""pt-BR"":""Nokia"",""pt"":""Nokia"",""nl"":""Nokia"",""hr"":""Nokia"",""fa"":""نوکیا"",""de"":""Nokia"",""es"":""Nokia"",""fr"":""Nokia"",""ja"":""ノキア"",""it"":""Nokia"",""zh-CN"":""诺基亚"",""tr"":""Nokia"",""ru"":""Нокиа"",""uk"":""Нокіа"",""pl"":""Nokia"",""hi"":""नोकिया"",""ar"":""نوكيا""}",2022-09-01T01:55:16,2025-12-02T17:11:50,1,Q192870
153319,Nurmi,1506,11,74,FI,section,,,61.53779000,23.94178000,Nurmi,366,Europe/Helsinki,"{""br"":""Nurmi"",""ko"":""누르미"",""pt-BR"":""Nurmi"",""pt"":""Nurmi"",""nl"":""Nurmi"",""hr"":""Nurmi"",""fa"":""نورمی"",""de"":""Nurmi"",""es"":""Nurmi"",""fr"":""Nurmi"",""ja"":""ヌルミ"",""it"":""Nurmi"",""zh-CN"":""努尔米"",""tr"":""Nurmi"",""ru"":""Нурми"",""uk"":""Нурмі"",""pl"":""Nurmi"",""hi"":""नूरमी"",""ar"":""نورمي""}",2022-09-01T01:55:16,2025-12-02T17:11:50,1,Q26845699
153320,Nuutajärvi,1506,11,74,FI,city,,,61.04000000,23.43000000,Nuutajärvi,0,Europe/Helsinki,"{""br"":""Nuutajärvi"",""ko"":""누타야르비"",""pt-BR"":""Nuutajärvi"",""pt"":""Nuutajärvi"",""nl"":""Nuutajärvi"",""hr"":""Nuutajärvi"",""fa"":""نووتایروی"",""de"":""Nuutajärvi"",""es"":""Nuutajärvi"",""fr"":""Nuutajärvi"",""ja"":""ヌータヤルヴィ"",""it"":""Nuutajärvi"",""zh-CN"":""努塔耶尔维"",""tr"":""Nuutajärvi"",""ru"":""Нуутаярви"",""uk"":""Нуутаярві"",""pl"":""Nuutajärvi"",""hi"":""नुउताजार्वी"",""ar"":""نووتاجارفي""}",2022-09-01T01:55:16,2025-12-02T16:59:27,1,Q18682350
153321,Orivesi,1506,11,74,FI,adm3,,,61.67777778,24.35694444,Orivesi,8839,Europe/Helsinki,"{""br"":""Orivesi"",""ko"":""오리베시"",""pt-BR"":""Orivesi"",""pt"":""Orivesi"",""nl"":""Orivesi"",""hr"":""Orivesi"",""fa"":""اوریوسی"",""de"":""Orivesi"",""es"":""Orivesi"",""fr"":""Orivesi"",""ja"":""オリヴェシ"",""it"":""Orivesi"",""zh-CN"":""奥里韦西"",""tr"":""Orivesi"",""ru"":""Оривеси"",""uk"":""Орівезі"",""pl"":""Orivesi"",""hi"":""ओरिवेसी"",""ar"":""أوريفيسي""}",2022-09-01T01:55:16,2025-12-02T14:38:56,1,Q953081
153322,Osara,1506,11,74,FI,city,,,61.70866000,23.15871000,O'L,0,Europe/Helsinki,"{""br"":""Osara"",""ko"":""오사라"",""pt-BR"":""Osara"",""pt"":""Osara"",""nl"":""Osara"",""hr"":""Osara"",""fa"":""اوسارا"",""de"":""Osara"",""es"":""Osara"",""fr"":""Osara"",""ja"":""オサラ"",""it"":""Osara"",""zh-CN"":""奥萨拉"",""tr"":""Osara"",""ru"":""Осара"",""uk"":""Осара"",""pl"":""Osara"",""hi"":""ओसारा"",""ar"":""أوسارا""}",2022-09-01T01:55:16,2025-12-02T16:59:27,1,Q31087965
153323,Parkano,1506,11,74,FI,adm3,,,62.00972222,23.02500000,Parkano,6123,Europe/Helsinki,"{""br"":""Parkano"",""ko"":""파카노"",""pt-BR"":""Parkano"",""pt"":""Parkano"",""nl"":""Parkano"",""hr"":""Parkano"",""fa"":""پارکانو"",""de"":""Parkano"",""es"":""Parkano"",""fr"":""Parkano"",""ja"":""パルカノ"",""it"":""Parkano"",""zh-CN"":""帕卡诺"",""tr"":""Parkano"",""ru"":""Паркано"",""uk"":""Паркано"",""pl"":""Parkano"",""hi"":""पार्कानो"",""ar"":""باركانو""}",2022-09-01T01:55:16,2025-12-02T17:11:50,1,Q953070
153324,Pirkkala,1506,11,74,FI,section,,,61.46666667,23.65000000,Pirkkala,20763,Europe/Helsinki,"{""br"":""Pirkkala"",""ko"":""피르칼라"",""pt-BR"":""Pirkkala"",""pt"":""Pirkkala"",""nl"":""Pirkkala"",""hr"":""Pirkkala"",""fa"":""پیرکالا"",""de"":""Pirkkala"",""es"":""Pirkkala"",""fr"":""Pirkkala"",""ja"":""ピルカラ"",""it"":""Pirkkala"",""zh-CN"":""皮尔卡拉"",""tr"":""Pirkkala"",""ru"":""Пирккала"",""uk"":""Пірккала"",""pl"":""Pirkkala"",""hi"":""पिरक्काला"",""ar"":""بيركالا""}",2022-09-01T01:55:16,2025-12-02T17:11:50,1,Q853628
153325,Pispala,1506,11,74,FI,section,,,61.50611111,23.70250000,Pispala,1059,Europe/Helsinki,"{""br"":""Pispala"",""ko"":""피스팔라"",""pt-BR"":""Pispala"",""pt"":""Pispala"",""nl"":""Pispala"",""hr"":""Pišpala"",""fa"":""پیسپالا"",""de"":""Pispala"",""es"":""Pispala"",""fr"":""Pispala"",""ja"":""ピスパラ"",""it"":""Pispala"",""zh-CN"":""皮斯帕拉"",""tr"":""Pispala"",""ru"":""Писпала"",""uk"":""Піспала"",""pl"":""Pispala"",""hi"":""पिसपाला"",""ar"":""بيسبالا""}",2022-09-01T01:55:16,2025-12-02T14:39:31,1,Q3116516
153326,Pohjaslahti,1506,11,74,FI,city,,,62.15631000,24.13190000,Pohjaslahti,1006,Europe/Helsinki,"{""br"":""Pohjaslahti"",""ko"":""포흐자슬라티"",""pt-BR"":""Pohjaslahti"",""pt"":""Pohjaslahti"",""nl"":""Pohjaslahti"",""hr"":""Pohjaslahti"",""fa"":""پوهیاسلاهتی"",""de"":""Pohjaslahti"",""es"":""Pohjaslahti"",""fr"":""Pohjaslahti"",""ja"":""ポハスラティ"",""it"":""Pohjaslahti"",""zh-CN"":""波赫贾斯拉赫蒂"",""tr"":""Pohjaslahti"",""ru"":""Похьяслахти"",""uk"":""Пох'яслахті"",""pl"":""Pohjaslahti"",""hi"":""पोहजास्लाहटी"",""ar"":""بوهجاسلاهتي""}",2022-09-01T01:55:16,2025-12-02T16:59:27,1,Q11888451
153327,Punkalaidun,1506,11,74,FI,adm3,,,61.11166667,23.10500000,Punkalaidun,2650,Europe/Helsinki,"{""br"":""Punkalaidun"",""ko"":""푼칼라이둔"",""pt-BR"":""Punkalaidun"",""pt"":""Punkalaidun"",""nl"":""Punkalaidun"",""hr"":""Punkalaidun"",""fa"":""پونکالایدون"",""de"":""Punkalaidun"",""es"":""Punkalaidun"",""fr"":""Punkalaidun"",""ja"":""プンカラドゥン"",""it"":""Punkalaidun"",""zh-CN"":""蓬卡莱敦"",""tr"":""Punkalaidun"",""ru"":""Пункалайдун"",""uk"":""Пункалайдун"",""pl"":""Punkalaidun"",""hi"":""पुंकलैदुन"",""ar"":""بونكالايدون""}",2022-09-01T01:55:16,2025-12-02T17:11:50,1,Q1001932
153328,Pälkäne,1506,11,74,FI,city,,,61.35403000,24.51912000,Pälkäne,6337,Europe/Helsinki,"{""br"":""Pälkäne"",""ko"":""펠케네"",""pt-BR"":""Pälkäne"",""pt"":""Pälkäne"",""nl"":""Pälkäne"",""hr"":""Pälkäne"",""fa"":""پالکانه"",""de"":""Pälkäne"",""es"":""Pälkäne"",""fr"":""Pälkäne"",""ja"":""パルカネ"",""it"":""Pälkäne"",""zh-CN"":""帕尔卡内"",""tr"":""Pälkäne"",""ru"":""Пялькяне"",""uk"":""Пелкяне"",""pl"":""Pälkäne"",""hi"":""पाल्काने"",""ar"":""بالكان""}",2022-09-01T01:55:16,2025-12-02T16:59:27,1,Q374619
153329,Ruovesi,1506,11,74,FI,city,,,61.98333300,24.08333300,Ruovesi,4124,Europe/Helsinki,"{""br"":""Ruovesi"",""ko"":""루오베시"",""pt-BR"":""Ruovesi"",""pt"":""Ruovesi"",""nl"":""Ruovesi"",""hr"":""Ruovesi"",""fa"":""روووزی"",""de"":""Ruovesi"",""es"":""Ruovesi"",""fr"":""Ruovesi"",""ja"":""ルオヴェシ"",""it"":""Ruovesi"",""zh-CN"":""鲁奥韦西"",""tr"":""Ruovesi"",""ru"":""Руовеси"",""uk"":""Руовесі"",""pl"":""Ruovesi"",""hi"":""रुओवेसी"",""ar"":""رووفيسي""}",2022-09-01T01:55:16,2025-12-02T16:59:27,1,Q510636
153330,Sahalahti,1506,11,74,FI,city,,,61.46666667,24.31666667,Sahalahti,,Europe/Helsinki,"{""br"":""Sahalahti"",""ko"":""사할라티"",""pt-BR"":""Sahalahti"",""pt"":""Sahalahti"",""nl"":""Sahalahti"",""hr"":""Sahalahti"",""fa"":""سهالاختی"",""de"":""Sahalahti"",""es"":""Sahalahti"",""fr"":""Sahalahti"",""ja"":""サハラハティ"",""it"":""Sahalahti"",""zh-CN"":""萨哈拉赫蒂"",""tr"":""Sahalahti"",""ru"":""Сахалахти"",""uk"":""Сахалахті"",""pl"":""Sahalahti"",""hi"":""सहलाहती"",""ar"":""سهلاتي""}",2022-09-01T01:55:16,2025-12-02T17:11:50,1,Q280118
153331,Sastamala,1506,11,74,FI,city,,,61.34166667,22.90833333,Sastamala,23515,Europe/Helsinki,"{""br"":""Sastamala"",""ko"":""사스타말라"",""pt-BR"":""Sastamala"",""pt"":""Sastamala"",""nl"":""Sastamala"",""hr"":""Sastamala"",""fa"":""سستامالا"",""de"":""Sastamala"",""es"":""Sastamala"",""fr"":""Sastamala"",""ja"":""サスタマラ"",""it"":""Sastamala"",""zh-CN"":""萨斯塔马拉"",""tr"":""Sastamala"",""ru"":""Састамала"",""uk"":""Састамала"",""pl"":""Sastamala"",""hi"":""सास्टामाला"",""ar"":""ساستامالا""}",2022-09-01T01:55:16,2025-12-02T14:38:56,1,Q1001927
153332,Suodenniemi,1506,11,74,FI,city,,,61.55810000,22.78526000,Suodenniemi,1359,Europe/Helsinki,"{""br"":""Suodenniemi"",""ko"":""수오데니에미"",""pt-BR"":""Suodenniemi"",""pt"":""Suodenniemi"",""nl"":""Suodenniemi"",""hr"":""Suodenniemi"",""fa"":""سودنیمی"",""de"":""Suodenniemi"",""es"":""Suodenniemi"",""fr"":""Suodenniemi"",""ja"":""スオデンニエミ"",""it"":""Suodenniemi"",""zh-CN"":""芬兰"",""tr"":""Suodenniemi"",""ru"":""Суоденниеми"",""uk"":""Суоденніємі"",""pl"":""Suodenniemi"",""hi"":""सुओडेनिएमी"",""ar"":""سودينيمي""}",2022-09-01T01:55:16,2025-12-02T14:38:56,1,Q937668
153333,Suoniemi,1506,11,74,FI,city,,,61.44111111,23.21500000,Suoniemi,0,Europe/Helsinki,"{""br"":""Suoniemi"",""ko"":""수오니에미"",""pt-BR"":""Suoniemi"",""pt"":""Suoniemi"",""nl"":""Suoniemi"",""hr"":""Suoniemi"",""fa"":""سونیمی"",""de"":""Suoniemi"",""es"":""Suoniemi"",""fr"":""Suoniemi"",""ja"":""スオニエミ"",""it"":""Suoniemi"",""zh-CN"":""芬兰语"",""tr"":""Suoniemi"",""ru"":""Суониеми"",""uk"":""Суоніемі"",""pl"":""Suoniemi"",""hi"":""सुओनीमी"",""ar"":""سونييمي""}",2022-09-01T01:55:16,2025-12-02T16:59:27,1,Q3432479
153334,Sääksmäki,1506,11,74,FI,city,,,61.20000000,24.06666667,Sääksmäki,0,Europe/Helsinki,"{""br"":""Sääksmäki"",""ko"":""삭스마키"",""pt-BR"":""Sääksmäki"",""pt"":""Sääksmäki"",""nl"":""Sääksmäki"",""hr"":""Sääksmäki"",""fa"":""ساکسمکی"",""de"":""Sääksmäki"",""es"":""Sääksmäki"",""fr"":""Sääksmäki"",""ja"":""サークスマキ"",""it"":""Sääksmäki"",""zh-CN"":""萨克斯迈基"",""tr"":""Sääksmäki"",""ru"":""Sääksmäki"",""uk"":""Сяаксмякі"",""pl"":""Sääksmäki"",""hi"":""साक्समाकी"",""ar"":""ساكسماكى""}",2022-09-01T01:55:16,2025-12-02T16:59:27,1,Q606021
153335,Tampere,1506,11,74,FI,section,,,61.49805556,23.76000000,Tampperi,244315,Europe/Helsinki,"{""br"":""Tampere"",""ko"":""탐페레"",""pt-BR"":""Tampere"",""pt"":""Tampere"",""nl"":""Tampere"",""hr"":""Tampere"",""fa"":""تامپره"",""de"":""Tampere"",""es"":""Tampere"",""fr"":""Tampere"",""ja"":""タンペレ"",""it"":""Tampere"",""zh-CN"":""坦佩雷"",""tr"":""Tampere"",""ru"":""Тампере"",""uk"":""Тампере"",""pl"":""Tampere"",""hi"":""टाम्परे"",""ar"":""تامبيري""}",2022-09-01T01:55:16,2025-12-02T17:11:50,1,Q40840
153336,Teisko,1506,11,74,FI,section,,,61.67336111,23.84766944,Teisko,0,Europe/Helsinki,"{""br"":""Teisko"",""ko"":""테이스코"",""pt-BR"":""Teisko"",""pt"":""Teisko"",""nl"":""Teisko"",""hr"":""Teisko"",""fa"":""تیسکو"",""de"":""Teisko"",""es"":""Teisko"",""fr"":""Teisko"",""ja"":""テイスコ"",""it"":""Teisko"",""zh-CN"":""泰斯科"",""tr"":""Teisko"",""ru"":""Тейско"",""uk"":""Тейско"",""pl"":""Teisko"",""hi"":""तेइस्को"",""ar"":""تيسكو""}",2022-09-01T01:55:16,2025-12-02T17:11:50,1,Q11896798
153337,Toijala,1506,11,74,FI,section,,,61.16780000,23.83819000,Toijala,8348,Europe/Helsinki,"{""br"":""Toijala"",""ko"":""토이잘라"",""pt-BR"":""Toijala"",""pt"":""Toijala"",""nl"":""Toijala"",""hr"":""Toijala"",""fa"":""تویجالا"",""de"":""Toijala"",""es"":""Toijala"",""fr"":""Toijala"",""ja"":""トイジャラ"",""it"":""Toijala"",""zh-CN"":""托伊哈拉"",""tr"":""Toijala"",""ru"":""Тойяла"",""uk"":""Тойяла"",""pl"":""Toijala"",""hi"":""तोइजाला"",""ar"":""تويجالا""}",2022-09-01T01:55:16,2025-12-02T14:38:56,1,Q1850632
153338,Tottijärvi,1506,11,74,FI,city,,,61.39777778,23.34277778,Tottijärvi,0,Europe/Helsinki,"{""br"":""Tottijärvi"",""ko"":""토티예르비"",""pt-BR"":""Tottijärvi"",""pt"":""Tottijärvi"",""nl"":""Tottijärvi"",""hr"":""Tottijärvi"",""fa"":""توتیجاروی"",""de"":""Tottijärvi"",""es"":""Tottijärvi"",""fr"":""Tottijärvi"",""ja"":""トッティヤルヴィ"",""it"":""Tottijärvi"",""zh-CN"":""托蒂耶尔维"",""tr"":""Tottijärvi"",""ru"":""Тоттиярви"",""uk"":""Тоттіярві"",""pl"":""Tottijärvi"",""hi"":""टोट्टीजार्वी"",""ar"":""توتيارفي""}",2022-09-01T01:55:16,2025-12-02T16:59:27,1,Q3432686
153339,Urjala,1506,11,74,FI,city,,,61.08333333,23.55000000,Urjala,4568,Europe/Helsinki,"{""br"":""Urjala"",""ko"":""우르잘라"",""pt-BR"":""Urjala"",""pt"":""Urjala"",""nl"":""Urjala"",""hr"":""Urjala"",""fa"":""اورجالا"",""de"":""Urjala"",""es"":""Urjala"",""fr"":""Urjala"",""ja"":""ウルジャラ"",""it"":""Urjala"",""zh-CN"":""乌尔贾拉"",""tr"":""Urjala"",""ru"":""Урджала"",""uk"":""Урджала"",""pl"":""Urjala"",""hi"":""उर्जाला"",""ar"":""أورجالا""}",2022-09-01T01:55:16,2025-12-02T16:59:27,1,Q636459
153340,Valkeakoski,1506,11,74,FI,adm3,,,61.26666667,24.03055556,Valkeakoski,20694,Europe/Helsinki,"{""br"":""Valkeakoski"",""ko"":""발케아코스키"",""pt-BR"":""Valkeakoski"",""pt"":""Valkeakoski"",""nl"":""Valkeakoski"",""hr"":""Valkeakoski"",""fa"":""والکایکوسکی"",""de"":""Valkeakoski"",""es"":""Valkeakoski"",""fr"":""Valkeakoski"",""ja"":""ヴァルケアコスキ"",""it"":""Valkeakoski"",""zh-CN"":""瓦尔凯科斯基"",""tr"":""Valkeakoski"",""ru"":""Валкеакоски"",""uk"":""Валкеакоскі"",""pl"":""Valkeakoski"",""hi"":""वाल्केकोस्की"",""ar"":""فالكياكوسكي""}",2022-09-01T01:55:16,2025-12-02T14:38:56,1,Q322126
153341,Vammala,1506,11,74,FI,adm3,,,61.34027778,22.90972222,Vammala,,Europe/Helsinki,"{""br"":""Vammala"",""ko"":""바말라"",""pt-BR"":""Vammala"",""pt"":""Vammala"",""nl"":""Vammala"",""hr"":""Vammala"",""fa"":""وامالا"",""de"":""Vammala"",""es"":""Vammala"",""fr"":""Vammala"",""ja"":""ヴァンマラ"",""it"":""Vammala"",""zh-CN"":""瓦马拉"",""tr"":""Vammala"",""ru"":""Ваммала"",""uk"":""Ваммала"",""pl"":""Wammala"",""hi"":""वम्माला"",""ar"":""فامالا""}",2022-09-01T01:55:16,2025-12-02T17:11:50,1,Q996067
153342,Vesilahti,1506,11,74,FI,adm3,,,61.31666700,23.61666700,Vesilahti,4469,Europe/Helsinki,"{""br"":""Vesilahti"",""ko"":""베실라티"",""pt-BR"":""Vesilahti"",""pt"":""Vesilahti"",""nl"":""Vesilahti"",""hr"":""Vesilahti"",""fa"":""وسیلاختی"",""de"":""Vesilahti"",""es"":""Vesilahti"",""fr"":""Vesilahti"",""ja"":""ヴェシラハティ"",""it"":""Vesilahti"",""zh-CN"":""维西拉赫蒂"",""tr"":""Vesilahti"",""ru"":""Весилахти"",""uk"":""Весілахті"",""pl"":""Vesilahti"",""hi"":""वेसिलाहटी"",""ar"":""فيسيلاهتي""}",2022-09-01T01:55:16,2025-12-02T14:38:56,1,Q1009136
153343,Viiala,1506,11,74,FI,city,,,61.21023000,23.76738000,Viiala,5472,Europe/Helsinki,"{""br"":""Viiala"",""ko"":""비알라"",""pt-BR"":""Viiala"",""pt"":""Viiala"",""nl"":""Viiala"",""hr"":""Viiala"",""fa"":""ویالا"",""de"":""Viiala"",""es"":""Viiala"",""fr"":""Viiala"",""ja"":""ヴィヤラ"",""it"":""Viiala"",""zh-CN"":""维亚拉"",""tr"":""Viiala"",""ru"":""Вииала"",""uk"":""Віяла"",""pl"":""Viiala"",""hi"":""वियाला"",""ar"":""فيالا""}",2022-09-01T01:55:16,2025-12-02T14:39:31,1,Q654667
153344,Viljakkala,1506,11,74,FI,city,,,61.70601000,23.26688000,Viljakkala,2125,Europe/Helsinki,"{""br"":""Viljakkala"",""ko"":""빌자칼라"",""pt-BR"":""Viljakkala"",""pt"":""Viljakkala"",""nl"":""Viljakkala"",""hr"":""Viljakkala"",""fa"":""ویلیاکالا"",""de"":""Viljakkala"",""es"":""Viljakkala"",""fr"":""Viljakkala"",""ja"":""ヴィリャッカラ"",""it"":""Viljakkala"",""zh-CN"":""维尔贾卡拉"",""tr"":""Viljakkala"",""ru"":""Вильяккала"",""uk"":""Вільяккала"",""pl"":""Viljakkala"",""hi"":""विलजक्कला"",""ar"":""فيلياكالا""}",2022-09-01T01:55:16,2025-12-02T14:39:31,1,Q2307308
153345,Vilppula,1506,11,74,FI,adm3,,,62.02121000,24.50483000,Vilppula,5354,Europe/Helsinki,"{""br"":""Vilppula"",""ko"":""빌풀라"",""pt-BR"":""Vilppula"",""pt"":""Vilppula"",""nl"":""Vilppula"",""hr"":""Vilppula"",""fa"":""ویلپولا"",""de"":""Vilppula"",""es"":""Vilppula"",""fr"":""Vilppula"",""ja"":""ヴィルプラ"",""it"":""Vilppula"",""zh-CN"":""维尔普拉"",""tr"":""Vilppula"",""ru"":""Вилппула"",""uk"":""Вільппула"",""pl"":""Vilppula"",""hi"":""विल्पुला"",""ar"":""فيلبولا""}",2022-09-01T01:55:16,2025-12-02T14:38:56,1,Q1264422
153346,Virrat,1506,11,74,FI,adm3,,,62.24027778,23.77083333,Virrat,6275,Europe/Helsinki,"{""br"":""Virrat"",""ko"":""비라트"",""pt-BR"":""Virrat"",""pt"":""Virrat"",""nl"":""Virrat"",""hr"":""Virrat"",""fa"":""ویرات"",""de"":""Virrat"",""es"":""Virrat"",""fr"":""Virrat"",""ja"":""ヴィラット"",""it"":""Virrat"",""zh-CN"":""维拉特"",""tr"":""Virrat"",""ru"":""Виррат"",""uk"":""Віррат"",""pl"":""Virrat"",""hi"":""विराट"",""ar"":""فيرات""}",2022-09-01T01:55:16,2025-12-02T17:11:50,1,Q938820
153347,Vuores,1506,11,74,FI,section,,,61.43100000,23.81184000,Vuores,7449,Europe/Helsinki,"{""br"":""Vuores"",""ko"":""부오레스"",""pt-BR"":""Vuores"",""pt"":""Vuores"",""nl"":""Vuores"",""hr"":""Vuores"",""fa"":""وورس"",""de"":""Vuores"",""es"":""Vuores"",""fr"":""Vuores"",""ja"":""ヴオレス"",""it"":""Vuores"",""zh-CN"":""沃雷斯"",""tr"":""Vuores"",""ru"":""Вуорес"",""uk"":""Вуорес"",""pl"":""Vuores"",""hi"":""वुओरेस"",""ar"":""فووريس""}",2022-09-01T01:55:16,2025-12-02T14:38:56,1,Q11901997
153348,Ylöjärvi,1506,11,74,FI,adm3,,,61.55000000,23.58333333,Ylöjärvi,33653,Europe/Helsinki,"{""br"":""Ylöjärvi"",""ko"":""일뢰예르비"",""pt-BR"":""Ylöjärvi"",""pt"":""Ylöjärvi"",""nl"":""Ylöjärvi"",""hr"":""Ylöjärvi"",""fa"":""یلویاروی"",""de"":""Ylöjärvi"",""es"":""Ylöjärvi"",""fr"":""Ylöjärvi"",""ja"":""ユロヤルヴィ"",""it"":""Ylöjärvi"",""zh-CN"":""于勒耶尔维"",""tr"":""Ylöjärvi"",""ru"":""Юлёярви"",""uk"":""Юльоярві"",""pl"":""Ylöjärvi"",""hi"":""यलोजार्वी"",""ar"":""يلوجارفي""}",2022-09-01T01:55:16,2025-12-02T17:11:50,1,Q543800
153349,Äetsä,1506,11,74,FI,city,,,61.28333000,22.68333000,Äetsä,,Europe/Helsinki,"{""br"":""Äetsä"",""ko"":""에테사"",""pt-BR"":""Äetsä"",""pt"":""Äetsä"",""nl"":""Äetsä"",""hr"":""Äetsä"",""fa"":""اتسا"",""de"":""Äetsä"",""es"":""Äetsä"",""fr"":""Äetsä"",""ja"":""アーツァ"",""it"":""Äetsä"",""zh-CN"":""艾特萨"",""tr"":""Äetsä"",""ru"":""Äetsä"",""uk"":""Ается"",""pl"":""Äetsä"",""hi"":""Äetsä"",""ar"":""Äetsä""}",2022-09-01T01:55:16,2025-12-02T16:59:27,1,Q252873
