id,name,state_id,state_code,country_id,country_code,type,level,parent_id,latitude,longitude,native,population,timezone,translations,created_at,updated_at,flag,wikiDataId
76409,Alor Gajah,1941,04,132,MY,city,,,2.38040000,102.20890000,Alor Gajah,20163,Asia/Kuala_Lumpur,"{""br"":""Alor Gajah"",""ko"":""알로르 가자"",""pt-BR"":""Alor Gajah"",""pt"":""Alor Gajah"",""nl"":""Alor Gajah"",""hr"":""Alor Gajah"",""fa"":""آلور گاجه"",""de"":""Alor Gajah"",""es"":""Alor Gajah"",""fr"":""Alor Gajah"",""ja"":""アロール・ガジャ"",""it"":""Alor Gajah"",""zh-CN"":""亚罗牙也"",""tr"":""Alor Gajah"",""ru"":""Алор Гаджа"",""uk"":""Алор Гаджах"",""pl"":""Alor Gajah"",""hi"":""अलोर गजह"",""ar"":""ألور جاجاه""}",2019-10-06T10:10:34,2025-12-02T14:38:56,1,Q2251607
76410,Alor Setar,1947,02,132,MY,adm1,,,6.12104000,100.36014000,Alor Setar,417800,Asia/Kuala_Lumpur,"{""br"":""Alor Setar"",""ko"":""알로르 세타르"",""pt-BR"":""Alor Setar"",""pt"":""Alor Setar"",""nl"":""Alor Setar"",""hr"":""Alor Setar"",""fa"":""سه تار آلور"",""de"":""Alor Setar"",""es"":""Alor Setar"",""fr"":""Alor Setar"",""ja"":""アロールスター"",""it"":""Alor Setar"",""zh-CN"":""亚罗士打"",""tr"":""Alor Setar"",""ru"":""Алор Сетар"",""uk"":""Алор Сетар"",""pl"":""Alor Setar"",""hi"":""अलोर सेटर"",""ar"":""ألور سيتار""}",2019-10-06T10:10:34,2025-12-02T14:39:31,1,Q474868
76411,Ampang,1944,10,132,MY,city,,,3.15000000,101.76667000,Ampang,126285,Asia/Kuala_Lumpur,"{""br"":""Ampang"",""ko"":""암팡"",""pt-BR"":""Ampang"",""pt"":""Ampang"",""nl"":""Ampang"",""hr"":""Ampang"",""fa"":""آمپانگ"",""de"":""Ampang"",""es"":""Ampang"",""fr"":""Ampang"",""ja"":""アンパン"",""it"":""Ampang"",""zh-CN"":""安邦"",""tr"":""Ampang"",""ru"":""Ампанг"",""uk"":""Ампанг"",""pl"":""Ampang"",""hi"":""अम्पांग"",""ar"":""أمبانج""}",2019-10-06T10:10:34,2025-12-02T14:39:31,1,Q474868
76412,Ayer Hangat,1947,02,132,MY,city,,,6.42062000,99.82199000,Ayer Hangat,10000,Asia/Kuala_Lumpur,"{""br"":""Ayer Hangat"",""ko"":""아이르 항갓"",""pt-BR"":""Ayer Hangat"",""pt"":""Ayer Hangat"",""nl"":""Ayer Hangat"",""hr"":""Ayer Hangat"",""fa"":""آیر هانگت"",""de"":""Ayer Hangat"",""es"":""Ayer Hangat"",""fr"":""Ayer Hangat"",""ja"":""アイヤー・ハンガット"",""it"":""Ayer Hangat"",""zh-CN"":""亚逸杭加"",""tr"":""Ayer Hangat"",""ru"":""Айер Хангат"",""uk"":""Айєр Хангат"",""pl"":""Ayer Hangat"",""hi"":""आयर हंगत"",""ar"":""آير هانجات""}",2019-10-06T10:10:34,2025-12-02T14:38:56,1,Q474868
76413,Bagan Pulau Ketam,1944,10,132,MY,city,,,3.01667000,101.26667000,Bagan Pulau Ketam,2000,Asia/Kuala_Lumpur,"{""br"":""Bagan Pulau Ketam"",""ko"":""바간 풀라우 케탐"",""pt-BR"":""Bagan Pulau Ketam"",""pt"":""Bagan Pulau Ketam"",""nl"":""Bagan Pulau Ketam"",""hr"":""Bagan Pulau Ketam"",""fa"":""باگان پولائو کتام"",""de"":""Bagan Pulau Ketam"",""es"":""Bagan Pulau Ketam"",""fr"":""Bagan Pulau Ketam"",""ja"":""バガン プラウ ケタム"",""it"":""Bagan Pulau Ketam"",""zh-CN"":""巴眼吉胆岛"",""tr"":""Bagan Pulau Ketam"",""ru"":""Bagan Pulau Ketam"",""uk"":""Баган Пулау Кетам"",""pl"":""Bagan Pulau Ketam"",""hi"":""बागान पुलाऊ केतम"",""ar"":""باغان بولاو كيتام""}",2019-10-06T10:10:34,2025-12-02T14:38:56,1,Q474868
76414,Bagan Serai,1943,08,132,MY,city,,,5.01080000,100.54101000,Bagan Serai,20476,Asia/Kuala_Lumpur,"{""br"":""Bagan Serai"",""ko"":""바간 세라이"",""pt-BR"":""Bagan Serai"",""pt"":""Bagan Serai"",""nl"":""Bagan Serai"",""hr"":""Bagan Serai"",""fa"":""سرای باگان"",""de"":""Bagan Serai"",""es"":""Serai de Bagan"",""fr"":""Bagan Serai"",""ja"":""バガンセライ"",""it"":""Bagan Serai"",""zh-CN"":""巴眼士乃"",""tr"":""Bagan Sarayı"",""ru"":""Баган Серай"",""uk"":""Баган Серай"",""pl"":""Bagan Serai"",""hi"":""बागान सेराई"",""ar"":""باغان سيراي""}",2019-10-06T10:10:34,2025-12-02T14:38:56,1,Q474868
76415,Bahau,1948,05,132,MY,city,,,2.80790000,102.40490000,Bahau,31273,Asia/Kuala_Lumpur,"{""br"":""Bahau"",""ko"":""바하우"",""pt-BR"":""Bahau"",""pt"":""Bahau"",""nl"":""Bahau"",""hr"":""Bahau"",""fa"":""بهائو"",""de"":""Bahau"",""es"":""Bahau"",""fr"":""Bahau"",""ja"":""バハウ"",""it"":""Bahau"",""zh-CN"":""马口"",""tr"":""Bahau"",""ru"":""Бахау"",""uk"":""Бахау"",""pl"":""Bahau"",""hi"":""बहाउ"",""ar"":""بهاو""}",2019-10-06T10:10:34,2025-12-02T14:38:56,1,Q2246812
76416,Bakri,1950,01,132,MY,city,,,2.04410000,102.65270000,Bakri,30280,Asia/Kuala_Lumpur,"{""br"":""Bakri"",""ko"":""바크리"",""pt-BR"":""Bakri"",""pt"":""Bakri"",""nl"":""Bakri"",""hr"":""Bakri"",""fa"":""بکری"",""de"":""Bakri"",""es"":""Bakri"",""fr"":""Bakri"",""ja"":""バクリ"",""it"":""Bakri"",""zh-CN"":""巴克里"",""tr"":""Bakri"",""ru"":""Бакри"",""uk"":""Бакрі"",""pl"":""Bakri"",""hi"":""बाकरी"",""ar"":""بكري""}",2019-10-06T10:10:34,2025-12-02T14:39:31,1,Q2251637
76417,Bandar Labuan,1936,12,132,MY,city,,,5.28883000,115.26924000,Bandar Labuan,54752,Asia/Kuching,"{""br"":""Bandar Labuan"",""ko"":""반다르 라부안"",""pt-BR"":""Bandar Labuan"",""pt"":""Bandar Labuan"",""nl"":""Bandar Labuan"",""hr"":""Bandar Labuan"",""fa"":""بندر لابوان"",""de"":""Bandar Labuan"",""es"":""Bandar Labuan"",""fr"":""Bandar Labuan"",""ja"":""バンダル・ラブアン"",""it"":""Bandar Labuan"",""zh-CN"":""班达尔纳闽"",""tr"":""Bandar Labuan"",""ru"":""Бандар-Лабуан"",""uk"":""Бандар Лабуан"",""pl"":""Bandar Labuan"",""hi"":""बंदर लाबुआन"",""ar"":""بندر لابوان""}",2019-10-06T10:10:34,2025-12-02T14:39:55,1,Q2251637
76418,Banting,1944,10,132,MY,city,,,2.81360000,101.50185000,Banting,48240,Asia/Kuala_Lumpur,"{""br"":""Kantañ"",""ko"":""들소"",""pt-BR"":""Banting"",""pt"":""Banting"",""nl"":""Banting"",""hr"":""Šegačenje"",""fa"":""بانتینگ"",""de"":""Banting"",""es"":""Banting"",""fr"":""Banting"",""ja"":""バンティング"",""it"":""Banting"",""zh-CN"":""班廷"",""tr"":""Bantlama"",""ru"":""Бантинг"",""uk"":""Бантінг"",""pl"":""Kuracja odtłuszczająca"",""hi"":""बैंटिंग"",""ar"":""بانتينغ""}",2019-10-06T10:10:34,2025-12-02T14:38:56,1,Q1106689
76419,Batang Berjuntai,1944,10,132,MY,city,,,3.38333000,101.41667000,Batang Berjuntai,20001,Asia/Kuala_Lumpur,"{""br"":""Batang Berjuntai"",""ko"":""바탕 베르준타이"",""pt-BR"":""Batang Berjuntai"",""pt"":""Batang Berjuntai"",""nl"":""Batang Berjuntai"",""hr"":""Batang Berjuntai"",""fa"":""باتانگ برجونتای"",""de"":""Batang Berjuntai"",""es"":""Batang Berjuntai"",""fr"":""Batang Berjuntai"",""ja"":""バタン・ベルジュンタイ"",""it"":""Batang Berjuntai"",""zh-CN"":""巴当贝尔戎泰"",""tr"":""Batang Berjuntai"",""ru"":""Батанг Берджунтай"",""uk"":""Батанг Берджунтай"",""pl"":""Batang Berjuntai"",""hi"":""बटांग बेरजुंताई"",""ar"":""باتانج بيرجونتاي""}",2019-10-06T10:10:35,2025-12-02T14:39:31,1,Q1106689
76420,Batu Arang,1944,10,132,MY,city,,,3.31667000,101.46667000,Batu Arang,22579,Asia/Kuala_Lumpur,"{""br"":""Batu Arang"",""ko"":""바투 아랑"",""pt-BR"":""Batu Arang"",""pt"":""Batu Arang"",""nl"":""Batu Arang"",""hr"":""Batu Arang"",""fa"":""باتو آرانگ"",""de"":""Batu Arang"",""es"":""Batu Arang"",""fr"":""Batu Arang"",""ja"":""バトゥ・アラン"",""it"":""Batu Arang"",""zh-CN"":""巴都阿朗"",""tr"":""Batu Arang"",""ru"":""Бату Аранг"",""uk"":""Бату Аранг"",""pl"":""Batu Arang"",""hi"":""बाटू आरंग"",""ar"":""باتو أرانج""}",2019-10-06T10:10:35,2025-12-02T14:38:56,1,Q2155680
76421,Batu Berendam,1941,04,132,MY,city,,,2.24870000,102.24600000,Batu Berendam,25028,Asia/Kuala_Lumpur,"{""br"":""Batu Berendam"",""ko"":""바투 베렌담"",""pt-BR"":""Batu Berendam"",""pt"":""Batu Berendam"",""nl"":""Batu Berendam"",""hr"":""Batu Berendam"",""fa"":""باتو برندام"",""de"":""Batu Berendam"",""es"":""Batu Berendam"",""fr"":""Batu Berendam"",""ja"":""バトゥ・ベレンダム"",""it"":""Batu Berendam"",""zh-CN"":""巴都伯伦丹"",""tr"":""Batu Berendam"",""ru"":""Бату Берендам"",""uk"":""Бату Берендам"",""pl"":""Batu Berendam"",""hi"":""बाटू बेरेंडम"",""ar"":""باتو بيريندام""}",2019-10-06T10:10:35,2025-12-02T14:38:56,1,Q2621054
76422,Batu Feringgi,1939,07,132,MY,city,,,5.47090000,100.24529000,Batu Feringgi,20000,Asia/Kuala_Lumpur,"{""br"":""Batu Feringgi"",""ko"":""바투 페링기"",""pt-BR"":""Batu Feringgi"",""pt"":""Batu Feringgi"",""nl"":""Batu Feringgi"",""hr"":""Batu Feringgi"",""fa"":""باتو فرینگی"",""de"":""Batu Feringgi"",""es"":""Batu Feringgi"",""fr"":""Batu Feringgi"",""ja"":""バトゥ・フェリンギ"",""it"":""Batu Feringgi"",""zh-CN"":""峇都丁宜"",""tr"":""Batu Feringgi"",""ru"":""Бату Феринги"",""uk"":""Бату Ферінггі"",""pl"":""Batu Feringgi"",""hi"":""बाटू फेरिंग्गी"",""ar"":""باتو فيرينجي""}",2019-10-06T10:10:35,2025-12-02T14:39:31,1,Q4873309
76423,Batu Gajah,1943,08,132,MY,city,,,4.46916000,101.04107000,Batu Gajah,46183,Asia/Kuala_Lumpur,"{""br"":""Batu Gajah"",""ko"":""바투 가자"",""pt-BR"":""Batu Gajah"",""pt"":""Batu Gajah"",""nl"":""Batu Gajah"",""hr"":""Batu Gajah"",""fa"":""باتو گاجا"",""de"":""Batu Gajah"",""es"":""Batu Gajah"",""fr"":""Batu Gajah"",""ja"":""バトゥ・ガジャ"",""it"":""Batu Gajah"",""zh-CN"":""华都牙也"",""tr"":""Batu Gajah"",""ru"":""Бату Гаджа"",""uk"":""Бату-Ґаджах"",""pl"":""Batu Gajah"",""hi"":""बटू गजह"",""ar"":""باتو غاجاه""}",2019-10-06T10:10:35,2025-12-02T14:38:56,1,Q1917064
76424,Batu Pahat,1950,01,132,MY,city,,,1.85480000,102.93250000,Batu Pahat,140000,Asia/Kuala_Lumpur,"{""br"":""Batu Pahat"",""ko"":""바투 파핫"",""pt-BR"":""Batu Pahat"",""pt"":""Batu Pahat"",""nl"":""Batu Pahat"",""hr"":""Batu Pahat"",""fa"":""باتو پاهات"",""de"":""Batu Pahat"",""es"":""Batu Pahat"",""fr"":""Batu Pahat"",""ja"":""バトゥ・パハット"",""it"":""Batu Pahat"",""zh-CN"":""峇株巴辖"",""tr"":""Batu Pahat"",""ru"":""Бату Пахат"",""uk"":""Бату Пахат"",""pl"":""Batu Pahat"",""hi"":""बटू पहाट"",""ar"":""باتو باهات""}",2019-10-06T10:10:35,2025-12-02T14:38:56,1,Q2891912
76425,Beaufort,1936,12,132,MY,city,,,5.34730000,115.74550000,Beaufort,15855,Asia/Kuching,"{""br"":""Beaufort"",""ko"":""보퍼트"",""pt-BR"":""Beaufort"",""pt"":""Beaufort"",""nl"":""Beaufort"",""hr"":""Beaufort"",""fa"":""بوفورت"",""de"":""Beaufort"",""es"":""Beaufort"",""fr"":""Beaufort"",""ja"":""ボーフォート"",""it"":""Beaufort"",""zh-CN"":""博福特"",""tr"":""Beaufort"",""ru"":""Бофорт"",""uk"":""Бофорт"",""pl"":""Beaufort"",""hi"":""ब्यूफोर्ट"",""ar"":""بوفورت""}",2019-10-06T10:10:35,2025-12-02T14:39:55,1,Q2891912
76426,Bedong,1947,02,132,MY,city,,,5.72743000,100.50876000,Bedong,47585,Asia/Kuala_Lumpur,"{""br"":""Bedong"",""ko"":""베동"",""pt-BR"":""Bedong"",""pt"":""Bedong"",""nl"":""Bedong"",""hr"":""Bedong"",""fa"":""بدونگ"",""de"":""Bedong"",""es"":""Bedong"",""fr"":""Bedong"",""ja"":""ベドン"",""it"":""Bedong"",""zh-CN"":""贝东"",""tr"":""Bedong"",""ru"":""Бедонг"",""uk"":""Бедонг"",""pl"":""Bedong"",""hi"":""बेडोंग"",""ar"":""بيدونغ""}",2019-10-06T10:10:35,2025-12-02T14:38:56,1,Q2261703
76427,Bemban,1941,04,132,MY,city,,,2.26840000,102.37460000,Bemban,14329,Asia/Kuala_Lumpur,"{""br"":""Bemban"",""ko"":""벰반"",""pt-BR"":""Bemban"",""pt"":""Bemban"",""nl"":""Bemban"",""hr"":""Bemban"",""fa"":""بمبان"",""de"":""Bemban"",""es"":""Bemban"",""fr"":""Bemban"",""ja"":""ベンバン"",""it"":""Bemban"",""zh-CN"":""文班"",""tr"":""Bemban"",""ru"":""Бембан"",""uk"":""Бембан"",""pl"":""Bemban"",""hi"":""बेम्बान"",""ar"":""بيمبان""}",2019-10-06T10:10:35,2025-12-02T14:38:56,1,Q2261703
76428,Bentong Town,1940,06,132,MY,city,,,3.52229000,101.90866000,Bentong Town,49213,Asia/Kuala_Lumpur,"{""br"":""Kêr Bentong"",""ko"":""벤통 타운"",""pt-BR"":""Cidade de Bentong"",""pt"":""Cidade de Bentong"",""nl"":""Bentong-stad"",""hr"":""Grad Bentong"",""fa"":""شهر بنتونگ"",""de"":""Bentong-Stadt"",""es"":""Ciudad de Bentong"",""fr"":""Ville de Bentong"",""ja"":""ベントンタウン"",""it"":""Città di Bentong"",""zh-CN"":""文冬镇"",""tr"":""Bentong Kasabası"",""ru"":""Бентонг Таун"",""uk"":""Бентонг-Таун"",""pl"":""Miasto Bentong"",""hi"":""बेंटोंग टाउन"",""ar"":""مدينة بينتونغ""}",2019-10-06T10:10:35,2025-12-02T14:38:56,1,Q2261703
76429,Bidur,1943,08,132,MY,city,,,4.11667000,101.28333000,Bidur,30016,Asia/Kuala_Lumpur,"{""br"":""Bidur"",""ko"":""비두르"",""pt-BR"":""Bidur"",""pt"":""Bidur"",""nl"":""Bidur"",""hr"":""Bidur"",""fa"":""بیدور"",""de"":""Bidur"",""es"":""Bidur"",""fr"":""Bidur"",""ja"":""ビドゥール"",""it"":""Bidur"",""zh-CN"":""比杜尔"",""tr"":""Bidur"",""ru"":""Бидур"",""uk"":""Бідур"",""pl"":""Bidur"",""hi"":""बिदुर"",""ar"":""بيدور""}",2019-10-06T10:10:35,2025-12-02T14:39:31,1,Q1010806
76430,Bintulu,1937,13,132,MY,city,,,3.16667000,113.03333000,Bintulu,151617,Asia/Kuching,"{""br"":""Bintulu"",""ko"":""빈툴루"",""pt-BR"":""Bintulu"",""pt"":""Bintulu"",""nl"":""Bintulu"",""hr"":""Bintulu"",""fa"":""بینتولو"",""de"":""Bintulu"",""es"":""Bintulu"",""fr"":""Bintulu"",""ja"":""ビントゥル"",""it"":""Bintulu"",""zh-CN"":""民都鲁"",""tr"":""Bintulu"",""ru"":""Бинтулу"",""uk"":""Бінтулу"",""pl"":""Bintulu"",""hi"":""बिंटुलु"",""ar"":""بينتولو""}",2019-10-06T10:10:35,2025-12-02T14:39:55,1,Q594209
76431,Bukit Mertajam,1939,07,132,MY,city,,,5.36301000,100.46670000,Bukit Mertajam,212329,Asia/Kuala_Lumpur,"{""br"":""Bukit Mertajam"",""ko"":""부킷 메르타잠"",""pt-BR"":""Bukit Mertajam"",""pt"":""Bukit Mertajam"",""nl"":""Bukit Mertajam"",""hr"":""Bukit Mertajam"",""fa"":""بوکیت مرتاجام"",""de"":""Bukit Mertajam"",""es"":""Bukit Mertajam"",""fr"":""Bukit Mertajam"",""ja"":""ブキット・メルタジャム"",""it"":""Bukit Mertajam"",""zh-CN"":""大山脚"",""tr"":""Bukit Mertajam"",""ru"":""Букит Мертаджам"",""uk"":""Букіт Мертаджам"",""pl"":""Bukit Mertajam"",""hi"":""बुकित मेर्टाजम"",""ar"":""بوكيت ميرتاجام""}",2019-10-06T10:10:36,2025-12-02T14:38:56,1,Q2158697
76432,Bukit Rambai,1941,04,132,MY,city,,,2.25940000,102.18380000,Bukit Rambai,17391,Asia/Kuala_Lumpur,"{""br"":""Bukit Rambai"",""ko"":""부킷 람바이"",""pt-BR"":""Bukit Rambai"",""pt"":""Bukit Rambai"",""nl"":""Bukit Rambai"",""hr"":""Bukit Rambai"",""fa"":""بوکیت رامبای"",""de"":""Bukit Rambai"",""es"":""Bukit Rambai"",""fr"":""Bukit Rambai"",""ja"":""ブキット・ランバイ"",""it"":""Bukit Rambai"",""zh-CN"":""武吉兰拜"",""tr"":""Bukit Rambai"",""ru"":""Букит Рамбаи"",""uk"":""Букіт Рамбай"",""pl"":""Bukit Rambai"",""hi"":""बुकित रामबाई"",""ar"":""بوكيت رامباي""}",2019-10-06T10:10:36,2025-12-02T14:38:56,1,Q2158697
76433,Buloh Kasap,1950,01,132,MY,city,,,2.55360000,102.76400000,Buloh Kasap,13088,Asia/Kuala_Lumpur,"{""br"":""Buloh Kasap"",""ko"":""불로 카삽"",""pt-BR"":""Buloh Kasap"",""pt"":""Buloh Kasap"",""nl"":""Buloh Kasap"",""hr"":""Buloh Kasap"",""fa"":""بولوه کاساپ"",""de"":""Buloh Kasap"",""es"":""Buloh Kasap"",""fr"":""Buloh Kasap"",""ja"":""ブロー・カサップ"",""it"":""Buloh Kasap"",""zh-CN"":""布洛·卡萨普"",""tr"":""Buloh Kasap"",""ru"":""Булох Касап"",""uk"":""Булох Касап"",""pl"":""Buloh Kasap"",""hi"":""बुलोह कसाप"",""ar"":""بولوه كاساب""}",2019-10-06T10:10:36,2025-12-02T14:38:56,1,Q2158697
76434,Butterworth,1939,07,132,MY,city,,,5.39910000,100.36382000,Butterworth,107591,Asia/Kuala_Lumpur,"{""br"":""Butterworth"",""ko"":""버터워스"",""pt-BR"":""Butterworth"",""pt"":""Butterworth"",""nl"":""Butterworth"",""hr"":""Butterworth"",""fa"":""باترورث"",""de"":""Butterworth"",""es"":""Butterworth"",""fr"":""Butterworth"",""ja"":""バターワース"",""it"":""Butterworth"",""zh-CN"":""巴特沃斯"",""tr"":""Butterworth"",""ru"":""Баттерворт"",""uk"":""Баттерворт"",""pl"":""Butterworth"",""hi"":""बटरवर्थ"",""ar"":""باتروورث""}",2019-10-06T10:10:36,2025-12-02T14:38:56,1,Q1018159
76435,Chaah,1950,01,132,MY,city,,,2.24900000,103.04800000,Chaah,11844,Asia/Kuala_Lumpur,"{""br"":""Chaah"",""ko"":""차아"",""pt-BR"":""Chaah"",""pt"":""Chaah"",""nl"":""Chaah"",""hr"":""Čaa"",""fa"":""چاه"",""de"":""Chaah"",""es"":""Chaah"",""fr"":""Chaah"",""ja"":""チャア"",""it"":""Chaah"",""zh-CN"":""查阿"",""tr"":""Chaah"",""ru"":""Чаа"",""uk"":""Чаа"",""pl"":""Chaah"",""hi"":""चाह"",""ar"":""تشاه""}",2019-10-06T10:10:36,2025-12-02T14:38:56,1,Q1018159
76436,Cukai,1942,11,132,MY,city,,,4.25000000,103.41667000,Cukai,82425,Asia/Kuala_Lumpur,"{""br"":""Cukai"",""ko"":""쿠카이"",""pt-BR"":""Cukai"",""pt"":""Cukai"",""nl"":""Cukai"",""hr"":""Cukai"",""fa"":""کوکای"",""de"":""Cukai"",""es"":""Cukai"",""fr"":""Cukai"",""ja"":""クカイ"",""it"":""Cukai"",""zh-CN"":""库凯"",""tr"":""Cukai"",""ru"":""Кукай"",""uk"":""Цукай"",""pl"":""Cukai"",""hi"":""कुकाई"",""ar"":""كوكاي""}",2019-10-06T10:10:36,2025-12-02T14:39:31,1,Q2546441
76437,Daerah Batu Pahat,1950,01,132,MY,city,,,1.93333000,103.00000000,Kawasan batu,13000,Asia/Kuala_Lumpur,"{""br"":""Daerah Batu Pahat"",""ko"":""다에라 바투 파핫"",""pt-BR"":""Daerah Batu Pahat"",""pt"":""Daerah Batu Pahat"",""nl"":""Daerah Batu Pahat"",""hr"":""Daerah Batu Pahat"",""fa"":""دارح باتو پاهات"",""de"":""Daerah Batu Pahat"",""es"":""Daerah Batu Pahat"",""fr"":""Daerah Batu Pahat"",""ja"":""ダエラ・バトゥ・パハット"",""it"":""Daerah Batu Pahat"",""zh-CN"":""峇株巴辖县"",""tr"":""Daerah Batu Pahat"",""ru"":""Даэра Бату Пахат"",""uk"":""Даера Бату Пахат"",""pl"":""Daerah Batu Pahat"",""hi"":""दाएरा बटू पाहत"",""ar"":""Daerah Batu Pahat""}",2019-10-06T10:10:36,2025-12-02T14:39:31,1,Q2306850
76438,Daerah Johor Baharu,1950,01,132,MY,city,,,1.65000000,103.60000000,Daerah Johor Baharu,63762,Asia/Kuala_Lumpur,"{""br"":""Daerah Johor Baharu"",""ko"":""다에라 조호르 바하루"",""pt-BR"":""Daerah Johor Baharu"",""pt"":""Daerah Johor Baharu"",""nl"":""Daerah Johor Baharu"",""hr"":""Daerah Johor Baharu"",""fa"":""دیره جوهور بهارو"",""de"":""Daerah Johor Baharu"",""es"":""Daerah Johor Baharu"",""fr"":""Daerah Johor Baharu"",""ja"":""ジョホール州バハル"",""it"":""Daerah Johor Baharu"",""zh-CN"":""柔佛巴鲁区"",""tr"":""Daerah Johor Baharu"",""ru"":""Дэра Джохор Бахару"",""uk"":""Даера Джохор Бахару"",""pl"":""Daerah Johor Baharu"",""hi"":""डायरा जोहोर बहारू"",""ar"":""ديرة جوهر بهارو""}",2019-10-06T10:10:36,2025-12-02T14:39:31,1,Q2193190
76439,Daerah Keluang,1950,01,132,MY,city,,,2.20000000,103.33333000,Daerah Keluang,,Asia/Kuala_Lumpur,"{""br"":""Daerah Keluang"",""ko"":""다에라 켈루앙"",""pt-BR"":""Daerah Keluang"",""pt"":""Daerah Keluang"",""nl"":""Daerah Keluang"",""hr"":""Daerah Keluang"",""fa"":""دِراه کِلوآنگ"",""de"":""Daerah Keluang"",""es"":""Daerah Keluang"",""fr"":""Daerah Keluang"",""ja"":""ダエラ・ケルアン"",""it"":""Daerah Keluang"",""zh-CN"":""居銮县"",""tr"":""Daerah Keluang"",""ru"":""Дэрах Келуанг"",""uk"":""Даера Келуанг"",""pl"":""Daerah Keluang"",""hi"":""डेराह केलुआंग"",""ar"":""ديرا كيلوانغ""}",2019-10-06T10:10:36,2025-12-02T17:11:50,1,Q12683379
76440,Daerah Kota Tinggi,1950,01,132,MY,city,,,1.81667000,103.96667000,Kawasan bandar tinggi,1441,Asia/Kuala_Lumpur,"{""br"":""Daerah Kota Tinggi"",""ko"":""다에라 코타 팅기"",""pt-BR"":""Daerah Kota Tinggi"",""pt"":""Daerah Kota Tinggi"",""nl"":""Daerah Kota Tinggi"",""hr"":""Daerah Kota Tinggi"",""fa"":""دائرا کوتا تینگی"",""de"":""Daerah Kota Tinggi"",""es"":""Daerah Kota Tinggi"",""fr"":""Daerah Kota Tinggi"",""ja"":""ダエラ・コタ・ティンギ"",""it"":""Daerah Kota Tinggi"",""zh-CN"":""哥打丁宜县"",""tr"":""Daerah Kota Tinggi"",""ru"":""Даэра Кота Тингги"",""uk"":""Даера Кота Тінггі"",""pl"":""Daerah Kota Tinggi"",""hi"":""डेरा कोटा टिंगगी"",""ar"":""Daerah Kota Tinggi""}",2019-10-06T10:10:36,2025-12-02T14:39:31,1,Q12683379
76441,Daerah Mersing,1950,01,132,MY,city,,,2.31667000,103.71667000,Daerah Mersing,,Asia/Kuala_Lumpur,"{""br"":""Daerah Mersing"",""ko"":""다에라 메르싱"",""pt-BR"":""Daerah Mersing"",""pt"":""Daerah Mersing"",""nl"":""Daerah Mersing"",""hr"":""Daerah Mersing"",""fa"":""دیره مرسینگ"",""de"":""Daerah Mersing"",""es"":""Daerah Mersing"",""fr"":""Daerah Mersing"",""ja"":""ダエラ・メルシン"",""it"":""Daerah Mersing"",""zh-CN"":""丰盛港县"",""tr"":""Daerah Mersing"",""ru"":""Дэра Мерсинг"",""uk"":""Даера Мерсінг"",""pl"":""Daerah Mersing"",""hi"":""डेराह मर्सिंग"",""ar"":""ديرة ميرسينغ""}",2019-10-06T10:10:36,2025-12-02T17:11:50,1,Q12683379
76442,Daerah Muar,1950,01,132,MY,city,,,2.25000000,102.75000000,Daerah Muar,,Asia/Kuala_Lumpur,"{""br"":""Daerah Muar"",""ko"":""다에라 무아르"",""pt-BR"":""Daerah Muar"",""pt"":""Daerah Muar"",""nl"":""Daerah Muar"",""hr"":""Daerah Muar"",""fa"":""دارة معر"",""de"":""Daerah Muar"",""es"":""Daerah Muar"",""fr"":""Daerah Muar"",""ja"":""ダエラ・ムアール"",""it"":""Daerah Muar"",""zh-CN"":""麻坡县"",""tr"":""Daerah Muar"",""ru"":""Даэра Муар"",""uk"":""Даера Муар"",""pl"":""Daerah Muar"",""hi"":""दाएरा मुआर"",""ar"":""ديرة موار""}",2019-10-06T10:10:36,2025-12-02T17:11:50,1,Q12683379
76443,Daerah Pontian,1950,01,132,MY,city,,,1.50000000,103.50000000,Daerah Pontian,,Asia/Kuala_Lumpur,"{""br"":""Daerah Pontian"",""ko"":""다에라 폰티안"",""pt-BR"":""Daerah Pontian"",""pt"":""Daerah Pontian"",""nl"":""Daerah Pontian"",""hr"":""Daerah Pontian"",""fa"":""دائره پونتیان"",""de"":""Daerah Pontian"",""es"":""Daerah Pontian"",""fr"":""Daerah Pontian"",""ja"":""ダエラ・ポンティアン"",""it"":""Daerah Pontian"",""zh-CN"":""笨珍县"",""tr"":""Daerah Pontian"",""ru"":""Даэра Понтиан"",""uk"":""Даера Понтіан"",""pl"":""Daerah Pontian"",""hi"":""डेराह पोंटियन"",""ar"":""ديرا بونتيان""}",2019-10-06T10:10:36,2025-12-02T17:11:50,1,Q12683379
76444,Daerah Segamat,1950,01,132,MY,city,,,2.60000000,102.81667000,Daerah Segamat,69816,Asia/Kuala_Lumpur,"{""br"":""Daerah Segamat"",""ko"":""다에라 세가맛"",""pt-BR"":""Daerah Segamat"",""pt"":""Daerah Segamat"",""nl"":""Daerah Segamat"",""hr"":""Daerah Segamat"",""fa"":""دائره سگامات"",""de"":""Daerah Segamat"",""es"":""Daerah Segamat"",""fr"":""Daerah Segamat"",""ja"":""ダエラ・セガマット"",""it"":""Daerah Segamat"",""zh-CN"":""昔加末县"",""tr"":""Daerah Segamat"",""ru"":""Даэра Сегамат"",""uk"":""Даера Сегамат"",""pl"":""Daerah Segamat"",""hi"":""डेराह सेगामत"",""ar"":""Daerah Segamat""}",2019-10-06T10:10:36,2025-12-02T14:39:31,1,Q12683379
76445,Data Kakus,1937,13,132,MY,locality,,,2.65465000,113.62249000,Data tandas,3350,Asia/Kuching,"{""br"":""Roadennoù Kakus"",""ko"":""데이터 카쿠스"",""pt-BR"":""Dados Kakus"",""pt"":""Dados Kakus"",""nl"":""Data Kakus"",""hr"":""Podaci Kakusa"",""fa"":""کاکوس داده"",""de"":""Data Kakus"",""es"":""Datos Kakus"",""fr"":""Données Kakus"",""ja"":""データカクス"",""it"":""Data Kakus"",""zh-CN"":""数据卡库斯"",""tr"":""Veri Kakusları"",""ru"":""Дата Какус"",""uk"":""Дані Какус"",""pl"":""Data Kakus"",""hi"":""डेटा काकस"",""ar"":""داتا كاكوس""}",2019-10-06T10:10:36,2025-12-02T14:39:55,1,Q12683379
76446,Donggongon,1936,12,132,MY,city,,,5.90702000,116.10146000,Donggongon,78086,Asia/Kuching,"{""br"":""Donggongon"",""ko"":""동공곤"",""pt-BR"":""Donggongon"",""pt"":""Donggongon"",""nl"":""Donggongon"",""hr"":""Donggongon"",""fa"":""دونگ‌گونگون"",""de"":""Donggongon"",""es"":""Donggongon"",""fr"":""Donggongon"",""ja"":""ドンゴンゴン"",""it"":""Donggongon"",""zh-CN"":""东贡冈"",""tr"":""Donggongon"",""ru"":""Донгонгон"",""uk"":""Донгонгон"",""pl"":""Donggongon"",""hi"":""डोंगोंगोन"",""ar"":""دونغ جونجون""}",2019-10-06T10:10:36,2025-12-02T14:39:55,1,Q989415
76447,George Town,1939,07,132,MY,adm1,,,5.41123000,100.33543000,George Town,158336,Asia/Kuala_Lumpur,"{""br"":""George Town"",""ko"":""조지타운"",""pt-BR"":""George Town"",""pt"":""George Town"",""nl"":""George Town"",""hr"":""George Town"",""fa"":""جورج تاون"",""de"":""George Town"",""es"":""George Town"",""fr"":""George Town"",""ja"":""ジョージタウン"",""it"":""George Town"",""zh-CN"":""乔治城"",""tr"":""George Town"",""ru"":""Джорджтаун"",""uk"":""Джорджтаун"",""pl"":""George Town"",""hi"":""जॉर्ज टाउन"",""ar"":""جورج تاون""}",2019-10-06T10:10:36,2025-12-02T14:39:31,1,Q61092
76448,Gua Musang,1946,03,132,MY,city,,,4.88441000,101.96857000,Gua Musang,19731,Asia/Kuala_Lumpur,"{""br"":""Gua Musang"",""ko"":""구아 무상"",""pt-BR"":""Gua Musang"",""pt"":""Gua Musang"",""nl"":""Gua Musang"",""hr"":""Gua Musang"",""fa"":""گوا موسانگ"",""de"":""Gua Musang"",""es"":""Gua Musang"",""fr"":""Gua Musang"",""ja"":""グア・ムサン"",""it"":""Gua Musang"",""zh-CN"":""话望生"",""tr"":""Gua Musang"",""ru"":""Гуа Мусанг"",""uk"":""Гуа Мусанг"",""pl"":""Gua Musang"",""hi"":""गुआ मुसांग"",""ar"":""غوا موسانغ""}",2019-10-06T10:10:36,2025-12-02T14:38:56,1,Q3096534
76449,Gurun,1947,02,132,MY,city,,,5.81717000,100.47381000,Gurun,15964,Asia/Kuala_Lumpur,"{""br"":""Gurun"",""ko"":""구룬"",""pt-BR"":""Gurun"",""pt"":""Gurun"",""nl"":""Gurun"",""hr"":""Gurun"",""fa"":""گورون"",""de"":""Gurun"",""es"":""Gurún"",""fr"":""Gurun"",""ja"":""グルン"",""it"":""Gurun"",""zh-CN"":""古伦"",""tr"":""Gurun"",""ru"":""Гурун"",""uk"":""Гурун"",""pl"":""Gurun"",""hi"":""गुरुन"",""ar"":""جورون""}",2019-10-06T10:10:36,2025-12-02T14:38:56,1,Q3096534
76450,Ipoh,1943,08,132,MY,adm1,,,4.58410000,101.08290000,Ipoh,866772,Asia/Kuala_Lumpur,"{""br"":""Ipoh"",""ko"":""이포"",""pt-BR"":""Ipoh"",""pt"":""Ipoh"",""nl"":""Ipoh"",""hr"":""Ipoh"",""fa"":""ایپوه"",""de"":""Ipoh"",""es"":""Ipoh"",""fr"":""Ipoh"",""ja"":""イポー"",""it"":""Ipoh"",""zh-CN"":""怡保"",""tr"":""Ipoh"",""ru"":""Ипох"",""uk"":""Іпох"",""pl"":""Ipoh"",""hi"":""इपोह"",""ar"":""إيبوه""}",2019-10-06T10:10:36,2025-12-02T14:38:56,1,Q271619
76451,Jenjarum,1944,10,132,MY,city,,,2.87240000,101.49484000,Jenjarum,24857,Asia/Kuala_Lumpur,"{""br"":""Jenjarum"",""ko"":""젠자룸"",""pt-BR"":""Jenjarum"",""pt"":""Jenjarum"",""nl"":""Jenjarum"",""hr"":""Jenjarum"",""fa"":""جنجاروم"",""de"":""Jenjarum"",""es"":""Jenjarum"",""fr"":""Jenjarum"",""ja"":""ジェンジャラム"",""it"":""Jenjarum"",""zh-CN"":""仁嘉鲁"",""tr"":""Jenjarum"",""ru"":""Дженджарум"",""uk"":""Дженджарум"",""pl"":""Jenjarum"",""hi"":""जेनजारुम"",""ar"":""جينجاروم""}",2019-10-06T10:10:36,2025-12-02T14:39:31,1,Q271619
76452,Jerantut,1940,06,132,MY,city,,,3.93600000,102.36260000,Jerantut,33606,Asia/Kuala_Lumpur,"{""br"":""Jerantut"",""ko"":""제란투트"",""pt-BR"":""Jerantut"",""pt"":""Jerantut"",""nl"":""Jerantut"",""hr"":""Jerantut"",""fa"":""جرانتوت"",""de"":""Jerantut"",""es"":""Jerantut"",""fr"":""Jerantut"",""ja"":""ジェラントゥット"",""it"":""Jerantut"",""zh-CN"":""而连突"",""tr"":""Jerantut"",""ru"":""Джерантут"",""uk"":""Джерантут"",""pl"":""Jerantut"",""hi"":""जेरनटट"",""ar"":""جيرانتوت""}",2019-10-06T10:10:36,2025-12-02T14:38:56,1,Q271619
76453,Jertih,1942,11,132,MY,city,,,5.73360000,102.48970000,Jertih,13526,Asia/Kuala_Lumpur,"{""br"":""Jertih"",""ko"":""제르티흐"",""pt-BR"":""Jertih"",""pt"":""Jertih"",""nl"":""Jertih"",""hr"":""Jertih"",""fa"":""جرتیه"",""de"":""Jertih"",""es"":""Jertih"",""fr"":""Jertih"",""ja"":""ジェルティ"",""it"":""Jertih"",""zh-CN"":""杰尔蒂"",""tr"":""Jertih"",""ru"":""Джертих"",""uk"":""Джертіх"",""pl"":""Jertih"",""hi"":""जेरतिह"",""ar"":""جيرتيه""}",2019-10-06T10:10:36,2025-12-02T14:39:31,1,Q271619
76454,Jitra,1947,02,132,MY,city,,,6.26812000,100.42167000,Jitra,63489,Asia/Kuala_Lumpur,"{""br"":""Jitra"",""ko"":""지트라"",""pt-BR"":""Jitra"",""pt"":""Jitra"",""nl"":""Jitra"",""hr"":""Džitra"",""fa"":""جیترا"",""de"":""Jitra"",""es"":""Jitra"",""fr"":""Jitra"",""ja"":""ジトラ"",""it"":""Jitra"",""zh-CN"":""日得拉"",""tr"":""Jitra"",""ru"":""Джитра"",""uk"":""Джітра"",""pl"":""Jitra"",""hi"":""जित्रा"",""ar"":""جيترا""}",2019-10-06T10:10:36,2025-12-02T14:38:56,1,Q4129994
76455,Johor Bahru,1950,01,132,MY,adm1,,,1.46550000,103.75780000,Johor Bahru,797882,Asia/Kuala_Lumpur,"{""br"":""Johor Bahru"",""ko"":""조호르 바루"",""pt-BR"":""Johor Bahru"",""pt"":""Johor Bahru"",""nl"":""Johor Bahru"",""hr"":""Džohor Bahru"",""fa"":""جوهور بهرو"",""de"":""Johor Bahru"",""es"":""Johor Bahru"",""fr"":""Johor Bahru"",""ja"":""ジョホールバル"",""it"":""Johor Bahru"",""zh-CN"":""新山"",""tr"":""Johor Bahru"",""ru"":""Джохор-Бару"",""uk"":""Джохор-Бару"",""pl"":""Johor Bahru"",""hi"":""जोहर बाहरू"",""ar"":""جوهور باهرو""}",2019-10-06T10:10:36,2025-12-02T14:38:56,1,Q231318
76456,Juru,1939,07,132,MY,city,,,5.31201000,100.44229000,Jurubahasa,12265,Asia/Kuala_Lumpur,"{""br"":""Juru"",""ko"":""주루"",""pt-BR"":""Juru"",""pt"":""Juru"",""nl"":""Juru"",""hr"":""Juru"",""fa"":""جورو"",""de"":""Juru"",""es"":""Juru"",""fr"":""Juru"",""ja"":""ジュル"",""it"":""Juru"",""zh-CN"":""汝鲁"",""tr"":""Juru"",""ru"":""Джуру"",""uk"":""Джуру"",""pl"":""Juru"",""hi"":""जुरु"",""ar"":""جورو""}",2019-10-06T10:10:36,2025-12-02T14:38:56,1,Q231318
76457,Kampar,1943,08,132,MY,city,,,4.30000000,101.15000000,Kampar,19056,Asia/Kuala_Lumpur,"{""br"":""Kampar"",""ko"":""캄파르"",""pt-BR"":""Kampar"",""pt"":""Kampar"",""nl"":""Kampar"",""hr"":""Kampar"",""fa"":""کامپار"",""de"":""Kampar"",""es"":""Kampar"",""fr"":""Kampar"",""ja"":""カンパー"",""it"":""Kampar"",""zh-CN"":""金宝"",""tr"":""Kampar"",""ru"":""Кампар"",""uk"":""Кампар"",""pl"":""Kampar"",""hi"":""कंपर"",""ar"":""كامبار""}",2019-10-06T10:10:36,2025-12-02T14:38:56,1,Q231318
76458,Kampong Baharu Balakong,1944,10,132,MY,city,,,3.03333000,101.75000000,Kampong Baharu Balakong,69302,Asia/Kuala_Lumpur,"{""br"":""Kampong Baharu Balakong"",""ko"":""캄퐁 바하루 발라콩"",""pt-BR"":""Kampong Baharu Balakong"",""pt"":""Kampong Baharu Balakong"",""nl"":""Kampong Baharu Balakong"",""hr"":""Kampong Baharu Balakong"",""fa"":""کامپونگ باهارو بالاکونگ"",""de"":""Kampong Baharu Balakong"",""es"":""Kampong Baharu Balakong"",""fr"":""Kampong Baharu Balakong"",""ja"":""カンポン・バハル・バラコン"",""it"":""Kampong Baharu Balakong"",""zh-CN"":""甘榜巴鲁巴拉孔"",""tr"":""Kampong Baharu Balakong"",""ru"":""Кампонг Бахару Балаконг"",""uk"":""Кампонг Бахару Балаконг"",""pl"":""Kampong Baharu Balakong"",""hi"":""कम्पोंग बहारू बालाकोंग"",""ar"":""كامبونج بهارو بالاكونج""}",2019-10-06T10:10:36,2025-12-02T14:39:31,1,Q231318
76459,Kampong Dungun,1943,08,132,MY,city,,,3.21667000,101.31667000,Kampong Dungun,58674,Asia/Kuala_Lumpur,"{""br"":""Kampong Dungun"",""ko"":""캄퐁 둔군"",""pt-BR"":""Kampong Dungun"",""pt"":""Kampong Dungun"",""nl"":""Kampong Dungun"",""hr"":""Kampong Dungun"",""fa"":""کامپونگ دانگون"",""de"":""Kampong Dungun"",""es"":""Kampong Dungun"",""fr"":""Kampong Dungun"",""ja"":""カンポン・ドゥングン"",""it"":""Kampong Dungun"",""zh-CN"":""甘榜龙运"",""tr"":""Kampong Dungun"",""ru"":""Кампонг Дунгун"",""uk"":""Кампонг Дунгун"",""pl"":""Kampong Dungun"",""hi"":""कम्पोंग डुंगुन"",""ar"":""كامبونج دونجون""}",2019-10-06T10:10:36,2025-12-02T14:38:56,1,Q231318
76460,Kampong Kadok,1946,03,132,MY,city,,,6.00000000,102.25000000,Kampong Kadok,19233,Asia/Kuala_Lumpur,"{""br"":""Kampong Kadok"",""ko"":""캄퐁 카독"",""pt-BR"":""Kampong Kadok"",""pt"":""Kampong Kadok"",""nl"":""Kampong Kadok"",""hr"":""Kampong Kadok"",""fa"":""کامپونگ کادوک"",""de"":""Kampong Kadok"",""es"":""Kampong Kadok"",""fr"":""Kampong Kadok"",""ja"":""カンポン・カドック"",""it"":""Kampong Kadok"",""zh-CN"":""甘榜卡多克"",""tr"":""Kampong Kadok"",""ru"":""Кампонг Кадок"",""uk"":""Кампонг Кадок"",""pl"":""Kampong Kadok"",""hi"":""कम्पोंग काडोक"",""ar"":""كامبونج كادوك""}",2019-10-06T10:10:36,2025-12-02T14:38:56,1,Q231318
76461,Kampong Masjid Tanah,1941,04,132,MY,city,,,2.35000000,102.11667000,Kampong Masjid Tanah,29185,Asia/Kuala_Lumpur,"{""br"":""Kampong Masjid Tanah"",""ko"":""캄퐁 마스지드 타나"",""pt-BR"":""Mesquita de Kampong Tanah"",""pt"":""Mesquita de Kampong Tanah"",""nl"":""Kampong Masjid Tanah"",""hr"":""Džamija Kampong Tanah"",""fa"":""مسجد تانه کامپونگ"",""de"":""Kampong Masjid Tanah"",""es"":""Mezquita Tanah del pueblo"",""fr"":""Kampong Masjid Tanah"",""ja"":""カンポン・マスジド・タナ"",""it"":""Kampong Masjid Tanah"",""zh-CN"":""甘榜清真寺"",""tr"":""Kampong Mescidi Tanah"",""ru"":""Кампонг Масджид Танах"",""uk"":""Масджид Танах у Кампонгу"",""pl"":""Kampong Masjid Tanah"",""hi"":""कम्पोंग मस्जिद तनाह"",""ar"":""مسجد كامبونج تانا""}",2019-10-06T10:10:36,2025-12-02T14:39:31,1,Q231318
76462,Kampong Pangkal Kalong,1946,03,132,MY,city,,,5.91667000,102.21667000,Kampong Pangkal Kalong,39904,Asia/Kuala_Lumpur,"{""br"":""Kampong Pangkal Kalong"",""ko"":""캄퐁 팡칼 칼롱"",""pt-BR"":""Kampong Pangkal Kalong"",""pt"":""Kampong Pangkal Kalong"",""nl"":""Kampong Pangkal Kalong"",""hr"":""Kampong Pangkal Kalong"",""fa"":""کامپونگ پانگکال کالونگ"",""de"":""Kampong Pangkal Kalong"",""es"":""Kampong Pangkal Kalong"",""fr"":""Camp Pangkal Kalong"",""ja"":""カンポン・パンカル・カロン"",""it"":""Kampong Pangkal Kalong"",""zh-CN"":""甘榜邦加卡隆"",""tr"":""Kampong Pangkal Kalong"",""ru"":""Кампонг Панкал Калонг"",""uk"":""Кампонг Пангкал Калонг"",""pl"":""Kampong Pangkal Kalong"",""hi"":""कम्पोंग पंगकल कलोंग"",""ar"":""كامبونج بانجكال كالونج""}",2019-10-06T10:10:36,2025-12-02T14:38:56,1,Q231318
76463,Kampung Ayer Keroh,1941,04,132,MY,city,,,2.26540000,102.28010000,Kampung Ayer Keroh,37716,Asia/Kuala_Lumpur,"{""br"":""Kampung Ayer Keroh"",""ko"":""캄풍 아예르 케로"",""pt-BR"":""Kampung Ayer Keroh"",""pt"":""Kampung Ayer Keroh"",""nl"":""Kampung Ayer Keroh"",""hr"":""Kampung Ayer Keroh"",""fa"":""کامپونگ آیر کرو"",""de"":""Kampung Ayer Keroh"",""es"":""Kampung Ayer Keroh"",""fr"":""Kampung Ayer Keroh"",""ja"":""カンポン・アイヤー・ケロ"",""it"":""Kampung Ayer Keroh"",""zh-CN"":""甘榜艾尔克罗"",""tr"":""Kampung Ayer Keroh"",""ru"":""Kampung Ayer Keroh"",""uk"":""Кампунг Айер Керох"",""pl"":""Kampung Ayer Keroh"",""hi"":""Kampung Ayer Keroh"",""ar"":""قرية آير كيروه""}",2019-10-06T10:10:36,2025-12-02T14:39:31,1,Q2802663
76464,Kampung Ayer Molek,1941,04,132,MY,city,,,2.21390000,102.32780000,Kampung Ayer Molek,15497,Asia/Kuala_Lumpur,"{""br"":""Kampung Ayer Molek"",""ko"":""캄풍 아예르 몰렉"",""pt-BR"":""Kampung Ayer Molek"",""pt"":""Kampung Ayer Molek"",""nl"":""Kampung Ayer Molek"",""hr"":""Kampung Ayer Molek"",""fa"":""کامپونگ آیر مولک"",""de"":""Kampung Ayer Molek"",""es"":""Kampung Ayer Molek"",""fr"":""Kampung Ayer Molek"",""ja"":""カンポン・アイヤー・モレック"",""it"":""Kampung Ayer Molek"",""zh-CN"":""甘榜亚逸莫列"",""tr"":""Kampung Ayer Molek"",""ru"":""Кампунг Айер Молек"",""uk"":""Кампунг Айер Молек"",""pl"":""Kampung Ayer Molek"",""hi"":""Kampung Ayer Molek"",""ar"":""Kampung Ayer Molek""}",2019-10-06T10:10:36,2025-12-02T14:38:56,1,Q2802663
76465,Kampung Baharu Nilai,1948,05,132,MY,city,,,2.80330000,101.79720000,Kampung Baharu Nilai,38612,Asia/Kuala_Lumpur,"{""br"":""Kampung Baharu Nilai"",""ko"":""캄풍 바하루 닐라이"",""pt-BR"":""Kampung Baharu Nilai"",""pt"":""Kampung Baharu Nilai"",""nl"":""Kampung Baharu Nilai"",""hr"":""Kampung Baharu Nilai"",""fa"":""کامپونگ باهارو نیلای"",""de"":""Kampung Baharu Nilai"",""es"":""Kampung Baharu Nilai"",""fr"":""Kampung Baharu Nilai"",""ja"":""カンポン・バハル・ニライ"",""it"":""Kampung Baharu Nilai"",""zh-CN"":""甘榜巴哈鲁汝来"",""tr"":""Kampung Baharu Nilai"",""ru"":""Кампунг Бахару Нилай"",""uk"":""Кампунг Бахару Нілай"",""pl"":""Kampung Baharu Nilai"",""hi"":""कम्पुंग बहारु निलाई"",""ar"":""قرية بهارو نيلاي""}",2019-10-06T10:10:36,2025-12-02T14:38:56,1,Q2802663
76466,Kampung Baru Subang,1944,10,132,MY,city,,,3.15000000,101.53333000,Kampung Baru Subang,833571,Asia/Kuala_Lumpur,"{""br"":""Kampung Baru Subang"",""ko"":""캄풍 바루 수방"",""pt-BR"":""Kampung Baru Subang"",""pt"":""Kampung Baru Subang"",""nl"":""Kampung Baru Subang"",""hr"":""Kampung Baru Subang"",""fa"":""کامپونگ بارو سوبانگ"",""de"":""Kampung Baru Subang"",""es"":""Kampung Baru Subang"",""fr"":""Kampung Baru Subang"",""ja"":""カンポン バル スバン"",""it"":""Kampung Baru Subang"",""zh-CN"":""梳邦新村"",""tr"":""Kampung Baru Subang"",""ru"":""Кампунг Бару Субанг"",""uk"":""Кампунг Бару Субанг"",""pl"":""Kampung Baru Subang"",""hi"":""कम्पुंग बारू सुबांग"",""ar"":""Kampung Baru Subang""}",2019-10-06T10:10:36,2025-12-02T14:38:56,1,Q2802663
76467,Kampung Batu Feringgi,1939,07,132,MY,city,,,5.46948000,100.24449000,Kampung Batu Feringgi,4000,Asia/Kuala_Lumpur,"{""br"":""Kampung Batu Feringgi"",""ko"":""캄풍 바투 페링기"",""pt-BR"":""Kampung Batu Feringgi"",""pt"":""Kampung Batu Feringgi"",""nl"":""Kampung Batu Feringgi"",""hr"":""Kampung Batu Feringgi"",""fa"":""کامپونگ باتو فرینگی"",""de"":""Kampung Batu Feringgi"",""es"":""Kampung Batu Feringgi"",""fr"":""Kampung Batu Feringgi"",""ja"":""バトゥ・フェリンギ村"",""it"":""Kampung Batu Feringgi"",""zh-CN"":""甘榜峇都丁宜"",""tr"":""Kampung Batu Feringgi"",""ru"":""Kampung Batu Feringgi"",""uk"":""Кампунг Бату Ферінггі"",""pl"":""Kampung Batu Feringgi"",""hi"":""कम्पुंग बटू फेरिंग्गी"",""ar"":""قرية باتو فيرينجي""}",2019-10-06T10:10:36,2025-12-02T14:38:56,1,Q2802663
76468,Kampung Bukit Baharu,1941,04,132,MY,city,,,2.21520000,102.28510000,Kampung Bukit Baharu,55656,Asia/Kuala_Lumpur,"{""br"":""Kampung Bukit Baharu"",""ko"":""캄풍 부킷 바하루"",""pt-BR"":""Kampung Bukit Baharu"",""pt"":""Kampung Bukit Baharu"",""nl"":""Kampung Bukit Baharu"",""hr"":""Kampung Bukit Baharu"",""fa"":""کامپونگ بوکیت باهارو"",""de"":""Kampung Bukit Baharu"",""es"":""Kampung Bukit Baharu"",""fr"":""Kampung Bukit Baharu"",""ja"":""ブキット・バハル村"",""it"":""Kampung Bukit Baharu"",""zh-CN"":""甘榜武吉巴鲁"",""tr"":""Kampung Bukit Baharu"",""ru"":""Kampung Bukit Baharu"",""uk"":""Кампунг Букіт Бахару"",""pl"":""Kampung Bukit Baharu"",""hi"":""कम्पुंग बुकित बहारू"",""ar"":""قرية بوكيت بهارو""}",2019-10-06T10:10:36,2025-12-02T14:38:56,1,Q2802663
76469,Kampung Bukit Tinggi Bentong,1940,06,132,MY,city,,,3.34944000,101.82631000,Kampung Bukit Tinggi Bentong,12346,Asia/Kuala_Lumpur,"{""br"":""Kampung Bukit Tinggi Bentong"",""ko"":""캄풍 부킷 팅기 벤통"",""pt-BR"":""Kampung Bukit Tinggi Bentong"",""pt"":""Kampung Bukit Tinggi Bentong"",""nl"":""Kampung Bukit Tinggi Bentong"",""hr"":""Kampung Bukit Tinggi Bentong"",""fa"":""کامپونگ بوکیت تینگی بنتونگ"",""de"":""Kampung Bukit Tinggi Bentong"",""es"":""Kampung Bukit Tinggi Bentong"",""fr"":""Kampung Bukit Tinggi Bentong"",""ja"":""カンポン・ブキット・ティンギ・ベントン"",""it"":""Kampung Bukit Tinggi Bentong"",""zh-CN"":""甘榜武吉丁宜文冬"",""tr"":""Kampung Bukit Tinggi Bentong"",""ru"":""Kampung Bukit Tinggi Bentong"",""uk"":""Кампунг Букіт Тінггі Бентонг"",""pl"":""Kampung Bukit Tinggi Bentong"",""hi"":""Kampung Bukit Tinggi Bentong"",""ar"":""Kampung Bukit Tinggi Bentong""}",2019-10-06T10:10:36,2025-12-02T14:39:31,1,Q2802663
76470,Kampung Kilim,1947,02,132,MY,city,,,6.40550000,99.85020000,Kampung Kilim,5000,Asia/Kuala_Lumpur,"{""br"":""Kampung Kilim"",""ko"":""캄풍 킬림"",""pt-BR"":""Kampung Kilim"",""pt"":""Kampung Kilim"",""nl"":""Kampung Kilim"",""hr"":""Kampung Kilim"",""fa"":""گلیم کامپونگ"",""de"":""Kampung Kilim"",""es"":""Kampung Kilim"",""fr"":""Kampung Kilim"",""ja"":""カンポン・キリム"",""it"":""Kampung Kilim"",""zh-CN"":""甘榜基林"",""tr"":""Kampung Kilim"",""ru"":""Кампунг Килим"",""uk"":""Кампунг Кілім"",""pl"":""Kampung Kilim"",""hi"":""कम्पुंग किलिम"",""ar"":""كامبونج كيليم""}",2019-10-06T10:10:36,2025-12-02T14:38:56,1,Q2802663
76471,Kampung Kok,1947,02,132,MY,city,,,6.36759000,99.68252000,Kampung Kok,4160,Asia/Kuala_Lumpur,"{""br"":""Kampung Kok"",""ko"":""캄풍 콕"",""pt-BR"":""Kampung Kok"",""pt"":""Kampung Kok"",""nl"":""Kampung Kok"",""hr"":""Kampung Kok"",""fa"":""کامپونگ کوک"",""de"":""Kampung Kok"",""es"":""Kampung Kok"",""fr"":""Kampung Kok"",""ja"":""カンポンコック"",""it"":""Kampung Kok"",""zh-CN"":""甘榜角"",""tr"":""Kampung Kok"",""ru"":""Кампунг Кок"",""uk"":""Кампунг Кок"",""pl"":""Kampung Kok"",""hi"":""कम्पुंग कोक"",""ar"":""كامبونج كوك""}",2019-10-06T10:10:36,2025-12-02T14:38:56,1,Q2802663
76472,Kampung Kuala Besut,1942,11,132,MY,city,,,5.83297000,102.55061000,Kampung Kuala Besut,2400,Asia/Kuala_Lumpur,"{""br"":""Kampung Kuala Besut"",""ko"":""캄풍 쿠알라 베숫"",""pt-BR"":""Kampung Kuala Besut"",""pt"":""Kampung Kuala Besut"",""nl"":""Kampung Kuala Besut"",""hr"":""Kampung Kuala Besut"",""fa"":""کامپونگ کوالا بسوت"",""de"":""Kampung Kuala Besut"",""es"":""Kampung Kuala Besut"",""fr"":""Kampung Kuala Besut"",""ja"":""クアラ・ベスット村"",""it"":""Kampung Kuala Besut"",""zh-CN"":""瓜拉勿述甘榜"",""tr"":""Kampung Kuala Besut"",""ru"":""Кампунг Куала Бесут"",""uk"":""Кампунг Куала-Бесут"",""pl"":""Kampung Kuala Besut"",""hi"":""Kampung Kuala Besut"",""ar"":""Kampung Kuala Besut""}",2019-10-06T10:10:36,2025-12-02T14:39:31,1,Q2802663
76473,Kampung Pasir Gudang Baru,1950,01,132,MY,city,,,1.47260000,103.87800000,Kampung Pasir Gudang Baru,145639,Asia/Kuala_Lumpur,"{""br"":""Kampung Pasir Gudang Baru"",""ko"":""캄풍 파시르 구당 바루"",""pt-BR"":""Kampung Pasir Gudang Baru"",""pt"":""Kampung Pasir Gudang Baru"",""nl"":""Kampung Pasir Gudang Baru"",""hr"":""Kampung Pasir Gudang Baru"",""fa"":""کامپونگ پاسیر گودانگ بارو"",""de"":""Kampung Pasir Gudang Baru"",""es"":""Kampung Pasir Gudang Baru"",""fr"":""Kampung Pasir Gudang Baru"",""ja"":""カンポン・パシル・グダン・バル"",""it"":""Kampung Pasir Gudang Baru"",""zh-CN"":""甘榜巴西古当巴鲁"",""tr"":""Kampung Pasir Gudang Baru"",""ru"":""Kampung Pasir Gudang Baru"",""uk"":""Кампунг Пасір Гуданг Бару"",""pl"":""Kampung Pasir Gudang Baru"",""hi"":""Kampung Pasir Gudang Baru"",""ar"":""Kampung Pasir Gudang Baru""}",2019-10-06T10:10:36,2025-12-02T14:38:56,1,Q2802663
76474,Kampung Simpang Renggam,1950,01,132,MY,city,,,1.82780000,103.30000000,Kampung Simpang Renggam,17528,Asia/Kuala_Lumpur,"{""br"":""Kampung Simpang Renggam"",""ko"":""캄풍 심팡 렝감"",""pt-BR"":""Kampung Simpang Renggam"",""pt"":""Kampung Simpang Renggam"",""nl"":""Kampung Simpang Renggam"",""hr"":""Kampung Simpang Renggam"",""fa"":""کامپونگ سیمپانگ رنگام"",""de"":""Kampung Simpang Renggam"",""es"":""Kampung Simpang Renggam"",""fr"":""Kampung Simpang Renggam"",""ja"":""カンポン・シンパン・レンガム"",""it"":""Kampung Simpang Renggam"",""zh-CN"":""甘榜新邦令金"",""tr"":""Kampung Simpang Renggam"",""ru"":""Kampung Simpang Renggam"",""uk"":""Кампунг Сімпанг Ренггам"",""pl"":""Kampung Simpang Renggam"",""hi"":""Kampung Simpang Renggam"",""ar"":""قرية سيمبانج رينجهام""}",2019-10-06T10:10:36,2025-12-02T14:38:56,1,Q2802663
76475,Kampung Sungai Ara,1939,07,132,MY,city,,,5.32699000,100.27348000,Kampung Sungai Ara,140849,Asia/Kuala_Lumpur,"{""br"":""Kampung Sungai Ara"",""ko"":""캄풍 숭가이 아라"",""pt-BR"":""Kampung Sungai Ara"",""pt"":""Kampung Sungai Ara"",""nl"":""Kampung Sungai Ara"",""hr"":""Kampung Sungai Ara"",""fa"":""کامپونگ سونگای آرا"",""de"":""Kampung Sungai Ara"",""es"":""Kampung Sungai Ara"",""fr"":""Kampung Sungai Ara"",""ja"":""カンポン・スンガイ・アラ"",""it"":""Kampung Sungai Ara"",""zh-CN"":""甘榜双溪阿拉"",""tr"":""Kampung Sungai Ara"",""ru"":""Kampung Sungai Ara"",""uk"":""Кампунг Сунгай Ара"",""pl"":""Kampung Sungai Ara"",""hi"":""कम्पुंग सुंगई आरा"",""ar"":""قرية سونغاي آرا""}",2019-10-06T10:10:36,2025-12-02T14:38:56,1,Q2802663
76476,Kampung Tanjung Karang,1944,10,132,MY,city,,,3.42420000,101.18490000,Kampung Tanjung Karang,16393,Asia/Kuala_Lumpur,"{""br"":""Kampung Tanjung Karang"",""ko"":""캄풍 탄중 카랑"",""pt-BR"":""Kampung Tanjung Karang"",""pt"":""Kampung Tanjung Karang"",""nl"":""Kampung Tanjung Karang"",""hr"":""Kampung Tanjung Karang"",""fa"":""کامپونگ تانجونگ کارانگ"",""de"":""Kampung Tanjung Karang"",""es"":""Kampung Tanjung Karang"",""fr"":""Kampung Tanjung Karang"",""ja"":""カンポン・タンジュン・カラン"",""it"":""Kampung Tanjung Karang"",""zh-CN"":""甘榜丹绒卡朗"",""tr"":""Kampung Tanjung Karang"",""ru"":""Кампунг Танджунг Каранг"",""uk"":""Кампунг Танджунг Каранг"",""pl"":""Kampung Tanjung Karang"",""hi"":""Kampung Tanjung Karang"",""ar"":""قرية تانجونج كارانج""}",2019-10-06T10:10:36,2025-12-02T14:38:56,1,Q2802663
76477,Kampung Tekek,1940,06,132,MY,city,,,2.81470000,104.15920000,Kampung Tekek,2000,Asia/Kuala_Lumpur,"{""br"":""Kampung Tekek"",""ko"":""캄풍 테케크"",""pt-BR"":""Kampung Tekek"",""pt"":""Kampung Tekek"",""nl"":""Kampung Tekek"",""hr"":""Kampung Tekek"",""fa"":""کامپونگ تکک"",""de"":""Kampung Tekek"",""es"":""Kampung Tekek"",""fr"":""Kampung Tekek"",""ja"":""カンポン・テケック"",""it"":""Kampung Tekek"",""zh-CN"":""甘榜德克"",""tr"":""Kampung Tekek"",""ru"":""Кампунг Текек"",""uk"":""Кампунг Текек"",""pl"":""Kampung Tekek"",""hi"":""कम्पुंग टेकेक"",""ar"":""كامبونج تيكيك""}",2019-10-06T10:10:36,2025-12-02T14:38:56,1,Q2802663
76478,Kangar,1938,09,132,MY,adm1,,,6.44140000,100.19862000,Kangar,63869,Asia/Kuala_Lumpur,"{""br"":""Kangar"",""ko"":""캉가르"",""pt-BR"":""Canguru"",""pt"":""Canguru"",""nl"":""Kangar"",""hr"":""Kangar"",""fa"":""کانگار"",""de"":""Känguru"",""es"":""Canguro"",""fr"":""Kangourou"",""ja"":""カンガー"",""it"":""Kangar"",""zh-CN"":""坎加尔"",""tr"":""Kangar"",""ru"":""Кангар"",""uk"":""Кангар"",""pl"":""Kangar"",""hi"":""कंगार"",""ar"":""كانجار""}",2019-10-06T10:10:36,2025-12-02T14:39:31,1,Q921155
76479,Kapit,1937,13,132,MY,city,,,1.99546000,112.93254000,Kapit,33014,Asia/Kuching,"{""br"":""Kapit"",""ko"":""카핏"",""pt-BR"":""Capitão"",""pt"":""Capitão"",""nl"":""Kapit"",""hr"":""Kapit"",""fa"":""کاپیت"",""de"":""Kapit"",""es"":""Kapit"",""fr"":""Capit"",""ja"":""カピット"",""it"":""Capo"",""zh-CN"":""加帛"",""tr"":""Kapit"",""ru"":""Капит"",""uk"":""Капіт"",""pl"":""Kapit"",""hi"":""केपिट"",""ar"":""كابيت""}",2019-10-06T10:10:36,2025-12-02T14:39:55,1,Q2219731
76480,Kelapa Sawit,1950,01,132,MY,city,,,1.66980000,103.53270000,Minyak sawit,13239,Asia/Kuala_Lumpur,"{""br"":""Kelapa Sawit"",""ko"":""켈라파 사윗"",""pt-BR"":""Kelapa Sawit"",""pt"":""Kelapa Sawit"",""nl"":""Kelapa Sawit"",""hr"":""Kelapa Sawit"",""fa"":""کِلاپا ساویت"",""de"":""Kelapa Sawit"",""es"":""Kelapa Sawit"",""fr"":""Kelapa Sawit"",""ja"":""ケラパ・サウィット"",""it"":""Kelapa Sawit"",""zh-CN"":""克拉帕·萨维特"",""tr"":""Kelapa Sawit"",""ru"":""Келапа Савит"",""uk"":""Келапа Савіт"",""pl"":""Kelapa Sawit"",""hi"":""केलापा सावित"",""ar"":""كيلابا ساويت""}",2019-10-06T10:10:36,2025-12-02T14:38:56,1,Q2228374
76481,Keningau,1936,12,132,MY,city,,,5.33780000,116.16020000,Keningau,77650,Asia/Kuching,"{""br"":""Keningau"",""ko"":""케닝가우"",""pt-BR"":""Keningau"",""pt"":""Keningau"",""nl"":""Keningau"",""hr"":""Keningau"",""fa"":""کنینگو"",""de"":""Keningau"",""es"":""Keningau"",""fr"":""Keningau"",""ja"":""ケニンガウ"",""it"":""Keningau"",""zh-CN"":""根地咬"",""tr"":""Keningau"",""ru"":""Кенингау"",""uk"":""Кенінгау"",""pl"":""Keningau"",""hi"":""केनिनगाऊ"",""ar"":""كينينغاو""}",2019-10-06T10:10:36,2025-12-02T14:39:55,1,Q1299852
76482,Kepala Batas,1939,07,132,MY,city,,,5.51707000,100.42650000,Sempadan kepala,17131,Asia/Kuala_Lumpur,"{""br"":""Kepala Batas"",""ko"":""케팔라 바타스"",""pt-BR"":""Kepala Batas"",""pt"":""Kepala Batas"",""nl"":""Kepala Batas"",""hr"":""Kepala Batas"",""fa"":""کپالا باتاس"",""de"":""Kepala Batas"",""es"":""Kepala Batas"",""fr"":""Kepala Batas"",""ja"":""ケパラ・バタス"",""it"":""Kepala Batas"",""zh-CN"":""甲抛峇底"",""tr"":""Kepala Batas"",""ru"":""Кепала Батас"",""uk"":""Кепала Батас"",""pl"":""Kepala Batas"",""hi"":""केपाला बतास"",""ar"":""كيبالا باتاس""}",2019-10-06T10:10:36,2025-12-02T14:38:56,1,Q1299852
76483,Kertih,1942,11,132,MY,city,,,4.51410000,103.44830000,Kertih,24401,Asia/Kuala_Lumpur,"{""br"":""Kertih"",""ko"":""케르티흐"",""pt-BR"":""Kertih"",""pt"":""Kertih"",""nl"":""Kertih"",""hr"":""Kertih"",""fa"":""کرتیه"",""de"":""Kertih"",""es"":""Kertih"",""fr"":""Kertih"",""ja"":""ケルティ"",""it"":""Kertih"",""zh-CN"":""克尔蒂"",""tr"":""Kertih"",""ru"":""Кертих"",""uk"":""Кертіх"",""pl"":""Kertih"",""hi"":""केर्तिह"",""ar"":""كيرتيه""}",2019-10-06T10:10:36,2025-12-02T14:39:31,1,Q1299852
76484,Kinarut,1936,12,132,MY,city,,,5.82310000,116.04660000,Kinarut,15716,Asia/Kuching,"{""br"":""Kinarut"",""ko"":""키나루트"",""pt-BR"":""Kinarut"",""pt"":""Kinarut"",""nl"":""Kinarut"",""hr"":""Kinarut"",""fa"":""کیناروت"",""de"":""Kinarut"",""es"":""Kinarut"",""fr"":""Kinarut"",""ja"":""キナルト"",""it"":""Kinarut"",""zh-CN"":""基纳鲁特"",""tr"":""Kinarut"",""ru"":""Кинарут"",""uk"":""Кінарут"",""pl"":""Kinarut"",""hi"":""किनारुत"",""ar"":""كيناروت""}",2019-10-06T10:10:36,2025-12-02T14:39:55,1,Q989407
76485,Klang,1944,10,132,MY,city,,,3.03667000,101.44333000,Klang,240016,Asia/Kuala_Lumpur,"{""br"":""Klang"",""ko"":""클랑"",""pt-BR"":""Klang"",""pt"":""Klang"",""nl"":""Klang"",""hr"":""Klang"",""fa"":""کلانگ"",""de"":""Klang"",""es"":""Klang"",""fr"":""Klang"",""ja"":""クラン"",""it"":""Klang"",""zh-CN"":""巴生"",""tr"":""Klang"",""ru"":""Кланг"",""uk"":""Кланг"",""pl"":""Klang"",""hi"":""क्लैंग"",""ar"":""كلانج""}",2019-10-06T10:10:36,2025-12-02T14:39:31,1,Q856003
76486,Klebang Besar,1941,04,132,MY,city,,,2.21860000,102.19950000,Klebang Besar,38643,Asia/Kuala_Lumpur,"{""br"":""Klebang Besar"",""ko"":""클레방 베사르"",""pt-BR"":""Klebang Besar"",""pt"":""Klebang Besar"",""nl"":""Klebang Besar"",""hr"":""Klebang Besar"",""fa"":""کلبانگ بسار"",""de"":""Klebang Besar"",""es"":""Klebang Besar"",""fr"":""Klebang Besar"",""ja"":""クレバン・ベサール"",""it"":""Klebang Besar"",""zh-CN"":""吉里望大"",""tr"":""Klebang Besar"",""ru"":""Клебанг Бесар"",""uk"":""Клебанг Бесар"",""pl"":""Klebang Besar"",""hi"":""Klebang Besar"",""ar"":""كليبانغ بيسار""}",2019-10-06T10:10:36,2025-12-02T14:38:56,1,Q856003
76487,Kluang,1950,01,132,MY,city,,,2.03046000,103.31689000,Kluang,323762,Asia/Kuala_Lumpur,"{""br"":""Kluang"",""ko"":""클루앙"",""pt-BR"":""Kluang"",""pt"":""Kluang"",""nl"":""Kluang"",""hr"":""Kluang"",""fa"":""کلوانگ"",""de"":""Kluang"",""es"":""Kluang"",""fr"":""Kluang"",""ja"":""クルアン"",""it"":""Kluang"",""zh-CN"":""居銮"",""tr"":""Kluang"",""ru"":""Клуанг"",""uk"":""Клуанг"",""pl"":""Kluang"",""hi"":""क्लुआंग"",""ar"":""كلوانج""}",2019-10-06T10:10:36,2025-12-02T14:38:56,1,Q1200738
76488,Kota Belud,1936,12,132,MY,city,,,6.35100000,116.43050000,Kota Belud,12825,Asia/Kuching,"{""br"":""Kota Belud"",""ko"":""코타 벨루드"",""pt-BR"":""Kota Belud"",""pt"":""Kota Belud"",""nl"":""Kota Belud"",""hr"":""Kota Belud"",""fa"":""کوتا بلود"",""de"":""Kota Belud"",""es"":""Kota Belud"",""fr"":""Kota Belud"",""ja"":""コタ・ベルード"",""it"":""Kota Belud"",""zh-CN"":""哥打毛律"",""tr"":""Kota Belud"",""ru"":""Кота Белуд"",""uk"":""Кота Белуд"",""pl"":""Kota Belud"",""hi"":""कोटा बेलुड़"",""ar"":""كوتا بيلود""}",2019-10-06T10:10:36,2025-12-02T14:39:55,1,Q1785358
76489,Kota Bharu,1946,03,132,MY,adm1,,,6.12361000,102.24333000,Kota Bharu,568900,Asia/Kuala_Lumpur,"{""br"":""Kota Bharu"",""ko"":""코타바루"",""pt-BR"":""Kota Bharu"",""pt"":""Kota Bharu"",""nl"":""Kota Bharu"",""hr"":""Kota Bharu"",""fa"":""کوتا بهارو"",""de"":""Kota Bharu"",""es"":""Kota Bharu"",""fr"":""Kota Bahru"",""ja"":""コタバル"",""it"":""Kota Bharu"",""zh-CN"":""哥打巴鲁"",""tr"":""Kota Bharu"",""ru"":""Кота-Бару"",""uk"":""Кота-Бару"",""pl"":""Kota Bharu"",""hi"":""कोटा भारू"",""ar"":""كوتا بهارو""}",2019-10-06T10:10:36,2025-12-02T14:39:31,1,Q1785358
76490,Kota Kinabalu,1936,12,132,MY,adm1,,,5.97490000,116.07240000,Kota Kinabalu,500421,Asia/Kuching,"{""br"":""Kota Kinabalu"",""ko"":""코타키나발루"",""pt-BR"":""Kota Kinabalu"",""pt"":""Kota Kinabalu"",""nl"":""Kota Kinabalu"",""hr"":""Kota Kinabalu"",""fa"":""کوتا کینابالو"",""de"":""Kota Kinabalu"",""es"":""Kota Kinabalu"",""fr"":""Kota Kinabalu"",""ja"":""コタキナバル"",""it"":""Kota Kinabalu"",""zh-CN"":""哥打京那巴鲁"",""tr"":""Kota Kinabalu"",""ru"":""Кота-Кинабалу"",""uk"":""Кота-Кінабалу"",""pl"":""Kota Kinabalu"",""hi"":""कोटा किनाबालू"",""ar"":""كوتا كينابالو""}",2019-10-06T10:10:36,2025-12-02T14:39:55,1,Q137271
76491,Kota Tinggi,1950,01,132,MY,city,,,1.73810000,103.89990000,Bandar tinggi,52743,Asia/Kuala_Lumpur,"{""br"":""Kota Tinggi"",""ko"":""코타 팅기"",""pt-BR"":""Kota Tinggi"",""pt"":""Kota Tinggi"",""nl"":""Kota Tinggi"",""hr"":""Kota Tinggi"",""fa"":""کوتا تینگی"",""de"":""Kota Tinggi"",""es"":""Kota Tinggi"",""fr"":""Kota Tinggi"",""ja"":""コタ・ティンギ"",""it"":""Kota Tinggi"",""zh-CN"":""哥打丁宜"",""tr"":""Kota Tinggi"",""ru"":""Кота Тингги"",""uk"":""Кота Тінггі"",""pl"":""Kota Tinggi"",""hi"":""कोटा टिंग्गी"",""ar"":""كوتا تينجي""}",2019-10-06T10:10:36,2025-12-02T14:39:31,1,Q935184
76492,Kuah,1947,02,132,MY,adm2,,,6.32649000,99.84320000,Sup,30212,Asia/Kuala_Lumpur,"{""br"":""Kuah"",""ko"":""쿠아"",""pt-BR"":""Kuah"",""pt"":""Kuah"",""nl"":""Kuah"",""hr"":""Kuah"",""fa"":""کواه"",""de"":""Kuah"",""es"":""Kuah"",""fr"":""Kuah"",""ja"":""クア"",""it"":""Kuah"",""zh-CN"":""瓜镇"",""tr"":""Kuah"",""ru"":""Куах"",""uk"":""Куах"",""pl"":""Kuah"",""hi"":""कुआह"",""ar"":""كواه""}",2019-10-06T10:10:37,2025-12-02T14:39:31,1,Q935184
76493,Kuala Besut,1942,11,132,MY,city,,,5.83303000,102.55514000,Kuala Besut,2400,Asia/Kuala_Lumpur,"{""br"":""Kuala Besut"",""ko"":""쿠알라 베숫"",""pt-BR"":""Kuala Besut"",""pt"":""Kuala Besut"",""nl"":""Kuala Besut"",""hr"":""Kuala Besut"",""fa"":""کوالا بسوت"",""de"":""Kuala Besut"",""es"":""Kuala Besut"",""fr"":""Kuala Besut"",""ja"":""クアラ・ベスット"",""it"":""Kuala Besut"",""zh-CN"":""瓜拉勿述"",""tr"":""Kuala Besut"",""ru"":""Куала Бесут"",""uk"":""Куала-Бесут"",""pl"":""Kuala Besut"",""hi"":""कुआला बेसुत"",""ar"":""كوالا بيسوت""}",2019-10-06T10:10:37,2025-12-02T14:38:56,1,Q935184
76494,Kuala Kangsar,1943,08,132,MY,city,,,4.76667000,100.93333000,Kuala Kangsar,39300,Asia/Kuala_Lumpur,"{""br"":""Kuala Kangsar"",""ko"":""쿠알라 캉사르"",""pt-BR"":""Kuala Kangsar"",""pt"":""Kuala Kangsar"",""nl"":""Kuala Kangsar"",""hr"":""Kuala Kangsar"",""fa"":""کوالا کانگسار"",""de"":""Kuala Kangsar"",""es"":""Kuala Kangsar"",""fr"":""Kuala Kangsar"",""ja"":""クアラ・カンサール"",""it"":""Kuala Kangsar"",""zh-CN"":""瓜拉江沙"",""tr"":""Kuala Kangsar"",""ru"":""Куала Кангсар"",""uk"":""Куала Кангсар"",""pl"":""Kuala Kangsar"",""hi"":""कुआला कांगसर"",""ar"":""كوالا كانجسار""}",2019-10-06T10:10:37,2025-12-02T14:38:56,1,Q1790832
76495,Kuala Kedah,1947,02,132,MY,city,,,6.10000000,100.30000000,Kuala Kedah,19231,Asia/Kuala_Lumpur,"{""br"":""Kuala Kedah"",""ko"":""쿠알라 케다"",""pt-BR"":""Kuala Kedah"",""pt"":""Kuala Kedah"",""nl"":""Kuala Kedah"",""hr"":""Kuala Kedah"",""fa"":""کوالا کداح"",""de"":""Kuala Kedah"",""es"":""Kuala Kedah"",""fr"":""Kuala Kedah"",""ja"":""クアラ・ケダ"",""it"":""Kuala Kedah"",""zh-CN"":""瓜拉吉打"",""tr"":""Kuala Kedah"",""ru"":""Куала Кедах"",""uk"":""Куала-Кедах"",""pl"":""Kuala Kedah"",""hi"":""कुआला केदाह"",""ar"":""كوالا قدح""}",2019-10-06T10:10:37,2025-12-02T14:38:56,1,Q1078157
76496,Kuala Lipis,1940,06,132,MY,city,,,4.18420000,102.04680000,Kuala Lipis,15448,Asia/Kuala_Lumpur,"{""br"":""Kuala Lipis"",""ko"":""쿠알라 리피스"",""pt-BR"":""Kuala Lipis"",""pt"":""Kuala Lipis"",""nl"":""Kuala Lipis"",""hr"":""Kuala Lipis"",""fa"":""کوالا لیپیس"",""de"":""Kuala Lipis"",""es"":""Kuala Lipis"",""fr"":""Kuala Lipis"",""ja"":""クアラ・リピス"",""it"":""Kuala Lipis"",""zh-CN"":""瓜拉立卑"",""tr"":""Kuala Lipis"",""ru"":""Куала Липис"",""uk"":""Куала-Ліпіс"",""pl"":""Kuala Lipis"",""hi"":""कुआला लिपिस"",""ar"":""كوالا ليبيس""}",2019-10-06T10:10:37,2025-12-02T14:38:56,1,Q2240800
76497,Kuala Lumpur,1949,14,132,MY,capital,,,3.14120000,101.68653000,Kuala Lumpur,1453975,Asia/Kuala_Lumpur,"{""br"":""Kuala Lumpur"",""ko"":""쿠알라룸푸르"",""pt-BR"":""Kuala Lumpur"",""pt"":""Kuala Lumpur"",""nl"":""Kuala Lumpur"",""hr"":""Kuala Lumpur"",""fa"":""کوالالامپور"",""de"":""Kuala Lumpur"",""es"":""Kuala Lumpur"",""fr"":""Kuala Lumpur"",""ja"":""クアラルンプール"",""it"":""Kuala Lumpur"",""zh-CN"":""吉隆坡"",""tr"":""kuala Lumpur"",""ru"":""Куала-Лумпур"",""uk"":""Куала-Лумпур"",""pl"":""Kuala Lumpur"",""hi"":""क्वालालंपुर"",""ar"":""كوالا لمبور""}",2019-10-06T10:10:37,2025-12-02T14:39:31,1,Q1865
76498,Kuala Perlis,1938,09,132,MY,city,,,6.40000000,100.13333000,Kuala Perlis,13917,Asia/Kuala_Lumpur,"{""br"":""Kuala Perlis"",""ko"":""쿠알라 펄리스"",""pt-BR"":""Kuala Perlis"",""pt"":""Kuala Perlis"",""nl"":""Kuala Perlis"",""hr"":""Kuala Perlis"",""fa"":""کوالا پرلیس"",""de"":""Kuala Perlis"",""es"":""Kuala Perlis"",""fr"":""Kuala Perlis"",""ja"":""クアラ・ペルリス"",""it"":""Kuala Perlis"",""zh-CN"":""瓜拉玻璃市"",""tr"":""Kuala Perlis"",""ru"":""Куала Перлис"",""uk"":""Куала-Перліс"",""pl"":""Kuala Perlis"",""hi"":""कुआला पर्लिस"",""ar"":""كوالا بيرليس""}",2019-10-06T10:10:37,2025-12-02T14:38:56,1,Q1938412
76499,Kuala Pilah,1948,05,132,MY,city,,,2.73890000,102.24870000,Kuala Pilah,19510,Asia/Kuala_Lumpur,"{""br"":""Kuala Pilah"",""ko"":""쿠알라 필라"",""pt-BR"":""Kuala Pilah"",""pt"":""Kuala Pilah"",""nl"":""Kuala Pilah"",""hr"":""Kuala Pilah"",""fa"":""کوالا پیله"",""de"":""Kuala Pilah"",""es"":""Kuala Pilah"",""fr"":""Kuala Pilah"",""ja"":""クアラピラ"",""it"":""Kuala Pilah"",""zh-CN"":""瓜拉庇劳"",""tr"":""Kuala Pilah"",""ru"":""Куала Пилах"",""uk"":""Куала-Пілах"",""pl"":""Kuala Pilah"",""hi"":""कुआला पिलाह"",""ar"":""كوالا بيلاه""}",2019-10-06T10:10:37,2025-12-02T14:38:56,1,Q2929940
76500,Kuala Selangor,1944,10,132,MY,city,,,3.35000000,101.25000000,Kuala Selangor,55887,Asia/Kuala_Lumpur,"{""br"":""Kuala Selangor"",""ko"":""쿠알라 셀랑고르"",""pt-BR"":""Kuala Selangor"",""pt"":""Kuala Selangor"",""nl"":""Kuala Selangor"",""hr"":""Kuala Selangor"",""fa"":""کوالا سلانگور"",""de"":""Kuala Selangor"",""es"":""Kuala Selangor"",""fr"":""Kuala Selangor"",""ja"":""クアラ・セランゴール"",""it"":""Kuala Selangor"",""zh-CN"":""瓜拉雪兰莪"",""tr"":""Kuala Selangor"",""ru"":""Куала Селангор"",""uk"":""Куала-Селангор"",""pl"":""Kuala Selangor"",""hi"":""कुआला सेलांगोर"",""ar"":""كوالا سيلانغور""}",2019-10-06T10:10:37,2025-12-02T14:38:56,1,Q3267302
76501,Kuala Sungai Baru,1941,04,132,MY,city,,,2.35940000,102.03530000,Kuala Sungai Baru,12269,Asia/Kuala_Lumpur,"{""br"":""Kuala Sungai Baru"",""ko"":""쿠알라 숭가이 바루"",""pt-BR"":""Kuala Sungai Baru"",""pt"":""Kuala Sungai Baru"",""nl"":""Kuala Sungai Baru"",""hr"":""Kuala Sungai Baru"",""fa"":""کوالا سونگای بارو"",""de"":""Kuala Sungai Baru"",""es"":""Kuala Sungai Baru"",""fr"":""Kuala Sungai Baru"",""ja"":""クアラ・スンガイ・バル"",""it"":""Kuala Sungai Baru"",""zh-CN"":""瓜拉双溪巴鲁"",""tr"":""Kuala Sungai Baru"",""ru"":""Куала Сунгай Бару"",""uk"":""Куала Сунгай Бару"",""pl"":""Kuala Sungai Baru"",""hi"":""कुआला सुंगई बारू"",""ar"":""كوالا سونغاي بارو""}",2019-10-06T10:10:37,2025-12-02T14:38:56,1,Q2643150
76502,Kuala Terengganu,1942,11,132,MY,adm1,,,5.33020000,103.14080000,Kuala Terengganu,426500,Asia/Kuala_Lumpur,"{""br"":""Kuala Terengganu"",""ko"":""쿠알라트렝가누"",""pt-BR"":""Kuala Terengganu"",""pt"":""Kuala Terengganu"",""nl"":""Kuala Terengganu"",""hr"":""Kuala Terengganu"",""fa"":""کوالا ترنگانو"",""de"":""Kuala Terengganu"",""es"":""Kuala Terengganu"",""fr"":""Kuala Terengganu"",""ja"":""クアラ・トレンガヌ"",""it"":""Kuala Terengganu"",""zh-CN"":""瓜拉登嘉楼"",""tr"":""Kuala Terengganu"",""ru"":""Куала-Теренггану"",""uk"":""Куала-Теренгану"",""pl"":""Kuala Terengganu"",""hi"":""कुआला तेरेंगानु"",""ar"":""كوالا ترينجانو""}",2019-10-06T10:10:37,2025-12-02T14:39:31,1,Q846502
76503,Kuala Teriang,1947,02,132,MY,city,,,6.36377000,99.71532000,Kuala Teriang,3000,Asia/Kuala_Lumpur,"{""br"":""Kuala Teriang"",""ko"":""쿠알라 테리앙"",""pt-BR"":""Kuala Teriang"",""pt"":""Kuala Teriang"",""nl"":""Kuala Teriang"",""hr"":""Kuala Teriang"",""fa"":""کوالا تریانگ"",""de"":""Kuala Teriang"",""es"":""Kuala Teriang"",""fr"":""Kuala Teriang"",""ja"":""クアラ・テリアン"",""it"":""Kuala Teriang"",""zh-CN"":""瓜拉直凉"",""tr"":""Kuala Teriang"",""ru"":""Куала Терианг"",""uk"":""Куала-Теріанг"",""pl"":""Kuala Teriang"",""hi"":""कुआला तेरियांग"",""ar"":""كوالا تيريانغ""}",2019-10-06T10:10:37,2025-12-02T14:39:31,1,Q846502
76504,Kuang,1944,10,132,MY,city,,,3.25940000,101.55410000,Kuang,21185,Asia/Kuala_Lumpur,"{""br"":""Kuang"",""ko"":""광"",""pt-BR"":""Kuang"",""pt"":""Kuang"",""nl"":""Kuang"",""hr"":""Kuang"",""fa"":""کوانگ"",""de"":""Kuang"",""es"":""Kuang"",""fr"":""Kuang"",""ja"":""クアン"",""it"":""Kuang"",""zh-CN"":""匡"",""tr"":""Kuang"",""ru"":""Куанг"",""uk"":""Куанг"",""pl"":""Kuang"",""hi"":""कुआंग"",""ar"":""كوانغ""}",2019-10-06T10:10:37,2025-12-02T14:38:56,1,Q2499720
76505,Kuantan,1940,06,132,MY,adm1,,,3.80770000,103.32600000,Kuantan,607778,Asia/Kuala_Lumpur,"{""br"":""Kuantan"",""ko"":""쿠안탄"",""pt-BR"":""Kuantan"",""pt"":""Kuantan"",""nl"":""Kuantan"",""hr"":""Kuantan"",""fa"":""کوانتان"",""de"":""Kuantan"",""es"":""Kuantan"",""fr"":""Kuantan"",""ja"":""クアンタン"",""it"":""Kuantan"",""zh-CN"":""关丹"",""tr"":""Kuantan"",""ru"":""Куантан"",""uk"":""Куантан"",""pl"":""Kuantan"",""hi"":""कुआंतान"",""ar"":""كوانتان""}",2019-10-06T10:10:37,2025-12-02T14:38:56,1,Q817578
76506,Kuching,1937,13,132,MY,adm1,,,1.55000000,110.33333000,Kuching,325132,Asia/Kuching,"{""br"":""Kuching"",""ko"":""쿠칭"",""pt-BR"":""Kuching"",""pt"":""Kuching"",""nl"":""Kuching"",""hr"":""Kuching"",""fa"":""کوچینگ"",""de"":""Kuching"",""es"":""Kuching"",""fr"":""Kuching"",""ja"":""クチン"",""it"":""Kuching"",""zh-CN"":""古晋"",""tr"":""Kuching"",""ru"":""Кучинг"",""uk"":""Кучінг"",""pl"":""Kuching"",""hi"":""कुचिंग"",""ar"":""كوتشينغ""}",2019-10-06T10:10:37,2025-12-02T14:39:55,1,Q220445
76507,Kudat,1936,12,132,MY,city,,,6.88732000,116.82364000,Kudat,32393,Asia/Kuching,"{""br"":""Kudat"",""ko"":""쿠다트"",""pt-BR"":""Kudat"",""pt"":""Kudat"",""nl"":""Kudat"",""hr"":""Kudat"",""fa"":""کودات"",""de"":""Kudat"",""es"":""Kudat"",""fr"":""Kudat"",""ja"":""クダット"",""it"":""Kudat"",""zh-CN"":""古达"",""tr"":""Kudat"",""ru"":""Кудат"",""uk"":""Кудат"",""pl"":""Kudat"",""hi"":""कुदत"",""ar"":""كودات""}",2019-10-06T10:10:37,2025-12-02T14:39:55,1,Q23041
76508,Kulai,1950,01,132,MY,city,,,1.65610000,103.60320000,Kulai,63762,Asia/Kuala_Lumpur,"{""br"":""Kulai"",""ko"":""쿨라이"",""pt-BR"":""Kulai"",""pt"":""Kulai"",""nl"":""Kulai"",""hr"":""Kulai"",""fa"":""کولای"",""de"":""Kulai"",""es"":""Kulai"",""fr"":""Kulai"",""ja"":""クライ"",""it"":""Kulai"",""zh-CN"":""古来"",""tr"":""Kulai"",""ru"":""Кулай"",""uk"":""Кулай"",""pl"":""Kulai"",""hi"":""कुलाई"",""ar"":""كولاي""}",2019-10-06T10:10:37,2025-12-02T14:38:56,1,Q12492866
76509,Kulim,1947,02,132,MY,city,,,5.36499000,100.56177000,Kulim,170889,Asia/Kuala_Lumpur,"{""br"":""Kulim"",""ko"":""쿨림"",""pt-BR"":""Kulim"",""pt"":""Kulim"",""nl"":""Kulim"",""hr"":""Kulim"",""fa"":""کولیم"",""de"":""Kulim"",""es"":""Kulim"",""fr"":""Kulim"",""ja"":""クリム"",""it"":""Kulim"",""zh-CN"":""居林"",""tr"":""Kulim"",""ru"":""Кулим"",""uk"":""Кулім"",""pl"":""Kulim"",""hi"":""कुलिम"",""ar"":""كوليم""}",2019-10-06T10:10:37,2025-12-02T14:39:31,1,Q12492866
76510,Labis,1950,01,132,MY,city,,,2.38500000,103.02100000,Berlebihan,21906,Asia/Kuala_Lumpur,"{""br"":""Labis"",""ko"":""음순"",""pt-BR"":""Lábios"",""pt"":""Lábios"",""nl"":""Labis"",""hr"":""Labis"",""fa"":""لابیس"",""de"":""Labis"",""es"":""Labis"",""fr"":""Labis"",""ja"":""ラビス"",""it"":""Labbra"",""zh-CN"":""拉美士"",""tr"":""Labis"",""ru"":""Лабис"",""uk"":""Лабіс"",""pl"":""Labis"",""hi"":""लैबिस"",""ar"":""لابيس""}",2019-10-06T10:10:37,2025-12-02T14:38:56,1,Q12492866
76511,Labuan,1935,15,132,MY,adm1,,,5.28028000,115.24750000,Labuan,95120,Asia/Kuala_Lumpur,"{""br"":""Labuan"",""ko"":""라부안"",""pt-BR"":""Labuan"",""pt"":""Labuan"",""nl"":""Labuan"",""hr"":""Labuan"",""fa"":""لابوان"",""de"":""Labuan"",""es"":""Labuán"",""fr"":""Labuan"",""ja"":""ラブアン"",""it"":""Labuan"",""zh-CN"":""纳闽"",""tr"":""Labuan"",""ru"":""Лабуан"",""uk"":""Лабуан"",""pl"":""Labuan"",""hi"":""लाबुआन"",""ar"":""لابوان""}",2019-10-06T10:10:37,2025-12-02T14:39:31,1,Q2363616
76512,Ladang Seri Kundang,1944,10,132,MY,city,,,3.28560000,101.51900000,Ladang Seri Kundang,23307,Asia/Kuala_Lumpur,"{""br"":""Ladang Seri Kundang"",""ko"":""라당 세리 쿤당"",""pt-BR"":""Ladang Seri Kundang"",""pt"":""Ladang Seri Kundang"",""nl"":""Ladang Seri Kundang"",""hr"":""Ladang Seri Kundang"",""fa"":""لادانگ سری کوندانگ"",""de"":""Ladang Seri Kundang"",""es"":""Ladang Seri Kundang"",""fr"":""Ladang Seri Kundang"",""ja"":""ラダン・スリ・クンダン"",""it"":""Ladang Seri Kundang"",""zh-CN"":""拉当·斯里·昆当"",""tr"":""Ladang Seri Kundang"",""ru"":""Ладанг Сери Кунданг"",""uk"":""Ладанг Сері Кунданг"",""pl"":""Ladang Seri Kundang"",""hi"":""Ladang Seri Kundang"",""ar"":""Ladang Seri Kundang""}",2019-10-06T10:10:37,2025-12-02T14:38:56,1,Q2363616
76513,Lahad Datu,1936,12,132,MY,city,,,5.02298000,118.32897000,Lahad Datu,105622,Asia/Kuching,"{""br"":""Lahad Datu"",""ko"":""라하드 다투"",""pt-BR"":""Lahad Datu"",""pt"":""Lahad Datu"",""nl"":""Lahad Datu"",""hr"":""Lahad Datu"",""fa"":""لاهاد داتو"",""de"":""Lahad Datu"",""es"":""Lahad Datu"",""fr"":""Lahad Datu"",""ja"":""ラハド・ダトゥ"",""it"":""Lahad Datu"",""zh-CN"":""拉哈达图"",""tr"":""Lahad Datu"",""ru"":""Лахад Дату"",""uk"":""Лахад Дату"",""pl"":""Lahad Datu"",""hi"":""लाहद दातु"",""ar"":""لحد داتو""}",2019-10-06T10:10:37,2025-12-02T14:39:55,1,Q1018501
76514,Langkawi,1947,02,132,MY,city,,,6.35608000,99.78375000,Langkawi,64792,Asia/Kuala_Lumpur,"{""br"":""Langkawi"",""ko"":""랑카위"",""pt-BR"":""Langkawi"",""pt"":""Langkawi"",""nl"":""Langkawi"",""hr"":""Langkawi"",""fa"":""لنکاوی"",""de"":""Langkawi"",""es"":""Langkawi"",""fr"":""Langkawi"",""ja"":""ランカウイ"",""it"":""Langkawi"",""zh-CN"":""兰卡威"",""tr"":""Langkawi"",""ru"":""Лангкави"",""uk"":""Лангкаві"",""pl"":""Langkawi"",""hi"":""लैंगकॉवी"",""ar"":""لانكاوي""}",2019-10-06T10:10:37,2025-12-02T16:59:27,1,Q273303
76515,Lawas,1937,13,132,MY,city,,,4.86040000,115.40900000,Badan,26002,Asia/Kuching,"{""br"":""Lawas"",""ko"":""라와스"",""pt-BR"":""Lawas"",""pt"":""Lawas"",""nl"":""Lawas"",""hr"":""Lawas"",""fa"":""لاواس"",""de"":""Lawas"",""es"":""Lawas"",""fr"":""Lois"",""ja"":""ラワス"",""it"":""Lawas"",""zh-CN"":""拉哇斯"",""tr"":""Lawas"",""ru"":""Лавас"",""uk"":""Лавас"",""pl"":""Lawas"",""hi"":""लवास"",""ar"":""لاواس""}",2019-10-06T10:10:37,2025-12-02T14:39:55,1,Q6503576
76516,Lidung Jelo,1937,13,132,MY,historical,,,2.64848000,114.78653000,Hidangan Lidung,1900,Asia/Kuching,"{""br"":""Lidung Jelo"",""ko"":""리둥 젤로"",""pt-BR"":""Lidung Jelo"",""pt"":""Lidung Jelo"",""nl"":""Lidung Jelo"",""hr"":""Lidung Jelo"",""fa"":""لیدونگ جلو"",""de"":""Lidung Jelo"",""es"":""Lidung Jelo"",""fr"":""Lidung Jelo"",""ja"":""リドゥン・ジェロ"",""it"":""Lidung Jelo"",""zh-CN"":""利东杰洛"",""tr"":""Lidung Jelo"",""ru"":""Лидунг Джело"",""uk"":""Лідунг Джело"",""pl"":""Lidung Jelo"",""hi"":""लिडुंग जेलो"",""ar"":""ليدونغ جيلو""}",2019-10-06T10:10:37,2025-12-02T14:39:55,1,Q6503576
76517,Limbang,1937,13,132,MY,city,,,4.75000000,115.00000000,Limbang,38093,Asia/Kuching,"{""br"":""Limbang"",""ko"":""림방"",""pt-BR"":""Limbang"",""pt"":""Limbang"",""nl"":""Limbang"",""hr"":""Limbang"",""fa"":""لیمبانگ"",""de"":""Limbang"",""es"":""Limbang"",""fr"":""Limbang"",""ja"":""リンバン"",""it"":""Limbang"",""zh-CN"":""林梦"",""tr"":""Limbang"",""ru"":""Лимбанг"",""uk"":""Лімбанг"",""pl"":""Limbang"",""hi"":""लिम्बांग"",""ar"":""ليمبانج""}",2019-10-06T10:10:37,2025-12-02T14:39:55,1,Q2181642
76518,Long Ampan Aing or Abanang,1937,13,132,MY,historical,,,2.65671000,114.73675000,Long Ampan Aing,1850,Asia/Kuching,"{""br"":""Long Ampan Aing pe Abanang"",""ko"":""롱 암판 아잉 또는 아바낭"",""pt-BR"":""Long Ampan Aing ou Abanang"",""pt"":""Long Ampan Aing ou Abanang"",""nl"":""Lange Ampan Aing of Abanang"",""hr"":""Long Ampan Aing ili Abanang"",""fa"":""لانگ آمپان آینگ یا آبانانگ"",""de"":""Long Ampan Aing oder Abanang"",""es"":""Long Ampan Aing o Abanang"",""fr"":""Long Ampan Aing ou Abanang"",""ja"":""ロン・アンパン・アインまたはアバナン"",""it"":""Long Ampan Aing o Abanang"",""zh-CN"":""龙安潘安或阿巴南"",""tr"":""Long Ampan Aing veya Abanang"",""ru"":""Лонг Ампан Айнг или Абананг"",""uk"":""Лонг Ампан Аінг або Абананг"",""pl"":""Długi Ampan Aing lub Abanang"",""hi"":""लॉन्ग अम्पन ऐंग या अबानांग"",""ar"":""لونغ أمبان آينغ أو أبانانغ""}",2019-10-06T10:10:37,2025-12-02T14:39:55,1,Q2181642
76519,Lumut,1943,08,132,MY,city,,,4.23230000,100.62980000,Lumut,39595,Asia/Kuala_Lumpur,"{""br"":""Lumut"",""ko"":""루무트"",""pt-BR"":""Lumut"",""pt"":""Lumut"",""nl"":""Lumut"",""hr"":""Lumut"",""fa"":""لوموت"",""de"":""Lumut"",""es"":""Lumut"",""fr"":""Lumut"",""ja"":""ルムット"",""it"":""Lumut"",""zh-CN"":""卢穆特"",""tr"":""Lumut"",""ru"":""Лумут"",""uk"":""Лумут"",""pl"":""Lumut"",""hi"":""लुमुट"",""ar"":""لوموت""}",2019-10-06T10:10:37,2025-12-02T14:38:56,1,Q1511484
76520,Malacca,1941,04,132,MY,adm1,,,2.19600000,102.24050000,Melaka,579000,Asia/Kuala_Lumpur,"{""br"":""Malaka"",""ko"":""말라카"",""pt-BR"":""Malaca"",""pt"":""Malaca"",""nl"":""Malakka"",""hr"":""Malaka"",""fa"":""ملاکا"",""de"":""Malakka"",""es"":""Malaca"",""fr"":""Malacca"",""ja"":""マラッカ"",""it"":""Malacca"",""zh-CN"":""马六甲"",""tr"":""Malakka"",""ru"":""Малакка"",""uk"":""Малакка"",""pl"":""Malakka"",""hi"":""मलक्का"",""ar"":""ملقا""}",2019-10-06T10:10:37,2025-12-02T14:39:31,1,Q61089
76521,Marang,1942,11,132,MY,city,,,5.20560000,103.20590000,Ke arah,21410,Asia/Kuala_Lumpur,"{""br"":""Marang"",""ko"":""마랑"",""pt-BR"":""Marang"",""pt"":""Marang"",""nl"":""Marang"",""hr"":""Marang"",""fa"":""مارانگ"",""de"":""Marang"",""es"":""Marang"",""fr"":""Marang"",""ja"":""マラン"",""it"":""Marang"",""zh-CN"":""马兰"",""tr"":""Marang"",""ru"":""Маранг"",""uk"":""Маранг"",""pl"":""Marang"",""hi"":""मरांग"",""ar"":""مارانج""}",2019-10-06T10:10:37,2025-12-02T14:38:56,1,Q61089
76522,Marudi,1937,13,132,MY,city,,,4.18333000,114.31667000,Marudi,90100,Asia/Kuching,"{""br"":""Marudi"",""ko"":""마루디"",""pt-BR"":""Marudi"",""pt"":""Marudi"",""nl"":""Marudi"",""hr"":""Marudi"",""fa"":""مارودی"",""de"":""Marudi"",""es"":""Marudi"",""fr"":""Marudi"",""ja"":""マルディ"",""it"":""Marudi"",""zh-CN"":""马鲁迪"",""tr"":""Marudi"",""ru"":""Маруди"",""uk"":""Маруді"",""pl"":""Marudi"",""hi"":""मारुडी"",""ar"":""مارودي""}",2019-10-06T10:10:37,2025-12-02T14:39:55,1,Q1005701
76523,Mentekab,1940,06,132,MY,city,,,3.48540000,102.34840000,Batu,42171,Asia/Kuala_Lumpur,"{""br"":""Mentekab"",""ko"":""멘테카브"",""pt-BR"":""Mentekab"",""pt"":""Mentekab"",""nl"":""Mentekab"",""hr"":""Mentekab"",""fa"":""منتکاب"",""de"":""Mentekab"",""es"":""Mentekab"",""fr"":""Mentekab"",""ja"":""メンテカブ"",""it"":""Mentekab"",""zh-CN"":""门特卡布"",""tr"":""Mentekab"",""ru"":""Ментекаб"",""uk"":""Ментекаб"",""pl"":""Mentekab"",""hi"":""मेन्टेकैब"",""ar"":""مينتيكاب""}",2019-10-06T10:10:37,2025-12-02T14:39:31,1,Q2944710
76524,Mersing,1950,01,132,MY,city,,,2.43120000,103.84050000,Mersing,22007,Asia/Kuala_Lumpur,"{""br"":""Mersing"",""ko"":""메르싱"",""pt-BR"":""Mersing"",""pt"":""Mersing"",""nl"":""Mersing"",""hr"":""Mersing"",""fa"":""مرسینگ"",""de"":""Mersing"",""es"":""Mersing"",""fr"":""Mersing"",""ja"":""メルシン"",""it"":""Mersing"",""zh-CN"":""丰盛港"",""tr"":""Mersing"",""ru"":""Мерсинг"",""uk"":""Мерсінг"",""pl"":""Mersing"",""hi"":""मर्सिंग"",""ar"":""ميرسينغ""}",2019-10-06T10:10:37,2025-12-02T14:38:56,1,Q1344433
76525,Miri,1937,13,132,MY,city,,,4.39928000,113.99163000,Miri,300543,Asia/Kuching,"{""br"":""Miri"",""ko"":""미리"",""pt-BR"":""Miri"",""pt"":""Miri"",""nl"":""Miri"",""hr"":""Miri"",""fa"":""میری"",""de"":""Miri"",""es"":""Miri"",""fr"":""Miri"",""ja"":""ミリ"",""it"":""Miri"",""zh-CN"":""美里"",""tr"":""Miri"",""ru"":""Мири"",""uk"":""Мірі"",""pl"":""Miri"",""hi"":""मिरी"",""ar"":""ميري""}",2019-10-06T10:10:37,2025-12-02T14:39:55,1,Q986803
76526,Muar,1950,01,132,MY,city,,,2.04420000,102.56890000,Muar,314776,Asia/Kuala_Lumpur,"{""br"":""Muar"",""ko"":""무아르"",""pt-BR"":""Muar"",""pt"":""Muar"",""nl"":""Muar"",""hr"":""Muar"",""fa"":""موار"",""de"":""Muar"",""es"":""Muar"",""fr"":""Muar"",""ja"":""ムアール"",""it"":""Muar"",""zh-CN"":""麻坡"",""tr"":""Muar"",""ru"":""Муар"",""uk"":""Муар"",""pl"":""Muar"",""hi"":""मुआर"",""ar"":""موار""}",2019-10-06T10:10:37,2025-12-02T14:38:56,1,Q1832744
76527,Mukah,1937,13,132,MY,city,,,2.89435000,112.09145000,Mukah,33478,Asia/Kuching,"{""br"":""Mukah"",""ko"":""무카"",""pt-BR"":""Mukah"",""pt"":""Mukah"",""nl"":""Mukah"",""hr"":""Mukah"",""fa"":""موکا"",""de"":""Mukah"",""es"":""Mukah"",""fr"":""Mukah"",""ja"":""ムカ"",""it"":""Mukah"",""zh-CN"":""木胶"",""tr"":""Mukah"",""ru"":""Муках"",""uk"":""Муках"",""pl"":""Mukah"",""hi"":""मुका"",""ar"":""موكاه""}",2019-10-06T10:10:37,2025-12-02T14:39:55,1,Q2219702
76528,Nibong Tebal,1939,07,132,MY,city,,,5.16586000,100.47793000,Nibong Tebal,40072,Asia/Kuala_Lumpur,"{""br"":""Nibong Tebal"",""ko"":""니봉 테발"",""pt-BR"":""Nibong Tebal"",""pt"":""Nibong Tebal"",""nl"":""Nibong Tebal"",""hr"":""Nibong Tebal"",""fa"":""نیبونگ طبل"",""de"":""Nibong Tebal"",""es"":""Nibong Tebal"",""fr"":""Nibong Tebal"",""ja"":""ニボン・テバル"",""it"":""Nibong Tebal"",""zh-CN"":""高渊"",""tr"":""Nibong Tebal"",""ru"":""Нибонг Тебал"",""uk"":""Нібонг Тебал"",""pl"":""Nibong Tebal"",""hi"":""निबोंग तेबल"",""ar"":""نيبونج تيبال""}",2019-10-06T10:10:37,2025-12-02T14:38:56,1,Q848853
76529,Padang Mat Sirat,1947,02,132,MY,city,,,6.35423000,99.73404000,Padang Mat Sirat,10000,Asia/Kuala_Lumpur,"{""br"":""Padang Mat Sirat"",""ko"":""파당 맷 시랏"",""pt-BR"":""Padang Mat Sirat"",""pt"":""Padang Mat Sirat"",""nl"":""Padang Mat Sirat"",""hr"":""Padang Mat Sirat"",""fa"":""پادانگ مات سیرات"",""de"":""Padang Mat Sirat"",""es"":""Padang Mat Sirat"",""fr"":""Padang Mat Sirat"",""ja"":""パダン・マット・シラット"",""it"":""Padang Mat Sirat"",""zh-CN"":""巴东马特西拉"",""tr"":""Padang Mat Sirat"",""ru"":""Паданг Мат Сират"",""uk"":""Паданг Мат Сірат"",""pl"":""Padang Mat Sirat"",""hi"":""पडांग मत सिरात"",""ar"":""بادانج مات سيرات""}",2019-10-06T10:10:38,2025-12-02T14:39:31,1,Q848853
76530,Paka,1942,11,132,MY,city,,,4.63740000,103.43680000,Kucing,21044,Asia/Kuala_Lumpur,"{""br"":""Paka"",""ko"":""파카"",""pt-BR"":""Paka"",""pt"":""Paka"",""nl"":""Paka"",""hr"":""Paka"",""fa"":""پاکا"",""de"":""Paka"",""es"":""Paka"",""fr"":""Paka"",""ja"":""パカ"",""it"":""Paka"",""zh-CN"":""帕卡"",""tr"":""Paka"",""ru"":""Пака"",""uk"":""Пака"",""pl"":""Paka"",""hi"":""पाका"",""ar"":""باكا""}",2019-10-06T10:10:38,2025-12-02T14:38:56,1,Q1923195
76531,Pantai Cenang,1938,09,132,MY,city,,,6.29369000,99.72786000,Pantai Cenang,15000,Asia/Kuala_Lumpur,"{""br"":""Pantai Cenang"",""ko"":""판타이 체낭"",""pt-BR"":""Praia Cenang"",""pt"":""Praia Cenang"",""nl"":""Pantai Cenang"",""hr"":""Pantai Cenang"",""fa"":""پانتای سنانگ"",""de"":""Pantai Cenang"",""es"":""Playa Cenang"",""fr"":""Plage de Cenang"",""ja"":""パンタイ・チェナン"",""it"":""Pantai Cenang"",""zh-CN"":""珍南海滩"",""tr"":""Pantai Cenang"",""ru"":""Пантай Ченанг"",""uk"":""Пантай Ченанг"",""pl"":""Pantai Cenang"",""hi"":""पंताई सेनांग"",""ar"":""بانتاي سينانج""}",2019-10-06T10:10:38,2025-12-02T14:39:31,1,Q1923195
76532,Pantai Remis,1943,08,132,MY,city,,,4.45570000,100.62880000,Remis Beach,16317,Asia/Kuala_Lumpur,"{""br"":""Pantai Remis"",""ko"":""판타이 레미스"",""pt-BR"":""Praia Remis"",""pt"":""Praia Remis"",""nl"":""Pantai Remis"",""hr"":""Pantai Remis"",""fa"":""پانتای رمیس"",""de"":""Pantai Remis"",""es"":""Pantai Remis"",""fr"":""Plage Remis"",""ja"":""パンタイ レミス"",""it"":""Pantai Remis"",""zh-CN"":""班泰雷米斯"",""tr"":""Pantai Remis"",""ru"":""Пантай Ремис"",""uk"":""Пантай Реміс"",""pl"":""Pantai Remis"",""hi"":""पंताई रेमिस"",""ar"":""بانتاي ريميس""}",2019-10-06T10:10:38,2025-12-02T14:38:56,1,Q1923195
76533,Papar,1936,12,132,MY,city,,,5.73333000,115.93333000,Berkata,19278,Asia/Kuching,"{""br"":""Papar"",""ko"":""파파르"",""pt-BR"":""Papar"",""pt"":""Papar"",""nl"":""Papar"",""hr"":""Papar"",""fa"":""پاپار"",""de"":""Papar"",""es"":""Papar"",""fr"":""Papar"",""ja"":""パパール"",""it"":""Papar"",""zh-CN"":""帕帕尔"",""tr"":""Papar"",""ru"":""Папар"",""uk"":""Папар"",""pl"":""Papar"",""hi"":""पपर"",""ar"":""بابار""}",2019-10-06T10:10:38,2025-12-02T14:39:55,1,Q1025365
76534,Parit Buntar,1943,08,132,MY,city,,,5.12671000,100.49316000,Parit Buntar,27313,Asia/Kuala_Lumpur,"{""br"":""Parit Buntar"",""ko"":""파릿 분타르"",""pt-BR"":""Parit Buntar"",""pt"":""Parit Buntar"",""nl"":""Parit Buntar"",""hr"":""Parit Buntar"",""fa"":""پاریت بونتار"",""de"":""Parit Buntar"",""es"":""Parit Buntar"",""fr"":""Parit Buntar"",""ja"":""パリット・ブンタール"",""it"":""Parit Buntar"",""zh-CN"":""巴力文打"",""tr"":""Parit Buntar"",""ru"":""Парит Бунтар"",""uk"":""Паріт Бунтар"",""pl"":""Parit Buntar"",""hi"":""पारित बुंतार"",""ar"":""باريت بونتار""}",2019-10-06T10:10:38,2025-12-02T14:38:56,1,Q1973063
76535,Parit Raja,1950,01,132,MY,city,,,1.86810000,103.11240000,Parit Raja,17441,Asia/Kuala_Lumpur,"{""br"":""Parit Raja"",""ko"":""파릿 라자"",""pt-BR"":""Parit Raja"",""pt"":""Parit Raja"",""nl"":""Parit Raja"",""hr"":""Parit Raja"",""fa"":""پاریت راجا"",""de"":""Parit Raja"",""es"":""Parit Raja"",""fr"":""Parit Raja"",""ja"":""パリット・ラジャ"",""it"":""Parit Raja"",""zh-CN"":""巴力拉惹"",""tr"":""Parit Raja"",""ru"":""Парит Раджа"",""uk"":""Паріт Раджа"",""pl"":""Parit Raja"",""hi"":""पारित राजा"",""ar"":""باريت راجا""}",2019-10-06T10:10:38,2025-12-02T14:38:56,1,Q4567855
76536,Pasir Mas,1946,03,132,MY,adm2,,,6.04934000,102.13987000,Pasir Mas,233400,Asia/Kuala_Lumpur,"{""br"":""Pasir Mas"",""ko"":""파시르 마스"",""pt-BR"":""Pasir Mas"",""pt"":""Pasir Mas"",""nl"":""Pasir Mas"",""hr"":""Pasir Mas"",""fa"":""پاسیر ماس"",""de"":""Pasir Mas"",""es"":""Pasir Mas"",""fr"":""Pasir Mas"",""ja"":""パシル・マス"",""it"":""Pasir Mas"",""zh-CN"":""巴西马斯"",""tr"":""Pasir Mas"",""ru"":""Пасир Мас"",""uk"":""Пасір Мас"",""pl"":""Pasir Mas"",""hi"":""पासिर मास"",""ar"":""باسير ماس""}",2019-10-06T10:10:38,2025-12-02T14:38:56,1,Q4567855
76537,Pekan,1940,06,132,MY,city,,,3.48360000,103.39960000,Minggu,31826,Asia/Kuala_Lumpur,"{""br"":""Pekan"",""ko"":""페칸"",""pt-BR"":""Pekan"",""pt"":""Pekan"",""nl"":""Pekan"",""hr"":""Pekan"",""fa"":""پکان"",""de"":""Pekan"",""es"":""Pekan"",""fr"":""Pékin"",""ja"":""ペカン"",""it"":""Pekan"",""zh-CN"":""北干"",""tr"":""Pekan"",""ru"":""Пекан"",""uk"":""Пекан"",""pl"":""Pekan"",""hi"":""पेकन"",""ar"":""بيكان""}",2019-10-06T10:10:38,2025-12-02T14:38:56,1,Q4567855
76538,Pekan Nenas,1950,01,132,MY,city,,,1.51000000,103.51410000,Pekan Nenas,23292,Asia/Kuala_Lumpur,"{""br"":""Pekan Nenas"",""ko"":""페칸 네나스"",""pt-BR"":""Pekan Nenas"",""pt"":""Pekan Nenas"",""nl"":""Pekan Nenas"",""hr"":""Pekan Nenas"",""fa"":""پکان نناس"",""de"":""Pekan Nenas"",""es"":""Pekan Nenas"",""fr"":""Pekan Nenas"",""ja"":""ペカン・ネナス"",""it"":""Pekan Nenas"",""zh-CN"":""北干那那"",""tr"":""Pekan Nenas"",""ru"":""Пекан Ненас"",""uk"":""Пекан Ненас"",""pl"":""Pekan Nenas"",""hi"":""पेकन नेनास"",""ar"":""بيكان نيناس""}",2019-10-06T10:10:38,2025-12-02T14:39:31,1,Q1951088
76539,Pelabuhan Klang,1944,10,132,MY,city,,,2.99959000,101.39287000,Pelabuhan Klang,20000,Asia/Kuala_Lumpur,"{""br"":""Pelabuhan Klang"",""ko"":""클랑 펠라부한"",""pt-BR"":""Pelabuhan Klang"",""pt"":""Pelabuhan Klang"",""nl"":""Pelabuhan Klang"",""hr"":""Pelabuhan Klang"",""fa"":""پلابوهان کلانگ"",""de"":""Pelabuhan Klang"",""es"":""Pelabuhan Klang"",""fr"":""Pelabuhan Klang"",""ja"":""ペラブハン・クラン"",""it"":""Pelabuhan Klang"",""zh-CN"":""游泳池"",""tr"":""Pelabuhan Klang"",""ru"":""Пелабухан Кланг"",""uk"":""Пелабухан Кланг"",""pl"":""Pelabuhan Klang"",""hi"":""पेलाबुहान क्लैंग"",""ar"":""بيلابوهان كلانج""}",2019-10-06T10:10:38,2025-12-02T14:39:31,1,Q11155122
76540,Perai,1939,07,132,MY,city,,,5.38333000,100.38333000,Perai,65301,Asia/Kuala_Lumpur,"{""br"":""Perai"",""ko"":""페라이"",""pt-BR"":""Perai"",""pt"":""Perai"",""nl"":""Perai"",""hr"":""Perai"",""fa"":""پرای"",""de"":""Perai"",""es"":""Perai"",""fr"":""Perai"",""ja"":""ペライ"",""it"":""Perai"",""zh-CN"":""北赖"",""tr"":""Perai"",""ru"":""Пераи"",""uk"":""Перай"",""pl"":""Perai"",""hi"":""पेरायी"",""ar"":""بيراي""}",2019-10-06T10:10:38,2025-12-02T14:39:31,1,Q11155122
76541,Peringat,1946,03,132,MY,city,,,6.03333000,102.28333000,Peringat,23288,Asia/Kuala_Lumpur,"{""br"":""Peringat"",""ko"":""페링가트"",""pt-BR"":""Peringat"",""pt"":""Peringat"",""nl"":""Peringat"",""hr"":""Peringat"",""fa"":""پرینگات"",""de"":""Peringat"",""es"":""Peringat"",""fr"":""Peringat"",""ja"":""ペリンガット"",""it"":""Peringat"",""zh-CN"":""佩林加特"",""tr"":""Peringat"",""ru"":""Перингат"",""uk"":""Перінгат"",""pl"":""Peringat"",""hi"":""पेरिंगाट"",""ar"":""بيرينغات""}",2019-10-06T10:10:38,2025-12-02T14:38:56,1,Q11155122
76542,Permatang Kuching,1939,07,132,MY,city,,,5.46339000,100.38144000,Permatang Kuching,27191,Asia/Kuala_Lumpur,"{""br"":""Permatang Kuching"",""ko"":""쿠칭 퍼마탕"",""pt-BR"":""Permatang Kuching"",""pt"":""Permatang Kuching"",""nl"":""Permatang Kuching"",""hr"":""Permatang Kuching"",""fa"":""پرماتانگ کوچینگ"",""de"":""Permatang Kuching"",""es"":""Permatang Kuching"",""fr"":""Permatang Kuching"",""ja"":""ペルマタン・クチン"",""it"":""Permatang Kuching"",""zh-CN"":""古晋峇东"",""tr"":""Kuching'in Kalıcı Yeri"",""ru"":""Перматанг Кучинг"",""uk"":""Перматанг Кучінг"",""pl"":""Permatang Kuching"",""hi"":""Permatang Kuching"",""ar"":""بيرماتانج كوتشينغ""}",2019-10-06T10:10:38,2025-12-02T14:38:56,1,Q11155122
76543,Petaling Jaya,1944,10,132,MY,adm2,,,3.10726000,101.60671000,Petaling Jaya,807879,Asia/Kuala_Lumpur,"{""br"":""Petaling Jaya"",""ko"":""페탈링 자야"",""pt-BR"":""Petaling Jaya"",""pt"":""Petaling Jaya"",""nl"":""Petaling Jaya"",""hr"":""Petaling Jaya"",""fa"":""پتالینگ جایا"",""de"":""Petaling Jaya"",""es"":""Petaling Jaya"",""fr"":""Petaling Jaya"",""ja"":""ペタリンジャヤ"",""it"":""Petaling Jaya"",""zh-CN"":""八打灵再也"",""tr"":""Petaling Jaya"",""ru"":""Петалинг-Джая"",""uk"":""Петалінг-Джая"",""pl"":""Petaling Jaya"",""hi"":""पिटालिंग जाया"",""ar"":""بيتالينغ جايا""}",2019-10-06T10:10:38,2025-12-02T14:39:31,1,Q864965
76544,Pontian Kechil,1950,01,132,MY,city,,,1.48660000,103.38960000,Pontian Kechil,1787,Asia/Kuala_Lumpur,"{""br"":""Pontian Kechil"",""ko"":""폰티안 케칠"",""pt-BR"":""Pontian Kechil"",""pt"":""Pontian Kechil"",""nl"":""Pontian Kechil"",""hr"":""Pontijski Kechil"",""fa"":""پونتیان کچیل"",""de"":""Pontian Kechil"",""es"":""Ponciano Kechil"",""fr"":""Pontian Kechil"",""ja"":""ポンティアン・ケチル"",""it"":""Pontian Kechil"",""zh-CN"":""笨珍小吉"",""tr"":""Pontus Keçili"",""ru"":""Понтийский Кечил"",""uk"":""Понтіан Кечіл"",""pl"":""Pontian Kechil"",""hi"":""पोंटियन केचिल"",""ar"":""بونتيان كيتشيل""}",2019-10-06T10:10:38,2025-12-02T14:38:56,1,Q864965
76545,Port Dickson,1948,05,132,MY,adm2,,,2.53718000,101.80571000,Port Dickson,119300,Asia/Kuala_Lumpur,"{""br"":""Port Dickson"",""ko"":""포트 딕슨"",""pt-BR"":""Porto Dickson"",""pt"":""Porto Dickson"",""nl"":""Port Dickson"",""hr"":""Port Dickson"",""fa"":""پورت دیکسون"",""de"":""Port Dickson"",""es"":""Puerto Dickson"",""fr"":""Port Dickson"",""ja"":""ポートディクソン"",""it"":""Porto Dickson"",""zh-CN"":""波德申"",""tr"":""Port Dickson"",""ru"":""Порт-Диксон"",""uk"":""Порт-Діксон"",""pl"":""Port Dickson"",""hi"":""पोर्ट डिक्सन"",""ar"":""بورت ديكسون""}",2019-10-06T10:10:38,2025-12-02T14:38:56,1,Q653801
76546,Pulau Sebang,1941,04,132,MY,city,,,2.45500000,102.23290000,Pulau Sebang,11879,Asia/Kuala_Lumpur,"{""br"":""Pulau Sebang"",""ko"":""풀라우 세방"",""pt-BR"":""Pulau Sebang"",""pt"":""Pulau Sebang"",""nl"":""Pulau Sebang"",""hr"":""Ostrov Sebang"",""fa"":""پولائو سبانگ"",""de"":""Pulau Sebang"",""es"":""Isla Sebang"",""fr"":""Île Sebang"",""ja"":""プラウ・セバン"",""it"":""Pulau Sebang"",""zh-CN"":""瑟邦岛"",""tr"":""Sebang Plajı"",""ru"":""Пулау Себанг"",""uk"":""Пулау Себанг"",""pl"":""Pulau Sebang"",""hi"":""पुलाऊ सेबांग"",""ar"":""جزيرة سيبانغ""}",2019-10-06T10:10:38,2025-12-02T14:38:56,1,Q2454787
76547,Putatan,1936,12,132,MY,city,,,5.92580000,116.06094000,Putatan,78340,Asia/Kuching,"{""br"":""Putatan"",""ko"":""푸타탄"",""pt-BR"":""Putatan"",""pt"":""Putatan"",""nl"":""Putatan"",""hr"":""Putatan"",""fa"":""پوتاتان"",""de"":""Putatan"",""es"":""Putatán"",""fr"":""Putatan"",""ja"":""プタタン"",""it"":""Putatan"",""zh-CN"":""普塔坦"",""tr"":""Putatan"",""ru"":""Путатан"",""uk"":""Путатан"",""pl"":""Putatan"",""hi"":""पुतातन"",""ar"":""بوتاتان""}",2019-10-06T10:10:38,2025-12-02T14:39:55,1,Q1011949
76548,Putra Heights,1944,10,132,MY,city,,,2.99361000,101.57255000,Putra Heights,60000,Asia/Kuala_Lumpur,"{""br"":""Putra Heights"",""ko"":""푸트라 하이츠"",""pt-BR"":""Alturas de Putra"",""pt"":""Alturas de Putra"",""nl"":""Putra Heights"",""hr"":""Putra Heights"",""fa"":""ارتفاعات پوترا"",""de"":""Putra Heights"",""es"":""Alturas de Putra"",""fr"":""Putra Heights"",""ja"":""プトラハイツ"",""it"":""Putra Heights"",""zh-CN"":""布特拉高原"",""tr"":""Putra Tepeleri"",""ru"":""Путра Хайтс"",""uk"":""Путра-Хайтс"",""pl"":""Putra Heights"",""hi"":""पुत्रा हाइट्स"",""ar"":""مرتفعات بوترا""}",2019-10-06T10:10:38,2025-12-02T14:38:56,1,Q1011949
76549,Putrajaya,1945,16,132,MY,gov_seat,,,2.93527000,101.69112000,Putrajaya,50000,Asia/Kuala_Lumpur,"{""br"":""Putrajaya"",""ko"":""푸트라자야"",""pt-BR"":""Putrajaya"",""pt"":""Putrajaya"",""nl"":""Putrajaya"",""hr"":""Putrajaya"",""fa"":""پوتراجایا"",""de"":""Putrajaya"",""es"":""Putrajaya"",""fr"":""Putrajaya"",""ja"":""プトラジャヤ"",""it"":""Putrajaya"",""zh-CN"":""布城"",""tr"":""Putrajaya"",""ru"":""Путраджая"",""uk"":""Путраджая"",""pl"":""Putrajaya"",""hi"":""पुत्रजया"",""ar"":""بوتراجايا""}",2019-10-06T10:10:38,2025-12-02T14:39:31,1,Q1011949
76550,Ranau,1936,12,132,MY,city,,,5.95380000,116.66410000,Ranau,19294,Asia/Kuching,"{""br"":""Ranau"",""ko"":""라나우"",""pt-BR"":""Ranau"",""pt"":""Ranau"",""nl"":""Ranau"",""hr"":""Ranau"",""fa"":""رانائو"",""de"":""Ranau"",""es"":""Ranau"",""fr"":""Ranau"",""ja"":""ラナウ"",""it"":""Ranau"",""zh-CN"":""拉瑙"",""tr"":""Ranau"",""ru"":""Ранау"",""uk"":""Ранау"",""pl"":""Ranau"",""hi"":""रनाऊ"",""ar"":""راناو""}",2019-10-06T10:10:38,2025-12-02T14:39:55,1,Q1185989
76551,Raub,1940,06,132,MY,city,,,3.78990000,101.85700000,Raub,40024,Asia/Kuala_Lumpur,"{""br"":""Raub"",""ko"":""라웁"",""pt-BR"":""Raub"",""pt"":""Raub"",""nl"":""Raub"",""hr"":""Raub"",""fa"":""راب"",""de"":""Raub"",""es"":""Raub"",""fr"":""Raub"",""ja"":""ラウブ"",""it"":""Raub"",""zh-CN"":""劳勿"",""tr"":""Raub"",""ru"":""Рауб"",""uk"":""Рауб"",""pl"":""Raub"",""hi"":""रॉब"",""ar"":""راوب""}",2019-10-06T10:10:38,2025-12-02T14:38:56,1,Q2352205
76552,Rawang,1944,10,132,MY,city,,,3.32130000,101.57670000,Rawang,199095,Asia/Kuala_Lumpur,"{""br"":""Rawang"",""ko"":""라왕"",""pt-BR"":""Rawang"",""pt"":""Rawang"",""nl"":""Rawang"",""hr"":""Rawang"",""fa"":""راوانگ"",""de"":""Rawang"",""es"":""Rawang"",""fr"":""Rawang"",""ja"":""ラワン"",""it"":""Rawang"",""zh-CN"":""万挠"",""tr"":""Rawang"",""ru"":""Раванг"",""uk"":""Раванг"",""pl"":""Rawang"",""hi"":""रावांग"",""ar"":""راوانج""}",2019-10-06T10:10:38,2025-12-02T14:38:56,1,Q2352205
76553,Sandakan,1936,12,132,MY,city,,,5.84020000,118.11790000,Sandakan,396290,Asia/Kuching,"{""br"":""Sandakan"",""ko"":""산다칸"",""pt-BR"":""Sandakan"",""pt"":""Sandakan"",""nl"":""Sandakan"",""hr"":""Sandakan"",""fa"":""سانداکان"",""de"":""Sandakan"",""es"":""Sandakan"",""fr"":""Sandakan"",""ja"":""サンダカン"",""it"":""Sandakan"",""zh-CN"":""山打根"",""tr"":""Sandakan"",""ru"":""Сандакан"",""uk"":""Сандакан"",""pl"":""Sandakan"",""hi"":""संदाकन"",""ar"":""سانداكان""}",2019-10-06T10:10:38,2025-12-02T14:39:55,1,Q137203
76554,Sarikei,1937,13,132,MY,city,,,2.11667000,111.51667000,Sarikei,44039,Asia/Kuching,"{""br"":""Sarikei"",""ko"":""사리케이"",""pt-BR"":""Sarikei"",""pt"":""Sarikei"",""nl"":""Sarikei"",""hr"":""Sarikei"",""fa"":""ساریکی"",""de"":""Sarikei"",""es"":""Sarikei"",""fr"":""Sarikei"",""ja"":""サリケイ"",""it"":""Sarikei"",""zh-CN"":""泗里街"",""tr"":""Sarikei"",""ru"":""Сарыкей"",""uk"":""Сарикей"",""pl"":""Sarikei"",""hi"":""सारिकेई"",""ar"":""ساريكي""}",2019-10-06T10:10:38,2025-12-02T14:39:55,1,Q7424083
76555,Seberang Perai,1939,07,132,MY,city,,,5.38770000,100.42603000,Seberang Perai,2439,Asia/Kuala_Lumpur,"{""br"":""Seberang Perai"",""ko"":""세베랑 페라이"",""pt-BR"":""Seberang Perai"",""pt"":""Seberang Perai"",""nl"":""Seberang Perai"",""hr"":""Seberang Perai"",""fa"":""سبرانگ پرای"",""de"":""Seberang Perai"",""es"":""Seberang Perai"",""fr"":""Seberang Perai"",""ja"":""セベラン・ペライ"",""it"":""Seberang Perai"",""zh-CN"":""威省"",""tr"":""Seberang Perai"",""ru"":""Себеранг Перай"",""uk"":""Себеранг Перай"",""pl"":""Seberang Perai"",""hi"":""सेबेरंग पेराई"",""ar"":""سيبيرانغ بيراي""}",2019-10-06T10:10:38,2025-12-02T14:39:31,1,Q1861984
76556,Segamat,1950,01,132,MY,city,,,2.51480000,102.81580000,Segamat,69816,Asia/Kuala_Lumpur,"{""br"":""Segamat"",""ko"":""세가마트"",""pt-BR"":""Segamat"",""pt"":""Segamat"",""nl"":""Segamat"",""hr"":""Segamat"",""fa"":""سگامات"",""de"":""Segamat"",""es"":""Segamat"",""fr"":""Segamat"",""ja"":""セガマット"",""it"":""Segamat"",""zh-CN"":""昔加末"",""tr"":""Segamat"",""ru"":""Сегамат"",""uk"":""Сегамат"",""pl"":""Segamat"",""hi"":""सेगामट"",""ar"":""سيجامات""}",2019-10-06T10:10:38,2025-12-02T14:38:56,1,Q1861984
76557,Semenyih,1944,10,132,MY,city,,,2.95160000,101.84300000,Semenyih,92491,Asia/Kuala_Lumpur,"{""br"":""Semenyih"",""ko"":""세메니흐"",""pt-BR"":""Semenyih"",""pt"":""Semenyih"",""nl"":""Semenyih"",""hr"":""Semenyih"",""fa"":""سمینیه"",""de"":""Semenyih"",""es"":""Semenyih"",""fr"":""Semenyih"",""ja"":""セメニ"",""it"":""Semenyih"",""zh-CN"":""士毛月"",""tr"":""Semenyih"",""ru"":""Семеных"",""uk"":""Семені"",""pl"":""Semenyih"",""hi"":""सेमेन्यिह"",""ar"":""سمينيه""}",2019-10-06T10:10:38,2025-12-02T14:38:56,1,Q737705
76558,Semporna,1936,12,132,MY,city,,,4.48178000,118.61119000,Semporna,62641,Asia/Kuching,"{""br"":""Semporna"",""ko"":""셈포르나"",""pt-BR"":""Semporna"",""pt"":""Semporna"",""nl"":""Semporna"",""hr"":""Semporna"",""fa"":""سمپورنا"",""de"":""Semporna"",""es"":""Semporna"",""fr"":""Semporna"",""ja"":""センポルナ"",""it"":""Semporna"",""zh-CN"":""仙本那"",""tr"":""Semporna"",""ru"":""Семпорна"",""uk"":""Семпорна"",""pl"":""Semporna"",""hi"":""सेम्पोर्ना"",""ar"":""سيمبورنا""}",2019-10-06T10:10:38,2025-12-02T14:39:55,1,Q2140804
76559,Seremban,1948,05,132,MY,adm1,,,2.72970000,101.93810000,Seremban,419536,Asia/Kuala_Lumpur,"{""br"":""Seremban"",""ko"":""세렘반"",""pt-BR"":""Seremban"",""pt"":""Seremban"",""nl"":""Seremban"",""hr"":""Seremban"",""fa"":""سرمبان"",""de"":""Seremban"",""es"":""Seremban"",""fr"":""Seremban"",""ja"":""セレンバン"",""it"":""Seremban"",""zh-CN"":""芙蓉"",""tr"":""Seremban"",""ru"":""Серембан"",""uk"":""Серембан"",""pl"":""Seremban"",""hi"":""Seremban"",""ar"":""سيريمبان""}",2019-10-06T10:10:38,2025-12-02T14:38:56,1,Q847610
76560,Serendah,1944,10,132,MY,city,,,3.36460000,101.60410000,Serendah,71202,Asia/Kuala_Lumpur,"{""br"":""Serendah"",""ko"":""세렌다"",""pt-BR"":""Serendah"",""pt"":""Serendah"",""nl"":""Serendah"",""hr"":""Serenda"",""fa"":""سرندا"",""de"":""Serendah"",""es"":""Serendah"",""fr"":""Serendah"",""ja"":""セレンダ"",""it"":""Serendah"",""zh-CN"":""塞伦达"",""tr"":""Serendah"",""ru"":""Серенда"",""uk"":""Серенда"",""pl"":""Serendah"",""hi"":""सेरेन्डाह"",""ar"":""سيريندا""}",2019-10-06T10:10:38,2025-12-02T14:38:56,1,Q847610
76561,Shah Alam,1944,10,132,MY,city,,,3.08507000,101.53281000,Shah Alam,740750,Asia/Kuala_Lumpur,"{""br"":""Shah Alam"",""ko"":""샤 알람"",""pt-BR"":""Xá Alam"",""pt"":""Xá Alam"",""nl"":""Sjah Alam"",""hr"":""Šah Alam"",""fa"":""شاه عالم"",""de"":""Shah Alam"",""es"":""Shah Alam"",""fr"":""Shah Alam"",""ja"":""シャー・アラム"",""it"":""Shah Alam"",""zh-CN"":""莎阿南"",""tr"":""Şah Alam"",""ru"":""Шах Алам"",""uk"":""Шах-Алам"",""pl"":""Szach Alam"",""hi"":""शाह आलम"",""ar"":""شاه علم""}",2019-10-06T10:10:38,2025-12-02T14:38:56,1,Q500033
76562,Sibu,1937,13,132,MY,city,,,2.30000000,111.81667000,Sibu,198239,Asia/Kuching,"{""br"":""Sibu"",""ko"":""시부"",""pt-BR"":""Sibu"",""pt"":""Sibu"",""nl"":""Sibu"",""hr"":""Sibu"",""fa"":""سیبو"",""de"":""Sibu"",""es"":""Sibú"",""fr"":""Sibu"",""ja"":""シブ"",""it"":""Sibu"",""zh-CN"":""诗巫"",""tr"":""Sibu"",""ru"":""Сибу"",""uk"":""Сібу"",""pl"":""Sibu"",""hi"":""सिबू"",""ar"":""سيبو""}",2019-10-06T10:10:38,2025-12-02T14:39:55,1,Q1048700
76563,Simanggang,1937,13,132,MY,city,,,1.24722000,111.45278000,Simanggang,47313,Asia/Kuching,"{""br"":""Simanggang"",""ko"":""시망강"",""pt-BR"":""Simanggang"",""pt"":""Simanggang"",""nl"":""Simanggang"",""hr"":""Simanggang"",""fa"":""سیمانگانگ"",""de"":""Simanggang"",""es"":""Simanggang"",""fr"":""Simanggang"",""ja"":""シマンガン"",""it"":""Simanggang"",""zh-CN"":""西芒冈"",""tr"":""Simanggang"",""ru"":""Симангган"",""uk"":""Сімангганг"",""pl"":""Simanggang"",""hi"":""सिमंगगांग"",""ar"":""سيمانغانغ""}",2019-10-06T10:10:38,2025-12-02T14:39:55,1,Q1048700
76564,Simpang Empat,1943,08,132,MY,city,,,4.95000000,100.63333000,Persimpangan 4-Way,58004,Asia/Kuala_Lumpur,"{""br"":""Simpang Empat"",""ko"":""심팡 엠팟"",""pt-BR"":""Simpang Empat"",""pt"":""Simpang Empat"",""nl"":""Simpang Empat"",""hr"":""Simpang Empat"",""fa"":""سیمپانگ امپت"",""de"":""Simpang Empat"",""es"":""Simpang Empat"",""fr"":""Simpang Empat"",""ja"":""シンパン・エンパット"",""it"":""Simpang Empat"",""zh-CN"":""新邦安帕"",""tr"":""Simpang Empat"",""ru"":""Симпанг Эмпат"",""uk"":""Сімпанг Емпат"",""pl"":""Simpang Empat"",""hi"":""सिम्पांग एम्पैट"",""ar"":""سيمبانج إمبات""}",2019-10-06T10:10:38,2025-12-02T14:39:31,1,Q1048700
76565,Skudai,1950,01,132,MY,section,,,1.53741000,103.65779000,Skudai,159733,Asia/Kuala_Lumpur,"{""br"":""Skudai"",""ko"":""스쿠다이"",""pt-BR"":""Skudai"",""pt"":""Skudai"",""nl"":""Skudai"",""hr"":""Skudai"",""fa"":""اسکودای"",""de"":""Skudai"",""es"":""Skudai"",""fr"":""Skudai"",""ja"":""スクダイ"",""it"":""Skudai"",""zh-CN"":""士姑来"",""tr"":""Skudai"",""ru"":""Скудай"",""uk"":""Скудай"",""pl"":""Skudai"",""hi"":""स्कुदाई"",""ar"":""سكوداي""}",2019-10-06T10:10:38,2025-12-02T14:38:56,1,Q5254191
76566,Subang Jaya,1944,10,132,MY,section,,,3.04384000,101.58062000,Subang Jaya,708296,Asia/Kuala_Lumpur,"{""br"":""Subang Jaya"",""ko"":""수방 자야"",""pt-BR"":""Subang Jaya"",""pt"":""Subang Jaya"",""nl"":""Subang Jaya"",""hr"":""Subang Jaya"",""fa"":""سوبانگ جایا"",""de"":""Subang Jaya"",""es"":""Subang Jaya"",""fr"":""Subang Jaya"",""ja"":""スバン・ジャヤ"",""it"":""Subang Jaya"",""zh-CN"":""梳邦再也"",""tr"":""Subang Jaya"",""ru"":""Субанг Джая"",""uk"":""Субанг-Джая"",""pl"":""Subang Jaya"",""hi"":""सुबांग जया"",""ar"":""سوبانج جايا""}",2019-10-06T10:10:38,2025-12-02T14:38:56,1,Q876876
76567,Sungai Besar,1944,10,132,MY,city,,,3.67460000,100.98670000,Sungai Besar,26939,Asia/Kuala_Lumpur,"{""br"":""Sungai Besar"",""ko"":""숭가이 베사르"",""pt-BR"":""Sungai Besar"",""pt"":""Sungai Besar"",""nl"":""Sungai Besar"",""hr"":""Sungai Besar"",""fa"":""سونگای بسار"",""de"":""Sungai Besar"",""es"":""Sungai Besar"",""fr"":""Sungai Besar"",""ja"":""スンガイ・ベサール"",""it"":""Sungai Besar"",""zh-CN"":""大河"",""tr"":""Sungai Besar"",""ru"":""Сунгай Бесар"",""uk"":""Сунгай Бесар"",""pl"":""Sungai Besar"",""hi"":""सुंगई बेसार"",""ar"":""سونغاي بيسار""}",2019-10-06T10:10:38,2025-12-02T14:38:56,1,Q876876
76568,Sungai Pelek New Village,1944,10,132,MY,city,,,2.65000000,101.70000000,River Pelek New Village,13829,Asia/Kuala_Lumpur,"{""br"":""Kêriadenn nevez Sungai Pelek"",""ko"":""숭가이 펠렉 뉴 빌리지"",""pt-BR"":""Nova Vila de Sungai Pelek"",""pt"":""Nova Vila de Sungai Pelek"",""nl"":""Sungai Pelek Nieuw Dorp"",""hr"":""Novo selo Sungai Pelek"",""fa"":""روستای جدید سونگای پلک"",""de"":""Sungai Pelek New Village"",""es"":""Sungai Pelek New Village"",""fr"":""Nouveau village de Sungai Pelek"",""ja"":""スンガイ・ペレック新村"",""it"":""Nuovo villaggio di Sungai Pelek"",""zh-CN"":""双溪比力新村"",""tr"":""Sungai Pelek Yeni Köyü"",""ru"":""Новая деревня Сунгай Пелек"",""uk"":""Нове село Сунгай Пелек"",""pl"":""Sungai Pelek Nowa Wieś"",""hi"":""सुंगई पेलेक नया गाँव"",""ar"":""قرية سونغاي بيليك الجديدة""}",2019-10-06T10:10:38,2025-12-02T14:38:56,1,Q876876
76569,Sungai Petani,1947,02,132,MY,city,,,5.64700000,100.48772000,Sungai Petani,544851,Asia/Kuala_Lumpur,"{""br"":""Sungai Petani"",""ko"":""숭가이 페타니"",""pt-BR"":""Sungai Petani"",""pt"":""Sungai Petani"",""nl"":""Sungai Petani"",""hr"":""Sungai Petani"",""fa"":""سونگای پتانی"",""de"":""Sungai Petani"",""es"":""Sungai Petani"",""fr"":""Sungai Petani"",""ja"":""スンガイ・ペタニ"",""it"":""Sungai Petani"",""zh-CN"":""双溪大年"",""tr"":""Sungai Petani"",""ru"":""Сунгай Петани"",""uk"":""Сунгай Петані"",""pl"":""Sungai Petani"",""hi"":""सुंगई पेटानी"",""ar"":""سونغاي بيتاني""}",2019-10-06T10:10:38,2025-12-02T14:38:56,1,Q939738
76570,Sungai Udang,1941,04,132,MY,city,,,2.26900000,102.14270000,Sungai Udang,26044,Asia/Kuala_Lumpur,"{""br"":""Sungai Udang"",""ko"":""숭가이 우당"",""pt-BR"":""Sungai Udang"",""pt"":""Sungai Udang"",""nl"":""Sungai Udang"",""hr"":""Sungai Udang"",""fa"":""سونگای اودانگ"",""de"":""Sungai Udang"",""es"":""Sungai Udang"",""fr"":""Sungai Udang"",""ja"":""スンガイ・ウダン"",""it"":""Sungai Udang"",""zh-CN"":""双溪乌当"",""tr"":""Sungai Udang"",""ru"":""Сунгай Уданг"",""uk"":""Сунгай Уданг"",""pl"":""Sungai Udang"",""hi"":""सुंगई उदांग"",""ar"":""سونغاي أودانغ""}",2019-10-06T10:10:38,2025-12-02T14:38:56,1,Q2253266
76571,Taiping,1943,08,132,MY,city,,,4.85000000,100.73333000,Taiping,217647,Asia/Kuala_Lumpur,"{""br"":""Taiping"",""ko"":""태평"",""pt-BR"":""Taiping"",""pt"":""Taiping"",""nl"":""Taiping"",""hr"":""Taiping"",""fa"":""تایپینگ"",""de"":""Taiping"",""es"":""Taiping"",""fr"":""Taiping"",""ja"":""太平"",""it"":""Taiping"",""zh-CN"":""太平"",""tr"":""Taiping"",""ru"":""Тайпин"",""uk"":""Тайпінг"",""pl"":""Taiping"",""hi"":""ताइपिंग"",""ar"":""تايبينغ""}",2019-10-06T10:10:39,2025-12-02T14:38:56,1,Q1011190
76572,Taman Rajawali,1936,12,132,MY,city,,,5.89477000,118.04576000,Taman Rajawali,10000,Asia/Kuching,"{""br"":""Taman Rajawali"",""ko"":""타만 라자왈리"",""pt-BR"":""Taman Rajawali"",""pt"":""Taman Rajawali"",""nl"":""Taman Rajawali"",""hr"":""Taman Rajawali"",""fa"":""تامان راجاوالی"",""de"":""Taman Rajawali"",""es"":""Taman Rajawali"",""fr"":""Taman Rajawali"",""ja"":""タマン・ラジャワリ"",""it"":""Taman Rajawali"",""zh-CN"":""塔曼·拉贾瓦利"",""tr"":""Taman Rajawali"",""ru"":""Таман Раджавали"",""uk"":""Таман Раджавалі"",""pl"":""Taman Rajawali"",""hi"":""तमन राजावाली"",""ar"":""تامان راجاوالي""}",2019-10-06T10:10:39,2025-12-02T14:39:55,1,Q1011190
76573,Taman Senai,1950,01,132,MY,city,,,1.60060000,103.64190000,Taman Senai,73176,Asia/Kuala_Lumpur,"{""br"":""Taman Senai"",""ko"":""타만 세나이"",""pt-BR"":""Taman Senai"",""pt"":""Taman Senai"",""nl"":""Taman Senai"",""hr"":""Taman Senai"",""fa"":""تامان سنای"",""de"":""Taman Senai"",""es"":""Taman Senai"",""fr"":""Taman Senai"",""ja"":""タマン・セナイ"",""it"":""Taman Senai"",""zh-CN"":""士乃花园"",""tr"":""Taman Senai"",""ru"":""Таман Сенай"",""uk"":""Таман Сенай"",""pl"":""Taman Senai"",""hi"":""तमन सेनाई"",""ar"":""تامان سيناي""}",2019-10-06T10:10:39,2025-12-02T14:39:31,1,Q1059565
76574,Tampin,1948,05,132,MY,city,,,2.47010000,102.23020000,Tampin,28238,Asia/Kuala_Lumpur,"{""br"":""Tampin"",""ko"":""탐핀"",""pt-BR"":""Tampin"",""pt"":""Tampin"",""nl"":""Tampin"",""hr"":""Tampin"",""fa"":""تامپین"",""de"":""Tampin"",""es"":""Tampón"",""fr"":""Tampin"",""ja"":""タンピン"",""it"":""Tampino"",""zh-CN"":""淡边"",""tr"":""Tampin"",""ru"":""Тампин"",""uk"":""Тампін"",""pl"":""Tampin"",""hi"":""टैम्पिन"",""ar"":""تامبين""}",2019-10-06T10:10:39,2025-12-02T14:39:31,1,Q1059565
76575,Tanah Rata,1940,06,132,MY,adm2,,,4.46361000,101.37630000,Tanah Rata,7000,Asia/Kuala_Lumpur,"{""br"":""Tanah Rata"",""ko"":""타나 라타"",""pt-BR"":""Tanah Rata"",""pt"":""Tanah Rata"",""nl"":""Tanah Rata"",""hr"":""Tanah Rata"",""fa"":""تاناه راتا"",""de"":""Tanah Rata"",""es"":""Tanah Rata"",""fr"":""Tanah Rata"",""ja"":""タナ・ラタ"",""it"":""Tanah Rata"",""zh-CN"":""丹那拉打"",""tr"":""Tanah Rata"",""ru"":""Танах Рата"",""uk"":""Танах Рата"",""pl"":""Tanah Rata"",""hi"":""तनाह राटा"",""ar"":""تاناه راتا""}",2019-10-06T10:10:39,2025-12-02T14:38:56,1,Q2678458
76576,Tangkak,1950,01,132,MY,city,,,2.26730000,102.54530000,Tangkak,35109,Asia/Kuala_Lumpur,"{""br"":""Tangkak"",""ko"":""탕칵"",""pt-BR"":""Tangkak"",""pt"":""Tangkak"",""nl"":""Tangkak"",""hr"":""Tangkak"",""fa"":""تنگکاک"",""de"":""Tangkak"",""es"":""Tangkak"",""fr"":""Tangkak"",""ja"":""タンカク"",""it"":""Tangkak"",""zh-CN"":""东甲"",""tr"":""Tangkak"",""ru"":""Танкак"",""uk"":""Тангкак"",""pl"":""Tangkak"",""hi"":""तंगकाक"",""ar"":""تانجكاك""}",2019-10-06T10:10:39,2025-12-02T14:38:56,1,Q1187522
76577,Tanjung Sepat,1944,10,132,MY,city,,,2.65790000,101.56290000,Tanjung sepat,22340,Asia/Kuala_Lumpur,"{""br"":""Tanjung Sepat"",""ko"":""탄중 세팟"",""pt-BR"":""Tanjung Sepat"",""pt"":""Tanjung Sepat"",""nl"":""Tanjung Sepat"",""hr"":""Tanjung Sepat"",""fa"":""تانجونگ سپات"",""de"":""Tanjung Sepat"",""es"":""Tanjung Sepat"",""fr"":""Tanjung Sepat"",""ja"":""タンジュン・セパット"",""it"":""Tanjung Sepat"",""zh-CN"":""丹绒士拔"",""tr"":""Tanjung Sepat"",""ru"":""Танджунг Сепат"",""uk"":""Танджунг Сепат"",""pl"":""Tanjung Sepat"",""hi"":""तंजुंग सेपत"",""ar"":""تانجونج سيبات""}",2019-10-06T10:10:39,2025-12-02T14:38:56,1,Q1187522
76578,Tanjung Tokong,1939,07,132,MY,city,,,5.46061000,100.30742000,Tanjung Tokong,12550,Asia/Kuala_Lumpur,"{""br"":""Tanjung Tokong"",""ko"":""탄중 토콩"",""pt-BR"":""Tanjung Tokong"",""pt"":""Tanjung Tokong"",""nl"":""Tanjung Tokong"",""hr"":""Tanjung Tokong"",""fa"":""تانجونگ توکونگ"",""de"":""Tanjung Tokong"",""es"":""Tanjung Tokong"",""fr"":""Tanjung Tokong"",""ja"":""タンジュン・トコン"",""it"":""Tanjung Tokong"",""zh-CN"":""丹绒道光"",""tr"":""Tanjung Tokong"",""ru"":""Танджунг Токонг"",""uk"":""Танджунг Токонг"",""pl"":""Tanjung Tokong"",""hi"":""तंजुंग टोकोंग"",""ar"":""تانجونج توكونج""}",2019-10-06T10:10:39,2025-12-02T14:38:56,1,Q1187522
76579,Tapah Road,1943,08,132,MY,city,,,4.16667000,101.20000000,Jalan Tapah,27863,Asia/Kuala_Lumpur,"{""br"":""Hent Tapah"",""ko"":""타파 로드"",""pt-BR"":""Estrada Tapah"",""pt"":""Estrada Tapah"",""nl"":""Tapahweg"",""hr"":""Cesta Tapah"",""fa"":""جاده تپه"",""de"":""Tapah-Straße"",""es"":""Carretera Tapah"",""fr"":""Route de Tapah"",""ja"":""タパーロード"",""it"":""Tapah Road"",""zh-CN"":""打巴路"",""tr"":""Tapah Yolu"",""ru"":""Тапах Роуд"",""uk"":""Тапах-роуд"",""pl"":""Droga Tapah"",""hi"":""तपह रोड"",""ar"":""طريق تاباه""}",2019-10-06T10:10:39,2025-12-02T14:38:56,1,Q1187522
76580,Tasek Glugor,1939,07,132,MY,city,,,5.48032000,100.49849000,Tasek Glugor,135786,Asia/Kuala_Lumpur,"{""br"":""Tasek Glugor"",""ko"":""타섹 글루고르"",""pt-BR"":""Tasek Glugor"",""pt"":""Tasek Glugor"",""nl"":""Tasek Glugor"",""hr"":""Tasek Glugor"",""fa"":""تاسک گلوگور"",""de"":""Tasek Glugor"",""es"":""Tasek Glugor"",""fr"":""Tasek Glugor"",""ja"":""タセク・グルゴール"",""it"":""Tasek Glugor"",""zh-CN"":""塔塞克·格鲁格"",""tr"":""Tasek Glugor"",""ru"":""Тасек Глугор"",""uk"":""Тасек Глугор"",""pl"":""Tasek Glugor"",""hi"":""तासेक ग्लूगोर"",""ar"":""تاسيك غلوغور""}",2019-10-06T10:10:39,2025-12-02T14:39:31,1,Q1187522
76581,Tawau,1936,12,132,MY,city,,,4.24482000,117.89115000,Tawau,372615,Asia/Kuching,"{""br"":""Tawau"",""ko"":""타와우"",""pt-BR"":""Tawau"",""pt"":""Tawau"",""nl"":""Tawau"",""hr"":""Tawau"",""fa"":""تاواو"",""de"":""Tawau"",""es"":""Tawau"",""fr"":""Tawau"",""ja"":""タワウ"",""it"":""Tawau"",""zh-CN"":""斗湖"",""tr"":""Tavau"",""ru"":""Тавау"",""uk"":""Тавау"",""pl"":""Tawau"",""hi"":""तवाउ"",""ar"":""تاواو""}",2019-10-06T10:10:39,2025-12-02T14:39:55,1,Q995163
76582,Telaga Batu,1939,07,132,MY,city,,,5.46667000,100.23333000,Telaga Batu,10000,Asia/Kuala_Lumpur,"{""br"":""Telaga Batu"",""ko"":""텔라가 바투"",""pt-BR"":""Telaga Batu"",""pt"":""Telaga Batu"",""nl"":""Telaga Batu"",""hr"":""Telaga Batu"",""fa"":""تلاگا باتو"",""de"":""Telaga Batu"",""es"":""Telaga Batu"",""fr"":""Telaga Batu"",""ja"":""テラガ・バトゥ"",""it"":""Telaga Batu"",""zh-CN"":""特拉加巴都"",""tr"":""Telaga Batu"",""ru"":""Телага Бату"",""uk"":""Телага Бату"",""pl"":""Telaga Batu"",""hi"":""तेलगा बटू"",""ar"":""تيلاجا باتو""}",2019-10-06T10:10:39,2025-12-02T14:39:31,1,Q995163
76583,Teluk Intan,1943,08,132,MY,city,,,4.02219000,101.02083000,Teluk Intan,232800,Asia/Kuala_Lumpur,"{""br"":""Teluk Intan"",""ko"":""텔룩 인탄"",""pt-BR"":""Teluk Intan"",""pt"":""Teluk Intan"",""nl"":""Teluk Intan"",""hr"":""Teluk Intan"",""fa"":""تلوک اینتان"",""de"":""Teluk Intan"",""es"":""Teluk Intan"",""fr"":""Teluk Intan"",""ja"":""テルク・インタン"",""it"":""Teluk Intan"",""zh-CN"":""安顺"",""tr"":""Teluk Intan"",""ru"":""Телук Интан"",""uk"":""Телук Інтан"",""pl"":""Teluk Intan"",""hi"":""तेलुक इंटन"",""ar"":""تيلوك إنتان""}",2019-10-06T10:10:39,2025-12-02T14:38:56,1,Q1317145
76584,Temerluh,1940,06,132,MY,city,,,3.45060000,102.41760000,Temerluh,59916,Asia/Kuala_Lumpur,"{""br"":""Temerluh"",""ko"":""테메를루흐"",""pt-BR"":""Temerluh"",""pt"":""Temerluh"",""nl"":""Temerluh"",""hr"":""Temerluh"",""fa"":""تمرلو"",""de"":""Temerluh"",""es"":""Temerluh"",""fr"":""Temerluh"",""ja"":""テメルル"",""it"":""Temerluh"",""zh-CN"":""特梅尔鲁"",""tr"":""Temerluh"",""ru"":""Темерлух"",""uk"":""Темерлух"",""pl"":""Temerluh"",""hi"":""टेमेरलोह"",""ar"":""تيميرلوه""}",2019-10-06T10:10:39,2025-12-02T14:38:56,1,Q1317145
76585,Tumpat,1946,03,132,MY,adm2,,,6.19775000,102.17098000,Tumpat,12280,Asia/Kuala_Lumpur,"{""br"":""Tumpat"",""ko"":""텀팟"",""pt-BR"":""Tumpat"",""pt"":""Tumpat"",""nl"":""Tumpat"",""hr"":""Tumpat"",""fa"":""تومپات"",""de"":""Tumpat"",""es"":""Tumpat"",""fr"":""Tumpat"",""ja"":""トゥンパト"",""it"":""Tumpat"",""zh-CN"":""道北"",""tr"":""Tumpat"",""ru"":""Тумпат"",""uk"":""Тумпат"",""pl"":""Tumpat"",""hi"":""टम्पाट"",""ar"":""تومبات""}",2019-10-06T10:10:39,2025-12-02T14:38:56,1,Q2180590
76586,Ulu Tiram,1950,01,132,MY,city,,,1.60000000,103.81667000,Ulu Tiram,75350,Asia/Kuala_Lumpur,"{""br"":""Ulu Tiram"",""ko"":""울루 티람"",""pt-BR"":""Ulu Tiram"",""pt"":""Ulu Tiram"",""nl"":""Ulu Tiram"",""hr"":""Ulu Tiram"",""fa"":""اولو تیرام"",""de"":""Ulu Tiram"",""es"":""Ulu Tiram"",""fr"":""Ulu Tiram"",""ja"":""ウル・ティラム"",""it"":""Ulu Tiram"",""zh-CN"":""乌鲁地南"",""tr"":""Ulu Tiram"",""ru"":""Улу Тирам"",""uk"":""Улу Тірам"",""pl"":""Ulu Tiram"",""hi"":""उलु तिराम"",""ar"":""أولو تيرام""}",2019-10-06T10:10:39,2025-12-02T14:38:56,1,Q1905342
76587,Yong Peng,1950,01,132,MY,city,,,2.01360000,103.06590000,Yong Peng,27138,Asia/Kuala_Lumpur,"{""br"":""Yong Peng"",""ko"":""용펭"",""pt-BR"":""Yong Peng"",""pt"":""Yong Peng"",""nl"":""Yong Peng"",""hr"":""Yong Peng"",""fa"":""یونگ پنگ"",""de"":""Yong Peng"",""es"":""Yongpeng"",""fr"":""Yong Peng"",""ja"":""ヨンペン"",""it"":""Yong Peng"",""zh-CN"":""永鹏"",""tr"":""Yong Peng"",""ru"":""Юн Пэн"",""uk"":""Йон Пен"",""pl"":""Yong Penga"",""hi"":""योंग पेंग"",""ar"":""يونغ بينغ""}",2019-10-06T10:10:39,2025-12-02T14:38:56,1,Q2680825
153725,Puchong,1944,10,132,MY,city,,,3.03270000,101.61880000,Puchong,93822,Asia/Kuala_Lumpur,"{""br"":""Puchong"",""ko"":""푸총"",""pt-BR"":""Puchong"",""pt"":""Puchong"",""nl"":""Puchong"",""hr"":""Puchong"",""fa"":""پوچونگ"",""de"":""Puchong"",""es"":""Puchong"",""fr"":""Puchong"",""ja"":""プチョン"",""it"":""Puchong"",""zh-CN"":""蒲种"",""tr"":""Puchong"",""ru"":""Пучонг"",""uk"":""Пучонг"",""pl"":""Puchong"",""hi"":""पुचोंग"",""ar"":""بوتشونغ""}",2024-05-14T10:10:38,2025-12-02T14:39:31,1,Q7258228
161559,Ampang Jaya,1944,10,132,MY,,,,3.15000000,101.76667000,,,Asia/Kuala_Lumpur,"{""ar"":""أمفغ جايا"",""de"":""Ampang Jaya"",""fr"":""Ampang Jaya"",""id"":""Ampang Jaya"",""it"":""Ampang Jaya"",""ja"":""アンパン・ジャヤ"",""ko"":""암팡자야"",""nl"":""Ampang Jaya"",""pl"":""Ampang Jaya"",""ru"":""Ампанг-Джая"",""tr"":""Ampang Jaya"",""uk"":""Ампанґ-Джая"",""vi"":""Ampang Jaya"",""zh"":""安邦 (雪兰莪州)""}",2026-03-28T13:12:51,2026-03-28T13:12:51,1,
161560,Assam Jawa,1944,10,132,MY,,,,3.05000000,101.65000000,,,Asia/Kuala_Lumpur,"{""zh"":""亚参爪哇""}",2026-03-28T13:12:51,2026-03-28T13:12:51,1,
161561,Bandar Baru Selayang,1944,10,132,MY,,,,3.26900000,101.65000000,,,Asia/Kuala_Lumpur,"{""fr"":""Selayang Baru"",""nl"":""Selayang Baru"",""pl"":""Selayang Baru"",""vi"":""Selayang Baru""}",2026-03-28T13:12:51,2026-03-28T13:12:51,1,
161562,Bandar Kundang,1944,10,132,MY,,,,3.25500000,101.54700000,,,Asia/Kuala_Lumpur,,2026-03-28T13:12:51,2026-03-28T13:12:51,1,
161563,Bangi,1944,10,132,MY,,,,2.98000000,101.78400000,,,Asia/Kuala_Lumpur,"{""de"":""Bangi (Begriffsklärung)"",""fr"":""Bangi"",""pt"":""Bangi""}",2026-03-28T13:12:51,2026-03-28T13:12:51,1,
161564,Batang Kali,1944,10,132,MY,,,,3.45870100,101.65953100,,,Asia/Kuala_Lumpur,"{""ar"":""باتانج كالي"",""pt"":""Batang Kali"",""zh"":""峇冬加里""}",2026-03-28T13:12:51,2026-03-28T13:12:51,1,
161565,Batu Caves,1944,10,132,MY,,,,3.23788400,101.68403800,,,Asia/Kuala_Lumpur,"{""ar"":""كهوف باتو"",""bn"":""বাটু গুহাসমূহ"",""de"":""Batu Caves"",""es"":""Cuevas de Batu"",""fr"":""Grottes de Batu"",""hi"":""बातू गुफाएँ"",""id"":""Batu Caves"",""it"":""Grotte di Batu"",""ja"":""バトゥ洞窟"",""ko"":""바투 동굴"",""nl"":""Batugrotten"",""pl"":""Jaskinie Batu"",""ru"":""Пещеры Бату"",""tr"":""Batu Mağaraları"",""vi"":""Động Batu"",""zh"":""黑風洞""}",2026-03-28T13:12:51,2026-03-28T13:12:51,1,
161566,Beranang,1944,10,132,MY,,,,2.98400000,101.81900000,,,Asia/Kuala_Lumpur,"{""nl"":""Beranang""}",2026-03-28T13:12:51,2026-03-28T13:12:51,1,
161567,Bestari Jaya,1944,10,132,MY,,,,3.37795300,101.40623700,,,Asia/Kuala_Lumpur,"{""nl"":""Bestari Jaya"",""zh"":""八丁燕带""}",2026-03-28T13:12:51,2026-03-28T13:12:51,1,
161568,Broga,1944,10,132,MY,,,,2.84000000,101.93000000,,,Asia/Kuala_Lumpur,"{""fr"":""Broga"",""it"":""Broga"",""zh"":""武来岸""}",2026-03-28T13:12:51,2026-03-28T13:12:51,1,
161569,Bukit Rotan,1944,10,132,MY,,,,3.45000000,101.25000000,,,Asia/Kuala_Lumpur,,2026-03-28T13:12:51,2026-03-28T13:12:51,1,
161570,Cyberjaya,1944,10,132,MY,,,,2.92000000,101.65000000,,,Asia/Kuala_Lumpur,"{""ar"":""سايبرجايا"",""de"":""Cyberjaya"",""es"":""Ciberjaya"",""fr"":""Cyberjaya"",""id"":""Cyberjaya"",""ja"":""サイバージャヤ"",""ko"":""사이버자야"",""pl"":""Cyberjaya"",""pt"":""Cyberjaya"",""ru"":""Сайберджая"",""tr"":""Cyberjaya"",""zh"":""赛城""}",2026-03-28T13:12:51,2026-03-28T13:12:51,1,
161571,Gombak,1944,10,132,MY,,,,3.27425000,101.57072200,,,Asia/Kuala_Lumpur,"{""ar"":""كومبق"",""fr"":""District de Gombak"",""id"":""Gombak, Malaysia"",""it"":""Distretto di Gombak"",""nl"":""Gombak"",""vi"":""Gombak"",""zh"":""鹅唛县""}",2026-03-28T13:12:51,2026-03-28T13:12:51,1,
161572,Jenjarom,1944,10,132,MY,,,,2.83000000,101.23000000,,,Asia/Kuala_Lumpur,"{""nl"":""Jenjarom"",""zh"":""仁嘉隆""}",2026-03-28T13:12:51,2026-03-28T13:12:51,1,
161573,Kajang,1944,10,132,MY,,,,2.98330000,101.78780000,,,Asia/Kuala_Lumpur,"{""fr"":""Kajang (Selangor)"",""id"":""Kajang, Malaysia"",""it"":""Kajang"",""ko"":""카장"",""nl"":""Kajang"",""pl"":""Kajang-Sungai Chua"",""ru"":""Каджанг"",""tr"":""Kajang"",""vi"":""Kajang"",""zh"":""加影""}",2026-03-28T13:12:51,2026-03-28T13:12:51,1,
161574,Kampung Kuantan,1944,10,132,MY,,,,3.34500000,101.25000000,,,Asia/Kuala_Lumpur,,2026-03-28T13:12:51,2026-03-28T13:12:51,1,
161575,Kapar,1944,10,132,MY,,,,3.10000000,101.42000000,,,Asia/Kuala_Lumpur,,2026-03-28T13:12:51,2026-03-28T13:12:51,1,
161576,Kuala Kubu Bharu,1944,10,132,MY,,,,3.56093200,101.65854600,,,Asia/Kuala_Lumpur,"{""de"":""Kuala Kubu"",""nl"":""Kuala Kubu Baru"",""zh"":""新古毛""}",2026-03-28T13:12:51,2026-03-28T13:12:51,1,
161577,Kuala Sungai Buloh,1944,10,132,MY,,,,3.22000000,101.57000000,,,Asia/Kuala_Lumpur,,2026-03-28T13:12:51,2026-03-28T13:12:51,1,
161578,Lagong,1944,10,132,MY,,,,3.15000000,101.40000000,,,Asia/Kuala_Lumpur,,2026-03-28T13:12:51,2026-03-28T13:12:51,1,
161579,Meru,1944,10,132,MY,,,,3.08000000,101.45000000,,,Asia/Kuala_Lumpur,"{""de"":""Meru"",""es"":""Meru"",""fr"":""Meru (homonymie)"",""it"":""Meru"",""ja"":""メル"",""ko"":""메루"",""nl"":""Meru"",""pl"":""Meru"",""ru"":""Меру"",""uk"":""Меру"",""zh"":""梅魯""}",2026-03-28T13:12:51,2026-03-28T13:12:51,1,
161580,Mutiara Damansara,1944,10,132,MY,,,,3.18000000,101.62000000,,,Asia/Kuala_Lumpur,"{""zh"":""珍珠白沙羅""}",2026-03-28T13:12:51,2026-03-28T13:12:51,1,
161581,Padang Jawa,1944,10,132,MY,,,,3.03000000,101.58000000,,,Asia/Kuala_Lumpur,,2026-03-28T13:12:51,2026-03-28T13:12:51,1,
161582,Pandamaran,1944,10,132,MY,,,,3.01000000,101.42000000,,,Asia/Kuala_Lumpur,"{""zh"":""班达马兰""}",2026-03-28T13:12:51,2026-03-28T13:12:51,1,
161583,Paya Jaras,1944,10,132,MY,,,,3.17000000,101.61000000,,,Asia/Kuala_Lumpur,"{""id"":""Paya Jaras""}",2026-03-28T13:12:51,2026-03-28T13:12:51,1,
161584,Port Klang,1944,10,132,MY,,,,3.00507000,101.40887000,,,Asia/Kuala_Lumpur,"{""ar"":""ميناء كلاغ"",""bn"":""পোর্ট ক্লাং"",""de"":""Port Klang"",""es"":""Port Klang"",""fr"":""Port Kelang"",""id"":""Pelabuhan Klang"",""it"":""Port Klang"",""ko"":""클랑항"",""pl"":""Kelang"",""ru"":""Порт-Кланг"",""tr"":""Port Klang"",""uk"":""Порт Кланг"",""zh"":""巴生港""}",2026-03-28T13:12:51,2026-03-28T13:12:51,1,
161585,Sabak,1944,10,132,MY,,,,3.77000000,100.99000000,,,Asia/Kuala_Lumpur,,2026-03-28T13:12:51,2026-03-28T13:12:51,1,
161586,Salak Tinggi,1944,10,132,MY,,,,2.77000000,101.70000000,,,Asia/Kuala_Lumpur,"{""nl"":""Salak Tinggi""}",2026-03-28T13:12:51,2026-03-28T13:12:51,1,
161587,Sekinchan,1944,10,132,MY,,,,3.50400000,101.10300000,,,Asia/Kuala_Lumpur,"{""fr"":""Sekinchan"",""id"":""Sekinchan"",""nl"":""Sekinchan"",""zh"":""适耕庄""}",2026-03-28T13:12:51,2026-03-28T13:12:51,1,
161588,Selayang,1944,10,132,MY,,,,3.25000000,101.65000000,,,Asia/Kuala_Lumpur,"{""zh"":""士拉央""}",2026-03-28T13:12:51,2026-03-28T13:12:51,1,
161589,Sepang,1944,10,132,MY,,,,2.70000000,101.70000000,,,Asia/Kuala_Lumpur,"{""id"":""Sepang (kota)"",""ko"":""세팡 (타운)"",""zh"":""雪邦区""}",2026-03-28T13:12:51,2026-03-28T13:12:51,1,
161590,Seri Kembangan,1944,10,132,MY,,,,3.03700000,101.69500000,,,Asia/Kuala_Lumpur,"{""zh"":""沙登""}",2026-03-28T13:12:51,2026-03-28T13:12:51,1,
161591,Sungai Air Tawar,1944,10,132,MY,,,,3.68000000,101.14000000,,,Asia/Kuala_Lumpur,,2026-03-28T13:12:51,2026-03-28T13:12:51,1,
161592,Sungai Buaya,1944,10,132,MY,,,,3.36000000,101.62000000,,,Asia/Kuala_Lumpur,,2026-03-28T13:12:51,2026-03-28T13:12:51,1,
161593,Sungai Burong,1944,10,132,MY,,,,3.45000000,101.23000000,,,Asia/Kuala_Lumpur,,2026-03-28T13:12:51,2026-03-28T13:12:51,1,
161594,Sungai Choh,1944,10,132,MY,,,,3.25000000,101.65000000,,,Asia/Kuala_Lumpur,,2026-03-28T13:12:51,2026-03-28T13:12:51,1,
161595,Sungai Pelek,1944,10,132,MY,,,,2.65000000,101.70000000,,,Asia/Kuala_Lumpur,"{""nl"":""Sungai Pelek""}",2026-03-28T13:12:51,2026-03-28T13:12:51,1,
161596,Sungai Pelong,1944,10,132,MY,,,,3.45000000,101.20000000,,,Asia/Kuala_Lumpur,,2026-03-28T13:12:51,2026-03-28T13:12:51,1,
161597,Sungai Tengi,1944,10,132,MY,,,,3.28000000,101.47000000,,,Asia/Kuala_Lumpur,,2026-03-28T13:12:51,2026-03-28T13:12:51,1,
161598,Taman Melawati,1944,10,132,MY,,,,3.27000000,101.74000000,,,Asia/Kuala_Lumpur,,2026-03-28T13:12:51,2026-03-28T13:12:51,1,
161599,Taman Tasik Semenyih,1944,10,132,MY,,,,2.95000000,101.84000000,,,Asia/Kuala_Lumpur,,2026-03-28T13:12:51,2026-03-28T13:12:51,1,
161600,Teluk Datok,1944,10,132,MY,,,,3.00000000,101.39000000,,,Asia/Kuala_Lumpur,,2026-03-28T13:12:51,2026-03-28T13:12:51,1,
161601,Ulu Yam,1944,10,132,MY,,,,3.40000000,101.55000000,,,Asia/Kuala_Lumpur,,2026-03-28T13:12:51,2026-03-28T13:12:51,1,
