id,name,state_id,state_code,country_id,country_code,type,level,parent_id,latitude,longitude,native,population,timezone,translations,created_at,updated_at,flag,wikiDataId
85329,Abbottabad,3171,KP,167,PK,adm2,,,34.14630000,73.21168000,ایبٹ آباد,275890,Asia/Karachi,"{""ar"":""أبوت آباد"",""br"":""Abbottabad"",""de"":""Abbottabad"",""es"":""Abbottabad"",""fa"":""ایبت‌آباد"",""fr"":""Abbottabad"",""hi"":""Abbottabad"",""hr"":""Abbottabad"",""it"":""Abbottabad"",""ja"":""アボッタバード"",""ko"":""아보타바드"",""nl"":""Abbottabad"",""pl"":""Abbottabad"",""pt"":""Abbottabad"",""pt-BR"":""Abbottabad"",""ru"":""Абботтабад"",""tr"":""Abbottabad"",""uk"":""Абботтабад"",""zh-CN"":""阿伯塔巴德""}",2019-10-05T23:13:31,2025-12-02T14:39:31,1,Q170315
85330,Adilpur,3175,SD,167,PK,city,,,27.93677000,69.31941000,عادل پور,8247,Asia/Karachi,"{""ar"":""أديلبور"",""br"":""Adilpur"",""de"":""Adilpur"",""es"":""Adilpur"",""fa"":""عادل پور"",""fr"":""Adilpur"",""hi"":""आदिलपुर"",""hr"":""Adilpur"",""it"":""Adilpur"",""ja"":""アディルプル"",""ko"":""아딜푸르"",""nl"":""Adilpur"",""pl"":""Adilpur"",""pt"":""Adilpur"",""pt-BR"":""Adilpur"",""ru"":""Адилпур"",""tr"":""Adilpur"",""uk"":""Аділпур"",""zh-CN"":""阿迪尔普尔""}",2019-10-05T23:13:31,2025-12-02T14:38:56,1,Q170315
85331,Ahmedpur East,3176,PB,167,PK,city,,,29.14269000,71.25771000,احمد پور ایسٹ,128112,Asia/Karachi,"{""ar"":""أحمدبور الشرقية"",""br"":""Ahmedpur Reter"",""de"":""Ahmedpur Ost"",""es"":""Ahmedpur Este"",""fa"":""احمدپور شرقی"",""fr"":""Ahmedpur Est"",""hi"":""अहमदपुर पूर्व"",""hr"":""Istočni Ahmedpur"",""it"":""Ahmedpur Est"",""ja"":""アフメドプル東"",""ko"":""아메드푸르 동쪽"",""nl"":""Ahmedpur Oost"",""pl"":""Ahmedpur Wschodni"",""pt"":""Ahmedpur Leste"",""pt-BR"":""Ahmedpur Leste"",""ru"":""Ахмедпур Восток"",""tr"":""Ahmedpur Doğu"",""uk"":""Ахмедпур-Іст"",""zh-CN"":""艾哈迈德布尔东""}",2019-10-05T23:13:31,2025-12-02T14:38:56,1,Q1250201
85332,Ahmadpur Sial,3176,PB,167,PK,city,,,30.67791000,71.74344000,احمد پور سیال,24889,Asia/Karachi,"{""ar"":""أحمدبور سيال"",""br"":""Ahmadpur Sial"",""de"":""Ahmadpur Sial"",""es"":""Ahmadpur Sial"",""fa"":""احمدپور سیال"",""fr"":""Ahmadpur Sial"",""hi"":""अहमदपुर सियाल"",""hr"":""Ahmadpur Sial"",""it"":""Ahmadpur Sial"",""ja"":""アフマドプル・シアル"",""ko"":""아마드푸르 시알"",""nl"":""Ahmadpur Sial"",""pl"":""Ahmadpur Sial"",""pt"":""Ahmadpur Sial"",""pt-BR"":""Ahmadpur Sial"",""ru"":""Ахмадпур Сиал"",""tr"":""Ahmedpur Sial"",""uk"":""Ахмадпур Сіал"",""zh-CN"":""艾哈迈德普尔·西亚尔""}",2019-10-05T23:13:31,2025-12-02T14:39:31,1,Q1250201
85333,Akora,3171,KP,167,PK,city,,,34.00337000,72.12561000,اکوڑہ,29750,Asia/Karachi,"{""ar"":""أكورا"",""br"":""Akora"",""de"":""Akora"",""es"":""Akora"",""fa"":""آکورا"",""fr"":""Akora"",""hi"":""अकोरा"",""hr"":""Akora"",""it"":""Akora"",""ja"":""アコラ"",""ko"":""아코라"",""nl"":""Akora"",""pl"":""Akora"",""pt"":""Akora"",""pt-BR"":""Akora"",""ru"":""Акора"",""tr"":""Akora"",""uk"":""Акора"",""zh-CN"":""阿科拉""}",2019-10-05T23:13:31,2025-12-02T14:39:31,1,Q2475251
85334,Alik Ghund,3174,BA,167,PK,city,,,30.48976000,67.52177000,علیک غنڈ,7630,Asia/Karachi,"{""ar"":""أليك غوند"",""br"":""Alik Ghund"",""de"":""Alik Ghund"",""es"":""Alik Ghund"",""fa"":""علیک غوند"",""fr"":""Alik Ghund"",""hi"":""अलिक घुंड"",""hr"":""Alik Ghund"",""it"":""Alik Ghund"",""ja"":""アリク・グンド"",""ko"":""알릭 귄드"",""nl"":""Alik Ghund"",""pl"":""Alik Ghund"",""pt"":""Alik Ghund"",""pt-BR"":""Alik Ghund"",""ru"":""Алик Гунд"",""tr"":""Alik Ghund"",""uk"":""Алік Гунд"",""zh-CN"":""阿利克·贡德""}",2019-10-05T23:13:31,2025-12-02T14:39:31,1,Q2475251
85335,Alipur Chatha,3176,PB,167,PK,city,,,29.38242000,70.91106000,علی پور چٹھہ,33601,Asia/Karachi,"{""ar"":""أليبور تشاثا"",""br"":""Alipur Chatha"",""de"":""Alipur Chatha"",""es"":""Alipur Chatha"",""fa"":""علیپور چتا"",""fr"":""Alipur Chatha"",""hi"":""अलीपुर छठा"",""hr"":""Alipur Chatha"",""it"":""Alipur Chatha"",""ja"":""アリプル・チャタ"",""ko"":""알리푸르 차타"",""nl"":""Alipur Chatha"",""pl"":""Alipur Chatha"",""pt"":""Alipur Chatha"",""pt-BR"":""Alipur Chatha"",""ru"":""Алипур Чатха"",""tr"":""Alipur Chatha"",""uk"":""Аліпур Чата"",""zh-CN"":""阿里普尔·查塔""}",2019-10-05T23:13:31,2025-12-02T14:39:31,1,Q2475251
85336,Alizai,3171,KP,167,PK,city,,,33.53613000,70.34607000,علیزئی,3334,Asia/Karachi,"{""ar"":""اليزاي"",""br"":""Alizai"",""de"":""Alizai"",""es"":""alizai"",""fa"":""علیزایی"",""fr"":""Alizaï"",""hi"":""अलीज़ाई"",""hr"":""Alizai"",""it"":""Alizai"",""ja"":""アリザイ"",""ko"":""알리자이"",""nl"":""Alizai"",""pl"":""Alizai"",""pt"":""Alizai"",""pt-BR"":""Alizai"",""ru"":""Ализай"",""tr"":""Alizai"",""uk"":""Алізай"",""zh-CN"":""阿里扎伊""}",2019-10-05T23:13:31,2025-12-02T14:38:56,1,Q2475251
85337,Aman Garh,3171,KP,167,PK,city,,,34.00584000,71.92971000,امان گڑھ,42123,Asia/Karachi,"{""ar"":""أمان جاره"",""br"":""Aman Garh"",""de"":""Aman Garh"",""es"":""Aman Garh"",""fa"":""امان گره"",""fr"":""Aman Garh"",""hi"":""अमन गढ़"",""hr"":""Aman Garh"",""it"":""Aman Garh"",""ja"":""アマン・ガー"",""ko"":""아만 가르"",""nl"":""Aman Garh"",""pl"":""Aman Garh"",""pt"":""Aman Garh"",""pt-BR"":""Aman Garh"",""ru"":""Аман Гарх"",""tr"":""Aman Garh"",""uk"":""Аман Гарх"",""zh-CN"":""阿曼加尔""}",2019-10-05T23:13:31,2025-12-02T14:39:31,1,Q2475251
85338,Amirabad,3171,KP,167,PK,city,,,34.18729000,73.09078000,امیرآباد,3000,Asia/Karachi,"{""ar"":""أميراباد"",""br"":""Amirabad"",""de"":""Amirabad"",""es"":""Amirabad"",""fa"":""امیرآباد"",""fr"":""Amirabad"",""hi"":""अमीराबाद"",""hr"":""Amirabad"",""it"":""Amirabad"",""ja"":""アミラバード"",""ko"":""아미라바드"",""nl"":""Amirabad"",""pl"":""Amirabad"",""pt"":""Amirabad"",""pt-BR"":""Amirabad"",""ru"":""Амирабад"",""tr"":""Amirabad"",""uk"":""Амірабад"",""zh-CN"":""阿米拉巴德""}",2019-10-05T23:13:31,2025-12-02T14:38:56,1,Q2475251
85339,Arifwala,3176,PB,167,PK,city,,,30.29058000,73.06574000,عارف والا,87360,Asia/Karachi,"{""ar"":""أريفوالا"",""br"":""Arifwala"",""de"":""Arifwala"",""es"":""Arifwala"",""fa"":""عارف والا"",""fr"":""Arifwala"",""hi"":""आरिफवाला"",""hr"":""Arifwala"",""it"":""Arifwala"",""ja"":""アリフワラ"",""ko"":""아리프왈라"",""nl"":""Arifwala"",""pl"":""Arifwala"",""pt"":""Arifwala"",""pt-BR"":""Arifwala"",""ru"":""Арифвала"",""tr"":""Arifwala"",""uk"":""Аріфвала"",""zh-CN"":""阿里夫瓦拉""}",2019-10-05T23:13:31,2025-12-02T14:39:31,1,Q2984767
85340,Ashanagro Koto,3171,KP,167,PK,village,,,34.10773000,72.24517000,اشناگرو کوٹو,1275,Asia/Karachi,"{""ar"":""أشاناجرو كوتو"",""br"":""Ashanagro Koto"",""de"":""Ashanagro Koto"",""es"":""Ashanagro Koto"",""fa"":""اشناگرو کوتو"",""fr"":""Ashanagro Koto"",""hi"":""आशानाग्रो कोटो"",""hr"":""Ashanagro Koto"",""it"":""Ashanagro Koto"",""ja"":""アシナグロコト"",""ko"":""아사나그로 코토"",""nl"":""Ashanagro Koto"",""pl"":""Ashanagro Koto"",""pt"":""Ashanagro Koto"",""pt-BR"":""Ashanagro Koto"",""ru"":""Ашанагро Кото"",""tr"":""Ashanagro Koto"",""uk"":""Ашанагро Кото"",""zh-CN"":""香农江东""}",2019-10-05T23:13:31,2025-12-02T14:39:31,1,Q2984767
85341,Attock Tehsil,3176,PB,167,PK,city,,,33.76671000,72.35977000,تحصیل اٹک,434705,Asia/Karachi,"{""ar"":""أتوك تحصيل"",""br"":""Attock Tehsil"",""de"":""Attock Tehsil"",""es"":""Attock Tehsil"",""fa"":""تحصیل اتوک"",""fr"":""Tehsil d'Attock"",""hi"":""अटक तहसील"",""hr"":""Attock Tehsil"",""it"":""Attock Tehsil"",""ja"":""アトック・テシル"",""ko"":""아톡 테실"",""nl"":""Attock Tehsil"",""pl"":""Tehsil Attock"",""pt"":""Ataque Tehsil"",""pt-BR"":""Ataque Tehsil"",""ru"":""Атток Техсил"",""tr"":""Attock Tehsil"",""uk"":""Атток Техсіл"",""zh-CN"":""阿托克特赫西尔""}",2019-10-05T23:13:31,2025-12-02T16:59:27,1,Q2984767
85342,Awārān,3174,BA,167,PK,district,,,26.21157000,65.42944000,ضلع آواران,178958,Asia/Karachi,"{""ar"":""منطقة أوران"",""br"":""Distrig Awārān"",""de"":""Bezirk Awaran"",""es"":""Distrito de Awārān"",""fa"":""شهرستان آواران"",""fr"":""District d'Awārān"",""hi"":""अवारान जिला"",""hr"":""Okrug Awārān"",""it"":""Distretto di Awārān"",""ja"":""アウラン地区"",""ko"":""아와란 지구"",""nl"":""Awārān District"",""pl"":""Dystrykt Awārān"",""pt"":""Distrito de Awārān"",""pt-BR"":""Distrito de Awārān"",""ru"":""Район Аваран"",""tr"":""Awārān Bölgesi"",""uk"":""Аваранський район"",""zh-CN"":""阿瓦兰区""}",2019-10-05T23:13:31,2025-12-02T17:03:53,1,Q250800
85343,Baddomalhi,3176,PB,167,PK,city,,,31.99042000,74.66410000,بدوملہی۔,18435,Asia/Karachi,"{""ar"":""بادومالهي"",""br"":""Baddomalhi"",""de"":""Baddomalhi"",""es"":""Baddomalhi"",""fa"":""بادومالهی"",""fr"":""Baddomalhi"",""hi"":""बाद्डोमलही"",""hr"":""Baddomalhi"",""it"":""Baddomalhi"",""ja"":""バドマリ"",""ko"":""바도말리"",""nl"":""Baddomalhi"",""pl"":""Baddomalhi"",""pt"":""Baddomalhi"",""pt-BR"":""Baddomalhi"",""ru"":""Баддомали"",""tr"":""Baddomalhi"",""uk"":""Баддомалхі"",""zh-CN"":""巴多马尔希""}",2019-10-05T23:13:31,2025-12-02T14:38:56,1,Q4840703
85344,Badin,3175,SD,167,PK,adm2,,,24.65600000,68.83700000,بدین,117455,Asia/Karachi,"{""ar"":""بادين"",""br"":""Badin"",""de"":""Badin"",""es"":""Badín"",""fa"":""بادین"",""fr"":""Badin"",""hi"":""बाडिन"",""hr"":""Badin"",""it"":""Badin"",""ja"":""バディン"",""ko"":""바딘"",""nl"":""Badin"",""pl"":""Badin"",""pt"":""Badin"",""pt-BR"":""Badin"",""ru"":""Бадин"",""tr"":""Kötü"",""uk"":""Бадін"",""zh-CN"":""巴丁""}",2019-10-05T23:13:31,2025-12-02T14:38:56,1,Q2625289
85345,Baffa,3171,KP,167,PK,city,,,34.43770000,73.22368000,بافہ,14047,Asia/Karachi,"{""ar"":""بافا"",""br"":""Baffa"",""de"":""Baffa"",""es"":""Baffa"",""fa"":""بافا"",""fr"":""Baffa"",""hi"":""बफ्फा"",""hr"":""Baffa"",""it"":""Baffa"",""ja"":""バッファ"",""ko"":""바파"",""nl"":""Baffa"",""pl"":""Baffa"",""pt"":""Baffa"",""pt-BR"":""Baffa"",""ru"":""Баффа"",""tr"":""Baffa"",""uk"":""Баффа"",""zh-CN"":""巴法""}",2019-10-05T23:13:31,2025-12-02T14:38:56,1,Q2625289
85346,Bagarji,3175,SD,167,PK,city,,,27.75431000,68.75866000,باگرجی,8005,Asia/Karachi,"{""ar"":""باغارجي"",""br"":""Bagarji"",""de"":""Bagarji"",""es"":""Bagarji"",""fa"":""باگارجی"",""fr"":""Bagarji"",""hi"":""बगारजी"",""hr"":""Bagarji"",""it"":""Bagarji"",""ja"":""バガルジ"",""ko"":""바가르지"",""nl"":""Bagarji"",""pl"":""Bagarji"",""pt"":""Bagarji"",""pt-BR"":""Bagarji"",""ru"":""Багарджи"",""tr"":""Bagarji"",""uk"":""Багарджі"",""zh-CN"":""巴加尔吉""}",2019-10-05T23:13:31,2025-12-02T14:38:56,1,Q2625289
85347,Bahawalnagar,3176,PB,167,PK,adm2,,,29.99835000,73.25272000,بہاولنگر,241873,Asia/Karachi,"{""ar"":""بهاوالناجار"",""br"":""Bahawalnagar"",""de"":""Bahawalnagar"",""es"":""Bahawalnagar"",""fa"":""بهاولنگر"",""fr"":""Bahawalnagar"",""hi"":""बहावलनगर"",""hr"":""Bahawalnagar"",""it"":""Bahawalnagar"",""ja"":""バハワルナガル"",""ko"":""바하왈나가르"",""nl"":""Bahawalnagar"",""pl"":""Bahawalnagar"",""pt"":""Bahawalnagar"",""pt-BR"":""Bahawalnagar"",""ru"":""Бахавалнагар"",""tr"":""Bahawalnagar"",""uk"":""Бахавалнагар"",""zh-CN"":""巴哈瓦尔纳加尔""}",2019-10-05T23:13:31,2025-12-02T14:39:31,1,Q1249932
85348,Bahawalpur,3176,PB,167,PK,adm2,,,29.39779000,71.67520000,بہاولپور,762111,Asia/Karachi,"{""ar"":""بهاوالبور"",""br"":""Bahawalpur"",""de"":""Bahawalpur"",""es"":""Bahawalpur"",""fa"":""بهاولپور"",""fr"":""Bahawalpur"",""hi"":""बहावलपुर"",""hr"":""Bahawalpur"",""it"":""Bahawalpur"",""ja"":""バハワルプル"",""ko"":""바하왈푸르"",""nl"":""Bahawalpur"",""pl"":""Bahawalpur"",""pt"":""Bahawalpur"",""pt-BR"":""Bahawalpur"",""ru"":""Бахавалпур"",""tr"":""Bahavalpur"",""uk"":""Бахавалпур"",""zh-CN"":""巴哈瓦尔布尔""}",2019-10-05T23:13:31,2025-12-02T14:38:56,1,Q318156
85349,Bakhri Ahmad Khan,3176,PB,167,PK,city,,,30.73586000,70.83796000,بخاری احمد خان,2000,Asia/Karachi,"{""ar"":""بخري أحمد خان"",""br"":""Bakhri Ahmad Khan"",""de"":""Bakhri Ahmad Khan"",""es"":""Bakhri Ahmad Khan"",""fa"":""بکری احمد خان"",""fr"":""Bakhri Ahmad Khan"",""hi"":""बखरी अहमद खान"",""hr"":""Bakhri Ahmad Khan"",""it"":""Bakhri Ahmad Khan"",""ja"":""バクリ・アフマド・カーン"",""ko"":""바크리 아흐마드 칸"",""nl"":""Bakhri Ahmad Khan"",""pl"":""Bakhri Ahmad Khan"",""pt"":""Bakhri Ahmad Khan"",""pt-BR"":""Bakhri Ahmad Khan"",""ru"":""Бахри Ахмад Хан"",""tr"":""Bahri Ahmed Han"",""uk"":""Бахрі Ахмад Хан"",""zh-CN"":""巴赫里·艾哈迈德·汗""}",2019-10-05T23:13:31,2025-12-02T14:38:56,1,Q318156
85350,Bandhi,3175,SD,167,PK,city,,,26.58761000,68.30215000,بندھی,8608,Asia/Karachi,"{""ar"":""باندي"",""br"":""Bandhi"",""de"":""Bandhi"",""es"":""Bandhi"",""fa"":""باندی"",""fr"":""Bandhi"",""hi"":""बनवाना"",""hr"":""Bandhi"",""it"":""Bandhi"",""ja"":""バンディ"",""ko"":""반디"",""nl"":""Bandhi"",""pl"":""Bandhi"",""pt"":""Bandhi"",""pt-BR"":""Bandhi"",""ru"":""Бандхи"",""tr"":""Bandhi"",""uk"":""Бандхі"",""zh-CN"":""班迪""}",2019-10-05T23:13:31,2025-12-02T14:38:56,1,Q4854564
85351,Bannu,3171,KP,167,PK,adm2,,,32.98527000,70.60403000,بنوں,1357890,Asia/Karachi,"{""ar"":""بانو"",""br"":""Bannu"",""de"":""Bannu"",""es"":""Bannu"",""fa"":""بانو"",""fr"":""Bannu"",""hi"":""बन्नू"",""hr"":""Bannu"",""it"":""Bannu"",""ja"":""バンヌ"",""ko"":""반누"",""nl"":""Bannu"",""pl"":""Bannu"",""pt"":""Bannu"",""pt-BR"":""Bannu"",""ru"":""Банну"",""tr"":""Bannu"",""uk"":""Банну"",""zh-CN"":""班努""}",2019-10-05T23:13:31,2025-12-02T14:39:31,1,Q806916
85352,Barishal,3170,GB,167,PK,city,,,36.32162000,74.69502000,باریشال,2005,Asia/Karachi,"{""ar"":""باريسال"",""br"":""Barishal"",""de"":""Barishal"",""es"":""Barishal"",""fa"":""باریشال"",""fr"":""Barishal"",""hi"":""बारिशाल"",""hr"":""Barishal"",""it"":""Barishal"",""ja"":""バリシャル"",""ko"":""바리샬"",""nl"":""Barishal"",""pl"":""Barishal"",""pt"":""Barishal"",""pt-BR"":""Barishal"",""ru"":""Баришал"",""tr"":""Barişal"",""uk"":""Барішал"",""zh-CN"":""巴里沙尔""}",2019-10-05T23:13:31,2025-12-02T14:39:31,1,Q806916
85353,Barkhan,3174,BA,167,PK,adm2,,,29.89773000,69.52558000,بارکھان,8760,Asia/Karachi,"{""ar"":""برخان"",""br"":""Barkhan"",""de"":""Barkhan"",""es"":""Barkhan"",""fa"":""بارخان"",""fr"":""Barkhan"",""hi"":""बरखान"",""hr"":""Barkhan"",""it"":""Barkhan"",""ja"":""バルカン"",""ko"":""바르칸"",""nl"":""Barkhan"",""pl"":""Barkhan"",""pt"":""Barkhan"",""pt-BR"":""Barkhan"",""ru"":""Бархан"",""tr"":""Barkhan"",""uk"":""Бархан"",""zh-CN"":""巴尔汗""}",2019-10-05T23:13:31,2025-12-02T14:38:56,1,Q2640339
85354,Basirpur,3176,PB,167,PK,city,,,30.57759000,73.83912000,بصیر پور,41617,Asia/Karachi,"{""ar"":""باسيربور"",""br"":""Basirpur"",""de"":""Basirpur"",""es"":""Basirpur"",""fa"":""بصیرپور"",""fr"":""Basirpur"",""hi"":""बशीरपुर"",""hr"":""Basirpur"",""it"":""Basirpur"",""ja"":""バシルプル"",""ko"":""바시르푸르"",""nl"":""Basirpur"",""pl"":""Basirpur"",""pt"":""Basirpur"",""pt-BR"":""Basirpur"",""ru"":""Басирпур"",""tr"":""Basirpur"",""uk"":""Басірпур"",""zh-CN"":""巴西尔普尔""}",2019-10-05T23:13:31,2025-12-02T14:39:31,1,Q2640339
85355,Basti Dosa,3176,PB,167,PK,city,,,30.78769000,70.86853000,بستی ڈوسا,2000,Asia/Karachi,"{""ar"":""باستي دوسا"",""br"":""Basti Dosa"",""de"":""Basti Dosa"",""es"":""Basti Dosa"",""fa"":""باستی دوسا"",""fr"":""Basti Dosa"",""hi"":""बस्ती डोसा"",""hr"":""Basti Dosa"",""it"":""Basti Dosa"",""ja"":""バスティ・ドーサ"",""ko"":""바스티 도사"",""nl"":""Basti Dosa"",""pl"":""Basti Dosa"",""pt"":""Basti Dosa"",""pt-BR"":""Basti Dosa"",""ru"":""Басти Доса"",""tr"":""Basti Dosa"",""uk"":""Басті Доса"",""zh-CN"":""巴斯蒂·多萨""}",2019-10-05T23:13:31,2025-12-02T14:39:31,1,Q2640339
85356,Bat Khela,3171,KP,167,PK,city,,,34.61780000,71.97247000,بلے خیلہ,46079,Asia/Karachi,"{""ar"":""بات خيلا"",""br"":""Bat Khela"",""de"":""Bat Khela"",""es"":""Bat Khela"",""fa"":""بت خلا"",""fr"":""Bat Khela"",""hi"":""बैट खेला"",""hr"":""Bat Khela"",""it"":""Bat Khela"",""ja"":""バット・ケラ"",""ko"":""바트 켈라"",""nl"":""Vleermuis Khela"",""pl"":""Bat Khela"",""pt"":""Morcego Khela"",""pt-BR"":""Morcego Khela"",""ru"":""Бат Хела"",""tr"":""Yarasa Khela"",""uk"":""Бат Хела"",""zh-CN"":""巴特赫拉""}",2019-10-05T23:13:31,2025-12-02T14:39:31,1,Q2582559
85357,Battagram,3171,KP,167,PK,adm2,,,34.67719000,73.02329000,بٹگرام,700000,Asia/Karachi,"{""ar"":""باتاغرام"",""br"":""Battagram"",""de"":""Battagram"",""es"":""Battagrama"",""fa"":""باتاگرام"",""fr"":""Battagramme"",""hi"":""बैटाग्राम"",""hr"":""Battagram"",""it"":""Battagramma"",""ja"":""バタグラム"",""ko"":""바타그램"",""nl"":""Battagram"",""pl"":""Battagram"",""pt"":""Battagrama"",""pt-BR"":""Battagrama"",""ru"":""Баттаграм"",""tr"":""Battagram"",""uk"":""Баттаграм"",""zh-CN"":""巴塔格拉姆""}",2019-10-05T23:13:31,2025-12-02T14:38:56,1,Q2582559
85358,Battagram District,3171,KP,167,PK,district,,,34.68051000,73.00535000,ضلع بٹگرام,554133,Asia/Karachi,"{""ar"":""منطقة باتاغرام"",""br"":""Distrig Battagram"",""de"":""Distrikt Battagram"",""es"":""Distrito de Battagram"",""fa"":""ناحیه باتاگرام"",""fr"":""District de Battagram"",""hi"":""बट्टाग्राम जिला"",""hr"":""Okrug Battagram"",""it"":""Distretto di Battagram"",""ja"":""バタグラム地区"",""ko"":""배타그램 지구"",""nl"":""Battagram District"",""pl"":""Dzielnica Battagram"",""pt"":""Distrito de Battagram"",""pt-BR"":""Distrito de Battagram"",""ru"":""Район Баттаграм"",""tr"":""Battagram Bölgesi"",""uk"":""Район Баттаграм"",""zh-CN"":""巴塔格拉姆区""}",2019-10-05T23:13:31,2025-12-02T17:30:38,1,Q3240074
85359,Begowala,3176,PB,167,PK,city,,,32.43816000,74.26794000,بیگووالہ,9259,Asia/Karachi,"{""ar"":""بيجوالا"",""br"":""Begowala"",""de"":""Begowala"",""es"":""Begowala"",""fa"":""بگوالا"",""fr"":""Begowala"",""hi"":""बेगोवाला"",""hr"":""Begowala"",""it"":""Begowala"",""ja"":""ベゴワラ"",""ko"":""베고왈라"",""nl"":""Begowala"",""pl"":""Begowala"",""pt"":""Begowala"",""pt-BR"":""Begowala"",""ru"":""Беговала"",""tr"":""Begowala"",""uk"":""Беговала"",""zh-CN"":""贝戈瓦拉""}",2019-10-05T23:13:31,2025-12-02T14:39:31,1,Q3240074
85360,Bela,3174,BA,167,PK,city,,,26.22718000,66.31178000,بیلہ,20119,Asia/Karachi,"{""ar"":""بيلا"",""br"":""Bela"",""de"":""Bela"",""es"":""Bela"",""fa"":""بلا"",""fr"":""Bela"",""hi"":""बेला"",""hr"":""Bela"",""it"":""Bela"",""ja"":""ベラ"",""ko"":""벨라"",""nl"":""Bela"",""pl"":""Bela"",""pt"":""Bela"",""pt-BR"":""Bela"",""ru"":""Бела"",""tr"":""Bela"",""uk"":""Бела"",""zh-CN"":""贝拉""}",2019-10-05T23:13:31,2025-12-02T14:38:56,1,Q815082
85361,Berani,3175,SD,167,PK,city,,,25.78497000,68.80754000,بیرانی,9975,Asia/Karachi,"{""ar"":""بيراني"",""br"":""Berani"",""de"":""Berani"",""es"":""Berani"",""fa"":""برانی"",""fr"":""Berani"",""hi"":""बेरानी"",""hr"":""Berani"",""it"":""Berani"",""ja"":""ベラニ"",""ko"":""베라니"",""nl"":""Berani"",""pl"":""Berani"",""pt"":""Berani"",""pt-BR"":""Berani"",""ru"":""Берани"",""tr"":""Berani"",""uk"":""Берані"",""zh-CN"":""贝拉尼""}",2019-10-05T23:13:31,2025-12-02T14:39:31,1,Q815082
85362,Bhag,3174,BA,167,PK,city,,,29.04174000,67.82394000,بھاگ,14555,Asia/Karachi,"{""ar"":""بهاج"",""br"":""Bhag"",""de"":""Bhag"",""es"":""Bhag"",""fa"":""باگ"",""fr"":""Bhag"",""hi"":""भाग"",""hr"":""Bhag"",""it"":""Bhag"",""ja"":""バグ"",""ko"":""바그"",""nl"":""Bhag"",""pl"":""Bhag"",""pt"":""Bhag"",""pt-BR"":""Bhag"",""ru"":""Бхаг"",""tr"":""Bhag"",""uk"":""Бхаг"",""zh-CN"":""巴格""}",2019-10-05T23:13:31,2025-12-02T14:39:31,1,Q815082
85363,Bhakkar,3176,PB,167,PK,adm2,,,31.62685000,71.06471000,بھکر,131658,Asia/Karachi,"{""ar"":""بهاكار"",""br"":""Bhakkar"",""de"":""Bhakkar"",""es"":""Bhakkar"",""fa"":""باکار"",""fr"":""Bhakkar"",""hi"":""भक्कर"",""hr"":""Bhakkar"",""it"":""Bhakkar"",""ja"":""バッカー"",""ko"":""바카르"",""nl"":""Bhakkar"",""pl"":""Bhakkar"",""pt"":""Bhakkar"",""pt-BR"":""Bhakkar"",""ru"":""Бхаккар"",""tr"":""Bhakkar"",""uk"":""Бхаккар"",""zh-CN"":""巴卡尔""}",2019-10-05T23:13:31,2025-12-02T14:39:31,1,Q2428259
85364,Bhalwal,3176,PB,167,PK,city,,,32.26576000,72.89809000,بھلوال,82556,Asia/Karachi,"{""ar"":""بالوال"",""br"":""Bhalwal"",""de"":""Bhalwal"",""es"":""Bhalwal"",""fa"":""بهالوال"",""fr"":""Bhalwal"",""hi"":""भलवाल"",""hr"":""Bhalwal"",""it"":""Bhalwal"",""ja"":""バルワル"",""ko"":""발왈"",""nl"":""Bhalwal"",""pl"":""Bhalwal"",""pt"":""Bhalwal"",""pt-BR"":""Bhalwal"",""ru"":""Бхалвал"",""tr"":""Bhalwal"",""uk"":""Бхалвал"",""zh-CN"":""巴尔瓦尔""}",2019-10-05T23:13:31,2025-12-02T14:38:56,1,Q2791141
85365,Bhan,3175,SD,167,PK,city,,,26.55831000,67.72139000,بھان,16961,Asia/Karachi,"{""ar"":""بهان"",""br"":""Bhan"",""de"":""Bhan"",""es"":""Bhan"",""fa"":""بهان"",""fr"":""Bhan"",""hi"":""भान"",""hr"":""Bhan"",""it"":""Bhan"",""ja"":""バン"",""ko"":""반"",""nl"":""Bhan"",""pl"":""Bhan"",""pt"":""Bhan"",""pt-BR"":""Bhan"",""ru"":""Бхан"",""tr"":""Bhan"",""uk"":""Бхан"",""zh-CN"":""班""}",2019-10-05T23:13:31,2025-12-02T14:39:31,1,Q2791141
85366,Bhawana,3176,PB,167,PK,city,,,31.56884000,72.64917000,بھوانہ,16218,Asia/Karachi,"{""ar"":""بهافانا"",""br"":""Bhawana"",""de"":""Bhawana"",""es"":""Bhawana"",""fa"":""بهاوانا"",""fr"":""Bhawana"",""hi"":""भावना"",""hr"":""Bhawana"",""it"":""Bhawana"",""ja"":""バワナ"",""ko"":""바와나"",""nl"":""Bhawana"",""pl"":""Bhawana"",""pt"":""Bhawana"",""pt-BR"":""Bhawana"",""ru"":""Бхавана"",""tr"":""Bhavana"",""uk"":""Бхавана"",""zh-CN"":""巴瓦纳""}",2019-10-05T23:13:31,2025-12-02T14:38:56,1,Q854934
85367,Bhera,3176,PB,167,PK,city,,,32.48206000,72.90865000,بھیرہ,31781,Asia/Karachi,"{""ar"":""بهيرا"",""br"":""Bhera"",""de"":""Bhera"",""es"":""Bhera"",""fa"":""بهرا"",""fr"":""Bhera"",""hi"":""भेरा"",""hr"":""Bhera"",""it"":""Bhera"",""ja"":""ベラ"",""ko"":""베라"",""nl"":""Bhera"",""pl"":""Bhera"",""pt"":""Bhera"",""pt-BR"":""Bhera"",""ru"":""Бхера"",""tr"":""Bhera"",""uk"":""Бхера"",""zh-CN"":""贝拉""}",2019-10-05T23:13:31,2025-12-02T14:38:56,1,Q3777358
85368,Bhimbar,3172,JK,167,PK,adm2,,,32.97465000,74.07846000,بھمبر,27636,Asia/Karachi,"{""ar"":""بهيمبار"",""br"":""Bhimbar"",""de"":""Bhimbar"",""es"":""Bhimbar"",""fa"":""بهیمبار"",""fr"":""Bhimbar"",""hi"":""भीमबार"",""hr"":""Bhimbar"",""it"":""Bhimbar"",""ja"":""ビンバール"",""ko"":""빔바르"",""nl"":""Bhimbar"",""pl"":""Bhimbar"",""pt"":""Bhimbar"",""pt-BR"":""Bhimbar"",""ru"":""Бхимбар"",""tr"":""Bhimbar"",""uk"":""Бхімбар"",""zh-CN"":""宾巴尔""}",2019-10-05T23:13:31,2025-12-02T14:39:31,1,Q3631249
85369,Bhiria,3175,SD,167,PK,city,,,26.91041000,68.19466000,بھیریا,12186,Asia/Karachi,"{""ar"":""بهيريا"",""br"":""Bhiria"",""de"":""Bhiria"",""es"":""Bhiria"",""fa"":""بهیریا"",""fr"":""Bhiria"",""hi"":""भिरिया"",""hr"":""Bhiria"",""it"":""Bhiria"",""ja"":""ビリア"",""ko"":""비리아"",""nl"":""Bhiria"",""pl"":""Bhiria"",""pt"":""Bhiria"",""pt-BR"":""Bhiria"",""ru"":""Бхирия"",""tr"":""Bhiria"",""uk"":""Бхірія"",""zh-CN"":""比里亚""}",2019-10-05T23:13:31,2025-12-02T14:38:56,1,Q3631249
85370,Bhit Shah,3175,SD,167,PK,city,,,25.80565000,68.49143000,بھٹ شاہ,19325,Asia/Karachi,"{""ar"":""بهيت شاه"",""br"":""Bhit Shah"",""de"":""Bhit Shah"",""es"":""Bhit Shah"",""fa"":""بیت شاه"",""fr"":""Bhit Shah"",""hi"":""भीत शाह"",""hr"":""Bhit Shah"",""it"":""Bhit Shah"",""ja"":""ビット・シャー"",""ko"":""비트 샤"",""nl"":""Bhit Shah"",""pl"":""Bhit Szach"",""pt"":""Bhit Shah"",""pt-BR"":""Bhit Shah"",""ru"":""Бхит Шах"",""tr"":""Bhit Şah"",""uk"":""Бхіт Шах"",""zh-CN"":""比特·沙阿""}",2019-10-05T23:13:31,2025-12-02T14:38:56,1,Q3631249
85371,Bhopalwala,3176,PB,167,PK,city,,,32.42968000,74.36350000,بھوپال والا,17341,Asia/Karachi,"{""ar"":""بوبالوالا"",""br"":""Bhopalwala"",""de"":""Bhopalwala"",""es"":""Bhopalwala"",""fa"":""بوپالوالا"",""fr"":""Bhopalwala"",""hi"":""भोपालवाला"",""hr"":""Bhopalwala"",""it"":""Bhopalwala"",""ja"":""ボパルワラ"",""ko"":""보팔왈라"",""nl"":""Bhopalwala"",""pl"":""Bhopalwala"",""pt"":""Bhopalwala"",""pt-BR"":""Bhopalwala"",""ru"":""Бхопалвала"",""tr"":""Bhopalwala"",""uk"":""Бхопалвала"",""zh-CN"":""博帕尔瓦拉""}",2019-10-05T23:13:31,2025-12-02T14:39:31,1,Q3631249
85372,Bozdar Wada,3175,SD,167,PK,city,,,27.18300000,68.63580000,بوزدار واڈا,9175,Asia/Karachi,"{""ar"":""بوزدار وادا"",""br"":""Bozdar Wada"",""de"":""Bozdar Wada"",""es"":""Bozdar Wada"",""fa"":""بزدار وادا"",""fr"":""Bozdar Wada"",""hi"":""बोज़दार वाडा"",""hr"":""Bozdar Wada"",""it"":""Bozdar Wada"",""ja"":""ボズダール・ワダ"",""ko"":""보즈다르 와다"",""nl"":""Bozdar Wada"",""pl"":""Bozdar Wada"",""pt"":""Bozdar Wada"",""pt-BR"":""Bozdar Wada"",""ru"":""Боздар Вада"",""tr"":""Bozdar Wada"",""uk"":""Боздар Вада"",""zh-CN"":""博兹达尔·瓦达""}",2019-10-05T23:13:31,2025-12-02T14:39:31,1,Q3631249
85373,Bulri,3175,SD,167,PK,city,,,24.86667000,68.33333000,بلری,4997,Asia/Karachi,"{""ar"":""بولري"",""br"":""Bulri"",""de"":""Bulri"",""es"":""Bulri"",""fa"":""بولری"",""fr"":""Bulri"",""hi"":""बुलरी"",""hr"":""Bulri"",""it"":""Bulri"",""ja"":""ブルリ"",""ko"":""불리"",""nl"":""Bulri"",""pl"":""Bulri"",""pt"":""Bulri"",""pt-BR"":""Bulri"",""ru"":""Булри"",""tr"":""Bulri"",""uk"":""Булрі"",""zh-CN"":""布里""}",2019-10-05T23:13:31,2025-12-02T14:38:56,1,Q34784421
85374,Buner,3171,KP,167,PK,district,,,34.44301000,72.49933000,ضلع بونیر,897319,Asia/Karachi,"{""ar"":""منطقة بونر"",""br"":""Distrig Buner"",""de"":""Buner District"",""es"":""Distrito de Buner"",""fa"":""شهرستان بونر"",""fr"":""District de Buner"",""hi"":""बुनेर जिला"",""hr"":""Okrug Buner"",""it"":""Distretto di Buner"",""ja"":""ブーナー地区"",""ko"":""부너 지구"",""nl"":""Buner District"",""pl"":""Dzielnica Buner"",""pt"":""Distrito de Buner"",""pt-BR"":""Distrito de Buner"",""ru"":""Район Бунер"",""tr"":""Buner Bölgesi"",""uk"":""Район Бунер"",""zh-CN"":""布内尔区""}",2019-10-05T23:13:31,2025-12-02T17:29:56,1,Q2039096
85375,Bārkhān District,3174,BA,167,PK,district,,,29.98482000,69.69944000,ضلع بارکھان,210249,Asia/Karachi,"{""ar"":""منطقة برخان"",""br"":""Distrig Bārkhān"",""de"":""Bezirk Bārkhān"",""es"":""Distrito de Bārkhān"",""fa"":""شهرستان بارخان"",""fr"":""District de Barkhan"",""hi"":""बरखान जिला"",""hr"":""Okrug Bārkhān"",""it"":""Distretto di Bārkhān"",""ja"":""バルハン地区"",""ko"":""바르칸 지구"",""nl"":""District Bārkhān"",""pl"":""Dystrykt Bārkhān"",""pt"":""Distrito de Bārkhān"",""pt-BR"":""Distrito de Bārkhān"",""ru"":""Район Баркхан"",""tr"":""Bārkhān İlçesi"",""uk"":""Район Баркхан"",""zh-CN"":""巴尔汗区""}",2019-10-05T23:13:31,2025-12-02T17:30:38,1,Q250810
85376,Burewala,3176,PB,167,PK,city,,,30.16667000,72.65000000,بورے والا,203454,Asia/Karachi,"{""ar"":""بوريوالا"",""br"":""Burewala"",""de"":""Burewala"",""es"":""Burewala"",""fa"":""بوروالا"",""fr"":""Burewala"",""hi"":""Burewala"",""hr"":""Burewala"",""it"":""Burewal"",""ja"":""ブレーワラ"",""ko"":""부레왈라"",""nl"":""Burewala"",""pl"":""Burewala"",""pt"":""Burewala"",""pt-BR"":""Burewala"",""ru"":""Буревала"",""tr"":""Burewala"",""uk"":""Буревала"",""zh-CN"":""布雷瓦拉""}",2019-10-05T23:13:31,2025-12-02T14:38:56,1,Q250810
85377,Chak,3175,SD,167,PK,city,,,27.85838000,68.83378000,چک,14275,Asia/Karachi,"{""ar"":""تشاك"",""br"":""Chak"",""de"":""Chak"",""es"":""Chak"",""fa"":""چاک"",""fr"":""Chak"",""hi"":""चक"",""hr"":""Čak"",""it"":""Chak"",""ja"":""チャック"",""ko"":""착"",""nl"":""Chak"",""pl"":""Chak"",""pt"":""Chak"",""pt-BR"":""Chak"",""ru"":""Чак"",""tr"":""Çak"",""uk"":""Чак"",""zh-CN"":""查克""}",2019-10-05T23:13:31,2025-12-02T14:38:56,1,Q250810
85378,Chak Azam Saffo,3176,PB,167,PK,city,,,30.75202000,73.02834000,چک اعظم صفو,38216,Asia/Karachi,"{""ar"":""تشاك أعظم صفو"",""br"":""Chak Azam Saffo"",""de"":""Chak Azam Saffo"",""es"":""Chak Azam Saffo"",""fa"":""چک اعظم سافو"",""fr"":""Chak Azam Saffo"",""hi"":""चक आज़म सफ़्फ़ो"",""hr"":""Čak Azam Saffo"",""it"":""Chak Azam Saffo"",""ja"":""チャク・アザム・サッフォ"",""ko"":""차크 아잠 사포"",""nl"":""Chak Azam Saffo"",""pl"":""Chak Azam Saffo"",""pt"":""Chak Azam Saffo"",""pt-BR"":""Chak Azam Saffo"",""ru"":""Чак Азам Саффо"",""tr"":""Chak Azam Saffo"",""uk"":""Чак Азам Саффо"",""zh-CN"":""查克·阿扎姆·萨福""}",2019-10-05T23:13:31,2025-12-02T14:38:56,1,Q250810
85380,Chak Jhumra,3176,PB,167,PK,city,,,31.56808000,73.18317000,چک جھمرہ,37214,Asia/Karachi,"{""ar"":""تشاك جومرا"",""br"":""Chak Jhumra"",""de"":""Chak Jhumra"",""es"":""Chak Jhumra"",""fa"":""چاک جومرا"",""fr"":""Chak Jhumra"",""hi"":""चक झुमरा"",""hr"":""Čak Džumra"",""it"":""Chak Jhumra"",""ja"":""チャク・ジュムラ"",""ko"":""착 줌라"",""nl"":""Chak Jhumra"",""pl"":""Chak Jhumra"",""pt"":""Chak Jhumra"",""pt-BR"":""Chak Jhumra"",""ru"":""Чак Джумра"",""tr"":""Chak Jhumra"",""uk"":""Чак Джумра"",""zh-CN"":""查克·朱姆拉""}",2019-10-05T23:13:31,2025-12-02T14:38:56,1,Q250810
85381,Chak One Hundred Twenty Nine Left,3176,PB,167,PK,city,,,30.42919000,73.04522000,چک ون ہنڈرڈ ٹوئنٹی نائن لیفٹ,24053,Asia/Karachi,"{""ar"":""تشاك مائة وتسع وعشرون متبقية"",""br"":""Chak Kant Nav Warn-ugent Chomet"",""de"":""Chak Einhundertneunundzwanzig übrig"",""es"":""Chak ciento veintinueve izquierda"",""fa"":""چک صد و بیست و نه باقی مانده"",""fr"":""Chak Cent Vingt-Neuf Gauche"",""hi"":""चक एक सौ उनतीस बचे"",""hr"":""Chak Sto dvadeset devet lijevo"",""it"":""Chak Centoventinove rimasti"",""ja"":""チャク129残り"",""ko"":""착 129 왼쪽"",""nl"":""Chak Honderd Negenentwintig Overgebleven"",""pl"":""Pozostało sto dwadzieścia dziewięć"",""pt"":""Chak Cento e Vinte e Nove Restantes"",""pt-BR"":""Chak Cento e Vinte e Nove Restantes"",""ru"":""Чак Сто Двадцать Девять Осталось"",""tr"":""Chak Yüz Yirmi Dokuz Kaldı"",""uk"":""Чак Сто Двадцять Дев'ять Ліворуч"",""zh-CN"":""还剩一百二十九""}",2019-10-05T23:13:31,2025-12-02T14:39:31,1,Q250810
85382,Chak Thirty-one -Eleven Left,3176,PB,167,PK,city,,,30.42388000,72.69737000,چک اکتیس - گیارہ بائیں,45665,Asia/Karachi,"{""ar"":""تشاك واحد وثلاثون - أحد عشر يسارًا"",""br"":""Chak Unnek ha tregont -Unnek a chom"",""de"":""Chak Einunddreißig - Elf übrig"",""es"":""Chak Treinta y uno - Once izquierda"",""fa"":""چک سی و یک - یازده چپ"",""fr"":""Chak Trente et un - Onze à gauche"",""hi"":""चक इकतीस - ग्यारह बाएँ"",""hr"":""Čak trideset i jedan - jedanaest lijevo"",""it"":""Chak Trentuno - Undici rimasti"",""ja"":""チャック31 - 残り11"",""ko"":""착 서른한 살 - 열한 살 왼쪽"",""nl"":""Chak Eenendertig - Nog elf over"",""pl"":""Chak Trzydziesty Jeden - Jedenaście Lewy"",""pt"":""Chak Trinta e Um - Onze Restantes"",""pt-BR"":""Chak Trinta e Um - Onze Restantes"",""ru"":""Чак Тридцать Одиннадцать Левый"",""tr"":""Chak Otuz Bir - On Bir Kaldı"",""uk"":""Чак тридцять один - одинадцять лівих"",""zh-CN"":""Chak Thik 三十一 - 剩下十一""}",2019-10-05T23:13:31,2025-12-02T14:39:31,1,Q250810
85383,Chak Two Hundred Forty-Nine TDA,3176,PB,167,PK,city,,,31.17772000,71.20480000,چک دو سو اڑتالیس ٹی ڈی اے,,Asia/Karachi,"{""ar"":""تشاك مائتان وتسعة وأربعون TDA"",""br"":""Chak Daou C'hant Nav ha Pevar-ugent TDA"",""de"":""Chak Zweihundertneunundvierzig TDA"",""es"":""Chak doscientos cuarenta y nueve TDA"",""fa"":""چک دویست و چهل و نه TDA"",""fr"":""Chak Deux Cent Quarante-Neuf TDA"",""hi"":""चक दो सौ उनचास टीडीए"",""hr"":""Čak dvjesto četrdeset i devet TDA"",""it"":""Chak Duecentoquarantanove TDA"",""ja"":""チャック249 TDA"",""ko"":""차크 249 TDA"",""nl"":""Chak Tweehonderd Negenenveertig TDA"",""pl"":""Chak Dwieście Czterdzieści Dziewięć TDA"",""pt"":""Chak Duzentos e Quarenta e Nove TDA"",""pt-BR"":""Chak Duzentos e Quarenta e Nove TDA"",""ru"":""Чак Двести Сорок Девять ТДА"",""tr"":""Chak İki Yüz Kırk Dokuz TDA"",""uk"":""Чак двісті сорок дев'ять TDA"",""zh-CN"":""Chak 二百四十九 TDA""}",2019-10-05T23:13:31,2025-12-02T16:59:27,1,Q250810
85384,Chakwal,3176,PB,167,PK,adm2,,,32.93286000,72.85394000,چکوال,101200,Asia/Karachi,"{""ar"":""تشاكوال"",""br"":""Chakwal"",""de"":""Chakwal"",""es"":""Chakwal"",""fa"":""چکوال"",""fr"":""Chakwal"",""hi"":""चकवाल"",""hr"":""Čakval"",""it"":""Chakwal"",""ja"":""チャクワル"",""ko"":""차크왈"",""nl"":""Chakwal"",""pl"":""Chakwal"",""pt"":""Chakwal"",""pt-BR"":""Chakwal"",""ru"":""Чаквал"",""tr"":""Çakval"",""uk"":""Чаквал"",""zh-CN"":""查克瓦尔""}",2019-10-05T23:13:31,2025-12-02T14:39:31,1,Q1251473
85385,Chaman,3174,BA,167,PK,city,,,30.91769000,66.45259000,چمن,107660,Asia/Karachi,"{""ar"":""شامان"",""br"":""Chaman"",""de"":""Chaman"",""es"":""Chamán"",""fa"":""چمن"",""fr"":""Chaman"",""hi"":""चमन"",""hr"":""Čaman"",""it"":""Chaman"",""ja"":""チャマン"",""ko"":""샤먼"",""nl"":""Chaman"",""pl"":""Chaman"",""pt"":""Chaman"",""pt-BR"":""Chaman"",""ru"":""Чаман"",""tr"":""Şaman"",""uk"":""Чаман"",""zh-CN"":""查曼""}",2019-10-05T23:13:31,2025-12-02T14:38:56,1,Q1017644
85386,Chamber,3175,SD,167,PK,city,,,25.29362000,68.81176000,چیمبر,12746,Asia/Karachi,"{""ar"":""غرفة"",""br"":""Kambr"",""de"":""Kammer"",""es"":""Cámara"",""fa"":""مجلسی"",""fr"":""Chambre"",""hi"":""कक्ष"",""hr"":""Komora"",""it"":""Camera"",""ja"":""チャンバー"",""ko"":""방"",""nl"":""Kamer"",""pl"":""Izba"",""pt"":""Câmara"",""pt-BR"":""Câmara"",""ru"":""Камера"",""tr"":""Oda"",""uk"":""Палата"",""zh-CN"":""商会""}",2019-10-05T23:13:31,2025-12-02T14:39:31,1,Q1017644
85387,Charsadda,3171,KP,167,PK,adm2,,,34.14822000,71.74060000,چارسدہ,105414,Asia/Karachi,"{""ar"":""تشارسادا"",""br"":""Charsadda"",""de"":""Charsadda"",""es"":""Charsadda"",""fa"":""چارسده"",""fr"":""Charsadda"",""hi"":""चरसद्दा"",""hr"":""Čarsadda"",""it"":""Charsadda"",""ja"":""チャーサダ"",""ko"":""차르사다"",""nl"":""Charsadda"",""pl"":""Charsadda"",""pt"":""Charsadda"",""pt-BR"":""Charsadda"",""ru"":""Чарсадда"",""tr"":""Çarsadda"",""uk"":""Чарсадда"",""zh-CN"":""恰尔萨达""}",2019-10-05T23:13:31,2025-12-02T14:38:56,1,Q1642808
85388,Chawinda,3176,PB,167,PK,city,,,32.34434000,74.70507000,چونڈہ,23599,Asia/Karachi,"{""ar"":""تشاويندا"",""br"":""Chawinda"",""de"":""Chawinda"",""es"":""Chawinda"",""fa"":""چاویندا"",""fr"":""Chawinda"",""hi"":""चाविंडा"",""hr"":""Čavinda"",""it"":""Chawinda"",""ja"":""チャウィンダ"",""ko"":""차윈다"",""nl"":""Chawinda"",""pl"":""Chawinda"",""pt"":""Chawinda"",""pt-BR"":""Chawinda"",""ru"":""Чавинда"",""tr"":""Chawinda"",""uk"":""Чавінда"",""zh-CN"":""查温达""}",2019-10-05T23:13:31,2025-12-02T14:38:56,1,Q5088564
85389,Rabwah,3176,PB,167,PK,city,,,31.75511000,72.91403000,ربوہ,70000,Asia/Karachi,"{""ar"":""ربوة"",""br"":""Rabwah"",""de"":""Rabwah"",""es"":""Rabwah"",""fa"":""ربوه"",""fr"":""Rabwah"",""hi"":""रबवाह"",""hr"":""Rabva"",""it"":""Rabwah"",""ja"":""ラブワ"",""ko"":""라브와"",""nl"":""Rabwah"",""pl"":""Rabwah"",""pt"":""Rabwah"",""pt-BR"":""Rabwah"",""ru"":""Рабва"",""tr"":""Rabvah"",""uk"":""Рабва"",""zh-CN"":""拉布瓦""}",2019-10-05T23:13:31,2025-12-02T14:39:31,1,Q1069835
85390,Cherat Cantonement,3171,KP,167,PK,city,,,33.82342000,71.89292000,چراٹ چھاؤنی,2986,Asia/Karachi,"{""ar"":""معسكر شيرات"",""br"":""Kantonerezh Cherat"",""de"":""Cherat Cantonement"",""es"":""Acantonamiento de Cherat"",""fa"":""اردوگاه چرات"",""fr"":""Cantonnement de Cherat"",""hi"":""चेरात छावनी"",""hr"":""Kanton Cherat"",""it"":""Cherat Cantonement"",""ja"":""チェラット・カントンメント"",""ko"":""체라트 캔토네먼트"",""nl"":""Cherat Cantonement"",""pl"":""Kanton Cherat"",""pt"":""Acantonamento de Cherat"",""pt-BR"":""Acantonamento de Cherat"",""ru"":""Кантонемент Черат"",""tr"":""Cherat Kışlası"",""uk"":""Кантонемент Черат"",""zh-CN"":""切拉特兵营""}",2019-10-05T23:13:31,2025-12-02T14:39:31,1,Q3695863
85391,Chhor,3175,SD,167,PK,city,,,25.51260000,69.78437000,چھور,16301,Asia/Karachi,"{""ar"":""تشور"",""br"":""Chhor"",""de"":""Chhor"",""es"":""Chor"",""fa"":""چور"",""fr"":""Chhor"",""hi"":""छोर"",""hr"":""Čhor"",""it"":""Chhor"",""ja"":""チョール"",""ko"":""초르"",""nl"":""Chhor"",""pl"":""Chhor"",""pt"":""Chhor"",""pt-BR"":""Chhor"",""ru"":""Чхор"",""tr"":""Çor"",""uk"":""Чор"",""zh-CN"":""乔尔""}",2019-10-05T23:13:31,2025-12-02T14:39:31,1,Q15209971
85392,Chichawatni,3176,PB,167,PK,city,,,30.53010000,72.69155000,چیچہ وطنی۔,87754,Asia/Karachi,"{""ar"":""شيشاواتني"",""br"":""Chichawatni"",""de"":""Chichawatni"",""es"":""Chichawatni"",""fa"":""چیچاواتنی"",""fr"":""Chichawatni"",""hi"":""चिचावतनी"",""hr"":""Čičavatni"",""it"":""Chichawatni"",""ja"":""チチャワトニ"",""ko"":""치차왓니"",""nl"":""Chichawatni"",""pl"":""Cziczawatni"",""pt"":""Chichawatni"",""pt-BR"":""Chichawatni"",""ru"":""Чичаватни"",""tr"":""Çiçawatni"",""uk"":""Чічаватні"",""zh-CN"":""奇恰瓦特尼""}",2019-10-05T23:13:31,2025-12-02T14:38:56,1,Q3321325
85393,Chiniot,3176,PB,167,PK,adm2,,,31.72091000,72.97836000,چنیوٹ,318165,Asia/Karachi,"{""ar"":""شينيوت"",""br"":""Chiniot"",""de"":""Chiniot"",""es"":""Chiniot"",""fa"":""چینیوت"",""fr"":""Chiniot"",""hi"":""चिनिओत"",""hr"":""Činiot"",""it"":""Chiniot"",""ja"":""チニオット"",""ko"":""치니오트"",""nl"":""Chiniot"",""pl"":""Chiniot"",""pt"":""Chiniot"",""pt-BR"":""Chiniot"",""ru"":""Чиниот"",""tr"":""Çinot"",""uk"":""Чініот"",""zh-CN"":""奇尼奥特""}",2019-10-05T23:13:31,2025-12-02T14:39:31,1,Q1017651
85394,Chishtian,3176,PB,167,PK,city,,,29.79713000,72.85772000,چشتیاں,101659,Asia/Karachi,"{""ar"":""تشيشتيان"",""br"":""Kishtian"",""de"":""Chishtian"",""es"":""Chishtian"",""fa"":""چشتی"",""fr"":""Chishtien"",""hi"":""चिश्तियन"",""hr"":""Čištijan"",""it"":""Cinese"",""ja"":""チシュティアン"",""ko"":""치스티안"",""nl"":""Chishtian"",""pl"":""Chishtian"",""pt"":""Chishtian"",""pt-BR"":""Chishtian"",""ru"":""Чиштиан"",""tr"":""Hıristiyan"",""uk"":""Чиштян"",""zh-CN"":""奇什蒂安""}",2019-10-05T23:13:31,2025-12-02T14:38:56,1,Q1250229
85395,Chitral,3171,KP,167,PK,adm2,,,35.85180000,71.78636000,چترال,0,Asia/Karachi,"{""ar"":""شيترال"",""br"":""Chitral"",""de"":""Chitral"",""es"":""Quitral"",""fa"":""چترال"",""fr"":""Chitral"",""hi"":""चित्राल"",""hr"":""Čitral"",""it"":""Chitral"",""ja"":""チトラル"",""ko"":""치트랄"",""nl"":""Chitral"",""pl"":""Czitral"",""pt"":""Chitral"",""pt-BR"":""Chitral"",""ru"":""Читрал"",""tr"":""Çitral"",""uk"":""Чітрал"",""zh-CN"":""奇特拉尔""}",2019-10-05T23:13:31,2025-12-02T14:38:56,1,Q12126543
85396,Choa Saidanshah,3176,PB,167,PK,city,,,32.71962000,72.98625000,چوآ سیدن شاہ,15344,Asia/Karachi,"{""ar"":""تشوا سعيدانشاه"",""br"":""Choa Saidanshah"",""de"":""Choa Saidanshah"",""es"":""Choa Saidanshah"",""fa"":""چوا سیدانشاه"",""fr"":""Choa Sadanshah"",""hi"":""चोआ सैदानशाह"",""hr"":""Choa Saidanshah"",""it"":""Choa Saidanshah"",""ja"":""チョア・サイダンシャー"",""ko"":""초아 사이단샤"",""nl"":""Choa Saidanshah"",""pl"":""Choa Saidanshah"",""pt"":""Choa Saidanshah"",""pt-BR"":""Choa Saidanshah"",""ru"":""Чоа Саиданшах"",""tr"":""Çoa Saidanşah"",""uk"":""Чоа Сайданшах"",""zh-CN"":""蔡赛丹沙""}",2019-10-05T23:13:31,2025-12-02T14:39:31,1,Q3311334
85397,Chowki Jamali,3174,BA,167,PK,city,,,28.01944000,67.92083000,چوکی جمالی۔,2000,Asia/Karachi,"{""ar"":""تشوكي جمالي"",""br"":""Chowki Jamali"",""de"":""Chowki Jamali"",""es"":""Chowki Jamali"",""fa"":""چوکی جمالی"",""fr"":""Chowki Jamali"",""hi"":""चौकी जमाली"",""hr"":""Chowki Jamali"",""it"":""Chowki Jamali"",""ja"":""チョウキ・ジャマリ"",""ko"":""초우키 자말리"",""nl"":""Chowki Jamali"",""pl"":""Chowki Jamali"",""pt"":""Chowki Jamali"",""pt-BR"":""Chowki Jamali"",""ru"":""Чоуки Джамали"",""tr"":""Chowki Jamali"",""uk"":""Чоукі Джамалі"",""zh-CN"":""乔基·贾马利""}",2019-10-05T23:13:31,2025-12-02T14:38:56,1,Q3311334
85399,Chuhar Jamali,3175,SD,167,PK,city,,,24.39440000,67.99298000,چوہڑ جمالی۔,15781,Asia/Karachi,"{""ar"":""تشوهار جمالي"",""br"":""Chuhar Jamali"",""de"":""Chuhar Jamali"",""es"":""Chuhar Jamali"",""fa"":""چوار جمالی"",""fr"":""Chuhar Jamali"",""hi"":""चुहार जमाली"",""hr"":""Čuhar Džamali"",""it"":""Chuhar Jamali"",""ja"":""チュハル・ジャマリ"",""ko"":""추하르 자말리"",""nl"":""Chuhar Jamali"",""pl"":""Chuhar Jamali"",""pt"":""Chuhar Jamali"",""pt-BR"":""Chuhar Jamali"",""ru"":""Чухар Джамали"",""tr"":""Çuhar Cemali"",""uk"":""Чухар Джамалі"",""zh-CN"":""楚哈尔·贾马利""}",2019-10-05T23:13:31,2025-12-02T14:38:56,1,Q3311334
85400,Chunian,3176,PB,167,PK,city,,,30.96621000,73.97908000,چونیاں,64386,Asia/Karachi,"{""ar"":""تشونيان"",""br"":""Chunian"",""de"":""Chunian"",""es"":""chuniano"",""fa"":""چونیان"",""fr"":""Chunien"",""hi"":""चुनियाँ"",""hr"":""Chunian"",""it"":""Chuniano"",""ja"":""中年"",""ko"":""춘절"",""nl"":""Chuniaans"",""pl"":""Chunian"",""pt"":""Chuniano"",""pt-BR"":""Chuniano"",""ru"":""Чуниан"",""tr"":""Çunian"",""uk"":""Чуньян"",""zh-CN"":""初年""}",2019-10-05T23:13:31,2025-12-02T14:38:56,1,Q3695904
85401,Chāgai,3174,BA,167,PK,district,,,28.98765000,63.59087000,ضلع چاغی,269192,Asia/Karachi,"{""ar"":""منطقة تشاجاي"",""br"":""Distrig Chāgai"",""de"":""Chāgai Bezirk"",""es"":""Distrito de Chāgai"",""fa"":""شهرستان چاگای"",""fr"":""District de Chāgai"",""hi"":""चागाई जिला"",""hr"":""Okrug Čagaj"",""it"":""Distretto di Chāgai"",""ja"":""チャガイ地区"",""ko"":""차가이 지구"",""nl"":""Chāgai District"",""pl"":""Dystrykt Chāgai"",""pt"":""Distrito de Chāgai"",""pt-BR"":""Distrito de Chāgai"",""ru"":""Чагайский район"",""tr"":""Chāgai Bölgesi"",""uk"":""Чагайський район"",""zh-CN"":""查盖县""}",2019-10-05T23:13:31,2025-12-02T17:03:53,1,Q276717
85402,Dadhar,3174,BA,167,PK,city,,,29.47489000,67.65167000,دادر,15090,Asia/Karachi,"{""ar"":""دادار"",""br"":""Dadhar"",""de"":""Dadhar"",""es"":""Dadhar"",""fa"":""دادار"",""fr"":""Dadhar"",""hi"":""दादहर"",""hr"":""Dadhar"",""it"":""Dadhar"",""ja"":""ダダール"",""ko"":""다다르"",""nl"":""Dadhar"",""pl"":""Dadhar"",""pt"":""Dadhar"",""pt-BR"":""Dadhar"",""ru"":""Дадхар"",""tr"":""Dadhar"",""uk"":""Дадхар"",""zh-CN"":""达达尔""}",2019-10-05T23:13:31,2025-12-02T14:39:31,1,Q254504
85403,Dadu,3175,SD,167,PK,adm2,,,26.73033000,67.77690000,دادو,201017,Asia/Karachi,"{""ar"":""دادو"",""br"":""Dadu"",""de"":""Dadu"",""es"":""Papá"",""fa"":""دادو"",""fr"":""Dadu"",""hi"":""दादू"",""hr"":""Dadu"",""it"":""Dadu"",""ja"":""ダドゥ"",""ko"":""다두"",""nl"":""Dadu"",""pl"":""Tata"",""pt"":""Dadu"",""pt-BR"":""Dadu"",""ru"":""Даду"",""tr"":""Dadu"",""uk"":""Даду"",""zh-CN"":""大都""}",2019-10-05T23:13:31,2025-12-02T14:39:31,1,Q1081635
85404,Daira Din Panah,3176,PB,167,PK,city,,,30.57053000,70.93722000,دائرہ دین پناہ,14878,Asia/Karachi,"{""ar"":""ديرا دين باناه"",""br"":""Daira Din Panah"",""de"":""Daira Din Panah"",""es"":""Daira Din Panah"",""fa"":""دایرا دین پناه"",""fr"":""Daira Din Panah"",""hi"":""डायरा दीन पनाह"",""hr"":""Daira Din Panah"",""it"":""Daira Din Panah"",""ja"":""ダイラ・ディン・パナ"",""ko"":""다이라 딘 파나"",""nl"":""Daira Din Panah"",""pl"":""Daira Din Panah"",""pt"":""Daira Din Panah"",""pt-BR"":""Daira Din Panah"",""ru"":""Дайра Дин Панах"",""tr"":""Daira Din Panah"",""uk"":""Дайра Дін Панах"",""zh-CN"":""戴拉·丁·帕纳""}",2019-10-05T23:13:31,2025-12-02T14:39:31,1,Q1081635
85405,Dajal,3176,PB,167,PK,city,,,29.55769000,70.37614000,دجال,17630,Asia/Karachi,"{""ar"":""دجال"",""br"":""Dajal"",""de"":""Dajal"",""es"":""Dajal"",""fa"":""دجال"",""fr"":""Dajal"",""hi"":""दजल"",""hr"":""Dajal"",""it"":""Dajal"",""ja"":""ダジャル"",""ko"":""다잘"",""nl"":""Dajal"",""pl"":""Dajal"",""pt"":""Dajal"",""pt-BR"":""Dajal"",""ru"":""Даджал"",""tr"":""Deccal"",""uk"":""Даджал"",""zh-CN"":""达贾尔""}",2019-10-05T23:13:31,2025-12-02T14:39:31,1,Q1081635
85406,Dalbandin,3174,BA,167,PK,adm2,,,28.88846000,64.40616000,دالبندین,14621,Asia/Karachi,"{""ar"":""دالباندين"",""br"":""Dalbandin"",""de"":""Dalbandin"",""es"":""Dalbandin"",""fa"":""دالبندین"",""fr"":""Dalbandin"",""hi"":""दलबंदिन"",""hr"":""Dalbandin"",""it"":""Dalbandin"",""ja"":""ダルバンディン"",""ko"":""달반딘"",""nl"":""Dalbandin"",""pl"":""Dalbandin"",""pt"":""Dalbandin"",""pt-BR"":""Dalbandin"",""ru"":""Далбандин"",""tr"":""Dalbandin"",""uk"":""Далбандін"",""zh-CN"":""达尔班丁""}",2019-10-05T23:13:31,2025-12-02T14:38:56,1,Q3235682
85407,Dandot RS,3176,PB,167,PK,city,,,32.64167000,72.97500000,ڈینڈوٹ آر ایس,2000,Asia/Karachi,"{""ar"":""داندوت RS"",""br"":""Dandot RS"",""de"":""Dandot RS"",""es"":""Dandot RS"",""fa"":""داندوت آر اس"",""fr"":""Dandot RS"",""hi"":""डंडोट आरएस"",""hr"":""Dandot RS"",""it"":""Dandot RS"",""ja"":""ダンドットRS"",""ko"":""단도트 RS"",""nl"":""Dandot RS"",""pl"":""Dandot RS"",""pt"":""Dandot RS"",""pt-BR"":""Dandot RS"",""ru"":""Дандо РС"",""tr"":""Dandot RS"",""uk"":""Дандот Р.С"",""zh-CN"":""丹多特 RS""}",2019-10-05T23:13:31,2025-12-02T14:38:56,1,Q3235682
85408,Daromehar,3175,SD,167,PK,city,,,24.79382000,68.17978000,دارومہر,10869,Asia/Karachi,"{""ar"":""داروميهار"",""br"":""Daromehar"",""de"":""Daromehar"",""es"":""Daromehar"",""fa"":""دارومهار"",""fr"":""Daromehar"",""hi"":""दारोमेहर"",""hr"":""Daromehar"",""it"":""Daromehar"",""ja"":""ダロメハール"",""ko"":""다로메하르"",""nl"":""Daromehar"",""pl"":""Daromehar"",""pt"":""Daromehar"",""pt-BR"":""Daromehar"",""ru"":""Даромехар"",""tr"":""Daromehar"",""uk"":""Даромехар"",""zh-CN"":""达罗梅哈尔""}",2019-10-05T23:13:31,2025-12-02T14:39:31,1,Q3235682
85409,Darya Khan,3176,PB,167,PK,city,,,31.78447000,71.10197000,دریا خان,15048,Asia/Karachi,"{""ar"":""داريا خان"",""br"":""Darya Khan"",""de"":""Darya Khan"",""es"":""Darya Khan"",""fa"":""دریا خان"",""fr"":""Daria Khan"",""hi"":""दरिया खान"",""hr"":""Darya Khan"",""it"":""Darya Khan"",""ja"":""ダリヤ・カーン"",""ko"":""다리아 칸"",""nl"":""Darya Khan"",""pl"":""Daria Khan"",""pt"":""Darya Khan"",""pt-BR"":""Darya Khan"",""ru"":""Дарья Хан"",""tr"":""Darya Han"",""uk"":""Дар'я Хан"",""zh-CN"":""达里亚·汗""}",2019-10-05T23:13:32,2025-12-02T14:38:56,1,Q3321393
85410,Darya Khan Marri,3175,SD,167,PK,city,,,26.67765000,68.28666000,دریا خان مری,8973,Asia/Karachi,"{""ar"":""داريا خان ماري"",""br"":""Darya Khan Marri"",""de"":""Darya Khan Marri"",""es"":""Darya Khan Marri"",""fa"":""دریا خان مری"",""fr"":""Darya Khan Marri"",""hi"":""दरिया खान मर्री"",""hr"":""Darya Khan Marri"",""it"":""Darya Khan Marri"",""ja"":""ダリヤ・カーン・マリ"",""ko"":""다리아 칸 마리"",""nl"":""Darya Khan Marri"",""pl"":""Darya Khan Marri"",""pt"":""Darya Khan Marri"",""pt-BR"":""Darya Khan Marri"",""ru"":""Дарья Хан Марри"",""tr"":""Darya Khan Marri"",""uk"":""Дар'я Хан Маррі"",""zh-CN"":""达里亚·汗·马里""}",2019-10-05T23:13:32,2025-12-02T14:38:56,1,Q3321393
85411,Daska,3176,PB,167,PK,section,,,32.32422000,74.35039000,ڈسکہ,146579,Asia/Karachi,"{""ar"":""داسكا"",""br"":""Daska"",""de"":""Daska"",""es"":""Daska"",""fa"":""داسکا"",""fr"":""Daska"",""hi"":""दस्का"",""hr"":""Daska"",""it"":""Daska"",""ja"":""ダスカ"",""ko"":""다스카"",""nl"":""Daska"",""pl"":""Daska"",""pt"":""Daska"",""pt-BR"":""Daska"",""ru"":""Даска"",""tr"":""Daska"",""uk"":""Даска"",""zh-CN"":""达斯卡""}",2019-10-05T23:13:32,2025-12-02T14:38:56,1,Q2374990
85413,Daulatpur,3175,SD,167,PK,city,,,26.50158000,67.97079000,دولت پور,14574,Asia/Karachi,"{""ar"":""دولاتبور"",""br"":""Daulatpur"",""de"":""Daulatpur"",""es"":""Daulatpur"",""fa"":""دولت‌پور"",""fr"":""Daulatpur"",""hi"":""दौलतपुर"",""hr"":""Daulatpur"",""it"":""Daulatpur"",""ja"":""ダウラトプル"",""ko"":""다울라트푸르"",""nl"":""Daulatpur"",""pl"":""Daulatpur"",""pt"":""Daulatpur"",""pt-BR"":""Daulatpur"",""ru"":""Даулатпур"",""tr"":""Daulatpur"",""uk"":""Даулатпур"",""zh-CN"":""道拉特普尔""}",2019-10-05T23:13:32,2025-12-02T14:38:56,1,Q2374990
85414,Daultala,3176,PB,167,PK,city,,,33.19282000,73.14099000,دولتالہ,11814,Asia/Karachi,"{""ar"":""دولتالا"",""br"":""Daultala"",""de"":""Daultala"",""es"":""Daultala"",""fa"":""دوالتالا"",""fr"":""Daultala"",""hi"":""दौलताला"",""hr"":""Daultala"",""it"":""Daultala"",""ja"":""ダウルタラ"",""ko"":""다울탈라"",""nl"":""Daultala"",""pl"":""Daultala"",""pt"":""Daultala"",""pt-BR"":""Daultala"",""ru"":""Даултала"",""tr"":""Daultala"",""uk"":""Даултала"",""zh-CN"":""道尔塔拉""}",2019-10-05T23:13:32,2025-12-02T14:38:56,1,Q2374990
85415,Daur,3175,SD,167,PK,city,,,26.45528000,68.31835000,داور,17577,Asia/Karachi,"{""ar"":""دور"",""br"":""Daur"",""de"":""Daur"",""es"":""Daur"",""fa"":""دور"",""fr"":""Daur"",""hi"":""दौर"",""hr"":""Daur"",""it"":""Daur"",""ja"":""ダウル"",""ko"":""다우르"",""nl"":""Daur"",""pl"":""Daur"",""pt"":""Daur"",""pt-BR"":""Daur"",""ru"":""Даур"",""tr"":""Daur"",""uk"":""Даур"",""zh-CN"":""达斡尔族""}",2019-10-05T23:13:32,2025-12-02T14:38:56,1,Q2374990
85416,Dera Bugti,3174,BA,167,PK,adm2,,,29.03619000,69.15849000,ڈیرہ بگٹی,18120,Asia/Karachi,"{""ar"":""ديرا بوغتي"",""br"":""Dera Bugti"",""de"":""Dera Bugti"",""es"":""Dera Bugti"",""fa"":""دیره بگتی"",""fr"":""Dera Bugti"",""hi"":""डेरा बुगती"",""hr"":""Dera Bugti"",""it"":""Dera Bugti"",""ja"":""デラ・ブグティ"",""ko"":""데라 부그티"",""nl"":""Dera Bugti"",""pl"":""Dera Bugti"",""pt"":""Dera Bugti"",""pt-BR"":""Dera Bugti"",""ru"":""Дера Бугти"",""tr"":""Dera Bugti"",""uk"":""Дера Бугті"",""zh-CN"":""德拉布蒂""}",2019-10-05T23:13:32,2025-12-02T14:38:56,1,Q2989478
85417,Dera Bugti District,3174,BA,167,PK,district,,,28.94250000,69.06883000,ضلع ڈیرہ بگٹی,,Asia/Karachi,"{""ar"":""منطقة ديرا بوغتي"",""br"":""Distrig Dera Bugti"",""de"":""Dera Bugti District"",""es"":""Distrito de Dera Bugti"",""fa"":""ناحیه دیره بگتی"",""fr"":""District de Dera Bugti"",""hi"":""डेरा बुगती जिला"",""hr"":""Okrug Dera Bugti"",""it"":""Distretto di Dera Bugti"",""ja"":""デラ・ブグティ地区"",""ko"":""데라 부그티 지구"",""nl"":""Dera Bugti-district"",""pl"":""Dystrykt Dera Bugti"",""pt"":""Distrito de Dera Bugti"",""pt-BR"":""Distrito de Dera Bugti"",""ru"":""Район Дера Бугти"",""tr"":""Dera Bugti Bölgesi"",""uk"":""Район Дера-Бугті"",""zh-CN"":""德拉布格蒂区""}",2019-10-05T23:13:32,2025-12-02T17:30:38,1,Q2315565
85418,Dera Ghazi Khan,3176,PB,167,PK,adm2,,,30.04587000,70.64029000,ڈیرہ غازی خان,399064,Asia/Karachi,"{""ar"":""ديرا غازي خان"",""br"":""Dera Ghazi Khan"",""de"":""Dera Ghazi Khan"",""es"":""Dera Ghazi Khan"",""fa"":""دیره غازی خان"",""fr"":""Dera Ghazi Khan"",""hi"":""डेरा गाजी खान"",""hr"":""Dera Ghazi Khan"",""it"":""Dera Ghazi Khan"",""ja"":""デラ・ガジ・カーン"",""ko"":""데라 가지 칸"",""nl"":""Dera Ghazi Khan"",""pl"":""Dera Ghazi Khan"",""pt"":""Dera Ghazi Khan"",""pt-BR"":""Dera Ghazi Khan"",""ru"":""Дера Гази Хан"",""tr"":""Dera Gazi Han"",""uk"":""Дера Газі Хан"",""zh-CN"":""德拉加齐汗""}",2019-10-05T23:13:32,2025-12-02T14:38:56,1,Q999076
85419,Dera Ismail Khan,3171,KP,167,PK,adm2,,,31.83129000,70.90170000,ڈیرہ اسماعیل خان,763195,Asia/Karachi,"{""ar"":""ديرا إسماعيل خان"",""br"":""Dera Ismail Khan"",""de"":""Dera Ismail Khan"",""es"":""Dera Ismail Khan"",""fa"":""دیره اسماعیل خان"",""fr"":""Dera Ismail Khan"",""hi"":""डेरा इस्माइल खान"",""hr"":""Dera Ismail Khan"",""it"":""Dera Ismail Khan"",""ja"":""デラ・イスマイル・カーン"",""ko"":""데라 이스마일 칸"",""nl"":""Dera Ismail Khan"",""pl"":""Dera Ismail Khan"",""pt"":""Dera Ismail Khan"",""pt-BR"":""Dera Ismail Khan"",""ru"":""Дера Исмаил Хан"",""tr"":""Dera İsmail Han"",""uk"":""Дера Ісмаїл Хан"",""zh-CN"":""德拉·伊斯梅尔·汗""}",2019-10-05T23:13:32,2025-12-02T14:39:31,1,Q1249888
85420,Dera Ismāīl Khān District,3171,KP,167,PK,district,,,31.85963000,70.64879000,ضلع ڈیرہ اسماعیل خان,852995,Asia/Karachi,"{""ar"":""منطقة ديرا إسماعيل خان"",""br"":""Distrig Dera Ismāīl Khān"",""de"":""Dera Ismāīl Khān District"",""es"":""Distrito de Dera Ismāīl Khān"",""fa"":""شهرستان دیره اسماعیل خان"",""fr"":""District de Dera Ismāīl Khān"",""hi"":""डेरा इस्माइल ख़ान ज़िला"",""hr"":""Okrug Dera Ismail Khan"",""it"":""Distretto di Dera Ismāīl Khān"",""ja"":""デラ・イスマイル・ハーン地区"",""ko"":""데라 이스마일 칸 지구"",""nl"":""Dera Ismāīl Khān District"",""pl"":""Dystrykt Dera Ismāīl Khān"",""pt"":""Distrito de Dera Ismāīl Khān"",""pt-BR"":""Distrito de Dera Ismāīl Khān"",""ru"":""Район Дера Исмаил Хан"",""tr"":""Dera Ismāīl Khān Bölgesi"",""uk"":""Район Дера-Ісмаїл-Хан"",""zh-CN"":""德拉伊斯梅尔汗区""}",2019-10-05T23:13:32,2025-12-02T17:30:38,1,Q284210
85421,Dhanot,3176,PB,167,PK,city,,,29.57991000,71.75213000,دھنوٹ,18729,Asia/Karachi,"{""ar"":""دانوت"",""br"":""Dhanot"",""de"":""Dhanot"",""es"":""Dhanot"",""fa"":""دانوت"",""fr"":""Dhanot"",""hi"":""धनोत"",""hr"":""Dhanot"",""it"":""Dhanot"",""ja"":""ダノット"",""ko"":""다노트"",""nl"":""Dhanot"",""pl"":""Dhanot"",""pt"":""Dhanot"",""pt-BR"":""Dhanot"",""ru"":""Дханот"",""tr"":""Dhanot"",""uk"":""Дханот"",""zh-CN"":""达诺特""}",2019-10-05T23:13:32,2025-12-02T14:39:31,1,Q284210
85422,Dhaunkal,3176,PB,167,PK,city,,,32.40613000,74.13706000,دھنکل,12117,Asia/Karachi,"{""ar"":""داونكال"",""br"":""Dhaunkal"",""de"":""Dhaunkal"",""es"":""Dhaunkal"",""fa"":""دوانکال"",""fr"":""Dhaunkal"",""hi"":""धौंकल"",""hr"":""Dhaunkal"",""it"":""Dhaunkal"",""ja"":""ダウンカル"",""ko"":""다운칼"",""nl"":""Dhaunkal"",""pl"":""Dhaunkal"",""pt"":""Dhaunkal"",""pt-BR"":""Dhaunkal"",""ru"":""Дхаункал"",""tr"":""Dhaunkal"",""uk"":""Дхаункал"",""zh-CN"":""达恩卡尔""}",2019-10-05T23:13:32,2025-12-02T14:38:56,1,Q284210
85423,Dhoro Naro,3175,SD,167,PK,city,,,25.50484000,69.57090000,ڈھورو نارو,19907,Asia/Karachi,"{""ar"":""دورو نارو"",""br"":""Dhoro Naro"",""de"":""Dhoro Naro"",""es"":""Dhoro Naro"",""fa"":""دورو نارو"",""fr"":""Dhoro Naro"",""hi"":""धोरो नारो"",""hr"":""Dhoro Naro"",""it"":""Dhoro Naro"",""ja"":""ドーロ・ナロ"",""ko"":""도로 나로"",""nl"":""Dhoro Naro"",""pl"":""Dhoro Naro"",""pt"":""Dhoro Naro"",""pt-BR"":""Dhoro Naro"",""ru"":""Дхоро Наро"",""tr"":""Dhoro Naro"",""uk"":""Дхоро Наро"",""zh-CN"":""多罗纳罗""}",2019-10-05T23:13:32,2025-12-02T14:38:56,1,Q284210
85424,Digri,3175,SD,167,PK,city,,,25.15657000,69.11098000,ڈگری۔,31842,Asia/Karachi,"{""ar"":""ديجري"",""br"":""Digri"",""de"":""Digri"",""es"":""Digri"",""fa"":""دیگرِی"",""fr"":""Digri"",""hi"":""डिग्री"",""hr"":""Digri"",""it"":""Digri"",""ja"":""ディグリ"",""ko"":""디그리"",""nl"":""Digi"",""pl"":""Digri"",""pt"":""Digri"",""pt-BR"":""Digri"",""ru"":""Дигри"",""tr"":""Digri"",""uk"":""Дігрі"",""zh-CN"":""迪格里""}",2019-10-05T23:13:32,2025-12-02T14:38:56,1,Q284210
85425,Dijkot,3176,PB,167,PK,city,,,31.21735000,72.99621000,ڈجکوٹ,27469,Asia/Karachi,"{""ar"":""ديجكوت"",""br"":""Dijkot"",""de"":""Dijkot"",""es"":""Dijkot"",""fa"":""دیجکوت"",""fr"":""Dijkot"",""hi"":""दिजकोट"",""hr"":""Dijkot"",""it"":""Dijkot"",""ja"":""ディコット"",""ko"":""디지코트"",""nl"":""Dijkot"",""pl"":""Dijkot"",""pt"":""Dijkot"",""pt-BR"":""Dijkot"",""ru"":""Дейкот"",""tr"":""Dijkot"",""uk"":""Дейкот"",""zh-CN"":""迪杰科特""}",2019-10-05T23:13:32,2025-12-02T14:38:56,1,Q5276491
85426,Dinan Bashnoian Wala,3176,PB,167,PK,city,,,29.76584000,73.26557000,دینا بشنویاں والا,7500,Asia/Karachi,"{""ar"":""دينان باشنويان والا"",""br"":""Dinan Bashnoian Wala"",""de"":""Dinan Bashnoian Wala"",""es"":""Dinan Bashnoian Wala"",""fa"":""دینان بشنویان والا"",""fr"":""Dinan Bashnoian Wala"",""hi"":""Dinan Bashnoian Wala"",""hr"":""Dinan Bašnojan Wala"",""it"":""Dinan Bashnoian Wala"",""ja"":""ディナン・バシュノイアン・ワラ"",""ko"":""디난 바슈노이안 왈라"",""nl"":""Dinan Bashnoian Wala"",""pl"":""Dinan Bashnoian Wala"",""pt"":""Dinan Bashnoian Wala"",""pt-BR"":""Dinan Bashnoian Wala"",""ru"":""Динан Башноян Вала"",""tr"":""Dinan Bashnoian Wala"",""uk"":""Дінан Башноян Вала"",""zh-CN"":""迪南·巴什诺安·瓦拉""}",2019-10-05T23:13:32,2025-12-02T14:39:31,1,Q5276491
85427,Dinga,3176,PB,167,PK,city,,,32.64101000,73.72039000,ڈنگہ,39784,Asia/Karachi,"{""ar"":""دينغا"",""br"":""Dinga"",""de"":""Dinga"",""es"":""Dinga"",""fa"":""دینگا"",""fr"":""Dinga"",""hi"":""डिंगा"",""hr"":""Dinga"",""it"":""Dinga"",""ja"":""ディンガ"",""ko"":""딩가"",""nl"":""Dinga"",""pl"":""Dinga"",""pt"":""Dinga"",""pt-BR"":""Dinga"",""ru"":""Динга"",""tr"":""Dinga"",""uk"":""Дінга"",""zh-CN"":""丁加""}",2019-10-05T23:13:32,2025-12-02T14:38:56,1,Q5278157
85428,Dipalpur,3176,PB,167,PK,city,,,30.66984000,73.65306000,دیپالپور,87176,Asia/Karachi,"{""ar"":""ديبالبور"",""br"":""Dipalpur"",""de"":""Dipalpur"",""es"":""Dipalpur"",""fa"":""دیپالپور"",""fr"":""Dipalpur"",""hi"":""दीपालपुर"",""hr"":""Dipalpur"",""it"":""Dipalpur"",""ja"":""ディパルプル"",""ko"":""디팔푸르"",""nl"":""Dipalpur"",""pl"":""Dipalpur"",""pt"":""Dipalpur"",""pt-BR"":""Dipalpur"",""ru"":""Дипалпур"",""tr"":""Dipalpur"",""uk"":""Діпалпур"",""zh-CN"":""迪帕尔普尔""}",2019-10-05T23:13:32,2025-12-02T14:38:56,1,Q2985681
85429,Diplo,3175,SD,167,PK,city,,,24.46688000,69.58114000,ڈپلو,13257,Asia/Karachi,"{""ar"":""دبلوماسي"",""br"":""Diplo"",""de"":""Diplo"",""es"":""Diplo"",""fa"":""دیپلو"",""fr"":""Diplo"",""hi"":""कूटनीति"",""hr"":""Diploma"",""it"":""Diplomatico"",""ja"":""ディプロ"",""ko"":""디플로"",""nl"":""Diplo"",""pl"":""Dyplomata"",""pt"":""Diploma"",""pt-BR"":""Diploma"",""ru"":""Дипло"",""tr"":""Diploma"",""uk"":""Дипломат"",""zh-CN"":""外交官""}",2019-10-05T23:13:32,2025-12-02T14:38:56,1,Q2985681
85430,Doaba,3171,KP,167,PK,city,,,33.42450000,70.73676000,دوآبہ,8893,Asia/Karachi,"{""ar"":""دوابا"",""br"":""Doaba"",""de"":""Doaba"",""es"":""Doaba"",""fa"":""دوبا"",""fr"":""Doaba"",""hi"":""दोआबा"",""hr"":""Doaba"",""it"":""Doaba"",""ja"":""ドアバ"",""ko"":""도아바"",""nl"":""Doaba"",""pl"":""Doaba"",""pt"":""Doaba"",""pt-BR"":""Doaba"",""ru"":""Доаба"",""tr"":""Doaba"",""uk"":""Доаба"",""zh-CN"":""多阿巴""}",2019-10-05T23:13:32,2025-12-02T14:39:31,1,Q2985681
85431,Dokri,3175,SD,167,PK,city,,,27.37421000,68.09715000,ڈوکری۔,14800,Asia/Karachi,"{""ar"":""دوكري"",""br"":""Dokri"",""de"":""Dokri"",""es"":""Dokri"",""fa"":""دوکری"",""fr"":""Dokri"",""hi"":""डोकरी"",""hr"":""Dokri"",""it"":""Dokri"",""ja"":""ドクリ"",""ko"":""독리"",""nl"":""Dokri"",""pl"":""Dokri"",""pt"":""Dokri"",""pt-BR"":""Dokri"",""ru"":""Докри"",""tr"":""Dokri"",""uk"":""Докрі"",""zh-CN"":""多克里""}",2019-10-05T23:13:32,2025-12-02T14:38:56,1,Q3249928
85432,Duki,3174,BA,167,PK,city,,,30.15307000,68.57323000,دکی,6384,Asia/Karachi,"{""ar"":""دوكي"",""br"":""Duki"",""de"":""Duki"",""es"":""Duki"",""fa"":""دوکی"",""fr"":""Duki"",""hi"":""डुकी"",""hr"":""Duki"",""it"":""Duki"",""ja"":""ドゥキ"",""ko"":""두키"",""nl"":""Duki"",""pl"":""Duki"",""pt"":""Duki"",""pt-BR"":""Duki"",""ru"":""Дуки"",""tr"":""Duki"",""uk"":""Дукі"",""zh-CN"":""杜基""}",2019-10-05T23:13:32,2025-12-02T14:38:56,1,Q3249928
85433,Dullewala,3176,PB,167,PK,city,,,31.83439000,71.43639000,دلے والا,48682,Asia/Karachi,"{""ar"":""دوليوالا"",""br"":""Dullewala"",""de"":""Dullewala"",""es"":""Dullewala"",""fa"":""دولوالا"",""fr"":""Dullewala"",""hi"":""दुल्लेवाला"",""hr"":""Dullewala"",""it"":""Dullewala"",""ja"":""ダレワラ"",""ko"":""둘레왈라"",""nl"":""Dullewala"",""pl"":""Dullewala"",""pt"":""Dullewala"",""pt-BR"":""Dullewala"",""ru"":""Дуллевала"",""tr"":""Dullewala"",""uk"":""Дуллевала"",""zh-CN"":""杜勒瓦拉""}",2019-10-05T23:13:32,2025-12-02T14:38:56,1,Q3694406
85434,Dunga Bunga,3176,PB,167,PK,city,,,29.74975000,73.24294000,ڈنگہ بنگا,25893,Asia/Karachi,"{""ar"":""دونغا بونجا"",""br"":""Dunga Bunga"",""de"":""Dunga Bunga"",""es"":""Dunga Bunga"",""fa"":""دونگا بونگا"",""fr"":""Dunga Bunga"",""hi"":""डुंगा बुंगा"",""hr"":""Dunga Bunga"",""it"":""Dunga Bunga"",""ja"":""ドゥンガ・ブンガ"",""ko"":""둥가 붕가"",""nl"":""Dunga Bunga"",""pl"":""Dunga Bunga"",""pt"":""Dunga Bunga"",""pt-BR"":""Dunga Bunga"",""ru"":""Дунга Бунга"",""tr"":""Dunga Bunga"",""uk"":""Дунга Бунга"",""zh-CN"":""邓加·邦加""}",2019-10-05T23:13:32,2025-12-02T14:38:56,1,Q1985683
85435,Dunyapur,3176,PB,167,PK,city,,,29.80275000,71.74344000,دنیا پور,34044,Asia/Karachi,"{""ar"":""دنيابور"",""br"":""Dunyapur"",""de"":""Dunyapur"",""es"":""Dunyapur"",""fa"":""دنیاپور"",""fr"":""Dunyapur"",""hi"":""दुनियापुर"",""hr"":""Dunyapur"",""it"":""Dunyapur"",""ja"":""ドゥニャプル"",""ko"":""두냐푸르"",""nl"":""Dunyapur"",""pl"":""Dunyapur"",""pt"":""Dunyapur"",""pt-BR"":""Dunyapur"",""ru"":""Дуньяпур"",""tr"":""Dunyapur"",""uk"":""Дуньяпур"",""zh-CN"":""杜尼亚普尔""}",2019-10-05T23:13:32,2025-12-02T14:38:56,1,Q1985683
85436,Eminabad,3176,PB,167,PK,city,,,32.04237000,74.25996000,ایمن آباد,22679,Asia/Karachi,"{""ar"":""أمين آباد"",""br"":""Eminabad"",""de"":""Eminabad"",""es"":""Eminabad"",""fa"":""امین‌آباد"",""fr"":""Éminabad"",""hi"":""एमिनाबाद"",""hr"":""Eminabad"",""it"":""Eminabad"",""ja"":""エミナバード"",""ko"":""에미나바드"",""nl"":""Eminabad"",""pl"":""Eminabad"",""pt"":""Eminabad"",""pt-BR"":""Eminabad"",""ru"":""Эминабад"",""tr"":""Eminabad"",""uk"":""Емінабад"",""zh-CN"":""埃米纳巴德""}",2019-10-05T23:13:32,2025-12-02T14:38:56,1,Q5372475
85437,Faisalabad,3176,PB,167,PK,adm2,,,31.41554000,73.08969000,فیصل آباد,3203846,Asia/Karachi,"{""ar"":""فيصل آباد"",""br"":""Faisalabad"",""de"":""Faisalabad"",""es"":""Faisalabad"",""fa"":""فیصل آباد"",""fr"":""Faisalabad"",""hi"":""फैसलाबाद"",""hr"":""Faisalabad"",""it"":""Faisalabad"",""ja"":""ファイサラバード"",""ko"":""파이살라바드"",""nl"":""Faisalabad"",""pl"":""Fajsalabad"",""pt"":""Faisalabad"",""pt-BR"":""Faisalabad"",""ru"":""Фейсалабад"",""tr"":""Faysalabad"",""uk"":""Фейсалабад"",""zh-CN"":""费萨拉巴德""}",2019-10-05T23:13:32,2025-12-02T14:38:56,1,Q173985
85438,Faqirwali,3176,PB,167,PK,city,,,29.46799000,73.03489000,فقیروالی,25186,Asia/Karachi,"{""ar"":""فقيروالي"",""br"":""Faqirwali"",""de"":""Faqirwali"",""es"":""Faqirwali"",""fa"":""فقیروالی"",""fr"":""Faqirwali"",""hi"":""फ़कीरवाली"",""hr"":""Faqirwali"",""it"":""Faqirwali"",""ja"":""ファキルワリ"",""ko"":""파키르왈리"",""nl"":""Faqirwali"",""pl"":""Faqirwali"",""pt"":""Faqirwali"",""pt-BR"":""Faqirwali"",""ru"":""Факирвали"",""tr"":""Faqirwali"",""uk"":""Факірвалі"",""zh-CN"":""法基尔瓦利""}",2019-10-05T23:13:32,2025-12-02T14:38:56,1,Q5434470
85439,Faruka,3176,PB,167,PK,city,,,31.88642000,72.41362000,فاروقہ,21747,Asia/Karachi,"{""ar"":""فاروكا"",""br"":""Faruka"",""de"":""Faruka"",""es"":""Faruka"",""fa"":""فاروکا"",""fr"":""Faruka"",""hi"":""फ़ारुका"",""hr"":""Faruka"",""it"":""Faruka"",""ja"":""ファルカ"",""ko"":""파루카"",""nl"":""Faruka"",""pl"":""Faruka"",""pt"":""Faruka"",""pt-BR"":""Faruka"",""ru"":""Фарука"",""tr"":""Faruka"",""uk"":""Фарука"",""zh-CN"":""法鲁卡""}",2019-10-05T23:13:32,2025-12-02T14:39:31,1,Q5434470
85440,Fazilpur,3176,PB,167,PK,city,,,32.17629000,75.06583000,فاضل پور,28213,Asia/Karachi,"{""ar"":""فازيلبور"",""br"":""Fazilpur"",""de"":""Fazilpur"",""es"":""Fazilpur"",""fa"":""فاضل‌پور"",""fr"":""Fazilpur"",""hi"":""फाजिलपुर"",""hr"":""Fazilpur"",""it"":""Fazilpur"",""ja"":""ファジルプル"",""ko"":""파질푸르"",""nl"":""Fazilpur"",""pl"":""Fazilpur"",""pt"":""Fazilpur"",""pt-BR"":""Fazilpur"",""ru"":""Фазилпур"",""tr"":""Fazılpur"",""uk"":""Фазілпур"",""zh-CN"":""法齐尔普尔""}",2019-10-05T23:13:32,2025-12-02T14:39:31,1,Q5434470
85441,Fort Abbas,3176,PB,167,PK,city,,,29.19344000,72.85525000,فورٹ عباس,40626,Asia/Karachi,"{""ar"":""حصن عباس"",""br"":""Kreñvlec'h Abbas"",""de"":""Fort Abbas"",""es"":""Fuerte Abbas"",""fa"":""قلعه عباس"",""fr"":""Fort Abbas"",""hi"":""फोर्ट अब्बास"",""hr"":""Tvrđava Abbas"",""it"":""Forte Abbas"",""ja"":""フォート・アバス"",""ko"":""포트 아바스"",""nl"":""Fort Abbas"",""pl"":""Fort Abbas"",""pt"":""Forte Abbas"",""pt-BR"":""Forte Abbas"",""ru"":""Форт Аббас"",""tr"":""Abbas Kalesi"",""uk"":""Форт Аббас"",""zh-CN"":""阿巴斯堡""}",2019-10-05T23:13:32,2025-12-02T14:39:31,1,Q3246255
85442,Gadani,3174,BA,167,PK,city,,,25.11879000,66.73219000,گڈانی,13427,Asia/Karachi,"{""ar"":""جاداني"",""br"":""Gadani"",""de"":""Gadani"",""es"":""Gadani"",""fa"":""گادانی"",""fr"":""Gadani"",""hi"":""गदानी"",""hr"":""Gadani"",""it"":""Gadani"",""ja"":""ガダニ"",""ko"":""가다니"",""nl"":""Gadani"",""pl"":""Gadani"",""pt"":""Gadani"",""pt-BR"":""Gadani"",""ru"":""Гадани"",""tr"":""Gadani"",""uk"":""Гадані"",""zh-CN"":""加达尼""}",2019-10-05T23:13:32,2025-12-02T14:38:56,1,Q984103
85443,Gambat,3175,SD,167,PK,city,,,27.35170000,68.52150000,گمبٹ,34005,Asia/Karachi,"{""ar"":""جامبات"",""br"":""Gambat"",""de"":""Gambat"",""es"":""Gambat"",""fa"":""گامبات"",""fr"":""Gambat"",""hi"":""गम्बत"",""hr"":""Gambat"",""it"":""Gambat"",""ja"":""ガンバット"",""ko"":""감바트"",""nl"":""Gambat"",""pl"":""Gambat"",""pt"":""Gambat"",""pt-BR"":""Gambat"",""ru"":""Гамбат"",""tr"":""Gambat"",""uk"":""Гамбат"",""zh-CN"":""甘巴特""}",2019-10-05T23:13:32,2025-12-02T14:38:56,1,Q984103
85444,Garh Maharaja,3176,PB,167,PK,city,,,30.83383000,71.90491000,گڑھ مہاراجہ,29153,Asia/Karachi,"{""ar"":""جاره مهراجا"",""br"":""Garh Maharaja"",""de"":""Garh Maharaja"",""es"":""Garh Maharaja"",""fa"":""گار مهاراجه"",""fr"":""Garh Maharaja"",""hi"":""गढ़ महाराजा"",""hr"":""Garh Maharaja"",""it"":""Garh Maharaja"",""ja"":""ガール・マハラジャ"",""ko"":""가르 마하라자"",""nl"":""Garh Maharaja"",""pl"":""Garh Maharadża"",""pt"":""Garh Maharaja"",""pt-BR"":""Garh Maharaja"",""ru"":""Гарх Махараджа"",""tr"":""Garh Maharaja"",""uk"":""Гарх Махараджа"",""zh-CN"":""加尔·玛哈拉贾""}",2019-10-05T23:13:32,2025-12-02T14:39:31,1,Q984103
85445,Garhi Khairo,3174,BA,167,PK,city,,,28.06029000,67.98033000,گڑھی خیرو,13666,Asia/Karachi,"{""ar"":""جارحي خيرو"",""br"":""Garhi Khairo"",""de"":""Garhi Khairo"",""es"":""Garhi Khairo"",""fa"":""گرھی خیرو"",""fr"":""Garhi Khairo"",""hi"":""गढ़ी खैरो"",""hr"":""Garhi Khairo"",""it"":""Garhi Khairo"",""ja"":""ガルヒ・カイロ"",""ko"":""가리 카이로"",""nl"":""Garhi Khairo"",""pl"":""Garhi Khairo"",""pt"":""Garhi Khairo"",""pt-BR"":""Garhi Khairo"",""ru"":""Гархи Кхайро"",""tr"":""Garhi Khairo"",""uk"":""Гархі Хайро"",""zh-CN"":""加尔希·卡伊罗""}",2019-10-05T23:13:32,2025-12-02T14:39:31,1,Q984103
85446,Garhiyasin,3175,SD,167,PK,city,,,27.90631000,68.51210000,گڑھیاسین,14810,Asia/Karachi,"{""ar"":""جارهياسين"",""br"":""Garhiyasin"",""de"":""Garhiyasin"",""es"":""Garhiyasin"",""fa"":""گارهیاسین"",""fr"":""Garhiyasin"",""hi"":""गढ़ियासिन"",""hr"":""Garhiyasin"",""it"":""Garhiyasin"",""ja"":""ガルヒヤシン"",""ko"":""가리야신"",""nl"":""Garhiyasin"",""pl"":""Garhiyasin"",""pt"":""Garhiyasin"",""pt-BR"":""Garhiyasin"",""ru"":""Гархиясин"",""tr"":""Garhiyasin"",""uk"":""Гархіясін"",""zh-CN"":""加尔希亚辛""}",2019-10-05T23:13:32,2025-12-02T14:39:31,1,Q984103
85447,Gharo,3175,SD,167,PK,city,,,24.74182000,67.58534000,گھارو,19524,Asia/Karachi,"{""ar"":""غارو"",""br"":""Gharo"",""de"":""Gharo"",""es"":""Gharo"",""fa"":""غارو"",""fr"":""Gharo"",""hi"":""घारो"",""hr"":""Gharo"",""it"":""Gharo"",""ja"":""ガロ"",""ko"":""가로"",""nl"":""Gharo"",""pl"":""Gharo"",""pt"":""Gharo"",""pt-BR"":""Gharo"",""ru"":""Гаро"",""tr"":""Gharo"",""uk"":""Гаро"",""zh-CN"":""加罗""}",2019-10-05T23:13:32,2025-12-02T14:38:56,1,Q984103
85448,Ghauspur,3175,SD,167,PK,city,,,28.13882000,69.08245000,غوث پور,29767,Asia/Karachi,"{""ar"":""غوسبور"",""br"":""Ghauspur"",""de"":""Ghauspur"",""es"":""Ghauspur"",""fa"":""غوثپور"",""fr"":""Ghauspur"",""hi"":""गौसपुर"",""hr"":""Ghauspur"",""it"":""Ghauspur"",""ja"":""ガウスプール"",""ko"":""가스푸르"",""nl"":""Ghauspur"",""pl"":""Ghauspur"",""pt"":""Ghauspur"",""pt-BR"":""Ghauspur"",""ru"":""Гауспур"",""tr"":""Ghauspur"",""uk"":""Гауспур"",""zh-CN"":""格豪斯普尔""}",2019-10-05T23:13:32,2025-12-02T14:38:56,1,Q984103
85449,Ghotki,3175,SD,167,PK,adm2,,,28.00437000,69.31569000,گھوٹکی ۔,119879,Asia/Karachi,"{""ar"":""غوتكي"",""br"":""Ghotki"",""de"":""Ghotki"",""es"":""Ghotki"",""fa"":""گوتکی"",""fr"":""Ghotki"",""hi"":""घोटकी"",""hr"":""Ghotki"",""it"":""Ghotki"",""ja"":""ゴトキ"",""ko"":""고트키"",""nl"":""Ghotki"",""pl"":""Ghotki"",""pt"":""Ghotki"",""pt-BR"":""Ghotki"",""ru"":""Гхотки"",""tr"":""Ghotki"",""uk"":""Готкі"",""zh-CN"":""格特基""}",2019-10-05T23:13:32,2025-12-02T14:38:56,1,Q2592625
85450,Gilgit,3170,GB,167,PK,adm1,,,35.91869000,74.31245000,گلگت,216760,Asia/Karachi,"{""ar"":""جيلجيت"",""br"":""Gilgit"",""de"":""Gilgit"",""es"":""Gilgit"",""fa"":""گلگت"",""fr"":""Gilgit"",""hi"":""गिलगित"",""hr"":""Gilgit"",""it"":""Gilgit"",""ja"":""ギルギット"",""ko"":""길기트"",""nl"":""Gilgit"",""pl"":""Gilgit"",""pt"":""Gilgit"",""pt-BR"":""Gilgit"",""ru"":""Гилгит"",""tr"":""Gilgit"",""uk"":""Гілгіт"",""zh-CN"":""吉尔吉特""}",2019-10-05T23:13:32,2025-12-02T14:39:31,1,Q609024
85451,Gojra,3176,PB,167,PK,city,,,31.14926000,72.68323000,گوجرہ,157863,Asia/Karachi,"{""ar"":""جوجرا"",""br"":""Gojra"",""de"":""Gojra"",""es"":""Gojra"",""fa"":""گجرا"",""fr"":""Gojra"",""hi"":""गोजरा"",""hr"":""Gojra"",""it"":""Gojra"",""ja"":""ゴジュラ"",""ko"":""고즈라"",""nl"":""Gojra"",""pl"":""Gojra"",""pt"":""Gojra"",""pt-BR"":""Gojra"",""ru"":""Годжра"",""tr"":""Gojra"",""uk"":""Годжра"",""zh-CN"":""戈杰拉""}",2019-10-05T23:13:32,2025-12-02T14:38:56,1,Q609024
85452,Goth Garelo,3175,SD,167,PK,city,,,27.43521000,68.07572000,گوٹھ گیریلو,6853,Asia/Karachi,"{""ar"":""جوث جاريلو"",""br"":""Goth Garelo"",""de"":""Goth Garelo"",""es"":""Garelo gótico"",""fa"":""گات گارلو"",""fr"":""Garelo gothique"",""hi"":""गोथ गारेलो"",""hr"":""Goth Garelo"",""it"":""Goth Garelo"",""ja"":""ゴス・ガレロ"",""ko"":""고스 가렐로"",""nl"":""Gotische Garelo"",""pl"":""Gotycki Garelo"",""pt"":""Garelo gótico"",""pt-BR"":""Garelo gótico"",""ru"":""Гот Гарело"",""tr"":""Gotik Garelo"",""uk"":""Гот Гарело"",""zh-CN"":""哥特·加雷洛""}",2019-10-05T23:13:32,2025-12-02T14:39:31,1,Q609024
85453,Goth Phulji,3175,SD,167,PK,city,,,26.88099000,67.68239000,گوٹھ پھولجی,7877,Asia/Karachi,"{""ar"":""جوث فولجي"",""br"":""Goth Phulji"",""de"":""Goth Phulji"",""es"":""Phulji gótico"",""fa"":""گات فولجی"",""fr"":""Goth Phulji"",""hi"":""गोथ फुलजी"",""hr"":""Goth Phulji"",""it"":""Goth Phulji"",""ja"":""ゴス・プルジ"",""ko"":""고스 풀지"",""nl"":""Gotische Phulji"",""pl"":""Gocki Phulji"",""pt"":""Gótico Phulji"",""pt-BR"":""Gótico Phulji"",""ru"":""Гот Пхулджи"",""tr"":""Got Phulji"",""uk"":""Гот Пхулджі"",""zh-CN"":""哥特·普尔吉""}",2019-10-05T23:13:32,2025-12-02T14:39:31,1,Q609024
85454,Goth Radhan,3175,SD,167,PK,city,,,27.19846000,67.95348000,گوٹھ رادھن,16786,Asia/Karachi,"{""ar"":""جوث رادان"",""br"":""Goth Radhan"",""de"":""Goth Radhan"",""es"":""Radhan gótico"",""fa"":""گات رادان"",""fr"":""Goth Radhan"",""hi"":""गोथ राधान"",""hr"":""Goth Radhan"",""it"":""Goth Radhan"",""ja"":""ゴス・ラダン"",""ko"":""고스 라단"",""nl"":""Goth Radhan"",""pl"":""Goth Radhan"",""pt"":""Radhan gótico"",""pt-BR"":""Radhan gótico"",""ru"":""Гот Радхан"",""tr"":""Got Radhan"",""uk"":""Гот Радхан"",""zh-CN"":""哥特·拉丹""}",2019-10-05T23:13:32,2025-12-02T14:39:31,1,Q609024
85455,Gujar Khan,3176,PB,167,PK,city,,,33.25411000,73.30433000,گوجر خان,69374,Asia/Karachi,"{""ar"":""جوجار خان"",""br"":""Gujar Khan"",""de"":""Gujar Khan"",""es"":""Gujar Khan"",""fa"":""گجر خان"",""fr"":""Gujar Khan"",""hi"":""गुजर खान"",""hr"":""Gujar Khan"",""it"":""Gujar Khan"",""ja"":""グジャル・カーン"",""ko"":""구자르 칸"",""nl"":""Gujar Khan"",""pl"":""Gujar Khan"",""pt"":""Gujar Khan"",""pt-BR"":""Gujar Khan"",""ru"":""Гуджар Хан"",""tr"":""Gujar Han"",""uk"":""Гуджар Хан"",""zh-CN"":""古贾尔汗""}",2019-10-05T23:13:32,2025-12-02T14:38:56,1,Q3049021
85456,Gujranwala,3176,PB,167,PK,adm2,,,32.15567000,74.18705000,گوجرانوالہ,2027001,Asia/Karachi,"{""ar"":""جوجرانوالا"",""br"":""Gujranwala"",""de"":""Gujranwala"",""es"":""Gujranwala"",""fa"":""گوجرانواله"",""fr"":""Gujranwala"",""hi"":""गुजरांवाला"",""hr"":""Gujranwala"",""it"":""Gujranwala"",""ja"":""グジュランワーラ"",""ko"":""구즈란왈라"",""nl"":""Gujranwala"",""pl"":""Gujranwala"",""pt"":""Gujranwala"",""pt-BR"":""Gujranwala"",""ru"":""Гуджранвала"",""tr"":""Gucranvala"",""uk"":""Гуджранвала"",""zh-CN"":""古吉兰瓦拉""}",2019-10-05T23:13:32,2025-12-02T14:38:56,1,Q243322
85457,Gujrat,3176,PB,167,PK,adm2,,,32.57420000,74.07542000,گجرات,574240,Asia/Karachi,"{""ar"":""جوجرات"",""br"":""Gujrat"",""de"":""Gujarat"",""es"":""Gujrat"",""fa"":""گجرات"",""fr"":""Gujarat"",""hi"":""गुजरात"",""hr"":""Gudžarat"",""it"":""Gujrat"",""ja"":""グジャラート"",""ko"":""구자라트"",""nl"":""Gujarat"",""pl"":""Gudźaratu"",""pt"":""Gujarat"",""pt-BR"":""Gujarat"",""ru"":""Гуджрат"",""tr"":""Gucerat"",""uk"":""Гуджарат"",""zh-CN"":""古吉拉特邦""}",2019-10-05T23:13:32,2025-12-02T14:39:31,1,Q243322
85458,Gulishah Kach,3171,KP,167,PK,abandoned,,,32.67087000,70.33917000,گلشاہ کیچ,1261,Asia/Karachi,"{""ar"":""جوليشاه كاش"",""br"":""Gulishah Kach"",""de"":""Gulishah Kach"",""es"":""Gulishah Kach"",""fa"":""گلیشاه کاخ"",""fr"":""Gulishah Kach"",""hi"":""गुलिशा कच"",""hr"":""Gulishah Kach"",""it"":""Gulishah Kach"",""ja"":""グリシャ・カチ"",""ko"":""굴리샤 카치"",""nl"":""Gulishah Kach"",""pl"":""Gulishah Kach"",""pt"":""Gulishah Kach"",""pt-BR"":""Gulishah Kach"",""ru"":""Гулишах Ках"",""tr"":""Gülişah Kach"",""uk"":""Гулішах Кач"",""zh-CN"":""古利沙·卡奇""}",2019-10-05T23:13:32,2025-12-02T14:39:31,1,Q243322
85459,Gwadar,3174,BA,167,PK,adm2,,,25.12163000,62.32541000,گوادر,70852,Asia/Karachi,"{""ar"":""جوادر"",""br"":""Gwadar"",""de"":""Gwadar"",""es"":""Gwadar"",""fa"":""گوادر"",""fr"":""Gwadar"",""hi"":""ग्वादर"",""hr"":""Gwadar"",""it"":""Gwadar"",""ja"":""グワダル"",""ko"":""과다르"",""nl"":""Gwadar"",""pl"":""Gwadar"",""pt"":""Gwadar"",""pt-BR"":""Gwadar"",""ru"":""Гвадар"",""tr"":""Gwadar"",""uk"":""Гвадар"",""zh-CN"":""瓜达尔""}",2019-10-05T23:13:32,2025-12-02T14:38:56,1,Q580533
85460,Hadali,3176,PB,167,PK,city,,,32.64043000,74.56898000,ہڈالی,49663,Asia/Karachi,"{""ar"":""هادالي"",""br"":""Hadali"",""de"":""Hadali"",""es"":""Hadali"",""fa"":""حدالی"",""fr"":""Hadali"",""hi"":""हदाली"",""hr"":""Hadali"",""it"":""Hadali"",""ja"":""ハダリ"",""ko"":""하달리"",""nl"":""Hadali"",""pl"":""Hadali"",""pt"":""Hadali"",""pt-BR"":""Hadali"",""ru"":""Хадали"",""tr"":""Hadali"",""uk"":""Хадалі"",""zh-CN"":""哈达利""}",2019-10-05T23:13:32,2025-12-02T14:39:31,1,Q580533
85461,Hafizabad,3176,PB,167,PK,adm2,,,32.07095000,73.68802000,حافظ آباد,318621,Asia/Karachi,"{""ar"":""حافظ آباد"",""br"":""Hafizabad"",""de"":""Hafizabad"",""es"":""Hafizabad"",""fa"":""حافظ آباد"",""fr"":""Hafizabad"",""hi"":""हाफिजाबाद"",""hr"":""Hafizabad"",""it"":""Hafizabad"",""ja"":""ハフィザバード"",""ko"":""하피자바드"",""nl"":""Hafizabad"",""pl"":""Hafizabad"",""pt"":""Hafizabad"",""pt-BR"":""Hafizabad"",""ru"":""Хафизабад"",""tr"":""Hafizabad"",""uk"":""Хафізабад"",""zh-CN"":""哈菲扎巴德""}",2019-10-05T23:13:32,2025-12-02T14:39:31,1,Q1253663
85462,Hala,3175,SD,167,PK,city,,,25.81459000,68.42198000,ہالا۔,47915,Asia/Karachi,"{""ar"":""هلا"",""br"":""Hala"",""de"":""Hala"",""es"":""Hola"",""fa"":""هالا"",""fr"":""Hala"",""hi"":""हाला"",""hr"":""Hala"",""it"":""Hala"",""ja"":""ハラ"",""ko"":""할라"",""nl"":""Hala"",""pl"":""Hala"",""pt"":""Hala"",""pt-BR"":""Hala"",""ru"":""Хала"",""tr"":""Hala"",""uk"":""Хала"",""zh-CN"":""哈拉""}",2019-10-05T23:13:32,2025-12-02T14:38:56,1,Q3250492
85463,Hangu,3171,KP,167,PK,adm2,,,33.53198000,71.05950000,ہنگو,39766,Asia/Karachi,"{""ar"":""هانغو"",""br"":""Hangu"",""de"":""Hangu"",""es"":""Hangu"",""fa"":""هانگو"",""fr"":""Hangu"",""hi"":""हांगू"",""hr"":""Hangu"",""it"":""Hangu"",""ja"":""ハング"",""ko"":""한구"",""nl"":""Hangu"",""pl"":""Hangu"",""pt"":""Hangu"",""pt-BR"":""Hangu"",""ru"":""Хангу"",""tr"":""Hangu"",""uk"":""Хангу"",""zh-CN"":""汉沽""}",2019-10-05T23:13:32,2025-12-02T14:38:56,1,Q1575544
85464,Haripur,3171,KP,167,PK,adm2,,,33.99783000,72.93493000,ہری پور,49318,Asia/Karachi,"{""ar"":""هاريبور"",""br"":""Haripur"",""de"":""Haripur"",""es"":""Haripur"",""fa"":""هاریپور"",""fr"":""Haripur"",""hi"":""हरिपुर"",""hr"":""Haripur"",""it"":""Haripur"",""ja"":""ハリプル"",""ko"":""하리푸르"",""nl"":""Haripur"",""pl"":""Haripur"",""pt"":""Haripur"",""pt-BR"":""Haripur"",""ru"":""Харипур"",""tr"":""Haripur"",""uk"":""Харіпур"",""zh-CN"":""哈里普尔""}",2019-10-05T23:13:32,2025-12-02T14:38:56,1,Q520821
85465,Harnai,3174,BA,167,PK,city,,,30.10077000,67.93824000,ہرنائی,11066,Asia/Karachi,"{""ar"":""هارناي"",""br"":""Harnai"",""de"":""Harnai"",""es"":""Harnai"",""fa"":""هارنای"",""fr"":""Harnaï"",""hi"":""हरनाई"",""hr"":""Harnai"",""it"":""Harnai"",""ja"":""ハルナイ"",""ko"":""하르나이"",""nl"":""Harnai"",""pl"":""Harnai"",""pt"":""Harnai"",""pt-BR"":""Harnai"",""ru"":""Харнай"",""tr"":""Harnai"",""uk"":""Гарнай"",""zh-CN"":""哈奈""}",2019-10-05T23:13:32,2025-12-02T14:38:56,1,Q2995546
85466,Harnoli,3176,PB,167,PK,city,,,32.27871000,71.55429000,ہرنولی,15669,Asia/Karachi,"{""ar"":""هارنولي"",""br"":""Harnoli"",""de"":""Harnoli"",""es"":""Harnoli"",""fa"":""هارنولی"",""fr"":""Harnoli"",""hi"":""हरनोली"",""hr"":""Harnoli"",""it"":""Harnoli"",""ja"":""ハルノリ"",""ko"":""하르놀리"",""nl"":""Harnoli"",""pl"":""Harnoli"",""pt"":""Harnoli"",""pt-BR"":""Harnoli"",""ru"":""Харноли"",""tr"":""Harnoli"",""uk"":""Харнолі"",""zh-CN"":""哈诺利""}",2019-10-05T23:13:32,2025-12-02T14:39:31,1,Q2995546
85467,Harunabad,3176,PB,167,PK,city,,,29.61206000,73.13802000,ہارون آباد,72432,Asia/Karachi,"{""ar"":""هارون آباد"",""br"":""Harunabad"",""de"":""Harunabad"",""es"":""Harunabad"",""fa"":""هارون‌آباد"",""fr"":""Harunabad"",""hi"":""हारुनाबाद"",""hr"":""Harunabad"",""it"":""Harunabad"",""ja"":""ハルナバード"",""ko"":""하루나바드"",""nl"":""Harunabad"",""pl"":""Harunabad"",""pt"":""Harunabad"",""pt-BR"":""Harunabad"",""ru"":""Харунабад"",""tr"":""Harunabad"",""uk"":""Харунабад"",""zh-CN"":""哈鲁纳巴德""}",2019-10-05T23:13:32,2025-12-02T14:39:31,1,Q2995546
85468,Hasilpur,3176,PB,167,PK,city,,,29.69221000,72.54566000,حاصل پور,99171,Asia/Karachi,"{""ar"":""هاسيلبور"",""br"":""Tapetpur"",""de"":""Hasilpur"",""es"":""Hasilpur"",""fa"":""حاصلپور"",""fr"":""Hasilpur"",""hi"":""हासिलपुर"",""hr"":""Hasilpur"",""it"":""Hasilpur"",""ja"":""ハシルプル"",""ko"":""하실푸르"",""nl"":""Hasilpur"",""pl"":""Hasilpur"",""pt"":""Hasilpur"",""pt-BR"":""Hasilpur"",""ru"":""Хасилпур"",""tr"":""Hasilpur"",""uk"":""Хасілпур"",""zh-CN"":""哈西尔普尔""}",2019-10-05T23:13:32,2025-12-02T14:38:56,1,Q2603403
85469,Haveli Lakha,3176,PB,167,PK,city,,,30.45097000,73.69371000,حویلی لکھا,65289,Asia/Karachi,"{""ar"":""هافيلي لاخا"",""br"":""Haveli Lakha"",""de"":""Haveli Lakha"",""es"":""Haveli Lakha"",""fa"":""هاولی لاخا"",""fr"":""Haveli Lakha"",""hi"":""हवेली लाखा"",""hr"":""Haveli Lakha"",""it"":""Haveli Lakha"",""ja"":""ハヴェリ・ラカ"",""ko"":""하벨리 라카"",""nl"":""Haveli Lakha"",""pl"":""Haveli Lakha"",""pt"":""Haveli Lakha"",""pt-BR"":""Haveli Lakha"",""ru"":""Хавели Лакха"",""tr"":""Haveli Lakha"",""uk"":""Хавелі Лакха"",""zh-CN"":""哈维利拉卡""}",2019-10-05T23:13:32,2025-12-02T14:39:31,1,Q2603403
85470,Havelian,3171,KP,167,PK,city,,,34.05348000,73.15993000,حویلیاں,40481,Asia/Karachi,"{""ar"":""هافيليان"",""br"":""Havelian"",""de"":""Havelian"",""es"":""Haveliano"",""fa"":""هاولیان"",""fr"":""Havélien"",""hi"":""हवेलियाँ"",""hr"":""Havelijan"",""it"":""Havelian"",""ja"":""ハヴェリアン"",""ko"":""하벨리안"",""nl"":""Havelian"",""pl"":""Havelian"",""pt"":""Havelian"",""pt-BR"":""Havelian"",""ru"":""Гавелиан"",""tr"":""Havelian"",""uk"":""Гавеліан"",""zh-CN"":""哈维利安""}",2019-10-05T23:13:32,2025-12-02T14:38:56,1,Q2659092
85471,Hazro,3176,PB,167,PK,city,,,33.90990000,72.49179000,حضرو,26309,Asia/Karachi,"{""ar"":""هازرو"",""br"":""Hazro"",""de"":""Hazro"",""es"":""Hazro"",""fa"":""هازرو"",""fr"":""Hazro"",""hi"":""हज़रो"",""hr"":""Hazro"",""it"":""Hazro"",""ja"":""ハズロ"",""ko"":""하즈로"",""nl"":""Hazro"",""pl"":""Hazro"",""pt"":""Hazro"",""pt-BR"":""Hazro"",""ru"":""Хазро"",""tr"":""Hazro"",""uk"":""Хазро"",""zh-CN"":""哈兹罗""}",2019-10-05T23:13:32,2025-12-02T14:38:56,1,Q3695085
85472,Hingorja,3175,SD,167,PK,city,,,27.21088000,68.41598000,ہنگورجہ,22263,Asia/Karachi,"{""ar"":""هينجورجا"",""br"":""Hingorja"",""de"":""Hingorja"",""es"":""Hingorja"",""fa"":""هینگورجا"",""fr"":""Hingorja"",""hi"":""हिंगोरजा"",""hr"":""Hingorja"",""it"":""Hingorja"",""ja"":""ヒンゴルジャ"",""ko"":""힝고르자"",""nl"":""Hingorja"",""pl"":""Hingorja"",""pt"":""Hingorja"",""pt-BR"":""Hingorja"",""ru"":""Хингорья"",""tr"":""Hingorja"",""uk"":""Хінгор'я"",""zh-CN"":""欣戈贾""}",2019-10-05T23:13:32,2025-12-02T14:39:31,1,Q3695085
85473,Hujra Shah Muqeem,3176,PB,167,PK,city,,,30.74168000,73.82327000,حجرہ شاہ مقیم,61546,Asia/Karachi,"{""ar"":""حجرة شاه مقيم"",""br"":""Hujra Shah Muqeem"",""de"":""Hujra Shah Muqeem"",""es"":""Hujra Shah Muqeem"",""fa"":""حجره شاه مقیم"",""fr"":""Hujra Shah Muqeem"",""hi"":""हुजरा शाह मुकीम"",""hr"":""Hujra Shah Muqeem"",""it"":""Hujra Shah Muqeem"",""ja"":""フジュラ・シャー・ムキーム"",""ko"":""후즈라 샤 무킴"",""nl"":""Hujra Shah Muqeem"",""pl"":""Hujra Shah Muqeem"",""pt"":""Hujra Shah Muqeem"",""pt-BR"":""Hujra Shah Muqeem"",""ru"":""Худжра Шах Муким"",""tr"":""Hujra Şah Muqeem"",""uk"":""Худжра Шах Мукім"",""zh-CN"":""胡吉拉·沙·穆基姆""}",2019-10-05T23:13:32,2025-12-02T14:38:56,1,Q3776565
85474,Hyderabad,3175,SD,167,PK,adm2,,,25.39242000,68.37366000,حیدرآباد,1732693,Asia/Karachi,"{""ar"":""حيدر أباد"",""br"":""Hyderabad"",""de"":""Hyderabad"",""es"":""Hyderabad"",""fa"":""حیدرآباد"",""fr"":""Hyderabad"",""hi"":""हैदराबाद"",""hr"":""Hajderabad"",""it"":""Hyderabad"",""ja"":""ハイデラバード"",""ko"":""하이데라바드"",""nl"":""Hyderabad"",""pl"":""Hajdarabad"",""pt"":""Hyderabad"",""pt-BR"":""Hyderabad"",""ru"":""Хайдарабад"",""tr"":""Haydarabad"",""uk"":""Хайдарабад"",""zh-CN"":""海得拉巴""}",2019-10-05T23:13:32,2025-12-02T14:38:56,1,Q1640079
85475,Islamabad,3169,IS,167,PK,capital,,,33.72148000,73.04329000,اسلام آباد,601600,Asia/Karachi,"{""ar"":""إسلام آباد"",""br"":""Islamabad"",""de"":""Islamabad"",""es"":""Islamabad"",""fa"":""اسلام آباد"",""fr"":""Islamabad"",""hi"":""इस्लामाबाद"",""hr"":""Islamabad"",""it"":""Islamabad"",""ja"":""イスラマバード"",""ko"":""이슬라마바드"",""nl"":""Islamabad"",""pl"":""Islamabad"",""pt"":""Islamabad"",""pt-BR"":""Islamabad"",""ru"":""Исламабад"",""tr"":""İslamabad"",""uk"":""Ісламабад"",""zh-CN"":""伊斯兰堡""}",2019-10-05T23:13:32,2025-12-02T14:39:31,1,Q1362
85476,Islamkot,3175,SD,167,PK,city,,,24.69904000,70.17982000,اسلام کوٹ,12426,Asia/Karachi,"{""ar"":""إسلامكوت"",""br"":""Islamkot"",""de"":""Islamkot"",""es"":""Islamkot"",""fa"":""اسلامکوت"",""fr"":""Islamkot"",""hi"":""इस्लामकोट"",""hr"":""Islamkot"",""it"":""Islamkot"",""ja"":""イスラムコット"",""ko"":""이슬람코트"",""nl"":""Islamkot"",""pl"":""Islamkot"",""pt"":""Islamkot"",""pt-BR"":""Islamkot"",""ru"":""Исламкот"",""tr"":""İslamkot"",""uk"":""Ісламкот"",""zh-CN"":""伊斯兰科特""}",2019-10-05T23:13:32,2025-12-02T14:39:31,1,Q1362
85477,Jacobabad,3175,SD,167,PK,adm2,,,28.28187000,68.43761000,جیکب آباد,200815,Asia/Karachi,"{""ar"":""يعقوب آباد"",""br"":""Jacobabad"",""de"":""Jacobabad"",""es"":""Jacobabad"",""fa"":""یعقوب‌آباد"",""fr"":""Jacobabad"",""hi"":""जैकोबाबाद"",""hr"":""Jakobabad"",""it"":""Jacobabad"",""ja"":""ジャコババード"",""ko"":""자코바바드"",""nl"":""Jacobabad"",""pl"":""Jacobabad"",""pt"":""Jacobabad"",""pt-BR"":""Jacobabad"",""ru"":""Джакобабад"",""tr"":""Yakupabad"",""uk"":""Джакобабад"",""zh-CN"":""雅各布阿巴德""}",2019-10-05T23:13:32,2025-12-02T14:38:56,1,Q1017696
85478,Jahanian Shah,3176,PB,167,PK,city,,,31.80541000,72.27740000,جہانیاں شاہ,29095,Asia/Karachi,"{""ar"":""جهانيان شاه"",""br"":""Jahanian Shah"",""de"":""Jahanian Shah"",""es"":""Jahanian Shah"",""fa"":""جهانیان شاه"",""fr"":""Shah Jahanian"",""hi"":""जहानियन शाह"",""hr"":""Džahanian Šah"",""it"":""Jahanian Shah"",""ja"":""ジャハニアン・シャー"",""ko"":""자하니안 샤"",""nl"":""Jahanian Shah"",""pl"":""Szach Dżahanian"",""pt"":""Xá Jahanian"",""pt-BR"":""Xá Jahanian"",""ru"":""Джаханян Шах"",""tr"":""Cihanyan Şah"",""uk"":""Джаханіан Шах"",""zh-CN"":""贾哈尼安·沙""}",2019-10-05T23:13:32,2025-12-02T14:38:56,1,Q1017696
85479,Jalalpur Jattan,3176,PB,167,PK,city,,,32.64118000,74.20561000,جلال پور جٹاں,90130,Asia/Karachi,"{""ar"":""جلالبور جتان"",""br"":""Jalalpur Jattan"",""de"":""Jalalpur Jattan"",""es"":""Jalalpur Jattan"",""fa"":""جلال‌پور جاتان"",""fr"":""Jalalpur Jattan"",""hi"":""जलालपुर जट्टान"",""hr"":""Jalalpur Jattan"",""it"":""Jalalpur Jattan"",""ja"":""ジャラルプル・ジャッタン"",""ko"":""잘랄푸르 자탄"",""nl"":""Jalalpur Jattan"",""pl"":""Jalalpur Jattan"",""pt"":""Jalalpur Jattan"",""pt-BR"":""Jalalpur Jattan"",""ru"":""Джалалпур Джаттан"",""tr"":""Celalpur Jattan"",""uk"":""Джалалпур Джаттан"",""zh-CN"":""贾拉尔普尔贾坦""}",2019-10-05T23:13:32,2025-12-02T14:38:56,1,Q954036
85480,Jalalpur Pirwala,3176,PB,167,PK,city,,,29.50510000,71.22202000,جلال پور پیر والا,37393,Asia/Karachi,"{""ar"":""جلالبور بيروالا"",""br"":""Jalalpur Pirwala"",""de"":""Jalalpur Pirwala"",""es"":""Jalalpur Pirwala"",""fa"":""جلال‌پور پیروالا"",""fr"":""Jalalpur Pirwala"",""hi"":""जलालपुर पीरवाला"",""hr"":""Jalalpur Pirwala"",""it"":""Jalalpur Pirwala"",""ja"":""ジャラルプル・ピルワラ"",""ko"":""잘랄푸르 피르왈라"",""nl"":""Jalalpur Pirwala"",""pl"":""Jalalpur Pirwala"",""pt"":""Jalalpur Pirwala"",""pt-BR"":""Jalalpur Pirwala"",""ru"":""Джалалпур Пирвала"",""tr"":""Celalpur Pirwala"",""uk"":""Джалалпур Пірвала"",""zh-CN"":""贾拉尔普尔皮尔瓦拉""}",2019-10-05T23:13:32,2025-12-02T14:38:56,1,Q3695832
85481,Jampur,3176,PB,167,PK,city,,,29.64235000,70.59518000,جام پور,63791,Asia/Karachi,"{""ar"":""جامبور"",""br"":""Jampur"",""de"":""Jampur"",""es"":""Jampur"",""fa"":""جمپور"",""fr"":""Jampur"",""hi"":""जामपुर"",""hr"":""Džampur"",""it"":""Jampur"",""ja"":""ジャンプル"",""ko"":""잠푸르"",""nl"":""Jampur"",""pl"":""Dżampur"",""pt"":""Jampur"",""pt-BR"":""Jampur"",""ru"":""Джампур"",""tr"":""Jampur"",""uk"":""Джампур"",""zh-CN"":""贾姆普尔""}",2019-10-05T23:13:32,2025-12-02T14:39:31,1,Q3695832
85482,Jamshoro,3175,SD,167,PK,adm2,,,25.43608000,68.28017000,جامشورو,0,Asia/Karachi,"{""ar"":""جامشورو"",""br"":""Jamshoro"",""de"":""Jamshoro"",""es"":""Jamshoro"",""fa"":""جامشورو"",""fr"":""Jamshoro"",""hi"":""जमशोरो"",""hr"":""Jamshoro"",""it"":""Jamshoro"",""ja"":""ジャムショロ"",""ko"":""잠쇼로"",""nl"":""Jamshoro"",""pl"":""Jamshoro"",""pt"":""Jamshoro"",""pt-BR"":""Jamshoro"",""ru"":""Джамшоро"",""tr"":""Jamşoro"",""uk"":""Джамшоро"",""zh-CN"":""贾姆肖罗""}",2019-10-05T23:13:32,2025-12-02T14:39:31,1,Q112817
85483,Jand,3176,PB,167,PK,city,,,33.43304000,72.01877000,جنڈ,18170,Asia/Karachi,"{""ar"":""جاند"",""br"":""Jand"",""de"":""Jand"",""es"":""Jand"",""fa"":""جند"",""fr"":""Jand"",""hi"":""जंद"",""hr"":""Jand"",""it"":""Jand"",""ja"":""ジャンド"",""ko"":""잔드"",""nl"":""Jand"",""pl"":""Jand"",""pt"":""Jand"",""pt-BR"":""Jand"",""ru"":""Джанд"",""tr"":""Jand"",""uk"":""Джанд"",""zh-CN"":""詹德""}",2019-10-05T23:13:32,2025-12-02T14:39:31,1,Q112817
85484,Jandiala Sher Khan,3176,PB,167,PK,city,,,31.82098000,73.91815000,جنڈیالہ شیر خان,10985,Asia/Karachi,"{""ar"":""جانديالا شير خان"",""br"":""Jandiala Sher Khan"",""de"":""Jandiala Sher Khan"",""es"":""Jandiala Sher Khan"",""fa"":""جندیالا شیر خان"",""fr"":""Jandiala Sher Khan"",""hi"":""जंडियाला शेर खान"",""hr"":""Jandiala Sher Khan"",""it"":""Jandiala Sher Khan"",""ja"":""ジャンディアラ・シェール・カーン"",""ko"":""잔디알라 셰르 칸"",""nl"":""Jandiala Sher Khan"",""pl"":""Jandiala Sher Khan"",""pt"":""Jandiala Sher Khan"",""pt-BR"":""Jandiala Sher Khan"",""ru"":""Джандиала Шер Хан"",""tr"":""Jandiala Sher Khan"",""uk"":""Джандіала Шер Хан"",""zh-CN"":""詹迪亚拉·谢尔·汗""}",2019-10-05T23:13:32,2025-12-02T14:38:56,1,Q6150959
85485,Jaranwala,3176,PB,167,PK,city,,,31.33320000,73.41868000,جڑانوالہ,119785,Asia/Karachi,"{""ar"":""جارانوالا"",""br"":""Jaranwala"",""de"":""Jaranwala"",""es"":""Jaranwala"",""fa"":""جاران‌والا"",""fr"":""Jaranwala"",""hi"":""जरांवाला"",""hr"":""Džaranvala"",""it"":""Jaranwala"",""ja"":""ジャランワラ"",""ko"":""자라왈라"",""nl"":""Jaranwala"",""pl"":""Jaranwala"",""pt"":""Jaranwala"",""pt-BR"":""Jaranwala"",""ru"":""Джаранвала"",""tr"":""Jaranwala"",""uk"":""Джаранвала"",""zh-CN"":""贾兰瓦拉""}",2019-10-05T23:13:32,2025-12-02T14:39:31,1,Q1251242
85486,Jati,3175,SD,167,PK,city,,,24.35492000,68.26732000,جاتی,9152,Asia/Karachi,"{""ar"":""جاتي"",""br"":""Jati"",""de"":""Jati"",""es"":""Jati"",""fa"":""جاتی"",""fr"":""Jati"",""hi"":""जाति"",""hr"":""Jati"",""it"":""Jati"",""ja"":""ジャティ"",""ko"":""자티"",""nl"":""Jati"",""pl"":""Jati"",""pt"":""Jati"",""pt-BR"":""Jati"",""ru"":""Джати"",""tr"":""Jati"",""uk"":""Джаті"",""zh-CN"":""贾蒂""}",2019-10-05T23:13:32,2025-12-02T14:39:31,1,Q1251242
85487,Jatoi Shimali,3176,PB,167,PK,city,,,29.51827000,70.84474000,جتوئی شمالی,47144,Asia/Karachi,"{""ar"":""جاتوي شيمالي"",""br"":""Jatoi Shimali"",""de"":""Jatoi Shimali"",""es"":""Jatoi Shimali"",""fa"":""جاتوی شیمالی"",""fr"":""Jatoi Shimali"",""hi"":""जतोई शिमाली"",""hr"":""Jatoi Shimali"",""it"":""Jatoi Shimali"",""ja"":""ジャトイ・シマリ"",""ko"":""자토이 시말리"",""nl"":""Jatoi Shimali"",""pl"":""Jatoi Shimali"",""pt"":""Jatoi Shimali"",""pt-BR"":""Jatoi Shimali"",""ru"":""Джатой Шимали"",""tr"":""Jatoi Shimali"",""uk"":""Джатой Шімалі"",""zh-CN"":""贾托伊·希马里""}",2019-10-05T23:13:32,2025-12-02T14:39:31,1,Q1251242
85488,Jauharabad,3176,PB,167,PK,city,,,32.29016000,72.28182000,جوہرآباد,51104,Asia/Karachi,"{""ar"":""جوهر آباد"",""br"":""Jauharabad"",""de"":""Jauharabad"",""es"":""Jauharabad"",""fa"":""جوهرآباد"",""fr"":""Jauharabad"",""hi"":""जौहराबाद"",""hr"":""Džauharabad"",""it"":""Jauharabad"",""ja"":""ジャウハラバード"",""ko"":""자우하라바드"",""nl"":""Jauharabad"",""pl"":""Dżauharabad"",""pt"":""Jauharabad"",""pt-BR"":""Jauharabad"",""ru"":""Джаухарабад"",""tr"":""Cevherabad"",""uk"":""Джаухарабад"",""zh-CN"":""焦哈拉巴德""}",2019-10-05T23:13:32,2025-12-02T14:38:56,1,Q3075413
85489,Jhal Magsi,3174,BA,167,PK,district,,,28.36881000,67.54300000,ضلع جھل مگسی,203368,Asia/Karachi,"{""ar"":""منطقة جهال ماجسي"",""br"":""Distrig Jhal Magsi"",""de"":""Distrikt Jhal Magsi"",""es"":""Distrito de Jhal Magsi"",""fa"":""ناحیه جهل مگسی"",""fr"":""District de Jhal Magsi"",""hi"":""झाल मगसी जिला"",""hr"":""Okrug Jhal Magsi"",""it"":""Distretto di Jhal Magsi"",""ja"":""ジャル・マグシ地区"",""ko"":""잘 막시 지구"",""nl"":""Jhal Magsi District"",""pl"":""Dystrykt Jhal Magsi"",""pt"":""Distrito de Jhal Magsi"",""pt-BR"":""Distrito de Jhal Magsi"",""ru"":""Район Джхал Магси"",""tr"":""Jhal Magsi Bölgesi"",""uk"":""Район Джал Магсі"",""zh-CN"":""贾尔马格西区""}",2019-10-05T23:13:32,2025-12-02T17:03:53,1,Q2633556
85490,Jhang,3176,PB,167,PK,adm2,,,31.30568000,72.32594000,جھنگ,0,Asia/Karachi,"{""ar"":""جانغ"",""br"":""Jhang"",""de"":""Jhang"",""es"":""Jhang"",""fa"":""جهنگ"",""fr"":""Jhang"",""hi"":""झांग"",""hr"":""Jhang"",""it"":""Jhang"",""ja"":""チャン"",""ko"":""장"",""nl"":""Jhang"",""pl"":""Jhang"",""pt"":""Jhang"",""pt-BR"":""Jhang"",""ru"":""Джханг"",""tr"":""Jhang"",""uk"":""Джанг"",""zh-CN"":""张""}",2019-10-05T23:13:32,2025-12-02T14:39:31,1,Q1026616
85491,Jhang Sadar,3176,PB,167,PK,city,,,31.26981000,72.31687000,جھنگ صدر,341210,Asia/Karachi,"{""ar"":""جهانج صدر"",""br"":""Jhang Sadar"",""de"":""Jhang Sadar"",""es"":""Jhang Sadar"",""fa"":""جهنگ صدر"",""fr"":""Jhang Sadar"",""hi"":""झांग सदर"",""hr"":""Jhang Sadar"",""it"":""Jhang Sadar"",""ja"":""ジャン・サダール"",""ko"":""장 사다르"",""nl"":""Jhang Sadar"",""pl"":""Jhang Sadar"",""pt"":""Jhang Sadar"",""pt-BR"":""Jhang Sadar"",""ru"":""Джанг Садар"",""tr"":""Jhang Sadar"",""uk"":""Джанг Садар"",""zh-CN"":""蒋萨达尔""}",2019-10-05T23:13:32,2025-12-02T14:38:56,1,Q6190853
85492,Jhawarian,3176,PB,167,PK,city,,,32.36192000,72.62275000,جھاوریاں,27893,Asia/Karachi,"{""ar"":""الجهاواريان"",""br"":""Jhawarian"",""de"":""Jhawarian"",""es"":""Jhawariano"",""fa"":""جاواریان"",""fr"":""Jhawarian"",""hi"":""झावरियन"",""hr"":""Džhavarski"",""it"":""Jhawariano"",""ja"":""ジャワリアン"",""ko"":""자와리안"",""nl"":""Jhawarian"",""pl"":""Jhawarian"",""pt"":""Jhawariano"",""pt-BR"":""Jhawariano"",""ru"":""Джавариан"",""tr"":""Cevahirli"",""uk"":""Джаварська"",""zh-CN"":""贾瓦里安""}",2019-10-05T23:13:32,2025-12-02T14:39:31,1,Q6190853
85493,Jhelum,3176,PB,167,PK,adm2,,,32.93448000,73.73102000,جہلم,190425,Asia/Karachi,"{""ar"":""جهيلوم"",""br"":""Jhelum"",""de"":""Jhelum"",""es"":""Jhelum"",""fa"":""جهلم"",""fr"":""Jhelum"",""hi"":""झेलम"",""hr"":""Dželum"",""it"":""Jhelum"",""ja"":""ジェルム"",""ko"":""젤룸"",""nl"":""Jhelum"",""pl"":""Dźhelam"",""pt"":""Jhelum"",""pt-BR"":""Jhelum"",""ru"":""Джелум"",""tr"":""Jhelum"",""uk"":""Джелум"",""zh-CN"":""杰赫勒姆""}",2019-10-05T23:13:32,2025-12-02T14:38:56,1,Q121551
85494,Jhol,3175,SD,167,PK,city,,,25.95533000,68.88871000,جھول,16067,Asia/Karachi,"{""ar"":""جهول"",""br"":""Jhol"",""de"":""Jhol"",""es"":""Jhol"",""fa"":""ژول"",""fr"":""Jhol"",""hi"":""झोल"",""hr"":""Džhol"",""it"":""Jhol"",""ja"":""ジョール"",""ko"":""졸"",""nl"":""Jhol"",""pl"":""Dżhol"",""pt"":""Jhol"",""pt-BR"":""Jhol"",""ru"":""Джхол"",""tr"":""Jhol"",""uk"":""Джол"",""zh-CN"":""乔尔""}",2019-10-05T23:13:32,2025-12-02T14:38:56,1,Q121551
85495,Jiwani,3174,BA,167,PK,city,,,25.04852000,61.74573000,جیوانی,16322,Asia/Karachi,"{""ar"":""جيواني"",""br"":""Jiwani"",""de"":""Jiwani"",""es"":""Jiwani"",""fa"":""جیوانی"",""fr"":""Jiwani"",""hi"":""जिवानी"",""hr"":""Jiwani"",""it"":""Jiwani"",""ja"":""ジワニ"",""ko"":""지와니"",""nl"":""Jiwani"",""pl"":""Jiwani"",""pt"":""Jiwani"",""pt-BR"":""Jiwani"",""ru"":""Дживани"",""tr"":""Jiwani"",""uk"":""Дживані"",""zh-CN"":""吉瓦尼""}",2019-10-05T23:13:32,2025-12-02T14:39:31,1,Q2621751
85496,Johi,3175,SD,167,PK,city,,,26.69225000,67.61431000,جوہی,16311,Asia/Karachi,"{""ar"":""جوهي"",""br"":""Johi"",""de"":""Johi"",""es"":""johi"",""fa"":""جوهی"",""fr"":""Johi"",""hi"":""जोही"",""hr"":""Johi"",""it"":""Johi"",""ja"":""じょうひ"",""ko"":""조히"",""nl"":""Johi"",""pl"":""Johi"",""pt"":""Johi"",""pt-BR"":""Johi"",""ru"":""Джохи"",""tr"":""Johi"",""uk"":""Джохі"",""zh-CN"":""乔希""}",2019-10-05T23:13:32,2025-12-02T14:38:56,1,Q2621751
85497,Jāfarābād,3174,BA,167,PK,district,,,28.30104000,68.19783000,ضلع جعفرآباد,513972,Asia/Karachi,"{""ar"":""منطقة جعفر آباد"",""br"":""Distrig Jāfarābād"",""de"":""Bezirk Dschāfarābad"",""es"":""Distrito de Jāfarābād"",""fa"":""بخش جعفرآباد"",""fr"":""District de Jāfarābād"",""hi"":""जाफराबाद जिला"",""hr"":""Okrug Džafarabad"",""it"":""Distretto di Jāfarābād"",""ja"":""ジャファラバード地区"",""ko"":""자파라바드 지구"",""nl"":""District Jāfarābād"",""pl"":""Dystrykt Dżafarabad"",""pt"":""Distrito de Jāfarābād"",""pt-BR"":""Distrito de Jāfarābād"",""ru"":""Джафарабадский район"",""tr"":""Jāfarābād Bölgesi"",""uk"":""Район Джафарабад"",""zh-CN"":""贾法拉巴德区""}",2019-10-05T23:13:32,2025-12-02T17:29:56,1,Q595921
85498,Jām Sāhib,3175,SD,167,PK,city,,,26.29583000,68.62917000,جام صاحب,6869,Asia/Karachi,"{""ar"":""جام صاحب"",""br"":""Jām Sāhib"",""de"":""Jām Sāhib"",""es"":""Jam Sahib"",""fa"":""جام صاحب"",""fr"":""Jām Sāhib"",""hi"":""जाम साहिब"",""hr"":""Džam Sahib"",""it"":""Jām Sāhib"",""ja"":""ジャム・サーヒブ"",""ko"":""잠 사히브"",""nl"":""Jām Sāhib"",""pl"":""Dżam Sahib"",""pt"":""Jām Sāhib"",""pt-BR"":""Jām Sāhib"",""ru"":""Джам Сахиб"",""tr"":""Jam Sāhib"",""uk"":""Джам Сахіб"",""zh-CN"":""贾姆·萨希卜""}",2019-10-05T23:13:32,2025-12-02T14:38:56,1,Q595921
85499,Kabirwala,3176,PB,167,PK,city,,,30.40472000,71.86269000,کبیر والا,70123,Asia/Karachi,"{""ar"":""كابيروالا"",""br"":""Kabirwala"",""de"":""Kabirwala"",""es"":""Kabirwala"",""fa"":""کبیروالا"",""fr"":""Kabirwala"",""hi"":""कबीरवाला"",""hr"":""Kabirwala"",""it"":""Kabirwala"",""ja"":""カビルワラ"",""ko"":""카비르왈라"",""nl"":""Kabirwala"",""pl"":""Kabirwala"",""pt"":""Kabirwala"",""pt-BR"":""Kabirwala"",""ru"":""Кабирвала"",""tr"":""Kabirwala"",""uk"":""Кабірвала"",""zh-CN"":""卡比尔瓦拉""}",2019-10-05T23:13:32,2025-12-02T14:38:56,1,Q595921
85500,Kadhan,3175,SD,167,PK,city,,,24.48041000,68.98551000,کدھن,6854,Asia/Karachi,"{""ar"":""كادهان"",""br"":""Kadhan"",""de"":""Kadhan"",""es"":""Kadhan"",""fa"":""کادان"",""fr"":""Kadhan"",""hi"":""कधन"",""hr"":""Kadhan"",""it"":""Kadhan"",""ja"":""カダン"",""ko"":""카단"",""nl"":""Kadhan"",""pl"":""Kadhan"",""pt"":""Kadhan"",""pt-BR"":""Kadhan"",""ru"":""Кадхан"",""tr"":""Kadhan"",""uk"":""Кадхан"",""zh-CN"":""卡丹""}",2019-10-05T23:13:32,2025-12-02T14:38:56,1,Q595921
85501,Kahna Nau,3176,PB,167,PK,city,,,31.36709000,74.36899000,کہنہ ناؤ,45888,Asia/Karachi,"{""ar"":""كاهنا ناو"",""br"":""Kahna Nau"",""de"":""Kahna Nau"",""es"":""Kahna Nau"",""fa"":""کاهنا ناو"",""fr"":""Kahna Nau"",""hi"":""कहना नौ"",""hr"":""Kahna Nau"",""it"":""Kahna Nau"",""ja"":""カナ・ナウ"",""ko"":""카나 나우"",""nl"":""Kahna Nau"",""pl"":""Kahna Nau"",""pt"":""Kahna Nau"",""pt-BR"":""Kahna Nau"",""ru"":""Кахна Нау"",""tr"":""Kahna Nau"",""uk"":""Кахна Нау"",""zh-CN"":""卡纳·瑙""}",2019-10-05T23:13:32,2025-12-02T14:38:56,1,Q10313603
85503,Kahuta,3176,PB,167,PK,city,,,33.59183000,73.38736000,کہوٹہ,25143,Asia/Karachi,"{""ar"":""كاهوتا"",""br"":""Kahuta"",""de"":""Kahuta"",""es"":""Kahuta"",""fa"":""کاهوتا"",""fr"":""Kahuta"",""hi"":""कटा"",""hr"":""Kahuta"",""it"":""Kahuta"",""ja"":""カフタ"",""ko"":""카후타"",""nl"":""Kahuta"",""pl"":""Kahuta"",""pt"":""Kahuta"",""pt-BR"":""Kahuta"",""ru"":""Кахута"",""tr"":""Kahuta"",""uk"":""Кахута"",""zh-CN"":""卡胡塔""}",2019-10-05T23:13:32,2025-12-02T14:38:56,1,Q988103
85504,Kakad Wari Dir Upper,3171,KP,167,PK,city,,,34.99798000,72.07295000,کاکڑ واری دیر اپر,3000,Asia/Karachi,"{""ar"":""Kakad Wari Dir Upper"",""br"":""Kakad Wari Dir Upper"",""de"":""Kakad Wari Dir Upper"",""es"":""Kakad Wari Dir Superior"",""fa"":""کاکاد واری دیر بالایی"",""fr"":""Kakad Wari Dir Upper"",""hi"":""Kakad Wari Dir Upper"",""hr"":""Gornji dio Kakad Wari Dira"",""it"":""Kakad Wari Dir Upper"",""ja"":""カカド・ワリ・ディル・アッパー"",""ko"":""카카드 와리 디르 어퍼"",""nl"":""Kakad Wari Dir Upper"",""pl"":""Kakad Wari Dir Upper"",""pt"":""Kakad Wari Dir Superior"",""pt-BR"":""Kakad Wari Dir Superior"",""ru"":""Kakad Wari Dir Upper"",""tr"":""Kakad Wari Dir Upper"",""uk"":""Верхній Какад Варі Дір"",""zh-CN"":""卡卡德·瓦里·迪尔·上""}",2019-10-05T23:13:32,2025-12-02T14:39:31,1,Q988103
85505,Kalabagh,3176,PB,167,PK,city,,,32.96164000,71.54638000,کالاباغ,15976,Asia/Karachi,"{""ar"":""كالاباغ"",""br"":""Kalabagh"",""de"":""Kalabagh"",""es"":""Kalabagh"",""fa"":""کالاباغ"",""fr"":""Kalabagh"",""hi"":""कालाबाग"",""hr"":""Kalabagh"",""it"":""Kalabagh"",""ja"":""カラバグ"",""ko"":""칼라바그"",""nl"":""Kalabagh"",""pl"":""Kalabagh"",""pt"":""Kalabagh"",""pt-BR"":""Kalabagh"",""ru"":""Калабаг"",""tr"":""Kalabagh"",""uk"":""Калабаг"",""zh-CN"":""卡拉巴格""}",2019-10-05T23:13:32,2025-12-02T14:38:56,1,Q1542553
85506,Kalaswala,3176,PB,167,PK,city,,,32.20081000,74.64858000,کالس والا,12576,Asia/Karachi,"{""ar"":""كالاسوالا"",""br"":""Kalaswala"",""de"":""Kalaswala"",""es"":""Kalaswala"",""fa"":""کالاسوالا"",""fr"":""Kalaswala"",""hi"":""कलसवाला"",""hr"":""Kalaswala"",""it"":""Kalaswala"",""ja"":""カラスワラ"",""ko"":""칼라스왈라"",""nl"":""Kalaswala"",""pl"":""Kalaswala"",""pt"":""Kalaswala"",""pt-BR"":""Kalaswala"",""ru"":""Каласвала"",""tr"":""Kalaswala"",""uk"":""Каласвала"",""zh-CN"":""卡拉斯瓦拉""}",2019-10-05T23:13:32,2025-12-02T14:39:31,1,Q1542553
85507,Kalat,3174,BA,167,PK,adm2,,,29.02663000,66.59361000,قلات,26701,Asia/Karachi,"{""ar"":""كالات"",""br"":""Kalat"",""de"":""Kalat"",""es"":""Kalat"",""fa"":""کلات"",""fr"":""Kalat"",""hi"":""कलात"",""hr"":""Kalat"",""it"":""Kalat"",""ja"":""カラット"",""ko"":""칼라트"",""nl"":""Kalat"",""pl"":""Kalat"",""pt"":""Kalat"",""pt-BR"":""Kalat"",""ru"":""Калат"",""tr"":""Kalat"",""uk"":""Калат"",""zh-CN"":""卡拉特""}",2019-10-05T23:13:32,2025-12-02T14:39:31,1,Q1542553
85508,Kaleke Mandi,3176,PB,167,PK,city,,,31.97597000,73.59999000,کالے منڈی,16361,Asia/Karachi,"{""ar"":""كاليكي ماندي"",""br"":""Kaleke Mandi"",""de"":""Kaleke Mandi"",""es"":""Kaleke Mandi"",""fa"":""کالکه مندی"",""fr"":""Kaleke Mandi"",""hi"":""कालेके मंडी"",""hr"":""Kaleke Mandi"",""it"":""Kaleke Mandi"",""ja"":""カレケ・マンディ"",""ko"":""칼레케 만디"",""nl"":""Kaleke Mandi"",""pl"":""Kaleke Mandi"",""pt"":""Kaleke Mandi"",""pt-BR"":""Kaleke Mandi"",""ru"":""Калеке Манди"",""tr"":""Kaleke Mandi"",""uk"":""Калеке Манді"",""zh-CN"":""卡莱克曼迪""}",2019-10-05T23:13:32,2025-12-02T14:38:56,1,Q1542553
85509,Kallar Kahar,3176,PB,167,PK,city,,,32.77998000,72.69793000,کلر کہار,15800,Asia/Karachi,"{""ar"":""كالار كاهار"",""br"":""Kallar Kahar"",""de"":""Kallar Kahar"",""es"":""Kallar Kahar"",""fa"":""کالار کهار"",""fr"":""Kallar Kahar"",""hi"":""कल्लर कहार"",""hr"":""Kallar Kahar"",""it"":""Kallar Kahar"",""ja"":""カラール・カハル"",""ko"":""칼라르 카하르"",""nl"":""Kallar Kahar"",""pl"":""Kallar Kahar"",""pt"":""Kallar Kahar"",""pt-BR"":""Kallar Kahar"",""ru"":""Каллар Кахар"",""tr"":""Kallar Kahar"",""uk"":""Каллар Кахар"",""zh-CN"":""卡拉尔·卡哈尔""}",2019-10-05T23:13:32,2025-12-02T14:38:56,1,Q797139
85510,Kalur Kot,3176,PB,167,PK,city,,,32.15512000,71.26631000,کلور کوٹ,25574,Asia/Karachi,"{""ar"":""كالور كوت"",""br"":""Kalur Kot"",""de"":""Kalur Kot"",""es"":""Kalur Kot"",""fa"":""کالور کوت"",""fr"":""Kalur Kot"",""hi"":""कलूर कोट"",""hr"":""Kalur Kot"",""it"":""Kalur Kot"",""ja"":""カルール・コット"",""ko"":""칼루르 코트"",""nl"":""Kalur Kot"",""pl"":""Kalur Kot"",""pt"":""Kalur Kot"",""pt-BR"":""Kalur Kot"",""ru"":""Калур Кот"",""tr"":""Kalur Kot"",""uk"":""Калур Кот"",""zh-CN"":""卡鲁尔科特""}",2019-10-05T23:13:32,2025-12-02T14:39:31,1,Q797139
85511,Kalāt District,3174,BA,167,PK,district,,,28.88242000,66.53165000,ضلع قلات,271560,Asia/Karachi,"{""ar"":""منطقة قلات"",""br"":""Distrig Kalāt"",""de"":""Kalāt District"",""es"":""Distrito de Kalāt"",""fa"":""شهرستان کلات"",""fr"":""District de Kalāt"",""hi"":""कलात जिला"",""hr"":""Okrug Kalat"",""it"":""Distretto di Kalāt"",""ja"":""カラート地区"",""ko"":""칼라트 지구"",""nl"":""Kalāt District"",""pl"":""Dystrykt Kalāt"",""pt"":""Distrito de Kalāt"",""pt-BR"":""Distrito de Kalāt"",""ru"":""Калатский район"",""tr"":""Kalāt Bölgesi"",""uk"":""Калатський район"",""zh-CN"":""卡拉特区""}",2019-10-05T23:13:32,2025-12-02T17:30:38,1,Q611142
85512,Kamalia,3176,PB,167,PK,city,,,30.72708000,72.64607000,کمالیہ,121401,Asia/Karachi,"{""ar"":""كاماليا"",""br"":""Kamalia"",""de"":""Kamalia"",""es"":""Kamalia"",""fa"":""کمالیه"",""fr"":""Kamalia"",""hi"":""कमालिया"",""hr"":""Kamalija"",""it"":""Kamalia"",""ja"":""カマリア"",""ko"":""카말리아"",""nl"":""Kamalia"",""pl"":""Kamalia"",""pt"":""Kamalia"",""pt-BR"":""Kamalia"",""ru"":""Камалия"",""tr"":""Kamalia"",""uk"":""Камалія"",""zh-CN"":""卡玛利亚""}",2019-10-05T23:13:32,2025-12-02T14:38:56,1,Q2573596
85513,Kamar Mushani,3176,PB,167,PK,city,,,32.84318000,71.36192000,کمار مشانی,15867,Asia/Karachi,"{""ar"":""كامار موشاني"",""br"":""Kamar Mushani"",""de"":""Kamar Mushani"",""es"":""Kamar Mushani"",""fa"":""کمار موشانی"",""fr"":""Kamar Mushani"",""hi"":""कमर मुशानी"",""hr"":""Kamar Mushani"",""it"":""Kamar Mushani"",""ja"":""カマル・ムシャニ"",""ko"":""카마르 무샤니"",""nl"":""Kamar Mushani"",""pl"":""Kamar Mushani"",""pt"":""Kamar Mushani"",""pt-BR"":""Kamar Mushani"",""ru"":""Камар Мушани"",""tr"":""Kamar Mushani"",""uk"":""Камар Мушані"",""zh-CN"":""卡马尔·穆沙尼""}",2019-10-05T23:13:32,2025-12-02T14:38:56,1,Q15233153
85514,Kambar,3175,SD,167,PK,city,,,27.58753000,68.00066000,قمبر,77481,Asia/Karachi,"{""ar"":""كامبار"",""br"":""Kambar"",""de"":""Kambar"",""es"":""Kambar"",""fa"":""کامبار"",""fr"":""Kambar"",""hi"":""कंबार"",""hr"":""Kambar"",""it"":""Kambar"",""ja"":""カンバー"",""ko"":""캄바르"",""nl"":""Kambar"",""pl"":""Kambar"",""pt"":""Kambar"",""pt-BR"":""Kambar"",""ru"":""Камбар"",""tr"":""Kambar"",""uk"":""Камбар"",""zh-CN"":""坎巴尔""}",2019-10-05T23:13:32,2025-12-02T14:39:31,1,Q15233153
85515,Kamoke,3176,PB,167,PK,city,,,31.97526000,74.22304000,کاموکے,230979,Asia/Karachi,"{""ar"":""كاموكي"",""br"":""Kamoke"",""de"":""Kamoke"",""es"":""Kamoke"",""fa"":""کاموکه"",""fr"":""Kamoké"",""hi"":""कमॉके"",""hr"":""Kamoke"",""it"":""Kamoke"",""ja"":""カモケ"",""ko"":""카모케"",""nl"":""Kamoke"",""pl"":""Kamoke"",""pt"":""Kamoke"",""pt-BR"":""Kamoke"",""ru"":""Камоке"",""tr"":""Kamoke"",""uk"":""Камоке"",""zh-CN"":""卡莫克""}",2019-10-05T23:13:32,2025-12-02T14:38:56,1,Q1260929
85516,Kamra,3176,PB,167,PK,city,,,33.74698000,73.51229000,کامرہ,43779,Asia/Karachi,"{""ar"":""كامرا"",""br"":""Kamra"",""de"":""Kamra"",""es"":""Kamra"",""fa"":""کامرا"",""fr"":""Kamra"",""hi"":""कामरा"",""hr"":""Kamra"",""it"":""Kamra"",""ja"":""カムラ"",""ko"":""카마라"",""nl"":""Kamra"",""pl"":""Kamra"",""pt"":""Kamra"",""pt-BR"":""Kamra"",""ru"":""Камра"",""tr"":""Kamra"",""uk"":""Камра"",""zh-CN"":""卡姆拉""}",2019-10-05T23:13:32,2025-12-02T14:39:31,1,Q1260929
85517,Kandhkot,3175,SD,167,PK,city,,,28.24574000,69.17974000,کندھ کوٹ,105011,Asia/Karachi,"{""ar"":""كاندكوت"",""br"":""Kandhkot"",""de"":""Kandhkot"",""es"":""Kandhkot"",""fa"":""کندکوت"",""fr"":""Kandhkot"",""hi"":""कंधकोट"",""hr"":""Kandhkot"",""it"":""Kandhkot"",""ja"":""カンドコット"",""ko"":""칸드코트"",""nl"":""Kandhkot"",""pl"":""Kandhkot"",""pt"":""Kandhkot"",""pt-BR"":""Kandhkot"",""ru"":""Кандхкот"",""tr"":""Kandhkot"",""uk"":""Кандкот"",""zh-CN"":""坎德科特""}",2019-10-05T23:13:32,2025-12-02T14:38:56,1,Q3695624
85518,Kandiari,3175,SD,167,PK,city,,,26.91550000,68.52193000,کنڈیاری,6861,Asia/Karachi,"{""ar"":""كاندياري"",""br"":""Kandiari"",""de"":""Kandiari"",""es"":""Kandiari"",""fa"":""کندیاری"",""fr"":""Kandiari"",""hi"":""कंडियारी"",""hr"":""Kandiari"",""it"":""Kandiari"",""ja"":""カンディアリ"",""ko"":""칸디아리"",""nl"":""Kandiari"",""pl"":""Kandiari"",""pt"":""Kandiari"",""pt-BR"":""Kandiari"",""ru"":""Кандиари"",""tr"":""Kandiari"",""uk"":""Кандіарі"",""zh-CN"":""坎迪亚里""}",2019-10-05T23:13:33,2025-12-02T14:39:31,1,Q3695624
85519,Kandiaro,3175,SD,167,PK,city,,,27.05918000,68.21022000,کنڈیارو,26807,Asia/Karachi,"{""ar"":""كانديارو"",""br"":""Kandiaro"",""de"":""Kandiaro"",""es"":""Kandiaro"",""fa"":""کاندیارو"",""fr"":""Kandiaro"",""hi"":""कांडियारो"",""hr"":""Kandiaro"",""it"":""Kandiaro"",""ja"":""カンディアロ"",""ko"":""칸디아로"",""nl"":""Kandiaro"",""pl"":""Kandiaro"",""pt"":""Kandiaro"",""pt-BR"":""Kandiaro"",""ru"":""Кандиаро"",""tr"":""Kandiaro"",""uk"":""Кандіаро"",""zh-CN"":""坎迪亚罗""}",2019-10-05T23:13:33,2025-12-02T14:38:56,1,Q3695624
85520,Kanganpur,3176,PB,167,PK,city,,,30.76468000,74.12286000,کنگن پور,21788,Asia/Karachi,"{""ar"":""كانجانبور"",""br"":""Kanganpur"",""de"":""Kanganpur"",""es"":""Kanganpur"",""fa"":""کنگانپور"",""fr"":""Kanganpur"",""hi"":""कंगनपुर"",""hr"":""Kanganpur"",""it"":""Kanganpur"",""ja"":""カンガンプル"",""ko"":""칸간푸르"",""nl"":""Kanganpur"",""pl"":""Kanganpur"",""pt"":""Kanganpur"",""pt-BR"":""Kanganpur"",""ru"":""Канганпур"",""tr"":""Kanganpur"",""uk"":""Канганпур"",""zh-CN"":""坎甘普尔""}",2019-10-05T23:13:33,2025-12-02T14:38:56,1,Q6362466
85521,Karachi,3175,SD,167,PK,adm1,,,24.86080000,67.01040000,کراچی,11624219,Asia/Karachi,"{""ar"":""كراتشي"",""br"":""Karachi"",""de"":""Karatschi"",""es"":""Karachi"",""fa"":""کراچی"",""fr"":""Karachi"",""hi"":""कराची"",""hr"":""Karači"",""it"":""Karachi"",""ja"":""カラチ"",""ko"":""카라치"",""nl"":""Karachi"",""pl"":""Karaczi"",""pt"":""Carachi"",""pt-BR"":""Carachi"",""ru"":""Карачи"",""tr"":""Karaçi"",""uk"":""Карачі"",""zh-CN"":""卡拉奇""}",2019-10-05T23:13:33,2025-12-02T14:39:31,1,Q8660
85522,Karak,3171,KP,167,PK,adm2,,,33.11633000,71.09354000,کرک,13679,Asia/Karachi,"{""ar"":""الكرك"",""br"":""Karak"",""de"":""Karak"",""es"":""Karak"",""fa"":""کرک"",""fr"":""Karak"",""hi"":""करक"",""hr"":""Karak"",""it"":""Karak"",""ja"":""カラク"",""ko"":""카락"",""nl"":""Karak"",""pl"":""Karak"",""pt"":""Karak"",""pt-BR"":""Karak"",""ru"":""Карак"",""tr"":""Karak"",""uk"":""Карак"",""zh-CN"":""卡拉克""}",2019-10-05T23:13:33,2025-12-02T14:39:31,1,Q2579936
85523,Karaundi,3175,SD,167,PK,city,,,26.89709000,68.40643000,کراوندی,8604,Asia/Karachi,"{""ar"":""كاروندي"",""br"":""Karaundi"",""de"":""Karaundi"",""es"":""Karaundi"",""fa"":""کاراوندی"",""fr"":""Karaundi"",""hi"":""करौंदी"",""hr"":""Karaundi"",""it"":""Karaundi"",""ja"":""カランディ"",""ko"":""카룬디"",""nl"":""Karaundi"",""pl"":""Karaundi"",""pt"":""Karaundi"",""pt-BR"":""Karaundi"",""ru"":""Караунди"",""tr"":""Karaundi"",""uk"":""Караунді"",""zh-CN"":""卡劳迪""}",2019-10-05T23:13:33,2025-12-02T14:39:31,1,Q2579936
85524,Kario Ghanwar,3175,SD,167,PK,city,,,24.80817000,68.60483000,کریو گھنوار,5685,Asia/Karachi,"{""ar"":""كاريو غنوار"",""br"":""Kario Ghanwar"",""de"":""Kario Ghanwar"",""es"":""Kario Ghanwar"",""fa"":""کاریو غنوار"",""fr"":""Kario Ghanwar"",""hi"":""करियो घनवार"",""hr"":""Kario Ghanwar"",""it"":""Kario Ghanwar"",""ja"":""カリオ・ガンワール"",""ko"":""카리오 간와르"",""nl"":""Kario Ghanwar"",""pl"":""Kario Ghanwar"",""pt"":""Kario Ghanwar"",""pt-BR"":""Kario Ghanwar"",""ru"":""Карио Ганвар"",""tr"":""Kario Ghanwar"",""uk"":""Каріо Ганвар"",""zh-CN"":""卡里奥·甘瓦尔""}",2019-10-05T23:13:33,2025-12-02T14:39:31,1,Q2579936
85525,Karor,3176,PB,167,PK,city,,,31.22460000,70.95153000,کرور,25634,Asia/Karachi,"{""ar"":""كارور"",""br"":""Karor"",""de"":""Karor"",""es"":""Karor"",""fa"":""کارور"",""fr"":""Karor"",""hi"":""करोर"",""hr"":""Karor"",""it"":""Karor"",""ja"":""カロル"",""ko"":""카로르"",""nl"":""Karor"",""pl"":""Karor"",""pt"":""Karor"",""pt-BR"":""Karor"",""ru"":""Карор"",""tr"":""Karor"",""uk"":""Карор"",""zh-CN"":""卡罗尔""}",2019-10-05T23:13:33,2025-12-02T14:39:31,1,Q2579936
85526,Kashmor,3175,SD,167,PK,city,,,28.43260000,69.58364000,کشمور,33732,Asia/Karachi,"{""ar"":""كشمور"",""br"":""Kachmor"",""de"":""Kaschmor"",""es"":""Cachemira"",""fa"":""کاشمر"",""fr"":""Cachemire"",""hi"":""कश्मीर"",""hr"":""Kašmor"",""it"":""Kashmor"",""ja"":""カシモール"",""ko"":""카슈모르"",""nl"":""Kasjmor"",""pl"":""Kaszmor"",""pt"":""Caxemira"",""pt-BR"":""Caxemira"",""ru"":""Кашмор"",""tr"":""Keşmor"",""uk"":""Кашмор"",""zh-CN"":""克什莫尔""}",2019-10-05T23:13:33,2025-12-02T14:39:31,1,Q2625917
85527,Kasur,3176,PB,167,PK,adm2,,,31.11866000,74.45025000,قصور,510875,Asia/Karachi,"{""ar"":""كاسور"",""br"":""Kasur"",""de"":""Kasur"",""es"":""Kasur"",""fa"":""قصور"",""fr"":""Kasur"",""hi"":""कसूर"",""hr"":""Kasur"",""it"":""Kasur"",""ja"":""カスール"",""ko"":""카수르"",""nl"":""Kasur"",""pl"":""Kasur"",""pt"":""Kasur"",""pt-BR"":""Kasur"",""ru"":""Касур"",""tr"":""Kasur"",""uk"":""Касур"",""zh-CN"":""卡苏尔""}",2019-10-05T23:13:33,2025-12-02T14:39:31,1,Q2625917
85528,Keshupur,3176,PB,167,PK,city,,,32.26000000,72.50000000,کیشوپور,1500,Asia/Karachi,"{""ar"":""كيشوبور"",""br"":""Keshupur"",""de"":""Keshupur"",""es"":""Keshupur"",""fa"":""کشوپور"",""fr"":""Keshupur"",""hi"":""केशुपुर"",""hr"":""Kešupur"",""it"":""Keshupur"",""ja"":""ケシュプール"",""ko"":""케슈푸르"",""nl"":""Keshupur"",""pl"":""Keshupur"",""pt"":""Keshupur"",""pt-BR"":""Keshupur"",""ru"":""Кешупур"",""tr"":""Keşupur"",""uk"":""Кешупур"",""zh-CN"":""凯舒普尔""}",2019-10-05T23:13:33,2025-12-02T14:39:31,1,Q2625917
85529,Keti Bandar,3175,SD,167,PK,city,,,24.14422000,67.45094000,کیٹی بندر,2934,Asia/Karachi,"{""ar"":""كيتي بندر"",""br"":""Keti Bandar"",""de"":""Keti Bandar"",""es"":""Keti Bandar"",""fa"":""کتی بندر"",""fr"":""Keti Bandar"",""hi"":""केटी बंदर"",""hr"":""Keti Bandar"",""it"":""Keti Bandar"",""ja"":""ケティ・バンダル"",""ko"":""케티 반다르"",""nl"":""Keti Bandar"",""pl"":""Keti Bandar"",""pt"":""Keti Bandar"",""pt-BR"":""Keti Bandar"",""ru"":""Кети Бандар"",""tr"":""Keti Bandar"",""uk"":""Кеті Бандар"",""zh-CN"":""凯蒂·班达尔""}",2019-10-05T23:13:33,2025-12-02T14:38:56,1,Q2625917
85530,Khadan Khak,3174,BA,167,PK,city,,,30.75236000,67.71133000,خدان خاک,6622,Asia/Karachi,"{""ar"":""خادان خاك"",""br"":""Khadan Khak"",""de"":""Khadan Khak"",""es"":""Khadan Khak"",""fa"":""خدان خاک"",""fr"":""Khadan Khak"",""hi"":""खदान खाक"",""hr"":""Khadan Khak"",""it"":""Khadan Khak"",""ja"":""カダン・カク"",""ko"":""카단 카크"",""nl"":""Khadan Khak"",""pl"":""Khadan Khak"",""pt"":""Khadan Khak"",""pt-BR"":""Khadan Khak"",""ru"":""Хадан Хак"",""tr"":""Khadan Khak"",""uk"":""Хадан Хак"",""zh-CN"":""卡丹·卡克""}",2019-10-05T23:13:33,2025-12-02T14:39:31,1,Q2625917
85531,Khadro,3175,SD,167,PK,city,,,26.14713000,68.71777000,کھدرو,9997,Asia/Karachi,"{""ar"":""خضرو"",""br"":""Khadro"",""de"":""Khadro"",""es"":""Khadro"",""fa"":""خادرو"",""fr"":""Khadro"",""hi"":""खाद्रो"",""hr"":""Khadro"",""it"":""Khadro"",""ja"":""カドロ"",""ko"":""카드로"",""nl"":""Khadro"",""pl"":""Khadro"",""pt"":""Khadro"",""pt-BR"":""Khadro"",""ru"":""Кхадро"",""tr"":""Khadro"",""uk"":""Хадро"",""zh-CN"":""空行母""}",2019-10-05T23:13:33,2025-12-02T14:38:56,1,Q2625917
85532,Khairpur,3175,SD,167,PK,city,,,28.06437000,69.70363000,خیرپور,40083,Asia/Karachi,"{""ar"":""خيربور"",""br"":""Khairpur"",""de"":""Khairpur"",""es"":""Khairpur"",""fa"":""خیرپور"",""fr"":""Khairpur"",""hi"":""खैरपुर"",""hr"":""Khairpur"",""it"":""Khairpur"",""ja"":""カイルプル"",""ko"":""카이르푸르"",""nl"":""Khairpur"",""pl"":""Khairpur"",""pt"":""Khairpur"",""pt-BR"":""Khairpur"",""ru"":""Хайрпур"",""tr"":""Haypur"",""uk"":""Хайрпур"",""zh-CN"":""凯尔普尔""}",2019-10-05T23:13:33,2025-12-02T14:39:31,1,Q2625917
85533,Khairpur Mir’s,3175,SD,167,PK,adm2,,,27.52948000,68.75915000,خیرپور میر,191044,Asia/Karachi,"{""ar"":""خيربور مير"",""br"":""Khairpur Mir's"",""de"":""Khairpur Mirs"",""es"":""Khairpur Mir’s"",""fa"":""خیرپور میر"",""fr"":""Khairpur Mir’s"",""hi"":""खैरपुर मीर का"",""hr"":""Khairpur Mir's"",""it"":""Khairpur Mir's"",""ja"":""カイルプル・ミールの"",""ko"":""카이르푸르 미르의"",""nl"":""Khairpur Mir's"",""pl"":""Khairpur Mir’s"",""pt"":""Khairpur Mir's"",""pt-BR"":""Khairpur Mir's"",""ru"":""Хайрпур Мирс"",""tr"":""Khairpur Mir'in"",""uk"":""Хайрпур Мір"",""zh-CN"":""凯尔普尔米尔""}",2019-10-05T23:13:33,2025-12-02T14:39:31,1,Q1179634
85534,Khairpur Nathan Shah,3175,SD,167,PK,city,,,27.09064000,67.73489000,خیرپور ناتھن شاہ,30286,Asia/Karachi,"{""ar"":""خيربور ناثان شاه"",""br"":""Khairpur Nathan Shah"",""de"":""Khairpur Nathan Shah"",""es"":""Khairpur Nathan Shah"",""fa"":""خیرپور ناتان شاه"",""fr"":""Khairpur Nathan Shah"",""hi"":""खैरपुर नाथन शाह"",""hr"":""Khairpur Nathan Shah"",""it"":""Khairpur Nathan Shah"",""ja"":""カイルプル・ナタン・シャー"",""ko"":""카이르푸르 나단 샤"",""nl"":""Khairpur Nathan Shah"",""pl"":""Khairpur Nathan Shah"",""pt"":""Khairpur Nathan Shah"",""pt-BR"":""Khairpur Nathan Shah"",""ru"":""Хайрпур Натан Шах"",""tr"":""Khairpur Nathan Şah"",""uk"":""Хайрпур Натан Шах"",""zh-CN"":""凯尔普尔·纳坦·沙阿""}",2019-10-05T23:13:33,2025-12-02T14:38:56,1,Q1179634
85535,Khairpur Tamiwali,3176,PB,167,PK,city,,,29.58139000,72.23804000,خیرپور ٹامیوالی,30967,Asia/Karachi,"{""ar"":""خيربور تاميوالي"",""br"":""Khairpur Tamiwali"",""de"":""Khairpur Tamiwali"",""es"":""Khairpur Tamiwali"",""fa"":""خیرپور تامیوالی"",""fr"":""Khairpur Tamiwali"",""hi"":""खैरपुर तमीवाली"",""hr"":""Khairpur Tamiwali"",""it"":""Khairpur Tamiwali"",""ja"":""カイルプル・タミワリ"",""ko"":""카이르푸르 타미왈리"",""nl"":""Khairpur Tamiwali"",""pl"":""Khairpur Tamiwali"",""pt"":""Khairpur Tamiwali"",""pt-BR"":""Khairpur Tamiwali"",""ru"":""Хайрпур Тамивали"",""tr"":""Khairpur Tamiwali"",""uk"":""Хайрпур Тамівалі"",""zh-CN"":""凯尔普尔·塔米瓦利""}",2019-10-05T23:13:33,2025-12-02T14:38:56,1,Q1179634
85536,Khalabat,3171,KP,167,PK,destroyed,,,34.05997000,72.88963000,خلابت,39148,Asia/Karachi,"{""ar"":""خلابات"",""br"":""Khalabat"",""de"":""Khalabat"",""es"":""Khalabat"",""fa"":""خلابات"",""fr"":""Khalabat"",""hi"":""खलबत"",""hr"":""Kalabat"",""it"":""Khalabat"",""ja"":""カラバト"",""ko"":""칼라바트"",""nl"":""Khalabat"",""pl"":""Khalabat"",""pt"":""Khalabat"",""pt-BR"":""Khalabat"",""ru"":""Халабат"",""tr"":""Halabat"",""uk"":""Халабат"",""zh-CN"":""哈拉巴特""}",2019-10-05T23:13:33,2025-12-02T14:38:56,1,Q1179634
85537,Khandowa,3176,PB,167,PK,city,,,32.74255000,72.73478000,کھنڈوا ۔,1200,Asia/Karachi,"{""ar"":""خاندوا"",""br"":""Khandowa"",""de"":""Khandowa"",""es"":""Khandowa"",""fa"":""خاندووا"",""fr"":""Khandowa"",""hi"":""खंडोवा"",""hr"":""Khandowa"",""it"":""Khandowa"",""ja"":""カンドワ"",""ko"":""칸도와"",""nl"":""Khandowa"",""pl"":""Khandowa"",""pt"":""Khandowa"",""pt-BR"":""Khandowa"",""ru"":""Кхандова"",""tr"":""Khandowa"",""uk"":""Хандова"",""zh-CN"":""坎多瓦""}",2019-10-05T23:13:33,2025-12-02T14:39:31,1,Q1179634
85538,Khanewal,3176,PB,167,PK,adm2,,,30.30173000,71.93212000,خانیوال,0,Asia/Karachi,"{""ar"":""خانيوال"",""br"":""Khanewal"",""de"":""Khanewal"",""es"":""Khanewal"",""fa"":""خانیوال"",""fr"":""Khanewal"",""hi"":""खानेवाल"",""hr"":""Khanewal"",""it"":""Khanewal"",""ja"":""カネワル"",""ko"":""카네왈"",""nl"":""Khanewal"",""pl"":""Khanewal"",""pt"":""Khanewal"",""pt-BR"":""Khanewal"",""ru"":""Ханевал"",""tr"":""Hanewal"",""uk"":""Ханевал"",""zh-CN"":""哈内瓦尔""}",2019-10-05T23:13:33,2025-12-02T14:39:31,1,Q1253395
85539,Khanga Dogran,3176,PB,167,PK,city,,,31.83294000,73.62213000,کھنگا ڈوگراں,30314,Asia/Karachi,"{""ar"":""خانجا دوجران"",""br"":""Khanga Dogran"",""de"":""Khanga Dogran"",""es"":""Khanga Dogran"",""fa"":""خانگا دوگران"",""fr"":""Khanga Dogran"",""hi"":""खंगा डोगरन"",""hr"":""Khanga Dogran"",""it"":""Khanga Dogran"",""ja"":""カンガ・ドグラン"",""ko"":""칸가 도그란"",""nl"":""Khanga Dogran"",""pl"":""Khanga Dogran"",""pt"":""Khanga Dogran"",""pt-BR"":""Khanga Dogran"",""ru"":""Ханга Догран"",""tr"":""Khanga Dogran"",""uk"":""Ханга Догран"",""zh-CN"":""坎加·多格兰""}",2019-10-05T23:13:33,2025-12-02T14:38:56,1,Q1253395
85540,Khangarh,3176,PB,167,PK,city,,,29.91446000,71.16067000,خانگڑھ,19698,Asia/Karachi,"{""ar"":""خانجاره"",""br"":""Khangarh"",""de"":""Khangarh"",""es"":""Khangarh"",""fa"":""خانگار"",""fr"":""Khangarh"",""hi"":""खानगढ़"",""hr"":""Khangarh"",""it"":""Khangarh"",""ja"":""カンガル"",""ko"":""칸가르"",""nl"":""Khangarh"",""pl"":""Khangarh"",""pt"":""Khangarh"",""pt-BR"":""Khangarh"",""ru"":""Хангарх"",""tr"":""Khangarh"",""uk"":""Хангарх"",""zh-CN"":""坎加尔""}",2019-10-05T23:13:33,2025-12-02T14:38:56,1,Q1253395
85541,Khanpur,3176,PB,167,PK,city,,,28.64739000,70.65694000,خانپور,160308,Asia/Karachi,"{""ar"":""خانبور"",""br"":""Khanpur"",""de"":""Khanpur"",""es"":""Khanpur"",""fa"":""خانپور"",""fr"":""Khanpur"",""hi"":""खानपुर"",""hr"":""Khanpur"",""it"":""Khanpur"",""ja"":""カンプル"",""ko"":""칸푸르"",""nl"":""Khanpur"",""pl"":""Khanpur"",""pt"":""Khanpur"",""pt-BR"":""Khanpur"",""ru"":""Ханпур"",""tr"":""Hanpur"",""uk"":""Ханпур"",""zh-CN"":""坎普尔""}",2019-10-05T23:13:33,2025-12-02T14:38:56,1,Q1250097
85542,Khanpur Mahar,3175,SD,167,PK,city,,,27.84088000,69.41302000,خان پور مہار,22273,Asia/Karachi,"{""ar"":""خانبور ماهار"",""br"":""Khanpur Mahar"",""de"":""Khanpur Mahar"",""es"":""Khanpur Mahar"",""fa"":""خانپور ماهار"",""fr"":""Khanpur Mahar"",""hi"":""खानपुर महार"",""hr"":""Khanpur Mahar"",""it"":""Khanpur Mahar"",""ja"":""カンプール・マハル"",""ko"":""칸푸르 마하르"",""nl"":""Khanpur Mahar"",""pl"":""Khanpur Mahar"",""pt"":""Khanpur Mahar"",""pt-BR"":""Khanpur Mahar"",""ru"":""Ханпур Махар"",""tr"":""Hanpur Mahar"",""uk"":""Ханпур Махар"",""zh-CN"":""坎普尔·马哈尔""}",2019-10-05T23:13:33,2025-12-02T14:39:31,1,Q1250097
85543,Kharan,3174,BA,167,PK,adm2,,,28.58459000,65.41501000,خاران,30841,Asia/Karachi,"{""ar"":""خاران"",""br"":""Kharan"",""de"":""Kharan"",""es"":""Kharan"",""fa"":""خاران"",""fr"":""Kharan"",""hi"":""खरान"",""hr"":""Haran"",""it"":""Kharan"",""ja"":""カラン"",""ko"":""카란"",""nl"":""Kharan"",""pl"":""Kharan"",""pt"":""Kharan"",""pt-BR"":""Kharan"",""ru"":""Харан"",""tr"":""Kharan"",""uk"":""Харан"",""zh-CN"":""卡兰""}",2019-10-05T23:13:33,2025-12-02T14:38:56,1,Q1740586
85544,Kharian,3176,PB,167,PK,city,,,32.81612000,73.88697000,کھاریاں,85765,Asia/Karachi,"{""ar"":""خاريان"",""br"":""Kharian"",""de"":""Kharian"",""es"":""Kharian"",""fa"":""خاریان"",""fr"":""Kharian"",""hi"":""Kharian"",""hr"":""Kharian"",""it"":""Kharian"",""ja"":""カリアン"",""ko"":""카리안"",""nl"":""Kharian"",""pl"":""Kharian"",""pt"":""Kharian"",""pt-BR"":""Kharian"",""ru"":""Хариан"",""tr"":""Kharian"",""uk"":""Харіан"",""zh-CN"":""卡里安""}",2019-10-05T23:13:33,2025-12-02T14:38:56,1,Q3696367
85545,Khewra,3176,PB,167,PK,city,,,32.64910000,73.01059000,کھیوڑہ,32620,Asia/Karachi,"{""ar"":""خيورا"",""br"":""Khewra"",""de"":""Chora"",""es"":""Khewra"",""fa"":""خوره"",""fr"":""Khewra"",""hi"":""खेवड़ा"",""hr"":""Khewra"",""it"":""Khewra"",""ja"":""ケウラ"",""ko"":""케우라"",""nl"":""Khewra"",""pl"":""Khewra"",""pt"":""Khewra"",""pt-BR"":""Khewra"",""ru"":""Хевра"",""tr"":""Khewra"",""uk"":""Хевра"",""zh-CN"":""克乌拉""}",2019-10-05T23:13:33,2025-12-02T14:38:56,1,Q3696036
85546,Khurrianwala,3176,PB,167,PK,city,,,31.49936000,73.26763000,کھریاں والا,35292,Asia/Karachi,"{""ar"":""خوريانوالا"",""br"":""Khurrianwala"",""de"":""Khurrianwala"",""es"":""Khurrianwala"",""fa"":""خوریان‌والا"",""fr"":""Khurrianwala"",""hi"":""खुरियांवाला"",""hr"":""Khurrianwala"",""it"":""Khurrianwala"",""ja"":""クリアンワラ"",""ko"":""쿠리안왈라"",""nl"":""Khurrianwala"",""pl"":""Khurrianwala"",""pt"":""Khurrianwala"",""pt-BR"":""Khurrianwala"",""ru"":""Кхуррианвала"",""tr"":""Khurrianwala"",""uk"":""Хурріанвала"",""zh-CN"":""库里安瓦拉""}",2019-10-05T23:13:33,2025-12-02T14:38:56,1,Q6403122
85547,Khushab,3176,PB,167,PK,adm3,,,32.29667000,72.35250000,خوشاب,102793,Asia/Karachi,"{""ar"":""خوشاب"",""br"":""Khushab"",""de"":""Khushab"",""es"":""Khushab"",""fa"":""خوشاب"",""fr"":""Khushab"",""hi"":""खुशाब"",""hr"":""Khushab"",""it"":""Khushab"",""ja"":""クシャブ"",""ko"":""쿠샤브"",""nl"":""Khushab"",""pl"":""Chuszab"",""pt"":""Khushab"",""pt-BR"":""Khushab"",""ru"":""Хушаб"",""tr"":""Huşab"",""uk"":""Хушаб"",""zh-CN"":""库沙布""}",2019-10-05T23:13:33,2025-12-02T14:39:31,1,Q1249939
85548,Khuzdar,3174,BA,167,PK,city,,,27.81193000,66.61096000,خضدار,141227,Asia/Karachi,"{""ar"":""خوزدار"",""br"":""Khuzdar"",""de"":""Khuzdar"",""es"":""Khuzdar"",""fa"":""خضدار"",""fr"":""Khuzdar"",""hi"":""खुजदार"",""hr"":""Khuzdar"",""it"":""Khuzdar"",""ja"":""フズダル"",""ko"":""쿠즈다르"",""nl"":""Khuzdar"",""pl"":""Khuzdar"",""pt"":""Khuzdar"",""pt-BR"":""Khuzdar"",""ru"":""Хуздар"",""tr"":""Huzdar"",""uk"":""Хуздар"",""zh-CN"":""胡兹达尔""}",2019-10-05T23:13:33,2025-12-02T14:39:31,1,Q1249939
85549,Khuzdār District,3174,BA,167,PK,district,,,27.48680000,66.58703000,ضلع خضدار,997214,Asia/Karachi,"{""ar"":""منطقة خوزدار"",""br"":""Distrig Khuzdār"",""de"":""Khuzdār District"",""es"":""Distrito de Khuzdār"",""fa"":""شهرستان خضدار"",""fr"":""District de Khuzdār"",""hi"":""खुज़दार जिला"",""hr"":""Okrug Khuzdār"",""it"":""Distretto di Khuzdār"",""ja"":""フズダール地区"",""ko"":""쿠즈다르 지구"",""nl"":""District Khuzdār"",""pl"":""Dystrykt Khuzdār"",""pt"":""Distrito de Khuzdār"",""pt-BR"":""Distrito de Khuzdār"",""ru"":""Район Хуздар"",""tr"":""Khuzdār Bölgesi"",""uk"":""Хуздарський район"",""zh-CN"":""胡兹达尔区""}",2019-10-05T23:13:33,2025-12-02T17:30:38,1,Q2642523
85550,Khārān District,3174,BA,167,PK,district,,,27.96308000,64.57113000,ضلع خاران,260352,Asia/Karachi,"{""ar"":""منطقة خاران"",""br"":""Distrig Khārān"",""de"":""Bezirk Khārān"",""es"":""Distrito de Khārān"",""fa"":""شهرستان خاران"",""fr"":""District de Khārān"",""hi"":""ख़रान ज़िला"",""hr"":""Okrug Kharan"",""it"":""Distretto di Khārān"",""ja"":""カラン地区"",""ko"":""카란 지구"",""nl"":""District Khārān"",""pl"":""Dystrykt Khārān"",""pt"":""Distrito de Khārān"",""pt-BR"":""Distrito de Khārān"",""ru"":""Район Харан"",""tr"":""Khārān Bölgesi"",""uk"":""Район Харан"",""zh-CN"":""卡兰县""}",2019-10-05T23:13:33,2025-12-02T17:30:38,1,Q537334
85551,Kohat,3171,KP,167,PK,adm2,,,33.58196000,71.44929000,کوہاٹ,170800,Asia/Karachi,"{""ar"":""كوهات"",""br"":""Kohat"",""de"":""Kohat"",""es"":""Kohat"",""fa"":""کوهات"",""fr"":""Kohat"",""hi"":""कोहट"",""hr"":""Kohat"",""it"":""Kohat"",""ja"":""コハット"",""ko"":""코하트"",""nl"":""Kohat"",""pl"":""Kohat"",""pt"":""Kohat"",""pt-BR"":""Kohat"",""ru"":""Кохат"",""tr"":""Kohat"",""uk"":""Кохат"",""zh-CN"":""科哈特""}",2019-10-05T23:13:33,2025-12-02T14:38:56,1,Q1195983
85552,Kohlu,3174,BA,167,PK,adm2,,,29.89651000,69.25324000,کوہلو,213933,Asia/Karachi,"{""ar"":""كوهلو"",""br"":""Kohlu"",""de"":""Kohlu"",""es"":""Kohlu"",""fa"":""کوهلو"",""fr"":""Kohlu"",""hi"":""कोहलू"",""hr"":""Kohlu"",""it"":""Kohlu"",""ja"":""コール"",""ko"":""코흘루"",""nl"":""Kohlu"",""pl"":""Kohlu"",""pt"":""Kohlu"",""pt-BR"":""Kohlu"",""ru"":""Кохлу"",""tr"":""Kohlu"",""uk"":""Кохлу"",""zh-CN"":""科卢""}",2019-10-05T23:13:33,2025-12-02T17:11:50,1,Q2633568
85553,Kot Addu Tehsil,3176,PB,167,PK,city,,,30.46907000,70.96699000,تحصیل کوٹ ادو,,Asia/Karachi,"{""ar"":""كوت آدو تحسيل"",""br"":""Kot Addu Tehsil"",""de"":""Kot Addu Tehsil"",""es"":""Kot Addu Tehsil"",""fa"":""تحصیل کوت آدو"",""fr"":""Tehsil de Kot Addu"",""hi"":""कोट अड्डू तहसील"",""hr"":""Kot Addu Tehsil"",""it"":""Kot Addu Tehsil"",""ja"":""コット・アッドゥ・テシル"",""ko"":""코트 아두 테실"",""nl"":""Kot Addu Tehsil"",""pl"":""Kot Addu Tehsil"",""pt"":""Kot Addu Tehsil"",""pt-BR"":""Kot Addu Tehsil"",""ru"":""Кот Адду Техсил"",""tr"":""Kot Addu Tehsil"",""uk"":""Кот Адду Техсіл"",""zh-CN"":""科特阿杜特西尔""}",2019-10-05T23:13:33,2025-12-02T16:59:27,1,Q1260951
85554,Kot Diji,3175,SD,167,PK,city,,,27.34156000,68.70821000,کوٹ ڈیجی,25616,Asia/Karachi,"{""ar"":""كوت ديجي"",""br"":""Kot Diji"",""de"":""Kot Diji"",""es"":""Kot Diji"",""fa"":""کوت دیجی"",""fr"":""Kot Diji"",""hi"":""कोट दीजी"",""hr"":""Kot Diji"",""it"":""Kot Diji"",""ja"":""コット・ディジ"",""ko"":""코트 디지"",""nl"":""Kot Diji"",""pl"":""Kot Diji"",""pt"":""Kot Diji"",""pt-BR"":""Kot Diji"",""ru"":""Кот Диджи"",""tr"":""Kot Diji"",""uk"":""Кот Діджі"",""zh-CN"":""科特迪吉""}",2019-10-05T23:13:33,2025-12-02T14:38:56,1,Q1017084
85555,Kot Ghulam Muhammad,3176,PB,167,PK,city,,,32.33311000,74.54694000,کوٹ غلام محمد,20897,Asia/Karachi,"{""ar"":""كوت غلام محمد"",""br"":""Kot Ghulam Muhammad"",""de"":""Kot Ghulam Muhammad"",""es"":""Kot Ghulam Muhammad"",""fa"":""کوت غلام محمد"",""fr"":""Kot Ghulam Muhammad"",""hi"":""कोट गुलाम मुहम्मद"",""hr"":""Kot Ghulam Muhammad"",""it"":""Kot Ghulam Muhammad"",""ja"":""コット・グラーム・ムハンマド"",""ko"":""코트 굴람 무함마드"",""nl"":""Kot Ghulam Muhammad"",""pl"":""Kot Ghulam Muhammad"",""pt"":""Kot Ghulam Muhammad"",""pt-BR"":""Kot Ghulam Muhammad"",""ru"":""Кот Гулам Мухаммад"",""tr"":""Kot Ghulam Muhammed"",""uk"":""Кот Гулам Мухаммад"",""zh-CN"":""科特·古拉姆·穆罕默德""}",2019-10-05T23:13:33,2025-12-02T14:38:56,1,Q1017084
85556,Kot Malik Barkhurdar,3174,BA,167,PK,section,,,30.20379000,66.98723000,کوٹ ملک برخوردار,69359,Asia/Karachi,"{""ar"":""كوت مالك برخوردار"",""br"":""Kot Malik Barkhurdar"",""de"":""Kot Malik Barkhurdar"",""es"":""Kot Malik Barkhurdar"",""fa"":""کوت مالک برخوردار"",""fr"":""Kot Malik Barkhurdar"",""hi"":""कोट मलिक बरखुरदार"",""hr"":""Kot Malik Barkhurdar"",""it"":""Kot Malik Barkhurdar"",""ja"":""コット・マリク・バルクハーダー"",""ko"":""코트 말릭 바르쿠르다르"",""nl"":""Kot Malik Barkhurdar"",""pl"":""Kot Malik Barkhurdar"",""pt"":""Kot Malik Barkhurdar"",""pt-BR"":""Kot Malik Barkhurdar"",""ru"":""Кот Малик Баркхурдар"",""tr"":""Kot Malik Barkhurdar"",""uk"":""Кот Малік Бархурдар"",""zh-CN"":""科特·马利克·巴尔胡达尔""}",2019-10-05T23:13:33,2025-12-02T14:39:31,1,Q1017084
85557,Kot Mumin,3176,PB,167,PK,city,,,32.18843000,73.02987000,کوٹ مومن,38355,Asia/Karachi,"{""ar"":""كوت مومين"",""br"":""Kot Mumin"",""de"":""Kot Mumin"",""es"":""Kot Mumin"",""fa"":""کوت مومن"",""fr"":""Kot Mumin"",""hi"":""कोट मुमिन"",""hr"":""Kot Mumin"",""it"":""Kot Mumin"",""ja"":""コット・ムミン"",""ko"":""코트 무민"",""nl"":""Kot Mumin"",""pl"":""Kot Mumin"",""pt"":""Kot Mumin"",""pt-BR"":""Kot Mumin"",""ru"":""Кот Мумин"",""tr"":""Kot Mumin"",""uk"":""Кот Мумін"",""zh-CN"":""科特穆明""}",2019-10-05T23:13:33,2025-12-02T14:38:56,1,Q1017084
85558,Kot Radha Kishan,3176,PB,167,PK,city,,,31.17068000,74.10126000,کوٹ رادھا کشن,45938,Asia/Karachi,"{""ar"":""كوت رادها كيشان"",""br"":""Kot Radha Kishan"",""de"":""Kot Radha Kishan"",""es"":""Kot Radha Kishan"",""fa"":""کوت رادا کیشان"",""fr"":""Kot Radha Kishan"",""hi"":""कोट राधा किशन"",""hr"":""Kot Radha Kishan"",""it"":""Kot Radha Kishan"",""ja"":""コット・ラダ・キシャン"",""ko"":""코트 라다 키샨"",""nl"":""Kot Radha Kishan"",""pl"":""Kot Radha Kishan"",""pt"":""Kot Radha Kishan"",""pt-BR"":""Kot Radha Kishan"",""ru"":""Кот Радха Кишан"",""tr"":""Kot Radha Kishan"",""uk"":""Кот Радха Кішан"",""zh-CN"":""科特·拉达·基尚""}",2019-10-05T23:13:33,2025-12-02T14:38:56,1,Q1017084
85559,Kot Rajkour,3176,PB,167,PK,city,,,32.41208000,74.62855000,کوٹ راجکور,1542,Asia/Karachi,"{""ar"":""كوت راجكور"",""br"":""Kot Rajkour"",""de"":""Kot Rajkour"",""es"":""Kot Rajkour"",""fa"":""کوت راجکور"",""fr"":""Kot Rajkour"",""hi"":""कोट राजकौर"",""hr"":""Kot Rajkour"",""it"":""Kot Rajkour"",""ja"":""コット・ラジクール"",""ko"":""코트 라지쿠르"",""nl"":""Kot Rajkour"",""pl"":""Kot Rajkour"",""pt"":""Kot Rajkour"",""pt-BR"":""Kot Rajkour"",""ru"":""Кот Раджкур"",""tr"":""Kot Rajkour"",""uk"":""Кот Раджкур"",""zh-CN"":""科特拉杰库尔""}",2019-10-05T23:13:33,2025-12-02T14:39:31,1,Q1017084
85560,Kot Samaba,3176,PB,167,PK,city,,,28.55207000,70.46837000,کوٹ سمابہ,22953,Asia/Karachi,"{""ar"":""كوت سامابا"",""br"":""Kot Samaba"",""de"":""Kot Samaba"",""es"":""Kot Samaba"",""fa"":""کوت سامبا"",""fr"":""Kot Samaba"",""hi"":""कोट समाबा"",""hr"":""Kot Samaba"",""it"":""Kot Samaba"",""ja"":""コット・サマバ"",""ko"":""코트 사마바"",""nl"":""Kot Samaba"",""pl"":""Kot Samaba"",""pt"":""Kot Samaba"",""pt-BR"":""Kot Samaba"",""ru"":""Кот Самаба"",""tr"":""Kot Samaba"",""uk"":""Кот Самаба"",""zh-CN"":""科特萨马巴""}",2019-10-05T23:13:33,2025-12-02T14:38:56,1,Q1017084
85561,Kot Sultan,3176,PB,167,PK,city,,,30.77370000,70.93125000,کوٹ سلطان,10000,Asia/Karachi,"{""ar"":""كوت سلطان"",""br"":""Kot Sultan"",""de"":""Kot Sultan"",""es"":""Kot Sultan"",""fa"":""کوت سلطان"",""fr"":""Kot Sultan"",""hi"":""कोट सुल्तान"",""hr"":""Kot Sultan"",""it"":""Kot Sultan"",""ja"":""コット・スルタン"",""ko"":""코트 술탄"",""nl"":""Kot Sultan"",""pl"":""Kot Sultan"",""pt"":""Kot Sultan"",""pt-BR"":""Kot Sultan"",""ru"":""Кот Султан"",""tr"":""Kot Sultan"",""uk"":""Кот Султан"",""zh-CN"":""科特苏丹""}",2019-10-05T23:13:33,2025-12-02T14:38:56,1,Q1017084
85562,Kotli,3172,JK,167,PK,adm2,,,33.51836000,73.90220000,کوٹلی,46907,Asia/Karachi,"{""ar"":""كوتلي"",""br"":""Kotli"",""de"":""Kotli"",""es"":""Kotli"",""fa"":""کوتلی"",""fr"":""Kotli"",""hi"":""कोटली"",""hr"":""Kotli"",""it"":""Kotli"",""ja"":""コトリ"",""ko"":""코틀리"",""nl"":""Kotli"",""pl"":""Kotli"",""pt"":""Kotli"",""pt-BR"":""Kotli"",""ru"":""Котли"",""tr"":""Kotli"",""uk"":""Котлі"",""zh-CN"":""科特利""}",2019-10-05T23:13:33,2025-12-02T14:39:31,1,Q2586558
85563,Kotli District,3172,JK,167,PK,district,,,33.44559000,73.91557000,ضلع کوٹلی,774194,Asia/Karachi,"{""ar"":""منطقة كوتلي"",""br"":""Distrig Kotli"",""de"":""Bezirk Kotli"",""es"":""Distrito de Kotli"",""fa"":""ناحیه کوتلی"",""fr"":""District de Kotli"",""hi"":""कोटली जिला"",""hr"":""Okrug Kotli"",""it"":""Distretto di Kotli"",""ja"":""コトリ地区"",""ko"":""코틀리 지구"",""nl"":""Kotli-district"",""pl"":""Dystrykt Kotli"",""pt"":""Distrito de Kotli"",""pt-BR"":""Distrito de Kotli"",""ru"":""Котлинский район"",""tr"":""Kotli Bölgesi"",""uk"":""Котлійський район"",""zh-CN"":""科特利区""}",2019-10-05T23:13:33,2025-12-02T17:30:38,1,Q2571465
85564,Kotli Loharan,3176,PB,167,PK,city,,,32.58893000,74.49466000,کوٹلی لوہاراں,21463,Asia/Karachi,"{""ar"":""كوتلي لوهاران"",""br"":""Kotli Loharan"",""de"":""Kotli Loharan"",""es"":""Kotli Loharan"",""fa"":""کوتلی لوهاران"",""fr"":""Kotli Loharan"",""hi"":""कोटली लोहारन"",""hr"":""Kotli Loharan"",""it"":""Kotli Loharan"",""ja"":""コトリ・ロハラン"",""ko"":""코틀리 로하란"",""nl"":""Kotli Loharan"",""pl"":""Kotli Loharan"",""pt"":""Kotli Loharan"",""pt-BR"":""Kotli Loharan"",""ru"":""Котли Лохаран"",""tr"":""Kotli Loharan"",""uk"":""Котлі Лохаран"",""zh-CN"":""科特利·洛哈兰""}",2019-10-05T23:13:33,2025-12-02T14:38:56,1,Q2571465
85565,Kotri,3175,SD,167,PK,city,,,25.36566000,68.30831000,کوٹری,72672,Asia/Karachi,"{""ar"":""كوتري"",""br"":""Kotri"",""de"":""Kotri"",""es"":""Kotri"",""fa"":""کوتری"",""fr"":""Kotri"",""hi"":""कोटरी"",""hr"":""Kotri"",""it"":""Kotri"",""ja"":""コトリ"",""ko"":""코트리"",""nl"":""Kotri"",""pl"":""Kotri"",""pt"":""Kotri"",""pt-BR"":""Kotri"",""ru"":""Котри"",""tr"":""Kotri"",""uk"":""Котрі"",""zh-CN"":""科特里""}",2019-10-05T23:13:33,2025-12-02T14:39:31,1,Q2571465
85566,Kulachi,3171,KP,167,PK,city,,,31.93058000,70.45959000,کلاچی,24738,Asia/Karachi,"{""ar"":""كولاشي"",""br"":""Kulachi"",""de"":""Kulachi"",""es"":""Kulachi"",""fa"":""کولاچی"",""fr"":""Kulachi"",""hi"":""कुलाची"",""hr"":""Kulači"",""it"":""Kulachi"",""ja"":""クラチ"",""ko"":""쿨라치"",""nl"":""Kulachi"",""pl"":""Kulachi"",""pt"":""Kulachi"",""pt-BR"":""Kulachi"",""ru"":""Кулачи"",""tr"":""Kulachi"",""uk"":""Кулачі"",""zh-CN"":""库拉奇""}",2019-10-05T23:13:33,2025-12-02T14:38:56,1,Q2571465
85567,Kundian,3176,PB,167,PK,city,,,32.45775000,71.47892000,کنڈیان,35406,Asia/Karachi,"{""ar"":""كونديان"",""br"":""Kundian"",""de"":""Kundian"",""es"":""Kundian"",""fa"":""کوندی"",""fr"":""Kundian"",""hi"":""कुंडियन"",""hr"":""Kundian"",""it"":""Kundiano"",""ja"":""クンディアン"",""ko"":""쿤디안"",""nl"":""Kundian"",""pl"":""Kundian"",""pt"":""Kundian"",""pt-BR"":""Kundian"",""ru"":""Кундиан"",""tr"":""Kundian"",""uk"":""Кундіан"",""zh-CN"":""坤典""}",2019-10-05T23:13:33,2025-12-02T14:38:56,1,Q951628
85568,Kunjah,3176,PB,167,PK,city,,,32.52982000,73.97486000,کنجاہ,28103,Asia/Karachi,"{""ar"":""كونجاه"",""br"":""Kunjah"",""de"":""Kunjah"",""es"":""Kunjah"",""fa"":""کونجه"",""fr"":""Kunjah"",""hi"":""कुंजाह"",""hr"":""Kunjah"",""it"":""Kunjah"",""ja"":""クンジャ"",""ko"":""쿤자"",""nl"":""Kunjah"",""pl"":""Kunjah"",""pt"":""Kunjah"",""pt-BR"":""Kunjah"",""ru"":""Кунджа"",""tr"":""Kunjah"",""uk"":""Кунджа"",""zh-CN"":""昆贾""}",2019-10-05T23:13:33,2025-12-02T14:38:56,1,Q951628
85569,Kunri,3175,SD,167,PK,city,,,25.17874000,69.56572000,کنری,26773,Asia/Karachi,"{""ar"":""كونري"",""br"":""Kunri"",""de"":""Kunri"",""es"":""Kunri"",""fa"":""کونری"",""fr"":""Kunri"",""hi"":""कुनरी"",""hr"":""Kunri"",""it"":""Kunri"",""ja"":""クンリ"",""ko"":""쿤리"",""nl"":""Kunri"",""pl"":""Kunri"",""pt"":""Kunri"",""pt-BR"":""Kunri"",""ru"":""Кунри"",""tr"":""Kunri"",""uk"":""Кунрі"",""zh-CN"":""昆里""}",2019-10-05T23:13:33,2025-12-02T14:38:56,1,Q951628
85570,Lachi,3171,KP,167,PK,city,,,33.38291000,71.33733000,لاچی,18537,Asia/Karachi,"{""ar"":""لاتشي"",""br"":""Lachi"",""de"":""Lachi"",""es"":""Lachi"",""fa"":""لاچی"",""fr"":""Lachi"",""hi"":""लाछी"",""hr"":""Lači"",""it"":""Lachi"",""ja"":""ラチ"",""ko"":""라치"",""nl"":""Lachi"",""pl"":""Lachi"",""pt"":""Lachi"",""pt-BR"":""Lachi"",""ru"":""Лачи"",""tr"":""Lachi"",""uk"":""Лачі"",""zh-CN"":""拉奇""}",2019-10-05T23:13:33,2025-12-02T14:38:56,1,Q951628
85571,Ladhewala Waraich,3176,PB,167,PK,section,,,32.15692000,74.11564000,لدھیوالہ وڑائچ,39757,Asia/Karachi,"{""ar"":""لادهيوالا واريش"",""br"":""Ladhewala Waraich"",""de"":""Ladhewala Waraich"",""es"":""Ladhewala Waraich"",""fa"":""لادهوالا وارایچ"",""fr"":""Ladhewala Waraich"",""hi"":""लधेवाला वरैच"",""hr"":""Ladhewala Waraich"",""it"":""Ladhewala Waraich"",""ja"":""ラデワラ・ワライチ"",""ko"":""라데왈라 와라이치"",""nl"":""Ladhewala Waraich"",""pl"":""Ladhewala Waraich"",""pt"":""Ladhewala Waraich"",""pt-BR"":""Ladhewala Waraich"",""ru"":""Ладхевала Вараич"",""tr"":""Ladhewala Waraich"",""uk"":""Ладхевала Вараїч"",""zh-CN"":""拉德瓦拉·瓦莱奇""}",2019-10-05T23:13:33,2025-12-02T14:38:56,1,Q951628
85572,Lahore,3176,PB,167,PK,adm1,,,31.55800000,74.35071000,لاہور,12978661,Asia/Karachi,"{""ar"":""لاهور"",""br"":""Lahore"",""de"":""Lahore"",""es"":""Lahore"",""fa"":""لاهور"",""fr"":""Lahore"",""hi"":""लाहौर"",""hr"":""Lahore"",""it"":""Lahore"",""ja"":""ラホール"",""ko"":""라호르"",""nl"":""Lahore"",""pl"":""Lahaur"",""pt"":""Lahore"",""pt-BR"":""Lahore"",""ru"":""Лахор"",""tr"":""Lahor"",""uk"":""Лахор"",""zh-CN"":""拉合尔""}",2019-10-05T23:13:33,2025-12-02T14:38:56,1,Q11739
85573,Lakhi,3175,SD,167,PK,city,,,27.84884000,68.69972000,لکھی,13600,Asia/Karachi,"{""ar"":""لاخي"",""br"":""Lakhi"",""de"":""Lakhi"",""es"":""Lakhi"",""fa"":""لاخی"",""fr"":""Lakhi"",""hi"":""लाखी"",""hr"":""Lakhi"",""it"":""Lakhi"",""ja"":""ラキ"",""ko"":""라키"",""nl"":""Lakhi"",""pl"":""Lakhi"",""pt"":""Lakhi"",""pt-BR"":""Lakhi"",""ru"":""Лакхи"",""tr"":""Lakhi"",""uk"":""Лакхі"",""zh-CN"":""拉基""}",2019-10-05T23:13:33,2025-12-02T14:38:56,1,Q11739
85574,Lakki,3171,KP,167,PK,adm2,,,32.60724000,70.91234000,لکی,36391,Asia/Karachi,"{""ar"":""لاكي"",""br"":""Lakki"",""de"":""Lakki"",""es"":""Lakki"",""fa"":""لکی"",""fr"":""Lakki"",""hi"":""लक्की"",""hr"":""Lakki"",""it"":""Lakki"",""ja"":""ラッキ"",""ko"":""라키"",""nl"":""Lakki"",""pl"":""Lakki"",""pt"":""Lakki"",""pt-BR"":""Lakki"",""ru"":""Лакки"",""tr"":""Lakki"",""uk"":""Лаккі"",""zh-CN"":""拉基""}",2019-10-05T23:13:33,2025-12-02T14:39:31,1,Q11739
85575,Lala Musa,3176,PB,167,PK,city,,,32.70138000,73.95746000,لالہ موسیٰ,65197,Asia/Karachi,"{""ar"":""لالا موسى"",""br"":""Lala Musa"",""de"":""Lala Musa"",""es"":""Lala Musa"",""fa"":""لالا موسی"",""fr"":""Lala Musa"",""hi"":""लाला मूसा"",""hr"":""Lala Musa"",""it"":""Lala Musa"",""ja"":""ララ・ムサ"",""ko"":""라라 무사"",""nl"":""Lala Musa"",""pl"":""Lala Musa"",""pt"":""Lala Musa"",""pt-BR"":""Lala Musa"",""ru"":""Лала Муса"",""tr"":""Lala Musa"",""uk"":""Лала Муса"",""zh-CN"":""拉拉·穆萨""}",2019-10-05T23:13:33,2025-12-02T14:39:31,1,Q3695697
85576,Lalian,3176,PB,167,PK,city,,,31.82462000,72.80116000,لالیاں,31355,Asia/Karachi,"{""ar"":""لاليان"",""br"":""Lalian"",""de"":""Lalian"",""es"":""Lalian"",""fa"":""لالیان"",""fr"":""Lalian"",""hi"":""लालियान"",""hr"":""Lalian"",""it"":""Lalian"",""ja"":""ラリアン"",""ko"":""라리안"",""nl"":""Lalian"",""pl"":""Lalian"",""pt"":""Lalian"",""pt-BR"":""Lalian"",""ru"":""Лалиан"",""tr"":""Lalian"",""uk"":""Лаліан"",""zh-CN"":""拉利安""}",2019-10-05T23:13:33,2025-12-02T14:38:56,1,Q3298223
85577,Landi Kotal,3171,KP,167,PK,city,,,34.09880000,71.14108000,لنڈی کوتل,2223,Asia/Karachi,"{""ar"":""لاندي كوتال"",""br"":""Landi Kotal"",""de"":""Landi Kotal"",""es"":""Landi Kotal"",""fa"":""لندی کوتل"",""fr"":""Landi Kotal"",""hi"":""लांडी कोटल"",""hr"":""Landi Kotal"",""it"":""Landi Kotal"",""ja"":""ランディ・コタル"",""ko"":""란디 코탈"",""nl"":""Landi Kotal"",""pl"":""Landi Kotal"",""pt"":""Landi Kotal"",""pt-BR"":""Landi Kotal"",""ru"":""Ланди Котал"",""tr"":""Landi Kotal"",""uk"":""Ланді Котал"",""zh-CN"":""兰迪·科塔尔""}",2019-10-05T23:13:33,2025-12-02T14:38:56,1,Q1803018
85578,Larkana,3175,SD,167,PK,adm2,,,27.55898000,68.21204000,لاڑکانہ,364033,Asia/Karachi,"{""ar"":""لاركانا"",""br"":""Larkana"",""de"":""Larkana"",""es"":""Larkana"",""fa"":""لارکانا"",""fr"":""Larkana"",""hi"":""लरकाना"",""hr"":""Larkana"",""it"":""Larkana"",""ja"":""ラルカナ"",""ko"":""라르카나"",""nl"":""Larkana"",""pl"":""Larkana"",""pt"":""Larkana"",""pt-BR"":""Larkana"",""ru"":""Ларкана"",""tr"":""Larkana"",""uk"":""Ларкана"",""zh-CN"":""拉尔卡纳""}",2019-10-05T23:13:33,2025-12-02T14:39:31,1,Q696605
85579,Lasbela,3174,BA,167,PK,district,,,25.78634000,66.60330000,ضلع لسبیلہ,680977,Asia/Karachi,"{""ar"":""منطقة لاسبيلا"",""br"":""Distrig Lasbela"",""de"":""Lasbela-Distrikt"",""es"":""Distrito de Lasbela"",""fa"":""ناحیه لاسبلا"",""fr"":""District de Lasbela"",""hi"":""लासबेला जिला"",""hr"":""Okrug Lasbela"",""it"":""Distretto di Lasbela"",""ja"":""ラスベラ地区"",""ko"":""라스벨라 지구"",""nl"":""Lasbela-district"",""pl"":""Dzielnica Lasbela"",""pt"":""Distrito de Lasbela"",""pt-BR"":""Distrito de Lasbela"",""ru"":""Район Ласбела"",""tr"":""Lasbela Bölgesi"",""uk"":""Район Ласбела"",""zh-CN"":""拉斯贝拉区""}",2019-10-05T23:13:33,2025-12-02T17:03:53,1,Q44942
85580,Layyah,3176,PB,167,PK,adm2,,,30.96128000,70.93904000,لیہ,151274,Asia/Karachi,"{""ar"":""لياه"",""br"":""Layyah"",""de"":""Layyah"",""es"":""Layyah"",""fa"":""لیه"",""fr"":""Layyah"",""hi"":""लय्याह"",""hr"":""Layyah"",""it"":""Layyah"",""ja"":""ライヤ"",""ko"":""라야"",""nl"":""Layyah"",""pl"":""Layyah"",""pt"":""Layyah"",""pt-BR"":""Layyah"",""ru"":""Лайя"",""tr"":""Layyah"",""uk"":""Лайя"",""zh-CN"":""莱亚""}",2019-10-05T23:13:33,2025-12-02T14:39:31,1,Q44942
85581,Layyah District,3176,PB,167,PK,district,,,30.96800000,70.94300000,لیہ ضلع,1120951,Asia/Karachi,"{""ar"":""منطقة اللية"",""br"":""Distrig Layyah"",""de"":""Layyah-Distrikt"",""es"":""Distrito de Layyah"",""fa"":""شهرستان لیاح"",""fr"":""District de Layyah"",""hi"":""लय्याह जिला"",""hr"":""Okrug Layyah"",""it"":""Distretto di Layyah"",""ja"":""ライヤ地区"",""ko"":""라야 지구"",""nl"":""Layyah-district"",""pl"":""Dzielnica Layyah"",""pt"":""Distrito de Layyah"",""pt-BR"":""Distrito de Layyah"",""ru"":""Район Лайях"",""tr"":""Layyah Bölgesi"",""uk"":""Район Лайя"",""zh-CN"":""莱亚区""}",2019-10-05T23:13:33,2025-12-02T17:30:38,1,Q2418995
85582,Liliani,3176,PB,167,PK,city,,,32.20393000,72.95120000,لیلیانی,12211,Asia/Karachi,"{""ar"":""ليلياني"",""br"":""Liliani"",""de"":""Liliani"",""es"":""Liliani"",""fa"":""لیلیانی"",""fr"":""Liliani"",""hi"":""लिलियानी"",""hr"":""Liliani"",""it"":""Liliani"",""ja"":""リリアーニ"",""ko"":""릴리아니"",""nl"":""Liliani"",""pl"":""Liliani"",""pt"":""Liliani"",""pt-BR"":""Liliani"",""ru"":""Лилиани"",""tr"":""Liliani"",""uk"":""Ліліані"",""zh-CN"":""莉莉亚尼""}",2019-10-05T23:13:33,2025-12-02T14:38:56,1,Q2418995
85583,Lodhran,3176,PB,167,PK,adm2,,,29.53390000,71.63244000,لودھراں,144512,Asia/Karachi,"{""ar"":""لودران"",""br"":""Lodhran"",""de"":""Lodhran"",""es"":""Lodhran"",""fa"":""لودران"",""fr"":""Lodhran"",""hi"":""लोधरन"",""hr"":""Lodhran"",""it"":""Lodhran"",""ja"":""ロドラン"",""ko"":""로드란"",""nl"":""Lodhran"",""pl"":""Lodhran"",""pt"":""Lodhran"",""pt-BR"":""Lodhran"",""ru"":""Лодхран"",""tr"":""Lodhran"",""uk"":""Лодран"",""zh-CN"":""洛德兰""}",2019-10-05T23:13:33,2025-12-02T14:38:56,1,Q1249783
85584,Loralai,3174,BA,167,PK,adm2,,,30.37051000,68.59795000,لورالائی,37787,Asia/Karachi,"{""ar"":""لورلاي"",""br"":""Loralai"",""de"":""Loralai"",""es"":""Loralai"",""fa"":""لورالای"",""fr"":""Loralai"",""hi"":""लोरालाई"",""hr"":""Loralai"",""it"":""Loralai"",""ja"":""ロラライ"",""ko"":""로랄라이"",""nl"":""Loralai"",""pl"":""Loralai"",""pt"":""Loralai"",""pt-BR"":""Loralai"",""ru"":""Лоралай"",""tr"":""Loralai"",""uk"":""Лоралай"",""zh-CN"":""洛拉莱""}",2019-10-05T23:13:33,2025-12-02T14:38:56,1,Q2663236
85585,Loralai District,3174,BA,167,PK,district,,,30.30253000,68.84636000,ضلع لورالائی,272432,Asia/Karachi,"{""ar"":""منطقة لورلاي"",""br"":""Distrig Loralai"",""de"":""Loralai-Distrikt"",""es"":""Distrito de Loralai"",""fa"":""ناحیه لورالای"",""fr"":""District de Loralai"",""hi"":""लोरालाई जिला"",""hr"":""Okrug Loralai"",""it"":""Distretto di Loralai"",""ja"":""ロラライ地区"",""ko"":""로랄라이 지구"",""nl"":""Loralai-district"",""pl"":""Dystrykt Loralai"",""pt"":""Distrito de Loralai"",""pt-BR"":""Distrito de Loralai"",""ru"":""Район Лоралай"",""tr"":""Loralai Bölgesi"",""uk"":""Район Лоралай"",""zh-CN"":""洛拉莱区""}",2019-10-05T23:13:33,2025-12-02T17:30:38,1,Q2281268
85586,Mach,3174,BA,167,PK,city,,,29.86371000,67.33018000,مچ,16930,Asia/Karachi,"{""ar"":""ماخ"",""br"":""Mach"",""de"":""Mach"",""es"":""Mach"",""fa"":""ماخ"",""fr"":""Mach"",""hi"":""मच"",""hr"":""Mach"",""it"":""Macchina"",""ja"":""マッハ"",""ko"":""마하"",""nl"":""Mach"",""pl"":""Mach"",""pt"":""Mach"",""pt-BR"":""Mach"",""ru"":""Мах"",""tr"":""Makine"",""uk"":""Мах"",""zh-CN"":""马赫""}",2019-10-05T23:13:33,2025-12-02T14:38:56,1,Q639806
85587,Madeji,3175,SD,167,PK,city,,,27.75314000,68.45166000,میڈی جی,14802,Asia/Karachi,"{""ar"":""ماديجي"",""br"":""Madeji"",""de"":""Madeji"",""es"":""Madeji"",""fa"":""مادجی"",""fr"":""Madeji"",""hi"":""मेडेजी"",""hr"":""Madeji"",""it"":""Madeji"",""ja"":""マデジ"",""ko"":""마데지"",""nl"":""Madeji"",""pl"":""Madeji"",""pt"":""Madeji"",""pt-BR"":""Madeji"",""ru"":""Мадеджи"",""tr"":""Madeji"",""uk"":""Мадейі"",""zh-CN"":""马德吉""}",2019-10-05T23:13:33,2025-12-02T14:38:56,1,Q639806
85588,Mailsi,3176,PB,167,PK,city,,,29.80123000,72.17398000,میلسی,64545,Asia/Karachi,"{""ar"":""ميلسي"",""br"":""Postel"",""de"":""Mailsi"",""es"":""Mailsi"",""fa"":""میلسی"",""fr"":""Mailsi"",""hi"":""मेलसी"",""hr"":""Mailsi"",""it"":""Mailsi"",""ja"":""メールシ"",""ko"":""메일시"",""nl"":""Mailsi"",""pl"":""Mailsi"",""pt"":""Mailsi"",""pt-BR"":""Mailsi"",""ru"":""Mailsi"",""tr"":""Mailsi"",""uk"":""Майлсі"",""zh-CN"":""邮件""}",2019-10-05T23:13:33,2025-12-02T14:39:31,1,Q3695872
85589,Malakwal,3176,PB,167,PK,city,,,32.55449000,73.21274000,ملکوال,34589,Asia/Karachi,"{""ar"":""مالاكوال"",""br"":""Malakwal"",""de"":""Malakwal"",""es"":""Malakwal"",""fa"":""ملکوال"",""fr"":""Malakwal"",""hi"":""मलकवाल"",""hr"":""Malakwal"",""it"":""Malakwal"",""ja"":""マラクワル"",""ko"":""말라콰왈"",""nl"":""Malakwal"",""pl"":""Malakwal"",""pt"":""Malakwal"",""pt-BR"":""Malakwal"",""ru"":""Малаквал"",""tr"":""Malakwal"",""uk"":""Малаквал"",""zh-CN"":""马拉克瓦尔""}",2019-10-05T23:13:33,2025-12-02T14:38:56,1,Q446394
85591,Malir Cantonment,3175,SD,167,PK,section,,,24.94343000,67.20591000,ملیر کنٹونمنٹ,300000,Asia/Karachi,"{""ar"":""معسكر مالير"",""br"":""Kanton Malir"",""de"":""Malir Cantonment"",""es"":""Acantonamiento de Malir"",""fa"":""اردوگاه مالیر"",""fr"":""Cantonnement de Malir"",""hi"":""मालिर छावनी"",""hr"":""Kanton Malir"",""it"":""Cantonment di Malir"",""ja"":""マリル駐屯地"",""ko"":""말리르 주둔지"",""nl"":""Malir Kantonnement"",""pl"":""Kanton Malir"",""pt"":""Acampamento de Malir"",""pt-BR"":""Acampamento de Malir"",""ru"":""Кантонмент Малир"",""tr"":""Malir Kışlası"",""uk"":""Кантонмент Малір"",""zh-CN"":""马利尔兵营""}",2019-10-05T23:13:33,2025-12-02T14:38:56,1,Q446394
85592,Mamu Kanjan,3176,PB,167,PK,city,,,30.83044000,72.79943000,مامو کانجن,31914,Asia/Karachi,"{""ar"":""مامو كانجان"",""br"":""Mamu Kanjan"",""de"":""Mamu Kanjan"",""es"":""Mamu Kanjan"",""fa"":""مامو کنجان"",""fr"":""Mamu Kanjan"",""hi"":""मामू कंजन"",""hr"":""Mamu Kanjan"",""it"":""Mamu Kanjan"",""ja"":""マム・カンジャン"",""ko"":""마무 칸잔"",""nl"":""Mamu Kanjan"",""pl"":""Mamu Kanjan"",""pt"":""Mamu Kanjan"",""pt-BR"":""Mamu Kanjan"",""ru"":""Маму Канджан"",""tr"":""Mamu Kanjan"",""uk"":""Маму Канджан"",""zh-CN"":""马穆坎詹""}",2019-10-05T23:13:33,2025-12-02T14:38:56,1,Q6745993
85593,Mananwala,3176,PB,167,PK,city,,,31.58803000,73.68927000,مانانوالہ,28432,Asia/Karachi,"{""ar"":""مانانوالا"",""br"":""Mananwala"",""de"":""Mananwala"",""es"":""Mananwala"",""fa"":""مانانوالا"",""fr"":""Mananwala"",""hi"":""मननवाला"",""hr"":""Mananwala"",""it"":""Mananwala"",""ja"":""マナンワラ"",""ko"":""마난왈라"",""nl"":""Mananwala"",""pl"":""Mananwala"",""pt"":""Mananwala"",""pt-BR"":""Mananwala"",""ru"":""Мананвала"",""tr"":""Mananwala"",""uk"":""Мананвала"",""zh-CN"":""马南瓦拉""}",2019-10-05T23:13:33,2025-12-02T14:38:56,1,Q6745993
85594,Mandi Bahauddin,3176,PB,167,PK,adm2,,,32.58704000,73.49123000,منڈی بہاؤالدین,157352,Asia/Karachi,"{""ar"":""ماندي بهاء الدين"",""br"":""Mandi Bahauddin"",""de"":""Mandi Bahauddin"",""es"":""Mandi Bahauddin"",""fa"":""مندی بهاءالدین"",""fr"":""Mandi Bahauddin"",""hi"":""मंडी बहाउद्दीन"",""hr"":""Mandi Bahauddin"",""it"":""Mandi Bahauddin"",""ja"":""マンディ・バハウディン"",""ko"":""만디 바하우딘"",""nl"":""Mandi Bahauddin"",""pl"":""Mandi Bahauddin"",""pt"":""Mandi Bahauddin"",""pt-BR"":""Mandi Bahauddin"",""ru"":""Манди Бахауддин"",""tr"":""Mandi Bahauddin"",""uk"":""Манді Бахауддін"",""zh-CN"":""曼迪·巴哈丁""}",2019-10-05T23:13:33,2025-12-02T14:38:56,1,Q6745993
85595,Mangla,3176,PB,167,PK,city,,,31.89306000,72.38167000,منگلا۔,16264,Asia/Karachi,"{""ar"":""مانجلا"",""br"":""Mangla"",""de"":""Mangla"",""es"":""Mangla"",""fa"":""مانگلا"",""fr"":""Mangla"",""hi"":""मंगला"",""hr"":""Mangla"",""it"":""Mangla"",""ja"":""マングラ"",""ko"":""망글라"",""nl"":""Mangla"",""pl"":""Mangla"",""pt"":""Mangla"",""pt-BR"":""Mangla"",""ru"":""Мангла"",""tr"":""Mangla"",""uk"":""Мангла"",""zh-CN"":""曼格拉""}",2019-10-05T23:13:33,2025-12-02T14:38:56,1,Q6745993
85596,Mankera,3176,PB,167,PK,city,,,31.38771000,71.44047000,منکیرہ,10819,Asia/Karachi,"{""ar"":""مانكيرا"",""br"":""Mankera"",""de"":""Mankera"",""es"":""Mankera"",""fa"":""مانکره"",""fr"":""Mankera"",""hi"":""मनकेरा"",""hr"":""Mankera"",""it"":""Mankera"",""ja"":""マンケラ"",""ko"":""만케라"",""nl"":""Mankera"",""pl"":""Mankera"",""pt"":""Mankera"",""pt-BR"":""Mankera"",""ru"":""Манкера"",""tr"":""Mankera"",""uk"":""Манкера"",""zh-CN"":""曼克拉""}",2019-10-05T23:13:33,2025-12-02T14:38:56,1,Q3695856
85597,Mansehra,3171,KP,167,PK,adm2,,,34.33023000,73.19679000,مانسہرہ,69085,Asia/Karachi,"{""ar"":""مانسيهرا"",""br"":""Mansehra"",""de"":""Mansehra"",""es"":""Mansehra"",""fa"":""مانسهره"",""fr"":""Mansehra"",""hi"":""मानसेहरा"",""hr"":""Mansehra"",""it"":""Mansehra"",""ja"":""マンセーラ"",""ko"":""만세라"",""nl"":""Mansehra"",""pl"":""Mansehra"",""pt"":""Mansehra"",""pt-BR"":""Mansehra"",""ru"":""Мансехра"",""tr"":""Mansehra"",""uk"":""Мансехра"",""zh-CN"":""曼塞拉""}",2019-10-05T23:13:33,2025-12-02T14:38:56,1,Q2662991
85598,Mardan,3171,KP,167,PK,adm2,,,34.19794000,72.04965000,مردان,300424,Asia/Karachi,"{""ar"":""مردان"",""br"":""Mardan"",""de"":""Mardan"",""es"":""Mardan"",""fa"":""مردان"",""fr"":""Mardan"",""hi"":""मर्दन"",""hr"":""Mardan"",""it"":""Mardan"",""ja"":""マルダン"",""ko"":""마르단"",""nl"":""Mardan"",""pl"":""Mardan"",""pt"":""Mardan"",""pt-BR"":""Mardan"",""ru"":""Мардан"",""tr"":""Mardan"",""uk"":""Мардан"",""zh-CN"":""马尔丹""}",2019-10-05T23:13:33,2025-12-02T14:38:56,1,Q993859
85599,Mastung,3174,BA,167,PK,adm2,,,29.79966000,66.84553000,مستونگ,29082,Asia/Karachi,"{""ar"":""ماستونغ"",""br"":""Mastung"",""de"":""Mastung"",""es"":""Mastung"",""fa"":""مستونگ"",""fr"":""Mastung"",""hi"":""मस्तुंग"",""hr"":""Mastung"",""it"":""Mastung"",""ja"":""マスタング"",""ko"":""마스퉁"",""nl"":""Mastung"",""pl"":""Mastung"",""pt"":""Mastung"",""pt-BR"":""Mastung"",""ru"":""Мастунг"",""tr"":""Mastung"",""uk"":""Мастунг"",""zh-CN"":""马斯通""}",2019-10-05T23:13:33,2025-12-02T14:38:56,1,Q2592655
85600,Mastung District,3174,BA,167,PK,district,,,29.79455000,66.72068000,ضلع مستونگ,313271,Asia/Karachi,"{""ar"":""منطقة ماستونج"",""br"":""Distrig Mastung"",""de"":""Bezirk Mastung"",""es"":""Distrito de Mastung"",""fa"":""ناحیه مستونگ"",""fr"":""District de Mastung"",""hi"":""मस्तुंग जिला"",""hr"":""Okrug Mastung"",""it"":""Distretto di Mastung"",""ja"":""マストゥング地区"",""ko"":""마스퉁 지구"",""nl"":""Mastung District"",""pl"":""Dzielnica Mastung"",""pt"":""Distrito de Mastung"",""pt-BR"":""Distrito de Mastung"",""ru"":""Район Мастунг"",""tr"":""Mastung Bölgesi"",""uk"":""Мастунгський район"",""zh-CN"":""马斯通区""}",2019-10-05T23:13:33,2025-12-02T17:30:38,1,Q1026625
85601,Matiari,3175,SD,167,PK,adm2,,,25.59709000,68.44670000,مٹیاری,18929,Asia/Karachi,"{""ar"":""ماتياري"",""br"":""Matiari"",""de"":""Matiari"",""es"":""Matiari"",""fa"":""ماتیاری"",""fr"":""Matiari"",""hi"":""मटियारी"",""hr"":""Matiari"",""it"":""Matiari"",""ja"":""マティアリ"",""ko"":""마티아리"",""nl"":""Matiari"",""pl"":""Matiari"",""pt"":""Matiari"",""pt-BR"":""Matiari"",""ru"":""Матиари"",""tr"":""Matiari"",""uk"":""Матіарі"",""zh-CN"":""马蒂亚里""}",2019-10-05T23:13:33,2025-12-02T14:38:56,1,Q112453
85602,Matli,3175,SD,167,PK,city,,,25.04290000,68.65591000,ماتلی,50398,Asia/Karachi,"{""ar"":""ماتلي"",""br"":""Matli"",""de"":""Matli"",""es"":""Matli"",""fa"":""ماتلی"",""fr"":""Matli"",""hi"":""मतली"",""hr"":""Matli"",""it"":""Matli"",""ja"":""マトゥリ"",""ko"":""마틀리"",""nl"":""Matli"",""pl"":""Matli"",""pt"":""Matli"",""pt-BR"":""Matli"",""ru"":""Матли"",""tr"":""Matli"",""uk"":""Матлі"",""zh-CN"":""马特利""}",2019-10-05T23:13:33,2025-12-02T14:38:56,1,Q112453
85603,Mehar,3175,SD,167,PK,city,,,27.18027000,67.82051000,مہر,30429,Asia/Karachi,"{""ar"":""ميهار"",""br"":""Mehar"",""de"":""Mehar"",""es"":""Mehar"",""fa"":""مهر"",""fr"":""Méhar"",""hi"":""मेहर"",""hr"":""Mehar"",""it"":""Mehar"",""ja"":""メハール"",""ko"":""메하르"",""nl"":""Mehar"",""pl"":""Mehar"",""pt"":""Mehar"",""pt-BR"":""Mehar"",""ru"":""Мехар"",""tr"":""Mehar"",""uk"":""Мехар"",""zh-CN"":""梅哈尔""}",2019-10-05T23:13:33,2025-12-02T14:38:56,1,Q112453
85604,Mehmand Chak,3176,PB,167,PK,locality,,,32.78518000,73.82306000,مہمند چک,5000,Asia/Karachi,"{""ar"":""مهمند تشاك"",""br"":""Mehmand Chak"",""de"":""Mehmand Chak"",""es"":""Mehmand Chak"",""fa"":""مهمند چاک"",""fr"":""Mehmand Chak"",""hi"":""महमंद चक"",""hr"":""Mehmand Čak"",""it"":""Mehmand Chak"",""ja"":""メフマンド・チャク"",""ko"":""메흐만드 차크"",""nl"":""Mehmand Chak"",""pl"":""Mehmand Chak"",""pt"":""Mehmand Chak"",""pt-BR"":""Mehmand Chak"",""ru"":""Мехманд Чак"",""tr"":""Mehmand Çak"",""uk"":""Мехманд Чак"",""zh-CN"":""梅赫曼德·查克""}",2019-10-05T23:13:33,2025-12-02T14:38:56,1,Q112453
85605,Mehrabpur,3174,BA,167,PK,city,,,28.10773000,68.02554000,محراب پور,35263,Asia/Karachi,"{""ar"":""مهرابور"",""br"":""Mehrabpur"",""de"":""Mehrabpur"",""es"":""Mehrabpur"",""fa"":""مهراب پور"",""fr"":""Mehrabpur"",""hi"":""मेहराबपुर"",""hr"":""Mehrabpur"",""it"":""Mehrabpur"",""ja"":""メヘラブプル"",""ko"":""메흐라브푸르"",""nl"":""Mehrabpur"",""pl"":""Mehrabpur"",""pt"":""Mehrabpur"",""pt-BR"":""Mehrabpur"",""ru"":""Мехрабпур"",""tr"":""Mehrabpur"",""uk"":""Мехрабпур"",""zh-CN"":""梅赫拉布普尔""}",2019-10-05T23:13:33,2025-12-02T14:38:56,1,Q112453
85606,Mian Channun,3176,PB,167,PK,city,,,30.44067000,72.35679000,میاں چنوں,76226,Asia/Karachi,"{""ar"":""ميان تشانون"",""br"":""Mian Channun"",""de"":""Mian Channun"",""es"":""Mian Channun"",""fa"":""میان چانون"",""fr"":""Mian Channun"",""hi"":""मियां चन्नुन"",""hr"":""Mian Channun"",""it"":""Mian Channun"",""ja"":""ミアン・チャヌン"",""ko"":""미안 찬눈"",""nl"":""Mian Channun"",""pl"":""Miana Channuna"",""pt"":""Mian Channun"",""pt-BR"":""Mian Channun"",""ru"":""Миан Чаннун"",""tr"":""Mian Channun"",""uk"":""Міан Чаннун"",""zh-CN"":""绵灿农""}",2019-10-05T23:13:33,2025-12-02T14:39:31,1,Q4311575
85607,Mianke Mor,3176,PB,167,PK,city,,,31.20240000,73.94857000,میانکے موڑ,114530,Asia/Karachi,"{""ar"":""ميانكي مور"",""br"":""Mianke Mor"",""de"":""Mianke Mor"",""es"":""Mianke Mor"",""fa"":""میانکه مور"",""fr"":""Mianke Mor"",""hi"":""मियांके मोर"",""hr"":""Mianke Mor"",""it"":""Mianke Mor"",""ja"":""ミアンケ・モア"",""ko"":""미안케 모르"",""nl"":""Mianke Mor"",""pl"":""Mianke Mor"",""pt"":""Mianke Mor"",""pt-BR"":""Mianke Mor"",""ru"":""Мьянке Мор"",""tr"":""Mianke Mor"",""uk"":""Міанке Мор"",""zh-CN"":""米克·莫尔""}",2019-10-05T23:13:33,2025-12-02T14:39:31,1,Q4311575
85608,Mianwali,3176,PB,167,PK,adm2,,,32.57756000,71.52847000,میانوالی,129500,Asia/Karachi,"{""ar"":""ميانوالي"",""br"":""Mianwali"",""de"":""Mianwali"",""es"":""Mianwali"",""fa"":""میانوالی"",""fr"":""Mianwali"",""hi"":""मियांवाली"",""hr"":""Mianwali"",""it"":""Mianwali"",""ja"":""ミアンワリ"",""ko"":""미안왈리"",""nl"":""Mianwali"",""pl"":""Mianwali"",""pt"":""Mianwali"",""pt-BR"":""Mianwali"",""ru"":""Мьянвали"",""tr"":""Mianwali"",""uk"":""Міанвалі"",""zh-CN"":""米安瓦利""}",2019-10-05T23:13:33,2025-12-02T14:38:56,1,Q3307925
85609,Minchinabad,3176,PB,167,PK,city,,,30.16356000,73.56858000,منچن آباد,67164,Asia/Karachi,"{""ar"":""مينشيناباد"",""br"":""Minchinabad"",""de"":""Minchinabad"",""es"":""Minchinabad"",""fa"":""مینچین‌آباد"",""fr"":""Minchinabad"",""hi"":""मिन्चिनाबाद"",""hr"":""Minchinabad"",""it"":""Minchinabad"",""ja"":""ミンチナバード"",""ko"":""민치나바드"",""nl"":""Minchinabad"",""pl"":""Minchinabad"",""pt"":""Minchinabad"",""pt-BR"":""Minchinabad"",""ru"":""Минчинабад"",""tr"":""Minchinabad"",""uk"":""Мінчинабад"",""zh-CN"":""明奇纳巴德""}",2019-10-05T23:13:33,2025-12-02T14:39:31,1,Q3695838
85610,Mingora,3171,KP,167,PK,city,,,34.77950000,72.36265000,مینگورہ,279914,Asia/Karachi,"{""ar"":""مينجورا"",""br"":""Mingora"",""de"":""Mingora"",""es"":""Mingora"",""fa"":""مینگورا"",""fr"":""Mingora"",""hi"":""मिंगोरा"",""hr"":""Mingora"",""it"":""Mingora"",""ja"":""ミンゴラ"",""ko"":""밍고라"",""nl"":""Mingora"",""pl"":""Mingora"",""pt"":""Mingora"",""pt-BR"":""Mingora"",""ru"":""Мингора"",""tr"":""Mingora"",""uk"":""Мінгора"",""zh-CN"":""明戈拉""}",2019-10-05T23:13:33,2025-12-02T14:38:56,1,Q31356
85611,Miran Shah,3171,KP,167,PK,city,,,33.00059000,70.07117000,میران شاہ,3334,Asia/Karachi,"{""ar"":""ميران شاه"",""br"":""Miran Shah"",""de"":""Miran Shah"",""es"":""Miran Shah"",""fa"":""میران شاه"",""fr"":""Miran Shah"",""hi"":""मीरान शाह"",""hr"":""Miran Šah"",""it"":""Miran Shah"",""ja"":""ミラン・シャー"",""ko"":""미란 샤"",""nl"":""Miran Sjah"",""pl"":""Miran Szach"",""pt"":""Miran Xá"",""pt-BR"":""Miran Xá"",""ru"":""Миран Шах"",""tr"":""Miran Şah"",""uk"":""Міран Шах"",""zh-CN"":""米兰·沙阿""}",2019-10-05T23:13:33,2025-12-02T14:39:31,1,Q124385
85612,Miro Khan,3175,SD,167,PK,city,,,27.75985000,68.09195000,میرو خان,10590,Asia/Karachi,"{""ar"":""ميرو خان"",""br"":""Miro Khan"",""de"":""Miro Khan"",""es"":""Miró Khan"",""fa"":""میرو خان"",""fr"":""Miro Khan"",""hi"":""मीरो खान"",""hr"":""Miro Khan"",""it"":""Miro Khan"",""ja"":""ミロ・カーン"",""ko"":""미로 칸"",""nl"":""Miro Khan"",""pl"":""Miro Khan"",""pt"":""Miró Khan"",""pt-BR"":""Miró Khan"",""ru"":""Миро Хан"",""tr"":""Miro Han"",""uk"":""Міро Хан"",""zh-CN"":""米罗·汗""}",2019-10-05T23:13:33,2025-12-02T14:38:56,1,Q124385
85613,Mirpur Bhtoro,3175,SD,167,PK,city,,,24.72852000,68.26010000,میرپور بھٹورو,8866,Asia/Karachi,"{""ar"":""ميربور بهتورو"",""br"":""Mirpur Bhtoro"",""de"":""Mirpur Bhtoro"",""es"":""Mirpur Bhtoro"",""fa"":""میرپور بهتورو"",""fr"":""Mirpur Bhtoro"",""hi"":""मीरपुर भटोरो"",""hr"":""Mirpur Bhtoro"",""it"":""Mirpur Bhtoro"",""ja"":""ミルプル・ブトロ"",""ko"":""미르푸르 브토로"",""nl"":""Mirpur Bhtoro"",""pl"":""Mirpur Bhtoro"",""pt"":""Mirpur Bhtoro"",""pt-BR"":""Mirpur Bhtoro"",""ru"":""Мирпур Бхторо"",""tr"":""Mirpur Bhtoro"",""uk"":""Мірпур Бхторо"",""zh-CN"":""米尔布尔·博托罗""}",2019-10-05T23:13:33,2025-12-02T14:39:31,1,Q6874468
85614,Mirpur,3172,JK,167,PK,district,,,33.21556000,73.75144000,ضلع میرپور,0,Asia/Karachi,"{""ar"":""منطقة ميربور"",""br"":""Distrig Mirpur"",""de"":""Distrikt Mirpur"",""es"":""Distrito de Mirpur"",""fa"":""ناحیه میرپور"",""fr"":""District de Mirpur"",""hi"":""मीरपुर जिला"",""hr"":""Okrug Mirpur"",""it"":""Distretto di Mirpur"",""ja"":""ミルプール地区"",""ko"":""미르푸르 지구"",""nl"":""Mirpur District"",""pl"":""Dystrykt Mirpur"",""pt"":""Distrito de Mirpur"",""pt-BR"":""Distrito de Mirpur"",""ru"":""Район Мирпур"",""tr"":""Mirpur Bölgesi"",""uk"":""Район Мірпур"",""zh-CN"":""米尔布尔区""}",2019-10-05T23:13:33,2025-12-02T17:29:56,1,Q2571434
85615,Mirpur Khas,3175,SD,167,PK,adm2,,,25.52760000,69.01255000,میرپور خاص,236961,Asia/Karachi,"{""ar"":""ميربور خاص"",""br"":""Mirpur Khas"",""de"":""Mirpur Khas"",""es"":""Mirpur Khas"",""fa"":""میرپور خاص"",""fr"":""Mirpur Khas"",""hi"":""मीरपुर खास"",""hr"":""Mirpur Khas"",""it"":""Mirpur Khas"",""ja"":""ミルプール・カース"",""ko"":""미르푸르 카스"",""nl"":""Mirpur Khas"",""pl"":""Mirpur Khas"",""pt"":""Mirpur Khas"",""pt-BR"":""Mirpur Khas"",""ru"":""Мирпур Кхас"",""tr"":""Mirpur Khas"",""uk"":""Мірпур Хас"",""zh-CN"":""米尔布尔哈斯""}",2019-10-05T23:13:33,2025-12-02T14:38:56,1,Q1020490
85616,Mirpur Mathelo,3175,SD,167,PK,city,,,28.02136000,69.54914000,میرپور ماتھیلو,49311,Asia/Karachi,"{""ar"":""ميربور ماثيلو"",""br"":""Mirpur Mathelo"",""de"":""Mirpur Mathelo"",""es"":""Mirpur Mathelo"",""fa"":""میرپور متیلو"",""fr"":""Mirpur Mathelo"",""hi"":""मीरपुर माथेलो"",""hr"":""Mirpur Mathelo"",""it"":""Mirpur Mathelo"",""ja"":""ミルプール・マテロ"",""ko"":""미르푸르 마텔로"",""nl"":""Mirpur Mathelo"",""pl"":""Mirpur Mathelo"",""pt"":""Mirpur Mathelo"",""pt-BR"":""Mirpur Mathelo"",""ru"":""Мирпур Матело"",""tr"":""Mirpur Mathelo"",""uk"":""Мірпур Матело"",""zh-CN"":""米尔布尔·马特洛""}",2019-10-05T23:13:33,2025-12-02T14:38:56,1,Q1020490
85617,Mirpur Sakro,3175,SD,167,PK,city,,,24.54692000,67.62797000,میرپور ساکرو,8371,Asia/Karachi,"{""ar"":""ميربور ساكرو"",""br"":""Mirpur Sakro"",""de"":""Mirpur Sakro"",""es"":""Mirpur Sakro"",""fa"":""میرپور ساکرو"",""fr"":""Mirpur Sakro"",""hi"":""मीरपुर साकरो"",""hr"":""Mirpur Sakro"",""it"":""Mirpur Sakro"",""ja"":""ミルプル・サクロ"",""ko"":""미르푸르 사크로"",""nl"":""Mirpur Sakro"",""pl"":""Mirpur Sakro"",""pt"":""Mirpur Sakro"",""pt-BR"":""Mirpur Sakro"",""ru"":""Мирпур Сакро"",""tr"":""Mirpur Sakro"",""uk"":""Мірпур Сакро"",""zh-CN"":""米尔布尔萨克罗""}",2019-10-05T23:13:33,2025-12-02T14:38:56,1,Q1020490
85618,Mirwah Gorchani,3175,SD,167,PK,city,,,25.30981000,69.05019000,میرواہ گورچانی,12139,Asia/Karachi,"{""ar"":""ميرواه جورشاني"",""br"":""Mirwah Gorchani"",""de"":""Mirwah Gorchani"",""es"":""Mirwah Gorchani"",""fa"":""میروه گورچانی"",""fr"":""Mirwah Gorchani"",""hi"":""मीरवाह गोरचानी"",""hr"":""Mirwah Gorchani"",""it"":""Mirwah Gorchani"",""ja"":""ミルワ・ゴルチャニ"",""ko"":""미르와 고르차니"",""nl"":""Mirwah Gorchani"",""pl"":""Mirwah Gorchani"",""pt"":""Mirwah Gorchani"",""pt-BR"":""Mirwah Gorchani"",""ru"":""Мирва Горчани"",""tr"":""Mirwah Gorchani"",""uk"":""Мірва Горчані"",""zh-CN"":""米尔瓦·戈尔查尼""}",2019-10-05T23:13:33,2025-12-02T14:38:56,1,Q1020490
85619,Mitha Tiwana,3176,PB,167,PK,city,,,32.24540000,72.10615000,مٹھا ٹوانہ,26390,Asia/Karachi,"{""ar"":""ميثا تيوانا"",""br"":""Mitha Tiwana"",""de"":""Mitha Tiwana"",""es"":""Mitha Tiwana"",""fa"":""میتا تیوانا"",""fr"":""Mitha Tiwana"",""hi"":""मीठा तिवाना"",""hr"":""Mitha Tiwana"",""it"":""Mitha Tiwana"",""ja"":""ミタ・ティワナ"",""ko"":""미타 티와나"",""nl"":""Mitha Tiwana"",""pl"":""Mitha Tiwana"",""pt"":""Mitha Tiwana"",""pt-BR"":""Mitha Tiwana"",""ru"":""Мита Тивана"",""tr"":""Mitha Tiwana"",""uk"":""Міта Тівана"",""zh-CN"":""米塔·蒂瓦纳""}",2019-10-05T23:13:33,2025-12-02T14:38:56,1,Q1020490
85620,Mithi,3175,SD,167,PK,city,,,24.73701000,69.79707000,مٹھی,20079,Asia/Karachi,"{""ar"":""ميثي"",""br"":""Mithi"",""de"":""Mithi"",""es"":""Mithi"",""fa"":""میتی"",""fr"":""Mithi"",""hi"":""मिठी"",""hr"":""Mithi"",""it"":""Mithi"",""ja"":""ミティ"",""ko"":""미티"",""nl"":""Mithi"",""pl"":""Mithi"",""pt"":""Mithi"",""pt-BR"":""Mithi"",""ru"":""Мити"",""tr"":""Mithi"",""uk"":""Мітхі"",""zh-CN"":""米蒂""}",2019-10-05T23:13:33,2025-12-02T14:38:56,1,Q3246442
85621,Moro,3175,SD,167,PK,city,,,26.66317000,68.00016000,مورو,76765,Asia/Karachi,"{""ar"":""مورو"",""br"":""Moro"",""de"":""Moro"",""es"":""Moro"",""fa"":""مورو"",""fr"":""Moro"",""hi"":""मोरो"",""hr"":""Moro"",""it"":""Moro"",""ja"":""モロ"",""ko"":""모로"",""nl"":""Moro"",""pl"":""Moro"",""pt"":""Moro"",""pt-BR"":""Moro"",""ru"":""Моро"",""tr"":""Moro"",""uk"":""Моро"",""zh-CN"":""莫罗""}",2019-10-05T23:13:33,2025-12-02T14:38:56,1,Q3246442
85622,Moza Shahwala,3176,PB,167,PK,city,,,30.80563000,70.84911000,موضع شاہ والا,1200,Asia/Karachi,"{""ar"":""موزة شاهوالا"",""br"":""Moza Shahwala"",""de"":""Moza Shahwala"",""es"":""Moza Shahwala"",""fa"":""موزا شاه والا"",""fr"":""Moza Shahwala"",""hi"":""मोज़ा शाहवाला"",""hr"":""Moza Šahwala"",""it"":""Moza Shahwala"",""ja"":""モザ・シャーワラ"",""ko"":""모자 샤왈라"",""nl"":""Moza Shahwala"",""pl"":""Moza Shahwala"",""pt"":""Moza Shahwala"",""pt-BR"":""Moza Shahwala"",""ru"":""Моза Шахвала"",""tr"":""Moza Shahwala"",""uk"":""Моза Шахвала"",""zh-CN"":""莫扎·沙瓦拉""}",2019-10-05T23:13:33,2025-12-02T14:38:56,1,Q3246442
85623,Multan,3176,PB,167,PK,adm2,,,30.19679000,71.47824000,ملتان,1871843,Asia/Karachi,"{""ar"":""ملتان"",""br"":""Multan"",""de"":""Multan"",""es"":""Multán"",""fa"":""مولتان"",""fr"":""Multan"",""hi"":""मुल्तान"",""hr"":""Multan"",""it"":""Multan"",""ja"":""ムルタン"",""ko"":""물탄"",""nl"":""Multan"",""pl"":""Multan"",""pt"":""Multan"",""pt-BR"":""Multan"",""ru"":""Мултан"",""tr"":""Multan"",""uk"":""Мултан"",""zh-CN"":""木尔坦""}",2019-10-05T23:13:33,2025-12-02T14:38:56,1,Q185453
85624,Muridke,3176,PB,167,PK,city,,,31.80258000,74.25772000,مریدکے,163268,Asia/Karachi,"{""ar"":""موريدكي"",""br"":""Muridke"",""de"":""Muridke"",""es"":""Muridke"",""fa"":""موریدکه"",""fr"":""Muridke"",""hi"":""मुरीदके"",""hr"":""Muridke"",""it"":""Muridke"",""ja"":""ムリドケ"",""ko"":""무리드케"",""nl"":""Muridke"",""pl"":""Muridke"",""pt"":""Muridke"",""pt-BR"":""Muridke"",""ru"":""Муридке"",""tr"":""Muridke"",""uk"":""Мурідке"",""zh-CN"":""穆里德克""}",2019-10-05T23:13:33,2025-12-02T14:38:56,1,Q2978509
85625,Murree,3176,PB,167,PK,city,,,33.90836000,73.39030000,مری,20869,Asia/Karachi,"{""ar"":""موري"",""br"":""Murree"",""de"":""Murree"",""es"":""Murree"",""fa"":""موری"",""fr"":""Murree"",""hi"":""मरी"",""hr"":""Murree"",""it"":""Uria"",""ja"":""ムリー"",""ko"":""무리"",""nl"":""Murree"",""pl"":""Murree"",""pt"":""Murree"",""pt-BR"":""Murree"",""ru"":""Мурри"",""tr"":""Murree"",""uk"":""Муррі"",""zh-CN"":""穆里""}",2019-10-05T23:13:33,2025-12-02T14:38:56,1,Q1020224
85626,Mustafabad,3176,PB,167,PK,city,,,30.89222000,73.49889000,مصطفی آباد,45795,Asia/Karachi,"{""ar"":""مصطفى آباد"",""br"":""Mustafabad"",""de"":""Mustafabad"",""es"":""Mustafabad"",""fa"":""مصطفی‌آباد"",""fr"":""Mustafabad"",""hi"":""मुस्तफाबाद"",""hr"":""Mustafabad"",""it"":""Mustafabad"",""ja"":""ムスタファバード"",""ko"":""무스타파바드"",""nl"":""Mustafabad"",""pl"":""Mustafabad"",""pt"":""Mustafabad"",""pt-BR"":""Mustafabad"",""ru"":""Мустафабад"",""tr"":""Mustafabad"",""uk"":""Мустафабад"",""zh-CN"":""穆斯塔法巴德""}",2019-10-05T23:13:33,2025-12-02T14:38:56,1,Q1020224
85627,Muzaffargarh,3176,PB,167,PK,adm2,,,30.07258000,71.19379000,مظفر گڑھ,235541,Asia/Karachi,"{""ar"":""مظفرجاره"",""br"":""Muzaffargarh"",""de"":""Muzaffargarh"",""es"":""Muzaffargarh"",""fa"":""مظفرگره"",""fr"":""Muzaffargarh"",""hi"":""मुज़फ्फरगढ़"",""hr"":""Muzaffargarh"",""it"":""Muzaffargarh"",""ja"":""ムザッファルガル"",""ko"":""무자파르가르"",""nl"":""Muzaffargarh"",""pl"":""Muzaffargarh"",""pt"":""Muzaffargarh"",""pt-BR"":""Muzaffargarh"",""ru"":""Музаффаргарх"",""tr"":""Muzaffergarh"",""uk"":""Музаффаргарх"",""zh-CN"":""穆扎法尔加尔""}",2019-10-05T23:13:33,2025-12-02T14:39:31,1,Q301627
85628,Muzaffarābād,3172,JK,167,PK,adm1,,,34.37002000,73.47082000,مظفرآباد,725000,Asia/Karachi,"{""ar"":""مظفر آباد"",""br"":""Muzaffarābād"",""de"":""Muzaffarābād"",""es"":""Muzaffarabad"",""fa"":""مظفرآباد"",""fr"":""Muzaffarabad"",""hi"":""मुज़फ़्फ़राबाद"",""hr"":""Muzaffarābād"",""it"":""Muzaffarābād"",""ja"":""ムザファラバード"",""ko"":""무자파라바드"",""nl"":""Muzaffarābād"",""pl"":""Muzaffarābād"",""pt"":""Muzaffarabad"",""pt-BR"":""Muzaffarabad"",""ru"":""Музаффарабад"",""tr"":""Muzafferabad"",""uk"":""Музаффарабад"",""zh-CN"":""穆扎法拉巴德""}",2019-10-05T23:13:33,2025-12-02T14:38:56,1,Q461307
85629,Mūsa Khel,3174,BA,167,PK,district,,,30.84937000,69.90069000,ضلع موسیٰ خیل,,Asia/Karachi,"{""ar"":""منطقة موسى خيل"",""br"":""Distrig Mūsa Khel"",""de"":""Distrikt Mūsa Khel"",""es"":""Distrito de Mūsa Khel"",""fa"":""شهرستان موسی خیل"",""fr"":""District de Mūsa Khel"",""hi"":""मूसा खेल जिला"",""hr"":""Okrug Mūsa Khel"",""it"":""Distretto di Mūsa Khel"",""ja"":""ムーサケル地区"",""ko"":""무사 켈 지구"",""nl"":""District Mūsa Khel"",""pl"":""Dystrykt Mūsa Khel"",""pt"":""Distrito de Mūsa Khel"",""pt-BR"":""Distrito de Mūsa Khel"",""ru"":""Район Муса-Хель"",""tr"":""Mūsa Khel Bölgesi"",""uk"":""Район Муса-Хель"",""zh-CN"":""穆萨凯尔区""}",2019-10-05T23:13:33,2025-12-02T17:03:53,1,Q461307
85630,Nabisar,3175,SD,167,PK,city,,,25.06717000,69.64340000,نبیسر,6256,Asia/Karachi,"{""ar"":""نبيسار"",""br"":""Nabisar"",""de"":""Nabisar"",""es"":""Nabisar"",""fa"":""نبیسار"",""fr"":""Nabisar"",""hi"":""नबीसर"",""hr"":""Nabisar"",""it"":""Nabisar"",""ja"":""ナビサール"",""ko"":""나비사르"",""nl"":""Nabisar"",""pl"":""Nabisar"",""pt"":""Nabisar"",""pt-BR"":""Nabisar"",""ru"":""Набисар"",""tr"":""Nabisar"",""uk"":""Набісар"",""zh-CN"":""纳比萨尔""}",2019-10-05T23:13:33,2025-12-02T14:38:56,1,Q461307
85631,Nankana Sahib,3176,PB,167,PK,city,,,31.45010000,73.70653000,ننکانہ صاحب,63073,Asia/Karachi,"{""ar"":""نانكانا صاحب"",""br"":""Nankana Sahib"",""de"":""Nankana Sahib"",""es"":""Nankana Sahib"",""fa"":""ننکانا صاحب"",""fr"":""Nankana Sahib"",""hi"":""ननकाना साहिब"",""hr"":""Nankana Sahib"",""it"":""Nankana Sahib"",""ja"":""ナンカナ・サーヒブ"",""ko"":""난카나 사히브"",""nl"":""Nankana Sahib"",""pl"":""Nankana Sahib"",""pt"":""Nankana Sahib"",""pt-BR"":""Nankana Sahib"",""ru"":""Нанкана Сахиб"",""tr"":""Nankana Sahib"",""uk"":""Нанкана Сахіб"",""zh-CN"":""南卡纳·萨希布""}",2019-10-05T23:13:33,2025-12-02T14:38:56,1,Q2353077
85632,Narang Mandi,3176,PB,167,PK,city,,,31.90376000,74.51587000,نارنگ منڈی,34778,Asia/Karachi,"{""ar"":""نارانج ماندي"",""br"":""Narang Mandi"",""de"":""Narang Mandi"",""es"":""Narang Mandi"",""fa"":""نارنگ مندی"",""fr"":""Narang Mandi"",""hi"":""नारंग मंडी"",""hr"":""Narang Mandi"",""it"":""Narang Mandi"",""ja"":""ナラン・マンディ"",""ko"":""나랑 만디"",""nl"":""Narang Mandi"",""pl"":""Narang Mandi"",""pt"":""Narang Mandi"",""pt-BR"":""Narang Mandi"",""ru"":""Наранг Манди"",""tr"":""Narang Mandi"",""uk"":""Наранг Манді"",""zh-CN"":""纳朗曼迪""}",2019-10-05T23:13:33,2025-12-02T14:38:56,1,Q6965345
85633,Narowal,3176,PB,167,PK,adm2,,,32.10197000,74.87303000,نارووال,130692,Asia/Karachi,"{""ar"":""ناروال"",""br"":""Narowal"",""de"":""Narowal"",""es"":""Narowal"",""fa"":""نارووال"",""fr"":""Narowal"",""hi"":""नारोवाल"",""hr"":""Narowal"",""it"":""Narowal"",""ja"":""ナロワル"",""ko"":""나로왈"",""nl"":""Narowal"",""pl"":""Narowal"",""pt"":""Narowal"",""pt-BR"":""Narowal"",""ru"":""Наровал"",""tr"":""Narowal"",""uk"":""Наровал"",""zh-CN"":""纳罗瓦尔""}",2019-10-05T23:13:33,2025-12-02T14:39:31,1,Q2977081
85634,Nasirabad,3175,SD,167,PK,city,,,27.38137000,67.91644000,نصیرآباد,27809,Asia/Karachi,"{""ar"":""ناصر آباد"",""br"":""Nasirabad"",""de"":""Nasirabad"",""es"":""Nasirabad"",""fa"":""نصیرآباد"",""fr"":""Nasirabad"",""hi"":""नसीराबाद"",""hr"":""Nasirabad"",""it"":""Nasirabad"",""ja"":""ナシラバード"",""ko"":""나시라바드"",""nl"":""Nasirabad"",""pl"":""Nasirabad"",""pt"":""Nasirabad"",""pt-BR"":""Nasirabad"",""ru"":""Насирабад"",""tr"":""Nasirabad"",""uk"":""Насірабад"",""zh-CN"":""纳西拉巴德""}",2019-10-05T23:13:33,2025-12-02T14:38:56,1,Q2977081
85635,Nasīrābād,3174,BA,167,PK,district,,,28.62643000,68.12925000,ضلع نصیرآباد,563315,Asia/Karachi,"{""ar"":""منطقة نصير آباد"",""br"":""Distrig Nasīrābād"",""de"":""Distrikt Nasīrābād"",""es"":""Distrito de Nasīrābād"",""fa"":""شهرستان نصیرآباد"",""fr"":""District de Nasīrābād"",""hi"":""नसीराबाद जिला"",""hr"":""Okrug Nasirabad"",""it"":""Distretto di Nasīrābād"",""ja"":""ナシーラバード地区"",""ko"":""나시라바드 지구"",""nl"":""District Nasīrābād"",""pl"":""Dystrykt Nasirābād"",""pt"":""Distrito de Nasīrābād"",""pt-BR"":""Distrito de Nasīrābād"",""ru"":""Район Насирабад"",""tr"":""Nasīrābād Bölgesi"",""uk"":""Насірабадський район"",""zh-CN"":""纳西拉巴德区""}",2019-10-05T23:13:34,2025-12-02T17:03:53,1,Q2315447
85636,Naudero,3175,SD,167,PK,city,,,27.66684000,68.36090000,نوڈیرو,33455,Asia/Karachi,"{""ar"":""نوديرو"",""br"":""Naudero"",""de"":""Naudero"",""es"":""Naudero"",""fa"":""نائودرو"",""fr"":""Naudero"",""hi"":""नौडेरो"",""hr"":""Naudero"",""it"":""Naudero"",""ja"":""ナウデロ"",""ko"":""나우데로"",""nl"":""Naudero"",""pl"":""Naudero"",""pt"":""Naudero"",""pt-BR"":""Naudero"",""ru"":""Наудеро"",""tr"":""Naudero"",""uk"":""Наудеро"",""zh-CN"":""瑙德罗""}",2019-10-05T23:13:34,2025-12-02T14:38:56,1,Q3695612
85637,Naukot,3175,SD,167,PK,city,,,24.85822000,69.40153000,نوکوٹ,22081,Asia/Karachi,"{""ar"":""ناوكوت"",""br"":""Naukot"",""de"":""Naukot"",""es"":""Naukot"",""fa"":""ناکوت"",""fr"":""Naukot"",""hi"":""नौकोट"",""hr"":""Naukot"",""it"":""Naukot"",""ja"":""ナウコット"",""ko"":""나우코트"",""nl"":""Naukot"",""pl"":""Naukot"",""pt"":""Naukot"",""pt-BR"":""Naukot"",""ru"":""Наукот"",""tr"":""Naukot"",""uk"":""Наукот"",""zh-CN"":""瑙科特""}",2019-10-05T23:13:34,2025-12-02T14:38:56,1,Q3695612
85638,Naushahra Virkan,3176,PB,167,PK,city,,,31.96258000,73.97117000,نوشہرہ ورکاں,40853,Asia/Karachi,"{""ar"":""نوشهرا فيركان"",""br"":""Naushahra Virkan"",""de"":""Naushahra Virkan"",""es"":""Naushahra Virkan"",""fa"":""نوشهرا ویرکان"",""fr"":""Naushahra Virkan"",""hi"":""नौशहरा विरकान"",""hr"":""Naušahra Virkan"",""it"":""Naushahra Virkan"",""ja"":""ナウシャラ・ヴィルカン"",""ko"":""나우샤라 비르칸"",""nl"":""Naushahra Virkan"",""pl"":""Naushahra Virkan"",""pt"":""Naushahra Virkan"",""pt-BR"":""Naushahra Virkan"",""ru"":""Наушахра Виркан"",""tr"":""Naushahra Virkan"",""uk"":""Наушахра Віркан"",""zh-CN"":""瑙莎拉·维尔坎""}",2019-10-05T23:13:34,2025-12-02T14:38:56,1,Q3695612
85639,Naushahro Firoz,3175,SD,167,PK,adm2,,,26.84010000,68.12265000,نوشہرو فیروز,17631,Asia/Karachi,"{""ar"":""نوشهرو فيروز"",""br"":""Naushahro Firoz"",""de"":""Naushahro Firoz"",""es"":""Naushahro Firoz"",""fa"":""نوشهرو فیروز"",""fr"":""Naushahro Firoz"",""hi"":""नौशाहरो फ़िरोज़"",""hr"":""Naušahro Firoz"",""it"":""Naushahro Firoz"",""ja"":""ナウシャロ・フィロズ"",""ko"":""나우샤로 피로즈"",""nl"":""Naushahro Firoz"",""pl"":""Naushahro Firoz"",""pt"":""Naushahro Firoz"",""pt-BR"":""Naushahro Firoz"",""ru"":""Наушахро Фироз"",""tr"":""Naushahro Firoz"",""uk"":""Наушахро Фіроз"",""zh-CN"":""瑙沙罗·菲罗兹""}",2019-10-05T23:13:34,2025-12-02T14:39:31,1,Q3695612
85640,Nawabshah,3175,SD,167,PK,adm2,,,26.23939000,68.40369000,نواب شاہ,363138,Asia/Karachi,"{""ar"":""نواب شاه"",""br"":""Nawabshah"",""de"":""Nawabshah"",""es"":""Nawabshah"",""fa"":""نوابشاه"",""fr"":""Nawabshah"",""hi"":""नवाबशाह"",""hr"":""Nawabshah"",""it"":""Nawabshah"",""ja"":""ナワーブシャー"",""ko"":""나와브샤"",""nl"":""Nawabshah"",""pl"":""Nawabshah"",""pt"":""Nawabshah"",""pt-BR"":""Nawabshah"",""ru"":""Навабшах"",""tr"":""Nevabşah"",""uk"":""Навабшах"",""zh-CN"":""纳瓦布沙""}",2019-10-05T23:13:34,2025-12-02T14:39:31,1,Q1017637
85641,Nazir Town,3176,PB,167,PK,city,,,33.30614000,73.48330000,نذیر ٹاؤن,6750,Asia/Karachi,"{""ar"":""بلدة نذير"",""br"":""Kêr Nazir"",""de"":""Nazir-Stadt"",""es"":""Ciudad de Nazir"",""fa"":""شهرک نظیر"",""fr"":""Ville de Nazir"",""hi"":""नज़ीर टाउन"",""hr"":""Nazir Town"",""it"":""Città di Nazir"",""ja"":""ナジールタウン"",""ko"":""나지르 타운"",""nl"":""Nazir-stad"",""pl"":""Miasto Nazir"",""pt"":""Cidade de Nazir"",""pt-BR"":""Cidade de Nazir"",""ru"":""Город Назир"",""tr"":""Nazir Kasabası"",""uk"":""Місто Назір"",""zh-CN"":""纳齐尔镇""}",2019-10-05T23:13:34,2025-12-02T14:39:31,1,Q1017637
85642,New Bādāh,3175,SD,167,PK,city,,,27.34167000,68.03194000,نیا بدہ,38855,Asia/Karachi,"{""ar"":""نيو باداه"",""br"":""Bādāh nevez"",""de"":""Neues Bādāh"",""es"":""Nueva Bādāh"",""fa"":""بداهه جدید"",""fr"":""Nouveau Bādāh"",""hi"":""नया बादाह"",""hr"":""Novi Badah"",""it"":""Nuovo Bādāh"",""ja"":""ニュー・バダ"",""ko"":""뉴 바다"",""nl"":""Nieuwe Bādāh"",""pl"":""Nowy Badah"",""pt"":""Nova Bādāh"",""pt-BR"":""Nova Bādāh"",""ru"":""Новый Бадах"",""tr"":""Yeni Bādāh"",""uk"":""Новий Бадах"",""zh-CN"":""新巴达""}",2019-10-05T23:13:34,2025-12-02T14:38:56,1,Q1017637
85643,New Mirpur,3172,JK,167,PK,adm2,,,33.14782000,73.75187000,نیو میرپور,124352,Asia/Karachi,"{""ar"":""نيو ميربور"",""br"":""Mirpur nevez"",""de"":""Neues Mirpur"",""es"":""Nuevo Mirpur"",""fa"":""میرپور جدید"",""fr"":""Nouveau Mirpur"",""hi"":""न्यू मीरपुर"",""hr"":""Novi Mirpur"",""it"":""Nuovo Mirpur"",""ja"":""ニューミルプール"",""ko"":""뉴 미르푸르"",""nl"":""Nieuw Mirpur"",""pl"":""Nowy Mirpur"",""pt"":""Nova Mirpur"",""pt-BR"":""Nova Mirpur"",""ru"":""Новый Мирпур"",""tr"":""Yeni Mirpur"",""uk"":""Нью-Мірпур"",""zh-CN"":""新米尔普尔""}",2019-10-05T23:13:34,2025-12-02T14:39:31,1,Q2579925
85644,Noorabad,3171,KP,167,PK,city,,,34.25195000,71.96656000,نورآباد,1100,Asia/Karachi,"{""ar"":""نوراباد"",""br"":""Noorabad"",""de"":""Noorabad"",""es"":""Noorabad"",""fa"":""نورآباد"",""fr"":""Noorabad"",""hi"":""नूराबाद"",""hr"":""Noorabad"",""it"":""Noorabad"",""ja"":""ヌーラバード"",""ko"":""누라바드"",""nl"":""Noorabad"",""pl"":""Noorabad"",""pt"":""Noorabad"",""pt-BR"":""Noorabad"",""ru"":""Нурабад"",""tr"":""Nurabad"",""uk"":""Нурабад"",""zh-CN"":""诺拉巴德""}",2019-10-05T23:13:34,2025-12-02T14:39:31,1,Q2579925
85645,North Wazīristān Agency,3171,KP,167,PK,city,,,32.95087000,69.95764000,شمالی وزیرستان ایجنسی,,Asia/Karachi,"{""ar"":""وكالة شمال وزيرستان"",""br"":""Ajañs Norzh Wazīristān"",""de"":""Agentur Nord-Waziristan"",""es"":""Agencia de Wazīristān del Norte"",""fa"":""منطقه وزیرستان شمالی"",""fr"":""Agence du Waziristan du Nord"",""hi"":""उत्तरी वज़ीरिस्तान एजेंसी"",""hr"":""Agencija Sjeverni Waziristan"",""it"":""Agenzia del Wazīristān del Nord"",""ja"":""北ワジリスタン代理店"",""ko"":""북 와지리스탄 기관"",""nl"":""Noord-Waziristan Agentschap"",""pl"":""Agencja Północnego Wazīristānu"",""pt"":""Agência do Waziristão do Norte"",""pt-BR"":""Agência do Waziristão do Norte"",""ru"":""Агентство Северный Вазиристан"",""tr"":""Kuzey Veziristan Ajansı"",""uk"":""Агентство Північного Вазіристану"",""zh-CN"":""北瓦济里斯坦特区""}",2019-10-05T23:13:34,2025-12-02T16:59:27,1,Q2579925
85646,Nowshera,3171,KP,167,PK,adm2,,,34.01583000,71.98123000,نوشہرہ,0,Asia/Karachi,"{""ar"":""ناوشيرا"",""br"":""Nowshera"",""de"":""Nowshera"",""es"":""Nowshera"",""fa"":""نوشهره"",""fr"":""Nowshera"",""hi"":""नौशेरा"",""hr"":""Nowshera"",""it"":""Nowshera"",""ja"":""ノウシェラ"",""ko"":""나우셰라"",""nl"":""Nowshera"",""pl"":""Nowshera"",""pt"":""Nowshera"",""pt-BR"":""Nowshera"",""ru"":""Новшера"",""tr"":""Nowshera"",""uk"":""Новшера"",""zh-CN"":""瑙谢拉""}",2019-10-05T23:13:34,2025-12-02T14:39:31,1,Q2003745
85647,Nowshera Cantonment,3171,KP,167,PK,city,,,33.99829000,71.99834000,نوشہرہ چھاؤنی ۔,96766,Asia/Karachi,"{""ar"":""معسكر ناوشيرا"",""br"":""Kanton Nowshera"",""de"":""Nowshera-Bezirk"",""es"":""Acantonamiento de Nowshera"",""fa"":""اردوگاه نوشهره"",""fr"":""Cantonnement de Nowshera"",""hi"":""नौशेरा छावनी"",""hr"":""Kanton Nowshera"",""it"":""Cantonment di Nowshera"",""ja"":""ノウシェラ駐屯地"",""ko"":""나우셰라 주둔지"",""nl"":""Nowshera Kantonnement"",""pl"":""Nowshera Cantonment"",""pt"":""Acantonamento de Nowshera"",""pt-BR"":""Acantonamento de Nowshera"",""ru"":""Кантонмент Новшера"",""tr"":""Nowshera Kışlası"",""uk"":""Кантонмент Наушера"",""zh-CN"":""瑙谢拉兵营""}",2019-10-05T23:13:34,2025-12-02T14:38:56,1,Q2003745
85648,Nushki,3174,BA,167,PK,city,,,29.55218000,66.02288000,نوشکی,27680,Asia/Karachi,"{""ar"":""نوشكي"",""br"":""Nushki"",""de"":""Nushki"",""es"":""Nushki"",""fa"":""نوشکی"",""fr"":""Nushki"",""hi"":""नुष्की"",""hr"":""Nuški"",""it"":""Nushki"",""ja"":""ヌシュキ"",""ko"":""누시키"",""nl"":""Nushki"",""pl"":""Nuszki"",""pt"":""Nushki"",""pt-BR"":""Nushki"",""ru"":""Нушки"",""tr"":""Nushki"",""uk"":""Нушкі"",""zh-CN"":""努什基""}",2019-10-05T23:13:34,2025-12-02T14:38:56,1,Q34759319
85650,Okara,3176,PB,167,PK,adm2,,,30.81029000,73.45155000,اوکاڑہ,533693,Asia/Karachi,"{""ar"":""أوكارا"",""br"":""Okara"",""de"":""Okara"",""es"":""Okara"",""fa"":""اوکارا"",""fr"":""Okara"",""hi"":""ओकारा"",""hr"":""Okara"",""it"":""Okara"",""ja"":""おから"",""ko"":""오카라"",""nl"":""Okara"",""pl"":""Okara"",""pt"":""Okara"",""pt-BR"":""Okara"",""ru"":""Окара"",""tr"":""Okara"",""uk"":""Окара"",""zh-CN"":""豆渣""}",2019-10-05T23:13:34,2025-12-02T14:39:31,1,Q968211
85651,Ormara,3174,BA,167,PK,city,,,25.21018000,64.63626000,اورماڑہ,13026,Asia/Karachi,"{""ar"":""أورمارا"",""br"":""Ormara"",""de"":""Ormara"",""es"":""Ormara"",""fa"":""اورمارا"",""fr"":""Ormara"",""hi"":""ओरमारा"",""hr"":""Ormara"",""it"":""Ormara"",""ja"":""オルマラ"",""ko"":""오르마라"",""nl"":""Ormara"",""pl"":""Ormara"",""pt"":""Ormara"",""pt-BR"":""Ormara"",""ru"":""Ормара"",""tr"":""Ormara"",""uk"":""Ормара"",""zh-CN"":""奥尔马拉""}",2019-10-05T23:13:34,2025-12-02T14:38:56,1,Q1188222
85652,Pabbi,3171,KP,167,PK,city,,,34.00968000,71.79445000,پبی,52701,Asia/Karachi,"{""ar"":""بابي"",""br"":""Pabbi"",""de"":""Pabbi"",""es"":""Pabbi"",""fa"":""پابی"",""fr"":""Pabbi"",""hi"":""पब्बि"",""hr"":""Pabbi"",""it"":""Pabbi"",""ja"":""パビ"",""ko"":""파비"",""nl"":""Pabbi"",""pl"":""Pabbi"",""pt"":""Pabbi"",""pt-BR"":""Pabbi"",""ru"":""Пабби"",""tr"":""Pabbi"",""uk"":""Паббі"",""zh-CN"":""帕比""}",2019-10-05T23:13:34,2025-12-02T14:39:31,1,Q3045006
85653,Pad Idan,3175,SD,167,PK,city,,,26.77455000,68.30094000,پیڈ عدن,20919,Asia/Karachi,"{""ar"":""باد إيدان"",""br"":""Pad Idan"",""de"":""Pad Idan"",""es"":""Almohadilla Idan"",""fa"":""پد آیدان"",""fr"":""Pad Idan"",""hi"":""पैड इदान"",""hr"":""Pad Idan"",""it"":""Pad Idan"",""ja"":""パッド・イダン"",""ko"":""파드 이단"",""nl"":""Pad Idan"",""pl"":""Pad Idan"",""pt"":""Pad Idan"",""pt-BR"":""Pad Idan"",""ru"":""Пад Идан"",""tr"":""Pad Idan"",""uk"":""Пад Ідан"",""zh-CN"":""帕德伊丹""}",2019-10-05T23:13:34,2025-12-02T14:39:31,1,Q3045006
85654,Paharpur,3171,KP,167,PK,city,,,32.10502000,70.97055000,پہاڑ پور,17294,Asia/Karachi,"{""ar"":""باهاربور"",""br"":""Paharpur"",""de"":""Paharpur"",""es"":""Paharpur"",""fa"":""پهارپور"",""fr"":""Paharpur"",""hi"":""पहाड़पुर"",""hr"":""Paharpur"",""it"":""Paharpur"",""ja"":""パハルプル"",""ko"":""파하르푸르"",""nl"":""Paharpur"",""pl"":""Paharpur"",""pt"":""Paharpur"",""pt-BR"":""Paharpur"",""ru"":""Пахарпур"",""tr"":""Paharpur"",""uk"":""Пахарпур"",""zh-CN"":""帕哈尔普尔""}",2019-10-05T23:13:34,2025-12-02T14:38:56,1,Q3045006
85655,Pakpattan,3176,PB,167,PK,adm2,,,30.34314000,73.38944000,پاکپتن,139525,Asia/Karachi,"{""ar"":""باكباتان"",""br"":""Pakpattan"",""de"":""Pakpattan"",""es"":""Pakpattan"",""fa"":""پاکپاتان"",""fr"":""Pakpattan"",""hi"":""Pakpattan"",""hr"":""Pakpattan"",""it"":""Pakpattan"",""ja"":""パクパタン"",""ko"":""파크파탄"",""nl"":""Pakpattan"",""pl"":""Pakpattan"",""pt"":""Paquistão"",""pt-BR"":""Paquistão"",""ru"":""Пакпаттан"",""tr"":""Pakpattan"",""uk"":""Пакпаттан"",""zh-CN"":""帕克帕坦""}",2019-10-05T23:13:34,2025-12-02T14:38:56,1,Q1249801
85656,Panjgūr,3174,BA,167,PK,district,,,26.73750000,64.20380000,ضلع پنجگور,509781,Asia/Karachi,"{""ar"":""منطقة بنجكور"",""br"":""Distrig Panjgūr"",""de"":""Bezirk Panjgūr"",""es"":""Distrito de Panjgūr"",""fa"":""ناحیه پنجگور"",""fr"":""District de Panjgūr"",""hi"":""पंजगुर जिला"",""hr"":""Okrug Panjgūr"",""it"":""Distretto di Panjgūr"",""ja"":""パンジグル地区"",""ko"":""판주르 지구"",""nl"":""Panjgūr District"",""pl"":""Dystrykt Panjgūr"",""pt"":""Distrito de Panjgūr"",""pt-BR"":""Distrito de Panjgūr"",""ru"":""Район Панджгур"",""tr"":""Panjgūr Bölgesi"",""uk"":""Район Панджгур"",""zh-CN"":""旁遮普县""}",2019-10-05T23:13:34,2025-12-02T17:03:53,1,Q2428944
85657,Pano Aqil,3175,SD,167,PK,city,,,27.85619000,69.11111000,پنو عاقل,72881,Asia/Karachi,"{""ar"":""بانو عقيل"",""br"":""Pano Aqil"",""de"":""Pano Aqil"",""es"":""Pano Aqil"",""fa"":""پانو عقیل"",""fr"":""Pano Aqil"",""hi"":""पानो अकील"",""hr"":""Pano Aqil"",""it"":""Pano Aqil"",""ja"":""パノ・アキル"",""ko"":""파노 아킬"",""nl"":""Pano Aqil"",""pl"":""Pano Aqil"",""pt"":""Pano Aqil"",""pt-BR"":""Pano Aqil"",""ru"":""Пано Акил"",""tr"":""Pano Aqil"",""uk"":""Пано Акіл"",""zh-CN"":""帕诺阿基尔""}",2019-10-05T23:13:34,2025-12-02T14:39:31,1,Q7131436
85658,Pasni,3174,BA,167,PK,city,,,25.26302000,63.46921000,پسنی,33110,Asia/Karachi,"{""ar"":""باسني"",""br"":""Pasni"",""de"":""Pasni"",""es"":""Pasni"",""fa"":""پاسنی"",""fr"":""Pasni"",""hi"":""पासनी"",""hr"":""Pasni"",""it"":""Pasni"",""ja"":""パスニ"",""ko"":""파스니"",""nl"":""Pasni"",""pl"":""Pasni"",""pt"":""Pasni"",""pt-BR"":""Pasni"",""ru"":""Пасни"",""tr"":""Pasni"",""uk"":""Пасні"",""zh-CN"":""帕斯尼""}",2019-10-05T23:13:34,2025-12-02T14:38:56,1,Q715199
85659,Pasrur,3176,PB,167,PK,city,,,32.26286000,74.66327000,پسرور,58644,Asia/Karachi,"{""ar"":""باسور"",""br"":""Pasrur"",""de"":""Pasrur"",""es"":""Pasrur"",""fa"":""پسرور"",""fr"":""Pasrur"",""hi"":""पसरूर"",""hr"":""Pasrur"",""it"":""Pasrur"",""ja"":""パスル"",""ko"":""파스루르"",""nl"":""Pasrur"",""pl"":""Pasrur"",""pt"":""Pasrur"",""pt-BR"":""Pasrur"",""ru"":""Пасрур"",""tr"":""Pasrur"",""uk"":""Пасрур"",""zh-CN"":""帕斯鲁尔""}",2019-10-05T23:13:34,2025-12-02T14:38:56,1,Q3246361
85660,Pattoki,3176,PB,167,PK,city,,,31.02021000,73.85333000,پتوکی,77210,Asia/Karachi,"{""ar"":""باتوكي"",""br"":""Pattoki"",""de"":""Pattoki"",""es"":""Pattoki"",""fa"":""پاتوکی"",""fr"":""Pattoki"",""hi"":""पट्टोकी"",""hr"":""Pattoki"",""it"":""Pattoki"",""ja"":""パトキ"",""ko"":""파토키"",""nl"":""Pattoki"",""pl"":""Pattoki"",""pt"":""Pattoki"",""pt-BR"":""Pattoki"",""ru"":""Паттоки"",""tr"":""Pattoki"",""uk"":""Паттокі"",""zh-CN"":""帕托基""}",2019-10-05T23:13:34,2025-12-02T14:38:56,1,Q2592708
85661,Peshawar,3171,KP,167,PK,adm1,,,34.00800000,71.57849000,پشاور,4758762,Asia/Karachi,"{""ar"":""بيشاور"",""br"":""Peshawar"",""de"":""Peschawar"",""es"":""Peshawar"",""fa"":""پیشاور"",""fr"":""Peshawar"",""hi"":""पेशावर"",""hr"":""Pešavar"",""it"":""Peshawar"",""ja"":""ペシャワール"",""ko"":""페샤와르"",""nl"":""Peshawar"",""pl"":""Peszawar"",""pt"":""Peshawar"",""pt-BR"":""Peshawar"",""ru"":""Пешавар"",""tr"":""Peşaver"",""uk"":""Пешавар"",""zh-CN"":""白沙瓦""}",2019-10-05T23:13:34,2025-12-02T14:39:31,1,Q1113311
85662,Phalia,3176,PB,167,PK,city,,,32.43104000,73.57900000,پھالیہ,24789,Asia/Karachi,"{""ar"":""فاليا"",""br"":""Phalia"",""de"":""Phalia"",""es"":""Phalia"",""fa"":""فالیا"",""fr"":""Phalie"",""hi"":""फलिया"",""hr"":""Falija"",""it"":""Falia"",""ja"":""ファリア"",""ko"":""팔리아"",""nl"":""Falaia"",""pl"":""Falia"",""pt"":""Phalia"",""pt-BR"":""Phalia"",""ru"":""Фалия"",""tr"":""Falia"",""uk"":""Фалія"",""zh-CN"":""法利亚""}",2019-10-05T23:13:34,2025-12-02T14:38:56,1,Q3696336
85663,Pind Dadan Khan,3176,PB,167,PK,city,,,32.58662000,73.04456000,پنڈ دادن خان,22001,Asia/Karachi,"{""ar"":""بيند دادان خان"",""br"":""Pind Dadan Khan"",""de"":""Pind Dadan Khan"",""es"":""Pind Dadan Khan"",""fa"":""پند دادن خان"",""fr"":""Pind Dadan Khan"",""hi"":""पिंड दादन खान"",""hr"":""Pind Dadan Khan"",""it"":""Pind Dadan Khan"",""ja"":""ピンド・ダダン・カーン"",""ko"":""핀드 다단 칸"",""nl"":""Pind Dadan Khan"",""pl"":""Pind Dadan Khan"",""pt"":""Pind Dadan Khan"",""pt-BR"":""Pind Dadan Khan"",""ru"":""Пинд Дадан Хан"",""tr"":""Pind Dadan Khan"",""uk"":""Пінд Дадан Хан"",""zh-CN"":""平德·达丹·汗""}",2019-10-05T23:13:34,2025-12-02T14:38:56,1,Q3696336
85664,Pindi Bhattian,3176,PB,167,PK,city,,,31.89844000,73.27339000,پنڈی بھٹیاں,35088,Asia/Karachi,"{""ar"":""بيندي بهاتيان"",""br"":""Pindi Bhattian"",""de"":""Pindi Bhattian"",""es"":""Pindi Bhattian"",""fa"":""پیندی باتیان"",""fr"":""Pindi Bhattian"",""hi"":""पिंडी भट्टियां"",""hr"":""Pindi Bhattian"",""it"":""Pindi Bhattian"",""ja"":""ピンディ・バティアン"",""ko"":""핀디 바티안"",""nl"":""Pindi Bhattian"",""pl"":""Pindi Bhattian"",""pt"":""Pindi Bhattian"",""pt-BR"":""Pindi Bhattian"",""ru"":""Пинди Бхаттиан"",""tr"":""Pindi Bhattian"",""uk"":""Пінді Бхаттіан"",""zh-CN"":""宾迪·巴蒂安""}",2019-10-05T23:13:34,2025-12-02T14:38:56,1,Q7195018
85665,Pindi Gheb,3176,PB,167,PK,city,,,33.24095000,72.26480000,پنڈی گھیب,34301,Asia/Karachi,"{""ar"":""بيندي جيب"",""br"":""Pindi Gheb"",""de"":""Pindi Gheb"",""es"":""Pindi Gheb"",""fa"":""پندی گب"",""fr"":""Pindi Gheb"",""hi"":""पिंडी घेब"",""hr"":""Pindi Gheb"",""it"":""Pindi Gheb"",""ja"":""ピンディ・ゲブ"",""ko"":""핀디 게브"",""nl"":""Pindi Gheb"",""pl"":""Pindi Gheb"",""pt"":""Pindi Gheb"",""pt-BR"":""Pindi Gheb"",""ru"":""Пинди Геб"",""tr"":""Pindi Gheb"",""uk"":""Пінді Геб"",""zh-CN"":""品第盖布""}",2019-10-05T23:13:34,2025-12-02T14:38:56,1,Q7195018
85666,Pir Jo Goth,3175,SD,167,PK,city,,,27.59178000,68.61848000,پیر جو گوٹھ,35537,Asia/Karachi,"{""ar"":""بير جو جوث"",""br"":""Pir Jo Goth"",""de"":""Pir Jo Goth"",""es"":""Pir Jo Gótico"",""fa"":""پیر جو گوت"",""fr"":""Pir Jo Goth"",""hi"":""पीर जो गोथ"",""hr"":""Pir Jo Goth"",""it"":""Pir Jo Goth"",""ja"":""ピル・ジョ・ゴス"",""ko"":""피르 조 고스"",""nl"":""Pir Jo Goth"",""pl"":""Pir Jo Goth"",""pt"":""Pir Jo Gótico"",""pt-BR"":""Pir Jo Gótico"",""ru"":""Пир Йо Гот"",""tr"":""Pir Jo Goth"",""uk"":""Пір Джо Гот"",""zh-CN"":""皮尔·乔·戈特""}",2019-10-05T23:13:34,2025-12-02T14:38:56,1,Q7195018
85667,Pir Mahal,3176,PB,167,PK,city,,,30.76663000,72.43455000,پیر محل,35343,Asia/Karachi,"{""ar"":""بير محل"",""br"":""Pir Mahal"",""de"":""Pir Mahal"",""es"":""Pir Mahal"",""fa"":""پیر محل"",""fr"":""Pir Mahal"",""hi"":""पीर महल"",""hr"":""Pir Mahal"",""it"":""Pir Mahal"",""ja"":""ピール・マハル"",""ko"":""피르 마할"",""nl"":""Pir Mahal"",""pl"":""Pir Mahal"",""pt"":""Pir Mahal"",""pt-BR"":""Pir Mahal"",""ru"":""Пир Махал"",""tr"":""Pir Mahal"",""uk"":""Пір-Махал"",""zh-CN"":""皮尔·马哈尔""}",2019-10-05T23:13:34,2025-12-02T14:38:56,1,Q7195018
85668,Pishin,3174,BA,167,PK,adm2,,,30.58176000,66.99406000,پشین,24239,Asia/Karachi,"{""ar"":""بيشين"",""br"":""Pishin"",""de"":""Pischin"",""es"":""Pishin"",""fa"":""پیشین"",""fr"":""Pishin"",""hi"":""पिशिन"",""hr"":""Pišin"",""it"":""Pishin"",""ja"":""ピシン"",""ko"":""피신"",""nl"":""Pishin"",""pl"":""Pishin"",""pt"":""Pishin"",""pt-BR"":""Pishin"",""ru"":""Пишин"",""tr"":""Pişin"",""uk"":""Пішин"",""zh-CN"":""皮辛""}",2019-10-05T23:13:34,2025-12-02T14:38:56,1,Q2449537
85669,Pithoro,3175,SD,167,PK,city,,,25.51122000,69.37803000,پتھورو,6440,Asia/Karachi,"{""ar"":""بيثورو"",""br"":""Pithoro"",""de"":""Pithoro"",""es"":""Pithoro"",""fa"":""پیتورو"",""fr"":""Pithoro"",""hi"":""पिथोरो"",""hr"":""Pithoro"",""it"":""Pithoro"",""ja"":""ピソロ"",""ko"":""피토로"",""nl"":""Pithoro"",""pl"":""Pithoro"",""pt"":""Pithoro"",""pt-BR"":""Pithoro"",""ru"":""Питоро"",""tr"":""Pithoro"",""uk"":""Піторо"",""zh-CN"":""皮托罗""}",2019-10-05T23:13:34,2025-12-02T14:38:56,1,Q2449537
85670,Qadirpur Ran,3176,PB,167,PK,city,,,30.29184000,71.67164000,قادر پور رن,20407,Asia/Karachi,"{""ar"":""قادربور ران"",""br"":""Qadirpur Ran"",""de"":""Qadirpur Ran"",""es"":""Qadirpur Ran"",""fa"":""قادرپور ران"",""fr"":""Qadirpur Ran"",""hi"":""कादिरपुर रन"",""hr"":""Qadirpur Ran"",""it"":""Qadirpur Ran"",""ja"":""カディルプル・ラン"",""ko"":""카디르푸르 란"",""nl"":""Qadirpur Ran"",""pl"":""Qadirpur Ran"",""pt"":""Qadirpur Ran"",""pt-BR"":""Qadirpur Ran"",""ru"":""Кадирпур Ран"",""tr"":""Kadirpur Ran"",""uk"":""Кадірпур Ран"",""zh-CN"":""卡迪尔普尔兰""}",2019-10-05T23:13:34,2025-12-02T14:38:56,1,Q7265783
85671,Qila Saifullāh,3174,BA,167,PK,district,,,30.95392000,68.33996000,ضلع قلعہ سیف اللہ,,Asia/Karachi,"{""ar"":""منطقة قلعة سيف الله"",""br"":""Distrig Qila Saifullāh"",""de"":""Bezirk Qila Saifullāh"",""es"":""Distrito de Qila Saifullāh"",""fa"":""شهرستان قلعه سیف‌الله"",""fr"":""District de Qila Saifullāh"",""hi"":""किला सैफुल्लाह जिला"",""hr"":""Okrug Qila Saifullah"",""it"":""Distretto di Qila Saifullāh"",""ja"":""キラ・サイフラー地区"",""ko"":""킬라 사이풀라 지구"",""nl"":""Qila Saifullāh District"",""pl"":""Dystrykt Qila Saifullāh"",""pt"":""Distrito de Qila Saifullāh"",""pt-BR"":""Distrito de Qila Saifullāh"",""ru"":""Район Кила Сайфулла"",""tr"":""Qila Saifullāh Bölgesi"",""uk"":""Район Кіла-Сайфулла"",""zh-CN"":""吉拉赛福拉区""}",2019-10-05T23:13:34,2025-12-02T17:29:56,1,Q7265783
85672,Quetta,3174,BA,167,PK,adm1,,,30.18414000,67.00141000,کوئٹہ,1565546,Asia/Karachi,"{""ar"":""كويتا"",""br"":""Quetta"",""de"":""Quetta"",""es"":""Quetta"",""fa"":""کویته"",""fr"":""Quetta"",""hi"":""क्वेटा"",""hr"":""Kveta"",""it"":""Quetta"",""ja"":""クエッタ"",""ko"":""퀘타"",""nl"":""Quetta"",""pl"":""Kweta"",""pt"":""Quetta"",""pt-BR"":""Quetta"",""ru"":""Кветта"",""tr"":""Ketta"",""uk"":""Кветта"",""zh-CN"":""奎达""}",2019-10-05T23:13:34,2025-12-02T14:39:31,1,Q185458
85673,Quetta District,3174,BA,167,PK,district,,,30.17458000,66.76203000,ضلع کوئٹہ,2272290,Asia/Karachi,"{""ar"":""منطقة كويتا"",""br"":""Distrig Quetta"",""de"":""Distrikt Quetta"",""es"":""Distrito de Quetta"",""fa"":""ناحیه کویته"",""fr"":""District de Quetta"",""hi"":""क्वेटा जिला"",""hr"":""Okrug Quetta"",""it"":""Distretto di Quetta"",""ja"":""クエッタ地区"",""ko"":""퀘타 지구"",""nl"":""Quetta-district"",""pl"":""Dystrykt Quetta"",""pt"":""Distrito de Quetta"",""pt-BR"":""Distrito de Quetta"",""ru"":""Район Кветта"",""tr"":""Quetta Bölgesi"",""uk"":""Район Кветта"",""zh-CN"":""奎达区""}",2019-10-05T23:13:34,2025-12-02T17:30:38,1,Q2315549
85674,Rahim Yar Khan,3176,PB,167,PK,adm2,,,28.41987000,70.30345000,رحیم یار خان,420419,Asia/Karachi,"{""ar"":""رحيم يار خان"",""br"":""Rahim Yar Khan"",""de"":""Rahim Yar Khan"",""es"":""Rahim Yar Khan"",""fa"":""رحیم یار خان"",""fr"":""Rahim Yar Khan"",""hi"":""रहीम यार खान"",""hr"":""Rahim Jar Khan"",""it"":""Rahim Yar Khan"",""ja"":""ラヒム・ヤル・カーン"",""ko"":""라힘 야르 칸"",""nl"":""Rahim Yar Khan"",""pl"":""Rahim Jar Khan"",""pt"":""Rahim Yar Khan"",""pt-BR"":""Rahim Yar Khan"",""ru"":""Рахим Яр Хан"",""tr"":""Rahim Yar Khan"",""uk"":""Рахім Яр Хан"",""zh-CN"":""拉希姆·亚尔·汗""}",2019-10-05T23:13:34,2025-12-02T14:38:56,1,Q989297
85675,Raiwind,3176,PB,167,PK,city,,,31.24895000,74.21534000,رائے ونڈ,31592,Asia/Karachi,"{""ar"":""رايويند"",""br"":""Raiwind"",""de"":""Raiwind"",""es"":""Viento raudo"",""fa"":""رایویند"",""fr"":""Raiwind"",""hi"":""Raiwind"",""hr"":""Rainwind"",""it"":""Raiwind"",""ja"":""レイウィンド"",""ko"":""라이윈드"",""nl"":""Raiwind"",""pl"":""Raiwind"",""pt"":""Raiwind"",""pt-BR"":""Raiwind"",""ru"":""Рейвинд"",""tr"":""Raiwind"",""uk"":""Рейвінд"",""zh-CN"":""雷风""}",2019-10-05T23:13:34,2025-12-02T14:38:56,1,Q4688896
85676,Raja Jang,3176,PB,167,PK,city,,,31.22078000,74.25483000,راجہ جنگ,24407,Asia/Karachi,"{""ar"":""راجا جانج"",""br"":""Raja Jang"",""de"":""Raja Jang"",""es"":""Rey Jang"",""fa"":""راجا جانگ"",""fr"":""Raja Jang"",""hi"":""राजा जंग"",""hr"":""Raja Jang"",""it"":""Raja Jang"",""ja"":""ラジャ・ジャン"",""ko"":""라자 장"",""nl"":""Raja Jang"",""pl"":""Raja Jang"",""pt"":""Raja Jang"",""pt-BR"":""Raja Jang"",""ru"":""Раджа Джанг"",""tr"":""Raja Jang"",""uk"":""Раджа Джанг"",""zh-CN"":""拉惹·张""}",2019-10-05T23:13:34,2025-12-02T14:38:56,1,Q7285457
85677,Rajanpur,3176,PB,167,PK,adm2,,,29.10408000,70.32969000,راجن پور,55647,Asia/Karachi,"{""ar"":""راجانبور"",""br"":""Rajanpur"",""de"":""Rajanpur"",""es"":""Rajanpur"",""fa"":""راجانپور"",""fr"":""Rajanpur"",""hi"":""राजनपुर"",""hr"":""Rajanpur"",""it"":""Rajanpur"",""ja"":""ラジャンプル"",""ko"":""라잔푸르"",""nl"":""Rajanpur"",""pl"":""Rajanpur"",""pt"":""Rajanpur"",""pt-BR"":""Rajanpur"",""ru"":""Раджанпур"",""tr"":""Rajanpur"",""uk"":""Раджанпур"",""zh-CN"":""拉詹普尔""}",2019-10-05T23:13:34,2025-12-02T14:38:56,1,Q2998238
85678,Rajo Khanani,3175,SD,167,PK,city,,,24.98391000,68.85370000,راجو خانانی,7683,Asia/Karachi,"{""ar"":""راجو خاناني"",""br"":""Rajo Khanani"",""de"":""Rajo Khanani"",""es"":""Rajo Khanani"",""fa"":""راجو خانانی"",""fr"":""Rajo Khanani"",""hi"":""राजो खनानी"",""hr"":""Rajo Khanani"",""it"":""Rajo Khanani"",""ja"":""ラジョ・ハナニ"",""ko"":""라조 카나니"",""nl"":""Rajo Khanani"",""pl"":""Rajo Khanani"",""pt"":""Rajo Khanani"",""pt-BR"":""Rajo Khanani"",""ru"":""Раджо Ханани"",""tr"":""Rajo Khanani"",""uk"":""Раджо Ханані"",""zh-CN"":""拉乔·卡纳尼""}",2019-10-05T23:13:34,2025-12-02T14:38:56,1,Q2998238
85679,Ranipur,3175,SD,167,PK,city,,,27.28720000,68.50623000,رانی پور,22495,Asia/Karachi,"{""ar"":""رانيبور"",""br"":""Ranipur"",""de"":""Ranipur"",""es"":""Ranipur"",""fa"":""رانیپور"",""fr"":""Ranipur"",""hi"":""रानीपुर"",""hr"":""Ranipur"",""it"":""Ranipur"",""ja"":""ラニプル"",""ko"":""라니푸르"",""nl"":""Ranipur"",""pl"":""Ranipur"",""pt"":""Ranipur"",""pt-BR"":""Ranipur"",""ru"":""Ранипур"",""tr"":""Ranipur"",""uk"":""Раніпур"",""zh-CN"":""拉尼普尔""}",2019-10-05T23:13:34,2025-12-02T14:38:56,1,Q2998238
85680,Rasulnagar,3176,PB,167,PK,city,,,32.32794000,73.78040000,رسول نگر,14392,Asia/Karachi,"{""ar"":""رسولناجار"",""br"":""Rasulnagar"",""de"":""Rasulnagar"",""es"":""Rasulnagar"",""fa"":""رسولنگر"",""fr"":""Rasulnagar"",""hi"":""रसूलनगर"",""hr"":""Rasulnagar"",""it"":""Rasulnagar"",""ja"":""ラスルナガル"",""ko"":""라술나가르"",""nl"":""Rasulnagar"",""pl"":""Rasulnagar"",""pt"":""Rasulnagar"",""pt-BR"":""Rasulnagar"",""ru"":""Расулнагар"",""tr"":""Rasulnagar"",""uk"":""Расулнагар"",""zh-CN"":""拉苏尔纳加尔""}",2019-10-05T23:13:34,2025-12-02T14:38:56,1,Q2998238
85681,Ratodero,3175,SD,167,PK,city,,,27.80227000,68.28902000,رتوڈیرو,47819,Asia/Karachi,"{""ar"":""راتوديرو"",""br"":""Ratodero"",""de"":""Ratodero"",""es"":""Ratodero"",""fa"":""راتودرو"",""fr"":""Ratodero"",""hi"":""राटोडेरो"",""hr"":""Ratodero"",""it"":""Ratodero"",""ja"":""ラトデロ"",""ko"":""라토데로"",""nl"":""Ratodero"",""pl"":""Ratodero"",""pt"":""Ratodero"",""pt-BR"":""Ratodero"",""ru"":""Ратодеро"",""tr"":""Ratodero"",""uk"":""Ратодеро"",""zh-CN"":""拉托德罗""}",2019-10-05T23:13:34,2025-12-02T14:38:56,1,Q3246396
85682,Rawala Kot,3172,JK,167,PK,adm2,,,33.85782000,73.76043000,راولا کوٹ,50000,Asia/Karachi,"{""ar"":""راولا كوت"",""br"":""Rawala Kot"",""de"":""Rawala Kot"",""es"":""Rawala Kot"",""fa"":""راولا کوت"",""fr"":""Rawala Kot"",""hi"":""रावला कोट"",""hr"":""Rawala Kot"",""it"":""Rawala Kot"",""ja"":""ラワラ・コット"",""ko"":""라왈라 코트"",""nl"":""Rawala Kot"",""pl"":""Rawala Kot"",""pt"":""Rawala Kot"",""pt-BR"":""Rawala Kot"",""ru"":""Равала Кот"",""tr"":""Rawala Kot"",""uk"":""Равала Кот"",""zh-CN"":""拉瓦拉科特""}",2019-10-05T23:13:34,2025-12-02T14:39:31,1,Q3246396
85683,Rawalpindi,3176,PB,167,PK,adm2,,,33.59733000,73.04790000,راولپنڈی,3357612,Asia/Karachi,"{""ar"":""راولبندي"",""br"":""Rawalpindi"",""de"":""Rawalpindi"",""es"":""Rawalpindi"",""fa"":""راولپندی"",""fr"":""Rawalpindi"",""hi"":""रावलपिंडी"",""hr"":""Rawalpindi"",""it"":""Rawalpindi"",""ja"":""ラワルピンディ"",""ko"":""라왈핀디"",""nl"":""Rawalpindi"",""pl"":""Rawalpindi"",""pt"":""Rawalpindi"",""pt-BR"":""Rawalpindi"",""ru"":""Равалпинди"",""tr"":""Ravalpindi"",""uk"":""Равалпінді"",""zh-CN"":""拉瓦尔品第""}",2019-10-05T23:13:34,2025-12-02T14:39:31,1,Q93230
85684,Rawalpindi District,3176,PB,167,PK,district,,,33.42987000,73.23092000,ضلع راولپنڈی,3363911,Asia/Karachi,"{""ar"":""منطقة راولبندي"",""br"":""Distrig Rawalpindi"",""de"":""Rawalpindi-Distrikt"",""es"":""Distrito de Rawalpindi"",""fa"":""ناحیه راولپندی"",""fr"":""District de Rawalpindi"",""hi"":""रावलपिंडी जिला"",""hr"":""Okrug Rawalpindi"",""it"":""Distretto di Rawalpindi"",""ja"":""ラワルピンディー地区"",""ko"":""라왈핀디 지구"",""nl"":""Rawalpindi-district"",""pl"":""Dystrykt Rawalpindi"",""pt"":""Distrito de Rawalpindi"",""pt-BR"":""Distrito de Rawalpindi"",""ru"":""Район Равалпинди"",""tr"":""Rawalpindi Bölgesi"",""uk"":""Район Равалпінді"",""zh-CN"":""拉瓦尔品第区""}",2019-10-05T23:13:34,2025-12-02T17:30:38,1,Q24440
85685,Renala Khurd,3176,PB,167,PK,city,,,30.87878000,73.59857000,رینالہ خورد,37111,Asia/Karachi,"{""ar"":""رينالا خورد"",""br"":""Renala Khurd"",""de"":""Renala Khurd"",""es"":""Renala Khurd"",""fa"":""رنالا خورد"",""fr"":""Renala Khurd"",""hi"":""रेनाला खुर्द"",""hr"":""Renala Khurd"",""it"":""Renala Khurd"",""ja"":""レナラ・クルド"",""ko"":""레날라 쿠르드"",""nl"":""Renala Khurd"",""pl"":""Renala Khurd"",""pt"":""Renala Khurd"",""pt-BR"":""Renala Khurd"",""ru"":""Ренала Хурд"",""tr"":""Renala Khurd"",""uk"":""Ренала Хурд"",""zh-CN"":""雷娜拉·库尔德""}",2019-10-05T23:13:34,2025-12-02T14:38:56,1,Q3321405
85686,Risalpur Cantonment,3171,KP,167,PK,city,,,34.06048000,71.99276000,رسالپور چھاؤنی۔,36074,Asia/Karachi,"{""ar"":""معسكر ريسالبور"",""br"":""Kanton Risalpur"",""de"":""Kanton Risalpur"",""es"":""Acantonamiento de Risalpur"",""fa"":""اردوگاه ریسالپور"",""fr"":""Cantonnement de Risalpur"",""hi"":""रिसालपुर छावनी"",""hr"":""Kanton Risalpur"",""it"":""Cantone di Risalpur"",""ja"":""リサルプル駐屯地"",""ko"":""리살푸르 주둔지"",""nl"":""Risalpur Kantonnement"",""pl"":""Kanton Risalpur"",""pt"":""Acantonamento de Risalpur"",""pt-BR"":""Acantonamento de Risalpur"",""ru"":""Рисалпур Кантонмент"",""tr"":""Risalpur Kışlası"",""uk"":""Кантонмент Рісалпур"",""zh-CN"":""里萨尔普尔兵营""}",2019-10-05T23:13:34,2025-12-02T14:39:31,1,Q1740709
85687,Rohri,3175,SD,167,PK,city,,,27.69203000,68.89503000,روہڑی,50649,Asia/Karachi,"{""ar"":""روهري"",""br"":""Rohri"",""de"":""Rohri"",""es"":""Rohri"",""fa"":""روهری"",""fr"":""Rohri"",""hi"":""रोहरी"",""hr"":""Rohri"",""it"":""Rohri"",""ja"":""ローリ"",""ko"":""로리"",""nl"":""Rohri"",""pl"":""Rohri"",""pt"":""Rohri"",""pt-BR"":""Rohri"",""ru"":""Рохри"",""tr"":""Rohri"",""uk"":""Рохрі"",""zh-CN"":""罗里""}",2019-10-05T23:13:34,2025-12-02T14:39:31,1,Q33687
85688,Rojhan,3176,PB,167,PK,city,,,28.68735000,69.95350000,روجھان,13031,Asia/Karachi,"{""ar"":""روجان"",""br"":""Rojhan"",""de"":""Rojhan"",""es"":""Rojhan"",""fa"":""روژان"",""fr"":""Rojhan"",""hi"":""रोझान"",""hr"":""Rojhan"",""it"":""Rojhan"",""ja"":""ロジャン"",""ko"":""로잔"",""nl"":""Rojhan"",""pl"":""Rojhan"",""pt"":""Rojhan"",""pt-BR"":""Rojhan"",""ru"":""Рожхан"",""tr"":""Rojhan"",""uk"":""Роджхан"",""zh-CN"":""罗詹""}",2019-10-05T23:13:34,2025-12-02T14:38:56,1,Q33687
85689,Rustam,3175,SD,167,PK,city,,,27.96705000,68.80386000,رستم,9048,Asia/Karachi,"{""ar"":""رستم"",""br"":""Rustam"",""de"":""Rustam"",""es"":""Rustam"",""fa"":""رستم"",""fr"":""Rustam"",""hi"":""रुस्तम"",""hr"":""Rustam"",""it"":""Rustam"",""ja"":""ルスタム"",""ko"":""루스탐"",""nl"":""Rustam"",""pl"":""Rustam"",""pt"":""Rustam"",""pt-BR"":""Rustam"",""ru"":""Рустам"",""tr"":""Rüstem"",""uk"":""Рустам"",""zh-CN"":""鲁斯塔姆""}",2019-10-05T23:13:34,2025-12-02T14:39:31,1,Q33687
85690,Sadiqabad,3176,PB,167,PK,city,,,28.30910000,70.12652000,صادق آباد,221866,Asia/Karachi,"{""ar"":""صادق آباد"",""br"":""Sadiqabad"",""de"":""Sadiqabad"",""es"":""Sadiqabad"",""fa"":""صادق آباد"",""fr"":""Sadiqabad"",""hi"":""सादिकाबाद"",""hr"":""Sadiqabad"",""it"":""Sadiqabad"",""ja"":""サディカバード"",""ko"":""사디카바드"",""nl"":""Sadiqabad"",""pl"":""Sadiqabad"",""pt"":""Sadiqabad"",""pt-BR"":""Sadiqabad"",""ru"":""Садикабад"",""tr"":""Sadıkabad"",""uk"":""Садікабад"",""zh-CN"":""萨迪卡巴德""}",2019-10-05T23:13:34,2025-12-02T14:38:56,1,Q1251234
85691,Sahiwal,3176,PB,167,PK,adm2,,,30.66595000,73.10186000,ساہیوال,538344,Asia/Karachi,"{""ar"":""ساهيوال"",""br"":""Sahiwal"",""de"":""Sahiwal"",""es"":""Sahiwal"",""fa"":""ساهیوال"",""fr"":""Sahiwal"",""hi"":""सहिवाल"",""hr"":""Sahiwal"",""it"":""Sahiwal"",""ja"":""サヒワル"",""ko"":""사히왈"",""nl"":""Sahiwal"",""pl"":""Sahiwal"",""pt"":""Sahiwal"",""pt-BR"":""Sahiwal"",""ru"":""Сахивал"",""tr"":""Sahiwal"",""uk"":""Сахівал"",""zh-CN"":""萨希瓦尔""}",2019-10-05T23:13:34,2025-12-02T14:39:31,1,Q523778
85692,Sakrand,3175,SD,167,PK,city,,,26.13845000,68.27444000,سکرنڈ,31630,Asia/Karachi,"{""ar"":""ساكراند"",""br"":""Sakrand"",""de"":""Sakrand"",""es"":""Sakrand"",""fa"":""ساکرند"",""fr"":""Sakrand"",""hi"":""सकरंद"",""hr"":""Sakrand"",""it"":""Sakrand"",""ja"":""サクランド"",""ko"":""사크란드"",""nl"":""Sakrand"",""pl"":""Sakrand"",""pt"":""Sakrand"",""pt-BR"":""Sakrand"",""ru"":""Сакранд"",""tr"":""Sakrand"",""uk"":""Сакранд"",""zh-CN"":""萨克兰""}",2019-10-05T23:13:34,2025-12-02T14:38:56,1,Q3696284
85693,Samaro,3175,SD,167,PK,city,,,25.28143000,69.39623000,سامارو,8784,Asia/Karachi,"{""ar"":""سامارو"",""br"":""Samaro"",""de"":""Samaro"",""es"":""Samaro"",""fa"":""سامارو"",""fr"":""Samaro"",""hi"":""समारो"",""hr"":""Samaro"",""it"":""Samaro"",""ja"":""サマロ"",""ko"":""사마로"",""nl"":""Samaro"",""pl"":""Samaro"",""pt"":""Samaro"",""pt-BR"":""Samaro"",""ru"":""Самаро"",""tr"":""Samaro"",""uk"":""Самаро"",""zh-CN"":""萨马罗""}",2019-10-05T23:13:34,2025-12-02T14:38:56,1,Q7408863
85694,Sambrial,3176,PB,167,PK,city,,,32.47835000,74.35338000,سمبڑیال,71766,Asia/Karachi,"{""ar"":""سامبريال"",""br"":""Sambrial"",""de"":""Sambrial"",""es"":""Sambrial"",""fa"":""سامبریال"",""fr"":""Sambrial"",""hi"":""सैम्ब्रियल"",""hr"":""Sambrijal"",""it"":""Sambriale"",""ja"":""サンブリアル"",""ko"":""삼브리알"",""nl"":""Sambriaal"",""pl"":""Sambrial"",""pt"":""Sambrial"",""pt-BR"":""Sambrial"",""ru"":""Самбриал"",""tr"":""Sambrial"",""uk"":""Самбріал"",""zh-CN"":""桑布里亚尔""}",2019-10-05T23:13:34,2025-12-02T14:38:56,1,Q3246527
85695,Sanghar,3175,SD,167,PK,adm2,,,26.04694000,68.94917000,سانگھڑ,62033,Asia/Karachi,"{""ar"":""سانغار"",""br"":""Sanghar"",""de"":""Sanghar"",""es"":""Sanghar"",""fa"":""سنقر"",""fr"":""Sanghar"",""hi"":""संघर"",""hr"":""Sanghar"",""it"":""Sanghar"",""ja"":""サンガル"",""ko"":""상가르"",""nl"":""Sanghar"",""pl"":""Sanghar"",""pt"":""Sanghar"",""pt-BR"":""Sanghar"",""ru"":""Сангхар"",""tr"":""Sanghar"",""uk"":""Сангар"",""zh-CN"":""桑加尔""}",2019-10-05T23:13:34,2025-12-02T14:38:56,1,Q3472203
85696,Sangla Hill,3176,PB,167,PK,city,,,31.71667000,73.38333000,سانگلہ ہل,57002,Asia/Karachi,"{""ar"":""تلة سانجلا"",""br"":""Menez Sangla"",""de"":""Sangla-Hügel"",""es"":""Colina Sangla"",""fa"":""تپه سنگلا"",""fr"":""Colline de Sangla"",""hi"":""सांगला हिल"",""hr"":""Brdo Sangla"",""it"":""Collina di Sangla"",""ja"":""サングラヒル"",""ko"":""상글라 힐"",""nl"":""Sangla-heuvel"",""pl"":""Wzgórze Sangla"",""pt"":""Colina Sangla"",""pt-BR"":""Colina Sangla"",""ru"":""Холм Сангла"",""tr"":""Sangla Tepesi"",""uk"":""Пагорб Сангла"",""zh-CN"":""桑格拉山""}",2019-10-05T23:13:34,2025-12-02T14:38:56,1,Q3248290
85697,Sanjwal,3176,PB,167,PK,city,,,33.76105000,72.43315000,سنجوال,10657,Asia/Karachi,"{""ar"":""سانجوال"",""br"":""Sanjwal"",""de"":""Sanjwal"",""es"":""Sanjwal"",""fa"":""سنجوال"",""fr"":""Sanjwal"",""hi"":""संजवाल"",""hr"":""Sanjwal"",""it"":""Sanjwal"",""ja"":""サンジュワル"",""ko"":""산즈왈"",""nl"":""Sanjwal"",""pl"":""Sanjwal"",""pt"":""Sanjwal"",""pt-BR"":""Sanjwal"",""ru"":""Санджвал"",""tr"":""Sanjwal"",""uk"":""Санджвал"",""zh-CN"":""桑杰瓦尔""}",2019-10-05T23:13:34,2025-12-02T14:38:56,1,Q33480741
85698,Sann,3175,SD,167,PK,city,,,26.04030000,68.13763000,سان,8834,Asia/Karachi,"{""ar"":""سان"",""br"":""Sann"",""de"":""Sann"",""es"":""Sann"",""fa"":""سان"",""fr"":""Sann"",""hi"":""सन्न"",""hr"":""Sann"",""it"":""Sann"",""ja"":""サン"",""ko"":""산"",""nl"":""Sann"",""pl"":""Sann"",""pt"":""Sann"",""pt-BR"":""Sann"",""ru"":""Санн"",""tr"":""Sann"",""uk"":""Санн"",""zh-CN"":""桑恩""}",2019-10-05T23:13:34,2025-12-02T14:38:56,1,Q3248290
85699,Sarai Alamgir,3176,PB,167,PK,city,,,32.90495000,73.75518000,سرائے عالمگیر,44120,Asia/Karachi,"{""ar"":""ساراي علمجير"",""br"":""Sarai Alamgir"",""de"":""Sarai Alamgir"",""es"":""Sarai Alamgir"",""fa"":""سرای عالمگیر"",""fr"":""Saraï Alamgir"",""hi"":""सराय आलमगीर"",""hr"":""Sarai Alamgir"",""it"":""Sarai Alamgir"",""ja"":""サライ・アラムギル"",""ko"":""사라이 알람기르"",""nl"":""Sarai Alamgir"",""pl"":""Sarai Alamgir"",""pt"":""Sarai Alamgir"",""pt-BR"":""Sarai Alamgir"",""ru"":""Сарай Аламгир"",""tr"":""Saray Alamgir"",""uk"":""Сарай Аламгір"",""zh-CN"":""萨拉伊·阿拉姆吉尔""}",2019-10-05T23:13:34,2025-12-02T14:38:56,1,Q3243456
85700,Sarai Naurang,3171,KP,167,PK,city,,,32.82581000,70.78107000,سرائے نورنگ,19694,Asia/Karachi,"{""ar"":""ساراي نورانج"",""br"":""Sarai Naurang"",""de"":""Sarai Naurang"",""es"":""Sarai Naurang"",""fa"":""سرای نورنگ"",""fr"":""Saraï Naurang"",""hi"":""सराय नौरंग"",""hr"":""Sarai Naurang"",""it"":""Sarai Naurang"",""ja"":""サライ・ナウラン"",""ko"":""사라이 나우랑"",""nl"":""Sarai Naurang"",""pl"":""Sarai Naurang"",""pt"":""Sarai Naurang"",""pt-BR"":""Sarai Naurang"",""ru"":""Сарай Науранг"",""tr"":""Sarai Naurang"",""uk"":""Сарай Науранг"",""zh-CN"":""萨拉伊·瑙朗""}",2019-10-05T23:13:34,2025-12-02T14:38:56,1,Q3243456
85701,Sarai Sidhu,3176,PB,167,PK,city,,,30.59476000,71.96990000,سرائے سدھو,15632,Asia/Karachi,"{""ar"":""ساراي سيدو"",""br"":""Sarai Sidhu"",""de"":""Sarai Sidhu"",""es"":""Sarai Sidhu"",""fa"":""سارای سیدو"",""fr"":""Saraï Sidhu"",""hi"":""सराय सिद्धू"",""hr"":""Sarai Sidhu"",""it"":""Sarai Sidhu"",""ja"":""サライ・シドゥ"",""ko"":""사라이 시두"",""nl"":""Sarai Sidhu"",""pl"":""Sarai Sidhu"",""pt"":""Sarai Sidhu"",""pt-BR"":""Sarai Sidhu"",""ru"":""Сарай Сидху"",""tr"":""Sarai Sidhu"",""uk"":""Сарай Сідху"",""zh-CN"":""萨莱·西杜""}",2019-10-05T23:13:34,2025-12-02T14:38:56,1,Q33481932
85702,Sargodha,3176,PB,167,PK,adm2,,,32.08586000,72.67418000,سرگودھا,975886,Asia/Karachi,"{""ar"":""سرجودها"",""br"":""Sargodha"",""de"":""Sargodha"",""es"":""Sargodha"",""fa"":""سارگودها"",""fr"":""Sargodha"",""hi"":""सरगोधा"",""hr"":""Sargodha"",""it"":""Sargodha"",""ja"":""サルゴダ"",""ko"":""사르고다"",""nl"":""Sargodha"",""pl"":""Sargodha"",""pt"":""Sargodha"",""pt-BR"":""Sargodha"",""ru"":""Саргодха"",""tr"":""Sargodha"",""uk"":""Саргодха"",""zh-CN"":""萨戈达""}",2019-10-05T23:13:34,2025-12-02T14:39:31,1,Q855997
85703,Sehwan,3175,SD,167,PK,city,,,26.42495000,67.86126000,سہون,41150,Asia/Karachi,"{""ar"":""سهوان"",""br"":""Sehwan"",""de"":""Sehwan"",""es"":""Sehwan"",""fa"":""سهوان"",""fr"":""Sehwan"",""hi"":""सहवान"",""hr"":""Sehwan"",""it"":""Sehwan"",""ja"":""セワン"",""ko"":""세환"",""nl"":""Sehwan"",""pl"":""Sehwan"",""pt"":""Sehwan"",""pt-BR"":""Sehwan"",""ru"":""Сехван"",""tr"":""Sehwan"",""uk"":""Сехван"",""zh-CN"":""世焕""}",2019-10-05T23:13:34,2025-12-02T14:38:56,1,Q3308397
85704,Setharja Old,3175,SD,167,PK,city,,,27.21270000,68.46883000,سیٹھارجا پرانا,32651,Asia/Karachi,"{""ar"":""سيثارجا أولد"",""br"":""Setharja Kozh"",""de"":""Setharja Alt"",""es"":""Setharja Viejo"",""fa"":""ستارجا اولد"",""fr"":""Setharja Vieux"",""hi"":""सेथारजा ओल्ड"",""hr"":""Setharja Stari"",""it"":""Setharja Vecchio"",""ja"":""セタルジャ旧市街"",""ko"":""세타르자 올드"",""nl"":""Setharja Oud"",""pl"":""Setharja Stary"",""pt"":""Setharja Velho"",""pt-BR"":""Setharja Velho"",""ru"":""Сетарджа Старый"",""tr"":""Setharja Old"",""uk"":""Старий Сетхарджа"",""zh-CN"":""塞塔贾老""}",2019-10-05T23:13:34,2025-12-02T14:38:56,1,Q3308397
85705,Shabqadar,3171,KP,167,PK,city,,,34.21599000,71.55480000,شبقدر,79029,Asia/Karachi,"{""ar"":""شباكدار"",""br"":""Shabqadar"",""de"":""Schabqadar"",""es"":""Shabqadar"",""fa"":""شبقدر"",""fr"":""Shabqadar"",""hi"":""शबकदर"",""hr"":""Šabkadar"",""it"":""Shabqadar"",""ja"":""シャブカダル"",""ko"":""샤브카다르"",""nl"":""Shabqadar"",""pl"":""Szabkadar"",""pt"":""Shabqadar"",""pt-BR"":""Shabqadar"",""ru"":""Шабкадар"",""tr"":""Şebkadar"",""uk"":""Шабкадар"",""zh-CN"":""沙布卡达尔""}",2019-10-05T23:13:34,2025-12-02T14:38:56,1,Q4519132
85706,Shahdad Kot,3175,SD,167,PK,adm2,,,27.84726000,67.90679000,شہداد کوٹ,120687,Asia/Karachi,"{""ar"":""شهداد كوت"",""br"":""Shahdad Kot"",""de"":""Shahdad Kot"",""es"":""Shahdad Kot"",""fa"":""شهداد کوت"",""fr"":""Shahdad Kot"",""hi"":""शाहदाद कोट"",""hr"":""Šahdad Kot"",""it"":""Shahdad Kot"",""ja"":""シャダド・コット"",""ko"":""샤다드 코트"",""nl"":""Shahdad Kot"",""pl"":""Szahdad Kot"",""pt"":""Shahdad Kot"",""pt-BR"":""Shahdad Kot"",""ru"":""Шахдад Кот"",""tr"":""Şehdad Kot"",""uk"":""Шахдад Кот"",""zh-CN"":""沙赫达德·科特""}",2019-10-05T23:13:34,2025-12-02T14:39:31,1,Q4519132
85707,Shahdadpur,3175,SD,167,PK,city,,,25.92539000,68.62280000,شہدادپور,67249,Asia/Karachi,"{""ar"":""شهدادبور"",""br"":""Shahdadpur"",""de"":""Shahdadpur"",""es"":""Shahdadpur"",""fa"":""شهدادپور"",""fr"":""Shahdadpur"",""hi"":""शाहदादपुर"",""hr"":""Šahdadpur"",""it"":""Shahdadpur"",""ja"":""シャダドプル"",""ko"":""샤다드푸르"",""nl"":""Shahdadpur"",""pl"":""Szahdadpur"",""pt"":""Shahdadpur"",""pt-BR"":""Shahdadpur"",""ru"":""Шахдадпур"",""tr"":""Şehdadpur"",""uk"":""Шахдадпур"",""zh-CN"":""沙赫达德普尔""}",2019-10-05T23:13:34,2025-12-02T14:38:56,1,Q3248111
85708,Shorkot,3171,KP,167,PK,city,,,31.91023000,70.87757000,شورکوٹ,71469,Asia/Karachi,"{""ar"":""شوركوت"",""br"":""Shorkot"",""de"":""Shorkot"",""es"":""Shorkot"",""fa"":""شورکوت"",""fr"":""Shorkot"",""hi"":""शोरकोट"",""hr"":""Šorkot"",""it"":""Shortot"",""ja"":""ショルコット"",""ko"":""쇼르코트"",""nl"":""Shorkot"",""pl"":""Shorkot"",""pt"":""Shorkot"",""pt-BR"":""Shorkot"",""ru"":""Шоркот"",""tr"":""Kısaot"",""uk"":""Шоркот"",""zh-CN"":""肖尔科特""}",2019-10-05T23:13:34,2025-12-02T14:38:56,1,Q1250069
85709,Shahpur,3176,PB,167,PK,city,,,32.26820000,72.46884000,شاہ پور,14153,Asia/Karachi,"{""ar"":""شاهبور"",""br"":""Shahpur"",""de"":""Shahpur"",""es"":""Shahpur"",""fa"":""شاهپور"",""fr"":""Shahpur"",""hi"":""शाहपुर"",""hr"":""Šahpur"",""it"":""Shahpur"",""ja"":""シャープール"",""ko"":""샤푸르"",""nl"":""Shahpur"",""pl"":""Szahpur"",""pt"":""Shahpur"",""pt-BR"":""Shahpur"",""ru"":""Шахпур"",""tr"":""Şahpur"",""uk"":""Шахпур"",""zh-CN"":""沙普尔""}",2019-10-05T23:13:34,2025-12-02T14:39:31,1,Q33484369
85710,Shahpur Chakar,3175,SD,167,PK,city,,,26.15411000,68.65013000,شاہ پور چاکر,21446,Asia/Karachi,"{""ar"":""شاهبور تشاكار"",""br"":""Shahpur Chakar"",""de"":""Shahpur Chakar"",""es"":""Chakar de Shahpur"",""fa"":""شاهپور چاکر"",""fr"":""Shahpur Chakar"",""hi"":""शाहपुर चाकर"",""hr"":""Šahpur Čakar"",""it"":""Shahpur Chakar"",""ja"":""シャープール・チャカール"",""ko"":""샤푸르 차카르"",""nl"":""Shahpur Chakar"",""pl"":""Shahpur Chakar"",""pt"":""Shahpur Chakar"",""pt-BR"":""Shahpur Chakar"",""ru"":""Шахпур Чакар"",""tr"":""Şahpur Çakar"",""uk"":""Шахпур Чакар"",""zh-CN"":""沙普尔·查卡尔""}",2019-10-05T23:13:34,2025-12-02T14:38:56,1,Q3243491
85711,Shahr Sultan,3176,PB,167,PK,city,,,29.57517000,71.02209000,شہر سلطان,16166,Asia/Karachi,"{""ar"":""شهر سلطان"",""br"":""Shahr Sultan"",""de"":""Shahr Sultan"",""es"":""Shahr Sultan"",""fa"":""شهر سلطان"",""fr"":""Shahr Sultan"",""hi"":""शाहर सुल्तान"",""hr"":""Šahr Sultan"",""it"":""Shahr Sultan"",""ja"":""シャール・スルタン"",""ko"":""샤르 술탄"",""nl"":""Shahr Sultan"",""pl"":""Sułtan Szahr"",""pt"":""Shahr Sultan"",""pt-BR"":""Shahr Sultan"",""ru"":""Шахр Султан"",""tr"":""Şehr Sultan"",""uk"":""Шахр Султан"",""zh-CN"":""沙尔苏丹""}",2019-10-05T23:13:34,2025-12-02T14:38:56,1,Q33483938
85712,Shakargarh,3176,PB,167,PK,city,,,32.26361000,75.16008000,شکر گڑھ,64304,Asia/Karachi,"{""ar"":""شاكارجاره"",""br"":""Shakargarh"",""de"":""Shakargarh"",""es"":""Shakargarh"",""fa"":""شکرگار"",""fr"":""Shakargarh"",""hi"":""शकरगढ़"",""hr"":""Šakargarh"",""it"":""Shakargarh"",""ja"":""シャカルガル"",""ko"":""샤카르가르"",""nl"":""Shakargarh"",""pl"":""Szakargarh"",""pt"":""Shakargarh"",""pt-BR"":""Shakargarh"",""ru"":""Шакаргарх"",""tr"":""Şakargarh"",""uk"":""Шакаргарх"",""zh-CN"":""沙卡加尔""}",2019-10-05T23:13:34,2025-12-02T14:39:31,1,Q33483959
85713,Sharqpur,3176,PB,167,PK,city,,,31.46116000,74.10091000,شرقپور,31855,Asia/Karachi,"{""ar"":""شرقبور"",""br"":""Sharqpur"",""de"":""Sharqpur"",""es"":""Sharqpur"",""fa"":""شرقپور"",""fr"":""Sharqpur"",""hi"":""शर्कपुर"",""hr"":""Šarkpur"",""it"":""Sharqpur"",""ja"":""シャルクプル"",""ko"":""샤르크푸르"",""nl"":""Sharqpur"",""pl"":""Sharqpur"",""pt"":""Sharqpur"",""pt-BR"":""Sharqpur"",""ru"":""Шаркпур"",""tr"":""Şarkpur"",""uk"":""Шаркпур"",""zh-CN"":""沙尔克普尔""}",2019-10-05T23:13:34,2025-12-02T17:11:50,1,Q33484038
85714,Sheikhupura,3176,PB,167,PK,adm2,,,31.71287000,73.98556000,شیخوپورہ,591424,Asia/Karachi,"{""ar"":""شيخوبورا"",""br"":""Sheikhupura"",""de"":""Sheikhupura"",""es"":""Sheikhupura"",""fa"":""شیخوپوره"",""fr"":""Sheikhupura"",""hi"":""शेखपुरा"",""hr"":""Šejhupura"",""it"":""Sheikhupura"",""ja"":""シェイクプラ"",""ko"":""셰이쿠푸라"",""nl"":""Sheikhupura"",""pl"":""Sheikhupura"",""pt"":""Sheikhupura"",""pt-BR"":""Sheikhupura"",""ru"":""Шейхупура"",""tr"":""Şeyhupura"",""uk"":""Шейхупура"",""zh-CN"":""谢胡普拉""}",2019-10-05T23:13:34,2025-12-02T14:39:31,1,Q972756
85715,Shikarpur,3175,SD,167,PK,adm2,,,27.95558000,68.63823000,شکارپور,204938,Asia/Karachi,"{""ar"":""شيكاربور"",""br"":""Shikarpur"",""de"":""Shikarpur"",""es"":""Shikarpur"",""fa"":""شیکارپور"",""fr"":""Shikarpur"",""hi"":""शिकारपुर"",""hr"":""Šikarpur"",""it"":""Shikarpur"",""ja"":""シカルプル"",""ko"":""시카르푸르"",""nl"":""Shikarpur"",""pl"":""Shikarpur"",""pt"":""Shikarpur"",""pt-BR"":""Shikarpur"",""ru"":""Шикарпур"",""tr"":""Şikarpur"",""uk"":""Шикарпур"",""zh-CN"":""希卡普尔""}",2019-10-05T23:13:34,2025-12-02T14:39:31,1,Q1250069
85716,Shingli Bala,3171,KP,167,PK,city,,,34.67872000,72.98491000,شنگلی بالا,4000,Asia/Karachi,"{""ar"":""شينجلي بالا"",""br"":""Shingli Bala"",""de"":""Shingli Bala"",""es"":""Shingli Bala"",""fa"":""شینگلی بالا"",""fr"":""Shingli Bala"",""hi"":""शिंगली बाला"",""hr"":""Šingli Bala"",""it"":""Shingli Bala"",""ja"":""シングリ・バラ"",""ko"":""싱글리 발라"",""nl"":""Shingli Bala"",""pl"":""Shingli Bala"",""pt"":""Shingli Bala"",""pt-BR"":""Shingli Bala"",""ru"":""Шингли Бала"",""tr"":""Şingli Bala"",""uk"":""Шинглі Бала"",""zh-CN"":""辛格利巴拉""}",2019-10-05T23:13:34,2025-12-02T14:39:31,1,Q1250069
85717,Shinpokh,3171,KP,167,PK,city,,,34.32959000,71.17852000,شن پوکھ,1111,Asia/Karachi,"{""ar"":""شينبوك"",""br"":""Shinpokh"",""de"":""Shinpokh"",""es"":""Shinpokh"",""fa"":""شینپوخ"",""fr"":""Shinpokh"",""hi"":""शिनपोख"",""hr"":""Šinpokh"",""it"":""Shinpokh"",""ja"":""シンポフ"",""ko"":""신폭"",""nl"":""Shinpokh"",""pl"":""Shinpokh"",""pt"":""Shinpokh"",""pt-BR"":""Shinpokh"",""ru"":""Шинпокх"",""tr"":""Şinpokh"",""uk"":""Шінпох"",""zh-CN"":""辛波克""}",2019-10-05T23:13:34,2025-12-02T14:38:56,1,Q1250069
85719,Shujaabad,3176,PB,167,PK,city,,,29.88092000,71.29344000,شجاع آباد,65952,Asia/Karachi,"{""ar"":""شجاع آباد"",""br"":""Shujaabad"",""de"":""Shujaabad"",""es"":""Shujaabad"",""fa"":""شجاع آباد"",""fr"":""Shujaabad"",""hi"":""शुजाबाद"",""hr"":""Šudžaabad"",""it"":""Shujaabad"",""ja"":""シュジャバード"",""ko"":""슈자바드"",""nl"":""Shujaabad"",""pl"":""Szudżaabad"",""pt"":""Shujaabad"",""pt-BR"":""Shujaabad"",""ru"":""Шуджаабад"",""tr"":""Şucaabad"",""uk"":""Шуджаабад"",""zh-CN"":""舒贾阿巴德""}",2019-10-05T23:13:34,2025-12-02T14:38:56,1,Q1250069
85720,Sialkot,3176,PB,167,PK,adm2,,,32.49268000,74.53134000,سیالکوٹ,911817,Asia/Karachi,"{""ar"":""سيالكوت"",""br"":""Sialkot"",""de"":""Sialkot"",""es"":""Sialkot"",""fa"":""سیالکوت"",""fr"":""Sialkot"",""hi"":""सियालकोट"",""hr"":""Sialkot"",""it"":""Sialkot"",""ja"":""シアルコット"",""ko"":""시알코트"",""nl"":""Sialkot"",""pl"":""Sialkot"",""pt"":""Sialkot"",""pt-BR"":""Sialkot"",""ru"":""Сиалкот"",""tr"":""Sialkot"",""uk"":""Сіалкот"",""zh-CN"":""锡亚尔科特""}",2019-10-05T23:13:34,2025-12-02T14:39:31,1,Q643883
85721,Sibi,3174,BA,167,PK,adm2,,,29.54299000,67.87726000,سبی,64069,Asia/Karachi,"{""ar"":""سيبي"",""br"":""Sibi"",""de"":""Sibi"",""es"":""Sibi"",""fa"":""سیبی"",""fr"":""Sibi"",""hi"":""सिबी"",""hr"":""Sibi"",""it"":""Sibi"",""ja"":""シビ"",""ko"":""시비"",""nl"":""Sibi"",""pl"":""Sybi"",""pt"":""Sibi"",""pt-BR"":""Sibi"",""ru"":""Сиби"",""tr"":""Kardeş"",""uk"":""Сібі"",""zh-CN"":""西比""}",2019-10-05T23:13:34,2025-12-02T14:38:56,1,Q2364754
85722,Sillanwali,3176,PB,167,PK,city,,,31.82539000,72.54064000,سلانوالی,27023,Asia/Karachi,"{""ar"":""سيلانوالي"",""br"":""Sillanwali"",""de"":""Sillanwali"",""es"":""Sillanwali"",""fa"":""سیلانوالی"",""fr"":""Sillanwali"",""hi"":""सिल्लांवाली"",""hr"":""Sillanwali"",""it"":""Sillanwali"",""ja"":""シランワリ"",""ko"":""실란왈리"",""nl"":""Sillanwali"",""pl"":""Sillanwali"",""pt"":""Sillanwali"",""pt-BR"":""Sillanwali"",""ru"":""Силланвали"",""tr"":""Sillanwali"",""uk"":""Сілланвалі"",""zh-CN"":""西兰瓦利""}",2019-10-05T23:13:34,2025-12-02T14:38:56,1,Q3694879
85723,Sinjhoro,3175,SD,167,PK,city,,,26.03008000,68.80867000,سنجھورو,15970,Asia/Karachi,"{""ar"":""سينجورو"",""br"":""Sinjhoro"",""de"":""Sinjhoro"",""es"":""Sinjhoro"",""fa"":""سینجهورو"",""fr"":""Sinjhoro"",""hi"":""सिंझोरो"",""hr"":""Sinjhoro"",""it"":""Sinjhoro"",""ja"":""シンジョホロ"",""ko"":""신조로"",""nl"":""Sinjhoro"",""pl"":""Sinjhoro"",""pt"":""Sinjhoro"",""pt-BR"":""Sinjhoro"",""ru"":""Синджхоро"",""tr"":""Sinjhoro"",""uk"":""Сінджхоро"",""zh-CN"":""辛乔罗""}",2019-10-05T23:13:34,2025-12-02T14:38:56,1,Q3694879
85724,Skardu,3170,GB,167,PK,adm2,,,35.29787000,75.63372000,سکردو,260000,Asia/Karachi,"{""ar"":""سكاردو"",""br"":""Skardu"",""de"":""Skardu"",""es"":""Skardu"",""fa"":""اسکاردو"",""fr"":""Skardu"",""hi"":""स्कार्दू"",""hr"":""Skardu"",""it"":""Skardu"",""ja"":""スカルドゥ"",""ko"":""스카르두"",""nl"":""Skardu"",""pl"":""Skardu"",""pt"":""Skardu"",""pt-BR"":""Skardu"",""ru"":""Скарду"",""tr"":""Skardu"",""uk"":""Скарду"",""zh-CN"":""斯卡都""}",2019-10-05T23:13:34,2025-12-02T14:39:31,1,Q976955
85725,Sobhodero,3175,SD,167,PK,city,,,27.30475000,68.39715000,سوبھوڈیرو,14623,Asia/Karachi,"{""ar"":""سوبوديرو"",""br"":""Sobhodero"",""de"":""Sobhodero"",""es"":""Sobhodero"",""fa"":""سوبودرو"",""fr"":""Sobhodero"",""hi"":""सोभोदेरो"",""hr"":""Sobhodero"",""it"":""Sobhodero"",""ja"":""ソボデロ"",""ko"":""소보데로"",""nl"":""Sobhodero"",""pl"":""Sobhodero"",""pt"":""Sobhodero"",""pt-BR"":""Sobhodero"",""ru"":""Собходеро"",""tr"":""Sobhodero"",""uk"":""Собходеро"",""zh-CN"":""索博德罗""}",2019-10-05T23:13:34,2025-12-02T14:39:31,1,Q976955
85726,Sodhra,3176,PB,167,PK,city,,,32.46211000,74.18207000,سودھرا,15977,Asia/Karachi,"{""ar"":""سودرا"",""br"":""Sodhra"",""de"":""Sodhra"",""es"":""Sodhra"",""fa"":""سودرا"",""fr"":""Sodhra"",""hi"":""सोधरा"",""hr"":""Sodhra"",""it"":""Sodhra"",""ja"":""ソドラ"",""ko"":""소드라"",""nl"":""Sodhra"",""pl"":""Sodhra"",""pt"":""Sodhra"",""pt-BR"":""Sodhra"",""ru"":""Содра"",""tr"":""Sodhra"",""uk"":""Содра"",""zh-CN"":""索德拉""}",2019-10-05T23:13:34,2025-12-02T14:38:56,1,Q7553268
85727,Sohbatpur,3174,BA,167,PK,city,,,28.52038000,68.54298000,صحبت پور,8940,Asia/Karachi,"{""ar"":""سوهباتبور"",""br"":""Sohbatpur"",""de"":""Sohbatpur"",""es"":""Sohbatpur"",""fa"":""صحبت پور"",""fr"":""Sohbatpur"",""hi"":""सोहबतपुर"",""hr"":""Sohbatpur"",""it"":""Sohbatpur"",""ja"":""ソバトプル"",""ko"":""소바트푸르"",""nl"":""Sohbatpur"",""pl"":""Sohbatpur"",""pt"":""Sohbatpur"",""pt-BR"":""Sohbatpur"",""ru"":""Сохбатпур"",""tr"":""Sohbatpur"",""uk"":""Сохбатпур"",""zh-CN"":""索巴特普尔""}",2019-10-05T23:13:34,2025-12-02T14:38:56,1,Q7635235
85728,South Wazīristān Agency,3171,KP,167,PK,city,,,32.30397000,69.68207000,جنوبی وزیرستان ایجنسی,,Asia/Karachi,"{""ar"":""وكالة جنوب وزيرستان"",""br"":""Ajañs Wazīristān ar Su"",""de"":""Agentur Süd-Waziristan"",""es"":""Agencia de Wazīristān del Sur"",""fa"":""منطقه وزیرستان جنوبی"",""fr"":""Agence du Sud-Waziristan"",""hi"":""दक्षिण वज़ीरिस्तान एजेंसी"",""hr"":""Agencija Južni Waziristān"",""it"":""Agenzia del Waziristan del Sud"",""ja"":""南ワジリスタン代理店"",""ko"":""남와지리스탄 기관"",""nl"":""Zuid-Waziristan Agentschap"",""pl"":""Agencja Południowego Wazīristānu"",""pt"":""Agência do Waziristão do Sul"",""pt-BR"":""Agência do Waziristão do Sul"",""ru"":""Агентство Южный Вазиристан"",""tr"":""Güney Veziristan Ajansı"",""uk"":""Агентство Південного Вазіристану"",""zh-CN"":""南瓦济里斯坦特区""}",2019-10-05T23:13:34,2025-12-02T16:59:27,1,Q7635235
85729,Sukheke Mandi,3176,PB,167,PK,city,,,31.86541000,73.50875000,سکھیکے منڈی,32836,Asia/Karachi,"{""ar"":""سوكيكي ماندي"",""br"":""Sukheke Mandi"",""de"":""Sukheke Mandi"",""es"":""Sukheke Mandi"",""fa"":""سوخکه مندی"",""fr"":""Sukheke Mandi"",""hi"":""सुखेके मंडी"",""hr"":""Sukheke Mandi"",""it"":""Sukheke Mandi"",""ja"":""スケーケ・マンディ"",""ko"":""수케케 만디"",""nl"":""Sukheke Mandi"",""pl"":""Sukheke Mandi"",""pt"":""Sukheke Mandi"",""pt-BR"":""Sukheke Mandi"",""ru"":""Сухэке Манди"",""tr"":""Sukheke Mandi"",""uk"":""Сукхеке Манді"",""zh-CN"":""苏克克·曼迪""}",2019-10-05T23:13:34,2025-12-02T14:38:56,1,Q7635235
85730,Sukkur,3175,SD,167,PK,adm2,,,27.70323000,68.85889000,سکھر,499900,Asia/Karachi,"{""ar"":""سكور"",""br"":""Sukkur"",""de"":""Sukkur"",""es"":""Sukkur"",""fa"":""سُکُر"",""fr"":""Sukkur"",""hi"":""सुक्कुर"",""hr"":""Sukur"",""it"":""Sukkur"",""ja"":""スッカル"",""ko"":""수쿠르"",""nl"":""Sukkur"",""pl"":""Sukkur"",""pt"":""Sucur"",""pt-BR"":""Sucur"",""ru"":""Суккур"",""tr"":""Şükrü"",""uk"":""Суккур"",""zh-CN"":""苏库尔""}",2019-10-05T23:13:34,2025-12-02T14:38:56,1,Q868631
85731,Surab,3174,BA,167,PK,city,,,28.49276000,66.25999000,سوراب,13104,Asia/Karachi,"{""ar"":""سوراب"",""br"":""Surab"",""de"":""Surab"",""es"":""Surab"",""fa"":""سوراب"",""fr"":""Surab"",""hi"":""सूरा"",""hr"":""Surab"",""it"":""Surab"",""ja"":""スラブ"",""ko"":""수랍"",""nl"":""Soeraab"",""pl"":""Suraba"",""pt"":""Surab"",""pt-BR"":""Surab"",""ru"":""Сураб"",""tr"":""Surab"",""uk"":""Сураб"",""zh-CN"":""苏拉布""}",2019-10-05T23:13:34,2025-12-02T14:38:56,1,Q868631
85732,Surkhpur,3176,PB,167,PK,city,,,32.71816000,74.44773000,سورکھپور,20000,Asia/Karachi,"{""ar"":""سورخبور"",""br"":""Surkhpur"",""de"":""Surkhpur"",""es"":""Surkhpur"",""fa"":""سرخپور"",""fr"":""Surkhpur"",""hi"":""सुर्खपुर"",""hr"":""Surkhpur"",""it"":""Surkhpur"",""ja"":""スルクプル"",""ko"":""수르크푸르"",""nl"":""Surkhpur"",""pl"":""Surkhpur"",""pt"":""Surkhpur"",""pt-BR"":""Surkhpur"",""ru"":""Суркхпур"",""tr"":""Surkhpur"",""uk"":""Суркхпур"",""zh-CN"":""苏尔克普尔""}",2019-10-05T23:13:34,2025-12-02T14:38:56,1,Q868631
85733,Swabi,3171,KP,167,PK,adm2,,,34.12018000,72.46982000,صوابی,115018,Asia/Karachi,"{""ar"":""سوابي"",""br"":""Swabi"",""de"":""Schwaben"",""es"":""Suabi"",""fa"":""سوابی"",""fr"":""Souabe"",""hi"":""स्वाबी"",""hr"":""Švabi"",""it"":""Swabi"",""ja"":""スワビ"",""ko"":""스와비"",""nl"":""Swabi"",""pl"":""Szwabski"",""pt"":""Swabi"",""pt-BR"":""Swabi"",""ru"":""Сваби"",""tr"":""Swabi"",""uk"":""Свабі"",""zh-CN"":""斯瓦比""}",2019-10-05T23:13:34,2025-12-02T14:38:56,1,Q2665241
85734,Sīta Road,3175,SD,167,PK,city,,,27.03333000,67.85000000,سیتا روڈ,27587,Asia/Karachi,"{""ar"":""طريق سيتا"",""br"":""Hent Sīta"",""de"":""Sīta-Straße"",""es"":""Carretera de Sita"",""fa"":""جاده سیتا"",""fr"":""Route de Sīta"",""hi"":""सीता रोड"",""hr"":""Sīta Road"",""it"":""Strada Sīta"",""ja"":""シータロード"",""ko"":""시타 로드"",""nl"":""Sīta Road"",""pl"":""Droga Sīta"",""pt"":""Estrada Sīta"",""pt-BR"":""Estrada Sīta"",""ru"":""Дорога Сита"",""tr"":""Sīta Yolu"",""uk"":""Сіта-роуд"",""zh-CN"":""西塔路""}",2019-10-05T23:13:34,2025-12-02T14:38:56,1,Q2665241
85735,Talagang,3176,PB,167,PK,city,,,32.92766000,72.41594000,تلہ گنگ,44960,Asia/Karachi,"{""ar"":""تالاجانج"",""br"":""���"",""de"":""Talagang"",""es"":""Talagang"",""fa"":""تالاگانگ"",""fr"":""Talagang"",""hi"":""तालागांग"",""hr"":""Talagang"",""it"":""Talagang"",""ja"":""タラガン"",""ko"":""탈라강"",""nl"":""Talagang"",""pl"":""Talagang"",""pt"":""Talagang"",""pt-BR"":""Talagang"",""ru"":""Талаганг"",""tr"":""Talagang"",""uk"":""Талаганг"",""zh-CN"":""塔拉冈""}",2019-10-05T23:13:34,2025-12-02T14:38:56,1,Q2665241
85736,Talamba,3176,PB,167,PK,city,,,30.52693000,72.24079000,تلمبہ,28151,Asia/Karachi,"{""ar"":""تالامبا"",""br"":""Talamba"",""de"":""Talamba"",""es"":""Talamba"",""fa"":""تالامبا"",""fr"":""Talamba"",""hi"":""तलम्बा"",""hr"":""Talamba"",""it"":""Talamba"",""ja"":""タランバ"",""ko"":""탈람바"",""nl"":""Talamba"",""pl"":""Talamba"",""pt"":""Talamba"",""pt-BR"":""Talamba"",""ru"":""Таламба"",""tr"":""Talamba"",""uk"":""Таламба"",""zh-CN"":""塔兰巴""}",2019-10-05T23:13:34,2025-12-02T14:38:56,1,Q2665241
85737,Talhar,3175,SD,167,PK,city,,,24.88454000,68.81437000,تلہار,21154,Asia/Karachi,"{""ar"":""تالهار"",""br"":""Talhar"",""de"":""Talhar"",""es"":""Talhar"",""fa"":""طالهر"",""fr"":""Talhar"",""hi"":""तलहर"",""hr"":""Talhar"",""it"":""Talhar"",""ja"":""タルハール"",""ko"":""탈하르"",""nl"":""Talhar"",""pl"":""Talhar"",""pt"":""Talhar"",""pt-BR"":""Talhar"",""ru"":""Талхар"",""tr"":""Talhar"",""uk"":""Талхар"",""zh-CN"":""塔尔哈尔""}",2019-10-05T23:13:34,2025-12-02T14:38:56,1,Q7491871
85738,Tandlianwala,3176,PB,167,PK,city,,,31.03359000,73.13268000,تاندلیانوالہ,38285,Asia/Karachi,"{""ar"":""تاندليانوالا"",""br"":""Tandlianwala"",""de"":""Tandlianwala"",""es"":""Tandlianwala"",""fa"":""تاندلیان‌والا"",""fr"":""Tandlianwala"",""hi"":""टंडलियानवाला"",""hr"":""Tandlianwala"",""it"":""Tandlianwala"",""ja"":""タンドリアンワラ"",""ko"":""탄들리안왈라"",""nl"":""Tandlianwala"",""pl"":""Tandlianwala"",""pt"":""Tandlianwala"",""pt-BR"":""Tandlianwala"",""ru"":""Тандлианвала"",""tr"":""Tandlianwala"",""uk"":""Тандліанвала"",""zh-CN"":""坦德利安瓦拉""}",2019-10-05T23:13:34,2025-12-02T14:38:56,1,Q3695292
85739,Tando Adam,3175,SD,167,PK,city,,,25.76818000,68.66196000,ٹنڈو آدم,125598,Asia/Karachi,"{""ar"":""تاندو آدم"",""br"":""Tando Adam"",""de"":""Tando Adam"",""es"":""Tando Adam"",""fa"":""تاندو آدام"",""fr"":""Tando Adam"",""hi"":""तंदो आदम"",""hr"":""Tando Adam"",""it"":""Tando Adam"",""ja"":""タンド・アダム"",""ko"":""탄도 아담"",""nl"":""Tando Adam"",""pl"":""Tando Adam"",""pt"":""Tando Adam"",""pt-BR"":""Tando Adam"",""ru"":""Тандо Адам"",""tr"":""Tando Adam"",""uk"":""Тандо Адам"",""zh-CN"":""坦多·亚当""}",2019-10-05T23:13:34,2025-12-02T14:39:31,1,Q1249952
85740,Tando Allahyar,3175,SD,167,PK,adm2,,,25.46050000,68.71745000,ٹنڈو الہ یار,421923,Asia/Karachi,"{""ar"":""تاندو اللهيار"",""br"":""Tando Allahyar"",""de"":""Tando Allahyar"",""es"":""Tando Allahyar"",""fa"":""تندو اللهیار"",""fr"":""Tando Allahyar"",""hi"":""तंदो अल्लाहयार"",""hr"":""Tando Allahyar"",""it"":""Tando Allahyar"",""ja"":""タンド・アラヤル"",""ko"":""탄도 알라야르"",""nl"":""Tando Allahyar"",""pl"":""Tando Allahyar"",""pt"":""Tando Allahyar"",""pt-BR"":""Tando Allahyar"",""ru"":""Тандо Аллахьяр"",""tr"":""Tando Allahyar"",""uk"":""Тандо Аллах'яр"",""zh-CN"":""坦多·阿拉亚尔""}",2019-10-05T23:13:34,2025-12-02T14:39:31,1,Q1250417
85741,Tando Bago,3175,SD,167,PK,city,,,24.78914000,68.96535000,ٹنڈو باگو,14095,Asia/Karachi,"{""ar"":""تاندو باغو"",""br"":""Tando Bago"",""de"":""Tando Bago"",""es"":""Tando Bago"",""fa"":""تاندو باگو"",""fr"":""Tando Bago"",""hi"":""टांडो बागो"",""hr"":""Tando Bago"",""it"":""Tando Bago"",""ja"":""タンド・バゴ"",""ko"":""탄도 바고"",""nl"":""Tando Bago"",""pl"":""Tando Bago"",""pt"":""Tando Bago"",""pt-BR"":""Tando Bago"",""ru"":""Тандо Баго"",""tr"":""Tando Bago"",""uk"":""Тандо Баго"",""zh-CN"":""坦多·巴戈""}",2019-10-05T23:13:34,2025-12-02T14:38:56,1,Q1250417
85742,Tando Jam,3175,SD,167,PK,city,,,25.42813000,68.52923000,ٹنڈو جام,31612,Asia/Karachi,"{""ar"":""تاندو جام"",""br"":""Tando Jam"",""de"":""Tando Jam"",""es"":""Mermelada de tando"",""fa"":""تاندو جم"",""fr"":""Tando Jam"",""hi"":""तंडो जाम"",""hr"":""Tando Jam"",""it"":""Marmellata di Tando"",""ja"":""タンドジャム"",""ko"":""탄도잼"",""nl"":""Tando Jam"",""pl"":""Tando Jam"",""pt"":""Tando Jam"",""pt-BR"":""Tando Jam"",""ru"":""Тандо Джем"",""tr"":""Tando Reçeli"",""uk"":""Тандо Джем"",""zh-CN"":""坦多果酱""}",2019-10-05T23:13:34,2025-12-02T14:38:56,1,Q7682470
85743,Tando Mitha Khan,3175,SD,167,PK,city,,,25.99625000,69.20251000,ٹنڈو مٹھا خان,2723,Asia/Karachi,"{""ar"":""تاندو ميثا خان"",""br"":""Tando Mitha Khan"",""de"":""Tando Mitha Khan"",""es"":""Tando Mitha Khan"",""fa"":""تاندو میتا خان"",""fr"":""Tando Mitha Khan"",""hi"":""टंडो मीठा खान"",""hr"":""Tando Mitha Khan"",""it"":""Tando Mitha Khan"",""ja"":""タンド・ミタ・カーン"",""ko"":""탄도 미타 칸"",""nl"":""Tando Mitha Khan"",""pl"":""Tando Mitha Khan"",""pt"":""Tando Mitha Khan"",""pt-BR"":""Tando Mitha Khan"",""ru"":""Тандо Мита Хан"",""tr"":""Tando Mitha Khan"",""uk"":""Тандо Міта Хан"",""zh-CN"":""坦多·米塔·汗""}",2019-10-05T23:13:34,2025-12-02T14:39:31,1,Q7682470
85744,Tando Muhammad Khan,3175,SD,167,PK,adm2,,,25.12384000,68.53677000,ٹنڈو محمد خان,114406,Asia/Karachi,"{""ar"":""تاندو محمد خان"",""br"":""Tando Muhammad Khan"",""de"":""Tando Muhammad Khan"",""es"":""Tando Muhammad Khan"",""fa"":""تندو محمد خان"",""fr"":""Tando Muhammad Khan"",""hi"":""टंडो मुहम्मद खान"",""hr"":""Tando Muhammad Khan"",""it"":""Tando Muhammad Khan"",""ja"":""タンド・ムハンマド・カーン"",""ko"":""탄도 무하마드 칸"",""nl"":""Tando Muhammad Khan"",""pl"":""Tando Muhammad Khan"",""pt"":""Tando Muhammad Khan"",""pt-BR"":""Tando Muhammad Khan"",""ru"":""Тандо Мухаммад Хан"",""tr"":""Tando Muhammed Han"",""uk"":""Тандо Мухаммад Хан"",""zh-CN"":""坦多·穆罕默德·汗""}",2019-10-05T23:13:34,2025-12-02T14:38:56,1,Q3695618
85745,Tangi,3171,KP,167,PK,city,,,34.30090000,71.65238000,تنگی,29444,Asia/Karachi,"{""ar"":""تانجي"",""br"":""Tangi"",""de"":""Tangi"",""es"":""Tangi"",""fa"":""تانگی"",""fr"":""Tangi"",""hi"":""टांगी"",""hr"":""Tangi"",""it"":""Tangi"",""ja"":""タンギ"",""ko"":""탕기"",""nl"":""Tangi"",""pl"":""Tangi"",""pt"":""Tangi"",""pt-BR"":""Tangi"",""ru"":""Танги"",""tr"":""Tangi"",""uk"":""Тангі"",""zh-CN"":""坦吉""}",2019-10-05T23:13:34,2025-12-02T14:38:56,1,Q3695618
85746,Tangwani,3175,SD,167,PK,city,,,28.27886000,68.99760000,تنگوانی,9255,Asia/Karachi,"{""ar"":""تانغواني"",""br"":""Tangwani"",""de"":""Tangwani"",""es"":""Tangwani"",""fa"":""تانگوانی"",""fr"":""Tangwani"",""hi"":""तांगवानी"",""hr"":""Tangwani"",""it"":""Tangwani"",""ja"":""タンワニ"",""ko"":""탕와니"",""nl"":""Tangwani"",""pl"":""Tangwani"",""pt"":""Tangwani"",""pt-BR"":""Tangwani"",""ru"":""Тангвани"",""tr"":""Tangwani"",""uk"":""Тангвані"",""zh-CN"":""坦格瓦尼""}",2019-10-05T23:13:34,2025-12-02T14:38:56,1,Q3695618
85747,Tank,3171,KP,167,PK,adm2,,,32.21707000,70.38315000,ٹینک,44996,Asia/Karachi,"{""ar"":""صهريج"",""br"":""Tank"",""de"":""Tank"",""es"":""Tanque"",""fa"":""تانک"",""fr"":""Réservoir"",""hi"":""टैंक"",""hr"":""Tenk"",""it"":""Cisterna"",""ja"":""タンク"",""ko"":""탱크"",""nl"":""Tank"",""pl"":""Zbiornik"",""pt"":""Tanque"",""pt-BR"":""Tanque"",""ru"":""Танк"",""tr"":""Tank"",""uk"":""Танк"",""zh-CN"":""坦克""}",2019-10-05T23:13:34,2025-12-02T14:38:56,1,Q3695618
85748,Taunsa,3176,PB,167,PK,city,,,30.70358000,70.65054000,تونسہ,44869,Asia/Karachi,"{""ar"":""تاونسا"",""br"":""Taunsa"",""de"":""Taunsa"",""es"":""Taunsa"",""fa"":""تانسا"",""fr"":""Taunsa"",""hi"":""ताउन्सा"",""hr"":""Taunsa"",""it"":""Taunsa"",""ja"":""タウンサ"",""ko"":""타운사"",""nl"":""Taunsa"",""pl"":""Taunsa"",""pt"":""Taunsa"",""pt-BR"":""Taunsa"",""ru"":""Таунса"",""tr"":""Taunsa"",""uk"":""Таунса"",""zh-CN"":""陶恩萨""}",2019-10-05T23:13:34,2025-12-02T14:39:31,1,Q3243471
85749,Thal,3171,KP,167,PK,city,,,35.47836000,72.24383000,تھل,29331,Asia/Karachi,"{""ar"":""ثال"",""br"":""Thal"",""de"":""Thal"",""es"":""Tal"",""fa"":""تال"",""fr"":""Thal"",""hi"":""थाल"",""hr"":""Thal"",""it"":""Thal"",""ja"":""タール"",""ko"":""탈"",""nl"":""Thal"",""pl"":""Thal"",""pt"":""Thal"",""pt-BR"":""Thal"",""ru"":""Тал"",""tr"":""Tal"",""uk"":""Тал"",""zh-CN"":""塔尔""}",2019-10-05T23:13:34,2025-12-02T14:39:31,1,Q3243471
85750,Tharu Shah,3175,SD,167,PK,city,,,26.94230000,68.11759000,ٹھرو شاہ,17698,Asia/Karachi,"{""ar"":""ثارو شاه"",""br"":""Tharu Shah"",""de"":""Tharu Shah"",""es"":""Tharu Shah"",""fa"":""تارو شاه"",""fr"":""Tharu Shah"",""hi"":""थारू शाह"",""hr"":""Tharu Shah"",""it"":""Tharu Shah"",""ja"":""タルー・シャー"",""ko"":""타루 샤"",""nl"":""Tharu Sjah"",""pl"":""Tharu Szach"",""pt"":""Tharu Xá"",""pt-BR"":""Tharu Xá"",""ru"":""Тару Шах"",""tr"":""Tharu Şah"",""uk"":""Тару Шах"",""zh-CN"":""塔鲁·沙""}",2019-10-05T23:13:34,2025-12-02T14:38:56,1,Q3243471
85751,Thatta,3175,SD,167,PK,adm2,,,24.74745000,67.92353000,ٹھٹھہ,44302,Asia/Karachi,"{""ar"":""ثاتا"",""br"":""Setu"",""de"":""Thatta"",""es"":""Eso es"",""fa"":""تاتا"",""fr"":""Thatta"",""hi"":""थट्टा"",""hr"":""Tota"",""it"":""Thatta"",""ja"":""タッタ"",""ko"":""타타"",""nl"":""Datta"",""pl"":""Thatta"",""pt"":""Thatta"",""pt-BR"":""Thatta"",""ru"":""Татта"",""tr"":""Thatta"",""uk"":""Татта"",""zh-CN"":""塔塔""}",2019-10-05T23:13:34,2025-12-02T14:38:56,1,Q27212
85752,Thul,3175,SD,167,PK,city,,,28.24030000,68.77550000,تھل,34472,Asia/Karachi,"{""ar"":""ثول"",""br"":""Yaou"",""de"":""Thul"",""es"":""Thul"",""fa"":""تول"",""fr"":""Jeudi"",""hi"":""थुल"",""hr"":""Thul"",""it"":""Thul"",""ja"":""トゥール"",""ko"":""툴"",""nl"":""Doel"",""pl"":""Thul"",""pt"":""Thul"",""pt-BR"":""Thul"",""ru"":""Тул"",""tr"":""Thul"",""uk"":""Тул"",""zh-CN"":""图尔""}",2019-10-05T23:13:34,2025-12-02T14:38:56,1,Q7798734
85753,Toba Tek Singh,3176,PB,167,PK,adm2,,,30.97127000,72.48275000,ٹوبہ ٹیک سنگھ,123102,Asia/Karachi,"{""ar"":""توبا تيك سينغ"",""br"":""Toba Tek Singh"",""de"":""Toba Tek Singh"",""es"":""Toba Tek Singh"",""fa"":""توبا تک سینگ"",""fr"":""Toba Tek Singh"",""hi"":""टोबा टेक सिंह"",""hr"":""Toba Tek Singh"",""it"":""Toba Tek Singh"",""ja"":""トバ・テック・シン"",""ko"":""토바 텍 싱"",""nl"":""Toba Tek Singh"",""pl"":""Toba Tek Singh"",""pt"":""Toba Tek Singh"",""pt-BR"":""Toba Tek Singh"",""ru"":""Тоба Тек Сингх"",""tr"":""Toba Tek Singh"",""uk"":""Тоба Тек Сінгх"",""zh-CN"":""托巴·泰克·辛格""}",2019-10-05T23:13:34,2025-12-02T14:39:31,1,Q2659599
85754,Topi,3171,KP,167,PK,city,,,34.07034000,72.62147000,ٹوپی,74867,Asia/Karachi,"{""ar"":""توبي"",""br"":""Topi"",""de"":""Topi"",""es"":""Tema"",""fa"":""توپی"",""fr"":""Topi"",""hi"":""टोपी"",""hr"":""Topi"",""it"":""Topi"",""ja"":""トピ"",""ko"":""토피"",""nl"":""Topi"",""pl"":""Topi"",""pt"":""Topi"",""pt-BR"":""Topi"",""ru"":""Топи"",""tr"":""Konu"",""uk"":""Топі"",""zh-CN"":""托皮""}",2019-10-05T23:13:34,2025-12-02T14:39:31,1,Q4460662
85755,Turbat,3174,BA,167,PK,adm2,,,26.00122000,63.04849000,تربت,75694,Asia/Karachi,"{""ar"":""تربت"",""br"":""Turbat"",""de"":""Turbat"",""es"":""Turbat"",""fa"":""تربت"",""fr"":""Turbat"",""hi"":""तुर्बत"",""hr"":""Turbat"",""it"":""Turbat"",""ja"":""ターバット"",""ko"":""투르밧"",""nl"":""Turbat"",""pl"":""Turbat"",""pt"":""Turbat"",""pt-BR"":""Turbat"",""ru"":""Турбат"",""tr"":""Turbat"",""uk"":""Турбат"",""zh-CN"":""图尔巴特""}",2019-10-05T23:13:34,2025-12-02T14:38:56,1,Q2977093
85756,Ubauro,3175,SD,167,PK,city,,,28.16429000,69.73114000,اوبورو,23462,Asia/Karachi,"{""ar"":""أوباورو"",""br"":""Ubauro"",""de"":""Ubauro"",""es"":""Ubauro"",""fa"":""اوبائورو"",""fr"":""Ubauro"",""hi"":""उबाउरो"",""hr"":""Ubauro"",""it"":""Ubauro"",""ja"":""ウバウロ"",""ko"":""우바우로"",""nl"":""Ubauro"",""pl"":""Ubauro"",""pt"":""Ubauro"",""pt-BR"":""Ubauro"",""ru"":""Убауро"",""tr"":""Ubauro"",""uk"":""Убауро"",""zh-CN"":""乌巴罗""}",2019-10-05T23:13:34,2025-12-02T14:38:56,1,Q7876431
85757,Umarkot,3175,SD,167,PK,adm2,,,25.36329000,69.74184000,عمرکوٹ,144558,Asia/Karachi,"{""ar"":""أوماركوت"",""br"":""Umarkot"",""de"":""Umarkot"",""es"":""Umarket"",""fa"":""عمرکوت"",""fr"":""Umarkot"",""hi"":""उमरकोट"",""hr"":""Umarket"",""it"":""Umarkot"",""ja"":""ウマルコット"",""ko"":""우마르코트"",""nl"":""Umarkot"",""pl"":""Umarkot"",""pt"":""Umarkot"",""pt-BR"":""Umarkot"",""ru"":""Умаркот"",""tr"":""Umarkot"",""uk"":""Умаркет"",""zh-CN"":""乌马尔科特""}",2019-10-05T23:13:34,2025-12-02T14:39:31,1,Q7876431
85758,Umerkot,3175,SD,167,PK,district,,,25.37000000,69.73000000,ضلع عمرکوٹ,1159831,Asia/Karachi,"{""ar"":""منطقة عمركوت"",""br"":""Distrig Umerkot"",""de"":""Umerkot District"",""es"":""Distrito de Umerkot"",""fa"":""ولسوالی عمرکوت"",""fr"":""District d'Umerkot"",""hi"":""उमरकोट जिला"",""hr"":""Okrug Umerkot"",""it"":""Distretto di Umerkot"",""ja"":""ウメルコット地区"",""ko"":""우메르코트 지구"",""nl"":""District Umerkot"",""pl"":""Rejon Umerkot"",""pt"":""Distrito de Umerkot"",""pt-BR"":""Distrito de Umerkot"",""ru"":""Умеркотский район"",""tr"":""Umerkot Bölgesi"",""uk"":""Район Умеркот"",""zh-CN"":""乌默科特区""}",2019-10-05T23:13:34,2025-12-02T17:29:56,1,Q2418946
85759,Upper Dir,3171,KP,167,PK,adm2,,,35.20740000,71.87680000,دیر بالا,29869,Asia/Karachi,"{""ar"":""المدير العلوي"",""br"":""Dir uhelañ"",""de"":""Obere Richtung"",""es"":""Dirección superior"",""fa"":""دیر بالایی"",""fr"":""Direction supérieure"",""hi"":""ऊपरी दिशा"",""hr"":""Gornji direktor"",""it"":""Dir superiore"",""ja"":""上方向"",""ko"":""상위 디르"",""nl"":""Bovenste richting"",""pl"":""Górny Kierunek"",""pt"":""Direção superior"",""pt-BR"":""Direção superior"",""ru"":""Верхний Дирижёр"",""tr"":""Üst Dir"",""uk"":""Верхній директор"",""zh-CN"":""上层目录""}",2019-10-05T23:13:34,2025-12-02T14:39:31,1,Q654483
85760,Usta Muhammad,3174,BA,167,PK,city,,,28.17723000,68.04367000,اوستہ محمد,43983,Asia/Karachi,"{""ar"":""الأستاذ محمد"",""br"":""Usta Muhammad"",""de"":""Usta Muhammad"",""es"":""Usta Muhammad"",""fa"":""اوستا محمد"",""fr"":""Usta Muhammad"",""hi"":""उस्ता मुहम्मद"",""hr"":""Usta Muhammad"",""it"":""Usta Muhammad"",""ja"":""ウスタ・ムハンマド"",""ko"":""우스타 무함마드"",""nl"":""Usta Mohammed"",""pl"":""Usta Muhammad"",""pt"":""Usta Muhammad"",""pt-BR"":""Usta Muhammad"",""ru"":""Уста Мухаммад"",""tr"":""Usta Muhammed"",""uk"":""Уста Мухаммад"",""zh-CN"":""乌斯塔·穆罕默德""}",2019-10-05T23:13:34,2025-12-02T14:38:56,1,Q10388486
85761,Uthal,3174,BA,167,PK,adm2,,,25.80722000,66.62194000,اتھل,16483,Asia/Karachi,"{""ar"":""أوثال"",""br"":""Uthal"",""de"":""Uthal"",""es"":""Uthal"",""fa"":""اوتال"",""fr"":""Uthal"",""hi"":""उथल"",""hr"":""Uthal"",""it"":""Uthal"",""ja"":""ウサル"",""ko"":""우탈"",""nl"":""Uthal"",""pl"":""Uthal"",""pt"":""Uthal"",""pt-BR"":""Uthal"",""ru"":""Утал"",""tr"":""Uthal"",""uk"":""Уталь"",""zh-CN"":""乌萨尔""}",2019-10-05T23:13:34,2025-12-02T14:38:56,1,Q2581505
85762,Utmanzai,3171,KP,167,PK,city,,,34.18775000,71.76274000,اتمانزئی,29423,Asia/Karachi,"{""ar"":""أوتمانزاي"",""br"":""Utmanzai"",""de"":""Utmanzai"",""es"":""Utmanzai"",""fa"":""اوتمانزی"",""fr"":""Utmanzaï"",""hi"":""उतमानजई"",""hr"":""Utmanzai"",""it"":""Utmanzai"",""ja"":""ウトマンザイ"",""ko"":""우트만자이"",""nl"":""Utmanzai"",""pl"":""Utmanzai"",""pt"":""Utmanzai"",""pt-BR"":""Utmanzai"",""ru"":""Утманзай"",""tr"":""Utmanzai"",""uk"":""Утманзай"",""zh-CN"":""乌特曼扎伊""}",2019-10-05T23:13:34,2025-12-02T14:38:56,1,Q2581505
85763,Vihari,3176,PB,167,PK,adm2,,,30.04450000,72.35560000,وہاری,112840,Asia/Karachi,"{""ar"":""فيهاري"",""br"":""Vihari"",""de"":""Vihari"",""es"":""Vihari"",""fa"":""ویهاری"",""fr"":""Vihari"",""hi"":""विहारी"",""hr"":""Vihari"",""it"":""Vihari"",""ja"":""ヴィハリ"",""ko"":""비하리"",""nl"":""Vihari"",""pl"":""Vihari"",""pt"":""Vihari"",""pt-BR"":""Vihari"",""ru"":""Вихари"",""tr"":""Vihari"",""uk"":""Віхарі"",""zh-CN"":""维哈里""}",2019-10-05T23:13:34,2025-12-02T14:39:31,1,Q2581505
85764,Wana,3171,KP,167,PK,city,,,32.29889000,69.57250000,وانا,2223,Asia/Karachi,"{""ar"":""وانا"",""br"":""Wana"",""de"":""Wana"",""es"":""Wana"",""fa"":""وانا"",""fr"":""Vouloir"",""hi"":""डब्ल्यू ए एन ए"",""hr"":""Wana"",""it"":""Vuoi"",""ja"":""ワナ"",""ko"":""와나"",""nl"":""Wana"",""pl"":""Wana"",""pt"":""Wana"",""pt-BR"":""Wana"",""ru"":""Вана"",""tr"":""Wana"",""uk"":""Вана"",""zh-CN"":""瓦纳""}",2019-10-05T23:13:34,2025-12-02T14:38:56,1,Q1026635
85765,Warah,3175,SD,167,PK,city,,,27.44805000,67.79654000,وارہ,18724,Asia/Karachi,"{""ar"":""وارا"",""br"":""Warah"",""de"":""Warah"",""es"":""Warah"",""fa"":""واره"",""fr"":""Warah"",""hi"":""वाराह"",""hr"":""Warah"",""it"":""Guerra"",""ja"":""ワラ"",""ko"":""와라"",""nl"":""Warah"",""pl"":""Warah"",""pt"":""Warah"",""pt-BR"":""Warah"",""ru"":""Варах"",""tr"":""Warah"",""uk"":""Варах"",""zh-CN"":""瓦拉""}",2019-10-05T23:13:35,2025-12-02T14:39:31,1,Q1026635
85766,Wazirabad,3176,PB,167,PK,city,,,32.44324000,74.12000000,وزیرآباد,102444,Asia/Karachi,"{""ar"":""وزيراباد"",""br"":""Wazirabad"",""de"":""Wazirabad"",""es"":""Wazirabad"",""fa"":""وزیرآباد"",""fr"":""Wazirabad"",""hi"":""वजीराबाद"",""hr"":""Wazirabad"",""it"":""Wazirabad"",""ja"":""ワジラバード"",""ko"":""와지라바드"",""nl"":""Wazirabad"",""pl"":""Wazirabad"",""pt"":""Wazirabad"",""pt-BR"":""Wazirabad"",""ru"":""Вазирабад"",""tr"":""Vezirabad"",""uk"":""Вазірабад"",""zh-CN"":""沃济拉巴德""}",2019-10-05T23:13:35,2025-12-02T14:38:56,1,Q1026613
85767,Yazman,3176,PB,167,PK,city,,,29.12122000,71.74459000,یزمان,24580,Asia/Karachi,"{""ar"":""يازمان"",""br"":""Yazman"",""de"":""Yazman"",""es"":""Yazmán"",""fa"":""یازمان"",""fr"":""Yazman"",""hi"":""यज़मान"",""hr"":""Yazman"",""it"":""Yazman"",""ja"":""ヤズマン"",""ko"":""야즈만"",""nl"":""Yazman"",""pl"":""Jazman"",""pt"":""Yazman"",""pt-BR"":""Yazman"",""ru"":""Язман"",""tr"":""Yazman"",""uk"":""Язман"",""zh-CN"":""亚兹曼""}",2019-10-05T23:13:35,2025-12-02T14:38:56,1,Q8050625
85768,Zafarwal,3176,PB,167,PK,city,,,32.34464000,74.89990000,ظفروال,23078,Asia/Karachi,"{""ar"":""ظفروال"",""br"":""Zafarwal"",""de"":""Zafarwal"",""es"":""Zafarwal"",""fa"":""ظفروال"",""fr"":""Zafarwal"",""hi"":""ज़फ़रवाल"",""hr"":""Zafarwal"",""it"":""Zafarwal"",""ja"":""ザファルワル"",""ko"":""자파르왈"",""nl"":""Zafarwal"",""pl"":""Zafarwal"",""pt"":""Zafarwal"",""pt-BR"":""Zafarwal"",""ru"":""Зафарвал"",""tr"":""Zafarwal"",""uk"":""Зафарвал"",""zh-CN"":""扎法尔瓦尔""}",2019-10-05T23:13:35,2025-12-02T14:39:31,1,Q8050625
85769,Zahir Pir,3176,PB,167,PK,city,,,28.81284000,70.52341000,ظاہر پیر,34121,Asia/Karachi,"{""ar"":""ظهير بير"",""br"":""Zahir Pir"",""de"":""Zahir Pir"",""es"":""Zahir Pir"",""fa"":""ظهیر پیر"",""fr"":""Zahir Pir"",""hi"":""ज़हीर पीर"",""hr"":""Zahir Pir"",""it"":""Zahir Pir"",""ja"":""ザヒル・ピル"",""ko"":""자히르 피르"",""nl"":""Zahir Pir"",""pl"":""Zahir Pir"",""pt"":""Zahir Pir"",""pt-BR"":""Zahir Pir"",""ru"":""Захир Пир"",""tr"":""Zahir Pir"",""uk"":""Захір Пір"",""zh-CN"":""查希尔·皮尔""}",2019-10-05T23:13:35,2025-12-02T14:38:56,1,Q8076090
85770,Zaida,3171,KP,167,PK,city,,,34.05950000,72.46690000,زیدہ,26787,Asia/Karachi,"{""ar"":""زايدة"",""br"":""Zaida"",""de"":""Zaida"",""es"":""Zaida"",""fa"":""زایده"",""fr"":""Zaida"",""hi"":""ज़ैदा"",""hr"":""Zaida"",""it"":""Zaida"",""ja"":""ザイダ"",""ko"":""자이다"",""nl"":""Zaida"",""pl"":""Zaida"",""pt"":""Zaida"",""pt-BR"":""Zaida"",""ru"":""Заида"",""tr"":""Zaida"",""uk"":""Заїда"",""zh-CN"":""扎伊达""}",2019-10-05T23:13:35,2025-12-02T14:38:56,1,Q4184172
85771,Zhob,3174,BA,167,PK,adm2,,,31.34082000,69.44930000,ژوب,50537,Asia/Karachi,"{""ar"":""زهوب"",""br"":""Zhob"",""de"":""Zhob"",""es"":""Zhob"",""fa"":""ژوب"",""fr"":""Zhob"",""hi"":""ज़ोब"",""hr"":""Žob"",""it"":""Zhob"",""ja"":""ゾブ"",""ko"":""조브"",""nl"":""Zhob"",""pl"":""Zhob"",""pt"":""Zhob"",""pt-BR"":""Zhob"",""ru"":""Жоб"",""tr"":""Zhob"",""uk"":""Жоб"",""zh-CN"":""佐布""}",2019-10-05T23:13:35,2025-12-02T14:38:56,1,Q2665223
85772,Zhob District,3174,BA,167,PK,district,,,31.36444000,69.20749000,ضلع ژوب,355692,Asia/Karachi,"{""ar"":""منطقة زهوب"",""br"":""Distrig Zhob"",""de"":""Bezirk Zhob"",""es"":""Distrito de Zhob"",""fa"":""شهرستان ژوب"",""fr"":""District de Zhob"",""hi"":""ज़ोब जिला"",""hr"":""Okrug Zhob"",""it"":""Distretto di Zhob"",""ja"":""ゾブ地区"",""ko"":""조브 지구"",""nl"":""Zhob-district"",""pl"":""Dzielnica Zhob"",""pt"":""Distrito de Zhob"",""pt-BR"":""Distrito de Zhob"",""ru"":""Район Жоб"",""tr"":""Zhob Bölgesi"",""uk"":""Жобський район"",""zh-CN"":""佐布区""}",2019-10-05T23:13:35,2025-12-02T17:30:38,1,Q2281313
85773,Ziarat,3174,BA,167,PK,adm2,,,30.38244000,67.72562000,زیارت,733,Asia/Karachi,"{""ar"":""زيارة"",""br"":""Ziarat"",""de"":""Ziarat"",""es"":""Ziarat"",""fa"":""زیارت"",""fr"":""Ziarat"",""hi"":""जियारत"",""hr"":""Ziarat"",""it"":""Ziarat"",""ja"":""ジアラット"",""ko"":""지아라트"",""nl"":""Ziarat"",""pl"":""Ziarat"",""pt"":""Ziarat"",""pt-BR"":""Ziarat"",""ru"":""Зиарат"",""tr"":""Ziyaret"",""uk"":""Зіарат"",""zh-CN"":""齐亚拉特""}",2019-10-05T23:13:35,2025-12-02T14:38:56,1,Q1968523
85774,Ziārat District,3174,BA,167,PK,district,,,30.43591000,67.50962000,ضلع زیارت,160095,Asia/Karachi,"{""ar"":""منطقة زيارات"",""br"":""Distrig Ziārat"",""de"":""Ziārat District"",""es"":""Distrito de Ziārat"",""fa"":""شهرستان زیارت"",""fr"":""District de Ziārat"",""hi"":""ज़ियारत जिला"",""hr"":""Okrug Ziārat"",""it"":""Distretto di Ziārat"",""ja"":""ジアラット地区"",""ko"":""지아라트 지구"",""nl"":""Ziārat District"",""pl"":""Dystrykt Ziārat"",""pt"":""Distrito de Ziārat"",""pt-BR"":""Distrito de Ziārat"",""ru"":""Район Зиарат"",""tr"":""Ziārat Bölgesi"",""uk"":""Зіаратський район"",""zh-CN"":""齐阿拉特区""}",2019-10-05T23:13:35,2025-12-02T17:30:38,1,Q2315423
143765,Chuhar Kana,3176,PB,167,PK,city,,,31.75000000,73.80000000,چوہڑ کانا۔,69321,Asia/Karachi,"{""ar"":""تشوهار كانا"",""br"":""Chuhar Kana"",""de"":""Chuhar Kana"",""es"":""Chuhar Kana"",""fa"":""چوهار کانا"",""fr"":""Chuhar Kana"",""hi"":""चुहार काना"",""hr"":""Čuhar Kana"",""it"":""Chuhar Kana"",""ja"":""チュハル・カナ"",""ko"":""추하르 카나"",""nl"":""Chuhar Kana"",""pl"":""Chuhar Kana"",""pt"":""Chuhar Kana"",""pt-BR"":""Chuhar Kana"",""ru"":""Чухар Кана"",""tr"":""Çuhar Kana"",""uk"":""Чухар Кана"",""zh-CN"":""丘哈尔·卡纳""}",2020-07-04T17:49:35,2025-12-02T14:38:56,1,Q34794713
143766,Dhok Awan,3176,PB,167,PK,city,,,32.84452000,72.52357000,ڈھوک اعوان,655,Asia/Karachi,"{""ar"":""دهوك أوان"",""br"":""Dhok Awan"",""de"":""Dhok Awan"",""es"":""Dhok Awan"",""fa"":""دوک اعوان"",""fr"":""Dhok Awan"",""hi"":""ढोक अवान"",""hr"":""Dhok Awan"",""it"":""Dhok Awan"",""ja"":""ドク・アワン"",""ko"":""독 아완"",""nl"":""Dhok Awan"",""pl"":""Dhok Awan"",""pt"":""Dhok Awan"",""pt-BR"":""Dhok Awan"",""ru"":""Дхок Аван"",""tr"":""Dhok Awan"",""uk"":""Дхок Аван"",""zh-CN"":""多克·阿万""}",2020-07-04T17:49:35,2025-12-02T14:38:56,1,Q34801696
143767,Daud Khel,3176,PB,167,PK,city,,,32.87498000,71.57013000,داؤد خیل,26395,Asia/Karachi,"{""ar"":""داود خيل"",""br"":""Daud Khel"",""de"":""Daud Khel"",""es"":""Daud Khel"",""fa"":""داوود خیل"",""fr"":""Daud Khel"",""hi"":""दाउद खेल"",""hr"":""Daud Khel"",""it"":""Daud Khel"",""ja"":""ダウド・ケル"",""ko"":""다우드 켈"",""nl"":""Daud Khel"",""pl"":""Daud Khel"",""pt"":""Daud Khel"",""pt-BR"":""Daud Khel"",""ru"":""Дауд Хель"",""tr"":""Daud Khel"",""uk"":""Дауд Хел"",""zh-CN"":""达乌德·克尔""}",2020-07-04T17:49:35,2025-12-02T14:38:56,1,Q49349071
143768,Ferozewala,3176,PB,167,PK,city,,,29.30000000,70.43333333,فیروز والا,52847,Asia/Karachi,"{""ar"":""فيروزوالا"",""br"":""Ferozewala"",""de"":""Ferozewala"",""es"":""Ferozewala"",""fa"":""فیروزوالا"",""fr"":""Ferozewala"",""hi"":""फिरोजवाला"",""hr"":""Ferozewala"",""it"":""Ferozewala"",""ja"":""フェロゼワラ"",""ko"":""페로제왈라"",""nl"":""Ferozewala"",""pl"":""Ferozewala"",""pt"":""Ferozewala"",""pt-BR"":""Ferozewala"",""ru"":""Ферозевала"",""tr"":""Ferozewala"",""uk"":""Ферозвала"",""zh-CN"":""费罗泽瓦拉""}",2020-07-04T17:49:35,2025-12-02T16:59:27,1,Q5445217
143769,Gujranwala Division,3176,PB,167,PK,city,,,32.45000000,74.13333000,گوجرانوالہ ڈویژن,16123984,Asia/Karachi,"{""ar"":""قسم جوجرانوالا"",""br"":""Rann Gujranwala"",""de"":""Gujranwala Division"",""es"":""División de Gujranwala"",""fa"":""بخش گوجرانوالا"",""fr"":""Division de Gujranwala"",""hi"":""गुजरांवाला डिवीजन"",""hr"":""Divizija Gujranwala"",""it"":""Divisione di Gujranwala"",""ja"":""グジュランワーラ管区"",""ko"":""구즈란왈라 지부"",""nl"":""Gujranwala-divisie"",""pl"":""Dywizja Gujranwala"",""pt"":""Divisão Gujranwala"",""pt-BR"":""Divisão Gujranwala"",""ru"":""Подразделение Гуджранвала"",""tr"":""Gujranwala Bölümü"",""uk"":""Округ Гуджранвала"",""zh-CN"":""古吉兰瓦拉省""}",2020-07-04T17:49:35,2025-12-02T16:59:27,1,Q12858404
143770,Hasan Abdal,3176,PB,167,PK,city,,,33.81948611,72.68902778,حسن ابدال,50044,Asia/Karachi,"{""ar"":""حسن عبدال"",""br"":""Hasan Abdal"",""de"":""Hasan Abdal"",""es"":""Hasan Abdal"",""fa"":""حسن عبدال"",""fr"":""Hassan Abdal"",""hi"":""हसन अब्दाल"",""hr"":""Hasan Abdal"",""it"":""Hasan Abdal"",""ja"":""ハサン・アブダル"",""ko"":""하산 압달"",""nl"":""Hasan Abdal"",""pl"":""Hasan Abdal"",""pt"":""Hasan Abdal"",""pt-BR"":""Hasan Abdal"",""ru"":""Хасан Абдал"",""tr"":""Hasan Abdal"",""uk"":""Хасан Абдал"",""zh-CN"":""哈桑·阿卜杜勒""}",2020-07-04T17:49:35,2025-12-02T16:59:27,1,Q71037
143771,Kohror Pakka,3176,PB,167,PK,city,,,29.62382000,71.91673000,کوہرو پکا,69743,Asia/Karachi,"{""ar"":""كورور باكا"",""br"":""Kohror Pakka"",""de"":""Kohror Pakka"",""es"":""Kohror Pakka"",""fa"":""کوهر پاکا"",""fr"":""Kohror Pakka"",""hi"":""कोहरोर पक्का"",""hr"":""Kohror Pakka"",""it"":""Kohror Pakka"",""ja"":""コロール・パッカ"",""ko"":""코로르 파카"",""nl"":""Kohror Pakka"",""pl"":""Kohror Pakka"",""pt"":""Kohror Pakka"",""pt-BR"":""Kohror Pakka"",""ru"":""Корор Пакка"",""tr"":""Kohror Pakka"",""uk"":""Кохрор Пакка"",""zh-CN"":""科罗尔帕卡""}",2020-07-04T17:49:35,2025-12-02T14:38:56,1,Q35698055
143772,Mandi Bahauddin District,3176,PB,167,PK,district,,,32.58333333,73.50000000,منڈی بہاؤالدین ضلع,1829486,Asia/Karachi,"{""ar"":""منطقة ماندي بهاء الدين"",""br"":""Distrig Mandi Bahauddin"",""de"":""Distrikt Mandi Bahauddin"",""es"":""Distrito de Mandi Bahauddin"",""fa"":""شهرستان مندی بهاءالدین"",""fr"":""District de Mandi Bahauddin"",""hi"":""मंडी बहाउद्दीन जिला"",""hr"":""Okrug Mandi Bahauddin"",""it"":""Distretto di Mandi Bahauddin"",""ja"":""マンディ・バハウディン地区"",""ko"":""만디 바하우딘 지구"",""nl"":""District Mandi Bahauddin"",""pl"":""Dystrykt Mandi Bahauddin"",""pt"":""Distrito de Mandi Bahauddin"",""pt-BR"":""Distrito de Mandi Bahauddin"",""ru"":""Район Манди Бахауддин"",""tr"":""Mandi Bahauddin Bölgesi"",""uk"":""Район Манді Бахауддін"",""zh-CN"":""曼迪巴哈乌丁区""}",2020-07-04T17:49:35,2025-12-02T17:30:38,1,Q2419031
143773,Multan District,3176,PB,167,PK,district,,,30.08333333,71.66666667,ضلع ملتان,4745109,Asia/Karachi,"{""ar"":""منطقة ملتان"",""br"":""Distrig Multan"",""de"":""Multan-Distrikt"",""es"":""Distrito de Multan"",""fa"":""شهرستان ملتان"",""fr"":""District de Multan"",""hi"":""मुल्तान जिला"",""hr"":""Okrug Multan"",""it"":""Distretto di Multan"",""ja"":""ムルターン地区"",""ko"":""물탄 지구"",""nl"":""Multan-district"",""pl"":""Dystrykt Multan"",""pt"":""Distrito de Multan"",""pt-BR"":""Distrito de Multan"",""ru"":""Мултанский район"",""tr"":""Multan Bölgesi"",""uk"":""Мултанський район"",""zh-CN"":""木尔坦区""}",2020-07-04T17:49:35,2025-12-02T17:30:38,1,Q2281168
143774,Pakki Shagwanwali,3176,PB,167,PK,city,,,30.79033000,70.87139000,پکی شگانووالی,500,Asia/Karachi,"{""ar"":""باكّي شاغوانوالي"",""br"":""Pakki Shagwanwali"",""de"":""Pakki Shagwanwali"",""es"":""Pakki Shagwanwali"",""fa"":""پاکی شگوانوالی"",""fr"":""Pakki Shagwanwali"",""hi"":""पक्की शगवानवाली"",""hr"":""Pakki Shagwanwali"",""it"":""Pakki Shagwanwali"",""ja"":""パッキ・シャグワンワリ"",""ko"":""파키 샤그완왈리"",""nl"":""Pakki Shagwanwali"",""pl"":""Pakki Shagwanwali"",""pt"":""Pakki Shagwanwali"",""pt-BR"":""Pakki Shagwanwali"",""ru"":""Пакки Шагванвали"",""tr"":""Pakki Şagwanvali"",""uk"":""Паккі Шагванвалі"",""zh-CN"":""帕基·沙格万瓦利""}",2020-07-04T17:49:35,2025-12-02T16:59:27,1,Q33471024
143775,Qila Didar Singh,3176,PB,167,PK,city,,,32.80000000,74.10000000,قلعہ دیدار سنگھ,53172,Asia/Karachi,"{""ar"":""قلعة ديدار سينغ"",""br"":""Qila Didar Singh"",""de"":""Qila Didar Singh"",""es"":""Qila Didar Singh"",""fa"":""قلعه دیدار سینگ"",""fr"":""Qila Didar Singh"",""hi"":""किला दीदार सिंह"",""hr"":""Qila Didar Singh"",""it"":""Qila Didar Singh"",""ja"":""キラ・ディダール・シン"",""ko"":""킬라 디다르 싱"",""nl"":""Qila Didar Singh"",""pl"":""Qila Didar Singh"",""pt"":""Qila Didar Singh"",""pt-BR"":""Qila Didar Singh"",""ru"":""Кила Дидар Сингх"",""tr"":""Qila Didar Singh"",""uk"":""Кіла Дідар Сінгх"",""zh-CN"":""吉拉·迪达尔·辛格""}",2020-07-04T17:49:35,2025-12-02T16:59:27,1,Q7267726
143776,Rahimyar Khan,3176,PB,167,PK,district,,,28.46020000,70.52837000,ضلع رحیم یار خان,,Asia/Karachi,"{""ar"":""منطقة رحيم يار خان"",""br"":""Distrig Rahimyar Khan"",""de"":""Bezirk Rahimyar Khan"",""es"":""Distrito de Rahimyar Khan"",""fa"":""ولسوالی رحیم یار خان"",""fr"":""District de Rahimyar Khan"",""hi"":""रहीमयार खान जिला"",""hr"":""Okrug Rahimyar Khan"",""it"":""Distretto di Rahimyar Khan"",""ja"":""ラヒムヤール・カーン地区"",""ko"":""라히미야르 칸 지구"",""nl"":""Rahimyar Khan-district"",""pl"":""Dystrykt Rahimyar Khan"",""pt"":""Distrito de Rahimyar Khan"",""pt-BR"":""Distrito de Rahimyar Khan"",""ru"":""Район Рахимьяр-Хан"",""tr"":""Rahimyar Khan Bölgesi"",""uk"":""Район Рахім'яр-Хан"",""zh-CN"":""拉希米亚尔汗县""}",2020-07-04T17:49:35,2025-12-02T17:29:56,1,Q2639823
143777,Shahkot Tehsil,3176,PB,167,PK,city,,,31.56166667,73.48750000,تحصیل شاہکوٹ,200000,Asia/Karachi,"{""ar"":""شاهكوت تحصيل"",""br"":""Shahkot Tehsil"",""de"":""Shahkot Tehsil"",""es"":""Shahkot Tehsil"",""fa"":""تحصیل شاهکوت"",""fr"":""Tehsil de Shahkot"",""hi"":""शाहकोट तहसील"",""hr"":""Šahkot Tehsil"",""it"":""Shahkot Tehsil"",""ja"":""シャコット・テシル"",""ko"":""샤코트 테실"",""nl"":""Shahkot Tehsil"",""pl"":""Tehsil Shahkot"",""pt"":""Shahkot Tehsil"",""pt-BR"":""Shahkot Tehsil"",""ru"":""Шахкот Техсил"",""tr"":""Şahkot Tehsil"",""uk"":""Шахкот Техсіл"",""zh-CN"":""沙赫科特区""}",2020-07-04T17:49:35,2025-12-02T16:59:27,1,Q3243491
143778,Umerkot,3176,PB,167,PK,adm2,,,25.36138889,69.73611111,عمرکوٹ,35059,Asia/Karachi,"{""ar"":""عمركوت"",""br"":""Umerkot"",""de"":""Umerkot"",""es"":""Umerkot"",""fa"":""عمرکوت"",""fr"":""Umerkot"",""hi"":""अमरकोट"",""hr"":""Umerkot"",""it"":""Umerkot"",""ja"":""ウメルコット"",""ko"":""우메르코트"",""nl"":""Umerkot"",""pl"":""Umerkot"",""pt"":""Umerkot"",""pt-BR"":""Umerkot"",""ru"":""Умеркот"",""tr"":""Umerkot"",""uk"":""Умеркот"",""zh-CN"":""乌默科特""}",2020-07-04T17:49:35,2025-12-02T17:11:50,1,Q2625910
143779,Wah,3176,PB,167,PK,city,,,33.81000000,72.70972222,واہ,258737,Asia/Karachi,"{""ar"":""واه"",""br"":""Wah"",""de"":""Wah"",""es"":""Wah"",""fa"":""وا"",""fr"":""Wah"",""hi"":""वाह"",""hr"":""Vau"",""it"":""Wah"",""ja"":""わー"",""ko"":""와"",""nl"":""Wah"",""pl"":""Wah"",""pt"":""Uau"",""pt-BR"":""Uau"",""ru"":""Вау"",""tr"":""Vay canına"",""uk"":""Вау"",""zh-CN"":""哇""}",2020-07-04T17:49:35,2025-12-02T16:59:27,1,Q2119444
143780,Warburton,3176,PB,167,PK,city,,,31.55000000,73.83330000,واربرٹن,24295,Asia/Karachi,"{""ar"":""واربورتون"",""br"":""Warburton"",""de"":""Warburton"",""es"":""Warburton"",""fa"":""واربورتون"",""fr"":""Warburton"",""hi"":""वारबर्टन"",""hr"":""Warburton"",""it"":""Warburton"",""ja"":""ウォーバートン"",""ko"":""워버튼"",""nl"":""Warburton"",""pl"":""Warburton"",""pt"":""Warburton"",""pt-BR"":""Warburton"",""ru"":""Уорбертон"",""tr"":""Warburton"",""uk"":""Ворбертон"",""zh-CN"":""沃伯顿""}",2020-07-04T17:49:35,2025-12-02T16:59:27,1,Q7968864
143781,West Punjab,3176,PB,167,PK,city,,,31.00000000,72.00000000,مغربی پنجاب,,Asia/Karachi,"{""ar"":""غرب البنجاب"",""br"":""Panjab ar C'hornôg"",""de"":""Westpunjab"",""es"":""Punjab occidental"",""fa"":""پنجاب غربی"",""fr"":""Pendjab occidental"",""hi"":""पश्चिमी पंजाब"",""hr"":""Zapadni Punjab"",""it"":""Punjab occidentale"",""ja"":""西パンジャブ"",""ko"":""웨스트 펀잡"",""nl"":""West-Punjab"",""pl"":""Zachodni Pendżab"",""pt"":""Punjab Ocidental"",""pt-BR"":""Punjab Ocidental"",""ru"":""Западный Пенджаб"",""tr"":""Batı Pencap"",""uk"":""Західний Пенджаб"",""zh-CN"":""西旁遮普""}",2020-07-04T17:49:35,2025-12-02T16:59:27,1,Q3246245
