id,name,state_id,state_code,country_id,country_code,type,level,parent_id,latitude,longitude,native,population,timezone,translations,created_at,updated_at,flag,wikiDataId
102804,Abha,2853,14,194,SA,adm1,,,18.21639000,42.50528000,أبها,210886,Asia/Riyadh,"{""br"":""Abha"",""ko"":""아브하"",""pt-BR"":""Abha"",""pt"":""Abha"",""nl"":""Abha"",""hr"":""Abha"",""fa"":""ابها"",""de"":""Abha"",""es"":""Abha"",""fr"":""Abha (Arabie saoudite)"",""ja"":""アブハー"",""it"":""Abha"",""zh-CN"":""阿卜哈"",""tr"":""Abha"",""ru"":""Абха"",""uk"":""Абга"",""pl"":""Abha"",""hi"":""आभा"",""ar"":""أبها"",""bn"":""আবহা"",""id"":""Abha"",""vi"":""Abha"",""zh"":""艾卜哈""}",2019-10-06T10:17:54,2025-12-02T14:39:31,1,Q190948
102805,Abqaiq,2856,04,194,SA,city,,,25.93402000,49.66880000,بقيق,36207,Asia/Riyadh,"{""br"":""Abqaiq"",""ko"":""아브카이크"",""pt-BR"":""Abqaiq"",""pt"":""Abqaiq"",""nl"":""Abqaiq"",""hr"":""Abqaiq"",""fa"":""بقیق"",""de"":""Abqaiq"",""es"":""Abqaiq"",""fr"":""Abqaïq"",""ja"":""アブカイク"",""it"":""Abqaiq"",""zh-CN"":""阿布盖格"",""tr"":""Abkayık"",""ru"":""Абкайк"",""uk"":""Абкайк"",""pl"":""Abqaiq"",""hi"":""अबकैक"",""ar"":""بقيق""}",2019-10-06T10:17:54,2025-12-02T14:38:56,1,Q27177
102806,Abū ‘Arīsh,2858,09,194,SA,city,,,16.96887000,42.83251000,أبو عريش,49171,Asia/Riyadh,"{""br"":""Abū ‘Arīsh"",""ko"":""아부 아리쉬"",""pt-BR"":""Abu ‘Arīsh"",""pt"":""Abu ‘Arīsh"",""nl"":""Abū ‘Arīsh"",""hr"":""Abu ‘Ariš"",""fa"":""ابوعریش"",""de"":""Abū ‘Arīsh"",""es"":""Abu ‘Arish"",""fr"":""Abū ‘Arīsh"",""ja"":""アブー・アリシュ"",""it"":""Abū ‘Arīsh"",""zh-CN"":""阿布·阿里什"",""tr"":""Ebu Ariş"",""ru"":""Абу Ариш"",""uk"":""Абу Аріш"",""pl"":""Abū ‘Arīsh"",""hi"":""अबू ‘अरीश"",""ar"":""أبو عريش""}",2019-10-06T10:17:54,2025-12-02T14:39:31,1,Q2821731
102807,Ad Darb,2858,09,194,SA,city,,,17.72285000,42.25261000,الدرب,5378,Asia/Riyadh,"{""br"":""Ad Darb"",""ko"":""애드 다르브"",""pt-BR"":""Ad Darb"",""pt"":""Ad Darb"",""nl"":""Advertentie Darb"",""hr"":""Oglas Darb"",""fa"":""آگهی درب"",""de"":""Ad Darb"",""es"":""Anuncio Darb"",""fr"":""Ad Darb"",""ja"":""アド・ダーブ"",""it"":""Ad Darb"",""zh-CN"":""阿德·达布"",""tr"":""Ad Darb"",""ru"":""Ад Дарб"",""uk"":""Реклама Дарб"",""pl"":""Reklama Darb"",""hi"":""अद दरब"",""ar"":""الدرب""}",2019-10-06T10:17:54,2025-12-02T14:39:31,1,Q31868833
102808,Ad Dawādimī,2849,01,194,SA,city,,,24.49416700,44.38333300,الدوادمي,,Asia/Riyadh,"{""br"":""Ad Dawādimī"",""ko"":""아드 다와디미"",""pt-BR"":""Ad Dawādimī"",""pt"":""Ad Dawādimī"",""nl"":""Ad Dawādimī"",""hr"":""Ad Dawādimī"",""fa"":""آد دوادیمی"",""de"":""Ad Dawadimī"",""es"":""Ad Dawādimī"",""fr"":""Ad Dawādimī"",""ja"":""アド・ダワディミ"",""it"":""Ad Dawādimī"",""zh-CN"":""达瓦迪米"",""tr"":""Ad Dawādimī"",""ru"":""Ad Dawādimī"",""uk"":""Ад Давадімі"",""pl"":""Ad Dawādimī"",""hi"":""अद दावादिमी"",""ar"":""الدوادمي""}",2019-10-06T10:17:54,2025-12-02T17:11:50,1,Q27258
102809,Ad Dilam,2849,01,194,SA,city,,,23.99104000,47.16181000,الديلم,35371,Asia/Riyadh,"{""br"":""Ad Dilam"",""ko"":""애드 딜람"",""pt-BR"":""Ad Dilam"",""pt"":""Ad Dilam"",""nl"":""Ad Dilam"",""hr"":""Ad Dilam"",""fa"":""اد دیلم"",""de"":""Ad Dilam"",""es"":""Ad Dilam"",""fr"":""Ad Dilam"",""ja"":""アド・ディラム"",""it"":""Ad Dilam"",""zh-CN"":""阿德·迪拉姆"",""tr"":""Ad Dilam"",""ru"":""Ад Дилам"",""uk"":""Ад Ділам"",""pl"":""Ad Dilam"",""hi"":""अद दिलम"",""ar"":""الديلم""}",2019-10-06T10:17:54,2025-12-02T14:39:31,1,Q31868886
102810,Adh Dhibiyah,2861,05,194,SA,city,,,26.03018040,43.15758140,الذبيحة,4630,Asia/Riyadh,"{""br"":""Adh Dhibiyah"",""ko"":""아드 디비야"",""pt-BR"":""Adh Dhibiyah"",""pt"":""Adh Dhibiyah"",""nl"":""Adh Dhibiyah"",""hr"":""Adh Dhibiyah"",""fa"":""اده ذبیه"",""de"":""Adh Dhibiyah"",""es"":""Adh Dhibiyah"",""fr"":""Adh Dhibiyah"",""ja"":""アドゥ・ディビヤ"",""it"":""Adh Dhibiyah"",""zh-CN"":""阿兹迪比耶"",""tr"":""Adh Dhibiyah"",""ru"":""Аз Дх Дхибия"",""uk"":""Адх Дхібія"",""pl"":""Adh Dhibiyah"",""hi"":""अज़ धिबियाह"",""ar"":""الذبيحة""}",2019-10-06T10:17:54,2025-12-02T14:38:56,1,Q31868886
102811,Afif,2849,01,194,SA,city,,,23.90650000,42.91724000,عفيف,45525,Asia/Riyadh,"{""br"":""Afif"",""ko"":""아피프"",""pt-BR"":""Afif"",""pt"":""Afif"",""nl"":""Afif"",""hr"":""Afif"",""fa"":""عفیف"",""de"":""Afif"",""es"":""Afif"",""fr"":""Afif"",""ja"":""アフィフ"",""it"":""Afif"",""zh-CN"":""阿菲夫"",""tr"":""Afif"",""ru"":""Афиф"",""uk"":""Афіф"",""pl"":""Afif"",""hi"":""अफ़ीफ़"",""ar"":""عفيف""}",2019-10-06T10:17:54,2025-12-02T14:39:31,1,Q27139
102812,Ain AlBaraha,2849,01,194,SA,city,,,24.75806000,43.77389000,عين البراحة,1500,Asia/Riyadh,"{""br"":""Ain AlBaraha"",""ko"":""아인 알바라하"",""pt-BR"":""Ain AlBaraha"",""pt"":""Ain AlBaraha"",""nl"":""Ain Al-Baraha"",""hr"":""Ain Al-Baraha"",""fa"":""عین البراحه"",""de"":""Ain AlBaraha"",""es"":""Ain Al Baraha"",""fr"":""Aïn Al-Baraha"",""ja"":""アイン・アルバラハ"",""it"":""Ain AlBaraha"",""zh-CN"":""艾因巴拉哈"",""tr"":""Ayn El Beraha"",""ru"":""Айн аль-Бараха"",""uk"":""Айн-аль-Бараха"",""pl"":""Ain Al-Baraha"",""hi"":""ऐन अलबरहा"",""ar"":""عين البراحة""}",2019-10-06T10:17:54,2025-12-02T14:38:56,1,Q20394853
102813,Al Arţāwīyah,2849,01,194,SA,city,,,26.50387000,45.34813000,الأرطاوية,9152,Asia/Riyadh,"{""br"":""Al Arţāwīyah"",""ko"":""알 아르타위야"",""pt-BR"":""Al Arţāwīyah"",""pt"":""Al Arţāwīyah"",""nl"":""Al Arţāwīyah"",""hr"":""Al-Artavija"",""fa"":""الارتاویه"",""de"":""Al Arţāwīyah"",""es"":""Al Arţāwīyah"",""fr"":""Al Arţāwīyah"",""ja"":""アル・アルツァウィヤ"",""it"":""Al Arţāwīyah"",""zh-CN"":""阿尔塔维亚"",""tr"":""Al Arţāwīyah"",""ru"":""Аль-Арцавия"",""uk"":""Аль-Артавія"",""pl"":""Al Arţāwīyah"",""hi"":""अल अर्ताविया"",""ar"":""الأرطاوية""}",2019-10-06T10:17:54,2025-12-02T14:39:31,1,Q31871949
102814,Al Awjām,2856,04,194,SA,city,,,26.56324000,49.94331000,الأوجام,11460,Asia/Riyadh,"{""br"":""Al Awjām"",""ko"":""알 아잠"",""pt-BR"":""Al Awjām"",""pt"":""Al Awjām"",""nl"":""Al Awjām"",""hr"":""Al Awjām"",""fa"":""العجم"",""de"":""Al Awjām"",""es"":""Al Awjām"",""fr"":""Al Awjam"",""ja"":""アル・アウジャム"",""it"":""Al Awjām"",""zh-CN"":""阿尔奥贾姆"",""tr"":""Al Awjām"",""ru"":""Аль-Авджам"",""uk"":""Аль-Авджам"",""pl"":""Al Awjām"",""hi"":""अल अवजाम"",""ar"":""الأوجام""}",2019-10-06T10:17:54,2025-12-02T14:39:31,1,Q4164621
102815,Al Bahah,2859,11,194,SA,adm1,,,20.01288000,41.46767000,الباحة,88419,Asia/Riyadh,"{""br"":""Al Bahah"",""ko"":""알 바하"",""pt-BR"":""Al Bahah"",""pt"":""Al Bahah"",""nl"":""Al Bahah"",""hr"":""Al-Bahah"",""fa"":""البهاح"",""de"":""Al-Bahah"",""es"":""Al Bahah"",""fr"":""Al Bahah"",""ja"":""アル・バハ"",""it"":""Al Bahah"",""zh-CN"":""艾尔巴哈"",""tr"":""El Bahah"",""ru"":""Аль-Баха"",""uk"":""Аль-Бахах"",""pl"":""Al Bahah"",""hi"":""अल बहाह"",""ar"":""الباحة""}",2019-10-06T10:17:54,2025-12-02T14:39:31,1,Q27176
102816,Al Baţţālīyah,2856,04,194,SA,city,,,25.43333000,49.63333000,البطلية,16606,Asia/Riyadh,"{""br"":""Al Baţţālīyah"",""ko"":""알 바트탈리야"",""pt-BR"":""Al Baţţālīyah"",""pt"":""Al Baţţālīyah"",""nl"":""Al Baţţālīyah"",""hr"":""Al-Baţtālīyah"",""fa"":""البطالیه"",""de"":""Al Baţţālīyah"",""es"":""Al Baţţālīyah"",""fr"":""Al Baţţālīyah"",""ja"":""アル・バツァリヤ"",""it"":""Al Baţţālīyah"",""zh-CN"":""巴塔利亚"",""tr"":""Al Baţţālīyah"",""ru"":""Аль-Бацалия"",""uk"":""Аль-Бацталія"",""pl"":""Al Baţţālīyah"",""hi"":""अल बţţālīyah"",""ar"":""البطلية""}",2019-10-06T10:17:54,2025-12-02T14:39:31,1,Q31872122
102817,Al Bukayrīyah,2861,05,194,SA,city,,,26.13915000,43.65782000,البكيرية,43229,Asia/Riyadh,"{""br"":""Al Bukayrīyah"",""ko"":""알 부카이리야"",""pt-BR"":""Al Bukayrīyah"",""pt"":""Al Bukayrīyah"",""nl"":""Al Bukayrīyah"",""hr"":""Al Bukayrīyah"",""fa"":""البکیریه"",""de"":""Al Bukayrīyah"",""es"":""Al Bukayrīyah"",""fr"":""Al Bukayrīyah"",""ja"":""アル・ブカイリーヤ"",""it"":""Al Bukayrīyah"",""zh-CN"":""布凯里耶"",""tr"":""Al Bukayriyah"",""ru"":""Аль-Букайрия"",""uk"":""Аль-Букайрія"",""pl"":""Al Bukayrīyah"",""hi"":""अल बुकैरीयाह"",""ar"":""البكيرية""}",2019-10-06T10:17:54,2025-12-02T14:39:31,1,Q31872259
102818,Al Fuwayliq,2861,05,194,SA,city,,,26.44360000,43.25164000,الفويلق,5205,Asia/Riyadh,"{""br"":""Al Fuwayliq"",""ko"":""알 푸와일릭"",""pt-BR"":""Al Fuwayliq"",""pt"":""Al Fuwayliq"",""nl"":""Al Fuwayliq"",""hr"":""Al Fuwayliq"",""fa"":""الفویلیق"",""de"":""Al Fuwayliq"",""es"":""Al Fuwayliq"",""fr"":""Al Fuwayliq"",""ja"":""アル・フワイリク"",""it"":""Al Fuwayliq"",""zh-CN"":""阿尔富韦利克"",""tr"":""El Fuveylik"",""ru"":""Аль-Фувайлик"",""uk"":""Аль-Фувайлік"",""pl"":""Al Fuwayliq"",""hi"":""अल फ़ुवेलिक"",""ar"":""الفويلق""}",2019-10-06T10:17:54,2025-12-02T14:38:56,1,Q31872595
102819,Al Hadā,2850,02,194,SA,city,,,21.36753000,40.28694000,الهدا,3380,Asia/Riyadh,"{""br"":""Al Hadā"",""ko"":""알 하다"",""pt-BR"":""Al Hadā"",""pt"":""Al Hadā"",""nl"":""Al Hadā"",""hr"":""Al Hada"",""fa"":""الهدا"",""de"":""Al Hadā"",""es"":""Al Hadā"",""fr"":""Al Hadā"",""ja"":""アル・ハダ"",""it"":""Al Hadā"",""zh-CN"":""阿尔哈达"",""tr"":""Al Hadā"",""ru"":""Аль-Хада"",""uk"":""Аль-Хада"",""pl"":""Al Hadā"",""hi"":""अल हदा"",""ar"":""الهدا""}",2019-10-06T10:17:54,2025-12-02T17:11:50,1,Q4703935
102820,Al Hufūf,2856,04,194,SA,city,,,25.36467000,49.58764000,الهفوف,293179,Asia/Riyadh,"{""br"":""Al Hufūf"",""ko"":""알 후푸프"",""pt-BR"":""Al Hufuf"",""pt"":""Al Hufuf"",""nl"":""Al Hufūf"",""hr"":""Al Hufuf"",""fa"":""الهفوف"",""de"":""Al Hufūf"",""es"":""Al Hufūf"",""fr"":""Al-Hufuf"",""ja"":""アル・フフーフ"",""it"":""Al Hufūf"",""zh-CN"":""胡富夫"",""tr"":""El Hufûf"",""ru"":""Аль-Хуфуф"",""uk"":""Аль-Хуфуф"",""pl"":""Al Hufūf"",""hi"":""अल हुफूफ़"",""ar"":""الهفوف""}",2019-10-06T10:17:54,2025-12-02T14:39:31,1,Q27136
102821,Al Jafr,2856,04,194,SA,city,,,25.37736000,49.72154000,الجفر,8448,Asia/Riyadh,"{""br"":""Al Jafr"",""ko"":""알 자프르"",""pt-BR"":""Al Jafr"",""pt"":""Al Jafr"",""nl"":""Al Jafr"",""hr"":""Al Džafr"",""fa"":""آل جعفر"",""de"":""Al Jafr"",""es"":""Al Jafr"",""fr"":""Al Jafr"",""ja"":""アル・ジャフル"",""it"":""Al Jafr"",""zh-CN"":""贾夫尔"",""tr"":""El Cafer"",""ru"":""Аль-Джафр"",""uk"":""Аль-Джафр"",""pl"":""Al-Dżafr"",""hi"":""अल जाफ़र"",""ar"":""الجفر""}",2019-10-06T10:17:54,2025-12-02T14:38:56,1,Q31873138
102822,Al Jarādīyah,2858,09,194,SA,city,,,16.57946000,42.91240000,الجرادية,7396,Asia/Riyadh,"{""br"":""Al Jarādīyah"",""ko"":""알 자라디야"",""pt-BR"":""Al Jarādīyah"",""pt"":""Al Jarādīyah"",""nl"":""Al Jarādīyah"",""hr"":""Al Jaradīyah"",""fa"":""الجرادیه"",""de"":""Al Jarādīyah"",""es"":""Al Jarādīyah"",""fr"":""Al Jarādīyah"",""ja"":""アル・ジャラディーヤ"",""it"":""Al Jarādīyah"",""zh-CN"":""贾拉迪亚"",""tr"":""Al Jarādīyah"",""ru"":""Аль-Джарадийя"",""uk"":""Аль-Джарадія"",""pl"":""Al Jaradiyah"",""hi"":""अल जरादियाह"",""ar"":""الجرادية""}",2019-10-06T10:17:54,2025-12-02T14:39:31,1,Q4704123
102823,Al Jubayl,2856,04,194,SA,city,,,27.01740000,49.62251000,الجبيل,237274,Asia/Riyadh,"{""br"":""Al Jubayl"",""ko"":""알 주바일"",""pt-BR"":""Al Jubayl"",""pt"":""Al Jubayl"",""nl"":""Al Jubayl"",""hr"":""Al Jubayl"",""fa"":""الجبیل"",""de"":""Al Jubayl"",""es"":""Al Jubayl"",""fr"":""Al Jubayl"",""ja"":""アル・ジュベイル"",""it"":""Al Jubayl"",""zh-CN"":""朱拜勒"",""tr"":""El Cübeyl"",""ru"":""Аль-Джубайл"",""uk"":""Аль-Джубайл"",""pl"":""Al-Dżubajl"",""hi"":""अल जुबैल"",""ar"":""الجبيل""}",2019-10-06T10:17:54,2025-12-02T14:39:31,1,Q27430
102824,Al Jumūm,2850,02,194,SA,city,,,21.61694000,39.69806000,الجموم,20352,Asia/Riyadh,"{""br"":""Al Jumūm"",""ko"":""알 주뭄"",""pt-BR"":""Al Jumūm"",""pt"":""Al Jumūm"",""nl"":""Al Jumūm"",""hr"":""Al Džumum"",""fa"":""الجمع"",""de"":""Al Jumūm"",""es"":""Al Jumūm"",""fr"":""Al Jumūm"",""ja"":""アル・ジュムム"",""it"":""Al Jumūm"",""zh-CN"":""朱穆姆"",""tr"":""Al Jumūm"",""ru"":""Аль Джумум"",""uk"":""Аль-Джумум"",""pl"":""Al Jumūm"",""hi"":""अल जुमूम"",""ar"":""الجموم""}",2019-10-06T10:17:54,2025-12-02T14:38:56,1,Q12185747
102825,Al Khafjī,2856,04,194,SA,city,,,28.43905000,48.49132000,الخفجي,54857,Asia/Riyadh,"{""br"":""Al Khafjī"",""ko"":""알 카프지"",""pt-BR"":""Al Khafji"",""pt"":""Al Khafji"",""nl"":""Al Khafjī"",""hr"":""Al Khafjī"",""fa"":""الخفجی"",""de"":""Al Khafjī"",""es"":""Al Khafjī"",""fr"":""Al Khafji"",""ja"":""アル・カフジ"",""it"":""Al Khafjī"",""zh-CN"":""阿尔海夫吉"",""tr"":""El Hafci"",""ru"":""Аль-Хафджи"",""uk"":""Аль-Хафджі"",""pl"":""Al Khafji"",""hi"":""अल खफजी"",""ar"":""الخفجي""}",2019-10-06T10:17:54,2025-12-02T14:38:56,1,Q31873774
102826,Al Kharj,2849,01,194,SA,city,,,24.15541000,47.33457000,الخرج,425300,Asia/Riyadh,"{""br"":""Al Kharj"",""ko"":""알 카르지"",""pt-BR"":""Al Kharj"",""pt"":""Al Kharj"",""nl"":""Al Kharj"",""hr"":""Al Kharj"",""fa"":""الخرج"",""de"":""Al-Kharj"",""es"":""Al Kharj"",""fr"":""Al Kharj"",""ja"":""アル・ハルジ"",""it"":""Al Kharj"",""zh-CN"":""阿尔卡吉"",""tr"":""Al Harj"",""ru"":""Аль-Хардж"",""uk"":""Аль-Хардж"",""pl"":""Al-Kharj"",""hi"":""अल ख़ार्ज"",""ar"":""الخرج""}",2019-10-06T10:17:55,2025-12-02T14:39:31,1,Q2162128
102827,Al Majāridah,2853,14,194,SA,city,,,19.12361000,41.91111000,المجاردة,14830,Asia/Riyadh,"{""br"":""Al Majāridah"",""ko"":""알 마자리다"",""pt-BR"":""Al Majāridah"",""pt"":""Al Majāridah"",""nl"":""Al Majāridah"",""hr"":""Al Majāridah"",""fa"":""المجاریده"",""de"":""Al Majāridah"",""es"":""Al Majāridah"",""fr"":""Al Majāridah"",""ja"":""アル・マジャリダ"",""it"":""Al Majāridah"",""zh-CN"":""阿尔马贾里达"",""tr"":""Al Majāridah"",""ru"":""Аль-Маджарида"",""uk"":""Аль-Маджаріда"",""pl"":""Al Majāridah"",""hi"":""अल मजारिदा"",""ar"":""المجاردة""}",2019-10-06T10:17:55,2025-12-02T17:11:50,1,Q31874518
102828,Al Markaz,2856,04,194,SA,city,,,25.40000000,49.73333000,المركز,6464,Asia/Riyadh,"{""br"":""Al Markaz"",""ko"":""알 마르카즈"",""pt-BR"":""Al Markaz"",""pt"":""Al Markaz"",""nl"":""Al Markaz"",""hr"":""Al Markaz"",""fa"":""المرکز"",""de"":""Al Markaz"",""es"":""Al Markaz"",""fr"":""Al Markaz"",""ja"":""アル・マルカズ"",""it"":""Al Markaz"",""zh-CN"":""阿尔·马卡兹"",""tr"":""El Markaz"",""ru"":""Аль-Марказ"",""uk"":""Аль-Марказ"",""pl"":""Al Markaz"",""hi"":""अल मरकज़"",""ar"":""المركز""}",2019-10-06T10:17:55,2025-12-02T14:38:56,1,Q31874729
102829,Al Mindak,2859,11,194,SA,city,,,20.15880000,41.28337000,المندق,9218,Asia/Riyadh,"{""br"":""Al Mindak"",""ko"":""알 민다크"",""pt-BR"":""Al Mindak"",""pt"":""Al Mindak"",""nl"":""Al Mindak"",""hr"":""Al Mindak"",""fa"":""آل میندک"",""de"":""Al Mindak"",""es"":""Al Mindak"",""fr"":""Al Mindak"",""ja"":""アル・ミンダック"",""it"":""Al Mindak"",""zh-CN"":""阿尔明达克"",""tr"":""Al Mindak"",""ru"":""Аль Миндак"",""uk"":""Аль Міндак"",""pl"":""Al Mindak"",""hi"":""अल मिंडक"",""ar"":""المندق""}",2019-10-06T10:17:55,2025-12-02T14:38:56,1,Q31875144
102830,Al Mithnab,2861,05,194,SA,city,,,25.86012000,44.22228000,المذنب,33341,Asia/Riyadh,"{""br"":""Al Mithnab"",""ko"":""알 미스나브"",""pt-BR"":""Al Mithnab"",""pt"":""Al Mithnab"",""nl"":""Al Mithnab"",""hr"":""Al-Mitnab"",""fa"":""المثناب"",""de"":""Al Mithnab"",""es"":""Al Mithnab"",""fr"":""Al-Mithnab"",""ja"":""アル・ミトナブ"",""it"":""Al Mithnab"",""zh-CN"":""阿尔·米特纳布"",""tr"":""El-Misnab"",""ru"":""Аль-Митнаб"",""uk"":""Аль-Мітнаб"",""pl"":""Al Mithnab"",""hi"":""अल मिथनाब"",""ar"":""المذنب""}",2019-10-06T10:17:55,2025-12-02T14:39:31,1,Q31875144
102831,Al Mubarraz,2856,04,194,SA,city,,,25.40768000,49.59028000,المبرز,290802,Asia/Riyadh,"{""br"":""Al Mubarraz"",""ko"":""알 무바라즈"",""pt-BR"":""Al Mubarraz"",""pt"":""Al Mubarraz"",""nl"":""Al Mubarraz"",""hr"":""Al Mubarraz"",""fa"":""المبرز"",""de"":""Al Mubarraz"",""es"":""Al Mubarraz"",""fr"":""Al Mubarraz"",""ja"":""アル・ムバラス"",""it"":""Al Mubarraz"",""zh-CN"":""穆巴拉兹"",""tr"":""El-Mübarez"",""ru"":""Аль Мубарраз"",""uk"":""Аль-Мубарраз"",""pl"":""Al Mubarraz"",""hi"":""अल मुबार्राज़"",""ar"":""المبرز""}",2019-10-06T10:17:55,2025-12-02T14:39:31,1,Q31875209
102832,Al Munayzilah,2856,04,194,SA,city,,,25.38333000,49.66667000,المنيزلة,16296,Asia/Riyadh,"{""br"":""Al Munayzilah"",""ko"":""알 무나이질라"",""pt-BR"":""Al Munayzilah"",""pt"":""Al Munayzilah"",""nl"":""Al Munayzilah"",""hr"":""Al Munayzilah"",""fa"":""المنیزله"",""de"":""Al Munayzilah"",""es"":""Al Munayzilah"",""fr"":""Al Munayzilah"",""ja"":""アル・ムナイジラ"",""it"":""Al Munayzilah"",""zh-CN"":""阿尔穆奈齐拉"",""tr"":""El Munayzilah"",""ru"":""Аль-Мунайзилах"",""uk"":""Аль-Мунайзіла"",""pl"":""Al Munayzilah"",""hi"":""अल मुनयज़िला"",""ar"":""المنيزلة""}",2019-10-06T10:17:55,2025-12-02T14:38:56,1,Q31875344
102833,Al Muwayh,2850,02,194,SA,city,,,22.43333000,41.75829000,المويه,7364,Asia/Riyadh,"{""br"":""Al Muwayh"",""ko"":""알 무와이흐"",""pt-BR"":""Al Muwayh"",""pt"":""Al Muwayh"",""nl"":""Al Muwayh"",""hr"":""Al Muwayh"",""fa"":""المویه"",""de"":""Al Muwayh"",""es"":""Al Muwayh"",""fr"":""Al Muwayh"",""ja"":""アル・ムワイ"",""it"":""Al Muwayh"",""zh-CN"":""穆瓦伊"",""tr"":""El Muveyh"",""ru"":""Аль Мувайх"",""uk"":""Аль-Мувайх"",""pl"":""Al Muwayh"",""hi"":""अल मुवैह"",""ar"":""المويه""}",2019-10-06T10:17:55,2025-12-02T14:38:56,1,Q31875487
102834,Al Muţayrifī,2856,04,194,SA,city,,,25.47878000,49.55824000,المطيريفي,5962,Asia/Riyadh,"{""br"":""Al Muţayrifī"",""ko"":""알 무타이리피"",""pt-BR"":""Al Muţayrifī"",""pt"":""Al Muţayrifī"",""nl"":""Al Muţayrifī"",""hr"":""Al-Muţayrifī"",""fa"":""المطیرفی"",""de"":""Al Muţayrifī"",""es"":""Al Muţayrifī"",""fr"":""Al Mutayrifī"",""ja"":""アル・ムタイリフィ"",""it"":""Al Muţayrifī"",""zh-CN"":""穆泰里菲"",""tr"":""Al Muţayrifī"",""ru"":""Аль-Муцайрифи"",""uk"":""Аль-Мутайріфі"",""pl"":""Al Muţayrifī"",""hi"":""अल मुतायरीफ़ी"",""ar"":""المطيريفي""}",2019-10-06T10:17:55,2025-12-02T14:39:31,1,Q31875523
102835,Al Qaţīf,2856,04,194,SA,city,,,26.56542000,50.00890000,القطيف,98259,Asia/Riyadh,"{""br"":""Al Qaţīf"",""ko"":""알 카티프"",""pt-BR"":""Al Qaţīf"",""pt"":""Al Qaţīf"",""nl"":""Al Qaţīf"",""hr"":""Al Qaṭīf"",""fa"":""القطیف"",""de"":""Al Qaţīf"",""es"":""Al Qatif"",""fr"":""Al Qaţīf"",""ja"":""アル・カティーフ"",""it"":""Al Qaţīf"",""zh-CN"":""盖蒂夫"",""tr"":""Al Qaţīf"",""ru"":""Аль-Катиф"",""uk"":""Аль-Катіф"",""pl"":""Al Qaţīf"",""hi"":""अल क़तीफ़"",""ar"":""القطيف""}",2019-10-06T10:17:55,2025-12-02T14:38:56,1,Q31875721
102836,Al Qurayn,2856,04,194,SA,city,,,25.48333000,49.60000000,القرين,12013,Asia/Riyadh,"{""br"":""Al Qurayn"",""ko"":""알 쿠라인"",""pt-BR"":""Al-Qurain"",""pt"":""Al-Qurain"",""nl"":""Al Qurayn"",""hr"":""Al-Kurajn"",""fa"":""القرین"",""de"":""Al Qurayn"",""es"":""Al Qurayn"",""fr"":""Al Qurayn"",""ja"":""アル・クライン"",""it"":""Al Qurayn"",""zh-CN"":""古莱因"",""tr"":""El-Kureyn"",""ru"":""Аль-Курейн"",""uk"":""Аль-Курайн"",""pl"":""Al-Kurajn"",""hi"":""अल क़ुरैन"",""ar"":""القرين""}",2019-10-06T10:17:55,2025-12-02T14:38:56,1,Q31875811
102837,Al Qārah,2856,04,194,SA,city,,,25.41667000,49.66667000,القارة,9106,Asia/Riyadh,"{""br"":""Al Qārah"",""ko"":""알 카라"",""pt-BR"":""Al Qārah"",""pt"":""Al Qārah"",""nl"":""Al Qārah"",""hr"":""Al-Qārah"",""fa"":""القاره"",""de"":""Al Qārah"",""es"":""Al Qārah"",""fr"":""Al Qārah"",""ja"":""アル・カラ"",""it"":""Al Qārah"",""zh-CN"":""卡拉"",""tr"":""Al Qārah"",""ru"":""Аль-Кара"",""uk"":""Аль-Кара"",""pl"":""Al Qārah"",""hi"":""अल क़राह"",""ar"":""القارة""}",2019-10-06T10:17:55,2025-12-02T14:38:56,1,Q31875851
102838,Al Wajh,2852,07,194,SA,adm2,,,26.24551000,36.45249000,الوجه,26636,Asia/Riyadh,"{""br"":""Al Wajh"",""ko"":""알 와즈"",""pt-BR"":""Al Wajh"",""pt"":""Al Wajh"",""nl"":""Al Wajh"",""hr"":""Al-Wajh"",""fa"":""الوج"",""de"":""Al-Wadschh"",""es"":""Al Wajh"",""fr"":""Al Wajh"",""ja"":""アル・ワジュ"",""it"":""Al Wajh"",""zh-CN"":""阿尔瓦吉"",""tr"":""El Vecih"",""ru"":""Аль-Ваджх"",""uk"":""Аль-Вадж"",""pl"":""Al Wajh"",""hi"":""अल वजह"",""ar"":""الوجه""}",2019-10-06T10:17:55,2025-12-02T17:11:50,1,Q27251
102839,Al-Ula,2851,03,194,SA,city,,,26.60853000,37.92316000,العلا,32413,Asia/Riyadh,"{""br"":""Al-Ula"",""ko"":""알울라"",""pt-BR"":""Al-Ula"",""pt"":""Al-Ula"",""nl"":""Al-Ula"",""hr"":""Al-Ula"",""fa"":""العلا"",""de"":""Al-Ula"",""es"":""Al-Ula"",""fr"":""Al-Ula"",""ja"":""アル・ウラ"",""it"":""Al-Ula"",""zh-CN"":""阿尔乌拉"",""tr"":""El-Ula"",""ru"":""Аль-Ула"",""uk"":""Аль-Ула"",""pl"":""Al-Ula"",""hi"":""अल-उला"",""ar"":""العلا""}",2019-10-06T10:17:55,2025-12-02T14:38:56,1,Q27242
102841,Ar Rass,2861,05,194,SA,city,,,25.86944000,43.49730000,الراس,81728,Asia/Riyadh,"{""br"":""Ar Rass"",""ko"":""아르 라스"",""pt-BR"":""Ar Rass"",""pt"":""Ar Rass"",""nl"":""Ar Rass"",""hr"":""Ar Rass"",""fa"":""آر راس"",""de"":""Ar Rass"",""es"":""Ar Rass"",""fr"":""Ar Rass"",""ja"":""アル・ラス"",""it"":""Ar Rass"",""zh-CN"":""阿尔·拉斯"",""tr"":""Ar Rass"",""ru"":""Ар Расс"",""uk"":""Ар Расс"",""pl"":""Ar Rass"",""hi"":""अर रस"",""ar"":""الراس""}",2019-10-06T10:17:55,2025-12-02T14:39:31,1,Q1878991
102842,Arar,2854,08,194,SA,adm1,,,30.97531000,41.03808000,عرار,148540,Asia/Riyadh,"{""br"":""Arar"",""ko"":""아라르"",""pt-BR"":""Arar"",""pt"":""Arar"",""nl"":""Arar"",""hr"":""Arar"",""fa"":""عرعر"",""de"":""Arar"",""es"":""Arar"",""fr"":""Arar"",""ja"":""アラル"",""it"":""Arar"",""zh-CN"":""阿拉尔"",""tr"":""Arar"",""ru"":""Арар"",""uk"":""Арар"",""pl"":""Arar"",""hi"":""अरार"",""ar"":""عرار""}",2019-10-06T10:17:55,2025-12-02T14:39:31,1,Q626199
102843,As Saffānīyah,2856,04,194,SA,city,,,27.97083000,48.73000000,الصفانية,7014,Asia/Riyadh,"{""br"":""Evel Saffānīyah"",""ko"":""사파니야로서"",""pt-BR"":""Como Saffānīyah"",""pt"":""Como Saffānīyah"",""nl"":""Als Saffānīyah"",""hr"":""Kao Saffaniyah"",""fa"":""صفانیه"",""de"":""As Saffānīyah"",""es"":""Como Saffānīyah"",""fr"":""As Saffānīyah"",""ja"":""アス・サッファニヤ"",""it"":""Come Saffanīyah"",""zh-CN"":""萨法尼亚"",""tr"":""As Saffānīyah"",""ru"":""Ас Саффания"",""uk"":""Як Саффанія"",""pl"":""Jako Saffānīyah"",""hi"":""अस सफ़नियाह"",""ar"":""الصفانية""}",2019-10-06T10:17:55,2025-12-02T14:38:56,1,Q31890141
102844,As Sulayyil,2849,01,194,SA,city,,,20.46067000,45.57792000,السليل,26639,Asia/Riyadh,"{""br"":""Evel Sulayyil"",""ko"":""술라일로서"",""pt-BR"":""Como Sulayyil"",""pt"":""Como Sulayyil"",""nl"":""Als Sulayyil"",""hr"":""Kao Sulajjil"",""fa"":""به عنوان سُلَییل"",""de"":""As Sulayyil"",""es"":""Como Sulayyil"",""fr"":""Comme Sulayyil"",""ja"":""スレイイル"",""it"":""Come Sulayyil"",""zh-CN"":""苏拉伊尔"",""tr"":""Süleyman As"",""ru"":""Ас Сулайил"",""uk"":""Як Сулейїл"",""pl"":""Jako Sulayyil"",""hi"":""अस सुलैयिल"",""ar"":""السليل""}",2019-10-06T10:17:55,2025-12-02T14:38:56,1,Q27221
102845,Ash Shafā,2850,02,194,SA,city,,,21.07210000,40.31185000,آش شفا,72190,Asia/Riyadh,"{""br"":""Ash Shafā"",""ko"":""아쉬 샤파"",""pt-BR"":""Ash Shafa"",""pt"":""Ash Shafa"",""nl"":""Ash Shafā"",""hr"":""Aš Šafa"",""fa"":""آش شفا"",""de"":""Ash Shafā"",""es"":""Ash Shafa"",""fr"":""Ash Shafā"",""ja"":""アシュ・シャファ"",""it"":""Ash Shafā"",""zh-CN"":""阿什·沙法"",""tr"":""Eş Şafa"",""ru"":""Эш Шафа"",""uk"":""Аш-Шафа"",""pl"":""Ash Shafā"",""hi"":""अश शफा"",""ar"":""آش شفا""}",2019-10-06T10:17:55,2025-12-02T17:11:50,1,Q4804436
102846,At Tūbī,2856,04,194,SA,city,,,26.55778000,49.99167000,في توبي,7740,Asia/Riyadh,"{""br"":""E Tubī"",""ko"":""투비에서"",""pt-BR"":""Em Tūbī"",""pt"":""Em Tūbī"",""nl"":""Bij Tūbī"",""hr"":""U Tubiju"",""fa"":""در طوبی"",""de"":""In Tūbī"",""es"":""En Tūbī"",""fr"":""À Tūbī"",""ja"":""トゥビにて"",""it"":""A Tūbī"",""zh-CN"":""在图比"",""tr"":""Tūbī'de"",""ru"":""В Туби"",""uk"":""У Тубі"",""pl"":""W Tūbī"",""hi"":""टुबी में"",""ar"":""في توبي""}",2019-10-06T10:17:55,2025-12-02T14:38:56,1,Q31892461
102847,Az Zulfī,2849,01,194,SA,city,,,26.29945000,44.81542000,الزلفي,125000,Asia/Riyadh,"{""br"":""Az Zulfī"",""ko"":""아즈 줄피"",""pt-BR"":""Az Zulfī"",""pt"":""Az Zulfī"",""nl"":""Az Zulfī"",""hr"":""Az Zulfi"",""fa"":""از زلفی"",""de"":""Az Zulfī"",""es"":""Az Zulfī"",""fr"":""Az Zulfī"",""ja"":""アズ・ズルフィ"",""it"":""Az Zulfī"",""zh-CN"":""阿兹祖尔菲"",""tr"":""Az Zulfī"",""ru"":""Аз Зульфи"",""uk"":""Аз Зульфі"",""pl"":""Az Zulfī"",""hi"":""अज़ ज़ुल्फ़ी"",""ar"":""الزلفي""}",2019-10-06T10:17:55,2025-12-02T14:38:56,1,Q31894563
102848,Aţ Ţaraf,2856,04,194,SA,city,,,25.36232000,49.72757000,Aţ Ţaraf,21386,Asia/Riyadh,"{""br"":""Aţ Ţaraf"",""ko"":""아트라프"",""pt-BR"":""Aţ Ţaraf"",""pt"":""Aţ Ţaraf"",""nl"":""Aţ Ţaraf"",""hr"":""Aţ Taraf"",""fa"":""آط طراف"",""de"":""Aţ Ţaraf"",""es"":""Aţ Ţaraf"",""fr"":""Aţ Ţaraf"",""ja"":""アトゥ・タラフ"",""it"":""Aţ Ţaraf"",""zh-CN"":""阿塔拉夫"",""tr"":""Aţ Ţaraf"",""ru"":""Aţ Ţaraf"",""uk"":""Ат Тараф"",""pl"":""Aţ Ţaraf"",""hi"":""अţ Ţaraf"",""ar"":""Aţ Ţaraf""}",2019-10-06T10:17:55,2025-12-02T14:38:56,1,Q20381582
102850,Buraydah,2861,05,194,SA,adm1,,,26.32599000,43.97497000,بريدة,745353,Asia/Riyadh,"{""br"":""Buraydah"",""ko"":""부라이다"",""pt-BR"":""Buraydah"",""pt"":""Buraydah"",""nl"":""Buraidah"",""hr"":""Burajda"",""fa"":""بریده"",""de"":""Buraida"",""es"":""Buraidá"",""fr"":""Buraydah"",""ja"":""ブライダ"",""it"":""Buraydah"",""zh-CN"":""布赖代"",""tr"":""Buraydah"",""ru"":""Бурайда"",""uk"":""Бурайда"",""pl"":""Burajda"",""hi"":""बुरायदा"",""ar"":""بريدة""}",2019-10-06T10:17:55,2025-12-02T14:39:31,1,Q259253
102851,Dammam,2856,04,194,SA,adm1,,,26.43442000,50.10326000,الدمام,1252523,Asia/Riyadh,"{""br"":""Dammam"",""ko"":""담맘"",""pt-BR"":""Dammam"",""pt"":""Dammam"",""nl"":""Dammam"",""hr"":""Damam"",""fa"":""دمام"",""de"":""Dammam"",""es"":""Dammam"",""fr"":""Dammam"",""ja"":""ダンマン"",""it"":""Dammam"",""zh-CN"":""达曼"",""tr"":""Dammam"",""ru"":""Даммам"",""uk"":""Даммам"",""pl"":""Dammam"",""hi"":""DAMMAM"",""ar"":""الدمام""}",2019-10-06T10:17:55,2025-12-02T14:39:31,1,Q160320
102852,Dhahran,2856,04,194,SA,city,,,26.28864000,50.11396000,الظهران,99540,Asia/Riyadh,"{""br"":""Dhahran"",""ko"":""다란"",""pt-BR"":""Dhahran"",""pt"":""Dhahran"",""nl"":""Dhahran"",""hr"":""Dhahran"",""fa"":""ظهران"",""de"":""Dhahran"",""es"":""Dhahran"",""fr"":""Dhahran"",""ja"":""ダーラン"",""it"":""Dhahran"",""zh-CN"":""宰赫兰"",""tr"":""Zahran"",""ru"":""Дахран"",""uk"":""Дахран"",""pl"":""Dhahran"",""hi"":""धाहरान"",""ar"":""الظهران""}",2019-10-06T10:17:55,2025-12-02T14:39:31,1,Q268915
102853,Duba,2852,07,194,SA,city,,,27.35134000,35.69014000,دوبا,22000,Asia/Riyadh,"{""br"":""Duba"",""ko"":""두바"",""pt-BR"":""Duba"",""pt"":""Duba"",""nl"":""Duba"",""hr"":""Duba"",""fa"":""دوبا"",""de"":""Duba"",""es"":""Duba"",""fr"":""Duba"",""ja"":""ドゥバ"",""it"":""Duba"",""zh-CN"":""杜巴"",""tr"":""Duba"",""ru"":""Дуба"",""uk"":""Дуба"",""pl"":""Duba"",""hi"":""डुबा"",""ar"":""دوبا""}",2019-10-06T10:17:55,2025-12-02T14:39:31,1,Q268915
102854,Farasān,2858,09,194,SA,city,,,16.70222000,42.11833000,فرسان,10527,Asia/Riyadh,"{""br"":""Farasān"",""ko"":""파라산"",""pt-BR"":""Farasan"",""pt"":""Farasan"",""nl"":""Farasān"",""hr"":""Farasān"",""fa"":""فراسان"",""de"":""Farasān"",""es"":""Farasán"",""fr"":""Farasān"",""ja"":""ファラサン"",""it"":""Farasān"",""zh-CN"":""法拉桑"",""tr"":""Farasān"",""ru"":""Фарасан"",""uk"":""Фарасан"",""pl"":""Farasān"",""hi"":""फ़रासान"",""ar"":""فرسان""}",2019-10-06T10:17:55,2025-12-02T14:39:31,1,Q268915
102855,Ghran,2850,02,194,SA,city,,,21.98027000,39.36521000,غران,2000,Asia/Riyadh,"{""br"":""Ghran"",""ko"":""그란"",""pt-BR"":""Ghran"",""pt"":""Ghran"",""nl"":""Ghran"",""hr"":""Ghran"",""fa"":""غران"",""de"":""Ghran"",""es"":""Ghran"",""fr"":""Ghran"",""ja"":""グラン"",""it"":""Ghran"",""zh-CN"":""格兰"",""tr"":""Ghran"",""ru"":""Гран"",""uk"":""Гран"",""pl"":""Ghran"",""hi"":""घ्रान"",""ar"":""غران""}",2019-10-06T10:17:55,2025-12-02T16:59:27,1,Q65065367
102857,Hafar Al-Batin,2856,04,194,SA,city,,,28.43279000,45.97077000,حفر الباطن,219377,Asia/Riyadh,"{""br"":""Hafar Al-Batin"",""ko"":""하프르 알바틴"",""pt-BR"":""Hafar Al-Batin"",""pt"":""Hafar Al-Batin"",""nl"":""Hafar Al-Batin"",""hr"":""Hafar Al-Batin"",""fa"":""حَفَر الباطن"",""de"":""Hafar Al-Batin"",""es"":""Hafar Al-Batin"",""fr"":""Hafar Al-Batin"",""ja"":""ハファル・アル・バティン"",""it"":""Hafar Al-Batin"",""zh-CN"":""哈法尔·巴廷"",""tr"":""Hafar El-Batin"",""ru"":""Хафар аль-Батин"",""uk"":""Хафар Аль-Батін"",""pl"":""Hafar Al-Batin"",""hi"":""हफ़र अल-बतिन"",""ar"":""حفر الباطن""}",2019-10-06T10:17:55,2025-12-02T14:38:56,1,Q27400
102858,Jeddah,2850,02,194,SA,city,,,21.54238000,39.19797000,جدة,4697000,Asia/Riyadh,"{""br"":""Jeddah"",""ko"":""제다"",""pt-BR"":""Jidá"",""pt"":""Jidá"",""nl"":""Jeddah"",""hr"":""Džeda"",""fa"":""جده"",""de"":""Dschidda"",""es"":""Yedda"",""fr"":""Djeddah"",""ja"":""ジェッダ"",""it"":""Gedda"",""zh-CN"":""吉达"",""tr"":""Cidde"",""ru"":""Джидда"",""uk"":""Джидда"",""pl"":""Jeddach"",""hi"":""जेद्दा"",""ar"":""جدة""}",2019-10-06T10:17:55,2025-12-02T17:11:50,1,Q374365
102859,Jizan,2858,09,194,SA,adm1,,,16.88917000,42.55111000,جيزان,105198,Asia/Riyadh,"{""br"":""Jizan"",""ko"":""지잔"",""pt-BR"":""Jizan"",""pt"":""Jizan"",""nl"":""Jizan"",""hr"":""Džizan"",""fa"":""جیزان"",""de"":""Dschizan"",""es"":""Jizan"",""fr"":""Jizan"",""ja"":""ジザン"",""it"":""Jizan"",""zh-CN"":""吉赞"",""tr"":""Cizan"",""ru"":""Джизан"",""uk"":""Джизан"",""pl"":""Dżizan"",""hi"":""जिज़ान"",""ar"":""جيزان""}",2019-10-06T10:17:55,2025-12-02T14:39:31,1,Q27660
102860,Julayjilah,2856,04,194,SA,city,,,25.50000000,49.60000000,جلاجلة,5359,Asia/Riyadh,"{""br"":""Julayjilah"",""ko"":""줄라이질라"",""pt-BR"":""Julayjilah"",""pt"":""Julayjilah"",""nl"":""Julayjilah"",""hr"":""Džulajdžilah"",""fa"":""جولایجیله"",""de"":""Julayjilah"",""es"":""Julayjilah"",""fr"":""Julayjilah"",""ja"":""ジュレイジラ"",""it"":""Julayjilah"",""zh-CN"":""朱莱吉拉"",""tr"":""Julayjilah"",""ru"":""Джулайджила"",""uk"":""Джулайджила"",""pl"":""Julayjilah"",""hi"":""जुलायजिला"",""ar"":""جلاجلة""}",2019-10-06T10:17:55,2025-12-02T14:38:56,1,Q32130900
102861,Khamis Mushait,2853,14,194,SA,city,,,18.30000000,42.73333000,خميس مشيط,387553,Asia/Riyadh,"{""br"":""Khamis Mushait"",""ko"":""카미스 무샤이트"",""pt-BR"":""Khamis Mushait"",""pt"":""Khamis Mushait"",""nl"":""Khamis Mushait"",""hr"":""Khamis Mushait"",""fa"":""خمیس ​​مشیط"",""de"":""Chamis Muschait"",""es"":""Khamis Mushait"",""fr"":""Khamis Mushait"",""ja"":""カミス・ムシャイト"",""it"":""Khamis Mushait"",""zh-CN"":""哈米斯·穆谢特"",""tr"":""Khamis Muşayt"",""ru"":""Хамис Мушаит"",""uk"":""Хаміс Мушаїт"",""pl"":""Khamis Mushait"",""hi"":""ख़ामिस मुशैत"",""ar"":""خميس مشيط""}",2019-10-06T10:17:55,2025-12-02T14:39:31,1,Q759381
102862,Khobar,2856,04,194,SA,city,,,26.27944000,50.20833000,الخبر,165799,Asia/Riyadh,"{""br"":""Khobar"",""ko"":""코바르"",""pt-BR"":""Khobar"",""pt"":""Khobar"",""nl"":""Khobar"",""hr"":""Khobar"",""fa"":""خبار"",""de"":""Khobar"",""es"":""Khobar"",""fr"":""Khobar"",""ja"":""コバール"",""it"":""Khobar"",""zh-CN"":""胡拜尔"",""tr"":""Khobar"",""ru"":""Хобар"",""uk"":""Хобар"",""pl"":""Khobar"",""hi"":""खोबर"",""ar"":""الخبر""}",2019-10-06T10:17:55,2025-12-02T14:39:31,1,Q311266
102863,Marāt,2849,01,194,SA,city,,,25.07064000,45.45775000,مارات,8885,Asia/Riyadh,"{""br"":""Marāt"",""ko"":""마라트"",""pt-BR"":""Marat"",""pt"":""Marat"",""nl"":""Marāt"",""hr"":""Marat"",""fa"":""مرات"",""de"":""Marāt"",""es"":""Marat"",""fr"":""Marat"",""ja"":""マラート"",""it"":""Marāt"",""zh-CN"":""马拉特"",""tr"":""Marāt"",""ru"":""Марат"",""uk"":""Марат"",""pl"":""Marat"",""hi"":""Marat"",""ar"":""مارات""}",2019-10-06T10:17:55,2025-12-02T14:39:31,1,Q32139417
102864,Mecca,2850,02,194,SA,adm1,,,21.42664000,39.82563000,مكة المكرمة,1578722,Asia/Riyadh,"{""br"":""Mekka"",""ko"":""메카"",""pt-BR"":""Meca"",""pt"":""Meca"",""nl"":""Mekka"",""hr"":""Meka"",""fa"":""مکه"",""de"":""Mekka"",""es"":""la meca"",""fr"":""Mecque"",""ja"":""メッカ"",""it"":""La Mecca"",""zh-CN"":""麦加"",""tr"":""Mekke"",""ru"":""Мекка"",""uk"":""Мекка"",""pl"":""Mekka"",""hi"":""मक्का"",""ar"":""مكة المكرمة""}",2019-10-06T10:17:55,2025-12-02T14:39:31,1,Q5806
102865,Medina,2851,03,194,SA,adm1,,,24.46861000,39.61417000,المدينة المنورة,1411599,Asia/Riyadh,"{""br"":""Medina"",""ko"":""메디나"",""pt-BR"":""Medina"",""pt"":""Medina"",""nl"":""Medina"",""hr"":""Medina"",""fa"":""مدینه"",""de"":""Medina"",""es"":""Medina"",""fr"":""Médine"",""ja"":""メディナ"",""it"":""Medina"",""zh-CN"":""麦地那"",""tr"":""Medine"",""ru"":""Медина"",""uk"":""Медіна"",""pl"":""Medyna"",""hi"":""मेडिना"",""ar"":""المدينة المنورة""}",2019-10-06T10:17:55,2025-12-02T14:38:56,1,Q35484
102866,Mislīyah,2858,09,194,SA,city,,,17.45988000,42.55720000,المَسْلِيَّة,6776,Asia/Riyadh,"{""br"":""Mislyyah"",""ko"":""미슬리야"",""pt-BR"":""Mislīyah"",""pt"":""Mislīyah"",""nl"":""Mislīyah"",""hr"":""Misliyah"",""fa"":""مصلیه"",""de"":""Mislīyah"",""es"":""Mislīyah"",""fr"":""Mislīyah"",""ja"":""ミスリーヤ"",""it"":""Mislīyah"",""zh-CN"":""米斯利亚"",""tr"":""Misliyah"",""ru"":""Мислия"",""uk"":""Міслія"",""pl"":""Mislīyah"",""hi"":""मिसलिया"",""ar"":""المَسْلِيَّة""}",2019-10-06T10:17:55,2025-12-02T14:38:56,1,Q32140978
102867,Mizhirah,2858,09,194,SA,city,,,16.82611000,42.73333000,مزيرة,5849,Asia/Riyadh,"{""br"":""Mizhirah"",""ko"":""미지라"",""pt-BR"":""Mizhirah"",""pt"":""Mizhirah"",""nl"":""Mizhirah"",""hr"":""Mižirah"",""fa"":""مژیرا"",""de"":""Mischira"",""es"":""Mizhirah"",""fr"":""Mizhirah"",""ja"":""ミジラ"",""it"":""Mizhirah"",""zh-CN"":""米日拉"",""tr"":""Mizhirah"",""ru"":""Мижира"",""uk"":""Міжірах"",""pl"":""Mizhirah"",""hi"":""मिज़िराह"",""ar"":""مزيرة""}",2019-10-06T10:17:55,2025-12-02T14:38:56,1,Q32141037
102868,Mulayjah,2856,04,194,SA,city,,,27.27103000,48.42419000,مليجة,5247,Asia/Riyadh,"{""br"":""Mulayjah"",""ko"":""물라이자"",""pt-BR"":""Mulayjah"",""pt"":""Mulayjah"",""nl"":""Mulayjah"",""hr"":""Mulajdža"",""fa"":""ملاجه"",""de"":""Mulayjah"",""es"":""Mulayjah"",""fr"":""Moulayjah"",""ja"":""ムライジャ"",""it"":""Mulayjah"",""zh-CN"":""穆莱贾"",""tr"":""Mulayjah"",""ru"":""Мулайджа"",""uk"":""Мулайджа"",""pl"":""Mulayjah"",""hi"":""मुलयजाह"",""ar"":""مليجة""}",2019-10-06T10:17:55,2025-12-02T14:38:56,1,Q32141302
102869,Najrān,2860,10,194,SA,adm1,,,17.49326000,44.12766000,نجران,505652,Asia/Riyadh,"{""br"":""Najrān"",""ko"":""나즈란"",""pt-BR"":""Najrān"",""pt"":""Najrān"",""nl"":""Najran"",""hr"":""Najrān"",""fa"":""نجران"",""de"":""Nadschran"",""es"":""Najrān"",""fr"":""Najran"",""ja"":""ナジュラン"",""it"":""Najrān"",""zh-CN"":""纳季兰"",""tr"":""Necran"",""ru"":""Наджран"",""uk"":""Наджран"",""pl"":""Najran"",""hi"":""नज़रान"",""ar"":""نجران""}",2019-10-06T10:17:55,2025-12-02T14:39:31,1,Q27174
102870,Qaisumah,2856,04,194,SA,city,,,28.31117000,46.12729000,القيصومة,20685,Asia/Riyadh,"{""br"":""Qaisumah"",""ko"":""카이수마"",""pt-BR"":""Qaisumah"",""pt"":""Qaisumah"",""nl"":""Qaisumah"",""hr"":""Kaisumah"",""fa"":""قیسومة"",""de"":""Qaisumah"",""es"":""Qaisumah"",""fr"":""Qaisumah"",""ja"":""カイスマ"",""it"":""Qaisumah"",""zh-CN"":""凯苏玛"",""tr"":""Qaisumah"",""ru"":""Кайсумах"",""uk"":""Кайсумах"",""pl"":""Qaisumah"",""hi"":""कैसुमाह"",""ar"":""القيصومة""}",2019-10-06T10:17:55,2025-12-02T14:38:56,1,Q3543647
102872,Qurayyat,2857,12,194,SA,city,,,31.33176000,37.34282000,قريات,116162,Asia/Riyadh,"{""br"":""Qurayyat"",""ko"":""쿠라이야트"",""pt-BR"":""Qurayyat"",""pt"":""Qurayyat"",""nl"":""Qurayyat"",""hr"":""Kurajati"",""fa"":""قریات"",""de"":""Qurayyat"",""es"":""Qurayyat"",""fr"":""Qurayyat"",""ja"":""クライヤット"",""it"":""Qurayyat"",""zh-CN"":""古莱亚特"",""tr"":""Kurayyat"",""ru"":""Курайят"",""uk"":""Курайят"",""pl"":""Kurajjat"",""hi"":""क़ुरैयात"",""ar"":""قريات""}",2019-10-06T10:17:55,2025-12-02T14:38:56,1,Q2829401
102873,Raḩīmah,2856,04,194,SA,city,,,26.70791000,50.06194000,رحيمة,41188,Asia/Riyadh,"{""br"":""Raḩīmah"",""ko"":""라히마"",""pt-BR"":""Raḩīmah"",""pt"":""Raḩīmah"",""nl"":""Raḩīmah"",""hr"":""Rahima"",""fa"":""رحیمه"",""de"":""Raḩīmah"",""es"":""Raḩīmah"",""fr"":""Raḩīmah"",""ja"":""ラヒマ"",""it"":""Raḩīmah"",""zh-CN"":""拉希玛"",""tr"":""Rahīmah"",""ru"":""Рахима"",""uk"":""Рахіма"",""pl"":""Raḩīmah"",""hi"":""Rahimah"",""ar"":""رحيمة""}",2019-10-06T10:17:55,2025-12-02T14:39:31,1,Q2829401
102874,Riyadh,2849,01,194,SA,capital,,,24.68773000,46.72185000,الرياض,4205961,Asia/Riyadh,"{""br"":""Riad"",""ko"":""리야드"",""pt-BR"":""Riad"",""pt"":""Riad"",""nl"":""Riyad"",""hr"":""Rijad"",""fa"":""ریاض"",""de"":""Riad"",""es"":""Riad"",""fr"":""Riyad"",""ja"":""リヤド"",""it"":""Riyad"",""zh-CN"":""利雅得"",""tr"":""Riyad"",""ru"":""Эр-Рияд"",""uk"":""Ер-Ріяд"",""pl"":""Rijad"",""hi"":""रियाद"",""ar"":""الرياض""}",2019-10-06T10:17:55,2025-12-02T14:39:31,1,Q3692
102875,Rābigh,2850,02,194,SA,city,,,22.79856000,39.03493000,رابغ,41759,Asia/Riyadh,"{""br"":""Rābigh"",""ko"":""라빅"",""pt-BR"":""Rabigh"",""pt"":""Rabigh"",""nl"":""Rabigh"",""hr"":""Rabigh"",""fa"":""رابیغ"",""de"":""Rābigh"",""es"":""Rabigh"",""fr"":""Rābigh"",""ja"":""ラービグ"",""it"":""Rābigh"",""zh-CN"":""拉比格"",""tr"":""Rabigh"",""ru"":""Рабиг"",""uk"":""Рабіг"",""pl"":""Rābigh"",""hi"":""रबीघ"",""ar"":""رابغ""}",2019-10-06T10:17:55,2025-12-02T14:39:31,1,Q27274
102877,Sakakah,2857,12,194,SA,adm1,,,29.96974000,40.20641000,سكاكا,150257,Asia/Riyadh,"{""br"":""Sakakah"",""ko"":""사카카"",""pt-BR"":""Sakakah"",""pt"":""Sakakah"",""nl"":""Sakakah"",""hr"":""Sakakah"",""fa"":""سکاکه"",""de"":""Sakakah"",""es"":""Sakakah"",""fr"":""Sakaka"",""ja"":""サカカ"",""it"":""Sakakah"",""zh-CN"":""萨卡卡"",""tr"":""Sakakah"",""ru"":""Сакака"",""uk"":""Сакака"",""pl"":""Sakakah"",""hi"":""सकाका"",""ar"":""سكاكا""}",2019-10-06T10:17:55,2025-12-02T14:38:56,1,Q27469
102880,Sājir,2849,01,194,SA,city,,,25.18251000,44.59964000,ساجير,11717,Asia/Riyadh,"{""br"":""Sājir"",""ko"":""사지르"",""pt-BR"":""Sajir"",""pt"":""Sajir"",""nl"":""Sājir"",""hr"":""Sajir"",""fa"":""ساجیر"",""de"":""Sājir"",""es"":""Sajir"",""fr"":""Sajir"",""ja"":""サジル"",""it"":""Sājir"",""zh-CN"":""萨吉尔"",""tr"":""Sājir"",""ru"":""Саджир"",""uk"":""Саджир"",""pl"":""Sājir"",""hi"":""साजिर"",""ar"":""ساجير""}",2019-10-06T10:17:55,2025-12-02T14:39:31,1,Q32188864
102881,Tabuk,2852,07,194,SA,adm1,,,28.39980000,36.57151000,تبوك,667000,Asia/Riyadh,"{""br"":""Tabuk"",""ko"":""타부크"",""pt-BR"":""Tabuk"",""pt"":""Tabuk"",""nl"":""Tabuk"",""hr"":""Tabuk"",""fa"":""تبوک"",""de"":""Tabuk"",""es"":""Tabuk"",""fr"":""Tabuk"",""ja"":""タブク"",""it"":""Tabuk"",""zh-CN"":""塔布克"",""tr"":""Tebük"",""ru"":""Табук"",""uk"":""Табук"",""pl"":""Tabuk"",""hi"":""टाबुक"",""ar"":""تبوك""}",2019-10-06T10:17:55,2025-12-02T14:39:31,1,Q244232
102882,Tabālah,2853,14,194,SA,city,,,19.95000000,42.40000000,طبلة,5151,Asia/Riyadh,"{""br"":""Tabālah"",""ko"":""타발라"",""pt-BR"":""Tabālah"",""pt"":""Tabālah"",""nl"":""Tabālah"",""hr"":""Tabala"",""fa"":""تباله"",""de"":""Tabālah"",""es"":""Tabalá"",""fr"":""Tabalah"",""ja"":""タバラ"",""it"":""Tabālah"",""zh-CN"":""塔巴拉"",""tr"":""Tabālah"",""ru"":""Табала"",""uk"":""Табала"",""pl"":""Tabālah"",""hi"":""तबालाह"",""ar"":""طبلة""}",2019-10-06T10:17:55,2025-12-02T14:38:56,1,Q32189185
102883,Tanūmah,2861,05,194,SA,city,,,27.10000000,44.13333000,تنومة,13594,Asia/Riyadh,"{""br"":""Tanūmah"",""ko"":""타누마"",""pt-BR"":""Tanumah"",""pt"":""Tanumah"",""nl"":""Tanūmah"",""hr"":""Tanuma"",""fa"":""تنومه"",""de"":""Tanūmah"",""es"":""Tanumah"",""fr"":""Tanūmah"",""ja"":""タヌマ"",""it"":""Tanumah"",""zh-CN"":""塔努玛"",""tr"":""Tanūmah"",""ru"":""Танума"",""uk"":""Танума"",""pl"":""Tanūmah"",""hi"":""तनुमाह"",""ar"":""تنومة""}",2019-10-06T10:17:55,2025-12-02T14:38:56,1,Q32189686
102884,Ta'if,2850,02,194,SA,city,,,21.27028000,40.41583000,الطائف,688693,Asia/Riyadh,"{""br"":""Ta'if"",""ko"":""타이프"",""pt-BR"":""Taif"",""pt"":""Taif"",""nl"":""Taif"",""hr"":""Taif"",""fa"":""طائف"",""de"":""Taif"",""es"":""Taif"",""fr"":""Taëf"",""ja"":""タイフ"",""it"":""Ta'if"",""zh-CN"":""塔伊夫"",""tr"":""Taif"",""ru"":""Таиф"",""uk"":""Таїф"",""pl"":""Taif"",""hi"":""ताइफ़"",""ar"":""الطائف""}",2019-10-06T10:17:55,2025-12-02T14:39:31,1,Q182640
102885,Tumayr,2849,01,194,SA,city,,,25.70347000,45.86835000,تمير,9406,Asia/Riyadh,"{""br"":""Tumayr"",""ko"":""투마이르"",""pt-BR"":""Tumayr"",""pt"":""Tumayr"",""nl"":""Tumayr"",""hr"":""Tumayr"",""fa"":""تومایر"",""de"":""Tumayr"",""es"":""Tumayr"",""fr"":""Tumayr"",""ja"":""トゥマイル"",""it"":""Tumayr"",""zh-CN"":""图迈尔"",""tr"":""Tumayr"",""ru"":""Тумайр"",""uk"":""Тумайр"",""pl"":""Tumayr"",""hi"":""तुमायर"",""ar"":""تمير""}",2019-10-06T10:17:55,2025-12-02T14:38:56,1,Q32190410
102886,Turabah,2850,02,194,SA,city,,,21.21406000,41.63310000,تربة,23235,Asia/Riyadh,"{""br"":""Turabah"",""ko"":""투라바"",""pt-BR"":""Turaba"",""pt"":""Turaba"",""nl"":""Turabah"",""hr"":""Turabah"",""fa"":""ترابه"",""de"":""Turabah"",""es"":""Turabah"",""fr"":""Turabah"",""ja"":""トゥラバ"",""it"":""Turaba"",""zh-CN"":""图拉巴"",""tr"":""Turabah"",""ru"":""Тураба"",""uk"":""Турабах"",""pl"":""Turabah"",""hi"":""तुराबाह"",""ar"":""تربة""}",2019-10-06T10:17:55,2025-12-02T14:39:31,1,Q32190427
102887,Turaif,2854,08,194,SA,city,,,31.67252000,38.66374000,طريف,48929,Asia/Riyadh,"{""br"":""Turaif"",""ko"":""투라이프"",""pt-BR"":""Turaif"",""pt"":""Turaif"",""nl"":""Turaif"",""hr"":""Turaif"",""fa"":""طریف"",""de"":""Turaif"",""es"":""Turaif"",""fr"":""Turaif"",""ja"":""トゥライフ"",""it"":""Turaif"",""zh-CN"":""图拉伊夫"",""tr"":""Turaif"",""ru"":""Тураиф"",""uk"":""Тураїф"",""pl"":""Turaif"",""hi"":""तुरैफ़"",""ar"":""طريف""}",2019-10-06T10:17:55,2025-12-02T14:38:56,1,Q32190427
102888,Tārūt,2856,04,194,SA,city,,,26.57330000,50.04028000,تاروت,77757,Asia/Riyadh,"{""br"":""Tārūt"",""ko"":""타루트"",""pt-BR"":""Tarut"",""pt"":""Tarut"",""nl"":""Tarut"",""hr"":""Tarut"",""fa"":""تاروت"",""de"":""Tārūt"",""es"":""Tarot"",""fr"":""Tarut"",""ja"":""タルート"",""it"":""Tartufo"",""zh-CN"":""塔鲁特"",""tr"":""Tārūt"",""ru"":""Тарут"",""uk"":""Тарут"",""pl"":""Tarūt"",""hi"":""तारूत"",""ar"":""تاروت""}",2019-10-06T10:17:55,2025-12-02T14:38:56,1,Q32190514
102889,Umm Lajj,2852,07,194,SA,city,,,25.02126000,37.26850000,أم لاج,33874,Asia/Riyadh,"{""br"":""Umm Lajj"",""ko"":""음 라즈"",""pt-BR"":""Umm Lajj"",""pt"":""Umm Lajj"",""nl"":""Umm Lajj"",""hr"":""Umm Lajj"",""fa"":""ام لج"",""de"":""Umm Lajj"",""es"":""Umm Lajj"",""fr"":""Oum Lajj"",""ja"":""ウム・ラジ"",""it"":""Umm Lajj"",""zh-CN"":""乌姆拉吉"",""tr"":""Ümmü Lajj"",""ru"":""Умм Ладж"",""uk"":""Умм Ладж"",""pl"":""Umm Lajj"",""hi"":""उम्म लज्ज"",""ar"":""أم لاج""}",2019-10-06T10:17:55,2025-12-02T14:39:31,1,Q32190969
102890,Umm as Sāhik,2856,04,194,SA,city,,,26.65361000,49.91639000,أم الساهك,11813,Asia/Riyadh,"{""br"":""Umm evel Sāhik"",""ko"":""음, 사히크처럼"",""pt-BR"":""Umm como Sāhik"",""pt"":""Umm como Sāhik"",""nl"":""Umm as Sāhik"",""hr"":""Umm as Sahik"",""fa"":""ام ساحیک"",""de"":""Umm as Sāhik"",""es"":""Umm como Sāhik"",""fr"":""Umm as Sāhik"",""ja"":""ウム・アズ・サーヒク"",""it"":""Umm as Sāhik"",""zh-CN"":""乌姆阿斯萨希克"",""tr"":""Umm as Sāhik"",""ru"":""Умм ас Сахик"",""uk"":""Умм ас Сахік"",""pl"":""Umm as Sāhik"",""hi"":""उम्म अस साहिक"",""ar"":""أم الساهك""}",2019-10-06T10:17:55,2025-12-02T14:38:56,1,Q32190880
102891,Wed Alnkil,2861,05,194,SA,city,,,25.42670000,42.83430000,الأربعاء النكيل,1500,Asia/Riyadh,"{""br"":""Merc'her Alnkil"",""ko"":""수요일 알린킬"",""pt-BR"":""Qua Alnkil"",""pt"":""Qua Alnkil"",""nl"":""Wed Alnkil"",""hr"":""Srijeda Alnkil"",""fa"":""چهارشنبه آلنکیل"",""de"":""Mi Alnkil"",""es"":""Miércoles Alnkil"",""fr"":""Mercredi Alnkil"",""ja"":""水曜日アルンキル"",""it"":""Mercoledì Alnkil"",""zh-CN"":""星期三 Alnkil"",""tr"":""Çarşamba Alnkil"",""ru"":""Ср Алнкил"",""uk"":""Сер Алнкіл"",""pl"":""Śr Alnkil"",""hi"":""बुध अलनकिल"",""ar"":""الأربعاء النكيل""}",2019-10-06T10:17:55,2025-12-02T14:39:31,1,Q32190880
102892,Yanbu,2851,03,194,SA,city,,,24.08954000,38.06180000,ينبع,200161,Asia/Riyadh,"{""br"":""Yanbu"",""ko"":""얀부"",""pt-BR"":""Ianbu"",""pt"":""Ianbu"",""nl"":""Yanbu"",""hr"":""Yanbu"",""fa"":""ینبع"",""de"":""Yanbu"",""es"":""Yanbu"",""fr"":""Yanbu"",""ja"":""ヤンブー"",""it"":""Yanbu"",""zh-CN"":""延布"",""tr"":""Yenbu"",""ru"":""Янбу"",""uk"":""Янбу"",""pl"":""Yanbu"",""hi"":""यानबु"",""ar"":""ينبع""}",2019-10-06T10:17:55,2025-12-02T14:39:31,1,Q466027
102893,shokhaibٍ,2849,01,194,SA,locality,,,24.49023000,46.26871000,شخيبٍ,1500,Asia/Riyadh,"{""br"":""shokhaibٍ"",""ko"":""쇼카이브"",""pt-BR"":""shokhaib"",""pt"":""shokhaib"",""nl"":""shokhaibٍ"",""hr"":""Šokhaib"",""fa"":""شخیب"",""de"":""shokhaibٍ"",""es"":""shokhaib"",""fr"":""shokhaibٍ"",""ja"":""ショハイブ"",""it"":""shokhaib"",""zh-CN"":""肖凯布"",""tr"":""shokhaibٍ"",""ru"":""шокайб"",""uk"":""шохайб"",""pl"":""shokhaibٍ"",""hi"":""शोखैब"",""ar"":""شخيبٍ""}",2019-10-06T10:17:55,2025-12-02T14:39:31,1,Q466027
102894,Şabyā,2858,09,194,SA,city,,,17.14950000,42.62537000,صبايا,52648,Asia/Riyadh,"{""br"":""Şabyā"",""ko"":""샤비아"",""pt-BR"":""Şabyā"",""pt"":""Şabyā"",""nl"":""Şabyā"",""hr"":""Šabja"",""fa"":""سابیا"",""de"":""Şabyā"",""es"":""Şabyā"",""fr"":""Sabya"",""ja"":""シャビャ"",""it"":""Şabyā"",""zh-CN"":""沙比亚"",""tr"":""Şabyā"",""ru"":""Шабья"",""uk"":""Шаб'я"",""pl"":""Şabyā"",""hi"":""Sabya"",""ar"":""صبايا""}",2019-10-06T10:17:55,2025-12-02T14:38:56,1,Q32219237
102895,Şafwá,2856,04,194,SA,city,,,26.64970000,49.95522000,صفوة,45876,Asia/Riyadh,"{""br"":""Şafwá"",""ko"":""샤프와"",""pt-BR"":""Şafwá"",""pt"":""Şafwá"",""nl"":""Şafwá"",""hr"":""Šafva"",""fa"":""شَفوه"",""de"":""Şafwá"",""es"":""Şafwá"",""fr"":""Şafwá"",""ja"":""シャフワ"",""it"":""Şafwá"",""zh-CN"":""Şafwá"",""tr"":""Şafwa"",""ru"":""Шафва"",""uk"":""Шафва"",""pl"":""Şafwá"",""hi"":""शाफवा"",""ar"":""صفوة""}",2019-10-06T10:17:55,2025-12-02T14:38:56,1,Q27234
102896,Şuwayr,2857,12,194,SA,city,,,30.11713000,40.38925000,شوير,8515,Asia/Riyadh,"{""br"":""Şuwayr"",""ko"":""수와이르"",""pt-BR"":""Şuwayr"",""pt"":""Şuwayr"",""nl"":""Şuwayr"",""hr"":""Šuvajr"",""fa"":""شوایر"",""de"":""Şuwayr"",""es"":""Suwayr"",""fr"":""Suwayr"",""ja"":""シュワイル"",""it"":""Şuwayr"",""zh-CN"":""苏韦尔"",""tr"":""Şuwayr"",""ru"":""Шувайр"",""uk"":""Шувайр"",""pl"":""Şuwayr"",""hi"":""सुवेर"",""ar"":""شوير""}",2019-10-06T10:17:55,2025-12-02T14:38:56,1,Q32219471
102897,Şāmitah,2858,09,194,SA,city,,,16.59601000,42.94435000,ساميتا,26945,Asia/Riyadh,"{""br"":""Şāmitah"",""ko"":""샤미타"",""pt-BR"":""Şāmitah"",""pt"":""Şāmitah"",""nl"":""Şāmitah"",""hr"":""Šamitah"",""fa"":""شامیطه"",""de"":""Şāmitah"",""es"":""Samita"",""fr"":""Şāmitah"",""ja"":""シャミタ"",""it"":""Şāmitah"",""zh-CN"":""沙米塔"",""tr"":""Şamitah"",""ru"":""Шамита"",""uk"":""Шамітах"",""pl"":""Szamita"",""hi"":""शामिता"",""ar"":""ساميتا""}",2019-10-06T10:17:55,2025-12-02T14:39:31,1,Q4164177
102898,Ţubarjal,2857,12,194,SA,city,,,30.49987000,38.21603000,طبرجل,40019,Asia/Riyadh,"{""br"":""Ţubarjal"",""ko"":""타바르잘"",""pt-BR"":""Ţubarjal"",""pt"":""Ţubarjal"",""nl"":""Ţubarjal"",""hr"":""Tubarjal"",""fa"":""توبارجال"",""de"":""Ţubarjal"",""es"":""Tubarjal"",""fr"":""Tubarjal"",""ja"":""トゥバルジャル"",""it"":""Ţubarjal"",""zh-CN"":""塔巴尔加尔"",""tr"":""Ţubarjal"",""ru"":""Цубарджал"",""uk"":""Тубарджал"",""pl"":""Ţubarjal"",""hi"":""Ţubarjal"",""ar"":""طبرجل""}",2019-10-06T10:17:55,2025-12-02T14:39:31,1,Q4164177
148560,Al Ubaylah,2856,04,194,SA,city,,,21.98417000,50.93966000,العبيلة,0,Asia/Riyadh,"{""br"":""Al Ubaylah"",""ko"":""알 우바일라"",""pt-BR"":""Al Ubaylah"",""pt"":""Al Ubaylah"",""nl"":""Al-Ubaylah"",""hr"":""Al Ubaylah"",""fa"":""آل عبيلة"",""de"":""Al Ubaylah"",""es"":""Al Ubaylah"",""fr"":""Al-Ubaylah"",""ja"":""アル・ウバイラ"",""it"":""Al Ubaylah"",""zh-CN"":""乌拜拉"",""tr"":""El Ubeylah"",""ru"":""Аль-Убайла"",""uk"":""Аль-Убайла"",""pl"":""Al Ubaylah"",""hi"":""अल उबैलाह"",""ar"":""العبيلة""}",2021-09-27T03:25:14,2025-12-02T16:59:27,1,Q16909166
148561,Al-Awamiyah,2856,04,194,SA,city,,,26.58333300,49.98333300,العوامية,24635,Asia/Riyadh,"{""br"":""Al-Awamiyah"",""ko"":""알아와미야"",""pt-BR"":""Al-Awamiyah"",""pt"":""Al-Awamiyah"",""nl"":""Al-Awamiyah"",""hr"":""Al-Awamiyah"",""fa"":""العوامیه"",""de"":""Al-Awamiyah"",""es"":""Al-Awamiyah"",""fr"":""Al-Awamiyah"",""ja"":""アル・アワミヤ"",""it"":""Al-Awamiyah"",""zh-CN"":""阿尔阿瓦米亚"",""tr"":""El-Avamiye"",""ru"":""Аль-Авамия"",""uk"":""Аль-Авамія"",""pl"":""Al-Awamiyah"",""hi"":""अल-अवामिया"",""ar"":""العوامية""}",2021-09-27T03:25:14,2025-12-02T16:59:27,1,Q288287
148562,Al-Awjam,2856,04,194,SA,city,,,26.55830000,49.95030000,الأوجام,9111,Asia/Riyadh,"{""br"":""Al-Awjam"",""ko"":""알아우잠"",""pt-BR"":""Al-Awjam"",""pt"":""Al-Awjam"",""nl"":""Al-Awjam"",""hr"":""Al-Awjam"",""fa"":""العوجام"",""de"":""Al-Awjam"",""es"":""Al-Awjam"",""fr"":""Al-Awjam"",""ja"":""アル・アウジャム"",""it"":""Al-Awjam"",""zh-CN"":""奥贾姆"",""tr"":""El-Avcam"",""ru"":""Аль-Авджам"",""uk"":""Аль-Авджам"",""pl"":""Al-Awjam"",""hi"":""अल-अवजाम"",""ar"":""الأوجام""}",2021-09-27T03:25:14,2025-12-02T17:11:50,1,Q4164621
148564,Ha'il,2856,04,194,SA,adm1,,,27.51666667,41.68333333,يشيد ,310897,Asia/Riyadh,"{""br"":""Grizilh"",""ko"":""하일"",""pt-BR"":""Saudação"",""pt"":""Saudação"",""nl"":""Hagel"",""hr"":""Ha'il"",""fa"":""حائل"",""de"":""Hagel"",""es"":""Granizo"",""fr"":""Grêle"",""ja"":""ハイル"",""it"":""Salve"",""zh-CN"":""哈伊勒"",""tr"":""Dolu"",""ru"":""Град"",""uk"":""Хаїл"",""pl"":""Grad"",""hi"":""ओलों "",""ar"":""يشيد ""}",2021-09-27T03:25:14,2025-12-02T17:11:50,1,Q675568
148565,Haradh,2856,04,194,SA,city,,,24.14555556,49.06527778,حرض,0,Asia/Riyadh,"{""br"":""Haradh"",""ko"":""하라드"",""pt-BR"":""Haradh"",""pt"":""Haradh"",""nl"":""Haradh"",""hr"":""Haradh"",""fa"":""حراض"",""de"":""Haradh"",""es"":""Haradh"",""fr"":""Haradh"",""ja"":""ハラド"",""it"":""Haradh"",""zh-CN"":""哈拉德"",""tr"":""Haradh"",""ru"":""Харад"",""uk"":""Харадх"",""pl"":""Haradh"",""hi"":""हरद"",""ar"":""حرض""}",2021-09-27T03:25:14,2025-12-02T16:59:27,1,Q3127238
148568,Nariyah,2856,04,194,SA,city,,,27.46990000,48.48440000,نارياه,,Asia/Riyadh,"{""br"":""Nariah"",""ko"":""나리야"",""pt-BR"":""Nariyah"",""pt"":""Nariyah"",""nl"":""Nariyah"",""hr"":""Narija"",""fa"":""ناریا"",""de"":""Nariyah"",""es"":""Nariyah"",""fr"":""Nariyah"",""ja"":""ナリヤ"",""it"":""Nariyah"",""zh-CN"":""纳里耶"",""tr"":""Nariyah"",""ru"":""Нария"",""uk"":""Нарія"",""pl"":""Nariyah"",""hi"":""नारियाह"",""ar"":""نارياه""}",2021-09-27T03:25:14,2025-12-02T16:59:27,1,Q6965995
148571,Sayhāt,2856,04,194,SA,city,,,26.47500000,50.04166667,سيهات,,Asia/Riyadh,"{""br"":""Sayhāt"",""ko"":""사하트"",""pt-BR"":""Sayhat"",""pt"":""Sayhat"",""nl"":""Sayhāt"",""hr"":""Sayhat"",""fa"":""سیهات"",""de"":""Sayhāt"",""es"":""Sayhat"",""fr"":""Sayhat"",""ja"":""サイハット"",""it"":""Sayhāt"",""zh-CN"":""萨哈特"",""tr"":""Seyhat"",""ru"":""Сайхат"",""uk"":""Сайхат"",""pl"":""Sayhat"",""hi"":""Sayhat"",""ar"":""سيهات""}",2021-09-27T03:25:14,2025-12-02T17:11:50,1,Q2744182
148573,Udhailiyah,2856,04,194,SA,city,,,25.13330000,49.30000000,العضيلية,2195,Asia/Riyadh,"{""br"":""Udhailiyah"",""ko"":""우다일리야"",""pt-BR"":""Udhailiyah"",""pt"":""Udhailiyah"",""nl"":""Udhailiyah"",""hr"":""Udhailiyah"",""fa"":""عُدَیلیه"",""de"":""Udhailiyya"",""es"":""Udhailiyah"",""fr"":""Oudhailiyah"",""ja"":""ウダイリヤ"",""it"":""Udhailiyah"",""zh-CN"":""乌代利亚"",""tr"":""Udhailiyah"",""ru"":""Удайлия"",""uk"":""Удхайлія"",""pl"":""Udhailiyah"",""hi"":""उधैलियाह"",""ar"":""العضيلية""}",2021-09-27T03:25:14,2025-12-02T16:59:27,1,Q3072061
148574,Uqair,2856,04,194,SA,city,,,25.64310000,50.21440000,العقير,0,Asia/Riyadh,"{""br"":""Uqair"",""ko"":""우콰이어"",""pt-BR"":""Uqair"",""pt"":""Uqair"",""nl"":""Uqair"",""hr"":""Uqair"",""fa"":""عُکیر"",""de"":""Uqair"",""es"":""Uqair"",""fr"":""Uqair"",""ja"":""ウカイール"",""it"":""Uqair"",""zh-CN"":""乌奎尔"",""tr"":""Uqair"",""ru"":""Uqair"",""uk"":""Укаїр"",""pl"":""Uqair"",""hi"":""उकैर"",""ar"":""العقير""}",2021-09-27T03:25:14,2025-12-02T16:59:27,1,Q3546517
148577,Buraidah,2861,05,194,SA,adm1,,,26.33333333,43.96666667,بريدة,,Asia/Riyadh,"{""br"":""Buraidah"",""ko"":""부라이다"",""pt-BR"":""Buraidah"",""pt"":""Buraidah"",""nl"":""Buraidah"",""hr"":""Buraidah"",""fa"":""بریده"",""de"":""Buraida"",""es"":""Buraidah"",""fr"":""Buraidah"",""ja"":""ブライダ"",""it"":""Buraida"",""zh-CN"":""布赖代"",""tr"":""Buraydah"",""ru"":""Бурайда"",""uk"":""Бурайда"",""pl"":""Buraida"",""hi"":""बुरैदा"",""ar"":""بريدة""}",2021-09-27T03:31:20,2025-12-02T17:11:50,1,Q259253
148578,Dukhnah,2861,05,194,SA,city,,,25.35621000,43.62268000,دخنة,6354,Asia/Riyadh,"{""br"":""Dukhnah"",""ko"":""두크나"",""pt-BR"":""Dukhnah"",""pt"":""Dukhnah"",""nl"":""Dukhnah"",""hr"":""Dukhnah"",""fa"":""دخنه"",""de"":""Dukhnah"",""es"":""Dukhnah"",""fr"":""Dukhnah"",""ja"":""ドゥクナ"",""it"":""Dukhnah"",""zh-CN"":""杜赫纳"",""tr"":""Dukhnah"",""ru"":""Духнах"",""uk"":""Духна"",""pl"":""Duchnah"",""hi"":""दुखनाह"",""ar"":""دخنة""}",2021-09-27T03:31:20,2025-12-02T14:39:31,1,Q6768386
148580,Qiba,2861,05,194,SA,city,,,27.40285000,44.32770000,قبة,9210,Asia/Riyadh,"{""br"":""Qiba"",""ko"":""기바"",""pt-BR"":""Qiba"",""pt"":""Qiba"",""nl"":""Qiba"",""hr"":""Kiba"",""fa"":""قبا"",""de"":""Qiba"",""es"":""Qiba"",""fr"":""Qiba"",""ja"":""キバ"",""it"":""Qiba"",""zh-CN"":""齐巴"",""tr"":""Kıba"",""ru"":""Киба"",""uk"":""Кіба"",""pl"":""Qiba"",""hi"":""किबा"",""ar"":""قبة""}",2021-09-27T03:31:20,2025-12-02T14:38:56,1,Q12241875
148582,Jubbah,2855,06,194,SA,city,,,28.00620000,40.94160000,جبة,0,Asia/Riyadh,"{""br"":""Jubbah"",""ko"":""주바"",""pt-BR"":""Jubbah"",""pt"":""Jubbah"",""nl"":""Jubbah"",""hr"":""Džuba"",""fa"":""جُبَه"",""de"":""Jubbah"",""es"":""Jubbah"",""fr"":""Jubbah"",""ja"":""ジュバ"",""it"":""Giuba"",""zh-CN"":""朱巴"",""tr"":""Cübbe"",""ru"":""Джубба"",""uk"":""Джубба"",""pl"":""Dżubba"",""hi"":""जुब्बा"",""ar"":""جبة""}",2021-09-27T03:34:36,2025-12-02T16:59:27,1,Q3187889
148583,Mawqaq,2855,06,194,SA,city,,,27.38398000,41.17635000,موقاق,0,Asia/Riyadh,"{""br"":""Mawqaq"",""ko"":""마우카크"",""pt-BR"":""Mawqaq"",""pt"":""Mawqaq"",""nl"":""Mawqaq"",""hr"":""Mawqaq"",""fa"":""موقاق"",""de"":""Mawqaq"",""es"":""Mawqaq"",""fr"":""Mawqaq"",""ja"":""マウカク"",""it"":""Mawqaq"",""zh-CN"":""莫加格"",""tr"":""Mavkak"",""ru"":""Мавкак"",""uk"":""Мавкак"",""pl"":""Mawqaq"",""hi"":""मावक़"",""ar"":""موقاق""}",2021-09-27T03:34:36,2025-12-02T16:59:27,1,Q6874886
148584,Qufar,2855,06,194,SA,city,,,27.41534000,41.61903000,قفار,0,Asia/Riyadh,"{""br"":""Qufar"",""ko"":""쿠파르"",""pt-BR"":""Qufar"",""pt"":""Qufar"",""nl"":""Qufar"",""hr"":""Kufar"",""fa"":""قفار"",""de"":""Qufar"",""es"":""Qufar"",""fr"":""Qufar"",""ja"":""クファール"",""it"":""Qufar"",""zh-CN"":""库法尔"",""tr"":""Kufar"",""ru"":""Куфар"",""uk"":""Куфар"",""pl"":""Kufar"",""hi"":""कुफ़र"",""ar"":""قفار""}",2021-09-27T03:34:36,2025-12-02T16:59:27,1,Q25449809
148585,Simira,2855,06,194,SA,city,,,26.49418000,42.12494000,سيميرا,0,Asia/Riyadh,"{""br"":""Simira"",""ko"":""시미라"",""pt-BR"":""Simira"",""pt"":""Simira"",""nl"":""Simira"",""hr"":""Simira"",""fa"":""سیمیرا"",""de"":""Simira"",""es"":""Simira"",""fr"":""Simira"",""ja"":""シミラ"",""it"":""Simira"",""zh-CN"":""西米拉"",""tr"":""Simira"",""ru"":""Симира"",""uk"":""Сіміра"",""pl"":""Simira"",""hi"":""सिमीरा"",""ar"":""سيميرا""}",2021-09-27T03:34:36,2025-12-02T16:59:27,1,Q12216905
148586,Nisab,2854,08,194,SA,city,,,29.19274000,44.71598000,النصاب,0,Asia/Riyadh,"{""br"":""Nisab"",""ko"":""니사브"",""pt-BR"":""Nisab"",""pt"":""Nisab"",""nl"":""Nisab"",""hr"":""Nisab"",""fa"":""نصاب"",""de"":""Nisab"",""es"":""Nisab"",""fr"":""Nisab"",""ja"":""ニサブ"",""it"":""Nisab"",""zh-CN"":""尼萨布"",""tr"":""Nisap"",""ru"":""Нисаб"",""uk"":""Нісаб"",""pl"":""Nisab"",""hi"":""निसाब"",""ar"":""النصاب""}",2021-09-27T03:38:01,2025-12-02T16:59:27,1,Q12218844
148587,Umm Radamah,2854,08,194,SA,city,,,28.67985000,44.69549000,أم ردمة,0,Asia/Riyadh,"{""br"":""Umm Radamah"",""ko"":""음 라다마"",""pt-BR"":""Umm Radamah"",""pt"":""Umm Radamah"",""nl"":""Umm Radamah"",""hr"":""Umm Radamah"",""fa"":""ام ردامه"",""de"":""Umm Radamah"",""es"":""Umm Radamah"",""fr"":""Oum Radamah"",""ja"":""ウム・ラダマ"",""it"":""Umm Radamah"",""zh-CN"":""乌姆拉达玛"",""tr"":""Ümmü Radamah"",""ru"":""Умм Радама"",""uk"":""Умм Радама"",""pl"":""Umm Radamah"",""hi"":""उम्म रदामा"",""ar"":""أم ردمة""}",2021-09-27T03:38:01,2025-12-02T16:59:27,1,Q16117430
148588,Al Isawiyah,2857,12,194,SA,city,,,30.71681000,37.97767000,العيساوية,5629,Asia/Riyadh,"{""br"":""Al Isawiyah"",""ko"":""알 이사위야"",""pt-BR"":""Al Isawiyah"",""pt"":""Al Isawiyah"",""nl"":""Al Isawiyah"",""hr"":""Al Isawiyah"",""fa"":""آل عیسویه"",""de"":""Al Isawiyah"",""es"":""Al Isawiyah"",""fr"":""Al Isawiyah"",""ja"":""アル・イサウィヤ"",""it"":""Al Isawiyah"",""zh-CN"":""艾尔伊萨维亚"",""tr"":""El İsaviye"",""ru"":""Аль-Исавия"",""uk"":""Аль-Ісавія"",""pl"":""Al Isawiyah"",""hi"":""अल इसाविया"",""ar"":""العيساوية""}",2021-09-27T03:40:01,2025-12-02T16:59:27,1,Q12190610
148589,Al-Haditha,2857,12,194,SA,city,,,31.45601100,37.14814000,الحديثة,0,Asia/Riyadh,"{""br"":""Al-Haditha"",""ko"":""알-하디타"",""pt-BR"":""Al-Haditha"",""pt"":""Al-Haditha"",""nl"":""Al-Haditha"",""hr"":""Al-Hadisa"",""fa"":""الحدیثه"",""de"":""Al-Haditha"",""es"":""Al-Haditha"",""fr"":""Al-Haditha"",""ja"":""アル・ハディーサ"",""it"":""Al-Haditha"",""zh-CN"":""哈迪塞"",""tr"":""El-Hadis"",""ru"":""Аль-Хадита"",""uk"":""Аль-Хадіса"",""pl"":""Al-Haditha"",""hi"":""अल-हदीथा"",""ar"":""الحديثة""}",2021-09-27T03:40:01,2025-12-02T16:59:27,1,Q4702445
148590,Halat Ammar,2857,12,194,SA,city,,,29.15944444,36.07500000,حالة عمار,4594,Asia/Riyadh,"{""br"":""Halat Ammar"",""ko"":""할라트 아마르"",""pt-BR"":""Halat Ammar"",""pt"":""Halat Ammar"",""nl"":""Halat Ammar"",""hr"":""Halat Ammar"",""fa"":""حلت عمار"",""de"":""Halat Ammar"",""es"":""Halat Ammar"",""fr"":""Halat Ammar"",""ja"":""ハラト・アマール"",""it"":""Halat Ammar"",""zh-CN"":""哈拉特·阿马尔"",""tr"":""Halat Ammar"",""ru"":""Халат Аммар"",""uk"":""Халат Аммар"",""pl"":""Halat Ammar"",""hi"":""हलात अम्मार"",""ar"":""حالة عمار""}",2021-09-27T03:40:01,2025-12-02T16:59:27,1,Q1570226
148591,Tabarjal,2857,12,194,SA,city,,,30.50000000,38.21670000,طبرجل,48525,Asia/Riyadh,"{""br"":""Tabarjal"",""ko"":""타바르잘"",""pt-BR"":""Tabarjal"",""pt"":""Tabarjal"",""nl"":""Tabarjal"",""hr"":""Tabarjal"",""fa"":""تبرجل"",""de"":""Tabarjal"",""es"":""Tabarjal"",""fr"":""Tabarjal"",""ja"":""タバルジャル"",""it"":""Tabarjal"",""zh-CN"":""塔巴加尔"",""tr"":""Taberjal"",""ru"":""Табарджал"",""uk"":""Табарджал"",""pl"":""Tabarjal"",""hi"":""तबरजाल"",""ar"":""طبرجل""}",2021-09-27T03:40:01,2025-12-02T14:38:56,1,Q7672929
148594,Al Qahab,2853,14,194,SA,city,,,18.92560000,41.95500000,القهب,0,Asia/Riyadh,"{""br"":""Al Qahab"",""ko"":""알 카하브"",""pt-BR"":""Al-Qahab"",""pt"":""Al-Qahab"",""nl"":""Al Qahab"",""hr"":""Al-Qahab"",""fa"":""القهاب"",""de"":""Al Qahab"",""es"":""Al Qahab"",""fr"":""Al Qahab"",""ja"":""アル・カハブ"",""it"":""Al Qahab"",""zh-CN"":""卡哈卜"",""tr"":""El Kâhab"",""ru"":""Аль-Кахаб"",""uk"":""Аль-Кахаб"",""pl"":""Al-Kahab"",""hi"":""अल कहब"",""ar"":""القهب""}",2021-09-27T03:40:56,2025-12-02T17:11:50,1,Q15178975
148596,Ma`riyah,2853,14,194,SA,city,,,18.85000000,41.96670000,المعرية,0,Asia/Riyadh,"{""br"":""Ma`riyah"",""ko"":""마리야"",""pt-BR"":""Maria"",""pt"":""Maria"",""nl"":""Ma`riyah"",""hr"":""Ma'rija"",""fa"":""ماریه"",""de"":""Ma`riyah"",""es"":""Ma`riyah"",""fr"":""Ma`riyah"",""ja"":""マリヤ"",""it"":""Ma`riyah"",""zh-CN"":""玛丽亚"",""tr"":""Ma`riyah"",""ru"":""Маарийя"",""uk"":""Марія"",""pl"":""Ma`riyah"",""hi"":""मारिया"",""ar"":""المعرية""}",2021-09-27T03:40:56,2025-12-02T17:11:50,1,Q15243285
148597,Mifa,2853,14,194,SA,city,,,18.89170000,41.96330000,ميفا,0,Asia/Riyadh,"{""br"":""Mifa"",""ko"":""미파"",""pt-BR"":""Mifa"",""pt"":""Mifa"",""nl"":""Mifa"",""hr"":""Mifa"",""fa"":""میفا"",""de"":""Mifa"",""es"":""Mifa"",""fr"":""Mifa"",""ja"":""ミファ"",""it"":""Mifa"",""zh-CN"":""米法"",""tr"":""Mifa"",""ru"":""Мифа"",""uk"":""Міфа"",""pl"":""Mifa"",""hi"":""मीफा"",""ar"":""ميفا""}",2021-09-27T03:40:56,2025-12-02T17:11:50,1,Q6843982
148598,Munayzir,2853,14,194,SA,city,,,18.94640000,41.91640000,منيزير,0,Asia/Riyadh,"{""br"":""Munayzir"",""ko"":""무나이즈르"",""pt-BR"":""Munayzir"",""pt"":""Munayzir"",""nl"":""Munayzir"",""hr"":""Munayzir"",""fa"":""منیزیر"",""de"":""Munayzir"",""es"":""Munayzir"",""fr"":""Munayzir"",""ja"":""ムナイジル"",""it"":""Munayzir"",""zh-CN"":""穆奈齐尔"",""tr"":""Munayzir"",""ru"":""Мунайзир"",""uk"":""Мунайзір"",""pl"":""Munayzir"",""hi"":""मुनैज़िर"",""ar"":""منيزير""}",2021-09-27T03:40:56,2025-12-02T17:11:50,1,Q6935631
148708,Hajrah,2859,11,194,SA,city,,,20.23333333,41.05000000,حجرة,0,Asia/Riyadh,"{""br"":""Hajrah"",""ko"":""하지라"",""pt-BR"":""Hajrah"",""pt"":""Hajrah"",""nl"":""Hadjra"",""hr"":""Hajra"",""fa"":""هاجره"",""de"":""Hadschra"",""es"":""Hajrah"",""fr"":""Hajra"",""ja"":""ハジュラ"",""it"":""Hajra"",""zh-CN"":""朝觐"",""tr"":""Hac"",""ru"":""Хаджра"",""uk"":""Хаджра"",""pl"":""Hadżra"",""hi"":""हजरा"",""ar"":""حجرة""}",2021-09-27T03:43:06,2025-12-02T16:59:27,1,Q3545550
148745,Abu Radif,2858,09,194,SA,city,,,16.61860000,43.13110000,أبو رديف,0,Asia/Riyadh,"{""br"":""Abu Radif"",""ko"":""아부 라디프"",""pt-BR"":""Abu Radif"",""pt"":""Abu Radif"",""nl"":""Abu Radif"",""hr"":""Abu Radif"",""fa"":""ابو رادیف"",""de"":""Abu Radif"",""es"":""Abu Radif"",""fr"":""Abou Radif"",""ja"":""アブ・ラディフ"",""it"":""Abu Radif"",""zh-CN"":""阿布·拉迪夫"",""tr"":""Ebu Radif"",""ru"":""Абу Радиф"",""uk"":""Абу Радіф"",""pl"":""Abu Radif"",""hi"":""अबू रदीफ़"",""ar"":""أبو رديف""}",2021-09-27T03:45:12,2025-12-02T16:59:27,1,Q4670320
148746,Ad Dur`iyah,2858,09,194,SA,city,,,16.58420000,42.84310000,الدرية,0,Asia/Riyadh,"{""br"":""Ad Dur`iyah"",""ko"":""아드 두리아"",""pt-BR"":""Ad Dur`iyah"",""pt"":""Ad Dur`iyah"",""nl"":""Ad Dur`iyah"",""hr"":""Ad Dur'iyah"",""fa"":""الدرعیه"",""de"":""Ad Dur`iyah"",""es"":""Ad Dur`iyah"",""fr"":""Ad Dur`iyah"",""ja"":""アド・ドゥリーヤ"",""it"":""Ad Dur`iyah"",""zh-CN"":""杜里耶"",""tr"":""Ad Dur`iyah"",""ru"":""Ад Дур`ия"",""uk"":""Ад Дур'ія"",""pl"":""Ad Dur`iyah"",""hi"":""अद दुरियाह"",""ar"":""الدرية""}",2021-09-27T03:45:12,2025-12-02T16:59:27,1,Q4678145
148747,Adh Dhagharir,2858,09,194,SA,city,,,16.67780000,42.95920000,أده داغرير,0,Asia/Riyadh,"{""br"":""Adh Dhagharir"",""ko"":""아드 다가리르"",""pt-BR"":""Adh Dhagharir"",""pt"":""Adh Dhagharir"",""nl"":""Adh Dhagharir"",""hr"":""Adh Dhagharir"",""fa"":""اده ذغریر"",""de"":""Adh Dhagharir"",""es"":""Adh Dhagharir"",""fr"":""Adh Dhagharir"",""ja"":""アッド・ダガリル"",""it"":""Adh Dhagharir"",""zh-CN"":""阿德·达哈里尔"",""tr"":""Adh Dhagharir"",""ru"":""Аз-Дхагарир"",""uk"":""Адх Дагарір"",""pl"":""Adh Dhagharir"",""hi"":""अध धघरिर"",""ar"":""أده داغرير""}",2021-09-27T03:45:12,2025-12-02T17:11:50,1,Q4682447
148748,Al Badawi,2858,09,194,SA,city,,,16.63330000,42.86500000,البدوي,0,Asia/Riyadh,"{""br"":""Al Badawi"",""ko"":""알 바다위"",""pt-BR"":""Al Badawi"",""pt"":""Al Badawi"",""nl"":""Al-Badawi"",""hr"":""Al Badawi"",""fa"":""البدوی"",""de"":""Al Badawi"",""es"":""Al Badawi"",""fr"":""Al Badawi"",""ja"":""アル・バダウィ"",""it"":""Al Badawi"",""zh-CN"":""巴达维"",""tr"":""El Bedevi"",""ru"":""Аль-Бадави"",""uk"":""Аль-Бадаві"",""pl"":""Al Badawi"",""hi"":""अल बदावी"",""ar"":""البدوي""}",2021-09-27T03:45:12,2025-12-02T16:59:27,1,Q4703523
148749,Al Hadrur,2858,09,194,SA,city,,,16.54360000,42.86720000,الحضرور,0,Asia/Riyadh,"{""br"":""Al Hadrur"",""ko"":""알 하드루르"",""pt-BR"":""Al Hadrur"",""pt"":""Al Hadrur"",""nl"":""Al Hadrur"",""hr"":""Al Hadrur"",""fa"":""آل هادرور"",""de"":""Al Hadrur"",""es"":""Al Hadrur"",""fr"":""Al Hadrur"",""ja"":""アル・ハドゥル"",""it"":""Al Hadrur"",""zh-CN"":""阿尔哈德鲁尔"",""tr"":""El Hadrur"",""ru"":""Аль-Хадрур"",""uk"":""Аль-Хадрур"",""pl"":""Al Hadrur"",""hi"":""अल हद्रुर"",""ar"":""الحضرور""}",2021-09-27T03:45:12,2025-12-02T17:11:50,1,Q4703936
148750,Al Hanashah,2858,09,194,SA,city,,,16.55810000,42.76530000,الحنشة,0,Asia/Riyadh,"{""br"":""Al Hanashah"",""ko"":""알 하나샤"",""pt-BR"":""Al Hanashah"",""pt"":""Al Hanashah"",""nl"":""Al Hanashah"",""hr"":""Al Hanashah"",""fa"":""الحناشه"",""de"":""Al Hanashah"",""es"":""Al Hanashah"",""fr"":""Al Hanashah"",""ja"":""アル・ハナシャ"",""it"":""Al Hanashah"",""zh-CN"":""哈纳沙"",""tr"":""El Hanaşah"",""ru"":""Аль-Ханаша"",""uk"":""Аль-Ханаша"",""pl"":""Al Hanasza"",""hi"":""अल हनाशाह"",""ar"":""الحنشة""}",2021-09-27T03:45:12,2025-12-02T16:59:27,1,Q4703979
148751,Al Harani,2858,09,194,SA,city,,,16.77500000,42.90970000,الحراني,0,Asia/Riyadh,"{""br"":""Al Harani"",""ko"":""알 하라니"",""pt-BR"":""Al Harani"",""pt"":""Al Harani"",""nl"":""Al Harani"",""hr"":""Al-Harani"",""fa"":""الحرانی"",""de"":""Al Harani"",""es"":""Al Harani"",""fr"":""Al-Harani"",""ja"":""アル・ハラニ"",""it"":""Al Harani"",""zh-CN"":""哈拉尼"",""tr"":""El Harani"",""ru"":""Аль Харани"",""uk"":""Аль-Харані"",""pl"":""Al Harani"",""hi"":""अल हरानी"",""ar"":""الحراني""}",2021-09-27T03:45:12,2025-12-02T17:11:50,1,Q4703982
148752,Al Hasamah,2858,09,194,SA,city,,,16.68333333,42.92694444,الحسامة,0,Asia/Riyadh,"{""br"":""Al Hasamah"",""ko"":""알 하사마"",""pt-BR"":""Al Hasamah"",""pt"":""Al Hasamah"",""nl"":""Al Hasamah"",""hr"":""Al-Hasama"",""fa"":""الحسامه"",""de"":""Al Hasamah"",""es"":""Al Hasamah"",""fr"":""Al Hasamah"",""ja"":""アル・ハサマ"",""it"":""Al Hasamah"",""zh-CN"":""哈萨玛"",""tr"":""Al Hasamah"",""ru"":""Аль-Хасама"",""uk"":""Аль-Хасама"",""pl"":""Al Hasamah"",""hi"":""अल हसमाह"",""ar"":""الحسامة""}",2021-09-27T03:45:12,2025-12-02T17:11:50,1,Q4703995
148753,Al Hijfar,2858,09,194,SA,city,,,16.54440000,42.84720000,الهجفار,0,Asia/Riyadh,"{""br"":""Al Hijfar"",""ko"":""알 히즈파르"",""pt-BR"":""Al Hijfar"",""pt"":""Al Hijfar"",""nl"":""Al Hijfar"",""hr"":""Al-Hijfar"",""fa"":""الحجفر"",""de"":""Al Hijfar"",""es"":""Al Hijfar"",""fr"":""Al Hijfar"",""ja"":""アル・ヒジュファール"",""it"":""Al Hijfar"",""zh-CN"":""艾尔·希吉法尔"",""tr"":""Al Hijfar"",""ru"":""Аль-Хиджфар"",""uk"":""Аль-Хіджфар"",""pl"":""Al Hidżfar"",""hi"":""अल हिजफर"",""ar"":""الهجفار""}",2021-09-27T03:45:12,2025-12-02T16:59:27,1,Q4704031
148754,Al Jadi,2858,09,194,SA,city,,,16.64500000,42.99470000,الجادي,5867,Asia/Riyadh,"{""br"":""Al Jadi"",""ko"":""알 자디"",""pt-BR"":""Al Jadi"",""pt"":""Al Jadi"",""nl"":""Al Jadi"",""hr"":""Al Džadi"",""fa"":""الجدی"",""de"":""Al Jadi"",""es"":""Al Jadi"",""fr"":""Al Jadi"",""ja"":""アル・ジャディ"",""it"":""Al Jadi"",""zh-CN"":""阿尔贾迪"",""tr"":""El Cedî"",""ru"":""Аль Джади"",""uk"":""Аль-Джаді"",""pl"":""Al Jadi"",""hi"":""अल जादी"",""ar"":""الجادي""}",2021-09-27T03:45:12,2025-12-02T16:59:27,1,Q4704098
148755,Al Jawah,2858,09,194,SA,city,,,16.95670000,43.02970000,الجوهرة,0,Asia/Riyadh,"{""br"":""Al Jawah"",""ko"":""알 자와"",""pt-BR"":""Al Jawah"",""pt"":""Al Jawah"",""nl"":""Al Jawah"",""hr"":""Al Džavah"",""fa"":""الجاوه"",""de"":""Al Jawah"",""es"":""Al Jawah"",""fr"":""Al Jawah"",""ja"":""アル・ジャワ"",""it"":""Al Jawah"",""zh-CN"":""贾瓦"",""tr"":""El Cevah"",""ru"":""Аль-Джавах"",""uk"":""Аль-Джавах"",""pl"":""Al Jawah"",""hi"":""अल जवाह"",""ar"":""الجوهرة""}",2021-09-27T03:45:12,2025-12-02T16:59:27,1,Q4704124
148756,Al Jirbah,2858,09,194,SA,city,,,16.92640000,42.88610000,الجربة,0,Asia/Riyadh,"{""br"":""Al Jirbah"",""ko"":""알 지르바"",""pt-BR"":""Al Jirbah"",""pt"":""Al Jirbah"",""nl"":""Al Jirbah"",""hr"":""Al Džirbah"",""fa"":""الجربا"",""de"":""Al Jirbah"",""es"":""Al Jirbah"",""fr"":""Al Jirbah"",""ja"":""アル・ジルバ"",""it"":""Al Jirbah"",""zh-CN"":""吉尔巴"",""tr"":""Al Jirbah"",""ru"":""Аль-Джирба"",""uk"":""Аль-Джирба"",""pl"":""Al-Dżirba"",""hi"":""अल जिरबा"",""ar"":""الجربة""}",2021-09-27T03:45:12,2025-12-02T17:11:50,1,Q4704149
148757,Al Karbus,2858,09,194,SA,city,,,16.87330000,42.63170000,الكربوس,0,Asia/Riyadh,"{""br"":""Al Karbus"",""ko"":""알 카르부스"",""pt-BR"":""Al Karbus"",""pt"":""Al Karbus"",""nl"":""Al Karbus"",""hr"":""Al Karbus"",""fa"":""آل کربوس"",""de"":""Al Karbus"",""es"":""Al Karbus"",""fr"":""Al Karbus"",""ja"":""アル・カーバス"",""it"":""Al Karbus"",""zh-CN"":""阿尔·卡布斯"",""tr"":""El Karbus"",""ru"":""Аль Карбус"",""uk"":""Аль Карбус"",""pl"":""Al Karbus"",""hi"":""अल करबस"",""ar"":""الكربوس""}",2021-09-27T03:45:12,2025-12-02T17:11:50,1,Q4704179
148758,Al Kawahilah,2858,09,194,SA,city,,,16.96140000,42.67250000,الكواهلة,0,Asia/Riyadh,"{""br"":""Al Kawahilah"",""ko"":""알 카와힐라"",""pt-BR"":""Al Kawahilah"",""pt"":""Al Kawahilah"",""nl"":""Al Kawahilah"",""hr"":""Al Kawahilah"",""fa"":""الکواحیله"",""de"":""Al Kawahilah"",""es"":""Al Kawahilah"",""fr"":""Al Kawahilah"",""ja"":""アル・カワヒラ"",""it"":""Al Kawahilah"",""zh-CN"":""阿尔卡瓦希拉"",""tr"":""Al Kavahilah"",""ru"":""Аль-Кавахила"",""uk"":""Аль-Кавахіла"",""pl"":""Al Kawahilah"",""hi"":""अल कवाहिलाह"",""ar"":""الكواهلة""}",2021-09-27T03:45:12,2025-12-02T16:59:27,1,Q4704184
148759,Al Khadra' Jizan,2858,09,194,SA,city,,,16.58583333,42.96333333,الخضراء جيزان,,Asia/Riyadh,"{""br"":""Al Khadra' Jizan"",""ko"":""알 카드라 지잔"",""pt-BR"":""Al Khadra' Jizan"",""pt"":""Al Khadra' Jizan"",""nl"":""Al Khadra' Jizan"",""hr"":""Al-Khadra' Jizan"",""fa"":""الخضراء، جیزان"",""de"":""Al Khadra' Jizan"",""es"":""Al Khadra' Jizan"",""fr"":""Al Khadra' Jizan"",""ja"":""アル・カドラ・ジザン"",""it"":""Al Khadra' Jizan"",""zh-CN"":""艾尔卡德拉·吉赞"",""tr"":""Al Khadra' Jizan"",""ru"":""Аль-Хадра Джизан"",""uk"":""Аль-Хадра-Джизан"",""pl"":""Al Khadra' Jizan"",""hi"":""अल खद्रा जिज़ान"",""ar"":""الخضراء جيزان""}",2021-09-27T03:45:12,2025-12-02T17:11:50,1,Q4704199
148760,Al Kharabah Jizan,2858,09,194,SA,city,,,16.75580000,42.95470000,الخربة جيزان,,Asia/Riyadh,"{""br"":""Al Kharabah Jizan"",""ko"":""알 카라바 지잔"",""pt-BR"":""Al Kharabah Jizan"",""pt"":""Al Kharabah Jizan"",""nl"":""Al Kharabah Jizan"",""hr"":""Al-Kharabah Džizan"",""fa"":""الخرابه جیزان"",""de"":""Al Kharabah Jizan"",""es"":""Al Kharabah Jizan"",""fr"":""Al Kharabah Jizan"",""ja"":""アル・ハラバ・ジザン"",""it"":""Al Kharabah Jizan"",""zh-CN"":""吉赞卡拉巴"",""tr"":""Al Kharabah Jizan"",""ru"":""Аль-Хараба Джизан"",""uk"":""Аль-Харабах Джизан"",""pl"":""Al Kharabah Jizan"",""hi"":""अल ख़राबा जिज़ान"",""ar"":""الخربة جيزان""}",2021-09-27T03:45:12,2025-12-02T17:11:50,1,Q4704215
148761,Al Kharadilah,2858,09,194,SA,city,,,16.92720000,42.62640000,الخرادلة,0,Asia/Riyadh,"{""br"":""Al Kharadilah"",""ko"":""알 카라딜라"",""pt-BR"":""Al Kharadilah"",""pt"":""Al Kharadilah"",""nl"":""Al Kharadilah"",""hr"":""Al-Kharilah"",""fa"":""الخرادیلة"",""de"":""Al Kharadilah"",""es"":""Al Kharadilah"",""fr"":""Al Kharadilah"",""ja"":""アル・カラディラ"",""it"":""Al Kharadilah"",""zh-CN"":""阿尔·卡拉迪拉"",""tr"":""El Kharadilah"",""ru"":""Аль-Харадила"",""uk"":""Аль-Харадила"",""pl"":""Al Kharadilah"",""hi"":""अल खरादिला"",""ar"":""الخرادلة""}",2021-09-27T03:45:12,2025-12-02T16:59:27,1,Q4704218
148762,Al Khashabiyah,2858,09,194,SA,city,,,16.94030000,42.64310000,الخشابية,0,Asia/Riyadh,"{""br"":""Al Khashabiyah"",""ko"":""알 카샤비야"",""pt-BR"":""Al Khashabiyah"",""pt"":""Al Khashabiyah"",""nl"":""Al Khashabiyah"",""hr"":""Al-Khashabiyah"",""fa"":""الخشابیه"",""de"":""Al-Chashabiya"",""es"":""Al Khashabiyah"",""fr"":""Al Khashabiyah"",""ja"":""アル・ハシャビヤ"",""it"":""Al Khashabiyah"",""zh-CN"":""阿尔·卡沙比亚"",""tr"":""El Haşabiye"",""ru"":""Аль-Хашабия"",""uk"":""Аль-Хашабія"",""pl"":""Al-Chaszabija"",""hi"":""अल खशाबियाह"",""ar"":""الخشابية""}",2021-09-27T03:45:12,2025-12-02T17:11:50,1,Q4704221
148763,Al Khubah,2858,09,194,SA,city,,,16.78860000,43.22190000,الخوبة,7091,Asia/Riyadh,"{""br"":""Al Khubah"",""ko"":""알 쿠바"",""pt-BR"":""Al Khubah"",""pt"":""Al Khubah"",""nl"":""Al Khubah"",""hr"":""Al-Khubah"",""fa"":""الخوبه"",""de"":""Al Khubah"",""es"":""Al Khubah"",""fr"":""Al Khubah"",""ja"":""アル・クバ"",""it"":""Al Khubah"",""zh-CN"":""艾尔库巴"",""tr"":""El Hube"",""ru"":""Аль-Хуба"",""uk"":""Аль-Хубах"",""pl"":""Al-Chubah"",""hi"":""अल खुबा"",""ar"":""الخوبة""}",2021-09-27T03:45:12,2025-12-02T16:59:27,1,Q4704234
148764,Al Kirs,2858,09,194,SA,city,,,16.57720000,42.94750000,الكرس,26945,Asia/Riyadh,"{""br"":""Al Kirs"",""ko"":""알 키르스"",""pt-BR"":""Al Kirs"",""pt"":""Al Kirs"",""nl"":""Al Kirs"",""hr"":""Al Kirs"",""fa"":""آل کیر"",""de"":""Al Kirs"",""es"":""Al Kirs"",""fr"":""Al Kirs"",""ja"":""アル・キルス"",""it"":""Al Kirs"",""zh-CN"":""阿尔基尔斯"",""tr"":""Al Kirs"",""ru"":""Аль Кирс"",""uk"":""Аль Кірс"",""pl"":""Al Kirs"",""hi"":""अल किर्स"",""ar"":""الكرس""}",2021-09-27T03:45:12,2025-12-02T14:39:31,1,Q4704248
148765,Al Luqiyah,2858,09,194,SA,city,,,16.66060000,43.04000000,اللقية,5096,Asia/Riyadh,"{""br"":""Al Luqiyah"",""ko"":""알 루키야"",""pt-BR"":""Al Luqiyah"",""pt"":""Al Luqiyah"",""nl"":""Al Luqiyah"",""hr"":""Al-Luqiyah"",""fa"":""ال لوکیه"",""de"":""Al Luqiyah"",""es"":""Al Luqiyah"",""fr"":""Al Luqiyah"",""ja"":""アル・ルキヤ"",""it"":""Al Luqiyah"",""zh-CN"":""卢基亚"",""tr"":""El Lukiye"",""ru"":""Аль-Лукийя"",""uk"":""Аль-Лукія"",""pl"":""Al Luqiyah"",""hi"":""अल लुकियाह"",""ar"":""اللقية""}",2021-09-27T03:45:12,2025-12-02T16:59:27,1,Q4704316
148766,Al Ma`ayin,2858,09,194,SA,city,,,16.61080000,43.14720000,المعاين,0,Asia/Riyadh,"{""br"":""Al Ma`ayin"",""ko"":""알 마인"",""pt-BR"":""Al Ma'ayin"",""pt"":""Al Ma'ayin"",""nl"":""Al Ma`ayin"",""hr"":""Al Ma'ayin"",""fa"":""المعین"",""de"":""Al Ma`ayin"",""es"":""Al Ma`ayin"",""fr"":""Al Ma`ayin"",""ja"":""アル・マアイン"",""it"":""Al Ma`ayin"",""zh-CN"":""艾尔·马艾因"",""tr"":""El Ma'ayin"",""ru"":""Аль-Маайн"",""uk"":""Аль-Мааїн"",""pl"":""Al Ma`ayin"",""hi"":""अल मायिन"",""ar"":""المعاين""}",2021-09-27T03:45:12,2025-12-02T16:59:27,1,Q4704322
148767,Al Madaya,2858,09,194,SA,city,,,16.76970000,42.73110000,المضايا,5529,Asia/Riyadh,"{""br"":""Al Madaya"",""ko"":""알 마다야"",""pt-BR"":""Al Madaya"",""pt"":""Al Madaya"",""nl"":""Al Madaya"",""hr"":""Al Madaya"",""fa"":""المضایا"",""de"":""Al Madaya"",""es"":""Al Madaya"",""fr"":""Al Madaya"",""ja"":""アル・マダヤ"",""it"":""Al Madaya"",""zh-CN"":""阿尔马达亚"",""tr"":""El Madaya"",""ru"":""Аль-Мадайя"",""uk"":""Аль-Мадая"",""pl"":""Al Madaya"",""hi"":""अल मदाया"",""ar"":""المضايا""}",2021-09-27T03:45:12,2025-12-02T14:39:31,1,Q4704336
148768,Al Mali,2858,09,194,SA,city,,,16.79530000,42.95360000,المالي,0,Asia/Riyadh,"{""br"":""Al Mali"",""ko"":""알 말리"",""pt-BR"":""Al Mali"",""pt"":""Al Mali"",""nl"":""Al Mali"",""hr"":""Mali"",""fa"":""المالی"",""de"":""Al Mali"",""es"":""Al Mali"",""fr"":""Al Mali"",""ja"":""アル・マリ"",""it"":""Al Mali"",""zh-CN"":""阿尔马里"",""tr"":""El Mali"",""ru"":""Аль Мали"",""uk"":""Аль-Малі"",""pl"":""Al Mali"",""hi"":""अल माली"",""ar"":""المالي""}",2021-09-27T03:45:12,2025-12-02T17:11:50,1,Q4704365
148769,Al Mayasam,2858,09,194,SA,city,,,16.94780000,42.72110000,المياسم,0,Asia/Riyadh,"{""br"":""Al Mayasam"",""ko"":""알 마야삼"",""pt-BR"":""Al Mayasam"",""pt"":""Al Mayasam"",""nl"":""Al Mayasam"",""hr"":""Al Mayasam"",""fa"":""المیاسم"",""de"":""Al Mayasam"",""es"":""Al Mayasam"",""fr"":""Al Mayasam"",""ja"":""アル・マヤサム"",""it"":""Al Mayasam"",""zh-CN"":""玛雅萨姆"",""tr"":""El Mayasam"",""ru"":""Аль-Майасам"",""uk"":""Аль-Маясам"",""pl"":""Al Mayasam"",""hi"":""अल मायासम"",""ar"":""المياسم""}",2021-09-27T03:45:12,2025-12-02T16:59:27,1,Q4704411
148770,Al Qa'im,2858,09,194,SA,city,,,16.71944444,42.97666667,القائم,0,Asia/Riyadh,"{""br"":""Al Qa'im"",""ko"":""알 카임"",""pt-BR"":""Al Qa'im"",""pt"":""Al Qa'im"",""nl"":""Al Qa'im"",""hr"":""Al-Qa'im"",""fa"":""القائم"",""de"":""Al Qa'im"",""es"":""Al Qa'im"",""fr"":""Al Qa'im"",""ja"":""アルカイム"",""it"":""Al Qa'im"",""zh-CN"":""加伊姆"",""tr"":""El Kaim"",""ru"":""Аль-Каим"",""uk"":""Аль-Каїм"",""pl"":""Al-Kaim"",""hi"":""अल क़ैम"",""ar"":""القائم""}",2021-09-27T03:45:12,2025-12-02T16:59:27,1,Q4704618
148771,Al Quful,2858,09,194,SA,city,,,16.67330000,43.07890000,القفول,0,Asia/Riyadh,"{""br"":""Al Quful"",""ko"":""알 쿠풀"",""pt-BR"":""Al Quful"",""pt"":""Al Quful"",""nl"":""Al Quful"",""hr"":""Al Kuful"",""fa"":""القفول"",""de"":""Al Quful"",""es"":""Al Quful"",""fr"":""Al Quful"",""ja"":""アル・クフル"",""it"":""Al Quful"",""zh-CN"":""库富尔"",""tr"":""El Kuful"",""ru"":""Аль-Куфул"",""uk"":""Аль-Куфул"",""pl"":""Al Quful"",""hi"":""अल कुफुल"",""ar"":""القفول""}",2021-09-27T03:45:12,2025-12-02T16:59:27,1,Q4704656
148772,Al Qurayb,2858,09,194,SA,city,,,16.97500000,42.72530000,القريب,0,Asia/Riyadh,"{""br"":""Al Qurayb"",""ko"":""알 쿠라이브"",""pt-BR"":""Al Qurayb"",""pt"":""Al Qurayb"",""nl"":""Al Qurayb"",""hr"":""Al-Kurajb"",""fa"":""القریب"",""de"":""Al Qurayb"",""es"":""Al Qurayb"",""fr"":""Al Qurayb"",""ja"":""アル・クライブ"",""it"":""Al Qurayb"",""zh-CN"":""古莱布"",""tr"":""Al Qurayb"",""ru"":""Аль-Курайб"",""uk"":""Аль-Курайб"",""pl"":""Al-Kurajb"",""hi"":""अल क़ुरैब"",""ar"":""القريب""}",2021-09-27T03:45:12,2025-12-02T17:11:50,1,Q4704659
148773,Al Quwah,2858,09,194,SA,city,,,16.79940000,43.22500000,القوة,0,Asia/Riyadh,"{""br"":""Al Quwah"",""ko"":""알 쿠와"",""pt-BR"":""Al Quwah"",""pt"":""Al Quwah"",""nl"":""Al Quwah"",""hr"":""Al Quwah"",""fa"":""القوه"",""de"":""Al Quwah"",""es"":""Al Quwah"",""fr"":""Al Quwah"",""ja"":""アル・クワ"",""it"":""Al Quwah"",""zh-CN"":""库瓦"",""tr"":""El Kuveh"",""ru"":""Аль-Кува"",""uk"":""Аль-Кува"",""pl"":""Al Quwah"",""hi"":""अल कुवाह"",""ar"":""القوة""}",2021-09-27T03:45:12,2025-12-02T16:59:27,1,Q4704665
148774,Al Wasili,2858,09,194,SA,city,,,16.94690000,42.69030000,الواصلي,0,Asia/Riyadh,"{""br"":""Al Wasili"",""ko"":""알 와실리"",""pt-BR"":""Al Wasili"",""pt"":""Al Wasili"",""nl"":""Al Wasili"",""hr"":""Al-Wasili"",""fa"":""الواصلی"",""de"":""Al Wasili"",""es"":""Al Wasili"",""fr"":""Al Wasili"",""ja"":""アル・ワシリ"",""it"":""Al Wasili"",""zh-CN"":""阿尔瓦西里"",""tr"":""El Vasili"",""ru"":""Аль Васили"",""uk"":""Аль-Васілі"",""pl"":""Al Wasili"",""hi"":""अल वसीली"",""ar"":""الواصلي""}",2021-09-27T03:45:12,2025-12-02T16:59:27,1,Q4704944
148775,Al `Ulayin,2858,09,194,SA,city,,,17.15000000,43.17080000,العليين,0,Asia/Riyadh,"{""br"":""Al `Ulayin"",""ko"":""알 울라인"",""pt-BR"":""Al `Ulayin"",""pt"":""Al `Ulayin"",""nl"":""Al `Ulayin"",""hr"":""Al-Ulajin"",""fa"":""العلین"",""de"":""Al `Ulayin"",""es"":""Al-Ulayin"",""fr"":""Al-`Ulayin"",""ja"":""アル・ウライン"",""it"":""Al `Ulayin"",""zh-CN"":""乌拉因"",""tr"":""El Ulayin"",""ru"":""Аль-Улейн"",""uk"":""Аль-Улейн"",""pl"":""Al `Ulayin"",""hi"":""अल उलायिन"",""ar"":""العليين""}",2021-09-27T03:45:12,2025-12-02T17:11:50,1,Q4705036
148776,Al `Usaylah,2858,09,194,SA,city,,,16.92030000,42.73530000,العسيلة,0,Asia/Riyadh,"{""br"":""Al `Usaylah"",""ko"":""알 우사일라"",""pt-BR"":""Al `Usaylah"",""pt"":""Al `Usaylah"",""nl"":""Al `Usaylah"",""hr"":""Al-Usajla"",""fa"":""الوسیله"",""de"":""Al `Usaylah"",""es"":""Al `Usaylah"",""fr"":""Al `Usaylah"",""ja"":""アル・ウサイラ"",""it"":""Al `Usaylah"",""zh-CN"":""乌赛拉"",""tr"":""Al `Usaylah"",""ru"":""Аль-Усайла"",""uk"":""Аль-Усайла"",""pl"":""Al `Usaylah"",""hi"":""अल `उसायला"",""ar"":""العسيلة""}",2021-09-27T03:45:12,2025-12-02T16:59:27,1,Q4705042
148777,An Najamiyah,2858,09,194,SA,city,,,16.56470000,42.94390000,النجمية,0,Asia/Riyadh,"{""br"":""Un Najamiyah"",""ko"":""안 나자미야"",""pt-BR"":""Uma Najamiyah"",""pt"":""Uma Najamiyah"",""nl"":""Een Najamiyah"",""hr"":""An Najamiyah"",""fa"":""نجمیه"",""de"":""An Najamiyah"",""es"":""Una Najamiyah"",""fr"":""Une Najamiyah"",""ja"":""アン・ナジャミヤ"",""it"":""An Najamiyah"",""zh-CN"":""纳贾米亚"",""tr"":""An Najamiyah"",""ru"":""Ан Наджамия"",""uk"":""Ан Наджамія"",""pl"":""An Najamiyah"",""hi"":""अन नजामिया"",""ar"":""النجمية""}",2021-09-27T03:45:12,2025-12-02T17:11:50,1,Q4750152
148778,Ar Rukubah,2858,09,194,SA,city,,,16.62220000,42.96750000,الركوبة,5091,Asia/Riyadh,"{""br"":""Ar Rukubah"",""ko"":""아르 루쿠바"",""pt-BR"":""Ar Rukubah"",""pt"":""Ar Rukubah"",""nl"":""Ar Rukubah"",""hr"":""Ar Rukubah"",""fa"":""الرکوبه"",""de"":""Ar Rukubah"",""es"":""Ar Rukubah"",""fr"":""Ar Rukubah"",""ja"":""アル・ルクバ"",""it"":""Ar Rukubah"",""zh-CN"":""鲁库巴"",""tr"":""Ar Rükubah"",""ru"":""Ар Рукуба"",""uk"":""Ар-Рукуба"",""pl"":""Ar Rukubah"",""hi"":""अर रुकुबा"",""ar"":""الركوبة""}",2021-09-27T03:45:12,2025-12-02T16:59:27,1,Q4783078
148779,Ash Shuqayq,2858,09,194,SA,city,,,17.70305556,42.02944444,الشقيق,5640,Asia/Riyadh,"{""br"":""Ash Shuqayq"",""ko"":""아쉬 슈카이크"",""pt-BR"":""Ash Shuqayq"",""pt"":""Ash Shuqayq"",""nl"":""Ash Shuqayq"",""hr"":""Ash Shuqayq"",""fa"":""اش شقایق"",""de"":""Ash Shuqayq"",""es"":""Ash Shuqayq"",""fr"":""Ash Shuqayq"",""ja"":""アッシュ・シュケイク"",""it"":""Ash Shuqayq"",""zh-CN"":""阿什·舒凯克"",""tr"":""Ash Shuqayq"",""ru"":""Эш Шукайк"",""uk"":""Аш-Шукайк"",""pl"":""Ash Shuqayq"",""hi"":""ऐश शुकैक"",""ar"":""الشقيق""}",2021-09-27T03:45:12,2025-12-02T16:59:27,1,Q6728515
148780,Bakhshat Yamani,2858,09,194,SA,city,,,16.89860000,42.59890000,بخشت يماني,0,Asia/Riyadh,"{""br"":""Bakhshat Yamani"",""ko"":""바크샤트 야마니"",""pt-BR"":""Bakhshat Yamani"",""pt"":""Bakhshat Yamani"",""nl"":""Bakhshat Yamani"",""hr"":""Bakhshat Yamani"",""fa"":""بخشت یمانی"",""de"":""Bakhshat Yamani"",""es"":""Bakhshat Yamani"",""fr"":""Bakhshat Yamani"",""ja"":""バクシャット・ヤマニ"",""it"":""Bakhshat Yamani"",""zh-CN"":""巴赫沙特·亚马尼"",""tr"":""Bakhshat Yamani"",""ru"":""Бахшат Ямани"",""uk"":""Бахшат Ямані"",""pl"":""Bakhshat Yamani"",""hi"":""बख़्शत यमनी"",""ar"":""بخشت يماني""}",2021-09-27T03:45:12,2025-12-02T17:11:50,1,Q4849388
148781,Ghawiyah,2858,09,194,SA,city,,,16.56500000,43.11080000,غاوية,0,Asia/Riyadh,"{""br"":""Ghawiyah"",""ko"":""가사이아"",""pt-BR"":""Ghawiyah"",""pt"":""Ghawiyah"",""nl"":""Ghawiyah"",""hr"":""Gavija"",""fa"":""غویه"",""de"":""Ghawiyah"",""es"":""Ghawiyah"",""fr"":""Ghawiyah"",""ja"":""ガウィヤ"",""it"":""Ghawiyah"",""zh-CN"":""加维耶"",""tr"":""Gaviye"",""ru"":""Гавия"",""uk"":""Гавія"",""pl"":""Ghawiyah"",""hi"":""ग़ावियाह"",""ar"":""غاوية""}",2021-09-27T03:45:12,2025-12-02T16:59:27,1,Q5555962
148782,Hamayyah,2858,09,194,SA,city,,,16.98940000,43.16030000,حماياه,0,Asia/Riyadh,"{""br"":""Hamayyah"",""ko"":""하마야"",""pt-BR"":""Hamaiyah"",""pt"":""Hamaiyah"",""nl"":""Hamayyah"",""hr"":""Hamaja"",""fa"":""حمائیه"",""de"":""Hamayyah"",""es"":""Hamaya"",""fr"":""Hamayyah"",""ja"":""ハマイヤ"",""it"":""Hamayyah"",""zh-CN"":""哈马亚"",""tr"":""Hamayyah"",""ru"":""Хамайя"",""uk"":""Хамая"",""pl"":""Hamayyah"",""hi"":""हमय्या"",""ar"":""حماياه""}",2021-09-27T03:45:12,2025-12-02T17:11:50,1,Q5644176
148783,Hamdah,2858,09,194,SA,city,,,16.76190000,42.92220000,حمدة,0,Asia/Riyadh,"{""br"":""Hamdah"",""ko"":""함다"",""pt-BR"":""Hamdah"",""pt"":""Hamdah"",""nl"":""Hamdah"",""hr"":""Hamda"",""fa"":""حمدا"",""de"":""Hamdah"",""es"":""Hamdah"",""fr"":""Hamdah"",""ja"":""ハムダ"",""it"":""Hamdah"",""zh-CN"":""哈姆达"",""tr"":""Hamdah"",""ru"":""Хамдах"",""uk"":""Хамда"",""pl"":""Hamdah"",""hi"":""हमदा"",""ar"":""حمدة""}",2021-09-27T03:45:12,2025-12-02T17:11:50,1,Q5644364
148784,Juha Saudi Arabia,2858,09,194,SA,city,,,16.66940000,42.89220000,جحا المملكة العربية السعودية,,Asia/Riyadh,"{""br"":""Juha Arabia Saoudat"",""ko"":""주하 사우디 아라비아"",""pt-BR"":""Juha Arábia Saudita"",""pt"":""Juha Arábia Saudita"",""nl"":""Juha Saoedi-Arabië"",""hr"":""Juha Saudijska Arabija"",""fa"":""جوها عربستان سعودی"",""de"":""Juha Saudi-Arabien"",""es"":""Juha Arabia Saudita"",""fr"":""Juha Arabie Saoudite"",""ja"":""ジュハ・サウジアラビア"",""it"":""Juha Arabia Saudita"",""zh-CN"":""Juha 沙特阿拉伯"",""tr"":""Juha Suudi Arabistan"",""ru"":""Джуха Саудовская Аравия"",""uk"":""Джуха Саудівська Аравія"",""pl"":""Juha Arabia Saudyjska"",""hi"":""जुहा सऊदी अरब"",""ar"":""جحا المملكة العربية السعودية""}",2021-09-27T03:45:12,2025-12-02T17:11:50,1,Q6304998
148785,Ka`lul,2858,09,194,SA,city,,,16.89750000,42.84670000,كا`لول,0,Asia/Riyadh,"{""br"":""Ka`lul"",""ko"":""카룰"",""pt-BR"":""Kalul"",""pt"":""Kalul"",""nl"":""Ka`lul"",""hr"":""Ka'lul"",""fa"":""کَلول"",""de"":""Ka`lul"",""es"":""Ka`lul"",""fr"":""Ka`lul"",""ja"":""カルール"",""it"":""Ka`lul"",""zh-CN"":""卡鲁尔"",""tr"":""Ka`lul"",""ru"":""Ка`лул"",""uk"":""Ка'лул"",""pl"":""Ka`lul"",""hi"":""कालुल"",""ar"":""كا`لول""}",2021-09-27T03:45:12,2025-12-02T16:59:27,1,Q6343192
148786,Khabath Sa`id,2858,09,194,SA,city,,,16.99780000,42.73220000,خبث سعيد,0,Asia/Riyadh,"{""br"":""Khabath Sa`id"",""ko"":""카바트 사이드"",""pt-BR"":""Khabath Sa`id"",""pt"":""Khabath Sa`id"",""nl"":""Khabath Sa`id"",""hr"":""Khabath Sa'id"",""fa"":""خبث سعید"",""de"":""Khabath Sa`id"",""es"":""Khabath Sa`id"",""fr"":""Khabath Sa`id"",""ja"":""ハバト・サイード"",""it"":""Khabath Sa`id"",""zh-CN"":""卡巴特·赛义德"",""tr"":""Khabath Said"",""ru"":""Хабат Саид"",""uk"":""Хабат Саїд"",""pl"":""Khabath Sa`id"",""hi"":""ख़बाथ सईद"",""ar"":""خبث سعيد""}",2021-09-27T03:45:12,2025-12-02T16:59:27,1,Q6398784
148787,Khalfah,2858,09,194,SA,city,,,16.55470000,43.08940000,خليفة,0,Asia/Riyadh,"{""br"":""Khalfah"",""ko"":""칼파"",""pt-BR"":""Califa"",""pt"":""Califa"",""nl"":""Khalfah"",""hr"":""Halfah"",""fa"":""خلفه"",""de"":""Khalfah"",""es"":""Khalfah"",""fr"":""Khalfah"",""ja"":""カルファ"",""it"":""Khalfah"",""zh-CN"":""哈尔法"",""tr"":""Halef"",""ru"":""Халфа"",""uk"":""Хальфа"",""pl"":""Chalfah"",""hi"":""खल्फा"",""ar"":""خليفة""}",2021-09-27T03:45:12,2025-12-02T16:59:27,1,Q6399426
148788,Khatib Saudi Arabia,2858,09,194,SA,city,,,16.89610000,41.85750000,الخطيب المملكة العربية السعودية,,Asia/Riyadh,"{""br"":""Khatib Arabia Saoudat"",""ko"":""카티브 사우디아라비아"",""pt-BR"":""Khatib Arábia Saudita"",""pt"":""Khatib Arábia Saudita"",""nl"":""Khatib Saoedi-Arabië"",""hr"":""Khatib Saudijska Arabija"",""fa"":""خطیب عربستان سعودی"",""de"":""Khatib Saudi-Arabien"",""es"":""Khatib Arabia Saudita"",""fr"":""Khatib Arabie Saoudite"",""ja"":""ハティブ サウジアラビア"",""it"":""Khatib Arabia Saudita"",""zh-CN"":""卡提卜 沙特阿拉伯"",""tr"":""Hatib Suudi Arabistan"",""ru"":""Хатиб Саудовская Аравия"",""uk"":""Хатіб Саудівська Аравія"",""pl"":""Khatib Arabia Saudyjska"",""hi"":""ख़तीब सऊदी अरब"",""ar"":""الخطيب المملكة العربية السعودية""}",2021-09-27T03:45:12,2025-12-02T16:59:27,1,Q6400912
148789,Khumsiyah,2858,09,194,SA,city,,,16.77140000,42.80190000,الخمسية,0,Asia/Riyadh,"{""br"":""Khumsiyah"",""ko"":""쿰시야"",""pt-BR"":""Khumsiyah"",""pt"":""Khumsiyah"",""nl"":""Khumsiyah"",""hr"":""Khumsiyah"",""fa"":""خمسیه"",""de"":""Khumsiyah"",""es"":""Jumsiyah"",""fr"":""Khumsiyah"",""ja"":""フムシヤ"",""it"":""Khumsiyah"",""zh-CN"":""库姆西亚"",""tr"":""Humsiyah"",""ru"":""Хумсия"",""uk"":""Хумсія"",""pl"":""Chumsija"",""hi"":""ख़ुमसिया"",""ar"":""الخمسية""}",2021-09-27T03:45:12,2025-12-02T17:11:50,1,Q6402967
148790,Khushaym,2858,09,194,SA,city,,,16.88000000,43.13720000,خشيم,0,Asia/Riyadh,"{""br"":""Khushaym"",""ko"":""쿠샤임"",""pt-BR"":""Khushaym"",""pt"":""Khushaym"",""nl"":""Khushaym"",""hr"":""Hušejm"",""fa"":""خوشیم"",""de"":""Khushajm"",""es"":""Khushaym"",""fr"":""Khushaym"",""ja"":""クシャイム"",""it"":""Khushaym"",""zh-CN"":""胡沙伊姆"",""tr"":""Hüseym"",""ru"":""Хушаим"",""uk"":""Хушайм"",""pl"":""Chuszajm"",""hi"":""खुशायम"",""ar"":""خشيم""}",2021-09-27T03:45:12,2025-12-02T16:59:27,1,Q6403178
148791,Mahatah,2858,09,194,SA,city,,,16.83330000,43.16670000,ماهاتاه,0,Asia/Riyadh,"{""br"":""Mahatah"",""ko"":""마하타"",""pt-BR"":""Mahatah"",""pt"":""Mahatah"",""nl"":""Mahatah"",""hr"":""Mahatah"",""fa"":""ماهاتا"",""de"":""Mahatah"",""es"":""Mahatah"",""fr"":""Mahatah"",""ja"":""マハタ"",""it"":""Mahatah"",""zh-CN"":""马哈塔"",""tr"":""Mahatah"",""ru"":""Махатах"",""uk"":""Махата"",""pl"":""Mahatah"",""hi"":""महाताह"",""ar"":""ماهاتاه""}",2021-09-27T03:45:12,2025-12-02T17:11:50,1,Q6733466
148792,Malgocta,2858,09,194,SA,city,,,16.99777778,42.67388889,مالغوكتا,0,Asia/Riyadh,"{""br"":""Malgocta"",""ko"":""말곡타"",""pt-BR"":""Malgocta"",""pt"":""Malgocta"",""nl"":""Malgocta"",""hr"":""Malgocta"",""fa"":""مالگوکتا"",""de"":""Malgocta"",""es"":""Malgocta"",""fr"":""Malgocta"",""ja"":""マルゴクタ"",""it"":""Malgocta"",""zh-CN"":""马尔戈克塔"",""tr"":""Malgocta"",""ru"":""Мальгокта"",""uk"":""Малгокта"",""pl"":""Malgocta"",""hi"":""मालगोक्टा"",""ar"":""مالغوكتا""}",2021-09-27T03:45:12,2025-12-02T16:59:27,1,Q15244192
148793,Mukambal,2858,09,194,SA,city,,,16.59360000,43.03280000,موكامبال,0,Asia/Riyadh,"{""br"":""Mukambal"",""ko"":""무캄발"",""pt-BR"":""Mukambal"",""pt"":""Mukambal"",""nl"":""Mukambal"",""hr"":""Mukambal"",""fa"":""موکامبال"",""de"":""Mukambal"",""es"":""Mukambal"",""fr"":""Mukambal"",""ja"":""ムカンバル"",""it"":""Mukambal"",""zh-CN"":""穆坎巴尔"",""tr"":""Mukambal"",""ru"":""Мукамбал"",""uk"":""Мукамбал"",""pl"":""Mukambal"",""hi"":""मुकम्बल"",""ar"":""موكامبال""}",2021-09-27T03:45:12,2025-12-02T16:59:27,1,Q6933393
148794,Mundaraq,2858,09,194,SA,city,,,16.75420000,43.14890000,منداراق,0,Asia/Riyadh,"{""br"":""Mundaraq"",""ko"":""문다락어"",""pt-BR"":""Mundaraq"",""pt"":""Mundaraq"",""nl"":""Mundaraq"",""hr"":""Mundaraq"",""fa"":""ماندارق"",""de"":""Mundaraq"",""es"":""Mundaraq"",""fr"":""Mundaraq"",""ja"":""ムンダラク"",""it"":""Mundaraq"",""zh-CN"":""蒙达拉克"",""tr"":""Mundarak"",""ru"":""Мундарак"",""uk"":""Мундарак"",""pl"":""Mundaraq"",""hi"":""मुंदराक"",""ar"":""منداراق""}",2021-09-27T03:45:12,2025-12-02T16:59:27,1,Q6935735
148795,Muwassam,2858,09,194,SA,city,,,16.41670000,42.82580000,موسم,0,Asia/Riyadh,"{""br"":""Muwassam"",""ko"":""무와삼"",""pt-BR"":""Muwassam"",""pt"":""Muwassam"",""nl"":""Muwassam"",""hr"":""Muwassam"",""fa"":""موسام"",""de"":""Muwassam"",""es"":""Muwassam"",""fr"":""Muwassam"",""ja"":""ムワッサム"",""it"":""Muwassam"",""zh-CN"":""穆瓦萨姆"",""tr"":""Muvassam"",""ru"":""Мувассам"",""uk"":""Мувассам"",""pl"":""Muwassam"",""hi"":""मुवस्सम"",""ar"":""موسم""}",2021-09-27T03:45:12,2025-12-02T16:59:27,1,Q6944289
148796,Qitabir,2858,09,194,SA,city,,,17.33330000,43.25000000,قطابر,0,Asia/Riyadh,"{""br"":""Qitabir"",""ko"":""키타비르"",""pt-BR"":""Qitabir"",""pt"":""Qitabir"",""nl"":""Qitabir"",""hr"":""Qitabir"",""fa"":""قیطابیر"",""de"":""Qitabir"",""es"":""Qitabir"",""fr"":""Qitabir"",""ja"":""キタビル"",""it"":""Qitabir"",""zh-CN"":""齐塔比尔"",""tr"":""Qitabir"",""ru"":""Китабир"",""uk"":""Кітабір"",""pl"":""Qitabir"",""hi"":""क़िताबिर"",""ar"":""قطابر""}",2021-09-27T03:45:12,2025-12-02T16:59:27,1,Q7267934
148797,Quwayda',2858,09,194,SA,city,,,16.73333333,42.89027778,قويضة,0,Asia/Riyadh,"{""br"":""Quwayda'"",""ko"":""쿠와이다"",""pt-BR"":""Quwayda'"",""pt"":""Quwayda'"",""nl"":""Quwayda'"",""hr"":""Kuvejda"",""fa"":""قویداء"",""de"":""Quwayda'"",""es"":""Quwayda'"",""fr"":""Quwayda'"",""ja"":""クワイダ"",""it"":""Quwayda'"",""zh-CN"":""库韦达"",""tr"":""Kuveyda"",""ru"":""Кувейда"",""uk"":""Кувейда"",""pl"":""Quwayda'"",""hi"":""क्ववेदा'"",""ar"":""قويضة""}",2021-09-27T03:45:12,2025-12-02T16:59:27,1,Q7273029
148798,Rahwan,2858,09,194,SA,city,,,16.83330000,43.21670000,رهوان,0,Asia/Riyadh,"{""br"":""Rahwan"",""ko"":""라완"",""pt-BR"":""Rahwan"",""pt"":""Rahwan"",""nl"":""Rahwan"",""hr"":""Rahwan"",""fa"":""رهوان"",""de"":""Rahwan"",""es"":""Rahwan"",""fr"":""Rahwan"",""ja"":""ラワン"",""it"":""Rahwan"",""zh-CN"":""拉赫万"",""tr"":""Rahwan"",""ru"":""Рахван"",""uk"":""Рахван"",""pl"":""Rahwan"",""hi"":""रहवान"",""ar"":""رهوان""}",2021-09-27T03:45:12,2025-12-02T16:59:27,1,Q7283635
148799,Rawkhah,2858,09,194,SA,city,,,16.94780000,42.79330000,رواحة,,Asia/Riyadh,"{""br"":""Rawkhah"",""ko"":""라브카"",""pt-BR"":""Rawkhah"",""pt"":""Rawkhah"",""nl"":""Rawkhah"",""hr"":""Rawkhah"",""fa"":""روخواه"",""de"":""Rawkhah"",""es"":""Rawkhah"",""fr"":""Rawkhah"",""ja"":""ラウカー"",""it"":""Rawkhah"",""zh-CN"":""拉夫卡"",""tr"":""Rawkhah"",""ru"":""Равха"",""uk"":""Равха"",""pl"":""Rawkhah"",""hi"":""रौखा"",""ar"":""رواحة""}",2021-09-27T03:45:12,2025-12-02T16:59:27,1,Q7297005
148800,Sadiliyah,2858,09,194,SA,city,,,16.92640000,42.83000000,سعدلية,49171,Asia/Riyadh,"{""br"":""Sadiliyah"",""ko"":""사딜리야"",""pt-BR"":""Sadiliyah"",""pt"":""Sadiliyah"",""nl"":""Sadiliyah"",""hr"":""Sadiliyah"",""fa"":""سعدییه"",""de"":""Sadiliyah"",""es"":""Sadiliyah"",""fr"":""Sadiliyah"",""ja"":""サディリヤ"",""it"":""Sadiliyah"",""zh-CN"":""萨迪利耶"",""tr"":""Sadiliyah"",""ru"":""Садилия"",""uk"":""Садилія"",""pl"":""Sadiliyah"",""hi"":""सादिलियाह"",""ar"":""سعدلية""}",2021-09-27T03:45:12,2025-12-02T14:39:31,1,Q7397951
148801,Salamah,2858,09,194,SA,city,,,16.97530000,42.75640000,سلامة,,Asia/Riyadh,"{""br"":""Salamah"",""ko"":""살라마"",""pt-BR"":""Salamah"",""pt"":""Salamah"",""nl"":""Salamah"",""hr"":""Salama"",""fa"":""سلامه"",""de"":""Salamah"",""es"":""Salamah"",""fr"":""Salamah"",""ja"":""サラマ"",""it"":""Salamah"",""zh-CN"":""萨拉玛"",""tr"":""Salamah"",""ru"":""Салама"",""uk"":""Салама"",""pl"":""Salamah"",""hi"":""सलामाह"",""ar"":""سلامة""}",2021-09-27T03:45:12,2025-12-02T16:59:27,1,Q7403534
148803,Abyar 'Ali,2851,03,194,SA,city,,,24.41666667,39.55000000,أبيار علي,0,Asia/Riyadh,"{""br"":""Abyar 'Ali"",""ko"":""아비야르 알리"",""pt-BR"":""Abyar 'Ali"",""pt"":""Abyar 'Ali"",""nl"":""Abyar 'Ali"",""hr"":""Abyar 'Ali"",""fa"":""ابیار علی"",""de"":""Abyar 'Ali"",""es"":""Abyar 'Ali"",""fr"":""Abyar 'Ali"",""ja"":""アビヤル・アリ"",""it"":""Abyar 'Ali"",""zh-CN"":""阿比亚尔·阿里"",""tr"":""Abyar Ali"",""ru"":""Абьяр Али"",""uk"":""Аб'яр Алі"",""pl"":""Abyar Ali"",""hi"":""अबयार अली"",""ar"":""أبيار علي""}",2021-09-27T03:47:59,2025-12-02T16:59:27,1,Q4670723
148804,Abū Shayţānah,2851,03,194,SA,city,,,23.86670000,38.36670000,أبو شيطانة,0,Asia/Riyadh,"{""br"":""Abū Shayţānah"",""ko"":""아부 샤이타나"",""pt-BR"":""Abū Shayţānah"",""pt"":""Abū Shayţānah"",""nl"":""Abū Shayţānah"",""hr"":""Ebu Šejtana"",""fa"":""ابوشیطانه"",""de"":""Abū Shayţānah"",""es"":""Abu Shaytana"",""fr"":""Abū Shayţānah"",""ja"":""アブー・シャイツァーナ"",""it"":""Abū Shayţānah"",""zh-CN"":""阿布·沙亚纳"",""tr"":""Ebu Şeynah"",""ru"":""Абу Шайтана"",""uk"":""Абу Шайтана"",""pl"":""Abū Shayţānah"",""hi"":""अबू शायताना"",""ar"":""أبو شيطانة""}",2021-09-27T03:47:59,2025-12-02T16:59:27,1,Q4670812
148805,Ad Dulu`,2851,03,194,SA,city,,,24.76670000,39.53330000,أد دولو,0,Asia/Riyadh,"{""br"":""Ad Dulu`"",""ko"":""아드 둘루`"",""pt-BR"":""Ad Dulu`"",""pt"":""Ad Dulu`"",""nl"":""Ad Dulu`"",""hr"":""Ad Dulu`"",""fa"":""آد دولو"",""de"":""Ad Dulu`"",""es"":""Ad Dulu`"",""fr"":""Ad Dulu`"",""ja"":""アド・ドゥル"",""it"":""Ad Dulu`"",""zh-CN"":""阿德杜鲁`"",""tr"":""Ad Dulu`"",""ru"":""Ад Дулу`"",""uk"":""Ад Дулу"",""pl"":""Ad Dulu`"",""hi"":""एड डुलु`"",""ar"":""أد دولو""}",2021-09-27T03:47:59,2025-12-02T16:59:27,1,Q4678141
148806,Al Akhal,2851,03,194,SA,city,,,23.31560000,39.85940000,الأكحل,0,Asia/Riyadh,"{""br"":""Al Akhal"",""ko"":""알 아칼"",""pt-BR"":""Al Akhal"",""pt"":""Al Akhal"",""nl"":""Al Akhal"",""hr"":""Al-Akhal"",""fa"":""الآخال"",""de"":""Al-Akhal"",""es"":""Al Akhal"",""fr"":""Al Akhal"",""ja"":""アル・アハル"",""it"":""Al Akhal"",""zh-CN"":""阿尔阿哈尔"",""tr"":""El Akhal"",""ru"":""Аль Ахал"",""uk"":""Аль-Ахал"",""pl"":""Al Akhal"",""hi"":""अल अखल"",""ar"":""الأكحل""}",2021-09-27T03:47:59,2025-12-02T16:59:27,1,Q4703457
148807,Al Bardiyah,2851,03,194,SA,adm1,,,24.04390000,39.60610000,البردية,0,Asia/Riyadh,"{""br"":""Al Bardiyah"",""ko"":""알 바디야"",""pt-BR"":""Al Bardiyah"",""pt"":""Al Bardiyah"",""nl"":""Al Bardiyah"",""hr"":""Al Bardija"",""fa"":""آل بردیه"",""de"":""Al Bardiyah"",""es"":""Al Bardiyah"",""fr"":""Al-Bardiyah"",""ja"":""アル・バルディヤ"",""it"":""Al Bardiyah"",""zh-CN"":""巴迪亚"",""tr"":""El Bardiyah"",""ru"":""Аль-Бардия"",""uk"":""Аль-Бардія"",""pl"":""Al Bardiyah"",""hi"":""अल बर्दियाह"",""ar"":""البردية""}",2021-09-27T03:47:59,2025-12-02T17:11:50,1,Q4703547
148808,Al Biqa',2851,03,194,SA,city,,,24.38861111,38.59888889,البقاع,0,Asia/Riyadh,"{""br"":""Al Biqa'"",""ko"":""알 비카"",""pt-BR"":""Al Biqa'"",""pt"":""Al Biqa'"",""nl"":""Al-Biqa'"",""hr"":""Al Biqa'"",""fa"":""البقاع"",""de"":""Al Biqa'"",""es"":""Al Biqa'"",""fr"":""Al Biqa'"",""ja"":""アル・ビカ"",""it"":""Al Biqa'"",""zh-CN"":""比卡"",""tr"":""El Bika'"",""ru"":""Аль-Бика"",""uk"":""Аль-Біка"",""pl"":""Al Biqa'"",""hi"":""अल बिका"",""ar"":""البقاع""}",2021-09-27T03:47:59,2025-12-02T16:59:27,1,Q4703590
148809,Al Bustan,2851,03,194,SA,city,,,23.27830000,39.24280000,البستان,0,Asia/Riyadh,"{""br"":""Al Bustan"",""ko"":""알 부스탄"",""pt-BR"":""Al Bustan"",""pt"":""Al Bustan"",""nl"":""Al Bustan"",""hr"":""Al Bustan"",""fa"":""البوستان"",""de"":""Al Bustan"",""es"":""Al Bustan"",""fr"":""Al Bustan"",""ja"":""アル・ブスタン"",""it"":""Al Bustan"",""zh-CN"":""阿尔布斯坦"",""tr"":""El Bustan"",""ru"":""Аль Бустан"",""uk"":""Аль-Бустан"",""pl"":""Al Bustan"",""hi"":""अल बुस्तान"",""ar"":""البستان""}",2021-09-27T03:47:59,2025-12-02T16:59:27,1,Q4703635
148810,Al Faqirah,2851,03,194,SA,city,,,23.42170000,39.70970000,الفقيرة,0,Asia/Riyadh,"{""br"":""Al Faqirah"",""ko"":""알 파키라"",""pt-BR"":""Al Faqirah"",""pt"":""Al Faqirah"",""nl"":""Al Faqirah"",""hr"":""Al-Faqirah"",""fa"":""آل فقیره"",""de"":""Al Faqirah"",""es"":""Al Faqirah"",""fr"":""Al Faqirah"",""ja"":""アル・ファキラ"",""it"":""Al Faqirah"",""zh-CN"":""法齐拉"",""tr"":""El Fakirah"",""ru"":""Аль-Факира"",""uk"":""Аль-Факіра"",""pl"":""Al Faqirah"",""hi"":""अल फ़कीरा"",""ar"":""الفقيرة""}",2021-09-27T03:47:59,2025-12-02T16:59:27,1,Q4703805
148811,Al Furaysh,2851,03,194,SA,city,,,24.22000000,39.28140000,الفريش,0,Asia/Riyadh,"{""br"":""Al Furaysh"",""ko"":""알 푸라이쉬"",""pt-BR"":""Al Furaysh"",""pt"":""Al Furaysh"",""nl"":""Al Furaysh"",""hr"":""Al-Furaysh"",""fa"":""الفرایش"",""de"":""Al Furaysh"",""es"":""Al Furaysh"",""fr"":""Al-Furaysh"",""ja"":""アル・フライシュ"",""it"":""Al Furaysh"",""zh-CN"":""阿尔·富莱什"",""tr"":""El Furayş"",""ru"":""Аль-Фурайш"",""uk"":""Аль-Фурайш"",""pl"":""Al Furaysh"",""hi"":""अल फ़ुरैश"",""ar"":""الفريش""}",2021-09-27T03:47:59,2025-12-02T16:59:27,1,Q4703843
148813,Al Jabriyah,2851,03,194,SA,city,,,24.25000000,38.51670000,الجابرية,0,Asia/Riyadh,"{""br"":""Al Jabriyah"",""ko"":""알 자브리야"",""pt-BR"":""Al Jabriyah"",""pt"":""Al Jabriyah"",""nl"":""Al Jabriyah"",""hr"":""Al Džabrija"",""fa"":""الجبریه"",""de"":""Al Jabriyah"",""es"":""Al Jabriyah"",""fr"":""Al Jabriyah"",""ja"":""アル・ジャブリヤ"",""it"":""Al Jabriyah"",""zh-CN"":""贾布里亚"",""tr"":""El Cebriye"",""ru"":""Аль-Джабрия"",""uk"":""Аль-Джабрія"",""pl"":""Al-Dżabrija"",""hi"":""अल जबरियाह"",""ar"":""الجابرية""}",2021-09-27T03:47:59,2025-12-02T16:59:27,1,Q4704094
148814,Al Jissah,2851,03,194,SA,city,,,23.33330000,40.30000000,الجصة,0,Asia/Riyadh,"{""br"":""Al Jissah"",""ko"":""알 지사"",""pt-BR"":""Al Jissah"",""pt"":""Al Jissah"",""nl"":""Al Jissah"",""hr"":""Al Jissah"",""fa"":""الجیصه"",""de"":""Al Jissah"",""es"":""Al Jissah"",""fr"":""Al Jissah"",""ja"":""アル・ジサ"",""it"":""Al Jissah"",""zh-CN"":""吉萨"",""tr"":""Al Jissah"",""ru"":""Аль-Джисса"",""uk"":""Аль-Джісса"",""pl"":""Al Dżissa"",""hi"":""अल जिस्साह"",""ar"":""الجصة""}",2021-09-27T03:47:59,2025-12-02T16:59:27,1,Q4704151
148815,Al Kharma',2851,03,194,SA,city,,,23.90000000,38.90000000,الخرمة,0,Asia/Riyadh,"{""br"":""Al Kharma'"",""ko"":""알 카르마"",""pt-BR"":""Al Kharma'"",""pt"":""Al Kharma'"",""nl"":""Al Kharma'"",""hr"":""Al-Kharma"",""fa"":""الخرما"",""de"":""Al Kharma'"",""es"":""Al Kharma'"",""fr"":""Al-Kharma'"",""ja"":""アル・カルマ"",""it"":""Al Kharma'"",""zh-CN"":""阿尔卡玛"",""tr"":""El-Harma"",""ru"":""Аль Харма"",""uk"":""Аль-Харма"",""pl"":""Al Kharma'"",""hi"":""अल खर्मा"",""ar"":""الخرمة""}",2021-09-27T03:47:59,2025-12-02T16:59:27,1,Q4704219
148817,Al Malbanah,2851,03,194,SA,city,,,23.18330000,39.51670000,الملبنة,0,Asia/Riyadh,"{""br"":""Al Malbanah"",""ko"":""알 말바나"",""pt-BR"":""Al Malbanah"",""pt"":""Al Malbanah"",""nl"":""Al Malbanah"",""hr"":""Al Malbanah"",""fa"":""الملبانه"",""de"":""Al Malbanah"",""es"":""Al Malbanah"",""fr"":""Al Malbanah"",""ja"":""アル・マルバナ"",""it"":""Al Malbana"",""zh-CN"":""阿尔马尔巴纳"",""tr"":""El Malbanah"",""ru"":""Аль-Мальбана"",""uk"":""Аль-Мальбана"",""pl"":""Al Malbanah"",""hi"":""अल मलबानाह"",""ar"":""الملبنة""}",2021-09-27T03:47:59,2025-12-02T16:59:27,1,Q4704363
148818,Al Mufrihat,2851,03,194,SA,city,,,24.35000000,39.41670000,المفرحات,0,Asia/Riyadh,"{""br"":""Al Mufrihat"",""ko"":""알 무프리하트"",""pt-BR"":""Al Mufrihat"",""pt"":""Al Mufrihat"",""nl"":""Al Mufrihat"",""hr"":""Al-Mufrihat"",""fa"":""المفرحات"",""de"":""Al Mufrihat"",""es"":""Al Mufrihat"",""fr"":""Al Mufrihat"",""ja"":""アル・ムフリハット"",""it"":""Al Mufrihat"",""zh-CN"":""穆夫里哈特"",""tr"":""El Müfrihat"",""ru"":""Аль-Муфрихат"",""uk"":""Аль-Муфріхат"",""pl"":""Al Mufrihat"",""hi"":""अल मुफ़रीहत"",""ar"":""المفرحات""}",2021-09-27T03:47:59,2025-12-02T16:59:27,1,Q4704482
148819,Al Multasa,2851,03,194,SA,city,,,24.08330000,38.15000000,الملتقى,0,Asia/Riyadh,"{""br"":""Al Multasa"",""ko"":""알 물타사"",""pt-BR"":""Al Multasa"",""pt"":""Al Multasa"",""nl"":""Al Multasa"",""hr"":""Al-Multasa"",""fa"":""الملتسه"",""de"":""Al Multasa"",""es"":""Al Multasa"",""fr"":""Al Multasa"",""ja"":""アル・ムルタサ"",""it"":""Al Multasa"",""zh-CN"":""穆尔塔萨"",""tr"":""El Multasa"",""ru"":""Аль-Мультаса"",""uk"":""Аль-Мультаса"",""pl"":""Al Multasa"",""hi"":""अल मुल्तासा"",""ar"":""الملتقى""}",2021-09-27T03:47:59,2025-12-02T16:59:27,1,Q4704487
148820,Al Musayjid,2851,03,194,SA,city,,,24.08330000,39.10000000,المسايجد,0,Asia/Riyadh,"{""br"":""Al Musayjid"",""ko"":""알 무사이지드"",""pt-BR"":""Al Musayjid"",""pt"":""Al Musayjid"",""nl"":""Al Musayjid"",""hr"":""Al Musajdžid"",""fa"":""المسیج"",""de"":""Al Musayjid"",""es"":""Al Musayjid"",""fr"":""Al Musayjid"",""ja"":""アル・ムサイジド"",""it"":""Al Musayjid"",""zh-CN"":""穆赛吉德"",""tr"":""El Müseycid"",""ru"":""Аль-Мусаиджид"",""uk"":""Аль-Мусайджид"",""pl"":""Al Musajdżid"",""hi"":""अल मुसैजिद"",""ar"":""المسايجد""}",2021-09-27T03:47:59,2025-12-02T16:59:27,1,Q4704512
148822,Al Wuday,2851,03,194,SA,city,,,24.17890000,39.54810000,الوداي,0,Asia/Riyadh,"{""br"":""Al Wuday"",""ko"":""알 우다이"",""pt-BR"":""Al Wuday"",""pt"":""Al Wuday"",""nl"":""Al Wuday"",""hr"":""Al Wuday"",""fa"":""الودای"",""de"":""Al Wuday"",""es"":""Al Wuday"",""fr"":""Al Wuday"",""ja"":""アル・ウダイ"",""it"":""Al Wuday"",""zh-CN"":""阿尔乌代"",""tr"":""El Vuday"",""ru"":""Аль Вудей"",""uk"":""Аль-Вудай"",""pl"":""Al Wuday"",""hi"":""अल वुदै"",""ar"":""الوداي""}",2021-09-27T03:47:59,2025-12-02T16:59:27,1,Q4704992
148823,Al `Awali,2851,03,194,SA,city,,,24.45000000,39.61670000,العوالي,0,Asia/Riyadh,"{""br"":""Al `Awali"",""ko"":""알 아왈리"",""pt-BR"":""Al `Awali"",""pt"":""Al `Awali"",""nl"":""Al `Awali"",""hr"":""Al-Awali"",""fa"":""العوالی"",""de"":""Al `Awali"",""es"":""Al `Awali"",""fr"":""Al `Awali"",""ja"":""アル・アワリ"",""it"":""Al `Awali"",""zh-CN"":""阿尔阿瓦利"",""tr"":""El Avali"",""ru"":""Аль-Авали"",""uk"":""Аль-Авалі"",""pl"":""Al `Awali"",""hi"":""अल `अवली"",""ar"":""العوالي""}",2021-09-27T03:47:59,2025-12-02T16:59:27,1,Q4705033
148824,Al `Uqul,2851,03,194,SA,city,,,24.50000000,39.81670000,العقول,0,Asia/Riyadh,"{""br"":""Al `Uqul"",""ko"":""알 우쿨"",""pt-BR"":""Al `Uqul"",""pt"":""Al `Uqul"",""nl"":""Al `Uqul"",""hr"":""Al-Uqul"",""fa"":""العقول"",""de"":""Al `Uqul"",""es"":""Al-Uqul"",""fr"":""Al `Uqul"",""ja"":""アル・ウクル"",""it"":""Al `Uqul"",""zh-CN"":""阿尔乌库尔"",""tr"":""El `Ukul"",""ru"":""Аль-Укуль"",""uk"":""Аль-Укуль"",""pl"":""Al `Uqul"",""hi"":""अल उकुल"",""ar"":""العقول""}",2021-09-27T03:47:59,2025-12-02T16:59:27,1,Q4705038
148825,Al-Jafr,2851,03,194,SA,city,,,25.41666667,49.61666667,الجفر,0,Asia/Riyadh,"{""br"":""Al-Jafr"",""ko"":""알자프르"",""pt-BR"":""Al-Jafr"",""pt"":""Al-Jafr"",""nl"":""Al-Jafr"",""hr"":""Al-Džafr"",""fa"":""الجفر"",""de"":""Al-Jafr"",""es"":""Al-Jafr"",""fr"":""Al-Jafr"",""ja"":""アル・ジャフル"",""it"":""Al-Jafr"",""zh-CN"":""贾夫尔"",""tr"":""El-Cafr"",""ru"":""Аль-Джафр"",""uk"":""Аль-Джафр"",""pl"":""Al-Dżafr"",""hi"":""अल-जाफ़र"",""ar"":""الجفر""}",2021-09-27T03:47:59,2025-12-02T17:11:50,1,Q4702579
148827,As Sadayir,2851,03,194,SA,city,,,24.25000000,39.18330000,السداير,0,Asia/Riyadh,"{""br"":""Evel Sadayir"",""ko"":""사다예르로서"",""pt-BR"":""Como Sadayir"",""pt"":""Como Sadayir"",""nl"":""Als Sadayir"",""hr"":""Kao Sadayir"",""fa"":""به عنوان سادایر"",""de"":""Als Sadayir"",""es"":""Como Sadayir"",""fr"":""Comme Sadayir"",""ja"":""アス・サダイル"",""it"":""Come Sadayir"",""zh-CN"":""阿萨达伊尔"",""tr"":""Sadayir olarak"",""ru"":""Ас Садайир"",""uk"":""Як Садаїр"",""pl"":""Jako Sadayir"",""hi"":""अस सदायर"",""ar"":""السداير""}",2021-09-27T03:47:59,2025-12-02T16:59:27,1,Q4802960
148828,As Safra',2851,03,194,SA,city,,,24.01277778,38.92277778,الصفراء,0,Asia/Riyadh,"{""br"":""Evel Safra'"",""ko"":""사프라로서"",""pt-BR"":""Como Safra'"",""pt"":""Como Safra'"",""nl"":""Als Safra'"",""hr"":""Kao Safra"",""fa"":""به عنوان صفرا"",""de"":""Als Safra'"",""es"":""Como Safra'"",""fr"":""Comme Safra'"",""ja"":""サフラとして"",""it"":""Come Safra'"",""zh-CN"":""正如萨夫拉所说"",""tr"":""Safra olarak"",""ru"":""Как Сафра"",""uk"":""Як Сафра"",""pl"":""Jako Safra'"",""hi"":""अस सफ़्रा"",""ar"":""الصفراء""}",2021-09-27T03:47:59,2025-12-02T16:59:27,1,Q12250506
148829,As Sumariyah,2851,03,194,SA,city,,,24.92140000,39.61780000,السومرية,0,Asia/Riyadh,"{""br"":""Evel Sumariyah"",""ko"":""수마리야로서"",""pt-BR"":""Como Sumariyah"",""pt"":""Como Sumariyah"",""nl"":""Als Sumariyah"",""hr"":""Kao Sumarija"",""fa"":""به عنوان سومریه"",""de"":""As Sumariyah"",""es"":""Como Sumariyah"",""fr"":""Comme Sumariyah"",""ja"":""スマリヤ"",""it"":""Come Sumariyah"",""zh-CN"":""苏玛丽亚"",""tr"":""Sumariyah olarak"",""ru"":""Ас Сумария"",""uk"":""Як Сумаріях"",""pl"":""Jako Sumariyah"",""hi"":""अस सुमारिया"",""ar"":""السومرية""}",2021-09-27T03:47:59,2025-12-02T16:59:27,1,Q4803011
148830,As Suwayriqiyah,2851,03,194,SA,city,,,23.35000000,40.31670000,السويرقيه,0,Asia/Riyadh,"{""br"":""Evel Suwayriqiyah"",""ko"":""수와이리키야로서"",""pt-BR"":""Como Suwayriqiyah"",""pt"":""Como Suwayriqiyah"",""nl"":""Als Suwayriqiyah"",""hr"":""Kao Suwayriqiyah"",""fa"":""به عنوان سویرقیه"",""de"":""As Suwayriqiyah"",""es"":""Como Suwayriqiyah"",""fr"":""As Suwayriqiyah"",""ja"":""スワイリキヤ"",""it"":""Come Suwayriqiyah"",""zh-CN"":""苏韦里基亚"",""tr"":""Süveyrikiye"",""ru"":""Ас Сувайрикия"",""uk"":""Ас Сувайрікія"",""pl"":""Jako Suwayriqiyah"",""hi"":""अस सुवैरीकियाह"",""ar"":""السويرقيه""}",2021-09-27T03:47:59,2025-12-02T16:59:27,1,Q4803020
148831,Ash Shufayyah,2851,03,194,SA,city,,,23.81670000,39.15000000,الشافية,0,Asia/Riyadh,"{""br"":""Ash Shufayyah"",""ko"":""아쉬 슈파이야"",""pt-BR"":""Ash Shufayyah"",""pt"":""Ash Shufayyah"",""nl"":""Ash Shufayyah"",""hr"":""Aš Šufaja"",""fa"":""آش شفیه"",""de"":""Ash Shufayyah"",""es"":""Ash Shufayyah"",""fr"":""Ash Shufayyah"",""ja"":""アッシュ・シュファイヤ"",""it"":""Ash Shufayyah"",""zh-CN"":""阿什·舒法亚"",""tr"":""Ash Shufayyah"",""ru"":""Эш Шуфайя"",""uk"":""Аш-Шуфайя"",""pl"":""Ash Shufayyah"",""hi"":""अश शुफ़य्याह"",""ar"":""الشافية""}",2021-09-27T03:47:59,2025-12-02T16:59:27,1,Q4804459
148832,Asira,2851,03,194,SA,city,,,24.33330000,38.63330000,عسيرة,0,Asia/Riyadh,"{""br"":""Asira"",""ko"":""아시라"",""pt-BR"":""Asira"",""pt"":""Asira"",""nl"":""Asira"",""hr"":""Asira"",""fa"":""آسیرا"",""de"":""Asira"",""es"":""Asira"",""fr"":""Asira"",""ja"":""アシラ"",""it"":""Asira"",""zh-CN"":""阿西拉"",""tr"":""Asira"",""ru"":""Асира"",""uk"":""Асіра"",""pl"":""Asira"",""hi"":""असीरा"",""ar"":""عسيرة""}",2021-09-27T03:47:59,2025-12-02T16:59:27,1,Q4807024
148833,Baq`a',2851,03,194,SA,city,,,24.21666667,38.71666667,بقعاء,0,Asia/Riyadh,"{""br"":""Baq`a'"",""ko"":""바카"",""pt-BR"":""Baq'a'"",""pt"":""Baq'a'"",""nl"":""Baq`a'"",""hr"":""Baka"",""fa"":""بقاع"",""de"":""Baq`a'"",""es"":""Baqa'"",""fr"":""Baq`a'"",""ja"":""バカ"",""it"":""Baq`a'"",""zh-CN"":""巴卡"",""tr"":""Bak`a"",""ru"":""Бака"",""uk"":""Бакка"",""pl"":""Baka'"",""hi"":""बाक़`आ'"",""ar"":""بقعاء""}",2021-09-27T03:47:59,2025-12-02T16:59:27,1,Q4857758
148834,Bartiyah,2851,03,194,SA,city,,,24.28330000,38.58330000,بارتياه,0,Asia/Riyadh,"{""br"":""Bartiyah"",""ko"":""바르티야"",""pt-BR"":""Bartiyah"",""pt"":""Bartiyah"",""nl"":""Bartiyah"",""hr"":""Bartija"",""fa"":""برتیه"",""de"":""Bartiyah"",""es"":""Bartiyah"",""fr"":""Bartiyah"",""ja"":""バルティヤ"",""it"":""Bartiyah"",""zh-CN"":""巴提雅"",""tr"":""Bartiyah"",""ru"":""Бартия"",""uk"":""Бартія"",""pl"":""Bartija"",""hi"":""बार्तियाह"",""ar"":""بارتياه""}",2021-09-27T03:47:59,2025-12-02T16:59:27,1,Q4865330
148835,Bi'r al Mashi,2851,03,194,SA,city,,,24.21666667,39.55000000,بير الماشي,0,Asia/Riyadh,"{""br"":""Bi'r al Mashi"",""ko"":""비르 알 마시"",""pt-BR"":""Bi'r al Mashi"",""pt"":""Bi'r al Mashi"",""nl"":""Bi'r al Mashi"",""hr"":""Bi'r al-Mashi"",""fa"":""بئر الماشی"",""de"":""Bi'r al Mashi"",""es"":""Bi'r al Mashi"",""fr"":""Bi'r al Mashi"",""ja"":""ビール・アル・マシ"",""it"":""Bi'r al Mashi"",""zh-CN"":""比尔·马希"",""tr"":""Bi'r al Mashi"",""ru"":""Бир аль Маши"",""uk"":""Бір аль-Маші"",""pl"":""Bi'r al Mashi"",""hi"":""बीर अल माशी"",""ar"":""بير الماشي""}",2021-09-27T03:47:59,2025-12-02T17:11:50,1,Q4902324
148836,Birkah,2851,03,194,SA,city,,,23.82030000,38.85970000,بركة,0,Asia/Riyadh,"{""br"":""Birkah"",""ko"":""비르카"",""pt-BR"":""Birkah"",""pt"":""Birkah"",""nl"":""Birkah"",""hr"":""Birkah"",""fa"":""بیرکا"",""de"":""Birkah"",""es"":""Birkah"",""fr"":""Birkah"",""ja"":""ビルカ"",""it"":""Birkah"",""zh-CN"":""比尔卡"",""tr"":""Birkah"",""ru"":""Бирка"",""uk"":""Бірка"",""pl"":""Birkah"",""hi"":""बिरका"",""ar"":""بركة""}",2021-09-27T03:47:59,2025-12-02T16:59:27,1,Q4916378
148839,Far`,2851,03,194,SA,city,,,23.81670000,38.86670000,بعيد,0,Asia/Riyadh,"{""br"":""Pell`"",""ko"":""멀리`"",""pt-BR"":""Longe`"",""pt"":""Longe`"",""nl"":""Ver`"",""hr"":""Daleko"",""fa"":""فار"",""de"":""Weit`"",""es"":""Lejos`"",""fr"":""Loin`"",""ja"":""遠い"",""it"":""Lontano`"",""zh-CN"":""远`"",""tr"":""Uzak"",""ru"":""Далеко"",""uk"":""Фар"",""pl"":""Daleko`"",""hi"":""दूर`"",""ar"":""بعيد""}",2021-09-27T03:47:59,2025-12-02T16:59:27,1,Q5434665
148840,Fiji,2851,03,194,SA,city,,,24.26666667,38.56666667,فيجي,0,Asia/Riyadh,"{""br"":""Fidji"",""ko"":""피지"",""pt-BR"":""Fiji"",""pt"":""Fiji"",""nl"":""Fiji"",""hr"":""Fidži"",""fa"":""فیجی"",""de"":""Fidschi"",""es"":""Fiyi"",""fr"":""Fidji"",""ja"":""フィジー"",""it"":""Figi"",""zh-CN"":""斐济"",""tr"":""Fiji"",""ru"":""Фиджи"",""uk"":""Фіджі"",""pl"":""Fidżi"",""hi"":""फिजी"",""ar"":""فيجي""}",2021-09-27T03:47:59,2025-12-02T16:59:27,1,Q3809954
148841,Harthiyah,2851,03,194,SA,city,,,24.25000000,38.55000000,الحارثية,0,Asia/Riyadh,"{""br"":""Harthiyah"",""ko"":""하르티야"",""pt-BR"":""Harthiyah"",""pt"":""Harthiyah"",""nl"":""Harthiyah"",""hr"":""Hartija"",""fa"":""حرثیه"",""de"":""Harthiyah"",""es"":""Harthiyah"",""fr"":""Harthiyah"",""ja"":""ハルティヤ"",""it"":""Harthiyah"",""zh-CN"":""哈蒂亚"",""tr"":""Harthiyah"",""ru"":""Хартия"",""uk"":""Хартія"",""pl"":""Harthiyah"",""hi"":""हरथियाह"",""ar"":""الحارثية""}",2021-09-27T03:47:59,2025-12-02T16:59:27,1,Q15223121
148843,Haylat Radi al Baham,2851,03,194,SA,city,,,24.08390000,39.72500000,هيلة راضي البهام,0,Asia/Riyadh,"{""br"":""Haylat Radi al Baham"",""ko"":""하일랏 라디 알 바함"",""pt-BR"":""Haylat Radi al Baham"",""pt"":""Haylat Radi al Baham"",""nl"":""Haylat Radi al Baham"",""hr"":""Haylat Radi al Baham"",""fa"":""هیلات راضی البهام"",""de"":""Haylat Radi al Baham"",""es"":""Haylat Radi al Baham"",""fr"":""Haylat Radi al Baham"",""ja"":""ハイラト・ラディ・アル・バハム"",""it"":""Haylat Radi al Baham"",""zh-CN"":""海拉特·拉迪·巴哈姆"",""tr"":""Hayat Radi al Baham"",""ru"":""Haylat Radi al Baham"",""uk"":""Хайлат Раді аль-Бахам"",""pl"":""Haylat Radi al Baham"",""hi"":""हैलत रदी अल बहाम"",""ar"":""هيلة راضي البهام""}",2021-09-27T03:47:59,2025-12-02T16:59:27,1,Q5686781
148844,Husayniyah,2851,03,194,SA,city,,,23.86666667,38.90000000,الحسينية,0,Asia/Riyadh,"{""br"":""Husayniyah"",""ko"":""후사이니야"",""pt-BR"":""Husayniyah"",""pt"":""Husayniyah"",""nl"":""Hoesseiniyah"",""hr"":""Husajnija"",""fa"":""حسینیه"",""de"":""Husayniyah"",""es"":""Husayniyah"",""fr"":""Husseiniyah"",""ja"":""フサイニヤ"",""it"":""Husayniyah"",""zh-CN"":""侯赛尼耶"",""tr"":""Hüseyniye"",""ru"":""Хусайния"",""uk"":""Хусайнія"",""pl"":""Husajnijja"",""hi"":""हुसैनियाह"",""ar"":""الحسينية""}",2021-09-27T03:47:59,2025-12-02T16:59:27,1,Q15227083
148845,Jadidah,2851,03,194,SA,city,,,23.81670000,38.83330000,جديدة,0,Asia/Riyadh,"{""br"":""Jadidah"",""ko"":""자디다"",""pt-BR"":""Jadidah"",""pt"":""Jadidah"",""nl"":""Jadidah"",""hr"":""Džadida"",""fa"":""جدیده"",""de"":""Jadidah"",""es"":""Jadida"",""fr"":""Jadidah"",""ja"":""ジャディダ"",""it"":""Jadidah"",""zh-CN"":""贾迪达"",""tr"":""Cedide"",""ru"":""Джадида"",""uk"":""Джадіда"",""pl"":""Dżadida"",""hi"":""जदीदाह"",""ar"":""جديدة""}",2021-09-27T03:47:59,2025-12-02T16:59:27,1,Q6121469
148846,Khayf Fadil,2851,03,194,SA,city,,,24.26670000,38.56670000,خايف فاضل,0,Asia/Riyadh,"{""br"":""Khayf Fadil"",""ko"":""카이프 파딜"",""pt-BR"":""Khayf Fadil"",""pt"":""Khayf Fadil"",""nl"":""Khayf Fadil"",""hr"":""Hajf Fadil"",""fa"":""خیف فاضل"",""de"":""Khayf Fadil"",""es"":""Khayf Fadil"",""fr"":""Khayf Fadil"",""ja"":""カイフ・ファディル"",""it"":""Khayf Fadil"",""zh-CN"":""海夫·法迪尔"",""tr"":""Hayf Fadıl"",""ru"":""Хайф Фадиль"",""uk"":""Хайф Фаділ"",""pl"":""Chajf Fadil"",""hi"":""ख़ैफ़ फ़ादिल"",""ar"":""خايف فاضل""}",2021-09-27T03:47:59,2025-12-02T16:59:27,1,Q6401091
148847,Madsus,2851,03,194,SA,city,,,24.35000000,38.55000000,مادسوس,0,Asia/Riyadh,"{""br"":""Madsus"",""ko"":""마수스"",""pt-BR"":""Madsus"",""pt"":""Madsus"",""nl"":""Madsus"",""hr"":""Madsus"",""fa"":""مادسوس"",""de"":""Madsus"",""es"":""Madsus"",""fr"":""Madsus"",""ja"":""マドスス"",""it"":""Madsus"",""zh-CN"":""马德苏斯"",""tr"":""Madsus"",""ru"":""Мадсус"",""uk"":""Мадсус"",""pl"":""Madsus"",""hi"":""मैडसस"",""ar"":""مادسوس""}",2021-09-27T03:47:59,2025-12-02T16:59:27,1,Q6728746
148848,Mahattat al Hafah,2851,03,194,SA,city,,,23.75000000,39.30000000,محطة الحافة,0,Asia/Riyadh,"{""br"":""Mahattat al Hafah"",""ko"":""마하타트 알 하파"",""pt-BR"":""Mahattat al Hafah"",""pt"":""Mahattat al Hafah"",""nl"":""Mahattat al Hafah"",""hr"":""Mahattat al-Hafah"",""fa"":""مهطاط الحفا"",""de"":""Mahattat al Hafah"",""es"":""Mahattat al Hafah"",""fr"":""Mahattat al Hafah"",""ja"":""マハタット・アル・ハファ"",""it"":""Mahattat al Hafah"",""zh-CN"":""哈法赫清真寺"",""tr"":""Mahattat al Hafah"",""ru"":""Махаттат аль Хафа"",""uk"":""Махаттат аль-Хафах"",""pl"":""Mahattat al Hafah"",""hi"":""महात्त अल हफाह"",""ar"":""محطة الحافة""}",2021-09-27T03:47:59,2025-12-02T16:59:27,1,Q6733548
148849,Maqrah,2851,03,194,SA,city,,,24.41670000,38.70000000,مقرأة,0,Asia/Riyadh,"{""br"":""Maqrah"",""ko"":""마크라"",""pt-BR"":""Maqrah"",""pt"":""Maqrah"",""nl"":""Maqrah"",""hr"":""Makra"",""fa"":""مقره"",""de"":""Maqrah"",""es"":""Maqrah"",""fr"":""Maqra"",""ja"":""マクラ"",""it"":""Maqrah"",""zh-CN"":""马格拉"",""tr"":""Makrah"",""ru"":""Макра"",""uk"":""Макра"",""pl"":""Maqrah"",""hi"":""मकराह"",""ar"":""مقرأة""}",2021-09-27T03:47:59,2025-12-02T16:59:27,1,Q6754281
148850,Maqshush,2851,03,194,SA,city,,,23.58330000,38.60000000,مقشوش,0,Asia/Riyadh,"{""br"":""Maqshush"",""ko"":""마크슈쉬"",""pt-BR"":""Maqshush"",""pt"":""Maqshush"",""nl"":""Maqshush"",""hr"":""Makšuš"",""fa"":""مقشوش"",""de"":""Maqshush"",""es"":""Maqshush"",""fr"":""Maqshush"",""ja"":""マクシュシュ"",""it"":""Maqshush"",""zh-CN"":""马格舒什"",""tr"":""Makşuş"",""ru"":""Макшуш"",""uk"":""Макшуш"",""pl"":""Maqshush"",""hi"":""मक़शुश"",""ar"":""مقشوش""}",2021-09-27T03:47:59,2025-12-02T16:59:27,1,Q6754284
148851,Masahili,2851,03,194,SA,city,,,24.03330000,38.23330000,ماساهيلي,0,Asia/Riyadh,"{""br"":""Masahili"",""ko"":""마사힐리"",""pt-BR"":""Masahili"",""pt"":""Masahili"",""nl"":""Masahili"",""hr"":""Masahili"",""fa"":""ماساهیلی"",""de"":""Masahili"",""es"":""Masahili"",""fr"":""Masahili"",""ja"":""マサヒリ語"",""it"":""Masahili"",""zh-CN"":""马希利"",""tr"":""Masahili"",""ru"":""Масахили"",""uk"":""Масахілі"",""pl"":""Masahili"",""hi"":""मासाहिली"",""ar"":""ماساهيلي""}",2021-09-27T03:47:59,2025-12-02T16:59:27,1,Q6782355
148853,Mawarah,2851,03,194,SA,city,,,24.20000000,38.43330000,موراه,0,Asia/Riyadh,"{""br"":""Mawarah"",""ko"":""마와라"",""pt-BR"":""Mawarah"",""pt"":""Mawarah"",""nl"":""Mawarah"",""hr"":""Mawarah"",""fa"":""ماورا"",""de"":""Mawarah"",""es"":""Mawarah"",""fr"":""Mawarah"",""ja"":""マワラ"",""it"":""Mawarah"",""zh-CN"":""玛瓦拉"",""tr"":""Mawarah"",""ru"":""Мавара"",""uk"":""Мавара"",""pl"":""Mawarah"",""hi"":""मावराह"",""ar"":""موراه""}",2021-09-27T03:47:59,2025-12-02T16:59:27,1,Q6794357
148854,Milhah,2851,03,194,SA,city,,,24.05000000,38.30000000,ملحة,0,Asia/Riyadh,"{""br"":""Milhah"",""ko"":""밀하"",""pt-BR"":""Milhah"",""pt"":""Milhah"",""nl"":""Milhah"",""hr"":""Milhah"",""fa"":""میلحه"",""de"":""Milhah"",""es"":""Milhah"",""fr"":""Milhah"",""ja"":""ミルハ"",""it"":""Milhah"",""zh-CN"":""米拉"",""tr"":""Milhah"",""ru"":""Милха"",""uk"":""Мілха"",""pl"":""Milha"",""hi"":""मिल्हाह"",""ar"":""ملحة""}",2021-09-27T03:47:59,2025-12-02T16:59:27,1,Q6851804
148855,Nujayl,2851,03,194,SA,city,,,24.26670000,38.65000000,نجيل,0,Asia/Riyadh,"{""br"":""Nujayl"",""ko"":""누자일"",""pt-BR"":""Nujayl"",""pt"":""Nujayl"",""nl"":""Nujayl"",""hr"":""Nujayl"",""fa"":""نجیل"",""de"":""Nujayl"",""es"":""Nujayl"",""fr"":""Nujayl"",""ja"":""ヌジャイル"",""it"":""Nujayl"",""zh-CN"":""努贾伊尔"",""tr"":""Nujayl"",""ru"":""Нуджайл"",""uk"":""Нуджайл"",""pl"":""Nujayl"",""hi"":""नुजायल"",""ar"":""نجيل""}",2021-09-27T03:47:59,2025-12-02T16:59:27,1,Q7068824
148856,Qaba',2851,03,194,SA,adm1,,,24.40000000,39.65000000,قباء,0,Asia/Riyadh,"{""br"":""Qaba'"",""ko"":""카바"",""pt-BR"":""Caaba'"",""pt"":""Caaba'"",""nl"":""Qaba'"",""hr"":""Kaba"",""fa"":""قبا"",""de"":""Qaba'"",""es"":""Qaba'"",""fr"":""Qaba'"",""ja"":""カバ"",""it"":""Qaba'"",""zh-CN"":""卡巴"",""tr"":""Kaba'"",""ru"":""Каба"",""uk"":""Каба"",""pl"":""Kaba'"",""hi"":""क़बा'"",""ar"":""قباء""}",2021-09-27T03:47:59,2025-12-02T17:11:50,1,Q7265682
148858,Rayyis,2851,03,194,SA,city,,,23.56670000,38.60000000,الرايس,0,Asia/Riyadh,"{""br"":""Rayyis"",""ko"":""레이이스"",""pt-BR"":""Rayyis"",""pt"":""Rayyis"",""nl"":""Rayyis"",""hr"":""Rajis"",""fa"":""ریس"",""de"":""Rayyis"",""es"":""Rayyis"",""fr"":""Rayyis"",""ja"":""レイイス"",""it"":""Rayyis"",""zh-CN"":""雷伊斯"",""tr"":""Rayyis"",""ru"":""Райис"",""uk"":""Райїс"",""pl"":""Rayyis"",""hi"":""रेयिस"",""ar"":""الرايس""}",2021-09-27T03:47:59,2025-12-02T16:59:27,1,Q7299423
148859,Sha`tha',2851,03,194,SA,city,,,24.23333333,38.53333333,شَعَثَة,0,Asia/Riyadh,"{""br"":""Sha`tha'"",""ko"":""샤타"",""pt-BR"":""Sha`tha'"",""pt"":""Sha`tha'"",""nl"":""Sha`tha'"",""hr"":""Ša'ta"",""fa"":""شعثا"",""de"":""Sha`tha'"",""es"":""Sha`tha'"",""fr"":""Sha`tha'"",""ja"":""シャタ"",""it"":""Sha`tha'"",""zh-CN"":""沙塔"",""tr"":""Şa'ta'"",""ru"":""Ша`та'"",""uk"":""Шата"",""pl"":""Sza'tha'"",""hi"":""शा`था'"",""ar"":""شَعَثَة""}",2021-09-27T03:47:59,2025-12-02T16:59:27,1,Q15276595
148860,Sidi Hamzah,2851,03,194,SA,city,,,24.50000000,39.61670000,سيدي حمزة,0,Asia/Riyadh,"{""br"":""Sidi Hamzah"",""ko"":""시디 함자"",""pt-BR"":""Sidi Hamzah"",""pt"":""Sidi Hamzah"",""nl"":""Sidi Hamzah"",""hr"":""Sidi Hamzah"",""fa"":""سیدی حمزه"",""de"":""Sidi Hamzah"",""es"":""Sidi Hamzah"",""fr"":""Sidi Hamzah"",""ja"":""シディ・ハムザ"",""it"":""Sidi Hamzah"",""zh-CN"":""西迪·哈姆扎"",""tr"":""Sidi Hamza"",""ru"":""Сиди Хамза"",""uk"":""Сіді Хамза"",""pl"":""Sidi Hamzah"",""hi"":""सिदी हमज़ा"",""ar"":""سيدي حمزة""}",2021-09-27T03:47:59,2025-12-02T17:11:50,1,Q7508734
148861,Suq Suwayq,2851,03,194,SA,city,,,24.36670000,38.45000000,سوق السويق,0,Asia/Riyadh,"{""br"":""Suq Suwayq"",""ko"":""수크 수와이크"",""pt-BR"":""Suq Suwayq"",""pt"":""Suq Suwayq"",""nl"":""Suq Suwayq"",""hr"":""Suq Suwayq"",""fa"":""سوق السویق"",""de"":""Suq Suwayq"",""es"":""Suq Suwayq"",""fr"":""Souk Suwayq"",""ja"":""スーク・スワイク"",""it"":""Suq Suwayq"",""zh-CN"":""苏克苏韦克"",""tr"":""Suq Suwayq"",""ru"":""Сук Сувейк"",""uk"":""Сук Сувайк"",""pl"":""Suq Suwayq"",""hi"":""सुक सुवेक"",""ar"":""سوق السويق""}",2021-09-27T03:47:59,2025-12-02T16:59:27,1,Q7645175
148862,Suqubiya,2851,03,194,SA,city,,,24.23330000,38.50000000,صقوبية,0,Asia/Riyadh,"{""br"":""Suqubiya"",""ko"":""수쿠비야"",""pt-BR"":""Suqubiya"",""pt"":""Suqubiya"",""nl"":""Suqubiya"",""hr"":""Suqubiya"",""fa"":""سقوبیه"",""de"":""Suqubiya"",""es"":""Suqubiya"",""fr"":""Suqubiya"",""ja"":""スクビヤ"",""it"":""Suqubiya"",""zh-CN"":""苏库比亚"",""tr"":""Sukubiya"",""ru"":""Сукубия"",""uk"":""Сукубія"",""pl"":""Sukubiya"",""hi"":""सुकुबिया"",""ar"":""صقوبية""}",2021-09-27T03:47:59,2025-12-02T16:59:27,1,Q7645190
148863,Suwadah,2851,03,194,SA,city,,,24.03330000,38.20000000,سوادة,0,Asia/Riyadh,"{""br"":""Suwadah"",""ko"":""수와다"",""pt-BR"":""Suwadah"",""pt"":""Suwadah"",""nl"":""Suwadah"",""hr"":""Suwadah"",""fa"":""سواده"",""de"":""Suwadah"",""es"":""Suwadah"",""fr"":""Suwadah"",""ja"":""スワダ"",""it"":""Suwadah"",""zh-CN"":""苏瓦达"",""tr"":""Suvadah"",""ru"":""Сувада"",""uk"":""Сувада"",""pl"":""Suwadah"",""hi"":""सुवादा"",""ar"":""سوادة""}",2021-09-27T03:47:59,2025-12-02T16:59:27,1,Q7650546
148865,Wasitah,2851,03,194,SA,city,,,23.88330000,38.90000000,الواسطة,0,Asia/Riyadh,"{""br"":""Wasitah"",""ko"":""와시타"",""pt-BR"":""Wasitah"",""pt"":""Wasitah"",""nl"":""Wasitah"",""hr"":""Vasitah"",""fa"":""واسطة"",""de"":""Wasitah"",""es"":""Wasitah"",""fr"":""Wasitah"",""ja"":""ワシタ"",""it"":""Wasitah"",""zh-CN"":""瓦西塔"",""tr"":""Wasitah"",""ru"":""Васита"",""uk"":""Васіта"",""pl"":""Wasitah"",""hi"":""वसीता"",""ar"":""الواسطة""}",2021-09-27T03:47:59,2025-12-02T16:59:27,1,Q7972673
148866,`Ajmiyah,2851,03,194,SA,city,,,24.21670000,38.50000000,العجمية,0,Asia/Riyadh,"{""br"":""`Ajmiyah"",""ko"":""`아즈미야"",""pt-BR"":""`Ajmiyah"",""pt"":""`Ajmiyah"",""nl"":""`Ajmiyah"",""hr"":""Ajmija"",""fa"":""عجمیه"",""de"":""`Ajmiyah"",""es"":""`Ajmiyah"",""fr"":""`Ajmiyah"",""ja"":""アジュミヤ"",""it"":""`Ajmiyah"",""zh-CN"":""阿杰米耶"",""tr"":""`Ajmiyah"",""ru"":""`Аджмия"",""uk"":""Аджмія"",""pl"":""`Adżmija"",""hi"":""`अजमियाह"",""ar"":""العجمية""}",2021-09-27T03:47:59,2025-12-02T16:59:27,1,Q8076276
148867,`Alya',2851,03,194,SA,city,,,23.82360000,38.88330000,`عليا`,0,Asia/Riyadh,"{""br"":""`Alya'"",""ko"":""`알리아`"",""pt-BR"":""`Alya'"",""pt"":""`Alya'"",""nl"":""`Alya'"",""hr"":""Alya"",""fa"":""«آلیا»"",""de"":""„Alja“"",""es"":""`Alya'"",""fr"":""'Alya'"",""ja"":""「アリア」"",""it"":""`Alya'"",""zh-CN"":""“阿丽亚”"",""tr"":""`Alya'"",""ru"":""`Аля'"",""uk"":""Аля"",""pl"":""`Alya'"",""hi"":""`आल्या'"",""ar"":""`عليا`""}",2021-09-27T03:47:59,2025-12-02T16:59:27,1,Q8076282
148868,`Ushash,2851,03,194,SA,city,,,23.50000000,38.91670000,أوشاش,0,Asia/Riyadh,"{""br"":""`Ushash"",""ko"":""`우샤쉬"",""pt-BR"":""`Ushash"",""pt"":""`Ushash"",""nl"":""`Ushash"",""hr"":""Ušaš"",""fa"":""عوشاش"",""de"":""`Uschash"",""es"":""`Ushash"",""fr"":""`Ushash"",""ja"":""ウシャシュ"",""it"":""`Ushash"",""zh-CN"":""乌沙什"",""tr"":""`Uşaş"",""ru"":""`Ушаш"",""uk"":""Ушаш"",""pl"":""`Ushash"",""hi"":""`उषाश"",""ar"":""أوشاش""}",2021-09-27T03:47:59,2025-12-02T16:59:27,1,Q8076332
148869,`Ushayrah,2851,03,194,SA,city,,,24.01860000,39.67310000,عُشَيْرَةَ,0,Asia/Riyadh,"{""br"":""`Ushayrah"",""ko"":""`우샤이라"",""pt-BR"":""`Ushayrah"",""pt"":""`Ushayrah"",""nl"":""`Ushayrah"",""hr"":""Ušajra"",""fa"":""عشیره"",""de"":""`Ushayrah"",""es"":""`Ushayrah"",""fr"":""`Ushayrah"",""ja"":""ウシャイラ"",""it"":""`Ushayrah"",""zh-CN"":""乌沙伊拉"",""tr"":""`Uşayrah"",""ru"":""`Ушайра"",""uk"":""Ушайра"",""pl"":""`Ushayrah"",""hi"":""उशायरा"",""ar"":""عُشَيْرَةَ""}",2021-09-27T03:47:59,2025-12-02T16:59:27,1,Q8076333
148871,Abu Hisani,2850,02,194,SA,city,,,21.73060000,39.78330000,أبو الحسني,0,Asia/Riyadh,"{""br"":""Abu Hisani"",""ko"":""아부 히사니"",""pt-BR"":""Abu Hisani"",""pt"":""Abu Hisani"",""nl"":""Abu Hisani"",""hr"":""Abu Hisani"",""fa"":""ابو حسانی"",""de"":""Abu Hisani"",""es"":""Abu Hisani"",""fr"":""Abou Hisani"",""ja"":""アブ・ヒサニ"",""it"":""Abu Hisani"",""zh-CN"":""阿布·希萨尼"",""tr"":""Ebu Hisani"",""ru"":""Абу Хисани"",""uk"":""Абу Хісані"",""pl"":""Abu Hisani"",""hi"":""अबू हिसानी"",""ar"":""أبو الحسني""}",2021-09-27T03:51:03,2025-12-02T16:59:27,1,Q4670217
148872,Abu Qirfah,2850,02,194,SA,city,,,21.77303070,39.67959850,أبو قرفة,0,Asia/Riyadh,"{""br"":""Abu Qirfah"",""ko"":""아부 키르파"",""pt-BR"":""Abu Qirfah"",""pt"":""Abu Qirfah"",""nl"":""Abu Qirfah"",""hr"":""Abu Kirfah"",""fa"":""ابو قرفه"",""de"":""Abu Qirfah"",""es"":""Abu Qirfah"",""fr"":""Abou Qirfah"",""ja"":""アブ・キルファ"",""it"":""Abu Qirfah"",""zh-CN"":""阿布基尔法"",""tr"":""Ebu Qirfah"",""ru"":""Абу Кирфа"",""uk"":""Абу-Кірфа"",""pl"":""Abu Qirfah"",""hi"":""अबू क़िरफ़ा"",""ar"":""أبو قرفة""}",2021-09-27T03:51:03,2025-12-02T17:11:50,1,Q4670317
148873,Abu Shu`ayb,2850,02,194,SA,city,,,21.58330000,39.70000000,أبو شعيب,0,Asia/Riyadh,"{""br"":""Abu Shu`ayb"",""ko"":""아부 슈아이브"",""pt-BR"":""Abu Shu`ayb"",""pt"":""Abu Shu`ayb"",""nl"":""Abu Shu`ayb"",""hr"":""Ebu Šu'ajb"",""fa"":""ابو شعیب"",""de"":""Abu Shu`ayb"",""es"":""Abu Shu`ayb"",""fr"":""Abou Shu`ayb"",""ja"":""アブ・シュアイブ"",""it"":""Abu Shu`ayb"",""zh-CN"":""阿布·舒艾布"",""tr"":""Ebu Şuayb"",""ru"":""Абу Шуайб"",""uk"":""Абу Шуайб"",""pl"":""Abu Szu`ajb"",""hi"":""अबू शुऐब"",""ar"":""أبو شعيب""}",2021-09-27T03:51:03,2025-12-02T16:59:27,1,Q4670358
148874,Abu `Urwah,2850,02,194,SA,city,,,21.65000000,39.70000000,أبو عروة,0,Asia/Riyadh,"{""br"":""Abu `Urwah"",""ko"":""아부 우르와"",""pt-BR"":""Abu `Urwah"",""pt"":""Abu `Urwah"",""nl"":""Abu `Urwah"",""hr"":""Abu `Urwah"",""fa"":""ابو عروه"",""de"":""Abu `Urwah"",""es"":""Abu `Urwah"",""fr"":""Abou `Urwah"",""ja"":""アブ・ウルワ"",""it"":""Abu `Urwah"",""zh-CN"":""阿布·乌尔瓦"",""tr"":""Ebu Urve"",""ru"":""Абу Урва"",""uk"":""Абу-Урва"",""pl"":""Abu `Urwah"",""hi"":""अबू उरवाह"",""ar"":""أبو عروة""}",2021-09-27T03:51:03,2025-12-02T16:59:27,1,Q4670431
148875,Ad Dabbah,2850,02,194,SA,adm1,,,21.71670000,39.83330000,الدبة,0,Asia/Riyadh,"{""br"":""Ad Dabbah"",""ko"":""아드 다바"",""pt-BR"":""Ad Dabbah"",""pt"":""Ad Dabbah"",""nl"":""Ad Dabbah"",""hr"":""Ad Dabbah"",""fa"":""الدباح"",""de"":""Ad Dabbah"",""es"":""Ad Dabbah"",""fr"":""Ad Dabbah"",""ja"":""アド・ダバ"",""it"":""Ad Dabbah"",""zh-CN"":""达巴"",""tr"":""Ad Dabbah"",""ru"":""Ад Дабба"",""uk"":""Ад-Дабба"",""pl"":""Ad Dabbah"",""hi"":""अद दब्बाह"",""ar"":""الدبة""}",2021-09-27T03:51:03,2025-12-02T17:11:50,1,Q4678115
148876,Ad Dawh,2850,02,194,SA,city,,,21.77220000,39.70140000,الدعوه,0,Asia/Riyadh,"{""br"":""Ad Dawh"",""ko"":""아드 다우"",""pt-BR"":""Ad Dawh"",""pt"":""Ad Dawh"",""nl"":""Ad Dawh"",""hr"":""Ad Dawh"",""fa"":""ادو"",""de"":""Ad Dawh"",""es"":""Ad Dawh"",""fr"":""Ad Dawh"",""ja"":""アド・ダウ"",""it"":""Ad Dawh"",""zh-CN"":""阿德·多赫"",""tr"":""Ad Devh"",""ru"":""Ад Доух"",""uk"":""Ад Доу"",""pl"":""Ad Dawh"",""hi"":""अद दाव"",""ar"":""الدعوه""}",2021-09-27T03:51:03,2025-12-02T16:59:27,1,Q4678126
148877,Ad Dur,2850,02,194,SA,city,,,21.81670000,39.76670000,أد دور,0,Asia/Riyadh,"{""br"":""Ad Dur"",""ko"":""광고 두르"",""pt-BR"":""Anúncio Dur"",""pt"":""Anúncio Dur"",""nl"":""Ad Dur"",""hr"":""Oglas Dur"",""fa"":""آگهی دور"",""de"":""Ad Dur"",""es"":""Ad Dur"",""fr"":""Ad Dur"",""ja"":""広告期間"",""it"":""Ad Dur"",""zh-CN"":""广告杜尔"",""tr"":""Ad Dur"",""ru"":""Ад Дур"",""uk"":""Реклама Дур"",""pl"":""Ad Dur"",""hi"":""एड डुर"",""ar"":""أد دور""}",2021-09-27T03:51:03,2025-12-02T16:59:27,1,Q4678143
148878,Al Adl,2850,02,194,SA,adm1,,,21.44361000,39.85611000,العدل,0,Asia/Riyadh,"{""br"":""Al Adl"",""ko"":""알 아들"",""pt-BR"":""Al Adl"",""pt"":""Al Adl"",""nl"":""Al Adl"",""hr"":""Al Adl"",""fa"":""العدل"",""de"":""Al Adl"",""es"":""Al Adl"",""fr"":""Al-Adl"",""ja"":""アル・アドル"",""it"":""Al Adl"",""zh-CN"":""阿尔阿德尔"",""tr"":""El Adl"",""ru"":""Аль Адль"",""uk"":""Аль-Адл"",""pl"":""Al Adl"",""hi"":""अल अदल"",""ar"":""العدل""}",2021-09-27T03:51:03,2025-12-02T17:11:50,1,Q4703441
148879,Al Ashraf,2850,02,194,SA,city,,,21.52360000,39.61670000,الأشرف,0,Asia/Riyadh,"{""br"":""Al Ashraf"",""ko"":""알 아쉬라프"",""pt-BR"":""Al Ashraf"",""pt"":""Al Ashraf"",""nl"":""Al Ashraf"",""hr"":""Al Ašraf"",""fa"":""اشرف"",""de"":""Al Ashraf"",""es"":""Al Ashraf"",""fr"":""Al-Achraf"",""ja"":""アル・アシュラフ"",""it"":""Al Ashraf"",""zh-CN"":""阿尔阿什拉夫"",""tr"":""El Eşref"",""ru"":""Аль Ашраф"",""uk"":""Аль-Ашраф"",""pl"":""Al Ashraf"",""hi"":""अल अशरफ"",""ar"":""الأشرف""}",2021-09-27T03:51:03,2025-12-02T16:59:27,1,Q4703499
148880,Al Balad,2850,02,194,SA,city,,,21.48780000,39.19360000,البلد,0,Asia/Riyadh,"{""br"":""Al Balad"",""ko"":""알 발라드"",""pt-BR"":""Al Balad"",""pt"":""Al Balad"",""nl"":""Al Balad"",""hr"":""Al Balad"",""fa"":""البلاد"",""de"":""Al Balad"",""es"":""Al Balad"",""fr"":""Al Balad"",""ja"":""アル・バラド"",""it"":""Al Balad"",""zh-CN"":""巴拉德"",""tr"":""El Balad"",""ru"":""Аль Балад"",""uk"":""Аль-Балад"",""pl"":""Al Balad"",""hi"":""अल बलाद"",""ar"":""البلد""}",2021-09-27T03:51:03,2025-12-02T17:11:50,1,Q4703540
148881,Al Barabir,2850,02,194,SA,city,,,21.52030000,39.63250000,البرابر,0,Asia/Riyadh,"{""br"":""Al Barabir"",""ko"":""알 바라비르"",""pt-BR"":""Al Barabir"",""pt"":""Al Barabir"",""nl"":""Al Barabir"",""hr"":""Al-Barabir"",""fa"":""البرابر"",""de"":""Al Barabir"",""es"":""Al Barabir"",""fr"":""Al-Barabir"",""ja"":""アル・バラビル"",""it"":""Al Barabir"",""zh-CN"":""巴拉比尔"",""tr"":""El Barabir"",""ru"":""Аль-Барабир"",""uk"":""Аль-Барабір"",""pl"":""Al Barabir"",""hi"":""अल बरबीर"",""ar"":""البرابر""}",2021-09-27T03:51:03,2025-12-02T16:59:27,1,Q4703545
148882,Al Bi'ar,2850,02,194,SA,city,,,22.64972222,39.67027778,البيار,0,Asia/Riyadh,"{""br"":""Al Bi'ar"",""ko"":""알 비아르"",""pt-BR"":""Al Bi'ar"",""pt"":""Al Bi'ar"",""nl"":""Al Bi'ar"",""hr"":""Al Bi'ar"",""fa"":""البیعار"",""de"":""Al Bi'ar"",""es"":""Al Biar"",""fr"":""Al Bi'ar"",""ja"":""アル・ビアール"",""it"":""Al Bi'ar"",""zh-CN"":""阿尔比阿尔"",""tr"":""Al Bi'ar"",""ru"":""Аль-Биар"",""uk"":""Аль-Біар"",""pl"":""Al Bi'ar"",""hi"":""अल बियार"",""ar"":""البيار""}",2021-09-27T03:51:03,2025-12-02T16:59:27,1,Q4703587
148883,Al Birk,2850,02,194,SA,city,,,18.21631000,41.53593000,آل بيرك,0,Asia/Riyadh,"{""br"":""Al Birk"",""ko"":""알 버크"",""pt-BR"":""Al Birk"",""pt"":""Al Birk"",""nl"":""Al Birk"",""hr"":""Al Birk"",""fa"":""آل بیرک"",""de"":""Al Birk"",""es"":""Al Birk"",""fr"":""Al Birk"",""ja"":""アル・バーク"",""it"":""Al Birk"",""zh-CN"":""艾尔伯克"",""tr"":""Al Birk"",""ru"":""Эл Бирк"",""uk"":""Ел Бірк"",""pl"":""Al Birk"",""hi"":""अल बिर्क"",""ar"":""آل بيرك""}",2021-09-27T03:51:03,2025-12-02T16:59:27,1,Q12184391
148884,Al Buraykah,2850,02,194,SA,city,,,21.78610000,39.71670000,البريكة,0,Asia/Riyadh,"{""br"":""Al Buraykah"",""ko"":""알 부라이카"",""pt-BR"":""Al Buraykah"",""pt"":""Al Buraykah"",""nl"":""Al Buraykah"",""hr"":""Al Burajka"",""fa"":""البریقه"",""de"":""Al Buraykah"",""es"":""Al Buraykah"",""fr"":""Al Buraykah"",""ja"":""アル・ブライカ"",""it"":""Al Buraykah"",""zh-CN"":""布赖卡"",""tr"":""El Buraykah"",""ru"":""Аль-Бурайка"",""uk"":""Аль-Бурайка"",""pl"":""Al Burajka"",""hi"":""अल बुरायकाह"",""ar"":""البريكة""}",2021-09-27T03:51:03,2025-12-02T17:11:50,1,Q4703627
148885,Al Fawwarah,2850,02,194,SA,city,,,21.83280000,40.16110000,الفوارة,0,Asia/Riyadh,"{""br"":""Al Fawwarah"",""ko"":""알 파와라"",""pt-BR"":""Al Fawwarah"",""pt"":""Al Fawwarah"",""nl"":""Al Fawwarah"",""hr"":""Al Fawwarah"",""fa"":""الفواره"",""de"":""Al Fawwarah"",""es"":""Al Fawwarah"",""fr"":""Al Fawwarah"",""ja"":""アル・ファワラ"",""it"":""Al Fawwarah"",""zh-CN"":""法瓦拉"",""tr"":""El Fevvara"",""ru"":""Аль-Фаввара"",""uk"":""Аль-Фаввара"",""pl"":""Al Fawwarah"",""hi"":""अल फव्वारा"",""ar"":""الفوارة""}",2021-09-27T03:51:03,2025-12-02T16:59:27,1,Q4703819
148886,Al Faydah,2850,02,194,SA,city,,,21.98440000,39.38470000,الفايده,0,Asia/Riyadh,"{""br"":""Al Faydah"",""ko"":""알파이다"",""pt-BR"":""Al Faydah"",""pt"":""Al Faydah"",""nl"":""Al Faydah"",""hr"":""Al-Faydah"",""fa"":""الفیضة"",""de"":""Al-Faydah"",""es"":""Al Faydah"",""fr"":""Al Faydah"",""ja"":""アル・ファイダ"",""it"":""Al Faydah"",""zh-CN"":""法伊达"",""tr"":""El-Fıdah"",""ru"":""Аль-Файда"",""uk"":""Аль-Файда"",""pl"":""Al Faydah"",""hi"":""अल फ़यदा"",""ar"":""الفايده""}",2021-09-27T03:51:03,2025-12-02T16:59:27,1,Q4703821
148887,Al Fazz,2850,02,194,SA,city,,,21.98330000,39.52220000,الفاز,0,Asia/Riyadh,"{""br"":""Al Fazz"",""ko"":""알 파즈"",""pt-BR"":""Al Fazz"",""pt"":""Al Fazz"",""nl"":""Al Fazz"",""hr"":""Al Fazz"",""fa"":""الفاز"",""de"":""Al Fazz"",""es"":""Al Fazz"",""fr"":""Al Fazz"",""ja"":""アル・ファズ"",""it"":""Al Fazz"",""zh-CN"":""阿尔·法兹"",""tr"":""El Fazıl"",""ru"":""Аль Фазз"",""uk"":""Аль-Фазз"",""pl"":""Al Fazz"",""hi"":""अल फ़ज़"",""ar"":""الفاز""}",2021-09-27T03:51:03,2025-12-02T16:59:27,1,Q4703822
148888,Al Gharith,2850,02,194,SA,city,,,21.60000000,41.88330000,الغارث,0,Asia/Riyadh,"{""br"":""Al Gharith"",""ko"":""알 가리트"",""pt-BR"":""Al Gharith"",""pt"":""Al Gharith"",""nl"":""Al Gharith"",""hr"":""Al-Gharith"",""fa"":""الغریث"",""de"":""Al Gharith"",""es"":""Al Gharith"",""fr"":""Al-Gharith"",""ja"":""アル・ガリス"",""it"":""Al Gharith"",""zh-CN"":""阿尔加里斯"",""tr"":""El Garith"",""ru"":""Аль-Гарит"",""uk"":""Аль-Гаріф"",""pl"":""Al Gharith"",""hi"":""अल ग़रीथ"",""ar"":""الغارث""}",2021-09-27T03:51:03,2025-12-02T16:59:27,1,Q4703868
148889,Al Ghassalah,2850,02,194,SA,city,,,21.45000000,39.86670000,الغسالة,0,Asia/Riyadh,"{""br"":""Al Ghassalah"",""ko"":""알 가살라"",""pt-BR"":""Al Ghassalah"",""pt"":""Al Ghassalah"",""nl"":""Al Ghassalah"",""hr"":""Al-Ghassalah"",""fa"":""الغسالة"",""de"":""Al Ghassalah"",""es"":""Al Ghassalah"",""fr"":""Al-Ghassalah"",""ja"":""アル・ガッサラー"",""it"":""Al Ghassalah"",""zh-CN"":""阿尔加萨拉"",""tr"":""El Ghassalah"",""ru"":""Аль-Гассала"",""uk"":""Аль-Гассалах"",""pl"":""Al Ghassalah"",""hi"":""अल ग़स्साला"",""ar"":""الغسالة""}",2021-09-27T03:51:03,2025-12-02T16:59:27,1,Q4703870
148890,Al Ghulah,2850,02,194,SA,city,,,21.95000000,39.31670000,الغولة,0,Asia/Riyadh,"{""br"":""Al Ghulah"",""ko"":""알 굴라"",""pt-BR"":""Al Ghulah"",""pt"":""Al Ghulah"",""nl"":""Al Ghulah"",""hr"":""Al Gulah"",""fa"":""الغلاه"",""de"":""Al Ghulah"",""es"":""Al Ghulah"",""fr"":""Al Ghulah"",""ja"":""アル・グラー"",""it"":""Al Ghulah"",""zh-CN"":""艾尔古拉"",""tr"":""El Gulah"",""ru"":""Аль Гулах"",""uk"":""Аль-Гула"",""pl"":""Al Ghulah"",""hi"":""अल ग़ुलाह"",""ar"":""الغولة""}",2021-09-27T03:51:03,2025-12-02T16:59:27,1,Q4703874
148891,Al Halaqah,2850,02,194,SA,city,,,21.35000000,40.45000000,الحلقة,0,Asia/Riyadh,"{""br"":""Al Halaqah"",""ko"":""알 할라카"",""pt-BR"":""Al Halaqah"",""pt"":""Al Halaqah"",""nl"":""Al Halaqah"",""hr"":""Al-Halaqah"",""fa"":""الحلقه"",""de"":""Al Halaqah"",""es"":""Al-Halaqah"",""fr"":""Al Halaqah"",""ja"":""アル・ハラカ"",""it"":""Al Halaqah"",""zh-CN"":""哈拉卡"",""tr"":""El Halaka"",""ru"":""Аль-Халака"",""uk"":""Аль-Халака"",""pl"":""Al Halaqah"",""hi"":""अल हलाक़ा"",""ar"":""الحلقة""}",2021-09-27T03:51:03,2025-12-02T17:11:50,1,Q4703953
148892,Al Hamimah,2850,02,194,SA,city,,,21.51670000,39.63330000,الحميمة,0,Asia/Riyadh,"{""br"":""Al Hamimah"",""ko"":""알 하미마"",""pt-BR"":""Al Hamimah"",""pt"":""Al Hamimah"",""nl"":""Al Hamimah"",""hr"":""Al-Hamimah"",""fa"":""الحمیمه"",""de"":""Al Hamimah"",""es"":""Al Hamimah"",""fr"":""Al Hamimah"",""ja"":""アル・ハミマ"",""it"":""Al Hamimah"",""zh-CN"":""哈米玛"",""tr"":""Al Hamimah"",""ru"":""Аль-Хамима"",""uk"":""Аль-Хаміма"",""pl"":""Al Hamimah"",""hi"":""अल हमीमा"",""ar"":""الحميمة""}",2021-09-27T03:51:03,2025-12-02T16:59:27,1,Q4703969
148893,Al Harra' Makkah,2850,02,194,SA,city,,,21.95000000,39.48333333,الحرّة مكة المكرمة,,Asia/Riyadh,"{""br"":""Al Harra' Makkah"",""ko"":""알 하라 메카"",""pt-BR"":""Al Harra' Meca"",""pt"":""Al Harra' Meca"",""nl"":""Al Harra' Mekka"",""hr"":""Al Harra' Meka"",""fa"":""الحرا مکه"",""de"":""Al Harra' Mekka"",""es"":""Al Harra' La Meca"",""fr"":""Al Harra' Makkah"",""ja"":""アル・ハラ・メッカ"",""it"":""Al Harra' Mecca"",""zh-CN"":""麦加圣城"",""tr"":""Al Harra' Mekke"",""ru"":""Аль-Харра Мекка"",""uk"":""Аль-Харра, Мекка"",""pl"":""Al Harra' Makkah"",""hi"":""अल हर्रा मक्का"",""ar"":""الحرّة مكة المكرمة""}",2021-09-27T03:51:03,2025-12-02T16:59:27,1,Q4703987
148894,Al Hawiyah,2850,02,194,SA,city,,,21.42415000,40.49303000,الحوية,129683,Asia/Riyadh,"{""br"":""Al Hawiyah"",""ko"":""알 하위야"",""pt-BR"":""Al Hawiyah"",""pt"":""Al Hawiyah"",""nl"":""Al Hawiyah"",""hr"":""Al Hawiyah"",""fa"":""الهاویه"",""de"":""Al Hawiyah"",""es"":""Al Hawiyah"",""fr"":""Al Hawiyah"",""ja"":""アル・ハウィヤ"",""it"":""Al Hawiyah"",""zh-CN"":""哈维亚"",""tr"":""El Haviye"",""ru"":""Аль-Хавия"",""uk"":""Аль-Хавія"",""pl"":""Al Hawiyah"",""hi"":""अल हविया"",""ar"":""الحوية""}",2021-09-27T03:51:03,2025-12-02T16:59:27,1,Q4120519
148895,Al Iskan,2850,02,194,SA,city,,,21.40000000,39.78330000,الإسكان,0,Asia/Riyadh,"{""br"":""Al Iskan"",""ko"":""알 이스칸"",""pt-BR"":""Al Iskan"",""pt"":""Al Iskan"",""nl"":""Al Iskan"",""hr"":""Al Iskan"",""fa"":""آل اسکان"",""de"":""Al Iskan"",""es"":""Al Iskan"",""fr"":""Al Iskan"",""ja"":""アル・イスカン"",""it"":""Al Iskan"",""zh-CN"":""艾尔·伊斯坎"",""tr"":""El İskan"",""ru"":""Аль Искан"",""uk"":""Аль-Іскан"",""pl"":""Al Iskan"",""hi"":""अल इस्कान"",""ar"":""الإسكان""}",2021-09-27T03:51:03,2025-12-02T16:59:27,1,Q4704077
148896,Al Jadidah,2850,02,194,SA,city,,,21.67030000,40.12640000,الجديدة,0,Asia/Riyadh,"{""br"":""Al Jadidah"",""ko"":""알 자디다"",""pt-BR"":""Al Jadidah"",""pt"":""Al Jadidah"",""nl"":""Al Jadidah"",""hr"":""Al-Džadida"",""fa"":""الجدیده"",""de"":""Al Jadidah"",""es"":""Al Jadida"",""fr"":""Al Jadidah"",""ja"":""アル・ジャディーダ"",""it"":""Al Jadidah"",""zh-CN"":""贾迪达"",""tr"":""Al Cedide"",""ru"":""Аль-Джадида"",""uk"":""Аль-Джадіда"",""pl"":""Al-Dżadida"",""hi"":""अल जदीदाह"",""ar"":""الجديدة""}",2021-09-27T03:51:03,2025-12-02T16:59:27,1,Q4704099
148897,Al Jami`ah,2850,02,194,SA,city,,,21.46670000,39.25000000,الجامعة,0,Asia/Riyadh,"{""br"":""Al Jami`ah"",""ko"":""알 자미아"",""pt-BR"":""Al Jami`ah"",""pt"":""Al Jami`ah"",""nl"":""Al Jami`ah"",""hr"":""Al-Džami'ah"",""fa"":""الجامعه"",""de"":""Al Jami`ah"",""es"":""Al Jami`ah"",""fr"":""Al Jami`ah"",""ja"":""アル・ジャミア"",""it"":""Al Jami`ah"",""zh-CN"":""贾米阿"",""tr"":""El Cami'ah"",""ru"":""Аль-Джамиа"",""uk"":""Аль-Джаміа"",""pl"":""Al Jami`ah"",""hi"":""अल जामिआह"",""ar"":""الجامعة""}",2021-09-27T03:51:03,2025-12-02T16:59:27,1,Q4704116
148898,Al Jid`,2850,02,194,SA,city,,,21.93330000,39.58330000,الجد,0,Asia/Riyadh,"{""br"":""Al Jid`"",""ko"":""알 지드"",""pt-BR"":""Al Jid`"",""pt"":""Al Jid`"",""nl"":""Al Jid`"",""hr"":""Al Jid`"",""fa"":""الجید"",""de"":""Al Jid`"",""es"":""Al Jid`"",""fr"":""Al Jid`"",""ja"":""アル・ジド"",""it"":""Al Jid`"",""zh-CN"":""吉德"",""tr"":""Al Cid`"",""ru"":""Аль-Джид`"",""uk"":""Аль-Джид"",""pl"":""Al Jid`"",""hi"":""अल जिद`"",""ar"":""الجد""}",2021-09-27T03:51:03,2025-12-02T16:59:27,1,Q4704147
148899,Al Ju`ranah,2850,02,194,SA,city,,,21.56670000,39.95000000,الجعرانة,8992,Asia/Riyadh,"{""br"":""Al Ju`ranah"",""ko"":""알 주라나"",""pt-BR"":""Al Ju`ranah"",""pt"":""Al Ju`ranah"",""nl"":""Al Ju`ranah"",""hr"":""Al Ju`ranah"",""fa"":""الجعرانه"",""de"":""Al Ju`ranah"",""es"":""Al Ju`ranah"",""fr"":""Al Ju`ranah"",""ja"":""アル・ジュラナ"",""it"":""Al Ju`ranah"",""zh-CN"":""朱拉纳"",""tr"":""Al Ju`ranah"",""ru"":""Аль-Джурана"",""uk"":""Аль-Джурана"",""pl"":""Al Ju`ranah"",""hi"":""अल जुराना"",""ar"":""الجعرانة""}",2021-09-27T03:51:03,2025-12-02T16:59:27,1,Q4704166
148900,Al Khadra' Makkah,2850,02,194,SA,city,,,21.46777778,39.90472222,الخضراء مكة المكرمة,,Asia/Riyadh,"{""br"":""Al Khadra' Makkah"",""ko"":""알 카드라 메카"",""pt-BR"":""Al Khadra' Meca"",""pt"":""Al Khadra' Meca"",""nl"":""Al Khadra' Mekka"",""hr"":""Al-Khadra' Meka"",""fa"":""الخضراء مکه"",""de"":""Al Khadra' Mekka"",""es"":""Al Khadra' La Meca"",""fr"":""Al Khadra' Makkah"",""ja"":""アル・カドラ・メッカ"",""it"":""Al Khadra' Mecca"",""zh-CN"":""麦加圣殿"",""tr"":""Al Khadra' Mekke"",""ru"":""Аль-Хадра Мекка"",""uk"":""Аль-Хадра Мекка"",""pl"":""Al Khadra' Makkah"",""hi"":""अल खद्रा मक्का"",""ar"":""الخضراء مكة المكرمة""}",2021-09-27T03:51:03,2025-12-02T16:59:27,1,Q4704201
148901,Al Khalas,2850,02,194,SA,city,,,21.70000000,39.80000000,الخلاص,0,Asia/Riyadh,"{""br"":""Al Khalas"",""ko"":""알 칼라스"",""pt-BR"":""Al Khalas"",""pt"":""Al Khalas"",""nl"":""Al Khalas"",""hr"":""Al Khalas"",""fa"":""الخلاص"",""de"":""Al Khalas"",""es"":""Al Khalas"",""fr"":""Al Khalas"",""ja"":""アル・ハラス"",""it"":""Al Khalas"",""zh-CN"":""阿尔卡拉斯"",""tr"":""El Halas"",""ru"":""Аль-Халас"",""uk"":""Аль-Халас"",""pl"":""Al Khalas"",""hi"":""अल खलास"",""ar"":""الخلاص""}",2021-09-27T03:51:03,2025-12-02T16:59:27,1,Q4704205
148902,Al Khamrah,2850,02,194,SA,city,,,22.43330000,39.46670000,الخمرة,0,Asia/Riyadh,"{""br"":""Al Khamrah"",""ko"":""알 캄라"",""pt-BR"":""Al Khamrah"",""pt"":""Al Khamrah"",""nl"":""Al Khamrah"",""hr"":""Al-Khamrah"",""fa"":""الخمره"",""de"":""Al Khamrah"",""es"":""Al Khamrah"",""fr"":""Al Khamrah"",""ja"":""アル・カムラ"",""it"":""Al Khamrah"",""zh-CN"":""艾尔卡姆拉"",""tr"":""El Hamra"",""ru"":""Аль-Хамра"",""uk"":""Аль-Хамра"",""pl"":""Al-Chamra"",""hi"":""अल खमरा"",""ar"":""الخمرة""}",2021-09-27T03:51:03,2025-12-02T16:59:27,1,Q4704211
148903,Al Khaydar,2850,02,194,SA,city,,,21.46940000,40.63060000,الخيدر,0,Asia/Riyadh,"{""br"":""Al Khaydar"",""ko"":""알 카이다르"",""pt-BR"":""Al Khaydar"",""pt"":""Al Khaydar"",""nl"":""Al Khaydar"",""hr"":""Al-Khaydar"",""fa"":""الخیدر"",""de"":""Al Khaydar"",""es"":""Al Khaydar"",""fr"":""Al-Khaydar"",""ja"":""アル・ハイダル"",""it"":""Al Khaydar"",""zh-CN"":""阿尔凯达尔"",""tr"":""El Haydar"",""ru"":""Аль-Хайдар"",""uk"":""Аль-Хайдар"",""pl"":""Al Khaydar"",""hi"":""अल ख़ैदर"",""ar"":""الخيدر""}",2021-09-27T03:51:03,2025-12-02T16:59:27,1,Q4704228
148904,Al Khayf,2850,02,194,SA,city,,,21.68330000,39.73330000,الخيف,0,Asia/Riyadh,"{""br"":""Al Khayf"",""ko"":""알 카이프"",""pt-BR"":""Al Khayf"",""pt"":""Al Khayf"",""nl"":""Al Khayf"",""hr"":""Al-Khayf"",""fa"":""الخیف"",""de"":""Al Khayf"",""es"":""Al Khayf"",""fr"":""Al Khayf"",""ja"":""アル・カイフ"",""it"":""Al Khayf"",""zh-CN"":""阿尔海夫"",""tr"":""El Hayf"",""ru"":""Аль-Хайф"",""uk"":""Аль-Хайф"",""pl"":""Al-Chajf"",""hi"":""अल खैफ"",""ar"":""الخيف""}",2021-09-27T03:51:03,2025-12-02T17:11:50,1,Q4704230
148905,Al Khulasah,2850,02,194,SA,city,,,21.68330000,39.91670000,الخلاصة,0,Asia/Riyadh,"{""br"":""Al Khulasah"",""ko"":""알 쿨라사"",""pt-BR"":""Al Khulasah"",""pt"":""Al Khulasah"",""nl"":""Al Khulasah"",""hr"":""Al-Khulasah"",""fa"":""الخلاصه"",""de"":""Al Khulasah"",""es"":""Al Khulasah"",""fr"":""Al Khulasah"",""ja"":""アル・クラサ"",""it"":""Al Khulasah"",""zh-CN"":""阿尔胡拉萨"",""tr"":""Al Hulasah"",""ru"":""Аль-Хуласа"",""uk"":""Аль-Хуласа"",""pl"":""Al Khulasah"",""hi"":""अल खुलासा"",""ar"":""الخلاصة""}",2021-09-27T03:51:03,2025-12-02T16:59:27,1,Q4704235
148906,Al Kidwah,2850,02,194,SA,city,,,21.78330000,39.68330000,القدوة,0,Asia/Riyadh,"{""br"":""Al Kidwah"",""ko"":""알 키드와"",""pt-BR"":""Al Kidwah"",""pt"":""Al Kidwah"",""nl"":""Al Kidwah"",""hr"":""Al Kidwah"",""fa"":""القدوه"",""de"":""Al Kidwah"",""es"":""Al Kidwah"",""fr"":""Al Kidwah"",""ja"":""アル・キドワ"",""it"":""Al Kidwah"",""zh-CN"":""基德瓦"",""tr"":""Al Kidwah"",""ru"":""Аль-Кидва"",""uk"":""Аль-Кідва"",""pl"":""Al Kidwah"",""hi"":""अल किदवाह"",""ar"":""القدوة""}",2021-09-27T03:51:03,2025-12-02T16:59:27,1,Q4704242
148907,Al Kura`,2850,02,194,SA,city,,,21.80000000,39.13330000,الكُرعة,,Asia/Riyadh,"{""br"":""Al Kura`"",""ko"":""알 쿠라"",""pt-BR"":""Al Kura`"",""pt"":""Al Kura`"",""nl"":""Al Kura`"",""hr"":""Al Kura`"",""fa"":""الکُراء"",""de"":""Al Kura`"",""es"":""Al Kura`"",""fr"":""Al Kura`"",""ja"":""アル・クラ"",""it"":""Al Kura`"",""zh-CN"":""库拉"",""tr"":""Al Kura`"",""ru"":""Аль Кура`"",""uk"":""Аль-Кура"",""pl"":""Al Kura`"",""hi"":""अल कुरा`"",""ar"":""الكُرعة""}",2021-09-27T03:51:03,2025-12-02T16:59:27,1,Q4704265
148908,Al Ma`rash,2850,02,194,SA,city,,,21.13330000,40.60000000,المعارش,0,Asia/Riyadh,"{""br"":""Al Ma`rash"",""ko"":""알 마라쉬"",""pt-BR"":""Al Ma`rash"",""pt"":""Al Ma`rash"",""nl"":""Al Ma`rash"",""hr"":""Al Ma'raš"",""fa"":""المعرش"",""de"":""Al Ma`rash"",""es"":""Al Ma`rash"",""fr"":""Al Ma`rash"",""ja"":""アル・マラッシュ"",""it"":""Al Ma`rash"",""zh-CN"":""阿尔马拉什"",""tr"":""El Maraş"",""ru"":""Аль-Маараш"",""uk"":""Аль-Мараш"",""pl"":""Al Ma`rash"",""hi"":""अल मा`राश"",""ar"":""المعارش""}",2021-09-27T03:51:03,2025-12-02T16:59:27,1,Q4704324
148909,Al Madiq Makkah,2850,02,194,SA,city,,,21.67580000,40.13080000,المضيق مكة,,Asia/Riyadh,"{""br"":""Al Madiq Mekka"",""ko"":""알 마디크 메카"",""pt-BR"":""Al Madiq Meca"",""pt"":""Al Madiq Meca"",""nl"":""Al Madiq Mekka"",""hr"":""Al Madiq Meka"",""fa"":""المضیق مکه"",""de"":""Al Madiq Mekka"",""es"":""Al Madiq La Meca"",""fr"":""Al Madiq La Mecque"",""ja"":""アル・マディク・メッカ"",""it"":""Al Madiq Mecca"",""zh-CN"":""麦加马迪克"",""tr"":""Al Madik Mekke"",""ru"":""Аль-Мадик Мекка"",""uk"":""Аль-Мадік Мекка"",""pl"":""Al Madiq Makkah"",""hi"":""अल मदीक मक्का"",""ar"":""المضيق مكة""}",2021-09-27T03:51:03,2025-12-02T16:59:27,1,Q4704334
148910,Al Maghal,2850,02,194,SA,city,,,21.96670000,39.55000000,المغال,0,Asia/Riyadh,"{""br"":""Al Maghal"",""ko"":""알 마갈"",""pt-BR"":""Al Maghal"",""pt"":""Al Maghal"",""nl"":""Al Maghal"",""hr"":""Al Maghal"",""fa"":""المغال"",""de"":""Al Maghal"",""es"":""Al Maghal"",""fr"":""Al Maghal"",""ja"":""アル・マガル"",""it"":""Al Maghal"",""zh-CN"":""阿尔马加尔"",""tr"":""El Maghal"",""ru"":""Аль-Магхал"",""uk"":""Аль-Магал"",""pl"":""Al Maghal"",""hi"":""अल मघल"",""ar"":""المغال""}",2021-09-27T03:51:03,2025-12-02T16:59:27,1,Q4704340
148911,Al Mahjar,2850,02,194,SA,city,,,21.43330000,39.20000000,المحجر,0,Asia/Riyadh,"{""br"":""Al Mahjar"",""ko"":""알 마흐자르"",""pt-BR"":""Al Mahjar"",""pt"":""Al Mahjar"",""nl"":""Al Mahjar"",""hr"":""Al-Mahjar"",""fa"":""المهجر"",""de"":""Al Mahjar"",""es"":""Al Mahjar"",""fr"":""Al Mahjar"",""ja"":""アル・マジャル"",""it"":""Al Mahjar"",""zh-CN"":""阿尔马贾尔"",""tr"":""El Mahcer"",""ru"":""Аль Махджар"",""uk"":""Аль-Маджар"",""pl"":""Al Mahjar"",""hi"":""अल महजर"",""ar"":""المحجر""}",2021-09-27T03:51:03,2025-12-02T17:11:50,1,Q4704353
148913,Al Maqrah,2850,02,194,SA,city,,,21.26670000,39.95000000,المَقْرَة,0,Asia/Riyadh,"{""br"":""Al Maqrah"",""ko"":""알 마크라"",""pt-BR"":""Al Maqrah"",""pt"":""Al Maqrah"",""nl"":""Al Maqrah"",""hr"":""Al-Makra"",""fa"":""المقره"",""de"":""Al Maqrah"",""es"":""Al Maqrah"",""fr"":""Al Maqrah"",""ja"":""アル・マクラー"",""it"":""Al Maqrah"",""zh-CN"":""迈格拉"",""tr"":""El Makrah"",""ru"":""Аль-Макра"",""uk"":""Аль-Макра"",""pl"":""Al Maqrah"",""hi"":""अल मकराह"",""ar"":""المَقْرَة""}",2021-09-27T03:51:03,2025-12-02T16:59:27,1,Q4704381
148914,Al Masarrah,2850,02,194,SA,city,,,21.36670000,40.46670000,المسرة,0,Asia/Riyadh,"{""br"":""Al Masarrah"",""ko"":""알 마사라"",""pt-BR"":""Al Masarrah"",""pt"":""Al Masarrah"",""nl"":""Al Masarrah"",""hr"":""Al Masarrah"",""fa"":""المساره"",""de"":""Al Masarrah"",""es"":""Al Masarrah"",""fr"":""Al Masarrah"",""ja"":""アル・マサラ"",""it"":""Al Masarrah"",""zh-CN"":""阿尔马萨拉"",""tr"":""El Masarrah"",""ru"":""Аль-Масарра"",""uk"":""Аль-Масарра"",""pl"":""Al Masarrah"",""hi"":""अल मसर्राह"",""ar"":""المسرة""}",2021-09-27T03:51:03,2025-12-02T16:59:27,1,Q4704398
148915,Al Masfalah,2850,02,194,SA,city,,,21.41670000,39.81670000,المسفلة,0,Asia/Riyadh,"{""br"":""Al Masfalah"",""ko"":""알 마스팔라"",""pt-BR"":""Al Masfalah"",""pt"":""Al Masfalah"",""nl"":""Al Masfalah"",""hr"":""Al-Masfalah"",""fa"":""المسفلاح"",""de"":""Al Masfalah"",""es"":""Al Masfalah"",""fr"":""Al Masfalah"",""ja"":""アル・マスファラ"",""it"":""Al Masfalah"",""zh-CN"":""艾尔马斯法拉"",""tr"":""El Masfalah"",""ru"":""Аль-Масфалах"",""uk"":""Аль-Масфалах"",""pl"":""Al Masfalah"",""hi"":""अल मसफ़लाह"",""ar"":""المسفلة""}",2021-09-27T03:51:03,2025-12-02T16:59:27,1,Q4704396
148916,Al Mashayikh,2850,02,194,SA,city,,,21.35000000,40.33330000,المشايخ,0,Asia/Riyadh,"{""br"":""Al Mashayikh"",""ko"":""알 마샤이크"",""pt-BR"":""Al Mashayikh"",""pt"":""Al Mashayikh"",""nl"":""Al Mashayikh"",""hr"":""Al-Mašajih"",""fa"":""المشایخ"",""de"":""Al Mashayikh"",""es"":""Al Mashayikh"",""fr"":""Al Mashayikh"",""ja"":""アル・マシャイク"",""it"":""Al Mashayikh"",""zh-CN"":""艾尔·马沙伊赫"",""tr"":""El Meşayih"",""ru"":""Аль Машайх"",""uk"":""Аль-Машайіх"",""pl"":""Al Maszajch"",""hi"":""अल मशाइख"",""ar"":""المشايخ""}",2021-09-27T03:51:03,2025-12-02T16:59:27,1,Q4704400
148917,Al Mathnah,2850,02,194,SA,city,,,21.26666667,40.38333333,المثناه,0,Asia/Riyadh,"{""br"":""Al Mathnah"",""ko"":""알 마스나"",""pt-BR"":""Al Mathnah"",""pt"":""Al Mathnah"",""nl"":""Al Mathnah"",""hr"":""Al-Masnah"",""fa"":""المثنه"",""de"":""Al Mathnah"",""es"":""Al Mathnah"",""fr"":""Al-Mathnah"",""ja"":""アル・マスナ"",""it"":""Al Mathnah"",""zh-CN"":""阿尔马斯纳"",""tr"":""El Mesnevi"",""ru"":""Аль-Маснах"",""uk"":""Аль-Масна"",""pl"":""Al Mathnah"",""hi"":""अल मथना"",""ar"":""المثناه""}",2021-09-27T03:51:03,2025-12-02T17:11:50,1,Q15178969
148918,Al Mubarak,2850,02,194,SA,city,,,21.70000000,39.90000000,المبارك,0,Asia/Riyadh,"{""br"":""Al Mubarak"",""ko"":""알 무바라크"",""pt-BR"":""Al Mubarak"",""pt"":""Al Mubarak"",""nl"":""Al Mubarak"",""hr"":""Al-Mubarak"",""fa"":""المبارک"",""de"":""Al Mubarak"",""es"":""Al Mubarak"",""fr"":""Al Moubarak"",""ja"":""アル・ムバラク"",""it"":""Al Mubarak"",""zh-CN"":""穆巴拉克"",""tr"":""El Mübarek"",""ru"":""Аль Мубарак"",""uk"":""Аль Мубарак"",""pl"":""Al Mubarak"",""hi"":""अल मुबारक"",""ar"":""المبارك""}",2021-09-27T03:51:03,2025-12-02T16:59:27,1,Q4704478
148919,Al Mudawwarah,2850,02,194,SA,city,,,21.26670000,39.96670000,المدورة,0,Asia/Riyadh,"{""br"":""Al Mudawwarah"",""ko"":""알 무다와라"",""pt-BR"":""Al Mudawwarah"",""pt"":""Al Mudawwarah"",""nl"":""Al Mudawwarah"",""hr"":""Al Mudawwarah"",""fa"":""المدوره"",""de"":""Al Mudawwarah"",""es"":""Al Mudawwarah"",""fr"":""Al Mudawwarah"",""ja"":""アル・ムダウワラ"",""it"":""Al Mudawwarah"",""zh-CN"":""穆达瓦拉"",""tr"":""El-Müdevvere"",""ru"":""Аль-Мудаввара"",""uk"":""Аль-Мудаввара"",""pl"":""Al Mudawwarah"",""hi"":""अल मुदव्वराह"",""ar"":""المدورة""}",2021-09-27T03:51:03,2025-12-02T16:59:27,1,Q4704479
148920,Al Mulayha',2850,02,194,SA,city,,,21.80000000,40.35000000,المليحة,0,Asia/Riyadh,"{""br"":""Al Mulayha'"",""ko"":""알 물라이하"",""pt-BR"":""Al Mulayha'"",""pt"":""Al Mulayha'"",""nl"":""Al Mulayha'"",""hr"":""Al-Mulayha"",""fa"":""الملایحة"",""de"":""Al Mulayha'"",""es"":""Al Mulayha'"",""fr"":""Al Mulayha'"",""ja"":""アル・ムライハ"",""it"":""Al Mulayha'"",""zh-CN"":""穆莱哈"",""tr"":""El-Müleyha'"",""ru"":""Аль Мулайха"",""uk"":""Аль-Мулайха"",""pl"":""Al Mulayha'"",""hi"":""अल मुलैहा"",""ar"":""المليحة""}",2021-09-27T03:51:03,2025-12-02T16:59:27,1,Q4704486
148921,Al Mundassah,2850,02,194,SA,city,,,21.63330000,39.74860000,المندسة,0,Asia/Riyadh,"{""br"":""Al Mundassah"",""ko"":""알 문다사"",""pt-BR"":""Al Mundassah"",""pt"":""Al Mundassah"",""nl"":""Al Mundassah"",""hr"":""Al Mundassah"",""fa"":""المندسه"",""de"":""Al Mundassah"",""es"":""Al Mundassah"",""fr"":""Al Mundassah"",""ja"":""アル・ムンダッサ"",""it"":""Al Mundassah"",""zh-CN"":""阿尔蒙达萨"",""tr"":""Al Mundassah"",""ru"":""Аль-Мундасса"",""uk"":""Аль-Мундасса"",""pl"":""Al Mundassah"",""hi"":""अल मुंदस्सा"",""ar"":""المندسة""}",2021-09-27T03:51:03,2025-12-02T16:59:27,1,Q4704488
148922,Al Muqayti`,2850,02,194,SA,adm1,,,21.54860000,39.78610000,المقيطي,0,Asia/Riyadh,"{""br"":""Al Muqayti`"",""ko"":""알 무카이티"",""pt-BR"":""Al Muqayti`"",""pt"":""Al Muqayti`"",""nl"":""Al Muqayti`"",""hr"":""Al-Muqayti`"",""fa"":""المقیطع"",""de"":""Al Muqayti`"",""es"":""Al Muqayti`"",""fr"":""Al Muqayti`"",""ja"":""アル・ムカイティ"",""it"":""Al Muqayti`"",""zh-CN"":""穆盖提"",""tr"":""El Mukayti`"",""ru"":""Аль-Мукайти"",""uk"":""Аль-Мукайті"",""pl"":""Al Muqayti`"",""hi"":""अल मुक़ैती`"",""ar"":""المقيطي""}",2021-09-27T03:51:03,2025-12-02T17:11:50,1,Q4704493
148923,Al Muqr,2850,02,194,SA,city,,,22.00000000,39.38330000,المقر,0,Asia/Riyadh,"{""br"":""Al Muqr"",""ko"":""알 무크르"",""pt-BR"":""Al Muqr"",""pt"":""Al Muqr"",""nl"":""Al Muqr"",""hr"":""Al Muqr"",""fa"":""آل مقر"",""de"":""Al Muqr"",""es"":""Al Muqr"",""fr"":""Al Muqr"",""ja"":""アル・ムクル"",""it"":""Al Muqr"",""zh-CN"":""穆克尔"",""tr"":""Al Muqr"",""ru"":""Аль-Мукр"",""uk"":""Аль-Мукр"",""pl"":""Al Muqr"",""hi"":""अल मुक़र"",""ar"":""المقر""}",2021-09-27T03:51:03,2025-12-02T16:59:27,1,Q4704494
148924,Al Qadimah,2850,02,194,SA,city,,,22.35000000,39.15000000,القديمة,0,Asia/Riyadh,"{""br"":""Al Qadimah"",""ko"":""알 카디마"",""pt-BR"":""Al-Qadimah"",""pt"":""Al-Qadimah"",""nl"":""Al Qadimah"",""hr"":""Al Kadimah"",""fa"":""القدیمه"",""de"":""Al Qadimah"",""es"":""Al Qadimah"",""fr"":""Al-Qadimah"",""ja"":""アル・カディマ"",""it"":""Al Qadimah"",""zh-CN"":""卡迪马"",""tr"":""El Kadimah"",""ru"":""Аль-Кадима"",""uk"":""Аль-Кадіма"",""pl"":""Al-Kadima"",""hi"":""अल कदीमा"",""ar"":""القديمة""}",2021-09-27T03:51:03,2025-12-02T16:59:27,1,Q4704627
148926,Al Qararah,2850,02,194,SA,adm1,,,21.42890000,39.82810000,القرارة,1578722,Asia/Riyadh,"{""br"":""Al Qararah"",""ko"":""알 카라라"",""pt-BR"":""Al Qararah"",""pt"":""Al Qararah"",""nl"":""Al Qararah"",""hr"":""Al-Qararah"",""fa"":""القراره"",""de"":""Al Qararah"",""es"":""Al Qararah"",""fr"":""Al-Qararah"",""ja"":""アル・カララ"",""it"":""Al Qararah"",""zh-CN"":""卡拉拉"",""tr"":""Al Qararah"",""ru"":""Аль-Карара"",""uk"":""Аль-Карара"",""pl"":""Al-Karah"",""hi"":""अल क़रारा"",""ar"":""القرارة""}",2021-09-27T03:51:03,2025-12-02T14:39:31,1,Q4704637
148927,Al Qaryat,2850,02,194,SA,city,,,21.46670000,39.20000000,القريات,0,Asia/Riyadh,"{""br"":""Al Qaryat"",""ko"":""알 카리아트"",""pt-BR"":""Al Qaryat"",""pt"":""Al Qaryat"",""nl"":""Al-Qaryat"",""hr"":""Al-Qaryat"",""fa"":""القریات"",""de"":""Al Qaryat"",""es"":""Al Qaryat"",""fr"":""Al-Qaryat"",""ja"":""アル・カリヤト"",""it"":""Al Qaryat"",""zh-CN"":""阿尔卡里亚特"",""tr"":""El Karyat"",""ru"":""Аль-Карьят"",""uk"":""Аль-Кар'ят"",""pl"":""Al-Karyat"",""hi"":""अल क़ार्यात"",""ar"":""القريات""}",2021-09-27T03:51:03,2025-12-02T17:11:50,1,Q4704639
148928,Al Qawba`iyah,2850,02,194,SA,city,,,21.66670000,39.98330000,القوبعية,0,Asia/Riyadh,"{""br"":""Al Qawba`iyah"",""ko"":""알 카우바이야"",""pt-BR"":""Al Qawba`iyah"",""pt"":""Al Qawba`iyah"",""nl"":""Al Qawba`iyah"",""hr"":""Al Qawba`iyah"",""fa"":""القوبائیه"",""de"":""Al Qawba`iyah"",""es"":""Al Qawba`iyah"",""fr"":""Al Qawba`iyah"",""ja"":""アル・カウバイヤ"",""it"":""Al Qawba`iyah"",""zh-CN"":""盖巴伊亚"",""tr"":""Al Qawba`iyah"",""ru"":""Аль-Кавбаия"",""uk"":""Аль-Кавбаія"",""pl"":""Al Qawba`iyah"",""hi"":""अल क़ौबा`इया"",""ar"":""القوبعية""}",2021-09-27T03:51:03,2025-12-02T16:59:27,1,Q4704642
148929,Al Qirshan,2850,02,194,SA,city,,,21.56670000,39.70000000,القرشان,0,Asia/Riyadh,"{""br"":""Al Qirshan"",""ko"":""알 키르샨"",""pt-BR"":""Al Qirshan"",""pt"":""Al Qirshan"",""nl"":""Al Qirshan"",""hr"":""Al Qirshan"",""fa"":""آل قیرشان"",""de"":""Al Qirshan"",""es"":""Al Qirshan"",""fr"":""Al-Qirshan"",""ja"":""アル・キルシャン"",""it"":""Al Qirshan"",""zh-CN"":""阿尔·基尔山"",""tr"":""Al Qirshan"",""ru"":""Аль Киршан"",""uk"":""Аль-Кіршан"",""pl"":""Al Qirshan"",""hi"":""अल क़िरशान"",""ar"":""القرشان""}",2021-09-27T03:51:03,2025-12-02T16:59:27,1,Q4704644
148930,Al Qu`tubah,2850,02,194,SA,city,,,21.93330000,40.36670000,القطبة,0,Asia/Riyadh,"{""br"":""Al Qu`tubah"",""ko"":""알 쿠투바"",""pt-BR"":""Al Qu`tubah"",""pt"":""Al Qu`tubah"",""nl"":""Al Qu`tubah"",""hr"":""Al-Ku'tuba"",""fa"":""القطوبه"",""de"":""Al Qu`tubah"",""es"":""Al Qu`tubah"",""fr"":""Al Qu`tubah"",""ja"":""アル・クトゥバ"",""it"":""Al Qu`tubah"",""zh-CN"":""库图巴"",""tr"":""El-Kutuba"",""ru"":""Аль-Кутуба"",""uk"":""Аль-Кутуба"",""pl"":""Al Qu`tuba"",""hi"":""अल कुतुबा"",""ar"":""القطبة""}",2021-09-27T03:51:03,2025-12-02T16:59:27,1,Q4704647
148931,Al Qufayf,2850,02,194,SA,city,,,21.83330000,40.45000000,القفيف,0,Asia/Riyadh,"{""br"":""Al Qufayf"",""ko"":""알 쿠파이프"",""pt-BR"":""Al Qufayf"",""pt"":""Al Qufayf"",""nl"":""Al Qufayf"",""hr"":""Al-Kufajf"",""fa"":""القفیف"",""de"":""Al Qufayf"",""es"":""Al Qufayf"",""fr"":""Al Qufayf"",""ja"":""アル・クファイフ"",""it"":""Al Qufayf"",""zh-CN"":""库法伊夫"",""tr"":""El Kufeyf"",""ru"":""Аль-Куфейф"",""uk"":""Аль-Куфайф"",""pl"":""Al Qufayf"",""hi"":""अल कुफ़ायफ़"",""ar"":""القفيف""}",2021-09-27T03:51:03,2025-12-02T16:59:27,1,Q4704653
148933,Al Ukhaydir,2850,02,194,SA,city,,,21.93330000,40.01670000,الأخيضر,0,Asia/Riyadh,"{""br"":""Al Ukhaydir"",""ko"":""알 우카이디르"",""pt-BR"":""Al Ukhaydir"",""pt"":""Al Ukhaydir"",""nl"":""Al Ukhaydir"",""hr"":""Al-Ukhaydir"",""fa"":""آل اخیدیر"",""de"":""Al Ukhaydir"",""es"":""Al Ukhaydir"",""fr"":""Al-Ukhaydir"",""ja"":""アル・ウハイディル"",""it"":""Al Ukhaydir"",""zh-CN"":""阿尔乌凯迪尔"",""tr"":""El Ukhaydir"",""ru"":""Аль Ухайдир"",""uk"":""Аль-Ухайдір"",""pl"":""Al Ukhaydir"",""hi"":""अल उखायदिर"",""ar"":""الأخيضر""}",2021-09-27T03:51:03,2025-12-02T16:59:27,1,Q4704903
148934,Al Waht,2850,02,194,SA,city,,,21.23330000,40.35000000,الواحة,0,Asia/Riyadh,"{""br"":""Al Waht"",""ko"":""알 와흐트"",""pt-BR"":""Al Waht"",""pt"":""Al Waht"",""nl"":""Al Waht"",""hr"":""Al Waht"",""fa"":""ال واحات"",""de"":""Al Waht"",""es"":""Al Waht"",""fr"":""Al Waht"",""ja"":""アル・ワット"",""it"":""Al Waht"",""zh-CN"":""阿尔瓦赫特"",""tr"":""Al Waht"",""ru"":""Аль Вахт"",""uk"":""Аль-Вахт"",""pl"":""Al Waht"",""hi"":""अल वाह्त"",""ar"":""الواحة""}",2021-09-27T03:51:03,2025-12-02T16:59:27,1,Q4704937
148935,Al Ābār,2850,02,194,SA,city,,,21.09810000,39.91030000,الآبار,0,Asia/Riyadh,"{""br"":""Al Ābār"",""ko"":""알 아바르"",""pt-BR"":""Al Ābār"",""pt"":""Al Ābār"",""nl"":""Al Ābār"",""hr"":""Al Abār"",""fa"":""العبار"",""de"":""Al Ābār"",""es"":""Al-Abar"",""fr"":""Al-Abâr"",""ja"":""アル・アーバール"",""it"":""Al Ābār"",""zh-CN"":""阿巴尔"",""tr"":""Al Ābār"",""ru"":""Аль Абар"",""uk"":""Аль-Абар"",""pl"":""Al Ābār"",""hi"":""अल अबर"",""ar"":""الآبار""}",2021-09-27T03:51:03,2025-12-02T16:59:27,1,Q4705077
148936,Ar Rabwah as Sufla,2850,02,194,SA,city,,,21.95530000,39.43670000,الربوة السفلى,0,Asia/Riyadh,"{""br"":""Ar Rabwah as Sufla"",""ko"":""수플라 역의 아르 라브와"",""pt-BR"":""Ar Rabwah como Sufla"",""pt"":""Ar Rabwah como Sufla"",""nl"":""Ar Rabwah als Sufla"",""hr"":""Ar Rabwah kao Sufla"",""fa"":""آر ربوه به عنوان سفلی"",""de"":""Ar Rabwah als Sufla"",""es"":""Ar Rabwah como Sufla"",""fr"":""Ar Rabwah comme Sufla"",""ja"":""スフラ役のアル・ラブワ"",""it"":""Ar Rabwah come Sufla"",""zh-CN"":""拉布瓦（Ar Rabwah）"",""tr"":""Ar Rabwah as Sufla"",""ru"":""Ар Рабва как Суфла"",""uk"":""Ар-Рабва як Суфла"",""pl"":""Ar Rabwah as Sufla"",""hi"":""अर रबवाह अस सुफला"",""ar"":""الربوة السفلى""}",2021-09-27T03:51:03,2025-12-02T16:59:27,1,Q4783044
148937,Ar Rafah,2850,02,194,SA,city,,,21.51670000,40.20000000,رفح,0,Asia/Riyadh,"{""br"":""Ar Rafah"",""ko"":""아르 라파"",""pt-BR"":""Ar Rafah"",""pt"":""Ar Rafah"",""nl"":""Ar Rafah"",""hr"":""Ar Rafah"",""fa"":""الرفاع"",""de"":""Ar Rafah"",""es"":""Ar Rafah"",""fr"":""Ar Rafah"",""ja"":""アル・ラファ"",""it"":""Ar Rafah"",""zh-CN"":""拉法赫"",""tr"":""Ar Rafah"",""ru"":""Ар Рафах"",""uk"":""Ар-Рафах"",""pl"":""Ar Rafah"",""hi"":""अर रफ़ा"",""ar"":""رفح""}",2021-09-27T03:51:03,2025-12-02T16:59:27,1,Q4783045
148938,Ar Rawdah ash Shamaliyah,2850,02,194,SA,city,,,21.73330000,39.96670000,الروضة الشمالية,0,Asia/Riyadh,"{""br"":""Ar Rawdah ash Shamaliyah"",""ko"":""아르 라우다 아쉬 샤말리야"",""pt-BR"":""Ar Rawdah ash Shamaliyah"",""pt"":""Ar Rawdah ash Shamaliyah"",""nl"":""Ar Rawdah ash Shamaliyah"",""hr"":""Ar Rawdah ash Shamaliyah"",""fa"":""روضه شمالیه"",""de"":""Ar Rawdah ash Shamaliyah"",""es"":""Ar Rawdah ash Shamaliyah"",""fr"":""Ar Rawdah ash Shamaliyah"",""ja"":""アル・ラウダ・アッシュ・シャマリヤ"",""it"":""Ar Rawdah ash Shamaliyah"",""zh-CN"":""阿尔拉瓦达·阿什·沙马利亚"",""tr"":""Ar Rawdah ash Shamaliyah"",""ru"":""Ar Rawdah ash Shamaliyah"",""uk"":""Ар-Равда аш-Шамалія"",""pl"":""Ar Rawdah ash Shamaliyah"",""hi"":""Ar Rawdah ash Shamaliyah"",""ar"":""الروضة الشمالية""}",2021-09-27T03:51:03,2025-12-02T16:59:27,1,Q4783057
148939,Ar Rudaymah,2850,02,194,SA,city,,,21.76688110,39.68587150,الرديمة,0,Asia/Riyadh,"{""br"":""Ar Rudaymah"",""ko"":""아르 루다이마흐"",""pt-BR"":""Ar Rudaymah"",""pt"":""Ar Rudaymah"",""nl"":""Ar Rudaymah"",""hr"":""Ar Rudaymah"",""fa"":""آر رودیمه"",""de"":""Ar Rudaymah"",""es"":""Ar Rudaymah"",""fr"":""Ar Rudaymah"",""ja"":""アル・ルダイマ"",""it"":""Ar Rudaymah"",""zh-CN"":""鲁代马"",""tr"":""Ar Rudaymah"",""ru"":""Ар Рудайма"",""uk"":""Ар-Рудайма"",""pl"":""Ar Rudaymah"",""hi"":""अर रुदायमा"",""ar"":""الرديمة""}",2021-09-27T03:51:03,2025-12-02T17:11:50,1,Q4783070
148940,Arya`,2850,02,194,SA,city,,,21.08560000,40.62390000,آريا,0,Asia/Riyadh,"{""br"":""Arya`"",""ko"":""아리아`"",""pt-BR"":""Arya`"",""pt"":""Arya`"",""nl"":""Arya`"",""hr"":""Arya"",""fa"":""آریا"",""de"":""Arya`"",""es"":""Arya`"",""fr"":""Arya`"",""ja"":""アーリア"",""it"":""Arya`"",""zh-CN"":""艾莉亚"",""tr"":""Arya`"",""ru"":""Арья`"",""uk"":""Ар'я"",""pl"":""Arya`"",""hi"":""आर्य`"",""ar"":""آريا""}",2021-09-27T03:51:03,2025-12-02T16:59:27,1,Q4802620
148941,As Sadr,2850,02,194,SA,city,,,21.51890000,40.19750000,الصدر,0,Asia/Riyadh,"{""br"":""Evel Sadr"",""ko"":""사드르로서"",""pt-BR"":""Como Sadr"",""pt"":""Como Sadr"",""nl"":""Als Sadr"",""hr"":""Kao Sadr"",""fa"":""به عنوان صدر"",""de"":""Als Sadr"",""es"":""Como Sadr"",""fr"":""Comme Sadr"",""ja"":""サドル師"",""it"":""Come Sadr"",""zh-CN"":""萨德尔"",""tr"":""Sadr olarak"",""ru"":""Ас Садр"",""uk"":""Як Садр"",""pl"":""Jako Sadr"",""hi"":""अस सद्र"",""ar"":""الصدر""}",2021-09-27T03:51:03,2025-12-02T16:59:27,1,Q4802961
148942,As Samd ash Shamali,2850,02,194,SA,city,,,21.67500000,39.75000000,الصمد الشمالي,0,Asia/Riyadh,"{""br"":""Evel Samd ash Shamali"",""ko"":""삼드 아쉬 샤말리"",""pt-BR"":""Como Samd ash Shamali"",""pt"":""Como Samd ash Shamali"",""nl"":""As Samd ash Shamali"",""hr"":""As Samd ash Shamali"",""fa"":""صمد الشمالی"",""de"":""As Samd ash Shamali"",""es"":""As Samd ash Shamali"",""fr"":""Comme Samd ash Shamali"",""ja"":""サムド・アッシュ・シャマリ"",""it"":""Come Samd ash Shamali"",""zh-CN"":""阿萨姆德·阿什·沙马利"",""tr"":""As Samd ash Shamali"",""ru"":""Ас Самд аш Шамали"",""uk"":""Ас Самд аш Шамалі"",""pl"":""As Samd ash Shamali"",""hi"":""अस समद अश शामली"",""ar"":""الصمد الشمالي""}",2021-09-27T03:51:03,2025-12-02T16:59:27,1,Q4802968
148943,As Sayl al Kabir,2850,02,194,SA,city,,,21.62640000,40.41530000,السيل الكبير,0,Asia/Riyadh,"{""br"":""Evel Sayl al Kabir"",""ko"":""Sayl al Kabir로서"",""pt-BR"":""Como Sayl al Kabir"",""pt"":""Como Sayl al Kabir"",""nl"":""As Sayl al Kabir"",""hr"":""As Sayl al-Kabir"",""fa"":""به عنوان سیل کبیر"",""de"":""As Sayl al Kabir"",""es"":""Como Sayl al Kabir"",""fr"":""As Sayl al Kabir"",""ja"":""アス・サイル・アル・カビール"",""it"":""Come Sayl al Kabir"",""zh-CN"":""艾斯·赛尔·卡比尔"",""tr"":""As Sayl al Kebir"",""ru"":""Ас Сайль аль Кабир"",""uk"":""Ас Сайл аль-Кабір"",""pl"":""As Sayl al Kabir"",""hi"":""अस सईल अल कबीर"",""ar"":""السيل الكبير""}",2021-09-27T03:51:03,2025-12-02T16:59:27,1,Q4802980
148944,As Sayl as Saghir,2850,02,194,SA,city,,,21.50640000,40.48220000,السيل الصغير,0,Asia/Riyadh,"{""br"":""Evel Sayl evel Saghir"",""ko"":""세일과 사기르처럼"",""pt-BR"":""Tão Sayl quanto Saghir"",""pt"":""Tão Sayl quanto Saghir"",""nl"":""As Sayl as Saghir"",""hr"":""Kao Sayl kao Saghir"",""fa"":""به عنوان سایل به عنوان صغیر"",""de"":""So Sayl wie Saghir"",""es"":""Tan Sayl como Saghir"",""fr"":""Comme Sayl comme Saghir"",""ja"":""セイルとサギル"",""it"":""Come Sayl come Saghir"",""zh-CN"":""饰演 Sayl 饰演 Saghir"",""tr"":""Sayl as Saghir"",""ru"":""Ас Сайл ас Сагир"",""uk"":""Як Сайл, як Сагір"",""pl"":""Jako Sayl jako Saghir"",""hi"":""अस सयल अस सगीर"",""ar"":""السيل الصغير""}",2021-09-27T03:51:03,2025-12-02T16:59:27,1,Q4802979
148945,As Sifyani,2850,02,194,SA,city,,,21.47560000,39.84310000,السفياني,0,Asia/Riyadh,"{""br"":""Evel Sifyani"",""ko"":""시피아니로서"",""pt-BR"":""Como Sifyani"",""pt"":""Como Sifyani"",""nl"":""Als Sifyani"",""hr"":""Kao Sifyani"",""fa"":""به عنوان سفیانی"",""de"":""Als Sifyani"",""es"":""Como Sifyani"",""fr"":""Comme Sifyani"",""ja"":""シフィヤニ"",""it"":""Come Sifyani"",""zh-CN"":""西法雅尼"",""tr"":""Sifyani olarak"",""ru"":""Ас Сифьяни"",""uk"":""Як Сіф'яні"",""pl"":""Jako Sifyani"",""hi"":""अस सिफ़यानी"",""ar"":""السفياني""}",2021-09-27T03:51:03,2025-12-02T16:59:27,1,Q4802992
148946,As Sudayrah Makkah,2850,02,194,SA,city,,,21.36190000,40.85470000,السديرة مكة المكرمة,,Asia/Riyadh,"{""br"":""Evel Sudayrah Mekka"",""ko"":""수다이라 메카로서"",""pt-BR"":""Como Sudayrah Makkah"",""pt"":""Como Sudayrah Makkah"",""nl"":""Als Sudayrah Mekka"",""hr"":""As Sudayrah Mekka"",""fa"":""سدیره مکه"",""de"":""As Sudayrah Mekka"",""es"":""Como Sudayrah La Meca"",""fr"":""As Sudayrah Makkah"",""ja"":""スダイラ・メッカ"",""it"":""Come Sudayrah Mecca"",""zh-CN"":""麦加苏达拉"",""tr"":""Sudayrah Mekke"",""ru"":""Ас Судейра Мекка"",""uk"":""Ас Судайра Мекка"",""pl"":""Jako Sudayrah Makkah"",""hi"":""अस सुदैरा मक्का"",""ar"":""السديرة مكة المكرمة""}",2021-09-27T03:51:03,2025-12-02T16:59:27,1,Q4803006
148947,As Suwadah,2850,02,194,SA,city,,,21.13390000,40.51170000,السواده,0,Asia/Riyadh,"{""br"":""Evel Suwadah"",""ko"":""수와다로서"",""pt-BR"":""Como Suwadah"",""pt"":""Como Suwadah"",""nl"":""Als Suwadah"",""hr"":""As Suwadah"",""fa"":""به عنوان سواده"",""de"":""As Suwadah"",""es"":""Como Suwadah"",""fr"":""Comme Suwadah"",""ja"":""スワダ"",""it"":""Come Suwadah"",""zh-CN"":""苏瓦达"",""tr"":""Suwadah olarak"",""ru"":""Ас Сувада"",""uk"":""Ас Сувада"",""pl"":""Jako Suwadah"",""hi"":""अस सुवादा"",""ar"":""السواده""}",2021-09-27T03:51:03,2025-12-02T16:59:27,1,Q4803017
148948,Ash Shajwah,2850,02,194,SA,city,,,21.66440000,40.01140000,أش شجوة,0,Asia/Riyadh,"{""br"":""Shajwah al ludu"",""ko"":""애쉬 샤즈와"",""pt-BR"":""Ash Shajwah"",""pt"":""Ash Shajwah"",""nl"":""Ash Shajwah"",""hr"":""Ash Shajwah"",""fa"":""آش شجوا"",""de"":""Ash Shajwah"",""es"":""Ash Shajwah"",""fr"":""Ash Shajwah"",""ja"":""アッシュ・シャジュワ"",""it"":""Ash Shajwah"",""zh-CN"":""阿什·沙杰瓦"",""tr"":""Ash Shajwah"",""ru"":""Эш Шаджва"",""uk"":""Аш-Шаджва"",""pl"":""Ash Shajwah"",""hi"":""ऐश शाजवाह"",""ar"":""أش شجوة""}",2021-09-27T03:51:03,2025-12-02T16:59:27,1,Q4804441
148949,Ash Shamiyah,2850,02,194,SA,city,,,21.84110000,39.52440000,الشامية,0,Asia/Riyadh,"{""br"":""Ash Shamiyah"",""ko"":""애쉬 샤미야"",""pt-BR"":""Ash Shamiyah"",""pt"":""Ash Shamiyah"",""nl"":""Ash Shamiyah"",""hr"":""Aš Šamija"",""fa"":""آش شامیه"",""de"":""Ash Shamiyah"",""es"":""Ash Shamiyah"",""fr"":""Ash Shamiyah"",""ja"":""アッシュ・シャミヤ"",""it"":""Ash Shamiyah"",""zh-CN"":""阿什·沙米亚"",""tr"":""Ash Shamiyah"",""ru"":""Эш Шамия"",""uk"":""Аш-Шамія"",""pl"":""Ash Shamiyah"",""hi"":""ऐश शमियाह"",""ar"":""الشامية""}",2021-09-27T03:51:03,2025-12-02T16:59:27,1,Q4804445
148950,Ash Shara'i`,2850,02,194,SA,city,,,21.46305556,39.94611111,الشريعة,0,Asia/Riyadh,"{""br"":""Ash Shara'i`"",""ko"":""애쉬 샤라이`"",""pt-BR"":""Ash Shara'i`"",""pt"":""Ash Shara'i`"",""nl"":""Ash Shara'i`"",""hr"":""Aš-Šerijat"",""fa"":""آش شریع"",""de"":""Ash Shara'i`"",""es"":""Ash Shara'i`"",""fr"":""Ash Shara'i`"",""ja"":""アッシュ・シャライ"",""it"":""Ash Shara'i`"",""zh-CN"":""阿什·沙拉伊"",""tr"":""Ash Shara'i`"",""ru"":""Эш Шараи"",""uk"":""Аш-Шаріат"",""pl"":""Ash Shara'i`"",""hi"":""अश शरा'ई`"",""ar"":""الشريعة""}",2021-09-27T03:51:03,2025-12-02T16:59:27,1,Q4804446
148951,Ash Shaybi,2850,02,194,SA,city,,,21.69580000,39.94170000,آش شايبي,0,Asia/Riyadh,"{""br"":""Ash Shaybi"",""ko"":""애쉬 샤이비"",""pt-BR"":""Ash Shaybi"",""pt"":""Ash Shaybi"",""nl"":""Ash Shaybi"",""hr"":""Ash Shaybi"",""fa"":""اش شیبی"",""de"":""Ash Shaybi"",""es"":""Ash Shaybi"",""fr"":""Ash Shaybi"",""ja"":""アッシュ・シャイビ"",""it"":""Ash Shaybi"",""zh-CN"":""阿什·谢比"",""tr"":""Ash Shaybi"",""ru"":""Эш Шайби"",""uk"":""Аш Шайбі"",""pl"":""Ash Shaybi"",""hi"":""ऐश शैबी"",""ar"":""آش شايبي""}",2021-09-27T03:51:03,2025-12-02T16:59:27,1,Q4804456
148952,Ash Shi`b,2850,02,194,SA,city,,,21.96890000,39.48610000,الشعب,0,Asia/Riyadh,"{""br"":""Ash Shi`b"",""ko"":""애쉬 시브"",""pt-BR"":""Ash Shi`b"",""pt"":""Ash Shi`b"",""nl"":""Ash Shi`b"",""hr"":""Ash Shi`b"",""fa"":""اشعیب"",""de"":""Ash Shi`b"",""es"":""Ash Shi`b"",""fr"":""Ash Shi`b"",""ja"":""アッシュ・シブ"",""it"":""Ash Shi`b"",""zh-CN"":""Ash Shi`b"",""tr"":""Ash Shi`b"",""ru"":""Эш Шиб"",""uk"":""Аш Шиб"",""pl"":""Ash Shi`b"",""hi"":""अश शि`ब"",""ar"":""الشعب""}",2021-09-27T03:51:03,2025-12-02T16:59:27,1,Q4804455
148953,Ash Shishah,2850,02,194,SA,city,,,21.35030000,39.89190000,اش شيشة,0,Asia/Riyadh,"{""br"":""Shishah ludu"",""ko"":""애쉬 시샤"",""pt-BR"":""Ash Shishah"",""pt"":""Ash Shishah"",""nl"":""As Shisha"",""hr"":""Aš Šišah"",""fa"":""آش شیشه"",""de"":""Ash Shishah"",""es"":""Ash Shishah"",""fr"":""Shisha en frêne"",""ja"":""アッシュ・シシャ"",""it"":""Shisha di cenere"",""zh-CN"":""灰烬"",""tr"":""Kül Şişah"",""ru"":""Эш Шишах"",""uk"":""Аш-Шішах"",""pl"":""Ash Shishah"",""hi"":""ऐश शीशा"",""ar"":""اش شيشة""}",2021-09-27T03:51:03,2025-12-02T16:59:27,1,Q4804457
148954,Ash Shumaysi,2850,02,194,SA,city,,,21.58330000,39.68330000,أش الشميسي,0,Asia/Riyadh,"{""br"":""Ash Shumaysi"",""ko"":""애쉬 슈마이시"",""pt-BR"":""Ash Shumaysi"",""pt"":""Ash Shumaysi"",""nl"":""Ash Shumaysi"",""hr"":""Ash Shumaysi"",""fa"":""اش شومیسی"",""de"":""Ash Shumaysi"",""es"":""Ash Shumaysi"",""fr"":""Ash Shumaysi"",""ja"":""アッシュ・シュマイシ"",""it"":""Ash Shumaysi"",""zh-CN"":""阿什·舒迈西"",""tr"":""Ash Shumaysi"",""ru"":""Эш Шумайси"",""uk"":""Аш Шумайсі"",""pl"":""Ash Shumaysi"",""hi"":""ऐश शुमैसी"",""ar"":""أش الشميسي""}",2021-09-27T03:51:03,2025-12-02T16:59:27,1,Q4804460
148955,Ash Shuwaybit,2850,02,194,SA,city,,,21.37970000,40.51940000,آش شويبت,0,Asia/Riyadh,"{""br"":""Ash Shuwaybit"",""ko"":""애쉬 슈웨이빗"",""pt-BR"":""Ash Shuwaybit"",""pt"":""Ash Shuwaybit"",""nl"":""Ash Shuwaybit"",""hr"":""Ash Shuwaybit"",""fa"":""خاکستر شویبیت"",""de"":""Ash Shuwaybit"",""es"":""Ceniza Shuwaybit"",""fr"":""Shuwaybit cendré"",""ja"":""アッシュ・シュウェイビット"",""it"":""Ash Shuwaybit"",""zh-CN"":""阿什·舒韦比特"",""tr"":""Ash Shuwaybit"",""ru"":""Эш Шувайбит"",""uk"":""Аш Шувайбіт"",""pl"":""Ash Shuwaybit"",""hi"":""ऐश शुवेबिट"",""ar"":""آش شويبت""}",2021-09-27T03:51:03,2025-12-02T16:59:27,1,Q4804464
148956,At Tan`im,2850,02,194,SA,adm1,,,21.48250000,39.80500000,في التنعيم,,Asia/Riyadh,"{""br"":""E Tan`im"",""ko"":""타님에서"",""pt-BR"":""Em Tan`im"",""pt"":""Em Tan`im"",""nl"":""Bij Tan`im"",""hr"":""U Tan'imu"",""fa"":""در تنعیم"",""de"":""Bei Tan`im"",""es"":""En Tan`im"",""fr"":""À Tan`im"",""ja"":""タニムにて"",""it"":""A Tan`im"",""zh-CN"":""在 Tan`im"",""tr"":""Tan`im'de"",""ru"":""В Таниме"",""uk"":""У Танїмі"",""pl"":""W Tan`im"",""hi"":""तनइम में"",""ar"":""في التنعيم""}",2021-09-27T03:51:03,2025-12-02T17:11:50,1,Q4812408
148957,At Tarfa',2850,02,194,SA,city,,,21.70638889,39.87138889,في الطرفة,0,Asia/Riyadh,"{""br"":""E Tarfa'"",""ko"":""타르파에서"",""pt-BR"":""Em Tarfa'"",""pt"":""Em Tarfa'"",""nl"":""Bij Tarfa"",""hr"":""U Tarfi"",""fa"":""در طرفاء"",""de"":""Bei Tarfa'"",""es"":""En Tarfa"",""fr"":""À Tarfa'"",""ja"":""タルファにて"",""it"":""A Tarfa'"",""zh-CN"":""在塔尔法"",""tr"":""Tarfa'da"",""ru"":""В Тарфе"",""uk"":""У Тарфі"",""pl"":""W Tarfie"",""hi"":""तारफा में"",""ar"":""في الطرفة""}",2021-09-27T03:51:03,2025-12-02T16:59:27,1,Q4812410
148958,At Turqi,2850,02,194,SA,city,,,21.94920000,39.41310000,في تركي,0,Asia/Riyadh,"{""br"":""E Turqi"",""ko"":""투르키에서"",""pt-BR"":""Em Turqi"",""pt"":""Em Turqi"",""nl"":""Bij Turqi"",""hr"":""U Turqiju"",""fa"":""در تورقی"",""de"":""Bei Turqi"",""es"":""En Turqi"",""fr"":""À Turqi"",""ja"":""トゥルキにて"",""it"":""A Turqi"",""zh-CN"":""图尔奇"",""tr"":""Turqi'de"",""ru"":""В Турки"",""uk"":""У Туркі"",""pl"":""W Turcji"",""hi"":""तुर्की में"",""ar"":""في تركي""}",2021-09-27T03:51:03,2025-12-02T16:59:27,1,Q4812427
148959,Az Zaymah,2850,02,194,SA,city,,,21.61860000,40.11330000,الزعيمة,0,Asia/Riyadh,"{""br"":""Az Zaymah"",""ko"":""아즈 자이마"",""pt-BR"":""Az Zaymah"",""pt"":""Az Zaymah"",""nl"":""Az Zaymah"",""hr"":""Az Zaymah"",""fa"":""از ضیمه"",""de"":""Az Zaymah"",""es"":""Az Zaymah"",""fr"":""Az Zaymah"",""ja"":""アズ・ザイマ"",""it"":""Az Zaymah"",""zh-CN"":""阿兹·扎伊马"",""tr"":""Az Zaymah"",""ru"":""Аз Займа"",""uk"":""Аз Займа"",""pl"":""Az Zaymah"",""hi"":""अज़ ज़ायमा"",""ar"":""الزعيمة""}",2021-09-27T03:51:03,2025-12-02T16:59:27,1,Q4831983
148960,Az Zilal,2850,02,194,SA,city,,,21.48890000,39.59420000,الظلال,0,Asia/Riyadh,"{""br"":""Az Zilal"",""ko"":""아즈 질랄"",""pt-BR"":""Az Zilal"",""pt"":""Az Zilal"",""nl"":""Az Zilal"",""hr"":""Az Zilal"",""fa"":""از زلال"",""de"":""Az Zilal"",""es"":""Az Zilal"",""fr"":""Az Zilal"",""ja"":""アズ・ジラル"",""it"":""Az Zilal"",""zh-CN"":""阿兹·齐拉尔"",""tr"":""Az Zilal"",""ru"":""Аз Зилал"",""uk"":""Аз Зілал"",""pl"":""Az Zilal"",""hi"":""अज़ ज़िलाल"",""ar"":""الظلال""}",2021-09-27T03:51:03,2025-12-02T16:59:27,1,Q4831984
148961,Az Zughbah,2850,02,194,SA,city,,,21.71670000,39.94580000,الزغبة,0,Asia/Riyadh,"{""br"":""Az Zughbah"",""ko"":""아즈 주그바"",""pt-BR"":""Az Zughbah"",""pt"":""Az Zughbah"",""nl"":""Az Zughbah"",""hr"":""Az Zughbah"",""fa"":""از زغبه"",""de"":""Az Zughbah"",""es"":""Az Zughbah"",""fr"":""Az Zughbah"",""ja"":""アズ・ズグバ"",""it"":""Az Zughbah"",""zh-CN"":""阿兹祖格巴"",""tr"":""Az Zughbah"",""ru"":""Аз-Зугба"",""uk"":""Аз Зугбах"",""pl"":""Az Zughbah"",""hi"":""अज़ ज़ुगबा"",""ar"":""الزغبة""}",2021-09-27T03:51:03,2025-12-02T16:59:27,1,Q4831986
148962,Az Zurra`,2850,02,194,SA,city,,,21.91060000,39.40000000,الزرة,0,Asia/Riyadh,"{""br"":""Az Zurra`"",""ko"":""아즈 주라`"",""pt-BR"":""Az Zurra`"",""pt"":""Az Zurra`"",""nl"":""Az Zurra`"",""hr"":""Az Zurra`"",""fa"":""از زورا"",""de"":""Az Zurra`"",""es"":""Az Zurra`"",""fr"":""Az Zurra`"",""ja"":""アズ・ズラ"",""it"":""Az Zurra`"",""zh-CN"":""阿兹·祖拉"",""tr"":""Az Zurra`"",""ru"":""Аз Зурра`"",""uk"":""Аз Зурра`"",""pl"":""Az Zurra`"",""hi"":""अज़ ज़ुर्रा`"",""ar"":""الزرة""}",2021-09-27T03:51:03,2025-12-02T16:59:27,1,Q4831989
148963,Az Zuwayb,2850,02,194,SA,city,,,21.91670000,39.96940000,الزوييب,0,Asia/Riyadh,"{""br"":""Az Zuwayb"",""ko"":""아즈 주와이브"",""pt-BR"":""Az Zuwayb"",""pt"":""Az Zuwayb"",""nl"":""Az Zuwayb"",""hr"":""Az Zuwayb"",""fa"":""از زویب"",""de"":""Az Zuwayb"",""es"":""Az Zuwayb"",""fr"":""Az Zuwayb"",""ja"":""アズ・ズワイブ"",""it"":""Az Zuwayb"",""zh-CN"":""阿兹·祖韦布"",""tr"":""Az Züveyb"",""ru"":""Аз Зувайб"",""uk"":""Аз Зувайб"",""pl"":""Az Zuwayb"",""hi"":""अज़ ज़ुवेब"",""ar"":""الزوييب""}",2021-09-27T03:51:03,2025-12-02T16:59:27,1,Q4831988
148964,Bahrat al Qadimah,2850,02,194,SA,city,,,21.41330000,39.49390000,بحرة القديمة,0,Asia/Riyadh,"{""br"":""Bahrat al Qadimah"",""ko"":""바라트 알 카디마"",""pt-BR"":""Bahrat al-Qadimah"",""pt"":""Bahrat al-Qadimah"",""nl"":""Bahrat al Qadimah"",""hr"":""Bahrat al-Kadimah"",""fa"":""بهرات القدیمه"",""de"":""Bahrat al Qadimah"",""es"":""Bahrat al Qadimah"",""fr"":""Bahrat al-Qadimah"",""ja"":""バーラト・アル・カディマ"",""it"":""Bahrat al Qadimah"",""zh-CN"":""巴赫拉特·阿尔·卡迪玛"",""tr"":""Bahrat al Qadimah"",""ru"":""Бахрат аль-Кадима"",""uk"":""Бахрат аль-Кадіма"",""pl"":""Bahrat al Qadimah"",""hi"":""बहरत अल कदीमा"",""ar"":""بحرة القديمة""}",2021-09-27T03:51:03,2025-12-02T16:59:27,1,Q4842875
148965,Bahwil,2850,02,194,SA,city,,,22.42940000,39.42940000,بهويل,0,Asia/Riyadh,"{""br"":""Bahwil"",""ko"":""바윌"",""pt-BR"":""Bahwil"",""pt"":""Bahwil"",""nl"":""Bahwil"",""hr"":""Bahwil"",""fa"":""بهویل"",""de"":""Bahwil"",""es"":""Bahwil"",""fr"":""Bahwil"",""ja"":""バフウィル"",""it"":""Bahwil"",""zh-CN"":""巴赫维尔"",""tr"":""Bahwil"",""ru"":""Бахвиль"",""uk"":""Бахвіл"",""pl"":""Bahwil"",""hi"":""बहविल"",""ar"":""بهويل""}",2021-09-27T03:51:03,2025-12-02T16:59:27,1,Q4842941
148966,Baranah,2850,02,194,SA,adm1,,,21.55420000,39.82220000,باراناه,0,Asia/Riyadh,"{""br"":""Baranah"",""ko"":""바라나"",""pt-BR"":""Baranah"",""pt"":""Baranah"",""nl"":""Barana"",""hr"":""Baranah"",""fa"":""بارانا"",""de"":""Baranah"",""es"":""Baranah"",""fr"":""Baranah"",""ja"":""バラナ"",""it"":""Baranah"",""zh-CN"":""巴拉拿"",""tr"":""Baranah"",""ru"":""Барана"",""uk"":""Барана"",""pl"":""Barana"",""hi"":""बरनाह"",""ar"":""باراناه""}",2021-09-27T03:51:03,2025-12-02T17:11:50,1,Q4858330
148967,Barzah,2850,02,194,SA,city,,,21.98000000,39.67560000,برزة,0,Asia/Riyadh,"{""br"":""Barzah"",""ko"":""바르자"",""pt-BR"":""Barzah"",""pt"":""Barzah"",""nl"":""Barza"",""hr"":""Barzah"",""fa"":""برزه"",""de"":""Barzah"",""es"":""Barzah"",""fr"":""Barzah"",""ja"":""バルザ"",""it"":""Barzah"",""zh-CN"":""巴尔扎"",""tr"":""Barzah"",""ru"":""Барзах"",""uk"":""Барза"",""pl"":""Barzah"",""hi"":""बर्ज़ाह"",""ar"":""برزة""}",2021-09-27T03:51:03,2025-12-02T17:11:50,1,Q4866071
148968,Bashm,2850,02,194,SA,city,,,21.48220000,39.82080000,بشم,0,Asia/Riyadh,"{""br"":""Bashm"",""ko"":""바샴"",""pt-BR"":""Bashm"",""pt"":""Bashm"",""nl"":""Bashm"",""hr"":""Bashm"",""fa"":""باشم"",""de"":""Bashm"",""es"":""Bashm"",""fr"":""Bashm"",""ja"":""バシュム"",""it"":""Bashm"",""zh-CN"":""巴什姆"",""tr"":""Bashm"",""ru"":""Башм"",""uk"":""Башм"",""pl"":""Bashm"",""hi"":""बश्म"",""ar"":""بشم""}",2021-09-27T03:51:03,2025-12-02T16:59:27,1,Q4866889
148969,Buraykah,2850,02,194,SA,city,,,22.34440000,39.32000000,البريكة,0,Asia/Riyadh,"{""br"":""Buraykah"",""ko"":""부라이카"",""pt-BR"":""Buraykah"",""pt"":""Buraykah"",""nl"":""Buraykah"",""hr"":""Burajka"",""fa"":""بریقه"",""de"":""Buraykah"",""es"":""Buraika"",""fr"":""Buraykah"",""ja"":""ブライカ"",""it"":""Buraykah"",""zh-CN"":""布赖卡"",""tr"":""Buraykah"",""ru"":""Бурайка"",""uk"":""Бурайка"",""pl"":""Burajka"",""hi"":""बुरायकाह"",""ar"":""البريكة""}",2021-09-27T03:51:03,2025-12-02T16:59:27,1,Q4998135
148970,Burayman,2850,02,194,SA,city,,,21.63750000,39.22640000,بريمان,0,Asia/Riyadh,"{""br"":""Burayman"",""ko"":""부레이만"",""pt-BR"":""Burayman"",""pt"":""Burayman"",""nl"":""Burayman"",""hr"":""Burayman"",""fa"":""بورایمان"",""de"":""Burayman"",""es"":""Burayman"",""fr"":""Burayman"",""ja"":""ブライマン"",""it"":""Burayman"",""zh-CN"":""布赖曼"",""tr"":""Burayman"",""ru"":""Бурайман"",""uk"":""Бурайман"",""pl"":""Burajman"",""hi"":""बुरायमान"",""ar"":""بريمان""}",2021-09-27T03:51:03,2025-12-02T17:11:50,1,Q4998136
148971,City Ghran,2850,02,194,SA,city,,,21.97380000,39.36820000,مدينة غران,0,Asia/Riyadh,"{""br"":""CITY GHRAN"",""ko"":""시티 그란"",""pt-BR"":""CIDADE GHRAN"",""pt"":""CIDADE GHRAN"",""nl"":""GHRAN"",""hr"":""GRAD GHRAN"",""fa"":""شهر غران"",""de"":""STADT GHRAN"",""es"":""CIUDAD DE GHRAN"",""fr"":""VILLE DE GHRAN"",""ja"":""シティ・グラン"",""it"":""CITTÀ GHRAN"",""zh-CN"":""城市格兰"",""tr"":""ŞEHİR GHRAN"",""ru"":""ГОРОДСКОЙ ГРАН"",""uk"":""МІСТО ГРАН"",""pl"":""MIASTO GHRAN"",""hi"":""शहर घ्रान"",""ar"":""مدينة غران""}",2021-09-27T03:51:03,2025-12-02T16:59:27,1,Q4704997
148972,Dabyah,2850,02,194,SA,city,,,22.42470000,39.44610000,دبية,0,Asia/Riyadh,"{""br"":""Dabyah"",""ko"":""다비아"",""pt-BR"":""Dabyah"",""pt"":""Dabyah"",""nl"":""Dabyah"",""hr"":""Dabyah"",""fa"":""دبیه"",""de"":""Dabyah"",""es"":""Dabyah"",""fr"":""Dabyah"",""ja"":""ダビヤ"",""it"":""Dabyah"",""zh-CN"":""达比亚"",""tr"":""Dabyah"",""ru"":""Дабья"",""uk"":""Дабія"",""pl"":""Dabyah"",""hi"":""दब्याह"",""ar"":""دبية""}",2021-09-27T03:51:03,2025-12-02T16:59:27,1,Q5207569
148973,Dahaban,2850,02,194,SA,city,,,21.93333333,39.11666667,دهبان,4430,Asia/Riyadh,"{""br"":""Dahaban"",""ko"":""다하반"",""pt-BR"":""Dahaban"",""pt"":""Dahaban"",""nl"":""Dahaban"",""hr"":""Dahaban"",""fa"":""دهبان"",""de"":""Dahaban"",""es"":""Dahaban"",""fr"":""Dahaban"",""ja"":""ダハバン"",""it"":""Dahaban"",""zh-CN"":""达哈班"",""tr"":""Dahaban"",""ru"":""Дахабан"",""uk"":""Дахабан"",""pl"":""Dahaban"",""hi"":""दहाबान"",""ar"":""دهبان""}",2021-09-27T03:51:03,2025-12-02T16:59:27,1,Q5208711
148974,Dughaybjah,2850,02,194,SA,city,,,22.59030000,41.35970000,دغيبجة,0,Asia/Riyadh,"{""br"":""Dughaybjah"",""ko"":""두가이브자흐"",""pt-BR"":""Dughaybjah"",""pt"":""Dughaybjah"",""nl"":""Dughaybjah"",""hr"":""Dughaybjah"",""fa"":""دغیبجه"",""de"":""Dughaybjah"",""es"":""Dughaybjah"",""fr"":""Dughaybjah"",""ja"":""ドゥガイブジャ"",""it"":""Dughaybjah"",""zh-CN"":""杜盖比亚"",""tr"":""Duğaybjah"",""ru"":""Дугайбджа"",""uk"":""Дугайбджах"",""pl"":""Dughaybjah"",""hi"":""दुग़ैब्जाह"",""ar"":""دغيبجة""}",2021-09-27T03:51:03,2025-12-02T16:59:27,1,Q5312551
148975,Fayd,2850,02,194,SA,city,,,21.91720000,39.38830000,فايد,0,Asia/Riyadh,"{""br"":""Fayd"",""ko"":""페이드"",""pt-BR"":""Fayd"",""pt"":""Fayd"",""nl"":""Fayd"",""hr"":""Fajd"",""fa"":""فیض"",""de"":""Fayd"",""es"":""Fayd"",""fr"":""Fayd"",""ja"":""フェイド"",""it"":""Fayd"",""zh-CN"":""法伊德"",""tr"":""Fayd"",""ru"":""Файд"",""uk"":""Файд"",""pl"":""Fayd"",""hi"":""फ़ायद"",""ar"":""فايد""}",2021-09-27T03:51:03,2025-12-02T16:59:27,1,Q5438958
148976,Hadda',2850,02,194,SA,city,,,21.45027778,39.55444444,حدا,0,Asia/Riyadh,"{""br"":""Hadda'"",""ko"":""하다"",""pt-BR"":""Hadda'"",""pt"":""Hadda'"",""nl"":""Hadda'"",""hr"":""Hadda"",""fa"":""حدا"",""de"":""Hadda'"",""es"":""Hadda'"",""fr"":""Hadda'"",""ja"":""ハダ"",""it"":""Hadda'"",""zh-CN"":""哈达"",""tr"":""Hadda'"",""ru"":""Хадда"",""uk"":""Хадда"",""pl"":""Hadda'"",""hi"":""हद्दा'"",""ar"":""حدا""}",2021-09-27T03:51:03,2025-12-02T16:59:27,1,Q5637618
148977,Haddat ash Sham,2850,02,194,SA,city,,,21.79670000,39.68330000,حدت الشام,0,Asia/Riyadh,"{""br"":""Haddat ash Sham"",""ko"":""하다트 아쉬 샴"",""pt-BR"":""Haddat ash Sham"",""pt"":""Haddat ash Sham"",""nl"":""Haddat ash Sham"",""hr"":""Haddat aš Šam"",""fa"":""حدت الشام"",""de"":""Haddat ash Sham"",""es"":""Haddat ash Sham"",""fr"":""Haddat ash Sham"",""ja"":""ハダット・アッシュ・シャム"",""it"":""Haddat ash Sham"",""zh-CN"":""哈达特·阿什·沙姆"",""tr"":""Haddat ash Sham"",""ru"":""Хаддат аш Шам"",""uk"":""Хаддат аш-Шам"",""pl"":""Haddat asz-Szam"",""hi"":""हद्दत अश शाम"",""ar"":""حدت الشام""}",2021-09-27T03:51:03,2025-12-02T16:59:27,1,Q5637639
148978,Hadhah,2850,02,194,SA,city,,,21.65250000,40.01420000,هاذا,0,Asia/Riyadh,"{""br"":""Hadhah"",""ko"":""하다"",""pt-BR"":""Hadhah"",""pt"":""Hadhah"",""nl"":""Hadhah"",""hr"":""Hadah"",""fa"":""حدها"",""de"":""Hadhah"",""es"":""Hadhah"",""fr"":""Hadhah"",""ja"":""ハッダー"",""it"":""Hadhah"",""zh-CN"":""哈达"",""tr"":""Hadhah"",""ru"":""Хадха"",""uk"":""Хадха"",""pl"":""Hadhah"",""hi"":""हदाह"",""ar"":""هاذا""}",2021-09-27T03:51:03,2025-12-02T16:59:27,1,Q5637800
148979,Hajur,2850,02,194,SA,city,,,23.01780000,39.73030000,حجر,0,Asia/Riyadh,"{""br"":""Hajur"",""ko"":""하주르"",""pt-BR"":""Hajur"",""pt"":""Hajur"",""nl"":""Hajur"",""hr"":""Hadžur"",""fa"":""هاجور"",""de"":""Hajur"",""es"":""Hayur"",""fr"":""Hajur"",""ja"":""ハジュル"",""it"":""Hajur"",""zh-CN"":""哈久尔"",""tr"":""Hacur"",""ru"":""Хаджур"",""uk"":""Хаджур"",""pl"":""Hadżur"",""hi"":""हजूर"",""ar"":""حجر""}",2021-09-27T03:51:03,2025-12-02T16:59:27,1,Q5640273
148980,Halamah,2850,02,194,SA,city,,,21.95420000,39.70280000,حلامة,0,Asia/Riyadh,"{""br"":""Halama"",""ko"":""할라마"",""pt-BR"":""Halamá"",""pt"":""Halamá"",""nl"":""Halamah"",""hr"":""Halama"",""fa"":""حلامه"",""de"":""Halamah"",""es"":""Halama"",""fr"":""Halamah"",""ja"":""ハラマー"",""it"":""Halamah"",""zh-CN"":""哈拉玛"",""tr"":""Halamah"",""ru"":""Халама"",""uk"":""Халама"",""pl"":""Halama"",""hi"":""हलामा"",""ar"":""حلامة""}",2021-09-27T03:51:03,2025-12-02T17:11:50,1,Q5641075
148981,Husnah,2850,02,194,SA,city,,,21.80000000,39.59166667,حسنة,0,Asia/Riyadh,"{""br"":""Husnah"",""ko"":""후스나"",""pt-BR"":""Husnah"",""pt"":""Husnah"",""nl"":""Husna"",""hr"":""Husna"",""fa"":""حسنا"",""de"":""Husnah"",""es"":""Husna"",""fr"":""Husnah"",""ja"":""フスナ"",""it"":""Husnah"",""zh-CN"":""胡斯纳"",""tr"":""Hüsna"",""ru"":""Хусна"",""uk"":""Хусна"",""pl"":""Husnah"",""hi"":""हुस्ना"",""ar"":""حسنة""}",2021-09-27T03:51:03,2025-12-02T16:59:27,1,Q15227105
148982,Jarwal,2850,02,194,SA,city,,,21.43330000,39.81670000,جاروال,0,Asia/Riyadh,"{""br"":""Jarwal"",""ko"":""자르왈"",""pt-BR"":""Jarwal"",""pt"":""Jarwal"",""nl"":""Jarwal"",""hr"":""Jarwal"",""fa"":""جاروال"",""de"":""Jarwal"",""es"":""Jarwal"",""fr"":""Jarwal"",""ja"":""ジャルワル"",""it"":""Jarwal"",""zh-CN"":""贾瓦尔"",""tr"":""Jarwal"",""ru"":""Джарвал"",""uk"":""Джарвал"",""pl"":""Jarwal"",""hi"":""जरवल"",""ar"":""جاروال""}",2021-09-27T03:51:03,2025-12-02T16:59:27,1,Q6161287
148983,Julayyil,2850,02,194,SA,city,,,21.95830000,39.75830000,جليل,0,Asia/Riyadh,"{""br"":""Julayyil"",""ko"":""줄라이일"",""pt-BR"":""Julayyil"",""pt"":""Julayyil"",""nl"":""Julayyil"",""hr"":""Džulajjil"",""fa"":""جولائیل"",""de"":""Julayyil"",""es"":""Julayyil"",""fr"":""Julayyil"",""ja"":""ジュライイル"",""it"":""Julayyil"",""zh-CN"":""朱拉伊尔"",""tr"":""Julayyil"",""ru"":""Джулайил"",""uk"":""Джулайїл"",""pl"":""Julayyil"",""hi"":""जुलयिल"",""ar"":""جليل""}",2021-09-27T03:51:03,2025-12-02T16:59:27,1,Q6305617
148985,Khumrah,2850,02,194,SA,city,,,21.37280000,39.22610000,خمرة,0,Asia/Riyadh,"{""br"":""Khumrah"",""ko"":""쿰라"",""pt-BR"":""Khumrah"",""pt"":""Khumrah"",""nl"":""Khumrah"",""hr"":""Khumrah"",""fa"":""خمره"",""de"":""Khumrah"",""es"":""Khumrah"",""fr"":""Khumrah"",""ja"":""クムラ"",""it"":""Khumrah"",""zh-CN"":""库姆拉"",""tr"":""Humre"",""ru"":""Хумра"",""uk"":""Хумра"",""pl"":""Chumra"",""hi"":""ख़ुमरा"",""ar"":""خمرة""}",2021-09-27T03:51:03,2025-12-02T17:11:50,1,Q6402964
148986,Kulakh,2850,02,194,SA,city,,,21.29640000,40.79690000,كولاخ,0,Asia/Riyadh,"{""br"":""Kulakh"",""ko"":""쿨라크"",""pt-BR"":""Kulakh"",""pt"":""Kulakh"",""nl"":""Kulakh"",""hr"":""Kulah"",""fa"":""کولاخ"",""de"":""Kulach"",""es"":""Kulakh"",""fr"":""Kulakh"",""ja"":""クラーク"",""it"":""Kulakh"",""zh-CN"":""库拉赫"",""tr"":""Kulakh"",""ru"":""Кулах"",""uk"":""Кулах"",""pl"":""Kulach"",""hi"":""कुलाख"",""ar"":""كولاخ""}",2021-09-27T03:51:03,2025-12-02T16:59:27,1,Q6442758
148988,Madrakah,2850,02,194,SA,city,,,21.97970000,39.98750000,مدركة,0,Asia/Riyadh,"{""br"":""Madraka"",""ko"":""마드라카"",""pt-BR"":""Madrakah"",""pt"":""Madrakah"",""nl"":""Madrakah"",""hr"":""Madrakah"",""fa"":""مدرکا"",""de"":""Madrakah"",""es"":""Madraza"",""fr"":""Madrakah"",""ja"":""マドラカ"",""it"":""Madrakah"",""zh-CN"":""马德拉卡"",""tr"":""Madrakah"",""ru"":""Мадрака"",""uk"":""Мадрака"",""pl"":""Madrakah"",""hi"":""मदरका"",""ar"":""مدركة""}",2021-09-27T03:51:03,2025-12-02T16:59:27,1,Q6728463
148989,Mafruq,2850,02,194,SA,city,,,21.52220000,40.17940000,المفرق,0,Asia/Riyadh,"{""br"":""Mafruq"",""ko"":""마프루크"",""pt-BR"":""Mafruq"",""pt"":""Mafruq"",""nl"":""Mafruq"",""hr"":""Mafruq"",""fa"":""مفرق"",""de"":""Mafruq"",""es"":""Mafruq"",""fr"":""Mafruq"",""ja"":""マフルク"",""it"":""Mafruq"",""zh-CN"":""马夫鲁格"",""tr"":""Mafruq"",""ru"":""Мафрук"",""uk"":""Мафрук"",""pl"":""Mafruq"",""hi"":""मफरुक"",""ar"":""المفرق""}",2021-09-27T03:51:03,2025-12-02T16:59:27,1,Q6729524
148990,Malakan,2850,02,194,SA,city,,,21.21580000,39.95030000,مالاكان,0,Asia/Riyadh,"{""br"":""Malakan"",""ko"":""말라칸"",""pt-BR"":""Malakan"",""pt"":""Malakan"",""nl"":""Malakan"",""hr"":""Malakan"",""fa"":""ملکان"",""de"":""Malakan"",""es"":""Malakan"",""fr"":""Malakan"",""ja"":""マラカン"",""it"":""Malakan"",""zh-CN"":""马拉坎"",""tr"":""Malakan"",""ru"":""Малакан"",""uk"":""Малакан"",""pl"":""Malakan"",""hi"":""मलाकन"",""ar"":""مالاكان""}",2021-09-27T03:51:03,2025-12-02T16:59:27,1,Q6741148
148991,Mashajji,2850,02,194,SA,city,,,21.73890000,39.96670000,ماشاجي,0,Asia/Riyadh,"{""br"":""Mashajji"",""ko"":""마샤지"",""pt-BR"":""Mashajji"",""pt"":""Mashajji"",""nl"":""Mashajji"",""hr"":""Mašadži"",""fa"":""مشاجی"",""de"":""Mashajji"",""es"":""Mashajji"",""fr"":""Mashajji"",""ja"":""マシャジ"",""it"":""Mashajji"",""zh-CN"":""马沙吉"",""tr"":""Maşacı"",""ru"":""Машаджи"",""uk"":""Машаджі"",""pl"":""Maszajdżi"",""hi"":""मशाज्जी"",""ar"":""ماشاجي""}",2021-09-27T03:51:03,2025-12-02T16:59:27,1,Q6783061
148992,Masihat Mahd al Hayl,2850,02,194,SA,city,,,21.94170000,39.88610000,مسيحة مهد الحيل,0,Asia/Riyadh,"{""br"":""Masihat Mahd al Hayl"",""ko"":""마시하트 마흐드 알 하일"",""pt-BR"":""Mesquita Mahd al Hayl"",""pt"":""Mesquita Mahd al Hayl"",""nl"":""Masihat Mahd al Hayl"",""hr"":""Masihat Mahd al-Hayl"",""fa"":""مسیحت مهد الحیل"",""de"":""Masihat Mahd al Hayl"",""es"":""Masihat Mahd al Hayl"",""fr"":""Masihat Mahd al Hayl"",""ja"":""マシハット・マフド・アル・ハイル"",""it"":""Masihat Mahd al Hayl"",""zh-CN"":""马西哈特·马赫德·哈伊尔"",""tr"":""Masihat Mahd al Hayl"",""ru"":""Масихат Махд аль Хайл"",""uk"":""Масіхат Махд аль-Хайл"",""pl"":""Masihat Mahd al Hayl"",""hi"":""मसीहत महद अल हैल"",""ar"":""مسيحة مهد الحيل""}",2021-09-27T03:51:03,2025-12-02T16:59:27,1,Q6783262
148993,Maskar,2850,02,194,SA,city,,,21.75000000,40.31640000,مسكار,0,Asia/Riyadh,"{""br"":""Maskar"",""ko"":""마스카르"",""pt-BR"":""Máscara"",""pt"":""Máscara"",""nl"":""Masker"",""hr"":""Maskar"",""fa"":""ماسکار"",""de"":""Maskar"",""es"":""Máscara"",""fr"":""Masquer"",""ja"":""マスカー"",""it"":""Maschera"",""zh-CN"":""马斯卡"",""tr"":""Maskar"",""ru"":""Маскар"",""uk"":""Маскар"",""pl"":""Maskar"",""hi"":""मस्कर"",""ar"":""مسكار""}",2021-09-27T03:51:03,2025-12-02T16:59:27,1,Q2737548
148994,Matiyah,2850,02,194,SA,adm1,,,21.54170000,39.81940000,ماتيا,0,Asia/Riyadh,"{""br"":""Matiyah"",""ko"":""마티야"",""pt-BR"":""Matiyah"",""pt"":""Matiyah"",""nl"":""Matiyah"",""hr"":""Matija"",""fa"":""متیه"",""de"":""Matiyah"",""es"":""Matiyah"",""fr"":""Matiyah"",""ja"":""マティヤ"",""it"":""Matiyah"",""zh-CN"":""马蒂亚"",""tr"":""Matiyah"",""ru"":""Матия"",""uk"":""Матія"",""pl"":""Matiyah"",""hi"":""मटियाह"",""ar"":""ماتيا""}",2021-09-27T03:51:03,2025-12-02T17:11:50,1,Q6787621
148996,Mina,2850,02,194,SA,city,,,21.41333333,39.89333333,مينا,0,Asia/Riyadh,"{""br"":""Mina"",""ko"":""미나"",""pt-BR"":""Mina"",""pt"":""Mina"",""nl"":""Mijn"",""hr"":""Mina"",""fa"":""مینا"",""de"":""Mina"",""es"":""Mina"",""fr"":""Mina"",""ja"":""ミナ"",""it"":""Mina"",""zh-CN"":""米娜"",""tr"":""Mina"",""ru"":""Мина"",""uk"":""Міна"",""pl"":""Mina"",""hi"":""मीना"",""ar"":""مينا""}",2021-09-27T03:51:03,2025-12-02T16:59:27,1,Q753276
148998,Murshidiyah,2850,02,194,SA,city,,,21.48890000,39.79440000,المرشدية,0,Asia/Riyadh,"{""br"":""Murshidiyah"",""ko"":""무르시디야"",""pt-BR"":""Murshidiyah"",""pt"":""Murshidiyah"",""nl"":""Murshidiyah"",""hr"":""Muršidija"",""fa"":""مرشدیه"",""de"":""Murshidiyah"",""es"":""Murshidiyah"",""fr"":""Murshidiyah"",""ja"":""ムルシディヤ"",""it"":""Murshidiyah"",""zh-CN"":""穆尔希迪亚"",""tr"":""Mürşidiye"",""ru"":""Муршидия"",""uk"":""Муршидія"",""pl"":""Murshidiyah"",""hi"":""मुर्शिदिया"",""ar"":""المرشدية""}",2021-09-27T03:51:04,2025-12-02T16:59:27,1,Q6939687
148999,Mushrif,2850,02,194,SA,city,,,22.62920000,41.35670000,مشرف,0,Asia/Riyadh,"{""br"":""Mushrif"",""ko"":""무시리프"",""pt-BR"":""Cogumelo"",""pt"":""Cogumelo"",""nl"":""Mushrif"",""hr"":""Mušrif"",""fa"":""مشرف"",""de"":""Mushrif"",""es"":""Mushrif"",""fr"":""Mushrif"",""ja"":""ムシュリフ"",""it"":""Mushrif"",""zh-CN"":""穆什里夫"",""tr"":""Müşrif"",""ru"":""Мушриф"",""uk"":""Мушриф"",""pl"":""Mushrif"",""hi"":""मुशरिफ"",""ar"":""مشرف""}",2021-09-27T03:51:04,2025-12-02T16:59:27,1,Q6941288
149000,Nughayshiyah,2850,02,194,SA,city,,,21.21670000,40.75000000,النغيشية,0,Asia/Riyadh,"{""br"":""Nughayshiyah"",""ko"":""누가이시야"",""pt-BR"":""Nughayshiyah"",""pt"":""Nughayshiyah"",""nl"":""Nughayshiyah"",""hr"":""Nughayshiyah"",""fa"":""نقیشیا"",""de"":""Nughayshiyah"",""es"":""Nughayshiyah"",""fr"":""Nughayshiyah"",""ja"":""ヌガイシヤ"",""it"":""Nughayshiyah"",""zh-CN"":""努盖希亚"",""tr"":""Nugayshiyah"",""ru"":""Нугайшия"",""uk"":""Нугайшія"",""pl"":""Nughayshiyah"",""hi"":""नुग़ैशियाह"",""ar"":""النغيشية""}",2021-09-27T03:51:04,2025-12-02T16:59:27,1,Q7068770
149001,Nuzlat al Faqin,2850,02,194,SA,city,,,22.00000000,39.41670000,نزلة الفاقين,0,Asia/Riyadh,"{""br"":""Nuzlat al Faqin"",""ko"":""누즐라트 알 파킨"",""pt-BR"":""Nuzlat al Faqin"",""pt"":""Nuzlat al Faqin"",""nl"":""Nuzlat al Faqin"",""hr"":""Nuzlat al Faqin"",""fa"":""نزلة الفقین"",""de"":""Nuzlat al Faqin"",""es"":""Nuzlat al Faqin"",""fr"":""Nuzlat al Faqin"",""ja"":""ヌズラト・アル・ファキン"",""it"":""Nuzlat al Faqin"",""zh-CN"":""努兹拉特·法钦"",""tr"":""Nuzlat al Faqin"",""ru"":""Нузлат аль Факин"",""uk"":""Нузлат аль-Факін"",""pl"":""Nuzlat al Faqin"",""hi"":""नुज़लत अल फ़क़ीन"",""ar"":""نزلة الفاقين""}",2021-09-27T03:51:04,2025-12-02T16:59:27,1,Q7070701
149002,Qiya,2850,02,194,SA,city,,,21.06670000,41.01670000,كيا,0,Asia/Riyadh,"{""br"":""Qiya"",""ko"":""키야"",""pt-BR"":""Qiya"",""pt"":""Qiya"",""nl"":""Qiya"",""hr"":""Kija"",""fa"":""کیا"",""de"":""Qiya"",""es"":""Qiya"",""fr"":""Qiya"",""ja"":""キヤ"",""it"":""Qiya"",""zh-CN"":""齐亚"",""tr"":""Qiya"",""ru"":""Кия"",""uk"":""Кія"",""pl"":""Qiya"",""hi"":""क़िया"",""ar"":""كيا""}",2021-09-27T03:51:04,2025-12-02T16:59:27,1,Q7267978
149003,Quwayzah,2850,02,194,SA,city,,,21.49030000,39.27670000,قويزة,0,Asia/Riyadh,"{""br"":""Quwayzah"",""ko"":""쿠와이자"",""pt-BR"":""Quwayzah"",""pt"":""Quwayzah"",""nl"":""Quwayzah"",""hr"":""Kuvajza"",""fa"":""قویزه"",""de"":""Quwayzah"",""es"":""Quwayzah"",""fr"":""Quwayzah"",""ja"":""クワイザ"",""it"":""Quwayzah"",""zh-CN"":""库瓦扎"",""tr"":""Kuveyzah"",""ru"":""Кувейза"",""uk"":""Кувайза"",""pl"":""Quwayzah"",""hi"":""कुवैज़ा"",""ar"":""قويزة""}",2021-09-27T03:51:04,2025-12-02T16:59:27,1,Q7273030
149004,Rabwah Ghran,2850,02,194,SA,city,,,21.98330000,39.41670000,ربوة غران,0,Asia/Riyadh,"{""br"":""Rabwah Ghran"",""ko"":""라브와 그란"",""pt-BR"":""Rabwah Ghran"",""pt"":""Rabwah Ghran"",""nl"":""Rabwah Ghran"",""hr"":""Rabwah Ghran"",""fa"":""ربوه غران"",""de"":""Rabwah Ghran"",""es"":""Rabwah Ghran"",""fr"":""Rabwah Ghran"",""ja"":""ラブワ・グラン"",""it"":""Rabwah Ghran"",""zh-CN"":""拉布瓦·格兰"",""tr"":""Rabwah Ghran"",""ru"":""Рабва Гхран"",""uk"":""Рабва Гран"",""pl"":""Rabwah Ghran"",""hi"":""रबवाह घ्रान"",""ar"":""ربوة غران""}",2021-09-27T03:51:04,2025-12-02T16:59:27,1,Q4783041
149005,Raqiyah,2850,02,194,SA,city,,,21.76670000,40.35000000,راقية,0,Asia/Riyadh,"{""br"":""Raqiyah"",""ko"":""라키야"",""pt-BR"":""Raqiyah"",""pt"":""Raqiyah"",""nl"":""Raqiyah"",""hr"":""Rakija"",""fa"":""رقیه"",""de"":""Raqiyah"",""es"":""Raqiyah"",""fr"":""Raqiyah"",""ja"":""ラキヤ"",""it"":""Raqiyah"",""zh-CN"":""拉基亚"",""tr"":""Rakiye"",""ru"":""Ракия"",""uk"":""Ракія"",""pl"":""Rakija"",""hi"":""रकियाह"",""ar"":""راقية""}",2021-09-27T03:51:04,2025-12-02T16:59:27,1,Q7294413
149006,Sabuhah,2850,02,194,SA,city,,,21.58330000,40.11670000,صبوحة,0,Asia/Riyadh,"{""br"":""Sabuhah"",""ko"":""사부하"",""pt-BR"":""Sabuhah"",""pt"":""Sabuhah"",""nl"":""Sabuhah"",""hr"":""Sabuhah"",""fa"":""صبوحه"",""de"":""Sabuhah"",""es"":""Sabuhah"",""fr"":""Sabuhah"",""ja"":""サブハ"",""it"":""Sabuhah"",""zh-CN"":""萨布哈"",""tr"":""Sabuhah"",""ru"":""Сабуха"",""uk"":""Сабухах"",""pl"":""Sabuhah"",""hi"":""सबुहा"",""ar"":""صبوحة""}",2021-09-27T03:51:04,2025-12-02T16:59:27,1,Q7396475
149008,Shira`ayn,2850,02,194,SA,city,,,21.28330000,40.78330000,شراعين,0,Asia/Riyadh,"{""br"":""Shira`ayn"",""ko"":""시라인"",""pt-BR"":""Shira`ayn"",""pt"":""Shira`ayn"",""nl"":""Shira`ayn"",""hr"":""Šira'ayn"",""fa"":""شیرعین"",""de"":""Shira`ayn"",""es"":""Shira`ayn"",""fr"":""Shira`ayn"",""ja"":""シラアイン"",""it"":""Shira`ayn"",""zh-CN"":""希拉艾因"",""tr"":""Şira`ayn"",""ru"":""Шираайн"",""uk"":""Шираайн"",""pl"":""Shira`ayn"",""hi"":""शिरा`आयन"",""ar"":""شراعين""}",2021-09-27T03:51:04,2025-12-02T16:59:27,1,Q7498213
149009,Sulaym,2850,02,194,SA,city,,,22.58330000,39.63330000,سليم,0,Asia/Riyadh,"{""br"":""Sulaym"",""ko"":""술라임"",""pt-BR"":""Sulaym"",""pt"":""Sulaym"",""nl"":""Sulaym"",""hr"":""Sulejm"",""fa"":""سلیم"",""de"":""Sulaym"",""es"":""Sulaym"",""fr"":""Soulaym"",""ja"":""スレイム"",""it"":""Sulaym"",""zh-CN"":""苏莱姆"",""tr"":""Süleyman"",""ru"":""Сулайм"",""uk"":""Сулейм"",""pl"":""Sulajm"",""hi"":""सुलेयम"",""ar"":""سليم""}",2021-09-27T03:51:04,2025-12-02T16:59:27,1,Q7636043
149010,Sumaymah,2850,02,194,SA,city,,,21.25000000,39.16670000,سميمة,0,Asia/Riyadh,"{""br"":""Sumaymah"",""ko"":""수마이마"",""pt-BR"":""Sumaymah"",""pt"":""Sumaymah"",""nl"":""Sumaymah"",""hr"":""Sumaymah"",""fa"":""سمیه"",""de"":""Sumaymah"",""es"":""Sumaymah"",""fr"":""Sumaymah"",""ja"":""スマイマ"",""it"":""Sumaymah"",""zh-CN"":""苏迈玛"",""tr"":""Sümeyme"",""ru"":""Сумайма"",""uk"":""Сумайма"",""pl"":""Sumaymah"",""hi"":""सुमायमा"",""ar"":""سميمة""}",2021-09-27T03:51:04,2025-12-02T16:59:27,1,Q7637030
149011,Suways,2850,02,194,SA,city,,,21.95000000,39.96670000,سويس,0,Asia/Riyadh,"{""br"":""Suways"",""ko"":""수웨이스"",""pt-BR"":""Suways"",""pt"":""Suways"",""nl"":""Suways"",""hr"":""Suways"",""fa"":""سویس"",""de"":""Suways"",""es"":""Metros"",""fr"":""Suways"",""ja"":""スウェイズ"",""it"":""Suways"",""zh-CN"":""苏韦斯"",""tr"":""Suways"",""ru"":""Сувейс"",""uk"":""Сувейс"",""pl"":""Suways"",""hi"":""अस सुवायस"",""ar"":""سويس""}",2021-09-27T03:51:04,2025-12-02T16:59:27,1,Q7650593
149013,Tharwah,2850,02,194,SA,city,,,21.51670000,39.61670000,ثروة,0,Asia/Riyadh,"{""br"":""Tharwah"",""ko"":""타르와"",""pt-BR"":""Tharwah"",""pt"":""Tharwah"",""nl"":""Tharwah"",""hr"":""Tarva"",""fa"":""ثروة"",""de"":""Tharwah"",""es"":""Tharwah"",""fr"":""Tharwah"",""ja"":""サーワ"",""it"":""Tharwah"",""zh-CN"":""塔瓦"",""tr"":""Tharwah"",""ru"":""Тарва"",""uk"":""Тарва"",""pl"":""Tharwah"",""hi"":""थरवाह"",""ar"":""ثروة""}",2021-09-27T03:51:04,2025-12-02T16:59:27,1,Q7710846
149014,Thuwal,2850,02,194,SA,city,,,22.28333333,39.10000000,ثول,17792,Asia/Riyadh,"{""br"":""Thuwal"",""ko"":""투왈"",""pt-BR"":""Thuwal"",""pt"":""Thuwal"",""nl"":""Thuwal"",""hr"":""Thuwal"",""fa"":""ثوال"",""de"":""Thuwal"",""es"":""Thuwal"",""fr"":""Thuwal"",""ja"":""トゥワル"",""it"":""Thuwal"",""zh-CN"":""图瓦尔"",""tr"":""Thuwal"",""ru"":""Тувал"",""uk"":""Тувал"",""pl"":""Thuwal"",""hi"":""थुवाल"",""ar"":""ثول""}",2021-09-27T03:51:04,2025-12-02T17:11:50,1,Q4120103
149015,Usfan,2850,02,194,SA,city,,,21.92306000,39.35594000,عسفان,0,Asia/Riyadh,"{""br"":""Usfan"",""ko"":""우스판"",""pt-BR"":""Usfan"",""pt"":""Usfan"",""nl"":""Usfan"",""hr"":""Usfan"",""fa"":""یوسفان"",""de"":""Usfan"",""es"":""Usfan"",""fr"":""Usfan"",""ja"":""ウスファン"",""it"":""Usfan"",""zh-CN"":""乌斯凡"",""tr"":""Usfan"",""ru"":""Усфан"",""uk"":""Усфан"",""pl"":""Usfan"",""hi"":""उस्फ़ान"",""ar"":""عسفان""}",2021-09-27T03:51:04,2025-12-02T17:11:50,1,Q16121224
149016,Wadi al Jalil,2850,02,194,SA,city,,,21.46670000,39.85000000,وادي الجليل,0,Asia/Riyadh,"{""br"":""Wadi al Jalil"",""ko"":""와디 알 잘릴"",""pt-BR"":""Wadi al Jalil"",""pt"":""Wadi al Jalil"",""nl"":""Wadi al Jalil"",""hr"":""Wadi al-Džalil"",""fa"":""وادی الجلیل"",""de"":""Wadi al Jalil"",""es"":""Wadi al Jalil"",""fr"":""Wadi al Jalil"",""ja"":""ワディ・アル・ジャリル"",""it"":""Wadi al Jalil"",""zh-CN"":""瓦迪·阿尔·贾利勒"",""tr"":""Vadi el Celil"",""ru"":""Вади-эль-Джалиль"",""uk"":""Ваді-аль-Джаліл"",""pl"":""Wadi al-Dżalil"",""hi"":""वादी अल जलील"",""ar"":""وادي الجليل""}",2021-09-27T03:51:04,2025-12-02T16:59:27,1,Q7959262
149017,Al Bir,2849,01,194,SA,city,,,25.30000000,45.96670000,البير,0,Asia/Riyadh,"{""br"":""Al Bir"",""ko"":""알 비르"",""pt-BR"":""Al Bir"",""pt"":""Al Bir"",""nl"":""Al Bir"",""hr"":""Al Bir"",""fa"":""ال بیر"",""de"":""Al Bir"",""es"":""Al Bir"",""fr"":""Al-Bir"",""ja"":""アル・ビール"",""it"":""Al Bir"",""zh-CN"":""阿尔比尔"",""tr"":""Al Bir"",""ru"":""Аль Бир"",""uk"":""Аль-Бір"",""pl"":""Al Bir"",""hi"":""अल बीर"",""ar"":""البير""}",2021-09-27T03:54:14,2025-12-02T16:59:27,1,Q12184747
149018,Al Hair,2849,01,194,SA,city,,,24.39072000,46.98677000,الهير,13377,Asia/Riyadh,"{""br"":""Al Hair"",""ko"":""알 헤어"",""pt-BR"":""Al Hair"",""pt"":""Al Hair"",""nl"":""Al Hair"",""hr"":""Al kosa"",""fa"":""ال هیر"",""de"":""Al Hair"",""es"":""Al Hair"",""fr"":""Al Hair"",""ja"":""アル・ヘア"",""it"":""Al Hair"",""zh-CN"":""艾尔·海尔"",""tr"":""Al Saç"",""ru"":""Эл Хэйр"",""uk"":""Аль Волосся"",""pl"":""Al Hair"",""hi"":""अल हेयर"",""ar"":""الهير""}",2021-09-27T03:54:14,2025-12-02T16:59:27,1,Q23048600
149019,Al Jurayfah,2849,01,194,SA,city,,,25.52932000,45.25644000,الجريفة,0,Asia/Riyadh,"{""br"":""Al Jurayfah"",""ko"":""알 주라이파"",""pt-BR"":""Al Jurayfah"",""pt"":""Al Jurayfah"",""nl"":""Al Jurayfah"",""hr"":""Al Džurajfa"",""fa"":""الجریفه"",""de"":""Al Jurayfah"",""es"":""Al Jurayfah"",""fr"":""Al Jurayfah"",""ja"":""アル・ジュライファ"",""it"":""Al Jurayfah"",""zh-CN"":""朱赖法"",""tr"":""Al Jurayfah"",""ru"":""Аль-Джурайфа"",""uk"":""Аль-Джурайфа"",""pl"":""Al-Dżurayfa"",""hi"":""अल जुरैफा"",""ar"":""الجريفة""}",2021-09-27T03:54:14,2025-12-02T16:59:27,1,Q6722656
149020,Ar Rayn,2849,01,194,SA,city,,,23.54995000,45.50463000,أر رين,0,Asia/Riyadh,"{""br"":""Ar Rayn"",""ko"":""아르 레인"",""pt-BR"":""Ar Rayn"",""pt"":""Ar Rayn"",""nl"":""Ar Rayn"",""hr"":""Ar Rayn"",""fa"":""آر رین"",""de"":""Ar Rayn"",""es"":""Ar Rayn"",""fr"":""Ar Rayn"",""ja"":""アル・レイン"",""it"":""Ar Rayn"",""zh-CN"":""艾尔·雷恩"",""tr"":""Ar Rayn"",""ru"":""Ар Рэйн"",""uk"":""Ар Рейн"",""pl"":""Ar Rayn"",""hi"":""अर रेन"",""ar"":""أر رين""}",2021-09-27T03:54:14,2025-12-02T16:59:27,1,Q12241891
149021,As Salamiyah,2849,01,194,SA,city,,,24.20154000,47.28872000,السلمية,,Asia/Riyadh,"{""br"":""Evel Salamiyah"",""ko"":""살라미야로서"",""pt-BR"":""Como Salamiyah"",""pt"":""Como Salamiyah"",""nl"":""Als Salamiyah"",""hr"":""Kao Salamiyah"",""fa"":""به عنوان سلامیه"",""de"":""As Salamiyah"",""es"":""Como Salamiyah"",""fr"":""As Salamiyah"",""ja"":""サラミヤ"",""it"":""Come Salamiyah"",""zh-CN"":""阿斯萨拉米亚"",""tr"":""As Salamiyah"",""ru"":""Ас Саламия"",""uk"":""Як Саламія"",""pl"":""Jako Salamiyah"",""hi"":""अस सलामियाह"",""ar"":""السلمية""}",2021-09-27T03:54:14,2025-12-02T16:59:27,1,Q12192365
149022,Dawadmi,2849,01,194,SA,city,,,24.44599930,44.13004840,الدوادمي,61834,Asia/Riyadh,"{""br"":""Dawadmi"",""ko"":""다와드미"",""pt-BR"":""Dawadmi"",""pt"":""Dawadmi"",""nl"":""Dawadmi"",""hr"":""Dawadmi"",""fa"":""دوادمی"",""de"":""Dawadmi"",""es"":""Dawadmi"",""fr"":""Dawadmi"",""ja"":""ダワドミ"",""it"":""Dawadmi"",""zh-CN"":""达瓦德米"",""tr"":""Dawadmi"",""ru"":""Давадми"",""uk"":""Давадмі"",""pl"":""Dawadmi"",""hi"":""दावादमी"",""ar"":""الدوادمي""}",2021-09-27T03:54:14,2025-12-02T16:59:27,1,Q97290974
149023,Diriyah,2849,01,194,SA,city,,,24.75187000,46.53874000,الدرعية,61609,Asia/Riyadh,"{""br"":""Diriyah"",""ko"":""디리야"",""pt-BR"":""Diriyah"",""pt"":""Diriyah"",""nl"":""Diriyah"",""hr"":""Diriyah"",""fa"":""دیریه"",""de"":""Diriyah"",""es"":""Diriyah"",""fr"":""Diriyah"",""ja"":""ディルイーヤ"",""it"":""Diriyah"",""zh-CN"":""德拉伊耶"",""tr"":""Diriye"",""ru"":""Дирия"",""uk"":""Дірія"",""pl"":""Dirijja"",""hi"":""जेद्दा"",""ar"":""الدرعية""}",2021-09-27T03:54:14,2025-12-02T14:39:31,1,Q277505
149024,Harmah,2849,01,194,SA,adm2,,,25.91666667,45.33333333,هرمه,0,Asia/Riyadh,"{""br"":""Harmah"",""ko"":""하마"",""pt-BR"":""Harmah"",""pt"":""Harmah"",""nl"":""Harmah"",""hr"":""Harmah"",""fa"":""حرمه"",""de"":""Harmah"",""es"":""Harmah"",""fr"":""Harmah"",""ja"":""ハルマ"",""it"":""Harmah"",""zh-CN"":""哈玛"",""tr"":""Harmah"",""ru"":""Харма"",""uk"":""Харма"",""pl"":""Harmah"",""hi"":""हरमाह"",""ar"":""هرمه""}",2021-09-27T03:54:14,2025-12-02T17:11:50,1,Q3543429
149025,Jalajil,2849,01,194,SA,city,,,25.66666667,45.45000000,جلاجل,0,Asia/Riyadh,"{""br"":""Jalaga"",""ko"":""잘라질"",""pt-BR"":""Jalajil"",""pt"":""Jalajil"",""nl"":""Jalajil"",""hr"":""Jalajil"",""fa"":""جلاجیل"",""de"":""Jalajil"",""es"":""Jalajil"",""fr"":""Jalajil"",""ja"":""ジャラジル"",""it"":""Jalajil"",""zh-CN"":""贾拉吉尔"",""tr"":""Celalil"",""ru"":""Джаладжиль"",""uk"":""Джаладжіл"",""pl"":""Dżaladżil"",""hi"":""जलाजिल"",""ar"":""جلاجل""}",2021-09-27T03:54:14,2025-12-02T16:59:27,1,Q3543658
149026,Layla,2849,01,194,SA,city,,,22.28330000,46.73330000,ليلى,7920,Asia/Riyadh,"{""br"":""Layla"",""ko"":""레이라"",""pt-BR"":""Layla"",""pt"":""Layla"",""nl"":""Layla"",""hr"":""Layla"",""fa"":""لیلا"",""de"":""Layla"",""es"":""Layla"",""fr"":""Layla"",""ja"":""レイラ"",""it"":""Layla"",""zh-CN"":""莱拉"",""tr"":""Leyla"",""ru"":""Лейла"",""uk"":""Лейла"",""pl"":""Layla"",""hi"":""लैला"",""ar"":""ليلى""}",2021-09-27T03:54:14,2025-12-02T17:11:50,1,Q26958
149027,Manfuha,2849,01,194,SA,capital,,,24.59611111,46.72722222,منفوحة,0,Asia/Riyadh,"{""br"":""Manfuha"",""ko"":""만푸하"",""pt-BR"":""Manfuha"",""pt"":""Manfuha"",""nl"":""Manfuha"",""hr"":""Manfuha"",""fa"":""منفوحه"",""de"":""Manfuha"",""es"":""Manfuha"",""fr"":""Manfuha"",""ja"":""マンフーハ"",""it"":""Manfuha"",""zh-CN"":""曼富哈"",""tr"":""Manfuha"",""ru"":""Манфуха"",""uk"":""Манфуха"",""pl"":""Manfuha"",""hi"":""मनफूहा"",""ar"":""منفوحة""}",2021-09-27T03:54:14,2025-12-02T17:11:50,1,Q2051873
149028,Najan,2849,01,194,SA,city,,,24.07746000,47.16590000,نجان,3883,Asia/Riyadh,"{""br"":""Najan"",""ko"":""나잔"",""pt-BR"":""Najan"",""pt"":""Najan"",""nl"":""Najan"",""hr"":""Najan"",""fa"":""نجان"",""de"":""Najan"",""es"":""Najan"",""fr"":""Najan"",""ja"":""ナジャン"",""it"":""Najan"",""zh-CN"":""纳詹"",""tr"":""Najan"",""ru"":""Наджан"",""uk"":""Наджан"",""pl"":""Najan"",""hi"":""नाजन"",""ar"":""نجان""}",2021-09-27T03:54:14,2025-12-02T17:11:50,1,Q12248676
157026,Sharurah,2860,10,194,SA,city,,,17.47048000,47.11101000,شرورة,73159,Asia/Riyadh,"{""br"":""Sharurah"",""ko"":""샤루라"",""pt-BR"":""Sharurah"",""pt"":""Sharurah"",""nl"":""Sharurah"",""hr"":""Šarura"",""fa"":""شروره"",""de"":""Sharurah"",""es"":""Sharurah"",""fr"":""Sharurah"",""ja"":""シャルラ"",""it"":""Sharurah"",""zh-CN"":""沙鲁拉"",""tr"":""Şer'urah"",""ru"":""Шарура"",""uk"":""Шарура"",""pl"":""Sharurah"",""hi"":""शरूरा"",""ar"":""شرورة""}",2025-10-08T23:00:00,2025-12-02T16:59:27,1,Q506025
157027,Habona,2860,10,194,SA,city,,,17.36667000,45.21667000,قمرة السكن,,Asia/Riyadh,"{""br"":""Habona"",""ko"":""하보나"",""pt-BR"":""Habona"",""pt"":""Habona"",""nl"":""Habona"",""hr"":""Habona"",""fa"":""هابونا"",""de"":""Habona"",""es"":""Habona"",""fr"":""Habona"",""ja"":""ハボナ"",""it"":""Habona"",""zh-CN"":""哈博纳"",""tr"":""Habona"",""ru"":""Габона"",""uk"":""Хабона"",""pl"":""Habona"",""hi"":""हबोना"",""ar"":""هابونا""}",2025-10-08T23:00:00,2025-12-02T16:59:27,1,
157028,Thar,2860,10,194,SA,city,,,17.42083000,44.83111000,ثار,,Asia/Riyadh,"{""br"":""Thar"",""ko"":""타르"",""pt-BR"":""Lá"",""pt"":""Lá"",""nl"":""Daar"",""hr"":""Thar"",""fa"":""تار"",""de"":""Thar"",""es"":""Allí"",""fr"":""Thar"",""ja"":""タール"",""it"":""Quello"",""zh-CN"":""塔尔"",""tr"":""Thar"",""ru"":""Тар"",""uk"":""Тар"",""pl"":""Thar"",""hi"":""थार"",""ar"":""ثار""}",2025-10-08T23:00:00,2025-12-02T16:59:27,1,
157029,Yadamah,2860,10,194,SA,city,,,17.36528000,44.32639000,ياداه,16851,Asia/Riyadh,"{""br"":""Yadamah"",""ko"":""야다마"",""pt-BR"":""Yadamah"",""pt"":""Yadamah"",""nl"":""Yadamah"",""hr"":""Yadamah"",""fa"":""یادما"",""de"":""Yadamah"",""es"":""Yadamah"",""fr"":""Yadamah"",""ja"":""ヤダマ"",""it"":""Yadamah"",""zh-CN"":""亚达玛"",""tr"":""Yadamah"",""ru"":""Ядама"",""uk"":""Ядама"",""pl"":""Yadamah"",""hi"":""यादमा"",""ar"":""ياداماه""}",2025-10-08T23:00:00,2025-12-02T16:59:27,1,
157030,Badr Al Janub,2860,10,194,SA,city,,,18.02056000,42.94972000,بدر الجنوب,,Asia/Riyadh,"{""br"":""Badr Al Janub"",""ko"":""바드르 알 자누브"",""pt-BR"":""Badr Al Janub"",""pt"":""Badr Al Janub"",""nl"":""Badr Al Janub"",""hr"":""Badr Al-Džanub"",""fa"":""بدر الجنوب"",""de"":""Badr Al Janub"",""es"":""Badr Al Janub"",""fr"":""Badr Al Janub"",""ja"":""バドル・アル・ジャヌブ"",""it"":""Badr Al Janub"",""zh-CN"":""巴德尔·阿尔·贾努布"",""tr"":""Bedir El Janub"",""ru"":""Бадр аль-Джануб"",""uk"":""Бадр Аль-Джануб"",""pl"":""Badr Al Janub"",""hi"":""बद्र अल जनूब"",""ar"":""بدر الجنوب""}",2025-10-08T23:00:00,2025-12-02T16:59:27,1,Q20858652
157031,Khubash,2860,10,194,SA,city,,,17.58194000,44.27389000,خباش,,Asia/Riyadh,"{""br"":""Khubash"",""ko"":""쿠바쉬"",""pt-BR"":""Khubash"",""pt"":""Khubash"",""nl"":""Khubash"",""hr"":""Kubaš"",""fa"":""خباش"",""de"":""Khubash"",""es"":""Jubash"",""fr"":""Khubash"",""ja"":""クバシュ"",""it"":""Khubash"",""zh-CN"":""库巴什"",""tr"":""Hubash"",""ru"":""Хубаш"",""uk"":""Хубаш"",""pl"":""Chubash"",""hi"":""खुबाश"",""ar"":""خبش""}",2025-10-08T23:00:00,2025-12-02T16:59:27,1,
157032,Unaizah,2861,05,194,SA,city,,,26.08760000,43.99130000,عنيزة,,Asia/Riyadh,"{""br"":""Unaizah"",""ko"":""우나이자"",""pt-BR"":""Unaizah"",""pt"":""Unaizah"",""nl"":""Unaizah"",""hr"":""Unaizah"",""fa"":""عنیزه"",""de"":""Unaizah"",""es"":""Unaizah"",""fr"":""Unaizah"",""ja"":""ウナイザ"",""it"":""Unaizah"",""zh-CN"":""乌奈扎"",""tr"":""Unaizah"",""ru"":""Унайза"",""uk"":""Унайза"",""pl"":""Unajza"",""hi"":""उनैज़ा"",""ar"":""عنيزة""}",2025-10-09T01:00:00,2025-12-02T17:11:50,1,Q244949
157033,Muhayil,2853,14,194,SA,city,,,18.50730000,42.04860000,مونال,,Asia/Riyadh,"{""br"":""Muhayil"",""ko"":""무하일"",""pt-BR"":""Muhayil"",""pt"":""Muhayil"",""nl"":""Muhayil"",""hr"":""Muhayil"",""fa"":""مُحَییل"",""de"":""Muhayil"",""es"":""Muhayil"",""fr"":""Muhayil"",""ja"":""ムハイル"",""it"":""Muhayil"",""zh-CN"":""穆哈伊尔"",""tr"":""Muhayil"",""ru"":""Мухайил"",""uk"":""Мухаїл"",""pl"":""Muhayil"",""hi"":""मुहायिल"",""ar"":""محايل""}",2025-10-09T01:00:00,2025-12-02T16:59:27,1,Q3139388
157034,Wadi ad-Dawasir,2849,01,194,SA,city,,,20.50380000,44.39240000,Wadi ad-Dawasir,80932,Asia/Riyadh,"{""br"":""Wadi ad-Dawasir"",""ko"":""와디 아드 다와시르"",""pt-BR"":""Wadi ad-Dawasir"",""pt"":""Wadi ad-Dawasir"",""nl"":""Wadi ad-Dawasir"",""hr"":""Wadi ad-Dawasir"",""fa"":""وادی الدواسر"",""de"":""Wadi ad-Dawasir"",""es"":""Wadi ad-Dawasir"",""fr"":""Ouadi ad-Dawasir"",""ja"":""ワディ・アド・ダワシル"",""it"":""Wadi ad-Dawasir"",""zh-CN"":""达瓦西尔河谷"",""tr"":""Vadi ad-Dawasir"",""ru"":""Вади ад-Давасир"",""uk"":""Ваді ад-Давасір"",""pl"":""Wadi ad-Dawasir"",""hi"":""वादी अद-दावसिर"",""ar"":""وادي الدواسر""}",2025-10-09T17:00:00,2025-12-02T16:59:27,1,Q2520942
157035,Hail,2855,06,194,SA,adm1,,,27.52188000,41.69007000,يشيد,605930,Asia/Riyadh,"{""br"":""Grizilh"",""ko"":""빗발"",""pt-BR"":""Saudação"",""pt"":""Saudação"",""nl"":""Hagel"",""hr"":""Tuča"",""fa"":""تگرگ"",""de"":""Hagel"",""es"":""Granizo"",""fr"":""Grêle"",""ja"":""雹"",""it"":""Salve"",""zh-CN"":""冰雹"",""tr"":""Dolu"",""ru"":""Град"",""uk"":""Град"",""pl"":""Grad"",""hi"":""ओलों"",""ar"":""يشيد""}",2025-10-09T17:00:00,2025-12-02T14:39:31,1,Q241094
157036,Baqaa,2855,06,194,SA,city,,,27.76806000,41.06917000,خائف,,Asia/Riyadh,"{""br"":""Baqaa"",""ko"":""바카"",""pt-BR"":""Baqaa"",""pt"":""Baqaa"",""nl"":""Baqaa"",""hr"":""Baka"",""fa"":""بقاع"",""de"":""Baqaa"",""es"":""Baqaa"",""fr"":""Baqaa"",""ja"":""バカア"",""it"":""Baqaa"",""zh-CN"":""巴卡"",""tr"":""Bekaa"",""ru"":""Бакаа"",""uk"":""Бакаа"",""pl"":""Baqaa"",""hi"":""बक़ा"",""ar"":""بقعاء""}",2025-10-09T17:00:00,2025-12-02T16:59:27,1,Q4857681
157037,Shanan,2855,06,194,SA,city,,,27.46361000,40.64028000,شنان,,Asia/Riyadh,"{""br"":""Shanan"",""ko"":""샤난"",""pt-BR"":""Shanan"",""pt"":""Shanan"",""nl"":""Shanan"",""hr"":""Šanan"",""fa"":""شانان"",""de"":""Shanan"",""es"":""Shanan"",""fr"":""Shanan"",""ja"":""シャナン"",""it"":""Shanan"",""zh-CN"":""沙南"",""tr"":""Şanan"",""ru"":""Шанан"",""uk"":""Шанан"",""pl"":""Szanan"",""hi"":""शानान"",""ar"":""شانان""}",2025-10-09T17:00:00,2025-12-02T16:59:27,1,Q7488275
157038,Ghazalah,2855,06,194,SA,city,,,26.92333000,42.02889000,غزالة,,Asia/Riyadh,"{""br"":""Ghazalah"",""ko"":""가잘라"",""pt-BR"":""Ghazalah"",""pt"":""Ghazalah"",""nl"":""Ghazalah"",""hr"":""Gazala"",""fa"":""غزاله"",""de"":""Ghazalah"",""es"":""Ghazalah"",""fr"":""Ghazalah"",""ja"":""ガザラ"",""it"":""Ghazalah"",""zh-CN"":""加扎拉"",""tr"":""Gazâlî"",""ru"":""Газала"",""uk"":""Газала"",""pl"":""Ghazalah"",""hi"":""ग़ज़ाला"",""ar"":""غزالة""}",2025-10-09T17:00:00,2025-12-02T16:59:27,1,Q2710041
157039,Hait,2855,06,194,SA,city,,,27.10194000,41.20528000,حاد,,Asia/Riyadh,"{""br"":""Blev"",""ko"":""하이트"",""pt-BR"":""Cabelo"",""pt"":""Cabelo"",""nl"":""Hait"",""hr"":""Hait"",""fa"":""هایت"",""de"":""Hait"",""es"":""Haití"",""fr"":""Haïti"",""ja"":""ハイト"",""it"":""Hait"",""zh-CN"":""海特"",""tr"":""Hait"",""ru"":""Хаит"",""uk"":""Хаїт"",""pl"":""Hait"",""hi"":""हैट"",""ar"":""هايت""}",2025-10-09T17:00:00,2025-12-02T16:59:27,1,Q2710045
157040,Sulaimi,2855,06,194,SA,city,,,27.56667000,42.00000000,سليمان,,Asia/Riyadh,"{""br"":""Sulaimi"",""ko"":""술라이미"",""pt-BR"":""Sulaimi"",""pt"":""Sulaimi"",""nl"":""Sulaimi"",""hr"":""Sulaimi"",""fa"":""سلیمانی"",""de"":""Sulaimi"",""es"":""Sulaimi"",""fr"":""Sulaïmi"",""ja"":""スライミ"",""it"":""Sulaimi"",""zh-CN"":""苏莱米"",""tr"":""Sulaimi"",""ru"":""Сулайми"",""uk"":""Сулеймі"",""pl"":""Sulaimi"",""hi"":""सुलेमी"",""ar"":""السليمي""}",2025-10-09T17:00:00,2025-12-02T16:59:27,1,
157041,Shamli,2855,06,194,SA,city,,,27.33333000,41.75000000,شاملي,,Asia/Riyadh,"{""br"":""Shamli"",""ko"":""샴리"",""pt-BR"":""Shamli"",""pt"":""Shamli"",""nl"":""Shamli"",""hr"":""Šamli"",""fa"":""شاملی"",""de"":""Schamli"",""es"":""Shamli"",""fr"":""Shamli"",""ja"":""シャムリ"",""it"":""Shamli"",""zh-CN"":""沙姆利"",""tr"":""Şamlı"",""ru"":""Шамли"",""uk"":""Шамлі"",""pl"":""Szamli"",""hi"":""शामली"",""ar"":""شاملي""}",2025-10-09T17:00:00,2025-12-02T16:59:27,1,
157042,Sumairah,2855,06,194,SA,city,,,27.15000000,41.45000000,سميرة,,Asia/Riyadh,"{""br"":""Sumairah"",""ko"":""수마이라"",""pt-BR"":""Sumariah"",""pt"":""Sumariah"",""nl"":""Sumairah"",""hr"":""Sumairah"",""fa"":""سمیره"",""de"":""Sumairah"",""es"":""Sumairah"",""fr"":""Sumairah"",""ja"":""スマイラ"",""it"":""Sumairah"",""zh-CN"":""苏迈拉"",""tr"":""Sümeyra"",""ru"":""Сумайра"",""uk"":""Сумайра"",""pl"":""Sumairah"",""hi"":""सुमैरा"",""ar"":""سميرة""}",2025-10-09T17:00:00,2025-12-02T16:59:27,1,
160557,Hotat Bani Tamim,2849,01,194,SA,,,,23.52500000,46.83720000,حوطة بني تميم,,Asia/Riyadh,"{""ar"":""حوطة بني تميم"",""en"":""Hotat Bani Tamim""}",2026-03-28T07:45:43,2026-03-28T07:45:43,1,null
160558,Al Quwayiyah,2849,01,194,SA,city,,,24.07390000,45.28060000,القويعية,,Asia/Riyadh,"{""br"":""Dawadmi"",""ko"":""다와드미"",""pt-BR"":""Dawadmi"",""pt"":""Dawadmi"",""nl"":""Dawadmi"",""hr"":""Dawadmi"",""fa"":""دوادمی"",""de"":""Dawadmi"",""es"":""Dawadmi"",""fr"":""Dawadmi"",""ja"":""ダワドミ"",""it"":""Dawadmi"",""zh-CN"":""达瓦德米"",""tr"":""Dawadmi"",""ru"":""Давадми"",""uk"":""Давадмі"",""pl"":""Dawadmi"",""hi"":""दावादमी"",""ar"":""الدوادمي""}",2025-02-01T00:00:00,2025-02-01T00:00:00,1,Q12192352
161642,Al-Quway'iyah,2849,01,194,SA,city,,,24.04638889,45.26555556,القويعية,,Asia/Riyadh,"{""ar"":""القويعية"",""fa"":""شهر القویعیه"",""pl"":""Al-Kuwajijja"",""tr"":""El-Kuveyiye""}",2026-03-28T13:12:51,2026-03-28T13:12:51,1,Q3545549
161643,Shaqra,2849,01,194,SA,city,,,25.24833333,45.25277778,شقراء,,Asia/Riyadh,"{""ar"":""شقراء"",""de"":""Schaqrāʾ"",""ja"":""シャクラー"",""nl"":""Shaqra"",""pl"":""Szakra"",""ru"":""Шакра"",""tr"":""Şakra"",""zh-CN"":""舍格拉""}",2026-03-28T13:12:51,2026-03-28T13:12:51,1,Q97291341
