id,name,state_id,state_code,country_id,country_code,type,level,parent_id,latitude,longitude,native,population,timezone,translations,created_at,updated_at,flag,wikiDataId
107052,Abana,2197,37,225,TR,adm2,,,41.97858000,34.01100000,Çocuklar,4248,Europe/Istanbul,"{""br"":""Abana"",""ko"":""아바나"",""pt-BR"":""Abana"",""pt"":""Abana"",""nl"":""Abana"",""hr"":""Abana"",""fa"":""آبانا"",""de"":""Abana"",""es"":""Abana"",""fr"":""Abana"",""ja"":""アバナ"",""it"":""Abana"",""zh-CN"":""阿巴纳"",""tr"":""Abana"",""ru"":""Абана"",""uk"":""Абана"",""pl"":""Abana"",""hi"":""अबाना"",""ar"":""أبانا""}",2019-10-06T10:31:10,2025-12-02T14:38:56,1,Q1027037
107055,Acıgöl,2196,50,225,TR,adm2,,,38.55028000,34.50917000,Acıgöl,6749,Europe/Istanbul,"{""br"":""Acıgöl"",""ko"":""아시골"",""pt-BR"":""Acıgöl"",""pt"":""Acıgöl"",""nl"":""Acıgöl"",""hr"":""Acıgöl"",""fa"":""آجی‌گول"",""de"":""Acıgöl"",""es"":""Acıgöl"",""fr"":""Acıgöl"",""ja"":""アジゴル"",""it"":""Acıgöl"",""zh-CN"":""阿克伊格尔"",""tr"":""Acıgöl"",""ru"":""Аджигёль"",""uk"":""Аджиґель"",""pl"":""Acıgöl"",""hi"":""अकिगोल"",""ar"":""أجيجول""}",2019-10-06T10:31:10,2025-12-02T14:39:31,1,Q2006400
107057,Acıpayam,2157,20,225,TR,adm2,,,37.42385000,29.34941000,Acıpayam,10924,Europe/Istanbul,"{""br"":""Acıpayam"",""ko"":""아시파얌"",""pt-BR"":""Acıpayam"",""pt"":""Acıpayam"",""nl"":""Acıpayam"",""hr"":""Acipayam"",""fa"":""آجی‌پیام"",""de"":""Acıpayam"",""es"":""Acıpayam"",""fr"":""Acıpayam"",""ja"":""アチパヤム"",""it"":""Acıpayam"",""zh-CN"":""阿克帕亚姆"",""tr"":""Acıpayam"",""ru"":""Аджипаям"",""uk"":""Аджипаям"",""pl"":""Acıpayam"",""hi"":""अकिपायम"",""ar"":""أجيبايام""}",2019-10-06T10:31:10,2025-12-02T14:39:31,1,Q2006400
107060,Adaklı,2153,12,225,TR,adm2,,,39.22870000,40.48252000,Adaklı,0,Europe/Istanbul,"{""br"":""Adaklı"",""ko"":""아다클리"",""pt-BR"":""Adakli"",""pt"":""Adakli"",""nl"":""Adaklı"",""hr"":""Adaklí"",""fa"":""آداکلی"",""de"":""Adaklı"",""es"":""Adaklı"",""fr"":""Adaklı"",""ja"":""アダクリ"",""it"":""Adaklı"",""zh-CN"":""阿达克勒"",""tr"":""Adaklı"",""ru"":""Адаклы"",""uk"":""Адаклі"",""pl"":""Adaklı"",""hi"":""अदाक्ली"",""ar"":""أداكلي""}",2019-10-06T10:31:10,2025-12-02T14:39:31,1,Q347084
107062,Adalar,2170,34,225,TR,adm2,,,40.86913000,29.12064000,Adalar,16166,Europe/Istanbul,"{""br"":""Adalar"",""ko"":""아달라르"",""pt-BR"":""Adalar"",""pt"":""Adalar"",""nl"":""Adalar"",""hr"":""Adalar"",""fa"":""آدالار"",""de"":""Adalar"",""es"":""Adalar"",""fr"":""Adalar"",""ja"":""アダラー"",""it"":""Adalar"",""zh-CN"":""阿达拉尔"",""tr"":""Adalar"",""ru"":""Адалар"",""uk"":""Адалар"",""pl"":""Adalar"",""hi"":""अडालार"",""ar"":""أدالار""}",2019-10-06T10:31:10,2025-12-02T17:11:50,1,Q1020668
107064,Adapazarı,2150,54,225,TR,adm1,,,40.78056000,30.40333000,Adapazarı,281489,Europe/Istanbul,"{""br"":""Adapazarı"",""ko"":""아다파자르"",""pt-BR"":""Adapazarı"",""pt"":""Adapazarı"",""nl"":""Adapazarı"",""hr"":""Adapazarı"",""fa"":""آداپازاری"",""de"":""Adapazarı"",""es"":""Adapazarı"",""fr"":""Adapazarı"",""ja"":""アダパザル"",""it"":""Adapazarı"",""zh-CN"":""阿达帕扎尔"",""tr"":""Adapazarı"",""ru"":""Адапазары"",""uk"":""Адапазари"",""pl"":""Adapazarı"",""hi"":""इस्तांबुल में"",""ar"":""أدابازاري""}",2019-10-06T10:31:10,2025-12-02T14:38:56,1,Q175323
107065,Adilcevaz,2215,13,225,TR,adm2,,,38.79911000,42.73159000,Adilcevaz,52781,Europe/Istanbul,"{""br"":""Adilcevaz"",""ko"":""아딜체바즈"",""pt-BR"":""Adilcevaz"",""pt"":""Adilcevaz"",""nl"":""Adilcevaz"",""hr"":""Adilcevaz"",""fa"":""آدیلسواز"",""de"":""Adilcevaz"",""es"":""Adilcevaz"",""fr"":""Adilcevaz"",""ja"":""アディルセヴァズ"",""it"":""Adilcevaz"",""zh-CN"":""阿迪尔杰瓦兹"",""tr"":""Adilcevaz"",""ru"":""Адильджеваз"",""uk"":""Адільцеваз"",""pl"":""Adilcevaz"",""hi"":""आदिलसेवाज़"",""ar"":""عادلسيفاز""}",2019-10-06T10:31:10,2025-12-02T14:39:31,1,Q175323
107069,Afşin,2227,46,225,TR,adm2,,,38.24769000,36.91399000,Afşin,39613,Europe/Istanbul,"{""br"":""Afşin"",""ko"":""아프신"",""pt-BR"":""Afşin"",""pt"":""Afşin"",""nl"":""Afşin"",""hr"":""Afsin"",""fa"":""افشین"",""de"":""Afşin"",""es"":""Afsin"",""fr"":""Afşin"",""ja"":""アフシン"",""it"":""Afşin"",""zh-CN"":""阿夫辛"",""tr"":""Afşin"",""ru"":""Афшин"",""uk"":""Афшин"",""pl"":""Afşin"",""hi"":""अफ़सीन"",""ar"":""أفشين""}",2019-10-06T10:31:10,2025-12-02T14:39:31,1,Q166824
107071,Ahlat,2215,13,225,TR,adm2,,,38.74890000,42.48007000,Ahlat,64695,Europe/Istanbul,"{""br"":""Ahlat"",""ko"":""아흘라트"",""pt-BR"":""Ahlat"",""pt"":""Ahlat"",""nl"":""Ahlat"",""hr"":""Ahlat"",""fa"":""اهلات"",""de"":""Ahlat"",""es"":""Ahlat"",""fr"":""Ahlat"",""ja"":""アフラト"",""it"":""Ahlat"",""zh-CN"":""阿赫拉特"",""tr"":""Ahlat"",""ru"":""Ахлат"",""uk"":""Ахлат"",""pl"":""Ahlat"",""hi"":""अहलात"",""ar"":""أهلات""}",2019-10-06T10:31:10,2025-12-02T14:39:31,1,Q166824
107073,Ahmetli,2198,45,225,TR,adm2,,,38.51960000,27.93865000,Ahmetli,11377,Europe/Istanbul,"{""br"":""Ahmetli"",""ko"":""아흐메틀리"",""pt-BR"":""Ahmetli"",""pt"":""Ahmetli"",""nl"":""Ahmetli"",""hr"":""Ahmetli"",""fa"":""احمدلی"",""de"":""Ahmetli"",""es"":""Ahmetli"",""fr"":""Ahmetli"",""ja"":""アフメトリ"",""it"":""Ahmetli"",""zh-CN"":""阿赫梅特利"",""tr"":""Ahmetli"",""ru"":""Ахметли"",""uk"":""Ахметлі"",""pl"":""Ahmetli"",""hi"":""अहमेतली"",""ar"":""أحمدلي""}",2019-10-06T10:31:10,2025-12-02T14:39:31,1,Q166824
107075,Ahırlı,2171,42,225,TR,adm2,,,37.24828000,32.12419000,Ahırlı,5084,Europe/Istanbul,"{""br"":""Ahırlı"",""ko"":""아힐리"",""pt-BR"":""Ahırlı"",""pt"":""Ahırlı"",""nl"":""Ahırlı"",""hr"":""Ahirli"",""fa"":""آهیرلی"",""de"":""Ahırlı"",""es"":""Ahırlı"",""fr"":""Ahırlı"",""ja"":""アヒルリ"",""it"":""Ahırlı"",""zh-CN"":""阿赫尔利"",""tr"":""Ahırlı"",""ru"":""Ахырлы"",""uk"":""Ахирлі"",""pl"":""Ahırlı"",""hi"":""अहिरली"",""ar"":""أهيرلي""}",2019-10-06T10:31:10,2025-12-02T17:11:50,1,Q389815
107077,Akdağmadeni,2188,66,225,TR,adm2,,,39.66028000,35.88361000,Akdağmadeni,23048,Europe/Istanbul,"{""br"":""Akdağmadeni"",""ko"":""악다그마데니"",""pt-BR"":""Akdağmadeni"",""pt"":""Akdağmadeni"",""nl"":""Akdağmadeni"",""hr"":""Akdağmadeni"",""fa"":""آکداگمادنی"",""de"":""Akdağmadeni"",""es"":""Akdağmadeni"",""fr"":""Akdağmadeni"",""ja"":""アクダマデニ"",""it"":""Akdağmadeni"",""zh-CN"":""阿克达格马德尼"",""tr"":""Akdağmadeni"",""ru"":""Акдагмадени"",""uk"":""Акдагмадені"",""pl"":""Akdağmadeni"",""hi"":""अक्दागमादेनी"",""ar"":""أكداغمادني""}",2019-10-06T10:31:10,2025-12-02T14:39:31,1,Q389815
107079,Akdeniz,2156,33,225,TR,city,,,36.86424000,34.67731000,Akdeniz,264618,Europe/Istanbul,"{""br"":""Akdeniz"",""ko"":""악데니즈"",""pt-BR"":""Akdeniz"",""pt"":""Akdeniz"",""nl"":""Akdeniz"",""hr"":""Akdeniz"",""fa"":""آکدنیز"",""de"":""Akdeniz"",""es"":""Akdeniz"",""fr"":""Akdeniz"",""ja"":""アクデニズ"",""it"":""Akdeniz"",""zh-CN"":""阿克德尼兹"",""tr"":""Akdeniz"",""ru"":""Акдениз"",""uk"":""Акденіз"",""pl"":""Akdeniz"",""hi"":""अकडेनिज़"",""ar"":""أكدنيز""}",2019-10-06T10:31:10,2025-12-02T17:11:50,1,Q417000
107082,Akhisar,2198,45,225,TR,adm2,,,38.91852000,27.84006000,Akhisar,84659,Europe/Istanbul,"{""br"":""Akhisar"",""ko"":""아키사르"",""pt-BR"":""Akhisar"",""pt"":""Akhisar"",""nl"":""Akhisar"",""hr"":""Akhisar"",""fa"":""اخیسار"",""de"":""Akhisar"",""es"":""Akhisar"",""fr"":""Akhisar"",""ja"":""アキサル"",""it"":""Akhisar"",""zh-CN"":""阿克希萨尔"",""tr"":""Akhisar"",""ru"":""Акхисар"",""uk"":""Акхісар"",""pl"":""Akhisar"",""hi"":""अखिसर"",""ar"":""أخيسار""}",2019-10-06T10:31:10,2025-12-02T14:39:31,1,Q417000
107085,Akkuş,2174,52,225,TR,adm2,,,40.81000000,36.96000000,Akkuş,23369,Europe/Istanbul,"{""br"":""Akkuş"",""ko"":""아쿠스"",""pt-BR"":""Akkuş"",""pt"":""Akkuş"",""nl"":""Akkuş"",""hr"":""Akkuş"",""fa"":""آکوش"",""de"":""Akkuş"",""es"":""Akkuş"",""fr"":""Batterie"",""ja"":""アクシュ"",""it"":""Akkuş"",""zh-CN"":""阿库什"",""tr"":""Akkuş"",""ru"":""Аккуш"",""uk"":""Аккуш"",""pl"":""Akkuş"",""hi"":""Akkus"",""ar"":""أكوس""}",2019-10-06T10:31:10,2025-12-02T17:11:50,1,Q6949890
107087,Akkışla,2200,38,225,TR,adm2,,,39.00222000,36.17381000,Bilek,3317,Europe/Istanbul,"{""br"":""Akkışla"",""ko"":""악슬라"",""pt-BR"":""Akkışla"",""pt"":""Akkışla"",""nl"":""Akkışla"",""hr"":""Akkışla"",""fa"":""آکیشلا"",""de"":""Akkışla"",""es"":""Akkışla"",""fr"":""Akkışla"",""ja"":""アクシュラ"",""it"":""Akkışla"",""zh-CN"":""阿克什拉"",""tr"":""Akkışla"",""ru"":""Аккышла"",""uk"":""Аккішла"",""pl"":""Akkışla"",""hi"":""अक्किस्ला"",""ar"":""أكيشلا""}",2019-10-06T10:31:11,2025-12-02T14:39:31,1,Q6949890
107089,Akpınar,2180,40,225,TR,adm2,,,39.45005000,33.96484000,Akpınar,0,Europe/Istanbul,"{""br"":""Akpınar"",""ko"":""아크피나르"",""pt-BR"":""Akpinar"",""pt"":""Akpinar"",""nl"":""Akpınar"",""hr"":""Akpınar"",""fa"":""آکپینار"",""de"":""Akpınar"",""es"":""Akpinar"",""fr"":""Akpinar"",""ja"":""アクプナル"",""it"":""Akpınar"",""zh-CN"":""阿克皮纳尔"",""tr"":""Akpınar"",""ru"":""Акпынар"",""uk"":""Акпінар"",""pl"":""Akpınar"",""hi"":""अकपिनार"",""ar"":""أكبينار""}",2019-10-06T10:31:11,2025-12-02T14:39:31,1,Q556388
107092,Akseki,2169,07,225,TR,adm2,,,37.04861000,31.79000000,Akseki,13084,Europe/Istanbul,"{""br"":""Akseki"",""ko"":""악세키"",""pt-BR"":""Akseki"",""pt"":""Akseki"",""nl"":""Akseki"",""hr"":""Akseki"",""fa"":""آکسکی"",""de"":""Akseki"",""es"":""Akseki"",""fr"":""Akseki"",""ja"":""アアクセキ"",""it"":""Akseki"",""zh-CN"":""阿克塞基"",""tr"":""Akseki"",""ru"":""Аксеки"",""uk"":""Аксекі"",""pl"":""Akseki"",""hi"":""अक्सेकी"",""ar"":""أكسيكي""}",2019-10-06T10:31:11,2025-12-02T14:38:56,1,Q182025
107094,Aksu,2222,32,225,TR,adm2,,,37.79889000,31.07111000,Aksu,3842,Europe/Istanbul,"{""br"":""Aksu"",""ko"":""악수"",""pt-BR"":""Aksu"",""pt"":""Aksu"",""nl"":""Aksu"",""hr"":""Aksu"",""fa"":""آکسو"",""de"":""Aksu"",""es"":""Aksu"",""fr"":""Aksu"",""ja"":""アクス"",""it"":""Aksu"",""zh-CN"":""阿克苏"",""tr"":""Aksu"",""ru"":""Аксу"",""uk"":""Аксу"",""pl"":""Aksu"",""hi"":""अक्सू"",""ar"":""أكسو""}",2019-10-06T10:31:11,2025-12-02T14:39:31,1,Q182025
107095,Aksu,2169,07,225,TR,adm3,,,36.95389000,30.84778000,Aksu,0,Europe/Istanbul,"{""br"":""Aksu"",""ko"":""악수"",""pt-BR"":""Aksu"",""pt"":""Aksu"",""nl"":""Aksu"",""hr"":""Aksu"",""fa"":""آکسو"",""de"":""Aksu"",""es"":""Aksu"",""fr"":""Aksu"",""ja"":""アクス"",""it"":""Aksu"",""zh-CN"":""阿克苏"",""tr"":""Aksu"",""ru"":""Аксу"",""uk"":""Аксу"",""pl"":""Aksu"",""hi"":""अक्सू"",""ar"":""أكسو""}",2019-10-06T10:31:11,2025-12-02T14:39:31,1,Q421618
107098,Akyaka,2208,36,225,TR,adm2,,,40.74093000,43.61432000,Akyaka,0,Europe/Istanbul,"{""br"":""Akyaka"",""ko"":""아키아카"",""pt-BR"":""Akyaka"",""pt"":""Akyaka"",""nl"":""Akyaka"",""hr"":""Akyaka"",""fa"":""آکیاکا"",""de"":""Akyaka"",""es"":""Akyaka"",""fr"":""Akyaka"",""ja"":""アキヤカ"",""it"":""Akyaka"",""zh-CN"":""阿卡亚卡"",""tr"":""Akyaka"",""ru"":""Акьяка"",""uk"":""Ак'яка"",""pl"":""Akyaka"",""hi"":""अक्याका"",""ar"":""أكياكا""}",2019-10-06T10:31:11,2025-12-02T14:39:31,1,Q424414
107100,Akyazı,2150,54,225,TR,adm2,,,40.68500000,30.62222000,Akyazı,25068,Europe/Istanbul,"{""br"":""Akyazı"",""ko"":""아키아지"",""pt-BR"":""Akyazı"",""pt"":""Akyazı"",""nl"":""Akyazı"",""hr"":""Akyazi"",""fa"":""آکیازی"",""de"":""Akyazı"",""es"":""Akyazı"",""fr"":""Akyazı"",""ja"":""アキヤジ"",""it"":""Akyazı"",""zh-CN"":""阿克亚兹"",""tr"":""Akyazı"",""ru"":""Акьязы"",""uk"":""Ак'язи"",""pl"":""Akyazı"",""hi"":""अक्याज़ी"",""ar"":""أكيازي""}",2019-10-06T10:31:11,2025-12-02T14:39:31,1,Q424414
107102,Akyurt,2217,06,225,TR,city,,,40.13512000,33.08614000,Akyurt,26572,Europe/Istanbul,"{""br"":""Akyurt"",""ko"":""아퀴르트"",""pt-BR"":""Akyurt"",""pt"":""Akyurt"",""nl"":""Akyurt"",""hr"":""Akyurt"",""fa"":""آکیورت"",""de"":""Akyurt"",""es"":""Akyurt"",""fr"":""Akyurt"",""ja"":""アキュルト"",""it"":""Akyurt"",""zh-CN"":""阿克尤尔特"",""tr"":""Akyurt"",""ru"":""Акюрт"",""uk"":""Ак'юрт"",""pl"":""Akyurt"",""hi"":""अक्यूर्ट"",""ar"":""أكيورت""}",2019-10-06T10:31:11,2025-12-02T14:39:31,1,Q424435
107104,Akçaabat,2206,61,225,TR,adm2,,,41.01970000,39.56293000,Akçaabat,123552,Europe/Istanbul,"{""br"":""Akçaabat"",""ko"":""악사바트"",""pt-BR"":""Akçaabat"",""pt"":""Akçaabat"",""nl"":""Akçaabat"",""hr"":""Akçaabat"",""fa"":""آکچابات"",""de"":""Akçaabat"",""es"":""Akçaabat"",""fr"":""Akçaabat"",""ja"":""アクチャバト"",""it"":""Akçaabat"",""zh-CN"":""阿克恰巴特"",""tr"":""Akçaabat"",""ru"":""Акчаабат"",""uk"":""Акчаабат"",""pl"":""Akçaabat"",""hi"":""अक्काबात"",""ar"":""أكشابات""}",2019-10-06T10:31:11,2025-12-02T17:11:50,1,Q424435
107105,Akçadağ,2158,44,225,TR,adm2,,,38.33899000,37.97021000,Akçadağ,14788,Europe/Istanbul,"{""br"":""Akçadağ"",""ko"":""악사다그"",""pt-BR"":""Akçadağ"",""pt"":""Akçadağ"",""nl"":""Akçadağ"",""hr"":""Akçadağ"",""fa"":""آقچاداغ"",""de"":""Akçadağ"",""es"":""Akçadağ"",""fr"":""Akçadağ"",""ja"":""アクチャダグ"",""it"":""Akçadağ"",""zh-CN"":""阿克恰达"",""tr"":""Akçadağ"",""ru"":""Акчадаг"",""uk"":""Акчадаґ"",""pl"":""Akçadağ"",""hi"":""अक्कादाग"",""ar"":""أكجاداغ""}",2019-10-06T10:31:11,2025-12-02T14:39:31,1,Q424435
107107,Akçakale,2183,63,225,TR,adm2,,,36.71111000,38.94750000,Akçakale,32114,Europe/Istanbul,"{""br"":""Akçakale"",""ko"":""악사칼레"",""pt-BR"":""Akçakale"",""pt"":""Akçakale"",""nl"":""Akçakale"",""hr"":""Akçakale"",""fa"":""آکچاکاله"",""de"":""Akçakale"",""es"":""Akçakale"",""fr"":""Akçakale"",""ja"":""アクチャカレ"",""it"":""Akçakale"",""zh-CN"":""阿克恰卡莱"",""tr"":""Akçakale"",""ru"":""Акчакале"",""uk"":""Акчакале"",""pl"":""Akçakale"",""hi"":""अक्काकाले"",""ar"":""أكشاكالي""}",2019-10-06T10:31:11,2025-12-02T14:39:31,1,Q424700
107109,Akçakent,2180,40,225,TR,adm2,,,39.63184000,34.08468000,Akmakent,4229,Europe/Istanbul,"{""br"":""Akçakent"",""ko"":""Akçakent"",""pt-BR"":""Akçakent"",""pt"":""Akçakent"",""nl"":""Akçakent"",""hr"":""Akçakent"",""fa"":""آکچاکنت"",""de"":""Akçakent"",""es"":""Akçakent"",""fr"":""Akçakent"",""ja"":""アクチャケント"",""it"":""Akçakent"",""zh-CN"":""阿克恰肯特"",""tr"":""Akçakent"",""ru"":""Акчакент"",""uk"":""Акчакент"",""pl"":""Akçakent"",""hi"":""अक्काकेंट"",""ar"":""أكجاكنت""}",2019-10-06T10:31:11,2025-12-02T17:11:50,1,Q424700
107110,Akçakoca,2202,81,225,TR,adm2,,,41.08663000,31.11623000,Akçakoca,172,Europe/Istanbul,"{""br"":""Akçakoca"",""ko"":""악사코차"",""pt-BR"":""Akçakoca"",""pt"":""Akçakoca"",""nl"":""Akçakoca"",""hr"":""Akçakoca"",""fa"":""آکچاکوجا"",""de"":""Akçakoca"",""es"":""Akçakoca"",""fr"":""Akçakoca"",""ja"":""アクチャコカ"",""it"":""Akçakoca"",""zh-CN"":""阿克恰科贾"",""tr"":""Akçakoca"",""ru"":""Акчакоца"",""uk"":""Акчакоджа"",""pl"":""Akçakoca"",""hi"":""अक्काकोका"",""ar"":""أكشاكوجا""}",2019-10-06T10:31:11,2025-12-02T17:11:50,1,Q424700
107112,Akören,2171,42,225,TR,adm2,,,37.46265000,32.37489000,Akören,5879,Europe/Istanbul,"{""br"":""Akören"",""ko"":""아코렌"",""pt-BR"":""Akören"",""pt"":""Akören"",""nl"":""Akören"",""hr"":""Akören"",""fa"":""آکورن"",""de"":""Akören"",""es"":""Akören"",""fr"":""Akören"",""ja"":""アコーレン"",""it"":""Akören"",""zh-CN"":""阿克伦"",""tr"":""Akören"",""ru"":""Акёрен"",""uk"":""Акьорен"",""pl"":""Akören"",""hi"":""अकोरेन"",""ar"":""أكورين""}",2019-10-06T10:31:11,2025-12-02T17:11:50,1,Q2313013
107113,Akıncılar,2181,58,225,TR,adm2,,,40.07172000,38.34330000,Akıncılar,4779,Europe/Istanbul,"{""br"":""Akıncılar"",""ko"":""아킨칠라르"",""pt-BR"":""Akıncılar"",""pt"":""Akıncılar"",""nl"":""Akıncılar"",""hr"":""Akincılar"",""fa"":""آکینجیلار"",""de"":""Akıncılar"",""es"":""Akıncılar"",""fr"":""Akıncılar"",""ja"":""アクンチラル"",""it"":""Akıncılar"",""zh-CN"":""阿肯希拉尔"",""tr"":""Akıncılar"",""ru"":""Акынджылар"",""uk"":""Акинджилар"",""pl"":""Akıncılar"",""hi"":""अकिन्किलार"",""ar"":""أكينجيلار""}",2019-10-06T10:31:11,2025-12-02T14:39:31,1,Q2313013
107115,Akşehir,2171,42,225,TR,adm2,,,38.35750000,31.41639000,Akşehir,64446,Europe/Istanbul,"{""br"":""Akşehir"",""ko"":""악셰히르"",""pt-BR"":""Akşehir"",""pt"":""Akşehir"",""nl"":""Aksehir"",""hr"":""Akşehir"",""fa"":""آک‌شهیر"",""de"":""Akşehir"",""es"":""Aksehir"",""fr"":""Akşehir"",""ja"":""アクシェヒル"",""it"":""Akşehir"",""zh-CN"":""阿克谢希尔"",""tr"":""Akşehir"",""ru"":""Акшехир"",""uk"":""Акшехір"",""pl"":""Akşehir"",""hi"":""अक्शेहिर"",""ar"":""أكشهير""}",2019-10-06T10:31:11,2025-12-02T14:39:31,1,Q2313013
107117,Alaca,2173,19,225,TR,adm2,,,40.16833000,34.84250000,Alaca,27019,Europe/Istanbul,"{""br"":""Alaca"",""ko"":""알라카"",""pt-BR"":""Alaca"",""pt"":""Alaca"",""nl"":""Alaca"",""hr"":""Alaca"",""fa"":""آلاکا"",""de"":""Alaca"",""es"":""Alaca"",""fr"":""Alaca"",""ja"":""アラカ"",""it"":""Alaca"",""zh-CN"":""阿拉卡"",""tr"":""Alaca"",""ru"":""Аладжа"",""uk"":""Алака"",""pl"":""Alaca"",""hi"":""अलाका"",""ar"":""ألاكا""}",2019-10-06T10:31:11,2025-12-02T14:38:56,1,Q2313013
107120,Aladağ,2212,01,225,TR,adm2,,,37.55854000,35.40196000,Aladağ,15897,Europe/Istanbul,"{""br"":""Aladağ"",""ko"":""알라다그"",""pt-BR"":""Aladağ"",""pt"":""Aladağ"",""nl"":""Aladağ"",""hr"":""Aladağ"",""fa"":""آلاداغ"",""de"":""Aladağ"",""es"":""Aladağ"",""fr"":""Aladağ"",""ja"":""アラダー"",""it"":""Aladağ"",""zh-CN"":""阿拉达格"",""tr"":""Aladağ"",""ru"":""Аладаг"",""uk"":""Аладаг"",""pl"":""Aladağ"",""hi"":""अलादाग"",""ar"":""ألاداغ""}",2019-10-06T10:31:11,2025-12-02T17:11:50,1,Q911286
107122,Alanya,2169,07,225,TR,adm2,,,36.54375000,31.99982000,Alanya,364180,Europe/Istanbul,"{""br"":""Alanya"",""ko"":""알라냐"",""pt-BR"":""Alanya"",""pt"":""Alanya"",""nl"":""Alanya"",""hr"":""Alanja"",""fa"":""آلانیا"",""de"":""Alanya"",""es"":""Alanya"",""fr"":""Alanya"",""ja"":""アラニヤ"",""it"":""Alanya"",""zh-CN"":""阿拉尼亚"",""tr"":""Alanya"",""ru"":""Алания"",""uk"":""Аланія"",""pl"":""Alanya"",""hi"":""Alanya"",""ar"":""ألانيا""}",2019-10-06T10:31:11,2025-12-02T14:38:56,1,Q171810
107124,Alaplı,2213,67,225,TR,adm2,,,41.18140000,31.38514000,Alaplı,20890,Europe/Istanbul,"{""br"":""Alaplı"",""ko"":""알라플리"",""pt-BR"":""Alaplı"",""pt"":""Alaplı"",""nl"":""Alaplı"",""hr"":""Alaplı"",""fa"":""آلاپلی"",""de"":""Alaplı"",""es"":""Alaplı"",""fr"":""Alaplı"",""ja"":""アラプリ"",""it"":""Alaplı"",""zh-CN"":""阿拉普利"",""tr"":""Alaplı"",""ru"":""Алаплы"",""uk"":""Алаплі"",""pl"":""Alaplı"",""hi"":""अलापली"",""ar"":""ألابلي""}",2019-10-06T10:31:11,2025-12-02T14:39:31,1,Q171810
107126,Alaçam,2220,55,225,TR,adm2,,,41.61563000,35.60632000,Alaçam,706,Europe/Istanbul,"{""br"":""Alaçam"",""ko"":""알라삼"",""pt-BR"":""Alaçam"",""pt"":""Alaçam"",""nl"":""Alaçam"",""hr"":""Alaçam"",""fa"":""آلاچام"",""de"":""Alaçam"",""es"":""Alaçam"",""fr"":""Alaçam"",""ja"":""アラサム"",""it"":""Alaçam"",""zh-CN"":""阿拉桑"",""tr"":""Alaçam"",""ru"":""Аласам"",""uk"":""Алашам"",""pl"":""Alaçam"",""hi"":""अलाकाम"",""ar"":""ألاكام""}",2019-10-06T10:31:11,2025-12-02T17:11:50,1,Q1947471
107128,Alaşehir,2198,45,225,TR,adm2,,,38.35083000,28.51718000,Alaşehir,48147,Europe/Istanbul,"{""br"":""Alaşehir"",""ko"":""알라셰히르"",""pt-BR"":""Alaşehir"",""pt"":""Alaşehir"",""nl"":""Alaşehir"",""hr"":""Alaşehir"",""fa"":""آلاشهر"",""de"":""Alaşehir"",""es"":""Alaşehir"",""fr"":""Alaşehir"",""ja"":""アラシェヒル"",""it"":""Alaşehir"",""zh-CN"":""阿拉谢希尔"",""tr"":""Alaşehir"",""ru"":""Алашехир"",""uk"":""Алашехір"",""pl"":""Alaşehir"",""hi"":""अलासेहिर"",""ar"":""ألاشهير""}",2019-10-06T10:31:11,2025-12-02T14:39:31,1,Q941328
107130,Aliağa,2205,35,225,TR,city,,,38.80078000,27.04375000,Aliağa,95392,Europe/Istanbul,"{""br"":""Aliağa"",""ko"":""알리아가"",""pt-BR"":""Aliağa"",""pt"":""Aliağa"",""nl"":""Aliağa"",""hr"":""Aliağa"",""fa"":""علی‌آقا"",""de"":""Aliağa"",""es"":""Aliağa"",""fr"":""Aliağa"",""ja"":""アリアガ"",""it"":""Aliağa"",""zh-CN"":""阿利亚加"",""tr"":""Aliağa"",""ru"":""Алиага"",""uk"":""Аліага"",""pl"":""Aliağa"",""hi"":""अलियागा"",""ar"":""عليا آغا""}",2019-10-06T10:31:11,2025-12-02T16:59:27,1,Q1909973
107131,Almus,2199,60,225,TR,adm2,,,40.37583000,36.90444000,Almus,6303,Europe/Istanbul,"{""br"":""Almus"",""ko"":""알무스"",""pt-BR"":""Almus"",""pt"":""Almus"",""nl"":""Almus"",""hr"":""Almus"",""fa"":""آلموس"",""de"":""Almus"",""es"":""Almus"",""fr"":""Almus"",""ja"":""アルムス"",""it"":""Almus"",""zh-CN"":""阿尔穆斯"",""tr"":""Almus"",""ru"":""Алмус"",""uk"":""Алмус"",""pl"":""Almus"",""hi"":""अल्मस"",""ar"":""ألموس""}",2019-10-06T10:31:11,2025-12-02T14:39:31,1,Q1909973
107133,Alpu,2164,26,225,TR,adm2,,,39.76903000,30.96060000,Alpin,5981,Europe/Istanbul,"{""br"":""Alpu"",""ko"":""알푸"",""pt-BR"":""Alpu"",""pt"":""Alpu"",""nl"":""Alpu"",""hr"":""Alpu"",""fa"":""آلپو"",""de"":""Alpu"",""es"":""Alpu"",""fr"":""Alpu"",""ja"":""アルプ"",""it"":""Alpu"",""zh-CN"":""阿尔普"",""tr"":""Alpu"",""ru"":""Альпу"",""uk"":""Альпу"",""pl"":""Alpu"",""hi"":""अल्पु"",""ar"":""ألبو""}",2019-10-06T10:31:11,2025-12-02T14:39:31,1,Q2670757
107136,Altunhisar,2189,51,225,TR,adm2,,,37.99159000,34.37334000,Altunhisar,3658,Europe/Istanbul,"{""br"":""Altunhisar"",""ko"":""알투니사르"",""pt-BR"":""Altunhisar"",""pt"":""Altunhisar"",""nl"":""Altunhisar"",""hr"":""Altunhisar"",""fa"":""آلتون‌حیصار"",""de"":""Altunhisar"",""es"":""Altunhisar"",""fr"":""Altunhisar"",""ja"":""アルトゥンヒサール"",""it"":""Altunhisar"",""zh-CN"":""阿尔通希萨尔"",""tr"":""Altunhisar"",""ru"":""Алтунхисар"",""uk"":""Алтунхісар"",""pl"":""Altunhisar"",""hi"":""अल्तुन्हिसार"",""ar"":""ألتونحصار""}",2019-10-06T10:31:11,2025-12-02T14:39:31,1,Q2670757
107138,Altıeylül,2175,10,225,TR,city,,,39.64099000,27.88639000,Altıeylül,181209,Europe/Istanbul,"{""br"":""Altıeylül"",""ko"":""알티에일룰"",""pt-BR"":""Altıeylül"",""pt"":""Altıeylül"",""nl"":""Altıeylül"",""hr"":""Altıeylül"",""fa"":""آلتی‌یلول"",""de"":""Altıeylül"",""es"":""Altıeylül"",""fr"":""Altıeylül"",""ja"":""アルティエイリュル"",""it"":""Altıeylül"",""zh-CN"":""阿尔特埃吕尔"",""tr"":""Altıeylül"",""ru"":""Алтыэйлюль"",""uk"":""Алтиейлюл"",""pl"":""Altıeylül"",""hi"":""अल्टीयेलुल"",""ar"":""Altıeylül""}",2019-10-06T10:31:11,2025-12-02T17:11:50,1,Q16028029
107139,Altındağ,2217,06,225,TR,city,,,40.00110000,32.97022000,Altındağ,370024,Europe/Istanbul,"{""br"":""Altındağ"",""ko"":""알틴다그"",""pt-BR"":""Altındağ"",""pt"":""Altındağ"",""nl"":""Altındağ"",""hr"":""Altındağ"",""fa"":""آلتینداغ"",""de"":""Altındağ"",""es"":""Altındağ"",""fr"":""Altındağ"",""ja"":""アルトゥンダグ"",""it"":""Altındağ"",""zh-CN"":""阿尔廷达"",""tr"":""Altındağ"",""ru"":""Алтындаг"",""uk"":""Алтиндаг"",""pl"":""Altındağ"",""hi"":""अल्टिंडाग"",""ar"":""ألتينداغ""}",2019-10-06T10:31:11,2025-12-02T16:59:27,1,Q682981
107140,Altınekin,2171,42,225,TR,adm2,,,38.30778000,32.86861000,Altez ile,14548,Europe/Istanbul,"{""br"":""Altınekin"",""ko"":""알티네킨"",""pt-BR"":""Altınekin"",""pt"":""Altınekin"",""nl"":""Altınekin"",""hr"":""Altinekin"",""fa"":""آلتینکین"",""de"":""Altınekin"",""es"":""Altınekin"",""fr"":""Altınekin"",""ja"":""アルトゥネキン"",""it"":""Altınekin"",""zh-CN"":""阿尔特涅金"",""tr"":""Altınekin"",""ru"":""Алтынекин"",""uk"":""Алтинекін"",""pl"":""Altınekin"",""hi"":""अल्टिनेकीन"",""ar"":""ألتينكين""}",2019-10-06T10:31:11,2025-12-02T14:38:56,1,Q682981
107144,Altınordu,2174,52,225,TR,city,,,40.94879000,37.79572000,Altınordu,200807,Europe/Istanbul,"{""br"":""Altınordu"",""ko"":""알틴노르두"",""pt-BR"":""Altınordu"",""pt"":""Altınordu"",""nl"":""Altınordu"",""hr"":""Altınordu"",""fa"":""آلتینوردو"",""de"":""Altınordu"",""es"":""Altınordu"",""fr"":""Altınordu"",""ja"":""アルティノルドゥ"",""it"":""Altınordu"",""zh-CN"":""阿尔特诺尔杜"",""tr"":""Altınordu"",""ru"":""Алтынорду"",""uk"":""Алтинорду"",""pl"":""Altınordu"",""hi"":""अल्टिनॉर्डु"",""ar"":""ألتينوردو""}",2019-10-06T10:31:11,2025-12-02T16:59:27,1,Q3233272
107145,Altınova,2218,77,225,TR,adm2,,,40.69495000,29.50986000,Altınova,3875,Europe/Istanbul,"{""br"":""Altınova"",""ko"":""알티노바"",""pt-BR"":""Altınova"",""pt"":""Altınova"",""nl"":""Altınova"",""hr"":""Altınova"",""fa"":""آلتینوا"",""de"":""Altınova"",""es"":""Altınova"",""fr"":""Altınova"",""ja"":""アルティノヴァ"",""it"":""Altınova"",""zh-CN"":""阿尔特诺瓦"",""tr"":""Altınova"",""ru"":""Алтынова"",""uk"":""Алтинова"",""pl"":""Altınova"",""hi"":""अल्टीनोवा"",""ar"":""ألتينوفا""}",2019-10-06T10:31:11,2025-12-02T14:39:31,1,Q3233272
107147,Altıntaş,2149,43,225,TR,adm2,,,39.06932000,30.12048000,Altıntaş,214,Europe/Istanbul,"{""br"":""Altıntaş"",""ko"":""알틴타스"",""pt-BR"":""Altıntaş"",""pt"":""Altıntaş"",""nl"":""Altıntaş"",""hr"":""Altıntaş"",""fa"":""آلتینتاش"",""de"":""Altıntaş"",""es"":""Altıntaş"",""fr"":""Altıntaş"",""ja"":""アルトゥンタシュ"",""it"":""Altıntaş"",""zh-CN"":""阿尔廷塔什"",""tr"":""Altıntaş"",""ru"":""Алтынташ"",""uk"":""Алтинташ"",""pl"":""Altıntaş"",""hi"":""Altıntaş"",""ar"":""ألتينتاش""}",2019-10-06T10:31:11,2025-12-02T17:11:50,1,Q2034360
107148,Altınyayla,2209,15,225,TR,adm2,,,36.99722000,29.54579000,Altınyayla,4158,Europe/Istanbul,"{""br"":""Altınyayla"",""ko"":""알틴야일라"",""pt-BR"":""Altınyayla"",""pt"":""Altınyayla"",""nl"":""Altınyayla"",""hr"":""Altınyayla"",""fa"":""آلتینیایلا"",""de"":""Altınyayla"",""es"":""Altınyayla"",""fr"":""Altınyayla"",""ja"":""アルトゥニャイラ"",""it"":""Altınyayla"",""zh-CN"":""阿尔特尼亚伊拉"",""tr"":""Altınyayla"",""ru"":""Алтыняйла"",""uk"":""Алтиньяйла"",""pl"":""Altınyayla"",""hi"":""अल्टिनययला"",""ar"":""ألتينيايلا""}",2019-10-06T10:31:11,2025-12-02T14:39:31,1,Q2034360
107149,Altınyayla,2181,58,225,TR,adm2,,,39.27249000,36.75098000,Altınyayla,5674,Europe/Istanbul,"{""br"":""Altınyayla"",""ko"":""알틴야일라"",""pt-BR"":""Altınyayla"",""pt"":""Altınyayla"",""nl"":""Altınyayla"",""hr"":""Altınyayla"",""fa"":""آلتینیایلا"",""de"":""Altınyayla"",""es"":""Altınyayla"",""fr"":""Altınyayla"",""ja"":""アルトゥニャイラ"",""it"":""Altınyayla"",""zh-CN"":""阿尔特尼亚伊拉"",""tr"":""Altınyayla"",""ru"":""Алтыньяйла"",""uk"":""Алтиньяйла"",""pl"":""Altınyayla"",""hi"":""अल्टिनययला"",""ar"":""ألتينيايلا""}",2019-10-06T10:31:11,2025-12-02T14:39:31,1,Q2034360
107152,Altınözü,2211,31,225,TR,adm2,,,36.11244000,36.24488000,Altınözü,61106,Europe/Istanbul,"{""br"":""Altınözü"",""ko"":""알티노주"",""pt-BR"":""Altınözü"",""pt"":""Altınözü"",""nl"":""Altınözü"",""hr"":""Altınözü"",""fa"":""آلتینوزو"",""de"":""Altınözü"",""es"":""Altınözü"",""fr"":""Altınözü"",""ja"":""アルティノズ"",""it"":""Altınözü"",""zh-CN"":""Altınözü"",""tr"":""Altınözü"",""ru"":""Алтынозю"",""uk"":""Алтинозю"",""pl"":""Altınözü"",""hi"":""अल्टिनॉज़ु"",""ar"":""ألتينوزو""}",2019-10-06T10:31:11,2025-12-02T17:11:50,1,Q2034360
107154,Alucra,2186,28,225,TR,adm2,,,40.31924000,38.76528000,Alucra,0,Europe/Istanbul,"{""br"":""Alucra"",""ko"":""알루크라"",""pt-BR"":""Alucra"",""pt"":""Alucra"",""nl"":""Alucra"",""hr"":""Alucra"",""fa"":""آلوکرا"",""de"":""Alucra"",""es"":""Alucra"",""fr"":""Alucra"",""ja"":""アルクラ"",""it"":""Alucra"",""zh-CN"":""阿卢克拉"",""tr"":""Alucra"",""ru"":""Алукра"",""uk"":""Алукра"",""pl"":""Alucra"",""hi"":""अलुक्रा"",""ar"":""ألوكرا""}",2019-10-06T10:31:11,2025-12-02T14:39:31,1,Q2349330
107155,Amasra,2148,74,225,TR,adm2,,,41.74633000,32.38633000,Amasra,6177,Europe/Istanbul,"{""br"":""Amasra"",""ko"":""아마스라"",""pt-BR"":""Amasra"",""pt"":""Amasra"",""nl"":""Amasra"",""hr"":""Amasra"",""fa"":""آماسرا"",""de"":""Amasra"",""es"":""Amasra"",""fr"":""Amasra"",""ja"":""アマスラ"",""it"":""Amasra"",""zh-CN"":""阿玛斯拉"",""tr"":""Amasra"",""ru"":""Амасра"",""uk"":""Амасра"",""pl"":""Amasra"",""hi"":""अमासरा"",""ar"":""أماسرا""}",2019-10-06T10:31:11,2025-12-02T14:39:31,1,Q2349330
107160,Anamur,2156,33,225,TR,adm2,,,36.07508000,32.83691000,Anamur,65920,Europe/Istanbul,"{""br"":""Anamur"",""ko"":""아나무르"",""pt-BR"":""Anamur"",""pt"":""Anamur"",""nl"":""Anamur"",""hr"":""Anamur"",""fa"":""آنامور"",""de"":""Anamur"",""es"":""Anamur"",""fr"":""Anamur"",""ja"":""アナムール"",""it"":""Anamur"",""zh-CN"":""阿纳穆尔"",""tr"":""Anamur"",""ru"":""Анамур"",""uk"":""Анамур"",""pl"":""Anamur"",""hi"":""अनामुर"",""ar"":""أنامور""}",2019-10-06T10:31:12,2025-12-02T14:38:56,1,Q170532
107164,Andırın,2227,46,225,TR,adm2,,,37.57757000,36.35492000,Andırın,8660,Europe/Istanbul,"{""br"":""Andırın"",""ko"":""안드린"",""pt-BR"":""Andirin"",""pt"":""Andirin"",""nl"":""Andırın"",""hr"":""Andırın"",""fa"":""آندرین"",""de"":""Andırın"",""es"":""Andirín"",""fr"":""Andırın"",""ja"":""アンドゥリン"",""it"":""Andırın"",""zh-CN"":""安德林"",""tr"":""Andırın"",""ru"":""Андырин"",""uk"":""Андирін"",""pl"":""Andırın"",""hi"":""अंदिरिन"",""ar"":""أنديرين""}",2019-10-06T10:31:12,2025-12-02T14:39:31,1,Q485575
107167,Antakya,2211,31,225,TR,adm1,,,36.20655000,36.15722000,Antakya,210000,Europe/Istanbul,"{""br"":""Antakya"",""ko"":""안타키아"",""pt-BR"":""Antáquia"",""pt"":""Antáquia"",""nl"":""Antiochië"",""hr"":""Antakya"",""fa"":""آنتاکیه"",""de"":""Antakya"",""es"":""Antioquía"",""fr"":""Antioche"",""ja"":""アンタキヤ"",""it"":""Antiochia"",""zh-CN"":""安塔基亚"",""tr"":""Antakya"",""ru"":""Антакья"",""uk"":""Антак'я"",""pl"":""Antiochia"",""hi"":""Antakya"",""ar"":""أنطاكيا""}",2019-10-06T10:31:12,2025-12-02T14:39:31,1,Q80561
107170,Araban,2203,27,225,TR,city,,,37.42559000,37.78175000,Álava,32846,Europe/Istanbul,"{""br"":""Araban"",""ko"":""아라반"",""pt-BR"":""Árabe"",""pt"":""Árabe"",""nl"":""Araban"",""hr"":""Arabac"",""fa"":""عربان"",""de"":""Araber"",""es"":""Árabe"",""fr"":""Arabe"",""ja"":""アラバン"",""it"":""Arabo"",""zh-CN"":""阿拉班"",""tr"":""Araban"",""ru"":""Арабан"",""uk"":""Арабський"",""pl"":""Araban"",""hi"":""अरबन"",""ar"":""عربيان""}",2019-10-06T10:31:12,2025-12-02T17:11:50,1,Q623678
107171,Araklı,2206,61,225,TR,city,,,40.74000000,39.96000000,Araklı,49496,Europe/Istanbul,"{""br"":""Araklı"",""ko"":""아라클리"",""pt-BR"":""Arakli"",""pt"":""Arakli"",""nl"":""Araklı"",""hr"":""Araklí"",""fa"":""آراکلی"",""de"":""Araklı"",""es"":""Araklı"",""fr"":""Araklı"",""ja"":""アラクリ"",""it"":""Araklı"",""zh-CN"":""阿拉克勒"",""tr"":""Araklı"",""ru"":""Араклы"",""uk"":""Араклі"",""pl"":""Araklı"",""hi"":""अरकली"",""ar"":""أراكلي""}",2019-10-06T10:31:12,2025-12-02T16:59:27,1,Q764830
107175,Arapgir,2158,44,225,TR,adm2,,,39.04117000,38.49516000,Arapgir,10868,Europe/Istanbul,"{""br"":""Arapgir"",""ko"":""아랍기르"",""pt-BR"":""Arapgir"",""pt"":""Arapgir"",""nl"":""Arapgir"",""hr"":""Arapgir"",""fa"":""آراپگیر"",""de"":""Arapgir"",""es"":""Arapgir"",""fr"":""Arapgir"",""ja"":""アラプギル"",""it"":""Arapgir"",""zh-CN"":""阿拉普吉尔"",""tr"":""Arapgir"",""ru"":""Арапгир"",""uk"":""Арапгір"",""pl"":""Arapgir"",""hi"":""अरापगीर"",""ar"":""أرابجير""}",2019-10-06T10:31:13,2025-12-02T14:38:56,1,Q764830
107177,Araç,2197,37,225,TR,adm2,,,41.24222000,33.32767000,Araç,5590,Europe/Istanbul,"{""br"":""Araç"",""ko"":""아라치"",""pt-BR"":""Araç"",""pt"":""Araç"",""nl"":""Araç"",""hr"":""Araš"",""fa"":""آراچ"",""de"":""Araç"",""es"":""Araç"",""fr"":""Araç"",""ja"":""アラチ"",""it"":""Araç"",""zh-CN"":""阿拉克"",""tr"":""Araç"",""ru"":""Арач"",""uk"":""Араш"",""pl"":""Araç"",""hi"":""अराक"",""ar"":""أراك""}",2019-10-06T10:31:13,2025-12-02T14:39:31,1,Q764830
107179,Merkez,2185,75,225,TR,adm1,,,41.10871000,42.70222000,Merkez,22927,Europe/Istanbul,"{""br"":""Merkez"",""ko"":""메르케즈"",""pt-BR"":""Merkez"",""pt"":""Merkez"",""nl"":""Merkez"",""hr"":""Merkez"",""fa"":""مرکز"",""de"":""Merkez"",""es"":""Merkez"",""fr"":""Merkez"",""ja"":""メルケス"",""it"":""Merkez"",""zh-CN"":""梅尔克兹"",""tr"":""Merkez"",""ru"":""Меркез"",""uk"":""Меркез"",""pl"":""Merkez"",""hi"":""मर्केज़"",""ar"":""مركز""}",2019-10-06T10:31:13,2025-12-02T14:39:31,1,Q202188
107180,Ardanuç,2191,08,225,TR,adm2,,,41.12738000,42.06292000,Ardanuç,12056,Europe/Istanbul,"{""br"":""Ardanuç"",""ko"":""아르다누스"",""pt-BR"":""Ardanuç"",""pt"":""Ardanuç"",""nl"":""Ardanuç"",""hr"":""Ardanuç"",""fa"":""آردانوچ"",""de"":""Ardanuç"",""es"":""Ardanuç"",""fr"":""Ardanuç"",""ja"":""アルダヌッチ"",""it"":""Ardanuç"",""zh-CN"":""阿尔达努奇"",""tr"":""Ardanuç"",""ru"":""Ардануч"",""uk"":""Арданучи"",""pl"":""Ardanuç"",""hi"":""अर्दानुक"",""ar"":""أردانوتش""}",2019-10-06T10:31:13,2025-12-02T17:11:50,1,Q638539
107182,Ardeşen,2219,53,225,TR,adm2,,,41.19111000,40.98750000,Ardeşen,41084,Europe/Istanbul,"{""br"":""Ardeşen"",""ko"":""아르데센"",""pt-BR"":""Ardeşen"",""pt"":""Ardeşen"",""nl"":""Ardeşen"",""hr"":""Ardeşen"",""fa"":""آردشن"",""de"":""Ardeşen"",""es"":""Ardeşen"",""fr"":""Ardeşen"",""ja"":""アルデセン"",""it"":""Ardeşen"",""zh-CN"":""阿尔代森"",""tr"":""Ardeşen"",""ru"":""Ардешен"",""uk"":""Ардешен"",""pl"":""Ardeşen"",""hi"":""अर्देसेन"",""ar"":""أرديسن""}",2019-10-06T10:31:13,2025-12-02T17:11:50,1,Q638539
107183,Arguvan,2158,44,225,TR,adm2,,,38.78172000,38.26349000,Arguvan,3282,Europe/Istanbul,"{""br"":""Arguvan"",""ko"":""아르구반"",""pt-BR"":""Arguvan"",""pt"":""Arguvan"",""nl"":""Arguvan"",""hr"":""Arguvan"",""fa"":""آرگووان"",""de"":""Arguvan"",""es"":""Arguván"",""fr"":""Argouvan"",""ja"":""アルグヴァン"",""it"":""Arguvan"",""zh-CN"":""阿尔古万"",""tr"":""Arguvan"",""ru"":""Аргуван"",""uk"":""Аргуван"",""pl"":""Arguvan"",""hi"":""अर्गुवन"",""ar"":""أرجوفان""}",2019-10-06T10:31:13,2025-12-02T14:39:31,1,Q638539
107184,Arhavi,2191,08,225,TR,adm2,,,41.35121000,41.30456000,Arhavi,16217,Europe/Istanbul,"{""br"":""Arhavi"",""ko"":""아르하비"",""pt-BR"":""Arhavi"",""pt"":""Arhavi"",""nl"":""Arhavi"",""hr"":""Arhavi"",""fa"":""ارهوی"",""de"":""Arhavi"",""es"":""Arhavi"",""fr"":""Arhavi"",""ja"":""アルハヴィ"",""it"":""Arhavi"",""zh-CN"":""阿尔哈维"",""tr"":""Arhavi"",""ru"":""Архави"",""uk"":""Архаві"",""pl"":""Arhavi"",""hi"":""अरहवी"",""ar"":""أرهافي""}",2019-10-06T10:31:13,2025-12-02T14:39:31,1,Q653312
107186,Arifiye,2150,54,225,TR,adm2,,,40.71327000,30.36128000,Arifiye,44315,Europe/Istanbul,"{""br"":""Arifye"",""ko"":""아리피예"",""pt-BR"":""Arifiye"",""pt"":""Arifiye"",""nl"":""Arifiye"",""hr"":""Arifiye"",""fa"":""عارفیه"",""de"":""Arifiye"",""es"":""Arifiye"",""fr"":""Arifiye"",""ja"":""アリフィエ"",""it"":""Arifiye"",""zh-CN"":""阿里菲耶"",""tr"":""Arifiye"",""ru"":""Арифие"",""uk"":""Аріфіє"",""pl"":""Arifiye"",""hi"":""अरिफिये"",""ar"":""عريفية""}",2019-10-06T10:31:13,2025-12-02T17:11:50,1,Q3696167
107187,Armutlu,2218,77,225,TR,adm2,,,40.52919000,28.83871000,Armutlu,9625,Europe/Istanbul,"{""br"":""Armutlu"",""ko"":""아르무틀루"",""pt-BR"":""Armutlu"",""pt"":""Armutlu"",""nl"":""Armutlu"",""hr"":""Armutlu"",""fa"":""آرموتلو"",""de"":""Armutlu"",""es"":""Armutlu"",""fr"":""Armutlu"",""ja"":""アルムトゥル"",""it"":""Armutlu"",""zh-CN"":""阿穆特鲁"",""tr"":""Armutlu"",""ru"":""Армутлу"",""uk"":""Армутлу"",""pl"":""Armutlu"",""hi"":""अरमुट्लु"",""ar"":""أرموتلو""}",2019-10-06T10:31:13,2025-12-02T17:11:50,1,Q689620
107188,Arnavutköy,2170,34,225,TR,city,,,41.19674000,28.73405000,Arnavutköy,326452,Europe/Istanbul,"{""br"":""Arnavutköy"",""ko"":""아르나부트쾨이"",""pt-BR"":""Arnavutköy"",""pt"":""Arnavutköy"",""nl"":""Arnavutköy"",""hr"":""Arnavutköy"",""fa"":""آرناووت‌کوی"",""de"":""Arnavutköy"",""es"":""Arnavutköy"",""fr"":""Arnavutköy"",""ja"":""アルナヴトコイ"",""it"":""Arnavutköy"",""zh-CN"":""阿尔纳武特柯伊"",""tr"":""Arnavutköy"",""ru"":""Арнавуткёй"",""uk"":""Арнавуткьой"",""pl"":""Arnavutköy"",""hi"":""अर्नावुत्कोय"",""ar"":""أرناؤوطكوي""}",2019-10-06T10:31:13,2025-12-02T17:11:50,1,Q691764
107189,Arpaçay,2208,36,225,TR,adm2,,,40.84522000,43.32747000,Arpaçay,5126,Europe/Istanbul,"{""br"":""Arpaçay"",""ko"":""아르파사이"",""pt-BR"":""Arpaçay"",""pt"":""Arpaçay"",""nl"":""Arpaçay"",""hr"":""Arpaçay"",""fa"":""آرپاچای"",""de"":""Arpaçay"",""es"":""Arpaçay"",""fr"":""Arpaçay"",""ja"":""アルパチャイ"",""it"":""Arpaçay"",""zh-CN"":""阿尔帕萨伊"",""tr"":""Arpaçay"",""ru"":""Арпачай"",""uk"":""Арпакай"",""pl"":""Arpaçay"",""hi"":""अर्पाके"",""ar"":""أرباشاي""}",2019-10-06T10:31:13,2025-12-02T14:39:31,1,Q691764
107191,Arsin,2206,61,225,TR,adm2,,,40.86743000,39.92938000,Arsin,34831,Europe/Istanbul,"{""br"":""Arsin"",""ko"":""아르신"",""pt-BR"":""Arsin"",""pt"":""Arsin"",""nl"":""Arsin"",""hr"":""Arsin"",""fa"":""آرسین"",""de"":""Arsin"",""es"":""Arsín"",""fr"":""Arsine"",""ja"":""アルシン"",""it"":""Arsin"",""zh-CN"":""砷"",""tr"":""Arsin"",""ru"":""Арсин"",""uk"":""Арсін"",""pl"":""Arsin"",""hi"":""आर्सिन"",""ar"":""أرسين""}",2019-10-06T10:31:13,2025-12-02T17:11:50,1,Q2248665
107192,Arsuz,2211,31,225,TR,adm2,,,36.41305000,35.89033000,Arsuz,0,Europe/Istanbul,"{""br"":""Arsuz"",""ko"":""아르수즈"",""pt-BR"":""Arsuz"",""pt"":""Arsuz"",""nl"":""Arsuz"",""hr"":""Arsuz"",""fa"":""آرسوز"",""de"":""Arsuz"",""es"":""Arsuz"",""fr"":""Arsuz"",""ja"":""アルスズ"",""it"":""Arsuz"",""zh-CN"":""阿尔苏兹"",""tr"":""Arsuz"",""ru"":""Арсуз"",""uk"":""Арсуз"",""pl"":""Arsuz"",""hi"":""अर्सुज़"",""ar"":""أرسوز""}",2019-10-06T10:31:13,2025-12-02T14:39:31,1,Q705180
107193,Artova,2199,60,225,TR,adm2,,,40.11578000,36.30010000,Artova,6231,Europe/Istanbul,"{""br"":""Artova"",""ko"":""아르토바"",""pt-BR"":""Artova"",""pt"":""Artova"",""nl"":""Artova"",""hr"":""Artova"",""fa"":""آرتووا"",""de"":""Artova"",""es"":""Artova"",""fr"":""Artova"",""ja"":""アルトヴァ"",""it"":""Artova"",""zh-CN"":""阿尔托娃"",""tr"":""Artova"",""ru"":""Артова"",""uk"":""Артова"",""pl"":""Artova"",""hi"":""आर्टोवा"",""ar"":""أرتوفا""}",2019-10-06T10:31:13,2025-12-02T14:39:31,1,Q705180
107195,Artuklu,2224,47,225,TR,adm1,,,37.31714000,40.72473000,Artuklu,174731,Europe/Istanbul,"{""br"":""Artuklu"",""ko"":""아르투클루"",""pt-BR"":""Artuklu"",""pt"":""Artuklu"",""nl"":""Artuklu"",""hr"":""Artuklu"",""fa"":""آرتوکلو"",""de"":""Artuklu"",""es"":""Artuklu"",""fr"":""Artuklu"",""ja"":""アルトゥクル"",""it"":""Artuklu"",""zh-CN"":""阿图克卢"",""tr"":""Artuklu"",""ru"":""Артуклу"",""uk"":""Артуклу"",""pl"":""Artuklu"",""hi"":""आर्टुक्लू"",""ar"":""أرتوكلو""}",2019-10-06T10:31:13,2025-12-02T17:11:50,1,Q16251875
107196,Merkez,2191,08,225,TR,adm1,,,41.18161000,41.82172000,Merkez,25841,Europe/Istanbul,"{""br"":""Merkez"",""ko"":""메르케즈"",""pt-BR"":""Merkez"",""pt"":""Merkez"",""nl"":""Merkez"",""hr"":""Merkez"",""fa"":""مرکز"",""de"":""Merkez"",""es"":""Merkez"",""fr"":""Merkez"",""ja"":""メルケス"",""it"":""Merkez"",""zh-CN"":""梅尔克兹"",""tr"":""Merkez"",""ru"":""Меркез"",""uk"":""Меркез"",""pl"":""Merkez"",""hi"":""मर्केज़"",""ar"":""مركز""}",2019-10-06T10:31:13,2025-12-02T14:39:31,1,Q193445
107197,Arıcak,2159,23,225,TR,adm2,,,38.56340000,40.12480000,Arıcak,5168,Europe/Istanbul,"{""br"":""Arıcak"",""ko"":""아리차크"",""pt-BR"":""Aricak"",""pt"":""Aricak"",""nl"":""Arıcak"",""hr"":""Arıcak"",""fa"":""آریکاک"",""de"":""Arıcak"",""es"":""Aricak"",""fr"":""Aricak"",""ja"":""アリチャク"",""it"":""Arıcak"",""zh-CN"":""阿里恰克"",""tr"":""Arıcak"",""ru"":""Арыджак"",""uk"":""Аричак"",""pl"":""Arıcak"",""hi"":""अरीक"",""ar"":""أريكاك""}",2019-10-06T10:31:13,2025-12-02T14:39:31,1,Q193445
107200,Asarcık,2220,55,225,TR,adm2,,,41.03556000,36.23556000,Asarcık,2154,Europe/Istanbul,"{""br"":""Asarcık"",""ko"":""아사르직"",""pt-BR"":""Asarcik"",""pt"":""Asarcik"",""nl"":""Asarcık"",""hr"":""Asarcık"",""fa"":""آسارجیک"",""de"":""Asarcık"",""es"":""Asarcık"",""fr"":""Asarcık"",""ja"":""アサルチク"",""it"":""Asarcık"",""zh-CN"":""阿萨尔吉克"",""tr"":""Asarcık"",""ru"":""Асарджик"",""uk"":""Асарджик"",""pl"":""Asarcık"",""hi"":""असरकिक"",""ar"":""أسارجيك""}",2019-10-06T10:31:13,2025-12-02T14:39:31,1,Q193445
107202,Aslanapa,2149,43,225,TR,adm2,,,39.21581000,29.86990000,Aslanapa,2388,Europe/Istanbul,"{""br"":""Aslanapa"",""ko"":""아슬라나파"",""pt-BR"":""Aslanapa"",""pt"":""Aslanapa"",""nl"":""Aslanapa"",""hr"":""Aslanapa"",""fa"":""آسلانپا"",""de"":""Aslanapa"",""es"":""Aslanapa"",""fr"":""Aslanapa"",""ja"":""アスラナパ"",""it"":""Aslanapa"",""zh-CN"":""阿斯拉纳帕"",""tr"":""Aslanapa"",""ru"":""Асланапа"",""uk"":""Асланапа"",""pl"":""Aslanapa"",""hi"":""असलानापा"",""ar"":""أسلانابا""}",2019-10-06T10:31:13,2025-12-02T14:39:31,1,Q2262525
107204,Atabey,2222,32,225,TR,adm2,,,37.95083000,30.63861000,Atabey,12658,Europe/Istanbul,"{""br"":""Atabey"",""ko"":""아타베이"",""pt-BR"":""Atabey"",""pt"":""Atabey"",""nl"":""Atabey"",""hr"":""Atabey"",""fa"":""آتابی"",""de"":""Atabey"",""es"":""Atabey"",""fr"":""Atabey"",""ja"":""アタベイ"",""it"":""Atabey"",""zh-CN"":""阿塔贝伊"",""tr"":""Atabey"",""ru"":""Атабей"",""uk"":""Атабей"",""pl"":""Atabey"",""hi"":""अताबे"",""ar"":""أتابي""}",2019-10-06T10:31:13,2025-12-02T14:39:31,1,Q2534870
107206,Atakum,2220,55,225,TR,city,,,41.34730000,36.23051000,Atakum,202618,Europe/Istanbul,"{""br"":""Atakum"",""ko"":""아타쿰"",""pt-BR"":""Atakum"",""pt"":""Atakum"",""nl"":""Atakum"",""hr"":""Atakum"",""fa"":""آتاکوم"",""de"":""Atakum"",""es"":""Atakum"",""fr"":""Atakum"",""ja"":""アタクム"",""it"":""Atakum"",""zh-CN"":""阿塔库姆"",""tr"":""Atakum"",""ru"":""Атакум"",""uk"":""Атакум"",""pl"":""Atakum"",""hi"":""अटाकुम"",""ar"":""أتاكوم""}",2019-10-06T10:31:13,2025-12-02T16:59:27,1,Q4812671
107207,Ataşehir,2170,34,225,TR,city,,,40.99104000,29.13471000,Ataşehir,405974,Europe/Istanbul,"{""br"":""Ataşehir"",""ko"":""아타셰히르"",""pt-BR"":""Ataşehir"",""pt"":""Ataşehir"",""nl"":""Ataşehir"",""hr"":""Ataşehir"",""fa"":""آتاشهیر"",""de"":""Ataşehir"",""es"":""Ataşehir"",""fr"":""Ataşehir"",""ja"":""アタシェヒル"",""it"":""Ataşehir"",""zh-CN"":""阿塔谢希尔"",""tr"":""Ataşehir"",""ru"":""Аташехир"",""uk"":""Аташехір"",""pl"":""Ataşehir"",""hi"":""अताशेहिर"",""ar"":""أتاشهير""}",2019-10-06T10:31:13,2025-12-02T17:11:50,1,Q753882
107208,Atkaracalar,2168,18,225,TR,adm2,,,40.81593000,33.07556000,Atkaracalar,5088,Europe/Istanbul,"{""br"":""Atkaracalar"",""ko"":""아트카라칼라르"",""pt-BR"":""Atkaracalar"",""pt"":""Atkaracalar"",""nl"":""Atkaracalar"",""hr"":""Atkaracalar"",""fa"":""آتکاراکالار"",""de"":""Atkaracalar"",""es"":""Atkaracalar"",""fr"":""Atkaracalar"",""ja"":""アトカラカラル"",""it"":""Atkaracalar"",""zh-CN"":""阿特卡拉卡拉尔"",""tr"":""Atkaracalar"",""ru"":""Аткараджалар"",""uk"":""Аткараджалар"",""pl"":""Atkaracalar"",""hi"":""अतकाराकालार"",""ar"":""أتكاراكالار""}",2019-10-06T10:31:13,2025-12-02T14:39:31,1,Q753882
107211,Avanos,2196,50,225,TR,adm2,,,38.71500000,34.84667000,Avanos,14968,Europe/Istanbul,"{""br"":""Avanos"",""ko"":""아바노스"",""pt-BR"":""Avanos"",""pt"":""Avanos"",""nl"":""Avanos"",""hr"":""Avanos"",""fa"":""آوانوس"",""de"":""Avanos"",""es"":""Avanos"",""fr"":""Avanos"",""ja"":""アヴァノス"",""it"":""Avanos"",""zh-CN"":""阿瓦诺斯"",""tr"":""Avanos"",""ru"":""Аванос"",""uk"":""Аванос"",""pl"":""Avanos"",""hi"":""अवनोस"",""ar"":""أفانوس""}",2019-10-06T10:31:13,2025-12-02T14:38:56,1,Q780974
107213,Avcılar,2170,34,225,TR,city,,,41.02355000,28.71860000,Avcılar,407240,Europe/Istanbul,"{""br"":""Avcılar"",""ko"":""아브질라르"",""pt-BR"":""Avcılar"",""pt"":""Avcılar"",""nl"":""Avcılar"",""hr"":""Avcılar"",""fa"":""آوجیلار"",""de"":""Avcılar"",""es"":""Avcılar"",""fr"":""Avcılar"",""ja"":""アヴチラル"",""it"":""Avcılar"",""zh-CN"":""阿夫齐拉尔"",""tr"":""Avcılar"",""ru"":""Авджылар"",""uk"":""Авджилар"",""pl"":""Avcılar"",""hi"":""अवसीलर"",""ar"":""أفجيلار""}",2019-10-06T10:31:13,2025-12-02T17:11:50,1,Q340148
107217,Ayaş,2217,06,225,TR,city,,,40.01933000,32.33221000,Ayaş,8570,Europe/Istanbul,"{""br"":""Ayaş"",""ko"":""아야스"",""pt-BR"":""Ayaş"",""pt"":""Ayaş"",""nl"":""Ayaş"",""hr"":""Ayaş"",""fa"":""آیاش"",""de"":""Ayaş"",""es"":""Ayaş"",""fr"":""Ayaş"",""ja"":""アヤシュ"",""it"":""Ayaş"",""zh-CN"":""阿亚什"",""tr"":""Ayaş"",""ru"":""Аяш"",""uk"":""Аяш"",""pl"":""Ayaş"",""hi"":""अयास"",""ar"":""أياش""}",2019-10-06T10:31:13,2025-12-02T14:39:31,1,Q340148
107219,Aybastı,2174,52,225,TR,adm2,,,40.69690000,37.40794000,Aybastı,22783,Europe/Istanbul,"{""br"":""Aybastı"",""ko"":""아이바스티"",""pt-BR"":""Aybastı"",""pt"":""Aybastı"",""nl"":""Aybastı"",""hr"":""Ajbasti"",""fa"":""آیباستی"",""de"":""Aybastı"",""es"":""Aybastı"",""fr"":""Aybasti"",""ja"":""アイバスティ"",""it"":""Aybastı"",""zh-CN"":""艾巴什蒂"",""tr"":""Aybastı"",""ru"":""Айбасты"",""uk"":""Айбасті"",""pl"":""Aybastı"",""hi"":""अयबस्ती"",""ar"":""أيباستي""}",2019-10-06T10:31:13,2025-12-02T17:11:50,1,Q1922399
107221,Aydıncık,2156,33,225,TR,city,,,36.14370000,33.32016000,Aydıncık,10407,Europe/Istanbul,"{""br"":""Aydıncık"",""ko"":""아이딘직"",""pt-BR"":""Aydıncık"",""pt"":""Aydıncık"",""nl"":""Aydıncık"",""hr"":""Aydıncık"",""fa"":""آیدینجیک"",""de"":""Aydıncık"",""es"":""Aydıncık"",""fr"":""Aydıncık"",""ja"":""アイドゥンジュク"",""it"":""Aydıncık"",""zh-CN"":""艾登哲克"",""tr"":""Aydıncık"",""ru"":""Айдынджик"",""uk"":""Айдинджик"",""pl"":""Aydıncık"",""hi"":""आयदिनक"",""ar"":""أيدينجيك""}",2019-10-06T10:31:13,2025-12-02T14:38:56,1,Q583185
107222,Aydıncık,2188,66,225,TR,adm2,,,40.12727000,35.28765000,Aydıncık,6760,Europe/Istanbul,"{""br"":""Aydıncık"",""ko"":""아이딘직"",""pt-BR"":""Aydıncık"",""pt"":""Aydıncık"",""nl"":""Aydıncık"",""hr"":""Aydıncık"",""fa"":""آیدینجیک"",""de"":""Aydıncık"",""es"":""Aydıncık"",""fr"":""Aydıncık"",""ja"":""アイドゥンジュク"",""it"":""Aydıncık"",""zh-CN"":""艾登哲克"",""tr"":""Aydıncık"",""ru"":""Айдынджик"",""uk"":""Айдинджик"",""pl"":""Aydıncık"",""hi"":""आयदिनक"",""ar"":""أيدينجيك""}",2019-10-06T10:31:13,2025-12-02T14:39:31,1,Q583185
107226,Aydıntepe,2177,69,225,TR,adm2,,,40.38325000,40.14272000,Aydıntepe,6984,Europe/Istanbul,"{""br"":""Aydıntepe"",""ko"":""아이딘테페"",""pt-BR"":""Aydıntepe"",""pt"":""Aydıntepe"",""nl"":""Aydıntepe"",""hr"":""Aydıntepe"",""fa"":""آیدین‌تپه"",""de"":""Aydıntepe"",""es"":""Aydıntepe"",""fr"":""Aydıntepe"",""ja"":""アイドゥンテペ"",""it"":""Aydıntepe"",""zh-CN"":""艾登特佩"",""tr"":""Aydıntepe"",""ru"":""Айдынтепе"",""uk"":""Айдинтепе"",""pl"":""Aydıntepe"",""hi"":""आयदिन्टेपे"",""ar"":""أيدينتيبي""}",2019-10-06T10:31:13,2025-12-02T14:38:56,1,Q583185
107228,Ayrancı,2184,70,225,TR,adm2,,,37.37111000,33.69291000,Ayrancı,8338,Europe/Istanbul,"{""br"":""Ayrancı"",""ko"":""아이란치"",""pt-BR"":""Ayranci"",""pt"":""Ayranci"",""nl"":""Ayrancı"",""hr"":""Ayrancı"",""fa"":""ایرانجی"",""de"":""Ayrancı"",""es"":""Ayrancı"",""fr"":""Ayranci"",""ja"":""アイランジュ"",""it"":""Ayrancı"",""zh-CN"":""艾兰哲"",""tr"":""Ayrancı"",""ru"":""Айранджи"",""uk"":""Айранджи"",""pl"":""Ayrancı"",""hi"":""आयरानसी"",""ar"":""أيرانجي""}",2019-10-06T10:31:13,2025-12-02T17:11:50,1,Q130022
107229,Ayvacık,2216,17,225,TR,adm2,,,39.60111000,26.40472000,Ayvacık,6879,Europe/Istanbul,"{""br"":""Ayvacık"",""ko"":""아이바직"",""pt-BR"":""Ayvacık"",""pt"":""Ayvacık"",""nl"":""Ayvacık"",""hr"":""Ayvacık"",""fa"":""آیواجیک"",""de"":""Ayvacık"",""es"":""Ayvacık"",""fr"":""Ayvacık"",""ja"":""アイヴァチュク"",""it"":""Ayvacık"",""zh-CN"":""艾瓦哲克"",""tr"":""Ayvacık"",""ru"":""Айваджик"",""uk"":""Айваджик"",""pl"":""Ayvacık"",""hi"":""अयवाचिक"",""ar"":""أيفاجيك""}",2019-10-06T10:31:13,2025-12-02T14:39:31,1,Q130022
107230,Ayvacık,2220,55,225,TR,adm2,,,40.99111000,36.63139000,Ayvacık,5731,Europe/Istanbul,"{""br"":""Ayvacık"",""ko"":""아이바직"",""pt-BR"":""Ayvacık"",""pt"":""Ayvacık"",""nl"":""Ayvacık"",""hr"":""Ayvacık"",""fa"":""آیواجیک"",""de"":""Ayvacık"",""es"":""Ayvacık"",""fr"":""Ayvacık"",""ja"":""アイヴァチュク"",""it"":""Ayvacık"",""zh-CN"":""艾瓦哲克"",""tr"":""Ayvacık"",""ru"":""Айваджик"",""uk"":""Айваджик"",""pl"":""Ayvacık"",""hi"":""अयवाचिक"",""ar"":""أيفاجيك""}",2019-10-06T10:31:13,2025-12-02T14:39:31,1,Q130022
107233,Ayvalık,2175,10,225,TR,adm2,,,39.31927000,26.69341000,Ayvalık,71063,Europe/Istanbul,"{""br"":""Ayvalık"",""ko"":""아이발리크"",""pt-BR"":""Ayvalık"",""pt"":""Ayvalık"",""nl"":""Ayvalık"",""hr"":""Ayvalık"",""fa"":""آیوالیک"",""de"":""Ayvalık"",""es"":""Ayvalik"",""fr"":""Ayvalık"",""ja"":""アイワルク"",""it"":""Ayvalık"",""zh-CN"":""艾瓦勒克"",""tr"":""Ayvalık"",""ru"":""Айвалык"",""uk"":""Айвалик"",""pl"":""Ayvalık"",""hi"":""अयवालिक"",""ar"":""أيفاليك""}",2019-10-06T10:31:13,2025-12-02T14:38:56,1,Q793377
107235,Azdavay,2197,37,225,TR,adm2,,,41.64267000,33.30000000,Azdavay,3287,Europe/Istanbul,"{""br"":""Azdavay"",""ko"":""아즈다바이"",""pt-BR"":""Azdavay"",""pt"":""Azdavay"",""nl"":""Azdavay"",""hr"":""Azdaway"",""fa"":""آزدوی"",""de"":""Azdavay"",""es"":""Azdavay"",""fr"":""Azdavay"",""ja"":""アズダヴァイ"",""it"":""Azdavay"",""zh-CN"":""阿兹达瓦伊"",""tr"":""Azdavay"",""ru"":""Аздавай"",""uk"":""Аздавай"",""pl"":""Azdavay"",""hi"":""अज़्दावे"",""ar"":""أزدافاي""}",2019-10-06T10:31:13,2025-12-02T14:39:31,1,Q793383
107237,Aziziye,2165,25,225,TR,adm3,,,39.94028000,41.11153000,Aziziye,50989,Europe/Istanbul,"{""br"":""Aziziye"",""ko"":""아지지예"",""pt-BR"":""Aziziye"",""pt"":""Aziziye"",""nl"":""Aziziye"",""hr"":""Aziziye"",""fa"":""عزیزیه"",""de"":""Aziziye"",""es"":""Aziziye"",""fr"":""Aziziye"",""ja"":""アジジエ"",""it"":""Aziziye"",""zh-CN"":""阿齐济耶"",""tr"":""Aziziye"",""ru"":""Азизие"",""uk"":""Азізіє"",""pl"":""Aziziye"",""hi"":""अज़ीज़िये"",""ar"":""عزيزية""}",2019-10-06T10:31:13,2025-12-02T17:11:50,1,Q793383
107239,Ağaçören,2210,68,225,TR,adm2,,,38.87484000,33.91674000,Ağaçören,5822,Europe/Istanbul,"{""br"":""Ağaçören"",""ko"":""아가소렌"",""pt-BR"":""Ağaçören"",""pt"":""Ağaçören"",""nl"":""Ağaçören"",""hr"":""Ağaçören"",""fa"":""آغاچورن"",""de"":""Ağaçören"",""es"":""Ağaçören"",""fr"":""Ağaçören"",""ja"":""アガチョレン"",""it"":""Ağaçören"",""zh-CN"":""阿阿索伦"",""tr"":""Ağaçören"",""ru"":""Агачорен"",""uk"":""Агачорен"",""pl"":""Ağaçören"",""hi"":""अगाकोरेन"",""ar"":""أغاسورين""}",2019-10-06T10:31:13,2025-12-02T14:39:31,1,Q793383
107241,Ağlasun,2209,15,225,TR,adm2,,,37.64944000,30.53417000,Hadi ağlayalım,4469,Europe/Istanbul,"{""br"":""Ağlasun"",""ko"":""아글라순"",""pt-BR"":""Ağlasun"",""pt"":""Ağlasun"",""nl"":""Ağlasun"",""hr"":""Ağlasun"",""fa"":""آغلاسون"",""de"":""Ağlasun"",""es"":""Ağlasun"",""fr"":""Ağlasun"",""ja"":""アラスン"",""it"":""Ağlasun"",""zh-CN"":""阿格拉松"",""tr"":""Ağlasun"",""ru"":""Агласун"",""uk"":""Агласун"",""pl"":""Ağlasun"",""hi"":""अगलासुन"",""ar"":""أغلاسون""}",2019-10-06T10:31:13,2025-12-02T14:39:31,1,Q793383
107243,Ağlı,2197,37,225,TR,adm2,,,41.69283000,33.54487000,Zeki,3006,Europe/Istanbul,"{""br"":""Ağlı"",""ko"":""아글리"",""pt-BR"":""Ağlı"",""pt"":""Ağlı"",""nl"":""Ağlı"",""hr"":""Ağlı"",""fa"":""آغلی"",""de"":""Ağlı"",""es"":""Ağlı"",""fr"":""Ağlı"",""ja"":""アグリ"",""it"":""Ağlı"",""zh-CN"":""阿勒"",""tr"":""Ağlı"",""ru"":""Аглы"",""uk"":""Аґлі"",""pl"":""Ağlı"",""hi"":""अग्ली"",""ar"":""أغلي""}",2019-10-06T10:31:13,2025-12-02T17:11:50,1,Q2491340
107244,Merkez,2193,04,225,TR,adm1,,,39.71944000,43.05139000,Merkez,,Europe/Istanbul,"{""br"":""Merkez"",""ko"":""메르케즈"",""pt-BR"":""Merkez"",""pt"":""Merkez"",""nl"":""Merkez"",""hr"":""Merkez"",""fa"":""مرکز"",""de"":""Merkez"",""es"":""Merkez"",""fr"":""Merkez"",""ja"":""メルケス"",""it"":""Merkez"",""zh-CN"":""梅尔克兹"",""tr"":""Merkez"",""ru"":""Меркез"",""uk"":""Меркез"",""pl"":""Merkez"",""hi"":""मर्केज़"",""ar"":""مركز""}",2019-10-06T10:31:13,2025-12-02T17:11:50,1,Q199575
107246,Ağın,2159,23,225,TR,adm2,,,38.93792000,38.71155000,Ağın,4014,Europe/Istanbul,"{""br"":""Ağın"",""ko"":""아긴"",""pt-BR"":""Contra"",""pt"":""Contra"",""nl"":""Ağın"",""hr"":""Ağın"",""fa"":""آغین"",""de"":""Ağın"",""es"":""Contra"",""fr"":""Ağın"",""ja"":""アイン"",""it"":""Ağın"",""zh-CN"":""阿因"",""tr"":""Ağın"",""ru"":""Агин"",""uk"":""Агін"",""pl"":""Ağın"",""hi"":""अगिन"",""ar"":""آغين""}",2019-10-06T10:31:13,2025-12-02T14:39:31,1,Q199575
107250,Aşkale,2165,25,225,TR,city,,,39.92083000,40.69500000,Aşkale,15462,Europe/Istanbul,"{""br"":""Aşkale"",""ko"":""아슈칼레"",""pt-BR"":""Askale"",""pt"":""Askale"",""nl"":""Askale"",""hr"":""Aškale"",""fa"":""اشکاله"",""de"":""Aşkale"",""es"":""Aşkale"",""fr"":""Aşkale"",""ja"":""アシュカレ"",""it"":""Aşkale"",""zh-CN"":""阿什卡莱"",""tr"":""Aşkale"",""ru"":""Ашкале"",""uk"":""Ашкале"",""pl"":""Aşkale"",""hi"":""अस्काले"",""ar"":""أشكالي""}",2019-10-06T10:31:13,2025-12-02T14:39:31,1,Q199575
107252,Babadağ,2157,20,225,TR,adm2,,,37.80764000,28.85665000,Babadağ,4587,Europe/Istanbul,"{""br"":""Babadağ"",""ko"":""바바다그"",""pt-BR"":""Babadağ"",""pt"":""Babadağ"",""nl"":""Babadağ"",""hr"":""Babadağ"",""fa"":""باباداغ"",""de"":""Babadağ"",""es"":""Babadağ"",""fr"":""Babadağ"",""ja"":""ババダー"",""it"":""Babadağ"",""zh-CN"":""巴巴达"",""tr"":""Babadağ"",""ru"":""Бабадаг"",""uk"":""Бабадаг"",""pl"":""Babadağ"",""hi"":""Babadag"",""ar"":""باباداغ""}",2019-10-06T10:31:14,2025-12-02T14:39:31,1,Q797558
107254,Babaeski,2176,39,225,TR,adm2,,,41.43250000,27.09306000,Babaeski,48391,Europe/Istanbul,"{""br"":""Babaeski"",""ko"":""바바에스키"",""pt-BR"":""Babaeski"",""pt"":""Babaeski"",""nl"":""Babaeski"",""hr"":""Babaeski"",""fa"":""باباسکی"",""de"":""Babaeski"",""es"":""Babaeski"",""fr"":""Babaeski"",""ja"":""ババエスキ"",""it"":""Babaeski"",""zh-CN"":""巴巴埃斯基"",""tr"":""Babaeski"",""ru"":""Бабаэски"",""uk"":""Бабаєскі"",""pl"":""Babaeski"",""hi"":""बाबाएस्की"",""ar"":""بابايسكي""}",2019-10-06T10:31:14,2025-12-02T17:11:50,1,Q797558
107257,Bafra,2220,55,225,TR,city,,,41.46082000,35.84435000,Bafra,142210,Europe/Istanbul,"{""br"":""Bafra"",""ko"":""바프라"",""pt-BR"":""Bafra"",""pt"":""Bafra"",""nl"":""Bafra"",""hr"":""Bafra"",""fa"":""بافرا"",""de"":""Bafra"",""es"":""Bafra"",""fr"":""Bafra"",""ja"":""バフラ"",""it"":""Bafra"",""zh-CN"":""巴夫拉"",""tr"":""Bafra"",""ru"":""Бафра"",""uk"":""Бафра"",""pl"":""Bafra"",""hi"":""बाफरा"",""ar"":""بافرا""}",2019-10-06T10:31:14,2025-12-02T16:59:27,1,Q4840734
107259,Bahçe,2214,80,225,TR,city,,,37.20105000,36.57687000,Bahçe,13117,Europe/Istanbul,"{""br"":""Bahçe"",""ko"":""바흐체"",""pt-BR"":""Bahçe"",""pt"":""Bahçe"",""nl"":""Bahçe"",""hr"":""Bahçe"",""fa"":""باهچه"",""de"":""Bahçe"",""es"":""Bahçe"",""fr"":""Bahçe"",""ja"":""バフチェ"",""it"":""Bahçe"",""zh-CN"":""巴赫切"",""tr"":""Bahçe"",""ru"":""Бахче"",""uk"":""Бахче"",""pl"":""Bahçe"",""hi"":""दलाल"",""ar"":""بهجة""}",2019-10-06T10:31:14,2025-12-02T14:39:31,1,Q4840734
107261,Bahçelievler,2170,34,225,TR,city,,,41.00652000,28.84099000,Bahçelievler,602931,Europe/Istanbul,"{""br"":""Bahçelievler"",""ko"":""바흐셀리블러"",""pt-BR"":""Bahçelievler"",""pt"":""Bahçelievler"",""nl"":""Bahçelievler"",""hr"":""Bahçelievler"",""fa"":""باغچه‌لی‌اولر"",""de"":""Bahçelievler"",""es"":""Bahçelievler"",""fr"":""Bahçelievler"",""ja"":""バフチェリエヴラー"",""it"":""Bahçelievler"",""zh-CN"":""巴赫切利耶夫莱尔"",""tr"":""Bahçelievler"",""ru"":""Бахчелиэвлер"",""uk"":""Бахчелієвлер"",""pl"":""Bahçelievler"",""hi"":""बहचेलिवेलर"",""ar"":""باهتشلي إيفلر""}",2019-10-06T10:31:14,2025-12-02T17:11:50,1,Q788634
107262,Bahçesaray,2152,65,225,TR,adm2,,,38.12460000,42.79825000,Bahçesaray,3731,Europe/Istanbul,"{""br"":""Bahçesaray"",""ko"":""바흐체사라이"",""pt-BR"":""Bahçesaray"",""pt"":""Bahçesaray"",""nl"":""Bahçesaray"",""hr"":""Bahçesaray"",""fa"":""باهچه‌سرای"",""de"":""Bahçesaray"",""es"":""Bahçesaray"",""fr"":""Bahçesaray"",""ja"":""バフチェサライ"",""it"":""Bahçesaray"",""zh-CN"":""巴赫切萨赖"",""tr"":""Bahçesaray"",""ru"":""Бахчесарай"",""uk"":""Бахчесарай"",""pl"":""Bahçesaray"",""hi"":""बहसेसारय"",""ar"":""بهتشيساراي""}",2019-10-06T10:31:14,2025-12-02T14:39:31,1,Q788634
107264,Bahşılı,2178,71,225,TR,adm2,,,39.80979000,33.44080000,Bahşılı,190,Europe/Istanbul,"{""br"":""Bahşılı"",""ko"":""바흐쉴리"",""pt-BR"":""Bahşılı"",""pt"":""Bahşılı"",""nl"":""Bahşılı"",""hr"":""Bahsilı"",""fa"":""باهشیلی"",""de"":""Bahşılı"",""es"":""Bahşılı"",""fr"":""Bahşılı"",""ja"":""バシュリ"",""it"":""Bahşılı"",""zh-CN"":""巴赫什利"",""tr"":""Bahşılı"",""ru"":""Бахшылы"",""uk"":""Бахшилі"",""pl"":""Bahşılı"",""hi"":""बहसिली"",""ar"":""بهشلي""}",2019-10-06T10:31:14,2025-12-02T17:11:50,1,Q2671055
107265,Baklan,2157,20,225,TR,adm2,,,37.97694000,29.60861000,Baklan,6756,Europe/Istanbul,"{""br"":""Baklan"",""ko"":""바클란"",""pt-BR"":""Baklan"",""pt"":""Baklan"",""nl"":""Baklan"",""hr"":""Baklan"",""fa"":""باکلان"",""de"":""Baklan"",""es"":""Baklan"",""fr"":""Baklan"",""ja"":""バクラン"",""it"":""Baklan"",""zh-CN"":""巴克兰"",""tr"":""Baklan"",""ru"":""Баклан"",""uk"":""Баклан"",""pl"":""Baklan"",""hi"":""बकलान"",""ar"":""باكلان""}",2019-10-06T10:31:14,2025-12-02T14:39:31,1,Q2671055
107267,Bakırköy,2170,34,225,TR,city,,,40.98388000,28.83541000,Bakırköy,220974,Europe/Istanbul,"{""br"":""Bakırköy"",""ko"":""바키르코이"",""pt-BR"":""Bakırköy"",""pt"":""Bakırköy"",""nl"":""Bakırköy"",""hr"":""Bakırköy"",""fa"":""باکرکوی"",""de"":""Bakırköy"",""es"":""Bakırköy"",""fr"":""Bakırköy"",""ja"":""バクルキョイ"",""it"":""Bakırköy"",""zh-CN"":""巴克尔柯伊"",""tr"":""Bakırköy"",""ru"":""Бакыркёй"",""uk"":""Бакиркей"",""pl"":""Bakırköy"",""hi"":""बाकिरकोय"",""ar"":""باكيركوي""}",2019-10-06T10:31:14,2025-12-02T17:11:50,1,Q752528
107268,Bala,2217,06,225,TR,adm2,,,39.56374000,33.12962000,Bala,33644,Europe/Istanbul,"{""br"":""Bala"",""ko"":""발라"",""pt-BR"":""Bala"",""pt"":""Bala"",""nl"":""Bala"",""hr"":""Bala"",""fa"":""بالا"",""de"":""Bala"",""es"":""Bala"",""fr"":""Bala"",""ja"":""バラ"",""it"":""Bala"",""zh-CN"":""巴拉"",""tr"":""Bala"",""ru"":""Бала"",""uk"":""Бала"",""pl"":""Bala"",""hi"":""बाला"",""ar"":""بالا""}",2019-10-06T10:31:14,2025-12-02T17:11:50,1,Q752528
107273,Balya,2175,10,225,TR,adm2,,,39.74861000,27.57889000,Balya,1765,Europe/Istanbul,"{""br"":""Balya"",""ko"":""발리아"",""pt-BR"":""Balya"",""pt"":""Balya"",""nl"":""Balya"",""hr"":""Balya"",""fa"":""بالیا"",""de"":""Balya"",""es"":""Balya"",""fr"":""Balya"",""ja"":""バルヤ"",""it"":""Balya"",""zh-CN"":""巴利亚"",""tr"":""Balya"",""ru"":""Баля"",""uk"":""Балья"",""pl"":""Balya"",""hi"":""बल्या"",""ar"":""باليا""}",2019-10-06T10:31:14,2025-12-02T14:39:31,1,Q752528
107275,Balçova,2205,35,225,TR,adm2,,,38.37302000,27.08714000,Balçova,79357,Europe/Istanbul,"{""br"":""Balçova"",""ko"":""발초바"",""pt-BR"":""Balçova"",""pt"":""Balçova"",""nl"":""Balçova"",""hr"":""Balçova"",""fa"":""بالچووا"",""de"":""Balçova"",""es"":""Balçova"",""fr"":""Balçova"",""ja"":""バルソバ"",""it"":""Balçova"",""zh-CN"":""巴尔乔娃"",""tr"":""Balçova"",""ru"":""Балчова"",""uk"":""Балчова"",""pl"":""Balçova"",""hi"":""बालकोवा"",""ar"":""بالتشوفا""}",2019-10-06T10:31:14,2025-12-02T17:11:50,1,Q2636596
107279,Balışeyh,2178,71,225,TR,adm2,,,39.91411000,33.72333000,Balışeyh,4150,Europe/Istanbul,"{""br"":""Balışeyh"",""ko"":""발리셰이흐"",""pt-BR"":""Balışeyh"",""pt"":""Balışeyh"",""nl"":""Balışeyh"",""hr"":""Balışeyh"",""fa"":""بالیشه"",""de"":""Balışeyh"",""es"":""Balışeyh"",""fr"":""Balışeyh"",""ja"":""バルシェイ"",""it"":""Balışeyh"",""zh-CN"":""巴勒谢赫"",""tr"":""Balışeyh"",""ru"":""Балышейх"",""uk"":""Балишейх"",""pl"":""Balışeyh"",""hi"":""बालिसेह"",""ar"":""باليشيا""}",2019-10-06T10:31:14,2025-12-02T14:39:31,1,Q199723
107281,Banaz,2201,64,225,TR,adm2,,,38.73707000,29.75194000,Banaz,17080,Europe/Istanbul,"{""br"":""Banaz"",""ko"":""바나즈"",""pt-BR"":""Banaz"",""pt"":""Banaz"",""nl"":""Banaz"",""hr"":""Banaz"",""fa"":""باناز"",""de"":""Banaz"",""es"":""Banaz"",""fr"":""Banaz"",""ja"":""バナズ"",""it"":""Banaz"",""zh-CN"":""巴纳兹"",""tr"":""Banaz"",""ru"":""Баназ"",""uk"":""Баназ"",""pl"":""Banaz"",""hi"":""बानाज़"",""ar"":""باناز""}",2019-10-06T10:31:14,2025-12-02T14:39:31,1,Q199723
107283,Bandırma,2175,10,225,TR,adm2,,,40.35222000,27.97667000,Bandırma,107631,Europe/Istanbul,"{""br"":""Bandırma"",""ko"":""반디르마"",""pt-BR"":""Bandırma"",""pt"":""Bandırma"",""nl"":""Bandırma"",""hr"":""Bandirma"",""fa"":""باندیرما"",""de"":""Bandırma"",""es"":""Bandırma"",""fr"":""Bandirma"",""ja"":""バンドゥルマ"",""it"":""Bandırma"",""zh-CN"":""班德尔玛"",""tr"":""Bandırma"",""ru"":""Бандырма"",""uk"":""Бандирма"",""pl"":""Bandırma"",""hi"":""बंदिर्मा"",""ar"":""بانديرما""}",2019-10-06T10:31:14,2025-12-02T14:39:31,1,Q199723
107286,Merkez,2148,74,225,TR,adm1,,,41.63583000,32.33750000,Merkez,81692,Europe/Istanbul,"{""br"":""Merkez"",""ko"":""메르케즈"",""pt-BR"":""Merkez"",""pt"":""Merkez"",""nl"":""Merkez"",""hr"":""Merkez"",""fa"":""مرکز"",""de"":""Merkez"",""es"":""Merkez"",""fr"":""Merkez"",""ja"":""メルケス"",""it"":""Merkez"",""zh-CN"":""梅尔克兹"",""tr"":""Merkez"",""ru"":""Меркез"",""uk"":""Меркез"",""pl"":""Merkez"",""hi"":""मर्केज़"",""ar"":""مركز""}",2019-10-06T10:31:14,2025-12-02T14:39:31,1,Q211805
107288,Baskil,2159,23,225,TR,adm2,,,38.56866000,38.81634000,Baskil,15922,Europe/Istanbul,"{""br"":""Baskil"",""ko"":""바스킬"",""pt-BR"":""Baskil"",""pt"":""Baskil"",""nl"":""Baskil"",""hr"":""Baskil"",""fa"":""باسکیل"",""de"":""Baskil"",""es"":""Baskil"",""fr"":""Baskil"",""ja"":""バスキル"",""it"":""Baskil"",""zh-CN"":""巴斯基尔"",""tr"":""Baskil"",""ru"":""Баскил"",""uk"":""Баскіл"",""pl"":""Baskil"",""hi"":""बास्किल"",""ar"":""باسكيل""}",2019-10-06T10:31:14,2025-12-02T14:39:31,1,Q211805
107292,Battalgazi,2158,44,225,TR,city,,,38.43932000,38.45764000,Battalgazi,295821,Europe/Istanbul,"{""br"":""Battalgazi"",""ko"":""바탈가지"",""pt-BR"":""Battalgazi"",""pt"":""Battalgazi"",""nl"":""Battalgazi"",""hr"":""Battalgazi"",""fa"":""باتالقاضی"",""de"":""Battalgazi"",""es"":""Battalgazi"",""fr"":""Battalgazi"",""ja"":""バタルガジ"",""it"":""Battalgazi"",""zh-CN"":""巴塔尔加齐"",""tr"":""Battalgazi"",""ru"":""Батталгази"",""uk"":""Батталгазі"",""pl"":""Battalgazi"",""hi"":""बट्टलगाज़ी"",""ar"":""باتالغازي""}",2019-10-06T10:31:14,2025-12-02T16:59:27,1,Q810916
107293,Bayat,2179,03,225,TR,adm2,,,38.98306000,30.92472000,Sırasında,4790,Europe/Istanbul,"{""br"":""Bayat"",""ko"":""바야트"",""pt-BR"":""Bayat"",""pt"":""Bayat"",""nl"":""Bayat"",""hr"":""Bajat"",""fa"":""بیات"",""de"":""Bayat"",""es"":""Bayat"",""fr"":""Bayat"",""ja"":""バヤット"",""it"":""Bayat"",""zh-CN"":""巴亚特"",""tr"":""Bayat"",""ru"":""Баят"",""uk"":""Баят"",""pl"":""Bayat"",""hi"":""बायत"",""ar"":""بيات""}",2019-10-06T10:31:14,2025-12-02T14:39:31,1,Q810916
107294,Bayat,2173,19,225,TR,adm2,,,40.64583000,34.26139000,Sırasında,5613,Europe/Istanbul,"{""br"":""Bayat"",""ko"":""바야트"",""pt-BR"":""Bayat"",""pt"":""Bayat"",""nl"":""Bayat"",""hr"":""Bajat"",""fa"":""بیات"",""de"":""Bayat"",""es"":""Bayat"",""fr"":""Bayat"",""ja"":""バヤット"",""it"":""Bayat"",""zh-CN"":""巴亚特"",""tr"":""Bayat"",""ru"":""Баят"",""uk"":""Баят"",""pl"":""Bayat"",""hi"":""बायत"",""ar"":""بيات""}",2019-10-06T10:31:14,2025-12-02T14:39:31,1,Q812112
107297,Merkez,2177,69,225,TR,adm1,,,40.25631000,40.22289000,Merkez,48036,Europe/Istanbul,"{""br"":""Merkez"",""ko"":""메르케즈"",""pt-BR"":""Merkez"",""pt"":""Merkez"",""nl"":""Merkez"",""hr"":""Merkez"",""fa"":""مرکز"",""de"":""Merkez"",""es"":""Merkez"",""fr"":""Merkez"",""ja"":""メルケス"",""it"":""Merkez"",""zh-CN"":""梅尔克兹"",""tr"":""Merkez"",""ru"":""Меркез"",""uk"":""Меркез"",""pl"":""Merkez"",""hi"":""मर्केज़"",""ar"":""مركز""}",2019-10-06T10:31:14,2025-12-02T14:39:31,1,Q211828
107298,Baykan,2207,56,225,TR,adm2,,,38.15754000,41.77330000,Baykan,11346,Europe/Istanbul,"{""br"":""Baykan"",""ko"":""바이칸"",""pt-BR"":""Baykan"",""pt"":""Baykan"",""nl"":""Baykan"",""hr"":""Bajkan"",""fa"":""بایکان"",""de"":""Baykan"",""es"":""Baykan"",""fr"":""Baykan"",""ja"":""バイカン"",""it"":""Baykan"",""zh-CN"":""巴伊坎"",""tr"":""Baykan"",""ru"":""Байкан"",""uk"":""Байкан"",""pl"":""Bajkan"",""hi"":""बायकन"",""ar"":""بايكان""}",2019-10-06T10:31:14,2025-12-02T14:39:31,1,Q211828
107300,Bayraklı,2205,35,225,TR,adm2,,,38.46222000,27.16667000,Bayraklı,0,Europe/Istanbul,"{""br"":""Bayraklı"",""ko"":""바이라클리"",""pt-BR"":""Bayrakli"",""pt"":""Bayrakli"",""nl"":""Bayraklı"",""hr"":""Bayraklı"",""fa"":""بایراکلی"",""de"":""Bayraklı"",""es"":""Bayraklı"",""fr"":""Bayraklı"",""ja"":""バイラクリ"",""it"":""Bayraklı"",""zh-CN"":""拜拉克勒"",""tr"":""Bayraklı"",""ru"":""Байраклы"",""uk"":""Байракли"",""pl"":""Bayraklı"",""hi"":""बायराक्ली"",""ar"":""بايراكلي""}",2019-10-06T10:31:14,2025-12-02T14:39:31,1,Q812591
107301,Bayramiç,2216,17,225,TR,adm2,,,39.81951000,26.62490000,Bayramiç,204,Europe/Istanbul,"{""br"":""Bayramiç"",""ko"":""바이라미치"",""pt-BR"":""Bayramiç"",""pt"":""Bayramiç"",""nl"":""Bayramiç"",""hr"":""Bayramiç"",""fa"":""بایرامیچ"",""de"":""Bayramiç"",""es"":""Bayramiç"",""fr"":""Bayramiç"",""ja"":""バイラムイッチ"",""it"":""Bayramiç"",""zh-CN"":""拜拉米奇"",""tr"":""Bayramiç"",""ru"":""Байрамич"",""uk"":""Байрамич"",""pl"":""Bayramiç"",""hi"":""Bayramic"",""ar"":""عيد الفطر""}",2019-10-06T10:31:14,2025-12-02T17:11:50,1,Q812617
107302,Bayrampaşa,2170,34,225,TR,section,,,41.04691000,28.90278000,Bayrampaşa,269677,Europe/Istanbul,"{""br"":""Bayrampaşa"",""ko"":""바이람파샤"",""pt-BR"":""Bayrampaşa"",""pt"":""Bayrampaşa"",""nl"":""Bayrampaşa"",""hr"":""Bayrampaşa"",""fa"":""بایرام پاشا"",""de"":""Bayrampaşa"",""es"":""Bayrampaşa"",""fr"":""Bayrampaşa"",""ja"":""バイランパシャ"",""it"":""Bayrampaşa"",""zh-CN"":""巴伊拉姆帕夏"",""tr"":""Bayrampaşa"",""ru"":""Байрампаша"",""uk"":""Байрампаша"",""pl"":""Bayrampaşa"",""hi"":""बायरामपासा"",""ar"":""بيرم باشا""}",2019-10-06T10:31:14,2025-12-02T17:11:50,1,Q791567
107303,Bayramören,2168,18,225,TR,adm2,,,40.94329000,33.20300000,Bayramören,3049,Europe/Istanbul,"{""br"":""Bayramören"",""ko"":""바이라모렌"",""pt-BR"":""Bayramören"",""pt"":""Bayramören"",""nl"":""Bayramören"",""hr"":""Bayramören"",""fa"":""بایرامورن"",""de"":""Bayramören"",""es"":""Bayramören"",""fr"":""Bayramören"",""ja"":""バイラムーレン"",""it"":""Bayramören"",""zh-CN"":""拜拉莫伦"",""tr"":""Bayramören"",""ru"":""Байраморен"",""uk"":""Байраморен"",""pl"":""Bayramören"",""hi"":""बायरामोरन"",""ar"":""عيد الميلاد""}",2019-10-06T10:31:14,2025-12-02T14:39:31,1,Q791567
107305,Bayındır,2205,35,225,TR,city,,,38.21741000,27.64744000,Bayındır,16850,Europe/Istanbul,"{""br"":""Bayındır"",""ko"":""바인디르"",""pt-BR"":""Bayındır"",""pt"":""Bayındır"",""nl"":""Bayındır"",""hr"":""Bayındır"",""fa"":""باییندیر"",""de"":""Bayındır"",""es"":""Bayındır"",""fr"":""Bayındır"",""ja"":""バインドゥル"",""it"":""Bayındır"",""zh-CN"":""巴伊恩德尔"",""tr"":""Bayındır"",""ru"":""Байындыр"",""uk"":""Баїндир"",""pl"":""Bayındır"",""hi"":""बेयिंदिर"",""ar"":""بايندر""}",2019-10-06T10:31:14,2025-12-02T14:39:31,1,Q2637524
107308,Bağcılar,2170,34,225,TR,adm3,,,41.04275000,28.83625000,Bağcılar,749024,Europe/Istanbul,"{""br"":""Bağcılar"",""ko"":""바그칠라르"",""pt-BR"":""Bağcılar"",""pt"":""Bağcılar"",""nl"":""Bağcılar"",""hr"":""Bağcılar"",""fa"":""باغجیلار"",""de"":""Bağcılar"",""es"":""Bağcılar"",""fr"":""Bağcılar"",""ja"":""バジラル"",""it"":""Bağcılar"",""zh-CN"":""巴格奇拉尔"",""tr"":""Bağcılar"",""ru"":""Багджылар"",""uk"":""Багджилар"",""pl"":""Bağcılar"",""hi"":""बाग़ीलर"",""ar"":""باغجيلار""}",2019-10-06T10:31:14,2025-12-02T17:11:50,1,Q4875058
107309,Bağlar,2226,21,225,TR,adm1,,,37.91068000,40.22627000,Bağlar,799,Europe/Istanbul,"{""br"":""Bağlar"",""ko"":""바글라르"",""pt-BR"":""Bağlar"",""pt"":""Bağlar"",""nl"":""Bağlar"",""hr"":""Bağlar"",""fa"":""باغلار"",""de"":""Bağlar"",""es"":""Bağlar"",""fr"":""Baglar"",""ja"":""バグラール"",""it"":""Bağlar"",""zh-CN"":""巴格拉尔"",""tr"":""Bağlar"",""ru"":""Баглар"",""uk"":""Баглар"",""pl"":""Bağlar"",""hi"":""Baglar"",""ar"":""باغلار""}",2019-10-06T10:31:14,2025-12-02T17:11:50,1,Q4875058
107312,Başakşehir,2170,34,225,TR,adm2,,,41.09203000,28.80203000,Başakşehir,333047,Europe/Istanbul,"{""br"":""Başakşehir"",""ko"":""바샤크셰히르"",""pt-BR"":""Başakşehir"",""pt"":""Başakşehir"",""nl"":""Başakşehir"",""hr"":""Başakşehir"",""fa"":""باشاک‌شهیر"",""de"":""Basaksehir"",""es"":""Başakşehir"",""fr"":""Başakşehir"",""ja"":""バシャクシェヒル"",""it"":""Başakşehir"",""zh-CN"":""巴沙克谢希尔"",""tr"":""Başakşehir"",""ru"":""Башакшехир"",""uk"":""Башакшехір"",""pl"":""Başakşehir"",""hi"":""बासाकशेहिर"",""ar"":""باشاك شهير""}",2019-10-06T10:31:14,2025-12-02T17:11:50,1,Q791607
107314,Başiskele,2195,41,225,TR,city,,,40.64574000,29.90015000,Başiskele,97817,Europe/Istanbul,"{""br"":""Başiskele"",""ko"":""바시스켈레"",""pt-BR"":""Başiskele"",""pt"":""Başiskele"",""nl"":""Başiskele"",""hr"":""Bašiskele"",""fa"":""باشیسکله"",""de"":""Başiskele"",""es"":""Basiskele"",""fr"":""Basiskele"",""ja"":""バシスケレ"",""it"":""Başiskele"",""zh-CN"":""巴西斯克莱"",""tr"":""Başiskele"",""ru"":""Башискеле"",""uk"":""Башіскеле"",""pl"":""Başiskele"",""hi"":""बासिस्केले"",""ar"":""باشيسكيلي""}",2019-10-06T10:31:14,2025-12-02T16:59:27,1,Q2670796
107315,Başkale,2152,65,225,TR,adm2,,,38.04526000,44.01718000,Başkale,14516,Europe/Istanbul,"{""br"":""Başkale"",""ko"":""바스칼레"",""pt-BR"":""Baskale"",""pt"":""Baskale"",""nl"":""Baskale"",""hr"":""Baškale"",""fa"":""باشکاله"",""de"":""Başkale"",""es"":""Baskale"",""fr"":""Başkale"",""ja"":""バシュカレ"",""it"":""Başkale"",""zh-CN"":""巴斯卡莱"",""tr"":""Başkale"",""ru"":""Башкале"",""uk"":""Башкале"",""pl"":""Başkale"",""hi"":""बास्काले"",""ar"":""باسكالي""}",2019-10-06T10:31:14,2025-12-02T14:39:31,1,Q2670796
107318,Başmakçı,2179,03,225,TR,adm2,,,37.89722000,30.01167000,Başmakçı,10031,Europe/Istanbul,"{""br"":""Başmakçı"",""ko"":""바스막치"",""pt-BR"":""Başmakçı"",""pt"":""Başmakçı"",""nl"":""Başmakçı"",""hr"":""Bašmakči"",""fa"":""باشماقچی"",""de"":""Başmakçı"",""es"":""Başmakçı"",""fr"":""Başmakçı"",""ja"":""バシュマクチ"",""it"":""Başmakçı"",""zh-CN"":""服务"",""tr"":""Başmakçı"",""ru"":""Башмакчы"",""uk"":""Башмакчі"",""pl"":""Başmakçı"",""hi"":""Basmakçi"",""ar"":""باشماكجي""}",2019-10-06T10:31:14,2025-12-02T14:38:56,1,Q812759
107320,Başyayla,2184,70,225,TR,adm2,,,36.75337000,32.68018000,Başyayla,5713,Europe/Istanbul,"{""br"":""Başyayla"",""ko"":""바샤일라"",""pt-BR"":""Başyayla"",""pt"":""Başyayla"",""nl"":""Başyayla"",""hr"":""Başyayla"",""fa"":""باشیایلا"",""de"":""Başyayla"",""es"":""Başyayla"",""fr"":""Başyayla"",""ja"":""バシャイラ"",""it"":""Başyayla"",""zh-CN"":""巴什亚伊拉"",""tr"":""Başyayla"",""ru"":""Башяйла"",""uk"":""Башьайла"",""pl"":""Başyayla"",""hi"":""बास्यायला"",""ar"":""باشيايلا""}",2019-10-06T10:31:14,2025-12-02T14:39:31,1,Q1905717
107322,Başçiftlik,2199,60,225,TR,adm2,,,40.54694000,37.16917000,Başçiftlik,7058,Europe/Istanbul,"{""br"":""Başçiflik"",""ko"":""바스치프트리크"",""pt-BR"":""Başçiftlik"",""pt"":""Başçiftlik"",""nl"":""Başçiftlik"",""hr"":""Başçiftlik"",""fa"":""باشچیفتلیک"",""de"":""Başçiftlik"",""es"":""Başçiftlik"",""fr"":""Başçiftlik"",""ja"":""バシュチフトリク"",""it"":""Başçiftlik"",""zh-CN"":""巴什奇夫特利克"",""tr"":""Başçiftlik"",""ru"":""Башчифтлик"",""uk"":""Башчифтлік"",""pl"":""Başçiftlik"",""hi"":""बाशिफ्टलिक"",""ar"":""باششيفتليك""}",2019-10-06T10:31:14,2025-12-02T14:38:56,1,Q692401
107326,Bekilli,2157,20,225,TR,adm2,,,38.24027000,29.42559000,Bekilli,6424,Europe/Istanbul,"{""br"":""Bekilli"",""ko"":""베킬리"",""pt-BR"":""Bekilli"",""pt"":""Bekilli"",""nl"":""Bekilli"",""hr"":""Bekilli"",""fa"":""بکیلی"",""de"":""Bekilli"",""es"":""Bekilli"",""fr"":""Bekilli"",""ja"":""ベキリ"",""it"":""Bekilli"",""zh-CN"":""贝基利"",""tr"":""Bekilli"",""ru"":""Бекилли"",""uk"":""Бекіллі"",""pl"":""Bekill"",""hi"":""बेकिली"",""ar"":""بيكيلي""}",2019-10-06T10:31:14,2025-12-02T17:11:50,1,Q744631
107328,Belen,2211,31,225,TR,adm2,,,36.48866000,36.19489000,Beden,20113,Europe/Istanbul,"{""br"":""Belen"",""ko"":""벨렌"",""pt-BR"":""Belém"",""pt"":""Belém"",""nl"":""Belén"",""hr"":""Belen"",""fa"":""بلن"",""de"":""Belen"",""es"":""Belén"",""fr"":""Belén"",""ja"":""ベレン"",""it"":""Belen"",""zh-CN"":""贝伦"",""tr"":""Belen"",""ru"":""Белен"",""uk"":""Белен"",""pl"":""Belen"",""hi"":""बेलेन"",""ar"":""بيلين""}",2019-10-06T10:31:14,2025-12-02T14:39:31,1,Q815399
107331,Bergama,2205,35,225,TR,city,,,39.17088000,27.18918000,Bergama,105754,Europe/Istanbul,"{""br"":""Bergama"",""ko"":""베르가마"",""pt-BR"":""Bergama"",""pt"":""Bergama"",""nl"":""Bergama"",""hr"":""Bergama"",""fa"":""برگاما"",""de"":""Bergama"",""es"":""Bergama"",""fr"":""Bergama"",""ja"":""ベルガマ"",""it"":""Bergama"",""zh-CN"":""贝尔加马"",""tr"":""Bergama"",""ru"":""Бергама"",""uk"":""Бергама"",""pl"":""Bergama"",""hi"":""बर्गामा"",""ar"":""بيرغاما""}",2019-10-06T10:31:14,2025-12-02T17:11:50,1,Q1911139
107332,Besni,2155,02,225,TR,adm2,,,37.69278000,37.86111000,Besni,41892,Europe/Istanbul,"{""br"":""Besni"",""ko"":""베스니"",""pt-BR"":""Besni"",""pt"":""Besni"",""nl"":""Besni"",""hr"":""Besni"",""fa"":""بسنی"",""de"":""Besni"",""es"":""Besni"",""fr"":""Besni"",""ja"":""ベスニ"",""it"":""Besni"",""zh-CN"":""贝斯尼"",""tr"":""Besni"",""ru"":""Бесни"",""uk"":""Бесні"",""pl"":""Besni"",""hi"":""बेस्नी"",""ar"":""بسني""}",2019-10-06T10:31:14,2025-12-02T14:39:31,1,Q1911139
107334,Beyağaç,2157,20,225,TR,adm2,,,37.24546000,28.90041000,Beyağaç,109,Europe/Istanbul,"{""br"":""Beyağaç"",""ko"":""베야자치"",""pt-BR"":""Beyağaç"",""pt"":""Beyağaç"",""nl"":""Beyağaç"",""hr"":""Beyağaç"",""fa"":""بیاغاچ"",""de"":""Beyağaç"",""es"":""Beyağaç"",""fr"":""Beyağaç"",""ja"":""ベヤガッチ"",""it"":""Beyağaç"",""zh-CN"":""贝亚阿奇"",""tr"":""Beyağaç"",""ru"":""Беягач"",""uk"":""Беягач"",""pl"":""Beyağaç"",""hi"":""बेयागाक"",""ar"":""بياغاش""}",2019-10-06T10:31:14,2025-12-02T17:11:50,1,Q853055
107335,Beydağ,2205,35,225,TR,city,,,38.08241000,28.21609000,Beydağ,12507,Europe/Istanbul,"{""br"":""Beydağ"",""ko"":""베이다그"",""pt-BR"":""Beydağ"",""pt"":""Beydağ"",""nl"":""Beydağ"",""hr"":""Beydağ"",""fa"":""بیداغ"",""de"":""Beydağ"",""es"":""Beydağ"",""fr"":""Beydağ"",""ja"":""ベイダグ"",""it"":""Beydağ"",""zh-CN"":""贝达"",""tr"":""Beydağ"",""ru"":""Бейдаг"",""uk"":""Бейдаг"",""pl"":""Beydağ"",""hi"":""बेयदाग"",""ar"":""بيداغ""}",2019-10-06T10:31:14,2025-12-02T17:11:50,1,Q1831365
107337,Beykoz,2170,34,225,TR,adm2,,,41.13774000,29.16932000,Beykoz,248056,Europe/Istanbul,"{""br"":""Beykoz"",""ko"":""베이코즈"",""pt-BR"":""Beykoz"",""pt"":""Beykoz"",""nl"":""Beykoz"",""hr"":""Beykoz"",""fa"":""بیکوز"",""de"":""Beykoz"",""es"":""Beykoz"",""fr"":""Beykoz"",""ja"":""ベイコズ"",""it"":""Beykoz"",""zh-CN"":""贝伊科兹"",""tr"":""Beykoz"",""ru"":""Бейкоз"",""uk"":""Бейкоз"",""pl"":""Beykoz"",""hi"":""बेकोज़"",""ar"":""بيكوز""}",2019-10-06T10:31:14,2025-12-02T17:11:50,1,Q794351
107338,Beylikdüzü,2170,34,225,TR,city,,,41.00322000,28.64067000,Beylikdüzü,122452,Europe/Istanbul,"{""br"":""Beylikdüzü"",""ko"":""Beylikdüzü"",""pt-BR"":""Beylikdüzü"",""pt"":""Beylikdüzü"",""nl"":""Beylikdüzü"",""hr"":""Beylikdüzü"",""fa"":""بیلیکدوزو"",""de"":""Beylikdüzü"",""es"":""Beylikdüzü"",""fr"":""Beylikdüzü"",""ja"":""ベイリクドゥズ"",""it"":""Beylikdüzü"",""zh-CN"":""贝伊利克杜祖"",""tr"":""Beylikdüzü"",""ru"":""Бейликдюзю"",""uk"":""Бейлікдюзю"",""pl"":""Beylikdüzü"",""hi"":""बेयलिकदुज़ु"",""ar"":""بيليك دوزو""}",2019-10-06T10:31:14,2025-12-02T14:38:56,1,Q794351
107339,Beylikova,2164,26,225,TR,adm2,,,39.68694000,31.20556000,Beylikova,5131,Europe/Istanbul,"{""br"":""Beylikova"",""ko"":""베일리코바"",""pt-BR"":""Beylikova"",""pt"":""Beylikova"",""nl"":""Beylikova"",""hr"":""Beylikova"",""fa"":""بیلیکووا"",""de"":""Beylikova"",""es"":""Beylikova"",""fr"":""Beylikova"",""ja"":""ベイリコワ"",""it"":""Beylikova"",""zh-CN"":""贝伊利科娃"",""tr"":""Beylikova"",""ru"":""Бейликова"",""uk"":""Бейлікова"",""pl"":""Beylikowa"",""hi"":""बेयलिकोवा"",""ar"":""بيليكوفا""}",2019-10-06T10:31:14,2025-12-02T14:39:31,1,Q794351
107341,Beyoğlu,2170,34,225,TR,section,,,41.03786000,28.96767000,Beyoğlu,0,Europe/Istanbul,"{""br"":""Beyoğlu"",""ko"":""베요글루"",""pt-BR"":""Beyoğlu"",""pt"":""Beyoğlu"",""nl"":""Beyoğlu"",""hr"":""Beyoğlu"",""fa"":""بی اوغلو"",""de"":""Beyoğlu"",""es"":""Beyoğlu"",""fr"":""Beyoğlu"",""ja"":""ベイオール"",""it"":""Beyoğlu"",""zh-CN"":""贝伊奥卢"",""tr"":""Beyoğlu"",""ru"":""Бейоглу"",""uk"":""Бейоглу"",""pl"":""Beyoğlu"",""hi"":""बेयोग्लू"",""ar"":""بيوغلو""}",2019-10-06T10:31:14,2025-12-02T17:11:50,1,Q217411
107343,Beypazarı,2217,06,225,TR,adm2,,,40.16750000,31.92111000,Beypazarı,48274,Europe/Istanbul,"{""br"":""Beypazarı"",""ko"":""베이파자리"",""pt-BR"":""Beypazarı"",""pt"":""Beypazarı"",""nl"":""Beypazarı"",""hr"":""Bejpazari"",""fa"":""بیپازاری"",""de"":""Beypazarı"",""es"":""Beypazarı"",""fr"":""Beypazarı"",""ja"":""ベイパザリ"",""it"":""Beypazarı"",""zh-CN"":""贝伊帕扎尔"",""tr"":""Beypazarı"",""ru"":""Бейпазары"",""uk"":""Бейпазари"",""pl"":""Beypazarı"",""hi"":""बेयपज़ारी"",""ar"":""باي بازاري""}",2019-10-06T10:31:14,2025-12-02T14:38:56,1,Q794382
107344,Beytüşşebap,2225,73,225,TR,adm2,,,37.57144000,43.16515000,Beytüşşebap,8161,Europe/Istanbul,"{""br"":""Beytüşşebap"",""ko"":""베이투스셰밥"",""pt-BR"":""Beytüşşebap"",""pt"":""Beytüşşebap"",""nl"":""Beytüşşebap"",""hr"":""Beytüşšebap"",""fa"":""بیتوش‌شباپ"",""de"":""Beytüşşebap"",""es"":""Beytüşşebap"",""fr"":""Beytüşşebap"",""ja"":""ベイトゥシュエバプ"",""it"":""Beytüşşebap"",""zh-CN"":""贝图什谢巴普"",""tr"":""Beytüşşebap"",""ru"":""Beytüşşebap"",""uk"":""Бейтюшшебап"",""pl"":""Beytüşşebap"",""hi"":""बेयतुसेबाप"",""ar"":""بيتوشباب""}",2019-10-06T10:31:14,2025-12-02T14:39:31,1,Q853401
107345,Beyşehir,2171,42,225,TR,adm2,,,37.67735000,31.72458000,Beyşehir,44460,Europe/Istanbul,"{""br"":""Beyşehir"",""ko"":""베이셰히르"",""pt-BR"":""Beyşehir"",""pt"":""Beyşehir"",""nl"":""Beyşehir"",""hr"":""Beyşehir"",""fa"":""بیشهیر"",""de"":""Beyşehir"",""es"":""Beysehir"",""fr"":""Beyşehir"",""ja"":""ベイシェヒル"",""it"":""Beyşehir"",""zh-CN"":""贝伊谢希尔"",""tr"":""Beyşehir"",""ru"":""Бейшехир"",""uk"":""Бейшехір"",""pl"":""Beyşehir"",""hi"":""बेयशेहिर"",""ar"":""بيه شهير""}",2019-10-06T10:31:14,2025-12-02T14:39:31,1,Q853401
107348,Beşikdüzü,2206,61,225,TR,adm2,,,41.05202000,39.23294000,Beşikdüzü,36987,Europe/Istanbul,"{""br"":""Beşikdüzü"",""ko"":""베식두주"",""pt-BR"":""Beşikdüzü"",""pt"":""Beşikdüzü"",""nl"":""Beşikdüzü"",""hr"":""Beşikdüzü"",""fa"":""بشیکدوزو"",""de"":""Beşikdüzü"",""es"":""Beşikdüzü"",""fr"":""Beşikdüzü"",""ja"":""ベシクドゥズ"",""it"":""Beşikdüzü"",""zh-CN"":""贝希克杜祖"",""tr"":""Beşikdüzü"",""ru"":""Бешикдюзю"",""uk"":""Бешикдюзу"",""pl"":""Beşikdüzü"",""hi"":""बेसिकदुज़ु"",""ar"":""بشيكدوزو""}",2019-10-06T10:31:14,2025-12-02T14:39:31,1,Q127389
107349,Beşiktaş,2170,34,225,TR,city,,,41.07122000,29.02321000,Beşiktaş,186570,Europe/Istanbul,"{""br"":""Beşiktaş"",""ko"":""베식타스"",""pt-BR"":""Beşiktaş"",""pt"":""Beşiktaş"",""nl"":""Beşiktaş"",""hr"":""Bešiktaš"",""fa"":""بشیکتاش"",""de"":""Beşiktaş"",""es"":""Beşiktaş"",""fr"":""Beşiktaş"",""ja"":""ベシクタシュ"",""it"":""Beşiktaş"",""zh-CN"":""贝西克塔斯"",""tr"":""Beşiktaş"",""ru"":""Бешикташ"",""uk"":""Бешикташ"",""pl"":""Beşiktaş"",""hi"":""बेसिक्तास"",""ar"":""بشيكتاش""}",2019-10-06T10:31:14,2025-12-02T16:59:27,1,Q459495
107350,Beşiri,2194,72,225,TR,adm2,,,37.91573000,41.28650000,Beşiri,9513,Europe/Istanbul,"{""br"":""Beşiri"",""ko"":""베시리"",""pt-BR"":""Beşiri"",""pt"":""Beşiri"",""nl"":""Beşiri"",""hr"":""Besiri"",""fa"":""بشیری"",""de"":""Beşiri"",""es"":""Beşiri"",""fr"":""Beşiri"",""ja"":""ベシリ"",""it"":""Beşiri"",""zh-CN"":""贝希里"",""tr"":""Beşiri"",""ru"":""Бешири"",""uk"":""Бешірі"",""pl"":""Beşiri"",""hi"":""बेसिरी"",""ar"":""بشيري""}",2019-10-06T10:31:14,2025-12-02T14:39:31,1,Q459495
107353,Biga,2216,17,225,TR,city,,,40.26921000,27.20841000,Öğreniyorlar,94112,Europe/Istanbul,"{""br"":""Biga"",""ko"":""비가"",""pt-BR"":""Biga"",""pt"":""Biga"",""nl"":""Biga"",""hr"":""Biga"",""fa"":""بیگا"",""de"":""Biga"",""es"":""Biga"",""fr"":""Biga"",""ja"":""ビガ"",""it"":""Biga"",""zh-CN"":""比加"",""tr"":""Biga"",""ru"":""Бига"",""uk"":""Біга"",""pl"":""Biga"",""hi"":""बिगा"",""ar"":""بيجا""}",2019-10-06T10:31:14,2025-12-02T17:11:50,1,Q854667
107354,Bigadiç,2175,10,225,TR,adm2,,,39.39250000,28.13111000,Bigadiç,15242,Europe/Istanbul,"{""br"":""Bigadiç"",""ko"":""비가디치"",""pt-BR"":""Bigadiç"",""pt"":""Bigadiç"",""nl"":""Bigadiç"",""hr"":""Bigadiç"",""fa"":""بیگادیچ"",""de"":""Bigadiç"",""es"":""Bigadiç"",""fr"":""Bigadiç"",""ja"":""ビガディッチ"",""it"":""Bigadiç"",""zh-CN"":""比加迪奇"",""tr"":""Bigadiç"",""ru"":""Бигадич"",""uk"":""Бігадич"",""pl"":""Bigadiç"",""hi"":""बिगाडीक"",""ar"":""بيغاديك""}",2019-10-06T10:31:14,2025-12-02T14:39:31,1,Q854667
107356,Merkez,2221,11,225,TR,adm1,,,40.14192000,29.97932000,Merkez,74457,Europe/Istanbul,"{""br"":""Merkez"",""ko"":""메르케즈"",""pt-BR"":""Merkez"",""pt"":""Merkez"",""nl"":""Merkez"",""hr"":""Merkez"",""fa"":""مرکز"",""de"":""Merkez"",""es"":""Merkez"",""fr"":""Merkez"",""ja"":""メルケス"",""it"":""Merkez"",""zh-CN"":""梅尔克兹"",""tr"":""Merkez"",""ru"":""Меркез"",""uk"":""Меркез"",""pl"":""Merkez"",""hi"":""मर्केज़"",""ar"":""مركز""}",2019-10-06T10:31:14,2025-12-02T14:39:31,1,Q208006
107359,Birecik,2183,63,225,TR,adm2,,,37.02577000,37.97841000,Birecik,44284,Europe/Istanbul,"{""br"":""Birecik"",""ko"":""비레치크"",""pt-BR"":""Birecik"",""pt"":""Birecik"",""nl"":""Birecik"",""hr"":""Birecik"",""fa"":""بیرجیک"",""de"":""Birecik"",""es"":""Birecik"",""fr"":""Birecik"",""ja"":""ビレシック"",""it"":""Birecik"",""zh-CN"":""比雷吉克"",""tr"":""Birecik"",""ru"":""Биреджик"",""uk"":""Біречік"",""pl"":""Birecik"",""hi"":""बिरेसिक"",""ar"":""بيريجيك""}",2019-10-06T10:31:14,2025-12-02T14:39:31,1,Q208472
107362,Bismil,2226,21,225,TR,adm2,,,37.84514000,40.65931000,Bismil,74493,Europe/Istanbul,"{""br"":""Bismil"",""ko"":""비스밀"",""pt-BR"":""Bismil"",""pt"":""Bismil"",""nl"":""Bismil"",""hr"":""Bismil"",""fa"":""بسمیل"",""de"":""Bismil"",""es"":""Bismil"",""fr"":""Bismil"",""ja"":""ビスミル"",""it"":""Bismil"",""zh-CN"":""比斯米尔"",""tr"":""Bismil"",""ru"":""Бисмил"",""uk"":""Бісміл"",""pl"":""Bismil"",""hi"":""बिस्मिल"",""ar"":""بسميل""}",2019-10-06T10:31:14,2025-12-02T14:39:31,1,Q208472
107365,Bodrum,2182,48,225,TR,city,,,37.06500000,27.49819000,Bodrum,175000,Europe/Istanbul,"{""br"":""Bodrum"",""ko"":""보드룸"",""pt-BR"":""Bodrum"",""pt"":""Bodrum"",""nl"":""Bodrum"",""hr"":""Bodrum"",""fa"":""بدروم"",""de"":""Bodrum"",""es"":""Bodrum"",""fr"":""Bodrum"",""ja"":""ボドルム"",""it"":""Bodrum"",""zh-CN"":""博德鲁姆"",""tr"":""Bodrum"",""ru"":""Бодрум"",""uk"":""Бодрум"",""pl"":""Bodrum"",""hi"":""बोडरम"",""ar"":""بودروم""}",2019-10-06T10:31:14,2025-12-02T16:59:27,1,Q83531
107366,Merkez,2172,14,225,TR,adm1,,,40.73583000,31.60611000,Merkez,184682,Europe/Istanbul,"{""br"":""Merkez"",""ko"":""메르케즈"",""pt-BR"":""Merkez"",""pt"":""Merkez"",""nl"":""Merkez"",""hr"":""Merkez"",""fa"":""مرکز"",""de"":""Merkez"",""es"":""Merkez"",""fr"":""Merkez"",""ja"":""メルケス"",""it"":""Merkez"",""zh-CN"":""梅尔克兹"",""tr"":""Merkez"",""ru"":""Меркез"",""uk"":""Меркез"",""pl"":""Merkez"",""hi"":""मर्केज़"",""ar"":""مركز""}",2019-10-06T10:31:14,2025-12-02T14:39:31,1,Q200951
107367,Bolvadin,2179,03,225,TR,adm2,,,38.71111000,31.04861000,Bolvadin,55870,Europe/Istanbul,"{""br"":""Bolvadin"",""ko"":""볼바딘"",""pt-BR"":""Bolvadin"",""pt"":""Bolvadin"",""nl"":""Bolvadin"",""hr"":""Bolvadin"",""fa"":""بولادین"",""de"":""Bolvadin"",""es"":""Bolvadin"",""fr"":""Bolvadin"",""ja"":""ボルバディン"",""it"":""Bolvadin"",""zh-CN"":""博尔瓦丁"",""tr"":""Bolvadin"",""ru"":""Болвадин"",""uk"":""Болвадін"",""pl"":""Bolvadin"",""hi"":""बोल्वाडिन"",""ar"":""بولفادين""}",2019-10-06T10:31:14,2025-12-02T14:39:31,1,Q200951
107369,Bor,2189,51,225,TR,adm2,,,37.89056000,34.55889000,Bor,32435,Europe/Istanbul,"{""br"":""Bor"",""ko"":""보르"",""pt-BR"":""Bor"",""pt"":""Bor"",""nl"":""Bor"",""hr"":""Bor"",""fa"":""بور"",""de"":""Bor"",""es"":""Bor"",""fr"":""Bor"",""ja"":""ボル"",""it"":""Bor"",""zh-CN"":""博尔"",""tr"":""Bor"",""ru"":""Бор"",""uk"":""Бор"",""pl"":""Bor"",""hi"":""बीओआर"",""ar"":""بور""}",2019-10-06T10:31:14,2025-12-02T14:39:31,1,Q289143
107370,Bornova,2205,35,225,TR,adm2,,,38.48492000,27.25235000,Bornova,445232,Europe/Istanbul,"{""br"":""Bornova"",""ko"":""보르노바"",""pt-BR"":""Bornova"",""pt"":""Bornova"",""nl"":""Bornova"",""hr"":""Bornova"",""fa"":""بورنوا"",""de"":""Bornova"",""es"":""Bornova"",""fr"":""Bornova"",""ja"":""ボルノバ"",""it"":""Bornova"",""zh-CN"":""博尔诺瓦"",""tr"":""Bornova"",""ru"":""Борнова"",""uk"":""Борнова"",""pl"":""Bornova"",""hi"":""बोर्नोवा"",""ar"":""بورنوفا""}",2019-10-06T10:31:14,2025-12-02T17:11:50,1,Q894012
107371,Borçka,2191,08,225,TR,adm2,,,41.35792000,41.66579000,Borçka,9942,Europe/Istanbul,"{""br"":""Borçka"",""ko"":""보르츠카"",""pt-BR"":""Borçka"",""pt"":""Borçka"",""nl"":""Borçka"",""hr"":""Borčka"",""fa"":""بورچکا"",""de"":""Borçka"",""es"":""Borçka"",""fr"":""Borçka"",""ja"":""ボルチカ"",""it"":""Borçka"",""zh-CN"":""博尔奇卡"",""tr"":""Borçka"",""ru"":""Борчка"",""uk"":""Борчка"",""pl"":""Borçka"",""hi"":""बोर्का"",""ar"":""بورشكا""}",2019-10-06T10:31:14,2025-12-02T14:39:31,1,Q894012
107380,Bozcaada,2216,17,225,TR,city,,,39.82409000,26.04069000,Bozcaada,3363,Europe/Istanbul,"{""br"":""Bozcaada"",""ko"":""보즈자다"",""pt-BR"":""Bozcaada"",""pt"":""Bozcaada"",""nl"":""Bozcaada"",""hr"":""Bozcaada"",""fa"":""بزکادا"",""de"":""Bozcaada"",""es"":""Bozcaada"",""fr"":""Bozcaada"",""ja"":""ボズジャアダ"",""it"":""Bozcaada"",""zh-CN"":""博兹贾阿达岛"",""tr"":""Bozcaada"",""ru"":""Бозджаада"",""uk"":""Бозджаада"",""pl"":""Bozcaada"",""hi"":""बोज़्काडा"",""ar"":""بوزكادا""}",2019-10-06T10:31:14,2025-12-02T16:59:27,1,Q10259759
107381,Bozdoğan,2187,09,225,TR,adm2,,,37.67134000,28.31395000,Bozdoğan,8378,Europe/Istanbul,"{""br"":""Bozdoğan"",""ko"":""보즈도간"",""pt-BR"":""Bozdoğan"",""pt"":""Bozdoğan"",""nl"":""Bozdogan"",""hr"":""Bozdoğan"",""fa"":""بوزدوغان"",""de"":""Bozdoğan"",""es"":""Bozdogan"",""fr"":""Bozdoğan"",""ja"":""ボズドガン"",""it"":""Bozdoğan"",""zh-CN"":""博兹多安"",""tr"":""Bozdoğan"",""ru"":""Боздоган"",""uk"":""Боздоган"",""pl"":""Bozdoğan"",""hi"":""Bozdogan"",""ar"":""بوزدوغان""}",2019-10-06T10:31:14,2025-12-02T14:39:31,1,Q10259759
107383,Bozkurt,2197,37,225,TR,adm2,,,41.95769000,34.01087000,Bozkurt,6050,Europe/Istanbul,"{""br"":""Bozkurt"",""ko"":""보즈쿠르트"",""pt-BR"":""Bozkurt"",""pt"":""Bozkurt"",""nl"":""Bozkurt"",""hr"":""Bozkurt"",""fa"":""بوزقورد"",""de"":""Bozkurt"",""es"":""Bozkurt"",""fr"":""Bozkurt"",""ja"":""ボズクルト"",""it"":""Bozkurt"",""zh-CN"":""博兹库尔特"",""tr"":""Bozkurt"",""ru"":""Бозкурт"",""uk"":""Бозкурт"",""pl"":""Bozkurt"",""hi"":""बोज़कुर्ट"",""ar"":""بوزكورت""}",2019-10-06T10:31:14,2025-12-02T14:39:31,1,Q2355171
107384,Bozkurt,2157,20,225,TR,adm2,,,37.77583000,29.60811000,Bozkurt,4109,Europe/Istanbul,"{""br"":""Bozkurt"",""ko"":""보즈쿠르트"",""pt-BR"":""Bozkurt"",""pt"":""Bozkurt"",""nl"":""Bozkurt"",""hr"":""Bozkurt"",""fa"":""بوزقورد"",""de"":""Bozkurt"",""es"":""Bozkurt"",""fr"":""Bozkurt"",""ja"":""ボズクルト"",""it"":""Bozkurt"",""zh-CN"":""博兹库尔特"",""tr"":""Bozkurt"",""ru"":""Бозкурт"",""uk"":""Бозкурт"",""pl"":""Bozkurt"",""hi"":""बोज़कुर्ट"",""ar"":""بوزكورت""}",2019-10-06T10:31:14,2025-12-02T14:39:31,1,Q2355171
107386,Bozkır,2171,42,225,TR,adm2,,,37.18963000,32.24736000,Bozkır,10958,Europe/Istanbul,"{""br"":""Bozkır"",""ko"":""보즈키르"",""pt-BR"":""Bozkir"",""pt"":""Bozkir"",""nl"":""Bozkır"",""hr"":""Bozkır"",""fa"":""بزکیر"",""de"":""Bozkır"",""es"":""Bozkir"",""fr"":""Bozkır"",""ja"":""ボズクル"",""it"":""Bozkır"",""zh-CN"":""博兹克尔"",""tr"":""Bozkır"",""ru"":""Бозкыр"",""uk"":""Бозкір"",""pl"":""Bozkır"",""hi"":""बोज़किर"",""ar"":""بوزكير""}",2019-10-06T10:31:14,2025-12-02T14:39:31,1,Q2355171
107388,Bozova,2183,63,225,TR,adm2,,,37.36250000,38.52667000,Bozova,21502,Europe/Istanbul,"{""br"":""Bozova"",""ko"":""보조바"",""pt-BR"":""Bozova"",""pt"":""Bozova"",""nl"":""Bozova"",""hr"":""Božova"",""fa"":""بوزووا"",""de"":""Bozova"",""es"":""Bozova"",""fr"":""Bozova"",""ja"":""ボゾヴァ"",""it"":""Bozova"",""zh-CN"":""博佐娃"",""tr"":""Bozova"",""ru"":""Бозова"",""uk"":""Бозова"",""pl"":""Bozova"",""hi"":""बोज़ोवा"",""ar"":""بوزوفا""}",2019-10-06T10:31:14,2025-12-02T14:39:31,1,Q2355171
107390,Boztepe,2180,40,225,TR,adm2,,,39.27979000,34.26657000,Boztepe,0,Europe/Istanbul,"{""br"":""Boztepe"",""ko"":""보즈테페"",""pt-BR"":""Boztepe"",""pt"":""Boztepe"",""nl"":""Boztepe"",""hr"":""Boztepe"",""fa"":""بوزتپه"",""de"":""Boztepe"",""es"":""Boztepe"",""fr"":""Boztepe"",""ja"":""ボズテペ"",""it"":""Boztepe"",""zh-CN"":""博兹特佩"",""tr"":""Boztepe"",""ru"":""Бозтепе"",""uk"":""Бозтепе"",""pl"":""Boztepe"",""hi"":""बोज़टेपे"",""ar"":""بوزتيبي""}",2019-10-06T10:31:14,2025-12-02T17:11:50,1,Q2355171
107391,Bozyazı,2156,33,225,TR,city,,,36.10820000,32.96113000,Bozyazı,26840,Europe/Istanbul,"{""br"":""Bozyazı"",""ko"":""보지아지"",""pt-BR"":""Bozyazı"",""pt"":""Bozyazı"",""nl"":""Bozyazı"",""hr"":""Bozyazı"",""fa"":""بوزیازی"",""de"":""Bozyazı"",""es"":""Bozyazı"",""fr"":""Bozyazı"",""ja"":""ボズヤジ"",""it"":""Bozyazı"",""zh-CN"":""博兹亚泽"",""tr"":""Bozyazı"",""ru"":""Бозязы"",""uk"":""Бозязі"",""pl"":""Bozyazı"",""hi"":""बोज़्याज़ी"",""ar"":""بوزيازي""}",2019-10-06T10:31:14,2025-12-02T14:38:56,1,Q2355171
107393,Bozüyük,2221,11,225,TR,adm2,,,39.90778000,30.03667000,Bozüyük,55365,Europe/Istanbul,"{""br"":""Bozüyük"",""ko"":""보주위크"",""pt-BR"":""Bozüyük"",""pt"":""Bozüyük"",""nl"":""Bozüyük"",""hr"":""Bozüyük"",""fa"":""بوزویوک"",""de"":""Bozüyük"",""es"":""Bozüyük"",""fr"":""Bozüyük"",""ja"":""ボジュユク"",""it"":""Bozüyük"",""zh-CN"":""博祖尤克"",""tr"":""Bozüyük"",""ru"":""Бозююк"",""uk"":""Бозююк"",""pl"":""Bozüyük"",""hi"":""बोज़्युयुक"",""ar"":""بوزويوك""}",2019-10-06T10:31:14,2025-12-02T14:39:31,1,Q896218
107395,Boğazkale,2173,19,225,TR,adm2,,,40.03031000,34.61745000,Boğazkale,2477,Europe/Istanbul,"{""br"":""Boğazkale"",""ko"":""보가즈칼레"",""pt-BR"":""Boğazkale"",""pt"":""Boğazkale"",""nl"":""Boğazkale"",""hr"":""Bogazkale"",""fa"":""بوآزکاله"",""de"":""Boğazkale"",""es"":""Boğazkale"",""fr"":""Boğazkale"",""ja"":""ボアズカレ"",""it"":""Boğazkale"",""zh-CN"":""博阿兹卡莱"",""tr"":""Boğazkale"",""ru"":""Богазкале"",""uk"":""Богазкале"",""pl"":""Boğazkale"",""hi"":""बोगाज़्काले"",""ar"":""بوغازكالي""}",2019-10-06T10:31:14,2025-12-02T17:11:50,1,Q848800
107397,Boğazlıyan,2188,66,225,TR,adm2,,,39.19627000,35.25420000,Boğazlıyan,34121,Europe/Istanbul,"{""br"":""Boğazlıyan"",""ko"":""보가즐리안"",""pt-BR"":""Boğazlıyan"",""pt"":""Boğazlıyan"",""nl"":""Boğazlıyan"",""hr"":""Bogazliyan"",""fa"":""بوغازلیان"",""de"":""Boğazlıyan"",""es"":""Boğazlıyan"",""fr"":""Boğazlıyan"",""ja"":""ボアズリヤン"",""it"":""Boğazlıyan"",""zh-CN"":""博阿兹利扬"",""tr"":""Boğazlıyan"",""ru"":""Богазлыян"",""uk"":""Богазліян"",""pl"":""Boğazlıyan"",""hi"":""बोगाज़्लियन"",""ar"":""بوغازليان""}",2019-10-06T10:31:14,2025-12-02T17:11:50,1,Q1869200
107399,Buca,2205,35,225,TR,adm2,,,38.34813000,27.25053000,Buca,523193,Europe/Istanbul,"{""br"":""Buca"",""ko"":""부카"",""pt-BR"":""Buca"",""pt"":""Buca"",""nl"":""Buca"",""hr"":""Buca"",""fa"":""بوکا"",""de"":""Buca"",""es"":""Buca"",""fr"":""Buca"",""ja"":""ブカ"",""it"":""Buca"",""zh-CN"":""布卡"",""tr"":""Buca"",""ru"":""Бука"",""uk"":""Бука"",""pl"":""Buca"",""hi"":""बुका"",""ar"":""بوكا""}",2019-10-06T10:31:14,2025-12-02T17:11:50,1,Q2672826
107400,Bucak,2209,15,225,TR,adm2,,,37.45917000,30.59500000,Bucak,29234,Europe/Istanbul,"{""br"":""Bucak"",""ko"":""부착"",""pt-BR"":""Bucak"",""pt"":""Bucak"",""nl"":""Bucak"",""hr"":""Bučak"",""fa"":""بوکاک"",""de"":""Bucak"",""es"":""Bucak"",""fr"":""Bucak"",""ja"":""ブチャク"",""it"":""Bucak"",""zh-CN"":""布恰克"",""tr"":""Bucak"",""ru"":""Буджак"",""uk"":""Будак"",""pl"":""Bucak"",""hi"":""बुकाक"",""ar"":""بوكاك""}",2019-10-06T10:31:14,2025-12-02T14:39:31,1,Q581187
107402,Buharkent,2187,09,225,TR,adm2,,,37.96397000,28.74270000,Buharkent,7723,Europe/Istanbul,"{""br"":""Buharkent"",""ko"":""부하르켄트"",""pt-BR"":""Buharkent"",""pt"":""Buharkent"",""nl"":""Buharkent"",""hr"":""Buharkent"",""fa"":""بوخارکنت"",""de"":""Buharkent"",""es"":""Buharkent"",""fr"":""Buharkent"",""ja"":""ブハルケント"",""it"":""Buharkent"",""zh-CN"":""布哈肯特"",""tr"":""Buharkent"",""ru"":""Бухаркент"",""uk"":""Бухаркент"",""pl"":""Buharkent"",""hi"":""बुहारकेंट"",""ar"":""بوهاركنت""}",2019-10-06T10:31:14,2025-12-02T14:39:31,1,Q581187
107404,Bulancak,2186,28,225,TR,adm2,,,40.93805000,38.23148000,Bulancak,43635,Europe/Istanbul,"{""br"":""Bulancak"",""ko"":""불란차크"",""pt-BR"":""Bulancak"",""pt"":""Bulancak"",""nl"":""Bulancak"",""hr"":""Bulancak"",""fa"":""بولانجاک"",""de"":""Bulancak"",""es"":""Bulancak"",""fr"":""Bulancak"",""ja"":""ブランカック"",""it"":""Bulancak"",""zh-CN"":""布兰恰克"",""tr"":""Bulancak"",""ru"":""Буланчак"",""uk"":""Буланчак"",""pl"":""Bulancak"",""hi"":""बुलानक"",""ar"":""بولانكاك""}",2019-10-06T10:31:14,2025-12-02T14:39:31,1,Q581187
107406,Bulanık,2162,49,225,TR,adm2,,,39.08656000,42.27158000,Bulanık,31430,Europe/Istanbul,"{""br"":""Bulanık"",""ko"":""불라닉"",""pt-BR"":""Bulanık"",""pt"":""Bulanık"",""nl"":""Bulanık"",""hr"":""Bulanık"",""fa"":""بولانیک"",""de"":""Bulanık"",""es"":""Bulanık"",""fr"":""Bulanık"",""ja"":""ブラーニク"",""it"":""Bulanık"",""zh-CN"":""布拉尼克"",""tr"":""Bulanık"",""ru"":""Буланик"",""uk"":""Буланик"",""pl"":""Bulanık"",""hi"":""बुलानिक"",""ar"":""بولانيك""}",2019-10-06T10:31:15,2025-12-02T14:39:31,1,Q1947496
107408,Buldan,2157,20,225,TR,adm2,,,38.04500000,28.83056000,Buldan,14811,Europe/Istanbul,"{""br"":""Buldan"",""ko"":""불단"",""pt-BR"":""Buldan"",""pt"":""Buldan"",""nl"":""Buldan"",""hr"":""Buldan"",""fa"":""بولدان"",""de"":""Buldan"",""es"":""Buldan"",""fr"":""Buldan"",""ja"":""ブルダン"",""it"":""Buldan"",""zh-CN"":""布尔丹"",""tr"":""Buldan"",""ru"":""Булдан"",""uk"":""Булдан"",""pl"":""Buldan"",""hi"":""बुलदान"",""ar"":""بولدان""}",2019-10-06T10:31:15,2025-12-02T14:39:31,1,Q988147
107412,Burhaniye,2175,10,225,TR,adm2,,,39.50041000,26.97269000,Burhaniye,38083,Europe/Istanbul,"{""br"":""Burhaniye"",""ko"":""부르하니예"",""pt-BR"":""Burhaniye"",""pt"":""Burhaniye"",""nl"":""Burhaniye"",""hr"":""Burhaniye"",""fa"":""برهانیه"",""de"":""Burhaniye"",""es"":""Burhaniye"",""fr"":""Burhaniye"",""ja"":""ブルハニエ"",""it"":""Burhaniye"",""zh-CN"":""布尔汉尼耶"",""tr"":""Burhaniye"",""ru"":""Бурхание"",""uk"":""Бурханіє"",""pl"":""Burhaniye"",""hi"":""बुरहानिये"",""ar"":""برهانية""}",2019-10-06T10:31:15,2025-12-02T14:39:31,1,Q211811
107416,Bünyan,2200,38,225,TR,adm2,,,38.84630000,35.86033000,Bünyan,12821,Europe/Istanbul,"{""br"":""Bünyan"",""ko"":""뷔냐인"",""pt-BR"":""Bunyan"",""pt"":""Bunyan"",""nl"":""Bünyan"",""hr"":""Bünyan"",""fa"":""بنیانیان"",""de"":""Bünyan"",""es"":""Bünyan"",""fr"":""Bünyan"",""ja"":""ビュニャン"",""it"":""Bünyan"",""zh-CN"":""布尼扬"",""tr"":""Bünyan"",""ru"":""Бюньян"",""uk"":""Буньян"",""pl"":""Bünyan"",""hi"":""बुन्यान"",""ar"":""بونيان""}",2019-10-06T10:31:15,2025-12-02T14:39:31,1,Q5005160
107419,Büyükorhan,2163,16,225,TR,adm2,,,39.78223000,28.89338000,Büyükorhan,10042,Europe/Istanbul,"{""br"":""Büyükorhan"",""ko"":""부이우코르한"",""pt-BR"":""Büyükorhan"",""pt"":""Büyükorhan"",""nl"":""Büyükorhan"",""hr"":""Büyükorhan"",""fa"":""بویوک‌رهان"",""de"":""Büyükorhan"",""es"":""Büyükorhan"",""fr"":""Büyükorhan"",""ja"":""ビュユコルハン"",""it"":""Büyükorhan"",""zh-CN"":""比于科尔汗"",""tr"":""Büyükorhan"",""ru"":""Бююкорхан"",""uk"":""Бююкорхан"",""pl"":""Büyükorhan"",""hi"":""बुयुकोरहान"",""ar"":""بويوكهان""}",2019-10-06T10:31:15,2025-12-02T17:11:50,1,Q2473756
107422,Büyükçekmece,2170,34,225,TR,adm2,,,41.04521000,28.59573000,Büyükçekmece,211,Europe/Istanbul,"{""br"":""Büyükçekmece"",""ko"":""Büyükçekmece"",""pt-BR"":""Büyükçekmece"",""pt"":""Büyükçekmece"",""nl"":""Büyükçekmece"",""hr"":""Büyükçekmece"",""fa"":""بویوکچکمجه"",""de"":""Büyükçekmece"",""es"":""Büyükçekmece"",""fr"":""Büyükçekmece"",""ja"":""ビュユクチェクメチェ"",""it"":""Büyükçekmece"",""zh-CN"":""比于克切克梅杰"",""tr"":""Büyükçekmece"",""ru"":""Бююкчекмедже"",""uk"":""Бююкчекмедже"",""pl"":""Büyükçekmece"",""hi"":""इस्तांबुल"",""ar"":""بويوك تشكمجة""}",2019-10-06T10:31:15,2025-12-02T17:11:50,1,Q840258
107423,Canik,2220,55,225,TR,adm3,,,41.23858000,36.33694000,Canik,97564,Europe/Istanbul,"{""br"":""Canik"",""ko"":""카닉"",""pt-BR"":""Canik"",""pt"":""Canik"",""nl"":""Canik"",""hr"":""Čanik"",""fa"":""کانیک"",""de"":""Canik"",""es"":""Canik"",""fr"":""Canik"",""ja"":""カニック"",""it"":""Canik"",""zh-CN"":""卡尼克"",""tr"":""Canik"",""ru"":""Джаник"",""uk"":""Джанік"",""pl"":""Canik"",""hi"":""कैनिक"",""ar"":""جانيك""}",2019-10-06T10:31:15,2025-12-02T17:11:50,1,Q2634212
107427,Ceyhan,2212,01,225,TR,adm2,,,37.02472000,35.81750000,Ceyhan,96303,Europe/Istanbul,"{""br"":""Ceyhan"",""ko"":""제이한"",""pt-BR"":""Ceyhan"",""pt"":""Ceyhan"",""nl"":""Ceyhan"",""hr"":""Ceyhan"",""fa"":""جیحان"",""de"":""Ceyhan"",""es"":""Ceyhan"",""fr"":""Ceyhan"",""ja"":""ジェイハン"",""it"":""Ceyhan"",""zh-CN"":""杰伊汉"",""tr"":""Ceyhan"",""ru"":""Джейхан"",""uk"":""Джейхан"",""pl"":""Ceyhan"",""hi"":""सेहान"",""ar"":""جيهان""}",2019-10-06T10:31:15,2025-12-02T14:39:31,1,Q185346
107428,Ceylanpınar,2183,63,225,TR,adm2,,,36.84722000,40.05000000,Ceylanpınar,31488,Europe/Istanbul,"{""br"":""Ceylanpınar"",""ko"":""세일란피나르"",""pt-BR"":""Ceylanpinar"",""pt"":""Ceylanpinar"",""nl"":""Ceylanpınar"",""hr"":""Ceylanpınar"",""fa"":""جیلان‌پینار"",""de"":""Ceylanpınar"",""es"":""Ceylanpınar"",""fr"":""Ceylanpinar"",""ja"":""ジェイランピナル"",""it"":""Ceylanpınar"",""zh-CN"":""杰伊兰皮纳尔"",""tr"":""Ceylanpınar"",""ru"":""Джейланпынар"",""uk"":""Джейланпинар"",""pl"":""Ceylanpınar"",""hi"":""सीलनपिनार"",""ar"":""جيلان بينار""}",2019-10-06T10:31:15,2025-12-02T14:39:31,1,Q917838
107430,Cide,2197,37,225,TR,city,,,41.85583000,33.03977000,Ayıklamak,23329,Europe/Istanbul,"{""br"":""Cide"",""ko"":""사이다"",""pt-BR"":""Cide"",""pt"":""Cide"",""nl"":""Cide"",""hr"":""Cide"",""fa"":""سید"",""de"":""Cide"",""es"":""Sidra"",""fr"":""Cide"",""ja"":""サイド"",""it"":""Sido"",""zh-CN"":""苹果酒"",""tr"":""Cide"",""ru"":""Сид"",""uk"":""Сид"",""pl"":""Cide"",""hi"":""साइड"",""ar"":""سيد""}",2019-10-06T10:31:15,2025-12-02T16:59:27,1,Q2670870
107431,Cihanbeyli,2171,42,225,TR,adm2,,,38.66072000,32.92437000,Cihanbeyli,13782,Europe/Istanbul,"{""br"":""Cihanbeyli"",""ko"":""치한벨리"",""pt-BR"":""Cihanbeyli"",""pt"":""Cihanbeyli"",""nl"":""Cihanbeyli"",""hr"":""Džihanbejli"",""fa"":""جیهان‌بیلی"",""de"":""Cihanbeyli"",""es"":""Cihanbeyli"",""fr"":""Cihanbeyli"",""ja"":""チハンベイリ"",""it"":""Cihanbeyli"",""zh-CN"":""吉汉贝利"",""tr"":""Cihanbeyli"",""ru"":""Джиханбейли"",""uk"":""Джиханбейлі"",""pl"":""Cihanbeyli"",""hi"":""सिहानबेली"",""ar"":""جيهان بيلي""}",2019-10-06T10:31:15,2025-12-02T14:39:31,1,Q2670870
107436,Cizre,2225,73,225,TR,adm2,,,37.33024000,42.18484000,Cizre,80992,Europe/Istanbul,"{""br"":""Cizre"",""ko"":""시즈레"",""pt-BR"":""Cizre"",""pt"":""Cizre"",""nl"":""Cizre"",""hr"":""Cizre"",""fa"":""جیزره"",""de"":""Cizre"",""es"":""Cizre"",""fr"":""Cizre"",""ja"":""シズレ"",""it"":""Cizre"",""zh-CN"":""吉兹雷"",""tr"":""Cizre"",""ru"":""Джизре"",""uk"":""Джизре"",""pl"":""Cizre"",""hi"":""सिज़्रे"",""ar"":""جزيرة ابن عمر""}",2019-10-06T10:31:15,2025-12-02T14:39:31,1,Q821363
107438,Cumayeri,2202,81,225,TR,adm2,,,40.88176000,30.94094000,Cumayeri,14895,Europe/Istanbul,"{""br"":""Cumayeri"",""ko"":""쿠마예리"",""pt-BR"":""Cumayeri"",""pt"":""Cumayeri"",""nl"":""Cumayeri"",""hr"":""Cumayeri"",""fa"":""کومایری"",""de"":""Cumayeri"",""es"":""Cumayeri"",""fr"":""Cumayeri"",""ja"":""クマエリ"",""it"":""Cumayeri"",""zh-CN"":""库马耶里"",""tr"":""Cumayeri"",""ru"":""Кумайери"",""uk"":""Кумаєрі"",""pl"":""Cumayeri"",""hi"":""कुमायेरी"",""ar"":""كومايري""}",2019-10-06T10:31:15,2025-12-02T17:11:50,1,Q2349440
107439,Daday,2197,37,225,TR,adm2,,,41.47866000,33.46667000,Daday,5199,Europe/Istanbul,"{""br"":""Deiz"",""ko"":""다데이"",""pt-BR"":""Daday"",""pt"":""Daday"",""nl"":""Daday"",""hr"":""Danay"",""fa"":""دادای"",""de"":""Tag"",""es"":""Daday"",""fr"":""Aujourd'hui"",""ja"":""ダデイ"",""it"":""Daday"",""zh-CN"":""达达伊"",""tr"":""Daday"",""ru"":""Дадей"",""uk"":""День"",""pl"":""Daday"",""hi"":""दादा"",""ar"":""داداي""}",2019-10-06T10:31:15,2025-12-02T14:39:31,1,Q2349440
107442,Dalaman,2182,48,225,TR,adm2,,,36.81691000,28.87815000,Dahili,41351,Europe/Istanbul,"{""br"":""Dalaman"",""ko"":""달라만"",""pt-BR"":""Dalaman"",""pt"":""Dalaman"",""nl"":""Dalaman"",""hr"":""Dalaman"",""fa"":""دالامان"",""de"":""Dalaman"",""es"":""Dalaman"",""fr"":""Dalaman"",""ja"":""ダラマン"",""it"":""Dalaman"",""zh-CN"":""达拉曼"",""tr"":""Dalaman"",""ru"":""Даламан"",""uk"":""Даламан"",""pl"":""Dalaman"",""hi"":""दलामन"",""ar"":""دالامان""}",2019-10-06T10:31:15,2025-12-02T17:11:50,1,Q5210196
107444,Damal,2185,75,225,TR,adm2,,,41.34145000,42.83680000,Denek,2856,Europe/Istanbul,"{""br"":""Damal"",""ko"":""다말"",""pt-BR"":""Damal"",""pt"":""Damal"",""nl"":""Damal"",""hr"":""Damal"",""fa"":""دامال"",""de"":""Damal"",""es"":""Damal"",""fr"":""Damal"",""ja"":""ダマル"",""it"":""Damal"",""zh-CN"":""达马尔"",""tr"":""Damal"",""ru"":""Дамал"",""uk"":""Дамал"",""pl"":""Damal"",""hi"":""दमाल"",""ar"":""دامال""}",2019-10-06T10:31:15,2025-12-02T14:39:31,1,Q518586
107447,Darende,2158,44,225,TR,adm2,,,38.54583000,37.50583000,Darende,20388,Europe/Istanbul,"{""br"":""Darende"",""ko"":""다렌데"",""pt-BR"":""Darende"",""pt"":""Darende"",""nl"":""Darende"",""hr"":""Darende"",""fa"":""دارنده"",""de"":""Darende"",""es"":""Darende"",""fr"":""Darende"",""ja"":""ダレンデ"",""it"":""Darende"",""zh-CN"":""达伦德"",""tr"":""Darende"",""ru"":""Даренде"",""uk"":""Даренде"",""pl"":""Darende"",""hi"":""डारेंडे"",""ar"":""داريندي""}",2019-10-06T10:31:15,2025-12-02T14:39:31,1,Q585145
107449,Dargeçit,2224,47,225,TR,adm2,,,37.54616000,41.71652000,Dargeçit,20793,Europe/Istanbul,"{""br"":""Dargeçit"",""ko"":""다르게시트"",""pt-BR"":""Dargeçit"",""pt"":""Dargeçit"",""nl"":""Dargeçit"",""hr"":""Dargeçit"",""fa"":""دارگچیت"",""de"":""Dargeçit"",""es"":""Dargeçit"",""fr"":""Dargeçit"",""ja"":""ダルゲチット"",""it"":""Dargeçit"",""zh-CN"":""达尔盖奇特"",""tr"":""Dargeçit"",""ru"":""Даргечит"",""uk"":""Даргечіт"",""pl"":""Dargeçit"",""hi"":""डार्गेचिट"",""ar"":""دارجيت""}",2019-10-06T10:31:15,2025-12-02T14:39:31,1,Q1003964
107451,Darıca,2195,41,225,TR,city,,,40.76780000,29.37126000,Darıca,280,Europe/Istanbul,"{""br"":""Darıca"",""ko"":""다리카"",""pt-BR"":""Darıca"",""pt"":""Darıca"",""nl"":""Darica"",""hr"":""Darıca"",""fa"":""داریکا"",""de"":""Darıca"",""es"":""Darica"",""fr"":""Darıca"",""ja"":""ダリカ"",""it"":""Darıca"",""zh-CN"":""达里卡"",""tr"":""Darıca"",""ru"":""Дарыджа"",""uk"":""Дариджа"",""pl"":""Darıca"",""hi"":""दारिका"",""ar"":""داريكا""}",2019-10-06T10:31:15,2025-12-02T17:11:50,1,Q986398
107452,Datça,2182,48,225,TR,city,,,36.73778000,27.68417000,Datça,10121,Europe/Istanbul,"{""br"":""Datça"",""ko"":""다차"",""pt-BR"":""Datça"",""pt"":""Datça"",""nl"":""Datça"",""hr"":""Datça"",""fa"":""داتچا"",""de"":""Datça"",""es"":""Datça"",""fr"":""Datça"",""ja"":""ダッチャ"",""it"":""Datça"",""zh-CN"":""达特恰"",""tr"":""Datça"",""ru"":""Датча"",""uk"":""Датча"",""pl"":""Datça"",""hi"":""दत्का"",""ar"":""داتشا""}",2019-10-06T10:31:15,2025-12-02T14:39:31,1,Q986398
107455,Dazkırı,2179,03,225,TR,adm2,,,37.91861000,29.86056000,İhanet,6450,Europe/Istanbul,"{""br"":""Dazkırı"",""ko"":""다즈키르"",""pt-BR"":""Dazkırı"",""pt"":""Dazkırı"",""nl"":""Dazkırı"",""hr"":""Dazkırı"",""fa"":""دزکیری"",""de"":""Dazkırı"",""es"":""Dazkırı"",""fr"":""Dazkırı"",""ja"":""ダズクル"",""it"":""Dazkırı"",""zh-CN"":""达兹克尔"",""tr"":""Dazkırı"",""ru"":""Дазкыры"",""uk"":""Дазкірі"",""pl"":""Dazkırı"",""hi"":""दज़्किरी"",""ar"":""دازكيري""}",2019-10-06T10:31:15,2025-12-02T14:39:31,1,Q3233819
107458,Defne,2211,31,225,TR,city,,,36.23739000,36.16364000,Defne,151017,Europe/Istanbul,"{""br"":""Termenañ"",""ko"":""데프네"",""pt-BR"":""Defne"",""pt"":""Defne"",""nl"":""Defne"",""hr"":""Defne"",""fa"":""دفنه"",""de"":""Defne"",""es"":""Defne"",""fr"":""Définissez"",""ja"":""デフネ"",""it"":""Definizione"",""zh-CN"":""定义"",""tr"":""Defne"",""ru"":""Дефне"",""uk"":""Дефне"",""pl"":""Definicja"",""hi"":""परिभाषा"",""ar"":""دفني""}",2019-10-06T10:31:15,2025-12-02T17:11:50,1,Q16834782
107459,Delice,2178,71,225,TR,adm2,,,39.95371000,34.02587000,Delice,10017,Europe/Istanbul,"{""br"":""Plijus"",""ko"":""델리스"",""pt-BR"":""Delicioso"",""pt"":""Delicioso"",""nl"":""Lekkernij"",""hr"":""Delice"",""fa"":""دلیس"",""de"":""Delikatesse"",""es"":""Delicia"",""fr"":""Délice"",""ja"":""デリス"",""it"":""Delice"",""zh-CN"":""德利切"",""tr"":""Lezzetli"",""ru"":""Делис"",""uk"":""Деліс"",""pl"":""Delice"",""hi"":""डेलिस"",""ar"":""ديليس""}",2019-10-06T10:31:15,2025-12-02T14:38:56,1,Q2499402
107461,Demirci,2198,45,225,TR,adm2,,,39.04607000,28.65889000,Demirci,21378,Europe/Istanbul,"{""br"":""Demirci"",""ko"":""데미르치"",""pt-BR"":""Demirci"",""pt"":""Demirci"",""nl"":""Demirci"",""hr"":""Demirci"",""fa"":""دمیرچی"",""de"":""Demirci"",""es"":""Demirci"",""fr"":""Demirci"",""ja"":""デミルチ"",""it"":""Demirci"",""zh-CN"":""德米尔吉"",""tr"":""Demirci"",""ru"":""Демирчи"",""uk"":""Демірчі"",""pl"":""Demirci"",""hi"":""Demirci"",""ar"":""ديميرجي""}",2019-10-06T10:31:15,2025-12-02T14:39:31,1,Q2499402
107463,Demirköy,2176,39,225,TR,adm2,,,41.83567000,27.77137000,Demirköy,277,Europe/Istanbul,"{""br"":""Demirköy"",""ko"":""데미르쾨이"",""pt-BR"":""Demirköy"",""pt"":""Demirköy"",""nl"":""Demirköy"",""hr"":""Demirköy"",""fa"":""دمیرکوی"",""de"":""Demirköy"",""es"":""Demirköy"",""fr"":""Demirköy"",""ja"":""デミルキョイ"",""it"":""Demirköy"",""zh-CN"":""德米尔柯伊"",""tr"":""Demirköy"",""ru"":""Демиркёй"",""uk"":""Деміркей"",""pl"":""Demirköy"",""hi"":""डेमिरकोय"",""ar"":""ديميركوي""}",2019-10-06T10:31:15,2025-12-02T17:11:50,1,Q1023149
107466,Demirözü,2177,69,225,TR,adm2,,,40.16560000,39.89343000,Demirözü,1875,Europe/Istanbul,"{""br"":""Demirözü"",""ko"":""데미뢰주"",""pt-BR"":""Demirözü"",""pt"":""Demirözü"",""nl"":""Demirözü"",""hr"":""Demirözü"",""fa"":""دمیروزو"",""de"":""Demirözü"",""es"":""Demirözü"",""fr"":""Demirözü"",""ja"":""デミロズ"",""it"":""Demirözü"",""zh-CN"":""德米罗祖"",""tr"":""Demirözü"",""ru"":""Демирезю"",""uk"":""Демірозю"",""pl"":""Demirözü"",""hi"":""इस्तांबुल"",""ar"":""ديميروزو""}",2019-10-06T10:31:15,2025-12-02T14:39:31,1,Q1185714
107467,Demre,2169,07,225,TR,adm2,,,36.24444000,29.98500000,Demre,14420,Europe/Istanbul,"{""br"":""Demre"",""ko"":""뎀레"",""pt-BR"":""Demre"",""pt"":""Demre"",""nl"":""Demre"",""hr"":""Demre"",""fa"":""دمره"",""de"":""Demre"",""es"":""Demre"",""fr"":""Demre"",""ja"":""デムレ"",""it"":""Demre"",""zh-CN"":""德姆雷"",""tr"":""Demre"",""ru"":""Демре"",""uk"":""Демре"",""pl"":""Demre"",""hi"":""डेमरे"",""ar"":""ديمري""}",2019-10-06T10:31:15,2025-12-02T14:39:31,1,Q1185714
107471,Derbent,2171,42,225,TR,adm2,,,38.01422000,32.01639000,Derbent,7919,Europe/Istanbul,"{""br"":""Derbent"",""ko"":""데르벤트"",""pt-BR"":""Derbent"",""pt"":""Derbent"",""nl"":""Derbent"",""hr"":""Derbent"",""fa"":""دربنت"",""de"":""Derbent"",""es"":""Derbent"",""fr"":""Derbent"",""ja"":""デルベント"",""it"":""Derbent"",""zh-CN"":""杰尔宾特"",""tr"":""Derbent"",""ru"":""Дербент"",""uk"":""Дербент"",""pl"":""Derbent"",""hi"":""डर्बेंट"",""ar"":""ديربنت""}",2019-10-06T10:31:15,2025-12-02T14:39:31,1,Q3023581
107473,Derebucak,2171,42,225,TR,adm2,,,37.39179000,31.50918000,Derebucak,5035,Europe/Istanbul,"{""br"":""Derebukak"",""ko"":""데레부착"",""pt-BR"":""Derebucak"",""pt"":""Derebucak"",""nl"":""Derebucak"",""hr"":""Derebučak"",""fa"":""دربوچاک"",""de"":""Derebucak"",""es"":""Derebucak"",""fr"":""Derebucak"",""ja"":""デレブチャック"",""it"":""Derebucak"",""zh-CN"":""德雷布恰克"",""tr"":""Derebucak"",""ru"":""Деребуджак"",""uk"":""Деребуджак"",""pl"":""Derebucak"",""hi"":""डेरेबुकाक"",""ar"":""ديريبوكاك""}",2019-10-06T10:31:15,2025-12-02T14:39:31,1,Q3023581
107475,Dereli,2186,28,225,TR,city,,,40.61300000,38.39000000,Dereli,20405,Europe/Istanbul,"{""br"":""Dereli"",""ko"":""데렐리"",""pt-BR"":""Dereli"",""pt"":""Dereli"",""nl"":""Dereli"",""hr"":""Dereli"",""fa"":""درلی"",""de"":""Dereli"",""es"":""Dereli"",""fr"":""Dereli"",""ja"":""デレリ"",""it"":""Dereli"",""zh-CN"":""德雷利"",""tr"":""Dereli"",""ru"":""Дерели"",""uk"":""Дерелі"",""pl"":""Dereli"",""hi"":""डेरेली"",""ar"":""ديريلي""}",2019-10-06T10:31:15,2025-12-02T16:59:27,1,Q2671048
107478,Derik,2224,47,225,TR,city,,,37.36431000,40.26883000,Derik,2069,Europe/Istanbul,"{""br"":""Derik"",""ko"":""데릭"",""pt-BR"":""Derik"",""pt"":""Derik"",""nl"":""Derik"",""hr"":""Derik"",""fa"":""دریک"",""de"":""Derik"",""es"":""Derik"",""fr"":""Derik"",""ja"":""デリック"",""it"":""Derik"",""zh-CN"":""德里克"",""tr"":""Derik"",""ru"":""Дерик"",""uk"":""Дерік"",""pl"":""Derik"",""hi"":""डेरिक"",""ar"":""ديريك""}",2019-10-06T10:31:15,2025-12-02T14:39:31,1,Q176086
107479,Derince,2195,41,225,TR,adm2,,,40.75694000,29.81472000,Derince,125485,Europe/Istanbul,"{""br"":""Derince"",""ko"":""데린스"",""pt-BR"":""Derince"",""pt"":""Derince"",""nl"":""Derince"",""hr"":""Derince"",""fa"":""درینچ"",""de"":""Derince"",""es"":""Derince"",""fr"":""Dérince"",""ja"":""デリンス"",""it"":""Derince"",""zh-CN"":""德林斯"",""tr"":""Derince"",""ru"":""Деринс"",""uk"":""Дерінс"",""pl"":""Derince"",""hi"":""डेरिन्स"",""ar"":""ديرينس""}",2019-10-06T10:31:15,2025-12-02T14:39:31,1,Q176086
107481,Derinkuyu,2196,50,225,TR,adm2,,,38.37510000,34.73419000,Derinkuyu,12408,Europe/Istanbul,"{""br"":""Derinkuyu"",""ko"":""데린쿠유"",""pt-BR"":""Derinkuyu"",""pt"":""Derinkuyu"",""nl"":""Derinkuyu"",""hr"":""Derinkuyu"",""fa"":""درینکویو"",""de"":""Derinkuyu"",""es"":""Derinkuyu"",""fr"":""Derinkuyu"",""ja"":""デリンクユ"",""it"":""Derinkuyu"",""zh-CN"":""代林库尤"",""tr"":""Derinkuyu"",""ru"":""Деринкую"",""uk"":""Дерінкуйю"",""pl"":""Derinkuyu"",""hi"":""डेरिन्कुयु"",""ar"":""ديرينكويو""}",2019-10-06T10:31:15,2025-12-02T14:39:31,1,Q2000455
107483,Dernekpazarı,2206,61,225,TR,adm2,,,40.79658000,40.24460000,Dernekpazarı,6880,Europe/Istanbul,"{""br"":""Dernekpazarı"",""ko"":""데르네크파자르"",""pt-BR"":""Dernekpazarı"",""pt"":""Dernekpazarı"",""nl"":""Dernekpazarı"",""hr"":""Dernekpazarı"",""fa"":""درنک‌پازاری"",""de"":""Dernekpazarı"",""es"":""Dernekpazarı"",""fr"":""Dernekpazarı"",""ja"":""デルネクパザル"",""it"":""Dernekpazarı"",""zh-CN"":""德内克帕扎尔"",""tr"":""Dernekpazarı"",""ru"":""Дернекпазары"",""uk"":""Дернекпазари"",""pl"":""Dernekpazarı"",""hi"":""Dernekpazarı"",""ar"":""Dernekpazarı""}",2019-10-06T10:31:15,2025-12-02T14:39:31,1,Q2000455
107485,Develi,2200,38,225,TR,city,,,38.26789000,35.59161000,Develi,65322,Europe/Istanbul,"{""br"":""Diorren"",""ko"":""데벨리"",""pt-BR"":""Desenvolver"",""pt"":""Desenvolver"",""nl"":""Develi"",""hr"":""Develi"",""fa"":""دولی"",""de"":""Develi"",""es"":""Develi"",""fr"":""Dévéli"",""ja"":""デヴェリ"",""it"":""Develi"",""zh-CN"":""德韦利"",""tr"":""Develi"",""ru"":""Девели"",""uk"":""Девелі"",""pl"":""Develi"",""hi"":""देवेली"",""ar"":""ديفيلي""}",2019-10-06T10:31:15,2025-12-02T16:59:27,1,Q2000455
107486,Devrek,2213,67,225,TR,adm2,,,41.21917000,31.95583000,Devrek,24559,Europe/Istanbul,"{""br"":""Devrek"",""ko"":""데브렉"",""pt-BR"":""Devrek"",""pt"":""Devrek"",""nl"":""Devrek"",""hr"":""Devrek"",""fa"":""دِوِرک"",""de"":""Devrek"",""es"":""Devrek"",""fr"":""Devrek"",""ja"":""デブレク"",""it"":""Devrek"",""zh-CN"":""德夫雷克"",""tr"":""Devrek"",""ru"":""Деврек"",""uk"":""Деврек"",""pl"":""Devrek"",""hi"":""देवरेक"",""ar"":""ديفريك""}",2019-10-06T10:31:15,2025-12-02T14:39:31,1,Q2000455
107488,Devrekani,2197,37,225,TR,adm2,,,41.60303000,33.83922000,Devrekani,6640,Europe/Istanbul,"{""br"":""Devrekani"",""ko"":""데브레카니"",""pt-BR"":""Devrekani"",""pt"":""Devrekani"",""nl"":""Devrekani"",""hr"":""Devrekani"",""fa"":""دورکانی"",""de"":""Devrekani"",""es"":""Devrekani"",""fr"":""Devrekani"",""ja"":""デヴレカニ"",""it"":""Devrekani"",""zh-CN"":""德夫雷卡尼"",""tr"":""Devrekani"",""ru"":""Деврекани"",""uk"":""Деврекані"",""pl"":""Devrekani"",""hi"":""देवरेकानी"",""ar"":""ديفركاني""}",2019-10-06T10:31:15,2025-12-02T14:39:31,1,Q1207056
107491,Dicle,2226,21,225,TR,adm2,,,38.36571000,40.06450000,Dicle,13017,Europe/Istanbul,"{""br"":""Dicle"",""ko"":""디클"",""pt-BR"":""Dicle"",""pt"":""Dicle"",""nl"":""Dicle"",""hr"":""Dicle"",""fa"":""دیکل"",""de"":""Dicle"",""es"":""Dicle"",""fr"":""Dicle"",""ja"":""ディクル"",""it"":""Dicle"",""zh-CN"":""迪克勒"",""tr"":""Dicle"",""ru"":""Дикл"",""uk"":""Дікле"",""pl"":""Dicle"",""hi"":""डिकल"",""ar"":""دجلة""}",2019-10-06T10:31:15,2025-12-02T14:39:31,1,Q1207056
107493,Didim,2187,09,225,TR,city,,,37.39305000,27.29357000,Sözlü sipariş,85055,Europe/Istanbul,"{""br"":""Didim"",""ko"":""디딤"",""pt-BR"":""Didim"",""pt"":""Didim"",""nl"":""Didim"",""hr"":""Didim"",""fa"":""دیدیم"",""de"":""Didim"",""es"":""Didim"",""fr"":""Didim"",""ja"":""ディディム"",""it"":""Didim"",""zh-CN"":""迪迪姆"",""tr"":""Didim"",""ru"":""Дидим"",""uk"":""Дідім"",""pl"":""Didim"",""hi"":""दीदीम"",""ar"":""ديديم""}",2019-10-06T10:31:15,2025-12-02T17:11:50,1,Q1207056
107494,Digor,2208,36,225,TR,adm2,,,40.37515000,43.41361000,Digor,22282,Europe/Istanbul,"{""br"":""Digor"",""ko"":""디고르"",""pt-BR"":""Digor"",""pt"":""Digor"",""nl"":""Digor"",""hr"":""Digor"",""fa"":""دیگور"",""de"":""Digor"",""es"":""Digor"",""fr"":""Digor"",""ja"":""ディゴール"",""it"":""Digor"",""zh-CN"":""迪戈尔"",""tr"":""Digor"",""ru"":""Дигор"",""uk"":""Дігор"",""pl"":""Digor"",""hi"":""डिगोर"",""ar"":""ديجور""}",2019-10-06T10:31:15,2025-12-02T17:11:50,1,Q1027545
107495,Dikili,2205,35,225,TR,adm2,,,39.07100000,26.89017000,Dikili,14125,Europe/Istanbul,"{""br"":""Dikili"",""ko"":""디킬리"",""pt-BR"":""Dikili"",""pt"":""Dikili"",""nl"":""Dikili"",""hr"":""Dikili"",""fa"":""دیکیلی"",""de"":""Dikili"",""es"":""Dikili"",""fr"":""Dikili"",""ja"":""ディキリ"",""it"":""Dikili"",""zh-CN"":""迪基利"",""tr"":""Dikili"",""ru"":""Дикили"",""uk"":""Дікілі"",""pl"":""Dikili"",""hi"":""इस्तांबुल"",""ar"":""ديكيلي""}",2019-10-06T10:31:15,2025-12-02T14:39:31,1,Q1027545
107497,Dilovası,2195,41,225,TR,city,,,40.77972000,29.53500000,Dilovası,47948,Europe/Istanbul,"{""br"":""Dilovası"",""ko"":""딜로바시"",""pt-BR"":""Dilovası"",""pt"":""Dilovası"",""nl"":""Dilovası"",""hr"":""Dilovası"",""fa"":""دیلوواسی"",""de"":""Dilovası"",""es"":""Dilovası"",""fr"":""Dilovası"",""ja"":""ディロヴァシ"",""it"":""Dilovası"",""zh-CN"":""迪洛瓦西"",""tr"":""Dilovası"",""ru"":""Диловасы"",""uk"":""Діловасі"",""pl"":""Dilovası"",""hi"":""इस्तांबुल"",""ar"":""Dilovası""}",2019-10-06T10:31:15,2025-12-02T16:59:27,1,Q2473716
107498,Dinar,2179,03,225,TR,adm2,,,38.06500000,30.16557000,Kirli,35359,Europe/Istanbul,"{""br"":""Dinar"",""ko"":""디나르"",""pt-BR"":""Dinar"",""pt"":""Dinar"",""nl"":""Dinar"",""hr"":""Dinar"",""fa"":""دینار"",""de"":""Dinar"",""es"":""Dinar"",""fr"":""Dinar"",""ja"":""ディナール"",""it"":""Dinaro"",""zh-CN"":""第纳尔"",""tr"":""Dinar"",""ru"":""Динар"",""uk"":""Динар"",""pl"":""Dynar"",""hi"":""दिनार"",""ar"":""دينار""}",2019-10-06T10:31:15,2025-12-02T14:39:31,1,Q2473716
107500,Divriği,2181,58,225,TR,adm2,,,39.37100000,38.11370000,Divriği,13139,Europe/Istanbul,"{""br"":""Divriği"",""ko"":""디브리기"",""pt-BR"":""Divriği"",""pt"":""Divriği"",""nl"":""Divriği"",""hr"":""Divriği"",""fa"":""دیوریغی"",""de"":""Divriği"",""es"":""Divriği"",""fr"":""Divriği"",""ja"":""ディヴリギ"",""it"":""Divriği"",""zh-CN"":""迪夫里吉"",""tr"":""Divriği"",""ru"":""Дивриги"",""uk"":""Дівриґі"",""pl"":""Divriği"",""hi"":""दिव्रीगी"",""ar"":""ديفريغي""}",2019-10-06T10:31:15,2025-12-02T14:39:31,1,Q2473716
107502,Diyadin,2193,04,225,TR,adm2,,,39.54056000,43.67135000,Diyadin,18172,Europe/Istanbul,"{""br"":""Diyadin"",""ko"":""디야딘"",""pt-BR"":""Diyadin"",""pt"":""Diyadin"",""nl"":""Diyadin"",""hr"":""Dijadin"",""fa"":""دیادین"",""de"":""Diyadin"",""es"":""Diyadin"",""fr"":""Diyadin"",""ja"":""ディヤディン"",""it"":""Diyadin"",""zh-CN"":""迪亚丁"",""tr"":""Diyadin"",""ru"":""Диядин"",""uk"":""Діядін"",""pl"":""Diyadin"",""hi"":""दियादिन"",""ar"":""ديادين""}",2019-10-06T10:31:15,2025-12-02T14:39:31,1,Q2473716
107506,Dodurga,2173,19,225,TR,adm2,,,40.85489000,34.80703000,Dodurga,0,Europe/Istanbul,"{""br"":""Dodurga"",""ko"":""도두르가"",""pt-BR"":""Dodurga"",""pt"":""Dodurga"",""nl"":""Dodurga"",""hr"":""Dodurga"",""fa"":""دودورگا"",""de"":""Dodurga"",""es"":""Dodurga"",""fr"":""Dodurga"",""ja"":""ドドゥルガ"",""it"":""Dodurga"",""zh-CN"":""多杜尔加"",""tr"":""Dodurga"",""ru"":""Додурга"",""uk"":""Додурга"",""pl"":""Dodurga"",""hi"":""दोदुर्गा"",""ar"":""دودورجا""}",2019-10-06T10:31:15,2025-12-02T14:39:31,1,Q1234499
107508,Domaniç,2149,43,225,TR,adm2,,,39.80194000,29.60918000,Domaniç,5015,Europe/Istanbul,"{""br"":""Domaniç"",""ko"":""도마니치"",""pt-BR"":""Domaniç"",""pt"":""Domaniç"",""nl"":""Domaniç"",""hr"":""Domaniç"",""fa"":""دومانیچ"",""de"":""Domaniç"",""es"":""Domaniç"",""fr"":""Domaine"",""ja"":""ドマニッチ"",""it"":""Domaniç"",""zh-CN"":""多马尼奇"",""tr"":""Domaniç"",""ru"":""Доманич"",""uk"":""Доманіч"",""pl"":""Domaniç"",""hi"":""डोमनिक"",""ar"":""دومانيك""}",2019-10-06T10:31:15,2025-12-02T14:39:31,1,Q1234499
107513,Doğanhisar,2171,42,225,TR,adm2,,,38.14630000,31.67648000,Doğanhisar,9857,Europe/Istanbul,"{""br"":""Doğanhisar"",""ko"":""도간히사르"",""pt-BR"":""Doğanhisar"",""pt"":""Doğanhisar"",""nl"":""Doğanhisar"",""hr"":""Doğanhisar"",""fa"":""دوغان‌حیصار"",""de"":""Doğanhisar"",""es"":""Doganhisar"",""fr"":""Doğanhisar"",""ja"":""ドガンヒサール"",""it"":""Doğanhisar"",""zh-CN"":""多甘希萨尔"",""tr"":""Doğanhisar"",""ru"":""Доганхисар"",""uk"":""Доганхісар"",""pl"":""Doğanhisar"",""hi"":""दोगानहिसार"",""ar"":""دوغانحصار""}",2019-10-06T10:31:15,2025-12-02T14:39:31,1,Q2671001
107516,Doğankent,2186,28,225,TR,adm2,,,40.80750000,38.91722000,Doğankent,3718,Europe/Istanbul,"{""br"":""Doğankent"",""ko"":""도간켄트"",""pt-BR"":""Doğankent"",""pt"":""Doğankent"",""nl"":""Doğankent"",""hr"":""Doğankent"",""fa"":""دوغانکنت"",""de"":""Doğankent"",""es"":""Dogankent"",""fr"":""Doğankent"",""ja"":""ドアンケント"",""it"":""Doğankent"",""zh-CN"":""多安肯特"",""tr"":""Doğankent"",""ru"":""Доганкент"",""uk"":""Доганкент"",""pl"":""Doğankent"",""hi"":""दोगानकेंट"",""ar"":""دوغانكنت""}",2019-10-06T10:31:15,2025-12-02T14:39:31,1,Q1253665
107520,Doğanyol,2158,44,225,TR,adm2,,,38.30746000,39.03431000,Doğanyol,6332,Europe/Istanbul,"{""br"":""Doğanyol"",""ko"":""도냐뇰"",""pt-BR"":""Doğanyol"",""pt"":""Doğanyol"",""nl"":""Doğanyol"",""hr"":""Doğanyol"",""fa"":""دوغانیول"",""de"":""Doganyol"",""es"":""Doğanyol"",""fr"":""Doğanyol"",""ja"":""ドアニョル"",""it"":""Doğanyol"",""zh-CN"":""多甘奥尔"",""tr"":""Doğanyol"",""ru"":""Доганьол"",""uk"":""Доганьол"",""pl"":""Doğanyol"",""hi"":""डोगानयोल"",""ar"":""دوغانيول""}",2019-10-06T10:31:15,2025-12-02T14:39:31,1,Q1027183
107521,Doğanyurt,2197,37,225,TR,adm2,,,42.00457000,33.46029000,Doğanyurt,1634,Europe/Istanbul,"{""br"":""Doğanyurt"",""ko"":""도냐뉴르트"",""pt-BR"":""Doğanyurt"",""pt"":""Doğanyurt"",""nl"":""Doğanyurt"",""hr"":""Doğanyurt"",""fa"":""دوغانیورت"",""de"":""Doğanyurt"",""es"":""Doganyurt"",""fr"":""Doğanyurt"",""ja"":""ドアニュルト"",""it"":""Doğanyurt"",""zh-CN"":""多甘尤尔特"",""tr"":""Doğanyurt"",""ru"":""Доганьюрт"",""uk"":""Доганюрт"",""pl"":""Doğanyurt"",""hi"":""दोगान्युर्ट"",""ar"":""دوغانيورت""}",2019-10-06T10:31:15,2025-12-02T14:39:31,1,Q1027183
107523,Doğanşar,2181,58,225,TR,adm2,,,40.20841000,37.53123000,Doğanşar,3781,Europe/Istanbul,"{""br"":""Doğanşar"",""ko"":""도간사르"",""pt-BR"":""Doğanşar"",""pt"":""Doğanşar"",""nl"":""Doğanşar"",""hr"":""Doğanşar"",""fa"":""دوغانشار"",""de"":""Doğanşar"",""es"":""Dogansar"",""fr"":""Doğanşar"",""ja"":""ドガンシャル"",""it"":""Doğanşar"",""zh-CN"":""多甘萨尔"",""tr"":""Doğanşar"",""ru"":""Доганшар"",""uk"":""Доганшар"",""pl"":""Doğanşar"",""hi"":""दोगानसार"",""ar"":""دوغانشار""}",2019-10-06T10:31:15,2025-12-02T14:39:31,1,Q2670793
107525,Doğanşehir,2158,44,225,TR,adm2,,,38.08574000,37.87116000,Doğanşehir,14794,Europe/Istanbul,"{""br"":""Doğanşehir"",""ko"":""도간셰히르"",""pt-BR"":""Doğanşehir"",""pt"":""Doğanşehir"",""nl"":""Doğanşehir"",""hr"":""Doğanşehir"",""fa"":""دوغانشهر"",""de"":""Doğanşehir"",""es"":""Doğanşehir"",""fr"":""Doğanşehir"",""ja"":""ドアンシェヒル"",""it"":""Doğanşehir"",""zh-CN"":""多甘谢希尔"",""tr"":""Doğanşehir"",""ru"":""Доганшехир"",""uk"":""Доганшехір"",""pl"":""Doğanşehir"",""hi"":""दोगानशेहिर"",""ar"":""دوغان شهير""}",2019-10-06T10:31:15,2025-12-02T14:39:31,1,Q1253700
107527,Doğubayazıt,2193,04,225,TR,adm2,,,39.54694000,44.08417000,Doğubayazıt,70171,Europe/Istanbul,"{""br"":""Doğubayazıt"",""ko"":""도구바야지트"",""pt-BR"":""Doğubayazıt"",""pt"":""Doğubayazıt"",""nl"":""Doğubayazıt"",""hr"":""Doğubayazit"",""fa"":""دوغوبایزید"",""de"":""Doğubayazıt"",""es"":""Doğubayazıt"",""fr"":""Doğubayazıt"",""ja"":""ドゥバヤジット"",""it"":""Doğubayazıt"",""zh-CN"":""多巴亚泽特"",""tr"":""Doğubayazıt"",""ru"":""Догубаязит"",""uk"":""Догубаязит"",""pl"":""Doğubayazıt"",""hi"":""दोगुबायज़ित"",""ar"":""Doğubayazıt""}",2019-10-06T10:31:15,2025-12-02T14:39:31,1,Q849535
107529,Dulkadiroğlu,2227,46,225,TR,city,,,37.58254000,36.91973000,Dulkadiroğlu,222938,Europe/Istanbul,"{""br"":""Dulkadiroğlu"",""ko"":""둘카디로글루"",""pt-BR"":""Dulkadiroğlu"",""pt"":""Dulkadiroğlu"",""nl"":""Dulkadiroğlu"",""hr"":""Dulkadiroğlu"",""fa"":""دولکادیروغلو"",""de"":""Dulkadiroğlu"",""es"":""Dulkadiroğlu"",""fr"":""Dulkadiroğlu"",""ja"":""ドゥルカディログル"",""it"":""Dulkadiroğlu"",""zh-CN"":""杜尔卡迪罗奥卢"",""tr"":""Dulkadiroğlu"",""ru"":""Дулкадироглу"",""uk"":""Дулкадіроглу"",""pl"":""Dulkadiroğlu"",""hi"":""दुलकादिरोग्लू"",""ar"":""دولكاديروغلو""}",2019-10-06T10:31:15,2025-12-02T16:59:27,1,Q16836177
107530,Dumlupınar,2149,43,225,TR,adm2,,,38.85408000,29.97720000,Dumlupınar,2999,Europe/Istanbul,"{""br"":""Dumlupınar"",""ko"":""덤루피나르"",""pt-BR"":""Dumlupınar"",""pt"":""Dumlupınar"",""nl"":""Dumlupınar"",""hr"":""Dumlupınar"",""fa"":""دوملوپینار"",""de"":""Dumlupınar"",""es"":""Dumlupınar"",""fr"":""Dumlupınar"",""ja"":""ドゥムルピナル"",""it"":""Dumlupınar"",""zh-CN"":""杜姆卢皮纳尔"",""tr"":""Dumlupınar"",""ru"":""Думлупынар"",""uk"":""Думлупінар"",""pl"":""Dumlupınar"",""hi"":""डुम्लुपीनार"",""ar"":""دوملوبينار""}",2019-10-06T10:31:15,2025-12-02T14:38:56,1,Q3041195
107532,Dursunbey,2175,10,225,TR,adm2,,,39.58596000,28.62568000,Dursunbey,17532,Europe/Istanbul,"{""br"":""Dursunbey"",""ko"":""더순베이"",""pt-BR"":""Dursunbey"",""pt"":""Dursunbey"",""nl"":""Dursunbey"",""hr"":""Dursunbey"",""fa"":""دورسون‌بی"",""de"":""Dursunbey"",""es"":""Dursunbey"",""fr"":""Dursunbey"",""ja"":""ドゥルスンベイ"",""it"":""Dursunbey"",""zh-CN"":""杜尔桑贝"",""tr"":""Dursunbey"",""ru"":""Дурсунбей"",""uk"":""Дурсунбей"",""pl"":""Dursunbey"",""hi"":""डर्सुनबे"",""ar"":""دورسونبي""}",2019-10-06T10:31:15,2025-12-02T14:39:31,1,Q3041195
107537,Dörtdivan,2172,14,225,TR,adm2,,,40.72052000,32.06314000,Dörtdivan,3595,Europe/Istanbul,"{""br"":""Dörtdivan"",""ko"":""도르트디반"",""pt-BR"":""Dörtdivan"",""pt"":""Dörtdivan"",""nl"":""Dörtdivan"",""hr"":""Dörtdivan"",""fa"":""دورتدیوان"",""de"":""Dörtdivan"",""es"":""Diván"",""fr"":""Dörtdivan"",""ja"":""ドルトディヴァン"",""it"":""Dörtdivan"",""zh-CN"":""德特迪万"",""tr"":""Dörtdivan"",""ru"":""Дёртдиван"",""uk"":""Дертдіван"",""pl"":""Dörtdivan"",""hi"":""डोर्टडिवान"",""ar"":""دورتديفان""}",2019-10-06T10:31:16,2025-12-02T14:39:31,1,Q1014114
107539,Dörtyol,2211,31,225,TR,adm2,,,36.83917000,36.23025000,Dörtyol,56513,Europe/Istanbul,"{""br"":""Dörtyol"",""ko"":""도르티올"",""pt-BR"":""Dörtyol"",""pt"":""Dörtyol"",""nl"":""Dörtyol"",""hr"":""Dörtyol"",""fa"":""دورتیول"",""de"":""Dörtyol"",""es"":""Dörtyol"",""fr"":""Dörtyol"",""ja"":""ドルティヨル"",""it"":""Dörtyol"",""zh-CN"":""多尔特奥尔"",""tr"":""Dörtyol"",""ru"":""Дёртйол"",""uk"":""Дертьол"",""pl"":""Dörtyol"",""hi"":""दोर्त्योल"",""ar"":""دورتيول""}",2019-10-06T10:31:16,2025-12-02T14:39:31,1,Q2143455
107541,Döşemealtı,2169,07,225,TR,adm3,,,37.02366000,30.59040000,Döşemealtı,63186,Europe/Istanbul,"{""br"":""Döşemealtı"",""ko"":""Döşemealtı"",""pt-BR"":""Döşemealtı"",""pt"":""Döşemealtı"",""nl"":""Döşemealtı"",""hr"":""Dösemealti"",""fa"":""دوشومآلتی"",""de"":""Döşemealtı"",""es"":""Döşemealtı"",""fr"":""Döşemealtı"",""ja"":""ドシェミールティ"",""it"":""Döşemealtı"",""zh-CN"":""烤肉"",""tr"":""Döşemealtı"",""ru"":""Дёшемеалты"",""uk"":""Дьошемеалті"",""pl"":""Döşemealtı"",""hi"":""Döşemealtı"",""ar"":""Döşemealtı""}",2019-10-06T10:31:16,2025-12-02T17:11:50,1,Q1027553
107542,Merkez,2202,81,225,TR,adm1,,,40.83889000,31.16389000,Merkez,194097,Europe/Istanbul,"{""br"":""Merkez"",""ko"":""메르케즈"",""pt-BR"":""Merkez"",""pt"":""Merkez"",""nl"":""Merkez"",""hr"":""Merkez"",""fa"":""مرکز"",""de"":""Merkez"",""es"":""Merkez"",""fr"":""Merkez"",""ja"":""メルケス"",""it"":""Merkez"",""zh-CN"":""梅尔克兹"",""tr"":""Merkez"",""ru"":""Меркез"",""uk"":""Меркез"",""pl"":""Merkez"",""hi"":""मर्केज़"",""ar"":""مركز""}",2019-10-06T10:31:16,2025-12-02T14:39:31,1,Q206885
107543,Düziçi,2214,80,225,TR,adm2,,,37.25062000,36.47051000,Düziçi,79450,Europe/Istanbul,"{""br"":""Düziçi"",""ko"":""두지치"",""pt-BR"":""Düziçi"",""pt"":""Düziçi"",""nl"":""Düziçi"",""hr"":""Düziçi"",""fa"":""دوزیچی"",""de"":""Düziçi"",""es"":""Düziçi"",""fr"":""Düziçi"",""ja"":""デュジチ"",""it"":""Düziçi"",""zh-CN"":""杜兹奇"",""tr"":""Düziçi"",""ru"":""Дюзичи"",""uk"":""Дюзічі"",""pl"":""Düziçi"",""hi"":""दुज़िची"",""ar"":""دوزيتشي""}",2019-10-06T10:31:16,2025-12-02T17:11:50,1,Q1012858
107544,Düzköy,2206,61,225,TR,adm2,,,40.87461000,39.41536000,Düzköy,8090,Europe/Istanbul,"{""br"":""Düzköy"",""ko"":""두즈쾨이"",""pt-BR"":""Düzköy"",""pt"":""Düzköy"",""nl"":""Düzköy"",""hr"":""Düzköy"",""fa"":""دوزکوی"",""de"":""Düzköy"",""es"":""Düzköy"",""fr"":""Düzköy"",""ja"":""デュズコイ"",""it"":""Düzköy"",""zh-CN"":""杜兹柯伊"",""tr"":""Düzköy"",""ru"":""Дюзкёй"",""uk"":""Дюзкей"",""pl"":""Düzköy"",""hi"":""डुज़्कोय"",""ar"":""دوزكوي""}",2019-10-06T10:31:16,2025-12-02T14:39:31,1,Q1012858
107548,Eceabat,2216,17,225,TR,adm2,,,40.18416000,26.35740000,Eceabat,5120,Europe/Istanbul,"{""br"":""Eceabat"",""ko"":""에체아바트"",""pt-BR"":""Eceabat"",""pt"":""Eceabat"",""nl"":""Eceabat"",""hr"":""Eceabat"",""fa"":""اکبات"",""de"":""Eceabat"",""es"":""Eceabat"",""fr"":""Eceabat"",""ja"":""エセアバト"",""it"":""Eceabat"",""zh-CN"":""埃杰阿巴特"",""tr"":""Eceabat"",""ru"":""Эджеабат"",""uk"":""Еджеабат"",""pl"":""Eceabat"",""hi"":""एसेआबत"",""ar"":""إيسيبات""}",2019-10-06T10:31:16,2025-12-02T14:39:31,1,Q1023153
107549,Merkez,2151,22,225,TR,adm1,,,41.67719000,26.55597000,Merkez,180002,Europe/Istanbul,"{""br"":""Merkez"",""ko"":""메르케즈"",""pt-BR"":""Merkez"",""pt"":""Merkez"",""nl"":""Merkez"",""hr"":""Merkez"",""fa"":""مرکز"",""de"":""Merkez"",""es"":""Merkez"",""fr"":""Merkez"",""ja"":""メルケス"",""it"":""Merkez"",""zh-CN"":""梅尔克兹"",""tr"":""Merkez"",""ru"":""Меркез"",""uk"":""Меркез"",""pl"":""Merkez"",""hi"":""मर्केज़"",""ar"":""مركز""}",2019-10-06T10:31:16,2025-12-02T14:39:31,1,Q43387
107550,Edremit,2175,10,225,TR,adm2,,,39.59611000,27.02444000,Edremit,40777,Europe/Istanbul,"{""br"":""Edremit"",""ko"":""에드레미트"",""pt-BR"":""Edremit"",""pt"":""Edremit"",""nl"":""Edremit"",""hr"":""Edremit"",""fa"":""ادرمیت"",""de"":""Edremit"",""es"":""Edremit"",""fr"":""Edremit"",""ja"":""エドレミット"",""it"":""Edremit"",""zh-CN"":""埃德雷米特"",""tr"":""Edremit"",""ru"":""Эдремит"",""uk"":""Едреміт"",""pl"":""Edremit"",""hi"":""एड्रेमिट"",""ar"":""إدرميت""}",2019-10-06T10:31:16,2025-12-02T14:39:31,1,Q43387
107551,Edremit,2152,65,225,TR,city,,,38.37889000,43.29717000,Edremit,154487,Europe/Istanbul,"{""br"":""Edremit"",""ko"":""에드레미트"",""pt-BR"":""Edremit"",""pt"":""Edremit"",""nl"":""Edremit"",""hr"":""Edremit"",""fa"":""ادرمیت"",""de"":""Edremit"",""es"":""Edremit"",""fr"":""Edremit"",""ja"":""エドレミット"",""it"":""Edremit"",""zh-CN"":""埃德雷米特"",""tr"":""Edremit"",""ru"":""Эдремит"",""uk"":""Едреміт"",""pl"":""Edremit"",""hi"":""एड्रेमिट"",""ar"":""إدرميت""}",2019-10-06T10:31:16,2025-12-02T16:59:27,1,Q43387
107553,Efeler,2187,09,225,TR,adm1,,,37.83835000,27.84557000,Efeler,300225,Europe/Istanbul,"{""br"":""Efeler"",""ko"":""에펠러"",""pt-BR"":""Efeler"",""pt"":""Efeler"",""nl"":""Efeler"",""hr"":""Efeler"",""fa"":""افلر"",""de"":""Efeler"",""es"":""Efeler"",""fr"":""Efeler"",""ja"":""エフェラー"",""it"":""Efeler"",""zh-CN"":""埃费勒"",""tr"":""Efeler"",""ru"":""Эфелер"",""uk"":""Ефелер"",""pl"":""Efeler"",""hi"":""एफ़ेलर"",""ar"":""إيفلر""}",2019-10-06T10:31:16,2025-12-02T17:11:50,1,Q16836589
107554,Eflani,2223,78,225,TR,adm2,,,41.42289000,32.95761000,Terfi,4425,Europe/Istanbul,"{""br"":""Eflani"",""ko"":""에플라니"",""pt-BR"":""Eflani"",""pt"":""Eflani"",""nl"":""Eflani"",""hr"":""Eflani"",""fa"":""افلانی"",""de"":""Eflani"",""es"":""Eflani"",""fr"":""Eflani"",""ja"":""エフラニ"",""it"":""Eflani"",""zh-CN"":""埃夫拉尼"",""tr"":""Eflani"",""ru"":""Эфлани"",""uk"":""Ефлані"",""pl"":""Eflani"",""hi"":""एफ़लानी"",""ar"":""إفلاني""}",2019-10-06T10:31:16,2025-12-02T14:39:31,1,Q16836589
107556,Ekinözü,2227,46,225,TR,adm2,,,38.07007000,37.19414000,Ekinözü,11839,Europe/Istanbul,"{""br"":""Ekinözü"",""ko"":""에키노주"",""pt-BR"":""Ekinözü"",""pt"":""Ekinözü"",""nl"":""Ekinözü"",""hr"":""Ekinözü"",""fa"":""اکینوزو"",""de"":""Ekinözü"",""es"":""Ekinözü"",""fr"":""Ekinözü"",""ja"":""エキノズ"",""it"":""Ekinözü"",""zh-CN"":""埃基诺祖"",""tr"":""Ekinözü"",""ru"":""Экинёзю"",""uk"":""Екінедзю"",""pl"":""Ekinözü"",""hi"":""एकिनोज़ू"",""ar"":""إكينوزو""}",2019-10-06T10:31:16,2025-12-02T17:11:50,1,Q1018536
107559,Elbeyli,2154,79,225,TR,adm2,,,36.67417000,37.46667000,Elbeyli,2274,Europe/Istanbul,"{""br"":""Elbeyli"",""ko"":""엘베이리"",""pt-BR"":""Elbeyli"",""pt"":""Elbeyli"",""nl"":""Elbeyli"",""hr"":""Elbeyli"",""fa"":""البیلی"",""de"":""Elbeyli"",""es"":""Elbeyli"",""fr"":""Elbeyli"",""ja"":""エルベイリ"",""it"":""Elbeyli"",""zh-CN"":""埃尔贝伊利"",""tr"":""Elbeyli"",""ru"":""Элбейли"",""uk"":""Елбейлі"",""pl"":""Elbeyli"",""hi"":""एल्बेली"",""ar"":""البيلي""}",2019-10-06T10:31:16,2025-12-02T14:38:56,1,Q174060
107562,Elbistan,2227,46,225,TR,adm2,,,38.20591000,37.19830000,Elbistan,80456,Europe/Istanbul,"{""br"":""Elbistan"",""ko"":""엘비스탄"",""pt-BR"":""Elbistan"",""pt"":""Elbistan"",""nl"":""Elbistan"",""hr"":""Elbistan"",""fa"":""البستان"",""de"":""Elbistan"",""es"":""Elbistan"",""fr"":""Elbistan"",""ja"":""エルビスタン"",""it"":""Elbistan"",""zh-CN"":""埃尔比斯坦"",""tr"":""Elbistan"",""ru"":""Элбистан"",""uk"":""Елбістан"",""pl"":""Elbistan"",""hi"":""एल्बिस्तान"",""ar"":""البستان""}",2019-10-06T10:31:16,2025-12-02T14:39:31,1,Q1018515
107564,Eldivan,2168,18,225,TR,adm2,,,40.52975000,33.49903000,Eldivan,7588,Europe/Istanbul,"{""br"":""Eldivan"",""ko"":""엘디반"",""pt-BR"":""Eldivan"",""pt"":""Eldivan"",""nl"":""Eldivan"",""hr"":""Eldivan"",""fa"":""الدیوان"",""de"":""Eldivan"",""es"":""Eldivan"",""fr"":""Eldivan"",""ja"":""エルディヴァン"",""it"":""Eldivan"",""zh-CN"":""埃尔迪文"",""tr"":""Eldivan"",""ru"":""Элдиван"",""uk"":""Елдіван"",""pl"":""Eldivan"",""hi"":""एल्डिवन"",""ar"":""إلديفان""}",2019-10-06T10:31:16,2025-12-02T14:38:56,1,Q117181
107566,Eleşkirt,2193,04,225,TR,adm2,,,39.79803000,42.67574000,Elişkek,18769,Europe/Istanbul,"{""br"":""Eleşkirt"",""ko"":""엘레스키르트"",""pt-BR"":""Eleşkirt"",""pt"":""Eleşkirt"",""nl"":""Eleşkirt"",""hr"":""Eleškirt"",""fa"":""الهشکیرت"",""de"":""Eleşkirt"",""es"":""Eleşkirt"",""fr"":""Eleşkirt"",""ja"":""エレシュキルト"",""it"":""Eleşkirt"",""zh-CN"":""埃莱什基尔特"",""tr"":""Eleşkirt"",""ru"":""Элешкирт"",""uk"":""Елешкірт"",""pl"":""Eleşkirt"",""hi"":""एलेस्किर्ट"",""ar"":""إليسكيرت""}",2019-10-06T10:31:16,2025-12-02T14:39:31,1,Q2672821
107568,Elmadağ,2217,06,225,TR,adm2,,,39.92083000,33.23083000,Elmadağ,25394,Europe/Istanbul,"{""br"":""Elmadağ"",""ko"":""엘마다그"",""pt-BR"":""Elmadağ"",""pt"":""Elmadağ"",""nl"":""Elmadağ"",""hr"":""Elmadağ"",""fa"":""الماداغ"",""de"":""Elmadağ"",""es"":""Elmadağ"",""fr"":""Elmadağ"",""ja"":""エルマダグ"",""it"":""Elmadağ"",""zh-CN"":""埃尔马达"",""tr"":""Elmadağ"",""ru"":""Элмадаг"",""uk"":""Ельмадаг"",""pl"":""Elmadağ"",""hi"":""एल्माडाग"",""ar"":""إلما داغ""}",2019-10-06T10:31:16,2025-12-02T14:39:31,1,Q2671994
107570,Elmalı,2169,07,225,TR,adm2,,,36.73583000,29.91775000,Elmalı,16587,Europe/Istanbul,"{""br"":""Elmalı"",""ko"":""엘말리"",""pt-BR"":""Elmalı"",""pt"":""Elmalı"",""nl"":""Elmalı"",""hr"":""Elmali"",""fa"":""المالی"",""de"":""Elmalı"",""es"":""Elmalı"",""fr"":""Elmalı"",""ja"":""エルマリ"",""it"":""Elmalı"",""zh-CN"":""埃尔马勒"",""tr"":""Elmalı"",""ru"":""Элмалы"",""uk"":""Елмалі"",""pl"":""Elmalı"",""hi"":""एल्माली"",""ar"":""إلمالي""}",2019-10-06T10:31:16,2025-12-02T14:39:31,1,Q2671994
107573,Emet,2149,43,225,TR,adm2,,,39.34300000,29.25847000,Yayar,19986,Europe/Istanbul,"{""br"":""Emet"",""ko"":""에멧"",""pt-BR"":""Emet"",""pt"":""Emet"",""nl"":""Emet"",""hr"":""Emet"",""fa"":""امت"",""de"":""Emet"",""es"":""Emet"",""fr"":""Émet"",""ja"":""エメット"",""it"":""Emet"",""zh-CN"":""埃梅特"",""tr"":""Emet"",""ru"":""Эмет"",""uk"":""Емет"",""pl"":""Emet"",""hi"":""एमेट"",""ar"":""إيميت""}",2019-10-06T10:31:16,2025-12-02T14:38:56,1,Q4822064
107576,Emirdağ,2179,03,225,TR,adm2,,,39.01972000,31.15000000,Emirdağ,20063,Europe/Istanbul,"{""br"":""Emirdağ"",""ko"":""에미르다그"",""pt-BR"":""Emirdağ"",""pt"":""Emirdağ"",""nl"":""Emirdağ"",""hr"":""Emirdag"",""fa"":""امیرداغ"",""de"":""Emirdağ"",""es"":""Emirdağ"",""fr"":""Emirdağ"",""ja"":""エミルダグ"",""it"":""Emirdağ"",""zh-CN"":""埃米尔达"",""tr"":""Emirdağ"",""ru"":""Эмирдаг"",""uk"":""Емірдаг"",""pl"":""Emirdağ"",""hi"":""Emirdag"",""ar"":""أميرداغ""}",2019-10-06T10:31:16,2025-12-02T14:39:31,1,Q1911759
107578,Emirgazi,2171,42,225,TR,adm2,,,37.90222000,33.83722000,Emirgazi,8949,Europe/Istanbul,"{""br"":""Emirgazi"",""ko"":""에미르가지"",""pt-BR"":""Emirgazi"",""pt"":""Emirgazi"",""nl"":""Emirgazi"",""hr"":""Emirgazi"",""fa"":""امیرقاضی"",""de"":""Emirgazi"",""es"":""Emirgazi"",""fr"":""Émirgazi"",""ja"":""エミルガジ"",""it"":""Emirgazi"",""zh-CN"":""埃米尔加齐"",""tr"":""Emirgazi"",""ru"":""Эмиргази"",""uk"":""Еміргазі"",""pl"":""Emirgazi"",""hi"":""एमिरगाज़ी"",""ar"":""أميرغازي""}",2019-10-06T10:31:16,2025-12-02T14:38:56,1,Q1911759
107580,Enez,2151,22,225,TR,adm2,,,40.72472000,26.08250000,Enez,4119,Europe/Istanbul,"{""br"":""Enez"",""ko"":""에네즈"",""pt-BR"":""Enez"",""pt"":""Enez"",""nl"":""Enez"",""hr"":""Enez"",""fa"":""انز"",""de"":""Enez"",""es"":""Enez"",""fr"":""Enez"",""ja"":""エネス"",""it"":""Enez"",""zh-CN"":""埃内兹"",""tr"":""Enez"",""ru"":""Энез"",""uk"":""Енез"",""pl"":""Enez"",""hi"":""एनेज़"",""ar"":""إينيز""}",2019-10-06T10:31:16,2025-12-02T14:39:31,1,Q2218549
107582,Erbaa,2199,60,225,TR,adm3,,,40.71390000,36.59364000,Erbaa,52185,Europe/Istanbul,"{""br"":""Erbaa"",""ko"":""에르바"",""pt-BR"":""Erbaa"",""pt"":""Erbaa"",""nl"":""Erbaa"",""hr"":""Erbaa"",""fa"":""اربع"",""de"":""Erbaa"",""es"":""Erbaa"",""fr"":""Erbaa"",""ja"":""エルバ"",""it"":""Erbaa"",""zh-CN"":""埃尔巴"",""tr"":""Erbaa"",""ru"":""Эрбаа"",""uk"":""Ербаа"",""pl"":""Erbaa"",""hi"":""एर्बा"",""ar"":""أربعاء""}",2019-10-06T10:31:16,2025-12-02T17:11:50,1,Q2218549
107583,Erciş,2152,65,225,TR,adm2,,,39.15123000,43.33705000,Erciş,173313,Europe/Istanbul,"{""br"":""Erciş"",""ko"":""에르치스"",""pt-BR"":""Erciş"",""pt"":""Erciş"",""nl"":""Erciş"",""hr"":""Erciş"",""fa"":""ارجیش"",""de"":""Erciş"",""es"":""Erciş"",""fr"":""Erciş"",""ja"":""エルチシュ"",""it"":""Erciş"",""zh-CN"":""埃尔吉什"",""tr"":""Erciş"",""ru"":""Эрджиш"",""uk"":""Ерджіш"",""pl"":""Erciş"",""hi"":""एर्सीस"",""ar"":""إرجيس""}",2019-10-06T10:31:16,2025-12-02T17:11:50,1,Q2218549
107584,Erdek,2175,10,225,TR,adm2,,,40.39960000,27.79348000,Erdek,22678,Europe/Istanbul,"{""br"":""Erdek"",""ko"":""에르덱"",""pt-BR"":""Erdek"",""pt"":""Erdek"",""nl"":""Erdek"",""hr"":""Erdek"",""fa"":""اِردِک"",""de"":""Erdek"",""es"":""Erdek"",""fr"":""Erdek"",""ja"":""エルデック"",""it"":""Erdek"",""zh-CN"":""埃尔德克"",""tr"":""Erdek"",""ru"":""Эрдек"",""uk"":""Ердек"",""pl"":""Erdek"",""hi"":""एर्देक"",""ar"":""إرديك""}",2019-10-06T10:31:16,2025-12-02T14:39:31,1,Q2218549
107586,Erdemli,2156,33,225,TR,adm2,,,36.60498000,34.30836000,Erdemli,46570,Europe/Istanbul,"{""br"":""Erdemli"",""ko"":""에르뎀리"",""pt-BR"":""Erdemli"",""pt"":""Erdemli"",""nl"":""Erdemli"",""hr"":""Erdemli"",""fa"":""اردملی"",""de"":""Erdemli"",""es"":""Erdemli"",""fr"":""Erdemli"",""ja"":""エルデムリ"",""it"":""Erdemli"",""zh-CN"":""埃尔代姆利"",""tr"":""Erdemli"",""ru"":""Эрдемли"",""uk"":""Ердемлі"",""pl"":""Erdemli"",""hi"":""एर्देमली"",""ar"":""إرديملي""}",2019-10-06T10:31:16,2025-12-02T14:39:31,1,Q177298
107588,Erenler,2150,54,225,TR,adm2,,,40.75564000,30.41453000,Erenler,9973,Europe/Istanbul,"{""br"":""Erenler"",""ko"":""에렌러"",""pt-BR"":""Erenler"",""pt"":""Erenler"",""nl"":""Erenler"",""hr"":""Erenler"",""fa"":""ارنلر"",""de"":""Erenler"",""es"":""Erenler"",""fr"":""Erenler"",""ja"":""エレンラー"",""it"":""Erenler"",""zh-CN"":""埃伦勒"",""tr"":""Erenler"",""ru"":""Эренлер"",""uk"":""Еренлер"",""pl"":""Erenler"",""hi"":""एरेनलर"",""ar"":""إيرينلر""}",2019-10-06T10:31:16,2025-12-02T17:11:50,1,Q988315
107589,Ereğli,2171,42,225,TR,city,,,37.51333000,34.04672000,Ereğli,92117,Europe/Istanbul,"{""br"":""Ereğli"",""ko"":""에레글리"",""pt-BR"":""Ereğli"",""pt"":""Ereğli"",""nl"":""Ereğli"",""hr"":""Ereğli"",""fa"":""ارگلی"",""de"":""Ereğli"",""es"":""Ereğli"",""fr"":""Ereğli"",""ja"":""エレリ"",""it"":""Ereğli"",""zh-CN"":""埃雷利"",""tr"":""Ereğli"",""ru"":""Эрегли"",""uk"":""Ереґлі"",""pl"":""Ereğli"",""hi"":""एरेग्ली"",""ar"":""إيريجلي""}",2019-10-06T10:31:16,2025-12-02T14:39:31,1,Q996056
107590,Ereğli,2213,67,225,TR,adm3,,,41.23807000,31.60581000,Ereğli,145389,Europe/Istanbul,"{""br"":""Ereğli"",""ko"":""에레글리"",""pt-BR"":""Ereğli"",""pt"":""Ereğli"",""nl"":""Ereğli"",""hr"":""Ereğli"",""fa"":""ارگلی"",""de"":""Ereğli"",""es"":""Ereğli"",""fr"":""Ereğli"",""ja"":""エレリ"",""it"":""Ereğli"",""zh-CN"":""埃雷利"",""tr"":""Ereğli"",""ru"":""Эрегли"",""uk"":""Ереґлі"",""pl"":""Ereğli"",""hi"":""एरेग्ली"",""ar"":""إيريجلي""}",2019-10-06T10:31:16,2025-12-02T17:11:50,1,Q996056
107592,Ergani,2226,21,225,TR,adm2,,,38.26899000,39.75446000,Ergani,52684,Europe/Istanbul,"{""br"":""Ergani"",""ko"":""에르가니"",""pt-BR"":""Ergani"",""pt"":""Ergani"",""nl"":""Ergani"",""hr"":""Ergani"",""fa"":""ارگانی"",""de"":""Ergani"",""es"":""Ergani"",""fr"":""Ergani"",""ja"":""エルガニ"",""it"":""Ergani"",""zh-CN"":""埃尔加尼"",""tr"":""Ergani"",""ru"":""Эргани"",""uk"":""Ергані"",""pl"":""Ergani"",""hi"":""एर्गानी"",""ar"":""إرغاني""}",2019-10-06T10:31:16,2025-12-02T14:39:31,1,Q996056
107594,Ergene,2167,59,225,TR,adm3,,,40.85953000,27.27081000,Ergene,68695,Europe/Istanbul,"{""br"":""Ergene"",""ko"":""에르게네"",""pt-BR"":""Ergene"",""pt"":""Ergene"",""nl"":""Ergene"",""hr"":""Ergene"",""fa"":""ارگن"",""de"":""Ergene"",""es"":""Ergene"",""fr"":""Ergène"",""ja"":""エルゲン"",""it"":""Ergene"",""zh-CN"":""埃尔盖内"",""tr"":""Ergene"",""ru"":""Эргене"",""uk"":""Ергене"",""pl"":""Ergene"",""hi"":""एर्गेन"",""ar"":""إرجين""}",2019-10-06T10:31:16,2025-12-02T17:11:50,1,Q16957420
107596,Ermenek,2184,70,225,TR,adm2,,,36.64043000,32.89179000,Ermenek,16986,Europe/Istanbul,"{""br"":""Ermenek"",""ko"":""에르메넥"",""pt-BR"":""Ermenek"",""pt"":""Ermenek"",""nl"":""Ermenek"",""hr"":""Ermenek"",""fa"":""ارمنک"",""de"":""Ermenek"",""es"":""Ermenek"",""fr"":""Ermenek"",""ja"":""エルメネク"",""it"":""Ermenek"",""zh-CN"":""埃尔梅内克"",""tr"":""Ermenek"",""ru"":""Эрменек"",""uk"":""Ерменек"",""pl"":""Ermenek"",""hi"":""एर्मेनेक"",""ar"":""إرمينيك""}",2019-10-06T10:31:16,2025-12-02T14:39:31,1,Q16957420
107598,Eruh,2207,56,225,TR,adm2,,,37.74183000,42.17422000,Eruh,7868,Europe/Istanbul,"{""br"":""Eruh"",""ko"":""에루흐"",""pt-BR"":""Eruh"",""pt"":""Eruh"",""nl"":""Eruh"",""hr"":""Eruh"",""fa"":""اروه"",""de"":""Eruh"",""es"":""Eruh"",""fr"":""Eruh"",""ja"":""エルー"",""it"":""Eruh"",""zh-CN"":""埃鲁赫"",""tr"":""Eruh"",""ru"":""Эрух"",""uk"":""Ерух"",""pl"":""Eruh"",""hi"":""एरुह"",""ar"":""إيروه""}",2019-10-06T10:31:16,2025-12-02T14:39:31,1,Q16957420
107600,Erzin,2211,31,225,TR,adm2,,,36.95348000,36.19839000,Erzin,26316,Europe/Istanbul,"{""br"":""Erzin"",""ko"":""에르진"",""pt-BR"":""Erzin"",""pt"":""Erzin"",""nl"":""Erzin"",""hr"":""Erzin"",""fa"":""ارزین"",""de"":""Erzin"",""es"":""Erzin"",""fr"":""Erzin"",""ja"":""エルジン"",""it"":""Erzin"",""zh-CN"":""埃尔津"",""tr"":""Erzin"",""ru"":""Эрзин"",""uk"":""Ерзін"",""pl"":""Erzin"",""hi"":""एर्ज़िन"",""ar"":""إرزين""}",2019-10-06T10:31:16,2025-12-02T14:39:31,1,Q1012929
107602,Merkez,2160,24,225,TR,adm1,,,39.73919000,39.49015000,Merkez,150714,Europe/Istanbul,"{""br"":""Merkez"",""ko"":""메르케즈"",""pt-BR"":""Merkez"",""pt"":""Merkez"",""nl"":""Merkez"",""hr"":""Merkez"",""fa"":""مرکز"",""de"":""Merkez"",""es"":""Merkez"",""fr"":""Merkez"",""ja"":""メルケス"",""it"":""Merkez"",""zh-CN"":""梅尔克兹"",""tr"":""Merkez"",""ru"":""Меркез"",""uk"":""Меркез"",""pl"":""Merkez"",""hi"":""मर्केज़"",""ar"":""مركز""}",2019-10-06T10:31:16,2025-12-02T14:39:31,1,Q136217
107604,Esenler,2170,34,225,TR,city,,,41.07925000,28.85235000,Esenler,461621,Europe/Istanbul,"{""br"":""Esenler"",""ko"":""에센러"",""pt-BR"":""Esenler"",""pt"":""Esenler"",""nl"":""Esenler"",""hr"":""Esenler"",""fa"":""اسنلر"",""de"":""Esenler"",""es"":""Esenler"",""fr"":""Esenler"",""ja"":""エセンラー"",""it"":""Esenler"",""zh-CN"":""埃森勒"",""tr"":""Esenler"",""ru"":""Эсенлер"",""uk"":""Езенлер"",""pl"":""Esenler"",""hi"":""एसेनलर"",""ar"":""إيسنلر""}",2019-10-06T10:31:16,2025-12-02T17:11:50,1,Q378714
107605,Esenyurt,2170,34,225,TR,city,,,41.04000000,28.66161000,Esenyurt,983571,Europe/Istanbul,"{""br"":""Esenyurt"",""ko"":""에센유르트"",""pt-BR"":""Esenyurt"",""pt"":""Esenyurt"",""nl"":""Esenyurt"",""hr"":""Esenyurt"",""fa"":""اسنیورت"",""de"":""Esenyurt"",""es"":""Esenyurt"",""fr"":""Esenyurt"",""ja"":""エセンユールト"",""it"":""Esenyurt"",""zh-CN"":""埃森尤特"",""tr"":""Esenyurt"",""ru"":""Эсеньюрт"",""uk"":""Есенюрт"",""pl"":""Esenyurt"",""hi"":""इस्तांबुल में"",""ar"":""إسنيورت""}",2019-10-06T10:31:16,2025-12-02T17:11:50,1,Q268983
107606,Eskil,2210,68,225,TR,adm2,,,38.41158000,33.41994000,Eskil,27188,Europe/Istanbul,"{""br"":""Eskil"",""ko"":""에스킬"",""pt-BR"":""Eskil"",""pt"":""Eskil"",""nl"":""Eskil"",""hr"":""Eskil"",""fa"":""اسکیل"",""de"":""Eskil"",""es"":""Eskil"",""fr"":""Eskil"",""ja"":""エスキル"",""it"":""Eskil"",""zh-CN"":""埃斯基尔"",""tr"":""Eskil"",""ru"":""Эскиль"",""uk"":""Ескіл"",""pl"":""Eskil"",""hi"":""एस्किल"",""ar"":""إسكيل""}",2019-10-06T10:31:16,2025-12-02T17:11:50,1,Q1917854
107607,Eskipazar,2223,78,225,TR,adm2,,,40.95207000,32.54604000,Eskipazar,13185,Europe/Istanbul,"{""br"":""Eskipazar"",""ko"":""에스키파자르"",""pt-BR"":""Eskipazar"",""pt"":""Eskipazar"",""nl"":""Eskipazar"",""hr"":""Eskipazar"",""fa"":""اسکیپازار"",""de"":""Eskipazar"",""es"":""Eskipazar"",""fr"":""Eskipazar"",""ja"":""エスキパザル"",""it"":""Eskipazar"",""zh-CN"":""埃斯基帕扎尔"",""tr"":""Eskipazar"",""ru"":""Эскипазар"",""uk"":""Ескіпазар"",""pl"":""Eskipazar"",""hi"":""एस्कीपाज़ार"",""ar"":""إسكيبازار""}",2019-10-06T10:31:16,2025-12-02T17:11:50,1,Q1367851
107609,Espiye,2186,28,225,TR,adm2,,,40.94705000,38.70299000,Espiye,15058,Europe/Istanbul,"{""br"":""Espiye"",""ko"":""에스피예"",""pt-BR"":""Espiye"",""pt"":""Espiye"",""nl"":""Espiye"",""hr"":""Espiye"",""fa"":""اسپیه"",""de"":""Espiye"",""es"":""Espiye"",""fr"":""Espiye"",""ja"":""エスピエ"",""it"":""Spia"",""zh-CN"":""埃斯皮耶"",""tr"":""Espiye"",""ru"":""Эспийе"",""uk"":""Еспіє"",""pl"":""Espiye"",""hi"":""एस्पिये"",""ar"":""إسباي""}",2019-10-06T10:31:16,2025-12-02T14:39:31,1,Q168866
107611,Etimesgut,2217,06,225,TR,adm2,,,39.96335000,32.63744000,Etimesgut,606472,Europe/Istanbul,"{""br"":""Etimesgut"",""ko"":""에타임스구트"",""pt-BR"":""Etimesgut"",""pt"":""Etimesgut"",""nl"":""Etimesgut"",""hr"":""Etimesgut"",""fa"":""اتیمسگوت"",""de"":""Etimesgut"",""es"":""Etimesgut"",""fr"":""Etimesgut"",""ja"":""エティメスグット"",""it"":""Etimesgut"",""zh-CN"":""埃蒂梅斯古特"",""tr"":""Etimesgut"",""ru"":""Этимесгут"",""uk"":""Етімесгут"",""pl"":""Etimesgut"",""hi"":""एटाइम्सगुट"",""ar"":""إيتيمسجوت""}",2019-10-06T10:31:16,2025-12-02T17:11:50,1,Q1029159
107612,Evciler,2179,03,225,TR,adm2,,,38.04139000,29.88667000,Evciler,4902,Europe/Istanbul,"{""br"":""Evciler"",""ko"":""에브실러"",""pt-BR"":""Evciler"",""pt"":""Evciler"",""nl"":""Evciler"",""hr"":""Evciler"",""fa"":""اوسیلر"",""de"":""Evciler"",""es"":""Evciler"",""fr"":""Éviter"",""ja"":""エヴシラー"",""it"":""Evciler"",""zh-CN"":""埃夫西莱尔"",""tr"":""Evciler"",""ru"":""Эвчилер"",""uk"":""Евсілер"",""pl"":""Evciler"",""hi"":""एवसिलर"",""ar"":""إيفسيلر""}",2019-10-06T10:31:16,2025-12-02T14:39:31,1,Q1029159
107614,Evren,2217,06,225,TR,adm2,,,39.02402000,33.80626000,Evren,0,Europe/Istanbul,"{""br"":""Evren"",""ko"":""에브렌"",""pt-BR"":""Evren"",""pt"":""Evren"",""nl"":""Evren"",""hr"":""Evren"",""fa"":""اورن"",""de"":""Evren"",""es"":""Evren"",""fr"":""Evren"",""ja"":""エヴレン"",""it"":""Evren"",""zh-CN"":""埃夫伦"",""tr"":""Evren"",""ru"":""Эврен"",""uk"":""Еврен"",""pl"":""Evren"",""hi"":""एवरेन"",""ar"":""إيفرين""}",2019-10-06T10:31:16,2025-12-02T14:39:31,1,Q1027593
107619,Eynesil,2186,28,225,TR,adm2,,,41.06436000,39.14274000,Eynesil,13955,Europe/Istanbul,"{""br"":""Eynesil"",""ko"":""에인실"",""pt-BR"":""Eynesil"",""pt"":""Eynesil"",""nl"":""Eynesil"",""hr"":""Eynesil"",""fa"":""اینسیل"",""de"":""Eynesil"",""es"":""Eynesil"",""fr"":""Eynesil"",""ja"":""エイネシル"",""it"":""Eynesil"",""zh-CN"":""艾尼希尔"",""tr"":""Eynesil"",""ru"":""Эйнесил"",""uk"":""Ейнесіл"",""pl"":""Eynesil"",""hi"":""आइनेसिल"",""ar"":""إينيسيل""}",2019-10-06T10:31:16,2025-12-02T14:38:56,1,Q2901008
107621,Eyyübiye,2183,63,225,TR,adm2,,,37.21434000,38.79358000,Eyyübiye,379123,Europe/Istanbul,"{""br"":""Eyyübiye"",""ko"":""에이유비예"",""pt-BR"":""Eyyübiye"",""pt"":""Eyyübiye"",""nl"":""Eyyübiye"",""hr"":""Eyyübiye"",""fa"":""ایوبیه"",""de"":""Eyyübiye"",""es"":""Eyyübiye"",""fr"":""Eyyübiye"",""ja"":""エイユビエ"",""it"":""Eyyübiye"",""zh-CN"":""艾尤比耶"",""tr"":""Eyyübiye"",""ru"":""Эйюбие"",""uk"":""Ейюбіє"",""pl"":""Eyyübiye"",""hi"":""एय्युबिये"",""ar"":""أيوبيه""}",2019-10-06T10:31:16,2025-12-02T17:11:50,1,Q16957471
107622,Eyüpsultan,2170,34,225,TR,city,,,41.19904000,28.88667000,Eyüpsultan,,Europe/Istanbul,"{""br"":""Eyüpsultan"",""ko"":""에윱술탄"",""pt-BR"":""Eyüpsultan"",""pt"":""Eyüpsultan"",""nl"":""Eyüpsultan"",""hr"":""Eyüpsultan"",""fa"":""ایوب‌سلطان"",""de"":""Eyüpsultan"",""es"":""Eyüpsultan"",""fr"":""Eyüpsultan"",""ja"":""エユプスルタン"",""it"":""Eyüpsultan"",""zh-CN"":""艾尤普苏丹"",""tr"":""Eyüpsultan"",""ru"":""Эюпсултан"",""uk"":""Ейюпсултан"",""pl"":""Eyüpsultan"",""hi"":""एयुप्सुल्तान"",""ar"":""أيوب سلطان""}",2019-10-06T10:31:16,2025-12-02T17:11:50,1,Q673073
107623,Ezine,2216,17,225,TR,adm2,,,39.78561000,26.34083000,Dört,15677,Europe/Istanbul,"{""br"":""Ezine"",""ko"":""이진"",""pt-BR"":""Ezine"",""pt"":""Ezine"",""nl"":""E-zine"",""hr"":""E-časopis"",""fa"":""ایزین"",""de"":""Ezine"",""es"":""Revista electrónica"",""fr"":""Ezine"",""ja"":""電子雑誌"",""it"":""Rivista elettronica"",""zh-CN"":""电子杂志"",""tr"":""Ezine"",""ru"":""Электронный журнал"",""uk"":""Електронний журнал"",""pl"":""Ezine"",""hi"":""ईज़ीन"",""ar"":""مجلة إلكترونية""}",2019-10-06T10:31:16,2025-12-02T14:38:56,1,Q673073
107625,Eğil,2226,21,225,TR,adm2,,,38.25748000,40.07435000,Eğil,4820,Europe/Istanbul,"{""br"":""Eğil"",""ko"":""에길"",""pt-BR"":""Eğil"",""pt"":""Eğil"",""nl"":""Eğil"",""hr"":""Eğil"",""fa"":""ایگل"",""de"":""Eğil"",""es"":""Eğil"",""fr"":""Eğil"",""ja"":""エイル"",""it"":""Eğil"",""zh-CN"":""埃伊尔"",""tr"":""Eğil"",""ru"":""Эгиль"",""uk"":""Егіл"",""pl"":""Eğil"",""hi"":""Egil"",""ar"":""إيغيل""}",2019-10-06T10:31:16,2025-12-02T14:39:31,1,Q1017752
107627,Eğirdir,2222,32,225,TR,city,,,37.87462000,30.85042000,Eğirdir,16891,Europe/Istanbul,"{""br"":""Eğirdir"",""ko"":""에기르디르"",""pt-BR"":""Eğirdir"",""pt"":""Eğirdir"",""nl"":""Eğirdir"",""hr"":""Eğirdir"",""fa"":""ایردیر"",""de"":""Eğirdir"",""es"":""Eğirdir"",""fr"":""Eğirdir"",""ja"":""エイルディル"",""it"":""Eğirdir"",""zh-CN"":""埃伊尔迪尔"",""tr"":""Eğirdir"",""ru"":""Эгирдир"",""uk"":""Егірдир"",""pl"":""Eğirdir"",""hi"":""एगिर्दिर"",""ar"":""إيجيردير""}",2019-10-06T10:31:16,2025-12-02T14:39:31,1,Q1023322
107629,Eşme,2201,64,225,TR,adm2,,,38.39976000,28.96905000,Eşme,11000,Europe/Istanbul,"{""br"":""Eşme"",""ko"":""에슈메"",""pt-BR"":""Eşme"",""pt"":""Eşme"",""nl"":""Esmee"",""hr"":""Esme"",""fa"":""اشمه"",""de"":""Eşme"",""es"":""Esme"",""fr"":""Eşme"",""ja"":""エシュメ"",""it"":""Eşme"",""zh-CN"":""埃什梅"",""tr"":""Eşme"",""ru"":""Эшме"",""uk"":""Ешме"",""pl"":""Eşme"",""hi"":""एस्मे"",""ar"":""إشمي""}",2019-10-06T10:31:16,2025-12-02T14:39:31,1,Q586434
107632,Fatih,2170,34,225,TR,city,,,41.01746000,28.94053000,Fatih,425875,Europe/Istanbul,"{""br"":""Fatih"",""ko"":""파티흐"",""pt-BR"":""Fatih"",""pt"":""Fatih"",""nl"":""Fatih"",""hr"":""Fatih"",""fa"":""فاتح"",""de"":""Fatih"",""es"":""Fatih"",""fr"":""Fatih"",""ja"":""ファティ"",""it"":""Fatih"",""zh-CN"":""法提赫"",""tr"":""Fatih"",""ru"":""Фатих"",""uk"":""Фатіх"",""pl"":""Fatih"",""hi"":""फातिह"",""ar"":""فاتح""}",2019-10-06T10:31:16,2025-12-02T16:59:27,1,Q732923
107633,Fatsa,2174,52,225,TR,adm2,,,41.02778000,37.50139000,Fatsa,82160,Europe/Istanbul,"{""br"":""Fatsa"",""ko"":""파차"",""pt-BR"":""Fatsa"",""pt"":""Fatsa"",""nl"":""Fatsa"",""hr"":""Fatsa"",""fa"":""فاتسا"",""de"":""Fatsa"",""es"":""Fatsa"",""fr"":""Fatsa"",""ja"":""ファツァ"",""it"":""Fatsa"",""zh-CN"":""法特萨"",""tr"":""Fatsa"",""ru"":""Фатса"",""uk"":""Фатса"",""pl"":""Fatsa"",""hi"":""फत्सा"",""ar"":""فاتسا""}",2019-10-06T10:31:16,2025-12-02T14:39:31,1,Q732923
107635,Feke,2212,01,225,TR,adm2,,,37.82405000,35.91826000,Ölü,18534,Europe/Istanbul,"{""br"":""Feke"",""ko"":""페케"",""pt-BR"":""Feke"",""pt"":""Feke"",""nl"":""Feke"",""hr"":""Feke"",""fa"":""فکه"",""de"":""Feke"",""es"":""Feke"",""fr"":""Feke"",""ja"":""フェケ"",""it"":""Feke"",""zh-CN"":""费克"",""tr"":""Feke"",""ru"":""Феке"",""uk"":""Феке"",""pl"":""Feke"",""hi"":""फेके"",""ar"":""فيكي""}",2019-10-06T10:31:16,2025-12-02T17:11:50,1,Q1430807
107636,Felahiye,2200,38,225,TR,adm2,,,39.09056000,35.56722000,Felahye,6602,Europe/Istanbul,"{""br"":""Felahiye"",""ko"":""펠라히예"",""pt-BR"":""Felahiye"",""pt"":""Felahiye"",""nl"":""Felahiye"",""hr"":""Felahiye"",""fa"":""فلاحیه"",""de"":""Felahiye"",""es"":""Felahiye"",""fr"":""Felahiye"",""ja"":""フェラヒエ"",""it"":""Felahiye"",""zh-CN"":""费拉希耶"",""tr"":""Felahiye"",""ru"":""Фелахие"",""uk"":""Фелахіє"",""pl"":""Felahiye"",""hi"":""फेलाहिये"",""ar"":""فلاحية""}",2019-10-06T10:31:16,2025-12-02T14:38:56,1,Q1430807
107638,Ferizli,2150,54,225,TR,adm2,,,40.94082000,30.48583000,Ferizli,23740,Europe/Istanbul,"{""br"":""Ferizli"",""ko"":""페리즐리"",""pt-BR"":""Ferizli"",""pt"":""Ferizli"",""nl"":""Ferizli"",""hr"":""Ferizli"",""fa"":""فریزی"",""de"":""Ferizli"",""es"":""Ferizli"",""fr"":""Ferizli"",""ja"":""フェリズリ"",""it"":""Ferizli"",""zh-CN"":""费里兹利"",""tr"":""Ferizli"",""ru"":""Феризли"",""uk"":""Ферізлі"",""pl"":""Ferizli"",""hi"":""फेरिज़ली"",""ar"":""فيريزلي""}",2019-10-06T10:31:16,2025-12-02T14:39:31,1,Q2674038
107640,Fethiye,2182,48,225,TR,adm2,,,36.64038000,29.12758000,Fethiye,60437,Europe/Istanbul,"{""br"":""Fethiye"",""ko"":""페티예"",""pt-BR"":""Fethiye"",""pt"":""Fethiye"",""nl"":""Fethiye"",""hr"":""Fethiye"",""fa"":""فتحیه"",""de"":""Fethiye"",""es"":""Fethiye"",""fr"":""Fethiye"",""ja"":""フェティエ"",""it"":""Fethiye"",""zh-CN"":""费特希耶"",""tr"":""Fethiye"",""ru"":""Фетхие"",""uk"":""Фетхіє"",""pl"":""Fethiye"",""hi"":""फेथिये"",""ar"":""فتحية""}",2019-10-06T10:31:16,2025-12-02T14:39:31,1,Q207998
107641,Finike,2169,07,225,TR,city,,,36.42355000,30.06645000,Finike,11329,Europe/Istanbul,"{""br"":""Finike"",""ko"":""피니케"",""pt-BR"":""Finike"",""pt"":""Finike"",""nl"":""Finike"",""hr"":""Finike"",""fa"":""فینیکه"",""de"":""Finike"",""es"":""Finike"",""fr"":""Finike"",""ja"":""フィニケ"",""it"":""Finike"",""zh-CN"":""菲尼克"",""tr"":""Finike"",""ru"":""Финике"",""uk"":""Фініке"",""pl"":""Finike"",""hi"":""फिनिके"",""ar"":""فينيكي""}",2019-10-06T10:31:16,2025-12-02T17:11:50,1,Q207998
107642,Foça,2205,35,225,TR,adm2,,,38.67030000,26.75656000,Foça,15189,Europe/Istanbul,"{""br"":""Foça"",""ko"":""포사"",""pt-BR"":""Foça"",""pt"":""Foça"",""nl"":""Foça"",""hr"":""Foça"",""fa"":""فوچا"",""de"":""Foça"",""es"":""Foça"",""fr"":""Foça"",""ja"":""フォチャ"",""it"":""Foça"",""zh-CN"":""福卡"",""tr"":""Foça"",""ru"":""Фоча"",""uk"":""Фоча"",""pl"":""Foça"",""hi"":""FOCA"",""ar"":""فوكا""}",2019-10-06T10:31:16,2025-12-02T14:39:31,1,Q207998
107644,Fındıklı,2219,53,225,TR,adm2,,,41.27110000,41.14449000,Fındıklı,16902,Europe/Istanbul,"{""br"":""Kavout"",""ko"":""핀디클리"",""pt-BR"":""Encontrar"",""pt"":""Encontrar"",""nl"":""Fındıklı"",""hr"":""Fındıklı"",""fa"":""فیندیکلی"",""de"":""Fındıklı"",""es"":""Encontrar"",""fr"":""Fındıklı"",""ja"":""フィンドゥクリ"",""it"":""Fındıklı"",""zh-CN"":""查找"",""tr"":""Fındıklı"",""ru"":""Fındıklı"",""uk"":""Фіндиклі"",""pl"":""Fındıklı"",""hi"":""फ़िन्डिक्ली"",""ar"":""فينديكلي""}",2019-10-06T10:31:16,2025-12-02T17:11:50,1,Q1921294
107646,Gaziemir,2205,35,225,TR,adm2,,,38.31098000,27.15178000,Gaziemir,137553,Europe/Istanbul,"{""br"":""Gaziemir"",""ko"":""가지에미르"",""pt-BR"":""Gaziemir"",""pt"":""Gaziemir"",""nl"":""Gaziemir"",""hr"":""Gaziemir"",""fa"":""غازیمیر"",""de"":""Gaziemir"",""es"":""Gaziemir"",""fr"":""Gaziemir"",""ja"":""ガジエミル"",""it"":""Gaziemir"",""zh-CN"":""加齐米尔"",""tr"":""Gaziemir"",""ru"":""Газиемир"",""uk"":""Газіемір"",""pl"":""Gaziemir"",""hi"":""गाज़ीमिर"",""ar"":""غازيمير""}",2019-10-06T10:31:16,2025-12-02T17:11:50,1,Q1496685
107647,Gaziosmanpaşa,2170,34,225,TR,city,,,41.07857000,28.89679000,Gaziosmanpaşa,495006,Europe/Istanbul,"{""br"":""Gaziosmanpaşa"",""ko"":""가지오스만파샤"",""pt-BR"":""Gaziosmanpaşa"",""pt"":""Gaziosmanpaşa"",""nl"":""Gaziosmanpaşa"",""hr"":""Gaziosmanpaşa"",""fa"":""قاضی عثمان پاشا"",""de"":""Gaziosmanpaşa"",""es"":""Gaziosmanpaşa"",""fr"":""Gaziosmanpaşa"",""ja"":""ガジオスマンパシャ"",""it"":""Gaziosmanpaşa"",""zh-CN"":""加齐奥斯曼帕夏"",""tr"":""Gaziosmanpaşa"",""ru"":""Газиосманпаша"",""uk"":""Газіосманпаша"",""pl"":""Gaziosmanpaşa"",""hi"":""गाज़ियोस्मानपासा"",""ar"":""غازي عثمان باشا""}",2019-10-06T10:31:16,2025-12-02T16:59:27,1,Q570826
107648,Gazipaşa,2169,07,225,TR,adm2,,,36.26942000,32.31792000,Gazipaşa,18371,Europe/Istanbul,"{""br"":""Gazipaşa"",""ko"":""가지파사"",""pt-BR"":""Gazipaşa"",""pt"":""Gazipaşa"",""nl"":""Gazipaşa"",""hr"":""Gazipaša"",""fa"":""قاضی پاشا"",""de"":""Gazipaşa"",""es"":""Gazipaşa"",""fr"":""Gazipaşa"",""ja"":""ガジパシャ"",""it"":""Gazipaşa"",""zh-CN"":""加济帕夏"",""tr"":""Gazipaşa"",""ru"":""Газипаша"",""uk"":""Газіпаша"",""pl"":""Gazipaşa"",""hi"":""गाज़ीपासा"",""ar"":""غازي باشا""}",2019-10-06T10:31:16,2025-12-02T14:39:31,1,Q570826
107650,Gebze,2195,41,225,TR,adm2,,,40.80276000,29.43068000,Gebze,281436,Europe/Istanbul,"{""br"":""Gebze"",""ko"":""게브제"",""pt-BR"":""Gebze"",""pt"":""Gebze"",""nl"":""Gebze"",""hr"":""Gebze"",""fa"":""گبزه"",""de"":""Gebze"",""es"":""Gebze"",""fr"":""Gebze"",""ja"":""ゲブゼ"",""it"":""Gebze"",""zh-CN"":""盖布泽"",""tr"":""Gebze"",""ru"":""Гебзе"",""uk"":""Гебзе"",""pl"":""Gebze"",""hi"":""गेब्ज़"",""ar"":""جبزي""}",2019-10-06T10:31:16,2025-12-02T14:39:31,1,Q206116
107651,Gediz,2149,43,225,TR,adm2,,,38.99389000,29.39131000,Gediz,22058,Europe/Istanbul,"{""br"":""Gediz"",""ko"":""게디즈"",""pt-BR"":""Gediz"",""pt"":""Gediz"",""nl"":""Gediz"",""hr"":""Gediz"",""fa"":""گدیز"",""de"":""Gediz"",""es"":""Gediz"",""fr"":""Gediz"",""ja"":""ゲディズ"",""it"":""Gediz"",""zh-CN"":""盖迪兹"",""tr"":""Gediz"",""ru"":""Гедиз"",""uk"":""Гедіз"",""pl"":""Gediz"",""hi"":""गेडिज़"",""ar"":""جيديز""}",2019-10-06T10:31:16,2025-12-02T14:39:31,1,Q206116
107653,Gelendost,2222,32,225,TR,adm2,,,38.12083000,31.01528000,Gelendost,7274,Europe/Istanbul,"{""br"":""Gelendost"",""ko"":""겔렌도스트"",""pt-BR"":""Gelendost"",""pt"":""Gelendost"",""nl"":""Gelendost"",""hr"":""Gelendost"",""fa"":""گلندوست"",""de"":""Gelendost"",""es"":""Gelendost"",""fr"":""Gelendost"",""ja"":""ゲレンドスト"",""it"":""Gelendost"",""zh-CN"":""格伦多斯特"",""tr"":""Gelendost"",""ru"":""Гелендост"",""uk"":""Гелендост"",""pl"":""Gelendost"",""hi"":""गेलेंडोस्ट"",""ar"":""جيليندوست""}",2019-10-06T10:31:16,2025-12-02T14:39:31,1,Q206116
107655,Gelibolu,2216,17,225,TR,adm2,,,40.41028000,26.67083000,Gelibolu,25178,Europe/Istanbul,"{""br"":""Gelibolu"",""ko"":""겔리볼루"",""pt-BR"":""Gelibolu"",""pt"":""Gelibolu"",""nl"":""Gelibolu"",""hr"":""Gelibolu"",""fa"":""گلی‌بولو"",""de"":""Gelibolu"",""es"":""Gelibolu"",""fr"":""Gelibolu"",""ja"":""ゲリボル"",""it"":""Gallipoli"",""zh-CN"":""盖利博卢"",""tr"":""Gelibolu"",""ru"":""Гелиболу"",""uk"":""Геліболу"",""pl"":""Gelibolu"",""hi"":""गेलिबोलु"",""ar"":""جيليبولو""}",2019-10-06T10:31:16,2025-12-02T14:39:31,1,Q1499635
107658,Gemerek,2181,58,225,TR,adm2,,,39.18342000,36.07189000,Gemerek,16916,Europe/Istanbul,"{""br"":""Gemerek"",""ko"":""게메렉"",""pt-BR"":""Gemerek"",""pt"":""Gemerek"",""nl"":""Gemerek"",""hr"":""Gemerek"",""fa"":""گمرک"",""de"":""Gemerek"",""es"":""Gemerek"",""fr"":""Gemerek"",""ja"":""ゲメレク"",""it"":""Gemerek"",""zh-CN"":""格梅雷克"",""tr"":""Gemerek"",""ru"":""Гемерек"",""uk"":""Гемерек"",""pl"":""Gemerek"",""hi"":""गेमरेक"",""ar"":""جيمريك""}",2019-10-06T10:31:16,2025-12-02T14:39:31,1,Q984701
107660,Gemlik,2163,16,225,TR,adm2,,,40.43510000,29.14943000,Gemlik,111488,Europe/Istanbul,"{""br"":""Gemlik"",""ko"":""젬릭"",""pt-BR"":""Gemlik"",""pt"":""Gemlik"",""nl"":""Gemlik"",""hr"":""Gemlik"",""fa"":""گملیک"",""de"":""Gemlik"",""es"":""Gemlik"",""fr"":""Gemlik"",""ja"":""ゲムリク"",""it"":""Gemlik"",""zh-CN"":""盖姆利克"",""tr"":""Gemlik"",""ru"":""Гемлик"",""uk"":""Гемлік"",""pl"":""Gemlik"",""hi"":""जेमलिक"",""ar"":""جيمليك""}",2019-10-06T10:31:16,2025-12-02T17:11:50,1,Q984701
107661,Genç,2153,12,225,TR,adm2,,,38.74773000,40.55343000,Genç,22493,Europe/Istanbul,"{""br"":""Genç"",""ko"":""젠츠"",""pt-BR"":""Genç"",""pt"":""Genç"",""nl"":""Genç"",""hr"":""Genç"",""fa"":""گنچ"",""de"":""Genç"",""es"":""Genç"",""fr"":""Genç"",""ja"":""ジェンチ"",""it"":""Genç"",""zh-CN"":""根奇"",""tr"":""Genç"",""ru"":""Генч"",""uk"":""Генч"",""pl"":""Genç"",""hi"":""जेन्स"",""ar"":""جينتش""}",2019-10-06T10:31:16,2025-12-02T14:39:31,1,Q984701
107663,Gercüş,2194,72,225,TR,city,,,37.59139000,41.33278000,Gercüş,20484,Europe/Istanbul,"{""br"":""Gercüş"",""ko"":""게르쿠스"",""pt-BR"":""Gercüş"",""pt"":""Gercüş"",""nl"":""Gercüş"",""hr"":""Gercüş"",""fa"":""گرکوش"",""de"":""Gercüş"",""es"":""Gercüş"",""fr"":""Gercüş"",""ja"":""ゲルジュシュ"",""it"":""Gercüş"",""zh-CN"":""盖尔居斯"",""tr"":""Gercüş"",""ru"":""Герджюш"",""uk"":""Герджуш"",""pl"":""Gercüş"",""hi"":""गेर्कुस"",""ar"":""جيركوس""}",2019-10-06T10:31:16,2025-12-02T17:11:50,1,Q1023286
107665,Gerede,2172,14,225,TR,adm3,,,40.71364000,32.31263000,Gerede,34277,Europe/Istanbul,"{""br"":""Gerede"",""ko"":""게레데"",""pt-BR"":""Gerede"",""pt"":""Gerede"",""nl"":""Gerede"",""hr"":""Gerede"",""fa"":""گرد"",""de"":""Gerede"",""es"":""Gerede"",""fr"":""Gerede"",""ja"":""ゲレデ"",""it"":""Gerede"",""zh-CN"":""格雷德"",""tr"":""Gerede"",""ru"":""Гереде"",""uk"":""Гереде"",""pl"":""Gerede"",""hi"":""गेरेडे"",""ar"":""جيريدي""}",2019-10-06T10:31:16,2025-12-02T17:11:50,1,Q1023286
107666,Gerger,2155,02,225,TR,adm2,,,37.95000000,39.01667000,Gerger,19450,Europe/Istanbul,"{""br"":""Gerger"",""ko"":""거거"",""pt-BR"":""Gerger"",""pt"":""Gerger"",""nl"":""Gerger"",""hr"":""Gerger"",""fa"":""گرگر"",""de"":""Gerger"",""es"":""Gerger"",""fr"":""Gerger"",""ja"":""ゲルガー"",""it"":""Gerger"",""zh-CN"":""格尔格"",""tr"":""Gerger"",""ru"":""Гергер"",""uk"":""Гергер"",""pl"":""Gerger"",""hi"":""गेरगर"",""ar"":""جيرجر""}",2019-10-06T10:31:16,2025-12-02T17:11:50,1,Q1023286
107668,Germencik,2187,09,225,TR,adm2,,,37.87056000,27.60283000,Germencik,11217,Europe/Istanbul,"{""br"":""Germencik"",""ko"":""게르멘치크"",""pt-BR"":""Germencik"",""pt"":""Germencik"",""nl"":""Germencik"",""hr"":""Germencik"",""fa"":""ژرمنیک"",""de"":""Germencik"",""es"":""Germencik"",""fr"":""Allemand"",""ja"":""ゲルメンシック"",""it"":""Germencik"",""zh-CN"":""格尔门奇克"",""tr"":""Germencik"",""ru"":""Герменчик"",""uk"":""Герменчик"",""pl"":""Germencik"",""hi"":""जर्मेनिक"",""ar"":""جيرمنسيك""}",2019-10-06T10:31:16,2025-12-02T14:39:31,1,Q963493
107670,Gevaş,2152,65,225,TR,adm2,,,38.29210000,43.10189000,Gevaş,11879,Europe/Istanbul,"{""br"":""Gevaş"",""ko"":""게바스"",""pt-BR"":""Gevaş"",""pt"":""Gevaş"",""nl"":""Gevaş"",""hr"":""Gevaš"",""fa"":""گواش"",""de"":""Gevaş"",""es"":""Gevaş"",""fr"":""Gevaş"",""ja"":""ゲヴァシュ"",""it"":""Gevaş"",""zh-CN"":""盖瓦什"",""tr"":""Gevaş"",""ru"":""Геваш"",""uk"":""Геваш"",""pl"":""Gevaş"",""hi"":""गेवास"",""ar"":""جيفاش""}",2019-10-06T10:31:16,2025-12-02T14:39:31,1,Q1004448
107673,Geyve,2150,54,225,TR,adm2,,,40.50750000,30.29250000,Geyve,20199,Europe/Istanbul,"{""br"":""Geyve"",""ko"":""게이브"",""pt-BR"":""Geyve"",""pt"":""Geyve"",""nl"":""Geyve"",""hr"":""Geyve"",""fa"":""گیو"",""de"":""Geyve"",""es"":""Geyve"",""fr"":""Geyve"",""ja"":""ゲイヴ"",""it"":""Geyve"",""zh-CN"":""盖夫"",""tr"":""Geyve"",""ru"":""Гейве"",""uk"":""Гейве"",""pl"":""Geyve"",""hi"":""गेवे"",""ar"":""جيف""}",2019-10-06T10:31:16,2025-12-02T14:39:31,1,Q5554985
107681,Göksun,2227,46,225,TR,adm2,,,38.02096000,36.49730000,Göksun,34243,Europe/Istanbul,"{""br"":""Göksun"",""ko"":""괴크순"",""pt-BR"":""Göksun"",""pt"":""Göksun"",""nl"":""Göksun"",""hr"":""Göksun"",""fa"":""گوکسون"",""de"":""Göksun"",""es"":""Göksun"",""fr"":""Göksun"",""ja"":""ゴクスン"",""it"":""Göksun"",""zh-CN"":""格克松"",""tr"":""Göksun"",""ru"":""Гёксун"",""uk"":""Гьоксун"",""pl"":""Göksun"",""hi"":""गोक्सुन"",""ar"":""جوكسون""}",2019-10-06T10:31:16,2025-12-02T14:39:31,1,Q2218396
107683,Gökçeada,2216,17,225,TR,city,,,40.16523000,25.85907000,Gökçeada,11145,Europe/Istanbul,"{""br"":""Gökçeada"",""ko"":""괴크체아다"",""pt-BR"":""Gökçeada"",""pt"":""Gökçeada"",""nl"":""Gökçeada"",""hr"":""Gökçeada"",""fa"":""گوکچه‌آدا"",""de"":""Gökçeada"",""es"":""Gökçeada"",""fr"":""Gökçeada"",""ja"":""ギョクチェアダ"",""it"":""Gökçeada"",""zh-CN"":""格克切阿达"",""tr"":""Gökçeada"",""ru"":""Гёкчеада"",""uk"":""Гьокчеада"",""pl"":""Gökçeada"",""hi"":""गोकेदा"",""ar"":""جوكتشايدا""}",2019-10-06T10:31:16,2025-12-02T16:59:27,1,Q939677
107684,Gökçebey,2213,67,225,TR,adm2,,,41.31339000,32.14981000,Gökçebey,21655,Europe/Istanbul,"{""br"":""Gökçebey"",""ko"":""괴크체베이"",""pt-BR"":""Gökçebey"",""pt"":""Gökçebey"",""nl"":""Gökçebey"",""hr"":""Gökçebey"",""fa"":""گوکچه‌بی"",""de"":""Gökçebey"",""es"":""Gökçebey"",""fr"":""Gökçebey"",""ja"":""ギョクチェベイ"",""it"":""Gökçebey"",""zh-CN"":""格克切贝伊"",""tr"":""Gökçebey"",""ru"":""Гёкчебей"",""uk"":""Гьокчебей"",""pl"":""Gökçebey"",""hi"":""गोकेबे"",""ar"":""جوكتشيبي""}",2019-10-06T10:31:16,2025-12-02T17:11:50,1,Q1014093
107687,Gölbaşı,2217,06,225,TR,adm2,,,39.79043000,32.80903000,Gölbaşı,0,Europe/Istanbul,"{""br"":""Gölbaşı"",""ko"":""골바시"",""pt-BR"":""Gölbaşı"",""pt"":""Gölbaşı"",""nl"":""Gölbaşı"",""hr"":""Gölbaşi"",""fa"":""گولباشی"",""de"":""Gölbaşı"",""es"":""Gölbaşı"",""fr"":""Gölbaşı"",""ja"":""ゴルバシュ"",""it"":""Gölbaşı"",""zh-CN"":""戈尔巴希"",""tr"":""Gölbaşı"",""ru"":""Гёльбаши"",""uk"":""Гьольбаші"",""pl"":""Gölbaşı"",""hi"":""गोल्बासी"",""ar"":""جولباشي""}",2019-10-06T10:31:16,2025-12-02T14:39:31,1,Q1020643
107688,Gölbaşı,2155,02,225,TR,adm2,,,37.78361000,37.63667000,Gölbaşı,28078,Europe/Istanbul,"{""br"":""Gölbaşı"",""ko"":""골바시"",""pt-BR"":""Gölbaşı"",""pt"":""Gölbaşı"",""nl"":""Gölbaşı"",""hr"":""Gölbaşi"",""fa"":""گولباشی"",""de"":""Gölbaşı"",""es"":""Gölbaşı"",""fr"":""Gölbaşı"",""ja"":""ゴルバシュ"",""it"":""Gölbaşı"",""zh-CN"":""戈尔巴希"",""tr"":""Gölbaşı"",""ru"":""Гёльбаши"",""uk"":""Гьольбаші"",""pl"":""Gölbaşı"",""hi"":""गोल्बासी"",""ar"":""جولباشي""}",2019-10-06T10:31:16,2025-12-02T14:39:31,1,Q1020643
107690,Gölcük,2195,41,225,TR,city,,,40.70323000,29.87216000,Gölcük,38,Europe/Istanbul,"{""br"":""Gölcük"",""ko"":""골취크"",""pt-BR"":""Gölcük"",""pt"":""Gölcük"",""nl"":""Gölcük"",""hr"":""Gölcük"",""fa"":""گولجوک"",""de"":""Gölcük"",""es"":""Gölcük"",""fr"":""Gölcük"",""ja"":""ギョルジュク"",""it"":""Gölcük"",""zh-CN"":""格尔居克"",""tr"":""Gölcük"",""ru"":""Гёльджюк"",""uk"":""Гьольчук"",""pl"":""Gölcük"",""hi"":""गोलकुक"",""ar"":""جولجوك""}",2019-10-06T10:31:16,2025-12-02T17:11:50,1,Q1020643
107692,Göle,2185,75,225,TR,adm2,,,40.78746000,42.60603000,Göle,11943,Europe/Istanbul,"{""br"":""Göle"",""ko"":""골레"",""pt-BR"":""Göle"",""pt"":""Göle"",""nl"":""Göle"",""hr"":""Göle"",""fa"":""گوله"",""de"":""Göle"",""es"":""Göle"",""fr"":""Göle"",""ja"":""ゴレ"",""it"":""Göle"",""zh-CN"":""戈勒"",""tr"":""Göle"",""ru"":""Гёле"",""uk"":""Ґьоле"",""pl"":""Göle"",""hi"":""गोले"",""ar"":""جول""}",2019-10-06T10:31:16,2025-12-02T14:39:31,1,Q1020643
107695,Gölhisar,2209,15,225,TR,adm2,,,37.14590000,29.50876000,Gölhisar,12721,Europe/Istanbul,"{""br"":""Gölhisar"",""ko"":""골히사르"",""pt-BR"":""Gölhisar"",""pt"":""Gölhisar"",""nl"":""Gölhisar"",""hr"":""Gölhisar"",""fa"":""گول‌حیصار"",""de"":""Gölhisar"",""es"":""Gölhisar"",""fr"":""Gölhisar"",""ja"":""ゴルヒサール"",""it"":""Gölhisar"",""zh-CN"":""格尔希萨尔"",""tr"":""Gölhisar"",""ru"":""Гёльхисар"",""uk"":""Гьольхісар"",""pl"":""Gölhisar"",""hi"":""गोल्हिसर"",""ar"":""غولحصار""}",2019-10-06T10:31:16,2025-12-02T14:39:31,1,Q1614572
107697,Gölköy,2174,52,225,TR,adm2,,,40.68726000,37.61660000,Gölköy,0,Europe/Istanbul,"{""br"":""Gölköy"",""ko"":""골코이"",""pt-BR"":""Gölköy"",""pt"":""Gölköy"",""nl"":""Gölköy"",""hr"":""Gölköy"",""fa"":""گولکوی"",""de"":""Gölköy"",""es"":""Gölköy"",""fr"":""Gölköy"",""ja"":""ゴルキョイ"",""it"":""Gölköy"",""zh-CN"":""格尔科伊"",""tr"":""Gölköy"",""ru"":""Гёлькёй"",""uk"":""Гьолькей"",""pl"":""Gölköy"",""hi"":""गोल्कोय"",""ar"":""غولكويه""}",2019-10-06T10:31:16,2025-12-02T14:39:31,1,Q1948371
107698,Gölmarmara,2198,45,225,TR,adm2,,,38.71389000,27.91417000,Gölmarmara,15247,Europe/Istanbul,"{""br"":""Gölmarmara"",""ko"":""골마마라"",""pt-BR"":""Gölmarmara"",""pt"":""Gölmarmara"",""nl"":""Gölmarmara"",""hr"":""Gölmarmara"",""fa"":""گولمارارا"",""de"":""Gölmarmara"",""es"":""Gölmarmara"",""fr"":""Gölmarmara"",""ja"":""ゴルマルマラ"",""it"":""Gölmarmara"",""zh-CN"":""格尔玛马拉"",""tr"":""Gölmarmara"",""ru"":""Гёльмармара"",""uk"":""Гьольмармара"",""pl"":""Gölmarmara"",""hi"":""गोल्मारमारा"",""ar"":""جولمارمارا""}",2019-10-06T10:31:16,2025-12-02T14:38:56,1,Q1948371
107700,Gölova,2181,58,225,TR,adm2,,,40.06194000,38.60667000,Gölova,4809,Europe/Istanbul,"{""br"":""Gölova"",""ko"":""골로바"",""pt-BR"":""Gölova"",""pt"":""Gölova"",""nl"":""Gölova"",""hr"":""Gölova"",""fa"":""گولووا"",""de"":""Gölova"",""es"":""Gölova"",""fr"":""Gölova"",""ja"":""ゴロヴァ"",""it"":""Gölova"",""zh-CN"":""戈洛娃"",""tr"":""Gölova"",""ru"":""Гёлова"",""uk"":""Ґьолова"",""pl"":""Gölova"",""hi"":""golova"",""ar"":""جولوفا""}",2019-10-06T10:31:16,2025-12-02T14:39:31,1,Q2551174
107702,Gölpazarı,2221,11,225,TR,adm2,,,40.28472000,30.31722000,Gölpazarı,7406,Europe/Istanbul,"{""br"":""Gölpazarı"",""ko"":""골파자르"",""pt-BR"":""Gölpazarı"",""pt"":""Gölpazarı"",""nl"":""Gölpazarı"",""hr"":""Gölpazarı"",""fa"":""گلپازاری"",""de"":""Gölpazarı"",""es"":""Gölpazarı"",""fr"":""Gölpazarı"",""ja"":""ゴルパザル"",""it"":""Gölpazarı"",""zh-CN"":""格帕扎勒"",""tr"":""Gölpazarı"",""ru"":""Гёльпазары"",""uk"":""Гьольпазари"",""pl"":""Gölpazarı"",""hi"":""Gölpazari"",""ar"":""جولبازاري""}",2019-10-06T10:31:16,2025-12-02T14:39:31,1,Q1258883
107704,Gölyaka,2202,81,225,TR,adm2,,,40.78644000,31.00276000,Gölyaka,20353,Europe/Istanbul,"{""br"":""Gölyaka"",""ko"":""골리아카"",""pt-BR"":""Gölyaka"",""pt"":""Gölyaka"",""nl"":""Gölyaka"",""hr"":""Gölyaka"",""fa"":""گولیاکا"",""de"":""Gölyaka"",""es"":""Gölyaka"",""fr"":""Gölyaka"",""ja"":""ゴリャカ"",""it"":""Gölyaka"",""zh-CN"":""戈利亚卡"",""tr"":""Gölyaka"",""ru"":""Гёльяка"",""uk"":""Гьольяка"",""pl"":""Gölyaka"",""hi"":""गोल्याका"",""ar"":""جولياكا""}",2019-10-06T10:31:16,2025-12-02T17:11:50,1,Q2901102
107705,Gömeç,2175,10,225,TR,adm2,,,39.39016000,26.84127000,Gömeç,4380,Europe/Istanbul,"{""br"":""Gömeç"",""ko"":""괴메스"",""pt-BR"":""Gomeç"",""pt"":""Gomeç"",""nl"":""Gömeç"",""hr"":""Gömeç"",""fa"":""گومچ"",""de"":""Gömeç"",""es"":""Gömeç"",""fr"":""Gömeç"",""ja"":""ゴメチ"",""it"":""Gömeç"",""zh-CN"":""戈麦斯"",""tr"":""Gömeç"",""ru"":""Гёмеч"",""uk"":""Гьомеч"",""pl"":""Gömeç"",""hi"":""गोमेक"",""ar"":""غوميش""}",2019-10-06T10:31:16,2025-12-02T14:39:31,1,Q2901102
107707,Gönen,2222,32,225,TR,adm2,,,37.95639000,30.51140000,Gönen,14137,Europe/Istanbul,"{""br"":""Gönen"",""ko"":""고넨"",""pt-BR"":""Gonen"",""pt"":""Gonen"",""nl"":""Gönen"",""hr"":""Gönen"",""fa"":""گونن"",""de"":""Gönen"",""es"":""Gönen"",""fr"":""Gönen"",""ja"":""ゴーネン"",""it"":""Gönen"",""zh-CN"":""格南"",""tr"":""Gönen"",""ru"":""Гёнен"",""uk"":""Ґьонен"",""pl"":""Gönen"",""hi"":""गोनेन"",""ar"":""جونين""}",2019-10-06T10:31:16,2025-12-02T14:39:31,1,Q1559368
107708,Gönen,2175,10,225,TR,adm2,,,40.10490000,27.65399000,Gönen,40763,Europe/Istanbul,"{""br"":""Gönen"",""ko"":""고넨"",""pt-BR"":""Gonen"",""pt"":""Gonen"",""nl"":""Gönen"",""hr"":""Gönen"",""fa"":""گونن"",""de"":""Gönen"",""es"":""Gönen"",""fr"":""Gönen"",""ja"":""ゴーネン"",""it"":""Gönen"",""zh-CN"":""格南"",""tr"":""Gönen"",""ru"":""Гёнен"",""uk"":""Ґьонен"",""pl"":""Gönen"",""hi"":""गोनेन"",""ar"":""جونين""}",2019-10-06T10:31:16,2025-12-02T14:39:31,1,Q1559368
107711,Gördes,2198,45,225,TR,adm2,,,38.93278000,28.28942000,Gördes,11168,Europe/Istanbul,"{""br"":""Gördes"",""ko"":""괴르데스"",""pt-BR"":""Gördes"",""pt"":""Gördes"",""nl"":""Gördes"",""hr"":""Gördes"",""fa"":""گوردس"",""de"":""Gördes"",""es"":""Gördes"",""fr"":""Gördes"",""ja"":""ゴルデス"",""it"":""Gördes"",""zh-CN"":""戈尔德斯"",""tr"":""Gördes"",""ru"":""Гёрдес"",""uk"":""Гьордес"",""pl"":""Gördes"",""hi"":""गोर्डेस"",""ar"":""جورديس""}",2019-10-06T10:31:16,2025-12-02T14:39:31,1,Q1559368
107713,Görele,2186,28,225,TR,adm2,,,41.03083000,39.00306000,Görele,33510,Europe/Istanbul,"{""br"":""Görele"",""ko"":""괴렐레"",""pt-BR"":""Görele"",""pt"":""Görele"",""nl"":""Görele"",""hr"":""Görele"",""fa"":""گورله"",""de"":""Görele"",""es"":""Görele"",""fr"":""Görele"",""ja"":""ゴレレ"",""it"":""Görele"",""zh-CN"":""戈雷莱"",""tr"":""Görele"",""ru"":""Гёреле"",""uk"":""Гереле"",""pl"":""Görele"",""hi"":""इस्तांबुल में"",""ar"":""جوريل""}",2019-10-06T10:31:16,2025-12-02T14:38:56,1,Q1827015
107716,Göynücek,2161,05,225,TR,adm2,,,40.39917000,35.52500000,Göynücek,2796,Europe/Istanbul,"{""br"":""Göynücek"",""ko"":""괴이뉘체크"",""pt-BR"":""Göynücek"",""pt"":""Göynücek"",""nl"":""Göynücek"",""hr"":""Göynücek"",""fa"":""گوینوجک"",""de"":""Göynücek"",""es"":""Göynücek"",""fr"":""Göynücek"",""ja"":""ギョイニュジェク"",""it"":""Göynücek"",""zh-CN"":""格伊努切克"",""tr"":""Göynücek"",""ru"":""Гёйнючек"",""uk"":""Гейнючек"",""pl"":""Göynücek"",""hi"":""गोयनुसेक"",""ar"":""غوينوتشيك""}",2019-10-06T10:31:16,2025-12-02T14:39:31,1,Q6710593
107719,Göynük,2172,14,225,TR,adm2,,,40.40028000,30.78833000,Göynük,5600,Europe/Istanbul,"{""br"":""Göynük"",""ko"":""괴이뉘크"",""pt-BR"":""Göynük"",""pt"":""Göynük"",""nl"":""Göynük"",""hr"":""Göynük"",""fa"":""گوینوک"",""de"":""Göynük"",""es"":""Göynük"",""fr"":""Göynük"",""ja"":""ギョイヌク"",""it"":""Göynük"",""zh-CN"":""格伊努克"",""tr"":""Göynük"",""ru"":""Гёйнюк"",""uk"":""Гейнюк"",""pl"":""Göynük"",""hi"":""गोयनुक"",""ar"":""جوينوك""}",2019-10-06T10:31:17,2025-12-02T14:39:31,1,Q2670770
107724,Güce,2186,28,225,TR,adm2,,,40.89368000,38.80855000,Güce,7809,Europe/Istanbul,"{""br"":""Güce"",""ko"":""구세"",""pt-BR"":""Güce"",""pt"":""Güce"",""nl"":""Güce"",""hr"":""Güce"",""fa"":""گوجه"",""de"":""Güce"",""es"":""Güce"",""fr"":""Güce"",""ja"":""グチェ"",""it"":""Güce"",""zh-CN"":""居采"",""tr"":""Güce"",""ru"":""Гюдже"",""uk"":""Гюдже"",""pl"":""Güce"",""hi"":""गस"",""ar"":""جوسي""}",2019-10-06T10:31:17,2025-12-02T17:11:50,1,Q2671163
107725,Güdül,2217,06,225,TR,city,,,40.21051000,32.24552000,Güdül,5929,Europe/Istanbul,"{""br"":""Güdül"",""ko"":""구둘"",""pt-BR"":""Güdül"",""pt"":""Güdül"",""nl"":""Güdül"",""hr"":""Güdül"",""fa"":""گودول"",""de"":""Güdül"",""es"":""Güdül"",""fr"":""Güdül"",""ja"":""ギュドゥル"",""it"":""Güdül"",""zh-CN"":""居杜尔"",""tr"":""Güdül"",""ru"":""Гюдюль"",""uk"":""Гудуль"",""pl"":""Güdül"",""hi"":""गुडुल"",""ar"":""جودول""}",2019-10-06T10:31:17,2025-12-02T14:39:31,1,Q2672756
107727,Gülağaç,2210,68,225,TR,adm2,,,38.40641000,34.35071000,Aristokrat,19158,Europe/Istanbul,"{""br"":""Gülağaç"",""ko"":""굴라가치"",""pt-BR"":""Gülağaç"",""pt"":""Gülağaç"",""nl"":""Gülağaç"",""hr"":""Gülağaç"",""fa"":""گولاگاچ"",""de"":""Gülağaç"",""es"":""Gülağaç"",""fr"":""Gülağaç"",""ja"":""グラーチ"",""it"":""Gülağaç"",""zh-CN"":""居拉阿克"",""tr"":""Gülağaç"",""ru"":""Гюлагач"",""uk"":""Гюлагач"",""pl"":""Gülağaç"",""hi"":""गुलालाक"",""ar"":""غولاغاش""}",2019-10-06T10:31:17,2025-12-02T17:11:50,1,Q1958579
107730,Gülnar,2156,33,225,TR,adm2,,,36.34148000,33.39921000,Kadırga,12385,Europe/Istanbul,"{""br"":""Gülnar"",""ko"":""굴나르"",""pt-BR"":""Gülnar"",""pt"":""Gülnar"",""nl"":""Gülnar"",""hr"":""Gülnar"",""fa"":""گولنار"",""de"":""Gülnar"",""es"":""Gülnar"",""fr"":""Gülnar"",""ja"":""ギュルナール"",""it"":""Gülnar"",""zh-CN"":""居尔纳尔"",""tr"":""Gülnar"",""ru"":""Гюльнар"",""uk"":""Гюльнар"",""pl"":""Gülnar"",""hi"":""गुलनार"",""ar"":""جولنار""}",2019-10-06T10:31:17,2025-12-02T14:39:31,1,Q1958579
107733,Gülyalı,2174,52,225,TR,adm2,,,40.96682000,38.05679000,Gülyalı,8904,Europe/Istanbul,"{""br"":""Gülyalı"",""ko"":""굴리알리"",""pt-BR"":""Gülyalı"",""pt"":""Gülyalı"",""nl"":""Gülyalı"",""hr"":""Gülyalı"",""fa"":""گولیالی"",""de"":""Gülyalı"",""es"":""Gülyalı"",""fr"":""Gülyalı"",""ja"":""ギュリヤリ"",""it"":""Gülyalı"",""zh-CN"":""古利亚勒"",""tr"":""Gülyalı"",""ru"":""Гюльялы"",""uk"":""Гюляли"",""pl"":""Gülyalı"",""hi"":""गुल्याली"",""ar"":""غوليالي""}",2019-10-06T10:31:17,2025-12-02T17:11:50,1,Q2670812
107734,Gülşehir,2196,50,225,TR,adm2,,,38.74594000,34.62524000,Gülşehir,9740,Europe/Istanbul,"{""br"":""Gülşehir"",""ko"":""굴셰히르"",""pt-BR"":""Gülşehir"",""pt"":""Gülşehir"",""nl"":""Gülşehir"",""hr"":""Gülşehir"",""fa"":""گلشهر"",""de"":""Gülşehir"",""es"":""Gülsehir"",""fr"":""Gülşehir"",""ja"":""ギュルシェヒル"",""it"":""Gülşehir"",""zh-CN"":""居尔谢希尔"",""tr"":""Gülşehir"",""ru"":""Гюльшехир"",""uk"":""Гюльшехір"",""pl"":""Gülşehir"",""hi"":""गुलशेहिर"",""ar"":""جولشهير""}",2019-10-06T10:31:17,2025-12-02T14:39:31,1,Q2670812
107737,Gümüşhacıköy,2161,05,225,TR,adm2,,,40.87306000,35.21472000,Gümüşhacıköy,14734,Europe/Istanbul,"{""br"":""Gümüşhacıköy"",""ko"":""귀무샤치쾨이"",""pt-BR"":""Gümüşhacıköy"",""pt"":""Gümüşhacıköy"",""nl"":""Gümüşhacıköy"",""hr"":""Gümüşhacıköy"",""fa"":""گوموش‌هاجی‌کوی"",""de"":""Gümüşhacıköy"",""es"":""Gümüşhacıköy"",""fr"":""Gümüşhacıköy"",""ja"":""ギュミュシュハチキョイ"",""it"":""Gümüşhacıköy"",""zh-CN"":""居米什哈茨柯伊"",""tr"":""Gümüşhacıköy"",""ru"":""Гюмюшхаджыкёй"",""uk"":""Гюмюшхаджикей"",""pl"":""Gümüşhacıköy"",""hi"":""Gümüşhacıköy"",""ar"":""Gümüşhacıköy""}",2019-10-06T10:31:17,2025-12-02T14:39:31,1,Q1003182
107739,Gümüşova,2202,81,225,TR,adm2,,,40.85640000,30.94935000,Gümüş,111,Europe/Istanbul,"{""br"":""Gümüşova"",""ko"":""귀무소바"",""pt-BR"":""Gümüşova"",""pt"":""Gümüşova"",""nl"":""Gümüşova"",""hr"":""Gümüşova"",""fa"":""گوموشووا"",""de"":""Gümüşova"",""es"":""Gümüşova"",""fr"":""Gümüşova"",""ja"":""ギュミュシュヴァ"",""it"":""Gümüşova"",""zh-CN"":""居米索娃"",""tr"":""Gümüşova"",""ru"":""Гюмюшова"",""uk"":""Гюмушова"",""pl"":""Gümüşova"",""hi"":""गुमुसोवा"",""ar"":""جوموسوفا""}",2019-10-06T10:31:17,2025-12-02T17:11:50,1,Q2671034
107740,Gündoğmuş,2169,07,225,TR,adm2,,,36.82446000,32.00679000,Gündoğmuş,226,Europe/Istanbul,"{""br"":""Gündoğmuş"",""ko"":""군도그무스"",""pt-BR"":""Gündoğmuş"",""pt"":""Gündoğmuş"",""nl"":""Gündoğmuş"",""hr"":""Gündoğmuş"",""fa"":""گوندوغموش"",""de"":""Gündoğmuş"",""es"":""Gündoğmuş"",""fr"":""Gündoğmuş"",""ja"":""ギュンドムシュ"",""it"":""Gündoğmuş"",""zh-CN"":""京多穆什"",""tr"":""Gündoğmuş"",""ru"":""Гюндогмуш"",""uk"":""Гюндогмуш"",""pl"":""Gündoğmuş"",""hi"":""गुंडोग्मुस"",""ar"":""Gündoğmuş""}",2019-10-06T10:31:17,2025-12-02T17:11:50,1,Q2671034
107742,Güney,2157,20,225,TR,adm2,,,38.16454000,29.07324000,Güney,9448,Europe/Istanbul,"{""br"":""Güney"",""ko"":""귀니"",""pt-BR"":""Güney"",""pt"":""Güney"",""nl"":""Güney"",""hr"":""Güney"",""fa"":""گونی"",""de"":""Güney"",""es"":""Güney"",""fr"":""Güney"",""ja"":""ギュネイ"",""it"":""Güney"",""zh-CN"":""居内伊"",""tr"":""Güney"",""ru"":""Гюней"",""uk"":""Гюней"",""pl"":""Güney"",""hi"":""गुनी"",""ar"":""غوني""}",2019-10-06T10:31:17,2025-12-02T17:11:50,1,Q2671034
107743,Güneysu,2219,53,225,TR,adm2,,,40.98130000,40.60465000,Güneysu,5976,Europe/Istanbul,"{""br"":""Güneysu"",""ko"":""귀네이수"",""pt-BR"":""Güneysu"",""pt"":""Güneysu"",""nl"":""Güneysu"",""hr"":""Güneysu"",""fa"":""گونیسو"",""de"":""Güneysu"",""es"":""Güneysu"",""fr"":""Güneysu"",""ja"":""ギュネス"",""it"":""Güneysu"",""zh-CN"":""居内苏"",""tr"":""Güneysu"",""ru"":""Гюнейсу"",""uk"":""Гюнейсу"",""pl"":""Güneysu"",""hi"":""गुनेसु"",""ar"":""غونيسو""}",2019-10-06T10:31:17,2025-12-02T14:39:31,1,Q2671034
107745,Güneysınır,2171,42,225,TR,adm2,,,37.27977000,32.73735000,Güneysınır,9458,Europe/Istanbul,"{""br"":""Güneysınır"",""ko"":""귀네이시니르"",""pt-BR"":""Güneysınır"",""pt"":""Güneysınır"",""nl"":""Güneysınır"",""hr"":""Güneysınır"",""fa"":""گونی‌سینیر"",""de"":""Güneysınır"",""es"":""Güneysınır"",""fr"":""Güneysınır"",""ja"":""ギュネイスニル"",""it"":""Güneysınır"",""zh-CN"":""居尼耶斯"",""tr"":""Güneysınır"",""ru"":""Гюнейсыныр"",""uk"":""Гюнейсинір"",""pl"":""Güneysınır"",""hi"":""गुनेसिनिर"",""ar"":""Güneysınır""}",2019-10-06T10:31:17,2025-12-02T17:11:50,1,Q3056013
107746,Güngören,2170,34,225,TR,section,,,41.01787000,28.87882000,Güngören,282692,Europe/Istanbul,"{""br"":""Güngören"",""ko"":""궁고렌"",""pt-BR"":""Güngören"",""pt"":""Güngören"",""nl"":""Güngören"",""hr"":""Güngören"",""fa"":""گونگورن"",""de"":""Güngören"",""es"":""Güngören"",""fr"":""Güngören"",""ja"":""ギュンゴレン"",""it"":""Güngören"",""zh-CN"":""贡戈伦"",""tr"":""Güngören"",""ru"":""Гюнгёрен"",""uk"":""Гюнґерен"",""pl"":""Güngören"",""hi"":""गुंगोरेन"",""ar"":""غونغورين""}",2019-10-06T10:31:17,2025-12-02T17:11:50,1,Q932166
107748,Günyüzü,2164,26,225,TR,adm2,,,39.39410000,31.81400000,Günyüzü,6127,Europe/Istanbul,"{""br"":""Günyüzü"",""ko"":""Günyüzü"",""pt-BR"":""Günyüzü"",""pt"":""Günyüzü"",""nl"":""Günyüzü"",""hr"":""Günyüzü"",""fa"":""گونیوزو"",""de"":""Günyüzü"",""es"":""Günyüzü"",""fr"":""Günyüzü"",""ja"":""ギュニュズ"",""it"":""Günyüzü"",""zh-CN"":""古纽祖"",""tr"":""Günyüzü"",""ru"":""Гюньюзю"",""uk"":""Гюнюзю"",""pl"":""Günyüzü"",""hi"":""गुन्युज़ु"",""ar"":""غونيوزو""}",2019-10-06T10:31:18,2025-12-02T17:11:50,1,Q1919824
107749,Gürgentepe,2174,52,225,TR,adm2,,,40.78567000,37.58969000,Gürgentepe,16929,Europe/Istanbul,"{""br"":""Gürgentepe"",""ko"":""귀르겐테페"",""pt-BR"":""Gürgentepe"",""pt"":""Gürgentepe"",""nl"":""Gürgentepe"",""hr"":""Gürgentepe"",""fa"":""گورگنتپه"",""de"":""Gürgentepe"",""es"":""Gürgentepe"",""fr"":""Gürgentepe"",""ja"":""ギュルゲンテペ"",""it"":""Gürgentepe"",""zh-CN"":""居尔根特佩"",""tr"":""Gürgentepe"",""ru"":""Гюргентепе"",""uk"":""Гюргентепе"",""pl"":""Gürgentepe"",""hi"":""गुर्जेंटेपे"",""ar"":""غورجنتيبي""}",2019-10-06T10:31:18,2025-12-02T17:11:50,1,Q1919824
107751,Güroymak,2215,13,225,TR,adm2,,,38.57580000,42.01558000,Güroymak,25826,Europe/Istanbul,"{""br"":""Güroymak"",""ko"":""귀로이막"",""pt-BR"":""Güroymak"",""pt"":""Güroymak"",""nl"":""Güroymak"",""hr"":""Güroymak"",""fa"":""گوریماک"",""de"":""Güroymak"",""es"":""Güroymak"",""fr"":""Güroymak"",""ja"":""ギュロイマク"",""it"":""Güroymak"",""zh-CN"":""居罗伊马克"",""tr"":""Güroymak"",""ru"":""Гюроймак"",""uk"":""Гюроймак"",""pl"":""Güroymak"",""hi"":""गुरोयमक"",""ar"":""جورويماك""}",2019-10-06T10:31:18,2025-12-02T14:39:31,1,Q1023310
107753,Gürpınar,2152,65,225,TR,adm2,,,38.32372000,43.40991000,Gürpınar,0,Europe/Istanbul,"{""br"":""Gürpınar"",""ko"":""구르피나르"",""pt-BR"":""Gürpinar"",""pt"":""Gürpinar"",""nl"":""Gürpınar"",""hr"":""Gürpınar"",""fa"":""گورپینار"",""de"":""Gürpınar"",""es"":""Gürpinar"",""fr"":""Gürpinar"",""ja"":""ギュルピナル"",""it"":""Gürpınar"",""zh-CN"":""居尔皮纳尔"",""tr"":""Gürpınar"",""ru"":""Гюрпынар"",""uk"":""Гюрпинар"",""pl"":""Gürpınar"",""hi"":""गुरपिनार"",""ar"":""جوربينار""}",2019-10-06T10:31:18,2025-12-02T14:39:31,1,Q1562063
107756,Gürsu,2163,16,225,TR,adm2,,,40.25498000,29.21183000,Gürsu,36185,Europe/Istanbul,"{""br"":""Gürsu"",""ko"":""귀르수"",""pt-BR"":""Gürsu"",""pt"":""Gürsu"",""nl"":""Gürsu"",""hr"":""Gürsu"",""fa"":""گورسو"",""de"":""Gürsu"",""es"":""Gürsu"",""fr"":""Gürsu"",""ja"":""ギュルス"",""it"":""Gürsu"",""zh-CN"":""居尔苏"",""tr"":""Gürsu"",""ru"":""Гюрсу"",""uk"":""Гюрсу"",""pl"":""Gürsu"",""hi"":""गुरसु"",""ar"":""غورسو""}",2019-10-06T10:31:18,2025-12-02T14:39:31,1,Q2384475
107757,Gürün,2181,58,225,TR,adm2,,,38.72225000,37.27097000,Gürün,12715,Europe/Istanbul,"{""br"":""Gürün"",""ko"":""귀룬"",""pt-BR"":""Gürün"",""pt"":""Gürün"",""nl"":""Gürün"",""hr"":""Gürün"",""fa"":""گورون"",""de"":""Gürün"",""es"":""Gürün"",""fr"":""Gürün"",""ja"":""ギュルン"",""it"":""Gürün"",""zh-CN"":""居伦"",""tr"":""Gürün"",""ru"":""Гюрюн"",""uk"":""Гюрюн"",""pl"":""Gürün"",""hi"":""गुरुन"",""ar"":""جورون""}",2019-10-06T10:31:18,2025-12-02T14:39:31,1,Q2384475
107760,Güzelbahçe,2205,35,225,TR,city,,,38.37046000,26.86930000,Güzelbahçe,38044,Europe/Istanbul,"{""br"":""Güzelbahçe"",""ko"":""귀젤바흐체"",""pt-BR"":""Güzelbahçe"",""pt"":""Güzelbahçe"",""nl"":""Güzelbahçe"",""hr"":""Güzelbahçe"",""fa"":""گوزل‌باغچه"",""de"":""Güzelbahçe"",""es"":""Güzelbahçe"",""fr"":""Güzelbahçe"",""ja"":""ギュゼルバフチェ"",""it"":""Güzelbahçe"",""zh-CN"":""居泽尔巴切"",""tr"":""Güzelbahçe"",""ru"":""Гюзельбахче"",""uk"":""Гюзельбахче"",""pl"":""Güzelbahçe"",""hi"":""गुज़ेलबाचे"",""ar"":""غوزيلباهتشه""}",2019-10-06T10:31:18,2025-12-02T16:59:27,1,Q1562333
107761,Güzelyurt,2210,68,225,TR,adm2,,,38.27722000,34.37194000,Güzelyurt,3748,Europe/Istanbul,"{""br"":""Güzelyurt"",""ko"":""귀젤류르트"",""pt-BR"":""Güzelyurt"",""pt"":""Güzelyurt"",""nl"":""Güzelyurt"",""hr"":""Güzelyurt"",""fa"":""گوزل‌یورت"",""de"":""Güzelyurt"",""es"":""Güzelyurt"",""fr"":""Güzelyurt"",""ja"":""ギュゼルユルト"",""it"":""Güzelyurt"",""zh-CN"":""居泽尤尔特"",""tr"":""Güzelyurt"",""ru"":""Гюзельюрт"",""uk"":""Гюзельюрт"",""pl"":""Güzelyurt"",""hi"":""गुज़ेल्युर्ट"",""ar"":""غوزاليورت""}",2019-10-06T10:31:18,2025-12-02T14:39:31,1,Q1562333
107763,Güçlükonak,2225,73,225,TR,adm2,,,37.47133000,41.91298000,Güçlükonak,13091,Europe/Istanbul,"{""br"":""Güçlükonak"",""ko"":""귀츨루코낙"",""pt-BR"":""Güçlükonak"",""pt"":""Güçlükonak"",""nl"":""Güçlükonak"",""hr"":""Güçlükonak"",""fa"":""گوچلوکوناک"",""de"":""Güçlükonak"",""es"":""Güçlükonak"",""fr"":""Güçlükonak"",""ja"":""ギュチュルコナック"",""it"":""Güçlükonak"",""zh-CN"":""居克吕科纳克"",""tr"":""Güçlükonak"",""ru"":""Гючлюконак"",""uk"":""Гючлюконак"",""pl"":""Güçlükonak"",""hi"":""गुक्लुकोनाक"",""ar"":""جوتشلوكوناك""}",2019-10-06T10:31:18,2025-12-02T17:11:50,1,Q1027277
107765,Hacıbektaş,2196,50,225,TR,adm2,,,38.94077000,34.55770000,Hacıbektaş,6873,Europe/Istanbul,"{""br"":""Hacıbektaş"",""ko"":""하치벡타스"",""pt-BR"":""Hacıbektaş"",""pt"":""Hacıbektaş"",""nl"":""Hacıbektaş"",""hr"":""Hacıbektaš"",""fa"":""حاجی‌بکتاش"",""de"":""Hacıbektaş"",""es"":""Hacıbektaş"",""fr"":""Hacıbektaş"",""ja"":""ハチベクタシュ"",""it"":""Hacıbektaş"",""zh-CN"":""哈吉贝克塔什"",""tr"":""Hacıbektaş"",""ru"":""Хаджибекташ"",""uk"":""Хаджибекташ"",""pl"":""Hacıbektaş"",""hi"":""हसीबेकतास"",""ar"":""هاجيبكتاش""}",2019-10-06T10:31:18,2025-12-02T14:39:31,1,Q1027277
107767,Hacılar,2200,38,225,TR,adm2,,,38.64631000,35.44937000,Hacılar,21167,Europe/Istanbul,"{""br"":""Hacılar"",""ko"":""하츨라르"",""pt-BR"":""Hacilar"",""pt"":""Hacilar"",""nl"":""Hacılar"",""hr"":""Hacılar"",""fa"":""حاجیلار"",""de"":""Hacılar"",""es"":""Hacılar"",""fr"":""Hacılar"",""ja"":""ハチラール"",""it"":""Hacılar"",""zh-CN"":""哈奇拉尔"",""tr"":""Hacılar"",""ru"":""Хаджилар"",""uk"":""Хаджилар"",""pl"":""Hacılar"",""hi"":""हसीलर"",""ar"":""هاجيلار""}",2019-10-06T10:31:18,2025-12-02T14:39:31,1,Q736588
107770,Hadim,2171,42,225,TR,adm2,,,36.98776000,32.45674000,Hadim,20110,Europe/Istanbul,"{""br"":""Hadim"",""ko"":""하딤"",""pt-BR"":""Hadim"",""pt"":""Hadim"",""nl"":""Hadim"",""hr"":""Hadim"",""fa"":""هادیم"",""de"":""Hadim"",""es"":""Hadim"",""fr"":""Hadim"",""ja"":""ハディム"",""it"":""Hadim"",""zh-CN"":""哈迪姆"",""tr"":""Hadim"",""ru"":""Хадим"",""uk"":""Хадім"",""pl"":""Hadim"",""hi"":""हदीम"",""ar"":""هاديم""}",2019-10-06T10:31:18,2025-12-02T14:39:31,1,Q785077
107772,Hafik,2181,58,225,TR,adm2,,,39.85639000,37.38639000,Hafik,3462,Europe/Istanbul,"{""br"":""Hafik"",""ko"":""하피크"",""pt-BR"":""Háfik"",""pt"":""Háfik"",""nl"":""Hafik"",""hr"":""Hafik"",""fa"":""هافیک"",""de"":""Hafik"",""es"":""Hafik"",""fr"":""Hafik"",""ja"":""ハフィク"",""it"":""Hafik"",""zh-CN"":""哈菲克"",""tr"":""Hafik"",""ru"":""Хафик"",""uk"":""Хафік"",""pl"":""Hafik"",""hi"":""हाफिक"",""ar"":""حافظ""}",2019-10-06T10:31:19,2025-12-02T14:39:31,1,Q349498
107774,Merkez,2190,30,225,TR,adm1,,,37.57444000,43.74083000,Merkez,77699,Europe/Istanbul,"{""br"":""Merkez"",""ko"":""메르케즈"",""pt-BR"":""Merkez"",""pt"":""Merkez"",""nl"":""Merkez"",""hr"":""Merkez"",""fa"":""مرکز"",""de"":""Merkez"",""es"":""Merkez"",""fr"":""Merkez"",""ja"":""メルケス"",""it"":""Merkez"",""zh-CN"":""梅尔克兹"",""tr"":""Merkez"",""ru"":""Меркез"",""uk"":""Меркез"",""pl"":""Merkez"",""hi"":""मर्केज़"",""ar"":""مركز""}",2019-10-06T10:31:19,2025-12-02T14:39:31,1,Q206895
107775,Halfeti,2183,63,225,TR,adm2,,,37.24529000,37.86874000,Halfeti,3261,Europe/Istanbul,"{""br"":""Halfeti"",""ko"":""할페티"",""pt-BR"":""Halfeti"",""pt"":""Halfeti"",""nl"":""Halfeti"",""hr"":""Halfeti"",""fa"":""هالفتی"",""de"":""Halfeti"",""es"":""Halfeti"",""fr"":""Halfeti"",""ja"":""ハルフェティ"",""it"":""Halfeti"",""zh-CN"":""哈尔费蒂"",""tr"":""Halfeti"",""ru"":""Халфети"",""uk"":""Халфеті"",""pl"":""Halfeti"",""hi"":""हलफ़ेटी"",""ar"":""هالفيتي""}",2019-10-06T10:31:19,2025-12-02T14:39:31,1,Q206895
107777,Haliliye,2183,63,225,TR,adm2,,,37.14144000,38.79599000,Haliliye,376251,Europe/Istanbul,"{""br"":""Haliliye"",""ko"":""할릴리예"",""pt-BR"":""Haliliye"",""pt"":""Haliliye"",""nl"":""Haliliye"",""hr"":""Haliliye"",""fa"":""هلیله"",""de"":""Haliliye"",""es"":""Haliliye"",""fr"":""Haliliye"",""ja"":""ハリリエ"",""it"":""Haliliye"",""zh-CN"":""哈利利耶"",""tr"":""Haliliye"",""ru"":""Халилие"",""uk"":""Халіліє"",""pl"":""Haliliye"",""hi"":""हलिलिये"",""ar"":""حليلية""}",2019-10-06T10:31:19,2025-12-02T17:11:50,1,Q16841546
107778,Halkapınar,2171,42,225,TR,adm2,,,37.43394000,34.18743000,Halkapınar,2101,Europe/Istanbul,"{""br"":""Halkapınar"",""ko"":""할카피나르"",""pt-BR"":""Halkapinar"",""pt"":""Halkapinar"",""nl"":""Halkapınar"",""hr"":""Halkapınar"",""fa"":""حالکاپینار"",""de"":""Halkapınar"",""es"":""Halkapınar"",""fr"":""Halkapinar"",""ja"":""ハルカプナル"",""it"":""Halkapınar"",""zh-CN"":""哈尔卡皮纳尔"",""tr"":""Halkapınar"",""ru"":""Халкапынар"",""uk"":""Халкапинар"",""pl"":""Halkapınar"",""hi"":""हल्कापिनार"",""ar"":""هالكابينار""}",2019-10-06T10:31:19,2025-12-02T14:39:31,1,Q3123561
107781,Hamamözü,2161,05,225,TR,adm2,,,40.79539000,35.03367000,Hamamözü,3567,Europe/Istanbul,"{""br"":""Hamamözü"",""ko"":""하마모주"",""pt-BR"":""Hamamözü"",""pt"":""Hamamözü"",""nl"":""Hamamözü"",""hr"":""Hamamözü"",""fa"":""هاماموز"",""de"":""Hamamözü"",""es"":""Hamamözü"",""fr"":""Hamamözü"",""ja"":""ハマモズ"",""it"":""Hamamözü"",""zh-CN"":""哈马莫祖"",""tr"":""Hamamözü"",""ru"":""Хамамёзю"",""uk"":""Хамамезю"",""pl"":""Hamamözü"",""hi"":""हमामोज़ु"",""ar"":""حمام أوزو""}",2019-10-06T10:31:19,2025-12-02T17:11:50,1,Q2670691
107783,Hamur,2193,04,225,TR,adm2,,,39.60561000,42.98500000,Hamur,4233,Europe/Istanbul,"{""br"":""Hamur"",""ko"":""하무르"",""pt-BR"":""Hamur"",""pt"":""Hamur"",""nl"":""Hamur"",""hr"":""Hamur"",""fa"":""هامور"",""de"":""Hamur"",""es"":""Hamur"",""fr"":""Hamur"",""ja"":""ハムール"",""it"":""Hamur"",""zh-CN"":""哈穆尔"",""tr"":""Hamur"",""ru"":""Хамур"",""uk"":""Хамур"",""pl"":""Hamur"",""hi"":""हमुर"",""ar"":""هامور""}",2019-10-06T10:31:19,2025-12-02T14:39:31,1,Q4821124
107786,Han,2164,26,225,TR,adm2,,,39.15917000,30.86139000,O,0,Europe/Istanbul,"{""br"":""Han"",""ko"":""한"",""pt-BR"":""Han"",""pt"":""Han"",""nl"":""Han"",""hr"":""Han"",""fa"":""هان"",""de"":""Han"",""es"":""Han"",""fr"":""Han"",""ja"":""ハン"",""it"":""Han"",""zh-CN"":""韩"",""tr"":""Han"",""ru"":""Хан"",""uk"":""Хан"",""pl"":""Han"",""hi"":""हान"",""ar"":""هان""}",2019-10-06T10:31:19,2025-12-02T14:39:31,1,Q2417071
107788,Hanak,2185,75,225,TR,adm2,,,41.23344000,42.84037000,Ben değilim,5122,Europe/Istanbul,"{""br"":""Hanak"",""ko"":""하낙"",""pt-BR"":""Hanak"",""pt"":""Hanak"",""nl"":""Hanak"",""hr"":""Hanak"",""fa"":""هاناک"",""de"":""Hanak"",""es"":""Hanak"",""fr"":""Hanak"",""ja"":""ハナク"",""it"":""Hanak"",""zh-CN"":""哈纳克"",""tr"":""Hanak"",""ru"":""Ханак"",""uk"":""Ханак"",""pl"":""Hanak"",""hi"":""हनाक"",""ar"":""هاناك""}",2019-10-06T10:31:19,2025-12-02T14:39:31,1,Q2417071
107790,Hani,2226,21,225,TR,adm2,,,38.40741000,40.38578000,Hani,11055,Europe/Istanbul,"{""br"":""Hani"",""ko"":""하니"",""pt-BR"":""Hani"",""pt"":""Hani"",""nl"":""Hani"",""hr"":""Hani"",""fa"":""هانی"",""de"":""Hani"",""es"":""Hani"",""fr"":""Hani"",""ja"":""ハニ"",""it"":""Hani"",""zh-CN"":""哈尼族"",""tr"":""Hani"",""ru"":""Хани"",""uk"":""Хані"",""pl"":""Hani"",""hi"":""हानी"",""ar"":""هاني""}",2019-10-06T10:31:19,2025-12-02T14:39:31,1,Q1014299
107793,Hanönü,2197,37,225,TR,adm2,,,41.62705000,34.46667000,Hanönü,2445,Europe/Istanbul,"{""br"":""Hanönü"",""ko"":""하노뉘"",""pt-BR"":""Hanönü"",""pt"":""Hanönü"",""nl"":""Hanönü"",""hr"":""Hanönü"",""fa"":""هانونو"",""de"":""Hanönü"",""es"":""Hanönü"",""fr"":""Hanönü"",""ja"":""ハノニュ"",""it"":""Hanönü"",""zh-CN"":""哈诺努"",""tr"":""Hanönü"",""ru"":""Ханёню"",""uk"":""Ханоню"",""pl"":""Hanönü"",""hi"":""हनोनु"",""ar"":""هانونو""}",2019-10-06T10:31:19,2025-12-02T14:39:31,1,Q1014299
107795,Harmancık,2163,16,225,TR,adm2,,,39.67743000,29.15523000,Harmancık,0,Europe/Istanbul,"{""br"":""Harmancık"",""ko"":""하르만치크"",""pt-BR"":""Harmancik"",""pt"":""Harmancik"",""nl"":""Harmancık"",""hr"":""Harmancık"",""fa"":""هارمانجیک"",""de"":""Harmancık"",""es"":""Harmancık"",""fr"":""Harmancik"",""ja"":""ハルマンチク"",""it"":""Harmancık"",""zh-CN"":""哈曼奇克"",""tr"":""Harmancık"",""ru"":""Харманджик"",""uk"":""Гарманджик"",""pl"":""Harmancik"",""hi"":""हरमनसिक"",""ar"":""هارمانجيك""}",2019-10-06T10:31:19,2025-12-02T14:39:31,1,Q2671081
107796,Harran,2183,63,225,TR,adm2,,,36.86000000,39.03139000,Harran,13640,Europe/Istanbul,"{""br"":""Harran"",""ko"":""하란"",""pt-BR"":""Harran"",""pt"":""Harran"",""nl"":""Harran"",""hr"":""Harran"",""fa"":""حران"",""de"":""Harran"",""es"":""Harrán"",""fr"":""Harran"",""ja"":""ハラン"",""it"":""Harran"",""zh-CN"":""哈兰"",""tr"":""Harran"",""ru"":""Харран"",""uk"":""Харран"",""pl"":""Harran"",""hi"":""हर्रान"",""ar"":""حران""}",2019-10-06T10:31:19,2025-12-02T14:39:31,1,Q2671081
107798,Hasanbeyli,2214,80,225,TR,adm2,,,37.12838000,36.54608000,Hasanbeyy,6315,Europe/Istanbul,"{""br"":""Hasanbeyli"",""ko"":""하산벨리"",""pt-BR"":""Hasanbeyli"",""pt"":""Hasanbeyli"",""nl"":""Hasanbeyli"",""hr"":""Hasanbeyli"",""fa"":""حسنبیلی"",""de"":""Hasanbeyli"",""es"":""Hasanbeyli"",""fr"":""Hasanbeyli"",""ja"":""ハサンベイリ"",""it"":""Hasanbeyli"",""zh-CN"":""哈桑贝利"",""tr"":""Hasanbeyli"",""ru"":""Гасанбейли"",""uk"":""Хасанбейлі"",""pl"":""Hasanbeyli"",""hi"":""हसनबेली"",""ar"":""حسن بيلي""}",2019-10-06T10:31:19,2025-12-02T14:39:31,1,Q199547
107800,Hasankeyf,2194,72,225,TR,adm2,,,37.70612000,41.40480000,Hasankeyf,3676,Europe/Istanbul,"{""br"":""Hasankeyf"",""ko"":""하산키프"",""pt-BR"":""Hasankeyf"",""pt"":""Hasankeyf"",""nl"":""Hasankeyf"",""hr"":""Hasankeyf"",""fa"":""حسنکیف"",""de"":""Hasankeyf"",""es"":""Hasankeyf"",""fr"":""Hasankeyf"",""ja"":""ハサンキーフ"",""it"":""Hasankeyf"",""zh-CN"":""哈桑凯伊夫"",""tr"":""Hasankeyf"",""ru"":""Хасанкейф"",""uk"":""Хасанкейф"",""pl"":""Hasankeyf"",""hi"":""Hasankeyf"",""ar"":""حسن كيف""}",2019-10-06T10:31:19,2025-12-02T14:39:31,1,Q1023526
107802,Hasköy,2162,49,225,TR,adm3,,,38.68231000,41.67851000,Hasköy,0,Europe/Istanbul,"{""br"":""Hasköy"",""ko"":""하스코이"",""pt-BR"":""Hasköy"",""pt"":""Hasköy"",""nl"":""Hasköy"",""hr"":""Hasköy"",""fa"":""هاسکوی"",""de"":""Hasköy"",""es"":""Hasköy"",""fr"":""Hasköy"",""ja"":""ハスコイ"",""it"":""Hasköy"",""zh-CN"":""哈斯科伊"",""tr"":""Hasköy"",""ru"":""Хаскёй"",""uk"":""Хаскьой"",""pl"":""Hasköy"",""hi"":""हास्कोय"",""ar"":""هاسكوي""}",2019-10-06T10:31:19,2025-12-02T14:39:31,1,Q1011290
107804,Hassa,2211,31,225,TR,adm2,,,36.79944000,36.51778000,Hassa,9719,Europe/Istanbul,"{""br"":""Hassa"",""ko"":""하사"",""pt-BR"":""Hassa"",""pt"":""Hassa"",""nl"":""Hassa"",""hr"":""Hassa"",""fa"":""هسا"",""de"":""Hassa"",""es"":""Hassa"",""fr"":""Hassa"",""ja"":""ハッサ"",""it"":""Hassa"",""zh-CN"":""哈萨"",""tr"":""Hassa"",""ru"":""Хасса"",""uk"":""Хасса"",""pl"":""Hassa"",""hi"":""हस्सा"",""ar"":""هاسا""}",2019-10-06T10:31:19,2025-12-02T14:39:31,1,Q1003903
107806,Havran,2175,10,225,TR,adm2,,,39.55833000,27.09833000,Kuzgun,11050,Europe/Istanbul,"{""br"":""Havran"",""ko"":""하브란"",""pt-BR"":""Havran"",""pt"":""Havran"",""nl"":""Havran"",""hr"":""Havran"",""fa"":""هاوران"",""de"":""Havran"",""es"":""Havran"",""fr"":""Havran"",""ja"":""ハヴラン"",""it"":""Havran"",""zh-CN"":""哈夫兰"",""tr"":""Havran"",""ru"":""Хавран"",""uk"":""Гавран"",""pl"":""Hawran"",""hi"":""हवरान"",""ar"":""هافران""}",2019-10-06T10:31:20,2025-12-02T14:39:31,1,Q2416719
107807,Havsa,2151,22,225,TR,adm2,,,41.54898000,26.82207000,Havsa,7510,Europe/Istanbul,"{""br"":""Havsa"",""ko"":""하브사"",""pt-BR"":""Havsa"",""pt"":""Havsa"",""nl"":""Havsa"",""hr"":""Havsa"",""fa"":""هاوسا"",""de"":""Havsa"",""es"":""Havsa"",""fr"":""Havsa"",""ja"":""ハブサ"",""it"":""Havsa"",""zh-CN"":""哈夫萨"",""tr"":""Havsa"",""ru"":""Хавса"",""uk"":""Хавса"",""pl"":""Havsa"",""hi"":""हवसा"",""ar"":""هافسا""}",2019-10-06T10:31:20,2025-12-02T14:39:31,1,Q2416719
107809,Havza,2220,55,225,TR,adm2,,,40.97056000,35.66222000,Havza,21500,Europe/Istanbul,"{""br"":""Havza"",""ko"":""하브자"",""pt-BR"":""Havza"",""pt"":""Havza"",""nl"":""Havza"",""hr"":""Havza"",""fa"":""حوزا"",""de"":""Havza"",""es"":""Havza"",""fr"":""Havza"",""ja"":""ハブザ"",""it"":""Havza"",""zh-CN"":""哈夫扎"",""tr"":""Havza"",""ru"":""Хавза"",""uk"":""Хавза"",""pl"":""Havza"",""hi"":""हव्ज़ा"",""ar"":""حفصة""}",2019-10-06T10:31:20,2025-12-02T14:39:31,1,Q655279
107811,Haymana,2217,06,225,TR,adm2,,,39.43212000,32.49732000,Haymana,11896,Europe/Istanbul,"{""br"":""Haymana"",""ko"":""하이마나"",""pt-BR"":""Haymana"",""pt"":""Haymana"",""nl"":""Haymana"",""hr"":""Haymana"",""fa"":""هایمانا"",""de"":""Haymana"",""es"":""Haymana"",""fr"":""Haymana"",""ja"":""ハイマナ"",""it"":""Haymana"",""zh-CN"":""海马纳"",""tr"":""Haymana"",""ru"":""Хаймана"",""uk"":""Хаймана"",""pl"":""Haymana"",""hi"":""हेमाना"",""ar"":""هايمانا""}",2019-10-06T10:31:20,2025-12-02T14:39:31,1,Q1020642
107813,Hayrabolu,2167,59,225,TR,adm2,,,41.21311000,27.10688000,Hayrabolu,19793,Europe/Istanbul,"{""br"":""Hayrabolu"",""ko"":""하이라볼루"",""pt-BR"":""Hayrabolu"",""pt"":""Hayrabolu"",""nl"":""Hayrabolu"",""hr"":""Hayrabolu"",""fa"":""هایرابولو"",""de"":""Hayrabolu"",""es"":""Hayrabolu"",""fr"":""Hayrabolu"",""ja"":""ハイラボル"",""it"":""Hayrabolu"",""zh-CN"":""海拉博卢"",""tr"":""Hayrabolu"",""ru"":""Хайраболу"",""uk"":""Хайраболу"",""pl"":""Hayrabolu"",""hi"":""हेराबोलू"",""ar"":""هايرابولو""}",2019-10-06T10:31:20,2025-12-02T14:39:31,1,Q1020642
107815,Hayrat,2206,61,225,TR,adm2,,,40.88530000,40.36495000,Şaşkınlık,10298,Europe/Istanbul,"{""br"":""Hayrat"",""ko"":""하이라트"",""pt-BR"":""Hayrat"",""pt"":""Hayrat"",""nl"":""Hayrat"",""hr"":""Hajrat"",""fa"":""حیرت"",""de"":""Hayrat"",""es"":""Hayrat"",""fr"":""Rat de foin"",""ja"":""ハイラット"",""it"":""Hayrat"",""zh-CN"":""海拉特"",""tr"":""Hayrat"",""ru"":""Хайрат"",""uk"":""Хайрат"",""pl"":""Hayrat"",""hi"":""हयात"",""ar"":""هايرات""}",2019-10-06T10:31:20,2025-12-02T14:38:56,1,Q1011282
107817,Hazro,2226,21,225,TR,adm2,,,38.24903000,40.77129000,Hazro,6291,Europe/Istanbul,"{""br"":""Hazro"",""ko"":""하즈로"",""pt-BR"":""Hazro"",""pt"":""Hazro"",""nl"":""Hazro"",""hr"":""Hazro"",""fa"":""هازرو"",""de"":""Hazro"",""es"":""Hazro"",""fr"":""Hazro"",""ja"":""ハズロ"",""it"":""Hazro"",""zh-CN"":""哈兹罗"",""tr"":""Hazro"",""ru"":""Хазро"",""uk"":""Хазро"",""pl"":""Hazro"",""hi"":""हज़रो"",""ar"":""هازرو""}",2019-10-06T10:31:20,2025-12-02T14:39:31,1,Q1025104
107819,Hekimhan,2158,44,225,TR,adm2,,,38.81622000,37.92882000,Hekimhan,13946,Europe/Istanbul,"{""br"":""Hekimhan"",""ko"":""헤키만"",""pt-BR"":""Hekimhan"",""pt"":""Hekimhan"",""nl"":""Hekimhan"",""hr"":""Hekimhan"",""fa"":""حکیمهان"",""de"":""Hekimhan"",""es"":""Hekimhan"",""fr"":""Hekimhan"",""ja"":""ヘキムハン"",""it"":""Hekimhan"",""zh-CN"":""赫基姆汉"",""tr"":""Hekimhan"",""ru"":""Хекимхан"",""uk"":""Хекімхан"",""pl"":""Hekimhan"",""hi"":""हेकिमहान"",""ar"":""حكيمهان""}",2019-10-06T10:31:20,2025-12-02T14:39:31,1,Q1025104
107821,Hemşin,2219,53,225,TR,adm2,,,41.05922000,40.90140000,Hemşin,2817,Europe/Istanbul,"{""br"":""Hemşin"",""ko"":""헴신"",""pt-BR"":""Hemşin"",""pt"":""Hemşin"",""nl"":""Hemşin"",""hr"":""Hemşin"",""fa"":""همشین"",""de"":""Hemşin"",""es"":""Hemşin"",""fr"":""Hemşin"",""ja"":""ヘムシン"",""it"":""Hemşin"",""zh-CN"":""海姆辛"",""tr"":""Hemşin"",""ru"":""Хемшин"",""uk"":""Хемшин"",""pl"":""Hemşin"",""hi"":""हेमसिन"",""ar"":""همشين""}",2019-10-06T10:31:20,2025-12-02T17:11:50,1,Q1025138
107822,Hendek,2150,54,225,TR,adm2,,,40.79944000,30.74806000,Hendek,35257,Europe/Istanbul,"{""br"":""Hendek"",""ko"":""헨덱"",""pt-BR"":""Hendek"",""pt"":""Hendek"",""nl"":""Hendek"",""hr"":""Hendek"",""fa"":""هندک"",""de"":""Hendek"",""es"":""Hendek"",""fr"":""Hendek"",""ja"":""ヘンデック"",""it"":""Hendek"",""zh-CN"":""亨德克"",""tr"":""Hendek"",""ru"":""Хендек"",""uk"":""Хендек"",""pl"":""Hendek"",""hi"":""हेंडेक"",""ar"":""هينديك""}",2019-10-06T10:31:20,2025-12-02T14:39:31,1,Q1025138
107825,Hilvan,2183,63,225,TR,adm2,,,37.58687000,38.95505000,Hilvan,16990,Europe/Istanbul,"{""br"":""Hilvan"",""ko"":""힐반"",""pt-BR"":""Hilvan"",""pt"":""Hilvan"",""nl"":""Hilvan"",""hr"":""Hilvan"",""fa"":""هیلوان"",""de"":""Hilvan"",""es"":""Hilvan"",""fr"":""Hilvan"",""ja"":""ヒルヴァン"",""it"":""Hilvan"",""zh-CN"":""希尔凡"",""tr"":""Hilvan"",""ru"":""Хильван"",""uk"":""Хілван"",""pl"":""Hilvan"",""hi"":""हिल्वन"",""ar"":""هيلفان""}",2019-10-06T10:31:20,2025-12-02T14:39:31,1,Q1011270
107828,Hisarcık,2149,43,225,TR,adm2,,,39.25987000,29.24134000,Hisarcık,12531,Europe/Istanbul,"{""br"":""Hisarcık"",""ko"":""히사르치크"",""pt-BR"":""Hisarcik"",""pt"":""Hisarcik"",""nl"":""Hisarcık"",""hr"":""Hisarcık"",""fa"":""هیسارجیک"",""de"":""Hisarcık"",""es"":""Hisarcık"",""fr"":""Hisarcık"",""ja"":""ヒサルチク"",""it"":""Hisarcık"",""zh-CN"":""希萨尔吉克"",""tr"":""Hisarcık"",""ru"":""Хисарджик"",""uk"":""Хісарджик"",""pl"":""Hisarcık"",""hi"":""हिसारसिक"",""ar"":""Hisarcık""}",2019-10-06T10:31:20,2025-12-02T17:11:50,1,Q990319
107829,Hizan,2215,13,225,TR,adm2,,,38.22498000,42.41830000,Hizan,15302,Europe/Istanbul,"{""br"":""Hizan"",""ko"":""히잔"",""pt-BR"":""Hizan"",""pt"":""Hizan"",""nl"":""Hizan"",""hr"":""Hizan"",""fa"":""هیزان"",""de"":""Hizan"",""es"":""Hizan"",""fr"":""Hizan"",""ja"":""ヒザン"",""it"":""Hizan"",""zh-CN"":""肥山"",""tr"":""Hizan"",""ru"":""Хизан"",""uk"":""Хізан"",""pl"":""Hizan"",""hi"":""हिज़ान"",""ar"":""هيزان""}",2019-10-06T10:31:20,2025-12-02T14:39:31,1,Q990319
107831,Hocalar,2179,03,225,TR,adm2,,,38.57824000,29.96768000,Hocalar,2588,Europe/Istanbul,"{""br"":""Hocalar"",""ko"":""호칼라르"",""pt-BR"":""Hocalar"",""pt"":""Hocalar"",""nl"":""Hocalar"",""hr"":""Hocalar"",""fa"":""هوجالار"",""de"":""Hocalar"",""es"":""Hocalar"",""fr"":""Hocalar"",""ja"":""ホカラル"",""it"":""Hocalar"",""zh-CN"":""霍卡拉尔"",""tr"":""Hocalar"",""ru"":""Ходжалар"",""uk"":""Хокалар"",""pl"":""Hocalar"",""hi"":""होकालर"",""ar"":""هوكالار""}",2019-10-06T10:31:20,2025-12-02T14:39:31,1,Q475253
107833,Honaz,2157,20,225,TR,city,,,37.77146000,29.34466000,Honaz,34074,Europe/Istanbul,"{""br"":""Honaz"",""ko"":""호나즈"",""pt-BR"":""Honaz"",""pt"":""Honaz"",""nl"":""Honaz"",""hr"":""Honaz"",""fa"":""هوناز"",""de"":""Honaz"",""es"":""Honaz"",""fr"":""Honaz"",""ja"":""ホナズ"",""it"":""Honaz"",""zh-CN"":""霍纳兹"",""tr"":""Honaz"",""ru"":""Хоназ"",""uk"":""Хоназ"",""pl"":""Honaz"",""hi"":""होनाज़"",""ar"":""هوناز""}",2019-10-06T10:31:20,2025-12-02T17:11:50,1,Q475253
107834,Hopa,2191,08,225,TR,adm2,,,41.39046000,41.41966000,Hopa,17519,Europe/Istanbul,"{""br"":""Hopa"",""ko"":""호파"",""pt-BR"":""Hopa"",""pt"":""Hopa"",""nl"":""Hopa"",""hr"":""Hopa"",""fa"":""هوپا"",""de"":""Hopa"",""es"":""Hopa"",""fr"":""Hopa"",""ja"":""ホパ"",""it"":""Hopa"",""zh-CN"":""霍帕"",""tr"":""Hopa"",""ru"":""Хопа"",""uk"":""Хопа"",""pl"":""Hopa"",""hi"":""होपा"",""ar"":""هوبا""}",2019-10-06T10:31:20,2025-12-02T14:39:31,1,Q475253
107836,Horasan,2165,25,225,TR,adm2,,,40.03885000,42.16366000,Horasan,15898,Europe/Istanbul,"{""br"":""Horasan"",""ko"":""호라산"",""pt-BR"":""Horasan"",""pt"":""Horasan"",""nl"":""Horasan"",""hr"":""Horasan"",""fa"":""هوراسان"",""de"":""Horasan"",""es"":""Horasan"",""fr"":""Horasan"",""ja"":""ホラサン"",""it"":""Horasan"",""zh-CN"":""霍拉桑"",""tr"":""Horasan"",""ru"":""Хорасан"",""uk"":""Хорасан"",""pl"":""Horasan"",""hi"":""होरासन"",""ar"":""هوراسان""}",2019-10-06T10:31:20,2025-12-02T14:38:56,1,Q657127
107838,Hozat,2192,62,225,TR,adm2,,,39.10029000,39.20816000,Hozat,6891,Europe/Istanbul,"{""br"":""Hozat"",""ko"":""호자트"",""pt-BR"":""Hozat"",""pt"":""Hozat"",""nl"":""Hozat"",""hr"":""Hozat"",""fa"":""هوزات"",""de"":""Hozat"",""es"":""Hozat"",""fr"":""Hozat"",""ja"":""ホザット"",""it"":""Hozat"",""zh-CN"":""霍扎特"",""tr"":""Hozat"",""ru"":""Хозат"",""uk"":""Хозат"",""pl"":""Hozat"",""hi"":""होज़ात"",""ar"":""هوزات""}",2019-10-06T10:31:20,2025-12-02T14:38:56,1,Q374068
107840,Hüyük,2171,42,225,TR,adm2,,,37.95388000,31.59639000,Hüyük,11502,Europe/Istanbul,"{""br"":""Hüyük"",""ko"":""휘위크"",""pt-BR"":""Hüyük"",""pt"":""Hüyük"",""nl"":""Hüyük"",""hr"":""Hüyük"",""fa"":""هویوک"",""de"":""Hüyük"",""es"":""Hüyük"",""fr"":""Hüyük"",""ja"":""ヒュユク"",""it"":""Hüyük"",""zh-CN"":""休尤克"",""tr"":""Hüyük"",""ru"":""Хююк"",""uk"":""Хююк"",""pl"":""Hüyük"",""hi"":""हुयुक"",""ar"":""هويوك""}",2019-10-06T10:31:20,2025-12-02T14:39:31,1,Q1004584
107842,Hınıs,2165,25,225,TR,adm2,,,39.35766000,41.69253000,Hınıs,35472,Europe/Istanbul,"{""br"":""Hınıs"",""ko"":""히니스"",""pt-BR"":""Hınıs"",""pt"":""Hınıs"",""nl"":""Hınıs"",""hr"":""Hinis"",""fa"":""هینیس"",""de"":""Hınıs"",""es"":""Hinis"",""fr"":""Hınıs"",""ja"":""ヒンス"",""it"":""Hınıs"",""zh-CN"":""希尼斯"",""tr"":""Hınıs"",""ru"":""Хыныс"",""uk"":""Хініс"",""pl"":""Hınıs"",""hi"":""हिनिस"",""ar"":""هينيس""}",2019-10-06T10:31:20,2025-12-02T14:39:31,1,Q1004584
107844,Ilgaz,2168,18,225,TR,adm2,,,40.92511000,33.62586000,Ilgaz,14891,Europe/Istanbul,"{""br"":""Ilgaz"",""ko"":""일가즈"",""pt-BR"":""Ilgaz"",""pt"":""Ilgaz"",""nl"":""Ilgaz"",""hr"":""Ilgaz"",""fa"":""ایلگاز"",""de"":""Ilgaz"",""es"":""Ilgaz"",""fr"":""Ilgaz"",""ja"":""イルガズ"",""it"":""Ilgaz"",""zh-CN"":""伊尔加兹"",""tr"":""Ilgaz"",""ru"":""Ильгаз"",""uk"":""Ільгаз"",""pl"":""Ilgaz"",""hi"":""इल्गाज़"",""ar"":""إيلغاز""}",2019-10-06T10:31:20,2025-12-02T14:38:56,1,Q376139
107846,Ilgın,2171,42,225,TR,adm2,,,38.27917000,31.91389000,Ilgın,27423,Europe/Istanbul,"{""br"":""Ilgın"",""ko"":""일긴"",""pt-BR"":""Ilgin"",""pt"":""Ilgin"",""nl"":""Ilgın"",""hr"":""Ilgin"",""fa"":""ایلگین"",""de"":""Ilgın"",""es"":""Ilgın"",""fr"":""Ilgin"",""ja"":""イルギン"",""it"":""Ilgın"",""zh-CN"":""伊尔金"",""tr"":""Ilgın"",""ru"":""Ильгын"",""uk"":""Ільгін"",""pl"":""Ilgın"",""hi"":""Ilgin"",""ar"":""إيلجين""}",2019-10-06T10:31:21,2025-12-02T14:39:31,1,Q376139
107849,İncesu,2200,38,225,TR,adm2,,,38.63789000,35.19394000,İncesu,26353,Europe/Istanbul,"{""br"":""İncesu"",""ko"":""인세수"",""pt-BR"":""Incesu"",""pt"":""Incesu"",""nl"":""İncesu"",""hr"":""Incesu"",""fa"":""اینجه‌سو"",""de"":""İncesu"",""es"":""İncesu"",""fr"":""Incesu"",""ja"":""インチェス"",""it"":""İncesu"",""zh-CN"":""因切苏"",""tr"":""İncesu"",""ru"":""İncesu"",""uk"":""Інджесу"",""pl"":""İncesu"",""hi"":""इन्ससु"",""ar"":""إنجيسو""}",2019-10-06T10:31:21,2025-12-02T17:11:50,1,Q793907
107850,Merkez,2222,32,225,TR,city,,,37.76444000,30.55222000,Merkez,,Europe/Istanbul,"{""br"":""Merkez"",""ko"":""메르케즈"",""pt-BR"":""Merkez"",""pt"":""Merkez"",""nl"":""Merkez"",""hr"":""Merkez"",""fa"":""مرکز"",""de"":""Merkez"",""es"":""Merkez"",""fr"":""Merkez"",""ja"":""メルケス"",""it"":""Merkez"",""zh-CN"":""梅尔克兹"",""tr"":""Merkez"",""ru"":""Меркез"",""uk"":""Меркез"",""pl"":""Merkez"",""hi"":""मर्केज़"",""ar"":""مركز""}",2019-10-06T10:31:21,2025-12-02T16:59:27,1,Q171031
107852,Merkez,2166,76,225,TR,adm1,,,39.92371000,44.04500000,Merkez,101700,Europe/Istanbul,"{""br"":""Merkez"",""ko"":""메르케즈"",""pt-BR"":""Merkez"",""pt"":""Merkez"",""nl"":""Merkez"",""hr"":""Merkez"",""fa"":""مرکز"",""de"":""Merkez"",""es"":""Merkez"",""fr"":""Merkez"",""ja"":""メルケス"",""it"":""Merkez"",""zh-CN"":""梅尔克兹"",""tr"":""Merkez"",""ru"":""Меркез"",""uk"":""Меркез"",""pl"":""Merkez"",""hi"":""मर्केज़"",""ar"":""مركز""}",2019-10-06T10:31:21,2025-12-02T14:39:31,1,Q483331
107855,Kabadüz,2174,52,225,TR,adm2,,,40.86096000,37.88470000,Kola,3642,Europe/Istanbul,"{""br"":""Kabadüz"",""ko"":""카바두즈"",""pt-BR"":""Kabadüz"",""pt"":""Kabadüz"",""nl"":""Kabadüz"",""hr"":""Kabadüz"",""fa"":""کابادو"",""de"":""Kabadüz"",""es"":""Kabadüz"",""fr"":""Kabadüz"",""ja"":""カバドゥズ"",""it"":""Kabadüz"",""zh-CN"":""卡巴杜兹"",""tr"":""Kabadüz"",""ru"":""Кабадуз"",""uk"":""Кабадуз"",""pl"":""Kabadüz"",""hi"":""कबाडुज़"",""ar"":""كبادوز""}",2019-10-06T10:31:21,2025-12-02T14:39:31,1,Q3233253
107858,Kabataş,2174,52,225,TR,adm2,,,40.75000000,37.45000000,Kabataş,9066,Europe/Istanbul,"{""br"":""Kabataş"",""ko"":""카바타스"",""pt-BR"":""Kabataş"",""pt"":""Kabataş"",""nl"":""Kabataş"",""hr"":""Kabataş"",""fa"":""کاباتاش"",""de"":""Kabataş"",""es"":""Kabataş"",""fr"":""Kabataş"",""ja"":""カバタシュ"",""it"":""Kabataş"",""zh-CN"":""卡巴塔什"",""tr"":""Kabataş"",""ru"":""Кабаташ"",""uk"":""Кабаташ"",""pl"":""Kabataş"",""hi"":""Kabatas"",""ar"":""كاباتاس""}",2019-10-06T10:31:21,2025-12-02T14:39:31,1,Q2744219
107860,Kadirli,2214,80,225,TR,adm2,,,37.37389000,36.09611000,Kadirli,70248,Europe/Istanbul,"{""br"":""Kadirli"",""ko"":""카디를리"",""pt-BR"":""Kadirli"",""pt"":""Kadirli"",""nl"":""Kadirli"",""hr"":""Kadirli"",""fa"":""کادیرلی"",""de"":""Kadirli"",""es"":""Kadirli"",""fr"":""Kadirli"",""ja"":""カディルリ"",""it"":""Kadirli"",""zh-CN"":""卡迪尔利"",""tr"":""Kadirli"",""ru"":""Кадирли"",""uk"":""Кадирлі"",""pl"":""Kadirli"",""hi"":""कादिरली"",""ar"":""كاديرلي""}",2019-10-06T10:31:21,2025-12-02T14:39:31,1,Q1012824
107863,Kadıköy,2170,34,225,TR,adm2,,,40.98229000,29.09032000,Kadıköy,2741,Europe/Istanbul,"{""br"":""Kadıköy"",""ko"":""카디쾨이"",""pt-BR"":""Kadıköy"",""pt"":""Kadıköy"",""nl"":""Kadıköy"",""hr"":""Kadıköy"",""fa"":""کادیکوی"",""de"":""Kadıköy"",""es"":""Kadıköy"",""fr"":""Kadiköy"",""ja"":""カドゥキョイ"",""it"":""Kadıköy"",""zh-CN"":""卡德柯伊"",""tr"":""Kadıköy"",""ru"":""Кадыкёй"",""uk"":""Кадикей"",""pl"":""Kadıköy"",""hi"":""इस्तांबुल"",""ar"":""كاديكوي""}",2019-10-06T10:31:21,2025-12-02T17:11:50,1,Q932886
107864,Kadınhanı,2171,42,225,TR,adm2,,,38.23972000,32.21139000,Kadınhanı,15301,Europe/Istanbul,"{""br"":""Kadınhanı"",""ko"":""카드인한니"",""pt-BR"":""Kadınhanı"",""pt"":""Kadınhanı"",""nl"":""Kadınhanı"",""hr"":""Kadınhanı"",""fa"":""کادینهانی"",""de"":""Kadınhanı"",""es"":""Kadınhanı"",""fr"":""Kadınhanı"",""ja"":""カドゥンハニ"",""it"":""Kadınhanı"",""zh-CN"":""卡丁汉"",""tr"":""Kadınhanı"",""ru"":""Кадынханы"",""uk"":""Кадинхані"",""pl"":""Kadınhanı"",""hi"":""कादीनहानी"",""ar"":""كادينهاني""}",2019-10-06T10:31:21,2025-12-02T14:39:31,1,Q932886
107866,Kadışehri,2188,66,225,TR,adm2,,,39.99568000,35.79193000,Kadışehri,5722,Europe/Istanbul,"{""br"":""Kadışehri"",""ko"":""카디셰리"",""pt-BR"":""Kadışehri"",""pt"":""Kadışehri"",""nl"":""Kadışehri"",""hr"":""Kadışehri"",""fa"":""کادیشهری"",""de"":""Kadışehri"",""es"":""Kadışehri"",""fr"":""Kadışehri"",""ja"":""カドゥシェリ"",""it"":""Kadışehri"",""zh-CN"":""卡迪谢里"",""tr"":""Kadışehri"",""ru"":""Кадышехри"",""uk"":""Кадишехрі"",""pl"":""Kadışehri"",""hi"":""कादिशेहरी"",""ar"":""قاضي شهير""}",2019-10-06T10:31:21,2025-12-02T14:39:31,1,Q932886
107868,Kahramankazan,2217,06,225,TR,adm2,,,40.16502000,32.63904000,Kahramankazan,53522,Europe/Istanbul,"{""br"":""Kahramankazan"",""ko"":""카라만카잔"",""pt-BR"":""Kahramankazan"",""pt"":""Kahramankazan"",""nl"":""Kahramankazan"",""hr"":""Kahramankazan"",""fa"":""قهرمانکازان"",""de"":""Kahramankazan"",""es"":""Kahramankazan"",""fr"":""Kahramankazan"",""ja"":""カフラマンカザン"",""it"":""Kahramankazan"",""zh-CN"":""卡赫拉曼卡赞"",""tr"":""Kahramankazan"",""ru"":""Кахраманказан"",""uk"":""Кахраманказан"",""pl"":""Kahramankazan"",""hi"":""कहरामंकाज़ान"",""ar"":""كهرمان قازان""}",2019-10-06T10:31:21,2025-12-02T17:11:50,1,Q3056065
107870,Kale,2158,44,225,TR,city,,,39.03333000,38.00000000,Lahana,5167,Europe/Istanbul,"{""br"":""Kale"",""ko"":""케일"",""pt-BR"":""Couve"",""pt"":""Couve"",""nl"":""Boerenkool"",""hr"":""Kelj"",""fa"":""کلم پیچ"",""de"":""Grünkohl"",""es"":""Col rizada"",""fr"":""Chou frisé"",""ja"":""ケール"",""it"":""Cavolo"",""zh-CN"":""羽衣甘蓝"",""tr"":""Kara lahana"",""ru"":""Капуста кейл"",""uk"":""Кале"",""pl"":""Kapusta włoska"",""hi"":""केल"",""ar"":""الكرنب""}",2019-10-06T10:31:21,2025-12-02T14:39:31,1,Q134703
107871,Kale,2157,20,225,TR,adm2,,,37.43917000,28.84528000,Lahana,7255,Europe/Istanbul,"{""br"":""Kale"",""ko"":""케일"",""pt-BR"":""Couve"",""pt"":""Couve"",""nl"":""Boerenkool"",""hr"":""Kelj"",""fa"":""کلم پیچ"",""de"":""Grünkohl"",""es"":""Col rizada"",""fr"":""Chou frisé"",""ja"":""ケール"",""it"":""Cavolo"",""zh-CN"":""羽衣甘蓝"",""tr"":""Kara lahana"",""ru"":""Капуста кейл"",""uk"":""Кале"",""pl"":""Kapusta włoska"",""hi"":""केल"",""ar"":""الكرنب""}",2019-10-06T10:31:21,2025-12-02T14:39:31,1,Q370464
107874,Kalecik,2217,06,225,TR,adm2,,,40.09722000,33.40833000,Kalecik,13450,Europe/Istanbul,"{""br"":""Kalecik"",""ko"":""칼레치크"",""pt-BR"":""Kalecik"",""pt"":""Kalecik"",""nl"":""Kalecik"",""hr"":""Kalecik"",""fa"":""کالچیک"",""de"":""Kalecik"",""es"":""Kalecik"",""fr"":""Kalecik"",""ja"":""カレチク"",""it"":""Kalecik"",""zh-CN"":""卡莱吉克"",""tr"":""Kalecik"",""ru"":""Калечик"",""uk"":""Калечик"",""pl"":""Kalecik"",""hi"":""कालेसिक"",""ar"":""كاليسيك""}",2019-10-06T10:31:21,2025-12-02T14:38:56,1,Q967071
107877,Kalkandere,2219,53,225,TR,adm2,,,40.92143000,40.43999000,Kalkandere,16768,Europe/Istanbul,"{""br"":""Kalkandere"",""ko"":""칼칸데레"",""pt-BR"":""Kalkandere"",""pt"":""Kalkandere"",""nl"":""Kalkandere"",""hr"":""Kalkandere"",""fa"":""کالکاندره"",""de"":""Kalkandere"",""es"":""Kalkandere"",""fr"":""Kalkandere"",""ja"":""カルカンデレ"",""it"":""Kalkandere"",""zh-CN"":""卡尔坎德雷"",""tr"":""Kalkandere"",""ru"":""Калкандере"",""uk"":""Калкандере"",""pl"":""Kalkandere"",""hi"":""कालकंडेरे"",""ar"":""كالكاندير""}",2019-10-06T10:31:21,2025-12-02T17:11:50,1,Q2670776
107879,Kaman,2180,40,225,TR,adm2,,,39.35750000,33.72389000,Kaman,28605,Europe/Istanbul,"{""br"":""Kaman"",""ko"":""카만"",""pt-BR"":""Kaman"",""pt"":""Kaman"",""nl"":""Kaman"",""hr"":""Kaman"",""fa"":""کامان"",""de"":""Kaman"",""es"":""Kaman"",""fr"":""Kaman"",""ja"":""カマン"",""it"":""Kaman"",""zh-CN"":""卡曼"",""tr"":""Kaman"",""ru"":""Каман"",""uk"":""Каман"",""pl"":""Kaman"",""hi"":""कमान"",""ar"":""كامان""}",2019-10-06T10:31:21,2025-12-02T14:39:31,1,Q10775645
107881,Kandıra,2195,41,225,TR,adm2,,,41.07000000,30.15262000,Kandıra,13805,Europe/Istanbul,"{""br"":""Kandıra"",""ko"":""칸디라"",""pt-BR"":""Kandira"",""pt"":""Kandira"",""nl"":""Kandira"",""hr"":""Kandira"",""fa"":""کاندیرا"",""de"":""Kandıra"",""es"":""Kandira"",""fr"":""Kandira"",""ja"":""カンディラ"",""it"":""Kandıra"",""zh-CN"":""坎德拉"",""tr"":""Kandıra"",""ru"":""Кандыра"",""uk"":""Кандіра"",""pl"":""Kandıra"",""hi"":""कंदिरा"",""ar"":""كانديرا""}",2019-10-06T10:31:21,2025-12-02T14:39:31,1,Q1074968
107883,Kangal,2181,58,225,TR,adm2,,,39.23354000,37.39111000,Kangal,11888,Europe/Istanbul,"{""br"":""Kangal"",""ko"":""강갈"",""pt-BR"":""Kangal"",""pt"":""Kangal"",""nl"":""Kangal"",""hr"":""Kangal"",""fa"":""کانگال"",""de"":""Kangal"",""es"":""Kangal"",""fr"":""Kangal"",""ja"":""カンガル"",""it"":""Kangal"",""zh-CN"":""坎加尔"",""tr"":""Kangal"",""ru"":""Кангал"",""uk"":""Кангал"",""pl"":""Kangal"",""hi"":""कंगाल"",""ar"":""كانجال""}",2019-10-06T10:31:21,2025-12-02T14:39:31,1,Q1022149
107885,Kapaklı,2167,59,225,TR,adm2,,,41.32912000,27.98064000,Kapaklı,0,Europe/Istanbul,"{""br"":""Kapaklı"",""ko"":""카파클리"",""pt-BR"":""Capa"",""pt"":""Capa"",""nl"":""Kapaklı"",""hr"":""Kapaklı"",""fa"":""کاپاکلی"",""de"":""Kapaklı"",""es"":""Capaklı"",""fr"":""Kapaklı"",""ja"":""カパクリ"",""it"":""Kapaklı"",""zh-CN"":""卡帕克勒"",""tr"":""Kapaklı"",""ru"":""Капаклы"",""uk"":""Капаклі"",""pl"":""Kapaklı"",""hi"":""कपाक्लि"",""ar"":""كاباكلي""}",2019-10-06T10:31:21,2025-12-02T14:39:31,1,Q5247279
107886,Karabağlar,2205,35,225,TR,adm2,,,38.36912000,27.12696000,Karabağlar,0,Europe/Istanbul,"{""br"":""Karabağlar"",""ko"":""카라발라르"",""pt-BR"":""Karabağlar"",""pt"":""Karabağlar"",""nl"":""Karabağlar"",""hr"":""Karabağlar"",""fa"":""قره‌باغلار"",""de"":""Karabağlar"",""es"":""Karabağlar"",""fr"":""Karabağlar"",""ja"":""カラバガル"",""it"":""Karabağlar"",""zh-CN"":""卡拉巴格拉尔"",""tr"":""Karabağlar"",""ru"":""Карабаглар"",""uk"":""Карабаглар"",""pl"":""Karabağlar"",""hi"":""करबागलर"",""ar"":""كاراباغلار""}",2019-10-06T10:31:21,2025-12-02T14:39:31,1,Q3123584
107887,Karaburun,2205,35,225,TR,adm2,,,38.63640000,26.51094000,Karaburun,3249,Europe/Istanbul,"{""br"":""Karaburun"",""ko"":""카라부룬"",""pt-BR"":""Karaburun"",""pt"":""Karaburun"",""nl"":""Karaburun"",""hr"":""Karaburun"",""fa"":""کارابورون"",""de"":""Karaburun"",""es"":""Karaburun"",""fr"":""Karaburun"",""ja"":""カラブルン"",""it"":""Karaburun"",""zh-CN"":""卡拉布伦"",""tr"":""Karaburun"",""ru"":""Карабурун"",""uk"":""Карабурун"",""pl"":""Karaburun"",""hi"":""करबुरून"",""ar"":""كارابورون""}",2019-10-06T10:31:21,2025-12-02T14:39:31,1,Q3123584
107889,Merkez,2223,78,225,TR,adm1,,,41.20488000,32.62768000,Merkez,125403,Europe/Istanbul,"{""br"":""Merkez"",""ko"":""메르케즈"",""pt-BR"":""Merkez"",""pt"":""Merkez"",""nl"":""Merkez"",""hr"":""Merkez"",""fa"":""مرکز"",""de"":""Merkez"",""es"":""Merkez"",""fr"":""Merkez"",""ja"":""メルケス"",""it"":""Merkez"",""zh-CN"":""梅尔克兹"",""tr"":""Merkez"",""ru"":""Меркез"",""uk"":""Меркез"",""pl"":""Merkez"",""hi"":""मर्केज़"",""ar"":""مركز""}",2019-10-06T10:31:21,2025-12-02T14:39:31,1,Q189697
107890,Karacabey,2163,16,225,TR,adm2,,,40.21323000,28.36120000,Karacabey,44256,Europe/Istanbul,"{""br"":""Karacabey"",""ko"":""카라카베이"",""pt-BR"":""Caracabey"",""pt"":""Caracabey"",""nl"":""Karacabey"",""hr"":""Karacabey"",""fa"":""کاراجابای"",""de"":""Karacabey"",""es"":""Karacabey"",""fr"":""Karacabey"",""ja"":""カラジャベイ"",""it"":""Karacabey"",""zh-CN"":""卡拉贾贝伊"",""tr"":""Karacabey"",""ru"":""Караджабей"",""uk"":""Караджабей"",""pl"":""Karacabey"",""hi"":""कराकाबे"",""ar"":""كاراجا بيه""}",2019-10-06T10:31:21,2025-12-02T14:39:31,1,Q189697
107893,Karacasu,2187,09,225,TR,adm2,,,37.74731000,28.59402000,Karacasu,18706,Europe/Istanbul,"{""br"":""Karakazu"",""ko"":""카라카수"",""pt-BR"":""Karacasu"",""pt"":""Karacasu"",""nl"":""Karacasu"",""hr"":""Karacasu"",""fa"":""کاراکاسو"",""de"":""Karacasu"",""es"":""Karacasu"",""fr"":""Karacasu"",""ja"":""カラカス"",""it"":""Karacasu"",""zh-CN"":""卡拉卡苏"",""tr"":""Karacasu"",""ru"":""Каракасу"",""uk"":""Каракасу"",""pl"":""Karacasu"",""hi"":""कराकासु"",""ar"":""كاراجاسو""}",2019-10-06T10:31:21,2025-12-02T17:11:50,1,Q189697
107894,Karahallı,2201,64,225,TR,adm2,,,38.32083000,29.53028000,Karahallı,4948,Europe/Istanbul,"{""br"":""Karahallı"",""ko"":""카라할리"",""pt-BR"":""Karahallı"",""pt"":""Karahallı"",""nl"":""Karahallı"",""hr"":""Karahalli"",""fa"":""کاراهالی"",""de"":""Karahallı"",""es"":""Karahalli"",""fr"":""Karahallı"",""ja"":""カラハリ"",""it"":""Karahallı"",""zh-CN"":""卡拉哈勒"",""tr"":""Karahallı"",""ru"":""Карахаллы"",""uk"":""Карахаллі"",""pl"":""Karahallı"",""hi"":""कराहल्ली"",""ar"":""كاراهالي""}",2019-10-06T10:31:21,2025-12-02T14:39:31,1,Q189697
107896,Karaisalı,2212,01,225,TR,adm2,,,37.26655000,35.05033000,Karaisalı,22308,Europe/Istanbul,"{""br"":""Karaisalı"",""ko"":""카라이살리"",""pt-BR"":""Karaisalı"",""pt"":""Karaisalı"",""nl"":""Karaisalı"",""hr"":""Karaisali"",""fa"":""کارایسالی"",""de"":""Karaisalı"",""es"":""Karaisalı"",""fr"":""Karaisalı"",""ja"":""カライサリ"",""it"":""Karaisalı"",""zh-CN"":""卡拉伊萨利"",""tr"":""Karaisalı"",""ru"":""Караисалы"",""uk"":""Караісали"",""pl"":""Karaisalı"",""hi"":""कराइसाली"",""ar"":""كارايسالي""}",2019-10-06T10:31:21,2025-12-02T17:11:50,1,Q533294
107897,Karakeçili,2178,71,225,TR,adm2,,,39.59417000,33.37778000,Karakeçili,8468,Europe/Istanbul,"{""br"":""Karakeçili"",""ko"":""카라케칠리"",""pt-BR"":""Karakeçili"",""pt"":""Karakeçili"",""nl"":""Karakeçili"",""hr"":""Karakeçili"",""fa"":""کاراکچیلی"",""de"":""Karakeçili"",""es"":""Karakeçili"",""fr"":""Karakeçili"",""ja"":""カラケチリ"",""it"":""Karakeçili"",""zh-CN"":""卡拉凯奇利"",""tr"":""Karakeçili"",""ru"":""Каракечили"",""uk"":""Каракечилі"",""pl"":""Karakeçili"",""hi"":""कराकेसिली"",""ar"":""كاراكيشيلي""}",2019-10-06T10:31:21,2025-12-02T14:39:31,1,Q533294
107899,Karakoyunlu,2166,76,225,TR,adm2,,,39.87036000,43.63014000,Karakoyunlu,5073,Europe/Istanbul,"{""br"":""Karakoyunlu"",""ko"":""카라코윤루"",""pt-BR"":""Karakoyunlu"",""pt"":""Karakoyunlu"",""nl"":""Karakoyunlu"",""hr"":""Karakoyunlu"",""fa"":""قراقویونلو"",""de"":""Karakoyunlu"",""es"":""Karakoyunlu"",""fr"":""Karakoyunlu"",""ja"":""カラコユンル"",""it"":""Karakoyunlu"",""zh-CN"":""卡拉科云鲁"",""tr"":""Karakoyunlu"",""ru"":""Каракоюнлу"",""uk"":""Каракоюнлу"",""pl"":""Karakoyunlu"",""hi"":""काराकोयुनलु"",""ar"":""كاراكويونلو""}",2019-10-06T10:31:21,2025-12-02T14:39:31,1,Q2671089
107901,Karakoçan,2159,23,225,TR,adm2,,,38.95178000,40.02706000,Karakoçan,29735,Europe/Istanbul,"{""br"":""Karakoçan"",""ko"":""카라코찬"",""pt-BR"":""Karakoçan"",""pt"":""Karakoçan"",""nl"":""Karakoçan"",""hr"":""Karakoçan"",""fa"":""کاراکوچان"",""de"":""Karakoçan"",""es"":""Karakoçan"",""fr"":""Karakoçan"",""ja"":""カラコチャン"",""it"":""Karakoçan"",""zh-CN"":""卡拉科恰恩"",""tr"":""Karakoçan"",""ru"":""Каракочан"",""uk"":""Каракочан"",""pl"":""Karakoçan"",""hi"":""कराकोचन"",""ar"":""كاراكوجان""}",2019-10-06T10:31:21,2025-12-02T14:39:31,1,Q990305
107903,Karaköprü,2183,63,225,TR,adm2,,,37.18029000,38.81109000,Karaköprü,368,Europe/Istanbul,"{""br"":""Karaköprü"",""ko"":""카라코프뤼"",""pt-BR"":""Karaköprü"",""pt"":""Karaköprü"",""nl"":""Karaköprü"",""hr"":""Karaköprü"",""fa"":""کاراکوپرو"",""de"":""Karaköprü"",""es"":""Karaköprü"",""fr"":""Karaköprü"",""ja"":""カラキョプル"",""it"":""Karaköprü"",""zh-CN"":""卡拉克普吕"",""tr"":""Karaköprü"",""ru"":""Каракёпрю"",""uk"":""Каракепрю"",""pl"":""Karaköprü"",""hi"":""कराकोप्रु"",""ar"":""كاراكوبرو""}",2019-10-06T10:31:21,2025-12-02T17:11:50,1,Q6635526
107905,Merkez,2184,70,225,TR,adm1,,,37.18111000,33.21500000,Merkez,175390,Europe/Istanbul,"{""br"":""Merkez"",""ko"":""메르케즈"",""pt-BR"":""Merkez"",""pt"":""Merkez"",""nl"":""Merkez"",""hr"":""Merkez"",""fa"":""مرکز"",""de"":""Merkez"",""es"":""Merkez"",""fr"":""Merkez"",""ja"":""メルケス"",""it"":""Merkez"",""zh-CN"":""梅尔克兹"",""tr"":""Merkez"",""ru"":""Меркез"",""uk"":""Меркез"",""pl"":""Merkez"",""hi"":""मर्केज़"",""ar"":""مركز""}",2019-10-06T10:31:21,2025-12-02T14:39:31,1,Q262579
107906,Karamanlı,2209,15,225,TR,adm2,,,37.37301000,29.82308000,Karamanlı,4820,Europe/Istanbul,"{""br"":""Karamanlı"",""ko"":""카라만리"",""pt-BR"":""Karamanli"",""pt"":""Karamanli"",""nl"":""Karamanlı"",""hr"":""Karamanli"",""fa"":""کارامانلی"",""de"":""Karamanlı"",""es"":""Karamanlı"",""fr"":""Karamanlı"",""ja"":""カラマンリ"",""it"":""Karamanlı"",""zh-CN"":""卡拉曼勒"",""tr"":""Karamanlı"",""ru"":""Караманлы"",""uk"":""Караманлі"",""pl"":""Karamanlı"",""hi"":""करमानली"",""ar"":""كارامانلي""}",2019-10-06T10:31:21,2025-12-02T14:39:31,1,Q1014443
107908,Karamürsel,2195,41,225,TR,adm2,,,40.69129000,29.61649000,Karamürsel,30525,Europe/Istanbul,"{""br"":""Karamürsel"",""ko"":""카라뮈르셀"",""pt-BR"":""Karamürsel"",""pt"":""Karamürsel"",""nl"":""Karamürsel"",""hr"":""Karamürsel"",""fa"":""کارامورسل"",""de"":""Karamürsel"",""es"":""Karamürsel"",""fr"":""Karamürsel"",""ja"":""カラムュルゼル"",""it"":""Karamürsel"",""zh-CN"":""卡拉穆尔塞尔"",""tr"":""Karamürsel"",""ru"":""Карамюрсель"",""uk"":""Карамюрсель"",""pl"":""Karamürsel"",""hi"":""करमुर्सेल"",""ar"":""كارامورسل""}",2019-10-06T10:31:21,2025-12-02T14:39:31,1,Q1014443
107910,Karapürçek,2150,54,225,TR,adm2,,,40.64194000,30.53944000,Karapürçek,4705,Europe/Istanbul,"{""br"":""Karapürçek"",""ko"":""카라퓌르체크"",""pt-BR"":""Karapürçek"",""pt"":""Karapürçek"",""nl"":""Karapürçek"",""hr"":""Karapürçek"",""fa"":""کاراپورچک"",""de"":""Karapürçek"",""es"":""Karapürçek"",""fr"":""Karapürçek"",""ja"":""カラピュルチェク"",""it"":""Karapürçek"",""zh-CN"":""卡拉普尔切克"",""tr"":""Karapürçek"",""ru"":""Карапюрчек"",""uk"":""Карапурчек"",""pl"":""Karapürçek"",""hi"":""करापुर्केक"",""ar"":""كارابورشيك""}",2019-10-06T10:31:21,2025-12-02T14:39:31,1,Q2248693
107912,Karapınar,2171,42,225,TR,adm2,,,37.71596000,33.55064000,Karapınar,49766,Europe/Istanbul,"{""br"":""Karapınar"",""ko"":""카라피나르"",""pt-BR"":""Karapinar"",""pt"":""Karapinar"",""nl"":""Karapınar"",""hr"":""Karapınar"",""fa"":""کاراپینار"",""de"":""Karapınar"",""es"":""Karapınar"",""fr"":""Karapinar"",""ja"":""カラピナル"",""it"":""Karapınar"",""zh-CN"":""卡拉皮纳尔"",""tr"":""Karapınar"",""ru"":""Карапынар"",""uk"":""Карапинар"",""pl"":""Karapınar"",""hi"":""करापीनार"",""ar"":""كارابينار""}",2019-10-06T10:31:21,2025-12-02T14:38:56,1,Q1728980
107915,Karasu,2150,54,225,TR,adm2,,,41.09983000,30.68241000,Karasu,68844,Europe/Istanbul,"{""br"":""Karasu"",""ko"":""카라스"",""pt-BR"":""Karasu"",""pt"":""Karasu"",""nl"":""Karasu"",""hr"":""Karasu"",""fa"":""کاراسو"",""de"":""Karasu"",""es"":""Karasu"",""fr"":""Karasu"",""ja"":""カラス"",""it"":""Karasu"",""zh-CN"":""卡尔苏"",""tr"":""Karasu"",""ru"":""Карасу"",""uk"":""Карасу"",""pl"":""Karasu"",""hi"":""करसु"",""ar"":""كاراسو""}",2019-10-06T10:31:21,2025-12-02T17:11:50,1,Q1012874
107917,Karatay,2171,42,225,TR,city,,,37.94001000,32.99828000,Karatay,370927,Europe/Istanbul,"{""br"":""Karatay"",""ko"":""카라타이"",""pt-BR"":""Karatay"",""pt"":""Karatay"",""nl"":""Karatay"",""hr"":""Karatay"",""fa"":""کاراتای"",""de"":""Karatay"",""es"":""Karatay"",""fr"":""Karatay"",""ja"":""カラタイ"",""it"":""Karatay"",""zh-CN"":""卡拉泰"",""tr"":""Karatay"",""ru"":""Каратай"",""uk"":""Каратай"",""pl"":""Karatay"",""hi"":""कराटे"",""ar"":""كاراتاي""}",2019-10-06T10:31:21,2025-12-02T16:59:27,1,Q1012874
107918,Karataş,2212,01,225,TR,city,,,36.57186000,35.36784000,Karataş,9221,Europe/Istanbul,"{""br"":""Karataş"",""ko"":""카라타스"",""pt-BR"":""Karataş"",""pt"":""Karataş"",""nl"":""Karataş"",""hr"":""Karataš"",""fa"":""کاراتاش"",""de"":""Karataş"",""es"":""Karataş"",""fr"":""Karataş"",""ja"":""カラタシュ"",""it"":""Karataş"",""zh-CN"":""卡拉塔什"",""tr"":""Karataş"",""ru"":""Караташ"",""uk"":""Караташ"",""pl"":""Karataş"",""hi"":""कराटास"",""ar"":""كاراتاش""}",2019-10-06T10:31:21,2025-12-02T14:39:31,1,Q1012874
107919,Karayazı,2165,25,225,TR,adm2,,,39.69604000,42.14277000,Karayazı,7340,Europe/Istanbul,"{""br"":""Karayazı"",""ko"":""카라야즈"",""pt-BR"":""Karayazı"",""pt"":""Karayazı"",""nl"":""Karayazı"",""hr"":""Karayazı"",""fa"":""کارایازی"",""de"":""Karayazı"",""es"":""Karayazı"",""fr"":""Karayazi"",""ja"":""カラヤズ"",""it"":""Karayazı"",""zh-CN"":""卡拉亚兹"",""tr"":""Karayazı"",""ru"":""Караязы"",""uk"":""Караязи"",""pl"":""Karayazı"",""hi"":""करायज़ी"",""ar"":""كارايازي""}",2019-10-06T10:31:21,2025-12-02T14:39:31,1,Q1012874
107921,Karaçoban,2165,25,225,TR,adm2,,,39.34364000,42.09918000,Karaçoban,23246,Europe/Istanbul,"{""br"":""Karaçoban"",""ko"":""카라초반"",""pt-BR"":""Karaçoban"",""pt"":""Karaçoban"",""nl"":""Karaçoban"",""hr"":""Karačoban"",""fa"":""کاراچوبان"",""de"":""Karaçoban"",""es"":""Karaçoban"",""fr"":""Karaçoban"",""ja"":""カラソバン"",""it"":""Karaçoban"",""zh-CN"":""卡拉索班"",""tr"":""Karaçoban"",""ru"":""Карачобан"",""uk"":""Карачобан"",""pl"":""Karaçoban"",""hi"":""कराकोबान"",""ar"":""كاراكوبان""}",2019-10-06T10:31:21,2025-12-02T14:38:56,1,Q1023333
107924,Kargı,2173,19,225,TR,adm2,,,41.14377000,34.49342000,Kargı,15684,Europe/Istanbul,"{""br"":""Kargı"",""ko"":""카르기"",""pt-BR"":""Kargi"",""pt"":""Kargi"",""nl"":""Kargı"",""hr"":""Kargı"",""fa"":""کارگی"",""de"":""Kargı"",""es"":""Kargı"",""fr"":""Kargi"",""ja"":""カルギ"",""it"":""Kargı"",""zh-CN"":""卡尔吉"",""tr"":""Kargı"",""ru"":""Карги"",""uk"":""Каргі"",""pl"":""Kargı"",""hi"":""कार्गी"",""ar"":""كارجي""}",2019-10-06T10:31:21,2025-12-02T17:11:50,1,Q1023333
107925,Karkamış,2203,27,225,TR,adm2,,,36.83452000,37.99830000,Karkamış,4951,Europe/Istanbul,"{""br"":""Karkamış"",""ko"":""카르카미스"",""pt-BR"":""Karkamış"",""pt"":""Karkamış"",""nl"":""Karkamış"",""hr"":""Karkamış"",""fa"":""کرکمیش"",""de"":""Karkamış"",""es"":""Karkamış"",""fr"":""Karkamış"",""ja"":""カルカムシュ"",""it"":""Karkamış"",""zh-CN"":""卡尔卡米什"",""tr"":""Karkamış"",""ru"":""Каркамыш"",""uk"":""Каркаміш"",""pl"":""Karkamış"",""hi"":""करकामीश"",""ar"":""كركاميش""}",2019-10-06T10:31:21,2025-12-02T14:39:31,1,Q1018531
107927,Karlıova,2153,12,225,TR,adm2,,,39.29044000,41.00594000,Karlıova,8801,Europe/Istanbul,"{""br"":""Karlıova"",""ko"":""카를로바"",""pt-BR"":""Karlıova"",""pt"":""Karlıova"",""nl"":""Karlıova"",""hr"":""Karlıova"",""fa"":""کارلووا"",""de"":""Karlıova"",""es"":""Karlova"",""fr"":""Karlıova"",""ja"":""カルリオヴァ"",""it"":""Karlıova"",""zh-CN"":""卡尔利奥娃"",""tr"":""Karlıova"",""ru"":""Карлыова"",""uk"":""Карліова"",""pl"":""Karlıova"",""hi"":""कार्लियोवा"",""ar"":""كارليوفا""}",2019-10-06T10:31:22,2025-12-02T14:39:31,1,Q1018531
107929,Karpuzlu,2187,09,225,TR,adm2,,,37.55861000,27.83528000,Karpuzlu,2166,Europe/Istanbul,"{""br"":""Karpuzlu"",""ko"":""카르푸즐루"",""pt-BR"":""Karpuzlu"",""pt"":""Karpuzlu"",""nl"":""Karpuzlu"",""hr"":""Karpuzlu"",""fa"":""کارپوزلو"",""de"":""Karpuzlu"",""es"":""Karpuzlu"",""fr"":""Karpuzlu"",""ja"":""カルプズル"",""it"":""Karpuzlu"",""zh-CN"":""卡尔普兹卢"",""tr"":""Karpuzlu"",""ru"":""Карпузлу"",""uk"":""Карпузлу"",""pl"":""Karpuzlu"",""hi"":""करपुज़्लु"",""ar"":""كاربوزلو""}",2019-10-06T10:31:22,2025-12-02T14:39:31,1,Q1023304
107931,Merkez,2208,36,225,TR,city,,,40.59825000,43.08548000,Merkez,,Europe/Istanbul,"{""br"":""Merkez"",""ko"":""메르케즈"",""pt-BR"":""Merkez"",""pt"":""Merkez"",""nl"":""Merkez"",""hr"":""Merkez"",""fa"":""مرکز"",""de"":""Merkez"",""es"":""Merkez"",""fr"":""Merkez"",""ja"":""メルケス"",""it"":""Merkez"",""zh-CN"":""梅尔克兹"",""tr"":""Merkez"",""ru"":""Меркез"",""uk"":""Меркез"",""pl"":""Merkez"",""hi"":""मर्केज़"",""ar"":""مركز""}",2019-10-06T10:31:22,2025-12-02T16:59:27,1,Q127063
107933,Kartal,2170,34,225,TR,city,,,40.91197000,29.21190000,Kartal,483418,Europe/Istanbul,"{""br"":""Kartal"",""ko"":""카르탈"",""pt-BR"":""Kartal"",""pt"":""Kartal"",""nl"":""Kartal"",""hr"":""Kartal"",""fa"":""کارتال"",""de"":""Kartal"",""es"":""Kartal"",""fr"":""Kartal"",""ja"":""カルタル"",""it"":""Kartal"",""zh-CN"":""卡尔塔尔"",""tr"":""Kartal"",""ru"":""Картал"",""uk"":""Картал"",""pl"":""Kartał"",""hi"":""करताल"",""ar"":""كارتال""}",2019-10-06T10:31:22,2025-12-02T17:11:50,1,Q639014
107934,Kartepe,2195,41,225,TR,adm2,,,40.75246000,30.02787000,Kartepe,118066,Europe/Istanbul,"{""br"":""Kartepe"",""ko"":""카르테페"",""pt-BR"":""Kartepe"",""pt"":""Kartepe"",""nl"":""Kartepe"",""hr"":""Kartepe"",""fa"":""کارتپه"",""de"":""Kartepe"",""es"":""Kartepe"",""fr"":""Carte"",""ja"":""カルテペ"",""it"":""Kartepe"",""zh-CN"":""卡特佩"",""tr"":""Kartepe"",""ru"":""Картепе"",""uk"":""Картепе"",""pl"":""Kartape"",""hi"":""कार्टेपे"",""ar"":""كارتيبي""}",2019-10-06T10:31:22,2025-12-02T17:11:50,1,Q2578786
107937,Karşıyaka,2205,35,225,TR,adm2,,,38.46775000,27.11502000,Karşıyaka,0,Europe/Istanbul,"{""br"":""Karşıyaka"",""ko"":""카르시야카"",""pt-BR"":""Karşıyaka"",""pt"":""Karşıyaka"",""nl"":""Karşıyaka"",""hr"":""Karšijaka"",""fa"":""کارشیاکا"",""de"":""Karşıyaka"",""es"":""Karşıyaka"",""fr"":""Karşıyaka"",""ja"":""カルシュヤカ"",""it"":""Karşıyaka"",""zh-CN"":""卡尔什亚卡"",""tr"":""Karşıyaka"",""ru"":""Каршияка"",""uk"":""Каршіяка"",""pl"":""Karşıyaka"",""hi"":""कार्सियाका"",""ar"":""كارشياكا""}",2019-10-06T10:31:22,2025-12-02T14:39:31,1,Q2670720
107939,Merkez,2197,37,225,TR,city,,,41.37805000,33.77528000,Merkez,,Europe/Istanbul,"{""br"":""Merkez"",""ko"":""메르케즈"",""pt-BR"":""Merkez"",""pt"":""Merkez"",""nl"":""Merkez"",""hr"":""Merkez"",""fa"":""مرکز"",""de"":""Merkez"",""es"":""Merkez"",""fr"":""Merkez"",""ja"":""メルケス"",""it"":""Merkez"",""zh-CN"":""梅尔克兹"",""tr"":""Merkez"",""ru"":""Меркез"",""uk"":""Меркез"",""pl"":""Merkez"",""hi"":""मर्केज़"",""ar"":""مركز""}",2019-10-06T10:31:22,2025-12-02T16:59:27,1,Q155915
107940,Kavak,2220,55,225,TR,adm2,,,41.07833000,36.04250000,Kavak,9042,Europe/Istanbul,"{""br"":""Kavak"",""ko"":""카박"",""pt-BR"":""Kavak"",""pt"":""Kavak"",""nl"":""Kavak"",""hr"":""Kavak"",""fa"":""کاواک"",""de"":""Kavak"",""es"":""Kavak"",""fr"":""Kavak"",""ja"":""カヴァク"",""it"":""Kavak"",""zh-CN"":""卡瓦克"",""tr"":""Kavak"",""ru"":""Кавак"",""uk"":""Кавак"",""pl"":""Kavak"",""hi"":""कावाक"",""ar"":""كافاك""}",2019-10-06T10:31:22,2025-12-02T14:39:31,1,Q155915
107943,Kavaklıdere,2182,48,225,TR,adm2,,,37.43929000,28.38402000,Kavaklıdere,3101,Europe/Istanbul,"{""br"":""Kavaklıdere"",""ko"":""카바클리데레"",""pt-BR"":""Kavaklıdere"",""pt"":""Kavaklıdere"",""nl"":""Kavaklıdere"",""hr"":""Kavaklidere"",""fa"":""کاواکلیدره"",""de"":""Kavaklıdere"",""es"":""Kavaklıdere"",""fr"":""Kavaklıdere"",""ja"":""カヴァクリデレ"",""it"":""Kavaklıdere"",""zh-CN"":""卡瓦克利德雷"",""tr"":""Kavaklıdere"",""ru"":""Каваклыдере"",""uk"":""Каваклідере"",""pl"":""Kavaklıdere"",""hi"":""कावाक्लिदेरे"",""ar"":""Kavaklıdere""}",2019-10-06T10:31:22,2025-12-02T17:11:50,1,Q1737217
107948,Kayapınar,2226,21,225,TR,adm2,,,37.93800000,40.17310000,Kayapınar,95,Europe/Istanbul,"{""br"":""Kayapınar"",""ko"":""카야피나르"",""pt-BR"":""Kayapınar"",""pt"":""Kayapınar"",""nl"":""Kayapınar"",""hr"":""Kayapinar"",""fa"":""کایاپینار"",""de"":""Kayapınar"",""es"":""Kayapınar"",""fr"":""Kayapınar"",""ja"":""カヤプナル"",""it"":""Kayapınar"",""zh-CN"":""卡亚皮纳尔"",""tr"":""Kayapınar"",""ru"":""Каяпынар"",""uk"":""Каяпінар"",""pl"":""Kayapınar"",""hi"":""कायापिनार"",""ar"":""كايابينار""}",2019-10-06T10:31:22,2025-12-02T17:11:50,1,Q1737217
107951,Kaynarca,2150,54,225,TR,adm2,,,41.03083000,30.30750000,Kaynarca,6183,Europe/Istanbul,"{""br"":""Kaynarca"",""ko"":""카이나르카"",""pt-BR"":""Kaynarca"",""pt"":""Kaynarca"",""nl"":""Kaynarca"",""hr"":""Kaynarca"",""fa"":""کاینارکا"",""de"":""Kaynarca"",""es"":""Kaynarca"",""fr"":""Kaynarca"",""ja"":""カイナルカ"",""it"":""Kaynarca"",""zh-CN"":""凯纳卡"",""tr"":""Kaynarca"",""ru"":""Кайнарка"",""uk"":""Кайнарка"",""pl"":""Kaynarca"",""hi"":""कायनार्का"",""ar"":""كايناركا""}",2019-10-06T10:31:22,2025-12-02T14:39:31,1,Q6380633
107953,Kaynaşlı,2202,81,225,TR,adm2,,,40.77908000,31.31135000,Kaynaşlı,20772,Europe/Istanbul,"{""br"":""Kaynaşlı"",""ko"":""카이나슬리"",""pt-BR"":""Kaynaşlı"",""pt"":""Kaynaşlı"",""nl"":""Kaynaşlı"",""hr"":""Kajnašli"",""fa"":""کایناشلی"",""de"":""Kaynaşlı"",""es"":""Kaynaşlı"",""fr"":""Kaynaşlı"",""ja"":""カイナシュリ"",""it"":""Kaynaşlı"",""zh-CN"":""凯纳什利"",""tr"":""Kaynaşlı"",""ru"":""Кайнашли"",""uk"":""Кайнашли"",""pl"":""Kaynaşlı"",""hi"":""कायनासली"",""ar"":""كايناشلي""}",2019-10-06T10:31:22,2025-12-02T17:11:50,1,Q2901058
107958,Kazımkarabekir,2184,70,225,TR,adm2,,,37.23028000,32.95889000,Kazımkarabekir,4407,Europe/Istanbul,"{""br"":""Kazımkarabekir"",""ko"":""카짐카라베키르"",""pt-BR"":""Kazımkarabekir"",""pt"":""Kazımkarabekir"",""nl"":""Kazımkarabekir"",""hr"":""Kazımkarabekir"",""fa"":""کازیم‌قارابکیر"",""de"":""Kazımkarabekir"",""es"":""Kazımkarabekir"",""fr"":""Kazımkarabekir"",""ja"":""カズムカラベキル"",""it"":""Kazımkarabekir"",""zh-CN"":""卡兹姆卡拉贝基尔"",""tr"":""Kazımkarabekir"",""ru"":""Казымкарабекир"",""uk"":""Казимкарабекір"",""pl"":""Kazımkarabekir"",""hi"":""काज़िमकाराबेकिर"",""ar"":""كازمكارابيكير""}",2019-10-06T10:31:22,2025-12-02T14:38:56,1,Q6380706
107960,Kağızman,2208,36,225,TR,adm2,,,40.15669000,43.13424000,Kağızman,25157,Europe/Istanbul,"{""br"":""Kağızman"",""ko"":""카즈만"",""pt-BR"":""Kağızman"",""pt"":""Kağızman"",""nl"":""Kağızman"",""hr"":""Kağızman"",""fa"":""کاغیزمان"",""de"":""Kağızman"",""es"":""Kağızman"",""fr"":""Kağızman"",""ja"":""カズマン"",""it"":""Kağızman"",""zh-CN"":""卡吉兹曼"",""tr"":""Kağızman"",""ru"":""Кагызман"",""uk"":""Каґізман"",""pl"":""Kağızman"",""hi"":""कागिज़मैन"",""ar"":""كاغيزمان""}",2019-10-06T10:31:22,2025-12-02T14:39:31,1,Q6380706
107962,Kaş,2169,07,225,TR,city,,,36.20176000,29.63766000,Kaş,7800,Europe/Istanbul,"{""br"":""Kaş"",""ko"":""카스"",""pt-BR"":""Kaş"",""pt"":""Kaş"",""nl"":""Kaş"",""hr"":""Kaš"",""fa"":""کاش"",""de"":""Kaş"",""es"":""Kaş"",""fr"":""Kas"",""ja"":""カシュ"",""it"":""Kaş"",""zh-CN"":""卡什"",""tr"":""Kaş"",""ru"":""Каш"",""uk"":""Каш"",""pl"":""Kaş"",""hi"":""कास"",""ar"":""كاش""}",2019-10-06T10:31:22,2025-12-02T14:39:31,1,Q1004438
107964,Keban,2159,23,225,TR,adm2,,,38.79380000,38.73517000,Keban,5837,Europe/Istanbul,"{""br"":""Keban"",""ko"":""케반"",""pt-BR"":""Keban"",""pt"":""Keban"",""nl"":""Keban"",""hr"":""Keban"",""fa"":""کبان"",""de"":""Keban"",""es"":""Keban"",""fr"":""Keban"",""ja"":""ケバン"",""it"":""Keban"",""zh-CN"":""科班"",""tr"":""Keban"",""ru"":""Кебан"",""uk"":""Кебан"",""pl"":""Keban"",""hi"":""केबन"",""ar"":""كيبان""}",2019-10-06T10:31:22,2025-12-02T14:39:31,1,Q1004438
107967,Keles,2163,16,225,TR,adm2,,,39.91361000,29.22944000,Keles,3772,Europe/Istanbul,"{""br"":""Keles"",""ko"":""켈레스"",""pt-BR"":""Keles"",""pt"":""Keles"",""nl"":""Keles"",""hr"":""Keleš"",""fa"":""کلس"",""de"":""Keles"",""es"":""Keles"",""fr"":""Keles"",""ja"":""ケレス"",""it"":""Keles"",""zh-CN"":""凯莱斯"",""tr"":""Keles"",""ru"":""Келес"",""uk"":""Келес"",""pl"":""Keles"",""hi"":""केलेस"",""ar"":""كيليس""}",2019-10-06T10:31:22,2025-12-02T14:39:31,1,Q1023265
107969,Kelkit,2204,29,225,TR,adm2,,,40.12682000,39.43424000,Kelkit,23870,Europe/Istanbul,"{""br"":""Kelkit"",""ko"":""켈킷"",""pt-BR"":""Kelkit"",""pt"":""Kelkit"",""nl"":""Kelkit"",""hr"":""Kelkit"",""fa"":""کلکیت"",""de"":""Kelkit"",""es"":""Kelkit"",""fr"":""Kelkit"",""ja"":""ケルキット"",""it"":""Kelkit"",""zh-CN"":""凯尔基特"",""tr"":""Kelkit"",""ru"":""Келкит"",""uk"":""Келкіт"",""pl"":""Kelkit"",""hi"":""केल्किट"",""ar"":""كلكيت""}",2019-10-06T10:31:22,2025-12-02T14:39:31,1,Q2473777
107971,Kemah,2160,24,225,TR,adm2,,,39.59606000,39.02329000,Çadır,2549,Europe/Istanbul,"{""br"":""Kemah"",""ko"":""케마"",""pt-BR"":""Kemah"",""pt"":""Kemah"",""nl"":""Kemah"",""hr"":""Kemah"",""fa"":""کمه"",""de"":""Kemah"",""es"":""Kemah"",""fr"":""Kemah"",""ja"":""ケマー"",""it"":""Kemah"",""zh-CN"":""凯马"",""tr"":""Kemah"",""ru"":""Кема"",""uk"":""Кемах"",""pl"":""Kemah"",""hi"":""केमाह"",""ar"":""كيما""}",2019-10-06T10:31:22,2025-12-02T14:39:31,1,Q1023301
107973,Kemaliye,2160,24,225,TR,adm2,,,39.26288000,38.49674000,Kemaliye,2323,Europe/Istanbul,"{""br"":""Kemaliye"",""ko"":""케말리예"",""pt-BR"":""Kemaliye"",""pt"":""Kemaliye"",""nl"":""Kemaliye"",""hr"":""Kemaliye"",""fa"":""کمالیه"",""de"":""Kemaliye"",""es"":""Kemaliye"",""fr"":""Kemaliye"",""ja"":""ケマリエ"",""it"":""Kemaliye"",""zh-CN"":""凯马利耶"",""tr"":""Kemaliye"",""ru"":""Кемалийе"",""uk"":""Кемаліє"",""pl"":""Kemaliye"",""hi"":""केमालिये"",""ar"":""كمالية""}",2019-10-06T10:31:22,2025-12-02T14:39:31,1,Q1023301
107975,Kemalpaşa,2191,08,225,TR,adm2,,,41.48336000,41.52750000,Kemalpaşa,0,Europe/Istanbul,"{""br"":""Kemalpaşa"",""ko"":""케말파샤"",""pt-BR"":""Kemalpaşa"",""pt"":""Kemalpaşa"",""nl"":""Kemalpaşa"",""hr"":""Kemalpaša"",""fa"":""کمال پاشا"",""de"":""Kemalpaşa"",""es"":""Kemalpaşa"",""fr"":""Kemalpaşa"",""ja"":""ケマルパシャ"",""it"":""Kemalpaşa"",""zh-CN"":""凯末尔帕夏"",""tr"":""Kemalpaşa"",""ru"":""Кемальпаша"",""uk"":""Кемальпаша"",""pl"":""Kemalpaşa"",""hi"":""केमलपासा"",""ar"":""كمال باشا""}",2019-10-06T10:31:22,2025-12-02T14:39:31,1,Q4817429
107976,Kemalpaşa,2205,35,225,TR,city,,,38.40883000,27.49100000,Kemalpaşa,106298,Europe/Istanbul,"{""br"":""Kemalpaşa"",""ko"":""케말파샤"",""pt-BR"":""Kemalpaşa"",""pt"":""Kemalpaşa"",""nl"":""Kemalpaşa"",""hr"":""Kemalpaša"",""fa"":""کمال پاشا"",""de"":""Kemalpaşa"",""es"":""Kemalpaşa"",""fr"":""Kemalpaşa"",""ja"":""ケマルパシャ"",""it"":""Kemalpaşa"",""zh-CN"":""凯末尔帕夏"",""tr"":""Kemalpaşa"",""ru"":""Кемальпаша"",""uk"":""Кемальпаша"",""pl"":""Kemalpaşa"",""hi"":""केमलपासा"",""ar"":""كمال باشا""}",2019-10-06T10:31:22,2025-12-02T16:59:27,1,Q2527260
107977,Kemer,2209,15,225,TR,adm2,,,37.35222000,30.06306000,Kemer,2217,Europe/Istanbul,"{""br"":""Kemer"",""ko"":""케메르"",""pt-BR"":""Kemer"",""pt"":""Kemer"",""nl"":""Kemer"",""hr"":""Kemer"",""fa"":""کمر"",""de"":""Kemer"",""es"":""Kemer"",""fr"":""Kemer"",""ja"":""ケメル"",""it"":""Kemer"",""zh-CN"":""凯梅尔"",""tr"":""Kemer"",""ru"":""Кемер"",""uk"":""Кемер"",""pl"":""Kemer"",""hi"":""केमेर"",""ar"":""كيمير""}",2019-10-06T10:31:22,2025-12-02T14:39:31,1,Q2527260
107978,Kemer,2169,07,225,TR,city,,,36.59778000,30.56056000,Kemer,17300,Europe/Istanbul,"{""br"":""Kemer"",""ko"":""케메르"",""pt-BR"":""Kemer"",""pt"":""Kemer"",""nl"":""Kemer"",""hr"":""Kemer"",""fa"":""کمر"",""de"":""Kemer"",""es"":""Kemer"",""fr"":""Kemer"",""ja"":""ケメル"",""it"":""Kemer"",""zh-CN"":""凯梅尔"",""tr"":""Kemer"",""ru"":""Кемер"",""uk"":""Кемер"",""pl"":""Kemer"",""hi"":""केमेर"",""ar"":""كيمير""}",2019-10-06T10:31:22,2025-12-02T14:39:31,1,Q2527260
107981,Kepez,2169,07,225,TR,city,,,37.01187000,30.75966000,Kepez,0,Europe/Istanbul,"{""br"":""Kepez"",""ko"":""케페즈"",""pt-BR"":""Kepez"",""pt"":""Kepez"",""nl"":""Kepez"",""hr"":""Kepez"",""fa"":""کپز"",""de"":""Kepez"",""es"":""Kepez"",""fr"":""Kepez"",""ja"":""ケペズ"",""it"":""Kepez"",""zh-CN"":""凯佩兹"",""tr"":""Kepez"",""ru"":""Кепез"",""uk"":""Кепез"",""pl"":""Kepez"",""hi"":""केपेज़"",""ar"":""كيبيز""}",2019-10-06T10:31:22,2025-12-02T17:11:50,1,Q727065
107982,Kepsut,2175,10,225,TR,adm2,,,39.68889000,28.15222000,Kepsut,5542,Europe/Istanbul,"{""br"":""Kepsut"",""ko"":""케프수트"",""pt-BR"":""Kepsut"",""pt"":""Kepsut"",""nl"":""Kepsut"",""hr"":""Kepsut"",""fa"":""کپسوت"",""de"":""Kepsut"",""es"":""Kepsut"",""fr"":""Kepsut"",""ja"":""ケプスト"",""it"":""Kepsut"",""zh-CN"":""凯普苏特"",""tr"":""Kepsut"",""ru"":""Кепсут"",""uk"":""Кепсут"",""pl"":""Kepsut"",""hi"":""केपसुत"",""ar"":""كبسوت""}",2019-10-06T10:31:22,2025-12-02T14:39:31,1,Q727065
107985,Keskin,2178,71,225,TR,adm2,,,39.67306000,33.61361000,Sert,49679,Europe/Istanbul,"{""br"":""Keskin"",""ko"":""케스킨"",""pt-BR"":""Keskin"",""pt"":""Keskin"",""nl"":""Keskin"",""hr"":""Keskin"",""fa"":""کسکین"",""de"":""Keskin"",""es"":""Keskin"",""fr"":""Keskin"",""ja"":""ケスキン"",""it"":""Keskin"",""zh-CN"":""凯斯金"",""tr"":""Keskin"",""ru"":""Кескин"",""uk"":""Кескін"",""pl"":""Keskin"",""hi"":""केस्किन"",""ar"":""كيسكين""}",2019-10-06T10:31:22,2025-12-02T14:39:31,1,Q2447988
107987,Kestel,2163,16,225,TR,adm2,,,40.19828000,29.21237000,Sırada,36185,Europe/Istanbul,"{""br"":""Kestel"",""ko"":""케스텔"",""pt-BR"":""Kestel"",""pt"":""Kestel"",""nl"":""Kestel"",""hr"":""Kestel"",""fa"":""کستل"",""de"":""Kestel"",""es"":""Kestel"",""fr"":""Kestel"",""ja"":""ケステル"",""it"":""Kestel"",""zh-CN"":""凯斯特尔"",""tr"":""Kestel"",""ru"":""Кестель"",""uk"":""Кестель"",""pl"":""Kestel"",""hi"":""केस्टेल"",""ar"":""كاستل""}",2019-10-06T10:31:22,2025-12-02T14:39:31,1,Q2447988
107989,Keçiborlu,2222,32,225,TR,adm2,,,37.94250000,30.30222000,Keçiborlu,11083,Europe/Istanbul,"{""br"":""Keçiborlu"",""ko"":""케치보를루"",""pt-BR"":""Keçiborlu"",""pt"":""Keçiborlu"",""nl"":""Keçiborlu"",""hr"":""Keçiborlu"",""fa"":""کچیبورلو"",""de"":""Keçiborlu"",""es"":""Keçiborlu"",""fr"":""Keçiborlu"",""ja"":""ケチボルル"",""it"":""Keçiborlu"",""zh-CN"":""凯西博尔卢"",""tr"":""Keçiborlu"",""ru"":""Кечиборлу"",""uk"":""Кечіборлу"",""pl"":""Keçiborlu"",""hi"":""केचिबोर्लू"",""ar"":""كيتشيبورلو""}",2019-10-06T10:31:22,2025-12-02T14:39:31,1,Q2607431
107991,Keçiören,2217,06,225,TR,section,,,40.02106000,32.83102000,Keçiören,909787,Europe/Istanbul,"{""br"":""Keçiören"",""ko"":""케치오렌"",""pt-BR"":""Keçiören"",""pt"":""Keçiören"",""nl"":""Keçiören"",""hr"":""Keçiören"",""fa"":""کچیورن"",""de"":""Keçiören"",""es"":""Keçiören"",""fr"":""Keçiören"",""ja"":""ケチオレン"",""it"":""Keçiören"",""zh-CN"":""凯西奥伦"",""tr"":""Keçiören"",""ru"":""Кечиорен"",""uk"":""Кечіорен"",""pl"":""Keçiören"",""hi"":""केचियोरेन"",""ar"":""Keçiören""}",2019-10-06T10:31:22,2025-12-02T17:11:50,1,Q1004516
107992,Keşan,2151,22,225,TR,adm2,,,40.85583000,26.63028000,Keşan,84442,Europe/Istanbul,"{""br"":""Keşan"",""ko"":""케샨"",""pt-BR"":""Keşan"",""pt"":""Keşan"",""nl"":""Keşan"",""hr"":""Kešan"",""fa"":""کشان"",""de"":""Keşan"",""es"":""Keşan"",""fr"":""Keşan"",""ja"":""ケシャン"",""it"":""Keşan"",""zh-CN"":""克尚"",""tr"":""Keşan"",""ru"":""Кешан"",""uk"":""Кешан"",""pl"":""Keşan"",""hi"":""इस्तांबुल"",""ar"":""كيشان""}",2019-10-06T10:31:22,2025-12-02T17:11:50,1,Q1004516
107994,Keşap,2186,28,225,TR,adm2,,,40.91387000,38.51442000,Keşap,20616,Europe/Istanbul,"{""br"":""Keşap"",""ko"":""케삽"",""pt-BR"":""Keşap"",""pt"":""Keşap"",""nl"":""Keşap"",""hr"":""Keşap"",""fa"":""کشاپ"",""de"":""Keşap"",""es"":""Keşap"",""fr"":""Keşap"",""ja"":""ケシャップ"",""it"":""Keşap"",""zh-CN"":""凯沙普"",""tr"":""Keşap"",""ru"":""Кешап"",""uk"":""Кешап"",""pl"":""Keşap"",""hi"":""केसाप"",""ar"":""كشاب""}",2019-10-06T10:31:22,2025-12-02T17:11:50,1,Q951495
107996,Kilimli,2213,67,225,TR,adm2,,,41.49111000,31.83861000,Kilimli,0,Europe/Istanbul,"{""br"":""Kilimli"",""ko"":""킬림리"",""pt-BR"":""Kilimli"",""pt"":""Kilimli"",""nl"":""Kilimli"",""hr"":""Kilimli"",""fa"":""کیلیملی"",""de"":""Kelimli"",""es"":""Kilimli"",""fr"":""Kilimli"",""ja"":""キリムリ"",""it"":""Kilimli"",""zh-CN"":""基利姆利"",""tr"":""Kilimli"",""ru"":""Килимли"",""uk"":""Килимлі"",""pl"":""Kilimli"",""hi"":""किलिमली"",""ar"":""كيليملي""}",2019-10-06T10:31:22,2025-12-02T14:39:31,1,Q3233266
107997,Merkez,2154,79,225,TR,city,,,36.71611000,37.11500000,Merkez,,Europe/Istanbul,"{""br"":""Merkez"",""ko"":""메르케즈"",""pt-BR"":""Merkez"",""pt"":""Merkez"",""nl"":""Merkez"",""hr"":""Merkez"",""fa"":""مرکز"",""de"":""Merkez"",""es"":""Merkez"",""fr"":""Merkez"",""ja"":""メルケス"",""it"":""Merkez"",""zh-CN"":""梅尔克兹"",""tr"":""Merkez"",""ru"":""Меркез"",""uk"":""Меркез"",""pl"":""Merkez"",""hi"":""मर्केज़"",""ar"":""مركز""}",2019-10-06T10:31:22,2025-12-02T17:11:50,1,Q206881
107999,Kiraz,2205,35,225,TR,adm2,,,38.23056000,28.20444000,Kiraz,11718,Europe/Istanbul,"{""br"":""Kiraz"",""ko"":""키라즈"",""pt-BR"":""Kiraz"",""pt"":""Kiraz"",""nl"":""Kiraz"",""hr"":""Kiraz"",""fa"":""کیراز"",""de"":""Kiraz"",""es"":""Kiraz"",""fr"":""Kiraz"",""ja"":""キラズ"",""it"":""Kiraz"",""zh-CN"":""基拉兹"",""tr"":""Kiraz"",""ru"":""Кираз"",""uk"":""Кіраз"",""pl"":""Kiraz"",""hi"":""किराज़"",""ar"":""كيراز""}",2019-10-06T10:31:22,2025-12-02T14:39:31,1,Q206881
108002,Kiğı,2153,12,225,TR,adm2,,,39.30894000,40.34995000,Kiğı,0,Europe/Istanbul,"{""br"":""Kiğı"",""ko"":""키그"",""pt-BR"":""Kiğı"",""pt"":""Kiğı"",""nl"":""Kiğı"",""hr"":""Kiği"",""fa"":""کیگی"",""de"":""Kiğı"",""es"":""Kiğı"",""fr"":""Kiğı"",""ja"":""キギ"",""it"":""Kiğı"",""zh-CN"":""基吉"",""tr"":""Kiğı"",""ru"":""Киги"",""uk"":""Кігі"",""pl"":""Kiğı"",""hi"":""Kigi"",""ar"":""كيغي""}",2019-10-06T10:31:22,2025-12-02T14:39:31,1,Q1023262
108003,Kocaali,2150,54,225,TR,adm2,,,41.05336000,30.85278000,Kocaali,15076,Europe/Istanbul,"{""br"":""Kocaali"",""ko"":""코칼리"",""pt-BR"":""Kocaali"",""pt"":""Kocaali"",""nl"":""Kocaali"",""hr"":""Kocaali"",""fa"":""کوکالی"",""de"":""Kocaali"",""es"":""Kocaali"",""fr"":""Kocaali"",""ja"":""コジャアリ"",""it"":""Kocaali"",""zh-CN"":""科贾利"",""tr"":""Kocaali"",""ru"":""Коджаали"",""uk"":""Коджаалі"",""pl"":""Kocaali"",""hi"":""कोकाली"",""ar"":""كوجالي""}",2019-10-06T10:31:22,2025-12-02T14:39:31,1,Q1023262
108008,Kocaköy,2226,21,225,TR,adm2,,,38.28889000,40.49786000,Kocaköy,6485,Europe/Istanbul,"{""br"":""Kocaköy"",""ko"":""코차쿄이"",""pt-BR"":""Kocaköy"",""pt"":""Kocaköy"",""nl"":""Kocaköy"",""hr"":""Kocaköy"",""fa"":""کوجاکوی"",""de"":""Kocaköy"",""es"":""Kocaköy"",""fr"":""Kocaköy"",""ja"":""コジャキョイ"",""it"":""Kocaköy"",""zh-CN"":""科恰科伊"",""tr"":""Kocaköy"",""ru"":""Коджакёй"",""uk"":""Коджакей"",""pl"":""Kocaköy"",""hi"":""कोकाकोय"",""ar"":""كوكاكوي""}",2019-10-06T10:31:22,2025-12-02T14:39:31,1,Q4822017
108010,Kocasinan,2200,38,225,TR,city,,,38.87959000,35.35540000,Kocasinan,407600,Europe/Istanbul,"{""br"":""Kokasinan"",""ko"":""코카시난"",""pt-BR"":""Kocasinan"",""pt"":""Kocasinan"",""nl"":""Kocasinan"",""hr"":""Kocasinan"",""fa"":""کوکاسینان"",""de"":""Kocasinan"",""es"":""Kocasinan"",""fr"":""Kocasinan"",""ja"":""コカシナン"",""it"":""Kocasinan"",""zh-CN"":""科卡西南"",""tr"":""Kocasinan"",""ru"":""Кокасинан"",""uk"":""Кокасінан"",""pl"":""Kocasinan"",""hi"":""कोकासिनान"",""ar"":""كوكاسينان""}",2019-10-06T10:31:22,2025-12-02T16:59:27,1,Q2355838
108011,Kofçaz,2176,39,225,TR,adm2,,,41.94481000,27.15829000,Kofçaz,1647,Europe/Istanbul,"{""br"":""Kofçaz"",""ko"":""코프차즈"",""pt-BR"":""Kofçaz"",""pt"":""Kofçaz"",""nl"":""Kofçaz"",""hr"":""Kofçaz"",""fa"":""کوفچاز"",""de"":""Kofçaz"",""es"":""Kofçaz"",""fr"":""Kofçaz"",""ja"":""コフチャズ"",""it"":""Kofçaz"",""zh-CN"":""科夫恰兹"",""tr"":""Kofçaz"",""ru"":""Кофчаз"",""uk"":""Кофцаз"",""pl"":""Kofçaz"",""hi"":""कोफ़्काज़"",""ar"":""كوفكاز""}",2019-10-06T10:31:22,2025-12-02T14:39:31,1,Q2355838
108013,Konak,2205,35,225,TR,adm1,,,38.41448000,27.14412000,Konak,208,Europe/Istanbul,"{""br"":""Konak"",""ko"":""코낙"",""pt-BR"":""Konak"",""pt"":""Konak"",""nl"":""Konak"",""hr"":""Konak"",""fa"":""کوناک"",""de"":""Konak"",""es"":""Konak"",""fr"":""Konak"",""ja"":""コナック"",""it"":""Konak"",""zh-CN"":""科纳克"",""tr"":""Konak"",""ru"":""Конак"",""uk"":""Конак"",""pl"":""Konak"",""hi"":""कोनक"",""ar"":""كوناك""}",2019-10-06T10:31:22,2025-12-02T17:11:50,1,Q2355838
108017,Konyaaltı,2169,07,225,TR,adm2,,,36.86424000,30.62714000,Konyaaltı,182112,Europe/Istanbul,"{""br"":""Konyaaltı"",""ko"":""콘야알티"",""pt-BR"":""Konyaaltı"",""pt"":""Konyaaltı"",""nl"":""Konyaaltı"",""hr"":""Konyaaltı"",""fa"":""کنییالتی"",""de"":""Konyaaltı"",""es"":""Konyaaltı"",""fr"":""Konyaaltı"",""ja"":""コニャアルトゥ"",""it"":""Konyaaltı"",""zh-CN"":""孔雅尔特"",""tr"":""Konyaaltı"",""ru"":""Коньяалты"",""uk"":""Коньяалти"",""pl"":""Konyaaltı"",""hi"":""कोन्याल्टी"",""ar"":""كونيالتي""}",2019-10-06T10:31:22,2025-12-02T17:11:50,1,Q79857
108018,Korgan,2174,52,225,TR,adm2,,,40.82472000,37.34667000,Kör,16733,Europe/Istanbul,"{""br"":""Korgan"",""ko"":""코르간"",""pt-BR"":""Korgan"",""pt"":""Korgan"",""nl"":""Korgan"",""hr"":""Korgan"",""fa"":""کورگان"",""de"":""Korgan"",""es"":""Korgan"",""fr"":""Korgan"",""ja"":""コルガン"",""it"":""Korgan"",""zh-CN"":""科尔甘"",""tr"":""Korgan"",""ru"":""Корган"",""uk"":""Корган"",""pl"":""Korgan"",""hi"":""कोर्गन"",""ar"":""كورغان""}",2019-10-06T10:31:22,2025-12-02T14:39:31,1,Q79857
108020,Korgun,2168,18,225,TR,adm2,,,40.73479000,33.51844000,Korgun,7659,Europe/Istanbul,"{""br"":""Korgun"",""ko"":""코르군"",""pt-BR"":""Korgun"",""pt"":""Korgun"",""nl"":""Korgun"",""hr"":""Korgun"",""fa"":""کورگون"",""de"":""Korgun"",""es"":""Korgun"",""fr"":""Korgun"",""ja"":""コルグン"",""it"":""Korgun"",""zh-CN"":""科尔贡"",""tr"":""Korgun"",""ru"":""Коргун"",""uk"":""Коргун"",""pl"":""Korgun"",""hi"":""कोर्गुन"",""ar"":""كورجون""}",2019-10-06T10:31:22,2025-12-02T14:39:31,1,Q1921284
108022,Korkut,2162,49,225,TR,adm2,,,38.73390000,41.78396000,Korkut,8078,Europe/Istanbul,"{""br"":""Korkut"",""ko"":""코르쿠트"",""pt-BR"":""Korkut"",""pt"":""Korkut"",""nl"":""Korkut"",""hr"":""Korkut"",""fa"":""کورکوت"",""de"":""Korkut"",""es"":""Korkut"",""fr"":""Korkut"",""ja"":""コルクト"",""it"":""Korkut"",""zh-CN"":""科尔库特"",""tr"":""Korkut"",""ru"":""Коркут"",""uk"":""Коркут"",""pl"":""Korkut"",""hi"":""कोरकुट"",""ar"":""كوركوت""}",2019-10-06T10:31:22,2025-12-02T14:39:31,1,Q1921284
108024,Korkuteli,2169,07,225,TR,adm2,,,37.06498000,30.19565000,Korkuteli,20465,Europe/Istanbul,"{""br"":""Korkuteli"",""ko"":""코르쿠텔리"",""pt-BR"":""Korkuteli"",""pt"":""Korkuteli"",""nl"":""Korkuteli"",""hr"":""Korkuteli"",""fa"":""کورکوتلی"",""de"":""Korkuteli"",""es"":""Korkuteli"",""fr"":""Korkuteli"",""ja"":""コルクテリ"",""it"":""Korkuteli"",""zh-CN"":""科尔库特利"",""tr"":""Korkuteli"",""ru"":""Коркутели"",""uk"":""Коркутелі"",""pl"":""Korkuteli"",""hi"":""कोरकुटेली"",""ar"":""كوركوتيلي""}",2019-10-06T10:31:22,2025-12-02T14:39:31,1,Q3010236
108027,Kovancılar,2159,23,225,TR,adm2,,,38.71882000,39.86268000,Kovancılar,22976,Europe/Istanbul,"{""br"":""Kovancılar"",""ko"":""코반칠라르"",""pt-BR"":""Kovancılar"",""pt"":""Kovancılar"",""nl"":""Kovancılar"",""hr"":""Kovancılar"",""fa"":""کووانجیلار"",""de"":""Kovancılar"",""es"":""Kovancılar"",""fr"":""Kovancılar"",""ja"":""コヴァンチラル"",""it"":""Kovancılar"",""zh-CN"":""科万契拉尔"",""tr"":""Kovancılar"",""ru"":""Кованджылар"",""uk"":""Кованджилар"",""pl"":""Kovancılar"",""hi"":""कोवांसिलर"",""ar"":""كوفانجيلار""}",2019-10-06T10:31:22,2025-12-02T14:39:31,1,Q6432728
108029,Koyulhisar,2181,58,225,TR,adm2,,,40.30184000,37.82336000,Koyulhisar,5495,Europe/Istanbul,"{""br"":""Koyulhisar"",""ko"":""코율히사르"",""pt-BR"":""Koyulhisar"",""pt"":""Koyulhisar"",""nl"":""Koyulhisar"",""hr"":""Koyulhisar"",""fa"":""کویول‌حیصار"",""de"":""Koyulhisar"",""es"":""Koyulhisar"",""fr"":""Koyulhisar"",""ja"":""コユルヒサール"",""it"":""Koyulhisar"",""zh-CN"":""科尤尔希萨尔"",""tr"":""Koyulhisar"",""ru"":""Коюлхисар"",""uk"":""Коюлхісар"",""pl"":""Koyulhisar"",""hi"":""कोयुल्हिसार"",""ar"":""كويولحصار""}",2019-10-06T10:31:22,2025-12-02T14:39:31,1,Q6432728
108032,Kozaklı,2196,50,225,TR,adm2,,,39.23204000,34.85585000,Kozaklı,402,Europe/Istanbul,"{""br"":""Kozaklı"",""ko"":""코자클리"",""pt-BR"":""Kozakli"",""pt"":""Kozakli"",""nl"":""Kozaklı"",""hr"":""Kozaklı"",""fa"":""کوزاکلی"",""de"":""Kozaklı"",""es"":""Kozaklı"",""fr"":""Kozaklı"",""ja"":""コザクリ"",""it"":""Kozaklı"",""zh-CN"":""科扎克勒"",""tr"":""Kozaklı"",""ru"":""Козаклы"",""uk"":""Козакли"",""pl"":""Kozaklı"",""hi"":""कोज़ाक्ली"",""ar"":""كوزاكلي""}",2019-10-06T10:31:22,2025-12-02T17:11:50,1,Q1004520
108033,Kozan,2212,01,225,TR,city,,,37.50000000,35.75000000,Kozan,132703,Europe/Istanbul,"{""br"":""Kozan"",""ko"":""코잔"",""pt-BR"":""Kozan"",""pt"":""Kozan"",""nl"":""Kozan"",""hr"":""Kozan"",""fa"":""کوزان"",""de"":""Kozan"",""es"":""Kozan"",""fr"":""Kozan"",""ja"":""甲山"",""it"":""Kozan"",""zh-CN"":""甲山"",""tr"":""Kozan"",""ru"":""Козан"",""uk"":""Козан"",""pl"":""Kozan"",""hi"":""कोज़ान"",""ar"":""كوزان""}",2019-10-06T10:31:22,2025-12-02T17:11:50,1,Q926426
108034,Kozlu,2213,67,225,TR,adm2,,,41.43194000,31.74583000,Kozlu,0,Europe/Istanbul,"{""br"":""Kozlu"",""ko"":""코즐루"",""pt-BR"":""Kozlu"",""pt"":""Kozlu"",""nl"":""Kozlu"",""hr"":""Kozlu"",""fa"":""کوزلو"",""de"":""Kozlu"",""es"":""Kozlu"",""fr"":""Kozlu"",""ja"":""コズル"",""it"":""Kozlu"",""zh-CN"":""科兹卢"",""tr"":""Kozlu"",""ru"":""Козлу"",""uk"":""Козлу"",""pl"":""Kozlu"",""hi"":""कोज़्लू"",""ar"":""كوزلو""}",2019-10-06T10:31:22,2025-12-02T14:39:31,1,Q1179637
108035,Kozluk,2194,72,225,TR,adm2,,,38.19249000,41.48705000,Kozluk,61437,Europe/Istanbul,"{""br"":""Kozluk"",""ko"":""코즐룩"",""pt-BR"":""Kozluk"",""pt"":""Kozluk"",""nl"":""Kozluk"",""hr"":""Kozluk"",""fa"":""کوزلوک"",""de"":""Kozluk"",""es"":""Kozluk"",""fr"":""Kozluk"",""ja"":""コズルク"",""it"":""Kozluk"",""zh-CN"":""科兹卢克"",""tr"":""Kozluk"",""ru"":""Козлук"",""uk"":""Козлук"",""pl"":""Kozluk"",""hi"":""कोज़लुक"",""ar"":""كوزلوك""}",2019-10-06T10:31:22,2025-12-02T17:11:50,1,Q477171
108036,Koçarlı,2187,09,225,TR,adm2,,,37.76113000,27.70583000,Koçarlı,8594,Europe/Istanbul,"{""br"":""Koçarlı"",""ko"":""코차를리"",""pt-BR"":""Koçarlı"",""pt"":""Koçarlı"",""nl"":""Koçarlı"",""hr"":""Koçarlı"",""fa"":""کوچارلی"",""de"":""Koçarlı"",""es"":""Koçarlı"",""fr"":""Koçarlı"",""ja"":""コチャルリ"",""it"":""Koçarlı"",""zh-CN"":""科恰尔勒"",""tr"":""Koçarlı"",""ru"":""Кочарлы"",""uk"":""Кочарли"",""pl"":""Koçarlı"",""hi"":""कोकार्ली"",""ar"":""كوشارلي""}",2019-10-06T10:31:22,2025-12-02T14:39:31,1,Q477171
108038,Kula,2198,45,225,TR,adm2,,,38.56775000,28.64146000,Özen,44410,Europe/Istanbul,"{""br"":""Kula"",""ko"":""쿨라"",""pt-BR"":""Kula"",""pt"":""Kula"",""nl"":""Kula"",""hr"":""Kula"",""fa"":""کولا"",""de"":""Kula"",""es"":""Kula"",""fr"":""Kula"",""ja"":""クラ"",""it"":""Kula"",""zh-CN"":""库拉"",""tr"":""Kula"",""ru"":""Кула"",""uk"":""Кула"",""pl"":""Kula"",""hi"":""कुला"",""ar"":""كولا""}",2019-10-06T10:31:22,2025-12-02T17:11:50,1,Q64831
108040,Kulp,2226,21,225,TR,adm2,,,38.49754000,41.00668000,Kulp,26569,Europe/Istanbul,"{""br"":""Kulp"",""ko"":""쿨프"",""pt-BR"":""Kulp"",""pt"":""Kulp"",""nl"":""Kulp"",""hr"":""Kulp"",""fa"":""کولپ"",""de"":""Kulp"",""es"":""Kulp"",""fr"":""Kulp"",""ja"":""クルプ"",""it"":""Kulp"",""zh-CN"":""库尔普"",""tr"":""Kulp"",""ru"":""Кульп"",""uk"":""Кульп"",""pl"":""Kulp"",""hi"":""कुल्प"",""ar"":""كولب""}",2019-10-06T10:31:22,2025-12-02T14:39:31,1,Q955561
108042,Kulu,2171,42,225,TR,adm2,,,39.09513000,33.07989000,Masraf,47037,Europe/Istanbul,"{""br"":""Kulu"",""ko"":""쿨루"",""pt-BR"":""Kulu"",""pt"":""Kulu"",""nl"":""Kulu"",""hr"":""Kulu"",""fa"":""کولو"",""de"":""Kulu"",""es"":""Kulu"",""fr"":""Kulu"",""ja"":""クル"",""it"":""Kulu"",""zh-CN"":""库鲁"",""tr"":""Kulu"",""ru"":""Кулу"",""uk"":""Кулу"",""pl"":""Kulu"",""hi"":""कुल्लू"",""ar"":""كولو""}",2019-10-06T10:31:22,2025-12-02T14:38:56,1,Q1948486
108044,Kuluncak,2158,44,225,TR,adm2,,,38.87656000,37.66279000,Kulunak,8384,Europe/Istanbul,"{""br"":""Kuluncak"",""ko"":""쿨룬차크"",""pt-BR"":""Kuluncak"",""pt"":""Kuluncak"",""nl"":""Kuluncak"",""hr"":""Kuluncak"",""fa"":""کولونچک"",""de"":""Kuluncak"",""es"":""Kuluncak"",""fr"":""Kuluncak"",""ja"":""クルンチャック"",""it"":""Kuluncak"",""zh-CN"":""库伦恰克"",""tr"":""Kuluncak"",""ru"":""Кулунчак"",""uk"":""Кулунчак"",""pl"":""Kuluncak"",""hi"":""कुलुनक"",""ar"":""كولونشاك""}",2019-10-06T10:31:22,2025-12-02T14:38:56,1,Q1948486
108050,Kumlu,2211,31,225,TR,adm2,,,36.36508000,36.45526000,Kumlu,0,Europe/Istanbul,"{""br"":""Kumlu"",""ko"":""쿰루"",""pt-BR"":""Kumlu"",""pt"":""Kumlu"",""nl"":""Kumlu"",""hr"":""Kumlu"",""fa"":""کوملو"",""de"":""Kumlu"",""es"":""Kumlu"",""fr"":""Kumlu"",""ja"":""クムル"",""it"":""Kumlu"",""zh-CN"":""库姆鲁"",""tr"":""Kumlu"",""ru"":""Кумлу"",""uk"":""Кумлу"",""pl"":""Kumlu"",""hi"":""कुमलू"",""ar"":""كوملو""}",2019-10-06T10:31:22,2025-12-02T14:39:31,1,Q1015322
108051,Kumluca,2169,07,225,TR,city,,,36.58000000,30.30000000,Kumluca,68610,Europe/Istanbul,"{""br"":""Kumluca"",""ko"":""쿰루카"",""pt-BR"":""Kumluca"",""pt"":""Kumluca"",""nl"":""Kumluca"",""hr"":""Kumluca"",""fa"":""کوملوکا"",""de"":""Kumluca"",""es"":""Kumluca"",""fr"":""Kumluca"",""ja"":""クルムルカ"",""it"":""Kumluca"",""zh-CN"":""库姆卢贾"",""tr"":""Kumluca"",""ru"":""Кумлуджа"",""uk"":""Кумлуджа"",""pl"":""Kumluca"",""hi"":""कुमलुका"",""ar"":""كوملوكا""}",2019-10-06T10:31:22,2025-12-02T17:11:50,1,Q1015322
108052,Kumru,2174,52,225,TR,adm2,,,40.87444000,37.26389000,Kumru,31438,Europe/Istanbul,"{""br"":""Kumru"",""ko"":""쿰루"",""pt-BR"":""Kumru"",""pt"":""Kumru"",""nl"":""Kumru"",""hr"":""Kumru"",""fa"":""کومرو"",""de"":""Kumru"",""es"":""Kumru"",""fr"":""Kumru"",""ja"":""クムル"",""it"":""Kumru"",""zh-CN"":""库姆鲁"",""tr"":""Kumru"",""ru"":""Кумру"",""uk"":""Кумру"",""pl"":""Kumru"",""hi"":""कुमरू"",""ar"":""كومرو""}",2019-10-06T10:31:22,2025-12-02T14:38:56,1,Q1015322
108055,Kurtalan,2207,56,225,TR,adm2,,,37.92533000,41.68493000,Kurtalan,32114,Europe/Istanbul,"{""br"":""Kurtalan"",""ko"":""쿠르탈란"",""pt-BR"":""Kurtalan"",""pt"":""Kurtalan"",""nl"":""Kurtalan"",""hr"":""Kurtalan"",""fa"":""کورتالان"",""de"":""Kurtalan"",""es"":""Kurtalan"",""fr"":""Kurtalan"",""ja"":""クルタラン"",""it"":""Kurtalan"",""zh-CN"":""库尔塔兰"",""tr"":""Kurtalan"",""ru"":""Курталан"",""uk"":""Курталан"",""pl"":""Kurtalan"",""hi"":""कुर्तलान"",""ar"":""كورتالان""}",2019-10-06T10:31:22,2025-12-02T14:39:31,1,Q1792040
108057,Kurucaşile,2148,74,225,TR,adm2,,,41.83781000,32.71621000,Kurucuşile,2066,Europe/Istanbul,"{""br"":""Kurucaşile"",""ko"":""쿠루카실레"",""pt-BR"":""Kurucaşile"",""pt"":""Kurucaşile"",""nl"":""Kurucaşile"",""hr"":""Kurucaşile"",""fa"":""کوروکاشیل"",""de"":""Kurucaşile"",""es"":""Kurucaşile"",""fr"":""Kurucaşile"",""ja"":""クルカシレ"",""it"":""Kurucaşile"",""zh-CN"":""库鲁恰希莱"",""tr"":""Kurucaşile"",""ru"":""Куруджашиле"",""uk"":""Куруджашіле"",""pl"":""Kurucaşile"",""hi"":""कुरुकासिले"",""ar"":""كوروكاشيل""}",2019-10-06T10:31:22,2025-12-02T14:39:31,1,Q1004659
108060,Kurşunlu,2168,18,225,TR,adm2,,,40.84101000,33.26028000,Kurşunlu,11956,Europe/Istanbul,"{""br"":""Kurşunlu"",""ko"":""쿠르순루"",""pt-BR"":""Kurşunlu"",""pt"":""Kurşunlu"",""nl"":""Kurşunlu"",""hr"":""Kurşunlu"",""fa"":""کورشونلو"",""de"":""Kurşunlu"",""es"":""Kurşunlu"",""fr"":""Kurşunlu"",""ja"":""クルシュンル"",""it"":""Kurşunlu"",""zh-CN"":""库尔松卢"",""tr"":""Kurşunlu"",""ru"":""Куршунлу"",""uk"":""Куршунлу"",""pl"":""Kursunlu"",""hi"":""कुर्सुनलु"",""ar"":""كورشونلو""}",2019-10-06T10:31:22,2025-12-02T14:38:56,1,Q1482869
108063,Kuyucak,2187,09,225,TR,adm2,,,37.91330000,28.45917000,Kuyucak,7017,Europe/Istanbul,"{""br"":""Kuyucak"",""ko"":""쿠유착"",""pt-BR"":""Kuyucak"",""pt"":""Kuyucak"",""nl"":""Kuyucak"",""hr"":""Kuyucak"",""fa"":""کویوجاک"",""de"":""Kuyucak"",""es"":""Kuyucak"",""fr"":""Kuyucak"",""ja"":""クユチャック"",""it"":""Kuyucak"",""zh-CN"":""库尤恰克"",""tr"":""Kuyucak"",""ru"":""Куюджак"",""uk"":""Куючак"",""pl"":""Kuyucak"",""hi"":""Kuyucak"",""ar"":""كويوكاك""}",2019-10-06T10:31:22,2025-12-02T14:39:31,1,Q1482869
108067,Kuşadası,2187,09,225,TR,adm2,,,37.86014000,27.25713000,Kuşadası,63177,Europe/Istanbul,"{""br"":""Kuşadası"",""ko"":""쿠샤다스"",""pt-BR"":""Kuşadası"",""pt"":""Kuşadası"",""nl"":""Kuşadası"",""hr"":""Kušadasi"",""fa"":""کوش‌آداسی"",""de"":""Kuşadası"",""es"":""Kuşadası"",""fr"":""Kuşadası"",""ja"":""クシャダス"",""it"":""Kuşadası"",""zh-CN"":""库萨达斯"",""tr"":""Kuşadası"",""ru"":""Кушадасы"",""uk"":""Кушадаси"",""pl"":""Kuşadası"",""hi"":""क्युसैडासी"",""ar"":""كوساداسي""}",2019-10-06T10:31:22,2025-12-02T14:39:31,1,Q211952
108069,Kâhta,2155,02,225,TR,adm2,,,37.78552000,38.62370000,Kâhta,73105,Europe/Istanbul,"{""br"":""Kâhta"",""ko"":""카타"",""pt-BR"":""Kâhta"",""pt"":""Kâhta"",""nl"":""Kâhta"",""hr"":""Kata"",""fa"":""کاهتا"",""de"":""Kâhta"",""es"":""Kâhta"",""fr"":""Kâhta"",""ja"":""カタ"",""it"":""Kâhta"",""zh-CN"":""卡赫塔"",""tr"":""Kâhta"",""ru"":""Кахта"",""uk"":""Кахта"",""pl"":""Kâhta"",""hi"":""Kahta"",""ar"":""كاهتا""}",2019-10-06T10:31:22,2025-12-02T14:39:31,1,Q211952
108071,Kâğıthane,2170,34,225,TR,section,,,41.08319000,28.97826000,Kâğıthane,455943,Europe/Istanbul,"{""br"":""Kâğıthane"",""ko"":""카구타네"",""pt-BR"":""Kâğıthane"",""pt"":""Kâğıthane"",""nl"":""Kâğıthane"",""hr"":""Kâğıthane"",""fa"":""کاغذخانه"",""de"":""Kâğıthane"",""es"":""Kâğıthane"",""fr"":""Kâğıthane"",""ja"":""カギタネ"",""it"":""Kâğıthane"",""zh-CN"":""卡塔内"",""tr"":""Kâğıthane"",""ru"":""Кыгытхане"",""uk"":""Кагітхане"",""pl"":""Kâğıthane"",""hi"":""कागिथाने"",""ar"":""كاغيثانة""}",2019-10-06T10:31:22,2025-12-02T17:11:50,1,Q284489
108072,Köprübaşı,2198,45,225,TR,adm2,,,38.74972000,28.40472000,Köprübaşı,4688,Europe/Istanbul,"{""br"":""Köprübaşı"",""ko"":""Köprübaşı"",""pt-BR"":""Köprübaşı"",""pt"":""Köprübaşı"",""nl"":""Köprübaşı"",""hr"":""Köprübaşi"",""fa"":""کوپروباشی"",""de"":""Köprübaşı"",""es"":""Prueba de compra"",""fr"":""Köprübaşı"",""ja"":""Köprübaşı"",""it"":""Köprübaşı"",""zh-CN"":""克普吕巴什"",""tr"":""Köprübaşı"",""ru"":""Köprübaşı"",""uk"":""Кепрубаші"",""pl"":""Köprübaşı"",""hi"":""कोप्रुबासी"",""ar"":""Köprübaşı""}",2019-10-06T10:31:22,2025-12-02T14:39:31,1,Q284489
108073,Köprübaşı,2206,61,225,TR,adm2,,,40.80692000,40.11439000,Köprübaşı,6401,Europe/Istanbul,"{""br"":""Köprübaşı"",""ko"":""Köprübaşı"",""pt-BR"":""Köprübaşı"",""pt"":""Köprübaşı"",""nl"":""Köprübaşı"",""hr"":""Köprübaşi"",""fa"":""کوپروباشی"",""de"":""Köprübaşı"",""es"":""Prueba de compra"",""fr"":""Köprübaşı"",""ja"":""Köprübaşı"",""it"":""Köprübaşı"",""zh-CN"":""克普吕巴什"",""tr"":""Köprübaşı"",""ru"":""Köprübaşı"",""uk"":""Кепрубаші"",""pl"":""Köprübaşı"",""hi"":""कोप्रुबासी"",""ar"":""Köprübaşı""}",2019-10-06T10:31:22,2025-12-02T14:38:56,1,Q284489
108076,Köprüköy,2165,25,225,TR,adm2,,,39.97178000,41.86804000,Köprüköy,0,Europe/Istanbul,"{""br"":""Köprüköy"",""ko"":""쾨프뤼쾨이"",""pt-BR"":""Köprüköy"",""pt"":""Köprüköy"",""nl"":""Köprüköy"",""hr"":""Köprüköy"",""fa"":""کوپروکوی"",""de"":""Köprüköy"",""es"":""Köprüköy"",""fr"":""Köprüköy"",""ja"":""キョプルキョイ"",""it"":""Köprüköy"",""zh-CN"":""科普吕科伊"",""tr"":""Köprüköy"",""ru"":""Кёпрюкёй"",""uk"":""Кепрюкей"",""pl"":""Köprüköy"",""hi"":""कोप्रुकोय"",""ar"":""كوبروكوي""}",2019-10-06T10:31:22,2025-12-02T14:39:31,1,Q1023324
108077,Körfez,2195,41,225,TR,adm2,,,40.76704000,29.78275000,Körfez,90580,Europe/Istanbul,"{""br"":""Körfez"",""ko"":""코르페즈"",""pt-BR"":""Körfez"",""pt"":""Körfez"",""nl"":""Körfez"",""hr"":""Körfez"",""fa"":""کورفز"",""de"":""Körfez"",""es"":""Körfez"",""fr"":""Körfez"",""ja"":""コルフェズ"",""it"":""Körfez"",""zh-CN"":""科尔菲茨"",""tr"":""Körfez"",""ru"":""Кёрфез"",""uk"":""Керфез"",""pl"":""Körfez"",""hi"":""Korfez"",""ar"":""كورفيز""}",2019-10-06T10:31:22,2025-12-02T14:39:31,1,Q27161
108079,Köse,2204,29,225,TR,adm2,,,40.20692000,39.64626000,Köse,9387,Europe/Istanbul,"{""br"":""Köse"",""ko"":""코세"",""pt-BR"":""Köse"",""pt"":""Köse"",""nl"":""Köse"",""hr"":""Köse"",""fa"":""کوس"",""de"":""Köse"",""es"":""Köse"",""fr"":""Köse"",""ja"":""コセ"",""it"":""Köse"",""zh-CN"":""科瑟"",""tr"":""Köse"",""ru"":""Кёсе"",""uk"":""Кьозе"",""pl"":""Köse"",""hi"":""कोसे"",""ar"":""كوس""}",2019-10-06T10:31:22,2025-12-02T14:38:56,1,Q27161
108083,Köyceğiz,2182,48,225,TR,city,,,36.97798000,28.72418000,Köyceğiz,38425,Europe/Istanbul,"{""br"":""Köyceğiz"",""ko"":""코이제이즈"",""pt-BR"":""Köyceğiz"",""pt"":""Köyceğiz"",""nl"":""Köyceğiz"",""hr"":""Köyceğiz"",""fa"":""کویجییز"",""de"":""Köyceğiz"",""es"":""Köyceğiz"",""fr"":""Köyceğiz"",""ja"":""コイチェイズ"",""it"":""Köyceğiz"",""zh-CN"":""克伊杰伊兹"",""tr"":""Köyceğiz"",""ru"":""Кёйджегиз"",""uk"":""Кьойджегіз"",""pl"":""Köyceğiz"",""hi"":""Koycegiz"",""ar"":""كويجيجيز""}",2019-10-06T10:31:23,2025-12-02T16:59:27,1,Q993688
108084,Köşk,2187,09,225,TR,adm2,,,37.85333000,28.05167000,Köşk,9676,Europe/Istanbul,"{""br"":""Köşk"",""ko"":""쾨쉬크"",""pt-BR"":""Köşk"",""pt"":""Köşk"",""nl"":""Köşk"",""hr"":""Köşk"",""fa"":""کوشک"",""de"":""Köşk"",""es"":""Köşk"",""fr"":""Köşk"",""ja"":""コック"",""it"":""Köşk"",""zh-CN"":""柯什克"",""tr"":""Köşk"",""ru"":""Кёшк"",""uk"":""Кешк"",""pl"":""Köşk"",""hi"":""Kösk"",""ar"":""كوشك""}",2019-10-06T10:31:23,2025-12-02T14:39:31,1,Q993688
108088,Küre,2197,37,225,TR,adm2,,,41.80578000,33.71161000,Küre,3890,Europe/Istanbul,"{""br"":""Küre"",""ko"":""큐레"",""pt-BR"":""Küre"",""pt"":""Küre"",""nl"":""Küre"",""hr"":""Küre"",""fa"":""کوره"",""de"":""Küre"",""es"":""Küre"",""fr"":""Küre"",""ja"":""キュレ"",""it"":""Küre"",""zh-CN"":""库雷"",""tr"":""Küre"",""ru"":""Кюре"",""uk"":""Кюре"",""pl"":""Kure"",""hi"":""कुरे"",""ar"":""كوري""}",2019-10-06T10:31:23,2025-12-02T14:39:31,1,Q1891316
108090,Kürtün,2204,29,225,TR,adm2,,,40.69516000,39.09468000,Kürtün,3834,Europe/Istanbul,"{""br"":""Kürtün"",""ko"":""쿠르툰"",""pt-BR"":""Kürtün"",""pt"":""Kürtün"",""nl"":""Kürtün"",""hr"":""Kürtün"",""fa"":""کورتون"",""de"":""Kürtün"",""es"":""Kürtün"",""fr"":""Kürtün"",""ja"":""クルトゥン"",""it"":""Kürtün"",""zh-CN"":""库尔图恩"",""tr"":""Kürtün"",""ru"":""Кюртюн"",""uk"":""Кюртюн"",""pl"":""Kurtün"",""hi"":""कुर्तुन"",""ar"":""كورتون""}",2019-10-06T10:31:23,2025-12-02T14:39:31,1,Q1891316
108092,Merkez,2149,43,225,TR,adm1,,,39.42417000,29.98333000,Merkez,185008,Europe/Istanbul,"{""br"":""Merkez"",""ko"":""메르케즈"",""pt-BR"":""Merkez"",""pt"":""Merkez"",""nl"":""Merkez"",""hr"":""Merkez"",""fa"":""مرکز"",""de"":""Merkez"",""es"":""Merkez"",""fr"":""Merkez"",""ja"":""メルケス"",""it"":""Merkez"",""zh-CN"":""梅尔克兹"",""tr"":""Merkez"",""ru"":""Меркез"",""uk"":""Меркез"",""pl"":""Merkez"",""hi"":""मर्केज़"",""ar"":""مركز""}",2019-10-06T10:31:23,2025-12-02T14:39:31,1,Q188894
108095,Küçükçekmece,2170,34,225,TR,city,,,41.06947000,28.76983000,Küçükçekmece,740090,Europe/Istanbul,"{""br"":""Küçükçekmece"",""ko"":""쿠추크체크메체"",""pt-BR"":""Küçükçekmece"",""pt"":""Küçükçekmece"",""nl"":""Küçükçekmece"",""hr"":""Küçükçekmece"",""fa"":""کوچکچکمجه"",""de"":""Küçükçekmece"",""es"":""Küçükçekmece"",""fr"":""Küçükçekmece"",""ja"":""クチュクチェクメチェ"",""it"":""Küçükçekmece"",""zh-CN"":""库楚克切克梅杰"",""tr"":""Küçükçekmece"",""ru"":""Кючюкчекмедже"",""uk"":""Кючукчекмедже"",""pl"":""Küçükçekmece"",""hi"":""कुकुकेकमेसे"",""ar"":""كوجوك جكمجة""}",2019-10-06T10:31:23,2025-12-02T16:59:27,1,Q639240
108096,Kıbrıscık,2172,14,225,TR,adm2,,,40.40778000,31.85194000,Kıbrıscık,3220,Europe/Istanbul,"{""br"":""Kıbrıscık"",""ko"":""키브리시크"",""pt-BR"":""Kıbrıscık"",""pt"":""Kıbrıscık"",""nl"":""Kıbrıscık"",""hr"":""Kibriscik"",""fa"":""کیبریشیک"",""de"":""Kıbrıscık"",""es"":""Kıbrıscık"",""fr"":""Kıbrıscık"",""ja"":""キブリスク"",""it"":""Kıbrıscık"",""zh-CN"":""基布里希克"",""tr"":""Kıbrıscık"",""ru"":""Kıbrıscık"",""uk"":""Кібриджик"",""pl"":""Kıbrıscık"",""hi"":""किब्रिस्किक"",""ar"":""Kıbrıscık""}",2019-10-06T10:31:23,2025-12-02T14:38:56,1,Q639240
108101,Kınık,2205,35,225,TR,adm2,,,39.08722000,27.38333000,Kınık,10753,Europe/Istanbul,"{""br"":""Kınık"",""ko"":""킨크"",""pt-BR"":""Kink"",""pt"":""Kink"",""nl"":""Kınık"",""hr"":""Kinik"",""fa"":""کینیک"",""de"":""Kınık"",""es"":""Kınık"",""fr"":""Kınık"",""ja"":""クニク"",""it"":""Kınık"",""zh-CN"":""基尼克"",""tr"":""Kınık"",""ru"":""Кынык"",""uk"":""Кіник"",""pl"":""Kınık"",""hi"":""किनिक"",""ar"":""كينيك""}",2019-10-06T10:31:23,2025-12-02T14:39:31,1,Q639240
108104,Kırkağaç,2198,45,225,TR,adm2,,,39.10638000,27.66925000,Kırkağaç,27053,Europe/Istanbul,"{""br"":""Kırkağaç"",""ko"":""키르카아치"",""pt-BR"":""Kırkağaç"",""pt"":""Kırkağaç"",""nl"":""Kırkağaç"",""hr"":""Kırkağaç"",""fa"":""کرکاغاچ"",""de"":""Kirkağaç"",""es"":""Iglesia"",""fr"":""Kirkağaç"",""ja"":""クルカガチ"",""it"":""Kırkağaç"",""zh-CN"":""克尔卡格阿奇"",""tr"":""Kırkağaç"",""ru"":""Кыркагач"",""uk"":""Кіркагач"",""pl"":""Kırkağaç"",""hi"":""किर्कागाक"",""ar"":""كيركاغاش""}",2019-10-06T10:31:23,2025-12-02T14:39:31,1,Q1687179
108106,Merkez,2176,39,225,TR,adm1,,,41.73508000,27.22521000,Merkez,58223,Europe/Istanbul,"{""br"":""Merkez"",""ko"":""메르케즈"",""pt-BR"":""Merkez"",""pt"":""Merkez"",""nl"":""Merkez"",""hr"":""Merkez"",""fa"":""مرکز"",""de"":""Merkez"",""es"":""Merkez"",""fr"":""Merkez"",""ja"":""メルケス"",""it"":""Merkez"",""zh-CN"":""梅尔克兹"",""tr"":""Merkez"",""ru"":""Меркез"",""uk"":""Меркез"",""pl"":""Merkez"",""hi"":""मर्केज़"",""ar"":""مركز""}",2019-10-06T10:31:23,2025-12-02T14:39:31,1,Q206903
108107,Kırıkhan,2211,31,225,TR,adm2,,,36.49939000,36.35755000,Kırıkhan,60916,Europe/Istanbul,"{""br"":""Kırıkhan"",""ko"":""키르칸"",""pt-BR"":""Kirikhan"",""pt"":""Kirikhan"",""nl"":""Kırıkhan"",""hr"":""Kırıkhan"",""fa"":""کیریخان"",""de"":""Kırıkhan"",""es"":""Kirikhan"",""fr"":""Kirikhan"",""ja"":""クルハン"",""it"":""Kırıkhan"",""zh-CN"":""克尔勒汗"",""tr"":""Kırıkhan"",""ru"":""Кырыкхан"",""uk"":""Кирихан"",""pl"":""Kırıkhan"",""hi"":""किरिखान"",""ar"":""كيريخان""}",2019-10-06T10:31:23,2025-12-02T14:39:31,1,Q206903
108109,Merkez,2178,71,225,TR,adm1,,,39.84528000,33.50639000,Merkez,186960,Europe/Istanbul,"{""br"":""Merkez"",""ko"":""메르케즈"",""pt-BR"":""Merkez"",""pt"":""Merkez"",""nl"":""Merkez"",""hr"":""Merkez"",""fa"":""مرکز"",""de"":""Merkez"",""es"":""Merkez"",""fr"":""Merkez"",""ja"":""メルケス"",""it"":""Merkez"",""zh-CN"":""梅尔克兹"",""tr"":""Merkez"",""ru"":""Меркез"",""uk"":""Меркез"",""pl"":""Merkez"",""hi"":""मर्केज़"",""ar"":""مركز""}",2019-10-06T10:31:23,2025-12-02T14:39:31,1,Q206891
108110,Merkez,2180,40,225,TR,city,,,39.14583000,34.16389000,Merkez,,Europe/Istanbul,"{""br"":""Merkez"",""ko"":""메르케즈"",""pt-BR"":""Merkez"",""pt"":""Merkez"",""nl"":""Merkez"",""hr"":""Merkez"",""fa"":""مرکز"",""de"":""Merkez"",""es"":""Merkez"",""fr"":""Merkez"",""ja"":""メルケス"",""it"":""Merkez"",""zh-CN"":""梅尔克兹"",""tr"":""Merkez"",""ru"":""Меркез"",""uk"":""Меркез"",""pl"":""Merkez"",""hi"":""मर्केज़"",""ar"":""مركز""}",2019-10-06T10:31:23,2025-12-02T16:59:27,1,Q208005
108113,Kızılcahamam,2217,06,225,TR,adm2,,,40.46972000,32.65056000,Kızılcahamam,17975,Europe/Istanbul,"{""br"":""Kızılcahamam"",""ko"":""크질자하맘"",""pt-BR"":""Kızılcahamam"",""pt"":""Kızılcahamam"",""nl"":""Kızılcahamam"",""hr"":""Kızılcahamam"",""fa"":""قزلجا حمام"",""de"":""Kızılcahamam"",""es"":""Kızılcahamam"",""fr"":""Kızılcahamam"",""ja"":""キズルカハマム"",""it"":""Kızılcahamam"",""zh-CN"":""克孜尔贾哈曼"",""tr"":""Kızılcahamam"",""ru"":""Кызылкахамам"",""uk"":""Кизилкахамам"",""pl"":""Kızılcahamam"",""hi"":""Kizilcahamam"",""ar"":""كيزيلجاهامام""}",2019-10-06T10:31:23,2025-12-02T14:39:31,1,Q208005
108118,Kızıltepe,2224,47,225,TR,adm2,,,37.18836000,40.57723000,Kızıltepe,150174,Europe/Istanbul,"{""br"":""Kızıltepe"",""ko"":""크질테페"",""pt-BR"":""Kızıltepe"",""pt"":""Kızıltepe"",""nl"":""Kızıltepe"",""hr"":""Kızıltepe"",""fa"":""قزل‌تپه"",""de"":""Kıziltepe"",""es"":""Kiziltepe"",""fr"":""Kızıltepe"",""ja"":""クズルテペ"",""it"":""Kızıltepe"",""zh-CN"":""克孜尔泰佩"",""tr"":""Kızıltepe"",""ru"":""Кызылтепе"",""uk"":""Кизилтепе"",""pl"":""Kızıltepe"",""hi"":""किज़िल्टेपे"",""ar"":""كيزيلتيبي""}",2019-10-06T10:31:23,2025-12-02T14:39:31,1,Q693929
108120,Kızılören,2179,03,225,TR,adm2,,,38.25806000,30.15167000,Kızılören,2403,Europe/Istanbul,"{""br"":""Kızılören"",""ko"":""키질로렌"",""pt-BR"":""Kızılören"",""pt"":""Kızılören"",""nl"":""Kızılören"",""hr"":""Kızılören"",""fa"":""کیزیل‌اورن"",""de"":""Kızılören"",""es"":""Kızılören"",""fr"":""Kızılören"",""ja"":""キズロレン"",""it"":""Kızılören"",""zh-CN"":""克孜勒伦"",""tr"":""Kızılören"",""ru"":""Кызылорэн"",""uk"":""Кизилорен"",""pl"":""Kızılören"",""hi"":""किज़िलोरेन"",""ar"":""كيزيلورين""}",2019-10-06T10:31:23,2025-12-02T14:39:31,1,Q693929
108122,Kızılırmak,2168,18,225,TR,adm2,,,40.34556000,33.98639000,Kızılırmak,3260,Europe/Istanbul,"{""br"":""Kızılırmak"",""ko"":""크질르르막"",""pt-BR"":""Kızılırmak"",""pt"":""Kızılırmak"",""nl"":""Kızılırmak"",""hr"":""Kızılırmak"",""fa"":""قزل‌ایرماق"",""de"":""Kızılırmak"",""es"":""Kızılırmak"",""fr"":""Kızılırmak"",""ja"":""クズルルマク"",""it"":""Kızılırmak"",""zh-CN"":""克孜勒尔河"",""tr"":""Kızılırmak"",""ru"":""Кызылырмак"",""uk"":""Кизилирмак"",""pl"":""Kızılırmak"",""hi"":""किज़िलिर्मक"",""ar"":""كيزيليرماك""}",2019-10-06T10:31:23,2025-12-02T14:39:31,1,Q693929
108125,Ladik,2220,55,225,TR,adm2,,,40.91056000,35.89194000,Ladik,9542,Europe/Istanbul,"{""br"":""Ladik"",""ko"":""라딕"",""pt-BR"":""Ladik"",""pt"":""Ladik"",""nl"":""Ladik"",""hr"":""Ladik"",""fa"":""لادیک"",""de"":""Ladik"",""es"":""Chica"",""fr"":""Ladik"",""ja"":""ラディク"",""it"":""Ladik"",""zh-CN"":""拉迪克"",""tr"":""Ladik"",""ru"":""Ладик"",""uk"":""Ладік"",""pl"":""Ladik"",""hi"":""लाडिक"",""ar"":""لاديك""}",2019-10-06T10:31:23,2025-12-02T14:39:31,1,Q6454888
108127,Lapseki,2216,17,225,TR,adm2,,,40.34417000,26.68556000,Lapseki,10076,Europe/Istanbul,"{""br"":""Lapseki"",""ko"":""랍세키"",""pt-BR"":""Lapseki"",""pt"":""Lapseki"",""nl"":""Lapseki"",""hr"":""Lapseki"",""fa"":""لپسکی"",""de"":""Lapseki"",""es"":""Lapseki"",""fr"":""Lapseki"",""ja"":""ラプセキ"",""it"":""Lapseki"",""zh-CN"":""拉普塞基"",""tr"":""Lapseki"",""ru"":""Лапсеки"",""uk"":""Лапсекі"",""pl"":""Lapseki"",""hi"":""लापसेकी"",""ar"":""لابسيكي""}",2019-10-06T10:31:23,2025-12-02T14:39:31,1,Q2279679
108128,Laçin,2173,19,225,TR,adm2,,,40.77486000,34.88068000,Laçin,2471,Europe/Istanbul,"{""br"":""Laçin"",""ko"":""라신"",""pt-BR"":""Laçin"",""pt"":""Laçin"",""nl"":""Lacin"",""hr"":""Laçin"",""fa"":""لاچین"",""de"":""Laçin"",""es"":""Laçin"",""fr"":""Laçin"",""ja"":""ラシン"",""it"":""Laçin"",""zh-CN"":""拉辛"",""tr"":""Laçin"",""ru"":""Лачин"",""uk"":""Лачин"",""pl"":""Laçin"",""hi"":""लैसिन"",""ar"":""لاشين""}",2019-10-06T10:31:23,2025-12-02T14:39:31,1,Q2279679
108130,Lice,2226,21,225,TR,adm2,,,38.45821000,40.63888000,Bit,16336,Europe/Istanbul,"{""br"":""Laoued"",""ko"":""이가"",""pt-BR"":""Piolhos"",""pt"":""Piolhos"",""nl"":""Luizen"",""hr"":""Uši"",""fa"":""شپش"",""de"":""Läuse"",""es"":""Piojos"",""fr"":""Poux"",""ja"":""シラミ"",""it"":""Pidocchi"",""zh-CN"":""虱子"",""tr"":""Bitler"",""ru"":""Вши"",""uk"":""Воші"",""pl"":""Wszy"",""hi"":""जूँ"",""ar"":""قمل""}",2019-10-06T10:31:23,2025-12-02T14:39:31,1,Q1012828
108133,Lâlapaşa,2151,22,225,TR,adm2,,,41.83951000,26.73561000,Lâlapişa,2771,Europe/Istanbul,"{""br"":""Lâlapaşa"",""ko"":""라라파샤"",""pt-BR"":""Lâlapaşa"",""pt"":""Lâlapaşa"",""nl"":""Lâlapaşa"",""hr"":""Lalapaša"",""fa"":""لالاپاشا"",""de"":""Lâlapaşa"",""es"":""Lâlapaşa"",""fr"":""Lâlapaşa"",""ja"":""ララパシャ"",""it"":""Lâlapaşa"",""zh-CN"":""拉拉帕萨"",""tr"":""Lâlapaşa"",""ru"":""Лялапаша"",""uk"":""Лалапаша"",""pl"":""Lâlapaşa"",""hi"":""लालापासा"",""ar"":""لالاباشا""}",2019-10-06T10:31:23,2025-12-02T14:39:31,1,Q1012828
108136,Lüleburgaz,2176,39,225,TR,adm2,,,41.41495000,27.37325000,Lüleburgaz,148037,Europe/Istanbul,"{""br"":""Lüleburgaz"",""ko"":""룰레부르가즈"",""pt-BR"":""Lüleburgaz"",""pt"":""Lüleburgaz"",""nl"":""Lüleburgaz"",""hr"":""Lüleburgaz"",""fa"":""لولبورگاز"",""de"":""Lüleburgaz"",""es"":""Lüleburgaz"",""fr"":""Lüleburgaz"",""ja"":""リュレブルガズ"",""it"":""Lüleburgaz"",""zh-CN"":""吕莱布加兹"",""tr"":""Lüleburgaz"",""ru"":""Люлебургаз"",""uk"":""Люлебургаз"",""pl"":""Lüleburgaz"",""hi"":""लुलेबुर्गाज़"",""ar"":""لوليبورغاز""}",2019-10-06T10:31:23,2025-12-02T17:11:50,1,Q214670
108137,Maden,2159,23,225,TR,adm2,,,38.39354000,39.67252000,Yemek,885,Europe/Istanbul,"{""br"":""Maden"",""ko"":""마덴"",""pt-BR"":""Feito"",""pt"":""Feito"",""nl"":""Maden"",""hr"":""Maden"",""fa"":""مادن"",""de"":""Maden"",""es"":""Maden"",""fr"":""Maden"",""ja"":""マデン"",""it"":""Maden"",""zh-CN"":""马登"",""tr"":""Maden"",""ru"":""Маден"",""uk"":""Маден"",""pl"":""Maden"",""hi"":""मादेन"",""ar"":""مادن""}",2019-10-06T10:31:23,2025-12-02T17:11:50,1,Q214670
108138,Mahmudiye,2164,26,225,TR,adm2,,,39.50724000,30.99247000,Mahmudiye,7998,Europe/Istanbul,"{""br"":""Mahmudiye"",""ko"":""마흐무디예"",""pt-BR"":""Mahmudiye"",""pt"":""Mahmudiye"",""nl"":""Mahmudiye"",""hr"":""Mahmudiye"",""fa"":""محمودیه"",""de"":""Mahmudiye"",""es"":""Mahmudiye"",""fr"":""Mahmudiye"",""ja"":""マフムディエ"",""it"":""Mahmudiye"",""zh-CN"":""马哈茂迪耶"",""tr"":""Mahmudiye"",""ru"":""Махмудие"",""uk"":""Махмудіє"",""pl"":""Mahmudiye"",""hi"":""महमूदिये"",""ar"":""محمودية""}",2019-10-06T10:31:23,2025-12-02T17:11:50,1,Q214670
108142,Malazgirt,2162,49,225,TR,adm2,,,39.14650000,42.53536000,Malazgirt,26108,Europe/Istanbul,"{""br"":""Malazgirt"",""ko"":""말라즈기르트"",""pt-BR"":""Malazgirt"",""pt"":""Malazgirt"",""nl"":""Malazgirt"",""hr"":""Malazgirt"",""fa"":""مالازگیرت"",""de"":""Malazgirt"",""es"":""Malazgirt"",""fr"":""Malazgirt"",""ja"":""マラズギルト"",""it"":""Malazgirt"",""zh-CN"":""马拉兹吉尔特"",""tr"":""Malazgirt"",""ru"":""Малазгирт"",""uk"":""Малазгірт"",""pl"":""Malazgirt"",""hi"":""Malazgirt"",""ar"":""ملازغيرت""}",2019-10-06T10:31:23,2025-12-02T14:39:31,1,Q165995
108144,Malkara,2167,59,225,TR,adm2,,,40.89000000,26.90111000,Malkara,27427,Europe/Istanbul,"{""br"":""Malkara"",""ko"":""말카라"",""pt-BR"":""Malkara"",""pt"":""Malkara"",""nl"":""Malkara"",""hr"":""Malkara"",""fa"":""مالکارا"",""de"":""Malkara"",""es"":""Malkara"",""fr"":""Malkara"",""ja"":""マルカラ"",""it"":""Malkara"",""zh-CN"":""马尔卡拉"",""tr"":""Malkara"",""ru"":""Малкара"",""uk"":""Малкара"",""pl"":""Malkara"",""hi"":""मलकारा"",""ar"":""مالكارا""}",2019-10-06T10:31:23,2025-12-02T14:39:31,1,Q937499
108146,Maltepe,2170,34,225,TR,adm2,,,40.95890000,29.17866000,Maltepe,0,Europe/Istanbul,"{""br"":""Maltepe"",""ko"":""말테페"",""pt-BR"":""Maltepe"",""pt"":""Maltepe"",""nl"":""Maltepe"",""hr"":""Maltepe"",""fa"":""مالتپه"",""de"":""Maltepe"",""es"":""Maltepe"",""fr"":""Maltepe"",""ja"":""マルテペ"",""it"":""Maltepe"",""zh-CN"":""马尔特佩"",""tr"":""Maltepe"",""ru"":""Малтепе"",""uk"":""Мальтепе"",""pl"":""Maltepe"",""hi"":""मालटेपे"",""ar"":""مالتيبي""}",2019-10-06T10:31:23,2025-12-02T14:39:31,1,Q739547
108147,Mamak,2217,06,225,TR,adm2,,,39.94587000,32.90811000,Anne,0,Europe/Istanbul,"{""br"":""Mamak"",""ko"":""마막"",""pt-BR"":""Mamak"",""pt"":""Mamak"",""nl"":""Mamak"",""hr"":""Mamak"",""fa"":""مامک"",""de"":""Mamak"",""es"":""Mamá"",""fr"":""Mamak"",""ja"":""ママック"",""it"":""Mamak"",""zh-CN"":""嘛嘛档"",""tr"":""Mamak"",""ru"":""Мамак"",""uk"":""Мамак"",""pl"":""Mamak"",""hi"":""ममक"",""ar"":""ماماك""}",2019-10-06T10:31:23,2025-12-02T14:39:31,1,Q2055274
108148,Manavgat,2169,07,225,TR,adm2,,,36.78667000,31.44306000,Manavgat,99254,Europe/Istanbul,"{""br"":""Manavgat"",""ko"":""마나브가트"",""pt-BR"":""Manavgat"",""pt"":""Manavgat"",""nl"":""Manavgat"",""hr"":""Manavgat"",""fa"":""ماناوگات"",""de"":""Manavgat"",""es"":""Manavgat"",""fr"":""Manavgat"",""ja"":""マナウガト"",""it"":""Manavgat"",""zh-CN"":""马纳夫加特"",""tr"":""Manavgat"",""ru"":""Манавгат"",""uk"":""Манавгат"",""pl"":""Manavgat"",""hi"":""मानवगत"",""ar"":""مانافجات""}",2019-10-06T10:31:23,2025-12-02T14:39:31,1,Q2055274
108151,Manyas,2175,10,225,TR,adm2,,,40.04639000,27.97000000,Manyas,5327,Europe/Istanbul,"{""br"":""Manyas"",""ko"":""마냐스"",""pt-BR"":""Muitas"",""pt"":""Muitas"",""nl"":""Manyas"",""hr"":""Manyas"",""fa"":""مانیا"",""de"":""Viele"",""es"":""Muchos"",""fr"":""Manyas"",""ja"":""マニアス"",""it"":""Manyas"",""zh-CN"":""玛尼亚斯"",""tr"":""Manyas"",""ru"":""Маньяс"",""uk"":""Маняс"",""pl"":""Manyas"",""hi"":""मान्यास"",""ar"":""مانياس""}",2019-10-06T10:31:23,2025-12-02T14:39:31,1,Q920866
108155,Marmara,2175,10,225,TR,adm2,,,40.58633000,27.55541000,Marmara,2137,Europe/Istanbul,"{""br"":""Marmerez"",""ko"":""마르마라"",""pt-BR"":""Mármara"",""pt"":""Mármara"",""nl"":""Marmara"",""hr"":""Mramorno more"",""fa"":""مرمره"",""de"":""Marmara"",""es"":""Mármara"",""fr"":""Marmara"",""ja"":""マルマラ"",""it"":""Marmara"",""zh-CN"":""马尔马拉"",""tr"":""Marmara"",""ru"":""Мармара"",""uk"":""Мармара"",""pl"":""Marmara"",""hi"":""मरमारा"",""ar"":""مرمرة""}",2019-10-06T10:31:23,2025-12-02T14:39:31,1,Q188022
108156,Marmaraereğlisi,2167,59,225,TR,adm2,,,40.97003000,27.95528000,Marmaraereğlisi,10956,Europe/Istanbul,"{""br"":""Marmaraereğlisi"",""ko"":""마르마라에렐리시"",""pt-BR"":""Marmaraereğlisi"",""pt"":""Marmaraereğlisi"",""nl"":""Marmaraereğlisi"",""hr"":""Marmaraereğlisi"",""fa"":""مارماراگلیسی"",""de"":""Marmaraereğlisi"",""es"":""Marmaraereğlisi"",""fr"":""Marmaraereğlisi"",""ja"":""マルマラエレリシ"",""it"":""Marmaraereğlisi"",""zh-CN"":""马尔马拉埃雷利西"",""tr"":""Marmaraereğlisi"",""ru"":""Мармараэреглиси"",""uk"":""Мармараереглісі"",""pl"":""Marmaraereğlisi"",""hi"":""मारमारेरेग्लिसी"",""ar"":""مرمرة إيغليسي""}",2019-10-06T10:31:23,2025-12-02T14:39:31,1,Q985638
108160,Marmaris,2182,48,225,TR,adm2,,,36.85500000,28.27417000,Marmaris,33731,Europe/Istanbul,"{""br"":""Marmaris"",""ko"":""마르마리스"",""pt-BR"":""Marmaris"",""pt"":""Marmaris"",""nl"":""Marmaris"",""hr"":""Marmaris"",""fa"":""مارماریس"",""de"":""Marmaris"",""es"":""Marmaris"",""fr"":""Marmaris"",""ja"":""マルマリス"",""it"":""Marmaris"",""zh-CN"":""马尔马里斯"",""tr"":""Marmaris"",""ru"":""Мармарис"",""uk"":""Мармарис"",""pl"":""Marmaris"",""hi"":""मार्मारिस"",""ar"":""مارماريس""}",2019-10-06T10:31:23,2025-12-02T14:39:31,1,Q209908
108161,Mazgirt,2192,62,225,TR,adm2,,,39.01783000,39.60064000,Mazgirt,2704,Europe/Istanbul,"{""br"":""Mazgirt"",""ko"":""마즈기르트"",""pt-BR"":""Mazgirt"",""pt"":""Mazgirt"",""nl"":""Mazgirt"",""hr"":""Mazgirt"",""fa"":""مازگیر"",""de"":""Mazgirt"",""es"":""Mazgirt"",""fr"":""Mazgirt"",""ja"":""マズギルト"",""it"":""Mazgirt"",""zh-CN"":""马兹吉尔特"",""tr"":""Mazgirt"",""ru"":""Мазгирт"",""uk"":""Мазгірт"",""pl"":""Mazgirt"",""hi"":""माज़गिर्ट"",""ar"":""مازجيرت""}",2019-10-06T10:31:23,2025-12-02T14:39:31,1,Q209908
108163,Mazıdağı,2224,47,225,TR,adm2,,,37.47801000,40.48152000,Mazıdağı,13138,Europe/Istanbul,"{""br"":""Mazıdağı"",""ko"":""마즈다그"",""pt-BR"":""Mazıdağı"",""pt"":""Mazıdağı"",""nl"":""Mazıdağı"",""hr"":""Mazidağı"",""fa"":""مازیداغی"",""de"":""Mazıdağı"",""es"":""Mazıdağı"",""fr"":""Mazıdağı"",""ja"":""マジダギ"",""it"":""Mazıdağı"",""zh-CN"":""马兹达"",""tr"":""Mazıdağı"",""ru"":""Mazıdağı"",""uk"":""Мазидагі"",""pl"":""Mazıdağı"",""hi"":""माज़िदागी"",""ar"":""مازيداغي""}",2019-10-06T10:31:23,2025-12-02T14:39:31,1,Q1023313
108165,Maçka,2206,61,225,TR,adm2,,,40.72127000,39.59786000,Maçka,26626,Europe/Istanbul,"{""br"":""Maçka"",""ko"":""마츠카"",""pt-BR"":""Maçka"",""pt"":""Maçka"",""nl"":""Maçka"",""hr"":""Mačka"",""fa"":""ماچکا"",""de"":""Maçka"",""es"":""Maçka"",""fr"":""Maçka"",""ja"":""マッカ"",""it"":""Maçka"",""zh-CN"":""马奇卡"",""tr"":""Maçka"",""ru"":""Мачка"",""uk"":""Мачка"",""pl"":""Maçka"",""hi"":""मक्का"",""ar"":""ماتشكا""}",2019-10-06T10:31:23,2025-12-02T17:11:50,1,Q1004646
108167,Mecitözü,2173,19,225,TR,adm2,,,40.52000000,35.29528000,Mecita,5506,Europe/Istanbul,"{""br"":""Mecitözü"",""ko"":""Mecitözü"",""pt-BR"":""Mecitözü"",""pt"":""Mecitözü"",""nl"":""Mecitözü"",""hr"":""Mecitözü"",""fa"":""مکیتوزو"",""de"":""Mecitözü"",""es"":""Mecitözü"",""fr"":""Mecitözü"",""ja"":""メシトズ"",""it"":""Mecitözü"",""zh-CN"":""梅西托祖"",""tr"":""Mecitözü"",""ru"":""Mecitözü"",""uk"":""Мечітозу"",""pl"":""Mecitözü"",""hi"":""मेसीटोज़ु"",""ar"":""ميكيتوز""}",2019-10-06T10:31:23,2025-12-02T14:39:31,1,Q1004646
108169,Melikgazi,2200,38,225,TR,city,,,38.77933000,35.66076000,Melikgazi,36,Europe/Istanbul,"{""br"":""Melikgazi"",""ko"":""멜릭가지"",""pt-BR"":""Melikgazi"",""pt"":""Melikgazi"",""nl"":""Melikgazi"",""hr"":""Melikgazi"",""fa"":""ملیک‌گازی"",""de"":""Melikgazi"",""es"":""Melikgazi"",""fr"":""Melikgazi"",""ja"":""メリクガジ"",""it"":""Melikgazi"",""zh-CN"":""梅利克加齐"",""tr"":""Melikgazi"",""ru"":""Меликгази"",""uk"":""Мелікгазі"",""pl"":""Melikgazi"",""hi"":""मेलिकगाज़ी"",""ar"":""ملك غازي""}",2019-10-06T10:31:23,2025-12-02T16:59:27,1,Q1440437
108170,Menderes,2205,35,225,TR,adm2,,,38.24963000,27.13429000,Menderes,21965,Europe/Istanbul,"{""br"":""Menderes"",""ko"":""멘데레스"",""pt-BR"":""Menderes"",""pt"":""Menderes"",""nl"":""Menderes"",""hr"":""Menderes"",""fa"":""مندرس"",""de"":""Menderes"",""es"":""Menderes"",""fr"":""Menderes"",""ja"":""メンデレス"",""it"":""Menderes"",""zh-CN"":""曼德列斯"",""tr"":""Menderes"",""ru"":""Мендерес"",""uk"":""Мендерес"",""pl"":""Menderes"",""hi"":""मेंडेरेस"",""ar"":""مندريس""}",2019-10-06T10:31:23,2025-12-02T14:39:31,1,Q2996335
108171,Menemen,2205,35,225,TR,adm2,,,38.61608000,27.06315000,Menemen,186182,Europe/Istanbul,"{""br"":""Menemen"",""ko"":""메네멘"",""pt-BR"":""Menemen"",""pt"":""Menemen"",""nl"":""Menemen"",""hr"":""Menemen"",""fa"":""منمن"",""de"":""Menemen"",""es"":""Menemen"",""fr"":""Menemen"",""ja"":""メネメン"",""it"":""Menemen"",""zh-CN"":""梅内门"",""tr"":""Menemen"",""ru"":""Менемен"",""uk"":""Менемен"",""pl"":""Menemen"",""hi"":""इस्तांबुल"",""ar"":""مينيمن""}",2019-10-06T10:31:23,2025-12-02T17:11:50,1,Q2996335
108172,Mengen,2172,14,225,TR,adm2,,,40.93877000,32.07642000,Demek istemek,0,Europe/Istanbul,"{""br"":""Mengen"",""ko"":""멩겐"",""pt-BR"":""Mengen"",""pt"":""Mengen"",""nl"":""Mengen"",""hr"":""Mengen"",""fa"":""منگن"",""de"":""Mengen"",""es"":""Mengen"",""fr"":""Hommes"",""ja"":""メンゲン"",""it"":""Mengen"",""zh-CN"":""门根"",""tr"":""Mengen"",""ru"":""Менген"",""uk"":""Менген"",""pl"":""Mengen"",""hi"":""मेंगेन"",""ar"":""منجن""}",2019-10-06T10:31:23,2025-12-02T14:39:31,1,Q3123478
108174,Menteşe,2182,48,225,TR,city,,,37.21447000,28.36168000,Menteşe,299,Europe/Istanbul,"{""br"":""Menteşe"",""ko"":""멘테셰"",""pt-BR"":""Menteşe"",""pt"":""Menteşe"",""nl"":""Menteşe"",""hr"":""Menteşe"",""fa"":""منتشه"",""de"":""Menteşe"",""es"":""Menteşe"",""fr"":""Menteşe"",""ja"":""メンテシェ"",""it"":""Menteşe"",""zh-CN"":""门特谢"",""tr"":""Menteşe"",""ru"":""Ментеше"",""uk"":""Ментеше"",""pl"":""Menteşe"",""hi"":""मेंटेसे"",""ar"":""مينتشي""}",2019-10-06T10:31:23,2025-12-02T16:59:27,1,Q6817536
108175,Meram,2171,42,225,TR,adm2,,,37.83984000,32.47111000,Meram,342315,Europe/Istanbul,"{""br"":""Meram"",""ko"":""메람"",""pt-BR"":""Meram"",""pt"":""Meram"",""nl"":""Meram"",""hr"":""Meram"",""fa"":""میرام"",""de"":""Meram"",""es"":""Meram"",""fr"":""Meram"",""ja"":""メラム"",""it"":""Meram"",""zh-CN"":""梅拉姆"",""tr"":""Meram"",""ru"":""Мерам"",""uk"":""Мерам"",""pl"":""Meram"",""hi"":""मेराम"",""ar"":""ميرام""}",2019-10-06T10:31:23,2025-12-02T17:11:50,1,Q3055997
108176,Meriç,2151,22,225,TR,adm2,,,41.19183000,26.42097000,Meriç,2921,Europe/Istanbul,"{""br"":""Meriç"",""ko"":""메리츠"",""pt-BR"":""Meriç"",""pt"":""Meriç"",""nl"":""Meriç"",""hr"":""Merič"",""fa"":""مریچ"",""de"":""Meriç"",""es"":""Meriç"",""fr"":""Meriç"",""ja"":""メリチ"",""it"":""Meriç"",""zh-CN"":""梅里克"",""tr"":""Meriç"",""ru"":""Мерич"",""uk"":""Меріч"",""pl"":""Meriç"",""hi"":""मेरिक"",""ar"":""ميريتش""}",2019-10-06T10:31:23,2025-12-02T14:39:31,1,Q3055997
108178,Merkez,2210,68,225,TR,city,,,38.37060000,34.02843000,Merkez,,Europe/Istanbul,"{""br"":""Merkez"",""ko"":""메르케즈"",""pt-BR"":""Merkez"",""pt"":""Merkez"",""nl"":""Merkez"",""hr"":""Merkez"",""fa"":""مرکز"",""de"":""Merkez"",""es"":""Merkez"",""fr"":""Merkez"",""ja"":""メルケス"",""it"":""Merkez"",""zh-CN"":""梅尔克兹"",""tr"":""Merkez"",""ru"":""Меркез"",""uk"":""Меркез"",""pl"":""Merkez"",""hi"":""मर्केज़"",""ar"":""مركز""}",2019-10-06T10:31:23,2025-12-02T17:11:50,1,Q3055997
108179,Merkez,2192,62,225,TR,adm1,,,39.17114000,39.55570000,Merkez,,Europe/Istanbul,"{""br"":""Merkez"",""ko"":""메르케즈"",""pt-BR"":""Merkez"",""pt"":""Merkez"",""nl"":""Merkez"",""hr"":""Merkez"",""fa"":""مرکز"",""de"":""Merkez"",""es"":""Merkez"",""fr"":""Merkez"",""ja"":""メルケス"",""it"":""Merkez"",""zh-CN"":""梅尔克兹"",""tr"":""Merkez"",""ru"":""Меркез"",""uk"":""Меркез"",""pl"":""Merkez"",""hi"":""मर्केज़"",""ar"":""مركز""}",2019-10-06T10:31:23,2025-12-02T17:11:50,1,Q3055997
108180,Merkez,2209,15,225,TR,city,,,37.62762000,30.20408000,Merkez,,Europe/Istanbul,"{""br"":""Merkez"",""ko"":""메르케즈"",""pt-BR"":""Merkez"",""pt"":""Merkez"",""nl"":""Merkez"",""hr"":""Merkez"",""fa"":""مرکز"",""de"":""Merkez"",""es"":""Merkez"",""fr"":""Merkez"",""ja"":""メルケス"",""it"":""Merkez"",""zh-CN"":""梅尔克兹"",""tr"":""Merkez"",""ru"":""Меркез"",""uk"":""Меркез"",""pl"":""Merkez"",""hi"":""मर्केज़"",""ar"":""مركز""}",2019-10-06T10:31:23,2025-12-02T17:11:50,1,Q3055997
108181,Merkez,2204,29,225,TR,adm2,,,40.46843000,39.67441000,Merkez,,Europe/Istanbul,"{""br"":""Merkez"",""ko"":""메르케즈"",""pt-BR"":""Merkez"",""pt"":""Merkez"",""nl"":""Merkez"",""hr"":""Merkez"",""fa"":""مرکز"",""de"":""Merkez"",""es"":""Merkez"",""fr"":""Merkez"",""ja"":""メルケス"",""it"":""Merkez"",""zh-CN"":""梅尔克兹"",""tr"":""Merkez"",""ru"":""Меркез"",""uk"":""Меркез"",""pl"":""Merkez"",""hi"":""मर्केज़"",""ar"":""مركز""}",2019-10-06T10:31:23,2025-12-02T17:11:50,1,Q3055997
108182,Merkez,2153,12,225,TR,city,,,38.95025000,40.52802000,Merkez,,Europe/Istanbul,"{""br"":""Merkez"",""ko"":""메르케즈"",""pt-BR"":""Merkez"",""pt"":""Merkez"",""nl"":""Merkez"",""hr"":""Merkez"",""fa"":""مرکز"",""de"":""Merkez"",""es"":""Merkez"",""fr"":""Merkez"",""ja"":""メルケス"",""it"":""Merkez"",""zh-CN"":""梅尔克兹"",""tr"":""Merkez"",""ru"":""Меркез"",""uk"":""Меркез"",""pl"":""Merkez"",""hi"":""मर्केज़"",""ar"":""مركز""}",2019-10-06T10:31:23,2025-12-02T17:11:50,1,Q3055997
108183,Merkez,2201,64,225,TR,adm2,,,38.68463000,29.29455000,Merkez,,Europe/Istanbul,"{""br"":""Merkez"",""ko"":""메르케즈"",""pt-BR"":""Merkez"",""pt"":""Merkez"",""nl"":""Merkez"",""hr"":""Merkez"",""fa"":""مرکز"",""de"":""Merkez"",""es"":""Merkez"",""fr"":""Merkez"",""ja"":""メルケス"",""it"":""Merkez"",""zh-CN"":""梅尔克兹"",""tr"":""Merkez"",""ru"":""Меркез"",""uk"":""Меркез"",""pl"":""Merkez"",""hi"":""मर्केज़"",""ar"":""مركز""}",2019-10-06T10:31:23,2025-12-02T17:11:50,1,Q3055997
108184,Merkez,2186,28,225,TR,city,,,40.82660000,38.36085000,Merkez,,Europe/Istanbul,"{""br"":""Merkez"",""ko"":""메르케즈"",""pt-BR"":""Merkez"",""pt"":""Merkez"",""nl"":""Merkez"",""hr"":""Merkez"",""fa"":""مرکز"",""de"":""Merkez"",""es"":""Merkez"",""fr"":""Merkez"",""ja"":""メルケス"",""it"":""Merkez"",""zh-CN"":""梅尔克兹"",""tr"":""Merkez"",""ru"":""Меркез"",""uk"":""Меркез"",""pl"":""Merkez"",""hi"":""मर्केज़"",""ar"":""مركز""}",2019-10-06T10:31:23,2025-12-02T16:59:27,1,Q3055997
108185,Merkez,2173,19,225,TR,adm2,,,40.50905000,34.85791000,Merkez,,Europe/Istanbul,"{""br"":""Merkez"",""ko"":""메르케즈"",""pt-BR"":""Merkez"",""pt"":""Merkez"",""nl"":""Merkez"",""hr"":""Merkez"",""fa"":""مرکز"",""de"":""Merkez"",""es"":""Merkez"",""fr"":""Merkez"",""ja"":""メルケス"",""it"":""Merkez"",""zh-CN"":""梅尔克兹"",""tr"":""Merkez"",""ru"":""Меркез"",""uk"":""Меркез"",""pl"":""Merkez"",""hi"":""मर्केज़"",""ar"":""مركز""}",2019-10-06T10:31:23,2025-12-02T17:11:50,1,Q3055997
108186,Merkez,2194,72,225,TR,city,,,37.84362000,41.18341000,Merkez,723,Europe/Istanbul,"{""br"":""Merkez"",""ko"":""메르케즈"",""pt-BR"":""Merkez"",""pt"":""Merkez"",""nl"":""Merkez"",""hr"":""Merkez"",""fa"":""مرکز"",""de"":""Merkez"",""es"":""Merkez"",""fr"":""Merkez"",""ja"":""メルケス"",""it"":""Merkez"",""zh-CN"":""梅尔克兹"",""tr"":""Merkez"",""ru"":""Меркез"",""uk"":""Меркез"",""pl"":""Merkez"",""hi"":""मर्केज़"",""ar"":""مركز""}",2019-10-06T10:31:23,2025-12-02T14:39:31,1,Q3055997
108187,Merkez,2181,58,225,TR,city,,,39.71613000,36.97695000,Merkez,,Europe/Istanbul,"{""br"":""Merkez"",""ko"":""메르케즈"",""pt-BR"":""Merkez"",""pt"":""Merkez"",""nl"":""Merkez"",""hr"":""Merkez"",""fa"":""مرکز"",""de"":""Merkez"",""es"":""Merkez"",""fr"":""Merkez"",""ja"":""メルケス"",""it"":""Merkez"",""zh-CN"":""梅尔克兹"",""tr"":""Merkez"",""ru"":""Меркез"",""uk"":""Меркез"",""pl"":""Merkez"",""hi"":""मर्केज़"",""ar"":""مركز""}",2019-10-06T10:31:23,2025-12-02T16:59:27,1,Q3055997
108188,Merkez,2159,23,225,TR,adm1,,,38.66790000,39.21567000,Merkez,,Europe/Istanbul,"{""br"":""Merkez"",""ko"":""메르케즈"",""pt-BR"":""Merkez"",""pt"":""Merkez"",""nl"":""Merkez"",""hr"":""Merkez"",""fa"":""مرکز"",""de"":""Merkez"",""es"":""Merkez"",""fr"":""Merkez"",""ja"":""メルケス"",""it"":""Merkez"",""zh-CN"":""梅尔克兹"",""tr"":""Merkez"",""ru"":""Меркез"",""uk"":""Меркез"",""pl"":""Merkez"",""hi"":""मर्केज़"",""ar"":""مركز""}",2019-10-06T10:31:23,2025-12-02T17:11:50,1,Q3055997
108189,Merkez,2215,13,225,TR,city,,,38.31702000,42.10065000,Merkez,,Europe/Istanbul,"{""br"":""Merkez"",""ko"":""메르케즈"",""pt-BR"":""Merkez"",""pt"":""Merkez"",""nl"":""Merkez"",""hr"":""Merkez"",""fa"":""مرکز"",""de"":""Merkez"",""es"":""Merkez"",""fr"":""Merkez"",""ja"":""メルケス"",""it"":""Merkez"",""zh-CN"":""梅尔克兹"",""tr"":""Merkez"",""ru"":""Меркез"",""uk"":""Меркез"",""pl"":""Merkez"",""hi"":""मर्केज़"",""ar"":""مركز""}",2019-10-06T10:31:23,2025-12-02T17:11:50,1,Q3055997
108190,Merkez,2179,03,225,TR,city,,,38.79698000,30.51951000,Merkez,,Europe/Istanbul,"{""br"":""Merkez"",""ko"":""메르케즈"",""pt-BR"":""Merkez"",""pt"":""Merkez"",""nl"":""Merkez"",""hr"":""Merkez"",""fa"":""مرکز"",""de"":""Merkez"",""es"":""Merkez"",""fr"":""Merkez"",""ja"":""メルケス"",""it"":""Merkez"",""zh-CN"":""梅尔克兹"",""tr"":""Merkez"",""ru"":""Меркез"",""uk"":""Меркез"",""pl"":""Merkez"",""hi"":""मर्केज़"",""ar"":""مركز""}",2019-10-06T10:31:23,2025-12-02T16:59:27,1,Q3055997
108191,Merkez,2162,49,225,TR,adm3,,,38.83793000,41.48332000,Merkez,,Europe/Istanbul,"{""br"":""Merkez"",""ko"":""메르케즈"",""pt-BR"":""Merkez"",""pt"":""Merkez"",""nl"":""Merkez"",""hr"":""Merkez"",""fa"":""مرکز"",""de"":""Merkez"",""es"":""Merkez"",""fr"":""Merkez"",""ja"":""メルケス"",""it"":""Merkez"",""zh-CN"":""梅尔克兹"",""tr"":""Merkez"",""ru"":""Меркез"",""uk"":""Меркез"",""pl"":""Merkez"",""hi"":""मर्केज़"",""ar"":""مركز""}",2019-10-06T10:31:23,2025-12-02T17:11:50,1,Q3055997
108192,Merkez,2196,50,225,TR,city,,,38.60039000,34.68537000,Merkez,,Europe/Istanbul,"{""br"":""Merkez"",""ko"":""메르케즈"",""pt-BR"":""Merkez"",""pt"":""Merkez"",""nl"":""Merkez"",""hr"":""Merkez"",""fa"":""مرکز"",""de"":""Merkez"",""es"":""Merkez"",""fr"":""Merkez"",""ja"":""メルケス"",""it"":""Merkez"",""zh-CN"":""梅尔克兹"",""tr"":""Merkez"",""ru"":""Меркез"",""uk"":""Меркез"",""pl"":""Merkez"",""hi"":""मर्केज़"",""ar"":""مركز""}",2019-10-06T10:31:23,2025-12-02T16:59:27,1,Q3055997
108193,Merkez,2216,17,225,TR,city,,,40.05093000,26.49489000,Merkez,,Europe/Istanbul,"{""br"":""Merkez"",""ko"":""메르케즈"",""pt-BR"":""Merkez"",""pt"":""Merkez"",""nl"":""Merkez"",""hr"":""Merkez"",""fa"":""مرکز"",""de"":""Merkez"",""es"":""Merkez"",""fr"":""Merkez"",""ja"":""メルケス"",""it"":""Merkez"",""zh-CN"":""梅尔克兹"",""tr"":""Merkez"",""ru"":""Меркез"",""uk"":""Меркез"",""pl"":""Merkez"",""hi"":""मर्केज़"",""ar"":""مركز""}",2019-10-06T10:31:23,2025-12-02T16:59:27,1,Q3055997
108194,Merkez,2155,02,225,TR,adm1,,,37.74454000,38.26801000,Merkez,,Europe/Istanbul,"{""br"":""Merkez"",""ko"":""메르케즈"",""pt-BR"":""Merkez"",""pt"":""Merkez"",""nl"":""Merkez"",""hr"":""Merkez"",""fa"":""مرکز"",""de"":""Merkez"",""es"":""Merkez"",""fr"":""Merkez"",""ja"":""メルケス"",""it"":""Merkez"",""zh-CN"":""梅尔克兹"",""tr"":""Merkez"",""ru"":""Меркез"",""uk"":""Меркез"",""pl"":""Merkez"",""hi"":""मर्केज़"",""ar"":""مركز""}",2019-10-06T10:31:23,2025-12-02T17:11:50,1,Q3055997
108195,Merkez,2161,05,225,TR,adm2,,,40.61939000,35.87016000,Merkez,,Europe/Istanbul,"{""br"":""Merkez"",""ko"":""메르케즈"",""pt-BR"":""Merkez"",""pt"":""Merkez"",""nl"":""Merkez"",""hr"":""Merkez"",""fa"":""مرکز"",""de"":""Merkez"",""es"":""Merkez"",""fr"":""Merkez"",""ja"":""メルケス"",""it"":""Merkez"",""zh-CN"":""梅尔克兹"",""tr"":""Merkez"",""ru"":""Меркез"",""uk"":""Меркез"",""pl"":""Merkez"",""hi"":""मर्केज़"",""ar"":""مركز""}",2019-10-06T10:31:23,2025-12-02T17:11:50,1,Q3055997
108196,Merkezefendi,2157,20,225,TR,adm2,,,37.80544000,29.04236000,Merkezefendi,336818,Europe/Istanbul,"{""br"":""Merkezefendi"",""ko"":""메르케제펜디"",""pt-BR"":""Merkezefendi"",""pt"":""Merkezefendi"",""nl"":""Merkezefendi"",""hr"":""Merkezefendi"",""fa"":""مرکزفندی"",""de"":""Merkezefendi"",""es"":""Merkezefendi"",""fr"":""Merkezefendi"",""ja"":""メルケゼフェンディ"",""it"":""Merkezefendi"",""zh-CN"":""默克泽芬迪"",""tr"":""Merkezefendi"",""ru"":""Меркезефенди"",""uk"":""Меркезефенді"",""pl"":""Merkezefendi"",""hi"":""मर्केज़ेफेंडी"",""ar"":""مركزي أفندي""}",2019-10-06T10:31:23,2025-12-02T14:38:56,1,Q3055997
108200,Merzifon,2161,05,225,TR,adm2,,,40.88348000,35.47116000,Merzifon,50658,Europe/Istanbul,"{""br"":""Merzifon"",""ko"":""메르지폰"",""pt-BR"":""Merzifon"",""pt"":""Merzifon"",""nl"":""Merzifon"",""hr"":""Merzifon"",""fa"":""مرزیفون"",""de"":""Merzifon"",""es"":""Merzifón"",""fr"":""Merzifon"",""ja"":""メルジフォン"",""it"":""Merzifon"",""zh-CN"":""梅尔齐丰"",""tr"":""Merzifon"",""ru"":""Мерзифон"",""uk"":""Мерзіфон"",""pl"":""Mercyfon"",""hi"":""मेरज़िफ़ोन"",""ar"":""ميرزيفون""}",2019-10-06T10:31:23,2025-12-02T17:11:50,1,Q958135
108201,Mesudiye,2174,52,225,TR,adm2,,,40.45446000,37.77353000,Mesudiye,6581,Europe/Istanbul,"{""br"":""Mesudiye"",""ko"":""메수디예"",""pt-BR"":""Mesudiye"",""pt"":""Mesudiye"",""nl"":""Mesudiye"",""hr"":""Mesudiye"",""fa"":""مسعودیه"",""de"":""Mesudiye"",""es"":""Mesudiye"",""fr"":""Mesudiye"",""ja"":""メスディエ"",""it"":""Mesudiye"",""zh-CN"":""梅苏迪耶"",""tr"":""Mesudiye"",""ru"":""Месудие"",""uk"":""Месудіє"",""pl"":""Mesudiye"",""hi"":""मेसुदिये"",""ar"":""مسعودية""}",2019-10-06T10:31:23,2025-12-02T14:39:31,1,Q2744201
108204,Mezitli,2156,33,225,TR,city,,,36.89400000,34.42987000,Mezitli,194019,Europe/Istanbul,"{""br"":""Mezitli"",""ko"":""메지틀리"",""pt-BR"":""Mezitli"",""pt"":""Mezitli"",""nl"":""Mezitli"",""hr"":""Mezitli"",""fa"":""مزیتلی"",""de"":""Mezitli"",""es"":""Mezitli"",""fr"":""Mezitli"",""ja"":""メジトリ"",""it"":""Mezitli"",""zh-CN"":""梅兹特利"",""tr"":""Mezitli"",""ru"":""Мезитли"",""uk"":""Мезітлі"",""pl"":""Mezitli"",""hi"":""मेज़िटली"",""ar"":""ميزيتلي""}",2019-10-06T10:31:23,2025-12-02T17:11:50,1,Q1367930
108206,Midyat,2224,47,225,TR,adm2,,,37.41908000,41.33909000,Midyat,76268,Europe/Istanbul,"{""br"":""Midyat"",""ko"":""미디야트"",""pt-BR"":""Midyat"",""pt"":""Midyat"",""nl"":""Midyat"",""hr"":""Midjat"",""fa"":""میدیات"",""de"":""Midyat"",""es"":""Midyat"",""fr"":""Midyat"",""ja"":""ミディヤット"",""it"":""Midyat"",""zh-CN"":""米迪亚特"",""tr"":""Midyat"",""ru"":""Мидьят"",""uk"":""Мідьят"",""pl"":""Midyat"",""hi"":""मिद्यात"",""ar"":""مديات""}",2019-10-06T10:31:23,2025-12-02T14:39:31,1,Q1367930
108208,Mihalgazi,2164,26,225,TR,adm2,,,40.02621000,30.57707000,Mihalgazi,9677,Europe/Istanbul,"{""br"":""Mihalgazi"",""ko"":""미할가지"",""pt-BR"":""Mihalgazi"",""pt"":""Mihalgazi"",""nl"":""Mihalgazi"",""hr"":""Mihalgazi"",""fa"":""میهالقاضی"",""de"":""Mihalgazi"",""es"":""Mihalgazi"",""fr"":""Mihalgazi"",""ja"":""ミハルガジ"",""it"":""Mihalgazi"",""zh-CN"":""米哈尔加齐"",""tr"":""Mihalgazi"",""ru"":""Михалгази"",""uk"":""Міхалгазі"",""pl"":""Mihalgazi"",""hi"":""मिहालगाज़ी"",""ar"":""ميهالغازي""}",2019-10-06T10:31:23,2025-12-02T14:38:56,1,Q743601
108210,Mihalıççık,2164,26,225,TR,adm2,,,39.87564000,31.50091000,Mihalıççık,8526,Europe/Istanbul,"{""br"":""Mihalıççık"",""ko"":""미할리치치크"",""pt-BR"":""Mihalıççık"",""pt"":""Mihalıççık"",""nl"":""Mihalıççık"",""hr"":""Mihalıççık"",""fa"":""میهالیچچیک"",""de"":""Mihalıççık"",""es"":""Mihalıççık"",""fr"":""Mihalıççık"",""ja"":""ミハリティク"",""it"":""Mihalıççık"",""zh-CN"":""米哈拉齐克"",""tr"":""Mihalıççık"",""ru"":""Mihalıççık"",""uk"":""Міхаличчик"",""pl"":""Mihalıççık"",""hi"":""मिहालिचिक"",""ar"":""Mihalıççık""}",2019-10-06T10:31:23,2025-12-02T17:11:50,1,Q377962
108211,Milas,2182,48,225,TR,adm2,,,37.31639000,27.78389000,Milas,43193,Europe/Istanbul,"{""br"":""Milas"",""ko"":""밀라스"",""pt-BR"":""Milas"",""pt"":""Milas"",""nl"":""Milas"",""hr"":""Milas"",""fa"":""میلاس"",""de"":""Milas"",""es"":""Milas"",""fr"":""Milas"",""ja"":""ミラース"",""it"":""Milas"",""zh-CN"":""米拉斯"",""tr"":""Milas"",""ru"":""Милас"",""uk"":""Мілас"",""pl"":""Milas"",""hi"":""मिलास"",""ar"":""ميلاس""}",2019-10-06T10:31:23,2025-12-02T14:39:31,1,Q377962
108215,Mucur,2180,40,225,TR,adm2,,,39.06147000,34.38286000,Mucur,18763,Europe/Istanbul,"{""br"":""Mucur"",""ko"":""무쿠르"",""pt-BR"":""Mucur"",""pt"":""Mucur"",""nl"":""Mucur"",""hr"":""Mucur"",""fa"":""موکور"",""de"":""Mucur"",""es"":""Mucur"",""fr"":""Mucur"",""ja"":""ムクル"",""it"":""Mucur"",""zh-CN"":""毛库尔"",""tr"":""Mucur"",""ru"":""Мукур"",""uk"":""Мукур"",""pl"":""Mucur"",""hi"":""मुकुर"",""ar"":""مخاط""}",2019-10-06T10:31:23,2025-12-02T14:38:56,1,Q924252
108217,Mudanya,2163,16,225,TR,city,,,40.33342000,28.77218000,Genç,93707,Europe/Istanbul,"{""br"":""Mudanya"",""ko"":""무다냐"",""pt-BR"":""Mudanya"",""pt"":""Mudanya"",""nl"":""Mudanya"",""hr"":""Mudanya"",""fa"":""مودانیا"",""de"":""Mudanya"",""es"":""Mudanya"",""fr"":""Mudanya"",""ja"":""ムダンヤ"",""it"":""Mudanya"",""zh-CN"":""穆达尼亚"",""tr"":""Mudanya"",""ru"":""Муданья"",""uk"":""Муданья"",""pl"":""Mudanya"",""hi"":""मुदन्या"",""ar"":""مودانيا""}",2019-10-06T10:31:23,2025-12-02T16:59:27,1,Q924252
108218,Mudurnu,2172,14,225,TR,adm2,,,40.47300000,31.20755000,Mudurnu,6267,Europe/Istanbul,"{""br"":""Mudurnu"",""ko"":""무두르누"",""pt-BR"":""Mudurnu"",""pt"":""Mudurnu"",""nl"":""Mudurnu"",""hr"":""Mudurnu"",""fa"":""مودورنو"",""de"":""Mudurnu"",""es"":""Mudurnu"",""fr"":""Mudurnu"",""ja"":""ムドゥルヌ"",""it"":""Mudurnu"",""zh-CN"":""穆杜尔努"",""tr"":""Mudurnu"",""ru"":""Мудурну"",""uk"":""Мудурну"",""pl"":""Mudurnu"",""hi"":""मुदुर्नु"",""ar"":""مودورنو""}",2019-10-06T10:31:23,2025-12-02T14:39:31,1,Q924252
108220,Muradiye,2152,65,225,TR,adm2,,,38.97889000,43.75374000,Muradiye,0,Europe/Istanbul,"{""br"":""Muradiye"",""ko"":""무라디예"",""pt-BR"":""Muradiye"",""pt"":""Muradiye"",""nl"":""Muradiye"",""hr"":""Muradiye"",""fa"":""مرادیه"",""de"":""Muradiye"",""es"":""Muradiye"",""fr"":""Muradiye"",""ja"":""ムラディエ"",""it"":""Muradiye"",""zh-CN"":""穆拉迪耶"",""tr"":""Muradiye"",""ru"":""Мурадие"",""uk"":""Мурадіє"",""pl"":""Muradiye"",""hi"":""मुराडिये"",""ar"":""مرادية""}",2019-10-06T10:31:23,2025-12-02T14:39:31,1,Q1000878
108223,Muratlı,2167,59,225,TR,adm2,,,41.18345000,27.51454000,Muratlı,28537,Europe/Istanbul,"{""br"":""Muratlı"",""ko"":""무라틀리"",""pt-BR"":""Muratli"",""pt"":""Muratli"",""nl"":""Muratlı"",""hr"":""Muratlı"",""fa"":""موراتلی"",""de"":""Muratlı"",""es"":""Muratlı"",""fr"":""Muratlı"",""ja"":""ムラトゥリ"",""it"":""Muratlı"",""zh-CN"":""穆拉特勒"",""tr"":""Muratlı"",""ru"":""Муратлы"",""uk"":""Муратлі"",""pl"":""Muratlı"",""hi"":""मुरतली"",""ar"":""موراتلي""}",2019-10-06T10:31:23,2025-12-02T17:11:50,1,Q2581023
108224,Muratpaşa,2169,07,225,TR,adm2,,,36.89157000,30.76498000,Muratpaşa,495688,Europe/Istanbul,"{""br"":""Muratpaşa"",""ko"":""무라트파샤"",""pt-BR"":""Muratpaşa"",""pt"":""Muratpaşa"",""nl"":""Muratpaşa"",""hr"":""Muratpaša"",""fa"":""مرادپاشا"",""de"":""Muratpaşa"",""es"":""Muratpaşa"",""fr"":""Muratpaşa"",""ja"":""ムラトパシャ"",""it"":""Muratpaşa"",""zh-CN"":""穆拉特帕夏"",""tr"":""Muratpaşa"",""ru"":""Муратпаша"",""uk"":""Муратпаша"",""pl"":""Muratpaşa"",""hi"":""मुरातपासा"",""ar"":""مراد باشا""}",2019-10-06T10:31:23,2025-12-02T14:38:56,1,Q2581023
108226,Murgul,2191,08,225,TR,adm2,,,41.27937000,41.55514000,Murgul,6658,Europe/Istanbul,"{""br"":""Murgul"",""ko"":""무르굴"",""pt-BR"":""Murgul"",""pt"":""Murgul"",""nl"":""Murgul"",""hr"":""Murgul"",""fa"":""مورگول"",""de"":""Murgul"",""es"":""Murgul"",""fr"":""Murgul"",""ja"":""ムルグル"",""it"":""Murgul"",""zh-CN"":""穆尔古尔"",""tr"":""Murgul"",""ru"":""Мургул"",""uk"":""Мургул"",""pl"":""Murgul"",""hi"":""मुर्गुल"",""ar"":""مورغول""}",2019-10-06T10:31:23,2025-12-02T17:11:50,1,Q1503514
108228,Musabeyli,2154,79,225,TR,adm2,,,36.88639000,36.91861000,Et,1938,Europe/Istanbul,"{""br"":""Musabeyli"",""ko"":""무사벨리"",""pt-BR"":""Musabeyli"",""pt"":""Musabeyli"",""nl"":""Musabeyli"",""hr"":""Musabejli"",""fa"":""مصیبیلی"",""de"":""Musabeyli"",""es"":""Musabeyli"",""fr"":""Musabeyli"",""ja"":""ムサベイリ"",""it"":""Musabeyli"",""zh-CN"":""穆萨贝利"",""tr"":""Musabeyli"",""ru"":""Мусабейли"",""uk"":""Мусабейлі"",""pl"":""Musabeyli"",""hi"":""मुसाबेली"",""ar"":""مسابيلي""}",2019-10-06T10:31:23,2025-12-02T14:39:31,1,Q1029774
108230,Mustafakemalpaşa,2163,16,225,TR,adm2,,,40.03815000,28.40866000,Mustafakemalpaşa,100696,Europe/Istanbul,"{""br"":""Mustafakemalpaşa"",""ko"":""무스타파케말파샤"",""pt-BR"":""Mustafakemalpaşa"",""pt"":""Mustafakemalpaşa"",""nl"":""Mustafakemalpaşa"",""hr"":""Mustafakemalpaşa"",""fa"":""مصطفی کمال پاشا"",""de"":""Mustafakemalpaşa"",""es"":""Mustafakemalpaşa"",""fr"":""Mustafakemalpaşa"",""ja"":""ムスタファケマルパシャ"",""it"":""Mustafakemalpaşa"",""zh-CN"":""穆斯塔法凯马尔帕夏"",""tr"":""Mustafakemalpaşa"",""ru"":""Мустафакемальпаша"",""uk"":""Мустафакемальпаша"",""pl"":""Mustafakemalpaşa"",""hi"":""मुस्तफाकेमलपासा"",""ar"":""مصطفى كمال باشا""}",2019-10-06T10:31:23,2025-12-02T14:38:56,1,Q1018542
108232,Mut,2156,33,225,TR,adm2,,,36.71842000,33.38718000,Mut,62853,Europe/Istanbul,"{""br"":""Mut"",""ko"":""뮤트"",""pt-BR"":""Mut"",""pt"":""Mut"",""nl"":""Mut"",""hr"":""Mut"",""fa"":""موت"",""de"":""Mut"",""es"":""Mut"",""fr"":""Mut"",""ja"":""ムット"",""it"":""Muto"",""zh-CN"":""穆特"",""tr"":""Mut"",""ru"":""Мут"",""uk"":""Мут"",""pl"":""Mut"",""hi"":""मुठ"",""ar"":""موت""}",2019-10-06T10:31:23,2025-12-02T17:11:50,1,Q94637
108233,Mutki,2215,13,225,TR,adm2,,,38.40624000,41.92018000,Mutki,5510,Europe/Istanbul,"{""br"":""Mutki"",""ko"":""무트키"",""pt-BR"":""Mutki"",""pt"":""Mutki"",""nl"":""Mutki"",""hr"":""Mutki"",""fa"":""موتکی"",""de"":""Mutki"",""es"":""Mutki"",""fr"":""Mutki"",""ja"":""ムトキ"",""it"":""Mutki"",""zh-CN"":""穆特基"",""tr"":""Mutki"",""ru"":""Мутки"",""uk"":""Муткі"",""pl"":""Mutki"",""hi"":""मुटकी"",""ar"":""موتكي""}",2019-10-06T10:31:23,2025-12-02T14:39:31,1,Q94637
108237,Nallıhan,2217,06,225,TR,adm2,,,40.18593000,31.35179000,Nallıhan,19106,Europe/Istanbul,"{""br"":""Nallıhan"",""ko"":""날리한"",""pt-BR"":""Nallihan"",""pt"":""Nallihan"",""nl"":""Nallıhan"",""hr"":""Nallihan"",""fa"":""نالیحان"",""de"":""Nallıhan"",""es"":""Nallıhan"",""fr"":""Nallıhan"",""ja"":""ナルハン"",""it"":""Nallıhan"",""zh-CN"":""纳勒汉"",""tr"":""Nallıhan"",""ru"":""Наллихан"",""uk"":""Налліхан"",""pl"":""Nallıhan"",""hi"":""नल्लीहान"",""ar"":""ناليهان""}",2019-10-06T10:31:23,2025-12-02T14:39:31,1,Q1947523
108240,Narlıdere,2205,35,225,TR,city,,,38.38957000,27.02431000,Narlıdere,66203,Europe/Istanbul,"{""br"":""Narlıdere"",""ko"":""나를리데레"",""pt-BR"":""Narlıdere"",""pt"":""Narlıdere"",""nl"":""Narlıdere"",""hr"":""Narlıdere"",""fa"":""نارلیدر"",""de"":""Narlıdere"",""es"":""Narlıdere"",""fr"":""Narlıdere"",""ja"":""ナルデレ"",""it"":""Narlıdere"",""zh-CN"":""纳尔利德雷"",""tr"":""Narlıdere"",""ru"":""Нарлыдере"",""uk"":""Нарлідере"",""pl"":""Narlıdere"",""hi"":""नार्लिदेरे"",""ar"":""نارليدير""}",2019-10-06T10:31:23,2025-12-02T16:59:27,1,Q643505
108241,Narman,2165,25,225,TR,adm2,,,40.34449000,41.86088000,Narman,10104,Europe/Istanbul,"{""br"":""Narman"",""ko"":""나르만"",""pt-BR"":""Narman"",""pt"":""Narman"",""nl"":""Narman"",""hr"":""Narman"",""fa"":""نارمن"",""de"":""Narman"",""es"":""Narman"",""fr"":""Narman"",""ja"":""ナルマン"",""it"":""Narman"",""zh-CN"":""纳尔曼"",""tr"":""Narman"",""ru"":""Нарман"",""uk"":""Нарман"",""pl"":""Narman"",""hi"":""नर्मन"",""ar"":""نارمان""}",2019-10-06T10:31:23,2025-12-02T14:39:31,1,Q643505
108243,Nazilli,2187,09,225,TR,city,,,37.93570000,28.30609000,Nazilli,162041,Europe/Istanbul,"{""br"":""Nazilli"",""ko"":""나질리"",""pt-BR"":""Nazilli"",""pt"":""Nazilli"",""nl"":""Nazilli"",""hr"":""Nazili"",""fa"":""نازیلی"",""de"":""Nazilli"",""es"":""Nazilli"",""fr"":""Nazilli"",""ja"":""ナジリ"",""it"":""Nazilli"",""zh-CN"":""纳齐利"",""tr"":""Nazilli"",""ru"":""Назилли"",""uk"":""Назіллі"",""pl"":""Nazilli"",""hi"":""नाज़िल्ली"",""ar"":""نازيلي""}",2019-10-06T10:31:23,2025-12-02T17:11:50,1,Q2252014
108245,Nazımiye,2192,62,225,TR,adm2,,,39.17952000,39.82805000,Nazımiye,3599,Europe/Istanbul,"{""br"":""Nazimiye"",""ko"":""나지미예"",""pt-BR"":""Nazistas"",""pt"":""Nazistas"",""nl"":""Nazimiya"",""hr"":""Nazimiye"",""fa"":""ناظیمیه"",""de"":""Nazimiye"",""es"":""Nazimiye"",""fr"":""Nazimiye"",""ja"":""ナジミエ"",""it"":""Nazimiye"",""zh-CN"":""纳济米耶"",""tr"":""Nazımiye"",""ru"":""Назымийе"",""uk"":""Назиміє"",""pl"":""Nazimiye"",""hi"":""नाज़िमीये"",""ar"":""ناظمية""}",2019-10-06T10:31:23,2025-12-02T14:38:56,1,Q1023317
108248,Niksar,2199,60,225,TR,adm2,,,40.60509000,36.97174000,Niksar,64119,Europe/Istanbul,"{""br"":""Niksar"",""ko"":""닉사르"",""pt-BR"":""Niksar"",""pt"":""Niksar"",""nl"":""Niksar"",""hr"":""Niksar"",""fa"":""نیکسار"",""de"":""Niksar"",""es"":""Niksar"",""fr"":""Niksar"",""ja"":""ニクサール"",""it"":""Niksar"",""zh-CN"":""尼克萨尔"",""tr"":""Niksar"",""ru"":""Никсар"",""uk"":""Ніксар"",""pl"":""Niksar"",""hi"":""निकसार"",""ar"":""نيكسار""}",2019-10-06T10:31:23,2025-12-02T17:11:50,1,Q206879
108249,Nilüfer,2163,16,225,TR,city,,,40.21375000,28.98464000,Nilüfer,441299,Europe/Istanbul,"{""br"":""Nilüfer"",""ko"":""닐루퍼"",""pt-BR"":""Nilüfer"",""pt"":""Nilüfer"",""nl"":""Nilüfer"",""hr"":""Nilufer"",""fa"":""نیلوفر"",""de"":""Nilüfer"",""es"":""Nilüfer"",""fr"":""Nilüfer"",""ja"":""ニルファー"",""it"":""Nilüfer"",""zh-CN"":""尼吕费尔"",""tr"":""Nilüfer"",""ru"":""Нилюфер"",""uk"":""Нілюфер"",""pl"":""Nilüfer"",""hi"":""निलुफर"",""ar"":""نيلوفر""}",2019-10-06T10:31:23,2025-12-02T17:11:50,1,Q206879
108250,Nizip,2203,27,225,TR,adm2,,,37.00972000,37.79417000,Nizip,82308,Europe/Istanbul,"{""br"":""Nizip"",""ko"":""니집"",""pt-BR"":""Nizip"",""pt"":""Nizip"",""nl"":""Nizip"",""hr"":""Nizip"",""fa"":""نیزیپ"",""de"":""Nizip"",""es"":""Nizip"",""fr"":""Nizip"",""ja"":""ニジップ"",""it"":""Nizip"",""zh-CN"":""尼济普"",""tr"":""Nizip"",""ru"":""Низип"",""uk"":""Нізіп"",""pl"":""Nizip"",""hi"":""निज़िप"",""ar"":""نيزيب""}",2019-10-06T10:31:23,2025-12-02T14:39:31,1,Q1012831
108252,Merkez,2189,51,225,TR,adm1,,,37.96583000,34.67935000,Merkez,91039,Europe/Istanbul,"{""br"":""Merkez"",""ko"":""메르케즈"",""pt-BR"":""Merkez"",""pt"":""Merkez"",""nl"":""Merkez"",""hr"":""Merkez"",""fa"":""مرکز"",""de"":""Merkez"",""es"":""Merkez"",""fr"":""Merkez"",""ja"":""メルケス"",""it"":""Merkez"",""zh-CN"":""梅尔克兹"",""tr"":""Merkez"",""ru"":""Меркез"",""uk"":""Меркез"",""pl"":""Merkez"",""hi"":""मर्केज़"",""ar"":""مركز""}",2019-10-06T10:31:23,2025-12-02T14:39:31,1,Q194146
108253,Nurdağı,2203,27,225,TR,adm2,,,37.16821000,36.73623000,Nurdağı,12827,Europe/Istanbul,"{""br"":""Nurdağı"",""ko"":""누르다그"",""pt-BR"":""Nurdağı"",""pt"":""Nurdağı"",""nl"":""Nurdağı"",""hr"":""Nurdağı"",""fa"":""نورداغی"",""de"":""Nurdağı"",""es"":""Nurdağı"",""fr"":""Nurdağı"",""ja"":""ヌルダー"",""it"":""Nurdağı"",""zh-CN"":""努尔达"",""tr"":""Nurdağı"",""ru"":""Нурдаги"",""uk"":""Нурдагі"",""pl"":""Nurdağı"",""hi"":""नूरदागी"",""ar"":""نورداغ""}",2019-10-06T10:31:23,2025-12-02T14:39:31,1,Q194146
108255,Nurhak,2227,46,225,TR,adm2,,,37.96366000,37.44047000,Nurhak,8595,Europe/Istanbul,"{""br"":""Nurhak"",""ko"":""누르하크"",""pt-BR"":""Nurhak"",""pt"":""Nurhak"",""nl"":""Nurhak"",""hr"":""Nurhak"",""fa"":""نورهاک"",""de"":""Nurhak"",""es"":""Nurhak"",""fr"":""Nurhak"",""ja"":""ヌルハク"",""it"":""Nurhak"",""zh-CN"":""努尔哈克"",""tr"":""Nurhak"",""ru"":""Нурхак"",""uk"":""Нурхак"",""pl"":""Nurhak"",""hi"":""नूरहक"",""ar"":""نورهاك""}",2019-10-06T10:31:23,2025-12-02T14:39:31,1,Q1004573
108258,Nusaybin,2224,47,225,TR,adm2,,,37.07028000,41.21465000,Nusaybin,105856,Europe/Istanbul,"{""br"":""Nusaybin"",""ko"":""누사이빈"",""pt-BR"":""Nusaybin"",""pt"":""Nusaybin"",""nl"":""Nusaybin"",""hr"":""Nusaybin"",""fa"":""نصیبین"",""de"":""Nusaybin"",""es"":""Nusaybin"",""fr"":""Nusaybin"",""ja"":""ヌサイビン"",""it"":""Nusaybin"",""zh-CN"":""努赛宾"",""tr"":""Nusaybin"",""ru"":""Нусайбин"",""uk"":""Нусайбін"",""pl"":""Nusaybin"",""hi"":""नुसायबिन"",""ar"":""نصيبين""}",2019-10-06T10:31:23,2025-12-02T14:38:56,1,Q1553052
108260,Odunpazarı,2164,26,225,TR,adm2,,,39.76699000,30.54113000,Odunpazarı,404267,Europe/Istanbul,"{""br"":""Odunpazarı"",""ko"":""오둔파자르"",""pt-BR"":""Odunpazarı"",""pt"":""Odunpazarı"",""nl"":""Odunpazarı"",""hr"":""Odunpazarı"",""fa"":""اودونپازاری"",""de"":""Odunpazarı"",""es"":""Odunpazarı"",""fr"":""Odunpazarı"",""ja"":""オドゥンパザリ"",""it"":""Odunpazarı"",""zh-CN"":""奥登帕扎尔"",""tr"":""Odunpazarı"",""ru"":""Одунпазары"",""uk"":""Одунпазари"",""pl"":""Odunpazarı"",""hi"":""ओडुनपाज़ारी"",""ar"":""أودونبازاري""}",2019-10-06T10:31:23,2025-12-02T17:11:50,1,Q130470
108261,Of,2206,61,225,TR,adm2,,,40.94055000,40.25918000,İle ilgili,31951,Europe/Istanbul,"{""br"":""Eus"",""ko"":""의"",""pt-BR"":""De"",""pt"":""De"",""nl"":""Van"",""hr"":""Od"",""fa"":""از"",""de"":""Von"",""es"":""De"",""fr"":""De"",""ja"":""の"",""it"":""Di"",""zh-CN"":""的"",""tr"":""İle ilgili"",""ru"":""Из"",""uk"":""З"",""pl"":""Z"",""hi"":""का"",""ar"":""ل""}",2019-10-06T10:31:23,2025-12-02T14:39:31,1,Q988069
108265,Oltu,2165,25,225,TR,adm2,,,40.53945000,41.98722000,Oldu,23504,Europe/Istanbul,"{""br"":""Oltu"",""ko"":""올투"",""pt-BR"":""Oltu"",""pt"":""Oltu"",""nl"":""Oltu"",""hr"":""Oltu"",""fa"":""اولتو"",""de"":""Oltu"",""es"":""Oltu"",""fr"":""Oltu"",""ja"":""オルトゥ"",""it"":""Oltu"",""zh-CN"":""奥尔图"",""tr"":""Oltu"",""ru"":""Олту"",""uk"":""Олту"",""pl"":""Oltu"",""hi"":""ओल्टू"",""ar"":""أولتو""}",2019-10-06T10:31:23,2025-12-02T14:39:31,1,Q988069
108267,Olur,2165,25,225,TR,adm2,,,40.82165000,42.13055000,Olmak,3546,Europe/Istanbul,"{""br"":""Olur"",""ko"":""올루르"",""pt-BR"":""Olur"",""pt"":""Olur"",""nl"":""Olur"",""hr"":""Olur"",""fa"":""اولور"",""de"":""Olur"",""es"":""Olur"",""fr"":""Olur"",""ja"":""オルル"",""it"":""Olur"",""zh-CN"":""奥卢尔"",""tr"":""Olur"",""ru"":""Олур"",""uk"":""Олур"",""pl"":""Olur"",""hi"":""ओलुर"",""ar"":""أولور""}",2019-10-06T10:31:24,2025-12-02T14:39:31,1,Q14640
108269,Ondokuzmayıs,2220,55,225,TR,adm2,,,41.51188000,36.07298000,Ondokuzmayıs,26337,Europe/Istanbul,"{""br"":""Ondokuzmayıs"",""ko"":""온도쿠즈마이스"",""pt-BR"":""Ondokuzmayıs"",""pt"":""Ondokuzmayıs"",""nl"":""Ondokuzmayıs"",""hr"":""Ondokuzmayıs"",""fa"":""اوندوکوزماییس"",""de"":""Ondokuzmayıs"",""es"":""Ondokuzmayıs"",""fr"":""Ondokuzmayıs"",""ja"":""オンドクズマイス"",""it"":""Ondokuzmayıs"",""zh-CN"":""翁多库兹马伊斯"",""tr"":""Ondokuzmayıs"",""ru"":""Ондокузмайыс"",""uk"":""Ондокузмайс"",""pl"":""Ondokuzmayıs"",""hi"":""Ondokuzmayıs"",""ar"":""Ondokuzmayıs""}",2019-10-06T10:31:24,2025-12-02T17:11:50,1,Q14640
108270,Onikişubat,2227,46,225,TR,adm1,,,37.59002000,36.90548000,Onikişubat,418379,Europe/Istanbul,"{""br"":""Onikişubat"",""ko"":""오니키수밧"",""pt-BR"":""Onikişubat"",""pt"":""Onikişubat"",""nl"":""Onikişubat"",""hr"":""Onikişubat"",""fa"":""اونیکیشوبات"",""de"":""Onikişubat"",""es"":""Onikişubat"",""fr"":""Onikişubat"",""ja"":""オニキシュバット"",""it"":""Onikişubat"",""zh-CN"":""奥尼基舒巴特"",""tr"":""Onikişubat"",""ru"":""Оникишубат"",""uk"":""Онікішубат"",""pl"":""Onikişubat"",""hi"":""ओनिकिसुबात"",""ar"":""أونيكيشوبات""}",2019-10-06T10:31:24,2025-12-02T17:11:50,1,Q16960466
108272,Orhaneli,2163,16,225,TR,adm2,,,39.90333000,28.99056000,Orhaneli,8959,Europe/Istanbul,"{""br"":""Orhaneli"",""ko"":""오르하넬리"",""pt-BR"":""Orhaneli"",""pt"":""Orhaneli"",""nl"":""Orhaneli"",""hr"":""Orhaneli"",""fa"":""اورهانلی"",""de"":""Orhaneli"",""es"":""Orhaneli"",""fr"":""Orhaneli"",""ja"":""オルハネリ"",""it"":""Orhaneli"",""zh-CN"":""奥尔哈内利"",""tr"":""Orhaneli"",""ru"":""Орханели"",""uk"":""Орханелі"",""pl"":""Orhaneli"",""hi"":""ओरहानेली"",""ar"":""أورهانيلي""}",2019-10-06T10:31:24,2025-12-02T14:39:31,1,Q184539
108274,Orhangazi,2163,16,225,TR,adm2,,,40.48917000,29.30889000,Orhangazi,51792,Europe/Istanbul,"{""br"":""Orhangazi"",""ko"":""오르한가지"",""pt-BR"":""Orhangazi"",""pt"":""Orhangazi"",""nl"":""Orhangazi"",""hr"":""Orhangazi"",""fa"":""اورهانگازی"",""de"":""Orhangazi"",""es"":""Orhangazi"",""fr"":""Orhangazi"",""ja"":""オルハンガジ"",""it"":""Orhangazi"",""zh-CN"":""奥尔汉加济"",""tr"":""Orhangazi"",""ru"":""Орхангази"",""uk"":""Орхангазі"",""pl"":""Orhangazi"",""hi"":""ओरहंगाज़ी"",""ar"":""أورهانغازي""}",2019-10-06T10:31:24,2025-12-02T14:39:31,1,Q1948420
108276,Orta,2168,18,225,TR,adm2,,,40.62420000,33.10928000,Orta,6072,Europe/Istanbul,"{""br"":""Orta"",""ko"":""오르타"",""pt-BR"":""Orta"",""pt"":""Orta"",""nl"":""Orta"",""hr"":""Orta"",""fa"":""اورتا"",""de"":""Orta"",""es"":""Orta"",""fr"":""Orta"",""ja"":""オルタ"",""it"":""Orta"",""zh-CN"":""奥尔塔"",""tr"":""Orta"",""ru"":""Орта"",""uk"":""Орта"",""pl"":""Orta"",""hi"":""ओर्टा"",""ar"":""أورتا""}",2019-10-06T10:31:24,2025-12-02T14:39:31,1,Q1948420
108279,Ortaca,2182,48,225,TR,adm2,,,36.83915000,28.76457000,Ortaca,19741,Europe/Istanbul,"{""br"":""Ortaca"",""ko"":""오르타카"",""pt-BR"":""Ortaca"",""pt"":""Ortaca"",""nl"":""Ortaca"",""hr"":""Ortaca"",""fa"":""اورتاکا"",""de"":""Ortaca"",""es"":""Ortaca"",""fr"":""Ortaca"",""ja"":""オルタカ"",""it"":""Ortaca"",""zh-CN"":""奥尔塔卡"",""tr"":""Ortaca"",""ru"":""Ортака"",""uk"":""Ортака"",""pl"":""Ortaca"",""hi"":""ओर्टाका"",""ar"":""أورتاكا""}",2019-10-06T10:31:24,2025-12-02T14:39:31,1,Q1948420
108282,Ortahisar,2206,61,225,TR,adm3,,,40.88029000,39.88998000,Ortahisar,317520,Europe/Istanbul,"{""br"":""Ortahisar"",""ko"":""오르타히사르"",""pt-BR"":""Ortahisar"",""pt"":""Ortahisar"",""nl"":""Ortahisar"",""hr"":""Ortahisar"",""fa"":""اورتاحیصار"",""de"":""Ortahisar"",""es"":""Ortahisar"",""fr"":""Ortahisar"",""ja"":""オルタヒサル"",""it"":""Ortahisar"",""zh-CN"":""奥塔希萨尔"",""tr"":""Ortahisar"",""ru"":""Ортахисар"",""uk"":""Ортахісар"",""pl"":""Ortahisar"",""hi"":""ओरताहिसार"",""ar"":""أورتاهيسار""}",2019-10-06T10:31:24,2025-12-02T17:11:50,1,Q16258125
108283,Ortaköy,2210,68,225,TR,adm2,,,38.73728000,34.03866000,Ortaköy,31144,Europe/Istanbul,"{""br"":""Ortaköy"",""ko"":""오르타쾨이"",""pt-BR"":""Ortaköy"",""pt"":""Ortaköy"",""nl"":""Ortaköy"",""hr"":""Ortaköy"",""fa"":""اورتاکوی"",""de"":""Ortaköy"",""es"":""Ortaköy"",""fr"":""Ortaköy"",""ja"":""オルタキョイ"",""it"":""Ortaköy"",""zh-CN"":""奥塔科伊"",""tr"":""Ortaköy"",""ru"":""Ортакёй"",""uk"":""Ортакьой"",""pl"":""Ortaköy"",""hi"":""ओर्टाकोय"",""ar"":""أورتاكوي""}",2019-10-06T10:31:24,2025-12-02T14:39:31,1,Q16258125
108286,Ortaköy,2173,19,225,TR,adm2,,,40.27352000,35.25175000,Ortaköy,0,Europe/Istanbul,"{""br"":""Ortaköy"",""ko"":""오르타쾨이"",""pt-BR"":""Ortaköy"",""pt"":""Ortaköy"",""nl"":""Ortaköy"",""hr"":""Ortaköy"",""fa"":""اورتاکوی"",""de"":""Ortaköy"",""es"":""Ortaköy"",""fr"":""Ortaköy"",""ja"":""オルタキョイ"",""it"":""Ortaköy"",""zh-CN"":""奥塔科伊"",""tr"":""Ortaköy"",""ru"":""Ортакёй"",""uk"":""Ортакьой"",""pl"":""Ortaköy"",""hi"":""ओर्टाकोय"",""ar"":""أورتاكوي""}",2019-10-06T10:31:24,2025-12-02T14:39:31,1,Q730663
108290,Osmancık,2173,19,225,TR,city,,,41.00240000,34.78243000,Osmancık,42980,Europe/Istanbul,"{""br"":""Osmancık"",""ko"":""오스만즈크"",""pt-BR"":""Osmancık"",""pt"":""Osmancık"",""nl"":""Osmancık"",""hr"":""Osmancık"",""fa"":""عثمانجیک"",""de"":""Osmancık"",""es"":""Osmancık"",""fr"":""Osmancık"",""ja"":""オスマンチク"",""it"":""Osmancık"",""zh-CN"":""奥斯曼哲克"",""tr"":""Osmancık"",""ru"":""Османджик"",""uk"":""Османчик"",""pl"":""Osmancik"",""hi"":""ओस्मानसिक"",""ar"":""عثمانجيك""}",2019-10-06T10:31:24,2025-12-02T16:59:27,1,Q1014135
108291,Osmaneli,2221,11,225,TR,adm2,,,40.35722000,30.01417000,Osmaneli,15708,Europe/Istanbul,"{""br"":""Osmaneli"",""ko"":""오스마넬리"",""pt-BR"":""Osmaneli"",""pt"":""Osmaneli"",""nl"":""Osmaneli"",""hr"":""Osmaneli"",""fa"":""عثمانلی"",""de"":""Osmaneli"",""es"":""Osmaneli"",""fr"":""Osmaneli"",""ja"":""オスマネリ"",""it"":""Osmaneli"",""zh-CN"":""奥斯马内利"",""tr"":""Osmaneli"",""ru"":""Османели"",""uk"":""Османелі"",""pl"":""Osmaneli"",""hi"":""उस्मानेली"",""ar"":""عثمانيلي""}",2019-10-06T10:31:24,2025-12-02T14:39:31,1,Q1014135
108293,Osmangazi,2163,16,225,TR,adm3,,,40.15644000,29.08753000,Osmangazi,2189,Europe/Istanbul,"{""br"":""Osmangazi"",""ko"":""오스만가지"",""pt-BR"":""Osmangazi"",""pt"":""Osmangazi"",""nl"":""Osmangazi"",""hr"":""Osmangazi"",""fa"":""عثمان قاضی"",""de"":""Osmangazi"",""es"":""Osmangazi"",""fr"":""Osmangazi"",""ja"":""オスマンガジ"",""it"":""Osmangazi"",""zh-CN"":""奥斯曼加齐"",""tr"":""Osmangazi"",""ru"":""Османгази"",""uk"":""Османгазі"",""pl"":""Osmangazi"",""hi"":""ओस्मंगाज़ी"",""ar"":""عثمان غازي""}",2019-10-06T10:31:24,2025-12-02T17:11:50,1,Q1023140
108294,Merkez,2214,80,225,TR,adm2,,,37.07417000,36.24778000,Merkez,,Europe/Istanbul,"{""br"":""Merkez"",""ko"":""메르케즈"",""pt-BR"":""Merkez"",""pt"":""Merkez"",""nl"":""Merkez"",""hr"":""Merkez"",""fa"":""مرکز"",""de"":""Merkez"",""es"":""Merkez"",""fr"":""Merkez"",""ja"":""メルケス"",""it"":""Merkez"",""zh-CN"":""梅尔克兹"",""tr"":""Merkez"",""ru"":""Меркез"",""uk"":""Меркез"",""pl"":""Merkez"",""hi"":""मर्केज़"",""ar"":""مركز""}",2019-10-06T10:31:24,2025-12-02T17:11:50,1,Q181379
108295,Otlukbeli,2160,24,225,TR,adm2,,,39.97000000,40.01872000,Otlukbeli,3669,Europe/Istanbul,"{""br"":""Otlukbeli"",""ko"":""오틀룩벨리"",""pt-BR"":""Otlukbeli"",""pt"":""Otlukbeli"",""nl"":""Otlukbeli"",""hr"":""Otlukbeli"",""fa"":""اوتلوقبلی"",""de"":""Otlukbeli"",""es"":""Otlukbeli"",""fr"":""Otlukbeli"",""ja"":""オトゥルクベリ"",""it"":""Otlukbeli"",""zh-CN"":""奥特卢克贝利"",""tr"":""Otlukbeli"",""ru"":""Отлукбели"",""uk"":""Отлукбелі"",""pl"":""Otlukbeli"",""hi"":""ओटलुकबेली"",""ar"":""أوتلوكبيلي""}",2019-10-06T10:31:24,2025-12-02T14:39:31,1,Q181379
108297,Ovacık,2192,62,225,TR,adm2,,,39.35259000,39.20890000,Ovacık,0,Europe/Istanbul,"{""br"":""Ovacık"",""ko"":""오바직"",""pt-BR"":""Ovacık"",""pt"":""Ovacık"",""nl"":""Ovacık"",""hr"":""Ovacik"",""fa"":""اواجیک"",""de"":""Ovacık"",""es"":""Ovacık"",""fr"":""Ovacık"",""ja"":""オヴァチク"",""it"":""Ovacık"",""zh-CN"":""奥瓦奇克"",""tr"":""Ovacık"",""ru"":""Оваджик"",""uk"":""Оваджик"",""pl"":""Ovacık"",""hi"":""ओवासिक"",""ar"":""أوفاجيك""}",2019-10-06T10:31:24,2025-12-02T14:39:31,1,Q963947
108299,Ovacık,2223,78,225,TR,adm2,,,41.08029000,32.93224000,Ovacık,5085,Europe/Istanbul,"{""br"":""Ovacık"",""ko"":""오바직"",""pt-BR"":""Ovacık"",""pt"":""Ovacık"",""nl"":""Ovacık"",""hr"":""Ovacik"",""fa"":""اواجیک"",""de"":""Ovacık"",""es"":""Ovacık"",""fr"":""Ovacık"",""ja"":""オヴァチク"",""it"":""Ovacık"",""zh-CN"":""奥瓦奇克"",""tr"":""Ovacık"",""ru"":""Оваджик"",""uk"":""Оваджик"",""pl"":""Ovacık"",""hi"":""ओवासिक"",""ar"":""أوفاجيك""}",2019-10-06T10:31:24,2025-12-02T17:11:50,1,Q963947
108303,Oğuzeli,2203,27,225,TR,adm2,,,36.96572000,37.51339000,Oğuzeli,11527,Europe/Istanbul,"{""br"":""Oğuzeli"",""ko"":""오구젤리"",""pt-BR"":""Oğuzeli"",""pt"":""Oğuzeli"",""nl"":""Oğuzeli"",""hr"":""Oğuzeli"",""fa"":""اوغوزلی"",""de"":""Oğuzeli"",""es"":""Oğuzeli"",""fr"":""Oğuzeli"",""ja"":""オグゼリ"",""it"":""Oğuzeli"",""zh-CN"":""奥乌泽利"",""tr"":""Oğuzeli"",""ru"":""Огузели"",""uk"":""Огузелі"",""pl"":""Oğuzeli"",""hi"":""ओगुज़ेली"",""ar"":""أوغوزيلي""}",2019-10-06T10:31:24,2025-12-02T14:39:31,1,Q963947
108305,Oğuzlar,2173,19,225,TR,adm2,,,40.76323000,34.70813000,Oğuzlar,5483,Europe/Istanbul,"{""br"":""Oğuzlar"",""ko"":""오구즐라르"",""pt-BR"":""Oğuzlar"",""pt"":""Oğuzlar"",""nl"":""Oğuzlar"",""hr"":""Oğuzlar"",""fa"":""اوغوزلار"",""de"":""Oğuzlar"",""es"":""Oğuzlar"",""fr"":""Oğuzlar"",""ja"":""オズラー"",""it"":""Oğuzlar"",""zh-CN"":""奥乌兹拉尔"",""tr"":""Oğuzlar"",""ru"":""Огузлар"",""uk"":""Оґузлар"",""pl"":""Oğuzlar"",""hi"":""ओगुज़्लर"",""ar"":""أوغوزلار""}",2019-10-06T10:31:24,2025-12-02T17:11:50,1,Q1022230
108307,Palandöken,2165,25,225,TR,adm2,,,39.85560000,41.27975000,Palandöken,0,Europe/Istanbul,"{""br"":""Palandöken"",""ko"":""팔란도켄"",""pt-BR"":""Palandöken"",""pt"":""Palandöken"",""nl"":""Palandöken"",""hr"":""Palandöken"",""fa"":""پالاندوکن"",""de"":""Palandöken"",""es"":""Palandöken"",""fr"":""Palandöken"",""ja"":""パランドケン"",""it"":""Palandöken"",""zh-CN"":""帕兰德肯"",""tr"":""Palandöken"",""ru"":""Паландокен"",""uk"":""Паландокен"",""pl"":""Palandöken"",""hi"":""पालैंडोकेन"",""ar"":""بالاندوكين""}",2019-10-06T10:31:24,2025-12-02T14:39:31,1,Q1022230
108308,Palu,2159,23,225,TR,adm2,,,38.69135000,39.91984000,Çekiç,11271,Europe/Istanbul,"{""br"":""Palu"",""ko"":""팔루"",""pt-BR"":""Palu"",""pt"":""Palu"",""nl"":""Palu"",""hr"":""Palu"",""fa"":""پالو"",""de"":""Palu"",""es"":""Palu"",""fr"":""Palu"",""ja"":""パル"",""it"":""Palù"",""zh-CN"":""帕卢"",""tr"":""Palu"",""ru"":""Палу"",""uk"":""Палу"",""pl"":""Palu"",""hi"":""पालू"",""ar"":""بالو""}",2019-10-06T10:31:24,2025-12-02T14:39:31,1,Q1022230
108310,Pamukkale,2157,20,225,TR,city,,,37.91644000,29.11729000,Pamukkale,10000,Europe/Istanbul,"{""br"":""Pamukkale"",""ko"":""파묵칼레"",""pt-BR"":""Pamukkale"",""pt"":""Pamukkale"",""nl"":""Pamukkale"",""hr"":""Pamukkale"",""fa"":""پاموکاله"",""de"":""Pamukkale"",""es"":""Pamukkale"",""fr"":""Pamukkale"",""ja"":""パムッカレ"",""it"":""Pamukkale"",""zh-CN"":""棉花堡"",""tr"":""Pamukkale"",""ru"":""Памуккале"",""uk"":""Памуккале"",""pl"":""Pamukkale"",""hi"":""Pamukkale"",""ar"":""باموكالي""}",2019-10-06T10:31:24,2025-12-02T14:39:31,1,Q232734
108312,Pamukova,2150,54,225,TR,adm2,,,40.50810000,30.16732000,Kapıda,14885,Europe/Istanbul,"{""br"":""Pamukova"",""ko"":""파무코바"",""pt-BR"":""Pamukova"",""pt"":""Pamukova"",""nl"":""Pamukova"",""hr"":""Pamukova"",""fa"":""پاموکووا"",""de"":""Pamukova"",""es"":""Pamukova"",""fr"":""Pamukova"",""ja"":""パムコワ"",""it"":""Pamukova"",""zh-CN"":""帕穆科娃"",""tr"":""Pamukova"",""ru"":""Памукова"",""uk"":""Памукова"",""pl"":""Pamukowa"",""hi"":""पामुकोवा"",""ar"":""باموكوفا""}",2019-10-06T10:31:24,2025-12-02T14:39:31,1,Q232734
108314,Pasinler,2165,25,225,TR,adm2,,,39.97975000,41.66997000,Pasinler,28961,Europe/Istanbul,"{""br"":""Pasinler"",""ko"":""파신러"",""pt-BR"":""Pasinler"",""pt"":""Pasinler"",""nl"":""Pasinler"",""hr"":""Pasinler"",""fa"":""پاسینلر"",""de"":""Pasinler"",""es"":""Pasinler"",""fr"":""Pasinler"",""ja"":""パシンラー"",""it"":""Pasinler"",""zh-CN"":""帕辛勒"",""tr"":""Pasinler"",""ru"":""Пасинлер"",""uk"":""Пасінлер"",""pl"":""Pasinler"",""hi"":""पासिनलर"",""ar"":""باسينلر""}",2019-10-06T10:31:24,2025-12-02T14:38:56,1,Q2744950
108316,Patnos,2193,04,225,TR,adm2,,,39.22493000,42.85693000,Patnos,87451,Europe/Istanbul,"{""br"":""Patnos"",""ko"":""파트노스"",""pt-BR"":""Patnos"",""pt"":""Patnos"",""nl"":""Patnos"",""hr"":""Patnos"",""fa"":""پاتنوس"",""de"":""Patnos"",""es"":""Patnos"",""fr"":""Patnos"",""ja"":""パトノス"",""it"":""Patnos"",""zh-CN"":""帕特诺斯"",""tr"":""Patnos"",""ru"":""Патнос"",""uk"":""Патнос"",""pl"":""Patnos"",""hi"":""पटनोस"",""ar"":""باتنوس""}",2019-10-06T10:31:24,2025-12-02T14:39:31,1,Q509324
108320,Payas,2211,31,225,TR,adm2,,,36.75600000,36.21432000,Payas,0,Europe/Istanbul,"{""br"":""Payas"",""ko"":""파야스"",""pt-BR"":""Payas"",""pt"":""Payas"",""nl"":""Payas"",""hr"":""Payas"",""fa"":""پایاس"",""de"":""Payas"",""es"":""Payas"",""fr"":""Payas"",""ja"":""パヤス"",""it"":""Payas"",""zh-CN"":""帕亚斯"",""tr"":""Payas"",""ru"":""Паяс"",""uk"":""Паяс"",""pl"":""Payas"",""hi"":""पायस"",""ar"":""باياس""}",2019-10-06T10:31:24,2025-12-02T14:39:31,1,Q2674278
108321,Pazar,2219,53,225,TR,adm2,,,41.17917000,40.88417000,Pazar,14335,Europe/Istanbul,"{""br"":""Pazar"",""ko"":""파자르"",""pt-BR"":""Pazar"",""pt"":""Pazar"",""nl"":""Pazar"",""hr"":""Pazar"",""fa"":""پازار"",""de"":""Pazar"",""es"":""Pazar"",""fr"":""Pazar"",""ja"":""パザール"",""it"":""Pazar"",""zh-CN"":""帕扎尔"",""tr"":""Pazar"",""ru"":""Пазар"",""uk"":""Пазар"",""pl"":""Pazar"",""hi"":""पज़ार"",""ar"":""بازار""}",2019-10-06T10:31:24,2025-12-02T17:11:50,1,Q1920516
108322,Pazar,2199,60,225,TR,adm2,,,40.27652000,36.28347000,Pazar,5105,Europe/Istanbul,"{""br"":""Pazar"",""ko"":""파자르"",""pt-BR"":""Pazar"",""pt"":""Pazar"",""nl"":""Pazar"",""hr"":""Pazar"",""fa"":""پازار"",""de"":""Pazar"",""es"":""Pazar"",""fr"":""Pazar"",""ja"":""パザール"",""it"":""Pazar"",""zh-CN"":""帕扎尔"",""tr"":""Pazar"",""ru"":""Пазар"",""uk"":""Пазар"",""pl"":""Pazar"",""hi"":""पज़ार"",""ar"":""بازار""}",2019-10-06T10:31:24,2025-12-02T14:39:31,1,Q2670995
108325,Pazarcık,2227,46,225,TR,city,,,37.48685000,37.29961000,Pazarcık,23850,Europe/Istanbul,"{""br"":""Pazarcık"",""ko"":""파자르치크"",""pt-BR"":""Pazarcik"",""pt"":""Pazarcik"",""nl"":""Pazarcık"",""hr"":""Pazarcik"",""fa"":""پازارجیک"",""de"":""Pazarcık"",""es"":""Pazarcık"",""fr"":""Pazarcık"",""ja"":""パザルチク"",""it"":""Pazarcık"",""zh-CN"":""帕扎尔奇克"",""tr"":""Pazarcık"",""ru"":""Пазарджик"",""uk"":""Пазарджик"",""pl"":""Pazarcık"",""hi"":""पज़ारकिक"",""ar"":""بازارجيك""}",2019-10-06T10:31:24,2025-12-02T14:39:31,1,Q2670995
108327,Pazarlar,2149,43,225,TR,adm2,,,38.99500000,29.12583000,Pazarlar,5522,Europe/Istanbul,"{""br"":""Pazarlar"",""ko"":""파잘라르"",""pt-BR"":""Pazarlar"",""pt"":""Pazarlar"",""nl"":""Pazarlar"",""hr"":""Pazarlar"",""fa"":""پازارلار"",""de"":""Pazarlar"",""es"":""Pazarlar"",""fr"":""Pazarlar"",""ja"":""パザルラー"",""it"":""Pazarlar"",""zh-CN"":""帕扎拉尔"",""tr"":""Pazarlar"",""ru"":""Пазарлар"",""uk"":""Пазарлар"",""pl"":""Pazarlar"",""hi"":""पज़ारलार"",""ar"":""بازارلار""}",2019-10-06T10:31:24,2025-12-02T14:38:56,1,Q2670995
108329,Pazaryeri,2221,11,225,TR,adm2,,,39.99395000,29.90424000,Pazaryeri,6730,Europe/Istanbul,"{""br"":""Pazaryeri"",""ko"":""파자리에리"",""pt-BR"":""Pazaryeri"",""pt"":""Pazaryeri"",""nl"":""Pazaryeri"",""hr"":""Pazaryeri"",""fa"":""پازاریری"",""de"":""Pazaryeri"",""es"":""Pazaryeri"",""fr"":""Pazaryeri"",""ja"":""パザリエリ"",""it"":""Pazaryeri"",""zh-CN"":""帕扎尔耶里"",""tr"":""Pazaryeri"",""ru"":""Пазарьери"",""uk"":""Пазар'єрі"",""pl"":""Pazaryeri"",""hi"":""पज़ारयेरी"",""ar"":""بازاريري""}",2019-10-06T10:31:24,2025-12-02T14:39:31,1,Q2671066
108331,Pazaryolu,2165,25,225,TR,adm2,,,40.41142000,40.76780000,Pazaryolu,5878,Europe/Istanbul,"{""br"":""Pazaryolu"",""ko"":""파자리올루"",""pt-BR"":""Pazaryolu"",""pt"":""Pazaryolu"",""nl"":""Pazaryolu"",""hr"":""Pazaryolu"",""fa"":""پازاریولو"",""de"":""Pazaryolu"",""es"":""Pazaryolu"",""fr"":""Pazaryolu"",""ja"":""パザリョル"",""it"":""Pazaryolu"",""zh-CN"":""帕扎约卢"",""tr"":""Pazaryolu"",""ru"":""Пазарьолу"",""uk"":""Пазаріолу"",""pl"":""Pazaryolu"",""hi"":""पज़ारिओलु"",""ar"":""بازاريولو""}",2019-10-06T10:31:24,2025-12-02T14:39:31,1,Q3056115
108333,Pehlivanköy,2176,39,225,TR,adm2,,,41.34812000,26.92522000,Pehlivanköy,3565,Europe/Istanbul,"{""br"":""Pehlivanköy"",""ko"":""펠리반코이"",""pt-BR"":""Pehlivanköy"",""pt"":""Pehlivanköy"",""nl"":""Pehlivanköy"",""hr"":""Pehlivanköy"",""fa"":""پهلوان‌کوی"",""de"":""Pehlivanköy"",""es"":""Pehlivanköy"",""fr"":""Pehlivanköy"",""ja"":""ペリヴァンコイ"",""it"":""Pehlivanköy"",""zh-CN"":""佩赫利凡柯伊"",""tr"":""Pehlivanköy"",""ru"":""Пехливанкёй"",""uk"":""Пехліванкьой"",""pl"":""Pehlivanköy"",""hi"":""पेहलिवानकॉय"",""ar"":""بهليفانكوي""}",2019-10-06T10:31:24,2025-12-02T14:38:56,1,Q3056115
108336,Pendik,2170,34,225,TR,city,,,40.94577000,29.33019000,Pendik,0,Europe/Istanbul,"{""br"":""Pendik"",""ko"":""펜딕"",""pt-BR"":""Pendik"",""pt"":""Pendik"",""nl"":""Pendik"",""hr"":""Pendik"",""fa"":""پندیک"",""de"":""Pendik"",""es"":""Pendik"",""fr"":""Pendik"",""ja"":""ペンディク"",""it"":""Pendik"",""zh-CN"":""彭迪克"",""tr"":""Pendik"",""ru"":""Пендик"",""uk"":""Пендік"",""pl"":""Pendik"",""hi"":""पेंडिक"",""ar"":""بنديك""}",2019-10-06T10:31:24,2025-12-02T17:11:50,1,Q1022161
108337,Pertek,2192,62,225,TR,adm2,,,38.86574000,39.32273000,Pertek,6837,Europe/Istanbul,"{""br"":""Pertek"",""ko"":""페르텍"",""pt-BR"":""Pertek"",""pt"":""Pertek"",""nl"":""Pertek"",""hr"":""Pertek"",""fa"":""پرتک"",""de"":""Pertek"",""es"":""Pertek"",""fr"":""Pertek"",""ja"":""ペルテック"",""it"":""Pertek"",""zh-CN"":""佩尔泰克"",""tr"":""Pertek"",""ru"":""Пертек"",""uk"":""Пертек"",""pl"":""Pertek"",""hi"":""परटेक"",""ar"":""بيرتيك""}",2019-10-06T10:31:24,2025-12-02T14:39:31,1,Q1022161
108339,Pervari,2207,56,225,TR,adm2,,,37.93573000,42.54927000,Pervari,5974,Europe/Istanbul,"{""br"":""Pervari"",""ko"":""페르바리"",""pt-BR"":""Pervari"",""pt"":""Pervari"",""nl"":""Pervari"",""hr"":""Pervari"",""fa"":""پرواری"",""de"":""Pervari"",""es"":""Pervari"",""fr"":""Pervari"",""ja"":""ペルヴァリ"",""it"":""Pervari"",""zh-CN"":""佩尔瓦里"",""tr"":""Pervari"",""ru"":""Первари"",""uk"":""Перварі"",""pl"":""Pervari"",""hi"":""पेरवारी"",""ar"":""بيرفاري""}",2019-10-06T10:31:24,2025-12-02T14:39:31,1,Q990298
108341,Perşembe,2174,52,225,TR,adm2,,,41.06556000,37.77139000,Perşembe,11808,Europe/Istanbul,"{""br"":""Perşembe"",""ko"":""페르셈베"",""pt-BR"":""Perşembe"",""pt"":""Perşembe"",""nl"":""Perşembe"",""hr"":""Peršembe"",""fa"":""پرشمبه"",""de"":""Perşembe"",""es"":""Perşembe"",""fr"":""Perşembe"",""ja"":""ペルシェンベ"",""it"":""Perşembe"",""zh-CN"":""佩尔谢姆贝"",""tr"":""Perşembe"",""ru"":""Першембе"",""uk"":""Першембе"",""pl"":""Perşembe"",""hi"":""पेर्सेम्बे"",""ar"":""بيرشيمبي""}",2019-10-06T10:31:24,2025-12-02T14:39:31,1,Q921953
108343,Piraziz,2186,28,225,TR,city,,,40.92244000,38.12458000,Piraziz,9959,Europe/Istanbul,"{""br"":""Piraziz"",""ko"":""피라지즈"",""pt-BR"":""Piraziz"",""pt"":""Piraziz"",""nl"":""Piraziz"",""hr"":""Piraziz"",""fa"":""پیرازیز"",""de"":""Piraziz"",""es"":""Piraziz"",""fr"":""Piraziz"",""ja"":""ピラジズ"",""it"":""Piraziz"",""zh-CN"":""皮拉齐兹"",""tr"":""Piraziz"",""ru"":""Пиразиз"",""uk"":""Піразіз"",""pl"":""Piraziz"",""hi"":""पिराज़िज़"",""ar"":""بيرازيز""}",2019-10-06T10:31:24,2025-12-02T14:39:31,1,Q921953
108345,Polateli,2154,79,225,TR,adm2,,,36.83694000,37.15083000,Polateli,5361,Europe/Istanbul,"{""br"":""Polateli"",""ko"":""폴라텔리"",""pt-BR"":""Polateli"",""pt"":""Polateli"",""nl"":""Polateli"",""hr"":""Polateli"",""fa"":""پولاتلی"",""de"":""Polateli"",""es"":""Polateli"",""fr"":""Polateli"",""ja"":""ポラテリ"",""it"":""Polateli"",""zh-CN"":""波拉特利"",""tr"":""Polateli"",""ru"":""Полатели"",""uk"":""Полателі"",""pl"":""Polateli"",""hi"":""पोलाटेली"",""ar"":""بولاتيلي""}",2019-10-06T10:31:24,2025-12-02T17:11:50,1,Q1018509
108346,Polatlı,2217,06,225,TR,adm2,,,39.57715000,32.14132000,Polatlı,93262,Europe/Istanbul,"{""br"":""Polatlı"",""ko"":""폴라틀리"",""pt-BR"":""Polatlı"",""pt"":""Polatlı"",""nl"":""Polatlı"",""hr"":""Polatlı"",""fa"":""پولاتلی"",""de"":""Polatlı"",""es"":""Polatlı"",""fr"":""Polatlı"",""ja"":""ポラトゥリ"",""it"":""Polatlı"",""zh-CN"":""波拉特利"",""tr"":""Polatlı"",""ru"":""Полатлы"",""uk"":""Полатлі"",""pl"":""Polatlı"",""hi"":""पोलाटली"",""ar"":""بولاتلي""}",2019-10-06T10:31:24,2025-12-02T14:39:31,1,Q945388
108347,Posof,2185,75,225,TR,adm2,,,41.51111000,42.72917000,Posof,2900,Europe/Istanbul,"{""br"":""Posof"",""ko"":""포소프"",""pt-BR"":""Posof"",""pt"":""Posof"",""nl"":""Posof"",""hr"":""Posof"",""fa"":""پوزوف"",""de"":""Posof"",""es"":""Posof"",""fr"":""Posof"",""ja"":""ポソフ"",""it"":""Posof"",""zh-CN"":""波索夫"",""tr"":""Posof"",""ru"":""Пософ"",""uk"":""Пософ"",""pl"":""Posof"",""hi"":""पोसोफ"",""ar"":""بوسوف""}",2019-10-06T10:31:24,2025-12-02T14:39:31,1,Q945388
108349,Pozantı,2212,01,225,TR,city,,,37.43671000,34.88057000,Pozantı,1000,Europe/Istanbul,"{""br"":""Pozantı"",""ko"":""포잔티"",""pt-BR"":""Pozanti"",""pt"":""Pozanti"",""nl"":""Pozantı"",""hr"":""Pozantı"",""fa"":""پوزانتی"",""de"":""Pozantı"",""es"":""Pozantı"",""fr"":""Pozantı"",""ja"":""ポザンティ"",""it"":""Pozantı"",""zh-CN"":""波赞特"",""tr"":""Pozantı"",""ru"":""Позанты"",""uk"":""Позанті"",""pl"":""Pozantı"",""hi"":""पोज़ांति"",""ar"":""بوزانتي""}",2019-10-06T10:31:24,2025-12-02T14:39:31,1,Q1004432
108352,Pursaklar,2217,06,225,TR,adm2,,,40.03961000,32.90139000,Pursaklar,143055,Europe/Istanbul,"{""br"":""Pursaklar"",""ko"":""푸르사클라르"",""pt-BR"":""Pursaklar"",""pt"":""Pursaklar"",""nl"":""Pursaklar"",""hr"":""Pursaklar"",""fa"":""پورساکلار"",""de"":""Pursaklar"",""es"":""Pursaklar"",""fr"":""Pursaklar"",""ja"":""プルサクラル"",""it"":""Pursaklar"",""zh-CN"":""普萨克拉"",""tr"":""Pursaklar"",""ru"":""Пурсаклар"",""uk"":""Пурсаклар"",""pl"":""Pursaklar"",""hi"":""पुरसाक्लर"",""ar"":""بورساكلار""}",2019-10-06T10:31:24,2025-12-02T17:11:50,1,Q1004432
108353,Pülümür,2192,62,225,TR,adm2,,,39.48662000,39.89874000,Pülümür,3760,Europe/Istanbul,"{""br"":""Pülümür"",""ko"":""풀루무르"",""pt-BR"":""Pülümür"",""pt"":""Pülümür"",""nl"":""Pülümür"",""hr"":""Pulumur"",""fa"":""پولومور"",""de"":""Pülümür"",""es"":""Pülümür"",""fr"":""Pülümür"",""ja"":""プルムル"",""it"":""Pülümür"",""zh-CN"":""普吕穆尔"",""tr"":""Pülümür"",""ru"":""Пюлюмюр"",""uk"":""Пулюмур"",""pl"":""Pülümür"",""hi"":""पुलुमुर"",""ar"":""بولومور""}",2019-10-06T10:31:24,2025-12-02T17:11:50,1,Q1023268
108354,Pütürge,2158,44,225,TR,adm2,,,38.19630000,38.87418000,Pütürge,15049,Europe/Istanbul,"{""br"":""Pütürge"",""ko"":""퓌튀르게"",""pt-BR"":""Pütürge"",""pt"":""Pütürge"",""nl"":""Pütürge"",""hr"":""Pütürge"",""fa"":""پوتورگه"",""de"":""Pütürge"",""es"":""Pütürge"",""fr"":""Pütürge"",""ja"":""プトゥルゲ"",""it"":""Pütürge"",""zh-CN"":""普图尔格"",""tr"":""Pütürge"",""ru"":""Пютюрге"",""uk"":""Пютюрге"",""pl"":""Pütürge"",""hi"":""पुतुर्गे"",""ar"":""بوتورجي""}",2019-10-06T10:31:24,2025-12-02T17:11:50,1,Q1023268
108355,Pınarbaşı,2200,38,225,TR,adm2,,,38.72285000,36.39314000,Pınarbaşı,12333,Europe/Istanbul,"{""br"":""Pınarbaşı"",""ko"":""피나르바시"",""pt-BR"":""Pınarbaşı"",""pt"":""Pınarbaşı"",""nl"":""Pınarbaşı"",""hr"":""Pinarbasi"",""fa"":""پینارباشی"",""de"":""Pınarbaşı"",""es"":""Pınarbaşı"",""fr"":""Pinarbasi"",""ja"":""プナルバシュ"",""it"":""Pınarbaşı"",""zh-CN"":""皮纳尔巴什"",""tr"":""Pınarbaşı"",""ru"":""Пынарбаши"",""uk"":""Пінарбаші"",""pl"":""Pınarbaşı"",""hi"":""पिनारबासी"",""ar"":""بينارباشي""}",2019-10-06T10:31:24,2025-12-02T14:39:31,1,Q1179844
108358,Pınarbaşı,2197,37,225,TR,adm2,,,41.60388000,33.11099000,Pınarbaşı,2491,Europe/Istanbul,"{""br"":""Pınarbaşı"",""ko"":""피나르바시"",""pt-BR"":""Pınarbaşı"",""pt"":""Pınarbaşı"",""nl"":""Pınarbaşı"",""hr"":""Pinarbasi"",""fa"":""پینارباشی"",""de"":""Pınarbaşı"",""es"":""Pınarbaşı"",""fr"":""Pinarbasi"",""ja"":""プナルバシュ"",""it"":""Pınarbaşı"",""zh-CN"":""皮纳尔巴什"",""tr"":""Pınarbaşı"",""ru"":""Пынарбаши"",""uk"":""Пінарбаші"",""pl"":""Pınarbaşı"",""hi"":""पिनारबासी"",""ar"":""بينارباشي""}",2019-10-06T10:31:24,2025-12-02T14:39:31,1,Q3056024
108362,Pınarhisar,2176,39,225,TR,adm2,,,41.62417000,27.52000000,Pınarhisar,18375,Europe/Istanbul,"{""br"":""Pınarhisar"",""ko"":""피나르히사르"",""pt-BR"":""Pinarhisar"",""pt"":""Pinarhisar"",""nl"":""Pınarhisar"",""hr"":""Pınarhisar"",""fa"":""پینارهیسار"",""de"":""Pınarhisar"",""es"":""Pinarhisar"",""fr"":""Pinarhisar"",""ja"":""プナルヒサール"",""it"":""Pınarhisar"",""zh-CN"":""皮纳尔希萨尔"",""tr"":""Pınarhisar"",""ru"":""Пынархисар"",""uk"":""Пинархісар"",""pl"":""Pınarhisar"",""hi"":""पिनारहिसार"",""ar"":""بينار حصار""}",2019-10-06T10:31:24,2025-12-02T17:11:50,1,Q3056024
108365,Refahiye,2160,24,225,TR,adm2,,,39.89315000,38.76607000,Refahiye,5579,Europe/Istanbul,"{""br"":""Refahiye"",""ko"":""레파히예"",""pt-BR"":""Refahiye"",""pt"":""Refahiye"",""nl"":""Refahiye"",""hr"":""Refahiye"",""fa"":""رفاهیه"",""de"":""Refahiye"",""es"":""Refahiye"",""fr"":""Refahiye"",""ja"":""レファヒエ"",""it"":""Refahiye"",""zh-CN"":""雷法希耶"",""tr"":""Refahiye"",""ru"":""Рефахие"",""uk"":""Рефахіє"",""pl"":""Refahiye"",""hi"":""रेफाहिये"",""ar"":""رفاهيه""}",2019-10-06T10:31:24,2025-12-02T14:39:31,1,Q3056024
108368,Reyhanlı,2211,31,225,TR,adm2,,,36.26791000,36.56747000,Reyhanlı,56995,Europe/Istanbul,"{""br"":""Reyhanlı"",""ko"":""레이한리"",""pt-BR"":""Reyhanli"",""pt"":""Reyhanli"",""nl"":""Reyhanlı"",""hr"":""Reyhanlı"",""fa"":""ریحانلی"",""de"":""Reyhanlı"",""es"":""Reyhanlı"",""fr"":""Reyhanlı"",""ja"":""レイハンリ"",""it"":""Reyhanlı"",""zh-CN"":""雷伊汉勒"",""tr"":""Reyhanlı"",""ru"":""Рейханлы"",""uk"":""Рейханлі"",""pl"":""Reyhanlı"",""hi"":""रेयहनल"",""ar"":""ريحانلي""}",2019-10-06T10:31:24,2025-12-02T14:39:31,1,Q945375
108370,Reşadiye,2199,60,225,TR,city,,,40.43284000,37.37652000,Reşadiye,580,Europe/Istanbul,"{""br"":""Reşadiye"",""ko"":""레샤디예"",""pt-BR"":""Reşadiye"",""pt"":""Reşadiye"",""nl"":""Reşadiye"",""hr"":""Reşadiye"",""fa"":""رشادیه"",""de"":""Reşadiye"",""es"":""Reşadiye"",""fr"":""Reşadiye"",""ja"":""レシャディエ"",""it"":""Reşadiye"",""zh-CN"":""雷萨迪耶"",""tr"":""Reşadiye"",""ru"":""Решадие"",""uk"":""Решадіє"",""pl"":""Reşadiye"",""hi"":""रेसाडीये"",""ar"":""رشادية""}",2019-10-06T10:31:24,2025-12-02T16:59:27,1,Q945375
108371,Merkez,2219,53,225,TR,adm1,,,41.02083000,40.52194000,Merkez,119828,Europe/Istanbul,"{""br"":""Merkez"",""ko"":""메르케즈"",""pt-BR"":""Merkez"",""pt"":""Merkez"",""nl"":""Merkez"",""hr"":""Merkez"",""fa"":""مرکز"",""de"":""Merkez"",""es"":""Merkez"",""fr"":""Merkez"",""ja"":""メルケス"",""it"":""Merkez"",""zh-CN"":""梅尔克兹"",""tr"":""Merkez"",""ru"":""Меркез"",""uk"":""Меркез"",""pl"":""Merkez"",""hi"":""मर्केज़"",""ar"":""مركز""}",2019-10-06T10:31:24,2025-12-02T14:39:31,1,Q201101
108372,Safranbolu,2223,78,225,TR,adm2,,,41.25083000,32.69417000,Safranbolu,35242,Europe/Istanbul,"{""br"":""Safranbolu"",""ko"":""사프란볼루"",""pt-BR"":""Açafrão-da-terra"",""pt"":""Açafrão-da-terra"",""nl"":""Safranbolu"",""hr"":""Safranbolu"",""fa"":""سافرانبولو"",""de"":""Safranbolu"",""es"":""Safranbolu"",""fr"":""Safranbolu"",""ja"":""サフランボル"",""it"":""Safranbolu"",""zh-CN"":""萨夫兰博卢"",""tr"":""Safranbolu"",""ru"":""Сафранболу"",""uk"":""Сафранболу"",""pl"":""Safranbolu"",""hi"":""सफ्रानबोलू"",""ar"":""سفرنبولو""}",2019-10-06T10:31:24,2025-12-02T14:39:31,1,Q201101
108374,Saimbeyli,2212,01,225,TR,adm2,,,37.99615000,36.09909000,Saimbeyli,16572,Europe/Istanbul,"{""br"":""Saimbeyli"",""ko"":""세임베이리"",""pt-BR"":""Saimbeyli"",""pt"":""Saimbeyli"",""nl"":""Saimbeyli"",""hr"":""Saimbeyli"",""fa"":""سیمبیلی"",""de"":""Saimbeyli"",""es"":""Saimbeyli"",""fr"":""Saimbeyli"",""ja"":""サイムベイリ"",""it"":""Saimbeyli"",""zh-CN"":""赛姆贝利"",""tr"":""Saimbeyli"",""ru"":""Саимбейли"",""uk"":""Саїмбейлі"",""pl"":""Saimbeyli"",""hi"":""सैम्बेयली"",""ar"":""سايمبيلي""}",2019-10-06T10:31:24,2025-12-02T17:11:50,1,Q1017381
108376,Salihli,2198,45,225,TR,adm2,,,38.49254000,28.15264000,Salihli,161562,Europe/Istanbul,"{""br"":""Salihli"",""ko"":""살리흘리"",""pt-BR"":""Salihli"",""pt"":""Salihli"",""nl"":""Salihli"",""hr"":""Salihli"",""fa"":""صالحی"",""de"":""Salihli"",""es"":""Salihli"",""fr"":""Salihli"",""ja"":""サリフリ"",""it"":""Salihli"",""zh-CN"":""萨利赫利"",""tr"":""Salihli"",""ru"":""Салихли"",""uk"":""Саліхлі"",""pl"":""Salihli"",""hi"":""सालिहली"",""ar"":""صالحي""}",2019-10-06T10:31:24,2025-12-02T17:11:50,1,Q1012935
108377,Salıpazarı,2220,55,225,TR,adm2,,,41.09352000,36.81718000,Salıpazarı,22923,Europe/Istanbul,"{""br"":""Salıpazarı"",""ko"":""살리파자르"",""pt-BR"":""Salıpazarı"",""pt"":""Salıpazarı"",""nl"":""Salıpazarı"",""hr"":""Salipazarı"",""fa"":""سالیپازاری"",""de"":""Salıpazarı"",""es"":""Salıpazarı"",""fr"":""Salıpazarı"",""ja"":""サリパザル"",""it"":""Salıpazarı"",""zh-CN"":""萨利帕扎尔"",""tr"":""Salıpazarı"",""ru"":""Салипазары"",""uk"":""Саліпазари"",""pl"":""Salıpazarı"",""hi"":""सालिपाज़ारी"",""ar"":""ساليبزاري""}",2019-10-06T10:31:24,2025-12-02T17:11:50,1,Q2671116
108379,Samsat,2155,02,225,TR,adm2,,,37.58194000,38.47417000,Samsat,7893,Europe/Istanbul,"{""br"":""Samsat"",""ko"":""삼삿"",""pt-BR"":""Samsat"",""pt"":""Samsat"",""nl"":""Samsat"",""hr"":""Samsat"",""fa"":""سامسات"",""de"":""Samsat"",""es"":""Samsat"",""fr"":""Samsat"",""ja"":""サムサット"",""it"":""Samsat"",""zh-CN"":""萨姆萨特"",""tr"":""Samsat"",""ru"":""Самсат"",""uk"":""Самсат"",""pl"":""Samsat"",""hi"":""समसैट"",""ar"":""سامسات""}",2019-10-06T10:31:24,2025-12-02T14:38:56,1,Q2671116
108382,Sancaktepe,2170,34,225,TR,city,,,40.98949000,29.24320000,Sancaktepe,241000,Europe/Istanbul,"{""br"":""Sancaktepe"",""ko"":""산차크테페"",""pt-BR"":""Sancaktepe"",""pt"":""Sancaktepe"",""nl"":""Sancaktepe"",""hr"":""Sancaktepe"",""fa"":""سنجاقتپه"",""de"":""Sancaktepe"",""es"":""Sancaktepe"",""fr"":""Sancaktepe"",""ja"":""サンジャクテペ"",""it"":""Sancaktepe"",""zh-CN"":""桑卡克特佩"",""tr"":""Sancaktepe"",""ru"":""Санджактепе"",""uk"":""Санджактепе"",""pl"":""Sancaktepe"",""hi"":""सैंककटेपे"",""ar"":""سنجق تبه""}",2019-10-06T10:31:24,2025-12-02T17:11:50,1,Q160450
108383,Sandıklı,2179,03,225,TR,adm2,,,38.46472000,30.26946000,Sandıklı,42981,Europe/Istanbul,"{""br"":""Sandıklı"",""ko"":""산디클리"",""pt-BR"":""Sandıklı"",""pt"":""Sandıklı"",""nl"":""Sandıklı"",""hr"":""Sandıklı"",""fa"":""ساندیکلی"",""de"":""Sandıklı"",""es"":""Sandıklı"",""fr"":""Sandiklı"",""ja"":""サンドゥクリ"",""it"":""Sandıklı"",""zh-CN"":""桑德克利"",""tr"":""Sandıklı"",""ru"":""Сандыклы"",""uk"":""Сандиклі"",""pl"":""Sandıklı"",""hi"":""सैंडिक्ली"",""ar"":""سانديكلي""}",2019-10-06T10:31:24,2025-12-02T14:39:31,1,Q160450
108385,Sapanca,2150,54,225,TR,adm2,,,40.69141000,30.26738000,Sapanca,25224,Europe/Istanbul,"{""br"":""Sapanca"",""ko"":""사판차"",""pt-BR"":""Sapanca"",""pt"":""Sapanca"",""nl"":""Sapanca"",""hr"":""Sapanca"",""fa"":""ساپانجا"",""de"":""Sapanca"",""es"":""Sapanca"",""fr"":""Sapanca"",""ja"":""サパンジャ"",""it"":""Sapanca"",""zh-CN"":""萨潘贾"",""tr"":""Sapanca"",""ru"":""Сапанджа"",""uk"":""Сапанджа"",""pl"":""Sapanca"",""hi"":""सपांका"",""ar"":""سبانجا""}",2019-10-06T10:31:24,2025-12-02T14:39:31,1,Q1012846
108387,Saray,2152,65,225,TR,adm2,,,38.64691000,44.16116000,Saray,0,Europe/Istanbul,"{""br"":""Saray"",""ko"":""사라이"",""pt-BR"":""Saray"",""pt"":""Saray"",""nl"":""Saray"",""hr"":""Saraj"",""fa"":""سارای"",""de"":""Saray"",""es"":""Saray"",""fr"":""Saray"",""ja"":""サライ"",""it"":""Saray"",""zh-CN"":""萨拉伊"",""tr"":""Saray"",""ru"":""Сарай"",""uk"":""Сарай"",""pl"":""Saray"",""hi"":""सराय"",""ar"":""سراي""}",2019-10-06T10:31:24,2025-12-02T14:39:31,1,Q1019904
108388,Saray,2167,59,225,TR,adm2,,,41.44431000,27.92194000,Saray,0,Europe/Istanbul,"{""br"":""Saray"",""ko"":""사라이"",""pt-BR"":""Saray"",""pt"":""Saray"",""nl"":""Saray"",""hr"":""Saraj"",""fa"":""سارای"",""de"":""Saray"",""es"":""Saray"",""fr"":""Saray"",""ja"":""サライ"",""it"":""Saray"",""zh-CN"":""萨拉伊"",""tr"":""Saray"",""ru"":""Сарай"",""uk"":""Сарай"",""pl"":""Saray"",""hi"":""सराय"",""ar"":""سراي""}",2019-10-06T10:31:24,2025-12-02T14:39:31,1,Q1011256
108391,Saraykent,2188,66,225,TR,adm2,,,39.69361000,35.51111000,Saraykent,11175,Europe/Istanbul,"{""br"":""Saraykent"",""ko"":""사라이켄트"",""pt-BR"":""Saraykent"",""pt"":""Saraykent"",""nl"":""Saraykent"",""hr"":""Sarajkent"",""fa"":""سارایکن"",""de"":""Saraykent"",""es"":""Saraykent"",""fr"":""Saraykent"",""ja"":""サライケント"",""it"":""Saraykent"",""zh-CN"":""萨拉伊肯特"",""tr"":""Saraykent"",""ru"":""Сарайкент"",""uk"":""Сарайкент"",""pl"":""Saraykent"",""hi"":""सरायकेंत"",""ar"":""سرايكنت""}",2019-10-06T10:31:24,2025-12-02T14:39:31,1,Q1011256
108393,Sarayköy,2157,20,225,TR,city,,,37.91580000,28.87999000,Sarayköy,30834,Europe/Istanbul,"{""br"":""Sarayköy"",""ko"":""사라이쾨이"",""pt-BR"":""Sarayköy"",""pt"":""Sarayköy"",""nl"":""Sarayköy"",""hr"":""Sarayköy"",""fa"":""سارایکوی"",""de"":""Sarayköy"",""es"":""Sarayköy"",""fr"":""Sarayköy"",""ja"":""サライキョイ"",""it"":""Sarayköy"",""zh-CN"":""萨拉伊柯伊"",""tr"":""Sarayköy"",""ru"":""Сарайкёй"",""uk"":""Сарайкей"",""pl"":""Sarayköy"",""hi"":""सरायकोय"",""ar"":""سارايكوي""}",2019-10-06T10:31:24,2025-12-02T17:11:50,1,Q2670711
108394,Sarayönü,2171,42,225,TR,adm2,,,38.26201000,32.40457000,Sarayönü,10198,Europe/Istanbul,"{""br"":""Sarayönü"",""ko"":""사라요뉘"",""pt-BR"":""Sarayönü"",""pt"":""Sarayönü"",""nl"":""Sarayönü"",""hr"":""Sarayönü"",""fa"":""سارایونو"",""de"":""Sarayönü"",""es"":""Sarayönü"",""fr"":""Sarayönü"",""ja"":""サラヨニュ"",""it"":""Sarayönü"",""zh-CN"":""萨拉耶努"",""tr"":""Sarayönü"",""ru"":""Сарайёню"",""uk"":""Сарайоню"",""pl"":""Sarayönü"",""hi"":""सरायोनु"",""ar"":""سارايونو""}",2019-10-06T10:31:24,2025-12-02T14:39:31,1,Q2670711
108397,Saruhanlı,2198,45,225,TR,city,,,38.76778000,27.64714000,Saruhanlı,54660,Europe/Istanbul,"{""br"":""Saruhanlı"",""ko"":""사루한리"",""pt-BR"":""Saruhanli"",""pt"":""Saruhanli"",""nl"":""Saruhanlı"",""hr"":""Saruhanlı"",""fa"":""ساروهانلی"",""de"":""Saruhanlı"",""es"":""Saruhanlı"",""fr"":""Saruhanlı"",""ja"":""サルハンリ"",""it"":""Saruhanlı"",""zh-CN"":""萨鲁汉勒"",""tr"":""Saruhanlı"",""ru"":""Саруханлы"",""uk"":""Саруханлі"",""pl"":""Saruhanlı"",""hi"":""सरुहानली"",""ar"":""ساروهانلي""}",2019-10-06T10:31:24,2025-12-02T16:59:27,1,Q2073541
108398,Sarıcakaya,2164,26,225,TR,adm2,,,40.04671000,30.61994000,Sarıcakaya,5080,Europe/Istanbul,"{""br"":""Sarıcakaya"",""ko"":""사리차카야"",""pt-BR"":""Sarıcakaya"",""pt"":""Sarıcakaya"",""nl"":""Sarıcakaya"",""hr"":""Sarıcakaya"",""fa"":""ساریجاکایا"",""de"":""Sarıcakaya"",""es"":""Sarıcakaya"",""fr"":""Sarıcakaya"",""ja"":""サリチャカヤ"",""it"":""Sarıcakaya"",""zh-CN"":""萨里恰卡亚"",""tr"":""Sarıcakaya"",""ru"":""Сарыджакая"",""uk"":""Сариджакая"",""pl"":""Sarıcakaya"",""hi"":""सारिककाया"",""ar"":""ساريكاكايا""}",2019-10-06T10:31:24,2025-12-02T17:11:50,1,Q3056019
108399,Sarıgöl,2198,45,225,TR,adm2,,,38.23953000,28.69663000,Sarıgöl,12794,Europe/Istanbul,"{""br"":""Sarıgöl"",""ko"":""사리골"",""pt-BR"":""Sarıgöl"",""pt"":""Sarıgöl"",""nl"":""Sarıgöl"",""hr"":""Sarıgöl"",""fa"":""ساریگول"",""de"":""Sarıgöl"",""es"":""Sarıgöl"",""fr"":""Sarıgöl"",""ja"":""サリゴル"",""it"":""Sarıgöl"",""zh-CN"":""萨勒格尔"",""tr"":""Sarıgöl"",""ru"":""Сарыгёль"",""uk"":""Сариґель"",""pl"":""Sarıgöl"",""hi"":""सरिगोल"",""ar"":""ساريجول""}",2019-10-06T10:31:24,2025-12-02T14:39:31,1,Q3056019
108401,Sarıkamış,2208,36,225,TR,adm2,,,40.32769000,42.58705000,Sarıkamış,23665,Europe/Istanbul,"{""br"":""Sarıkamış"",""ko"":""사리카미스"",""pt-BR"":""Sarıkamış"",""pt"":""Sarıkamış"",""nl"":""Sarıkamış"",""hr"":""Sarıkamış"",""fa"":""ساریکامیش"",""de"":""Sarıkamış"",""es"":""Sarıkamış"",""fr"":""Sarıkamış"",""ja"":""サルカムシュ"",""it"":""Sarıkamış"",""zh-CN"":""萨勒卡米什"",""tr"":""Sarıkamış"",""ru"":""Сарыкамыш"",""uk"":""Сарикаміш"",""pl"":""Sarıkamış"",""hi"":""Sarıkamış"",""ar"":""ساريكاميش""}",2019-10-06T10:31:24,2025-12-02T14:39:31,1,Q1947487
108403,Sarıkaya,2188,66,225,TR,adm2,,,39.49361000,35.37694000,Sarıkaya,0,Europe/Istanbul,"{""br"":""Sarıkaya"",""ko"":""사리카야"",""pt-BR"":""Sarikaya"",""pt"":""Sarikaya"",""nl"":""Sarıkaya"",""hr"":""Sarıkaya"",""fa"":""ساریکایا"",""de"":""Sarıkaya"",""es"":""Sarikaya"",""fr"":""Sarıkaya"",""ja"":""サリカヤ"",""it"":""Sarıkaya"",""zh-CN"":""萨勒卡亚"",""tr"":""Sarıkaya"",""ru"":""Сарыкая"",""uk"":""Сарикая"",""pl"":""Sarıkaya"",""hi"":""सारिकाया"",""ar"":""ساريكايا""}",2019-10-06T10:31:24,2025-12-02T14:39:31,1,Q659435
108405,Sarıoğlan,2200,38,225,TR,adm2,,,39.07694000,35.96671000,Sarıoğlan,5393,Europe/Istanbul,"{""br"":""Sarıoğlan"",""ko"":""사리올란"",""pt-BR"":""Sarıoğlan"",""pt"":""Sarıoğlan"",""nl"":""Sarıoğlan"",""hr"":""Sarıoğlan"",""fa"":""ساری‌اوغلان"",""de"":""Sarıoğlan"",""es"":""Sarıoğlan"",""fr"":""Sarıoğlan"",""ja"":""サリオラン"",""it"":""Sarıoğlan"",""zh-CN"":""萨里奥兰"",""tr"":""Sarıoğlan"",""ru"":""Сарыоглан"",""uk"":""Сариоґлан"",""pl"":""Sarıoğlan"",""hi"":""सरियोग्लान"",""ar"":""ساري أوغلان""}",2019-10-06T10:31:24,2025-12-02T14:39:31,1,Q4820144
108407,Sarıveliler,2184,70,225,TR,adm2,,,36.69705000,32.61203000,Sarıveliler,12601,Europe/Istanbul,"{""br"":""Sarıveliler"",""ko"":""사리벨릴러"",""pt-BR"":""Sarıveliler"",""pt"":""Sarıveliler"",""nl"":""Sarıveliler"",""hr"":""Sarıveliler"",""fa"":""ساریولیلر"",""de"":""Sarıveliler"",""es"":""Sarıveliler"",""fr"":""Sarıveliler"",""ja"":""サリベリラー"",""it"":""Sarıveliler"",""zh-CN"":""萨里维利勒"",""tr"":""Sarıveliler"",""ru"":""Сарывелилер"",""uk"":""Саривелілер"",""pl"":""Sarıveliler"",""hi"":""Sarıveliler"",""ar"":""ساريفيلير""}",2019-10-06T10:31:24,2025-12-02T17:11:50,1,Q4820144
108409,Sarıyahşi,2210,68,225,TR,adm2,,,38.98349000,33.84136000,Sarıyahşi,8704,Europe/Istanbul,"{""br"":""Sarıyahşi"",""ko"":""사리야시"",""pt-BR"":""Sarıyahşi"",""pt"":""Sarıyahşi"",""nl"":""Sarıyahşi"",""hr"":""Sarıyahşi"",""fa"":""ساریاهشی"",""de"":""Sarıyahşi"",""es"":""Sariyahsi"",""fr"":""Sarıyahşi"",""ja"":""サリヤシ"",""it"":""Sarıyahşi"",""zh-CN"":""萨里耶希"",""tr"":""Sarıyahşi"",""ru"":""Сарыяхши"",""uk"":""Саріяхші"",""pl"":""Sarıyahşi"",""hi"":""सरियाहसी"",""ar"":""سارياهيشي""}",2019-10-06T10:31:24,2025-12-02T14:39:31,1,Q4820144
108411,Sarıyer,2170,34,225,TR,section,,,41.21482000,29.05678000,Sarıyer,335598,Europe/Istanbul,"{""br"":""Sarıyer"",""ko"":""사리예르"",""pt-BR"":""Sarıyer"",""pt"":""Sarıyer"",""nl"":""Sarıyer"",""hr"":""Sarıyer"",""fa"":""ساری‌یر"",""de"":""Sarıyer"",""es"":""Sarıyer"",""fr"":""Sarıyer"",""ja"":""サリエル"",""it"":""Sarıyer"",""zh-CN"":""萨勒耶尔"",""tr"":""Sarıyer"",""ru"":""Сарыер"",""uk"":""Сариєр"",""pl"":""Sarıyer"",""hi"":""सरीयर"",""ar"":""ساريير""}",2019-10-06T10:31:24,2025-12-02T17:11:50,1,Q857107
108412,Sarız,2200,38,225,TR,adm2,,,38.47917000,36.49898000,Sarız,3990,Europe/Istanbul,"{""br"":""Sarız"",""ko"":""사리즈"",""pt-BR"":""Sarız"",""pt"":""Sarız"",""nl"":""Sarız"",""hr"":""Sarız"",""fa"":""ساریز"",""de"":""Sarız"",""es"":""Sariz"",""fr"":""Sarız"",""ja"":""サリズ"",""it"":""Sarız"",""zh-CN"":""萨里兹"",""tr"":""Sarız"",""ru"":""Сарыз"",""uk"":""Саріз"",""pl"":""Sarız"",""hi"":""सारिज़"",""ar"":""ساريز""}",2019-10-06T10:31:25,2025-12-02T14:39:31,1,Q857107
108414,Sarıçam,2212,01,225,TR,adm2,,,37.14971000,35.50949000,Sarıçam,8362,Europe/Istanbul,"{""br"":""Sarıçam"",""ko"":""사리참"",""pt-BR"":""Sarıçam"",""pt"":""Sarıçam"",""nl"":""Sarıçam"",""hr"":""Sarıçam"",""fa"":""ساریچام"",""de"":""Sarıçam"",""es"":""Sarıçam"",""fr"":""Sarıçam"",""ja"":""サリチャム"",""it"":""Sarıçam"",""zh-CN"":""萨里恰姆"",""tr"":""Sarıçam"",""ru"":""Сарычам"",""uk"":""Саричам"",""pl"":""Sarıçam"",""hi"":""सारिकम"",""ar"":""ساريجام""}",2019-10-06T10:31:25,2025-12-02T14:39:31,1,Q1430729
108415,Sason,2194,72,225,TR,adm2,,,38.32767000,41.41377000,Sason,11403,Europe/Istanbul,"{""br"":""Sason"",""ko"":""사손"",""pt-BR"":""Temporada"",""pt"":""Temporada"",""nl"":""Sason"",""hr"":""Sezona"",""fa"":""ساسون"",""de"":""Saison"",""es"":""Sason"",""fr"":""Saison"",""ja"":""サソン"",""it"":""Stagione"",""zh-CN"":""萨森"",""tr"":""Sason"",""ru"":""Сэсон"",""uk"":""Сезон"",""pl"":""Sezon"",""hi"":""सासन"",""ar"":""ساسون""}",2019-10-06T10:31:25,2025-12-02T14:39:31,1,Q1430729
108417,Savaştepe,2175,10,225,TR,adm2,,,39.38319000,27.65612000,Savaştepe,10324,Europe/Istanbul,"{""br"":""Savaştepe"",""ko"":""사바슈테페"",""pt-BR"":""Savaştepe"",""pt"":""Savaştepe"",""nl"":""Savaştepe"",""hr"":""Savaştepe"",""fa"":""ساواش‌تپه"",""de"":""Savaştepe"",""es"":""Savaştepe"",""fr"":""Savaştepe"",""ja"":""サヴァシュテペ"",""it"":""Savaştepe"",""zh-CN"":""萨瓦什泰佩"",""tr"":""Savaştepe"",""ru"":""Саваштепе"",""uk"":""Саваштепе"",""pl"":""Savaştepe"",""hi"":""सावास्टेपे"",""ar"":""سافاش تيبي""}",2019-10-06T10:31:25,2025-12-02T14:39:31,1,Q1430729
108419,Savur,2224,47,225,TR,adm2,,,37.53544000,40.87876000,Savur,8658,Europe/Istanbul,"{""br"":""Savur"",""ko"":""사부르"",""pt-BR"":""Savur"",""pt"":""Savur"",""nl"":""Smaak"",""hr"":""Savur"",""fa"":""ساور"",""de"":""Savur"",""es"":""Saborear"",""fr"":""Savourer"",""ja"":""サヴール"",""it"":""Sapore"",""zh-CN"":""萨武尔"",""tr"":""Savur"",""ru"":""Савур"",""uk"":""Савур"",""pl"":""Savur"",""hi"":""सवुर"",""ar"":""سافور""}",2019-10-06T10:31:25,2025-12-02T14:39:31,1,Q2384358
108421,Seben,2172,14,225,TR,adm2,,,40.41134000,31.57359000,Seben,4375,Europe/Istanbul,"{""br"":""Seben"",""ko"":""세벤"",""pt-BR"":""Seben"",""pt"":""Seben"",""nl"":""Seben"",""hr"":""Seben"",""fa"":""سبن"",""de"":""Seben"",""es"":""Seben"",""fr"":""Seben"",""ja"":""セベン"",""it"":""Seben"",""zh-CN"":""塞本"",""tr"":""Seben"",""ru"":""Себен"",""uk"":""Себен"",""pl"":""Seben"",""hi"":""सेबेन"",""ar"":""سيبين""}",2019-10-06T10:31:25,2025-12-02T14:38:56,1,Q1004614
108423,Seferihisar,2205,35,225,TR,city,,,38.18144000,26.88877000,Seferihisar,44526,Europe/Istanbul,"{""br"":""Seferihisar"",""ko"":""세페리히사르"",""pt-BR"":""Seferihisar"",""pt"":""Seferihisar"",""nl"":""Seferihisar"",""hr"":""Seferihisar"",""fa"":""سفریحصار"",""de"":""Seferihisar"",""es"":""Seferihisar"",""fr"":""Seferihisar"",""ja"":""セフェリヒサール"",""it"":""Seferihisar"",""zh-CN"":""塞费里希萨尔"",""tr"":""Seferihisar"",""ru"":""Сеферихисар"",""uk"":""Сеферіхісар"",""pl"":""Seferihisar"",""hi"":""Seferihisar"",""ar"":""سفريحصار""}",2019-10-06T10:31:25,2025-12-02T16:59:27,1,Q1004614
108427,Selçuklu,2171,42,225,TR,city,,,38.05761000,32.54088000,Selçuklu,648850,Europe/Istanbul,"{""br"":""Selçuklu"",""ko"":""셀추클루"",""pt-BR"":""Selçuklu"",""pt"":""Selçuklu"",""nl"":""Selçuklu"",""hr"":""Selçuklu"",""fa"":""سلچوکلو"",""de"":""Selçuklu"",""es"":""Selçuklu"",""fr"":""Selçuklu"",""ja"":""セルチュクル"",""it"":""Selçuklu"",""zh-CN"":""塞尔丘克卢"",""tr"":""Selçuklu"",""ru"":""Сельчуклу"",""uk"":""Сельчуклу"",""pl"":""Selçuklu"",""hi"":""सेल्चुकलू"",""ar"":""سلجوقلو""}",2019-10-06T10:31:25,2025-12-02T16:59:27,1,Q250504
108428,Selendi,2198,45,225,TR,adm2,,,38.74444000,28.86778000,Selendi,8735,Europe/Istanbul,"{""br"":""Selendi"",""ko"":""셀렌디"",""pt-BR"":""Selendi"",""pt"":""Selendi"",""nl"":""Selendi"",""hr"":""Selendi"",""fa"":""سلندی"",""de"":""Selendi"",""es"":""Selendi"",""fr"":""Selendi"",""ja"":""セレンディ"",""it"":""Selendi"",""zh-CN"":""塞伦迪"",""tr"":""Selendi"",""ru"":""Селенди"",""uk"":""Селенді"",""pl"":""Selendi"",""hi"":""सेलेंडी"",""ar"":""سيليندي""}",2019-10-06T10:31:25,2025-12-02T14:39:31,1,Q250504
108430,Selim,2208,36,225,TR,adm2,,,40.45772000,42.78287000,Selim,4557,Europe/Istanbul,"{""br"":""Selim"",""ko"":""셀림"",""pt-BR"":""Selim"",""pt"":""Selim"",""nl"":""Selim"",""hr"":""Selim"",""fa"":""سلیم"",""de"":""Selim"",""es"":""Selim"",""fr"":""Sélim"",""ja"":""セリム"",""it"":""Selim"",""zh-CN"":""塞利姆"",""tr"":""Selim"",""ru"":""Селим"",""uk"":""Селім"",""pl"":""Selim"",""hi"":""सलीम"",""ar"":""سليم""}",2019-10-06T10:31:25,2025-12-02T14:39:31,1,Q250504
108434,Selçuk,2205,35,225,TR,city,,,37.95137000,27.36849000,Selçuk,29101,Europe/Istanbul,"{""br"":""Selçuk"",""ko"":""셀주크"",""pt-BR"":""Selçuk"",""pt"":""Selçuk"",""nl"":""Selçuk"",""hr"":""Selčuk"",""fa"":""سلچوک"",""de"":""Selçuk"",""es"":""Selçuk"",""fr"":""Selçuk"",""ja"":""セルチュク"",""it"":""Selçuk"",""zh-CN"":""塞尔丘克"",""tr"":""Selçuk"",""ru"":""Сельчук"",""uk"":""Сельчук"",""pl"":""Selçuk"",""hi"":""सेल्चुक"",""ar"":""سلجوق""}",2019-10-06T10:31:25,2025-12-02T14:39:31,1,Q6578047
108436,Senirkent,2222,32,225,TR,adm2,,,38.10444000,30.54861000,Senirkent,15919,Europe/Istanbul,"{""br"":""Senirkent"",""ko"":""세니르켄트"",""pt-BR"":""Senirkent"",""pt"":""Senirkent"",""nl"":""Senirkent"",""hr"":""Senirkent"",""fa"":""سنیرکنت"",""de"":""Senirkent"",""es"":""Senirkent"",""fr"":""Sénirkent"",""ja"":""セニルケント"",""it"":""Senirkent"",""zh-CN"":""塞尼尔肯特"",""tr"":""Senirkent"",""ru"":""Сениркент"",""uk"":""Сеніркент"",""pl"":""Starszy"",""hi"":""सेनिरकेंट"",""ar"":""سنيركنت""}",2019-10-06T10:31:25,2025-12-02T14:39:31,1,Q876176
108438,Serdivan,2150,54,225,TR,adm2,,,40.76371000,30.36784000,Serdivan,139595,Europe/Istanbul,"{""br"":""Serdivan"",""ko"":""세르디반"",""pt-BR"":""Serdivan"",""pt"":""Serdivan"",""nl"":""Serdivan"",""hr"":""Serdivan"",""fa"":""سردیوان"",""de"":""Serdivan"",""es"":""Serdiván"",""fr"":""Serdivan"",""ja"":""セルディヴァン"",""it"":""Serdivan"",""zh-CN"":""塞尔迪万"",""tr"":""Serdivan"",""ru"":""Сердиван"",""uk"":""Сердіван"",""pl"":""Serdivan"",""hi"":""सेर्डिवन"",""ar"":""سيرديفان""}",2019-10-06T10:31:25,2025-12-02T17:11:50,1,Q1937212
108441,Serik,2169,07,225,TR,city,,,37.07743000,31.00677000,Serik,139545,Europe/Istanbul,"{""br"":""Serik"",""ko"":""세릭"",""pt-BR"":""Serik"",""pt"":""Serik"",""nl"":""Serik"",""hr"":""Serik"",""fa"":""سریک"",""de"":""Serik"",""es"":""Serik"",""fr"":""Serik"",""ja"":""セリック"",""it"":""Serik"",""zh-CN"":""塞里克"",""tr"":""Serik"",""ru"":""Серик"",""uk"":""Серік"",""pl"":""Serik"",""hi"":""सेरिक"",""ar"":""سيريك""}",2019-10-06T10:31:25,2025-12-02T16:59:27,1,Q1937212
108442,Serinhisar,2157,20,225,TR,adm2,,,37.58105000,29.26639000,Serinhisar,14355,Europe/Istanbul,"{""br"":""Serinhisar"",""ko"":""세린히사르"",""pt-BR"":""Serinhisar"",""pt"":""Serinhisar"",""nl"":""Serinhisar"",""hr"":""Serinhisar"",""fa"":""سرینهیسار"",""de"":""Serinhisar"",""es"":""Serinhisar"",""fr"":""Serinhisar"",""ja"":""セリンヒサール"",""it"":""Serinhisar"",""zh-CN"":""塞林希萨尔"",""tr"":""Serinhisar"",""ru"":""Серинхисар"",""uk"":""Серінхісар"",""pl"":""Serinhisar"",""hi"":""सेरिनहिसार"",""ar"":""سيرينحصار""}",2019-10-06T10:31:25,2025-12-02T14:38:56,1,Q1937212
108447,Seydikemer,2182,48,225,TR,city,,,36.64308000,29.34929000,Seydikemer,62246,Europe/Istanbul,"{""br"":""Seydikemer"",""ko"":""세이디케메르"",""pt-BR"":""Seydikemer"",""pt"":""Seydikemer"",""nl"":""Seydikemer"",""hr"":""Seydikemer"",""fa"":""سیدیکمر"",""de"":""Seydikemer"",""es"":""Seydikemer"",""fr"":""Seydikemer"",""ja"":""セイディケメル"",""it"":""Seydikemer"",""zh-CN"":""塞迪克梅尔"",""tr"":""Seydikemer"",""ru"":""Сейдикемер"",""uk"":""Сейдікемер"",""pl"":""Seydikemer"",""hi"":""सेयडिकेमर"",""ar"":""سيديكمير""}",2019-10-06T10:31:25,2025-12-02T16:59:27,1,Q6620651
108448,Seydiler,2197,37,225,TR,adm2,,,41.62005000,33.71815000,Seydiler,3215,Europe/Istanbul,"{""br"":""Seydiler"",""ko"":""세이딜러"",""pt-BR"":""Seydiler"",""pt"":""Seydiler"",""nl"":""Seydiler"",""hr"":""Seydiler"",""fa"":""سیدیلر"",""de"":""Seydiler"",""es"":""Seydiler"",""fr"":""Seydiler"",""ja"":""セイディラー"",""it"":""Seydiler"",""zh-CN"":""塞迪勒"",""tr"":""Seydiler"",""ru"":""Сейдилер"",""uk"":""Сейділер"",""pl"":""Seydiler"",""hi"":""सेडिलर"",""ar"":""سيدلر""}",2019-10-06T10:31:25,2025-12-02T14:39:31,1,Q6620651
108450,Seydişehir,2171,42,225,TR,adm2,,,37.41926000,31.84527000,Seydişehir,51089,Europe/Istanbul,"{""br"":""Seydişehir"",""ko"":""세이디셰히르"",""pt-BR"":""Seydişehir"",""pt"":""Seydişehir"",""nl"":""Seydişehir"",""hr"":""Seydişehir"",""fa"":""سیدی‌شهر"",""de"":""Seydişehir"",""es"":""Seydişehir"",""fr"":""Seydişehir"",""ja"":""セイディシェヒル"",""it"":""Seydişehir"",""zh-CN"":""塞迪谢希尔"",""tr"":""Seydişehir"",""ru"":""Сейдишехир"",""uk"":""Сейдішехір"",""pl"":""Seydişehir"",""hi"":""सेयदीशेहिर"",""ar"":""سيدي شهير""}",2019-10-06T10:31:25,2025-12-02T14:39:31,1,Q2674078
108452,Seyhan,2212,01,225,TR,city,,,36.95540000,35.21637000,Seyhan,793480,Europe/Istanbul,"{""br"":""Seyhan"",""ko"":""세이한"",""pt-BR"":""Seyhan"",""pt"":""Seyhan"",""nl"":""Seyhan"",""hr"":""Seyhan"",""fa"":""سیحان"",""de"":""Seyhan"",""es"":""Seyhan"",""fr"":""Seyhan"",""ja"":""セイハン"",""it"":""Seyhan"",""zh-CN"":""塞伊汉"",""tr"":""Seyhan"",""ru"":""Сейхан"",""uk"":""Сейхан"",""pl"":""Seyhan"",""hi"":""सेहान"",""ar"":""سيهان""}",2019-10-06T10:31:25,2025-12-02T17:11:50,1,Q532164
108453,Seyitgazi,2164,26,225,TR,adm2,,,39.44472000,30.69472000,Seyitgazi,3284,Europe/Istanbul,"{""br"":""Seyitgazi"",""ko"":""세이트가지"",""pt-BR"":""Seyitgazi"",""pt"":""Seyitgazi"",""nl"":""Seyitgazi"",""hr"":""Seyitgazi"",""fa"":""سییتگازی"",""de"":""Seyitgazi"",""es"":""Seyitgazi"",""fr"":""Seyitgazi"",""ja"":""セイトガジ"",""it"":""Seyitgazi"",""zh-CN"":""塞伊特加齐"",""tr"":""Seyitgazi"",""ru"":""Сейитгази"",""uk"":""Сейтгазі"",""pl"":""Seyitgazi"",""hi"":""सेयितगाज़ी"",""ar"":""سيتغازي""}",2019-10-06T10:31:25,2025-12-02T14:39:31,1,Q532164
108457,Merkez,2207,56,225,TR,adm3,,,37.92930000,41.94134000,Merkez,,Europe/Istanbul,"{""br"":""Merkez"",""ko"":""메르케즈"",""pt-BR"":""Merkez"",""pt"":""Merkez"",""nl"":""Merkez"",""hr"":""Merkez"",""fa"":""مرکز"",""de"":""Merkez"",""es"":""Merkez"",""fr"":""Merkez"",""ja"":""メルケス"",""it"":""Merkez"",""zh-CN"":""梅尔克兹"",""tr"":""Merkez"",""ru"":""Меркез"",""uk"":""Меркез"",""pl"":""Merkez"",""hi"":""मर्केज़"",""ar"":""مركز""}",2019-10-06T10:31:25,2025-12-02T17:11:50,1,Q185084
108458,Silifke,2156,33,225,TR,adm2,,,36.37778000,33.93444000,Silifke,75315,Europe/Istanbul,"{""br"":""Silifke"",""ko"":""실리프케"",""pt-BR"":""Silifke"",""pt"":""Silifke"",""nl"":""Silifke"",""hr"":""Silifke"",""fa"":""سیلیفکه"",""de"":""Silifke"",""es"":""Silifke"",""fr"":""Silifke"",""ja"":""シリフケ"",""it"":""Silifke"",""zh-CN"":""西利夫克"",""tr"":""Silifke"",""ru"":""Силифке"",""uk"":""Сіліфке"",""pl"":""Silifke"",""hi"":""सिलिफ़के"",""ar"":""سيليفكي""}",2019-10-06T10:31:25,2025-12-02T14:39:31,1,Q185084
108460,Silivri,2170,34,225,TR,city,,,41.18116000,28.19890000,Silivri,53167,Europe/Istanbul,"{""br"":""Silivri"",""ko"":""실리브리"",""pt-BR"":""Silivri"",""pt"":""Silivri"",""nl"":""Silivri"",""hr"":""Silivri"",""fa"":""سیلیوری"",""de"":""Silivri"",""es"":""Silivri"",""fr"":""Silivri"",""ja"":""シリヴリ"",""it"":""Silivri"",""zh-CN"":""西利夫里"",""tr"":""Silivri"",""ru"":""Силиври"",""uk"":""Сіліврі"",""pl"":""Silivri"",""hi"":""सिलिव्री"",""ar"":""سيليفري""}",2019-10-06T10:31:25,2025-12-02T17:11:50,1,Q185084
108461,Silopi,2225,73,225,TR,adm2,,,37.24379000,42.46345000,Silopi,74798,Europe/Istanbul,"{""br"":""Silopi"",""ko"":""실로피"",""pt-BR"":""Silopi"",""pt"":""Silopi"",""nl"":""Silopi"",""hr"":""Silopi"",""fa"":""سیلوپی"",""de"":""Silopi"",""es"":""Silopi"",""fr"":""Silopi"",""ja"":""シロピ"",""it"":""Silopi"",""zh-CN"":""西洛皮"",""tr"":""Silopi"",""ru"":""Силопи"",""uk"":""Сілопі"",""pl"":""Silopi"",""hi"":""सिलोपी"",""ar"":""سيلوبي""}",2019-10-06T10:31:25,2025-12-02T14:39:31,1,Q185084
108463,Silvan,2226,21,225,TR,adm2,,,38.13708000,41.00817000,Silvan,65956,Europe/Istanbul,"{""br"":""Silvan"",""ko"":""실반"",""pt-BR"":""Silvano"",""pt"":""Silvano"",""nl"":""Silvan"",""hr"":""Šumski"",""fa"":""سیلوان"",""de"":""Silvan"",""es"":""Selvático"",""fr"":""Sylvain"",""ja"":""シルヴァン"",""it"":""Silvano"",""zh-CN"":""西尔凡"",""tr"":""Silvan"",""ru"":""Сильван"",""uk"":""Сільван"",""pl"":""Borowy"",""hi"":""जंगल का"",""ar"":""سيلفان""}",2019-10-06T10:31:25,2025-12-02T14:39:31,1,Q1012881
108465,Simav,2149,43,225,TR,adm2,,,39.08820000,28.97767000,Simav,34909,Europe/Istanbul,"{""br"":""Simav"",""ko"":""시마브"",""pt-BR"":""Simav"",""pt"":""Simav"",""nl"":""Simav"",""hr"":""Simav"",""fa"":""سیماو"",""de"":""Simav"",""es"":""Simav"",""fr"":""Simav"",""ja"":""シマフ"",""it"":""Simav"",""zh-CN"":""西马夫"",""tr"":""Simav"",""ru"":""Симав"",""uk"":""Сімав"",""pl"":""Simav"",""hi"":""सिमाव"",""ar"":""سيماف""}",2019-10-06T10:31:25,2025-12-02T14:39:31,1,Q945404
108468,Sinanpaşa,2179,03,225,TR,adm2,,,38.74444000,30.24278000,Sinanpaşa,5940,Europe/Istanbul,"{""br"":""Sinanpaşa"",""ko"":""시난파샤"",""pt-BR"":""Sinanpaşa"",""pt"":""Sinanpaşa"",""nl"":""Sinanpaşa"",""hr"":""Sinanpaşa"",""fa"":""سینان پاشا"",""de"":""Sinanpaşa"",""es"":""Sinanpaşa"",""fr"":""Sinanpaşa"",""ja"":""シナンパシャ"",""it"":""Sinanpaşa"",""zh-CN"":""西南帕夏"",""tr"":""Sinanpaşa"",""ru"":""Синанпаша"",""uk"":""Сінанпаша"",""pl"":""Sinanpaşa"",""hi"":""सिनानपासा"",""ar"":""سنان باشا""}",2019-10-06T10:31:25,2025-12-02T14:39:31,1,Q1948344
108470,Sincan,2217,06,225,TR,city,,,39.95943000,32.49567000,Sincan,571889,Europe/Istanbul,"{""br"":""Sincan"",""ko"":""신칸"",""pt-BR"":""Sincan"",""pt"":""Sincan"",""nl"":""Sincan"",""hr"":""Sincan"",""fa"":""سینکان"",""de"":""Sincan"",""es"":""Sincan"",""fr"":""Sincan"",""ja"":""シンカン"",""it"":""Sincan"",""zh-CN"":""辛坎"",""tr"":""Sincan"",""ru"":""Синкан"",""uk"":""Сінкан"",""pl"":""Sincan"",""hi"":""सिनकान"",""ar"":""سينجان""}",2019-10-06T10:31:25,2025-12-02T16:59:27,1,Q1020659
108471,Sincik,2155,02,225,TR,adm2,,,38.03645000,38.61257000,Sincik,7152,Europe/Istanbul,"{""br"":""Sincik"",""ko"":""신치크"",""pt-BR"":""Sincik"",""pt"":""Sincik"",""nl"":""Sincik"",""hr"":""Sincik"",""fa"":""سینکیک"",""de"":""Sincik"",""es"":""Sincik"",""fr"":""Sincik"",""ja"":""シンシック"",""it"":""Sincik"",""zh-CN"":""辛奇克"",""tr"":""Sincik"",""ru"":""Синчик"",""uk"":""Сінцік"",""pl"":""Sincik"",""hi"":""सिनसिक"",""ar"":""سينسيك""}",2019-10-06T10:31:25,2025-12-02T14:39:31,1,Q1020659
108474,Sivaslı,2201,64,225,TR,adm2,,,38.49944000,29.68361000,Sivaslı,7378,Europe/Istanbul,"{""br"":""Sivaslı"",""ko"":""시바슬르"",""pt-BR"":""Sivasli"",""pt"":""Sivasli"",""nl"":""Sivaslı"",""hr"":""Sivaslı"",""fa"":""سیواسلی"",""de"":""Sivaslı"",""es"":""Sivaslı"",""fr"":""Sivasli"",""ja"":""シヴァスリ"",""it"":""Sivaslı"",""zh-CN"":""西瓦斯利"",""tr"":""Sivaslı"",""ru"":""Сивасли"",""uk"":""Сіваслі"",""pl"":""Sivaslı"",""hi"":""सिवासली"",""ar"":""سيفاسلي""}",2019-10-06T10:31:25,2025-12-02T14:39:31,1,Q107401
108476,Siverek,2183,63,225,TR,adm2,,,37.75503000,39.31667000,Siverek,175341,Europe/Istanbul,"{""br"":""Siverek"",""ko"":""시베렉"",""pt-BR"":""Siverek"",""pt"":""Siverek"",""nl"":""Siverek"",""hr"":""Siverek"",""fa"":""سیورک"",""de"":""Siverek"",""es"":""Siverek"",""fr"":""Siverek"",""ja"":""シベレク"",""it"":""Siverek"",""zh-CN"":""西韦雷克"",""tr"":""Siverek"",""ru"":""Сиверек"",""uk"":""Сіверек"",""pl"":""Siverek"",""hi"":""सिवेरेक"",""ar"":""سيفيريك""}",2019-10-06T10:31:25,2025-12-02T14:39:31,1,Q1022144
108479,Sivrice,2159,23,225,TR,adm2,,,38.44223000,39.30938000,Sivrice,5481,Europe/Istanbul,"{""br"":""Sivrice"",""ko"":""시브리스"",""pt-BR"":""Sivrice"",""pt"":""Sivrice"",""nl"":""Sivrice"",""hr"":""Sivrice"",""fa"":""سیوریس"",""de"":""Service"",""es"":""Sivrice"",""fr"":""Service"",""ja"":""シブリス"",""it"":""Sivrice"",""zh-CN"":""服务"",""tr"":""Sivrice"",""ru"":""Сиврисе"",""uk"":""Сівріце"",""pl"":""Sivrice"",""hi"":""सिवराइस"",""ar"":""سيفريس""}",2019-10-06T10:31:25,2025-12-02T14:39:31,1,Q1022144
108481,Sivrihisar,2164,26,225,TR,adm2,,,39.45037000,31.53409000,Sivrihisar,10535,Europe/Istanbul,"{""br"":""Sivrihisar"",""ko"":""시브리히사르"",""pt-BR"":""Sivrihisar"",""pt"":""Sivrihisar"",""nl"":""Sivrihisar"",""hr"":""Sivrihisar"",""fa"":""سیوری‌هیسار"",""de"":""Sivrihisar"",""es"":""Sivrihisar"",""fr"":""Sivrihisar"",""ja"":""シヴリヒサール"",""it"":""Sivrihisar"",""zh-CN"":""西夫里希萨尔"",""tr"":""Sivrihisar"",""ru"":""Сиврихисар"",""uk"":""Сівріхісар"",""pl"":""Sivrihisar"",""hi"":""सिवरीहिसार"",""ar"":""سيفريهيسار""}",2019-10-06T10:31:25,2025-12-02T14:39:31,1,Q928543
108483,Solhan,2153,12,225,TR,adm2,,,38.96525000,41.05443000,Solhan,15303,Europe/Istanbul,"{""br"":""Solhan"",""ko"":""솔한"",""pt-BR"":""Solhan"",""pt"":""Solhan"",""nl"":""Solhan"",""hr"":""Solhan"",""fa"":""سولحان"",""de"":""Solhan"",""es"":""Solhan"",""fr"":""Solhan"",""ja"":""ソルハン"",""it"":""Solhan"",""zh-CN"":""索尔汗"",""tr"":""Solhan"",""ru"":""Солхан"",""uk"":""Солхан"",""pl"":""Solhan"",""hi"":""सोलहन"",""ar"":""سولهان""}",2019-10-06T10:31:25,2025-12-02T14:39:31,1,Q928543
108485,Soma,2198,45,225,TR,adm2,,,39.18554000,27.60945000,Soma,65934,Europe/Istanbul,"{""br"":""Soma"",""ko"":""소마"",""pt-BR"":""Soma"",""pt"":""Soma"",""nl"":""Soma"",""hr"":""Soma"",""fa"":""سوما"",""de"":""Soma"",""es"":""Soma"",""fr"":""Soma"",""ja"":""相馬"",""it"":""Soma"",""zh-CN"":""索玛"",""tr"":""Soma"",""ru"":""Сома"",""uk"":""Сома"",""pl"":""Soma"",""hi"":""सोम"",""ar"":""سوما""}",2019-10-06T10:31:25,2025-12-02T14:39:31,1,Q990328
108487,Sorgun,2188,66,225,TR,adm2,,,39.81012000,35.18596000,Sorgun,62862,Europe/Istanbul,"{""br"":""Sorgun"",""ko"":""소르군"",""pt-BR"":""Sorgun"",""pt"":""Sorgun"",""nl"":""Sorgun"",""hr"":""Sorgun"",""fa"":""سورگون"",""de"":""Sorgun"",""es"":""Sorgun"",""fr"":""Sorgun"",""ja"":""ソルグン"",""it"":""Sorgun"",""zh-CN"":""索尔贡"",""tr"":""Sorgun"",""ru"":""Соргун"",""uk"":""Соргун"",""pl"":""Sorgun"",""hi"":""सोरगुन"",""ar"":""سورجون""}",2019-10-06T10:31:25,2025-12-02T14:39:31,1,Q13124930
108490,Sulakyurt,2178,71,225,TR,adm2,,,40.15733000,33.71600000,Sulakyurt,6592,Europe/Istanbul,"{""br"":""Sulakyurt"",""ko"":""술라큐르트"",""pt-BR"":""Sulakyurt"",""pt"":""Sulakyurt"",""nl"":""Sulakyurt"",""hr"":""Sulakyurt"",""fa"":""سولاکیورت"",""de"":""Sulakyurt"",""es"":""Sulakyurt"",""fr"":""Sulakyurt"",""ja"":""スラキュルト"",""it"":""Sulakyurt"",""zh-CN"":""苏拉克尤尔特"",""tr"":""Sulakyurt"",""ru"":""Сулакюрт"",""uk"":""Сулак'юрт"",""pl"":""Sulakyurt"",""hi"":""सुलाक्यूर्ट"",""ar"":""سولاكيورت""}",2019-10-06T10:31:25,2025-12-02T14:39:31,1,Q13124930
108492,Sultanbeyli,2170,34,225,TR,city,,,40.95264000,29.26797000,Sultanbeyli,309347,Europe/Istanbul,"{""br"":""Sultanbeyli"",""ko"":""술탄빌리"",""pt-BR"":""Sultanbeyli"",""pt"":""Sultanbeyli"",""nl"":""Sultanbeyli"",""hr"":""Sultanbeyli"",""fa"":""سلطان‌بیلی"",""de"":""Sultanbeyli"",""es"":""Sultanbeyli"",""fr"":""Sultanbeyli"",""ja"":""スルタンベイリ"",""it"":""Sultanbeyli"",""zh-CN"":""苏丹贝利"",""tr"":""Sultanbeyli"",""ru"":""Султанбейли"",""uk"":""Султанбейлі"",""pl"":""Sultanbeyli"",""hi"":""सुल्तानबेली"",""ar"":""سلطان بيلي""}",2019-10-06T10:31:25,2025-12-02T17:11:50,1,Q673890
108493,Sultandağı,2179,03,225,TR,adm2,,,38.53111000,31.22806000,Sultandağı,7550,Europe/Istanbul,"{""br"":""Sultandağı"",""ko"":""술탄다기"",""pt-BR"":""Sultandağı"",""pt"":""Sultandağı"",""nl"":""Sultandağı"",""hr"":""Sultandağı"",""fa"":""سلطانداغی"",""de"":""Sultandağı"",""es"":""Sultandağı"",""fr"":""Sultandağı"",""ja"":""スルタンダギ"",""it"":""Sultandağı"",""zh-CN"":""苏丹达"",""tr"":""Sultandağı"",""ru"":""Султандагы"",""uk"":""Султанагі"",""pl"":""Sultandağı"",""hi"":""सुल्तानदागी"",""ar"":""سلطانداغي""}",2019-10-06T10:31:25,2025-12-02T14:39:31,1,Q2674205
108495,Sultangazi,2170,34,225,TR,city,,,41.21792000,28.71740000,Sultangazi,542531,Europe/Istanbul,"{""br"":""Sultangazi"",""ko"":""술탄가지"",""pt-BR"":""Sultangazi"",""pt"":""Sultangazi"",""nl"":""Sultangazi"",""hr"":""Sultangazi"",""fa"":""سلطان غازی"",""de"":""Sultangazi"",""es"":""Sultangazi"",""fr"":""Sultangazi"",""ja"":""スルタンガジ"",""it"":""Sultangazi"",""zh-CN"":""苏丹加齐"",""tr"":""Sultangazi"",""ru"":""Султангази"",""uk"":""Султангази"",""pl"":""Sultangazi"",""hi"":""सुल्तानगाज़ी"",""ar"":""سلطان غازي""}",2019-10-06T10:31:25,2025-12-02T16:59:27,1,Q268747
108496,Sultanhanı,2210,68,225,TR,adm2,,,38.24710000,33.54961000,Sultanhanı,0,Europe/Istanbul,"{""br"":""Sultanhanı"",""ko"":""술탄한니"",""pt-BR"":""Sultanhanı"",""pt"":""Sultanhanı"",""nl"":""Sultanhanı"",""hr"":""Sultanhanı"",""fa"":""سلطانخان"",""de"":""Sultanhanı"",""es"":""Sultanhanı"",""fr"":""Sultanhanı"",""ja"":""スルタンハニ"",""it"":""Sultanhanı"",""zh-CN"":""苏丹哈尼"",""tr"":""Sultanhanı"",""ru"":""Султанханы"",""uk"":""Султанхані"",""pl"":""Sultanhanı"",""hi"":""सुल्तानहानी"",""ar"":""سلطانهاني""}",2019-10-06T10:31:25,2025-12-02T14:39:31,1,Q657912
108497,Sultanhisar,2187,09,225,TR,adm2,,,37.88989000,28.15436000,Sultanhisar,6259,Europe/Istanbul,"{""br"":""Sultanhisar"",""ko"":""술탄히사르"",""pt-BR"":""Sultanhisar"",""pt"":""Sultanhisar"",""nl"":""Sultanhisar"",""hr"":""Sultanhisar"",""fa"":""سلطان‌حیصار"",""de"":""Sultanhisar"",""es"":""Sultanhisar"",""fr"":""Sultanhisar"",""ja"":""スルタンヒサール"",""it"":""Sultanhisar"",""zh-CN"":""苏丹希萨尔"",""tr"":""Sultanhisar"",""ru"":""Султанхисар"",""uk"":""Султанхісар"",""pl"":""Sultanhisar"",""hi"":""सुल्तानहिसार"",""ar"":""سلطان حصار""}",2019-10-06T10:31:25,2025-12-02T14:39:31,1,Q657912
108500,Suluova,2161,05,225,TR,adm2,,,40.83129000,35.64788000,Suluova,46608,Europe/Istanbul,"{""br"":""Suluova"",""ko"":""술루오바"",""pt-BR"":""Suluova"",""pt"":""Suluova"",""nl"":""Suluova"",""hr"":""Suluova"",""fa"":""سولووا"",""de"":""Suluova"",""es"":""Suluova"",""fr"":""Suluova"",""ja"":""スルオヴァ"",""it"":""Suluova"",""zh-CN"":""苏洛瓦"",""tr"":""Suluova"",""ru"":""Сулуова"",""uk"":""Сулуова"",""pl"":""Suluova"",""hi"":""सुलुओवा"",""ar"":""سولوفا""}",2019-10-06T10:31:25,2025-12-02T14:38:56,1,Q5248613
108502,Sulusaray,2199,60,225,TR,adm2,,,39.99389000,36.08404000,Sulusaray,4037,Europe/Istanbul,"{""br"":""Sulusaray"",""ko"":""술루사라이"",""pt-BR"":""Sulusaray"",""pt"":""Sulusaray"",""nl"":""Sulusaray"",""hr"":""Sulusaray"",""fa"":""سولوسارای"",""de"":""Sulusaray"",""es"":""Sulusaray"",""fr"":""Sulusaray"",""ja"":""スルサライ"",""it"":""Sulusaray"",""zh-CN"":""苏卢萨赖"",""tr"":""Sulusaray"",""ru"":""Сулусарай"",""uk"":""Сулусарай"",""pl"":""Sulusaray"",""hi"":""सुलुसाराय"",""ar"":""سولوساراي""}",2019-10-06T10:31:25,2025-12-02T14:39:31,1,Q5248613
108504,Sumbas,2214,80,225,TR,adm2,,,37.46169000,36.02914000,Simpas,14308,Europe/Istanbul,"{""br"":""Sumbas"",""ko"":""숨바스"",""pt-BR"":""Sumbas"",""pt"":""Sumbas"",""nl"":""Sumbas"",""hr"":""Sumbas"",""fa"":""سومباس"",""de"":""Sumbas"",""es"":""Sumbas"",""fr"":""Sumbas"",""ja"":""スンバス"",""it"":""Sumbas"",""zh-CN"":""松巴"",""tr"":""Sumbas"",""ru"":""Сумбас"",""uk"":""Сумбас"",""pl"":""Sumbas"",""hi"":""सुम्बास"",""ar"":""سومباس""}",2019-10-06T10:31:25,2025-12-02T17:11:50,1,Q1015401
108505,Sungurlu,2173,19,225,TR,city,,,40.18213000,34.28217000,Sungurlu,49082,Europe/Istanbul,"{""br"":""Sungurlu"",""ko"":""숭굴루"",""pt-BR"":""Sungurlu"",""pt"":""Sungurlu"",""nl"":""Sungurlu"",""hr"":""Sungurlu"",""fa"":""سونگورلو"",""de"":""Sungurlu"",""es"":""Sungurlu"",""fr"":""Sungurlu"",""ja"":""スングルル"",""it"":""Sungurlu"",""zh-CN"":""桑古尔鲁"",""tr"":""Sungurlu"",""ru"":""Сунгурлу"",""uk"":""Сунгурлу"",""pl"":""Sungurlu"",""hi"":""सुंगुरलु"",""ar"":""سونجورلو""}",2019-10-06T10:31:25,2025-12-02T16:59:27,1,Q1015401
108506,Sur,2226,21,225,TR,adm2,,,37.91356000,40.23743000,Açık,,Europe/Istanbul,"{""br"":""Sur"",""ko"":""수르"",""pt-BR"":""Sur"",""pt"":""Sur"",""nl"":""Sur"",""hr"":""Sur"",""fa"":""سور"",""de"":""Sur"",""es"":""Sur"",""fr"":""Sur"",""ja"":""スール"",""it"":""Sur"",""zh-CN"":""苏尔"",""tr"":""Sur"",""ru"":""Сур"",""uk"":""Сур"",""pl"":""Sur"",""hi"":""सुर"",""ar"":""سور""}",2019-10-06T10:31:25,2025-12-02T17:11:50,1,Q1015401
108507,Suruç,2183,63,225,TR,adm2,,,36.97612000,38.42533000,Suruç,104302,Europe/Istanbul,"{""br"":""Suruç"",""ko"":""수루치"",""pt-BR"":""Suruç"",""pt"":""Suruç"",""nl"":""Suruç"",""hr"":""Suruč"",""fa"":""سوروچ"",""de"":""Suruç"",""es"":""Suruç"",""fr"":""Suruç"",""ja"":""スルチ"",""it"":""Suruç"",""zh-CN"":""苏鲁奇"",""tr"":""Suruç"",""ru"":""Суруч"",""uk"":""Суруч"",""pl"":""Suruç"",""hi"":""सुरुक"",""ar"":""سروج""}",2019-10-06T10:31:25,2025-12-02T14:38:56,1,Q917836
108509,Susurluk,2175,10,225,TR,adm2,,,39.91361000,28.15778000,Susurluk,24816,Europe/Istanbul,"{""br"":""Susurluk"",""ko"":""수수르룩"",""pt-BR"":""Susurluk"",""pt"":""Susurluk"",""nl"":""Susurluk"",""hr"":""Susurluk"",""fa"":""سوسورلوک"",""de"":""Susurluk"",""es"":""Susurluk"",""fr"":""Susurluk"",""ja"":""ススルルク"",""it"":""Susurluk"",""zh-CN"":""苏苏鲁克"",""tr"":""Susurluk"",""ru"":""Сусурлук"",""uk"":""Сусурлук"",""pl"":""Susurluk"",""hi"":""सुसुरलुक"",""ar"":""سوسورلوك""}",2019-10-06T10:31:26,2025-12-02T14:39:31,1,Q917836
108511,Susuz,2208,36,225,TR,adm2,,,40.77910000,43.12769000,Susuz,4230,Europe/Istanbul,"{""br"":""Susuz"",""ko"":""수수즈"",""pt-BR"":""Susuz"",""pt"":""Susuz"",""nl"":""Susuz"",""hr"":""Susuz"",""fa"":""سوسوز"",""de"":""Susuz"",""es"":""Susuz"",""fr"":""Susuz"",""ja"":""ススズ"",""it"":""Susuz"",""zh-CN"":""苏苏兹"",""tr"":""Susuz"",""ru"":""Сусуз"",""uk"":""Сусуз"",""pl"":""Susuz"",""hi"":""सुसुज"",""ar"":""سوسوز""}",2019-10-06T10:31:26,2025-12-02T14:39:31,1,Q917836
108513,Suşehri,2181,58,225,TR,adm2,,,40.16005000,38.08413000,Suşehri,24938,Europe/Istanbul,"{""br"":""Suşehri"",""ko"":""수셰리"",""pt-BR"":""Suşehri"",""pt"":""Suşehri"",""nl"":""Suşehri"",""hr"":""Sušehri"",""fa"":""سوشهری"",""de"":""Suşehri"",""es"":""Susehri"",""fr"":""Suşehri"",""ja"":""スシェリ"",""it"":""Suşehri"",""zh-CN"":""苏谢里"",""tr"":""Suşehri"",""ru"":""Сушехри"",""uk"":""Сушехрі"",""pl"":""Suşehri"",""hi"":""सुशेहरी"",""ar"":""سوشهري""}",2019-10-06T10:31:26,2025-12-02T14:38:56,1,Q1022236
108515,Söke,2187,09,225,TR,adm2,,,37.74820000,27.40614000,Söke,68230,Europe/Istanbul,"{""br"":""Söke"",""ko"":""소케"",""pt-BR"":""Söke"",""pt"":""Söke"",""nl"":""Söke"",""hr"":""Söke"",""fa"":""سوکه"",""de"":""Söke"",""es"":""Soke"",""fr"":""Söke"",""ja"":""ソケ"",""it"":""Söke"",""zh-CN"":""索克"",""tr"":""Söke"",""ru"":""Сёке"",""uk"":""Секе"",""pl"":""Söke"",""hi"":""Soke"",""ar"":""سوكي""}",2019-10-06T10:31:26,2025-12-02T14:39:31,1,Q1004566
108518,Söğüt,2221,11,225,TR,adm2,,,40.02479000,30.17300000,Söğüt,19244,Europe/Istanbul,"{""br"":""Söğüt"",""ko"":""쇠그윗"",""pt-BR"":""Söğüt"",""pt"":""Söğüt"",""nl"":""Söğüt"",""hr"":""Söğüt"",""fa"":""سوگوت"",""de"":""Söğüt"",""es"":""Söğüt"",""fr"":""Söğüt"",""ja"":""ソグット"",""it"":""Söğüt"",""zh-CN"":""索格特"",""tr"":""Söğüt"",""ru"":""Söğüt"",""uk"":""Сьогют"",""pl"":""Söğüt"",""hi"":""सोगट"",""ar"":""سوغوت""}",2019-10-06T10:31:26,2025-12-02T17:11:50,1,Q1004566
108519,Söğütlü,2150,54,225,TR,adm2,,,40.90590000,30.47448000,Söğütlü,8051,Europe/Istanbul,"{""br"":""Söğütlü"",""ko"":""쇠귀틀뤼"",""pt-BR"":""Söğütlü"",""pt"":""Söğütlü"",""nl"":""Söğütlü"",""hr"":""Söğütlü"",""fa"":""سوغوتلو"",""de"":""Söğütlü"",""es"":""Söğütlü"",""fr"":""Söğütlü"",""ja"":""ソウトゥル"",""it"":""Söğütlü"",""zh-CN"":""索格特吕"",""tr"":""Söğütlü"",""ru"":""Söğütlü"",""uk"":""Сьогютлу"",""pl"":""Söğütlü"",""hi"":""सोगुत्लु"",""ar"":""سوغوتلو""}",2019-10-06T10:31:26,2025-12-02T14:39:31,1,Q1004566
108522,Süleymanpaşa,2167,59,225,TR,city,,,40.97990000,27.30377000,Süleymanpaşa,219230,Europe/Istanbul,"{""br"":""Süleymanpaşa"",""ko"":""쉴레이만파샤"",""pt-BR"":""Süleymanpaşa"",""pt"":""Süleymanpaşa"",""nl"":""Süleymanpaşa"",""hr"":""Süleymanpaşa"",""fa"":""سلیمان پاشا"",""de"":""Süleymanpaşa"",""es"":""Süleymanpaşa"",""fr"":""Süleymanpaşa"",""ja"":""スレイマンパシャ"",""it"":""Solimano"",""zh-CN"":""苏莱曼帕夏"",""tr"":""Süleymanpaşa"",""ru"":""Сулейманпаша"",""uk"":""Сулейманпаша"",""pl"":""Süleymanpaşa"",""hi"":""सुलेमानपासा"",""ar"":""سليمان باشا""}",2019-10-06T10:31:26,2025-12-02T16:59:27,1,Q16897309
108523,Süloğlu,2151,22,225,TR,adm2,,,41.77956000,26.92602000,Süloğlu,7062,Europe/Istanbul,"{""br"":""Süloğlu"",""ko"":""술로글루"",""pt-BR"":""Süloğlu"",""pt"":""Süloğlu"",""nl"":""Süloğlu"",""hr"":""Süloğlu"",""fa"":""سول‌اوغلو"",""de"":""Süloğlu"",""es"":""Süloğlu"",""fr"":""Süloğlu"",""ja"":""スーログル"",""it"":""Süloğlu"",""zh-CN"":""苏洛格卢"",""tr"":""Süloğlu"",""ru"":""Сюлоглу"",""uk"":""Сулоглу"",""pl"":""Süloğlu"",""hi"":""सुलोग्लू"",""ar"":""سولوغلو""}",2019-10-06T10:31:26,2025-12-02T17:11:50,1,Q1019897
108524,Sürmene,2206,61,225,TR,adm2,,,40.90588000,40.12792000,Sürmene,20039,Europe/Istanbul,"{""br"":""Sürmene"",""ko"":""쉬르메네"",""pt-BR"":""Sürmene"",""pt"":""Sürmene"",""nl"":""Sürmene"",""hr"":""Sürmene"",""fa"":""سورمنه"",""de"":""Sürmene"",""es"":""Surmene"",""fr"":""Sürmene"",""ja"":""スルメネ"",""it"":""Sürmene"",""zh-CN"":""苏尔梅内"",""tr"":""Sürmene"",""ru"":""Сюрмене"",""uk"":""Сюрмене"",""pl"":""Surmene"",""hi"":""सुरमेने"",""ar"":""سورميني""}",2019-10-06T10:31:26,2025-12-02T14:39:31,1,Q1019897
108526,Sütçüler,2222,32,225,TR,adm2,,,37.51120000,30.95661000,Sütçüler,10707,Europe/Istanbul,"{""br"":""Sütçüler"",""ko"":""수틀러"",""pt-BR"":""Sütçüler"",""pt"":""Sütçüler"",""nl"":""Sütçüler"",""hr"":""Sütçüler"",""fa"":""سوتچولِر"",""de"":""Sütçüler"",""es"":""Sütçüler"",""fr"":""Sütçüler"",""ja"":""スチュラー"",""it"":""Sütçüler"",""zh-CN"":""苏特丘勒"",""tr"":""Sütçüler"",""ru"":""Sütçüler"",""uk"":""Сютчюлер"",""pl"":""Sütçüler"",""hi"":""सुत्कुलर"",""ar"":""سوتشولر""}",2019-10-06T10:31:26,2025-12-02T17:11:50,1,Q1783527
108527,Sındırgı,2175,10,225,TR,adm2,,,39.24128000,28.17842000,Sındırgı,10907,Europe/Istanbul,"{""br"":""Sındırgı"",""ko"":""신드르기"",""pt-BR"":""Sindırgı"",""pt"":""Sindırgı"",""nl"":""Sındırgı"",""hr"":""Sindırgi"",""fa"":""سیندیرگی"",""de"":""Sındırgı"",""es"":""Sindırgı"",""fr"":""Sındırgı"",""ja"":""シンドゥルギ"",""it"":""Sındırgı"",""zh-CN"":""辛德尔吉"",""tr"":""Sındırgı"",""ru"":""Сындыргы"",""uk"":""Синдирги"",""pl"":""Sindırgı"",""hi"":""सिन्दिरगी"",""ar"":""سنديرجي""}",2019-10-06T10:31:26,2025-12-02T14:39:31,1,Q1783527
108531,Talas,2200,38,225,TR,adm2,,,38.69080000,35.55380000,Sözlü,36890,Europe/Istanbul,"{""br"":""Talas"",""ko"":""탈라스"",""pt-BR"":""Talas"",""pt"":""Talas"",""nl"":""Talas"",""hr"":""Talas"",""fa"":""تالاس"",""de"":""Talas"",""es"":""Talas"",""fr"":""Talas"",""ja"":""タラス"",""it"":""Talas"",""zh-CN"":""怛罗斯"",""tr"":""Talas"",""ru"":""Талас"",""uk"":""Талас"",""pl"":""Talas"",""hi"":""तलास"",""ar"":""تالاس""}",2019-10-06T10:31:26,2025-12-02T14:39:31,1,Q836846
108534,Taraklı,2150,54,225,TR,adm2,,,40.39694000,30.49278000,Taraklı,3897,Europe/Istanbul,"{""br"":""Taraklı"",""ko"":""타라클리"",""pt-BR"":""Tarakli"",""pt"":""Tarakli"",""nl"":""Taraklı"",""hr"":""Taraklı"",""fa"":""تاراکلی"",""de"":""Taraklı"",""es"":""Taraklı"",""fr"":""Taraklı"",""ja"":""タラクル"",""it"":""Taraklı"",""zh-CN"":""塔拉克勒"",""tr"":""Taraklı"",""ru"":""Тараклы"",""uk"":""Тараклі"",""pl"":""Taraklı"",""hi"":""तारकली"",""ar"":""تاراكلي""}",2019-10-06T10:31:26,2025-12-02T14:39:31,1,Q836846
108536,Tarsus,2156,33,225,TR,adm2,,,36.91766000,34.89277000,Tarsus,346715,Europe/Istanbul,"{""br"":""Tars"",""ko"":""족근"",""pt-BR"":""Tarso"",""pt"":""Tarso"",""nl"":""Tarsus"",""hr"":""Tarz"",""fa"":""تارسوس"",""de"":""Tarsus"",""es"":""Tarso"",""fr"":""Tarse"",""ja"":""タルスス"",""it"":""Tarso"",""zh-CN"":""睑板"",""tr"":""Tarsus"",""ru"":""Тарсус"",""uk"":""Тарс"",""pl"":""Stęp"",""hi"":""टैसास"",""ar"":""طرسوس""}",2019-10-06T10:31:26,2025-12-02T14:38:56,1,Q134287
108538,Tatvan,2215,13,225,TR,adm2,,,38.49221000,42.28269000,Tatvan,73222,Europe/Istanbul,"{""br"":""Tatvan"",""ko"":""타트반"",""pt-BR"":""Tatvan"",""pt"":""Tatvan"",""nl"":""Tatvan"",""hr"":""Tatvan"",""fa"":""تاتوان"",""de"":""Tatvan"",""es"":""Tatvan"",""fr"":""Tatvan"",""ja"":""タトヴァン"",""it"":""Tatvan"",""zh-CN"":""塔特万"",""tr"":""Tatvan"",""ru"":""Татван"",""uk"":""Татван"",""pl"":""Tatvan"",""hi"":""ततवन"",""ar"":""تاتفان""}",2019-10-06T10:31:26,2025-12-02T14:39:31,1,Q4817099
108540,Tavas,2157,20,225,TR,adm2,,,37.57351000,29.07058000,Seninki,11584,Europe/Istanbul,"{""br"":""Tavas"",""ko"":""타바스"",""pt-BR"":""Tavas"",""pt"":""Tavas"",""nl"":""Tavas"",""hr"":""Tavas"",""fa"":""تاواس"",""de"":""Tavas"",""es"":""Tavas"",""fr"":""Tavas"",""ja"":""タバス"",""it"":""Tavas"",""zh-CN"":""塔瓦斯"",""tr"":""Tavalar"",""ru"":""Тавас"",""uk"":""Тавас"",""pl"":""Tavas"",""hi"":""तवास"",""ar"":""تافاس""}",2019-10-06T10:31:26,2025-12-02T14:39:31,1,Q4817099
108543,Tavşanlı,2149,43,225,TR,adm2,,,39.54237000,29.49866000,Tavşanlı,52182,Europe/Istanbul,"{""br"":""Tavşanlı"",""ko"":""타브샨리"",""pt-BR"":""Tavşanlı"",""pt"":""Tavşanlı"",""nl"":""Tavşanlı"",""hr"":""Tavšanli"",""fa"":""تاوشانلی"",""de"":""Tavşanlı"",""es"":""Tavşanlı"",""fr"":""Tavşanlı"",""ja"":""タヴシャンリ"",""it"":""Tavşanlı"",""zh-CN"":""塔夫桑利"",""tr"":""Tavşanlı"",""ru"":""Тавшанлы"",""uk"":""Тавшанли"",""pl"":""Tavşanlı"",""hi"":""तवसनली"",""ar"":""تافشانلي""}",2019-10-06T10:31:26,2025-12-02T14:39:31,1,Q1004555
108546,Taşkent,2171,42,225,TR,adm2,,,36.92430000,32.49131000,Taşkent,11838,Europe/Istanbul,"{""br"":""Taşkent"",""ko"":""타스켄트"",""pt-BR"":""Taşkent"",""pt"":""Taşkent"",""nl"":""Taskent"",""hr"":""Taškent"",""fa"":""تاشکند"",""de"":""Taşkent"",""es"":""Taşkent"",""fr"":""Taskkent"",""ja"":""タシュケント"",""it"":""Taşkent"",""zh-CN"":""塔什肯特"",""tr"":""Taşkent"",""ru"":""Ташкент"",""uk"":""Ташкент"",""pl"":""Taşkent"",""hi"":""Taskent"",""ar"":""طشقند""}",2019-10-06T10:31:26,2025-12-02T14:39:31,1,Q1948357
108548,Taşköprü,2197,37,225,TR,adm2,,,41.50980000,34.21414000,Taşköprü,17491,Europe/Istanbul,"{""br"":""Taşköprü"",""ko"":""타슈코프뤼"",""pt-BR"":""Taşköprü"",""pt"":""Taşköprü"",""nl"":""Taşköprü"",""hr"":""Taşköprü"",""fa"":""تاشکوپرو"",""de"":""Taşköprü"",""es"":""Taşköprü"",""fr"":""Taşköprü"",""ja"":""タシュコプル"",""it"":""Taşköprü"",""zh-CN"":""塔什科普吕"",""tr"":""Taşköprü"",""ru"":""Ташкёпрю"",""uk"":""Ташкепрю"",""pl"":""Taşköprü"",""hi"":""तास्कोप्रु"",""ar"":""تاشكوبرو""}",2019-10-06T10:31:26,2025-12-02T14:39:31,1,Q1948357
108552,Taşlıçay,2193,04,225,TR,adm2,,,39.62966000,43.36878000,Taşlıçay,5477,Europe/Istanbul,"{""br"":""Taşlıçay"",""ko"":""타슬리차이"",""pt-BR"":""Taşlıçay"",""pt"":""Taşlıçay"",""nl"":""Taşlıçay"",""hr"":""Taşlıçay"",""fa"":""تاشلی‌چای"",""de"":""Taşlıçay"",""es"":""Taşlıçay"",""fr"":""Taşlıçay"",""ja"":""タシュリチャイ"",""it"":""Taşlıçay"",""zh-CN"":""塔什利恰伊"",""tr"":""Taşlıçay"",""ru"":""Ташлычай"",""uk"":""Ташлічай"",""pl"":""Taşlıçay"",""hi"":""तस्लीकाय"",""ar"":""Taşlıçay""}",2019-10-06T10:31:26,2025-12-02T14:39:31,1,Q7690521
108554,Taşova,2161,05,225,TR,adm2,,,40.75972000,36.32250000,Taşova,19253,Europe/Istanbul,"{""br"":""Taşova"",""ko"":""타소바"",""pt-BR"":""Taşova"",""pt"":""Taşova"",""nl"":""Tasova"",""hr"":""Taşova"",""fa"":""تاشووا"",""de"":""Taşova"",""es"":""Taşova"",""fr"":""Taşova"",""ja"":""タシュヴァ"",""it"":""Taşova"",""zh-CN"":""塔索娃"",""tr"":""Taşova"",""ru"":""Ташова"",""uk"":""Ташова"",""pl"":""Taşova"",""hi"":""तासोवा"",""ar"":""تاشوفا""}",2019-10-06T10:31:26,2025-12-02T14:39:31,1,Q1023307
108556,Tefenni,2209,15,225,TR,adm2,,,37.30968000,29.77538000,Tefen,5317,Europe/Istanbul,"{""br"":""Tefenni"",""ko"":""테페니"",""pt-BR"":""Tefenni"",""pt"":""Tefenni"",""nl"":""Tefenni"",""hr"":""Tefenni"",""fa"":""تفنی"",""de"":""Tefenni"",""es"":""Tefenni"",""fr"":""Téfenni"",""ja"":""テフェニ"",""it"":""Tefenni"",""zh-CN"":""特芬尼"",""tr"":""Tefenni"",""ru"":""Тефенни"",""uk"":""Тефенні"",""pl"":""Tefenni"",""hi"":""टेफेनी"",""ar"":""تيفيني""}",2019-10-06T10:31:26,2025-12-02T14:38:56,1,Q1023307
108561,Tekkeköy,2220,55,225,TR,adm2,,,41.14493000,36.46205000,Tekkeköy,17226,Europe/Istanbul,"{""br"":""Tekkeköy"",""ko"":""테케코이"",""pt-BR"":""Tekkeköy"",""pt"":""Tekkeköy"",""nl"":""Tekkeköy"",""hr"":""Tekkeköy"",""fa"":""تککوی"",""de"":""Tekkeköy"",""es"":""Tekkeköy"",""fr"":""Tekkeköy"",""ja"":""テッケキョイ"",""it"":""Tekkeköy"",""zh-CN"":""泰克柯伊"",""tr"":""Tekkeköy"",""ru"":""Теккекёй"",""uk"":""Теккекей"",""pl"":""Tekkeköy"",""hi"":""टेक्केकोय"",""ar"":""تكيكوي""}",2019-10-06T10:31:26,2025-12-02T14:39:31,1,Q2530261
108562,Tekman,2165,25,225,TR,adm2,,,39.64111000,41.50542000,Tekman,8270,Europe/Istanbul,"{""br"":""Tekman"",""ko"":""테크만"",""pt-BR"":""Tekman"",""pt"":""Tekman"",""nl"":""Tekman"",""hr"":""Tekman"",""fa"":""تکمن"",""de"":""Tekman"",""es"":""Tekman"",""fr"":""Tekman"",""ja"":""テックマン"",""it"":""Tekman"",""zh-CN"":""泰克曼"",""tr"":""Tekman"",""ru"":""Текман"",""uk"":""Текман"",""pl"":""Tekman"",""hi"":""टेकमैन"",""ar"":""تيكمان""}",2019-10-06T10:31:26,2025-12-02T14:39:31,1,Q2530261
108566,Tepebaşı,2164,26,225,TR,city,,,39.78430000,30.50206000,Tepebaşı,359303,Europe/Istanbul,"{""br"":""Tepebaşı"",""ko"":""테페바시"",""pt-BR"":""Tepebaşı"",""pt"":""Tepebaşı"",""nl"":""Tepebaşı"",""hr"":""Tepebasi"",""fa"":""تپه باشی"",""de"":""Tepebaşı"",""es"":""Tepebaşı"",""fr"":""Tepebaşı"",""ja"":""テペバシュ"",""it"":""Tepebaşı"",""zh-CN"":""特佩巴斯"",""tr"":""Tepebaşı"",""ru"":""Тепебаши"",""uk"":""Тепебаші"",""pl"":""Tepebaşı"",""hi"":""Tepebasi"",""ar"":""Tepebaşı""}",2019-10-06T10:31:26,2025-12-02T16:59:27,1,Q3906371
108570,Tercan,2160,24,225,TR,adm2,,,39.77709000,40.37783000,Tercan,12235,Europe/Istanbul,"{""br"":""Tercan"",""ko"":""테르칸"",""pt-BR"":""Tercan"",""pt"":""Tercan"",""nl"":""Tercan"",""hr"":""Tercan"",""fa"":""ترکان"",""de"":""Tercan"",""es"":""Tercan"",""fr"":""Tercan"",""ja"":""テルカン"",""it"":""Tercan"",""zh-CN"":""特尔坎"",""tr"":""Tercan"",""ru"":""Теркан"",""uk"":""Теркан"",""pl"":""Tercan"",""hi"":""टेरकन"",""ar"":""تيركان""}",2019-10-06T10:31:26,2025-12-02T14:39:31,1,Q7701250
108572,Termal,2218,77,225,TR,adm2,,,40.61381000,29.18049000,Termal,6784,Europe/Istanbul,"{""br"":""Termen"",""ko"":""말말"",""pt-BR"":""Termal"",""pt"":""Termal"",""nl"":""Termal"",""hr"":""Termalno"",""fa"":""حرارتی"",""de"":""Termal"",""es"":""Termal"",""fr"":""Termal"",""ja"":""ターミナル"",""it"":""Termico"",""zh-CN"":""特马尔"",""tr"":""Termal"",""ru"":""Термальный"",""uk"":""Термальний"",""pl"":""Termalny"",""hi"":""टर्मल"",""ar"":""ترمال""}",2019-10-06T10:31:26,2025-12-02T17:11:50,1,Q2665536
108573,Terme,2220,55,225,TR,adm2,,,41.20917000,36.97389000,Terim,28397,Europe/Istanbul,"{""br"":""Terme"",""ko"":""테르메"",""pt-BR"":""Termas"",""pt"":""Termas"",""nl"":""Terme"",""hr"":""Terme"",""fa"":""ترمه"",""de"":""Terme"",""es"":""Termas"",""fr"":""Terme"",""ja"":""テルメ"",""it"":""Terme"",""zh-CN"":""泰尔梅"",""tr"":""Terme"",""ru"":""Терме"",""uk"":""Терме"",""pl"":""Termy"",""hi"":""टर्मे"",""ar"":""تيرمي""}",2019-10-06T10:31:26,2025-12-02T14:38:56,1,Q2665536
108576,Tillo,2207,56,225,TR,adm2,,,37.94911000,42.01210000,Altın,3052,Europe/Istanbul,"{""br"":""Tillo"",""ko"":""틸로"",""pt-BR"":""Tillo"",""pt"":""Tillo"",""nl"":""Tillo"",""hr"":""Tillo"",""fa"":""تیلو"",""de"":""Tillo"",""es"":""Tillo"",""fr"":""Tillo"",""ja"":""ティロ"",""it"":""Tillo"",""zh-CN"":""蒂洛"",""tr"":""Tillo"",""ru"":""Тилло"",""uk"":""Тільо"",""pl"":""Tillo"",""hi"":""टिलो"",""ar"":""تيلو""}",2019-10-06T10:31:26,2025-12-02T14:39:31,1,Q2665536
108578,Tire,2205,35,225,TR,adm2,,,38.06582000,27.72730000,Yorulmak,87462,Europe/Istanbul,"{""br"":""Bandenn-rod"",""ko"":""타이어"",""pt-BR"":""Pneu"",""pt"":""Pneu"",""nl"":""Band"",""hr"":""Guma"",""fa"":""تایر"",""de"":""Reifen"",""es"":""Neumático"",""fr"":""Pneu"",""ja"":""タイヤ"",""it"":""Pneumatico"",""zh-CN"":""胎"",""tr"":""Yorulmak"",""ru"":""Шина"",""uk"":""Шина"",""pl"":""Opona"",""hi"":""थका देना"",""ar"":""إطار""}",2019-10-06T10:31:26,2025-12-02T17:11:50,1,Q2747929
108579,Tirebolu,2186,28,225,TR,city,,,41.00633000,38.84980000,Tirebolu,32008,Europe/Istanbul,"{""br"":""Tirebolu"",""ko"":""티레볼루"",""pt-BR"":""Tirebolu"",""pt"":""Tirebolu"",""nl"":""Tirebolu"",""hr"":""Tirebolu"",""fa"":""تیربولو"",""de"":""Tirebolu"",""es"":""Tirebolu"",""fr"":""Tirebolu"",""ja"":""ティレボル"",""it"":""Tirebolu"",""zh-CN"":""蒂雷博卢"",""tr"":""Tirebolu"",""ru"":""Тиреболу"",""uk"":""Тіреболу"",""pl"":""Tirebolu"",""hi"":""टायरबोलू"",""ar"":""تيريبولو""}",2019-10-06T10:31:26,2025-12-02T16:59:27,1,Q2747929
108580,Merkez,2199,60,225,TR,adm1,,,40.31389000,36.55444000,Merkez,129702,Europe/Istanbul,"{""br"":""Merkez"",""ko"":""메르케즈"",""pt-BR"":""Merkez"",""pt"":""Merkez"",""nl"":""Merkez"",""hr"":""Merkez"",""fa"":""مرکز"",""de"":""Merkez"",""es"":""Merkez"",""fr"":""Merkez"",""ja"":""メルケス"",""it"":""Merkez"",""zh-CN"":""梅尔克兹"",""tr"":""Merkez"",""ru"":""Меркез"",""uk"":""Меркез"",""pl"":""Merkez"",""hi"":""मर्केज़"",""ar"":""مركز""}",2019-10-06T10:31:26,2025-12-02T14:39:31,1,Q183651
108581,Tomarza,2200,38,225,TR,adm2,,,38.44722000,35.79917000,Tomarza,11753,Europe/Istanbul,"{""br"":""Tomarza"",""ko"":""토마르자"",""pt-BR"":""Tomarza"",""pt"":""Tomarza"",""nl"":""Tomarza"",""hr"":""Tomarza"",""fa"":""تومارزا"",""de"":""Tomarza"",""es"":""Tomarza"",""fr"":""Tomarza"",""ja"":""トマルザ"",""it"":""Tomarza"",""zh-CN"":""托马尔扎"",""tr"":""Tomarza"",""ru"":""Томарза"",""uk"":""Томарза"",""pl"":""Tomarza"",""hi"":""तोमर्ज़ा"",""ar"":""تومارزا""}",2019-10-06T10:31:26,2025-12-02T14:39:31,1,Q183651
108583,Tonya,2206,61,225,TR,adm2,,,40.88402000,39.28486000,Tonya,14592,Europe/Istanbul,"{""br"":""Tonya"",""ko"":""토냐"",""pt-BR"":""Tônia"",""pt"":""Tônia"",""nl"":""Tonya"",""hr"":""Tonja"",""fa"":""تونیا"",""de"":""Tonya"",""es"":""Tonya"",""fr"":""Tonya"",""ja"":""トーニャ"",""it"":""Tonya"",""zh-CN"":""托尼亚"",""tr"":""Tonya"",""ru"":""Тоня"",""uk"":""Тоня"",""pl"":""Tonya"",""hi"":""तोन्या"",""ar"":""تونيا""}",2019-10-06T10:31:26,2025-12-02T14:38:56,1,Q183651
108585,Toprakkale,2214,80,225,TR,adm2,,,37.06855000,36.14661000,Toprakkale,8577,Europe/Istanbul,"{""br"":""Toprakkale"",""ko"":""토프라칼레"",""pt-BR"":""Toprakkale"",""pt"":""Toprakkale"",""nl"":""Toprakkale"",""hr"":""Toprakkale"",""fa"":""توپراک‌قلعه"",""de"":""Toprakkale"",""es"":""Toprakkale"",""fr"":""Toprakkale"",""ja"":""トプラッカレ"",""it"":""Toprakkale"",""zh-CN"":""托普拉卡莱"",""tr"":""Toprakkale"",""ru"":""Топраккале"",""uk"":""Топраккале"",""pl"":""Toprakkale"",""hi"":""टोपराकले"",""ar"":""توبراكالي""}",2019-10-06T10:31:26,2025-12-02T14:39:31,1,Q609713
108587,Torbalı,2205,35,225,TR,adm3,,,38.17603000,27.37182000,Torbalı,51,Europe/Istanbul,"{""br"":""Torbalı"",""ko"":""토르발리"",""pt-BR"":""Torbalı"",""pt"":""Torbalı"",""nl"":""Torbalı"",""hr"":""Torbalı"",""fa"":""توربالی"",""de"":""Torbalı"",""es"":""Torbali"",""fr"":""Torbalı"",""ja"":""トルバル"",""it"":""Torbalı"",""zh-CN"":""托尔巴勒"",""tr"":""Torbalı"",""ru"":""Торбалы"",""uk"":""Торбалі"",""pl"":""Torbalı"",""hi"":""तोरबाली"",""ar"":""توربالي""}",2019-10-06T10:31:26,2025-12-02T17:11:50,1,Q1011344
108588,Toroslar,2156,33,225,TR,city,,,36.87083000,34.60299000,Toroslar,296582,Europe/Istanbul,"{""br"":""Toroslar"",""ko"":""토로슬라르"",""pt-BR"":""Toroslar"",""pt"":""Toroslar"",""nl"":""Toroslar"",""hr"":""Toroslar"",""fa"":""توروسلار"",""de"":""Toroslar"",""es"":""Toroslar"",""fr"":""Toroslar"",""ja"":""トロスラー"",""it"":""Toroslar"",""zh-CN"":""托罗斯拉尔"",""tr"":""Toroslar"",""ru"":""Торослар"",""uk"":""Торослар"",""pl"":""Toroslar"",""hi"":""टोरोस्लर"",""ar"":""توروسلار""}",2019-10-06T10:31:26,2025-12-02T16:59:27,1,Q2306513
108589,Tortum,2165,25,225,TR,adm2,,,40.28892000,41.54096000,Tortum,9429,Europe/Istanbul,"{""br"":""Tortum"",""ko"":""토르툼"",""pt-BR"":""Tortum"",""pt"":""Tortum"",""nl"":""Tortum"",""hr"":""Tortum"",""fa"":""تورتوم"",""de"":""Tortum"",""es"":""Tortum"",""fr"":""Tortum"",""ja"":""トルトゥム"",""it"":""Tortum"",""zh-CN"":""托尔图姆"",""tr"":""Tortum"",""ru"":""Тортум"",""uk"":""Тортум"",""pl"":""Tortum"",""hi"":""टोर्टम"",""ar"":""تعذيب""}",2019-10-06T10:31:26,2025-12-02T14:39:31,1,Q2306513
108591,Torul,2204,29,225,TR,adm2,,,40.55071000,39.28344000,yuva,4832,Europe/Istanbul,"{""br"":""Torul"",""ko"":""토룰"",""pt-BR"":""Torul"",""pt"":""Torul"",""nl"":""Torul"",""hr"":""Torul"",""fa"":""تورول"",""de"":""Torul"",""es"":""Torul"",""fr"":""Torul"",""ja"":""トルル"",""it"":""Torul"",""zh-CN"":""托鲁尔"",""tr"":""Torul"",""ru"":""Торул"",""uk"":""Торул"",""pl"":""Torul"",""hi"":""तोरुल"",""ar"":""تورول""}",2019-10-06T10:31:26,2025-12-02T14:39:31,1,Q2306513
108593,Tosya,2197,37,225,TR,adm2,,,41.01545000,34.04013000,Tosya,24013,Europe/Istanbul,"{""br"":""Tosya"",""ko"":""토시아"",""pt-BR"":""Tosya"",""pt"":""Tosya"",""nl"":""Tosya"",""hr"":""Tosya"",""fa"":""توسیا"",""de"":""Tosya"",""es"":""Tosya"",""fr"":""Tosya"",""ja"":""トシャ"",""it"":""Tosya"",""zh-CN"":""托西亚"",""tr"":""Tosya"",""ru"":""Тося"",""uk"":""Тося"",""pl"":""Tosya"",""hi"":""तोस्या"",""ar"":""توسيا""}",2019-10-06T10:31:26,2025-12-02T14:39:31,1,Q2306513
108597,Tufanbeyli,2212,01,225,TR,adm2,,,38.27343000,36.22731000,Tufanbeyli,17667,Europe/Istanbul,"{""br"":""Tufanbeyli"",""ko"":""투판벨리"",""pt-BR"":""Tufanbeyli"",""pt"":""Tufanbeyli"",""nl"":""Tufanbeyli"",""hr"":""Tufanbeyli"",""fa"":""توفان‌بیلی"",""de"":""Tufanbeyli"",""es"":""Tufanbeyli"",""fr"":""Tufanbeyli"",""ja"":""トゥファンベイリ"",""it"":""Tufanbeyli"",""zh-CN"":""图凡贝伊利"",""tr"":""Tufanbeyli"",""ru"":""Туфанбейли"",""uk"":""Туфанбейлі"",""pl"":""Tufanbeyli"",""hi"":""तुफानबेली"",""ar"":""طوفان بيلي""}",2019-10-06T10:31:26,2025-12-02T17:11:50,1,Q45301
108600,Turgutlu,2198,45,225,TR,adm2,,,38.51515000,27.73515000,Turgutlu,148130,Europe/Istanbul,"{""br"":""Turgutlu"",""ko"":""투르구틀루"",""pt-BR"":""Turgutlu"",""pt"":""Turgutlu"",""nl"":""Turgutlu"",""hr"":""Turgutlu"",""fa"":""تورگوتلو"",""de"":""Turgutlu"",""es"":""Turgutlu"",""fr"":""Turgutlu"",""ja"":""トゥルグトゥル"",""it"":""Turgutlu"",""zh-CN"":""图尔古特卢"",""tr"":""Turgutlu"",""ru"":""Тургутлу"",""uk"":""Тургутлу"",""pl"":""Turgutlu"",""hi"":""इस्तांबुल"",""ar"":""تورغوتلو""}",2019-10-06T10:31:26,2025-12-02T17:11:50,1,Q17396881
108602,Turhal,2199,60,225,TR,adm2,,,40.38750000,36.08111000,Turhal,110884,Europe/Istanbul,"{""br"":""Turhal"",""ko"":""투르할"",""pt-BR"":""Turhal"",""pt"":""Turhal"",""nl"":""Turhal"",""hr"":""Turhal"",""fa"":""تورهال"",""de"":""Turhal"",""es"":""Turhal"",""fr"":""Turhal"",""ja"":""トゥルハル"",""it"":""Turhal"",""zh-CN"":""图尔哈尔"",""tr"":""Turhal"",""ru"":""Турхал"",""uk"":""Турхал"",""pl"":""Turhal"",""hi"":""तुरहाल"",""ar"":""تورهال""}",2019-10-06T10:31:26,2025-12-02T14:39:31,1,Q1767162
108606,Tut,2155,02,225,TR,adm2,,,37.79529000,37.91610000,Tutturmak,7560,Europe/Istanbul,"{""br"":""Tut"",""ko"":""투트"",""pt-BR"":""Tut"",""pt"":""Tut"",""nl"":""Toet"",""hr"":""Tut"",""fa"":""توت"",""de"":""Tut"",""es"":""Gesto de desaprobación"",""fr"":""Tout à fait"",""ja"":""ツタンカーメン"",""it"":""Tut"",""zh-CN"":""图特"",""tr"":""Tut"",""ru"":""Тут"",""uk"":""Тут"",""pl"":""Akord"",""hi"":""टुट"",""ar"":""توت""}",2019-10-06T10:31:26,2025-12-02T14:39:31,1,Q5250179
108608,Tutak,2193,04,225,TR,adm2,,,39.55042000,42.77572000,Tutak,0,Europe/Istanbul,"{""br"":""Tutak"",""ko"":""투탁"",""pt-BR"":""Tutak"",""pt"":""Tutak"",""nl"":""Toetak"",""hr"":""Tutak"",""fa"":""توتک"",""de"":""Tutak"",""es"":""Tutak"",""fr"":""Tutak"",""ja"":""トゥタック"",""it"":""Tutak"",""zh-CN"":""图塔克"",""tr"":""Tutak"",""ru"":""Тутак"",""uk"":""Тутак"",""pl"":""Tutak"",""hi"":""तुतक"",""ar"":""توتاك""}",2019-10-06T10:31:26,2025-12-02T17:11:50,1,Q5250179
108609,Tuzla,2170,34,225,TR,city,,,40.86368000,29.31942000,Tuzla,288878,Europe/Istanbul,"{""br"":""Tuzla"",""ko"":""투즐라"",""pt-BR"":""Tuzla"",""pt"":""Tuzla"",""nl"":""Tuzla"",""hr"":""Tuzla"",""fa"":""توزلا"",""de"":""Tuzla"",""es"":""Tuzla"",""fr"":""Tuzla"",""ja"":""トゥズラ"",""it"":""Tuzla"",""zh-CN"":""图兹拉"",""tr"":""Tuzla"",""ru"":""Тузла"",""uk"":""Тузла"",""pl"":""Tuzla"",""hi"":""तुज़ला"",""ar"":""توزلا""}",2019-10-06T10:31:26,2025-12-02T17:11:50,1,Q938548
108610,Tuzluca,2166,76,225,TR,adm2,,,40.03863000,43.65212000,Tuzluca,0,Europe/Istanbul,"{""br"":""Tuzluca"",""ko"":""투즐루카"",""pt-BR"":""Tuzluca"",""pt"":""Tuzluca"",""nl"":""Tuzluca"",""hr"":""Tuzla"",""fa"":""توزلوکا"",""de"":""Tuzluca"",""es"":""Tuzluca"",""fr"":""Tuzluca"",""ja"":""トゥズルカ"",""it"":""Tuzluca"",""zh-CN"":""图兹卢卡"",""tr"":""Tuzluca"",""ru"":""Тузлука"",""uk"":""Тузлука"",""pl"":""Tuzluca"",""hi"":""तुज़लुका"",""ar"":""توزلوكا""}",2019-10-06T10:31:26,2025-12-02T14:39:31,1,Q938548
108611,Tuzlukçu,2171,42,225,TR,adm2,,,38.47778000,31.62639000,Tuzlukçu,7280,Europe/Istanbul,"{""br"":""Tuzlukçu"",""ko"":""투즐룩추"",""pt-BR"":""Tuzlukçu"",""pt"":""Tuzlukçu"",""nl"":""Tuzlukçu"",""hr"":""Tuzlukçu"",""fa"":""توزلوکچو"",""de"":""Tuzlukçu"",""es"":""Tuzlukçu"",""fr"":""Tuzlukçu"",""ja"":""トゥズルクチュ"",""it"":""Tuzlukçu"",""zh-CN"":""图兹卢克丘"",""tr"":""Tuzlukçu"",""ru"":""Тузлукчу"",""uk"":""Тузлукчу"",""pl"":""Tuzlukçu"",""hi"":""तुज़्लुकु"",""ar"":""توزلوكجو""}",2019-10-06T10:31:26,2025-12-02T14:38:56,1,Q938548
108615,Türkoğlu,2227,46,225,TR,adm2,,,37.38417000,36.84626000,Türkoğlu,73770,Europe/Istanbul,"{""br"":""Turkoğlu"",""ko"":""튀르코글루"",""pt-BR"":""Türkoğlu"",""pt"":""Türkoğlu"",""nl"":""Türkoğlu"",""hr"":""Türkoğlu"",""fa"":""تورک اوغلو"",""de"":""Türkoğlu"",""es"":""Türkoğlu"",""fr"":""Türkoğlu"",""ja"":""トゥルコール"",""it"":""Türkoğlu"",""zh-CN"":""特尔科格鲁"",""tr"":""Türkoğlu"",""ru"":""Тюркоглу"",""uk"":""Тюркоглу"",""pl"":""Türkoğlu"",""hi"":""तुर्कोग्लू"",""ar"":""توركوغلو""}",2019-10-06T10:31:26,2025-12-02T17:11:50,1,Q993676
108616,Ula,2182,48,225,TR,adm2,,,37.10491000,28.41667000,Ula,5275,Europe/Istanbul,"{""br"":""Ula"",""ko"":""울라"",""pt-BR"":""Ula"",""pt"":""Ula"",""nl"":""Ula"",""hr"":""Ula"",""fa"":""اولا"",""de"":""Ula"",""es"":""Ula"",""fr"":""Oula"",""ja"":""ウラ"",""it"":""Ula"",""zh-CN"":""乌拉"",""tr"":""Ula"",""ru"":""Ула"",""uk"":""Ула"",""pl"":""Ula"",""hi"":""यूला"",""ar"":""أولا""}",2019-10-06T10:31:26,2025-12-02T14:39:31,1,Q993676
108618,Ulaş,2181,58,225,TR,adm2,,,39.44492000,37.03900000,Ulaş,3879,Europe/Istanbul,"{""br"":""Ulaş"",""ko"":""울라스"",""pt-BR"":""Ulaş"",""pt"":""Ulaş"",""nl"":""Ulaş"",""hr"":""Ulaš"",""fa"":""اولاش"",""de"":""Ulaş"",""es"":""Ulaş"",""fr"":""Ulaş"",""ja"":""ウラシュ"",""it"":""Ulaş"",""zh-CN"":""乌拉什"",""tr"":""Ulaş"",""ru"":""Улаш"",""uk"":""Улаш"",""pl"":""Ulaş"",""hi"":""उलास"",""ar"":""أولاش""}",2019-10-06T10:31:26,2025-12-02T14:39:31,1,Q993676
108621,Ulubey,2201,64,225,TR,adm2,,,38.41987000,29.29129000,Ulubey,5092,Europe/Istanbul,"{""br"":""Ulubey"",""ko"":""울루베이"",""pt-BR"":""Ulubey"",""pt"":""Ulubey"",""nl"":""Ulubey"",""hr"":""Ulubey"",""fa"":""اولوبئی"",""de"":""Ulubey"",""es"":""Ulubey"",""fr"":""Ulubey"",""ja"":""ウルベイ"",""it"":""Ulubey"",""zh-CN"":""乌鲁贝伊"",""tr"":""Ulubey"",""ru"":""Улубей"",""uk"":""Улубей"",""pl"":""Ulubey"",""hi"":""उलुबे"",""ar"":""أولوبي""}",2019-10-06T10:31:26,2025-12-02T14:39:31,1,Q1816898
108622,Ulubey,2174,52,225,TR,adm2,,,40.86863000,37.75405000,Ulubey,8626,Europe/Istanbul,"{""br"":""Ulubey"",""ko"":""울루베이"",""pt-BR"":""Ulubey"",""pt"":""Ulubey"",""nl"":""Ulubey"",""hr"":""Ulubey"",""fa"":""اولوبئی"",""de"":""Ulubey"",""es"":""Ulubey"",""fr"":""Ulubey"",""ja"":""ウルベイ"",""it"":""Ulubey"",""zh-CN"":""乌鲁贝伊"",""tr"":""Ulubey"",""ru"":""Улубей"",""uk"":""Улубей"",""pl"":""Ulubey"",""hi"":""उलुबे"",""ar"":""أولوبي""}",2019-10-06T10:31:26,2025-12-02T14:39:31,1,Q14510650
108624,Uluborlu,2222,32,225,TR,adm2,,,38.07825000,30.45019000,Uluborlu,12514,Europe/Istanbul,"{""br"":""Uluborlu"",""ko"":""울루보를루"",""pt-BR"":""Uluborlu"",""pt"":""Uluborlu"",""nl"":""Uluborlu"",""hr"":""Uluborlu"",""fa"":""اولوبورلو"",""de"":""Uluborlu"",""es"":""Uluborlu"",""fr"":""Uluborlu"",""ja"":""ウルボルル"",""it"":""Uluborlu"",""zh-CN"":""乌卢博鲁"",""tr"":""Uluborlu"",""ru"":""Улуборлу"",""uk"":""Улуборлу"",""pl"":""Uluborlu"",""hi"":""उलुबोर्लू"",""ar"":""أولوبورلو""}",2019-10-06T10:31:26,2025-12-02T14:39:31,1,Q14510650
108626,Uludere,2225,73,225,TR,adm2,,,37.44074000,42.85236000,Uludere,8827,Europe/Istanbul,"{""br"":""Uludere"",""ko"":""울루데레"",""pt-BR"":""Uludere"",""pt"":""Uludere"",""nl"":""Uludere"",""hr"":""Uludere"",""fa"":""اولودره"",""de"":""Uludere"",""es"":""Uludere"",""fr"":""Uludere"",""ja"":""ウルデレ"",""it"":""Uludere"",""zh-CN"":""乌鲁德雷"",""tr"":""Uludere"",""ru"":""Улудере"",""uk"":""Улудере"",""pl"":""Uludere"",""hi"":""उलुदेरे"",""ar"":""أولوديري""}",2019-10-06T10:31:26,2025-12-02T14:39:31,1,Q1012840
108628,Ulukışla,2189,51,225,TR,adm3,,,37.54592000,34.58737000,Ulukışla,23252,Europe/Istanbul,"{""br"":""Ulukışla"",""ko"":""울루키슬라"",""pt-BR"":""Ulukışla"",""pt"":""Ulukışla"",""nl"":""Ulukışla"",""hr"":""Ulukışla"",""fa"":""اولوکیشلا"",""de"":""Ulukışla"",""es"":""Ulukışla"",""fr"":""Ulukışla"",""ja"":""ウルキシュラ"",""it"":""Ulukışla"",""zh-CN"":""乌鲁基什拉"",""tr"":""Ulukışla"",""ru"":""Улукишла"",""uk"":""Улукишла"",""pl"":""Ulukışla"",""hi"":""उलुकीस्ला"",""ar"":""أولوكيشلا""}",2019-10-06T10:31:26,2025-12-02T17:11:50,1,Q993707
108629,Ulus,2148,74,225,TR,adm2,,,41.59373000,32.65066000,Ulus,21332,Europe/Istanbul,"{""br"":""Ulus"",""ko"":""울루스"",""pt-BR"":""Ulus"",""pt"":""Ulus"",""nl"":""Ulus"",""hr"":""Ulus"",""fa"":""اولوس"",""de"":""Ulus"",""es"":""Ulus"",""fr"":""Ulus"",""ja"":""ウルス"",""it"":""Ulus"",""zh-CN"":""乌鲁斯"",""tr"":""Ulus"",""ru"":""Улус"",""uk"":""Улус"",""pl"":""Ulus"",""hi"":""उलुस"",""ar"":""أولوس""}",2019-10-06T10:31:26,2025-12-02T17:11:50,1,Q993707
108631,Ümraniye,2170,34,225,TR,city,,,41.01643000,29.12476000,Ümraniye,573265,Europe/Istanbul,"{""br"":""Ümraniye"",""ko"":""움라니예"",""pt-BR"":""Ümraniye"",""pt"":""Ümraniye"",""nl"":""Ümraniye"",""hr"":""Umraniye"",""fa"":""عمرانیه"",""de"":""Ümraniye"",""es"":""Ümraniye"",""fr"":""Ümraniye"",""ja"":""ウムラニエ"",""it"":""Ümraniye"",""zh-CN"":""乌姆拉尼耶"",""tr"":""Ümraniye"",""ru"":""Умрание"",""uk"":""Умраніє"",""pl"":""Ümraniye"",""hi"":""उमरानीये"",""ar"":""عمرانية""}",2019-10-06T10:31:26,2025-12-02T14:38:56,1,Q4831150
108633,Urla,2205,35,225,TR,adm2,,,38.32292000,26.76403000,Bağırmak,45199,Europe/Istanbul,"{""br"":""Urla"",""ko"":""우르라"",""pt-BR"":""Urla"",""pt"":""Urla"",""nl"":""Urla"",""hr"":""Urla"",""fa"":""اورلا"",""de"":""Urla"",""es"":""Urla"",""fr"":""Urla"",""ja"":""ウルラ"",""it"":""Urla"",""zh-CN"":""乌尔拉"",""tr"":""Urla"",""ru"":""Урла"",""uk"":""Урла"",""pl"":""Urla"",""hi"":""उरला"",""ar"":""أورلا""}",2019-10-06T10:31:26,2025-12-02T14:39:31,1,Q4831150
108636,Uzundere,2165,25,225,TR,adm2,,,40.53218000,41.53832000,Uzundere,5555,Europe/Istanbul,"{""br"":""Uzundere"",""ko"":""우준데레"",""pt-BR"":""Uzundere"",""pt"":""Uzundere"",""nl"":""Uzundere"",""hr"":""Uzundere"",""fa"":""اوزوندره"",""de"":""Uzundere"",""es"":""Uzundere"",""fr"":""Uzundere"",""ja"":""ウズンデレ"",""it"":""Uzundere"",""zh-CN"":""乌宗德雷"",""tr"":""Uzundere"",""ru"":""Узундере"",""uk"":""Узундере"",""pl"":""Uzundere"",""hi"":""उज़ुंडेरे"",""ar"":""أوزونديري""}",2019-10-06T10:31:26,2025-12-02T14:39:31,1,Q1843445
108640,Uzunköprü,2151,22,225,TR,adm2,,,41.26597000,26.68850000,Uzunköprü,61485,Europe/Istanbul,"{""br"":""Uzunköprü"",""ko"":""우준코프뤼"",""pt-BR"":""Uzunköprü"",""pt"":""Uzunköprü"",""nl"":""Uzunköprü"",""hr"":""Uzunköprü"",""fa"":""اوزونکوپرو"",""de"":""Uzunköprü"",""es"":""Uzunköprü"",""fr"":""Uzunköprü"",""ja"":""ウズンコプル"",""it"":""Uzunköprü"",""zh-CN"":""乌宗科普吕"",""tr"":""Uzunköprü"",""ru"":""Узункёпрю"",""uk"":""Узункьопрю"",""pl"":""Uzunköprü"",""hi"":""उज़ुनकोप्रु"",""ar"":""أوزونكوبرو""}",2019-10-06T10:31:26,2025-12-02T17:11:50,1,Q1843445
108642,Uğurludağ,2173,19,225,TR,adm2,,,40.44631000,34.45259000,Uğurludağ,8252,Europe/Istanbul,"{""br"":""Uğurludağ"",""ko"":""우구르루다그"",""pt-BR"":""Uğurludağ"",""pt"":""Uğurludağ"",""nl"":""Uğurludağ"",""hr"":""Ugurludağ"",""fa"":""اوغورلوداغ"",""de"":""Uğurludağ"",""es"":""Uğurludağ"",""fr"":""Uğurludağ"",""ja"":""ウルダグ"",""it"":""Uğurludağ"",""zh-CN"":""乌尔鲁达"",""tr"":""Uğurludağ"",""ru"":""Угурлудаг"",""uk"":""Угурлудаг"",""pl"":""Uğurludağ"",""hi"":""उगुरलुदाग"",""ar"":""أوغورلوداغ""}",2019-10-06T10:31:26,2025-12-02T14:38:56,1,Q775225
108645,Vakfıkebir,2206,61,225,TR,adm2,,,41.04583000,39.27639000,Vakfıkebir,37728,Europe/Istanbul,"{""br"":""Vakfıkebir"",""ko"":""바크피케비르"",""pt-BR"":""Vakfıkebir"",""pt"":""Vakfıkebir"",""nl"":""Vakfıkebir"",""hr"":""Vakfıkebir"",""fa"":""واکفیکبیر"",""de"":""Vakfıkebir"",""es"":""Vakfıkebir"",""fr"":""Vakfıkebir"",""ja"":""ヴァクフィケビル"",""it"":""Vakfıkebir"",""zh-CN"":""瓦克菲克比尔"",""tr"":""Vakfıkebir"",""ru"":""Вакфыкебир"",""uk"":""Вакфікебір"",""pl"":""Vakfıkebir"",""hi"":""Vakfıkebir"",""ar"":""Vakfıkebir""}",2019-10-06T10:31:26,2025-12-02T14:39:31,1,Q189134
108647,Varto,2162,49,225,TR,adm2,,,39.17375000,41.45402000,Varto,18691,Europe/Istanbul,"{""br"":""Varto"",""ko"":""바르토"",""pt-BR"":""Varto"",""pt"":""Varto"",""nl"":""Varto"",""hr"":""Varto"",""fa"":""وارتو"",""de"":""Varto"",""es"":""Varto"",""fr"":""Varto"",""ja"":""ヴァルト"",""it"":""Varto"",""zh-CN"":""瓦尔托"",""tr"":""Varto"",""ru"":""Варто"",""uk"":""Варто"",""pl"":""Varto"",""hi"":""वर्तो"",""ar"":""فارتو""}",2019-10-06T10:31:26,2025-12-02T14:39:31,1,Q1004578
108651,Vezirköprü,2220,55,225,TR,adm2,,,41.14361000,35.45472000,Vezirköprü,25155,Europe/Istanbul,"{""br"":""Vezirköprü"",""ko"":""베지르쾨프뤼"",""pt-BR"":""Vezirköprü"",""pt"":""Vezirköprü"",""nl"":""Vezirköprü"",""hr"":""Vezirköprü"",""fa"":""وزیرکوپرو"",""de"":""Vezirköprü"",""es"":""Prueba de visión"",""fr"":""Vezirköprü"",""ja"":""ヴェツィルケプル"",""it"":""Vezirköprü"",""zh-CN"":""维齐尔科普吕"",""tr"":""Vezirköprü"",""ru"":""Везиркёпрю"",""uk"":""Везіркепрю"",""pl"":""Vezirköprü"",""hi"":""वेज़िरकोप्रु"",""ar"":""فيزيركوبرو""}",2019-10-06T10:31:26,2025-12-02T14:39:31,1,Q7924250
108653,Viranşehir,2183,63,225,TR,adm2,,,37.22349000,39.75519000,Viranşehir,154163,Europe/Istanbul,"{""br"":""Viranşehir"",""ko"":""비란셰히르"",""pt-BR"":""Viranşehir"",""pt"":""Viranşehir"",""nl"":""Viranşehir"",""hr"":""Viranşehir"",""fa"":""ویرانشهر"",""de"":""Viranşehir"",""es"":""Viransehir"",""fr"":""Viranşehir"",""ja"":""ビランシェヒル"",""it"":""Viranşehir"",""zh-CN"":""维兰谢希尔"",""tr"":""Viranşehir"",""ru"":""Вираншехир"",""uk"":""Віраншехір"",""pl"":""Viranşehir"",""hi"":""विरानशेहिर"",""ar"":""فيران شهير""}",2019-10-06T10:31:26,2025-12-02T14:39:31,1,Q2086353
108655,Vize,2176,39,225,TR,adm2,,,41.57250000,27.76583000,Vize,11027,Europe/Istanbul,"{""br"":""Vize"",""ko"":""바이즈"",""pt-BR"":""Vize"",""pt"":""Vize"",""nl"":""Vize"",""hr"":""Vize"",""fa"":""ویزه"",""de"":""Vize"",""es"":""Vize"",""fr"":""Vize"",""ja"":""ヴィゼ"",""it"":""Vize"",""zh-CN"":""维泽"",""tr"":""Vize"",""ru"":""Визе"",""uk"":""Візе"",""pl"":""Wiza"",""hi"":""वाइज़"",""ar"":""فيز""}",2019-10-06T10:31:26,2025-12-02T14:39:31,1,Q497731
108658,Yahyalı,2200,38,225,TR,adm2,,,38.10228000,35.35704000,Yahyalı,25019,Europe/Istanbul,"{""br"":""Yahyalı"",""ko"":""야히알리"",""pt-BR"":""Yahyalı"",""pt"":""Yahyalı"",""nl"":""Yahyalı"",""hr"":""Jahjali"",""fa"":""یحییلی"",""de"":""Yahyalı"",""es"":""Yahyalı"",""fr"":""Yahyalı"",""ja"":""ヤヒヤリ"",""it"":""Yahyalı"",""zh-CN"":""叶海亚勒"",""tr"":""Yahyalı"",""ru"":""Яхьялы"",""uk"":""Ях'ялі"",""pl"":""Yahyalı"",""hi"":""याह्याली"",""ar"":""يحيىالي""}",2019-10-06T10:31:26,2025-12-02T14:39:31,1,Q497731
108659,Yahşihan,2178,71,225,TR,adm2,,,39.85992000,33.45615000,Yahşihan,143,Europe/Istanbul,"{""br"":""Yahşihan"",""ko"":""야흐시한"",""pt-BR"":""Yahşihan"",""pt"":""Yahşihan"",""nl"":""Yahşihan"",""hr"":""Jahšihan"",""fa"":""یاشیحان"",""de"":""Yahşihan"",""es"":""Yahsihan"",""fr"":""Yahşihan"",""ja"":""ヤシハン"",""it"":""Yahşihan"",""zh-CN"":""亚希罕"",""tr"":""Yahşihan"",""ru"":""Яхшихан"",""uk"":""Яхшіхан"",""pl"":""Yahşihan"",""hi"":""याहसिहान"",""ar"":""ياهشيهان""}",2019-10-06T10:31:26,2025-12-02T17:11:50,1,Q1980493
108660,Yakakent,2220,55,225,TR,adm2,,,41.63250000,35.52889000,Yakakent,5086,Europe/Istanbul,"{""br"":""Yakakent"",""ko"":""야카켄트"",""pt-BR"":""Yakakent"",""pt"":""Yakakent"",""nl"":""Yakakent"",""hr"":""Yakakent"",""fa"":""یاکاکنت"",""de"":""Yakakent"",""es"":""Yakakent"",""fr"":""Yakakent"",""ja"":""ヤカケント"",""it"":""Yakakent"",""zh-CN"":""亚卡肯特"",""tr"":""Yakakent"",""ru"":""Якакент"",""uk"":""Якакент"",""pl"":""Jakakent"",""hi"":""याकाकेंट"",""ar"":""ياكاكنت""}",2019-10-06T10:31:26,2025-12-02T14:39:31,1,Q1980493
108663,Yakutiye,2165,25,225,TR,city,,,40.00132000,41.30997000,Yakutiye,191224,Europe/Istanbul,"{""br"":""Yakutiye"",""ko"":""야쿠티예"",""pt-BR"":""Yakutiye"",""pt"":""Yakutiye"",""nl"":""Yakutiye"",""hr"":""Jakutije"",""fa"":""یاکوتیه"",""de"":""Jakutien"",""es"":""Yakutiye"",""fr"":""Yakutiye"",""ja"":""ヤクティエ"",""it"":""Yakutiye"",""zh-CN"":""雅库蒂耶"",""tr"":""Yakutiye"",""ru"":""Якутие"",""uk"":""Якутіє"",""pl"":""Jakuckie"",""hi"":""याकूतिये"",""ar"":""ياكوتيا""}",2019-10-06T10:31:26,2025-12-02T16:59:27,1,Q2577943
108665,Merkez,2218,77,225,TR,adm1,,,40.65501000,29.27693000,Merkez,71289,Europe/Istanbul,"{""br"":""Merkez"",""ko"":""메르케즈"",""pt-BR"":""Merkez"",""pt"":""Merkez"",""nl"":""Merkez"",""hr"":""Merkez"",""fa"":""مرکز"",""de"":""Merkez"",""es"":""Merkez"",""fr"":""Merkez"",""ja"":""メルケス"",""it"":""Merkez"",""zh-CN"":""梅尔克兹"",""tr"":""Merkez"",""ru"":""Меркез"",""uk"":""Меркез"",""pl"":""Merkez"",""hi"":""मर्केज़"",""ar"":""مركز""}",2019-10-06T10:31:26,2025-12-02T14:39:31,1,Q2577943
108666,Yalvaç,2222,32,225,TR,adm2,,,38.29556000,31.17778000,Yalvaç,46646,Europe/Istanbul,"{""br"":""Yalvaç"",""ko"":""얄바치"",""pt-BR"":""Yalvaç"",""pt"":""Yalvaç"",""nl"":""Yalvaç"",""hr"":""Yalvaç"",""fa"":""یالواچ"",""de"":""Yalvaç"",""es"":""Yalvaç"",""fr"":""Yalvaç"",""ja"":""ヤルヴァチ"",""it"":""Yalvaç"",""zh-CN"":""亚尔瓦奇"",""tr"":""Yalvaç"",""ru"":""Ялвач"",""uk"":""Ялвач"",""pl"":""Yalvaç"",""hi"":""याल्वाच"",""ar"":""يالفاش""}",2019-10-06T10:31:26,2025-12-02T14:38:56,1,Q2577943
108668,Yalıhüyük,2171,42,225,TR,adm2,,,37.30077000,32.08548000,Yalıhüyük,6116,Europe/Istanbul,"{""br"":""Yalıhüyük"",""ko"":""얄리후위크"",""pt-BR"":""Yalıhüyük"",""pt"":""Yalıhüyük"",""nl"":""Yalıhüyük"",""hr"":""Yalıhüyük"",""fa"":""یالی‌هویوک"",""de"":""Yalıhüyük"",""es"":""Yalıhüyük"",""fr"":""Yalıhüyük"",""ja"":""ヤリヒュユク"",""it"":""Yalıhüyük"",""zh-CN"":""亚利胡尤克"",""tr"":""Yalıhüyük"",""ru"":""Ялыхююк"",""uk"":""Ялихююк"",""pl"":""Yalıhüyük"",""hi"":""यालिहुयुक"",""ar"":""يالي هويوك""}",2019-10-06T10:31:26,2025-12-02T14:39:31,1,Q2577943
108673,Yapraklı,2168,18,225,TR,adm2,,,40.75785000,33.77819000,Yapraklı,6394,Europe/Istanbul,"{""br"":""Yapraklı"",""ko"":""야프라클리"",""pt-BR"":""Yaprakli"",""pt"":""Yaprakli"",""nl"":""Yapraklı"",""hr"":""Yapraklı"",""fa"":""یاپراکلی"",""de"":""Yapraklı"",""es"":""Yapraklı"",""fr"":""Yapraklı"",""ja"":""ヤプラクル"",""it"":""Yapraklı"",""zh-CN"":""亚普拉克勒"",""tr"":""Yapraklı"",""ru"":""Япраклы"",""uk"":""Япраклі"",""pl"":""Yapraklı"",""hi"":""याप्राक्लि"",""ar"":""يابركلي""}",2019-10-06T10:31:26,2025-12-02T14:39:31,1,Q178447
108676,Yatağan,2182,48,225,TR,city,,,37.35864000,28.11441000,Yatağan,2571,Europe/Istanbul,"{""br"":""Yatağan"",""ko"":""야타간"",""pt-BR"":""Yatağan"",""pt"":""Yatağan"",""nl"":""Yatağan"",""hr"":""Yatağan"",""fa"":""یاتاغان"",""de"":""Yatağan"",""es"":""Yatağan"",""fr"":""Yatağan"",""ja"":""偃月刀"",""it"":""Yatağan"",""zh-CN"":""亚塔安"",""tr"":""Yatağan"",""ru"":""Ятаган"",""uk"":""Ятаган"",""pl"":""Yatağan"",""hi"":""यातागन"",""ar"":""ياتاغان""}",2019-10-06T10:31:26,2025-12-02T17:11:50,1,Q177880
108677,Yavuzeli,2203,27,225,TR,adm2,,,37.31772000,37.56824000,Yavuzeli,8170,Europe/Istanbul,"{""br"":""Yavuzeli"",""ko"":""야부젤리"",""pt-BR"":""Yavuzeli"",""pt"":""Yavuzeli"",""nl"":""Yavuzeli"",""hr"":""Yavuzeli"",""fa"":""یاووزلی"",""de"":""Yavuzeli"",""es"":""Yavuzeli"",""fr"":""Yavuzeli"",""ja"":""ヤヴゼリ"",""it"":""Yavuzeli"",""zh-CN"":""亚武泽利"",""tr"":""Yavuzeli"",""ru"":""Явузели"",""uk"":""Явузелі"",""pl"":""Yavuzeli"",""hi"":""यावुज़ेली"",""ar"":""يافوزيلي""}",2019-10-06T10:31:26,2025-12-02T14:39:31,1,Q177880
108679,Yayladağı,2211,31,225,TR,adm2,,,35.90250000,36.06272000,Yayladağı,8308,Europe/Istanbul,"{""br"":""Yayladağı"",""ko"":""야일라다그"",""pt-BR"":""Yayladağı"",""pt"":""Yayladağı"",""nl"":""Yayladağı"",""hr"":""Yayladağı"",""fa"":""یایلاداغی"",""de"":""Yayladağı"",""es"":""Yayladağı"",""fr"":""Yayladağı"",""ja"":""ヤイラダギ"",""it"":""Yayladağı"",""zh-CN"":""亚伊拉达"",""tr"":""Yayladağı"",""ru"":""Яйладагы"",""uk"":""Яйладагі"",""pl"":""Yayladağı"",""hi"":""यायलादागी"",""ar"":""Yayladağı""}",2019-10-06T10:31:26,2025-12-02T14:39:31,1,Q1003948
108681,Yayladere,2153,12,225,TR,city,,,39.22614000,40.06950000,Yayladere,3925,Europe/Istanbul,"{""br"":""Yayladere"",""ko"":""야일라데레"",""pt-BR"":""Yayladere"",""pt"":""Yayladere"",""nl"":""Yayladere"",""hr"":""Yayladere"",""fa"":""یایلادر"",""de"":""Yayladere"",""es"":""Yayladere"",""fr"":""Yayladere"",""ja"":""ヤイラデレ"",""it"":""Yayladere"",""zh-CN"":""亚伊拉德尔"",""tr"":""Yayladere"",""ru"":""Яйладере"",""uk"":""Яйладере"",""pl"":""Yayladere"",""hi"":""यायलाडेरे"",""ar"":""يايلاديري""}",2019-10-06T10:31:26,2025-12-02T14:39:31,1,Q472878
108684,Yazıhan,2158,44,225,TR,adm2,,,38.59292000,38.17327000,Yazıhan,5156,Europe/Istanbul,"{""br"":""Yazıhan"",""ko"":""야지한"",""pt-BR"":""Yazihan"",""pt"":""Yazihan"",""nl"":""Yazıhan"",""hr"":""Yazihan"",""fa"":""یازیهان"",""de"":""Yazıhan"",""es"":""Yazıhan"",""fr"":""Yazıhan"",""ja"":""ヤズハン"",""it"":""Yazıhan"",""zh-CN"":""亚兹汗"",""tr"":""Yazıhan"",""ru"":""Языхан"",""uk"":""Язіхан"",""pl"":""Yazıhan"",""hi"":""याज़िहान"",""ar"":""يازيهان""}",2019-10-06T10:31:26,2025-12-02T14:39:31,1,Q472878
108687,Yağlıdere,2186,28,225,TR,adm2,,,40.85711000,38.63242000,Yağlıdere,16758,Europe/Istanbul,"{""br"":""Yağlıdere"",""ko"":""야글리데레"",""pt-BR"":""Yağlıdere"",""pt"":""Yağlıdere"",""nl"":""Yağlıdere"",""hr"":""Yağlıdere"",""fa"":""یاغلیدر"",""de"":""Yağlıdere"",""es"":""Yağlıdere"",""fr"":""Yağlıdere"",""ja"":""ヤリデレ"",""it"":""Yağlıdere"",""zh-CN"":""亚格利德雷"",""tr"":""Yağlıdere"",""ru"":""Яглыдере"",""uk"":""Яглідере"",""pl"":""Yağlıdere"",""hi"":""याग्लीदेरे"",""ar"":""Yağlıdere""}",2019-10-06T10:31:27,2025-12-02T17:11:50,1,Q2097511
108688,Yedisu,2153,12,225,TR,adm2,,,39.43277000,40.53368000,Yedisu,1771,Europe/Istanbul,"{""br"":""Yedisu"",""ko"":""예디수"",""pt-BR"":""Yedisu"",""pt"":""Yedisu"",""nl"":""Yedisu"",""hr"":""Yedisu"",""fa"":""یدیسو"",""de"":""Yedisu"",""es"":""Yedisu"",""fr"":""Yedisu"",""ja"":""イェディス"",""it"":""Yedisu"",""zh-CN"":""耶迪苏"",""tr"":""Yedisu"",""ru"":""Едису"",""uk"":""Єдису"",""pl"":""Jedisu"",""hi"":""येदिसु"",""ar"":""يديسو""}",2019-10-06T10:31:27,2025-12-02T14:39:31,1,Q2097511
108691,Yenice,2216,17,225,TR,adm2,,,39.93083000,27.25806000,Yenice,81,Europe/Istanbul,"{""br"":""Yenice"",""ko"":""예니체"",""pt-BR"":""Yenice"",""pt"":""Yenice"",""nl"":""Yenice"",""hr"":""Jenice"",""fa"":""ینیس"",""de"":""Yenice"",""es"":""Yenice"",""fr"":""Yenice"",""ja"":""イェニチェ"",""it"":""Yenice"",""zh-CN"":""耶尼切"",""tr"":""Yenice"",""ru"":""Енидже"",""uk"":""Єніце"",""pl"":""Yenice"",""hi"":""येनिसे"",""ar"":""ينيجه""}",2019-10-06T10:31:27,2025-12-02T14:39:31,1,Q1758492
108693,Yenice,2223,78,225,TR,adm2,,,41.19962000,32.33133000,Yenice,0,Europe/Istanbul,"{""br"":""Yenice"",""ko"":""예니체"",""pt-BR"":""Yenice"",""pt"":""Yenice"",""nl"":""Yenice"",""hr"":""Jenice"",""fa"":""ینیس"",""de"":""Yenice"",""es"":""Yenice"",""fr"":""Yenice"",""ja"":""イェニチェ"",""it"":""Yenice"",""zh-CN"":""耶尼切"",""tr"":""Yenice"",""ru"":""Енидже"",""uk"":""Єніце"",""pl"":""Yenice"",""hi"":""येनिसे"",""ar"":""ينيجه""}",2019-10-06T10:31:27,2025-12-02T14:39:31,1,Q130228
108697,Yenifakılı,2188,66,225,TR,adm2,,,39.21142000,35.00036000,Yenifakılı,11470,Europe/Istanbul,"{""br"":""Yenifakılı"",""ko"":""예니파킬리"",""pt-BR"":""Yenifakılı"",""pt"":""Yenifakılı"",""nl"":""Yenifakılı"",""hr"":""Jenifakılı"",""fa"":""ینیفاکیلی"",""de"":""Yenifakılı"",""es"":""Yenifakılı"",""fr"":""Yenifakılı"",""ja"":""イェニファクリ"",""it"":""Yenifakılı"",""zh-CN"":""耶尼法克利"",""tr"":""Yenifakılı"",""ru"":""Йенифакылы"",""uk"":""Єніфакили"",""pl"":""Yenifakılı"",""hi"":""येनिफाकिली"",""ar"":""ينيفاكلي""}",2019-10-06T10:31:27,2025-12-02T14:39:31,1,Q1004561
108703,Yenimahalle,2217,06,225,TR,section,,,39.99043000,32.69555000,Yenimahalle,663580,Europe/Istanbul,"{""br"":""Yenimahalle"",""ko"":""예니마할레"",""pt-BR"":""Yenimahalle"",""pt"":""Yenimahalle"",""nl"":""Yenimahalle"",""hr"":""Jenimahalle"",""fa"":""ینی‌محله"",""de"":""Yenimahalle"",""es"":""Yenimahalle"",""fr"":""Yenimahalle"",""ja"":""イェニマハレ"",""it"":""Yenimahalle"",""zh-CN"":""耶尼马哈勒"",""tr"":""Yenimahalle"",""ru"":""Енимахалле"",""uk"":""Єнімахалле"",""pl"":""Yenimahalle"",""hi"":""येनिमाहल्ले"",""ar"":""يني محلة""}",2019-10-06T10:31:27,2025-12-02T17:11:50,1,Q1865363
108704,Yenipazar,2187,09,225,TR,adm2,,,37.82332000,28.19573000,Yenipazar,6513,Europe/Istanbul,"{""br"":""Yenipazar"",""ko"":""예니파자르"",""pt-BR"":""Yenipazar"",""pt"":""Yenipazar"",""nl"":""Yenipazar"",""hr"":""Jenipazar"",""fa"":""ینیپازار"",""de"":""Yenipazar"",""es"":""Yenipazar"",""fr"":""Yenipazar"",""ja"":""イェニパザール"",""it"":""Yenipazar"",""zh-CN"":""耶尼帕扎尔"",""tr"":""Yenipazar"",""ru"":""Енипазар"",""uk"":""Єніпазар"",""pl"":""Yenipazar"",""hi"":""येनिपाज़ार"",""ar"":""يني بازار""}",2019-10-06T10:31:27,2025-12-02T14:39:31,1,Q1865363
108705,Yenipazar,2221,11,225,TR,adm2,,,40.17833000,30.52000000,Yenipazar,1293,Europe/Istanbul,"{""br"":""Yenipazar"",""ko"":""예니파자르"",""pt-BR"":""Yenipazar"",""pt"":""Yenipazar"",""nl"":""Yenipazar"",""hr"":""Jenipazar"",""fa"":""ینیپازار"",""de"":""Yenipazar"",""es"":""Yenipazar"",""fr"":""Yenipazar"",""ja"":""イェニパザール"",""it"":""Yenipazar"",""zh-CN"":""耶尼帕扎尔"",""tr"":""Yenipazar"",""ru"":""Енипазар"",""uk"":""Єніпазар"",""pl"":""Yenipazar"",""hi"":""येनिपाज़ार"",""ar"":""يني بازار""}",2019-10-06T10:31:27,2025-12-02T14:39:31,1,Q3056035
108709,Yeniçağa,2172,14,225,TR,adm2,,,40.77115000,32.03375000,Yeniçağa,7294,Europe/Istanbul,"{""br"":""Yeniçağa"",""ko"":""예니차가"",""pt-BR"":""Yeniçağa"",""pt"":""Yeniçağa"",""nl"":""Yeniçağa"",""hr"":""Yeniçağa"",""fa"":""ینیچاغا"",""de"":""Yeniçağa"",""es"":""Yeniçağa"",""fr"":""Yeniçağa"",""ja"":""イェニチャガ"",""it"":""Yeniçağa"",""zh-CN"":""叶尼恰阿"",""tr"":""Yeniçağa"",""ru"":""Еничага"",""uk"":""Єнічага"",""pl"":""Yeniçağa"",""hi"":""येनिसागा"",""ar"":""ينيجا""}",2019-10-06T10:31:27,2025-12-02T14:38:56,1,Q3056035
108712,Yenişarbademli,2222,32,225,TR,adm2,,,37.70778000,31.38639000,Yenişarbademli,5198,Europe/Istanbul,"{""br"":""Yenişarbademli"",""ko"":""예니샤르바뎀리"",""pt-BR"":""Yenişarbademli"",""pt"":""Yenişarbademli"",""nl"":""Yenişarbademli"",""hr"":""Jenišarabademli"",""fa"":""ینی‌شاربادملی"",""de"":""Yenişarbademli"",""es"":""Yenişarbademli"",""fr"":""Yenişarbademli"",""ja"":""イェニシャルバデムリ"",""it"":""Yenişarbademli"",""zh-CN"":""叶尼沙尔巴代姆利"",""tr"":""Yenişarbademli"",""ru"":""Енишарбадемли"",""uk"":""Єнішарбадемлі"",""pl"":""Yenişarbademli"",""hi"":""येनिसारबाडेमली"",""ar"":""ينيشارباديملي""}",2019-10-06T10:31:27,2025-12-02T14:39:31,1,Q4817064
108714,Yenişehir,2163,16,225,TR,adm2,,,40.26444000,29.65306000,Yenişehir,28656,Europe/Istanbul,"{""br"":""Yenişehir"",""ko"":""예니셰히르"",""pt-BR"":""Yenişehir"",""pt"":""Yenişehir"",""nl"":""Yenişehir"",""hr"":""Jenišehir"",""fa"":""ینی‌شهر"",""de"":""Yenişehir"",""es"":""Yenişehir"",""fr"":""Yenişehir"",""ja"":""イェニシェヒル"",""it"":""Yenişehir"",""zh-CN"":""叶尼谢希尔"",""tr"":""Yenişehir"",""ru"":""Енишехир"",""uk"":""Єнішехір"",""pl"":""Yenişehir"",""hi"":""येनिसेहिर"",""ar"":""ينيشهير""}",2019-10-06T10:31:27,2025-12-02T14:39:31,1,Q1782806
108715,Yenişehir,2156,33,225,TR,city,,,36.81602000,34.57621000,Yenişehir,53704,Europe/Istanbul,"{""br"":""Yenişehir"",""ko"":""예니셰히르"",""pt-BR"":""Yenişehir"",""pt"":""Yenişehir"",""nl"":""Yenişehir"",""hr"":""Jenišehir"",""fa"":""ینی‌شهر"",""de"":""Yenişehir"",""es"":""Yenişehir"",""fr"":""Yenişehir"",""ja"":""イェニシェヒル"",""it"":""Yenişehir"",""zh-CN"":""叶尼谢希尔"",""tr"":""Yenişehir"",""ru"":""Енишехир"",""uk"":""Єнішехір"",""pl"":""Yenişehir"",""hi"":""येनिसेहिर"",""ar"":""ينيشهير""}",2019-10-06T10:31:27,2025-12-02T17:11:50,1,Q1652751
108716,Yenişehir,2226,21,225,TR,adm2,,,37.91373000,40.20610000,Yenişehir,53704,Europe/Istanbul,"{""br"":""Yenişehir"",""ko"":""예니셰히르"",""pt-BR"":""Yenişehir"",""pt"":""Yenişehir"",""nl"":""Yenişehir"",""hr"":""Jenišehir"",""fa"":""ینی‌شهر"",""de"":""Yenişehir"",""es"":""Yenişehir"",""fr"":""Yenişehir"",""ja"":""イェニシェヒル"",""it"":""Yenişehir"",""zh-CN"":""叶尼谢希尔"",""tr"":""Yenişehir"",""ru"":""Енишехир"",""uk"":""Єнішехір"",""pl"":""Yenişehir"",""hi"":""येनिसेहिर"",""ar"":""ينيشهير""}",2019-10-06T10:31:27,2025-12-02T17:11:50,1,Q1652751
108718,Yerköy,2188,66,225,TR,adm2,,,39.63806000,34.46722000,Yerköy,35561,Europe/Istanbul,"{""br"":""Yerköy"",""ko"":""예르코이"",""pt-BR"":""Yerköy"",""pt"":""Yerköy"",""nl"":""Yerköy"",""hr"":""Yerköy"",""fa"":""یرکوی"",""de"":""Yerköy"",""es"":""Yerköy"",""fr"":""Yerköy"",""ja"":""エルキョイ"",""it"":""Yerköy"",""zh-CN"":""叶尔柯伊"",""tr"":""Yerköy"",""ru"":""Йеркёй"",""uk"":""Єркьой"",""pl"":""Yerköy"",""hi"":""येरकोय"",""ar"":""يركوي""}",2019-10-06T10:31:27,2025-12-02T14:38:56,1,Q1652751
108720,Yeşilhisar,2200,38,225,TR,city,,,38.33475000,35.11795000,Yeşilhisar,17525,Europe/Istanbul,"{""br"":""Yeşilhisar"",""ko"":""예실히사르"",""pt-BR"":""Yeşilhisar"",""pt"":""Yeşilhisar"",""nl"":""Yeşilhisar"",""hr"":""Ješilhisar"",""fa"":""یشیل‌حیصار"",""de"":""Yeşilhisar"",""es"":""Yeşilhisar"",""fr"":""Yeşilhisar"",""ja"":""イェシルヒサル"",""it"":""Yeşilhisar"",""zh-CN"":""耶西尔希萨尔"",""tr"":""Yeşilhisar"",""ru"":""Ешильхисар"",""uk"":""Єшилхісар"",""pl"":""Yeşilhisar"",""hi"":""येसिलहिसार"",""ar"":""يشيل حصار""}",2019-10-06T10:31:27,2025-12-02T16:59:27,1,Q1012911
108724,Yeşilli,2224,47,225,TR,adm2,,,37.33813000,40.81739000,Yeşilli,32072,Europe/Istanbul,"{""br"":""Yeşilli"",""ko"":""예실리"",""pt-BR"":""Yeşilli"",""pt"":""Yeşilli"",""nl"":""Yeşilli"",""hr"":""Ješili"",""fa"":""یشیلی"",""de"":""Yeşilli"",""es"":""Yesilli"",""fr"":""Yeşilli"",""ja"":""イェシリ"",""it"":""Yeşilli"",""zh-CN"":""耶西利"",""tr"":""Yeşilli"",""ru"":""Ешилли"",""uk"":""Єшіллі"",""pl"":""Yeşilli"",""hi"":""येसिली"",""ar"":""يشيلي""}",2019-10-06T10:31:27,2025-12-02T14:39:31,1,Q1012911
108726,Yeşilova,2209,15,225,TR,adm2,,,37.50806000,29.75472000,Yeşilova,6777,Europe/Istanbul,"{""br"":""Yeşilova"",""ko"":""예실로바"",""pt-BR"":""Yeşilova"",""pt"":""Yeşilova"",""nl"":""Yeşilova"",""hr"":""Ješilova"",""fa"":""یِشیلووا"",""de"":""Yeşilova"",""es"":""Yeşilova"",""fr"":""Yeşilova"",""ja"":""イェシロヴァ"",""it"":""Yeşilova"",""zh-CN"":""叶希洛娃"",""tr"":""Yeşilova"",""ru"":""Ешилова"",""uk"":""Єшілова"",""pl"":""Jesziłowa"",""hi"":""येसिलोवा"",""ar"":""يشيلوفا""}",2019-10-06T10:31:27,2025-12-02T14:39:31,1,Q1004602
108728,Yeşilyurt,2158,44,225,TR,adm3,,,38.29602000,38.24526000,Yeşilyurt,13766,Europe/Istanbul,"{""br"":""Yeşilyurt"",""ko"":""예실리우르트"",""pt-BR"":""Yeşilyurt"",""pt"":""Yeşilyurt"",""nl"":""Yeşilyurt"",""hr"":""Ješiljurt"",""fa"":""یشیلیورت"",""de"":""Yeşilyurt"",""es"":""Yeşilyurt"",""fr"":""Yeşilyurt"",""ja"":""イェシリュルト"",""it"":""Yeşilyurt"",""zh-CN"":""叶西利尤尔特"",""tr"":""Yeşilyurt"",""ru"":""Ешильюрт"",""uk"":""Єшілюрт"",""pl"":""Yeşilyurt"",""hi"":""येसिल्युर्ट"",""ar"":""يشيليورت""}",2019-10-06T10:31:27,2025-12-02T14:39:31,1,Q1582858
108729,Yeşilyurt,2199,60,225,TR,adm2,,,39.99916000,36.23479000,Yeşilyurt,102,Europe/Istanbul,"{""br"":""Yeşilyurt"",""ko"":""예실리우르트"",""pt-BR"":""Yeşilyurt"",""pt"":""Yeşilyurt"",""nl"":""Yeşilyurt"",""hr"":""Ješiljurt"",""fa"":""یشیلیورت"",""de"":""Yeşilyurt"",""es"":""Yeşilyurt"",""fr"":""Yeşilyurt"",""ja"":""イェシリュルト"",""it"":""Yeşilyurt"",""zh-CN"":""叶西利尤尔特"",""tr"":""Yeşilyurt"",""ru"":""Ешильюрт"",""uk"":""Єшілюрт"",""pl"":""Yeşilyurt"",""hi"":""येसिल्युर्ट"",""ar"":""يشيليورت""}",2019-10-06T10:31:27,2025-12-02T17:11:50,1,Q1582858
108733,Yomra,2206,61,225,TR,adm2,,,40.95326000,39.85546000,Yomra,19770,Europe/Istanbul,"{""br"":""Yomra"",""ko"":""요므라"",""pt-BR"":""Yomra"",""pt"":""Yomra"",""nl"":""Yomra"",""hr"":""Jomra"",""fa"":""یومرا"",""de"":""Yomra"",""es"":""Yomra"",""fr"":""Yomra"",""ja"":""ヨムラ"",""it"":""Yomra"",""zh-CN"":""约姆拉"",""tr"":""Yomra"",""ru"":""Йомра"",""uk"":""Йомра"",""pl"":""Jomra"",""hi"":""योमरा"",""ar"":""يومرا""}",2019-10-06T10:31:27,2025-12-02T14:39:31,1,Q1582858
108735,Merkez,2188,66,225,TR,adm1,,,39.82000000,34.80444000,Merkez,87881,Europe/Istanbul,"{""br"":""Merkez"",""ko"":""메르케즈"",""pt-BR"":""Merkez"",""pt"":""Merkez"",""nl"":""Merkez"",""hr"":""Merkez"",""fa"":""مرکز"",""de"":""Merkez"",""es"":""Merkez"",""fr"":""Merkez"",""ja"":""メルケス"",""it"":""Merkez"",""zh-CN"":""梅尔克兹"",""tr"":""Merkez"",""ru"":""Меркез"",""uk"":""Меркез"",""pl"":""Merkez"",""hi"":""मर्केज़"",""ar"":""مركز""}",2019-10-06T10:31:27,2025-12-02T14:39:31,1,Q210292
108737,Yumurtalık,2212,01,225,TR,adm2,,,36.78245000,35.79949000,Yumurtalık,18587,Europe/Istanbul,"{""br"":""Yumurtalık"",""ko"":""유무르탈릭"",""pt-BR"":""Yumurtalık"",""pt"":""Yumurtalık"",""nl"":""Yumurtalık"",""hr"":""Yumurtalık"",""fa"":""یومورتالیک"",""de"":""Yumurtalık"",""es"":""Yumurtalık"",""fr"":""Yumurtalık"",""ja"":""ユムルタリク"",""it"":""Yumurtalık"",""zh-CN"":""尤穆尔塔利克"",""tr"":""Yumurtalık"",""ru"":""Юмурталык"",""uk"":""Юмурталик"",""pl"":""Yumurtalık"",""hi"":""युमुर्तलिक"",""ar"":""يومورتاليك""}",2019-10-06T10:31:27,2025-12-02T17:11:50,1,Q210292
108738,Yunak,2171,42,225,TR,adm2,,,38.81418000,31.73223000,Yunak,14050,Europe/Istanbul,"{""br"":""Yunak"",""ko"":""유낙"",""pt-BR"":""Yunak"",""pt"":""Yunak"",""nl"":""Yunak"",""hr"":""Junak"",""fa"":""یوناک"",""de"":""Yunak"",""es"":""Yunak"",""fr"":""Yunak"",""ja"":""ユナク"",""it"":""Yunak"",""zh-CN"":""尤纳克"",""tr"":""Yunak"",""ru"":""Юнак"",""uk"":""Юнак"",""pl"":""Yunak"",""hi"":""युनक"",""ar"":""يوناك""}",2019-10-06T10:31:27,2025-12-02T14:39:31,1,Q210292
108740,Yunusemre,2198,45,225,TR,adm1,,,38.62063000,27.40806000,Yunusemre,648,Europe/Istanbul,"{""br"":""Yunusemre"",""ko"":""유누세므레"",""pt-BR"":""Yunusemre"",""pt"":""Yunusemre"",""nl"":""Yunusemre"",""hr"":""Yunusemre"",""fa"":""یونوسمر"",""de"":""Yunusemre"",""es"":""Yunusemre"",""fr"":""Yunusemre"",""ja"":""ユヌセムレ"",""it"":""Yunusemre"",""zh-CN"":""尤努塞姆雷"",""tr"":""Yunusemre"",""ru"":""Юнусемре"",""uk"":""Юнусемре"",""pl"":""Yunusemre"",""hi"":""युनुसेमरे"",""ar"":""يونسمري""}",2019-10-06T10:31:27,2025-12-02T17:11:50,1,Q210292
108741,Yusufeli,2191,08,225,TR,adm2,,,40.82042000,41.53743000,Yusufeli,6847,Europe/Istanbul,"{""br"":""Yusufeli"",""ko"":""유수펠리"",""pt-BR"":""Yusufeli"",""pt"":""Yusufeli"",""nl"":""Yusufeli"",""hr"":""Jusufeli"",""fa"":""یوسفلی"",""de"":""Yusufeli"",""es"":""Yusufeli"",""fr"":""Yusufeli"",""ja"":""ユスフェリ"",""it"":""Yusufeli"",""zh-CN"":""尤素费利"",""tr"":""Yusufeli"",""ru"":""Юсуфели"",""uk"":""Юсуфелі"",""pl"":""Yusufeli"",""hi"":""यूसुफ़ेली"",""ar"":""يوسفلي""}",2019-10-06T10:31:27,2025-12-02T14:39:31,1,Q210292
108744,Yüksekova,2190,30,225,TR,city,,,37.54627000,44.25827000,Yüksekova,119760,Europe/Istanbul,"{""br"":""Yüksekova"",""ko"":""유크세코바"",""pt-BR"":""Yüksekova"",""pt"":""Yüksekova"",""nl"":""Yüksekova"",""hr"":""Yüksekova"",""fa"":""یوکسکووا"",""de"":""Yüksekova"",""es"":""Yüksekova"",""fr"":""Yüksekova"",""ja"":""ユクセコワ"",""it"":""Yüksekova"",""zh-CN"":""于克塞科娃"",""tr"":""Yüksekova"",""ru"":""Юксекова"",""uk"":""Юксекова"",""pl"":""Yüksekova"",""hi"":""युकसेकोवा"",""ar"":""يوكسيكوفا""}",2019-10-06T10:31:27,2025-12-02T16:59:27,1,Q2176882
108745,Yüreğir,2212,01,225,TR,city,,,36.99205000,35.45402000,Yüreğir,2039,Europe/Istanbul,"{""br"":""Yüreğir"",""ko"":""유레기르"",""pt-BR"":""Yüreğir"",""pt"":""Yüreğir"",""nl"":""Yüreğir"",""hr"":""Yüreğir"",""fa"":""یورِغیر"",""de"":""Yüreğir"",""es"":""Yüreğir"",""fr"":""Yüreğir"",""ja"":""ユレギル"",""it"":""Yüreğir"",""zh-CN"":""尤雷伊尔"",""tr"":""Yüreğir"",""ru"":""Юрегир"",""uk"":""Юрегір"",""pl"":""Yüreğir"",""hi"":""युरेगिर"",""ar"":""يوريغير""}",2019-10-06T10:31:27,2025-12-02T14:39:31,1,Q765123
108746,Yıldırım,2163,16,225,TR,city,,,40.19567000,29.03640000,Yıldırım,653004,Europe/Istanbul,"{""br"":""Yıldırım"",""ko"":""일드름"",""pt-BR"":""Yıldırım"",""pt"":""Yıldırım"",""nl"":""Yıldırım"",""hr"":""Yıldırım"",""fa"":""ییلدیریم"",""de"":""Yıldırım"",""es"":""Yıldırım"",""fr"":""Yıldırım"",""ja"":""ユルドゥルム"",""it"":""Yıldırım"",""zh-CN"":""耶尔德勒姆"",""tr"":""Yıldırım"",""ru"":""Йылдырым"",""uk"":""Їлдирим"",""pl"":""Yıldırım"",""hi"":""यिल्डिरिम"",""ar"":""يلدريم""}",2019-10-06T10:31:27,2025-12-02T17:11:50,1,Q2598734
108747,Yıldızeli,2181,58,225,TR,adm2,,,39.87601000,36.60652000,Yıldızeli,31748,Europe/Istanbul,"{""br"":""Yıldızeli"",""ko"":""일디젤리"",""pt-BR"":""Yıldızeli"",""pt"":""Yıldızeli"",""nl"":""Yıldızeli"",""hr"":""Yıldızeli"",""fa"":""یلدیزلی"",""de"":""Yıldızeli"",""es"":""Yıldızeli"",""fr"":""Yıldızeli"",""ja"":""ユルドゥゼリ"",""it"":""Yıldızeli"",""zh-CN"":""耶尔德泽利"",""tr"":""Yıldızeli"",""ru"":""Йылдызели"",""uk"":""Їлдизелі"",""pl"":""Yıldızeli"",""hi"":""यिल्डिज़ेली"",""ar"":""يلدزيلي""}",2019-10-06T10:31:27,2025-12-02T17:11:50,1,Q1011921
108748,Yığılca,2202,81,225,TR,adm2,,,40.96497000,31.45672000,Yığılca,16432,Europe/Istanbul,"{""br"":""Yığılca"",""ko"":""이을차"",""pt-BR"":""Yığılca"",""pt"":""Yığılca"",""nl"":""Yığılca"",""hr"":""Yığılca"",""fa"":""ییغیلجا"",""de"":""Yığılca"",""es"":""Yığılca"",""fr"":""Yığılca"",""ja"":""ユルジャ"",""it"":""Yığılca"",""zh-CN"":""伊尔卡"",""tr"":""Yığılca"",""ru"":""Йыгылджа"",""uk"":""Йиґилджа"",""pl"":""Yığılca"",""hi"":""यिगिल्का"",""ar"":""ييغيلجا""}",2019-10-06T10:31:27,2025-12-02T17:11:50,1,Q2674064
108749,Zara,2181,58,225,TR,adm2,,,39.82406000,37.77499000,Zara,21753,Europe/Istanbul,"{""br"":""Zara"",""ko"":""자라"",""pt-BR"":""Zara"",""pt"":""Zara"",""nl"":""Zara"",""hr"":""Zara"",""fa"":""زارا"",""de"":""Zara"",""es"":""Zara"",""fr"":""Zara"",""ja"":""ザラ"",""it"":""Zara"",""zh-CN"":""扎拉"",""tr"":""Zara"",""ru"":""Зара"",""uk"":""Зара"",""pl"":""Zara"",""hi"":""ज़ारा"",""ar"":""زارا""}",2019-10-06T10:31:27,2025-12-02T17:11:50,1,Q2674064
108750,Zeytinburnu,2170,34,225,TR,city,,,41.00824000,28.90952000,Zeytinburnu,292616,Europe/Istanbul,"{""br"":""Zeytinburnu"",""ko"":""제이틴부르누"",""pt-BR"":""Zeytinburnu"",""pt"":""Zeytinburnu"",""nl"":""Zeytinburnu"",""hr"":""Zeytinburnu"",""fa"":""زیتینبورنو"",""de"":""Zeytinburnu"",""es"":""Zeytinburnu"",""fr"":""Zeytinburnu"",""ja"":""ゼイティンブルヌ"",""it"":""Zeytinburnu"",""zh-CN"":""宰廷布尔努"",""tr"":""Zeytinburnu"",""ru"":""Зейтинбурну"",""uk"":""Зейтінбурну"",""pl"":""Zeytinburnu"",""hi"":""ज़ेयटिनबर्नु"",""ar"":""زيتينبورنو""}",2019-10-06T10:31:27,2025-12-02T17:11:50,1,Q197095
108753,Zile,2199,60,225,TR,adm2,,,40.30306000,35.88639000,günler,55673,Europe/Istanbul,"{""br"":""Zile"",""ko"":""질레"",""pt-BR"":""Zile"",""pt"":""Zile"",""nl"":""Zile"",""hr"":""Zile"",""fa"":""زیل"",""de"":""Zile"",""es"":""Zile"",""fr"":""Zile"",""ja"":""ジル"",""it"":""Zile"",""zh-CN"":""孜勒"",""tr"":""Zile"",""ru"":""Зиле"",""uk"":""Зіле"",""pl"":""Zile"",""hi"":""ज़ाइल"",""ar"":""زيل""}",2019-10-06T10:31:27,2025-12-02T14:38:56,1,Q4830913
108755,Merkez,2213,67,225,TR,adm1,,,41.45139000,31.79305000,Merkez,101749,Europe/Istanbul,"{""br"":""Merkez"",""ko"":""메르케즈"",""pt-BR"":""Merkez"",""pt"":""Merkez"",""nl"":""Merkez"",""hr"":""Merkez"",""fa"":""مرکز"",""de"":""Merkez"",""es"":""Merkez"",""fr"":""Merkez"",""ja"":""メルケス"",""it"":""Merkez"",""zh-CN"":""梅尔克兹"",""tr"":""Merkez"",""ru"":""Меркез"",""uk"":""Меркез"",""pl"":""Merkez"",""hi"":""मर्केज़"",""ar"":""مركز""}",2019-10-06T10:31:27,2025-12-02T14:39:31,1,Q4830913
108759,Çal,2157,20,225,TR,adm2,,,38.09371000,29.40467000,Çal,375,Europe/Istanbul,"{""br"":""Çal"",""ko"":""칼"",""pt-BR"":""Cal"",""pt"":""Cal"",""nl"":""Cal"",""hr"":""Čal"",""fa"":""چال"",""de"":""Çal"",""es"":""California"",""fr"":""Çal"",""ja"":""チャル"",""it"":""Cale"",""zh-CN"":""恰尔"",""tr"":""Çal"",""ru"":""Чал"",""uk"":""Чал"",""pl"":""Çal"",""hi"":""काल"",""ar"":""كال""}",2019-10-06T10:31:27,2025-12-02T17:11:50,1,Q272352
108760,Çaldıran,2152,65,225,TR,adm2,,,39.14317000,43.91068000,Çaldıran,0,Europe/Istanbul,"{""br"":""Çaldıran"",""ko"":""찰디란"",""pt-BR"":""Çaldıran"",""pt"":""Çaldıran"",""nl"":""Çaldıran"",""hr"":""Čaldiran"",""fa"":""چالدران"",""de"":""Çaldıran"",""es"":""Caldıran"",""fr"":""Çaldıran"",""ja"":""チャルドゥラン"",""it"":""Çaldıran"",""zh-CN"":""恰尔德兰"",""tr"":""Çaldıran"",""ru"":""Чалдыран"",""uk"":""Чалдиран"",""pl"":""Çaldıran"",""hi"":""चाल्डिरान"",""ar"":""تشالديران""}",2019-10-06T10:31:27,2025-12-02T14:39:31,1,Q272362
108764,Çamardı,2189,51,225,TR,adm2,,,37.84157000,34.99005000,Çamardı,48,Europe/Istanbul,"{""br"":""Çamardı"",""ko"":""차마르드"",""pt-BR"":""Çamardı"",""pt"":""Çamardı"",""nl"":""Çamardı"",""hr"":""Čamardi"",""fa"":""چاماردی"",""de"":""Çamardı"",""es"":""Çamardı"",""fr"":""Çamardı"",""ja"":""チャマルディ"",""it"":""Çamardı"",""zh-CN"":""恰马尔迪"",""tr"":""Çamardı"",""ru"":""Чамарды"",""uk"":""Чамарди"",""pl"":""Çamardı"",""hi"":""चामार्डी"",""ar"":""Çamardı""}",2019-10-06T10:31:27,2025-12-02T17:11:50,1,Q272375
108765,Çamaş,2174,52,225,TR,adm2,,,40.90200000,37.52786000,Çamaş,11851,Europe/Istanbul,"{""br"":""Çamaş"",""ko"":""카마스"",""pt-BR"":""Çamaş"",""pt"":""Çamaş"",""nl"":""Çamaş"",""hr"":""Čamaš"",""fa"":""چاماش"",""de"":""Çamaş"",""es"":""Çamaş"",""fr"":""Çamaş"",""ja"":""チャマシュ"",""it"":""Çamaş"",""zh-CN"":""恰马什"",""tr"":""Çamaş"",""ru"":""Чамаш"",""uk"":""Чамаш"",""pl"":""Çamaş"",""hi"":""चामाश"",""ar"":""Çamaş""}",2019-10-06T10:31:27,2025-12-02T14:38:56,1,Q272375
108767,Çameli,2157,20,225,TR,adm2,,,37.08660000,29.35225000,Çameli,17549,Europe/Istanbul,"{""br"":""Çameli"",""ko"":""차멜리"",""pt-BR"":""Çameli"",""pt"":""Çameli"",""nl"":""Çameli"",""hr"":""Čameli"",""fa"":""چاملی"",""de"":""Çameli"",""es"":""Çameli"",""fr"":""Çameli"",""ja"":""チャメリ"",""it"":""Çameli"",""zh-CN"":""恰梅利"",""tr"":""Çameli"",""ru"":""Чамели"",""uk"":""Чамелі"",""pl"":""Çameli"",""hi"":""चामेली"",""ar"":""تشاميلي""}",2019-10-06T10:31:27,2025-12-02T17:11:50,1,Q2195108
108768,Çamlıdere,2217,06,225,TR,adm2,,,40.48958000,32.47499000,Çamlıdere,15148,Europe/Istanbul,"{""br"":""Çamlıdere"",""ko"":""참리데레"",""pt-BR"":""Çamlıdere"",""pt"":""Çamlıdere"",""nl"":""Çamlıdere"",""hr"":""Čamlıdere"",""fa"":""چاملیدر"",""de"":""Çamlıdere"",""es"":""Çamlıdere"",""fr"":""Çamlıdere"",""ja"":""チャムリデレ"",""it"":""Çamlıdere"",""zh-CN"":""恰姆利德雷"",""tr"":""Çamlıdere"",""ru"":""Чамлыдере"",""uk"":""Чамлидере"",""pl"":""Çamlıdere"",""hi"":""Çamlidere"",""ar"":""Çamlıdere""}",2019-10-06T10:31:27,2025-12-02T14:38:56,1,Q240979
108771,Çamlıyayla,2156,33,225,TR,adm2,,,37.18000000,34.60678000,Çamlıyayla,246,Europe/Istanbul,"{""br"":""Çamlıyayla"",""ko"":""참리야일라"",""pt-BR"":""Çamlıyayla"",""pt"":""Çamlıyayla"",""nl"":""Çamlıyayla"",""hr"":""Čamlıjajla"",""fa"":""چاملی یایلا"",""de"":""Çamlıyayla"",""es"":""Çamlıyayla"",""fr"":""Çamlıyayla"",""ja"":""チャムリヤイラ"",""it"":""Çamlıyayla"",""zh-CN"":""恰姆利耶拉"",""tr"":""Çamlıyayla"",""ru"":""Чамлыяйла"",""uk"":""Чамліяйла"",""pl"":""Çamlıyayla"",""hi"":""चामल्यायला"",""ar"":""Çamlıyayla""}",2019-10-06T10:31:27,2025-12-02T17:11:50,1,Q94603
108772,Çamoluk,2186,28,225,TR,adm2,,,40.13418000,38.73389000,Çamoluk,9759,Europe/Istanbul,"{""br"":""Çamoluk"",""ko"":""차몰룩"",""pt-BR"":""Çamoluk"",""pt"":""Çamoluk"",""nl"":""Çamoluk"",""hr"":""Čamoluk"",""fa"":""چاملوک"",""de"":""Çamoluk"",""es"":""Çamoluk"",""fr"":""Çamoluk"",""ja"":""チャモルク"",""it"":""Çamoluk"",""zh-CN"":""恰莫卢克"",""tr"":""Çamoluk"",""ru"":""Чамолук"",""uk"":""Чамолук"",""pl"":""Çamoluk"",""hi"":""चामोलुक"",""ar"":""جامولوك""}",2019-10-06T10:31:27,2025-12-02T17:11:50,1,Q2671156
108773,Çan,2216,17,225,TR,adm2,,,40.03328000,27.05236000,Çan,26201,Europe/Istanbul,"{""br"":""Gallout"",""ko"":""할 수 있다"",""pt-BR"":""Pode"",""pt"":""Pode"",""nl"":""Kan"",""hr"":""Čan"",""fa"":""چان"",""de"":""Dürfen"",""es"":""Poder"",""fr"":""Peut"",""ja"":""できる"",""it"":""Potere"",""zh-CN"":""能"",""tr"":""Olabilmek"",""ru"":""Может"",""uk"":""Чан"",""pl"":""Móc"",""hi"":""कर सकना"",""ar"":""يستطيع""}",2019-10-06T10:31:27,2025-12-02T14:39:31,1,Q2671156
108776,Çanakçı,2186,28,225,TR,city,,,40.86000000,39.05000000,Çanakçı,369,Europe/Istanbul,"{""br"":""Çanakçı"",""ko"":""차낙치"",""pt-BR"":""Çanakçı"",""pt"":""Çanakçı"",""nl"":""Çanakçı"",""hr"":""Čanakči"",""fa"":""چاناکچی"",""de"":""Çanakçı"",""es"":""Çanakçı"",""fr"":""Çanakçı"",""ja"":""チャナクチ"",""it"":""Çanakçı"",""zh-CN"":""恰纳克切"",""tr"":""Çanakçı"",""ru"":""Чанакчи"",""uk"":""Чанакчі"",""pl"":""Çanakçı"",""hi"":""चानकसी"",""ar"":""Çanakçı""}",2019-10-06T10:31:27,2025-12-02T16:59:27,1,Q2008594
108778,Çandır,2188,66,225,TR,adm2,,,39.25445000,35.52284000,Çandır,4597,Europe/Istanbul,"{""br"":""Çandır"",""ko"":""찬드르"",""pt-BR"":""Çandır"",""pt"":""Çandır"",""nl"":""Çandır"",""hr"":""Čandir"",""fa"":""چاندیر"",""de"":""Çandır"",""es"":""Çandır"",""fr"":""Çandır"",""ja"":""チャンドゥル"",""it"":""Çandır"",""zh-CN"":""坎德尔"",""tr"":""Çandır"",""ru"":""Чандыр"",""uk"":""Чандир"",""pl"":""Çandır"",""hi"":""चांडीर"",""ar"":""شاندير""}",2019-10-06T10:31:27,2025-12-02T17:11:50,1,Q2367349
108779,Çankaya,2217,06,225,TR,city,,,39.91790000,32.86268000,Çankaya,920890,Europe/Istanbul,"{""br"":""Çankaya"",""ko"":""찬카야"",""pt-BR"":""Çankaya"",""pt"":""Çankaya"",""nl"":""Çankaya"",""hr"":""Çankaya"",""fa"":""چانکایا"",""de"":""Çankaya"",""es"":""Çankaya"",""fr"":""Çankaya"",""ja"":""チャンカヤ"",""it"":""Çankaya"",""zh-CN"":""恰卡亚"",""tr"":""Çankaya"",""ru"":""Чанкая"",""uk"":""Чанкая"",""pl"":""Çankaya"",""hi"":""चानकाया"",""ar"":""تشانكايا""}",2019-10-06T10:31:27,2025-12-02T14:38:56,1,Q1020646
108781,Çardak,2157,20,225,TR,city,,,37.77485000,29.70593000,Çardak,0,Europe/Istanbul,"{""br"":""Çardak"",""ko"":""차르다크"",""pt-BR"":""Çardak"",""pt"":""Çardak"",""nl"":""Çardak"",""hr"":""Čardak"",""fa"":""چارداک"",""de"":""Çardak"",""es"":""Çardak"",""fr"":""Çardak"",""ja"":""チャルダク"",""it"":""Çardak"",""zh-CN"":""恰尔达克"",""tr"":""Çardak"",""ru"":""Чардак"",""uk"":""Чардак"",""pl"":""Çardak"",""hi"":""चार्डक"",""ar"":""جارداك""}",2019-10-06T10:31:27,2025-12-02T16:59:27,1,Q272634
108783,Çarşamba,2220,55,225,TR,adm2,,,41.19889000,36.72194000,Çarşamba,50459,Europe/Istanbul,"{""br"":""Çarşamba"",""ko"":""차르샴바"",""pt-BR"":""Çarşamba"",""pt"":""Çarşamba"",""nl"":""Çarşamba"",""hr"":""Čaršamba"",""fa"":""چارشمبا"",""de"":""Çarşamba"",""es"":""Çarşamba"",""fr"":""Çarşamba"",""ja"":""チャルシャンバ"",""it"":""Çarşamba"",""zh-CN"":""恰尔尚巴"",""tr"":""Çarşamba"",""ru"":""Чаршамба"",""uk"":""Чаршамба"",""pl"":""Çarşamba"",""hi"":""Çarşamba"",""ar"":""جارسامبا""}",2019-10-06T10:31:27,2025-12-02T14:39:31,1,Q272634
108785,Çarşıbaşı,2206,61,225,TR,adm2,,,41.04203000,39.40035000,Çarşıbaşı,16335,Europe/Istanbul,"{""br"":""Çarşıbaşı"",""ko"":""차르시바시"",""pt-BR"":""Çarşıbaşı"",""pt"":""Çarşıbaşı"",""nl"":""Çarşıbaşı"",""hr"":""Čaršibaši"",""fa"":""چارشیباشی"",""de"":""Çarşıbaşı"",""es"":""Çarşıbaşı"",""fr"":""Çarşıbaşı"",""ja"":""チャルシュバシュ"",""it"":""Çarşıbaşı"",""zh-CN"":""Çarşıbaşı"",""tr"":""Çarşıbaşı"",""ru"":""Чаршыбаши"",""uk"":""Чаршибаші"",""pl"":""Çarşıbaşı"",""hi"":""Çarşıbaşı"",""ar"":""Çarşıbaşı""}",2019-10-06T10:31:27,2025-12-02T17:11:50,1,Q2901047
108786,Çat,2165,25,225,TR,adm2,,,39.61055000,40.97851000,Çatırtı,34,Europe/Istanbul,"{""br"":""Kazh"",""ko"":""고양이"",""pt-BR"":""Gato"",""pt"":""Gato"",""nl"":""Kat"",""hr"":""Mačka"",""fa"":""چات"",""de"":""Katze"",""es"":""Gato"",""fr"":""Chat"",""ja"":""猫"",""it"":""Gatto"",""zh-CN"":""猫"",""tr"":""Kedi"",""ru"":""Кот"",""uk"":""Чат"",""pl"":""Kot"",""hi"":""बिल्ली"",""ar"":""قطة""}",2019-10-06T10:31:27,2025-12-02T17:11:50,1,Q272652
108787,Çatak,2152,65,225,TR,adm2,,,38.00780000,43.06195000,Çatak,20937,Europe/Istanbul,"{""br"":""Çatak"",""ko"":""차탁"",""pt-BR"":""Çatak"",""pt"":""Çatak"",""nl"":""Çatak"",""hr"":""Čatak"",""fa"":""چاتاک"",""de"":""Çatak"",""es"":""Çatak"",""fr"":""Çatak"",""ja"":""チャタク"",""it"":""Çatak"",""zh-CN"":""恰塔克"",""tr"":""Çatak"",""ru"":""Чатак"",""uk"":""Чатак"",""pl"":""Çatak"",""hi"":""Catak"",""ar"":""كاتاك""}",2019-10-06T10:31:27,2025-12-02T17:11:50,1,Q272667
108788,Çatalca,2170,34,225,TR,city,,,41.29651000,28.45419000,Çatalca,19316,Europe/Istanbul,"{""br"":""Çatalca"",""ko"":""차탈차"",""pt-BR"":""Çatalca"",""pt"":""Çatalca"",""nl"":""Catalca"",""hr"":""Čatalka"",""fa"":""چاتالجا"",""de"":""Çatalca"",""es"":""Çatalca"",""fr"":""Çatalca"",""ja"":""チャタルジャ"",""it"":""Çatalca"",""zh-CN"":""恰塔尔卡"",""tr"":""Çatalca"",""ru"":""Чаталджа"",""uk"":""Чаталджа"",""pl"":""Çatalca"",""hi"":""चतालका"",""ar"":""كاتالكا""}",2019-10-06T10:31:27,2025-12-02T17:11:50,1,Q272667
108790,Çatalpınar,2174,52,225,TR,adm2,,,40.88678000,37.44329000,Chatalpinar,944,Europe/Istanbul,"{""br"":""Çatalpınar"",""ko"":""차탈피나르"",""pt-BR"":""Çatalpınar"",""pt"":""Çatalpınar"",""nl"":""Çatalpınar"",""hr"":""Čatalpınar"",""fa"":""چاتالپینار"",""de"":""Çatalpınar"",""es"":""Çatalpınar"",""fr"":""Çatalpınar"",""ja"":""チャタルプナル"",""it"":""Çatalpınar"",""zh-CN"":""恰塔皮纳尔"",""tr"":""Çatalpınar"",""ru"":""Чаталпынар"",""uk"":""Чаталпінар"",""pl"":""Çatalpınar"",""hi"":""चटालपिनार"",""ar"":""كاتالبينار""}",2019-10-06T10:31:27,2025-12-02T17:11:50,1,Q2158475
108791,Çatalzeytin,2197,37,225,TR,adm2,,,41.93795000,34.20285000,Qhatalzeytin,7035,Europe/Istanbul,"{""br"":""Çatalzeytin"",""ko"":""차탈제이틴"",""pt-BR"":""Çatalzeytin"",""pt"":""Çatalzeytin"",""nl"":""Çatalzeytin"",""hr"":""Čatalzejtin"",""fa"":""چاتالزیتین"",""de"":""Çatalzeytin"",""es"":""Çatalzeytin"",""fr"":""Çatalzeytin"",""ja"":""チャタルゼイティン"",""it"":""Çatalzeytin"",""zh-CN"":""恰塔尔泽廷"",""tr"":""Çatalzeytin"",""ru"":""Чаталзейтин"",""uk"":""Чаталзейтін"",""pl"":""Çatalzeytin"",""hi"":""कैटालज़ेयटिन"",""ar"":""كاتالزيتين""}",2019-10-06T10:31:27,2025-12-02T17:11:50,1,Q2252011
108792,Çavdarhisar,2149,43,225,TR,adm2,,,39.20333000,29.63094000,Çavdarhisar,6800,Europe/Istanbul,"{""br"":""Çavdarhisar"",""ko"":""차브다르히사르"",""pt-BR"":""Çavdarhisar"",""pt"":""Çavdarhisar"",""nl"":""Çavdarhisar"",""hr"":""Čavdarhisar"",""fa"":""چاودارحصار"",""de"":""Çavdarhisar"",""es"":""Çavdarhisar"",""fr"":""Çavdarhisar"",""ja"":""チャヴダルヒサール"",""it"":""Çavdarhisar"",""zh-CN"":""恰夫达尔希萨尔"",""tr"":""Çavdarhisar"",""ru"":""Чавдархисар"",""uk"":""Чавдархісар"",""pl"":""Çavdarhisar"",""hi"":""चावदारहिसार"",""ar"":""تشافدارحصار""}",2019-10-06T10:31:27,2025-12-02T17:11:50,1,Q2424690
108793,Çavdır,2209,15,225,TR,adm2,,,37.16483000,29.69937000,Çavdır,3760,Europe/Istanbul,"{""br"":""Çavır"",""ko"":""차브디르"",""pt-BR"":""Çavdır"",""pt"":""Çavdır"",""nl"":""Çavdır"",""hr"":""Čavdir"",""fa"":""چاودیر"",""de"":""Çavdır"",""es"":""Çavdır"",""fr"":""Çavdır"",""ja"":""チャヴドゥル"",""it"":""Çavdır"",""zh-CN"":""恰夫迪尔"",""tr"":""Çavdır"",""ru"":""Чавдыр"",""uk"":""Чавдир"",""pl"":""Çavdır"",""hi"":""चावदिर"",""ar"":""كافدير""}",2019-10-06T10:31:27,2025-12-02T17:11:50,1,Q272692
108795,Çay,2179,03,225,TR,adm2,,,38.59167000,31.02861000,Çay,31412,Europe/Istanbul,"{""br"":""Çay"",""ko"":""암초"",""pt-BR"":""Çay"",""pt"":""Çay"",""nl"":""Çay"",""hr"":""Sprud"",""fa"":""چای"",""de"":""Çay"",""es"":""Isla pequeña"",""fr"":""Banc de sable"",""ja"":""チャイ"",""it"":""Çay"",""zh-CN"":""恰伊"",""tr"":""Çay"",""ru"":""Чай"",""uk"":""Чай"",""pl"":""Rafa koralowa"",""hi"":""रेती"",""ar"":""شاي""}",2019-10-06T10:31:27,2025-12-02T14:38:56,1,Q272692
108797,Çaybaşı,2174,52,225,TR,adm2,,,41.02532000,37.10867000,Çaybaşı,13922,Europe/Istanbul,"{""br"":""Çaybaşı"",""ko"":""차이바시"",""pt-BR"":""Çaybaşı"",""pt"":""Çaybaşı"",""nl"":""Çaybaşı"",""hr"":""Čajbaši"",""fa"":""چایباشی"",""de"":""Çaybaşı"",""es"":""Çaybaşı"",""fr"":""Çaybaşı"",""ja"":""チャイバシュ"",""it"":""Çaybaşı"",""zh-CN"":""恰伊巴什"",""tr"":""Çaybaşı"",""ru"":""Чайбаши"",""uk"":""Чайбаші"",""pl"":""Çaybaşı"",""hi"":""Çaybaşı"",""ar"":""Çaybaşı""}",2019-10-06T10:31:27,2025-12-02T17:11:50,1,Q1027108
108798,Çaycuma,2213,67,225,TR,adm2,,,41.42639000,32.07556000,Çaycuma,21773,Europe/Istanbul,"{""br"":""Çaycuma"",""ko"":""차이쿠마"",""pt-BR"":""Çaycuma"",""pt"":""Çaycuma"",""nl"":""Çaycuma"",""hr"":""Čajdžuma"",""fa"":""چایجوما"",""de"":""Çaycuma"",""es"":""Çaycuma"",""fr"":""Çaycuma"",""ja"":""チャイクマ"",""it"":""Çaycuma"",""zh-CN"":""恰伊库马"",""tr"":""Çaycuma"",""ru"":""Чайджума"",""uk"":""Чайкума"",""pl"":""Çaycuma"",""hi"":""चायकुम"",""ar"":""شايكوما""}",2019-10-06T10:31:27,2025-12-02T14:39:31,1,Q1027108
108800,Çayeli,2219,53,225,TR,adm2,,,41.08941000,40.73696000,Çayeli,44304,Europe/Istanbul,"{""br"":""Çayeli"",""ko"":""차이엘리"",""pt-BR"":""Çayeli"",""pt"":""Çayeli"",""nl"":""Çayeli"",""hr"":""Čayeli"",""fa"":""چایلی"",""de"":""Çayeli"",""es"":""Çayeli"",""fr"":""Çayeli"",""ja"":""チャイエリ"",""it"":""Çayeli"",""zh-CN"":""恰耶利"",""tr"":""Çayeli"",""ru"":""Чайели"",""uk"":""Чаєлі"",""pl"":""Çayeli"",""hi"":""चायेली"",""ar"":""شايلي""}",2019-10-06T10:31:27,2025-12-02T17:11:50,1,Q2248873
108801,Çaykara,2206,61,225,TR,adm2,,,40.74267000,40.23175000,Çaykara,16213,Europe/Istanbul,"{""br"":""Çaykara"",""ko"":""차이카라"",""pt-BR"":""Çaykara"",""pt"":""Çaykara"",""nl"":""Çaykara"",""hr"":""Čajkara"",""fa"":""چایکارا"",""de"":""Çaykara"",""es"":""Çaykara"",""fr"":""Çaykara"",""ja"":""チャイカラ"",""it"":""Çaykara"",""zh-CN"":""恰伊卡拉"",""tr"":""Çaykara"",""ru"":""Чайкара"",""uk"":""Чайкара"",""pl"":""Çaykara"",""hi"":""चायकारा"",""ar"":""شايكارا""}",2019-10-06T10:31:27,2025-12-02T14:38:56,1,Q2248873
108804,Çayıralan,2188,66,225,TR,adm2,,,39.30278000,35.64389000,Çayıralan,13512,Europe/Istanbul,"{""br"":""Çayıralan"",""ko"":""차이랄란"",""pt-BR"":""Çayıralan"",""pt"":""Çayıralan"",""nl"":""Çayıralan"",""hr"":""Čajiralan"",""fa"":""چایرالان"",""de"":""Çayıralan"",""es"":""Çayıralan"",""fr"":""Çayıralan"",""ja"":""チャイララン"",""it"":""Çayıralan"",""zh-CN"":""恰伊拉兰"",""tr"":""Çayıralan"",""ru"":""Чайыралан"",""uk"":""Чайиралан"",""pl"":""Çayıralan"",""hi"":""Çayıralan"",""ar"":""Çayıralan""}",2019-10-06T10:31:27,2025-12-02T14:38:56,1,Q8077609
108806,Çayırlı,2160,24,225,TR,adm2,,,39.80454000,40.03724000,Çayırlı,62,Europe/Istanbul,"{""br"":""Çayırlı"",""ko"":""차이르리"",""pt-BR"":""Çayırlı"",""pt"":""Çayırlı"",""nl"":""Çayırlı"",""hr"":""Čajırli"",""fa"":""چایرلی"",""de"":""Çayırlı"",""es"":""Çayırlı"",""fr"":""Çayırlı"",""ja"":""チャイルリ"",""it"":""Çayırlı"",""zh-CN"":""恰伊尔利"",""tr"":""Çayırlı"",""ru"":""Чайырлы"",""uk"":""Чайирли"",""pl"":""Çayırlı"",""hi"":""Çayırlı"",""ar"":""Çayırlı""}",2019-10-06T10:31:27,2025-12-02T17:11:50,1,Q272722
108807,Çayırova,2195,41,225,TR,adm2,,,40.82784000,29.39014000,Çayırova,129655,Europe/Istanbul,"{""br"":""Çayırova"",""ko"":""차이로바"",""pt-BR"":""Çayırova"",""pt"":""Çayırova"",""nl"":""Çayırova"",""hr"":""Čajırova"",""fa"":""چایروا"",""de"":""Çayırova"",""es"":""Çayırova"",""fr"":""Çayırova"",""ja"":""チャイロヴァ"",""it"":""Çayırova"",""zh-CN"":""恰伊罗娃"",""tr"":""Çayırova"",""ru"":""Чайырова"",""uk"":""Чайирова"",""pl"":""Çayırova"",""hi"":""इस्तांबुल"",""ar"":""Çayırova""}",2019-10-06T10:31:27,2025-12-02T17:11:50,1,Q2671609
108808,Çağlayancerit,2227,46,225,TR,adm2,,,37.74523000,37.28618000,Çağlayancerit,15530,Europe/Istanbul,"{""br"":""Çağlayancerit"",""ko"":""차글라얀세리트"",""pt-BR"":""Çağlayancerit"",""pt"":""Çağlayancerit"",""nl"":""Çağlayancerit"",""hr"":""Čaglajančerit"",""fa"":""چاغلایانسر"",""de"":""Çağlayancerit"",""es"":""Çağlayancerit"",""fr"":""Çağlayancerit"",""ja"":""チャラヤンセリット"",""it"":""Çağlayancerit"",""zh-CN"":""恰拉扬切里特"",""tr"":""Çağlayancerit"",""ru"":""Çağlayancerit"",""uk"":""Чаглаянджеріт"",""pl"":""Çağlayancerit"",""hi"":""Çağlayancerit"",""ar"":""Çağlayancerit""}",2019-10-06T10:31:27,2025-12-02T14:39:31,1,Q2671609
108810,Çekerek,2188,66,225,TR,adm2,,,40.07306000,35.49472000,Çekerek,10585,Europe/Istanbul,"{""br"":""Çekerek"",""ko"":""체케렉"",""pt-BR"":""Çekerek"",""pt"":""Çekerek"",""nl"":""Çekerek"",""hr"":""Čekerek"",""fa"":""چکرک"",""de"":""Çekerek"",""es"":""Çekerek"",""fr"":""Çekerek"",""ja"":""チェケレク"",""it"":""Çekerek"",""zh-CN"":""切凯雷克"",""tr"":""Çekerek"",""ru"":""Чекерек"",""uk"":""Чекерек"",""pl"":""Çekerek"",""hi"":""चेकेरेक"",""ar"":""تشيكيريك""}",2019-10-06T10:31:27,2025-12-02T14:39:31,1,Q2671609
108812,Çekmeköy,2170,34,225,TR,adm2,,,41.03819000,29.20029000,Çekmeköy,296066,Europe/Istanbul,"{""br"":""Çekmeköy"",""ko"":""체크메코이"",""pt-BR"":""Çekmeköy"",""pt"":""Çekmeköy"",""nl"":""Çekmeköy"",""hr"":""Çekmeköy"",""fa"":""چکمه‌کوی"",""de"":""Çekmeköy"",""es"":""Çekmeköy"",""fr"":""Çekmeköy"",""ja"":""チェクメキョイ"",""it"":""Çekmeköy"",""zh-CN"":""切克梅科伊"",""tr"":""Çekmeköy"",""ru"":""Чекмекёй"",""uk"":""Чекмекей"",""pl"":""Çekmeköy"",""hi"":""चेकमेकोय"",""ar"":""تشيكميكوي""}",2019-10-06T10:31:27,2025-12-02T17:11:50,1,Q122320
108813,Çelebi,2178,71,225,TR,adm2,,,39.47470000,33.52895000,Çelebi,2672,Europe/Istanbul,"{""br"":""Çelebi"",""ko"":""셀레비"",""pt-BR"":""Çelebi"",""pt"":""Çelebi"",""nl"":""Çelebi"",""hr"":""Čelebi"",""fa"":""چلبی"",""de"":""Çelebi"",""es"":""Çelebi"",""fr"":""Çelebi"",""ja"":""チェレビ"",""it"":""Çelebi"",""zh-CN"":""切莱比"",""tr"":""Çelebi"",""ru"":""Челеби"",""uk"":""Челебі"",""pl"":""Çelebi"",""hi"":""सेलेबी"",""ar"":""جلبي""}",2019-10-06T10:31:27,2025-12-02T17:11:50,1,Q122320
108814,Çelikhan,2155,02,225,TR,adm2,,,38.02560000,38.23665000,Çelikhan,16065,Europe/Istanbul,"{""br"":""Çelikhan"",""ko"":""셀리칸"",""pt-BR"":""Çelikhan"",""pt"":""Çelikhan"",""nl"":""Çelikhan"",""hr"":""Čelikhan"",""fa"":""چلیخان"",""de"":""Çelikhan"",""es"":""Çelikhan"",""fr"":""Çelikhan"",""ja"":""チェリハン"",""it"":""Çelikhan"",""zh-CN"":""切利汗"",""tr"":""Çelikhan"",""ru"":""Челихан"",""uk"":""Челіхан"",""pl"":""Çelikhan"",""hi"":""चेलिखान"",""ar"":""شيليخان""}",2019-10-06T10:31:27,2025-12-02T14:38:56,1,Q122320
108816,Çeltik,2171,42,225,TR,adm2,,,39.03388000,31.79408000,Çeltik,252,Europe/Istanbul,"{""br"":""Çeltik"",""ko"":""첼틱"",""pt-BR"":""Çeltik"",""pt"":""Çeltik"",""nl"":""Çeltik"",""hr"":""Čeltik"",""fa"":""چلتیک"",""de"":""Çeltik"",""es"":""Çeltik"",""fr"":""Çeltik"",""ja"":""チェルティク"",""it"":""Çeltik"",""zh-CN"":""切尔蒂克"",""tr"":""Çeltik"",""ru"":""Челтик"",""uk"":""Челтік"",""pl"":""Çeltik"",""hi"":""चेल्टिक"",""ar"":""سيلتيك""}",2019-10-06T10:31:27,2025-12-02T17:11:50,1,Q272782
108817,Çeltikçi,2209,15,225,TR,adm2,,,37.53885000,30.46823000,Çeltikçi,5237,Europe/Istanbul,"{""br"":""Çeltikçi"",""ko"":""첼틱치"",""pt-BR"":""Çeltikçi"",""pt"":""Çeltikçi"",""nl"":""Çeltikçi"",""hr"":""Čeltikči"",""fa"":""چلتیکچی"",""de"":""Çeltikçi"",""es"":""Çeltikçi"",""fr"":""Çeltikçi"",""ja"":""チェルティクチ"",""it"":""Çeltikçi"",""zh-CN"":""Çeltikçi"",""tr"":""Çeltikçi"",""ru"":""Челтикчи"",""uk"":""Челтікчі"",""pl"":""Çeltikçi"",""hi"":""चेल्टिकसी"",""ar"":""Çeltikçi""}",2019-10-06T10:31:27,2025-12-02T17:11:50,1,Q272779
108818,Çemişgezek,2192,62,225,TR,adm2,,,39.06234000,38.91400000,Çemişgezek,8347,Europe/Istanbul,"{""br"":""Çemişgezek"",""ko"":""체미슈게제크"",""pt-BR"":""Çemişgezek"",""pt"":""Çemişgezek"",""nl"":""Çemişgezek"",""hr"":""Čemišgezek"",""fa"":""چمیشگزک"",""de"":""Çemişgezek"",""es"":""Çemişgezek"",""fr"":""Çemişgezek"",""ja"":""チェミシュゲゼク"",""it"":""Çemişgezek"",""zh-CN"":""切米什格泽克"",""tr"":""Çemişgezek"",""ru"":""Çemişgezek"",""uk"":""Чемішгезек"",""pl"":""Çemişgezek"",""hi"":""चेमिस्गेज़ेक"",""ar"":""تشيميشكيزك""}",2019-10-06T10:31:27,2025-12-02T17:11:50,1,Q2619996
108819,Çerkezköy,2167,59,225,TR,city,,,41.28616000,27.99969000,Çerkezköy,84234,Europe/Istanbul,"{""br"":""Çerkezköy"",""ko"":""체르케즈쾨이"",""pt-BR"":""Çerkezköy"",""pt"":""Çerkezköy"",""nl"":""Çerkezköy"",""hr"":""Çerkezköy"",""fa"":""چرکزکوی"",""de"":""Çerkezköy"",""es"":""Çerkezköy"",""fr"":""Çerkezköy"",""ja"":""チェルケズコイ"",""it"":""Çerkezköy"",""zh-CN"":""切尔克兹柯伊"",""tr"":""Çerkezköy"",""ru"":""Черкезкёй"",""uk"":""Черкезкей"",""pl"":""Çerkezköy"",""hi"":""चेरकेज़कोय"",""ar"":""تشيركيزكوي""}",2019-10-06T10:31:27,2025-12-02T14:39:31,1,Q2619996
108820,Çerkeş,2168,18,225,TR,adm2,,,40.81164000,32.89358000,Çerkeş,17802,Europe/Istanbul,"{""br"":""Çerkeş"",""ko"":""체르케스"",""pt-BR"":""Çerkeş"",""pt"":""Çerkeş"",""nl"":""Çerkeş"",""hr"":""Čerkeš"",""fa"":""چرکس"",""de"":""Çerkeş"",""es"":""Çerkeş"",""fr"":""Çerkeş"",""ja"":""チェルケシュ"",""it"":""Çerkeş"",""zh-CN"":""切尔凯什"",""tr"":""Çerkeş"",""ru"":""Черкеш"",""uk"":""Черкеш"",""pl"":""Çerkeş"",""hi"":""चेर्केस"",""ar"":""Çerkeş""}",2019-10-06T10:31:27,2025-12-02T14:38:56,1,Q2619996
108822,Çermik,2226,21,225,TR,adm2,,,38.13538000,39.44500000,Çermik,20975,Europe/Istanbul,"{""br"":""Çermik"",""ko"":""체르믹"",""pt-BR"":""Çermik"",""pt"":""Çermik"",""nl"":""Çermik"",""hr"":""Čermik"",""fa"":""چرمیک"",""de"":""Çermik"",""es"":""Çermik"",""fr"":""Çermik"",""ja"":""チェルミク"",""it"":""Çermik"",""zh-CN"":""切尔米克"",""tr"":""Çermik"",""ru"":""Чермик"",""uk"":""Чермік"",""pl"":""Çermik"",""hi"":""चेर्मिक"",""ar"":""تشيرميك""}",2019-10-06T10:31:27,2025-12-02T14:39:31,1,Q2248795
108825,Çeşme,2205,35,225,TR,adm2,,,38.32614000,26.30574000,Çeşme,21316,Europe/Istanbul,"{""br"":""Çeşme"",""ko"":""체슈메"",""pt-BR"":""Çeşme"",""pt"":""Çeşme"",""nl"":""Çeşme"",""hr"":""Češme"",""fa"":""چشمه"",""de"":""Çeşme"",""es"":""Cesme"",""fr"":""Çeşme"",""ja"":""チェシュメ"",""it"":""Çeşme"",""zh-CN"":""切什梅"",""tr"":""Çeşme"",""ru"":""Чешме"",""uk"":""Чешме"",""pl"":""Çeşme"",""hi"":""सेसमे"",""ar"":""تشيشمي""}",2019-10-06T10:31:27,2025-12-02T14:39:31,1,Q2248795
108827,Çifteler,2164,26,225,TR,adm2,,,39.38306000,31.03917000,Çifteler,10166,Europe/Istanbul,"{""br"":""Çifteler"",""ko"":""치프텔러"",""pt-BR"":""Çifteler"",""pt"":""Çifteler"",""nl"":""Çifteler"",""hr"":""Čifteler"",""fa"":""چیفتلر"",""de"":""Çifteler"",""es"":""Çifteler"",""fr"":""Çifteler"",""ja"":""チフテラー"",""it"":""Çifteler"",""zh-CN"":""齐夫特勒"",""tr"":""Çifteler"",""ru"":""Çifteler"",""uk"":""Чифтелер"",""pl"":""Çifteler"",""hi"":""Çifteler"",""ar"":""Çifteler""}",2019-10-06T10:31:27,2025-12-02T14:39:31,1,Q1911051
108829,Çiftlik,2189,51,225,TR,adm2,,,38.17580000,34.48535000,Çiftlik,0,Europe/Istanbul,"{""br"":""Çiftlik"",""ko"":""치프틀리크"",""pt-BR"":""Çiftlik"",""pt"":""Çiftlik"",""nl"":""Çiftlik"",""hr"":""Čiftlik"",""fa"":""چیفتلیک"",""de"":""Çiftlik"",""es"":""Çiftlik"",""fr"":""Çiftlik"",""ja"":""チフトリック"",""it"":""Çiftlik"",""zh-CN"":""恰夫特利克"",""tr"":""Çiftlik"",""ru"":""Чифтлик"",""uk"":""Чифтлік"",""pl"":""Çiftlik"",""hi"":""Çiftlik"",""ar"":""Çiftlik""}",2019-10-06T10:31:27,2025-12-02T14:39:31,1,Q272835
108831,Çiftlikköy,2218,77,225,TR,adm2,,,40.66028000,29.32361000,Çiftlikköy,5750,Europe/Istanbul,"{""br"":""Çiftlikköy"",""ko"":""치프트리코이"",""pt-BR"":""Çiftlikköy"",""pt"":""Çiftlikköy"",""nl"":""Çiftlikköy"",""hr"":""Čiftlikköy"",""fa"":""چیفتلیکوی"",""de"":""Çiftlikköy"",""es"":""Çiftlikköy"",""fr"":""Çiftlikköy"",""ja"":""チフトリッコイ"",""it"":""Çiftlikköy"",""zh-CN"":""Çiftlikköy"",""tr"":""Çiftlikköy"",""ru"":""Чифтликкёй"",""uk"":""Чифтліккей"",""pl"":""Çiftlikköy"",""hi"":""Çiftlikköy"",""ar"":""Çiftlikköy""}",2019-10-06T10:31:27,2025-12-02T14:39:31,1,Q272835
108833,Çilimli,2202,81,225,TR,adm2,,,40.90267000,31.05913000,Sigara içme,20266,Europe/Istanbul,"{""br"":""Çilimli"",""ko"":""칠림리"",""pt-BR"":""Çilimli"",""pt"":""Çilimli"",""nl"":""Çilimli"",""hr"":""Čilimli"",""fa"":""چیلیملی"",""de"":""Çilimli"",""es"":""Çilimli"",""fr"":""Çilimli"",""ja"":""チリムリ"",""it"":""Çilimli"",""zh-CN"":""奇利姆利"",""tr"":""Çilimli"",""ru"":""Чилимли"",""uk"":""Чілімлі"",""pl"":""Çilimli"",""hi"":""चिलिमली"",""ar"":""تشيليملي""}",2019-10-06T10:31:28,2025-12-02T17:11:50,1,Q2900960
108834,Çine,2187,09,225,TR,adm2,,,37.61266000,28.05912000,Çine,21327,Europe/Istanbul,"{""br"":""Çine"",""ko"":""중국"",""pt-BR"":""Çine"",""pt"":""Çine"",""nl"":""Çine"",""hr"":""Kine"",""fa"":""چین"",""de"":""Çine"",""es"":""Cine"",""fr"":""Çine"",""ja"":""チネ"",""it"":""Çine"",""zh-CN"":""恰内"",""tr"":""Çine"",""ru"":""Çine"",""uk"":""Кіне"",""pl"":""Çine"",""hi"":""चिने"",""ar"":""تشيني""}",2019-10-06T10:31:28,2025-12-02T14:39:31,1,Q2900960
108836,Çivril,2157,20,225,TR,adm2,,,38.30139000,29.73861000,Çivril,14002,Europe/Istanbul,"{""br"":""Çivril"",""ko"":""치브릴"",""pt-BR"":""Çivril"",""pt"":""Çivril"",""nl"":""Çivril"",""hr"":""Čivril"",""fa"":""چیوریل"",""de"":""Çivril"",""es"":""Civril"",""fr"":""Çivril"",""ja"":""チヴリル"",""it"":""Çivril"",""zh-CN"":""奇夫里尔"",""tr"":""Çivril"",""ru"":""Чиврил"",""uk"":""Чівріл"",""pl"":""Çivril"",""hi"":""चिविरिल"",""ar"":""Çivril""}",2019-10-06T10:31:28,2025-12-02T14:39:31,1,Q2900960
108838,Çiçekdağı,2180,40,225,TR,adm2,,,39.60694000,34.40861000,Çiçekdağı,0,Europe/Istanbul,"{""br"":""Çiçekdağı"",""ko"":""치체크다그"",""pt-BR"":""Çiçekdağı"",""pt"":""Çiçekdağı"",""nl"":""Çiçekdağı"",""hr"":""Čičekdagí"",""fa"":""چیچکداغی"",""de"":""Çiçekdağı"",""es"":""Çiçekdağı"",""fr"":""Çiçekdağı"",""ja"":""チチェクダギ"",""it"":""Çiçekdağı"",""zh-CN"":""Çiçekdağı"",""tr"":""Çiçekdağı"",""ru"":""Çiçekdağı"",""uk"":""Чичекдагі"",""pl"":""Çiçekdağı"",""hi"":""Çiçekdağı"",""ar"":""Çiçekdağı""}",2019-10-06T10:31:28,2025-12-02T14:39:31,1,Q1813015
108840,Çiğli,2205,35,225,TR,adm2,,,38.48802000,26.96596000,Çiğli,194525,Europe/Istanbul,"{""br"":""Çiğli"",""ko"":""치글리"",""pt-BR"":""Çiğli"",""pt"":""Çiğli"",""nl"":""Çiğli"",""hr"":""Čigli"",""fa"":""چیغلی"",""de"":""Çiğli"",""es"":""Çiğli"",""fr"":""Çiğli"",""ja"":""チリ"",""it"":""Çiğli"",""zh-CN"":""齐格利"",""tr"":""Çiğli"",""ru"":""Чигли"",""uk"":""Чиглі"",""pl"":""Çiğli"",""hi"":""चिग्ली"",""ar"":""تشيجلي""}",2019-10-06T10:31:28,2025-12-02T17:11:50,1,Q1908058
108841,Çobanlar,2179,03,225,TR,adm2,,,38.71085000,30.78874000,Çobanlar,14503,Europe/Istanbul,"{""br"":""Çobanlar"",""ko"":""초반라르"",""pt-BR"":""Çobanlar"",""pt"":""Çobanlar"",""nl"":""Çobanlar"",""hr"":""Čobanlar"",""fa"":""چوبانلار"",""de"":""Çobanlar"",""es"":""Çobanlar"",""fr"":""Çobanlar"",""ja"":""チョバンラル"",""it"":""Çobanlar"",""zh-CN"":""乔班拉尔"",""tr"":""Çobanlar"",""ru"":""Чобанлар"",""uk"":""Чобанлар"",""pl"":""Çobanlar"",""hi"":""Çobanlar"",""ar"":""تشوبانلار""}",2019-10-06T10:31:28,2025-12-02T17:11:50,1,Q1948398
108842,Çorlu,2167,59,225,TR,adm2,,,41.15917000,27.80000000,Çorlu,202578,Europe/Istanbul,"{""br"":""Çorlu"",""ko"":""초를루"",""pt-BR"":""Çorlu"",""pt"":""Çorlu"",""nl"":""Çorlu"",""hr"":""Çorlu"",""fa"":""چورلو"",""de"":""Çorlu"",""es"":""Çorlu"",""fr"":""Çorlu"",""ja"":""チョルル"",""it"":""Çorlu"",""zh-CN"":""乔尔卢"",""tr"":""Çorlu"",""ru"":""Чорлу"",""uk"":""Чорлу"",""pl"":""Çorlu"",""hi"":""कोरलू"",""ar"":""كورلو""}",2019-10-06T10:31:28,2025-12-02T14:39:31,1,Q214655
108844,Çubuk,2217,06,225,TR,adm2,,,40.23861000,33.03222000,Çubuk,62602,Europe/Istanbul,"{""br"":""Çubuk"",""ko"":""추북"",""pt-BR"":""Çubuk"",""pt"":""Çubuk"",""nl"":""Çubuk"",""hr"":""Čubuk"",""fa"":""چوبوک"",""de"":""Çubuk"",""es"":""Çubuk"",""fr"":""Çubuk"",""ja"":""チュブク"",""it"":""Çubuk"",""zh-CN"":""丘布克"",""tr"":""Çubuk"",""ru"":""Чубук"",""uk"":""Чубук"",""pl"":""Çubuk"",""hi"":""Cubuk"",""ar"":""تشوبوك""}",2019-10-06T10:31:28,2025-12-02T14:39:31,1,Q2868524
108846,Çukurca,2190,30,225,TR,adm2,,,37.24806000,43.61361000,Çukurca,8843,Europe/Istanbul,"{""br"":""Çukurca"",""ko"":""추쿠르차"",""pt-BR"":""Çukurca"",""pt"":""Çukurca"",""nl"":""Çukurca"",""hr"":""Čukurca"",""fa"":""چوکورجا"",""de"":""Çukurca"",""es"":""Çukurca"",""fr"":""Çukurca"",""ja"":""チュクルカ"",""it"":""Çukurca"",""zh-CN"":""丘库尔贾"",""tr"":""Çukurca"",""ru"":""Чукурджа"",""uk"":""Чукурджа"",""pl"":""Çukurca"",""hi"":""Çukurca"",""ar"":""تشوكورجا""}",2019-10-06T10:31:28,2025-12-02T14:39:31,1,Q2868524
108848,Çukurova,2212,01,225,TR,city,,,37.05627000,35.13119000,Çukurova,14724,Europe/Istanbul,"{""br"":""Çukurova"",""ko"":""추쿠로바"",""pt-BR"":""Çukurova"",""pt"":""Çukurova"",""nl"":""Çukurova"",""hr"":""Čukurova"",""fa"":""چوکوروا"",""de"":""Çukurova"",""es"":""Çukurova"",""fr"":""Çukurova"",""ja"":""チュクロヴァ"",""it"":""Çukurova"",""zh-CN"":""丘库罗娃"",""tr"":""Çukurova"",""ru"":""Чукурова"",""uk"":""Чукурова"",""pl"":""Çukurova"",""hi"":""Çukurova"",""ar"":""تشوكوروفا""}",2019-10-06T10:31:28,2025-12-02T17:11:50,1,Q272948
108849,Çumra,2171,42,225,TR,adm2,,,37.57320000,32.77446000,Çumra,45657,Europe/Istanbul,"{""br"":""Çumra"",""ko"":""쿰라"",""pt-BR"":""Çumra"",""pt"":""Çumra"",""nl"":""Çumra"",""hr"":""Čumra"",""fa"":""چومرا"",""de"":""Çumra"",""es"":""Cumra"",""fr"":""Çumra"",""ja"":""チュムラ"",""it"":""Çumra"",""zh-CN"":""丘姆拉"",""tr"":""Çumra"",""ru"":""Чумра"",""uk"":""Чумра"",""pl"":""Çumra"",""hi"":""कुमरा"",""ar"":""تشومرا""}",2019-10-06T10:31:28,2025-12-02T14:39:31,1,Q272948
108851,Çüngüş,2226,21,225,TR,adm2,,,38.20798000,39.28554000,Çüngüş,5103,Europe/Istanbul,"{""br"":""Çüngüş"",""ko"":""Çüngüş"",""pt-BR"":""Çüngüş"",""pt"":""Çüngüş"",""nl"":""Çüngüş"",""hr"":""Čunguš"",""fa"":""چونگوش"",""de"":""Çüngüş"",""es"":""Çüngüş"",""fr"":""Çüngüş"",""ja"":""チュングシュ"",""it"":""Çüngüş"",""zh-CN"":""Çüngüş"",""tr"":""Çüngüş"",""ru"":""Çüngüş"",""uk"":""Чунгуш"",""pl"":""Çüngüş"",""hi"":""Çüngüş"",""ar"":""Çüngüş""}",2019-10-06T10:31:28,2025-12-02T14:39:31,1,Q272948
108853,Çıldır,2185,75,225,TR,adm2,,,41.13783000,43.14169000,Çıldır,9833,Europe/Istanbul,"{""br"":""Çıldır"",""ko"":""칠디르"",""pt-BR"":""Çıldır"",""pt"":""Çıldır"",""nl"":""Çıldır"",""hr"":""Čildír"",""fa"":""چیلدیر"",""de"":""Çıldır"",""es"":""Cildir"",""fr"":""Çıldır"",""ja"":""チルドゥル"",""it"":""Çıldır"",""zh-CN"":""齐尔德尔"",""tr"":""Çıldır"",""ru"":""Чылдыр"",""uk"":""Чилдир"",""pl"":""Çıldır"",""hi"":""चिल्डिर"",""ar"":""Çıldır""}",2019-10-06T10:31:28,2025-12-02T17:11:50,1,Q272985
108854,Çınar,2226,21,225,TR,adm2,,,37.72562000,40.41484000,Çınar,74207,Europe/Istanbul,"{""br"":""Çınar"",""ko"":""치나르"",""pt-BR"":""Çınar"",""pt"":""Çınar"",""nl"":""Çınar"",""hr"":""Činar"",""fa"":""چنار"",""de"":""Çınar"",""es"":""Çınar"",""fr"":""Çınar"",""ja"":""チナル"",""it"":""Çınar"",""zh-CN"":""齐纳尔"",""tr"":""Çınar"",""ru"":""Чинар"",""uk"":""Чінар"",""pl"":""Çınar"",""hi"":""चिनार"",""ar"":""تشينار""}",2019-10-06T10:31:28,2025-12-02T17:11:50,1,Q272992
108856,Çınarcık,2218,77,225,TR,adm2,,,40.64538000,29.12450000,Çınarcık,7629,Europe/Istanbul,"{""br"":""Çınarcık"",""ko"":""치나르치크"",""pt-BR"":""Çınarcık"",""pt"":""Çınarcık"",""nl"":""Çınarcık"",""hr"":""Činardžik"",""fa"":""چنارجیک"",""de"":""Çınarcık"",""es"":""Çınarcık"",""fr"":""Çınarcık"",""ja"":""チナルジュク"",""it"":""Çınarcık"",""zh-CN"":""Çınarcık"",""tr"":""Çınarcık"",""ru"":""Чынарджык"",""uk"":""Чинарджик"",""pl"":""Çınarcık"",""hi"":""चिनारसीक"",""ar"":""Çınarcık""}",2019-10-06T10:31:28,2025-12-02T14:39:31,1,Q272992
108860,Ödemiş,2205,35,225,TR,adm2,,,38.22780000,27.96955000,Ödemiş,67153,Europe/Istanbul,"{""br"":""Ödemiş"",""ko"":""외데미스"",""pt-BR"":""Ödemiş"",""pt"":""Ödemiş"",""nl"":""Ödemiş"",""hr"":""Odemiş"",""fa"":""اودمیش"",""de"":""Ödemiş"",""es"":""Ödemiş"",""fr"":""Ödemiş"",""ja"":""オデミシュ"",""it"":""Ödemiş"",""zh-CN"":""厄代米什"",""tr"":""Ödemiş"",""ru"":""Одемиш"",""uk"":""Одеміш"",""pl"":""Ödemiş"",""hi"":""ओडेमिस"",""ar"":""أوديميش""}",2019-10-06T10:31:28,2025-12-02T14:39:31,1,Q272992
108863,Ömerli,2224,47,225,TR,adm2,,,37.39903000,40.95442000,Ömerli,7194,Europe/Istanbul,"{""br"":""Ömerli"",""ko"":""오메를리"",""pt-BR"":""Ömerli"",""pt"":""Ömerli"",""nl"":""Ömerli"",""hr"":""Ömerli"",""fa"":""عمرلی"",""de"":""Ömerli"",""es"":""Ömerli"",""fr"":""Ömerli"",""ja"":""オメルリ"",""it"":""Ömerli"",""zh-CN"":""奥梅尔利"",""tr"":""Ömerli"",""ru"":""Омерли"",""uk"":""Омерлі"",""pl"":""Ömerli"",""hi"":""ओमरली"",""ar"":""أوميرلي""}",2019-10-06T10:31:28,2025-12-02T14:39:31,1,Q1344290
108866,Özalp,2152,65,225,TR,adm2,,,38.65455000,43.98869000,Özalp,8249,Europe/Istanbul,"{""br"":""Özalp"",""ko"":""오잘프"",""pt-BR"":""Özalp"",""pt"":""Özalp"",""nl"":""Özalp"",""hr"":""Özalp"",""fa"":""اوزالپ"",""de"":""Özalp"",""es"":""Özalp"",""fr"":""Özalp"",""ja"":""オザルプ"",""it"":""Özalp"",""zh-CN"":""厄扎尔普"",""tr"":""Özalp"",""ru"":""Озалп"",""uk"":""Озалп"",""pl"":""Özalp"",""hi"":""Ozalp"",""ar"":""أوزالب""}",2019-10-06T10:31:28,2025-12-02T14:39:31,1,Q1344290
108870,Özvatan,2200,38,225,TR,adm2,,,39.11737000,35.71149000,Dul,5413,Europe/Istanbul,"{""br"":""Özvatan"",""ko"":""오즈바탄"",""pt-BR"":""Özvatan"",""pt"":""Özvatan"",""nl"":""Özvatan"",""hr"":""Özvatan"",""fa"":""اوزوتان"",""de"":""Özvatan"",""es"":""Özvatan"",""fr"":""Özvatan"",""ja"":""オズヴァタン"",""it"":""Özvatan"",""zh-CN"":""奥兹瓦坦"",""tr"":""Özvatan"",""ru"":""Озватан"",""uk"":""Озватан"",""pl"":""Özvatan"",""hi"":""ओज़्वाटन"",""ar"":""أوزفاتان""}",2019-10-06T10:31:28,2025-12-02T17:11:50,1,Q2671072
108872,Ünye,2174,52,225,TR,adm2,,,41.13921000,37.27246000,Ünye,126702,Europe/Istanbul,"{""br"":""Ünye"",""ko"":""운예"",""pt-BR"":""Ünye"",""pt"":""Ünye"",""nl"":""Ünye"",""hr"":""Unje"",""fa"":""اونیه"",""de"":""Ünye"",""es"":""Ünye"",""fr"":""Ünye"",""ja"":""ウニェ"",""it"":""Ünye"",""zh-CN"":""尤尼"",""tr"":""Ünye"",""ru"":""Унье"",""uk"":""Уньє"",""pl"":""Ünye"",""hi"":""Ünye"",""ar"":""أونيه""}",2019-10-06T10:31:28,2025-12-02T17:11:50,1,Q334985
108873,Ürgüp,2196,50,225,TR,city,,,38.57342000,34.94020000,Ürgüp,35352,Europe/Istanbul,"{""br"":""Ürgüp"",""ko"":""위르굽"",""pt-BR"":""Ürgüp"",""pt"":""Ürgüp"",""nl"":""Ürgüp"",""hr"":""Urgup"",""fa"":""اورگوپ"",""de"":""Ürgüp"",""es"":""Ürgüp"",""fr"":""Ürgüp"",""ja"":""ウルギュップ"",""it"":""Ürgüp"",""zh-CN"":""于尔居普"",""tr"":""Ürgüp"",""ru"":""Ургюп"",""uk"":""Ургюп"",""pl"":""Ürgüp"",""hi"":""उर्गुप"",""ar"":""أورجوب""}",2019-10-06T10:31:28,2025-12-02T16:59:27,1,Q335010
108874,Üsküdar,2170,34,225,TR,city,,,41.02274000,29.01366000,Üsküdar,524452,Europe/Istanbul,"{""br"":""Üsküdar"",""ko"":""위스퀴다르"",""pt-BR"":""Üsküdar"",""pt"":""Üsküdar"",""nl"":""Üsküdar"",""hr"":""Üsküdar"",""fa"":""اسکودار"",""de"":""Üsküdar"",""es"":""Üsküdar"",""fr"":""Üsküdar"",""ja"":""ウスクダル"",""it"":""Üsküdar"",""zh-CN"":""于斯屈达尔"",""tr"":""Üsküdar"",""ru"":""Ускюдар"",""uk"":""Ускюдар"",""pl"":""Üsküdar"",""hi"":""Uskudar"",""ar"":""أوسكودار""}",2019-10-06T10:31:28,2025-12-02T14:38:56,1,Q335010
108876,Üzümlü,2160,24,225,TR,adm2,,,39.70943000,39.70125000,Üzümlü,39591,Europe/Istanbul,"{""br"":""Üzümlü"",""ko"":""위줌뤼"",""pt-BR"":""Üzümlü"",""pt"":""Üzümlü"",""nl"":""Üzümlü"",""hr"":""Uzumlu"",""fa"":""اوزوملو"",""de"":""Üzümlü"",""es"":""Üzümlü"",""fr"":""Üzümlü"",""ja"":""ウズムル"",""it"":""Üzümlü"",""zh-CN"":""于祖姆吕"",""tr"":""Üzümlü"",""ru"":""Üzümlü"",""uk"":""Узюмлу"",""pl"":""Üzümlü"",""hi"":""Üzümlü"",""ar"":""أوزوملو""}",2019-10-06T10:31:28,2025-12-02T14:39:31,1,Q335204
108877,İbradı,2169,07,225,TR,adm2,,,37.09694000,31.59917000,İbradı,8883,Europe/Istanbul,"{""br"":""İbradı"",""ko"":""이브라디"",""pt-BR"":""Ibradi"",""pt"":""Ibradi"",""nl"":""İbradı"",""hr"":""Ibradi"",""fa"":""ایبرادی"",""de"":""İbradı"",""es"":""İbradi"",""fr"":""İbradi"",""ja"":""イブラディ"",""it"":""İbradı"",""zh-CN"":""伊布拉迪"",""tr"":""İbradı"",""ru"":""Ибради"",""uk"":""Ібраді"",""pl"":""Ibradı"",""hi"":""इब्रादी"",""ar"":""İbradı""}",2019-10-06T10:31:28,2025-12-02T14:39:31,1,Q335204
108879,İdil,2225,73,225,TR,adm2,,,37.33481000,41.88944000,İdil,22960,Europe/Istanbul,"{""br"":""İdil"",""ko"":""이딜"",""pt-BR"":""İdil"",""pt"":""İdil"",""nl"":""Idil"",""hr"":""Idil"",""fa"":""ایدیل"",""de"":""İdil"",""es"":""İdil"",""fr"":""Idil"",""ja"":""イディル"",""it"":""İdil"",""zh-CN"":""艾迪尔"",""tr"":""İdil"",""ru"":""Идиль"",""uk"":""Іділ"",""pl"":""Idil"",""hi"":""इदिल"",""ar"":""إيديل""}",2019-10-06T10:31:28,2025-12-02T14:39:31,1,Q335204
108881,İhsangazi,2197,37,225,TR,adm2,,,41.20432000,33.55455000,İğrenç,2957,Europe/Istanbul,"{""br"":""İhsangazi"",""ko"":""이흐산가지"",""pt-BR"":""İhsangazi"",""pt"":""İhsangazi"",""nl"":""İhsangazi"",""hr"":""İhsangazi"",""fa"":""احسانگازی"",""de"":""İhsangazi"",""es"":""İhsangazi"",""fr"":""İhsangazi"",""ja"":""イフサンガジ"",""it"":""İhsangazi"",""zh-CN"":""伊桑加齐"",""tr"":""İhsangazi"",""ru"":""Ихсангази"",""uk"":""Іхсангазі"",""pl"":""İhsangazi"",""hi"":""İhsangazi"",""ar"":""إحسانجازي""}",2019-10-06T10:31:28,2025-12-02T14:39:31,1,Q335204
108883,İhsaniye,2179,03,225,TR,adm2,,,39.02916000,30.41639000,İhsaniye,5767,Europe/Istanbul,"{""br"":""İhsaniye"",""ko"":""이흐사니예"",""pt-BR"":""İhsaniye"",""pt"":""İhsaniye"",""nl"":""İhsaniye"",""hr"":""İhsaniye"",""fa"":""احسانیه"",""de"":""İhsaniye"",""es"":""İhsaniye"",""fr"":""İhsaniye"",""ja"":""イフサニエ"",""it"":""İhsaniye"",""zh-CN"":""伊赫萨尼耶"",""tr"":""İhsaniye"",""ru"":""Ихсание"",""uk"":""Іхсаніє"",""pl"":""İhsaniye"",""hi"":""इहसानिये"",""ar"":""إحسانية""}",2019-10-06T10:31:28,2025-12-02T14:39:31,1,Q335204
108887,İkizce,2174,52,225,TR,adm2,,,41.05833000,37.08028000,İkizce,10743,Europe/Istanbul,"{""br"":""İkizce"",""ko"":""이키즈체"",""pt-BR"":""İkizce"",""pt"":""İkizce"",""nl"":""İkizce"",""hr"":""İkizce"",""fa"":""ایکیزجه"",""de"":""Ikizce"",""es"":""İkizce"",""fr"":""İkizce"",""ja"":""イキズジェ"",""it"":""İkizce"",""zh-CN"":""伊基兹切"",""tr"":""İkizce"",""ru"":""Икиздже"",""uk"":""Ікіздже"",""pl"":""İkizce"",""hi"":""इकिज़्से"",""ar"":""إيكيزجي""}",2019-10-06T10:31:28,2025-12-02T14:39:31,1,Q335204
108889,İkizdere,2219,53,225,TR,adm2,,,40.77713000,40.56076000,İkizdere,92,Europe/Istanbul,"{""br"":""İkizdere"",""ko"":""이키즈데레"",""pt-BR"":""İkizdere"",""pt"":""İkizdere"",""nl"":""İkizdere"",""hr"":""İkizdere"",""fa"":""ایکیزدره"",""de"":""İkizdere"",""es"":""İkizdere"",""fr"":""İkizdere"",""ja"":""イキズデレ"",""it"":""İkizdere"",""zh-CN"":""伊基兹德雷"",""tr"":""İkizdere"",""ru"":""Икиздере"",""uk"":""Ікіздере"",""pl"":""Ikizdere"",""hi"":""İkizdere"",""ar"":""إيكيزديري""}",2019-10-06T10:31:28,2025-12-02T17:11:50,1,Q2670748
108890,İliç,2160,24,225,TR,adm2,,,39.45587000,38.56409000,Ilich,10044,Europe/Istanbul,"{""br"":""İliç"",""ko"":""일리치"",""pt-BR"":""İliç"",""pt"":""İliç"",""nl"":""İliç"",""hr"":""Ilič"",""fa"":""ایلیچ"",""de"":""İliç"",""es"":""İliç"",""fr"":""İliç"",""ja"":""イリチ"",""it"":""İliç"",""zh-CN"":""伊利奇"",""tr"":""İliç"",""ru"":""Илич"",""uk"":""Іліч"",""pl"":""İliç"",""hi"":""इलीच"",""ar"":""إيليتش""}",2019-10-06T10:31:28,2025-12-02T17:11:50,1,Q343776
108891,İlkadım,2220,55,225,TR,adm2,,,41.29161000,36.30106000,İlkadım,332230,Europe/Istanbul,"{""br"":""İlkadım"",""ko"":""일카딤"",""pt-BR"":""Ilkadim"",""pt"":""Ilkadim"",""nl"":""İlkadım"",""hr"":""Ilkadim"",""fa"":""ایلکادیم"",""de"":""İlkadım"",""es"":""İlkadım"",""fr"":""İlkadım"",""ja"":""イルカディム"",""it"":""İlkadım"",""zh-CN"":""伊尔卡德姆"",""tr"":""İlkadım"",""ru"":""Илкадым"",""uk"":""Ілкадим"",""pl"":""İlkadım"",""hi"":""इल्कादिम"",""ar"":""İlkadım""}",2019-10-06T10:31:28,2025-12-02T17:11:50,1,Q3906369
108893,İmamoğlu,2212,01,225,TR,adm2,,,37.27500000,35.66649000,İmamoğlu,28239,Europe/Istanbul,"{""br"":""İmamoğlu"",""ko"":""이마모글루"",""pt-BR"":""İmamoğlu"",""pt"":""İmamoğlu"",""nl"":""İmamoğlu"",""hr"":""Imamoğlu"",""fa"":""امام اوغلو"",""de"":""İmamoğlu"",""es"":""İmamoğlu"",""fr"":""İmamoğlu"",""ja"":""イマモール"",""it"":""İmamoğlu"",""zh-CN"":""伊马莫奥卢"",""tr"":""İmamoğlu"",""ru"":""Имамоглу"",""uk"":""Імамоглу"",""pl"":""İmamoğlu"",""hi"":""इमामोलु"",""ar"":""إمام أوغلو""}",2019-10-06T10:31:28,2025-12-02T17:11:50,1,Q2082058
108894,İmranlı,2181,58,225,TR,adm2,,,39.87544000,38.11358000,İmranlı,7412,Europe/Istanbul,"{""br"":""İmranlı"",""ko"":""이므란리"",""pt-BR"":""Imranli"",""pt"":""Imranli"",""nl"":""İmranlı"",""hr"":""Imranli"",""fa"":""عمرانلی"",""de"":""İmranlı"",""es"":""Imranlı"",""fr"":""İmranlı"",""ja"":""イムランリ"",""it"":""İmranlı"",""zh-CN"":""伊姆兰勒"",""tr"":""İmranlı"",""ru"":""Имранлы"",""uk"":""Імранлі"",""pl"":""İmranlı"",""hi"":""इमरानली"",""ar"":""عمرانلي""}",2019-10-06T10:31:28,2025-12-02T14:38:56,1,Q2082058
108897,İncirliova,2187,09,225,TR,adm2,,,37.85222000,27.72361000,İncirliova,18572,Europe/Istanbul,"{""br"":""İncirliova"",""ko"":""인시를리오바"",""pt-BR"":""Incirliova"",""pt"":""Incirliova"",""nl"":""İncirliova"",""hr"":""İncirliova"",""fa"":""اینجیرلیووا"",""de"":""Incirliova"",""es"":""İncirliova"",""fr"":""Incirliova"",""ja"":""インシルリオヴァ"",""it"":""İncirliova"",""zh-CN"":""因吉尔利奥娃"",""tr"":""İncirliova"",""ru"":""Инджирлиова"",""uk"":""Інджирліова"",""pl"":""İncirliova"",""hi"":""Incirliova"",""ar"":""إنجيرليوفا""}",2019-10-06T10:31:28,2025-12-02T14:39:31,1,Q2673990
108899,İnebolu,2197,37,225,TR,adm2,,,41.97472000,33.76083000,İnebolu,9935,Europe/Istanbul,"{""br"":""İnebolu"",""ko"":""이네볼루"",""pt-BR"":""İnebolu"",""pt"":""İnebolu"",""nl"":""İnebolu"",""hr"":""Inebolu"",""fa"":""اینه‌بلو"",""de"":""İnebolu"",""es"":""İnebolu"",""fr"":""Inebolu"",""ja"":""イネボル"",""it"":""İnebolu"",""zh-CN"":""伊内博卢"",""tr"":""İnebolu"",""ru"":""Инеболу"",""uk"":""Інеболу"",""pl"":""İnebolu"",""hi"":""इनेबोलु"",""ar"":""إينبولو""}",2019-10-06T10:31:28,2025-12-02T14:39:31,1,Q2673990
108901,İnegöl,2163,16,225,TR,adm2,,,40.07806000,29.51333000,İnegöl,133959,Europe/Istanbul,"{""br"":""İnegöl"",""ko"":""이네골"",""pt-BR"":""Inegöl"",""pt"":""Inegöl"",""nl"":""İnegöl"",""hr"":""Inegöl"",""fa"":""اینگل"",""de"":""İnegöl"",""es"":""İnegöl"",""fr"":""İnegöl"",""ja"":""イネゴル"",""it"":""İnegöl"",""zh-CN"":""伊内格尔"",""tr"":""İnegöl"",""ru"":""Инегёль"",""uk"":""Інеголь"",""pl"":""İnegol"",""hi"":""इनेगोल"",""ar"":""إينيجول""}",2019-10-06T10:31:28,2025-12-02T14:39:31,1,Q343973
108903,İnhisar,2221,11,225,TR,adm2,,,40.04932000,30.38521000,Tekel,2981,Europe/Istanbul,"{""br"":""İnhisar"",""ko"":""인히사르"",""pt-BR"":""Inhisar"",""pt"":""Inhisar"",""nl"":""İnhisar"",""hr"":""Inhisar"",""fa"":""اینهیسار"",""de"":""İnhisar"",""es"":""İnhisar"",""fr"":""Inhisar"",""ja"":""インヒサール"",""it"":""İnhisar"",""zh-CN"":""伊尼萨尔"",""tr"":""İnhisar"",""ru"":""Инхисар"",""uk"":""Інгісар"",""pl"":""İnhisar"",""hi"":""इन्हिसार"",""ar"":""إنهيصار""}",2019-10-06T10:31:28,2025-12-02T14:38:56,1,Q343973
108906,İnönü,2164,26,225,TR,adm2,,,39.81534000,30.14549000,İnönü,0,Europe/Istanbul,"{""br"":""İnönü"",""ko"":""이노뉘"",""pt-BR"":""Inönü"",""pt"":""Inönü"",""nl"":""İnönü"",""hr"":""Inönü"",""fa"":""اینونو"",""de"":""İnönü"",""es"":""Inönü"",""fr"":""Inönü"",""ja"":""イノニュ"",""it"":""İnönü"",""zh-CN"":""伊诺努"",""tr"":""İnönü"",""ru"":""Инёню"",""uk"":""Іноню"",""pl"":""İnönü"",""hi"":""इनोनु"",""ar"":""إينونو""}",2019-10-06T10:31:28,2025-12-02T14:39:31,1,Q2833269
108908,İpekyolu,2152,65,225,TR,city,,,38.49041000,43.34690000,İpekyolu,312244,Europe/Istanbul,"{""br"":""İpekyolu"",""ko"":""이페쿄루"",""pt-BR"":""İpekyolu"",""pt"":""İpekyolu"",""nl"":""İpekyolu"",""hr"":""Ipekyolu"",""fa"":""ایپکیولو"",""de"":""İpekyolu"",""es"":""İpekyolu"",""fr"":""İpekyolu"",""ja"":""イペキョル"",""it"":""İpekyolu"",""zh-CN"":""伊佩基奥卢"",""tr"":""İpekyolu"",""ru"":""Ипекёлу"",""uk"":""Іпекьолу"",""pl"":""İpekyolu"",""hi"":""इपेक्योलू"",""ar"":""إيبيكيولو""}",2019-10-06T10:31:28,2025-12-02T16:59:27,1,Q16848468
108909,İpsala,2151,22,225,TR,adm2,,,40.92115000,26.38273000,İpsala,8060,Europe/Istanbul,"{""br"":""İpsala"",""ko"":""이프살라"",""pt-BR"":""Ipsala"",""pt"":""Ipsala"",""nl"":""İpsala"",""hr"":""Ipsala"",""fa"":""ایپسالا"",""de"":""İpsala"",""es"":""İpsala"",""fr"":""Ipsala"",""ja"":""イプサラ"",""it"":""İpsala"",""zh-CN"":""伊普萨拉"",""tr"":""İpsala"",""ru"":""Ипсала"",""uk"":""Іпсала"",""pl"":""İpsala"",""hi"":""इप्साला"",""ar"":""إيبسالا""}",2019-10-06T10:31:28,2025-12-02T14:39:31,1,Q344021
108912,İscehisar,2179,03,225,TR,adm2,,,38.93900000,30.75002000,İscehisar,11809,Europe/Istanbul,"{""br"":""İscehisar"",""ko"":""이스케히사르"",""pt-BR"":""Iscehisar"",""pt"":""Iscehisar"",""nl"":""İscehisar"",""hr"":""İscehisar"",""fa"":""ایسجه‌حیصار"",""de"":""İscehisar"",""es"":""İscehisar"",""fr"":""İscehisar"",""ja"":""イシェヒサル"",""it"":""İscehisar"",""zh-CN"":""伊斯塞希萨尔"",""tr"":""İscehisar"",""ru"":""Иджехисар"",""uk"":""Іджехісар"",""pl"":""İscehisar"",""hi"":""इस्सेहिसार"",""ar"":""إسجهيسار""}",2019-10-06T10:31:28,2025-12-02T14:39:31,1,Q4819763
108913,İskenderun,2211,31,225,TR,adm2,,,36.58718000,36.17347000,İskenderun,251682,Europe/Istanbul,"{""br"":""İskenderun"",""ko"":""이스켄데룬"",""pt-BR"":""İskenderun"",""pt"":""İskenderun"",""nl"":""İskenderun"",""hr"":""İskenderun"",""fa"":""اسکندرون"",""de"":""İskenderun"",""es"":""İskenderun"",""fr"":""İskenderun"",""ja"":""イスケンデルン"",""it"":""Alessandrina"",""zh-CN"":""伊斯肯德伦"",""tr"":""İskenderun"",""ru"":""Искендерун"",""uk"":""Іскендерун"",""pl"":""Iskenderun"",""hi"":""इसकेंदेरून"",""ar"":""إسكندرون""}",2019-10-06T10:31:28,2025-12-02T14:38:56,1,Q4819763
108915,İskilip,2173,19,225,TR,adm2,,,40.73528000,34.47389000,İskilip,19829,Europe/Istanbul,"{""br"":""Skiant-prenet"",""ko"":""이스킬립"",""pt-BR"":""İskilip"",""pt"":""İskilip"",""nl"":""İskilip"",""hr"":""Iskilip"",""fa"":""ایسکیلیپ"",""de"":""İskilip"",""es"":""İskilip"",""fr"":""İskilip"",""ja"":""イスキリプ"",""it"":""İskilip"",""zh-CN"":""伊斯基利普"",""tr"":""İskilip"",""ru"":""Искилип"",""uk"":""Іскіліп"",""pl"":""İskilip"",""hi"":""इस्किलिप"",""ar"":""إسكليب""}",2019-10-06T10:31:28,2025-12-02T14:39:31,1,Q174341
108917,İslahiye,2203,27,225,TR,city,,,36.96528000,36.70972000,İslahiye,67674,Europe/Istanbul,"{""br"":""Islahiye"",""ko"":""이슬라히예"",""pt-BR"":""İslahiye"",""pt"":""İslahiye"",""nl"":""İslahiye"",""hr"":""İslahiye"",""fa"":""اصلاحیه"",""de"":""İslahiye"",""es"":""İslahiye"",""fr"":""İslahiye"",""ja"":""イスラヒエ"",""it"":""İslahiye"",""zh-CN"":""伊斯拉希耶"",""tr"":""İslahiye"",""ru"":""Исламие"",""uk"":""Іслахіє"",""pl"":""İslahiye"",""hi"":""इस्लाहिये"",""ar"":""الإصلاحية""}",2019-10-06T10:31:28,2025-12-02T16:59:27,1,Q344115
108918,İspir,2165,25,225,TR,adm2,,,40.47981000,40.99373000,İspir,15898,Europe/Istanbul,"{""br"":""İspir"",""ko"":""이스피르"",""pt-BR"":""Ispir"",""pt"":""Ispir"",""nl"":""İspir"",""hr"":""Ispir"",""fa"":""ایسپیر"",""de"":""İspir"",""es"":""İspir"",""fr"":""Esprit"",""ja"":""イスピル"",""it"":""Ispirazione"",""zh-CN"":""伊斯皮尔"",""tr"":""İspir"",""ru"":""Испир"",""uk"":""Іспір"",""pl"":""İspir"",""hi"":""इस्पिर"",""ar"":""إسبير""}",2019-10-06T10:31:28,2025-12-02T14:38:56,1,Q344115
108920,İvrindi,2175,10,225,TR,adm2,,,39.58389000,27.48639000,İvrindi,6119,Europe/Istanbul,"{""br"":""İvrindi"",""ko"":""이브린디"",""pt-BR"":""Ivrindi"",""pt"":""Ivrindi"",""nl"":""İvrindi"",""hr"":""Ivrindi"",""fa"":""ایوریندی"",""de"":""İvrindi"",""es"":""Ivrindi"",""fr"":""İvrindi"",""ja"":""イヴリンディ"",""it"":""İvrindi"",""zh-CN"":""伊夫林迪"",""tr"":""İvrindi"",""ru"":""Ивринди"",""uk"":""Іврінді"",""pl"":""İvrindi"",""hi"":""इवरिंदी"",""ar"":""إيفريندي""}",2019-10-06T10:31:28,2025-12-02T14:39:31,1,Q344273
108922,İyidere,2219,53,225,TR,adm2,,,41.00905000,40.37776000,İyidere,10018,Europe/Istanbul,"{""br"":""İyidere"",""ko"":""이이데레"",""pt-BR"":""İyidere"",""pt"":""İyidere"",""nl"":""İyidere"",""hr"":""Ijidere"",""fa"":""اییدر"",""de"":""İyidere"",""es"":""İyidere"",""fr"":""İyidere"",""ja"":""イイデレ"",""it"":""İyidere"",""zh-CN"":""伊伊德尔"",""tr"":""İyidere"",""ru"":""Йидере"",""uk"":""Іїдере"",""pl"":""İyidere"",""hi"":""İyidere"",""ar"":""إيديري""}",2019-10-06T10:31:28,2025-12-02T17:11:50,1,Q2598753
108924,İzmit,2195,41,225,TR,adm1,,,40.77521000,29.94624000,İzmit,376056,Europe/Istanbul,"{""br"":""İzmit"",""ko"":""이즈미트"",""pt-BR"":""Izmit"",""pt"":""Izmit"",""nl"":""Izmit"",""hr"":""Izmit"",""fa"":""ازمیت"",""de"":""Izmit"",""es"":""Izmit"",""fr"":""Izmit"",""ja"":""イズミット"",""it"":""Smirne"",""zh-CN"":""伊兹密特"",""tr"":""İzmit"",""ru"":""Измит"",""uk"":""Ізміт"",""pl"":""Izmit"",""hi"":""Izmit"",""ar"":""إزميت""}",2019-10-06T10:31:28,2025-12-02T17:11:50,1,Q129649
108925,İznik,2163,16,225,TR,adm2,,,40.42861000,29.72111000,İznik,22230,Europe/Istanbul,"{""br"":""İznik"",""ko"":""이즈니크"",""pt-BR"":""Iznik"",""pt"":""Iznik"",""nl"":""Iznik"",""hr"":""Iznik"",""fa"":""ایزنیک"",""de"":""İznik"",""es"":""İznik"",""fr"":""Iznik"",""ja"":""イズニク"",""it"":""Iznik"",""zh-CN"":""伊兹尼克"",""tr"":""İznik"",""ru"":""Изник"",""uk"":""Ізнік"",""pl"":""Iznik"",""hi"":""इज़निक"",""ar"":""إزنيك""}",2019-10-06T10:31:28,2025-12-02T14:39:31,1,Q739037
108928,Şabanözü,2168,18,225,TR,adm2,,,40.48333000,33.28333000,Şabanözü,7717,Europe/Istanbul,"{""br"":""Şabanözü"",""ko"":""샤바노주"",""pt-BR"":""Şabanözü"",""pt"":""Şabanözü"",""nl"":""Şabanözü"",""hr"":""Šabanözü"",""fa"":""شابانوزو"",""de"":""Şabanözü"",""es"":""Şabanözü"",""fr"":""Şabanözü"",""ja"":""シャバノズ"",""it"":""Şabanözü"",""zh-CN"":""Şabanözü"",""tr"":""Şabanözü"",""ru"":""Шабанозю"",""uk"":""Шабанозу"",""pl"":""Şabanözü"",""hi"":""शाबानोज़्यू"",""ar"":""شابانوزو""}",2019-10-06T10:31:28,2025-12-02T14:39:31,1,Q739037
108929,Şahinbey,2203,27,225,TR,adm2,,,37.03741000,37.37822000,Şahinbey,0,Europe/Istanbul,"{""br"":""Şahinbey"",""ko"":""샤힌베이"",""pt-BR"":""Şahinbey"",""pt"":""Şahinbey"",""nl"":""Şahinbey"",""hr"":""Šahinbej"",""fa"":""شاهین‌بی"",""de"":""Şahinbey"",""es"":""Şahinbey"",""fr"":""Şahinbey"",""ja"":""シャヒンベイ"",""it"":""Şahinbey"",""zh-CN"":""沙欣贝伊"",""tr"":""Şahinbey"",""ru"":""Шахинбей"",""uk"":""Шахінбей"",""pl"":""Şahinbey"",""hi"":""शाहिनबे"",""ar"":""شاهين بيه""}",2019-10-06T10:31:28,2025-12-02T14:39:31,1,Q2195037
108930,Şalpazarı,2206,61,225,TR,adm2,,,40.93826000,39.19006000,Şalpazarı,11934,Europe/Istanbul,"{""br"":""Şalpazarı"",""ko"":""살파자르"",""pt-BR"":""Şalpazarı"",""pt"":""Şalpazarı"",""nl"":""Şalpazarı"",""hr"":""Šalapazarı"",""fa"":""شالپازاری"",""de"":""Şalpazarı"",""es"":""Salpazarı"",""fr"":""Şalpazarı"",""ja"":""シャルパザル"",""it"":""Şalpazarı"",""zh-CN"":""萨尔帕扎勒"",""tr"":""Şalpazarı"",""ru"":""Шалпазары"",""uk"":""Шалпазари"",""pl"":""Şalpazarı"",""hi"":""Şalpazarı"",""ar"":""Şalpazarı""}",2019-10-06T10:31:28,2025-12-02T14:38:56,1,Q2195037
108933,Şaphane,2149,43,225,TR,adm2,,,39.02730000,29.22218000,Shope,5085,Europe/Istanbul,"{""br"":""Şaphane"",""ko"":""사판"",""pt-BR"":""Şaphane"",""pt"":""Şaphane"",""nl"":""Şaphane"",""hr"":""Šafane"",""fa"":""شافان"",""de"":""Saphane"",""es"":""Saphane"",""fr"":""Saphane"",""ja"":""シャファネ"",""it"":""Şaphane"",""zh-CN"":""萨法内"",""tr"":""Şaphane"",""ru"":""Шафане"",""uk"":""Шафане"",""pl"":""Şaphane"",""hi"":""सफ़ाने"",""ar"":""سفانة""}",2019-10-06T10:31:28,2025-12-02T14:39:31,1,Q1190403
108935,Şarkikaraağaç,2222,32,225,TR,adm2,,,38.07944000,31.36639000,Şarkikaraağaç,32771,Europe/Istanbul,"{""br"":""Şarkikaraağaç"",""ko"":""샤르키카라아가츠"",""pt-BR"":""Şarkikaraağaç"",""pt"":""Şarkikaraağaç"",""nl"":""Şarkikaraağaç"",""hr"":""Šarkikaraağac"",""fa"":""شارکیکاراآغاچ"",""de"":""Şarkikaraağaç"",""es"":""Şarkikaraağaç"",""fr"":""Şarkikaraağaç"",""ja"":""Şarkikiraağaç"",""it"":""Şarkikaraağaç"",""zh-CN"":""Şarkikaraağaç"",""tr"":""Şarkikaraağaç"",""ru"":""Şarkikaraağaç"",""uk"":""Шаркікараагач"",""pl"":""Şarkikaraağaç"",""hi"":""Şarkikaraağaç"",""ar"":""Şarkikaraağaç""}",2019-10-06T10:31:28,2025-12-02T14:39:31,1,Q1190403
108937,Şarköy,2167,59,225,TR,adm2,,,40.62513000,27.10069000,Şarköy,32565,Europe/Istanbul,"{""br"":""Şarköy"",""ko"":""샤르코이"",""pt-BR"":""Şarköy"",""pt"":""Şarköy"",""nl"":""Şarköy"",""hr"":""Šarköj"",""fa"":""شارکوی"",""de"":""Şarköy"",""es"":""Şarköy"",""fr"":""Şarköy"",""ja"":""シャルキョイ"",""it"":""Şarköy"",""zh-CN"":""萨科伊"",""tr"":""Şarköy"",""ru"":""Шаркёй"",""uk"":""Шаркей"",""pl"":""Şarköy"",""hi"":""शारकोय"",""ar"":""شاركويه""}",2019-10-06T10:31:28,2025-12-02T17:11:50,1,Q388544
108938,Şarkışla,2181,58,225,TR,adm2,,,39.35186000,36.40976000,Şarkışla,23800,Europe/Istanbul,"{""br"":""Şarkışla"",""ko"":""샤르키슬라"",""pt-BR"":""Şarkışla"",""pt"":""Şarkışla"",""nl"":""Şarkışla"",""hr"":""Šarkíšla"",""fa"":""شرکیشلا"",""de"":""Şarkışla"",""es"":""Şarkışla"",""fr"":""Şarkışla"",""ja"":""Şarkışla"",""it"":""Şarkışla"",""zh-CN"":""萨克什拉"",""tr"":""Şarkışla"",""ru"":""Шаркышла"",""uk"":""Шаркишла"",""pl"":""Şarkışla"",""hi"":""Şarkışla"",""ar"":""Şarkışla""}",2019-10-06T10:31:28,2025-12-02T14:39:31,1,Q388544
108940,Şavşat,2191,08,225,TR,adm2,,,41.24027000,42.36109000,Şavşat,17606,Europe/Istanbul,"{""br"":""Şavşat"",""ko"":""샤브샤트"",""pt-BR"":""Şavşat"",""pt"":""Şavşat"",""nl"":""Şavşat"",""hr"":""Šavšat"",""fa"":""شوشات"",""de"":""Şavşat"",""es"":""Şavşat"",""fr"":""Şavşat"",""ja"":""シャヴシャット"",""it"":""Şavşat"",""zh-CN"":""沙夫沙特"",""tr"":""Şavşat"",""ru"":""Шавшат"",""uk"":""Шавшат"",""pl"":""Şavşat"",""hi"":""शावसत"",""ar"":""شافشات""}",2019-10-06T10:31:28,2025-12-02T17:11:50,1,Q388603
108942,Şebinkarahisar,2186,28,225,TR,adm2,,,40.28833000,38.42361000,Şebinkarahisar,47360,Europe/Istanbul,"{""br"":""Şebinkarahisar"",""ko"":""세빈카라히사르"",""pt-BR"":""Şebinkarahisar"",""pt"":""Şebinkarahisar"",""nl"":""Şebinkarahisar"",""hr"":""Şebinkarahisar"",""fa"":""شبینکاراهیسار"",""de"":""Şebinkarahisar"",""es"":""Şebinkarahisar"",""fr"":""Şebinkarahisar"",""ja"":""シェビンカラヒサル"",""it"":""Şebinkarahisar"",""zh-CN"":""谢宾卡拉希萨尔"",""tr"":""Şebinkarahisar"",""ru"":""Шебинкарахисар"",""uk"":""Шебінкарахісар"",""pl"":""Şebinkarahisar"",""hi"":""Şebinkarahisar"",""ar"":""شيبينكاراهيسار""}",2019-10-06T10:31:28,2025-12-02T14:39:31,1,Q388662
108944,Şefaatli,2188,66,225,TR,adm2,,,39.50080000,34.76388000,Şefaatli,15135,Europe/Istanbul,"{""br"":""Şefaatli"",""ko"":""셰파틀리"",""pt-BR"":""Şefaatli"",""pt"":""Şefaatli"",""nl"":""Şefaatli"",""hr"":""Šefaatli"",""fa"":""شفاتلی"",""de"":""Şefaatli"",""es"":""Şefaatli"",""fr"":""Şefaatli"",""ja"":""シェファトリ"",""it"":""Şefaatli"",""zh-CN"":""谢法特利"",""tr"":""Şefaatli"",""ru"":""Шефаатли"",""uk"":""Шефаатлі"",""pl"":""Şefaatli"",""hi"":""Şefaatli"",""ar"":""شفعتلي""}",2019-10-06T10:31:28,2025-12-02T17:11:50,1,Q1860390
108946,Şehitkamil,2203,27,225,TR,city,,,37.17217000,37.36974000,Şehitkamil,774179,Europe/Istanbul,"{""br"":""Şehitkamil"",""ko"":""셰히트카밀"",""pt-BR"":""Şehitkamil"",""pt"":""Şehitkamil"",""nl"":""Şehitkamil"",""hr"":""Šehitkamil"",""fa"":""شهیدکامل"",""de"":""Şehitkamil"",""es"":""Şehitkamil"",""fr"":""Şehitkamil"",""ja"":""シェヒトカミル"",""it"":""Şehitkamil"",""zh-CN"":""希特卡米尔"",""tr"":""Şehitkamil"",""ru"":""Шехиткамил"",""uk"":""Шехіткаміль"",""pl"":""Şehitkamil"",""hi"":""शेहितकामिल"",""ar"":""شهيتكاميل""}",2019-10-06T10:31:28,2025-12-02T17:11:50,1,Q388703
108947,Şehzadeler,2198,45,225,TR,adm1,,,38.61660000,27.43861000,Şehzadeler,171116,Europe/Istanbul,"{""br"":""Şehzadeler"",""ko"":""셰흐자델러"",""pt-BR"":""Şehzadeler"",""pt"":""Şehzadeler"",""nl"":""Şehzadeler"",""hr"":""Šehzadeler"",""fa"":""شهزادلر"",""de"":""Şehzadeler"",""es"":""Şehzadeler"",""fr"":""Şehzadeler"",""ja"":""シェフザデラー"",""it"":""Şehzadeler"",""zh-CN"":""谢扎德勒"",""tr"":""Şehzadeler"",""ru"":""Шехзаделер"",""uk"":""Шехзаделер"",""pl"":""Şehzadeler"",""hi"":""शेहज़ादेलर"",""ar"":""شهزادلر""}",2019-10-06T10:31:28,2025-12-02T17:11:50,1,Q16961654
108948,Şemdinli,2190,30,225,TR,adm2,,,37.30514000,44.57420000,Şemdinli,18978,Europe/Istanbul,"{""br"":""Şemdinli"",""ko"":""셈딘리"",""pt-BR"":""Şemdinli"",""pt"":""Şemdinli"",""nl"":""Şemdinli"",""hr"":""Šemdinli"",""fa"":""شمدینلی"",""de"":""Şemdinli"",""es"":""Şemdinli"",""fr"":""Şemdinli"",""ja"":""シェムディンリ"",""it"":""Şemdinli"",""zh-CN"":""塞姆丁利"",""tr"":""Şemdinli"",""ru"":""Шемдинли"",""uk"":""Шемдінлі"",""pl"":""Şemdinli"",""hi"":""शेमदिनली"",""ar"":""شمدينلي""}",2019-10-06T10:31:28,2025-12-02T14:39:31,1,Q16961654
108950,Şenkaya,2165,25,225,TR,adm2,,,40.55652000,42.34266000,Şenkaya,3995,Europe/Istanbul,"{""br"":""Şenkaya"",""ko"":""센카야"",""pt-BR"":""Şenkaya"",""pt"":""Şenkaya"",""nl"":""Şenkaya"",""hr"":""Šenkaja"",""fa"":""شنکایا"",""de"":""Şenkaya"",""es"":""Şenkaya"",""fr"":""Şenkaya"",""ja"":""シェンカヤ"",""it"":""Şenkaya"",""zh-CN"":""申卡亚"",""tr"":""Şenkaya"",""ru"":""Шенкая"",""uk"":""Шенкая"",""pl"":""Şenkaya"",""hi"":""सेनकाया"",""ar"":""شنكايا""}",2019-10-06T10:31:28,2025-12-02T14:39:31,1,Q388842
108954,Şenpazar,2197,37,225,TR,adm2,,,41.81651000,33.21766000,Şenpazar,5002,Europe/Istanbul,"{""br"":""Şenpazar"",""ko"":""센파자르"",""pt-BR"":""Şenpazar"",""pt"":""Şenpazar"",""nl"":""Şenpazar"",""hr"":""Šenpazar"",""fa"":""شنپازار"",""de"":""Şenpazar"",""es"":""Şenpazar"",""fr"":""Senpazar"",""ja"":""シェンパザル"",""it"":""Şenpazar"",""zh-CN"":""森帕扎尔"",""tr"":""Şenpazar"",""ru"":""Шенпазара"",""uk"":""Шенпазар"",""pl"":""Şenpazar"",""hi"":""सेनपज़ार"",""ar"":""شنبازار""}",2019-10-06T10:31:28,2025-12-02T17:11:50,1,Q388894
108956,Şereflikoçhisar,2217,06,225,TR,city,,,38.93925000,33.53860000,Şereflikoçhisar,44101,Europe/Istanbul,"{""br"":""Şereflikoçhisar"",""ko"":""셰레플리코치사르"",""pt-BR"":""Şereflikoçhisar"",""pt"":""Şereflikoçhisar"",""nl"":""Şereflikoçhisar"",""hr"":""Šereflikoçhisar"",""fa"":""شرفلیکوچیسار"",""de"":""Şereflikoçhisar"",""es"":""Şereflikoçhisar"",""fr"":""Şereflikoçhisar"",""ja"":""シェレフリコチサル"",""it"":""Şereflikoçhisar"",""zh-CN"":""谢雷夫利科奇希萨尔"",""tr"":""Şereflikoçhisar"",""ru"":""Şereflikoçhisar"",""uk"":""Шерефлікочхісар"",""pl"":""Şereflikoçhisar"",""hi"":""सेरेफ़्लीकोचिसार"",""ar"":""Şereflikoçhisar""}",2019-10-06T10:31:28,2025-12-02T14:39:31,1,Q388999
108958,Şile,2170,34,225,TR,adm2,,,41.12902000,29.61845000,Şile,31718,Europe/Istanbul,"{""br"":""Şile"",""ko"":""실레"",""pt-BR"":""Şile"",""pt"":""Şile"",""nl"":""Sile"",""hr"":""Šile"",""fa"":""شیله"",""de"":""Şile"",""es"":""Sile"",""fr"":""Şile"",""ja"":""シレ"",""it"":""Şile"",""zh-CN"":""希莱"",""tr"":""Şile"",""ru"":""Шиле"",""uk"":""Шиле"",""pl"":""Şile"",""hi"":""शिले"",""ar"":""شيل""}",2019-10-06T10:31:28,2025-12-02T17:11:50,1,Q241631
108959,Şiran,2204,29,225,TR,adm2,,,40.19064000,39.11747000,Şiran,14692,Europe/Istanbul,"{""br"":""Şiran"",""ko"":""시란"",""pt-BR"":""Şiran"",""pt"":""Şiran"",""nl"":""Şiran"",""hr"":""Širan"",""fa"":""شیران"",""de"":""Şiran"",""es"":""Irán"",""fr"":""Şiran"",""ja"":""イラン"",""it"":""Şiran"",""zh-CN"":""希兰"",""tr"":""Şiran"",""ru"":""Ширан"",""uk"":""Ширан"",""pl"":""Şiran"",""hi"":""Siran"",""ar"":""شيران""}",2019-10-06T10:31:28,2025-12-02T14:39:31,1,Q241631
108961,Şirvan,2207,56,225,TR,adm2,,,38.06251000,42.02517000,Şirvan,5510,Europe/Istanbul,"{""br"":""Şirvan"",""ko"":""시르반"",""pt-BR"":""Şirvan"",""pt"":""Şirvan"",""nl"":""Şirvan"",""hr"":""Širvan"",""fa"":""شیروان"",""de"":""Şirvan"",""es"":""Şirvan"",""fr"":""Şirvan"",""ja"":""シルヴァン"",""it"":""Şirvan"",""zh-CN"":""希万"",""tr"":""Şirvan"",""ru"":""Ширван"",""uk"":""Ширван"",""pl"":""Şirvan"",""hi"":""शिरवान"",""ar"":""شيروان""}",2019-10-06T10:31:28,2025-12-02T14:39:31,1,Q241631
108963,Şişli,2170,34,225,TR,city,,,41.12514000,29.00013000,Şişli,274420,Europe/Istanbul,"{""br"":""Şişli"",""ko"":""시슬리"",""pt-BR"":""Şişli"",""pt"":""Şişli"",""nl"":""Şişli"",""hr"":""Šišli"",""fa"":""شیشلی"",""de"":""Şişli"",""es"":""Sisli"",""fr"":""Şişli"",""ja"":""シシュリ"",""it"":""Şişli"",""zh-CN"":""希什利"",""tr"":""Şişli"",""ru"":""Шишли"",""uk"":""Шишли"",""pl"":""Şişli"",""hi"":""Sisli"",""ar"":""شيشلي""}",2019-10-06T10:31:28,2025-12-02T17:11:50,1,Q390637
108964,Şuhut,2179,03,225,TR,adm2,,,38.53111000,30.54583000,Şuhut,13842,Europe/Istanbul,"{""br"":""Şuhut"",""ko"":""슈후트"",""pt-BR"":""Şuhut"",""pt"":""Şuhut"",""nl"":""Şuhut"",""hr"":""Šuhut"",""fa"":""شوهوت"",""de"":""Şuhut"",""es"":""Suhut"",""fr"":""Şuhut"",""ja"":""シュフット"",""it"":""Şuhut"",""zh-CN"":""苏胡特"",""tr"":""Şuhut"",""ru"":""Шухут"",""uk"":""Шухут"",""pl"":""Şuhut"",""hi"":""शुहुत"",""ar"":""شوهوت""}",2019-10-06T10:31:28,2025-12-02T14:39:31,1,Q390637
108966,Merkez,2225,73,225,TR,city,,,37.51393000,42.45432000,Merkez,,Europe/Istanbul,"{""br"":""Merkez"",""ko"":""메르케즈"",""pt-BR"":""Merkez"",""pt"":""Merkez"",""nl"":""Merkez"",""hr"":""Merkez"",""fa"":""مرکز"",""de"":""Merkez"",""es"":""Merkez"",""fr"":""Merkez"",""ja"":""メルケス"",""it"":""Merkez"",""zh-CN"":""梅尔克兹"",""tr"":""Merkez"",""ru"":""Меркез"",""uk"":""Меркез"",""pl"":""Merkez"",""hi"":""मर्केज़"",""ar"":""مركز""}",2019-10-06T10:31:28,2025-12-02T17:11:50,1,Q131495
142113,Boyabat,4854,57,225,TR,adm2,,,41.46889000,34.76667000,Boyabat,27717,Europe/Istanbul,"{""br"":""Boyabat"",""ko"":""보야바트"",""pt-BR"":""Boyabat"",""pt"":""Boyabat"",""nl"":""Boyabat"",""hr"":""Bojabat"",""fa"":""بویبات"",""de"":""Boyabat"",""es"":""Boyabat"",""fr"":""Boyabat"",""ja"":""ボヤバット"",""it"":""Boyabat"",""zh-CN"":""博亚巴特"",""tr"":""Boyabat"",""ru"":""Боябат"",""uk"":""Боябат"",""pl"":""Boyabat"",""hi"":""बोयाबत"",""ar"":""بويابات""}",2020-05-25T03:06:25,2025-12-02T14:39:31,1,Q895880
142115,Dikmen,4854,57,225,TR,adm2,,,41.66000000,35.27055556,Dikmen,5492,Europe/Istanbul,"{""br"":""Dikmen"",""ko"":""디크멘"",""pt-BR"":""Dikmen"",""pt"":""Dikmen"",""nl"":""Dikmen"",""hr"":""Dikmen"",""fa"":""دیکمن"",""de"":""Dikmen"",""es"":""Dikmen"",""fr"":""Dikmen"",""ja"":""ディクメン"",""it"":""Dikmen"",""zh-CN"":""迪克曼"",""tr"":""Dikmen"",""ru"":""Дикмен"",""uk"":""Дікмен"",""pl"":""Dikmen"",""hi"":""डिकमेन"",""ar"":""ديكمن""}",2020-05-25T03:06:25,2025-12-02T17:11:50,1,Q3027936
142116,Durağan,4854,57,225,TR,adm2,,,41.42555556,35.05777778,Durağan,19650,Europe/Istanbul,"{""br"":""Durağan"",""ko"":""두라간"",""pt-BR"":""Duragan"",""pt"":""Duragan"",""nl"":""Duragan"",""hr"":""Duragan"",""fa"":""دورغان"",""de"":""Durağan"",""es"":""Duragan"",""fr"":""Durağan"",""ja"":""ドゥラガン"",""it"":""Duragan"",""zh-CN"":""杜拉甘"",""tr"":""Durağan"",""ru"":""Дураган"",""uk"":""Дураган"",""pl"":""Durağan"",""hi"":""दुरागन"",""ar"":""دوراغان""}",2020-05-25T03:06:25,2025-12-02T17:11:50,1,Q2670763
142117,Erfelek,4854,57,225,TR,adm2,,,41.87926000,34.91838000,Erfelek,3596,Europe/Istanbul,"{""br"":""Erfelek"",""ko"":""에르펠렉"",""pt-BR"":""Erfelek"",""pt"":""Erfelek"",""nl"":""Erfelek"",""hr"":""Erfelek"",""fa"":""ارفلک"",""de"":""Erfelek"",""es"":""Erfelek"",""fr"":""Erfelek"",""ja"":""エルフェレク"",""it"":""Erfelek"",""zh-CN"":""埃尔费莱克"",""tr"":""Erfelek"",""ru"":""Эрфелек"",""uk"":""Ерфелек"",""pl"":""Erfelek"",""hi"":""एरफेलेक"",""ar"":""إرفيلك""}",2020-05-25T03:06:25,2025-12-02T14:39:31,1,Q1872912
142119,Gerze,4854,57,225,TR,adm2,,,41.81000000,35.19027778,Gerze,24946,Europe/Istanbul,"{""br"":""Gerze"",""ko"":""게르제"",""pt-BR"":""Gerze"",""pt"":""Gerze"",""nl"":""Gerze"",""hr"":""Gerže"",""fa"":""گرزه"",""de"":""Gerze"",""es"":""Gerze"",""fr"":""Gerze"",""ja"":""ゲルゼ"",""it"":""Gerze"",""zh-CN"":""盖尔泽"",""tr"":""Gerze"",""ru"":""Герзе"",""uk"":""Герце"",""pl"":""Gerze"",""hi"":""गेर्ज़"",""ar"":""جيرزي""}",2020-05-25T03:06:25,2025-12-02T17:11:50,1,Q2014028
142120,Merkez,4854,57,225,TR,city,,,41.91835000,35.00687000,Merkez,,Europe/Istanbul,"{""br"":""Merkez"",""ko"":""메르케즈"",""pt-BR"":""Merkez"",""pt"":""Merkez"",""nl"":""Merkez"",""hr"":""Merkez"",""fa"":""مرکز"",""de"":""Merkez"",""es"":""Merkez"",""fr"":""Merkez"",""ja"":""メルケス"",""it"":""Merkez"",""zh-CN"":""梅尔克兹"",""tr"":""Merkez"",""ru"":""Меркез"",""uk"":""Меркез"",""pl"":""Merkez"",""hi"":""मर्केज़"",""ar"":""مركز""}",2020-05-25T03:06:25,2025-12-02T16:59:27,1,Q2014028
142121,Saraydüzü,4854,57,225,TR,adm2,,,41.33722222,34.85361111,Saraydüzü,6777,Europe/Istanbul,"{""br"":""Saraydüzü"",""ko"":""사라이두주"",""pt-BR"":""Saraydüzü"",""pt"":""Saraydüzü"",""nl"":""Saraydüzü"",""hr"":""Saraydüzü"",""fa"":""سارایدوزو"",""de"":""Saraydüzü"",""es"":""Saraydüzü"",""fr"":""Saraydüzü"",""ja"":""サラドゥズ"",""it"":""Saraydüzü"",""zh-CN"":""萨拉伊杜祖"",""tr"":""Saraydüzü"",""ru"":""Сарайдюзю"",""uk"":""Сарайдюзу"",""pl"":""Saraydüzü"",""hi"":""सरायदुज़ु"",""ar"":""سارايدوزو""}",2020-05-25T03:06:25,2025-12-02T17:11:50,1,Q1834901
142123,Türkeli,4854,57,225,TR,adm2,,,41.94777778,34.33861111,Türkeli,8287,Europe/Istanbul,"{""br"":""turkeleg"",""ko"":""튀르켈리"",""pt-BR"":""Türkeli"",""pt"":""Türkeli"",""nl"":""Turks"",""hr"":""Türkeli"",""fa"":""تورکلی"",""de"":""Türkeli"",""es"":""Turquía"",""fr"":""turc"",""ja"":""トルコ語"",""it"":""Turco"",""zh-CN"":""图尔克利"",""tr"":""Türkeli"",""ru"":""Тюркели"",""uk"":""Тюркелі"",""pl"":""turecki"",""hi"":""तुर्केली"",""ar"":""توركلي""}",2020-05-25T03:06:25,2025-12-02T14:39:31,1,Q606923
153352,Karesi,2175,10,225,TR,adm1,,,39.64833300,27.88250000,Karesi,0,Europe/Istanbul,"{""br"":""Karesi"",""ko"":""카레시"",""pt-BR"":""Karesi"",""pt"":""Karesi"",""nl"":""Karesi"",""hr"":""Karesi"",""fa"":""کارسی"",""de"":""Karesi"",""es"":""Karesi"",""fr"":""Karesi"",""ja"":""カレシ"",""it"":""Karesi"",""zh-CN"":""卡雷西"",""tr"":""Karesi"",""ru"":""Кареси"",""uk"":""Каресі"",""pl"":""Karesi"",""hi"":""करेसी"",""ar"":""كاريسي""}",2022-12-31T09:30:01,2025-12-02T17:11:50,1,Q16852358
153353,Merkez,2168,18,225,TR,adm1,,,40.60000000,33.61666700,Merkez,90564,Europe/Istanbul,"{""br"":""Merkez"",""ko"":""메르케즈"",""pt-BR"":""Merkez"",""pt"":""Merkez"",""nl"":""Merkez"",""hr"":""Merkez"",""fa"":""مرکز"",""de"":""Merkez"",""es"":""Merkez"",""fr"":""Merkez"",""ja"":""メルケス"",""it"":""Merkez"",""zh-CN"":""梅尔克兹"",""tr"":""Merkez"",""ru"":""Меркез"",""uk"":""Меркез"",""pl"":""Merkez"",""hi"":""मर्केज़"",""ar"":""مركز""}",2022-12-31T09:30:01,2025-12-02T14:39:31,1,Q209925
153354,Alacakaya,2159,23,225,TR,adm2,,,38.46269800,39.86275800,Alacakaya,0,Europe/Istanbul,"{""br"":""Alacakaya"",""ko"":""알라카카야"",""pt-BR"":""Alacakaya"",""pt"":""Alacakaya"",""nl"":""Alacakaya"",""hr"":""Alacakaya"",""fa"":""آلاچاکایا"",""de"":""Alacakaya"",""es"":""Alacakaya"",""fr"":""Alacakaya"",""ja"":""アラカヤ"",""it"":""Alacakaya"",""zh-CN"":""阿拉卡卡亚"",""tr"":""Alacakaya"",""ru"":""Алачакая"",""uk"":""Алакакая"",""pl"":""Alacakaya"",""hi"":""अलाकाकाया"",""ar"":""ألاتشاكايا""}",2022-12-31T09:30:01,2025-12-02T14:39:31,1,Q1019868
153355,Derecik,2190,30,225,TR,city,,,37.07242300,44.32434800,Derecik,57,Europe/Istanbul,"{""br"":""Derecik"",""ko"":""데레식"",""pt-BR"":""Derek"",""pt"":""Derek"",""nl"":""Derecik"",""hr"":""Derecik"",""fa"":""درکیک"",""de"":""Derecik"",""es"":""Derecik"",""fr"":""Derecik"",""ja"":""デレシック"",""it"":""Derecik"",""zh-CN"":""德雷西克"",""tr"":""Derecik"",""ru"":""Дересик"",""uk"":""Дерекік"",""pl"":""Derecik"",""hi"":""डेरेसिक"",""ar"":""ديريسيك""}",2022-12-31T09:30:01,2025-12-02T16:59:27,1,Q1199986
153356,Samandağ,2211,31,225,TR,adm2,,,36.08500000,35.98055600,Samandağ,121109,Europe/Istanbul,"{""br"":""Samandağ"",""ko"":""사만다그"",""pt-BR"":""Samandağ"",""pt"":""Samandağ"",""nl"":""Samandağ"",""hr"":""Samandağ"",""fa"":""سامانداغ"",""de"":""Samandağ"",""es"":""Samandağ"",""fr"":""Samandağ"",""ja"":""サマンダグ"",""it"":""Samandağ"",""zh-CN"":""萨曼达"",""tr"":""Samandağ"",""ru"":""Самандаг"",""uk"":""Самандаг"",""pl"":""Samandağ"",""hi"":""समंदाग"",""ar"":""سامانداغ""}",2022-12-31T09:30:01,2025-12-02T17:11:50,1,Q840957
153357,Aralık,2166,76,225,TR,adm2,,,39.87277800,44.51916700,Aralık,0,Europe/Istanbul,"{""br"":""Aralık"",""ko"":""아랄릭"",""pt-BR"":""Aralik"",""pt"":""Aralik"",""nl"":""Aralık"",""hr"":""Aralik"",""fa"":""آرالیک"",""de"":""Aralık"",""es"":""Aralık"",""fr"":""Aralık"",""ja"":""アラリク"",""it"":""Aralık"",""zh-CN"":""阿拉利克"",""tr"":""Aralık"",""ru"":""Аралык"",""uk"":""Аралик"",""pl"":""Aralık"",""hi"":""अरलिक"",""ar"":""أراليك""}",2022-12-31T09:30:01,2025-12-02T14:39:31,1,Q527626
153358,Çamlıhemşin,2219,53,225,TR,adm2,,,41.04593800,41.00527500,Çamlıhemşin,8121,Europe/Istanbul,"{""br"":""Çamlıhemşin"",""ko"":""참리헴신"",""pt-BR"":""Çamlıhemşin"",""pt"":""Çamlıhemşin"",""nl"":""Çamlıhemşin"",""hr"":""Čamlıhemšin"",""fa"":""چاملی‌همشین"",""de"":""Çamlıhemşin"",""es"":""Çamlıhemşin"",""fr"":""Çamlıhemşin"",""ja"":""チャムリヘムシン"",""it"":""Çamlıhemşin"",""zh-CN"":""恰姆利海姆辛"",""tr"":""Çamlıhemşin"",""ru"":""Чамлыхемшин"",""uk"":""Чамліхемшин"",""pl"":""Çamlıhemşin"",""hi"":""Çamlıhemşin"",""ar"":""Çamlıhemşin""}",2022-12-31T09:30:01,2025-12-02T17:11:50,1,Q2670821
153359,Derepazarı,2219,53,225,TR,adm2,,,41.02472200,40.42555600,Derepazarı,9365,Europe/Istanbul,"{""br"":""Derepazarı"",""ko"":""데레파자르"",""pt-BR"":""Derepazarı"",""pt"":""Derepazarı"",""nl"":""Derepazarı"",""hr"":""Derepazarı"",""fa"":""دیرپازاری"",""de"":""Derepazarı"",""es"":""Derepazarı"",""fr"":""Derepazarı"",""ja"":""デレパザル"",""it"":""Derepazarı"",""zh-CN"":""德雷帕扎尔"",""tr"":""Derepazarı"",""ru"":""Дерепазары"",""uk"":""Дерепазари"",""pl"":""Derepazarı"",""hi"":""डेरेपज़ारी"",""ar"":""Derepazarı""}",2022-12-31T09:30:01,2025-12-02T17:11:50,1,Q2670684
153360,Ayancık,4854,57,225,TR,adm2,,,41.95000000,34.58333300,Ayancık,23739,Europe/Istanbul,"{""br"":""Ayancık"",""ko"":""아얀치크"",""pt-BR"":""Ayancik"",""pt"":""Ayancik"",""nl"":""Ayancık"",""hr"":""Ayancık"",""fa"":""آیانجیک"",""de"":""Ayancık"",""es"":""Ayancık"",""fr"":""Ayancık"",""ja"":""アヤンチク"",""it"":""Ayancık"",""zh-CN"":""阿扬奇克"",""tr"":""Ayancık"",""ru"":""Аянджик"",""uk"":""Аянджик"",""pl"":""Ayancık"",""hi"":""Ayancik"",""ar"":""أيانجيك""}",2022-12-31T09:30:01,2025-12-02T17:11:50,1,Q792769
153361,Tuşba,2152,65,225,TR,city,,,38.52117800,43.34909300,Tuşba,160522,Europe/Istanbul,"{""br"":""Tuşba"",""ko"":""투스바"",""pt-BR"":""Tuşba"",""pt"":""Tuşba"",""nl"":""Tuşba"",""hr"":""Tuşba"",""fa"":""توشبا"",""de"":""Tuşba"",""es"":""Tuşba"",""fr"":""Tuşba"",""ja"":""トゥシュバ"",""it"":""Tuşba"",""zh-CN"":""图什巴"",""tr"":""Tuşba"",""ru"":""Тушба"",""uk"":""Тушба"",""pl"":""Tuşba"",""hi"":""तुस्बा"",""ar"":""توسبا""}",2022-12-31T09:30:01,2025-12-02T16:59:27,1,Q16968873
153785,İzmir,2205,35,225,TR,city,,,38.41782870,26.91490300,İzmir,4493242,Europe/Istanbul,"{""br"":""İzmir"",""ko"":""이즈미르"",""pt-BR"":""Izmir"",""pt"":""Izmir"",""nl"":""Izmir"",""hr"":""Izmir"",""fa"":""ازمیر"",""de"":""Izmir"",""es"":""Esmirna"",""fr"":""Izmir"",""ja"":""イズミル"",""it"":""Smirne"",""zh-CN"":""伊兹密尔"",""tr"":""İzmir"",""ru"":""Измир"",""uk"":""Ізмір"",""pl"":""Izmir"",""hi"":""ल्ज्मिर"",""ar"":""إزمير""}",2019-10-06T10:31:26,2025-12-02T16:59:27,1,Q35997
153786,Istanbul,2170,34,225,TR,city,,,41.00537020,28.68251620,İstanbul,15655924,Europe/Istanbul,"{""br"":""Istanbul"",""ko"":""이스탄불"",""pt-BR"":""Istambul"",""pt"":""Istambul"",""nl"":""Istanbul"",""hr"":""Istanbul"",""fa"":""استانبول"",""de"":""Istanbul"",""es"":""Estanbul"",""fr"":""Istanbul"",""ja"":""イスタンブール"",""it"":""Istanbul"",""zh-CN"":""伊斯坦布尔"",""tr"":""İstanbul"",""ru"":""Стамбул"",""uk"":""Стамбул"",""pl"":""Stambuł"",""hi"":""इस्तांबुल"",""ar"":""اسطنبول""}",2019-10-06T10:31:27,2025-12-02T17:11:50,1,Q406
153787,Ankara,2217,06,225,TR,city,,,39.90343670,32.43310030,Ankara,5803482,Europe/Istanbul,"{""br"":""Ankara"",""ko"":""앙카라"",""pt-BR"":""Ancara"",""pt"":""Ancara"",""nl"":""Ankara"",""hr"":""Ankara"",""fa"":""آنکارا"",""de"":""Ankara"",""es"":""Ankara"",""fr"":""Ankara"",""ja"":""アンカラ"",""it"":""Ankara"",""zh-CN"":""安卡拉"",""tr"":""Ankara"",""ru"":""Анкара"",""uk"":""Анкара"",""pl"":""Ankara"",""hi"":""अंकारा"",""ar"":""أنقرة""}",2019-10-06T10:31:27,2025-12-02T16:59:27,1,Q3640
153788,Adana,2212,01,225,TR,city,,,36.99757530,35.12325260,Adana,1810646,Europe/Istanbul,"{""br"":""Adana"",""ko"":""아다나"",""pt-BR"":""Adana"",""pt"":""Adana"",""nl"":""Adana"",""hr"":""Adana"",""fa"":""آدانا"",""de"":""Adana"",""es"":""Adana"",""fr"":""Adana"",""ja"":""アダナ"",""it"":""Adana"",""zh-CN"":""阿达纳"",""tr"":""Adana"",""ru"":""Адана"",""uk"":""Адана"",""pl"":""Adana"",""hi"":""अदाना"",""ar"":""أضنة""}",2019-10-06T10:31:27,2025-12-02T17:11:50,1,Q38545
153789,Mersin,2156,33,225,TR,city,,,36.74287670,34.36409150,Mersin,10964,Europe/Istanbul,"{""br"":""Mersin"",""ko"":""메르신"",""pt-BR"":""Mersin"",""pt"":""Mersin"",""nl"":""Mersin"",""hr"":""Mersin"",""fa"":""مرسین"",""de"":""Mersin"",""es"":""Mersin"",""fr"":""Mersin"",""ja"":""メルスィン"",""it"":""Mersin"",""zh-CN"":""梅尔辛"",""tr"":""Mersin"",""ru"":""Мерсин"",""uk"":""Мерсін"",""pl"":""Mersin"",""hi"":""मेर्सीन"",""ar"":""مرسين""}",2019-10-06T10:31:27,2025-12-02T14:39:31,1,Q134291
153790,Kayseri,2200,38,225,TR,city,,,38.72355320,35.30537320,Kayseri,1389680,Europe/Istanbul,"{""br"":""Kayseri"",""ko"":""카이세리"",""pt-BR"":""Kayseri"",""pt"":""Kayseri"",""nl"":""Kayseri"",""hr"":""Kayseri"",""fa"":""کایسری"",""de"":""Kayseri"",""es"":""Kayseri"",""fr"":""Kayseri"",""ja"":""カイセリ"",""it"":""Cesarea"",""zh-CN"":""开塞利"",""tr"":""Kayseri"",""ru"":""Кайсери"",""uk"":""Кайсері"",""pl"":""Kayseri"",""hi"":""कायसेरी"",""ar"":""قيصري""}",2019-10-06T10:31:27,2025-12-02T16:59:27,1,Q48338
153922,Antalya,2169,07,225,TR,city,,,36.89809830,30.55329070,Antalya,2426356,Europe/Istanbul,"{""br"":""Antalya"",""ko"":""안탈리아"",""pt-BR"":""Antália"",""pt"":""Antália"",""nl"":""Antalya"",""hr"":""Antalija"",""fa"":""آنتالیا"",""de"":""Antalya"",""es"":""Antalya"",""fr"":""Antalya"",""ja"":""アンタルヤ"",""it"":""Adalia"",""zh-CN"":""安塔利亚"",""tr"":""Antalya"",""ru"":""Анталия"",""uk"":""Анталія"",""pl"":""Antalya"",""hi"":""एंटाल्या"",""ar"":""أنطاليا""}",2024-10-06T05:39:55,2025-12-02T17:11:50,1,Q6487
